004800
007300
005000
004200
00cc00
017701
014001
00e300
01bf01
02d402
02ec02
02e902
031303
031103
03f403
057105
059005
051805
05d005
068406
065506
06b606
07c307
083008
07e607
077d07
075c07
079007
078a07
077807
081b08
089d08
07fc07
072807
070f07
075d07
077d07
06ee06
063106
065806
065406
050705
048c04
05ea05
067906
054105
043604
041604
048204
050f05
049504
034203
02fb02
039f03
037803
02a902
025d02
02c102
036003
03ac03
039b03
039f03
03a703
039f03
03ee03
044904
044904
048f04
050705
04fe04
052805
05f005
061c06
059505
059105
05f405
062906
068006
06db06
06b906
066406
064306
064006
064406
063206
05f005
05c905
05f105
05ff05
059805
057005
064206
070807
068606
05de05
067706
075107
075a07
072207
06fa06
06f206
076607
079707
06e606
068b06
06ec06
06d106
066806
067e06
066b06
061b06
065406
067606
060006
05d205
05c805
050e05
046904
047804
045304
03cd03
03aa03
03b103
037603
035703
032c03
028702
022302
027502
026802
01a601
016901
01c201
01ba01
01b901
020802
01aa01
012301
01da01
029102
01d201
012701
01b201
022e02
01fa01
01ac01
019201
01de01
022302
016301
002f00
ffe0ff
002a00
003e00
fff1ff
ff02ff
fdf3fd
fddffd
fe3efe
fdd9fd
fd1dfd
fce1fc
fd08fd
fd21fd
fca9fc
fbacfb
fb32fb
fb75fb
fb69fb
fa99fa
f9a8f9
f962f9
f9fcf9
fa74fa
f9faf9
f986f9
f9b5f9
f995f9
f948f9
f9c3f9
fa33fa
f999f9
f8b2f8
f838f8
f856f8
f91af9
f967f9
f85df8
f782f7
f823f8
f918f9
f95df9
f969f9
f97cf9
f99ef9
fa1ffa
fabafa
faeefa
fb11fb
fba1fb
fc6efc
fd05fd
fd10fd
fca0fc
fc5efc
fcdafc
fdd1fd
fe94fe
fecbfe
fe9efe
fe8afe
fed4fe
ff28ff
ff10ff
febbfe
fed9fe
ff65ff
ff6bff
febafe
fe7efe
fef8fe
fefbfe
fe9cfe
ff03ff
ff96ff
ff45ff
ff0dff
ff8bff
ff68ff
fe93fe
fe70fe
fec2fe
fec1fe
ff0fff
ff6fff
fe84fe
fd15fd
fd0dfd
fde6fd
fdbffd
fc8efc
fbaafb
fb9efb
fbadfb
fb23fb
fa5bfa
f9e1f9
f977f9
f8d9f8
f843f8
f7c7f7
f731f7
f66cf6
f58bf5
f4fcf4
f52cf5
f572f5
f4c9f4
f3aff3
f367f3
f3e9f3
f40af4
f349f3
f244f2
f1e0f1
f250f2
f2caf2
f275f2
f1bef1
f1a5f1
f1e2f1
f19af1
f158f1
f1dcf1
f242f2
f1d1f1
f165f1
f173f1
f17af1
f1adf1
f25ff2
f2edf2
f2f4f2
f2c5f2
f286f2
f27cf2
f307f3
f3c1f3
f412f4
f425f4
f441f4
f44ef4
f464f4
f4fdf4
f635f6
f71df7
f6bcf6
f5fef5
f69cf6
f835f8
f91df9
f91df9
f8fef8
f8e2f8
f8cdf8
f934f9
fa2dfa
fb29fb
fbbdfb
fc0bfc
fc18fc
fbd1fb
fbe2fb
fce2fc
fdf5fd
fe47fe
fe3cfe
fde4fd
fd43fd
fdb0fd
ff7bff
00b100
007b00
002700
009800
01b001
02c102
031203
034003
042504
04c204
046b04
045b04
050c05
05d705
06be06
075607
06f906
06be06
078507
084608
089208
091009
095f09
091109
08e608
094c09
09d009
09e909
094109
082108
076f07
078f07
081d08
089008
088008
07ff07
078807
075607
076307
07c007
082808
081508
07a707
079007
07e007
07d507
076a07
079507
082208
07cf07
06e706
067c06
063206
05cd05
05da05
059b05
048c04
042204
047b04
03f003
031a03
038203
041104
038103
028d02
01cb01
015001
018401
020902
021c02
01ee01
01c301
018b01
019d01
020a02
025102
027902
02a402
025402
019b01
017d01
024702
032603
038603
038903
035003
031203
036e03
043d04
045d04
03e203
03f703
046904
046e04
047f04
04dc04
052705
05ca05
068106
061206
055505
060e06
075f07
07b807
077d07
075307
076107
07ec07
087808
088508
08ae08
090c09
090809
092309
09e509
0aae0a
0b360b
0b9f0b
0b870b
0b1a0b
0b230b
0b9d0b
0bfb0b
0c060c
0bee0b
0c280c
0c980c
0c720c
0bf90b
0c5d0c
0d5a0d
0db60d
0d5a0d
0ce70c
0cdb0c
0d850d
0e7c0e
0ef90e
0ef80e
0ebb0e
0e470e
0dfd0d
0e0f0e
0e150e
0df80d
0dc00d
0d090d
0c490c
0c8b0c
0d380d
0d050d
0c590c
0c2e0c
0c550c
0c420c
0b9d0b
0a5a0a
095b09
095409
093309
07ff07
06b806
066106
065a06
05cc05
04bd04
03ce03
03a303
03ce03
033003
021102
019a01
017f01
00e100
001000
ff64ff
feaafe
fe36fe
fe22fe
fdaefd
fd0cfd
fd23fd
fd53fd
fcaafc
fc0ffc
fc35fc
fc1dfc
fb79fb
fb37fb
fb6bfb
fb9cfb
fbc0fb
fb5bfb
fa61fa
fa4afa
fb49fb
fb68fb
fa6ffa
fa0efa
fa67fa
fae8fa
fbb7fb
fbf3fb
fae5fa
fa2bfa
fa9cfa
facdfa
fa73fa
fa51fa
fa2ffa
fa4efa
fb28fb
fba1fb
fb87fb
fc50fc
fd4dfd
fcf0fc
fc76fc
fceefc
fcfafc
fc5ffc
fc51fc
fc92fc
fcb2fc
fd3dfd
fddafd
fde6fd
fe25fe
fee5fe
feeffe
fe06fe
fd87fd
fdfffd
fe8cfe
fea2fe
fe8cfe
fe6efe
fe43fe
fe3dfe
fe65fe
fe8ffe
fe8efe
fdedfd
fcd0fc
fc8bfc
fd55fd
fda1fd
fd29fd
fceafc
fc8dfc
fbabfb
fb2bfb
fb32fb
fb4afb
fbb5fb
fbeffb
fb1efb
fa49fa
fa48fa
fa22fa
f998f9
f947f9
f8fff8
f8f3f8
f969f9
f946f9
f868f8
f836f8
f876f8
f83ff8
f847f8
f890f8
f7edf7
f6ecf6
f6c2f6
f71df7
f789f7
f7d6f7
f73ff7
f623f6
f646f6
f7a4f7
f85af8
f7d9f7
f71af7
f684f6
f60ff6
f62ff6
f6b6f6
f683f6
f599f5
f52df5
f53cf5
f50bf5
f4fcf4
f53ff5
f50ff5
f49ff4
f499f4
f486f4
f452f4
f492f4
f4aaf4
f421f4
f3dff3
f3d5f3
f338f3
f2ecf2
f399f3
f3dcf3
f33cf3
f31cf3
f3c8f3
f459f4
f499f4
f49cf4
f457f4
f432f4
f448f4
f410f4
f3b9f3
f409f4
f4c5f4
f508f5
f4caf4
f4a0f4
f4cef4
f531f5
f571f5
f55af5
f565f5
f604f6
f6bdf6
f6ebf6
f6aef6
f696f6
f721f7
f83ef8
f8f7f8
f896f8
f7cff7
f7bdf7
f8a2f8
fa0bfa
fb06fb
faccfa
f9f3f9
f9c7f9
fa86fa
fb90fb
fc80fc
fcf4fc
fc78fc
fb74fb
fb1cfb
fbd6fb
fca4fc
fcb2fc
fc4efc
fbf3fb
fbedfb
fc98fc
fd5cfd
fd2ffd
fca6fc
fcccfc
fceffc
fc95fc
fcb9fc
fd31fd
fcdffc
fc40fc
fc52fc
fcdffc
fd7efd
fddefd
fd7ffd
fcbcfc
fc66fc
fc98fc
fd17fd
fd7dfd
fd21fd
fc3afc
fb9dfb
fb67fb
fb8efb
fc1ffc
fc6ffc
fc3bfc
fc3ffc
fc65fc
fc2afc
fc46fc
fd0efd
fd8efd
fd9cfd
fdbafd
fdb7fd
fddbfd
fecffe
ffbfff
ffb2ff
ffadff
009a00
018a01
01dc01
025202
032b03
03c603
042b04
04b404
051e05
059505
06a706
078107
072a07
06d006
07a107
088508
088108
083908
083d08
088f08
092109
098509
099b09
09ee09
0a6f0a
0a8d0a
0a840a
0aac0a
0aae0a
0a5c0a
0a0a0a
0a080a
0a4b0a
0a5f0a
09f409
096c09
093009
096909
0a0b0a
0a380a
094d09
08a708
097709
0a5b0a
0a100a
098809
098c09
09a409
099e09
09b909
0a1c0a
0ac40a
0b210b
0aa10a
09de09
09da09
0a940a
0b5d0b
0bb10b
0b970b
0b970b
0bda0b
0c0f0c
0c500c
0cc60c
0d0a0d
0d040d
0d1a0d
0d2b0d
0d080d
0d220d
0d870d
0dba0d
0dbf0d
0dc10d
0d660d
0ccb0c
0cd80c
0da20d
0df20d
0d1e0d
0c1e0c
0c060c
0c7c0c
0c830c
0c090c
0bbd0b
0bcc0b
0b8f0b
0aa30a
09b609
09a209
09fb09
09a109
088c08
07d807
081408
089a08
08be08
08b708
08e708
08fc08
089d08
084c08
087408
088b08
080b08
075e07
073307
078707
079f07
06fc06
065406
06a506
075907
070e07
062206
062506
073a07
081108
080408
07af07
07e507
08ae08
093e09
092609
091b09
09a709
0a150a
09ce09
098c09
09ee09
0a580a
0a210a
09ce09
0a3d0a
0b1d0b
0b280b
0a210a
097909
0a1a0a
0b020b
0b0b0b
0a900a
0a6d0a
0aa80a
0ac40a
0ab00a
0ad20a
0b1b0b
0acd0a
09ea09
098809
09e309
09e309
092209
088708
088008
085f08
07a007
06c306
068406
06a806
064706
053d05
043f04
03b103
036303
030903
026002
017801
00a800
fff8ff
ff2eff
fe60fe
fdabfd
fce3fc
fc03fc
fb2bfb
fa59fa
f99bf9
f909f9
f861f8
f773f7
f6c1f6
f6a8f6
f680f6
f5a7f5
f4a4f4
f440f4
f470f4
f4bcf4
f4edf4
f4e7f4
f49df4
f44bf4
f45bf4
f4e5f4
f539f5
f490f4
f37cf3
f32cf3
f349f3
f2abf2
f1aaf1
f158f1
f18af1
f181f1
f139f1
f10af1
f0e0f0
f062f0
ef8fef
eedfee
ee86ee
ee46ee
ee16ee
ee0cee
ee0bee
ee1dee
ee34ee
ee09ee
ee14ee
eef2ee
efcfef
efb2ef
ef2aef
ef0def
ef77ef
f06bf0
f18af1
f20bf2
f1f9f1
f200f2
f247f2
f2a0f2
f312f3
f3a1f3
f3fef3
f3b3f3
f320f3
f369f3
f47ff4
f536f5
f57ef5
f5d0f5
f5cef5
f5abf5
f61cf6
f6bbf6
f749f7
f81ff8
f834f8
f6f8f6
f66bf6
f78bf7
f8b1f8
f900f9
f8c0f8
f7f9f7
f79ff7
f888f8
f958f9
f928f9
f929f9
f993f9
f93cf9
f853f8
f839f8
f971f9
fae3fa
fad8fa
f944f9
f83af8
f8fef8
fa85fa
fb42fb
fad0fa
fa29fa
fa54fa
faa9fa
fa27fa
f9eff9
fb41fb
fc7dfc
fba6fb
f9f6f9
f9cdf9
facffa
fae4fa
f9ddf9
f957f9
f9c7f9
fa3ffa
f9f2f9
f8b2f8
f791f7
f820f8
f948f9
f883f8
f687f6
f586f5
f519f5
f495f4
f4a3f4
f489f4
f367f3
f276f2
f207f2
f0faf0
f015f0
f08bf0
f136f1
f0d9f0
efecef
ef25ef
eeebee
ef66ef
f04ff0
f13af1
f170f1
f0b3f0
f090f0
f219f2
f3bcf3
f470f4
f551f5
f666f6
f6b0f6
f6dbf6
f7d6f7
f956f9
faeafa
fbb0fb
fb06fb
fac7fa
fcbdfc
feeffe
ff17ff
fe83fe
ff0fff
003500
00e500
012201
016001
01f201
02b602
032803
034b03
03e303
050305
056e05
048d04
03fd03
052405
068b06
061e06
04a804
046404
05a905
070607
075d07
070407
073007
083108
08df08
089e08
088708
096d09
0a4a0a
09fe0a
094f09
09d009
0b760b
0cd60c
0d4d0d
0d5c0d
0d900d
0e330e
0f1b0f
0f960f
0fc00f
108610
116511
110411
101c10
105e10
117811
121212
11e111
114b11
10d810
10d910
10d910
107910
101c10
0fbf0f
0f0e0f
0e4f0e
0da10d
0cd80c
0c520c
0bfe0b
0b260b
0a1b0a
097d09
08b108
077007
067206
05c605
052805
04de04
049504
03b803
02c802
026c02
027e02
029d02
024102
012e01
002f00
ffeeff
000200
fff8ff
ffcfff
ff9bff
ff8dff
ff98ff
ff86ff
ffacff
001f00
002500
ffa0ff
ff38ff
ff24ff
ff7bff
001b00
002500
ff92ff
ff9aff
004b00
00cc00
013501
019c01
01b401
01f501
028c02
02cd02
030a03
03dc03
045604
03f703
03f403
04f004
061c06
06aa06
068a06
066c06
06fa06
07b107
07d507
07d307
083f08
08bc08
08d108
08c308
092809
0a0a0a
0ad00a
0b180b
0b100b
0add0a
0a9f0a
0a740a
0a210a
09dc09
0a700a
0b580b
0b360b
0a500a
09f309
0a6f0a
0b3a0b
0b8e0b
0b150b
0aa00a
0a9a0a
0a2c0a
09a409
0a480a
0b6c0b
0ba00b
0b2f0b
0ab30a
0a4f0a
0a920a
0b450b
0b350b
0a610a
09ac09
093f09
08ff08
08ff09
093509
09cf09
0a790a
0a050a
089c08
07f507
087b08
08ee08
08ac08
081f08
07b607
077a07
073007
06d906
06c006
06b606
065406
05cf05
058205
055505
052a05
04fa04
049104
03f303
037703
034003
030503
02a502
026002
023a02
01c301
011201
00aa00
003e00
ff5eff
fec9fe
fee7fe
feb9fe
fde3fd
fd44fd
fd04fd
fcaffc
fc79fc
fc6dfc
fbedfb
fafcfa
fa63fa
fa71fa
fabffa
fae1fa
fab3fa
fa4ffa
fa03fa
fa18fa
fa68fa
fa6afa
f9def9
f929f9
f8def8
f932f9
f9b8f9
f9b6f9
f926f9
f8cef8
f8e6f8
f8d7f8
f874f8
f831f8
f825f8
f7e1f7
f732f7
f67ef6
f633f6
f622f6
f5e0f5
f587f5
f56bf5
f577f5
f55af5
f4fdf4
f4ccf4
f544f5
f5f3f5
f5dbf5
f513f5
f49af4
f4baf4
f507f5
f51df5
f4c9f4
f454f4
f457f4
f4cef4
f54df5
f59df5
f5a8f5
f59ff5
f5d8f5
f5e2f5
f565f5
f56cf5
f695f6
f770f7
f6dbf6
f5c5f5
f579f5
f623f6
f733f7
f7d9f7
f79bf7
f6d2f6
f62df6
f5f4f5
f632f6
f6f2f6
f7b2f7
f768f7
f60af6
f523f5
f5bcf5
f702f7
f777f7
f65ef6
f47bf4
f39ff3
f424f4
f461f4
f3d8f3
f37df3
f2f4f2
f1ccf1
f184f1
f29ff2
f359f3
f300f2
f26df2
f1b5f1
f0f0f0
f10bf1
f216f2
f2fbf2
f2ccf2
f181f1
f06bf0
f10ef1
f2a2f2
f328f3
f2aff2
f28af2
f2b9f2
f2c1f2
f2eaf2
f334f3
f36ef3
f3eaf3
f441f4
f38ff3
f2e5f2
f3e9f3
f530f5
f47cf4
f2fbf2
f2e0f2
f38ef3
f373f3
f2baf2
f286f2
f372f3
f495f4
f425f4
f2a2f2
f2cef2
f4f5f4
f652f6
f5dbf5
f541f5
f5c1f5
f710f7
f821f8
f82bf8
f81af8
f942f9
fa8bfa
fa4cfa
f9d8f9
fb2afb
fd2afd
fdaffd
fce0fc
fc6bfc
fd43fd
fed1fe
ffafff
ffa3ff
000500
013301
01d801
01d601
027402
038b03
041104
042b04
042604
03f403
043504
04dc04
04aa04
040c04
047a04
053e05
053805
055105
061706
06bc06
073407
079b07
077407
073207
077607
079207
074607
072907
06e406
065a06
06a406
078a07
077607
067e06
060106
064d06
06fa06
077c07
070b07
062606
067606
07af07
07f407
079207
07ff07
088108
07f307
073707
072b07
078a07
080f08
07f807
06ba06
05ec05
06a406
071a07
067706
061f06
061f06
05c405
05a905
058d05
04b204
044104
04a104
042a04
031103
02f102
033d03
02f102
029002
025c02
023b02
026e02
027502
01e001
019101
01e701
022f02
026402
02bc02
030102
03a603
04ed04
05b705
058b05
058905
061d06
068106
069e06
070507
078607
07a407
078607
078d07
07e307
08a508
098009
09d109
09e809
0a830a
0b2e0b
0b510b
0b920b
0c5d0c
0d0c0d
0d340d
0cea0c
0cad0c
0d6c0d
0ed70e
0f400f
0e8e0e
0e4a0e
0ea50e
0ed70e
0ed50e
0eb20e
0e640e
0e380e
0e100e
0dbc0d
0dc50d
0e060e
0d590d
0bd00b
0abd0a
0a890a
0a640a
097c09
07dd07
067706
060206
060506
05c305
054805
04dc04
044804
036403
02d602
031603
034403
026602
010701
003800
003a00
00b600
00fc00
009700
001a00
000e00
000000
ffdfff
000a00
000900
ff75ff
feeafe
fecffe
fee9fe
ff00ff
fee5fe
fec8fe
ff23ff
ff9bff
ff82ff
ff20ff
ff01ff
ff1bff
ff38ff
ff27ff
fef9fe
ff29ff
ffa2ff
ffceff
ffbfff
ffddff
002600
007700
008200
002d00
003700
00ea00
016201
016001
016f01
019601
01be01
01e501
01b501
017401
01b101
01d201
016e01
014501
017801
01ab01
021402
025b02
022602
025702
02ff02
031203
02e902
033a03
035903
032303
033603
035603
038303
040904
041304
037603
03a303
04c604
059b05
05cb05
057f05
04f904
052c05
061706
066006
05fd05
060e06
068206
06a706
068406
065906
064306
064806
062806
05b805
052605
04a004
044504
042504
041304
03c803
031303
022e02
01af01
017701
00c000
ffc2ff
ff2dff
fea0fe
fdc6fd
fd35fd
fcdbfc
fc0cfc
fae8fa
f9dcf9
f92df9
f90af9
f8a0f8
f71af7
f5b0f5
f59af5
f5b3f5
f4c2f4
f36cf3
f2b8f2
f2f0f2
f378f3
f33cf3
f269f2
f24cf2
f2d8f2
f2c8f2
f1f7f1
f155f1
f179f1
f1c7f1
f114f1
efccef
efdfef
f156f1
f230f2
f1e5f1
f190f1
f1acf1
f210f2
f25df2
f232f2
f222f2
f2baf2
f315f3
f288f2
f1dcf1
f1d3f1
f27df2
f33ef3
f2d5f2
f170f1
f129f1
f24cf2
f29cf2
f16df1
f079f0
f0baf0
f157f1
f12af1
f054f0
f012f0
f0bdf0
f12cf1
f0a0f0
efa6ef
ef3bef
eff9ef
f107f1
f0caf0
ef9cef
ef59ef
f042f0
f11cf1
f131f1
f0b1f0
f07cf0
f0f5f0
f103f1
f052f0
f055f0
f126f1
f173f1
f16df1
f1c0f1
f231f2
f343f3
f51ff5
f634f6
f64af6
f71bf7
f8bbf8
f9eff9
faa7fa
fb5cfb
fc6afc
fe05fe
ff2fff
ff25ff
ff59ff
00f000
02b202
035b03
031003
029502
02f502
046904
059e05
05bd05
05bd05
067306
072e07
071e07
06e306
079c07
08ab08
086708
06f206
05e405
05ba05
05c205
055605
044704
033103
02c702
029002
01ef01
015201
012a01
015001
017401
012d01
008b00
001d00
ffbcff
ff2aff
ff17ff
ff70ff
ff23ff
fe65fe
fe00fe
fd92fd
fd0efd
fd0cfd
fd17fd
fcb9fc
fca6fc
fceffc
fce1fc
fcbcfc
fd1ffd
fdf0fd
fed1fe
ff4cff
ff1eff
fed2fe
fefefe
ff7aff
fffcff
005900
005900
001f00
000d00
005000
010b01
021302
02bf02
02dd02
02ea02
032003
037803
03f203
042104
03d403
03c603
044c04
04a504
046004
03f903
03ef03
044d04
04b704
04ab04
042804
03b803
03b403
03fa03
043004
042b04
043704
048f04
04b904
047304
047b04
053a05
05e405
05e105
05c905
063c06
06e306
073a07
077007
07dd07
085008
089708
08e208
093609
094209
090409
08e808
094d09
09f609
0a320a
0a1e0a
0a960a
0b320b
0ae20a
0a790a
0b570b
0cad0c
0d0e0d
0c740c
0b8e0b
0b600b
0c6f0c
0d590d
0d170d
0ce30c
0d370d
0cd70c
0c060c
0c3f0c
0d820d
0e8e0e
0dff0e
0bde0b
0aa20a
0b970b
0c740c
0bdf0b
0b420b
0b070b
0a7d0a
09c009
08d608
085b08
094d09
09d609
080708
063e06
067f06
06ef06
067906
05e405
054a05
052405
056905
046204
02bd02
030503
042504
03cc03
02ba02
020002
019c01
01ad01
014401
002700
008500
021702
01b001
ff91ff
fea2fe
ff5dff
006d00
008700
ff3eff
fe4bfe
febbfe
fed1fe
fe2efe
fe86fe
ff9aff
001000
ffc7ff
ff09ff
feeafe
004c00
015901
00b500
003300
00cb00
016601
01e201
025602
028302
030303
037a03
02fa02
02df02
040504
049c04
042b04
03f903
041104
045704
04e904
04ea04
048d04
04f604
055605
04f504
04fd04
057505
056405
050505
048a04
040b04
045304
04ca04
044704
03cb03
041804
040f04
038303
032e03
031903
038a03
044804
041104
036203
03a203
040504
039a03
032803
02f802
02b002
026a02
01f501
017901
01aa01
01d801
010801
002b00
003b00
00b800
00fc00
008900
ff91ff
ff58ff
ffb8ff
ff1cff
fdecfd
fd96fd
fd8bfd
fceefc
fc23fc
fb6bfb
faeefa
faf9fa
fb01fb
fa86fa
fa06fa
f9aff9
f92bf9
f8a9f8
f876f8
f898f8
f8d4f8
f879f8
f73df7
f61ef6
f5eaf5
f638f6
f67ef6
f687f6
f631f6
f5acf5
f564f5
f582f5
f5f8f5
f69df6
f71cf7
f709f7
f65ff6
f5ddf5
f61ef6
f677f6
f62ff6
f5def5
f602f6
f61ff6
f5f2f5
f598f5
f526f5
f524f5
f5acf5
f5caf5
f556f5
f524f5
f4fbf4
f456f4
f3e2f3
f40af4
f41ff4
f3b6f3
f2e4f2
f1eff1
f176f1
f182f1
f14cf1
f0ddf0
f0dbf0
f0eaf0
f03df0
ef3eef
eefdee
ef62ef
ef20ef
ede9ed
ed39ed
edabed
edd0ed
ed05ed
ec71ec
ecbaec
ed88ed
ee37ee
edcced
ec91ec
ec97ec
ee09ee
ee7cee
ed88ed
ed72ed
eec3ee
ef81ef
eeb8ee
ee1cee
ef71ef
f170f1
f19ff1
f0d1f0
f1b5f1
f412f4
f59ef5
f57bf5
f491f4
f4d8f4
f74af7
f95ff9
f8cdf8
f7fbf7
f911f9
f9ccf9
f8e2f8
f8b6f8
fa73fa
fc74fc
fcdafc
fb30fb
f9a5f9
fb32fb
febafe
006200
ff8eff
feaefe
fee0fe
ff2fff
feb1fe
fe3cfe
ff35ff
005a00
ff21ff
fc93fc
fbe9fb
fd7efd
ff4bff
fffdff
ff93ff
ff2aff
ff9eff
000600
ffbbff
fff1ff
012901
022b02
023002
01ae01
01a401
02b002
03f503
044604
042904
049104
053805
057805
052a05
050d05
064906
083308
08d108
086808
08ba08
09c009
0aaa0a
0b6b0b
0be10b
0c250c
0c740c
0c380c
0baf0b
0c3e0c
0d6e0d
0dc30d
0db00d
0dd90d
0dd00d
0de50d
0e4b0e
0e300e
0dce0d
0dc00d
0d550d
0c840c
0c4f0c
0c6d0c
0c270c
0bc10b
0b640b
0b220b
0b180b
0a9d0a
099609
08fd08
086908
06e706
05b405
05cf05
05de05
050605
03ea03
02fa02
02c402
038b03
03d903
02b302
018e01
016101
011901
006600
004a00
00ba00
00c200
004600
ffe3ff
002000
010901
01a601
010d01
003600
008100
015801
017f01
010101
00a700
013101
024702
026a02
01ca01
024102
032103
028002
01aa01
023302
02bd02
026102
01b101
00e100
011401
02d402
039203
026802
020202
02e502
038803
040404
03f203
02b002
01fb01
024202
01fb01
021702
033203
030103
01e301
021e02
02c902
033203
046804
04fd04
03f003
035503
037603
035d03
042904
054c05
04e704
044d04
048c04
045904
049704
064806
077a07
07c207
082008
079507
06c606
081408
0a020a
0a3d0a
0a270a
0a870a
0a580a
0a470a
0ae60a
0b550b
0bd00b
0c900c
0c890c
0c010c
0bff0b
0c4b0c
0ce40c
0dff0e
0e910e
0e490e
0e2c0e
0e2f0e
0dd70d
0de20d
0e780e
0e910e
0e170e
0dcf0d
0dbc0d
0d940d
0d960d
0dc20d
0daa0d
0d790d
0d8b0d
0d520d
0c730c
0b9e0b
0afc0a
0a0d0a
092c09
08b208
082608
078f07
071d07
066e06
05cc05
059205
050905
043b04
03ed03
036403
022b02
016201
010801
007900
005d00
006400
ff76ff
fe9ffe
febafe
fe84fe
fe0ffe
fe83fe
ff11ff
fee2fe
fe85fe
fe06fe
fd8ffd
fdfcfd
fec0fe
fea9fe
fdfffe
fd50fd
fcb9fc
fc9cfc
fcc3fc
fca0fc
fc8afc
fc7bfc
fbb6fb
faccfa
fae9fa
fbc6fb
fc68fc
fc50fc
fb74fb
fa71fa
f9f1f9
f9b4f9
f953f9
f91ff9
f925f9
f89bf8
f72ef7
f5f9f5
f616f6
f701f7
f789f7
f755f7
f68cf6
f5a1f5
f573f5
f5fdf5
f61df6
f5cdf5
f604f6
f64bf6
f559f5
f3b4f3
f33ef3
f475f4
f5aef5
f54ef5
f3e1f3
f31df3
f3bbf3
f51af5
f631f6
f6a6f6
f6fdf6
f736f7
f6ccf6
f671f6
f74bf7
f8d4f8
f9e8f9
fa05fa
f907f9
f7fdf7
f89af8
fa54fa
fb6afb
fb99fb
fb06fb
f9c0f9
f8f8f8
f964f9
fa76fa
fbe8fb
fc6cfc
fa32fa
f738f7
f6daf6
f829f8
f8cff8
f8c0f8
f7bff7
f5a7f5
f424f4
f3d0f3
f3cdf3
f442f4
f479f4
f2e1f2
f0a0f0
ef77ef
eedeee
eeeeee
effaef
efc9ef
ed77ed
eb9beb
eb4feb
eb60eb
eb71eb
eb36eb
ea31ea
e93de9
e8b5e8
e7f5e7
e7dee7
e91ae9
e9dae9
e952e9
e945e9
ea64ea
eb8feb
ec07ec
ebddeb
ebaeeb
ec35ec
ed0aed
ed5ced
ed70ed
eda6ed
edbbed
ede6ed
eea5ee
efdeef
f161f1
f2e5f2
f398f3
f38cf3
f432f4
f611f6
f805f8
f939f9
f9daf9
fa2cfa
fa75fa
fb13fb
fbfefb
fcdefc
fd6bfd
fd56fd
fcd2fc
fcf8fc
fe25fe
ff0aff
ff27ff
ffebff
019c01
025e02
01be01
019901
02c502
040604
044904
03cc03
039303
040d04
044204
039e03
036003
045104
056205
05c205
05ad05
058705
05ef05
070007
07d907
088b08
09cf09
0ab50a
0a750a
0a580a
0b230b
0c450c
0d8a0d
0e220e
0d3c0d
0c800c
0d580d
0e3b0e
0e650e
0efb0e
0fc50f
0ff20f
100710
103610
106c10
113b11
120712
11cb11
117511
11b211
119511
112611
110b11
10cf10
108610
10b810
107710
0f360f
0e210e
0d990d
0d000d
0c7f0c
0c390c
0bc40b
0b380b
0a6f0a
08f708
07e307
083908
089d08
07cf07
06da06
067906
060106
054a05
048f04
03bb03
036503
03b703
033803
01a201
00dc00
014901
017201
011901
00c500
006d00
007e00
011f01
015301
011301
015001
01de01
026d02
032703
035103
02b902
029802
02e402
02bd02
02cb02
035c03
034d03
027202
018201
00f800
01a901
035f03
041b04
034b03
027802
027402
031003
03e703
045f04
04b104
050b05
044104
029302
023a02
034d03
03fc03
03c803
02ff02
022f02
026a02
033c03
038203
043204
05e805
06de06
065506
059705
05a405
06af06
07ca07
07a207
071607
077107
079b07
071107
074c07
086108
095f09
0a550a
0add0a
0a860a
0a6c0a
0b220b
0c120c
0d4c0d
0e8e0e
0eca0e
0e1c0e
0d7e0d
0d7e0d
0e4f0e
0f2f0f
0f1d0f
0eb60e
0ea30e
0e4b0e
0dec0d
0e4b0e
0ec90e
0ed70e
0eae0e
0e350e
0de60d
0e5b0e
0e880e
0dc70d
0d520d
0d720d
0d1a0d
0c550c
0bbe0b
0b300b
0a8d0a
0a0b0a
09d809
09dc09
097109
085108
073d07
069f06
063c06
062b06
063206
05b005
04d204
040e04
037b03
035103
036603
031c03
029f02
025f02
020b02
018801
012101
010201
015001
019701
011401
007a00
00a400
00c500
009700
00f400
016d01
014a01
012201
011001
00c000
00dd00
015601
011e01
006100
ffc6ff
ff42ff
fef1fe
fec6fe
fe64fe
fe13fe
fdb7fd
fc9afc
fb73fb
fb2afb
fae7fa
fa4ffa
fa06fa
f98ef9
f8b5f8
f870f8
f860f8
f79af7
f6e6f6
f6b6f6
f61ff6
f52bf5
f4a8f4
f496f4
f496f4
f439f4
f36af3
f322f3
f3cef3
f440f4
f40af4
f424f4
f48bf4
f46af4
f41bf4
f461f4
f4def4
f4d2f4
f45af4
f43bf4
f4d4f4
f57cf5
f537f5
f44ff4
f439f4
f51ff5
f56ff5
f4b7f4
f450f4
f4a8f4
f4dbf4
f4a5f4
f444f4
f3f0f3
f429f4
f492f4
f411f4
f343f3
f37ff3
f415f4
f3d3f3
f313f3
f27af2
f257f2
f286f2
f1f0f1
f07ff0
eff9ef
f08af0
f047f0
ef0cef
ee68ee
ee82ee
ee5fee
ed90ed
eca9ec
ecd7ec
edd3ed
ed83ed
ebc0eb
eaecea
eb86eb
ebc3eb
eb4feb
eb0eeb
eadaea
ea5bea
e9e0e9
e999e9
e9d1e9
ead9ea
ebeaeb
ec1fec
ec2bec
ece7ec
edebed
eee5ee
f036f0
f1b3f1
f2d7f2
f38cf3
f3e5f3
f449f4
f542f5
f656f6
f6dbf6
f75bf7
f806f8
f80ef8
f7eff7
f8caf8
fa13fa
fb30fb
fc93fc
fdbefd
fe05fe
fe8bfe
001b00
01a601
028902
030b03
031603
02c902
02bd02
02fa02
031f03
031903
02f502
02c602
02a802
02ad02
031c03
040a04
04c404
04be04
048c04
04d904
055105
057005
057e05
05ce05
05ce05
052f05
04d604
051c05
052e05
050105
050205
04bc04
046504
04cb04
051d05
04be04
051b05
066406
06e906
069b06
06a006
070b07
079507
080c08
083a08
08a308
092f09
08b708
07cd07
07ec07
086408
085c08
086d08
084a08
07b707
07da07
082808
076207
072407
085608
08a908
078907
06e806
071507
074307
072f07
069106
05e905
05d805
054205
03d403
031703
02fb02
028402
026902
02a702
021702
016d01
017401
011e01
009500
010d01
01a801
015f01
010c01
00e200
004200
ffe9ff
005100
006c00
000d00
001100
004000
001c00
002100
00b700
01b701
02be02
031903
02ce02
032d03
04b004
05f105
063506
06a206
07ee07
093109
09b309
09c209
09fa09
0ad30a
0bd80b
0bf90b
0bd80b
0cca0c
0d960d
0cc90c
0c070c
0cf40c
0ea50e
0fd10f
0fc40f
0eaa0e
0e640e
0fa00f
106a10
104f10
10d110
116711
109510
0f070f
0e030e
0dfa0d
0eb60e
0ecc0e
0d6e0d
0c610c
0cbe0c
0cec0c
0c600c
0c7f0c
0d5e0d
0dc60d
0d050d
0b700b
0aa80a
0b4e0b
0b470b
09df09
094109
095409
083008
06b906
067206
06c206
073107
078807
071b07
068f06
06cd06
072b07
075107
07bf07
082608
083708
082108
07b807
076007
07f007
08b708
08bc08
08ac08
092109
099009
09d209
0a060a
0a0a0a
0a640a
0b3f0b
0b680b
0acb0a
0ad10a
0b340b
0a9b0a
099509
095109
098109
095c09
08d108
084b08
080b08
07d107
077b07
072307
069b06
05f105
057105
04bc04
038c03
028b02
024902
026302
01ff01
00fa00
005800
008200
008900
005200
008300
00a500
005200
fff4ff
ff71ff
fefefe
ff57ff
ff92ff
feb0fe
fdf7fd
fe30fe
fe4ffe
fe5bfe
ff14ff
ffb2ff
ffb4ff
ffdfff
003900
008400
014401
021102
01ee01
016001
012301
010e01
013801
016301
010a01
00f500
018101
016901
00c800
00f300
018801
01a601
017f01
014301
00fb00
009900
ffaeff
fe8ffe
fe13fe
fdf9fd
fd8bfd
fc8bfc
fb17fb
fa01fa
f9c5f9
f999f9
f929f9
f8d0f8
f81df8
f700f7
f643f6
f5aaf5
f4d7f4
f49ff4
f4caf4
f411f4
f2dbf2
f217f2
f166f1
f0def0
f0e1f0
f077f0
ef8cef
ef5eef
ef26ef
edcfed
ecdfec
ecf9ec
ecbeec
ec6aec
ec7aec
ebc6eb
ea8aea
e9f6e9
e97ae9
e900e9
e96be9
e9cde9
e918e9
e826e8
e77ce7
e6efe6
e702e7
e771e7
e745e7
e6ffe6
e72ee7
e6c4e6
e5cce5
e605e6
e748e7
e7ebe7
e80de8
e82ae8
e7b7e7
e765e7
e80de8
e88be8
e8ace8
e98ce9
ea03ea
e8bae8
e75fe7
e75ae7
e7f8e7
e8cde8
e97fe9
e967e9
e94be9
ea10ea
eadcea
eb55eb
ec6eec
edfaed
ef1aef
efdfef
f032f0
f024f0
f10df1
f2e7f2
f3d2f3
f40bf4
f4f7f4
f5a3f5
f58ff5
f616f6
f6f7f6
f78cf7
f8fef8
fae6fa
fb74fb
fb82fb
fca3fc
fe3efe
ff9dff
00c800
019101
025902
036603
03c603
037203
040004
058e05
066406
061406
05d905
064f06
073c07
083e08
08cd08
093009
0a220a
0adc0a
0a700a
0a1b0a
0aef0a
0bf40b
0c4e0c
0c0d0c
0b760b
0b430b
0bbf0b
0bce0b
0af30a
0a540a
0a6d0a
0a280a
091d09
088008
08f808
09a609
09bf09
095e09
093209
09cf09
0a7c0a
0a200a
099e09
0a1a0a
0a8b0a
0a0e0a
098209
096209
094a09
090009
087508
080608
083908
089008
085708
07f207
07f907
084208
086808
085108
080b08
07b707
076607
06ea06
064d06
061606
063406
05d905
050205
043504
037b03
031503
033103
031003
028702
025f02
027d02
025a02
022702
022002
024202
026502
022902
01c201
01c701
021002
023f02
024f02
023902
023f02
02a002
02eb02
02ed02
032c03
03ae03
03f103
03f503
042e04
04be04
055905
05ea05
068306
06f306
073c07
07b207
084108
089f08
08ef08
095f09
09b909
099809
091d09
091e09
09e709
0aff0a
0c260c
0cfc0c
0d040d
0d050d
0de90d
0f0a0f
0fc10f
102b10
102710
0f9c0f
0ed30e
0e270e
0e2b0e
0ecc0e
0efd0e
0e560e
0d730d
0ccb0c
0ca10c
0cfd0c
0d930d
0e520e
0efd0e
0ecf0e
0dc90d
0d240d
0d850d
0e0c0e
0dd80d
0d520d
0d000d
0c870c
0bc30b
0b3d0b
0b610b
0c170c
0c930c
0c000c
0afe0a
0ab50a
0b0e0b
0b560b
0b5b0b
0b500b
0b790b
0b760b
0ab10a
09c409
09b509
0a450a
0a820a
0a290a
09e509
0a210a
0a1d0a
095d09
08ea08
097f09
0a650a
0a8f0a
09dd09
096409
09e909
0a450a
09b309
098809
0a650a
0b090b
0aad0a
09b809
091a09
098909
0a2e0a
09a109
087108
080308
07d907
06c806
057305
051b05
058105
059905
04e604
03be03
033803
03aa03
03b103
02cd02
025402
027902
023502
016a01
008200
001700
009600
00aa00
ff47ff
fe16fe
fe3dfe
fe6ffe
fe03fe
fdaefd
fdc1fd
fe20fe
fe63fe
fe21fe
fdf2fd
fe94fe
ff54ff
ff14ff
fe26fe
fdb1fd
fde4fd
fe05fe
fdb2fd
fd1bfd
fca9fc
fc8afc
fc54fc
fbd3fb
fbb2fb
fc20fc
fc61fc
fc17fc
fb83fb
fb25fb
fb47fb
fb50fb
faaefa
fa12fa
fa12fa
fa02fa
f924f9
f7dbf7
f750f7
f7c3f7
f7dbf7
f6dcf6
f5d7f5
f5aaf5
f5ddf5
f59cf5
f4c6f4
f43ef4
f473f4
f45af4
f35ff3
f25cf2
f1ecf1
f1dcf1
f1c2f1
f14af1
f0c6f0
f09cf0
f04ef0
ef8fef
ef16ef
ef59ef
efc7ef
ef89ef
eeaeee
ee2dee
ee6aee
eebdee
eeceee
eef5ee
ef4aef
ef57ef
eec3ee
ee13ee
ee2cee
eeebee
ef3def
eeb2ee
ee19ee
ee23ee
ee26ee
ed8ced
ed6eed
ee51ee
eeb4ee
edefed
ed4eed
edb2ed
ee8eee
eee8ee
eebfee
ef1cef
efccef
ef6fef
ee94ee
eeacee
ef43ef
ef67ef
ef07ef
ee4fee
edfbed
ee6eee
ee9aee
ee29ee
ee27ee
ee91ee
eeb5ee
eeeeee
ef81ef
efe4ef
f027f0
f0daf0
f1a7f1
f1e9f1
f203f2
f28ff2
f339f3
f35af3
f30ef3
f333f3
f41bf4
f494f4
f3eff3
f3bef3
f4e7f4
f5e7f5
f5f4f5
f603f6
f6b3f6
f7f8f7
f95df9
fa18fa
fa78fa
fb7dfb
fca9fc
fcedfc
fcc7fc
fd4dfd
fe46fe
feb0fe
fe6bfe
fe19fe
fe10fe
fe53fe
feb8fe
fee9fe
ff2aff
fffcff
00db00
011f01
012201
018201
026702
031c03
02b802
01f401
01fc01
021102
018601
015101
019a01
018201
011d01
010101
013401
017701
018001
016601
01a801
024902
02b602
028f02
021302
01e201
022802
028502
02c302
02e702
02e602
02b702
026802
026102
030203
03ea03
048c04
04f104
052d05
055b05
05cc05
067606
072807
080008
08d108
093109
093509
096c09
0a300a
0b200b
0bb20b
0c1f0c
0ca90c
0cec0c
0ccd0c
0cb40c
0ce00c
0d6e0d
0e150e
0e4b0e
0e270e
0e060e
0dfc0d
0e1f0e
0e640e
0eb50e
0f4a0f
0fdb0f
0fa30f
0ecf0e
0e4d0e
0e600e
0e980e
0ea00e
0e970e
0e790e
0de00d
0ce60c
0c440c
0c630c
0d2b0d
0de60d
0db30d
0ce80c
0c950c
0cc00c
0ced0c
0d1a0d
0d5b0d
0db10d
0dd20d
0d290d
0c090c
0b960b
0beb0b
0c090c
0b7f0b
0ae30a
0ab50a
0ab20a
0a7c0a
0a560a
0aca0a
0bcb0b
0c530c
0bbc0b
0b3e0b
0bdd0b
0c4e0c
0bc10b
0b680b
0bb10b
0bdf0b
0bac0b
0b090b
0a580a
0a810a
0b240b
0b480b
0b600b
0bfb0b
0c7d0c
0c850c
0c4d0c
0c110c
0c2a0c
0c860c
0c6b0c
0bbd0b
0b4e0b
0b4b0b
0b090b
0a890a
0a500a
0a500a
0a480a
0a100a
095909
089708
089d08
08e508
08a508
086c08
089908
089f08
086008
082508
082308
089008
091609
091909
08ea08
091009
093309
08eb08
08ab08
08ee08
096109
097a09
093d09
090e09
093d09
09a609
09d209
09dc09
0a480a
0ab80a
0ab40a
0ab30a
0b010b
0b740b
0c1b0c
0c8a0c
0c450c
0be80b
0bd90b
0b8f0b
0b0e0b
0ace0a
0ac40a
0aad0a
0a4a0a
09b009
097409
099d09
098f09
095209
094009
092409
08c708
085c08
080608
07ae07
073607
069306
05d105
050905
045d04
03ca03
034403
02d902
026c02
01e601
018201
013d01
00cf00
005700
ffffff
ff77ff
fe9bfe
fdbbfd
fd13fd
fc9bfc
fc16fc
fb47fb
fa44fa
f94cf9
f86cf8
f79bf7
f6fbf6
f68cf6
f5eef5
f503f5
f424f4
f362f3
f2b3f2
f272f2
f260f2
f1b1f1
f0a2f0
efdcef
ef29ef
ee66ee
eddbed
ed67ed
ece0ec
ec50ec
eb9beb
eae5ea
ea71ea
ea33ea
ea44ea
ea8cea
ea57ea
e9ade9
e95ae9
e953e9
e92ce9
e92be9
e975e9
e9c1e9
e9ebe9
e9bbe9
e946e9
e95ee9
ea21ea
ea93ea
ea75ea
ea58ea
ea48ea
ea40ea
ea8cea
eaf1ea
eb4beb
ebd4eb
ec1bec
ebefeb
ec0cec
ec54ec
ec5bec
ece1ec
edb6ed
eda6ed
ed6fed
ee1fee
eea7ee
ee8cee
eec9ee
ef54ef
efaeef
eff3ef
efe9ef
ef9def
efe2ef
f0acf0
f12df1
f150f1
f16bf1
f197f1
f1d8f1
f1f8f1
f1e7f1
f20cf2
f283f2
f2bcf2
f26ef2
f228f2
f264f2
f2c1f2
f2e1f2
f330f3
f3d4f3
f44af4
f478f4
f4b6f4
f521f5
f5f6f5
f71df7
f7d4f7
f842f8
f937f9
fa0cfa
fa1ffa
fa8cfa
fb71fb
fb70fb
faecfa
faf6fa
faddfa
fa65fa
fa72fa
fad2fa
fb19fb
fb9cfb
fc0dfc
fc42fc
fcfafc
fdddfd
fe28fe
fe8afe
ff53ff
ffb2ff
ffb4ff
ffd3ff
ffd8ff
ffccff
ffd2ff
ff7dff
feedfe
fed1fe
fef4fe
fecafe
fecefe
ff66ff
ffaeff
ff38ff
ff18ff
ffb7ff
001b00
001800
002b00
fff9ff
ff76ff
ff57ff
ff70ff
ff51ff
ff62ff
ff8dff
ff44ff
fee2fe
fedbfe
fefafe
ff35ff
ff9dff
ffe9ff
002a00
009000
00ba00
00aa00
011201
01f201
02a102
030403
035703
038803
03b303
042904
04cd04
055705
05e105
067606
06d206
070207
077607
082d08
08cc08
096109
09fe09
0a6e0a
0ad00a
0b370b
0b5b0b
0baa0b
0ca90c
0d860d
0d9a0d
0d8a0d
0d870d
0d4d0d
0d590d
0dcd0d
0e210e
0e680e
0ea90e
0e8c0e
0e990e
0f4e0f
100710
108010
111211
116d11
115511
113711
113111
113211
117f11
11e011
11bb11
112011
109210
105710
108210
10d210
10dd10
10b910
10a710
108510
104c10
105b10
10dd10
117511
11b211
119211
117111
116711
116111
118311
11a711
116411
10ea10
107a10
0fda0f
0f4c0f
0f4f0f
0f8b0f
0fb10f
0fe00f
0fd80f
0f960f
0f940f
0f830f
0f1d0f
0f150f
0f400f
0e9a0e
0d820d
0cdc0c
0c760c
0c3f0c
0c6a0c
0c590c
0bbf0b
0b340b
0acd0a
0a690a
0a950a
0b4d0b
0bc50b
0bc80b
0ba00b
0b690b
0b470b
0b360b
0aed0a
0aa20a
0aa50a
0a710a
099e09
08e208
08d308
08fb08
08e108
088e08
081008
079007
074507
070807
06e606
074f07
07d507
078e07
06da06
069906
068e06
066306
066406
067b06
065106
060b06
05d705
05c005
05d905
05f505
05eb05
05e805
05dc05
05ab05
05a605
05ce05
05c305
05af05
05d505
05e305
05af05
059205
05b905
05e905
05ea05
05d205
05cb05
05a405
052505
047f04
03f903
03b003
03a403
037903
02eb02
027102
025f02
023e02
01e501
01b701
01b601
018b01
011c01
009500
005000
005f00
004a00
ffcfff
ff46ff
fed5fe
fe45fe
fd9efd
fd15fd
fcb6fc
fc79fc
fc50fc
fc14fc
fbb2fb
fb5efb
fb4bfb
fb38fb
fac5fa
fa1efa
f9a0f9
f942f9
f8daf8
f879f8
f82bf8
f7ecf7
f7a7f7
f755f7
f71ff7
f713f7
f6d1f6
f641f6
f5ddf5
f5d6f5
f5d5f5
f5b1f5
f588f5
f550f5
f4e5f4
f46af4
f41ff4
f3f0f3
f3a5f3
f35af3
f31cf3
f2aff2
f23ef2
f22af2
f23bf2
f234f2
f236f2
f211f2
f1aaf1
f174f1
f182f1
f17ff1
f193f1
f1baf1
f183f1
f12df1
f124f1
f11ef1
f11bf1
f177f1
f1bdf1
f18bf1
f153f1
f12ff1
f0e9f0
f0eff0
f141f1
f11ff1
f0b1f0
f092f0
f05bf0
efe8ef
f000ef
f06cf0
f035f0
efabef
ef87ef
ef79ef
ef44ef
ef3cef
ef42ef
ef21ef
ef20ef
ef31ef
ef1cef
ef21ef
ef48ef
ef44ef
ef3def
ef69ef
ef94ef
efb8ef
efeeef
efeaef
efa9ef
efa4ef
efdfef
effeef
f018f0
f049f0
f036f0
efddef
efbcef
efe2ef
effeef
f01bf0
f030f0
effaef
efdbef
f048f0
f0bbf0
f0e7f0
f14df1
f1ccf1
f1e0f1
f1e6f1
f21bf2
f21cf2
f223f2
f26ff2
f254f2
f1abf1
f136f1
f126f1
f142f1
f198f1
f1f9f1
f20af2
f1fdf1
f235f2
f2c6f2
f39ef3
f46bf4
f4b7f4
f492f4
f499f4
f504f5
f571f5
f5c8f5
f643f6
f680f6
f630f6
f5f1f5
f629f6
f6b3f6
f7c6f7
f90ef9
f99df9
f9f3f9
fae7fa
fbabfb
fc17fc
fd41fd
fea9fe
ff54ff
ffdbff
006500
008e00
013d01
029b02
035603
039d03
046004
051105
057f05
065806
074c07
07f907
08c808
098209
09d809
0a4b0a
0ae70a
0b370b
0b810b
0c2c0c
0cfd0c
0da50d
0e070e
0e1f0e
0e220e
0e540e
0ec40e
0f540f
0fe00f
105b10
108f10
105910
103b10
109a10
110811
115c11
11ca11
11e511
119711
118b11
119e11
117111
119911
120612
11cb11
112911
10c310
105910
101610
105910
108c10
106410
103f10
0fdb0f
0f3a0f
0f210f
0f750f
0f7f0f
0f570f
0f250f
0eb90e
0e570e
0e2e0e
0e0c0e
0e150e
0e550e
0e530e
0df50d
0daf0d
0db60d
0de80d
0e180e
0e260e
0e240e
0e300e
0e440e
0e570e
0e5f0e
0e640e
0e6b0e
0e450e
0dfa0d
0dfb0d
0e3d0e
0e2a0e
0dca0d
0d800d
0d480d
0d2e0d
0d3c0d
0d230d
0cf60c
0d020d
0ce70c
0c750c
0c4f0c
0c960c
0cc80c
0cc10c
0c6f0c
0bc30b
0b2f0b
0b050b
0b010b
0b170b
0b430b
0b250b
0abf0a
0a790a
0a620a
0a6b0a
0a910a
0a920a
0a4a0a
09f709
09cf09
09d609
09fd09
0a370a
0a860a
0ad00a
0aeb0a
0af30a
0b100b
0b2d0b
0b540b
0b960b
0bc70b
0bdb0b
0be10b
0bbb0b
0b960b
0bcb0b
0c100c
0c1c0c
0c410c
0c8b0c
0caa0c
0cae0c
0c970c
0c490c
0c2d0c
0c740c
0c990c
0c580c
0bf10b
0b960b
0b640b
0b5c0b
0b560b
0b500b
0b420b
0aed0a
0a700a
0a240a
0a0c0a
0a0a0a
09ff09
09b409
093c09
08c208
082108
077b07
072d07
06e906
064206
057705
04bc04
040404
037b03
030803
024f02
017d01
00d900
002e00
ff5fff
fe92fe
fdd8fd
fd4afd
fcd2fc
fc26fc
fb66fb
fae2fa
fa76fa
f9f1f9
f965f9
f8d0f8
f83df8
f7cff7
f75cf7
f6d3f6
f681f6
f658f6
f5f4f5
f565f5
f50af5
f4f1f4
f4eff4
f4e0f4
f4bcf4
f48ff4
f460f4
f443f4
f433f4
f3f7f3
f394f3
f34af3
f2fef2
f290f2
f24af2
f249f2
f248f2
f237f2
f222f2
f208f2
f213f2
f235f2
f223f2
f200f2
f1f8f1
f1d1f1
f1a6f1
f1bcf1
f1b9f1
f17cf1
f171f1
f186f1
f176f1
f189f1
f1baf1
f1a3f1
f18ff1
f1ddf1
f221f2
f21df2
f216f2
f206f2
f1ddf1
f202f2
f283f2
f2dcf2
f2e4f2
f2d8f2
f2b9f2
f293f2
f2cef2
f380f3
f42cf4
f46bf4
f43ef4
f3ecf3
f3f2f3
f49df4
f5a6f5
f670f6
f699f6
f640f6
f5e8f5
f5f8f5
f67cf6
f74ef7
f7f6f7
f7e4f7
f73ff7
f6a8f6
f660f6
f68bf6
f73af7
f7bef7
f76df7
f69af6
f5cef5
f54bf5
f55ff5
f5daf5
f5f6f5
f56ef5
f49bf4
f3e6f3
f3a9f3
f3c6f3
f39ef3
f320f3
f2b5f2
f256f2
f1dbf1
f16ef1
f109f1
f09af0
f04ff0
f015f0
efb1ef
ef59ef
ef2aef
eecdee
ee33ee
ede1ed
ee14ee
ee76ee
eeb9ee
eed3ee
eec8ee
eeb1ee
eea7ee
ee8bee
ee64ee
ee71ee
ee71ee
edd1ed
ecb9ec
ebdfeb
eba5eb
ebffeb
ec84ec
ecceec
ed1aed
ed91ed
edbeed
edd6ed
ee9dee
efddef
f0d6f0
f14df1
f11ff1
f0b0f0
f105f1
f201f2
f2a0f2
f30cf3
f3c7f3
f45ef4
f4b9f4
f574f5
f6a3f6
f815f8
f99ff9
faa2fa
faebfa
fb48fb
fc30fc
fd3ffd
fe3efe
ff3fff
002000
00b400
011001
018401
025502
036403
044004
04bd04
052a05
05ec05
06f806
07f807
08e408
09e109
0ac00a
0b450b
0b950b
0c020c
0cd20c
0de80d
0eb70e
0f0b0f
0f520f
0fba0f
100b10
106010
10f710
11ad11
124d12
12a912
12a812
12b312
134113
140f14
149b14
14e514
150a15
14fb14
14e214
150215
156715
160115
168116
167016
15e715
157c15
156815
158e15
15df15
161b16
15fe15
15ba15
158715
156415
157715
15b615
15af15
155b15
150915
149614
13fb13
13a413
139013
137413
136113
134013
12cc12
123d12
11d711
116f11
112411
112b11
112811
10cb10
104410
0fa60f
0f130f
0eee0e
0f110f
0ef30e
0ea40e
0e5b0e
0deb0d
0d840d
0d820d
0d930d
0d6a0d
0d3e0d
0ce20c
0c220c
0b900b
0b790b
0b6e0b
0b650b
0b6a0b
0b030b
0a6b0a
0a420a
0a2e0a
09de09
09d709
09f309
09a309
094609
091609
08d908
08e808
094109
091b09
08a108
088e08
089808
088c08
08c708
08f908
08d808
08ee08
092509
090009
08f608
094c09
096f09
094f09
093509
08ec08
089708
089e08
08b608
08a008
08a408
089408
082e08
07dd07
07da07
07e007
07ee07
07ff07
07bf07
073a07
06c906
067e06
065906
065f06
064f06
05ec05
056405
050c05
04ff04
050905
050105
04fc04
04e604
049804
043f04
03f903
03af03
038c03
039103
033803
029402
023d02
020602
01a501
018e01
01cf01
01f201
020202
01f901
019a01
015d01
018801
018001
013701
012201
00ee00
006100
ffeeff
ff98ff
ff4cff
ff5aff
ff72ff
ff12ff
fea7fe
fe78fe
fe2ffe
fdfcfd
fe1dfe
fe18fe
fdb0fd
fd16fd
fc6bfc
fbfcfb
fbf4fb
fbe7fb
fb98fb
fb39fb
facdfa
fa6cfa
fa3cfa
fa14fa
f9f9f9
fa19fa
fa0ffa
f9a0f9
f93ef9
f90af9
f8cbf8
f89df8
f876f8
f819f8
f7bbf7
f781f7
f72ef7
f6e6f6
f6d7f6
f6aff6
f648f6
f5dcf5
f58af5
f561f5
f55ef5
f536f5
f4ccf4
f451f4
f3e2f3
f390f3
f373f3
f362f3
f31af3
f2a0f2
f22df2
f1eff1
f1fcf1
f240f2
f26bf2
f21cf2
f176f1
f10cf1
f105f1
f135f1
f1b5f1
f23ff2
f22af2
f1b4f1
f17df1
f18af1
f20af2
f314f3
f3aff3
f36cf3
f31ef3
f2dcf2
f278f2
f2c1f2
f395f3
f3a7f3
f301f3
f25af2
f19df1
f14bf1
f1eaf1
f275f2
f23ff2
f1d7f1
f128f1
f01ef0
efadef
efd3ef
efa7ef
ef47ef
eed8ee
edf7ed
ed4ced
ed5fed
ed40ed
ec9bec
ec34ec
ebe5eb
eb50eb
eae8ea
ea8dea
e9dce9
e960e9
e93be9
e8d3e8
e871e8
e87ae8
e854e8
e7c3e7
e73ae7
e6bfe6
e67be6
e6dde6
e77ae7
e7a1e7
e764e7
e700e7
e6cfe6
e76be7
e8a3e8
e9b3e9
ea87ea
eb12eb
eb09eb
eb05eb
ebc7eb
ece6ec
edd7ed
ee8dee
eea7ee
ee18ee
edd6ed
ee8eee
efe8ef
f16bf1
f2b9f2
f375f3
f3b2f3
f400f4
f4d0f4
f628f6
f7c7f7
f931f9
f9d4f9
f9b9f9
f9b5f9
fa57fa
fb4efb
fc32fc
fcedfc
fd62fd
fda2fd
fde2fd
fe35fe
feeffe
004300
018b01
023f02
02a802
02eb02
032103
03ad03
046604
04fd04
05d805
06ba06
06c406
067206
06b706
074107
07ba07
085e08
08f008
094e09
09bc09
09fe09
0a220a
0aea0a
0c240c
0ccc0c
0ccb0c
0ca20c
0c9a0c
0cf00c
0d820d
0dcf0d
0e050e
0e7f0e
0ec10e
0e7b0e
0e500e
0eae0e
0f4a0f
0fe70f
107510
10c710
110711
117111
119e11
115d11
116d11
120812
126312
124512
122712
121712
122c12
12a512
131613
133113
136b13
139313
130913
125b12
125f12
12bd12
12e512
12c512
124912
11a811
115e11
116611
117d11
11d211
125012
125d12
11e711
118611
116511
114311
111811
10db10
107710
103110
101610
0fc80f
0f8a0f
0fe90f
106910
107b10
106310
102c10
0fb80f
0f7e0f
0f8c0f
0f850f
0fbd0f
104b10
106310
101410
102410
107610
10c210
115511
11f811
121712
11e111
11bc11
11ad11
11c611
120e12
123512
120312
118a11
10f710
108f10
109210
10df10
111711
110911
10b910
102a10
0f910f
0f3e0f
0f2c0f
0f1a0f
0ee10e
0e640e
0dc20d
0d580d
0d1e0d
0cd30c
0c960c
0c750c
0c2a0c
0ba80b
0b100b
0a770a
0a2a0a
0a2a0a
09f609
096a09
08c008
080e08
077407
06eb06
064006
05c905
05ae05
052d05
041904
034403
02d102
026002
020302
01a301
011201
009d00
003a00
ff90ff
feebfe
fe92fe
fe35fe
fdb8fd
fd2dfd
fc87fc
fc08fc
fbe1fb
fbbcfb
fb7cfb
fb62fb
fb58fb
fb0bfb
fa88fa
fa1efa
fa05fa
fa24fa
fa1efa
f9c7f9
f956f9
f90ff9
f8eef8
f8bff8
f88ff8
f8a3f8
f8d3f8
f8b6f8
f868f8
f84df8
f86ef8
f8a9f8
f8d3f8
f8b8f8
f874f8
f84df8
f827f8
f7f6f7
f80cf8
f86cf8
f8c2f8
f8e6f8
f8d9f8
f8daf8
f950f9
f9fff9
fa54fa
fa85fa
faeafa
fb0dfb
fab9fa
fa83fa
fab2fa
fb24fb
fbabfb
fbc9fb
fb57fb
fb21fb
fb91fb
fc18fc
fc6cfc
fcaafc
fcb5fc
fc92fc
fc76fc
fc62fc
fc7cfc
fce1fc
fd29fd
fd0cfd
fccdfc
fcabfc
fcb1fc
fce5fc
fd2ffd
fd6dfd
fd80fd
fd4cfd
fcf7fc
fccdfc
fcfffc
fd86fd
fdddfd
fd7efd
fcdafc
fc82fc
fc54fc
fc5dfc
fca7fc
fc87fc
fbe8fb
fb76fb
fb07fb
fa7dfa
fa98fa
fafefa
faa9fa
fa08fa
f98ff9
f8d1f8
f85bf8
f8aaf8
f8b9f8
f83df8
f7edf7
f764f7
f66af6
f603f6
f616f6
f5cff5
f578f5
f505f5
f3dcf3
f2d3f2
f295f2
f21ef2
f14ef1
f0f1f0
f061f0
ef30ef
ee54ee
edb7ed
ecd3ec
ec4fec
ebfceb
eaf7ea
ea0aea
e9aee9
e8bee8
e786e7
e720e7
e6d9e6
e642e6
e61ae6
e5e1e5
e4ffe4
e464e4
e42fe4
e398e3
e33ee3
e3a5e3
e3cbe3
e33ee3
e2a0e2
e239e2
e247e2
e31fe3
e415e4
e44ee4
e434e4
e437e4
e3fae3
e3d9e3
e4b6e4
e617e6
e725e7
e7efe7
e82ae8
e7d0e7
e867e8
ea4aea
ebe1eb
ecf3ec
ede3ed
edbbed
ecd7ec
ecc5ec
ed48ed
ee28ee
f00ef0
f183f1
f126f1
f0aaf0
f174f1
f2fcf2
f50ef5
f751f7
f8c9f8
f954f9
f935f9
f8c3f8
f906f9
fa6dfa
fc36fc
fd74fd
fd64fd
fc63fc
fc00fc
fcbafc
fe3dfe
009000
02bb02
03b303
040904
040204
03dd03
052a05
07a607
094109
09f909
0a2a0a
093d09
08b508
09f809
0b870b
0cc70c
0e2b0e
0e5d0e
0d580d
0d460d
0e520e
0fa40f
118011
130d13
12de12
11c511
114c11
119311
123d12
133013
13fd13
13f413
133c13
12b312
127f12
12ac12
13ae13
14a414
147914
142c14
142c14
13aa13
138113
142214
141614
13b413
13c713
12fa12
11d311
120e12
125d12
120412
125a12
128d12
11d311
11ac11
11bf11
10f810
10a310
10e610
107610
0fe60f
0fa20f
0ef20e
0e4f0e
0e2b0e
0e000d
0df80d
0e440e
0e820e
0eb40e
0ec00e
0ea20e
0edf0e
0f350f
0f390f
0f5e0f
0f600f
0ed90e
0e930e
0e920e
0e550e
0e860e
0f000f
0ee60e
0ee40e
0f570f
0f7b0f
0fac0f
103b10
106b10
106b10
10a110
107510
100610
0fef0f
0fe20f
0f9a0f
0f3a0f
0ed10e
0e950e
0e940e
0ea20e
0ea40e
0e4d0e
0dcb0d
0dc50d
0ddb0d
0da90d
0dc10d
0daf0d
0cd80c
0c4c0c
0c250c
0b8b0b
0b4b0b
0b8e0b
0b0d0b
0a520a
0a2a0a
09c509
097409
09df09
0a030a
09c709
09c909
095809
089b08
089708
08c108
089908
089208
085a08
07d207
079b07
078407
075307
076707
07a207
07cd07
07d407
076507
06e806
06ed06
06f206
06d606
06d806
067606
05c905
056a05
04f904
049404
04d504
04e304
043f04
03c203
036b03
02df02
028e02
024202
01b501
016701
012001
007800
fffbff
ffbbff
ff63ff
ff45ff
ff41ff
fef2fe
feabfe
fe84fe
fe48fe
fe26fe
fe11fe
fdf2fd
fdfbfd
fddcfd
fd79fd
fd60fd
fd51fd
fcd1fc
fc6efc
fc4dfc
fc16fc
fc21fc
fc49fc
fbeffb
fb8dfb
fb9bfb
fba9fb
fbb0fb
fbe6fb
fbfffb
fbe1fb
fba7fb
fb45fb
fb02fb
fb07fb
fb05fb
fae1fa
faa0fa
fa46fa
fa0ffa
fa09fa
fa18fa
fa62fa
fabffa
fac6fa
fa97fa
fa7afa
fa81fa
fad1fa
fb2ffb
fb47fb
fb5afb
fb79fb
fb58fb
fb3efb
fb5bfb
fb44fb
fb0cfb
fb00fa
fad5fa
fa77fa
fa2ffa
f9faf9
f9e2f9
f9f3f9
f9e6f9
f9aef9
f97bf9
f937f9
f8dbf8
f898f8
f85df8
f814f8
f7b4f7
f712f7
f653f6
f5d7f5
f582f5
f507f5
f483f4
f40ef4
f384f3
f2def2
f242f2
f1d0f1
f182f1
f137f1
f0dcf0
f06bf0
efeaef
ef7aef
ef23ef
eec4ee
ee69ee
ee25ee
edbfed
ed16ed
ec6fec
ebf3eb
eb86eb
eb32eb
eafeea
eaaaea
ea2aea
e9eae9
e9f1e9
e9e5e9
e9ede9
ea2fea
ea3aea
ea04ea
e9e9e9
e9a7e9
e94ee9
e985e9
e9d3e9
e982e9
e93ee9
e94be9
e903e9
e8cfe8
e911e9
e91ee9
e933e9
e9c3e9
e9c2e9
e920e9
e943e9
e9e3e9
ea1cea
ea86ea
eb0ceb
eaebea
eadeea
eb3feb
eb36eb
eb40eb
ec13ec
ec93ec
ec44ec
ec1cec
ec2eec
ec55ec
ed37ed
ee82ee
ef4aef
efe0ef
f096f0
f0f6f0
f143f1
f214f2
f303f3
f392f3
f3c6f3
f373f3
f2bdf2
f271f2
f2cbf2
f358f3
f409f4
f4d5f4
f539f5
f546f5
f5aef5
f6a1f6
f7f3f7
f96ef9
fa5dfa
fa57fa
fa0efa
fa32fa
fab9fa
fb8dfb
fc78fc
fd05fd
fd25fd
fd11fd
fd0cfd
fda3fd
fef9fe
007700
01b501
027702
029102
02af02
036c03
046604
057905
069e06
071107
06d106
06ce06
071b07
07ac07
08e408
09ec09
09f109
09d009
0a050a
0a430a
0afb0a
0c280c
0d030d
0dbf0d
0e500e
0df30d
0d870d
0e410e
0f4c0f
0fdc0f
103110
101110
0f940f
0f900f
0fd30f
0fe50f
105c10
113311
116b11
10ff10
10c510
10f810
115811
11b611
11d411
119d11
115c11
114211
111a11
110011
116211
11ff11
123b12
122f12
122b12
123b12
129012
130f13
134b13
137013
13b913
13b713
136313
132b13
131913
133d13
139813
13ac13
139113
13da13
143c14
144814
145214
147d14
14a214
14b714
147b14
13fb13
13b013
137713
130e13
12c512
129012
123112
11f311
11c511
115a11
112911
116511
118311
118111
118c11
114511
10ba10
106410
101810
0f8a0f
0ef50e
0e6b0e
0da60d
0cb60c
0bfa0b
0b730b
0af60a
0aa50a
0a6d0a
09e909
095009
090a09
08ad08
081108
07b107
074f07
068206
05bc05
050305
040c04
035803
02f202
024802
01c301
01b101
015a01
00da00
00d600
00dd00
00b100
00c500
00b300
001c00
ffa8ff
ff81ff
ff2aff
fec4fe
fe82fe
fe24fe
fdb5fd
fd72fd
fd3bfd
fcf0fc
fcc7fc
fccdfc
fcb0fc
fc68fc
fc5afc
fc65fc
fc1afc
fbd7fb
fbf9fb
fbfafb
fba6fb
fb69fb
fb35fb
fb02fb
fb25fb
fb4efb
fb2bfb
fb42fb
fbaffb
fbedfb
fc0dfc
fc41fc
fc5cfc
fc7cfc
fcb5fc
fcc2fc
fcbbfc
fce4fc
fd04fd
fd09fd
fd44fd
fdbafd
fe32fe
fe92fe
fee2fe
ff3cff
ffa3ff
000500
006200
00b100
00e800
010c01
010f01
00f400
010801
015301
019f01
020902
028c02
02d002
02f102
034703
03bb03
043c04
04c204
050105
04ed04
04d104
04c204
04ba04
04bd04
04b104
049504
046f04
041a04
03c103
03be03
03ee03
041804
043c04
043204
03ed03
03ab03
037003
033103
031303
02ea02
026802
01b801
011401
007200
ffe3ff
ff7aff
ff16ff
fe8dfe
fdd2fd
fd0dfd
fc74fc
fc02fc
fb94fb
fb16fb
fa65fa
f97ef9
f8a4f8
f7e9f7
f720f7
f640f6
f55bf5
f476f4
f395f3
f2bbf2
f1ebf1
f138f1
f097f0
efe4ef
ef1bef
ee51ee
eda3ed
ed13ed
ec82ec
ebfceb
eb94eb
eb10eb
ea6eea
ea00ea
e9bde9
e97be9
e967e9
e95fe9
e911e9
e8c6e8
e8bfe8
e8b5e8
e8a3e8
e8b4e8
e8a5e8
e857e8
e80ce8
e7c9e7
e7aee7
e803e8
e879e8
e8a4e8
e8bae8
e8e1e8
e8eee8
e911e9
e974e9
e9c5e9
e9eae9
ea08ea
ea02ea
e9ebe9
ea06ea
ea41ea
ea8cea
eaffea
eb52eb
eb64eb
eb7aeb
eb99eb
ebd4eb
ec80ec
ed4bed
edbfed
ee09ee
ee2dee
ee2fee
ee8dee
ef04ef
ef16ef
ef67ef
f000f0
efeeef
efb8ef
f03ff0
f0ddf0
f17ff1
f2bcf2
f3d4f3
f46af4
f54cf5
f645f6
f708f7
f849f8
f9a4f9
fa26fa
fa3efa
fa53fa
fa3afa
fa78fa
fb3efb
fbe7fb
fc61fc
fce2fc
fd4afd
fdc0fd
fe88fe
ffa4ff
00de00
01a801
01d801
01fe01
023d02
027002
02d302
033803
035b03
037003
033803
02ac02
02d102
03ab03
045304
04ec04
056805
053005
051805
05c705
065f06
06d006
078807
07c307
074507
06dc06
06c206
070f07
07b607
07f407
07bc07
07ab07
079c07
078707
07d607
085e08
090009
099609
096909
08c508
08c208
093409
09ab09
0a4c0a
0a810a
0a060a
09b709
09a409
098309
09ee09
0abc0a
0b1b0b
0b330b
0b330b
0b0d0b
0b660b
0c3c0c
0c990c
0ca60c
0d030d
0d3b0d
0d300d
0d7c0d
0e0f0e
0e8b0e
0f070f
0f550f
0f1d0f
0ed70e
0f0d0f
0f540f
0f480f
0f550f
0f8a0f
0f6c0f
0f350f
0f3f0f
0f230f
0efe0e
0f450f
0f5b0f
0ef30e
0ee10e
0f170f
0eec0e
0ec70e
0ed70e
0e9a0e
0e5a0e
0e520e
0dfb0d
0d930d
0da70d
0db90d
0d870d
0d7e0d
0d600d
0cf40c
0cc60c
0ccb0c
0c870c
0c550c
0c760c
0c570c
0beb0b
0bc00b
0bb20b
0b7b0b
0b7c0b
0ba70b
0b6d0b
0b100b
0b070b
0ae90a
0aac0a
0aeb0a
0b580b
0b4c0b
0b170b
0aec0a
0a8b0a
0a580a
0aa10a
0ada0a
0ad30a
0aac0a
0a1d0a
095b09
091f09
094c09
095309
091c09
088408
077707
069406
064206
063206
062e06
062906
05ca05
04ff04
044304
03f103
040504
044304
043804
03a203
02d202
021902
017901
011901
011d01
011b01
009700
ffbeff
ff04ff
fea2fe
fe95fe
fec6fe
fef3fe
fed0fe
fe4efe
fdaffd
fd3cfd
fd10fd
fd21fd
fd31fd
fcedfc
fc61fc
fbdefb
fb7bfb
fb3efb
fb3ffb
fb5efb
fb60fb
fb42fb
fb0afb
fad1fa
fae8fa
fb5bfb
fbc0fb
fbd7fb
fbc7fb
fbb9fb
fbbffb
fbdffb
fc1afc
fc6cfc
fcc3fc
fcf8fc
fd07fd
fd1bfd
fd66fd
fddffd
fe53fe
fea4fe
fedefe
ff09ff
ff28ff
ff51ff
ff86ff
ffb9ff
ffe0ff
ffe5ff
ffc3ff
ffb6ff
ffe2ff
001600
001800
ffedff
ffc9ff
ffc3ff
ffb9ff
ff96ff
ff79ff
ff70ff
ff56ff
ff0aff
fea0fe
fe43fe
fdfcfd
fdb1fd
fd5dfd
fd1afd
fce4fc
fc9ffc
fc3ffc
fbcafb
fb58fb
fafffa
faa2fa
fa29fa
f9abf9
f932f9
f8a9f8
f80cf8
f76df7
f6f8f6
f6c0f6
f67ef6
f5f7f5
f56cf5
f51ff5
f4f2f4
f4cef4
f4b3f4
f489f4
f448f4
f3faf3
f38bf3
f300f3
f29af2
f26bf2
f22ef2
f1ccf1
f185f1
f160f1
f11af1
f0d0f0
f0c5f0
f0c2f0
f0abf0
f0c0f0
f0cbf0
f086f0
f067f0
f09af0
f0adf0
f0bdf0
f0f1f0
f0d4f0
f096f0
f0cbf0
f109f1
f10af1
f161f1
f1d4f1
f1d8f1
f209f2
f298f2
f2c0f2
f2c2f2
f331f3
f368f3
f345f3
f38af3
f3d8f3
f3a1f3
f39ef3
f3e0f3
f3a9f3
f37ef3
f3dcf3
f3def3
f375f3
f37ef3
f387f3
f328f3
f339f3
f394f3
f356f3
f310f3
f33ef3
f30ef3
f2a1f2
f2dbf2
f334f3
f30df3
f303f3
f341f3
f33bf3
f327f3
f35ef3
f388f3
f387f3
f3adf3
f3e1f3
f3edf3
f40ef4
f461f4
f499f4
f4b8f4
f521f5
f5baf5
f630f6
f6a8f6
f735f7
f791f7
f7eef7
f8a5f8
f952f9
f9a2f9
f9dcf9
f9eef9
f9b0f9
f99bf9
f9ebf9
fa41fa
fa92fa
faf1fa
fb03fb
faeafa
fb59fb
fc49fc
fd28fd
fde4fd
fe85fe
feb9fe
feadfe
feebfe
ff43ff
ff66ff
ffb9ff
003300
002200
ffd1ff
000400
006c00
00c800
018601
025302
02a002
02e502
034c03
037003
03d103
04cc04
058f05
05d705
061d06
064606
065c06
06f706
07eb07
08a108
092a09
09a609
09f409
0a380a
0ab40a
0b730b
0c5c0c
0d260d
0da90d
0e090e
0e670e
0edc0e
0f7f0f
102510
10a410
10ec10
10d510
109410
10b110
110d11
114b11
118b11
11ab11
116211
113611
117b11
11a811
11ab11
11c711
11a811
115711
115111
115e11
114311
115911
116c11
110a11
10a310
108210
104a10
100810
0fe70f
0f8c0f
0efc0e
0e9f0e
0e590e
0dfa0d
0db90d
0d750d
0ce30c
0c550c
0c100c
0bc70b
0b660b
0b260b
0ac90a
0a260a
099c09
092809
087708
07de07
07a907
075807
06c406
065d06
060906
059605
055e05
055505
051705
04d404
04a604
043604
03c703
03b803
039903
034803
032d03
02f402
024102
01ab01
016b01
010901
00b000
00a600
007d00
001300
ffc2ff
ff86ff
ff60ff
ff74ff
ff70ff
ff17ff
fec3fe
fe8bfe
fe33fe
fde1fd
fdc5fd
fdb2fd
fd87fd
fd58fd
fd33fd
fd0cfd
fcecfc
fd01fd
fd4afd
fd88fd
fdb6fd
fde5fd
fdeafd
fde4fd
fe2cfe
fe82fe
fe98fe
feb7fe
fedefe
fec5fe
feb4fe
fee7fe
ff16ff
ff51ff
ffb2ff
ffe3ff
ffe4ff
001700
006500
00ac00
012e01
01cb01
021e02
024702
028202
02b802
02f902
036403
03b403
03bf03
03c403
03e803
041804
045304
049304
04bd04
04dc04
04fa04
04fd04
04eb04
04fc04
053405
055305
054005
052305
050705
04e104
04c604
04bc04
04bb04
04cd04
04e004
04c304
048604
046504
046904
046e04
044a04
03ee03
038203
032d03
02d702
026c02
020d02
01c901
017601
00f300
006b00
000000
ff8cff
ff09ff
feabfe
fe45fe
fda4fd
fd13fd
fc9efc
fbfbfb
fb60fb
fafefa
fa88fa
f9edf9
f950f9
f893f8
f7e3f7
f784f7
f71cf7
f67df6
f5f7f5
f573f5
f4b5f4
f40ff4
f3b3f3
f35ef3
f2faf2
f29cf2
f235f2
f1c7f1
f167f1
f11af1
f0e3f0
f0acf0
f05ff0
f006f0
efb4ef
ef5eef
ef10ef
eef4ee
ef16ef
ef35ef
ef0fef
eed9ee
eee3ee
ef02ef
eefeee
ef10ef
ef31ef
ef1def
ef14ef
ef58ef
ef90ef
efb7ef
f023f0
f087f0
f0aaf0
f0fdf0
f175f1
f1b1f1
f1f6f1
f264f2
f2abf2
f2f5f2
f362f3
f39ff3
f3d6f3
f44bf4
f49df4
f4c5f4
f532f5
f5aef5
f5f7f5
f658f6
f6d5f6
f72df7
f77ef7
f7d8f7
f81df8
f874f8
f8f6f8
f969f9
f9caf9
fa4afa
fac9fa
fb1dfb
fb86fb
fc27fc
fca4fc
fccdfc
fcfcfc
fd5afd
fda8fd
fde1fd
fe37fe
fe92fe
fec0fe
fecefe
feddfe
fef8fe
ff19ff
ff2bff
ff31ff
ff40ff
ff3eff
ff12ff
fef8fe
ff08ff
fef5fe
feb7fe
fe8dfe
fe50fe
fdebfd
fdc2fd
fdc4fd
fd85fd
fd3dfd
fd1cfd
fcd3fc
fc92fc
fc9dfc
fc77fc
fc10fc
fc01fc
fc1ffc
fc01fc
fbfdfb
fc20fc
fbeffb
fb85fb
fb34fb
fac3fa
fa38fa
f9ebf9
f9a8f9
f931f9
f8d3f8
f8aef8
f893f8
f89ff8
f8dbf8
f8fbf8
f911f9
f956f9
f98ff9
f9b5f9
fa09fa
fa59fa
fa78fa
faaefa
fae6fa
fae1fa
faf0fa
fb3cfb
fb79fb
fbb2fb
fc24fc
fcbffc
fd72fd
fe3efe
fefdfe
ff99ff
003300
00ed00
01b901
025d02
02da02
036203
03d703
041204
045904
04dc04
056a05
05e605
064206
066106
068106
06f906
07a607
084008
08c308
091c09
093909
095609
09a109
09fa09
0a500a
0a9e0a
0ab10a
0a8d0a
0a800a
0aa00a
0ad90a
0b190b
0b3c0b
0b410b
0b550b
0b740b
0b8b0b
0bb00b
0bdf0b
0bff0c
0c1a0c
0c290c
0c290c
0c350c
0c430c
0c400c
0c5b0c
0c9f0c
0ccf0c
0cd90c
0ce00c
0cfa0c
0d1c0d
0d2e0d
0d350d
0d450d
0d470d
0d3e0d
0d440d
0d470d
0d400d
0d4f0d
0d5f0d
0d560d
0d400d
0d0e0d
0cc60c
0c9f0c
0c920c
0c6c0c
0c340c
0beb0b
0b7b0b
0b040b
0aa70a
0a570a
0a030a
09ae09
095e09
092009
08e608
089308
082708
07ce07
07a107
077507
071e07
06ab06
062306
058005
04f204
049904
044404
03cc03
034303
02ca02
027102
023502
020902
01df01
01a701
015901
010201
00a200
004600
000700
ffceff
ff79ff
ff21ff
fedbfe
fe9cfe
fe67fe
fe39fe
fe01fe
fddafd
fddffd
fdfffd
fe22fe
fe46fe
fe68fe
fe81fe
fe9dfe
fed4fe
ff0cff
ff23ff
ff26ff
ff32ff
ff4fff
ff88ff
ffc4ff
ffd7ff
ffe0ff
000500
001f00
002900
005400
008d00
00a700
00ae00
00bf00
00e200
011301
013d01
015a01
015e01
014401
012a01
012401
012801
013901
013801
00ff00
00b700
008700
005700
002300
fff7ff
ffb8ff
ff6aff
ff2cff
fee7fe
fe93fe
fe5efe
fe3dfe
fdf2fd
fd8afd
fd34fd
fce1fc
fc79fc
fc0ffc
fba6fb
fb2ffb
fac5fa
fa70fa
fa10fa
f9adf9
f95af9
f8fef8
f8b1f8
f8a1f8
f89cf8
f866f8
f819f8
f7d1f7
f78af7
f74cf7
f726f7
f70bf7
f6bff6
f63af6
f5e0f5
f5def5
f5d5f5
f5a9f5
f593f5
f57bf5
f52df5
f4dff4
f4d7f4
f4f8f4
f4fef4
f4f6f4
f505f5
f503f5
f4def4
f4d2f4
f4e3f4
f4f6f4
f527f5
f54ef5
f531f5
f535f5
f58ef5
f5d2f5
f600f5
f65df6
f6a6f6
f6aff6
f6caf6
f70bf7
f73cf7
f765f7
f7a2f7
f7e3f7
f807f8
f818f8
f848f8
f894f8
f8bcf8
f8bcf8
f8d4f8
f906f9
f921f9
f92af9
f943f9
f95df9
f96cf9
f998f9
f9d4f9
f9ddf9
f9cbf9
f9d8f9
f9e0f9
f9e1f9
fa17fa
fa5bfa
fa60fa
fa6cfa
fab9fa
faf2fa
fb05fb
fb5bfb
fbe1fb
fc2cfc
fc6cfc
fcdefc
fd2bfd
fd5efd
fdf0fd
fe88fe
feaafe
feccfe
ff31ff
ff6aff
ff87ff
ffd8ff
003300
007e00
00bd00
00c600
00b700
00d300
00fb00
010c01
011801
011d01
010f01
00ed00
00bf00
00bf00
010601
013901
012101
010301
010801
010901
010901
013001
014f01
012401
00da00
00a700
007800
006200
008100
007900
000a00
ff8aff
ff51ff
ff52ff
ff69ff
ff77ff
ff61ff
ff2fff
fefefe
feeefe
ff0bff
ff47ff
ff8eff
ffb9ff
ffaaff
ff8cff
ff88ff
ff8eff
ffa9ff
ffe8ff
001e00
002900
001a00
001100
003900
009a00
00fa00
013d01
017301
019301
019101
018101
018801
01ba01
01f401
020002
01f501
020002
020b02
020102
020d02
025002
02ad02
02e402
02e502
02d902
02e402
030d03
035803
039f03
03ae03
038803
035403
032d03
032803
034f03
038e03
03aa03
037403
031803
02f502
030a03
031a03
031803
030703
02e402
02c002
02a202
028e02
02a102
02bb02
02a302
027502
025c02
023f02
021d02
020f02
01f601
01cc01
01cc01
01de01
01be01
018c01
016d01
014d01
014701
016801
017b01
017f01
017e01
014701
011701
015201
019701
018601
016601
013601
00c200
007c00
00a700
00ce00
00c100
00b600
009300
003800
ffefff
ffefff
fffeff
ffe0ff
ffa6ff
ff4fff
fed1fe
fe7efe
fe89fe
fea2fe
fea0fe
feacfe
fea6fe
fe75fe
fe69fe
fe81fe
fe7bfe
fe80fe
feb7fe
fecffe
fea6fe
fe9ffe
feedfe
ff49ff
ff77ff
ff9bff
ffe7ff
003b00
005c00
006500
009500
00ec00
014a01
019901
01be01
01c501
020502
029302
031403
036803
03cb03
044404
04a504
04f704
056605
05e705
064806
068e06
06df06
072507
074507
077707
07c207
07e307
07f107
080f08
081108
081708
085908
088608
087508
087008
087d08
089708
08de08
090109
08bf08
088b08
08a708
08c108
08be08
08b808
089b08
086608
083308
080508
07e707
07df07
07ba07
075107
06d306
068006
064906
060406
05b405
054d05
04b304
040504
037f03
030203
026602
01d501
015201
009300
ffbeff
ff35ff
fea9fe
fdcefd
fd23fd
fcc2fc
fc14fc
fb39fb
faaffa
fa26fa
f970f9
f8eaf8
f86ff8
f7bef7
f72ff7
f6c4f6
f61ef6
f57ef5
f544f5
f51af5
f4b8f4
f45df4
f40ff4
f398f3
f32ff3
f307f3
f2bbf2
f237f2
f1fdf1
f1eff1
f19ff1
f171f1
f1a8f1
f1c0f1
f1a7f1
f1a9f1
f1a1f1
f197f1
f1d0f1
f206f2
f1faf1
f1f5f1
f21bf2
f23af2
f242f2
f260f2
f2abf2
f2f2f2
f327f3
f371f3
f3bdf3
f407f4
f48df4
f511f5
f54ef5
f5b4f5
f64df6
f69af6
f6e7f6
f778f7
f7c6f7
f7edf7
f869f8
f8d8f8
f912f9
f981f9
f9d7f9
f9faf9
fa95fa
fb65fb
fbc6fb
fc36fc
fcf6fc
fd73fd
fde7fd
feb7fe
ff56ff
ffbfff
007800
010601
011c01
017701
021702
027202
02e602
038e03
03e803
043804
04c004
051405
056205
060106
066506
067406
06d306
077007
07c707
07d307
07d307
07fb07
084a08
087608
087108
086708
087008
089e08
08bc08
088008
083e08
084608
083c08
07fd07
07d807
07c107
07a307
079107
074a07
06bf06
066306
064506
060c06
05ae05
054805
04d604
046c04
042504
03ed03
039703
031b03
029c02
022d02
01ca01
017b01
013501
00de00
009300
006200
002800
fff3ff
fff5ff
fffbff
ffc8ff
ff97ff
ff9cff
ffa9ff
ffadff
ffbbff
ffbaff
ffc3ff
000800
004900
005b00
00a100
012001
016301
016301
015f01
016a01
01a201
01f501
021202
021502
024802
028902
02b402
02cb02
02bf02
02b102
02d502
02f402
02da02
02bc02
02c602
02c902
02a102
028602
028902
026602
024002
025402
024302
020702
022702
024002
01da01
01ac01
01cf01
017e01
013001
016f01
017f01
014501
015401
015101
012301
014501
015e01
013601
015f01
019d01
017c01
018401
01ce01
01d501
01e101
023102
024c02
023e02
026602
028102
026c02
027d02
02b402
02cb02
02c602
02d602
02f802
02fb02
02e702
02f402
02f102
02aa02
027c02
027d02
023d02
01e301
01c901
01a401
015501
011f01
00e000
008400
005100
002300
ffc6ff
ff76ff
ff42ff
ff02ff
febffe
fe6efe
fe01fd
fda0fd
fd46fd
fcd3fc
fc6dfc
fc21fc
fbc4fb
fb62fb
fb11fb
fab4fa
fa51fa
fa04fa
f9bef9
f96af9
f914f9
f8cbf8
f88ff8
f849f8
f7f6f7
f7b4f7
f78ef7
f773f7
f750f7
f71df7
f6eff6
f6f7f6
f722f7
f732f7
f73af7
f765f7
f79cf7
f7d8f7
f81ff8
f84cf8
f874f8
f8ccf8
f926f9
f977f9
f9f9f9
fa6bfa
fa9efa
fb06fb
fb93fb
fbdafb
fc3dfc
fcdffc
fd38fd
fd89fd
fe23fe
fe8afe
fed0fe
ff54ff
ffb2ff
fff1ff
008000
00f200
011501
017301
01de01
01ff01
023202
028302
02bf02
030703
033303
033503
036603
039d03
03a303
03c603
03f303
03e903
03e603
03eb03
03d503
03d703
03c903
038303
036403
035403
02f902
02bf02
02db02
02c502
026102
020b02
01db01
01b101
016e01
011e01
00eb00
00b700
007000
005a00
003d00
ffc1ff
ff68ff
ff71ff
ff35ff
feaefe
fe6ffe
fe3cfe
fdccfd
fd7dfd
fd4bfd
fcddfc
fc69fc
fc24fc
fbcefb
fb5bfb
faf1fa
fa94fa
fa3efa
f9e6f9
f986f9
f92ff9
f8d8f8
f89cf8
f8aff8
f8b9f8
f867f8
f83cf8
f867f8
f86cf8
f861f8
f87cf8
f864f8
f841f8
f870f8
f89df8
f8b6f8
f8f1f8
f913f9
f932f9
f97ef9
f994f9
f99ff9
fa28fa
fab0fa
fad5fa
faf7fa
fb06fb
fb15fb
fb87fb
fbdcfb
fbccfb
fbfbfb
fc2ffc
fc14fc
fc65fc
fce0fc
fca1fc
fc7efc
fd07fd
fd27fd
fceafc
fd2efd
fd64fd
fd4cfd
fdbafd
fe3bfe
fe1efe
fe43fe
feeffe
ff35ff
ff48ff
ffacff
ffe7ff
002800
00df00
015201
015801
01c001
023f02
026802
02d602
036403
037d03
03a603
042a04
048a04
04d604
053b05
058305
05c905
061c06
064806
067606
06ab06
06b106
06c806
070007
070107
070006
074207
077307
077607
078407
079007
079b07
07d207
07fd07
07df07
07dc07
082f08
085e08
085e08
089308
089f08
085208
087108
08ca08
089008
085d08
088708
084208
081108
088708
088608
081508
086708
08db08
08bd08
08d208
091809
091b09
094309
096f09
094609
094e09
098509
097109
096009
096709
093c09
092d09
096509
099109
098d09
095a09
092c09
095809
097209
092609
090609
091d09
08dc08
08a408
08cf08
08ab08
083c08
084408
086b08
081908
07d207
07cf07
079807
077207
079007
074a07
06c206
06ad06
06a106
063e06
060306
05d105
055605
050805
04e404
048204
042704
03f203
039a03
033f03
02ee02
026802
01ed01
01d301
01d701
018901
00f100
009100
007c00
003000
ffe2ff
ffeaff
ffaeff
ff22ff
fef6fe
fed8fe
fe73fe
fe62fe
fe7dfe
fe43fe
fe11fe
fde0fd
fd7bfd
fd7cfd
fdc2fd
fda2fd
fd85fd
fda5fd
fd6efd
fd17fd
fd16fd
fd0afd
fcd9fc
fca8fc
fc48fc
fbe8fb
fbd2fb
fbb9fb
fb89fb
fb84fb
fb5efb
fafefa
fadcfa
facefa
fa61fa
f9fdf9
f9daf9
f97ef9
f91ef9
f91af9
f8d8f8
f846f8
f829f8
f822f8
f792f7
f729f7
f737f7
f71bf7
f6e4f6
f6c7f6
f67bf6
f64cf6
f690f6
f6cbf6
f6bdf6
f6adf6
f6a7f6
f6aff6
f6d8f6
f6fbf6
f70df7
f72ff7
f75af7
f75ff7
f73ef7
f75ef7
f7e2f7
f83ff8
f85ff8
f8c2f8
f934f9
f970f9
f9e6f9
fa7ffa
fad0fa
fb2efb
fba4fb
fbc3fb
fbe2fb
fc61fc
fcddfc
fd24fd
fd68fd
fd9ffd
fdc5fd
fe02fe
fe60fe
fec4fe
ff08ff
ff3aff
ff7bff
ffb4ff
ffdeff
001c00
005500
008100
00c900
010901
011d01
014101
017d01
01a501
01c301
01e901
021702
024d02
027602
028b02
02a502
02be02
02d702
02ff02
030203
02be02
029302
02b902
02bf02
025c02
01fb01
01d401
018b01
011e01
00bb00
003800
ffcaff
ffbdff
ff81ff
fedcfe
fe68fe
fe13fe
fd9bfd
fd51fd
fcedfc
fc3bfc
fbfafb
fbdcfb
fb18fb
fa84fa
fa7afa
fa00f9
f96af9
f95bf9
f8faf8
f83bf8
f819f8
f81ff8
f795f7
f72cf7
f73df7
f70ff7
f676f6
f60cf6
f607f6
f5f0f5
f59af5
f56df5
f571f5
f53cf5
f4e7f4
f4d7f4
f4f2f4
f4e1f4
f4aaf4
f48bf4
f47af4
f43cf4
f40af4
f43cf4
f475f4
f44ff4
f432f4
f46ff4
f4c0f4
f50cf5
f562f5
f593f5
f5a7f5
f5f2f5
f64ef6
f660f6
f691f6
f735f7
f7adf7
f7dcf7
f865f8
f8e0f8
f8c6f8
f921f9
fa31fa
fab8fa
fae1fa
fb92fb
fc26fc
fc69fc
fd2ffd
fdfafd
fe46fe
fefafe
000300
006d00
00b200
017701
022502
029302
032e03
03b403
03fc03
048e04
056005
05e305
064206
06ed06
07a707
083408
08bf08
093e09
099709
0a050a
0a7c0a
0ab80a
0ae00a
0b2b0b
0b7d0b
0bae0b
0bb90b
0bcd0b
0c270c
0c890c
0cab0c
0ccb0c
0cf30c
0ce50c
0ce50c
0d2a0d
0d450d
0d0d0d
0ce60c
0ccc0c
0c670c
0c020c
0c130c
0c1d0c
0b980b
0b2c0b
0b3c0b
0afb0a
0a690a
0a4f0a
0a360a
098509
08f708
08d308
086a08
07ce07
077407
073307
06d006
065306
05e305
05b905
058805
050805
04cb04
04f604
04bd04
043b04
044304
047404
042504
03e403
041a04
043704
041d04
043204
045a04
047404
04bb04
050f05
052b05
053d05
055d05
057805
059e05
05b505
05b805
05ee05
062f06
062d06
062706
063906
064506
067506
069506
066906
066d06
069c06
066206
062306
064806
064f06
063006
062206
05db05
059305
05a305
05a405
057605
054305
04eb04
04c704
04f704
04bb04
044404
045104
045704
03f803
03c603
03a803
035f03
035703
036d03
034103
031903
030b03
02f602
030703
032603
031f03
033103
036503
037603
037803
039b03
03cb03
03e103
03e803
03fe03
03fe03
03d803
03ec03
041d04
03f803
03e203
041b04
03fe03
03a003
03a403
03b603
038e03
037d03
035903
030a03
02fc02
030803
02db02
02a102
026b02
024002
023d02
01fd01
017201
014101
015f01
012201
00a300
005100
001000
ffb0ff
ff57ff
ff13ff
feb0fe
fe49fe
fe1dfe
fdddfd
fd4bfd
fccefc
fc7bfc
fc13fc
fbc4fb
fb75fb
fae3fa
fa7cfa
fa52fa
f9eff9
f998f9
f972f9
f908f9
f8b4f8
f8b7f8
f85ef8
f7daf7
f7c9f7
f7b7f7
f78ff7
f7b2f7
f7aaf7
f761f7
f763f7
f77ff7
f79bf7
f7f6f7
f823f8
f822f8
f88af8
f8f3f8
f8f8f8
f933f9
f9b7f9
fa08fa
fa37fa
fa61fa
fa75fa
fa87fa
faa6fa
faeefa
fb58fb
fb91fb
fba9fb
fbdffb
fc18fc
fc61fc
fcb7fc
fcbbfc
fcb9fc
fd10fd
fd3ffd
fd35fd
fd6cfd
fd9bfd
fd9bfd
fdd6fd
fe21fe
fe4afe
fe88fe
feb6fe
fee4fe
ff60ff
ffafff
ffa6ff
ffe6ff
003800
001e00
000a00
001a00
ffe6ff
ffacff
ffc1ff
ffe8ff
ffc5ff
ff5dff
ff33ff
ff6cff
ff62ff
ff16ff
ff31ff
ff4aff
feeefe
fecefe
feeefe
fea4fe
fe57fe
fe66fe
fe35fe
fdc2fd
fd80fd
fd2efd
fcb8fc
fc97fc
fc92fc
fc2efc
fbbefb
fb98fb
fb6bfb
fb10fb
fabafa
fa5ffa
f9f7f9
f9adf9
f95ef9
f8d8f8
f85ff8
f817f8
f7d0f7
f793f7
f75cf7
f6f8f6
f6abf6
f6bff6
f6cbf6
f690f6
f665f6
f669f6
f66df6
f667f6
f654f6
f636f6
f635f6
f64ff6
f657f6
f650f6
f66ff6
f6a6f6
f6b2f6
f6c0f6
f716f7
f757f7
f751f7
f777f7
f7b8f7
f7a7f7
f7a6f7
f7f5f7
f810f8
f802f8
f83cf8
f876f8
f886f8
f8ccf8
f923f9
f93cf9
f95ff9
f9bbf9
fa11fa
fa4efa
fa8ffa
fad6fa
fb03fb
fb1cfb
fb69fb
fbdcfb
fc13fc
fc43fc
fcd5fc
fd66fd
fdb4fd
fe27fe
feb1fe
ff0dff
ff89ff
001f00
006400
00a500
013401
01ab01
020502
028d02
02f002
031803
037e03
040404
045204
04a904
050c05
053a05
058305
05fe05
064106
067406
06df06
071907
072007
077107
07c407
07bc07
07d207
083508
087a08
088b08
08a608
08d708
090c09
092d09
093f09
095709
095b09
095909
099409
09c109
098509
095d09
099209
09a009
098209
09a809
09d509
09d609
09ff09
0a330a
0a350a
0a520a
0a970a
0ac40a
0af80a
0b180b
0aeb0a
0af00a
0b470b
0b4b0b
0b2d0b
0b6c0b
0b8b0b
0b710b
0b9d0b
0ba50b
0b590b
0b6e0b
0b9f0b
0b5a0b
0b3b0b
0b690b
0b480b
0b230b
0b370b
0b020b
0ac00a
0ae10a
0b020b
0afc0a
0afc0a
0ad80a
0aae0a
0ab80a
0ab40a
0a950a
0a710a
0a240a
09d009
09a509
097109
093c09
091f09
08df08
088a08
084808
07ed07
079907
076507
06fc06
068006
063e06
05e705
056405
050505
04bb04
046904
042204
03cd03
037003
032e03
02ef02
02ab02
027002
024302
022802
01e701
018301
017501
017a01
011a01
00f200
011a01
00e100
00c200
010801
00d200
007e00
00b900
00a900
004900
006900
006800
0000ff
ffe6ff
ffd0ff
ff80ff
ff76ff
ff59ff
fefcfe
fed4fe
fe9efe
fe58fe
fe55fe
fdf6fd
fd68fd
fd87fd
fd68fd
fcaafc
fc7bfc
fc6afc
fbcdfb
fbb2fb
fbc4fb
fb01fb
fa7efa
faaefa
fa7dfa
fa0ffa
f9ecf9
f9e0f9
f9e6f9
f9c3f9
f974f9
f992f9
f9a3f9
f940f9
f975f9
f9f4f9
f9a1f9
f964f9
f9c2f9
f9bff9
f9a9f9
fa05fa
fa36fa
fa5ffa
fad7fa
fb36fb
fb95fb
fbfefb
fc36fc
fcc8fc
fd7afd
fd7efd
fd97fd
fe15fe
fe28fe
fe74fe
ff3bff
ff3dff
ff37ff
004600
00dc00
009000
00e000
016601
016f01
01c901
024402
022b02
020b02
023d02
027502
029b02
028a02
029102
031203
034703
02eb02
031203
03b003
03c903
03c103
041e04
043504
03e703
03f203
043d04
041d04
03d503
03f803
042304
03e603
03a203
039103
037d03
036703
033903
02ce02
028a02
027c02
022a02
01b601
017501
012201
00b500
006800
001600
ffadff
ff4bff
fef6fe
fec1fe
fe77fe
fde7fd
fd93fd
fd97fd
fd35fd
fc80fc
fc3dfc
fc23fc
fb99fb
fafcfa
fac0fa
fa96fa
fa28fa
f9d5f9
f9dbf9
f9a1f9
f90af9
f8e3f8
f904f9
f89ff8
f818f8
f7f4f7
f7d5f7
f79bf7
f757f7
f6e4f6
f692f6
f677f6
f621f6
f5c7f5
f5a4f5
f549f5
f4e3f4
f4dbf4
f4c8f4
f479f4
f44bf4
f44bf4
f474f4
f48bf4
f436f4
f3f9f3
f447f4
f474f4
f44cf4
f45cf4
f485f4
f48af4
f4b1f4
f4f4f4
f525f5
f557f5
f5a4f5
f611f6
f65bf6
f66ef6
f6cef6
f75af7
f78bf7
f7d8f7
f862f8
f88cf8
f8e8f8
f9c6f9
fa29fa
fa7cfa
fb76fb
fbf5fb
fc0ffc
fce2fc
fd76fd
fd84fd
fe5cfe
ff0cff
fecefe
ff66ff
007500
006900
00af00
01c901
01fe01
021002
030d03
036e03
035103
042a04
04e004
04c304
053305
05e005
05c905
05fa05
06c606
06fb06
06e706
076d07
07eb07
07fe07
083c08
088508
088a08
08bf08
091509
08fe08
08cf08
08ef08
08eb08
08ba08
08c808
08d308
08a908
08a108
088708
081408
07ce07
07ce07
079607
074d07
073607
06e906
065d06
061e06
060206
057f05
04fd04
050105
04ec04
046204
042a04
043704
03d103
039d03
03eb03
039403
02e902
032003
034d03
02cb02
02d302
033103
02f302
02ea02
035003
034303
034403
03b603
03cd03
03c903
041804
041104
03f203
045904
049c04
049004
04d704
051505
050a05
053a05
056d05
054f05
055e05
05a205
05a905
05a205
05c005
05c405
05b605
05d105
05f905
05fc05
05f805
060506
05fe05
05ef05
060706
060d06
05cf05
05ab05
05b105
059105
056505
055705
053b05
052405
052305
050005
04d604
04cf04
04cb04
04cc04
04d504
04c004
04be04
04e604
04fb04
051305
054705
055405
056005
059705
05ac05
05b105
05e805
060206
05f405
061106
062a06
062c06
065706
067106
065106
064806
065306
064506
064006
063406
060806
05ea05
05d105
059d05
057505
055c05
052d05
04f304
04bf04
049a04
048604
045804
041704
03f203
03c503
037b03
034303
02f902
028802
024002
020902
018f01
011401
00d500
008600
001100
ffacff
ff45ff
febdfe
fe39fe
fdd3fd
fd6cfd
fcf1fc
fc85fc
fc30fc
fbc1fb
fb37fb
facdfa
fa81fa
fa2bfa
f9cef9
f975f9
f91ff9
f8dcf8
f8b5f8
f898f8
f86ff8
f841f8
f832f8
f842f8
f83df8
f827f8
f836f8
f862f8
f894f8
f8daf8
f91cf9
f943f9
f96ef9
f9a0f9
f9c7f9
f9fff9
fa47fa
fa83fa
fac9fa
fb1afb
fb56fb
fb90fb
fbd7fb
fc1bfc
fc61fc
fcabfc
fce4fc
fd1bfd
fd53fd
fd83fd
fdc3fd
fe14fe
fe53fe
fe82fe
fea1fe
feb9fe
fefdfe
ff51ff
ff72ff
ffa5ff
001400
005200
005700
008100
00b500
00cb00
00ee00
011101
011d01
013e01
015c01
015901
016001
016801
014d01
013e01
013e01
011501
00e600
00e500
00e100
00c200
00b100
00ad00
008c00
005300
002d00
001400
ffdaff
ff8cff
ff53ff
ff10ff
feb4fe
fe67fe
fe1ffe
fdc0fd
fd6dfd
fd26fd
fcccfc
fc79fc
fc2efc
fbc5fb
fb56fb
fafafa
fa96fa
fa2dfa
f9cbf9
f961f9
f904f9
f8b0f8
f841f8
f7ddf7
f7a0f7
f755f7
f705f7
f6e2f6
f6b8f6
f66ff6
f64ef6
f651f6
f635f6
f611f6
f60ef6
f60cf6
f600f5
f600f6
f602f6
f5ecf5
f5c9f5
f5c4f5
f5dcf5
f5e0f5
f5c5f5
f5c0f5
f5e1f5
f5faf5
f600f6
f610f6
f636f6
f66df6
f6a8f6
f6d0f6
f6e3f6
f705f7
f749f7
f797f7
f7d0f7
f802f8
f841f8
f886f8
f8c9f8
f909f9
f947f9
f995f9
f9faf9
fa50fa
fa83fa
fac2fa
fb26fb
fb8ffb
fbf0fb
fc52fc
fcaefc
fd03fd
fd60fd
fdc0fd
fe15fe
fe70fe
fee2fe
ff54ff
ffabff
fff5ff
004b00
00aa00
011001
017b01
01cf01
020402
024902
02a602
02ef02
032e03
038503
03c903
03e803
041c04
046c04
04a604
04cd04
04fa04
052405
054c05
057705
059e05
05c205
05eb05
061306
063606
065506
067a06
06a906
06d306
06ef06
070807
071707
071b07
073307
076407
078f07
07b407
07db07
07fc07
083108
088708
08d108
08ff09
093509
096809
098809
09aa09
09d909
0a0a0a
0a420a
0a720a
0a830a
0a960a
0ac30a
0ae30a
0aee0a
0b0a0b
0b220b
0b150b
0b0d0b
0b170b
0b070b
0ae10a
0ad40a
0ada0a
0ad80a
0ac80a
0aae0a
0a9d0a
0a9f0a
0a990a
0a870a
0a810a
0a6e0a
0a420a
0a2a0a
0a230a
09fb09
09c709
09ac09
099a09
098709
096b09
092809
08d608
08a408
087808
083608
07ef07
07a407
074907
06f906
06c006
068206
063906
05f905
05b205
054c05
04e904
04b304
048d04
046004
043f04
041804
03d203
039403
037403
035903
034603
033603
030d03
02e702
02e302
02dc02
02d402
02e402
02f002
02e502
02d702
02c802
02c002
02cf02
02d102
02b702
029902
026e02
023502
021202
01fd01
01de01
01ba01
018a01
015301
012d01
00fa00
00a600
005d00
002100
ffd5ff
ff99ff
ff73ff
ff39ff
fef8fe
febcfe
fe70fe
fe2ffe
fe01fe
fdb9fd
fd5ffd
fd1bfd
fcd3fc
fc83fc
fc56fc
fc37fc
fc03fc
fbd5fb
fbb2fb
fb84fb
fb62fb
fb56fb
fb36fb
fb05fb
faf1fa
faf3fa
faf3fa
faf9fa
fb0dfb
fb2bfb
fb60fb
fb9ffb
fbc9fb
fbe7fb
fc15fc
fc57fc
fcabfc
fcf5fc
fd18fd
fd39fd
fd83fd
fddbfd
fe29fe
fe83fe
fedefe
ff1cff
ff59ff
ffb0ff
ffffff
002f00
005400
008900
00ca00
010801
013901
015e01
017e01
01a301
01db01
021b02
024902
027002
02a902
02e702
031403
032e03
033d03
035403
037b03
039a03
039c03
03a103
03c203
03e303
03e503
03de03
03e403
03ea03
03e203
03d103
03ba03
039b03
037d03
035703
032503
02f102
02bf02
028202
023a02
01f201
01ac01
016401
011801
00c300
006c00
001a00
ffc8ff
ff77ff
ff21ff
febdfe
fe4dfe
fde3fd
fd83fd
fd26fd
fcc8fc
fc6dfc
fc11fc
fbaffb
fb49fb
faeffa
faa6fa
fa57fa
f9f2f9
f982f9
f919f9
f8b5f8
f856f8
f7fff7
f7aaf7
f74df7
f6eaf6
f68df6
f637f6
f5dff5
f584f5
f52df5
f4d4f4
f473f4
f41bf4
f3d7f3
f39cf3
f35ff3
f32cf3
f304f3
f2dbf2
f2b9f2
f2a3f2
f28ef2
f276f2
f25df2
f241f2
f22ff2
f231f2
f230f2
f222f2
f226f2
f23cf2
f24df2
f268f2
f2a8f2
f301f3
f35ff3
f3b5f3
f3faf3
f438f4
f488f4
f4f3f4
f57df5
f61bf6
f6a9f6
f71cf7
f783f7
f7f0f7
f884f8
f946f9
f9fcf9
fa77fa
fad9fa
fb4bfb
fbd0fb
fc66fc
fd0bfd
fdb0fd
fe4cfe
fed8fe
ff4aff
ffafff
002000
00a800
014301
01d501
023f02
028f02
02e702
034b03
03b103
042204
04a004
051a05
058405
05e205
063b06
069e06
070c07
077007
07be07
07fb07
082408
084408
087108
089d08
08b508
08c708
08e008
08f708
090309
08fe08
08e708
08d108
08be08
089b08
086a08
083208
07e707
078e07
073f07
06fd06
06ba06
066f06
061106
05aa05
055805
051d05
04e604
04b004
047d04
043e04
03f003
03af03
038503
035d03
032903
02fc02
02da02
02bf02
02b302
02b802
02c002
02c902
02d102
02da02
02ed02
030103
030603
031503
033803
034703
034503
036403
03a403
03dc03
040204
041b04
042c04
044c04
047804
049504
04b204
04e204
050905
051305
052205
054805
057005
058905
059905
05a605
05ae05
05af05
05b805
05d705
05fa05
060306
05fc05
05f805
05f505
05f405
060206
061806
062306
062106
061306
05fd05
05f105
05f805
060306
060e06
061906
062406
063706
066206
069c06
06da06
071607
074207
075f07
078207
07ad07
07cd07
07e207
07fe07
082708
084e08
086908
088208
08a208
08bf08
08d408
08e808
08f708
090209
090c09
090709
08ef08
08dd08
08cf08
08b208
089208
088108
087408
086508
084f08
082708
07ff07
07f107
07e407
07c507
07a207
077307
072c07
06e106
069e06
065c06
061806
05c805
056705
050405
04a304
043904
03d503
037203
02ff02
028b02
022302
01ad01
012701
00b200
004e00
ffebff
ff7dff
fefbfe
fe7efe
fe29fe
fde5fd
fd8cfd
fd2efd
fcddfc
fc91fc
fc4afc
fc09fc
fbc9fb
fb97fb
fb74fb
fb5afb
fb57fb
fb61fb
fb67fb
fb7dfb
fbaafb
fbc7fb
fbd2fb
fbe8fb
fc05fc
fc21fc
fc44fc
fc5ffc
fc73fc
fc9bfc
fccefc
fcfbfc
fd2efd
fd64fd
fd89fd
fda4fd
fdc5fd
fde7fd
fe11fe
fe49fe
fe80fe
fea7fe
fec2fe
fedbfe
ff05ff
ff3fff
ff75ff
ff9bff
ffbdff
ffe6ff
001600
004600
006e00
009200
00bc00
00ed00
011801
013001
013e01
015c01
018b01
01b401
01ca01
01d301
01d301
01d801
01f301
020f02
021e02
023502
025502
027002
028202
028a02
028302
027a02
027302
025402
022502
01f901
01c401
018301
014301
00f700
009d00
005200
000700
ff99ff
ff1dff
feadfe
fe3ffe
fdd0fd
fd61fd
fcdefc
fc51fc
fbd4fb
fb58fb
facefa
fa46fa
f9c6f9
f94bf9
f8dff8
f876f8
f7fff7
f786f7
f717f7
f6b4f6
f667f6
f61ef6
f5b6f5
f538f5
f4ccf4
f478f4
f42bf4
f3e8f3
f3a4f3
f358f3
f318f3
f2e6f2
f2b1f2
f26ef2
f230f2
f205f2
f1f0f1
f1e1f1
f1c7f1
f1a6f1
f192f1
f191f1
f197f1
f19bf1
f1a7f1
f1bff1
f1e0f1
f208f2
f234f2
f259f2
f27df2
f2b2f2
f2f5f2
f32df3
f35af3
f390f3
f3dff3
f445f4
f4aef4
f516f5
f581f5
f5f1f5
f664f6
f6e3f6
f76af7
f7e1f7
f84ff8
f8c5f8
f937f9
f99cf9
f9fffa
fa69fa
fad2fa
fb3afb
fbaafb
fc23fc
fca2fc
fd1dfd
fd95fd
fe11fe
fe91fe
ff0cff
ff79ff
ffdeff
004800
00b500
011801
017401
01cc01
021602
025902
02a802
02f802
033803
037d03
03d803
043804
048404
04c004
04fb04
053a05
057905
05b705
05eb05
060c06
062606
064706
066906
068b06
06b806
06e906
071207
073807
076707
07a307
07ea07
082e08
086708
089908
08c208
08e608
091409
094009
095309
095f09
097a09
099509
09a709
09b509
09be09
09cc09
09e409
09f009
09e109
09cc09
09c109
09b809
09a609
098909
096b09
095209
094609
094109
093009
090e09
08eb08
08d908
08d908
08db08
08c708
089808
086e08
085408
083908
081808
07f707
07ce07
07a707
078907
076a07
074907
073007
070b07
06cf06
069506
066306
062906
05ef05
05c005
059405
055e05
051805
04c704
048504
045904
042c04
03f503
03c203
03a103
039103
038603
037303
035d03
034903
033403
032203
031803
031103
031303
031b03
031b03
031e03
033403
035103
036703
037903
038203
038203
038503
039003
03a203
03bb03
03c803
03ba03
03ab03
03a903
03a203
038b03
036a03
034303
031b03
02f102
02c102
029a02
028602
026b02
023802
01fd01
01c801
019d01
017501
013f01
00fc00
00c600
009a00
006000
001600
ffccff
ff8fff
ff69ff
ff50ff
ff28ff
fef8fe
fecefe
fea6fe
fe77fe
fe45fe
fe16fe
fdf7fd
fdf3fd
fdf7fd
fdf4fd
fdf7fd
fe07fe
fe23fe
fe4bfe
fe7efe
feaffe
fed8fe
fefafe
ff1cff
ff4bff
ff88ff
ffc2ff
fff1ff
001b00
005200
009c00
00f000
013701
017101
01a701
01dd01
021602
024b02
027002
028602
029d02
02be02
02e802
031403
033503
035603
038c03
03cd03
03fd03
041e04
044804
047904
049c04
04a404
04a304
04af04
04c704
04de04
04e904
04e304
04d204
04c404
04c704
04cf04
04c604
04a604
047d04
045504
043204
041404
03f703
03d603
03b303
038f03
036503
033003
02f302
02b802
028402
025002
021802
01db01
01a001
016801
012c01
00e800
00a800
006f00
002f00
ffe2ff
ff95ff
ff4aff
fefffe
fec5fe
fe97fe
fe58fe
fe09fe
fdbcfd
fd64fd
fd02fd
fcaafc
fc59fc
fc02fc
fba9fb
fb4cfb
fae5fa
fa80fa
fa1cfa
f9b7f9
f968f9
f92cf9
f8def8
f876f8
f80df8
f7aaf7
f753f7
f708f7
f6b7f6
f659f6
f5f9f5
f59ef5
f548f5
f4f9f4
f4a9f4
f454f4
f406f4
f3bff3
f374f3
f32cf3
f2f2f2
f2bff2
f291f2
f267f2
f248f2
f236f2
f229f2
f217f2
f1fdf1
f1e1f1
f1cbf1
f1cef1
f1f5f1
f22df2
f25af2
f27af2
f2a2f2
f2ecf2
f358f3
f3cff3
f43af4
f498f4
f4f9f4
f562f5
f5d0f5
f638f6
f69bf6
f704f7
f77bf7
f7fdf7
f880f8
f8fbf8
f96bf9
f9def9
fa63fa
fae9fa
fb5bfb
fbc1fb
fc2afc
fc89fc
fcdffc
fd3cfd
fda1fd
fe05fe
fe70fe
fee3fe
ff5eff
ffdeff
005200
00b900
013001
01ba01
023d02
02b002
031103
035903
039103
03cf03
041004
045004
049404
04d304
050205
052605
054105
055405
057905
05b705
05e505
05e005
05bb05
059905
058505
056f05
054705
051305
04df04
04a404
045f04
042104
03f203
03d003
03be03
03ac03
038203
034b03
031e03
02fd02
02ec02
02f202
02f502
02dd02
02bb02
029f02
028502
027d02
028702
028502
027302
026802
026702
026002
025c02
026502
027802
028e02
029d02
029502
028102
028302
02a402
02c602
02d402
02d702
02d802
02d902
02e002
02ee02
030303
032103
033503
032903
031103
030c03
031703
032403
033603
034703
034d03
034d03
035003
035403
035903
036203
037003
038303
038c03
038803
038103
037703
036f03
037503
038303
038803
038e03
03a703
03c903
03ed03
041b04
045604
048f04
04b904
04d004
04ea04
051805
054a05
056e05
059305
05c305
05f805
062706
064a06
066a06
069b06
06e006
071607
072e07
073f07
076107
078d07
07b207
07c307
07c207
07c407
07cd07
07d307
07d507
07da07
07dd07
07d807
07d307
07d107
07cf07
07c907
07b907
079e07
077807
074907
072407
070f07
06f206
06ba06
067906
063606
05e805
058e05
053505
04e504
049604
043f04
03dd03
037903
031703
02b502
025202
01ee01
018601
012201
00cd00
007b00
002100
ffc6ff
ff7aff
ff3aff
fef5fe
feaefe
fe70fe
fe31fe
fde8fd
fdaafd
fd85fd
fd6dfd
fd61fd
fd5ffd
fd57fd
fd4ffd
fd5efd
fd77fd
fd7efd
fd77fd
fd74fd
fd7ffd
fd99fd
fdb1fd
fdbefd
fdd4fd
fdfcfd
fe24fe
fe47fe
fe6dfe
fe96fe
fec1fe
fef2fe
ff1fff
ff4dff
ff87ff
ffbdff
ffe3ff
000b00
004000
007500
00a600
00d700
00fc00
011f01
014f01
018201
01ab01
01d201
01f501
021202
023a02
026f02
029d02
02c802
02f802
032403
034603
035c03
036803
037903
03a003
03ce03
03f203
040f04
042a04
044a04
047204
049304
04a804
04c104
04dc04
04da04
04bb04
049f04
049204
047e04
045504
042704
040404
03d803
038b03
032b03
02de02
02a602
025d02
01e801
016201
00f200
009400
002b00
ffafff
ff2cff
feaafe
fe2afe
fda4fd
fd17fd
fc97fc
fc2ffc
fbc7fb
fb4afb
fac4fa
fa46fa
f9d8f9
f971f9
f90af9
f89af8
f81af8
f79af7
f731f7
f6d7f6
f671f6
f601f6
f596f5
f527f5
f4b8f4
f458f4
f400f3
f3a6f3
f358f3
f316f3
f2d0f2
f28ef2
f25bf2
f225f2
f1e2f1
f1abf1
f190f1
f18ef1
f193f1
f188f1
f16df1
f15ff1
f16bf1
f184f1
f1a3f1
f1cbf1
f1f2f1
f211f2
f238f2
f26ff2
f2b3f2
f308f3
f367f3
f3b8f3
f3fcf3
f447f4
f49bf4
f4fff4
f576f5
f5e1f5
f628f6
f667f6
f6b6f6
f708f7
f760f7
f7c5f7
f82ef8
f898f8
f906f9
f96af9
f9bcf9
fa12fa
fa80fa
fb05fb
fb85fb
fbe4fb
fc30fc
fc89fc
fceefc
fd50fd
fdb2fd
fe13fe
fe6afe
fec2fe
ff22ff
ff80ff
ffdbff
003a00
00a100
011201
018001
01d501
021502
025f02
02ba02
031503
035c03
038c03
03b903
03f603
043304
046704
049e04
04de04
052705
058705
05f205
064906
069106
06e406
073c07
078b07
07d607
081f08
085f08
089808
08d108
090509
093009
095509
097609
099709
09bc09
09db09
09df09
09d209
09d009
09db09
09d509
09b809
099b09
098f09
099309
099609
099309
098f09
097f09
095c09
093809
091a09
08f508
08c908
08a108
087508
084008
080508
07c807
079507
076e07
074307
070b07
06cf06
068906
063306
05e305
059e05
055605
050e05
04c404
046e04
041704
03cd03
038503
033e03
02fe02
02bf02
028002
024802
021c02
01f501
01d401
01af01
018701
016601
014801
012201
010001
00f200
00f100
00f100
00f600
010901
011d01
012401
012401
013301
015901
018a01
01a801
01a501
019f01
01bc01
01f401
022402
023f02
024802
024502
024c02
025c02
026002
025d02
026002
026002
025b02
025202
023702
021402
020502
01fd01
01e501
01c301
019d01
017501
015b01
014b01
012801
00f100
00c000
009700
007200
005300
003800
001c00
fff9ff
ffcdff
ffa0ff
ff80ff
ff67ff
ff4dff
ff39ff
ff31ff
ff2dff
ff32ff
ff40ff
ff50ff
ff57ff
ff56ff
ff55ff
ff5dff
ff6dff
ff7eff
ff8aff
ff93ff
ff9eff
ffacff
ffc0ff
ffecff
003700
008700
00c000
00e500
010701
013201
016c01
01a801
01d101
01f101
021902
023602
023b02
024a02
027902
02b002
02da02
030503
033f03
037e03
03bc03
03fe03
044204
047b04
04a004
04c104
04e704
051105
053b05
056505
057c05
058005
058f05
05ad05
05bd05
05ba05
05b505
05a905
059805
059105
059305
058a05
057405
055405
052e05
050c05
04f204
04d404
04b604
04a304
048a04
045e04
042a04
040004
03e003
03bd03
038e03
036003
033d03
031a03
02e902
02af02
027a02
025002
022e02
020402
01c401
017a01
013601
00f500
00ae00
006100
000800
ffa4ff
ff45ff
fef2fe
fe9dfe
fe3bfe
fdcffd
fd68fd
fd11fd
fcbdfc
fc53fc
fbdcfb
fb75fb
fb25fb
fad3fa
fa70fa
fa04fa
f99df9
f93ef9
f8def8
f87bf8
f819f8
f7b8f7
f757f7
f6fff6
f6aef6
f65df6
f60af6
f5bef5
f580f5
f546f5
f509f5
f4c7f4
f48df4
f461f4
f43bf4
f412f4
f3edf3
f3d2f3
f3bef3
f3a0f3
f37cf3
f36ff3
f387f3
f3b1f3
f3e1f3
f418f4
f451f4
f484f4
f4bff4
f503f5
f54af5
f594f5
f5e0f5
f62bf6
f67df6
f6dbf6
f733f7
f784f7
f7daf7
f83af8
f899f8
f8f8f8
f959f9
f9b7f9
fa11fa
fa6afa
fabefa
fb0dfb
fb5ffb
fbb0fb
fbfcfb
fc44fc
fc8ffc
fce2fc
fd3efd
fd9dfd
fdf8fd
fe51fe
fea6fe
fef4fe
ff42ff
ff99ff
ffeeff
003200
006500
009500
00cc00
010901
014701
018401
01be01
01ef01
021a02
024302
026402
027302
027402
027102
027202
027602
027102
025c02
023b02
021402
01ea01
01c301
01a601
018e01
016a01
013b01
011101
00ed00
00c600
00a800
009500
007c00
005e00
004a00
004500
004a00
005400
005400
004600
003400
002000
000b00
000400
000300
fff1ff
ffdbff
ffdeff
ffeeff
fff6ff
fffaff
000100
001100
002300
002a00
003000
004800
006700
008300
009900
00a200
00a000
00ab00
00c400
00de00
00f200
00fd00
00fd00
010a01
012901
014701
015e01
017901
019501
01a901
01af01
01b201
01d201
021402
024802
024d02
023b02
023302
023602
024202
025802
027902
029d02
02bd02
02d802
030403
034903
039203
03ca03
03fb03
042604
044304
046204
049c04
04e704
052005
054105
055405
056305
057b05
05ae05
05ea05
061906
063b06
065c06
067a06
069406
06b506
06d606
06ee06
06fa06
070006
070207
070907
071507
072407
073d07
075f07
077207
076407
074f07
074f07
075707
075207
073f07
072307
070507
06ec06
06d806
06b706
068706
065306
062406
05f905
05c505
057c05
052605
04d104
047a04
042a04
03ec03
03a703
033b03
02ba02
025502
021a02
01ef01
01b801
016a01
011501
00c500
007c00
003a00
fff5ff
ffa4ff
ff53ff
ff10ff
fecefe
fe81fe
fe3bfe
fe17fe
fe10fe
fe06fe
fde5fd
fdbffd
fda9fd
fda8fd
fdb6fd
fdbcfd
fda7fd
fd82fd
fd6afd
fd66fd
fd6ffd
fd7ffd
fd87fd
fd83fd
fd7ffd
fd7cfd
fd79fd
fd89fd
fdacfd
fdd6fd
fe07fe
fe34fe
fe4bfe
fe64fe
fe9dfe
fee2fe
ff1aff
ff46ff
ff69ff
ff8aff
ffb2ff
ffddff
000c00
004300
007400
009f00
00d400
011101
014701
018301
01c101
01ef01
021b02
025302
028502
02b102
02e602
031c03
035203
039403
03dd03
042304
046a04
04b404
050004
054c05
059505
05da05
061206
063506
065506
068406
06ab06
06ae06
06a406
06a206
069c06
069006
067c06
065306
061a06
05e405
05b205
057e05
053e05
04e504
047304
03ff03
039203
032303
02ac02
023202
01bb01
014b01
00df00
006d00
fff7ff
ff82ff
ff09ff
fe87fe
fdfcfd
fd64fd
fccbfc
fc4dfc
fbdcfb
fb57fb
fac2fa
fa34fa
f9a8f9
f91ef9
f89df8
f813f8
f777f7
f6ecf6
f688f6
f627f6
f5aff5
f533f5
f4c9f4
f46df4
f410f4
f3abf3
f34cf3
f308f3
f2d8f2
f2a1f2
f25ef2
f22af2
f20ff2
f1fff1
f1eff1
f1e9f1
f1f1f1
f1f9f1
f200f1
f214f2
f23af2
f26cf2
f2a5f2
f2dff2
f310f3
f33df3
f379f3
f3d1f3
f438f4
f48ff4
f4d0f4
f51cf5
f57df5
f5e5f5
f64df6
f6b2f6
f705f7
f74ff7
f7abf7
f80af8
f85ef8
f8b5f8
f912f9
f966f9
f9bef9
fa1afa
fa5efa
fa9dfa
fafafa
fb64fb
fbb8fb
fc01fc
fc54fc
fca9fc
fd00fd
fd56fd
fd9efd
fde0fd
fe33fe
fe98fe
fef8fe
ff4bff
ff91ff
ffd4ff
002200
006f00
00a200
00c400
00ef00
012901
016b01
01ae01
01e801
021f02
025c02
029d02
02d902
032103
037b03
03d503
042504
046d04
04ac04
04e004
050d05
053805
056405
059b05
05d005
05f605
060e06
062306
063b06
065806
067906
069106
069306
068806
068806
068c06
067b06
065d06
065106
064d06
063b06
062406
061306
060106
05f305
05ec05
05d505
05aa05
057c05
055105
052405
04f904
04cf04
04a504
047b04
045004
042d04
040b04
03d303
038d03
035b03
033503
02fb02
02ae02
025e02
021602
01dc01
01a601
016301
012301
00f000
00bd00
008500
005200
001a00
ffdcff
ffafff
ff9bff
ff90ff
ff81ff
ff6cff
ff5bff
ff55ff
ff51ff
ff4dff
ff5bff
ff6fff
ff71ff
ff6dff
ff7aff
ff8dff
ffa0ff
ffb6ff
ffc4ff
ffccff
ffe4ff
000c00
003000
004800
005d00
007500
009500
00b900
00d200
00e400
00fb00
011701
013301
014c01
015d01
016801
017501
018801
019b01
01a201
019801
018601
017b01
017401
016001
014401
012e01
011f01
010801
00e800
00c700
00ac00
009400
007c00
006600
005800
005000
004300
002600
fffaff
ffd0ff
ffb1ff
ff9dff
ff98ff
ffa6ff
ffb6ff
ffb6ff
ffb5ff
ffc2ff
ffdfff
fffcff
000600
fffbff
fffdff
001800
003000
003700
004200
006300
009a00
00d500
00f600
00fc00
011101
014801
018901
01be01
01e001
01ef01
01f801
020c02
022102
022a02
023b02
026202
029102
02b502
02cd02
02ee02
032a03
037403
03ae03
03d603
03fd03
042904
045604
048104
04a304
04bb04
04d704
04ff05
052205
053805
055005
056805
057005
057005
057305
056a05
055405
054605
053b05
052505
051205
050805
04f504
04d504
04b804
04a304
049204
048104
046504
044504
043004
041f04
040904
03f203
03dd03
03cd03
03c303
03ae03
038703
036803
036403
036303
034a03
031e03
02ee02
02c202
029a02
026f02
023d02
020802
01cd01
018c01
014801
010401
00c100
008200
004300
000000
ffbbff
ff72ff
ff27ff
fee4fe
fea2fe
fe51fe
fdfdfd
fdadfd
fd4efd
fcdefc
fc76fc
fc23fc
fbdffb
fb98fb
fb3bfb
facafa
fa63fa
fa0dfa
f9c3f9
f97ef9
f931f9
f8d0f8
f875f8
f83cf8
f813f8
f7d7f7
f784f7
f72af7
f6ddf6
f6a8f6
f67bf6
f648f6
f61af6
f5f9f5
f5e7f5
f5e6f5
f5f4f5
f5fef5
f606f6
f615f6
f625f6
f632f6
f644f6
f65ef6
f67ff6
f6a7f6
f6d4f6
f70af7
f74af7
f78df7
f7d3f7
f822f8
f873f8
f8bff8
f90df9
f95ff9
f9b2f9
fa05fa
fa57fa
faa2fa
fae5fa
fb26fb
fb6cfb
fbc3fb
fc2bfc
fc8ffc
fce7fc
fd3efd
fd9dfd
fe04fe
fe70fe
fec8fe
fefefe
ff2bff
ff6dff
ffc6ff
002800
007b00
00b600
00f000
013d01
019301
01de01
021402
023502
025602
028a02
02ba02
02cc02
02c502
02c102
02cc02
02d702
02cb02
02b102
02a702
02b102
02b002
029602
027502
026102
025702
024b02
023202
020902
01dc01
01c501
01bf01
01ab01
018201
016001
015901
016401
016801
015101
012401
00fb00
00e900
00eb00
00e500
00c500
009c00
008600
007300
004e00
002900
001200
fff8ff
ffd8ff
ffc0ff
ffafff
ff98ff
ff86ff
ff7fff
ff78ff
ff71ff
ff68ff
ff58ff
ff46ff
ff3cff
ff36ff
ff29ff
ff15ff
fefcfe
fee7fe
fed8fe
fed0fe
fecffe
fed2fe
fed3fe
fed5fe
fee0fe
feeffe
fef5fe
fef3fe
feeffe
feeefe
fef2fe
fef9fe
fefefe
ff02ff
ff13ff
ff38ff
ff67ff
ff98ff
ffcbff
000100
003900
007200
00ad00
00eb00
012801
016001
018f01
01b701
01de01
020f02
024902
027a02
02a102
02ce02
02fc02
032503
034d03
037703
039e03
03c403
03dc03
03db03
03dd03
03fe03
042504
043504
043804
044304
046104
048e04
04b504
04cc04
04db04
04dc04
04d004
04ca04
04ca04
04bd04
04a604
049204
047904
045a04
044004
042c04
041504
03f503
03c203
038403
034b03
031b03
02f002
02c802
029602
025302
020802
01ba01
016d01
012701
00eb00
00bc00
009000
005700
001300
ffd5ff
ff9bff
ff60ff
ff31ff
fefbfe
feacfe
fe61fe
fe34fe
fe18fe
fe01fe
fdeefd
fdddfd
fdd5fd
fdd7fd
fdc8fd
fda6fd
fd8efd
fd83fd
fd78fd
fd70fd
fd70fd
fd70fd
fd6bfd
fd69fd
fd6bfd
fd6efd
fd68fd
fd57fd
fd4cfd
fd55fd
fd6afd
fd7bfd
fd90fd
fdaffd
fdd1fd
fdf4fd
fe22fe
fe55fe
fe7dfe
fea5fe
fed8fe
ff0bff
ff3eff
ff77ff
ffaaff
ffdeff
002100
006500
009700
00c500
010701
015401
01a301
01ed01
022702
025902
029402
02d302
030a03
034203
038503
03cc03
041204
045304
049604
04e604
054505
05aa05
060106
064606
068806
06d506
072307
076607
079c07
07d407
081408
085008
087108
087d08
088808
088a08
088008
087108
085208
081c08
07eb07
07bf07
077d07
072507
06d106
068206
062e06
05d505
057905
052205
04d204
047d04
041604
03a103
032403
02a902
023802
01ca01
015201
00cf00
004b00
ffd3ff
ff5fff
fed8fe
fe47fe
fdc0fd
fd3afd
fcb3fc
fc33fc
fbaffb
fb1ffb
fa97fa
fa19fa
f99af9
f917f9
f88af8
f7f6f7
f777f7
f713f7
f6b4f6
f65bf6
f60df6
f5b1f5
f557f5
f521f5
f4faf4
f4baf4
f46df4
f434f4
f41cf4
f41af4
f414f4
f40cf4
f41df4
f43ef4
f453f4
f467f4
f489f4
f4b3f4
f4dcf4
f4fff4
f524f5
f55bf5
f5a1f5
f5e9f5
f635f6
f683f6
f6ccf6
f71ef7
f77af7
f7d4f7
f82cf8
f880f8
f8cdf8
f921f9
f984f9
f9d8f9
fa20fa
fa73fa
faccfa
fb20fb
fb70fb
fbb5fb
fbf1fb
fc36fc
fc85fc
fcd2fc
fd23fd
fd78fd
fdc8fd
fe17fe
fe6dfe
fec6fe
ff24ff
ff7fff
ffd0ff
002500
008000
00cd00
010b01
014b01
018801
01bf01
01f901
023902
027e02
02cd02
032503
038403
03ea03
044704
049004
04d804
052505
056e05
05bb05
060e06
065906
069606
06ca06
06fa06
072807
075507
077a07
079c07
07bb07
07d507
07ee07
080808
081c08
082408
081f08
080e08
07fb07
07f007
07e207
07ce07
07b907
07a507
079107
077f07
076107
073707
071007
06e906
06b606
068406
065f06
063706
060006
05be05
057b05
053a05
04f104
049604
043804
03f003
03b803
036f03
030c03
02a302
024102
01dd01
017301
010701
00a900
005b00
000a00
ffafff
ff5eff
ff24ff
fef0fe
feb8fe
fe7dfe
fe43fe
fe10fe
fdedfd
fdd7fd
fdbffd
fda3fd
fd8dfd
fd81fd
fd78fd
fd69fd
fd60fd
fd6afd
fd78fd
fd7afd
fd7bfd
fd84fd
fd91fd
fda2fd
fdb6fd
fdc6fd
fddcfd
fe01fe
fe2efe
fe59fe
fe76fe
fe85fe
fe9bfe
febdfe
fedbfe
fef1fe
ff0cff
ff22ff
ff2bff
ff36ff
ff4aff
ff61ff
ff79ff
ff85ff
ff85ff
ff88ff
ff8dff
ff8aff
ff81ff
ff75ff
ff5fff
ff40ff
ff21ff
ff0eff
ff0eff
ff0eff
fef8fe
fed1fe
fea8fe
fe81fe
fe63fe
fe4cfe
fe2dfe
fe06fe
fdeafd
fdddfd
fdd9fd
fde0fd
fdedfd
fdf5fd
fdf6fd
fdf4fd
fdf0fd
fdf4fd
fe04fe
fe15fe
fe18fe
fe0afe
fdf6fd
fdf1fd
fe01fe
fe1afe
fe32fe
fe3afe
fe3bfe
fe48fe
fe5efe
fe73fe
fe8efe
feacfe
febffe
fecefe
fedafe
fedcfe
fee7fe
ff0bff
ff2fff
ff4cff
ff67ff
ff7dff
ff97ff
ffc9ff
fffaff
001b00
004000
006a00
009100
00c000
00f100
011101
013501
017401
01b601
01e201
020402
022702
024c02
026c02
028702
02ab02
02d002
02e402
02e502
02e702
02ef02
02fa02
02fe02
02fc02
030003
030803
030103
02f302
02ef02
02f002
02f602
030803
031503
030e03
030203
02fd02
02f802
02f802
030003
030803
031103
032603
034203
035903
035d03
035103
034a03
035503
036303
036003
034903
032503
030103
02e002
02c202
02a702
028802
025a02
022302
01ee01
01b901
018301
014501
00fc00
00b300
006f00
002b00
ffe9ff
ffacff
ff67ff
ff24ff
feedfe
feaefe
fe54fe
fdeafd
fd82fd
fd25fd
fcd9fc
fc93fc
fc4bfc
fc09fc
fbd2fb
fb9bfb
fb5ffb
fb19fb
facafa
fa80fa
fa35fa
f9dcf9
f986f9
f942f9
f902f9
f8cdf8
f8abf8
f88cf8
f876f8
f877f8
f878f8
f869f8
f863f8
f86bf8
f86ff8
f873f8
f87cf8
f884f8
f893f8
f8b2f8
f8d5f8
f8faf8
f91ff9
f93ff9
f961f9
f98ef9
f9c5f9
fa06fa
fa4bfa
fa88fa
fabbfa
faedfa
fb1efb
fb55fb
fb9bfb
fbebfb
fc40fc
fc9ffc
fd02fd
fd61fd
fdbbfd
fe14fe
fe6cfe
fec6fe
ff1eff
ff68ff
ffa4ff
ffddff
002000
006f00
00c100
010901
014e01
019a01
01df01
021602
025202
029a02
02d902
030903
033603
036403
038703
039d03
03a803
03af03
03bd03
03d703
03ee03
03fb03
03ff03
03f903
03f503
03fc03
040204
03f503
03e303
03de03
03e203
03df03
03d003
03c003
03b403
03b003
03b103
03b503
03b203
039e03
038103
036b03
035f03
035003
033703
031f03
031603
030c03
02f202
02d202
02b702
029802
027102
024302
020e02
01df01
01b601
018901
015d01
014001
012801
010c01
00e900
00bb00
008a00
006a00
005700
003d00
001d00
fff3ff
ffbfff
ff96ff
ff8bff
ff8fff
ff88ff
ff71ff
ff54ff
ff3cff
ff29ff
ff13ff
fefafe
fee3fe
fed0fe
fec7fe
feccfe
fed5fe
fed5fe
fed6fe
feebfe
ff12ff
ff3fff
ff6cff
ff9bff
ffd0ff
001000
005c00
00a400
00d500
00f400
010f01
012b01
015401
018e01
01c001
01da01
01f601
022002
024f02
027c02
029e02
02b502
02d302
02f202
02f802
02f402
030203
031603
032703
033c03
034e03
036003
037803
038a03
039203
03a103
03b503
03c203
03cc03
03d303
03cb03
03bb03
03ab03
039003
037903
037703
037403
035703
032e03
030803
02e502
02c902
02aa02
027502
023002
01ed01
01ac01
016401
011d01
00df00
00ad00
008800
006000
002500
ffe7ff
ffb4ff
ff87ff
ff57ff
ff1eff
fedbfe
fea1fe
fe78fe
fe4ffe
fe25fe
fe09fe
fdf1fd
fdccfd
fda5fd
fd88fd
fd6afd
fd4dfd
fd42fd
fd39fd
fd1ffd
fcfcfc
fcddfc
fcc6fc
fcbafc
fcb1fc
fc9ffc
fc84fc
fc69fc
fc54fc
fc49fc
fc47fc
fc47fc
fc3afc
fc24fc
fc14fc
fc07fc
fbf8fb
fbf5fb
fc09fc
fc23fc
fc34fc
fc40fc
fc4ffc
fc64fc
fc85fc
fcaafc
fcd1fc
fcfffc
fd28fd
fd43fd
fd64fd
fd96fd
fdcefd
fe0dfe
fe50fe
fe8dfe
fecefe
ff1cff
ff60ff
ff8dff
ffbfff
000500
005100
00a100
00f400
014501
019c01
020202
026602
02c002
032103
039003
03fc03
045a04
04a904
04f104
054205
059f05
05f705
063f06
068106
06c706
070c07
074b07
077d07
079f07
07b507
07b907
07a907
079107
077407
074907
071807
06f006
06cb06
06a306
067f06
065d06
062f06
05f305
05a905
055005
04f404
04ac04
046c04
041804
03a803
032703
02a002
022002
01ab01
013801
00c300
004700
ffc2ff
ff3bff
febdfe
fe44fe
fdbffd
fd32fd
fca9fc
fc20fc
fb8dfb
faeefa
fa46fa
f9a8f9
f926f9
f8aef8
f82cf8
f7b2f7
f74bf7
f6e0f6
f672f6
f61bf6
f5d2f5
f580f5
f52af5
f4dbf4
f497f4
f46ff4
f458f4
f431f4
f409f4
f3f6f3
f3eef3
f3eaf3
f3f0f3
f3f8f3
f40bf4
f43af4
f46ff4
f497f4
f4bbf4
f4e1f4
f511f5
f55bf5
f5b3f5
f601f6
f649f6
f695f6
f6e4f6
f73ef7
f7a7f7
f810f8
f872f8
f8c8f8
f913f9
f961f9
f9bdf9
fa1afa
fa77fa
faddfa
fb44fb
fba5fb
fc01fb
fc4efc
fc90fc
fcd8fc
fd2bfd
fd8dfd
fe04fe
fe72fe
fec6fe
ff20ff
ff95ff
000600
006000
00ac00
00f600
014a01
01ab01
020602
025502
02a302
02ff03
037103
03e603
044204
049204
04f604
057205
05f805
067c06
06df06
072607
077607
07d507
082d08
087b08
08c308
090209
094509
098b09
09bb09
09dd09
0a0d0a
0a440a
0a6a0a
0a750a
0a6b0a
0a640a
0a770a
0a8e0a
0a930a
0a950a
0a980a
0a930a
0a940a
0a9d0a
0a910a
0a6f0a
0a4f0a
0a2c0a
0a040a
09dc09
09a709
096309
092a09
08fe08
08cc08
088f08
084c08
07fd07
07ab07
075b07
070607
06ad06
064d06
05db05
055f05
04e604
046f04
03fd03
038f03
031c03
02a502
023302
01bf01
014701
00dc00
008000
002700
ffd4ff
ff8aff
ff3bff
fee7fe
fea3fe
fe78fe
fe55fe
fe28fe
fdf6fd
fdd8fd
fdd4fd
fdd2fd
fdc1fd
fdaefd
fda9fd
fdb3fd
fdc0fd
fdc2fd
fdb6fd
fdacfd
fdacfd
fdb7fd
fdcbfd
fddafd
fdd4fd
fdc9fd
fdcefd
fddcfd
fdebfd
fdfafd
fe08fe
fe1dfe
fe42fe
fe64fe
fe70fe
fe7afe
fe95fe
feaffe
feb9fe
feb1fe
fe9cfe
fe90fe
fe98fe
fea1fe
fe9efe
fe9ffe
fea2fe
fea3fe
feaefe
fec0fe
febefe
fea8fe
fe93fe
fe82fe
fe6dfe
fe59fe
fe44fe
fe30fe
fe26fe
fe23fe
fe21fe
fe29fe
fe3bfe
fe41fe
fe37fe
fe3cfe
fe5dfe
fe89fe
feadfe
febdfe
febffe
fec7fe
fee1fe
fef7fe
fef6fe
fef0fe
fefbfe
ff17ff
ff32ff
ff3cff
ff3bff
ff4eff
ff7cff
ff9fff
ff98ff
ff81ff
ff75ff
ff6dff
ff63ff
ff64ff
ff6fff
ff75ff
ff73ff
ff76ff
ff89ff
ffa9ff
ffc5ff
ffd3ff
ffd9ff
ffe5ff
ffff00
002500
004800
005a00
006000
006a00
008700
00b100
00d800
00f100
00ff01
010c01
012101
013c01
015901
017801
019201
019d01
019901
018f01
018501
018501
018e01
019401
019001
018501
017a01
017c01
019101
01a601
01a301
018f01
017a01
017301
017f01
019301
019901
019501
019c01
01b101
01cb01
01e401
01f901
020c02
022402
023102
022802
021d02
022302
022b02
022a02
021d02
020502
01ed01
01e101
01d801
01c001
019201
015701
012101
00ff00
00e500
00c300
009200
005e00
003400
001400
fff0ff
ffc3ff
ff88ff
ff37ff
fedcfe
fe85fe
fe36fe
fdeffd
fdacfd
fd64fd
fd1ffd
fce9fc
fcb5fc
fc72fc
fc2afc
fbe4fb
fb9cfb
fb55fb
fb0dfb
fabbfa
fa6bfa
fa2bfa
f9f7f9
f9c0f9
f98af9
f95ef9
f938f9
f915f9
f8f9f8
f8e0f8
f8c8f8
f8b9f8
f8b1f8
f8a3f8
f88bf8
f877f8
f871f8
f86ef8
f860f8
f84bf8
f83ff8
f840f8
f84df8
f85ff8
f868f8
f86ef8
f886f8
f8acf8
f8c6f8
f8cef8
f8d8f8
f8f4f8
f926f9
f968f9
f9a7f9
f9ddf9
fa19fa
fa6bfa
fac7fa
fb1dfb
fb6afb
fbb0fb
fbfffb
fc62fc
fcc8fc
fd1bfd
fd5afd
fd92fd
fdd9fd
fe3cfe
fe9efe
fedafe
ff08ff
ff4cff
ff9eff
fff3ff
004500
008300
00bb00
010501
014101
015101
015a01
018401
01c301
020702
024202
026002
027302
02a302
02e302
031103
032803
033803
034a03
036703
038d03
03b303
03d503
03f403
041804
044004
046404
047f04
049704
04ad04
04bd04
04cc04
04d604
04d404
04d604
04eb04
050405
050905
04f704
04dc04
04cf04
04d704
04dc04
04cc04
04aa04
048304
046204
044904
043304
041d04
040f04
03fc03
03db03
03bc03
03a003
036c03
032703
02f502
02d802
02b602
028402
024d02
021a02
01ef01
01cb01
01b201
01a301
019301
017801
015601
013b01
012901
011701
00f800
00d400
00be00
00b800
00b000
00a500
00ab00
00ca00
00f100
011001
012701
014b01
018801
01c901
01f701
021602
023b02
026802
029202
02b502
02dd02
030703
032b03
035503
038f03
03cd03
03fd03
041c04
042804
042d04
043204
043004
042304
041604
040e04
040804
041a04
043d04
045304
045704
045c04
046204
046704
046a04
046704
046604
046d04
046404
044004
041f04
040e04
03f903
03e303
03d203
03b603
038503
034b03
031703
02e802
02b202
026a02
021b02
01db01
01a501
016701
012301
00e400
00b100
008000
004300
fffeff
ffc9ff
ffa3ff
ff77ff
ff42ff
ff0cff
fed5fe
fea1fe
fe74fe
fe4bfe
fe25fe
fe08fe
fdedfd
fdd8fd
fdcffd
fdc4fd
fdadfd
fd96fd
fd86fd
fd7cfd
fd79fd
fd6ffd
fd51fd
fd38fd
fd31fd
fd1ffd
fcfafc
fcddfc
fcd0fc
fcc6fc
fcb5fc
fc99fc
fc74fc
fc56fc
fc48fc
fc3efc
fc34fc
fc28fc
fc17fc
fc05fc
fbf9fb
fbf4fb
fbf4fb
fbfafb
fbfafb
fbeefb
fbe4fb
fbeefb
fc09fc
fc28fc
fc45fc
fc61fc
fc84fc
fcb4fc
fcf3fc
fd3afd
fd6ffd
fd86fd
fd94fd
fdb9fd
fdf8fd
fe3cfe
fe79fe
feb6fe
fefcfe
ff49ff
ff9aff
ffefff
004b00
00b200
012301
018e01
01e001
022702
027e02
02ea02
035203
03a003
03da03
041504
046104
04bd04
051b05
056605
059905
05c105
05ea05
061506
063806
064b06
065306
065d06
066306
065a06
064306
062e06
061e06
060e06
05f105
05c605
059d05
058005
056105
053005
04eb04
049704
043e04
03e003
037e03
031d03
02c402
026a02
020502
019f01
014301
00e900
008500
001000
ff8cff
ff08ff
fe8bfe
fe10fe
fd8cfd
fcfffd
fc6afc
fbd4fb
fb49fb
fac1fa
fa37fa
f9b5f9
f942f9
f8d5f8
f85cf8
f7d7f7
f756f7
f6eef6
f69ff6
f652f6
f5f5f5
f58cf5
f532f5
f4f7f4
f4d1f4
f4a8f4
f479f4
f44cf4
f429f4
f40ff4
f3f8f3
f3ddf3
f3c1f3
f3b0f3
f3b0f3
f3bef3
f3d3f3
f3e9f3
f402f4
f429f4
f461f4
f499f4
f4c7f4
f4f6f4
f538f5
f58bf5
f5dff5
f62bf6
f675f6
f6c5f6
f720f7
f77ff7
f7daf7
f82cf8
f880f8
f8e0f8
f93df9
f987f9
f9c9f9
fa19fa
fa72fa
fac2fa
fb09fb
fb56fb
fbb8fb
fc29fc
fc96fc
fcf7fc
fd4ffd
fd9cfd
fde1fd
fe2ffe
fe8bfe
feedfe
ff4dff
ffa9ff
000400
006a00
00df00
015d01
01e001
026102
02db02
035603
03d803
045804
04c904
052605
057d05
05e505
066606
06dc06
072c07
076c07
07c607
083508
089308
08d608
090e09
094609
097809
09a109
09c309
09e009
09f909
0a0d0a
0a1a0a
0a210a
0a280a
0a340a
0a420a
0a4d0a
0a5b0a
0a720a
0a850a
0a830a
0a700a
0a590a
0a3d0a
0a1a0a
09f209
09cb09
09a209
096a09
092109
08d508
088e08
084508
07f607
07aa07
075c07
06fe06
069106
062006
05b105
054605
04e304
048104
041404
039f03
032f03
02ce02
027602
021802
01b601
016001
011901
00d200
008600
003e00
fffcff
ffc0ff
ff8eff
ff76ff
ff75ff
ff78ff
ff73ff
ff6aff
ff5fff
ff54ff
ff53ff
ff67ff
ff82ff
ff86ff
ff6eff
ff59ff
ff63ff
ff82ff
ff9cff
ffa6ff
ffa6ff
ffa1ff
ffa3ff
ffb7ff
ffd5ff
ffefff
ffffff
000300
000400
001400
003400
005000
005a00
005a00
005700
004d00
004600
005600
007400
008300
007f00
007f00
008700
008500
007500
007600
009200
009d00
007a00
004e00
004600
005100
004800
002700
000900
fffcff
fffbff
ffff00
000b00
001e00
003300
004800
005800
006300
006d00
007400
007500
007900
008600
009100
008f00
008800
008b00
009d00
00b100
00b700
00ad00
009c00
008d00
008100
007800
006600
004600
002000
fffdff
ffe0ff
ffc9ff
ffc0ff
ffc2ff
ffbfff
ffb1ff
ffa5ff
ffa7ff
ffb0ff
ffb4ff
ffaeff
ffa1ff
ff98ff
ff97ff
ff9cff
ffa2ff
ffa3ff
ff9eff
ff93ff
ff86ff
ff85ff
ff96ff
ffaeff
ffc0ff
ffcbff
ffd4ff
ffd6ff
ffccff
ffc0ff
ffb8ff
ffafff
ff9fff
ff91ff
ff97ff
ffa7ff
ffb1ff
ffb3ff
ffb7ff
ffb8ff
ffb1ff
ffafff
ffbcff
ffcfff
ffdaff
ffdfff
ffecff
000700
002400
003700
004400
004b00
004d00
005700
007400
009400
00a000
009f00
00aa00
00c800
00e300
00ef00
00f300
00f700
00f800
00ec00
00d500
00c400
00ba00
00ac00
009100
006e00
004d00
002f00
001900
001200
001200
000100
ffd3ff
ff92ff
ff5bff
ff35ff
ff0dff
fed4fe
fe97fe
fe6afe
fe46fe
fe18fe
fdddfd
fd9bfd
fd5cfd
fd24fd
fcf0fc
fcb9fc
fc85fc
fc55fc
fc1dfc
fbd9fb
fb8dfb
fb3dfb
faf5fa
fac8fa
faabfa
fa84fa
fa51fa
fa27fa
fa12fa
fa0efa
fa0cfa
f9f8f9
f9d0f9
f9a4f9
f98df9
f988f9
f978f9
f94bf9
f91af9
f8fff8
f8eff8
f8d9f8
f8c3f8
f8b6f8
f8abf8
f89bf8
f885f8
f86df8
f858f8
f847f8
f839f8
f831f8
f832f8
f840f8
f85ff8
f88cf8
f8bdf8
f8e6f8
f904f9
f924f9
f951f9
f983f9
f9b1f9
f9e3f9
fa23fa
fa6dfa
fab7fa
fafafa
fb37fb
fb77fb
fbbdfb
fc07fc
fc59fc
fcb1fc
fcf8fc
fd2cfd
fd5efd
fd98fd
fddefd
fe28fe
fe63fe
fe89fe
fea8fe
fed0fe
ff02ff
ff34ff
ff5bff
ff75ff
ff8cff
ffacff
ffdfff
001800
004500
007400
00b100
00f400
013001
016301
019801
01de01
023202
027802
02a402
02c402
02ec02
032203
035d03
038b03
03aa03
03cb03
03fa03
042504
043f04
044b04
045104
045c04
047204
048704
048d04
048a04
048904
048904
048704
048004
047504
046904
045a04
044604
042e04
041b04
041d04
042204
040004
03c003
038203
033f03
030503
02f302
02f102
02d502
02a502
027d02
026302
024602
021802
01ef01
01db01
01bc01
018901
015901
013401
011301
00fa00
00ed00
00e400
00ea00
010c01
012f01
013c01
015501
018f01
01c801
01f701
022402
023d02
025202
027402
029402
02bd02
02f802
033003
036e03
03b903
03f703
043604
047504
049a04
04bd04
04e704
04f204
04f004
04fe04
052205
055505
055e05
054105
056705
05ae05
05b005
05a405
05be05
05c905
05d405
05fa05
061206
061706
061806
060306
05d705
05b105
059f05
059005
057c05
057c05
057005
052c05
04de04
04a204
047104
046b04
045c04
040504
03c103
039c03
034003
02e802
02c002
027602
022602
01fe01
01d401
01b501
019501
014501
00f500
00be00
008700
005e00
002e00
fffbff
ffffff
000500
ffe5ff
ffecff
fff6ff
ffb7ff
ff7cff
ff73ff
ff68ff
ff4dff
ff32ff
ff22ff
ff1aff
fef6fe
febcfe
fe9ffe
fea1fe
fe86fe
fe44fe
fe2bfe
fe3bfe
fe0bfe
fdd2fd
fdeffd
fddffd
fd7afd
fd62fd
fd87fd
fd6dfd
fd29fd
fcf3fc
fcfdfc
fd2bfd
fd0ffd
fcc9fc
fca7fc
fc6ffc
fc47fc
fc73fc
fca1fc
fcbdfc
fcc5fc
fc9efc
fcc5fc
fd23fd
fd10fd
fcfdfc
fd3ffd
fd4bfd
fd79fd
fdfdfd
fe1cfe
fe11fe
fe4cfe
fe6cfe
feaefe
ff43ff
ffa7ff
000400
008100
00b200
00ea00
017101
01c701
01ec01
023902
02ac02
032703
035203
034903
03a803
041604
040904
042804
04a604
04da04
04df04
050f05
053a05
056705
059c05
059005
056a05
057b05
057605
055205
057d05
05aa05
056505
053f05
056c05
055a05
054005
055b05
051505
04b104
049d04
043b04
03b303
039703
035603
02d302
028f02
023702
01d401
01a201
012701
00b300
009500
fff5ff
ff1fff
fed4fe
fe50fe
fd85fd
fd36fd
fcd7fc
fc1afc
fb73fb
fad8fa
fa6efa
fa2dfa
f99cf9
f920f9
f8bdf8
f7d7f7
f742f7
f741f7
f6b8f6
f619f6
f60df6
f5d2f5
f578f5
f530f5
f49cf4
f46ff4
f48ff4
f412f4
f3d9f3
f413f4
f394f3
f317f3
f339f3
f337f3
f347f3
f341f3
f2c6f2
f301f3
f3a3f3
f35cf3
f32bf3
f368f3
f34bf3
f3a4f3
f450f4
f44ff4
f45ff4
f4b1f4
f4e7f4
f588f5
f5ecf5
f5bdf5
f601f6
f62af6
f614f6
f6cff6
f758f7
f74ff7
f7c0f7
f7f4f7
f83df8
f950f9
f955f9
f915f9
fa4afa
fa94fa
fa1ffa
fb1bfb
fb58fb
fad9fa
fc14fc
fcccfc
fc66fc
fd49fd
fdc7fd
fd65fd
fe4ffe
ff2aff
ff83ff
008c00
009700
003600
015b01
01fc01
01d401
028302
02be02
02e602
040e04
047004
047604
050405
04b904
051b05
06bf06
06b406
066806
07c807
07f407
072707
07b907
083908
084108
089a08
084708
081708
08be08
08b208
087e08
08f408
08ff08
091309
096e09
091f09
091409
096b09
091109
091809
097109
08b008
084508
08de08
08bc08
086108
089808
084b08
07d707
07e307
078607
06e306
06a106
065906
05f305
059105
055205
058005
054d05
046904
044304
045804
030003
020202
02b702
028002
00f000
00c700
016c01
00d500
003900
006e00
003300
ffbeff
ffd7ff
fff1ff
000300
003700
fffbff
ff9fff
ffc5ff
001700
002c00
ffc8ff
ff5fff
ffedff
009900
004f00
006f00
011f01
00b700
000500
002c00
005f00
00bf00
015b01
011f01
00b900
010c01
017001
01ab01
016201
00e900
020f02
03b103
03fd03
058805
08dc08
0a0c0a
07f107
044104
016301
00c500
feabfe
f9f5f9
f8b7f8
f9dbf9
f8acf8
fa8efa
ff27ff
fd9cfd
fc92fc
056005
0f300f
14e914
19d519
15e715
07c307
01c701
08a808
0a860a
00d300
f8fbf8
fb11fb
ff6eff
ffe5ff
01df01
06dc06
04e304
f999f9
f2def2
f9c1f9
00ea00
f862f8
ef51ef
fdfbfd
111a11
099609
fc74fc
04f304
0c010c
022402
feaafe
054205
055605
03be03
069006
07ce07
0a0a0a
0aec0a
017301
f929f9
fafefa
f745f7
ed6ced
ef80ef
f8edf8
fc5dfc
ffb7ff
061906
06c206
02ec02
031203
059505
037b03
fed5fe
ffdfff
045604
025f02
fd9dfd
008000
061606
047f04
fde7fd
f7f5f7
f5f8f5
fa2afa
fef2fe
fc68fc
f777f7
fa41fa
015a01
00c600
f9adf9
f9f6f9
020602
02a402
fc23fc
ffb3ff
0def0d
14db14
0d830d
047904
063f06
0c690c
07ba07
fc79fc
fa88fa
fe65fe
fdbdfd
fd74fd
fe04fe
f88bf8
f578f5
faa5fa
faf3fa
f5c9f5
f863f8
fd01fd
fb16fb
fdfbfd
07f607
0aef0a
074807
05ac05
034a03
013401
058605
07c407
00b800
fcc7fc
027302
058305
00b000
fc89fc
fd7ffd
ff32ff
fbd1fb
f5c8f5
f754f7
fd66fd
f987f9
f358f3
fb68fb
04c704
02ee02
078707
14b514
129012
04e204
030b03
07d607
038b03
fba8fb
f89df8
f7ddf7
f792f7
f7d1f7
f667f6
f4e0f4
f6dbf6
f702f7
eff0ef
ed53ed
f751f7
fc31fc
f3c4f3
f45ef4
03e203
0c9c0c
0c1b0c
0f110f
0f8b0f
057405
f7ebf7
ef2bef
eec4ee
f16cf1
eaf1ea
e10be1
e448e4
ee78ee
f3eef3
fc43fc
071507
060306
fcf5fc
fc09fc
03e503
08f608
03bd03
fa6cfa
f933f9
fc86fc
f903f9
f359f3
f207f2
eea7ee
e921e9
ea0fea
f0b0f0
f580f5
f626f6
f5a0f5
f63cf6
f975f9
024702
08ba08
ff41ff
f555f5
fed8fe
045304
f94df9
fd6bfd
0ac20a
fdf9fd
eefaee
fbf0fb
05a405
faa6fa
f4dbf4
f8a4f8
f817f8
f60ef6
f77bf7
fb33fb
ff5fff
ff3bff
fe2bfe
051805
0c250c
078507
ffacff
fda7fd
f9f7f9
f3bbf3
f4a8f4
f5c9f5
ebbdeb
e8b7e8
fe6dfe
121912
0a690a
036803
130713
19a319
0b0f0b
097409
15eb15
154a15
110611
161f16
187c18
17cd17
14db14
097f09
03f303
071107
01c401
fddffd
038e03
02e402
01c901
068e06
016c01
fb4cfb
004200
fee6fe
f6f7f6
f70cf7
fa4efa
fcebfc
ff72ff
fec3fe
fee4fe
ffacff
ff1aff
00c800
fd38fd
f774f7
008500
0a170a
064006
099d09
121512
0bf40b
05b505
0c170c
0eb10e
053c05
fbdafb
fb61fb
fa8ffa
f363f3
f233f2
f6b4f6
f574f5
f14ef1
eb30eb
ec94ec
034703
0ed50e
fbbafb
f57af5
023e02
021a02
ffddff
022d02
00e600
079a07
092109
00fb00
0fe60f
21a321
138d13
04ab04
06d906
0b9f0b
108910
0b270b
010a01
017a01
fc2afc
fc6efc
111311
0ed90e
fb25fb
014f01
034203
f8a7f8
037303
052b05
f3b9f3
f91af9
02e802
fc00fc
000f00
04bd04
f498f4
eee7ee
0fc40f
337533
208020
f84cf8
087708
24ab24
0e2d0e
023e02
12e312
047604
f26df2
039b03
10c810
07b107
f866f8
f29af2
fd8bfd
fa83fa
e621e6
ec54ec
fdf5fd
faecfa
fae3fa
032103
0aba0a
180118
172117
09e509
0b470b
098709
02da02
0f5b0f
154d15
09d309
06d206
038503
009300
0c600c
0cf00c
fea0fe
f9def9
f7a2f7
f98ff9
043204
ffc4ff
f587f5
fd2ffd
05ab05
05e605
023d02
f551f5
ee83ee
f687f6
fa7bfa
f9c7f9
f9adf9
f413f4
f089f0
f259f2
f427f4
f79ff7
f4e4f4
ef47ef
f765f7
fc51fc
f472f4
f8c8f8
013201
fddafd
044b04
0e4f0e
06f906
051005
0e5a0e
096409
011b01
07c307
0b750b
011101
f7c4f7
fa6afa
023702
045804
fffaff
f9bdf9
f8b6f8
01ac01
03a803
f592f5
f697f6
08c708
009e00
ebd9eb
f921f9
0f4f0f
0bb40b
052e05
069106
06fe06
122112
1cf71c
0e820e
003200
0b290b
11a511
051b05
01f501
0a9f0a
06a506
fcd4fc
01fa01
0a640a
047904
fd36fd
021202
064d06
011801
fed3fe
045a04
04a404
fce5fc
fb74fb
02d102
064906
065506
0b0a0b
0c0d0c
037b03
fea7fe
021b02
017801
fad1fa
f7d7f7
f922f9
f870f8
f8b1f8
00dc00
078e07
fe1ffe
f0c5f0
f45ef4
fd44fd
f6fbf6
ec42ec
ee5cee
f712f7
fc0efc
fee6fe
01ee01
031a03
020a02
020702
03f103
02ad02
fdb6fd
fa0efa
f3f1f3
ecfcec
f397f3
fbacfb
efc6ef
e7e1e7
f0def0
e80ae8
d748d7
e1f5e1
e8aee8
de98de
ee84ee
009a00
ef59ef
ee05ee
082d08
006800
e667e6
edb0ed
fa97fa
f123f1
ec68ec
f48bf4
f53ff5
f021f0
f12cf1
ef84ef
e6d9e6
e8f1e8
f143f1
ebb6eb
eb80eb
fb19fb
f9b3f9
eeadee
f977f9
023a02
faa2fa
fb93fb
fd24fd
f6bbf6
fdf1fd
07fb07
00d600
fa23fa
fc91fc
fdcbfd
fdb4fd
fd21fd
fdb7fd
fff5ff
fbb5fb
f663f6
f91af9
fa0afa
f866f8
fb78fb
fa1cfa
f4c8f4
f8cef8
ffebff
fdb4fd
f708f7
f647f6
fc31fc
02a502
099409
106610
0fb90f
10db10
1d211d
1f621f
135813
105410
103310
0a1b0a
0dd90d
0ffa0f
011e01
f875f8
fdaafd
010001
031403
01ee01
fccafc
00aa00
046304
fd8bfd
003d00
0caa0c
0e220e
0dc40d
16ec16
1abd1a
127512
0a2c0a
0a4c0a
0ad90a
009c00
f7fbf7
004f00
075307
fe6bfe
fab6fa
050a05
069d06
f9def9
f5aef5
ffd5ff
036703
fef3fe
087b08
192519
15c815
056205
ffadff
04ba04
098809
064306
fc30fc
fa60fa
02c502
066d06
069706
078a07
ffa7ff
f552f5
f663f6
fb56fb
fd21fd
fd40fd
f9a0f9
fa10fa
015b01
feeffe
f6bff6
f9dbf9
fd6cfd
fcd3fc
04e604
06e806
f85bf8
f43df4
014101
08f508
089908
067106
001100
f83cf8
f34ff3
f533f5
fbd7fb
f4ddf4
e495e4
edeeed
07a007
03d403
ec9dec
edfaed
007f00
034603
faeffa
fa37fa
fcd5fc
fedafe
06e306
09a809
fd08fd
f581f5
fa4cfa
f8d8f8
f802f8
017a01
00b200
f8d0f8
fe58fe
ff26ff
f44bf4
fab2fa
08c708
031103
fe0cfe
078607
06a106
fc11fc
fdbcfd
049704
04b404
037103
002a00
fb10fb
fe2afe
03b803
00f000
ff6aff
004200
f974f9
fb94fb
0d700d
0eb50e
006a00
05dc05
107f10
051905
fb8dfb
016c01
032e03
02f502
08ff09
0b390b
0b180b
0ed10e
0d670d
038c03
fc9efc
028002
0cce0c
082108
fc99fc
023302
0cb20c
088808
043304
07ce07
06aa06
ffadff
fb0bfb
ff62ff
08f808
06ea06
fd85fd
002700
055105
031903
066606
0d790d
0fcd0f
0ee60e
074507
03d903
107410
14ef14
0a2f0a
0aaf0a
10a810
0b3c0b
055a05
01db01
fecdfe
ffb5ff
f8d5f8
eeaaee
f487f4
fbc8fb
f972f9
ff26ff
07a207
056405
034303
065f06
093d09
07ec07
023702
077407
174017
14b214
02e402
fc6bfc
fedefe
049704
0a600a
ff3aff
ef11ef
f2fff3
f9eef9
f471f4
f398f3
f8eef8
f792f7
f547f5
fb58fb
01c501
fcb9fc
f48bf4
f802f8
fd93fd
fb37fb
fbc7fb
feb6fe
fbf1fb
fb2ffb
fcb0fc
f9dff9
f6aaf6
f0b1f0
e9dfe9
f03bf0
f989f9
f4f4f4
f0d1f0
f7e2f7
fed8fe
005000
fe87fe
fd49fd
fef8fe
fdbcfd
fb89fb
ff25ff
feeefe
f9a0f9
fd3efd
01b001
fb1ffb
f758f7
fa34fa
f71ff7
f535f5
fd88fd
ff92ff
f3e6f3
f127f1
fdd5fd
003400
f6bcf6
fb57fb
03ad03
f82ef8
ef98ef
f9a8f9
fa5cfa
f052f0
f547f5
fde4fd
f8eff8
f672f6
fd20fd
ff08ff
fb39fb
fbadfb
022402
040104
fa31fa
f33ff3
f7d2f7
f7c6f7
f3c8f3
f8faf8
f8b8f8
f0e2f0
f8e9f8
020001
f5f7f5
f0cdf0
fdecfd
febffe
f488f4
f5f6f5
fa9ffa
f71cf7
f3d0f3
f513f5
f639f6
f592f5
f7b0f7
fd93fd
fec4fe
fc67fc
006c00
028802
fc01fc
fe77fe
0b2e0b
0ad90a
002900
ff6fff
017601
f9e4f9
f66ef6
fc59fc
f958f9
ef71ef
f2bbf2
fa3afa
f3b5f3
ec37ec
f1ebf1
f9e5f9
fae3fa
faa7fa
ffa2ff
06a106
082008
06f106
089708
07b107
04d004
065a06
041b04
f9ddf9
f40af4
f637f6
f9e8f9
fbf0fb
f9a7f9
f746f7
fceffc
04f904
045904
fcccfc
fa57fa
015d01
050105
00d700
035e03
09a009
06ad06
05d605
0bd00b
09ab09
022d02
ff50ff
ff4aff
00f300
fd51fd
f497f4
f8a5f8
009a00
f907f9
f770f7
044604
030603
fab7fa
02e102
09df09
03c703
016401
033903
015101
027402
06ac06
04b004
ffaeff
00fe00
04ea04
020b02
fc45fc
fd30fd
014301
ffe8ff
fba2fb
fb49fb
fd09fd
fbd8fb
fce9fc
05ab05
0aa90a
046c04
016001
06a306
05c405
ffd5ff
029802
077807
01f001
fd48fd
054205
0acb0a
054905
069d06
0e840e
098709
022902
081e08
0b2e0b
04cb04
028602
02ca02
020d02
03b503
02a802
025e02
09b309
0cdb0c
09ec09
0bcc0b
0ad70a
052405
088608
0d210d
07e307
055105
06df06
010201
fc05fc
010f01
045d04
ff5bff
fd5ffd
045d04
0a100a
071607
03e803
075207
086008
018c01
fe76fe
049d04
060806
fed7fe
ff30ff
065e06
038203
fdc7fd
01f701
016b01
f7b1f7
f9fdf9
054405
024d02
f869f8
fcc3fc
063606
02db02
fd9efd
044304
077407
ffa0ff
013a01
08c508
fff9ff
f97df9
072f07
09e509
fb2bfb
fd97fd
082808
fd91fd
f247f2
f993f9
fce5fc
f3a7f3
f111f1
f8fff9
fe93fe
febafe
00e000
059905
05a105
02df02
04cb04
063306
003600
fa6dfa
fd28fd
02ec02
00e000
f8eaf8
f7d7f7
fc01fc
fa41fa
f8e4f8
fbc9fb
f6bbf6
f19af1
fb59fb
02f702
fe39fe
ff07ff
042104
016e01
01df01
070006
021002
fb4ffb
000f00
049004
011801
ff42ff
ffbfff
fcc5fc
faecfa
fdbffd
006000
01ad01
037603
03e303
039403
04ea04
069406
090909
0c5f0c
0b220b
06b706
074c07
09b909
06f006
04c804
07b407
06f006
007400
001200
059105
02ef02
fbfbfb
fed2fe
041104
02d802
053705
0b070b
0a1c0a
08f408
0c990c
0d2e0d
0bb40b
0b670b
082e08
062406
098809
0a670a
061b06
03ca03
05a305
074407
04fc04
013e01
010401
025702
01cc01
01ab01
01ee01
006900
001700
027002
024602
fd9cfd
fb0dfb
fd07fd
fc0cfc
f9c9f9
ffccff
04e204
febbfe
fbcafb
011b01
ff38ff
f890f8
f7e2f7
f798f7
f627f6
f767f7
f6d8f6
f513f5
f51ff5
f480f4
f7def7
fec5fe
fd21fd
f891f8
fd66fd
00cf00
fb08fb
f74cf7
f841f8
f7bdf7
f6b2f6
f56ff5
f13ef1
ec5fec
eb54eb
edfeed
ef09ef
ede9ed
f1aaf1
f74bf7
f496f4
f00ff0
f247f2
f248f2
f022f0
f793f7
ff5eff
fb12fb
f79cf7
fcf9fc
ff56ff
fd0cfd
fd84fd
fc7afc
f625f6
f2f6f2
f816f8
fcb4fc
f843f8
f21df2
f3c6f3
f6f6f6
f5f5f5
f6dff6
f94ef9
f897f8
fa50fa
00a500
041604
02d902
019501
031c03
058d05
041904
00c800
010501
013101
ff98ff
011b01
02b702
016901
018001
020d02
03c203
0aba0a
0d700d
06d006
04f004
098609
08da08
073907
0b100b
0cce0c
0a890a
09cd09
08e308
059a05
035003
024202
00fe00
02a602
060d06
050505
048504
0af10a
0d520d
085608
0b7b0b
13d013
123c12
0eeb0e
10f010
0e150e
0aab0a
0ee40e
0e7d0e
056f05
00b500
01b901
022302
02ed02
041f04
025902
fe3ffe
fd06fd
019801
062706
04fe04
02b202
02e702
020602
ffdaff
fee9fe
fefcfe
004600
020c02
030803
059705
081808
043904
fe16fe
fe96fe
006100
fba6fb
f7a5f7
f96af9
f939f9
f7b8f7
fbbdfb
fd29fd
f787f7
f7fdf7
fca7fc
f66ff6
ef83ef
f69ef6
fdb4fd
fa77fa
f8dcf8
fbaffb
fc80fc
ff15ff
02c402
ff0aff
f9c9f9
fd5efd
024202
004a00
fedcfe
00fa00
ff8bff
fce6fc
ffc6ff
036603
022902
febefe
fc32fc
fbe5fb
fcc7fc
fb76fb
fa5efa
fb90fb
f9e1f9
f8b9f8
ff64ff
03dd03
fea6fe
fcccfc
03d403
08e708
087c08
073207
067f06
053405
022902
007f00
02b502
019901
fb94fb
fbc6fb
008b00
fdcffd
f9cef9
fe8dfe
01d401
fdadfd
fea5fe
05f005
06fe06
055b05
0a8b0a
0e5b0e
0bad0b
0b510b
0bc20b
06b606
02ba02
021902
000a00
00e900
057f05
04f804
005400
fecefe
ffb2ff
007200
015901
02b402
037003
020102
01fe01
070b07
0b0e0b
0a500a
0a860a
0ce10c
0e180e
0d770d
0a4f0a
076a07
082e08
08c708
071d07
054a05
033e03
034203
044104
007300
fe07fe
025802
02ff03
ff29ff
ff6bff
ffe8ff
002a00
056905
086a08
06ca06
06e606
04e004
02c102
08e308
0b5f0b
020f02
fd40fd
011f01
01ce01
024c02
068f06
047104
fcf8fc
fcfffc
016701
002900
feacfe
010501
fffeff
ff0bff
048d04
062d06
021f02
058405
0af60a
071607
031703
035e03
ff9eff
fbb8fb
fdd3fd
000a00
ff33ff
fde0fd
fd5ffd
fee6fe
003500
fde8fd
fb80fb
fc29fc
fccafc
fbfefb
fbb2fb
fc28fc
fdd1fd
01d101
040c04
ff99ff
fa8dfa
fc81fc
004200
013f01
022502
ffeaff
faa4fa
fa24fa
fb6cfb
fa30fa
fb40fb
f967f9
f1a0f1
f0b5f0
f4eef4
f513f5
f8ebf8
fca3fc
f679f6
f706f7
009100
fc24fc
f2e7f2
f89bf8
fce0fc
f5cff5
f379f3
f6adf6
f52df5
f23ff2
f31af3
f5e4f5
f6a2f6
f2def2
ee4fee
ee4fee
f1b5f1
f4b9f4
f690f6
f74bf7
f45df4
edbfed
ebc2eb
f198f1
f4daf4
f154f1
eee2ee
f0bef0
f453f4
f521f5
f01cf0
eda7ed
f277f2
f288f2
ec90ec
ebe4eb
ed03ed
ebe3eb
ef4eef
f2f2f2
f0a6f0
ee35ee
eb6aeb
e7b9e7
ec27ec
f410f4
f21ef2
eca8ec
efd6ef
f713f7
f8fff9
f6a6f6
f62bf6
f6cdf6
f443f4
f1bff1
f19ff1
ef99ef
eef4ee
f4a9f4
f7e1f7
f3d7f3
f2b0f2
f66cf6
f582f5
f0cff0
f159f1
f541f5
f53df5
f519f5
f9bff9
fce2fc
fcc1fc
ff82ff
01f901
00b400
00fc00
ffe5ff
fa31fa
fa0cfa
ff4dff
fdfafd
f99bf9
fa3cfa
fb96fb
fbe0fb
fd2efd
fd3ffd
fdb8fd
01ae01
050c05
05fd05
08f008
0d900d
0e860e
0ce90c
0ee60e
125a12
105910
0bf90b
0b310b
0bd10b
0b7b0b
098f09
056205
047c04
091f09
0bc00b
0c030c
0e930e
0f5a0f
0dc80d
0f7f0f
120112
122512
127812
11f011
0f6d0f
0db80d
0d2a0d
0d0c0d
0d4b0d
0d180d
0d0c0d
0c880c
0acc0a
0af80a
0b930b
08c708
087008
0cdf0c
0d5d0d
0ace0a
0cf40c
0f670f
0d6f0d
0d710d
10ff10
10c410
0ceb0c
0d050d
0f030f
0b750b
07dd07
0b4e0b
0cff0c
07a207
053505
089008
09b609
07b107
069806
06a106
06b806
06b706
06b706
06aa06
068106
06c106
074007
07f307
092609
086208
055905
04ab04
060506
062606
075307
09b009
097c09
066506
01db01
000e00
038b03
044704
ffa1ff
fe96fe
ffebff
fe70fe
fe46fe
fd73fd
fa05fa
fb43fb
fce8fc
f953f9
fa85fa
fecbfe
fc3dfc
fc1afc
021902
01ba01
fd2dfd
fcb1fc
fafdfa
f724f7
f73cf7
f825f8
f4caf4
f163f1
f213f2
f28cf2
f11ef1
f2def2
f3edf3
eee7ee
ee18ee
f31af3
f048f0
ebb2eb
f0abf0
f315f3
ef12ef
f098f0
f30df3
ef08ef
ec3fec
ed95ed
ef35ef
f034f0
eebbee
ecb6ec
ef03ef
f211f2
efc0ef
ead5ea
eb1eeb
f00ef0
ef9cef
eb00eb
eca3ec
edbaed
e71fe7
e65fe6
edefed
f065f0
efd5ef
f1cdf1
f15cf1
f058f0
f268f2
f48af4
f69cf6
f7a6f7
f5a6f5
f372f3
f079f0
ed1aed
ee2fee
ef03ef
ec99ec
eee8ee
f1e8f1
ee13ee
ec7cec
f049f0
f258f2
f4fff4
f8fff8
f9a8f9
f9c6f9
fa4dfa
f939f9
fb3afb
00a400
040c04
042604
001300
fbc2fb
ff01ff
040404
037d03
04ce04
083a08
050b05
017d01
05ab05
09bc09
08c608
090d09
0bcc0b
0cb50c
0c760c
0d7b0d
0e5e0e
0e660e
0f150f
106910
120612
131213
118111
107010
141514
174c17
16a316
17ed17
1abd1a
1a081a
19cf19
1c7d1c
1c041c
17c017
153315
15ec15
18b818
1c121c
1c7f1c
194a19
187b18
1c4d1c
1d0b1d
1a311a
1cae1c
1f751f
1a4d1a
188b18
1d961d
1bc11b
189218
1ec31e
20f220
1a531a
17f117
179917
142f14
151015
17a717
158715
13bd13
128d12
0f3b0f
0f660f
11b711
0f880f
0d8c0d
0f580f
0e930e
0a2a0a
077b07
07e007
096d09
0a3d0a
096909
074407
035403
fedbfe
fe48fe
00db00
002800
fc27fc
fab2fa
fbcdfb
fb9dfb
faf3fa
fb5cfb
f9f3f9
f5c4f5
f364f3
f450f4
f357f3
ef28ef
ed37ed
edc5ed
ecbcec
ed0bed
f078f0
f068f0
ecf5ec
ec95ec
ecbaec
ea86ea
e987e9
e79ae7
e3b7e3
e4cce4
e8e8e8
e897e8
e68ee6
e4f4e4
e213e2
e228e2
e4c0e4
e3d0e3
e29fe2
e42de4
e3bee3
e2fbe2
e5c7e5
e7e3e7
e69ce6
e47be4
e399e3
e40ee4
e257e2
de56de
de68de
e096e0
de57de
dc7bdc
ddaadd
dbfedc
da9bda
ddcedd
df1ddf
ddbbdd
def3de
e066e0
e054e0
e12ae1
e17ae1
e191e1
e3bce3
e4b8e4
e370e3
e3b7e3
e4bfe4
e4cbe4
e55ee5
e457e4
e0a3e0
dfe5df
e264e2
e17ae1
df03df
e165e1
e436e4
e1aee1
e019e0
e532e5
eb6eeb
ed6ded
ed3ded
ed84ed
edc2ed
ee00ee
f0eef0
f686f6
f981f9
f8b4f8
f833f8
f702f7
f3fef3
f3baf3
f4d0f4
f2a7f2
f1fbf1
f5f2f5
f8e1f8
f889f8
f7b5f7
f964f9
ff4bff
046f04
045a04
049f04
079c07
083208
070007
06f006
072507
083b08
09a309
0a000a
0bf20b
0ef00e
105910
12c812
160015
17ac17
1ba01b
20d720
20b820
1ef21e
21d021
249124
223e22
206f20
253225
290829
22ac22
1cef1c
234323
291329
26ab26
280f28
2d6b2d
2dda2d
2d5c2d
2e1c2e
2cef2c
2dae2d
2fdb2f
2f1b2f
2f482f
2fe12f
2bfc2b
292d29
2b5a2b
2d772d
2ed32e
2fb42f
2d8e2d
2bdb2b
2d522d
2e142e
2e4f2e
302f30
2fcd2f
2bcb2b
294b29
295629
27c627
24b924
241224
25ab25
262326
245224
224322
22ba22
245424
22ab22
1fe51f
210a21
227b22
204520
1e261e
1d1e1d
1b1e1b
1a1e1a
19be19
169d16
12d112
127612
136e13
103110
0aa30a
0b150b
0e510e
097909
02b302
04d804
07ad07
041b04
01d201
032803
03c903
034d03
00d000
fc9afc
fa26fa
f8c4f8
f654f6
f3c9f3
f242f2
f298f2
f2bdf2
ef6fef
ec3fec
ec38ec
eaeaea
e78ae7
e588e5
e448e4
e2e6e2
e1b1e1
e0dee0
e286e2
e545e5
e556e5
e49ce4
e433e4
e10de1
dcb6dc
dabfda
db14db
db76db
d97ad9
d800d8
da12da
d8d1d8
d36dd3
d485d4
d85dd8
d476d4
d0bdd0
d2fed2
d13fd1
cbb5cb
cc8ecc
d0cfd0
d06ad0
ce98ce
cf59cf
cddfcd
caadca
cdbdcd
d14ed1
cb6dcb
c7c5c7
ced9ce
d161d1
cc7ecc
cf0ccf
d5dcd5
d67cd6
d663d6
d9bad9
dc33dc
dd13dd
dd2edd
dc0bdc
dab6da
daa3da
dbc8db
daf3da
d825d8
db38db
e465e4
e99ae9
ea84ea
ec87ec
edc2ed
ef5eef
f4b2f4
f9a7f9
fd19fd
00f700
fea3fe
f406f4
ede7ed
f377f3
faa6fa
fb9efb
fd59fd
037d03
03f403
fca2fc
fadffa
049204
121412
1af71a
1aef1a
15ac15
12bd12
113811
0f5a0f
13ea13
1f3f1f
253525
1e981e
13df13
11d711
171917
1a0e1a
1ddb1d
276327
2c8e2c
282128
224922
1f031f
208f20
2a4d2a
33f933
342434
2f342f
2b3c2b
27e527
257a25
26c526
2d772d
34ae34
340734
2d3c2d
2a072a
2d512d
323132
340e34
343634
369c36
36d036
2f562f
28ee28
2bc32b
30ef30
31c131
2f222f
2b552b
296b29
27b427
21a721
1d621d
21be21
279727
27fb27
259925
238a23
22da22
229f22
211d21
215321
239423
205320
174117
117c11
116611
126d12
123b12
10e310
0fc30f
0f480f
0d600d
0aa10a
0a280a
0bdb0b
0d6a0d
0ccd0c
09a909
072107
064306
03a203
006a00
002100
ff75ff
fc7bfc
fb4afb
fa91fa
f68ef6
f38bf3
f518f5
f717f7
f68af6
f443f4
f117f1
eec0ee
eef3ee
f10af1
f39af3
f505f5
f3b4f3
f04ef0
ed6bed
ec8fec
ec92ec
ec07ec
ec7aec
eea6ee
eedeee
eb97eb
e7aee7
e453e4
e2dae2
e4e8e4
e561e5
e0a3e0
ddc9dd
dfc7df
dfb9df
dd85dd
de72de
e0d0e0
e2b3e2
e4e3e4
e3a8e3
deaade
dcefdc
ddf1dd
dac1da
d5bfd5
d4bdd4
d464d4
d05dd0
ccb1cc
cdcbcd
cfa5cf
cc3fcc
c6a0c6
c685c6
cbbfcb
cf87cf
ce9fce
cc3fcc
cda8cd
d135d1
cf08cf
c9cbc9
cc4bcc
d2d3d2
d41bd4
d595d5
da09da
d812d8
d118d1
cfc3cf
d415d4
d8ccd8
db4fdb
da5bda
da1eda
ddfadd
e11ee1
e246e2
e5a5e5
ea7cea
ef86ef
f406f4
f291f2
ec52ec
ea14ea
ebd6eb
eda5ed
f22ef2
f846f8
f9c6f9
f789f7
f6b2f6
f93af9
fe0dfe
028a02
077207
0f8d0f
151c15
113811
0bdd0b
0ed90e
139f13
123712
0fc00f
0ff60f
0e190e
0a950a
0b0c0b
0ec50e
137913
1acd1a
216a21
221222
22b222
299629
2f092f
2e7b2e
31d631
392e39
352935
27be27
251b25
2e222e
31cf31
2d4d2d
281f28
23bd23
228f22
265126
29f129
2ed12e
38c338
3d2a3d
36f736
352d35
3c253c
3e7e3e
3b373b
3bad3b
3e333e
3c7b3c
364236
2fa52f
2f542f
35f635
39bb39
35af35
309e30
2f7b2f
2fe12f
2fcc2f
311331
351c35
37e937
349434
2e622e
2be42b
2cad2c
2cbe2c
2ac22a
26fe26
230b23
20d920
1fd31f
1f401f
205520
222f22
213921
1d311d
1ab91a
1bd91b
1b691b
156e15
0e990e
0c3f0c
0b820b
075807
019801
ff99ff
010401
014601
007200
01aa01
03cd03
042b04
02c102
007400
febafe
fdb2fd
fa74fa
f58af5
f38ef3
f449f4
f391f3
ef92ef
e9b0e9
e684e6
e79ee7
e768e7
e588e5
e805e8
eb7feb
ea7eea
eb81eb
f208f2
f60af6
f3e2f3
efcfef
ecb3ec
ea6eea
e72ae7
e2f1e2
e0c1e0
def3de
da11da
d6c0d6
d8bcd8
dacfda
db0cdb
dce7dc
deb3de
de6ede
df57df
e0bee0
df1cdf
de52de
e227e2
e45fe4
e013e0
da3ada
d6ddd6
d42cd4
d23ad2
d2c4d2
d30ed3
cf31cf
c8f8c8
c571c5
c5dfc5
c83ac8
cb74cb
cd5ecd
cb9acb
c9d8c9
cb5acb
cc4dcc
cd6ecd
d49cd4
dcdddc
dcf1dc
d7b2d7
d405d4
d2a5d2
d212d2
d145d1
d1bfd1
d6abd6
dbefdb
d935d9
d0f5d0
cf02cf
d705d7
df49df
e19be1
e4f9e4
ea38ea
e5c6e5
dbd1db
dec2de
eb65eb
f0f6f0
f13bf1
f39ef3
f363f3
f001f0
f031f0
f2d5f2
f60bf6
fe73fe
078c07
057405
fd01fd
fcd7fc
017401
ffbbff
fe2afe
056705
0c250c
08aa08
00b200
fe2efe
03e903
0c840c
103b10
109810
15ac15
1c491c
1aa41a
163516
1bde1b
271427
2a8c2a
27f627
27c827
275127
214821
1a261a
199119
20bd20
28ed28
28be28
200920
1b481b
221022
2ac62a
2d1f2d
316431
3a4c3a
38f138
2c362c
27f227
2fca2f
35f435
391539
3bcb3b
382038
30af30
2c572c
27dc27
25ef25
2eb82e
382038
340d34
29f129
26d126
29c329
2cbb2c
2f422f
339733
369e36
318a31
267a26
1f991f
213021
272327
298e29
240924
1e871e
1f6c1f
1d751d
16f416
18c518
1f641f
1d601d
184018
17be17
163916
130713
11bd11
104610
100f10
120512
0f970f
095909
071407
08a108
096709
076107
034e03
01b101
01dc01
fcdcfc
f688f6
f729f7
f934f9
f705f7
f557f5
f44bf4
f0c1f0
edaaed
eb85eb
e893e8
e809e8
e9ffe9
ea89ea
eb6deb
ee5eee
eed3ee
eba3eb
ea4dea
ed5aed
efe2ef
ecafec
e633e6
e195e1
ddeedd
d9c2d9
d894d8
dae4da
dc7fdc
dc18dc
dad2da
da22da
dc0adc
ddb6dd
da6eda
d734d7
da9ada
ddeadd
da9eda
d83ad8
dab9da
d9f0d9
d5b7d5
d5c1d5
d592d5
cebace
c889c8
c690c6
c329c3
c200c2
c6bfc6
c796c7
c3a2c3
c641c6
cb7fcb
c86dc8
c3dec3
c6d8c6
ccfecc
d322d3
d999d9
daecda
d652d6
d535d5
d9bcd9
dcd3dc
e0c1e0
ea18ea
ec1eec
de43de
d340d3
d83dd8
df33df
e20ae2
e983e9
ee7bee
e79ce7
dfd9df
de9ade
e119e1
ec3cec
fd04fd
032b03
ffe1ff
009100
027c02
013701
062406
12c912
1a5b1a
174d17
108e10
0c600c
0c060c
0fe20f
15b915
17a117
14af14
124712
111011
0f8c0f
131d13
1d711d
25e825
285f28
297b29
2ba62b
2db82d
2f402f
301e30
30aa30
31e031
337433
332a33
307330
302930
347f34
356635
2fb62f
2e042e
329e32
319931
2a1f2a
28f928
315231
38ee38
392d39
37b737
3acc3a
3cdc3c
386138
340834
346b34
350235
34e234
360336
36aa36
35e135
32ae32
2c872c
299329
2d632d
309630
2d222d
25d925
21a121
252625
2b232b
2bcf2b
2b612b
2dfc2d
2cb92c
25e325
202720
1d781d
1cd01c
1cbe1c
1a871a
184818
17bd17
14ea14
119911
122712
129c12
115c11
107410
0c230c
06bf06
080508
09b209
055d05
043e04
081708
065806
006700
ff18ff
00e500
015b01
012301
ffefff
fc09fc
f782f7
f59af5
f4c5f4
f24af2
f068f0
f04bf0
eeaaee
ec7dec
ec5bec
eb47eb
e992e9
ea43ea
e8bce8
e4d1e4
e6dde6
eb0feb
e97de9
ea21ea
eff5ef
ef37ef
e94ee9
e969e9
ebadeb
e9c2e9
e764e7
e3bae3
dc1fdc
d7efd7
dab4da
dcb5dc
dbbcdb
ddacdd
e111e1
df49df
db2bdb
dba7db
de20de
de62de
df88df
e158e1
dfe9df
ddc6dd
db3fdb
d4f1d4
d1f5d1
d5b3d5
d329d3
c96ec9
c678c6
c627c6
befebe
bc21bc
c38fc3
c845c8
c636c6
c4b0c4
c30fc3
bf8fbf
c16dc1
cb99cb
d408d4
d45dd4
d450d4
d5f4d5
d124d1
cd51cd
d726d7
e25ae2
e2aae2
e15de1
de1dde
d104d1
c7b0c7
cd94cd
d825d8
df8edf
e1b9e1
da16da
cf2ecf
cc79cc
d30fd3
e166e1
f29cf2
fabbfa
f7c9f7
f36bf3
f1f6f1
f2f9f2
f8c5f8
04a004
0f8a0f
0e200e
032103
fd7afd
fdb7fd
fcfafc
016c01
09c009
089808
01f401
00c700
01e701
05ed05
112611
1b701b
206820
255925
284628
267426
24b224
24fd24
269c26
292f29
295029
275e27
28b028
2c0e2c
2b3d2b
26c426
263a26
2c752c
318231
303430
2e692e
2dfd2d
2ae12a
2a112a
320a32
3d833d
430b43
3e753e
350235
314331
336133
34b534
37b737
3ddb3d
3f323f
38e238
2f822f
290029
2b3d2b
320032
326132
2d3d2d
287328
229522
1cf91c
1da91d
25a525
2ef12e
307630
29e029
253325
23e923
21b121
22ff22
26d626
253125
20d820
1b5e1b
113c11
0cea0c
13c313
161216
0f740f
0af40a
087008
048604
028c02
030503
061d06
0a5a0a
08fb08
040904
02f002
032603
027f02
03b603
041604
020602
feeefe
f86af8
f1e0f1
f201f2
f393f3
f0acf0
ed28ed
eb66eb
eb65eb
ec9aec
ea93ea
e758e7
e9d5e9
ecf3ec
eabaea
ea64ea
eedaee
f0bdf0
ee7aee
ec75ec
ecb1ec
ee54ee
edfbed
ea87ea
e78ce7
e55ae5
e0d6e0
db60db
d88dd8
d94ad9
dbd4db
dc48dc
da2cda
da50da
dcf6dc
dd4bdd
dc5ddc
df23df
e4ace4
e6e8e6
e1fce1
da18da
d815d8
dc08dc
dcd6dc
d886d8
d590d5
d447d4
cf84cf
c992c9
c9fbc9
cea2ce
cc45cc
c26dc2
be72be
c376c3
c620c6
c489c4
c7d4c7
d146d1
db46db
e1dfe1
e294e2
e107e1
e491e4
eaefea
ed34ed
ece8ec
ed3aed
eb03eb
e3bde3
dc0ddc
db38db
dfd0df
e0d8e0
de4fde
df84df
e288e2
e27be2
e2aee2
e784e7
f368f3
039503
0b440b
078207
074107
0d6d0d
0e890e
0c7d0c
0f4f0f
131613
111e11
081d08
fe40fe
fe59fe
064a06
09d809
09ab09
0bf10b
0d160d
0b490b
0bae0b
127d12
1f8e1f
29d329
29af29
28c528
2f4d2f
340a34
31f631
2ee12e
2c512c
2a3c2a
294329
26a426
259b25
2b472b
2fb22f
2b7a2b
276927
2c992c
34f734
354935
2f602f
2ec42e
31c931
2e142e
2ad92a
332933
3cfb3c
3e063e
3b663b
37f437
347e34
362d36
395739
386338
39ca39
3cf13c
34f934
25f825
22e422
2b9f2b
2e6b2e
268126
1f3a1f
1dca1d
1c401c
193119
1bab1b
258825
2d512d
2a6d2a
232523
24c024
2c132c
29dd29
20b520
1f091f
1fa11f
161816
0aeb0a
099809
0c3c0c
0ba60b
08aa08
044b04
00fe00
013901
01bb01
015e01
049a04
0a180a
0a2a0a
040904
006500
039a03
055405
ff4eff
f96ef9
f8ddf8
f64ff6
efeaef
ec4eec
ec4aec
ec99ec
eaf6ea
e5f1e5
e264e2
e49de4
e66ee6
e493e4
e430e4
e4abe4
e29be2
e05ee0
e00fe0
e230e2
e52fe5
e3c1e3
dfe5df
e0ade0
e2eae2
e248e2
e20de2
e17be1
de6fde
da3eda
d2ead2
cbffcb
cdf8cd
d2bed2
d242d2
d21bd2
d27cd2
cf46cf
cf3fcf
d409d4
d6ead6
d8c9d8
d92dd9
d40bd4
cea8ce
ccabcc
caceca
caffcb
cd5ecd
ccd9cc
ca5bca
c6c4c6
c13bc1
c065c0
c637c6
ca30ca
c9d9c9
c855c8
c5dfc5
c3c2c3
c3b8c3
c6dfc6
cf26cf
d971d9
dff2df
e047e0
d9d7d9
d477d4
db43db
e710e7
ecccec
f203f2
f4bef4
e9d4e9
dcafdc
de2fde
e6a6e6
eb29eb
ed69ed
ed14ed
e7d1e7
e177e1
e000e0
e756e7
f745f7
089608
0faa0f
08ba08
008b00
035f03
0b740b
12db12
1d091d
235d23
1cd41c
112d11
093409
071307
0e6c0e
17a017
15b615
0f6e0f
0e750e
0d030d
0c580c
160d16
24c324
2be52b
2a762a
28a528
2c742c
320a32
328e32
300730
2ec92e
2d792d
2a5f2a
261d26
251425
2bc12b
321e32
2e712e
293829
2b042b
2c262c
29c029
2af42a
2e8b2e
2dea2d
293429
25c325
28f828
31b731
36f936
33a433
2df22d
2df22d
318d31
313931
2f0b2f
314431
310a31
272e27
1e821e
20e320
261026
242724
1cdc1c
16db16
154415
156915
14af14
15d115
1b3f1b
20c620
1f431f
187718
18aa18
20f320
224f22
1ba01b
19ef19
198319
102a10
052f05
020a02
059605
0a6c0a
08d708
00b200
fc73fc
fdd2fd
fdcafd
fd12fd
ff92ff
042a04
05e305
009d00
fc05fc
018801
06da06
015301
fab8fa
f98ef9
f764f7
f2ebf2
efc7ef
f090f0
f567f5
f6d2f6
f11af1
ed28ed
ef5def
f249f2
f25bf2
ef93ef
edf4ed
f039f0
efafef
eb94eb
ee51ee
f584f5
f533f5
ef5bef
ed14ed
ef95ef
f23df2
f170f1
f061f0
f1e9f1
efc3ef
e863e8
e464e4
e650e6
e9a9e9
ea44ea
e5a8e5
e1c3e1
e4dce4
e7e4e7
e717e7
e9a6e9
edaced
ec3eec
e833e8
e4d8e4
e2c4e2
e414e4
e57ee5
e223e2
dcbcdc
d971d9
d88cd8
d813d8
d6b4d6
d719d7
d889d8
d4d5d4
cf84cf
d0afd0
d376d3
d29dd2
d45ed4
dc97dc
e777e7
ed9fed
e8fee8
e185e1
e504e5
efc0ef
f6acf6
f8f6f8
f582f5
eb41eb
e3a5e3
e3d7e3
e57fe5
e7a4e7
ebf5eb
eb51eb
e500e5
e387e3
e67ee6
e75ce7
ef21ef
024102
0e370e
0ad70a
071a07
07cf07
07db07
0d5c0d
173017
16ac16
0d930d
086108
037703
fbfffb
fe55fe
09aa09
0c390c
05fd05
056e05
08c708
09fa09
10ca10
1c531c
20c320
219a21
251225
24a224
243124
2bb72b
2e4e2e
25bb25
219921
228122
1cc61c
18a918
1f331f
25d625
26a626
270927
262526
22b922
235c23
287b28
29f029
271127
255925
238b23
212c21
256b25
2ed82e
320332
2ec32e
2cd32c
2b082b
286928
2a642a
2eef2e
2e9d2e
2a0a2a
25b125
22ee22
221622
21fd21
1fa61f
1a531a
14e614
131413
14ed14
16e216
184d18
1b201b
1d5f1d
1cf61c
1c531c
1c0d1c
1a471a
182d18
163b16
128312
0df20d
09d909
056a05
02a402
032403
026e02
fd9dfd
f940f9
f978f9
fbbcfb
fc0ffc
fc20fc
fec8fe
ffcaff
fbfcfb
f973f9
faf0fa
fb5ffb
f9e2f9
f6eff6
f00df0
e9e9e9
e9f3e9
eae6ea
e943e9
e85fe8
e78ee7
e562e5
e3d6e3
e38ae3
e598e5
e950e9
e97de9
e661e6
e3e4e3
e07fe0
ddc2dd
dfd4df
e280e2
e2dce2
e402e4
e3cee3
e113e1
e160e1
e4e6e4
e746e7
e763e7
e444e4
df16df
dbdedb
da5ada
d9b2d9
db5ddb
dc63dc
da6eda
d999d9
daffda
db03db
dae4da
dec2de
e3cae3
e355e3
dfdfdf
e0e7e0
e286e2
dec5de
dd46dd
e07ce0
dd4fdd
d589d5
d400d4
d283d2
cb01cb
c935c9
cf6bcf
d047d0
ccbecc
cee5ce
d0e2d0
cef0ce
d71cd7
e98be9
f1b0f1
edaded
ed21ed
efc4ef
f0f9f0
f868f8
02a402
006100
f398f3
e995e9
e3e5e3
dfdbdf
e168e1
e7c3e7
ea4bea
e7aae7
e5dfe5
e4a4e4
e4ede4
f0c8f0
066806
145e14
153415
115d11
0d220d
0b340b
0f3c0f
164f16
194619
133b13
071807
feccfe
fd65fd
ff1dff
050605
0c210c
0bed0b
07bf07
079c07
0b000b
119a11
1abd1a
210921
230723
21e221
200a20
23d523
2a012a
28cf28
247024
234e23
21a021
201320
21ed21
25e125
2cfe2c
330633
2f772f
276527
231223
220622
25c725
2b3b2b
28b228
219a21
1e931e
1ed41e
23fd23
2ef72e
367c36
356635
2fe92f
2c1a2c
2f012f
34ad34
357b35
341634
31ca31
294129
1f681f
1c671c
1d141d
1c831c
190619
12e312
0f5b0f
109a10
139813
190619
1f551f
216121
216d21
216821
1dbc1d
1a361a
1b811b
1b461b
165516
119711
0c1a0c
038803
ff29ff
036503
06b206
01dc01
fd10fd
fee5fe
010801
016701
062906
0ba50b
093c09
035903
02b402
053905
052d05
02f302
00d100
fde6fd
f958f9
f588f5
f4d2f4
f5fbf5
f60df6
f467f4
f285f2
f08ef0
ef0eef
f154f1
f5dbf5
f60df6
f2fbf2
f121f1
edabed
e992e9
eb1beb
ee8cee
ee9dee
ef96ef
f1e9f1
f0f8f0
ee7eee
ee2fee
f163f1
f66ff6
f611f6
ee8dee
e832e8
e59fe5
e3a6e3
e35be3
e48ae4
e4cae4
e457e4
e2b6e2
e113e1
e34ce3
e842e8
ec1fec
ed18ed
eb4aeb
eb20eb
ecc8ec
e965e9
e507e5
e6b2e6
e566e5
de43de
db29db
d7dfd7
cf6ecf
cd34cd
d198d1
d21fd2
d1e9d1
d40bd4
d283d2
d06cd0
d6b0d6
e518e5
f263f2
f4f3f4
f000ef
ef19ef
f268f2
f544f5
faaafa
005d00
fdcafd
f2acf2
e612e6
dfffdf
e2f1e2
e7ade7
ea68ea
ee0eee
ee78ee
e8c1e8
e544e5
e9ede9
f722f7
08f208
116f11
0c270c
085e08
0b360b
0c4f0c
0e4b0e
14cb14
176517
116a11
06fe06
fe5cfe
fe26fe
05aa05
0bf60b
0c1b0c
088e08
060106
061006
06eb06
0c260c
183118
1dcb1d
165a16
13a313
1ce01c
218d21
1e021e
1e121e
20a720
1e961e
1b321b
1a691a
1b261b
1f3a1f
264b26
26d026
1dda1d
184918
1a7d1a
18c218
146114
17f217
1a381a
122912
0dd20d
13e713
1a071a
1fab1f
267826
25c325
20c520
230823
265d26
22e222
222e22
267726
21d321
142214
0c0a0c
0a810a
079207
055c05
04ca04
009a00
fd07fd
ffe2ff
03e303
079707
0ef50e
142414
121412
0f5c0f
0fab0f
0eff0e
0c080c
092e09
075d07
036f03
fae2fa
f36af3
f374f3
f725f7
f79bf7
f470f4
f22ef2
f444f4
f818f8
fab1fa
fe7cfe
021102
00c500
fe4cfe
fe99fe
fec8fe
fec7fe
feecfe
fc0dfc
f774f7
f3aaf3
f0d6f0
f115f1
f2e3f2
f31ff3
f407f4
f296f2
ec27ec
ebbdeb
f2b7f2
f397f3
f092f0
f1bdf1
f00df0
eacfea
eafaea
eeb0ee
f1a8f1
f5bdf5
f96bf9
f9f0f9
f81ff8
f668f6
f733f7
f8bdf8
f8a6f8
f7a1f7
f289f2
e9b0e9
e67ae6
e8b0e8
e907e9
e9bde9
ea04ea
e5afe5
e3f1e3
e6e3e6
e7c1e7
ea45ea
effbef
f113f1
f000f0
f092f0
ee51ee
ec6bec
ed5aed
e9ebe9
e40ee4
e162e1
dc9cdc
d53ed5
d29ad2
d459d4
d5c4d5
d568d5
d422d4
d399d3
d2bfd2
d257d2
d921d9
e670e6
ef03ef
ee21ee
ea99ea
ec69ec
f39ff3
fa03fa
fe08fe
ff66ff
f857f8
eccfec
e74ce7
e2f8e2
dd90dd
e2b0e2
eaa2ea
e572e5
e015e0
e425e4
e2e1e2
e2a6e2
f689f6
0c750c
0d7d0d
081f08
08fe08
077207
081608
128a12
178517
108a10
0baa0b
06ce06
fab3fa
f808f8
03c903
074507
004b00
010c01
057805
044104
07d207
121a12
179d17
1ab71a
1fc81f
1fa11f
1e6d1e
249a24
259025
1bdc1b
1aaa1a
22e722
20ef20
195a19
1b911b
21dd21
25af25
283128
244624
1d411d
1e201e
20ee20
1e7e1e
1f721f
239023
20b220
1c451c
211921
2a622a
2e4f2e
2cc12c
2b012b
2bce2b
2eae2e
308730
2e2b2e
2bba2b
2e052e
2c5c2c
210721
199b19
1bdd1b
1ac91a
140514
10ba10
112b11
123c12
138113
14ad14
18cf18
1f4e1f
218f21
207020
200820
1dfe1d
1a271a
169b16
130813
115f11
0f5c0f
06a006
fd86fd
fd98fd
003000
fd73fd
fa9ffa
fc74fc
ff33ff
ffeaff
015501
043504
045d04
02cc02
043304
059a05
044c04
036003
006b00
f998f9
f5d6f5
f64af6
f599f5
f3fbf3
f254f2
f0f4f0
f1faf1
f1c1f1
ee85ee
ef4eef
f2bef2
f0c7f0
ed29ed
ed34ed
ec78ec
e9a4e9
e945e9
eb96eb
ed10ed
edabed
f04cf0
f2bbf2
f0c3f0
eee8ee
f132f1
f28af2
f1eff1
f11df1
eb85eb
e45be4
e433e4
e60ae6
e413e4
e2c7e2
e2ade2
e2b9e2
e559e5
e6dce6
e526e5
e5f5e5
e965e9
ebb8eb
ed6eed
ee03ee
ed1ded
eb30eb
e666e6
e303e3
e575e5
e505e5
dd59dd
d7c9d7
d61cd6
d37ad3
d34fd3
d77fd7
da90da
da0eda
d7d6d7
d636d6
d8d6d8
e37fe3
f22bf2
f6baf6
eddbed
e970e9
f0f0f0
f7d6f7
fd82fd
052505
005300
ef69ef
e7d7e7
e96ee9
e84ae8
eb27eb
f2aaf2
f15ef1
e9ebe9
e744e7
e874e8
eecbee
ff19ff
0fe60f
138913
0bd50b
044604
047704
0d310d
17e117
19cb19
10f110
070f07
00f200
fbdafb
fca6fc
063106
0b560b
060d06
022402
032c03
043a04
099409
12fc12
16a016
154f15
158015
15ac15
15f815
188b18
195619
170017
15b815
169016
187018
193819
16da16
15ee15
19bb19
1b2d1b
163516
105b10
0dde0d
0f220f
119b11
107110
0d030d
0c9a0c
0e8f0e
126712
1a361a
209a20
1ed71e
196419
18ce18
1d671d
208320
1ee41e
1bee1b
18e718
142214
0f9f0f
0c210c
082b08
065706
055505
00c800
ff69ff
058b05
0a3b0a
0cf90c
138313
173317
15de15
174117
179917
12b512
111c11
123612
0ce20c
051405
01ca01
ffb4ff
fcf4fc
fcaafc
fd3efd
fac8fa
f7c7f7
f8bff8
fbb7fb
fe40fe
01e201
03bb03
01a901
021002
048b04
028c02
019101
044604
004100
f809f8
f71df7
f8e7f8
f7c1f7
f834f8
f86cf8
f516f5
f2b3f2
f22ff2
f177f1
f21ff2
f34df3
f2b1f2
f0b9f0
edc1ed
ebb5eb
ecbfec
eebaee
f004f0
f151f1
f28df2
f436f4
f4eef4
f30af3
f33af3
f6b6f6
f609f6
f09bf0
ec17ec
e8c7e8
e6eae6
e703e7
e546e5
e24fe2
e260e2
e489e4
e679e6
e6a3e6
e553e5
e789e7
ec0dec
ebfaeb
eb55eb
eed7ee
f0e8f0
f1a6f1
f2b2f2
ec91ec
e2bde2
e12be1
e2e6e2
df76df
db7bdb
d816d8
d1c5d1
cec6ce
d4ddd4
dc68dc
dc5edc
d8c3d8
dabfda
e274e2
eb93eb
f38ff3
f4c6f4
ef75ef
f035f0
fa65fa
028502
02e502
fd1dfd
f3a3f3
ece2ec
eb12eb
ea31ea
eb30eb
ee17ee
ee1fee
ecc7ec
ebb3eb
e7b4e7
e76de7
f475f4
06eb06
107110
0fd40f
0c7e0c
0b5c0b
0e620e
155c15
1a931a
189718
134a13
0d640d
031003
fb7efb
010e01
09de09
0ab60a
095c09
08d208
079007
0b3c0b
13b513
19cd19
1d381d
1f111f
1e5b1e
1e5e1e
213021
23a823
225822
1ec31e
200d20
25cd25
25a825
214521
218521
21f221
207620
22c422
21dd21
18ec18
144814
179b17
194e19
177717
167f16
191e19
1ebd1e
23da23
285228
2ab72a
267626
236723
29c729
2eb12e
2c542c
2a442a
25c125
1c7b1c
175117
15a415
127912
110b11
0fb00f
0b890b
099b09
0b050b
0e4c0e
146614
192a19
1a231a
1af21a
1af71a
192919
171417
13bc13
123e12
140b14
0fb70f
050005
ff95ff
ff51ff
fe8bfe
ff01ff
ffbaff
fe92fe
fda9fd
fd4dfd
ff67ff
05c205
09e309
08b208
071807
056005
031d03
039203
048704
024402
fe98fe
fbbafb
fa22fa
f88ff8
f5adf5
f449f4
f4fff4
f40ff4
f2a1f2
f25bf2
f115f1
f129f1
f34cf3
f239f2
ef93ef
ef25ef
edf1ed
ed3fed
f002f0
f231f2
f3bbf3
f748f7
f816f8
f4d0f4
f3f5f3
f6caf6
f73df7
f11bf1
e93fe9
e790e7
e913e9
e75de7
e520e5
e37ee3
e0f1e0
e24ce2
e699e6
e6c4e6
e565e5
e6b1e6
e944e9
ecf9ec
ee27ee
eae5ea
eb12eb
ee3cee
ec38ec
e7e6e7
e38be3
dc71dc
d8b8d8
d932d9
d519d5
cf1dcf
cd78cd
cdcfcd
cfc8cf
d1ced1
cf4fcf
cc5dcc
cee3ce
d7a4d7
e53ee5
ee88ee
ec6eec
e750e7
e7afe7
ef03ef
fbaffb
012101
f6e1f6
e8ffe9
e0a4e0
dbd9db
dbbfdb
dd61dd
dcdbdc
de5dde
de29de
d6ded6
d31ad3
da6ada
e9f7e9
fec0fe
0c3e0c
098c09
03da03
03f703
069a06
0f150f
186618
14e314
08f108
fe3cfe
f4a0f4
f17df1
f889f8
ffc1ff
002a00
fd0cfd
faf8fa
fc09fc
000c00
085308
140714
1aa91a
1ab91a
1c1d1c
1d6d1d
1c0a1c
1ea11e
232023
21bf21
1f091f
1fcc1f
201120
1ea11e
1db11d
1ea41e
21f921
23c123
203b20
1a7f1a
163e16
143114
15b615
19bb19
1b991b
1bd71b
203820
26f826
28f828
287d28
2a552a
2b982b
2d7d2d
323e32
30ca30
279627
216c21
1d621d
173517
14d414
144114
0ef00e
092309
05e705
054805
0aa70a
124112
164916
18d718
1a791a
1b261b
1c7c1c
1b351b
18d618
19c619
16e216
0dc20d
072807
02c902
fe9afe
fe11fe
fd02fd
fa39fa
fab0fa
f956f9
f5ddf5
f986f9
ffa0ff
021f02
065706
084108
034c03
005000
009400
ff78ff
005900
00fb00
fc6bfc
f7dff7
f5bdf5
f356f3
f236f2
f1aef1
f040f0
f073f0
f07af0
ee1eee
ece2ec
eca3ec
eb70eb
ebe1eb
ed63ed
ed0ded
ebfaeb
eadeea
ea15ea
ec2aec
f061f0
f32af3
f324f3
f136f1
ef8fef
ee81ee
ec54ec
ea7cea
e989e9
e5c2e5
e0c8e0
dfc3df
e067e0
dfd6df
e155e1
e561e5
e7e7e7
e79ce7
e6bce6
e731e7
e894e8
eaaeea
ee5eee
f0b3f0
eec8ee
ec8dec
eb80eb
e7c1e7
e3f5e3
e3b8e3
e27ae2
df1adf
dd60dd
db88db
d8c2d8
d970d9
dd3edd
df86df
de61de
db60db
dadfda
e0fee0
ed41ed
f856f8
f8a4f8
f244f2
f536f5
023202
0c850c
109f10
0c770c
feb6fe
f4f0f4
f521f5
f354f3
f08ff0
f367f3
f216f2
eb68eb
ea34ea
ebeeeb
ef1fef
fca2fc
0ee90e
17d617
17af17
15c615
15a215
19be19
222a22
277f27
215421
155015
0e7f0e
090209
02b202
05e305
0d070d
0af40a
06c206
054305
031803
0a340a
192919
1dd71d
1bed1b
1de01d
1d901d
1e1c1e
25a525
28e628
243324
213b21
225c22
255b25
261b26
214221
1dda1d
1fa91f
206f20
1f111f
1b0e1b
128512
0d6e0d
0f990f
11da11
131f13
15ca15
193c19
1e5b1e
225522
23a623
271227
294029
274727
29c929
2d6d2d
278427
1fb31f
1c2d1c
15f915
0f580f
0cdc0c
099509
05f505
044404
009100
fec2fe
058705
0e410e
121512
145614
160a16
157015
162a16
188d18
16f916
12e812
108c10
0bff0c
04e804
00df00
fdf7fd
fa77fa
faa1fa
fbb6fb
fa2cfa
f997f9
f95cf9
fa31fa
01d201
09af09
08af08
051c05
04a204
04cc04
04c404
03ba03
029c02
02ee02
001000
fabdfa
f8ebf8
f755f7
f56af5
f754f7
f6a8f6
f2a0f2
f3d8f3
f56af5
f324f3
f3dbf3
f438f4
f156f1
f1f8f1
f27cf2
f0d2f0
f4d9f4
f87df8
f5c1f5
f6b5f6
fa6ffa
f915f9
f78ef7
f62cf6
f0e6f0
ecc4ec
e992e9
e415e4
e146e1
e04de0
dda1dd
de84de
e217e2
e20de2
e1bde1
e45de4
e6c6e6
e84be8
e985e9
ea2dea
ea1bea
e7cae7
e447e4
e20fe2
df8adf
dc36dc
d8d7d8
d311d3
cd02cd
cbebcb
cd98cd
ce20ce
cdcacd
cceecc
cd35cd
cf57cf
cfaccf
ce9bce
d0aed0
d578d5
db9ddb
e352e3
e820e8
e751e7
e7ace7
ef1eef
f908f9
fd0ffd
f868f8
edcced
e379e3
e0b5e0
e3eae3
e364e3
df1adf
de25de
dd7fdd
da91da
dd4fdd
e74fe7
f363f3
01a001
0df00d
10fe10
0fa70f
118611
155715
195919
1bcc1b
182718
0e910e
039203
fb32fb
f90af9
fc6efc
004e00
021402
01c901
002e00
006700
062306
115611
1c221c
20ef20
229b22
24a524
249d24
244824
263f26
25d325
24d724
285828
284928
218c21
1e0f1e
1d521d
1ada1a
1c041c
1e121e
193319
12be12
106e10
110911
156d15
1ba61b
1fda1f
236323
261826
272127
28ab28
291929
28bb28
2c492c
2f742f
2bfe2b
25e325
205420
1ace1a
16ac16
12b712
0e380e
0af50a
075507
049a04
05bc05
06d606
094909
121512
18a618
17bd17
17cd17
189018
16fb16
19ad19
1cd21c
17bb17
11b811
0f410f
097e09
022702
fe04fe
faf0fa
f9eef9
fb96fb
fabafa
f7e3f7
f7bff7
f9eaf9
fdf2fd
03bf03
070907
066c06
056105
042f04
021002
01bf01
033603
029502
ff52ff
fb4ffb
f6c5f6
f273f2
f004f0
efd2ef
f129f1
f22cf2
f151f1
efdeef
ef0cef
eeaeee
ef76ef
f0f9f0
f1aff1
f1c3f1
f153f1
f198f1
f4e0f4
f82af8
f8e6f8
fa88fa
fab6fa
f501f5
f023f0
ef87ef
ecaaec
e857e8
e625e6
e2f2e2
e093e0
e2f2e2
e5fae5
e71fe7
e83ae8
e983e9
eba5eb
eda9ed
ede0ed
eff8ef
f450f4
f4fef4
f25df2
efb2ef
ebc9eb
e7e3e7
e5dbe5
e302e3
dee5de
db49db
d819d8
d6fad6
d915d9
db13db
da79da
d8ebd8
d8a8d8
d9fad9
dc68dc
e0b7e0
e671e6
eb0feb
ee94ee
f1e2f1
f474f4
f990f9
033d03
0a770a
094409
01dd01
f87cf8
f1ebf1
f160f1
f3b5f3
f460f4
f186f1
eb69eb
e692e6
e763e7
ed1bed
f6f5f6
03cf03
0ef50e
15fa15
18c218
173e17
175317
1e491e
252b25
23e423
1caf1c
134513
08e808
020502
01d001
043404
04c804
04e304
054b05
045804
059e05
0d120d
157315
1a671a
1f751f
23f623
244824
243924
266c26
27fc27
2a412a
2d942d
2c272c
26b626
22d322
1f131f
1ba31b
1d3e1d
1ef81e
191b19
10ed10
0d690d
0cb60c
0e9a0e
14e914
1adb1a
1cb51c
1ecf1e
236323
26c326
286c28
2af02a
2d3f2d
2df62d
2dfa2d
2b3a2b
238023
1ad21a
157815
12e912
111b11
0cb50c
04fb04
008200
023402
04f904
088008
0e9d0e
131313
155615
180618
181118
169a16
190419
1a6e1a
155915
0f6b0f
0c120c
07b407
017601
fb19fb
f5f4f5
f3caf3
f47ef4
f4acf4
f1ebf1
f01cf0
f40ff4
f930f9
fa69fa
fc58fc
ffadff
feecfe
fcf5fc
fd24fd
fc32fc
fb5efb
fb3cfb
f765f7
f304f3
f1c7f1
ef39ef
eb7feb
e90ce9
e572e5
e37de3
e5d4e5
e65ee6
e3c6e3
e2b1e2
e2a7e2
e2aae2
e431e4
e6f1e6
ea11ea
ec85ec
ee67ee
f100f1
f23af2
f199f1
f202f2
f0a3f0
ebe5eb
e8f4e8
e643e6
e007e0
db2bdb
d981d9
d8e6d8
db9cdb
df6edf
df6bdf
debbde
e101e1
e53fe5
e99be9
eb4eeb
ec0eec
f003f0
f292f2
eed9ee
e98be9
e659e6
e38ee3
dfe9df
dbeedb
d8f1d8
d644d6
d3a1d3
d44bd4
d5c8d5
d3ded3
d55dd5
db81db
dbc6db
d93cd9
dc95dc
df6bdf
e105e1
ea89ea
f4c0f4
f489f4
f2d5f2
f987f9
01aa01
03ec03
02b202
fe84fe
f5ebf5
ef87ef
ef35ef
ed84ed
e969e9
e8a4e8
e77be7
e44be4
e5a6e5
eaafea
f296f2
016001
0f630f
155515
192019
1adb1a
19a619
1eec1e
261c26
210021
160716
0f890f
08ac08
01d001
008d00
ff4cff
fbfffc
fec0fe
038003
005d00
ff82ff
0b450b
157615
16e416
1d3e1d
258125
233923
21a021
273727
268d26
22e622
260926
24de24
1c641c
18ff18
187a18
14bf14
12e912
11cc11
0c320c
066d06
055105
08e608
0fd90f
157615
16ef16
18e918
1e171e
220b22
237923
26af26
29ba29
273627
23df23
23ba23
200b20
194d19
162c16
121f12
0b400b
077c07
028902
fb60fb
fcc5fc
02cd02
02f102
03dd03
097a09
0d480d
113f11
165b16
168616
15d615
1a131a
1b9d1b
15a415
106110
10bb10
0f170f
059905
fbfffb
fa0efa
fa69fa
f760f7
f457f4
f492f4
f788f7
fbaafb
ff1bff
01ef01
049f04
068106
086208
090209
065d06
051405
071007
059f05
00d100
fec1fe
fd78fd
fa17fa
f791f7
f64df6
f4dbf4
f37ff3
f174f1
f006f0
f195f1
f2d9f2
f1f7f1
f396f3
f70df7
f706f7
f7a6f7
fe6afe
03b603
018901
ffe7ff
026402
016a01
fce0fc
fa69fa
f6dbf6
f021f0
ec1aec
ea6fea
e630e6
e350e3
e67ae6
ea6fea
ea08ea
e865e8
e9d2e9
ede6ed
f233f2
f591f5
f7e5f7
f8b2f8
f738f7
f46ef4
f249f2
eff1ef
ebabeb
e795e7
e4b5e4
e00ee0
db46db
dae7da
dc14dc
db54db
db1adb
dabada
d865d8
d894d8
dc64dc
dff3df
e544e5
ed46ed
f1b8f1
f312f3
f826f8
ff35ff
036203
063406
06bb06
005c00
f6cdf6
f1c8f1
efb1ef
ebbaeb
e87ce8
e7ffe7
e5f4e5
e27de2
e428e4
ebffeb
f5b3f5
00b000
0d000d
158715
170217
16aa16
1a5e1a
1f591f
1fd41f
1c091c
164716
0e1d0e
05aa05
018b01
009300
fe43fe
fb8dfb
fb30fb
fb8efb
fc8cfc
01e701
0a4c0a
109810
15ec15
1cf31c
221222
239c23
257025
281f28
294929
293f29
282928
248b24
1e9f1e
18fa18
166f16
164a16
144d14
0f390f
09e009
06fa06
08a408
0df10d
127c12
159a15
194719
1c521c
1f1b1f
23b023
271b27
272e27
275527
286f28
277327
23c923
1efc1e
1a091a
157215
11c011
0ea30e
09b809
02d502
fed9fe
ff84ff
00cf00
019601
039b03
06ae06
0aed0a
0f510f
108610
102e10
12d712
160016
148a14
102910
0c860c
085b08
01cd01
fa94fa
f434f4
ef3cef
ed49ed
ecfcec
ea9fea
e804e8
e92ee9
eceaec
f0def0
f419f4
f5adf5
f723f7
f8cdf8
f7d5f7
f698f6
f871f8
f86ef8
f459f4
f18cf1
efc8ef
eb95eb
e78be7
e4c1e4
e121e1
e00ae0
e39de3
e53ae5
e1d9e1
e02be0
e2b8e2
e49be4
e622e6
eaa0ea
ee87ee
ef19ef
efd8ef
f13ff1
f1f8f1
f491f4
f809f8
f78ef7
f37ff3
ee4dee
e901e9
e6b7e6
e7c7e7
e721e7
e40ce4
e300e3
e3b9e3
e285e2
e0dbe0
e2e5e2
e838e8
edd9ed
f24ef2
f3eff3
f298f2
f229f2
f453f4
f614f6
f56ff5
f204f2
ec00eb
e609e6
e215e2
e00ee0
e0d9e0
e26fe2
dfe8df
db25db
da7fda
dd8cdd
dfc3df
e1b6e1
e6cce6
edceed
f359f3
f824f8
fc93fc
fee2fe
031103
0b440b
0e100e
086f08
03a603
ff91ff
f783f7
f287f2
f2b9f2
efaaef
eab9ea
ea07ea
ea63ea
eaa6ea
efa2ef
f8bbf8
028a02
0c5f0c
13ac13
167616
190619
1e961e
22bf22
21e521
1ecf1e
1abd1a
135313
0a580a
044d04
01ab01
009b00
ffc8ff
fe45fe
fd27fd
fedafe
044c04
0bdc0b
121a12
161816
1a7b1a
1e561e
1e851e
1e881e
222f22
250125
242a24
23aa23
22e722
1cf31c
151015
124112
129912
10b310
0cba0c
07f907
037603
02df02
06a506
0b3d0b
100810
148e14
16e816
18d618
1ba01b
1e271e
21be21
24ad24
22f522
208c20
1fe41f
1b201b
13d013
10ba10
0f110f
0b2d0b
06e106
020b02
fe7dfe
ffa5ff
019e01
017401
038003
07d107
09e509
0a8c0a
0c560c
0e380e
0fa00f
11ba11
131513
109e10
0bf10b
091609
067106
015901
fcc8fc
fa09fa
f6abf6
f456f4
f50cf5
f600f6
f64cf6
f790f7
f922f9
fadffa
fd2ffd
fe55fe
fe7dfe
ff24ff
fea0fe
fd6ffd
feb7fe
ff3bff
fb05fb
f76af7
f7d6f7
f67ef6
f230f2
f06af0
f0eaf0
f04cf0
ef9eef
efd3ef
ef9bef
ef0bef
ef8fef
f225f2
f559f5
f74af7
fa31fa
fe76fe
ff38ff
fd92fd
fed0fe
001500
fe1efe
fbd5fb
f8e0f8
f44bf4
f17cf1
f003f0
ed9aed
ec26ec
ebe2eb
ec0dec
ed96ed
ee2cee
ed07ed
ee02ee
f049f0
f18af1
f48cf4
f885f8
f89bf8
f520f5
f1e8f1
f180f1
f2aaf2
f0f5f0
ecd6ec
ea52ea
e859e8
e666e6
e5ede5
e333e3
df34df
e140e1
e4e8e4
e2c6e2
e244e2
e8abe8
ef88ef
f569f5
fc70fc
01e301
06c206
0d070d
0f710f
0c7e0c
08cf08
037e03
fbbafb
f6b9f6
f3f3f3
ee6eee
e8c5e8
e711e7
e865e8
ed06ed
f4e4f4
fcd8fc
056905
0ff80f
17a917
19cc19
1bc41b
20bb20
246d24
233923
1eb51e
18ba18
115d11
0acb0a
078f07
069e06
068f06
05fd05
02e402
013201
057b05
0acb0a
0e790e
14bc14
199019
18be18
198319
1d281d
1e021e
1f4a1f
222222
20e420
1e521e
1d981d
1a1d1a
157b15
140614
131e13
11cf11
0ee20e
065b06
feeefe
00a400
041004
049a04
094f09
0fa10f
0f610f
0e1f0e
12b712
17e717
1a531a
1d5a1d
1ef51e
1b281b
15ea15
12ad12
0e380e
092209
075e07
053005
fe22fe
f6eef6
f3e9f3
f396f3
f5c8f5
f9e2f9
fc5bfc
fdbbfd
005a00
027602
04a404
095909
0c290c
09b309
06ad06
042904
fedffe
f9f6f9
f833f8
f58df5
f129f1
ee40ee
ed35ed
ed53ed
ed4aed
ec9aec
ef7def
f596f5
f6def6
f45cf4
f5bef5
f7f8f7
f694f6
f691f6
f8d9f8
f867f8
f6abf6
f6daf6
f5ddf5
f1d0f1
eef2ee
ef8cef
ef20ef
eb37eb
e8a2e8
e904e9
e7dfe7
e5fbe5
e73ae7
e914e9
e996e9
ec34ec
f121f1
f46bf4
f51af5
f618f6
f95df9
fc0afc
fb17fb
f981f9
f8f9f8
f533f5
edfaed
e8c7e8
e803e8
ea1fea
eb38eb
e850e8
e582e5
e71de7
e984e9
eab5ea
ed3bed
efd4ef
f1d2f1
f47bf4
f33af3
eda9ed
ed9bed
f318f3
f382f3
ef97ef
ed5eed
e998e9
e438e4
e3bfe3
e666e6
e6cae6
e5d3e5
e399e3
dfd4df
df7bdf
e35ae3
e67ee6
ea1bea
f161f1
f7e0f7
faa0fa
fec3fe
06c406
0e000d
117f11
118f11
0ccc0c
041504
fcd5fc
f85ef8
f40df4
f0c0f0
ee29ee
ea17ea
e8dde8
edd2ed
f4aaf4
fcc6fc
075a07
0fb70f
161216
1d781d
20cc20
20b820
250d25
27d227
20c620
17bb17
125412
0c6b0c
072507
04be04
026302
011f01
033b03
061506
08ae08
0d260d
13b713
1a801a
1f261f
217d21
237423
24b924
24dc24
25cf25
26d026
25f125
241824
205620
1a6c1a
176117
174b17
148014
10bf10
102d10
0f5d0f
0c4e0c
0ab60a
0c2e0c
0f9a0f
137313
163616
190219
1cad1c
1f5b1f
218421
245d24
261526
26eb26
277e27
246124
1df01d
18d218
14c614
103c10
0cad0c
096c09
056e05
021202
000100
00bb00
047704
068406
06ea06
0b300b
10b810
11dc11
118211
12bb12
136f13
11e911
0d490d
072a07
031f03
ff29ff
f884f8
f33df3
f18ff1
f0c1f0
f03af0
efa3ef
eeb6ee
f080f0
f4c6f4
f78af7
f906f9
fa9bfa
fb85fb
fc0ffc
fb20fb
f819f8
f6cbf6
f6cbf6
f391f3
f014f0
ef8bef
ecc5ec
e6d3e6
e424e4
e548e5
e52de5
e2e4e2
e189e1
e200e2
e1e0e1
e19ee1
e4dce4
ea01ea
ece6ec
ef26ef
f222f2
f365f3
f390f3
f3b7f3
f241f2
f0d0f0
f0bcf0
ee5aee
e8efe8
e3e6e3
e120e1
e219e2
e54be5
e576e5
e39ee3
e4ebe4
e7bbe7
e95be9
ebb4eb
ee8bee
eff7ef
f08df0
f02ef0
ee80ee
ecc8ec
eb37eb
e9e4e9
e974e9
e86be8
e666e6
e603e6
e723e7
e695e6
e44de4
e415e4
e722e7
e8dfe8
e780e7
e8d4e8
ee3bee
f2d8f2
f879f8
00fe00
062e06
08fb08
0f5c0f
13a413
11f411
10bd10
0e980e
07dc07
036503
019d01
fbaffb
f5f8f5
f5def5
f79ef7
fad3fa
00ad00
060206
0cf10c
188118
226722
267e26
297b29
2db72d
300630
2e5a2e
29e529
245924
1db31d
16e316
12b112
10c810
0f040f
0de40d
0db80d
0e760e
114a11
150f15
194119
1fe41f
259625
268626
26c726
27c627
271f27
281828
2a412a
27fe27
246524
220f22
1c4d1c
16d416
16da16
163c16
131113
10aa10
0bce0b
06e706
081a08
095609
087908
0cef0c
114711
0ea40e
0e360e
12d912
14d914
167c16
1acc1a
1ba01b
183f18
14e014
110811
0d2e0d
0b3b0b
091709
04c104
ff21ff
f9d2f9
f675f6
f569f5
f635f6
f86bf8
fa44fa
fb70fb
fe06fe
017701
046504
079207
09b409
097709
081f08
04af04
ff34ff
fb9dfb
f921f9
f4c1f4
f0c2f0
ede6ed
eb22eb
ea7bea
ea1aea
e861e8
eb09eb
f064f0
f03bf0
eefbee
f1def1
f2b6f2
f223f2
f56bf5
f6dbf6
f434f4
f3f6f3
f46df4
f1b1f1
ef4eef
ed36ed
e957e9
e756e7
e71de7
e460e4
e0fbe0
e02ce0
e0a1e0
e181e1
e34be3
e56ee5
e789e7
e970e9
ea8cea
eb38eb
ed06ed
f01bf0
f10ff1
ee2bee
ebeaeb
ec50ec
eaabea
e66fe6
e450e4
e4a0e4
e507e5
e47fe4
e294e2
e20de2
e4dfe4
e698e6
e632e6
e875e8
ebb4eb
eb9deb
ea3eea
e913e9
e808e8
e9e5e9
ec93ec
ea6cea
e613e6
e4f5e4
e585e5
e517e5
e444e4
e388e3
e2f0e2
e305e3
e40ae4
e563e5
e638e6
e7f7e7
ece2ec
f367f3
f8a9f8
fcbefc
00b500
058d05
0b1f0b
0e030e
0c6a0c
085708
02c302
fd80fd
fbc7fb
fb6dfb
f93ff9
f73ff7
f62af6
f66ef6
fbfbfb
04e804
0bb70b
126d12
1a491a
1f651f
232123
274427
285028
276427
271827
242a24
1efc1e
1b181b
165e16
10a710
0e720e
0fd70f
12d312
163416
173717
175c17
1b381b
212521
261326
2a5e2a
2c892c
2c9f2c
2ddb2d
2ebf2e
2d532d
2d5a2d
2f142f
2d972d
28ae28
240124
20db20
1ec41e
1d611d
1c1b1c
19a619
164016
14f814
15c315
159415
16c516
1b401b
1d8f1d
1d861d
20be20
243c24
24c324
26f626
297829
278227
248c24
21d521
1c6d1c
17e517
15b615
119811
0d2d0d
0a4c0a
05f305
035f03
05e505
07ca07
07f507
0b000b
0e720e
102710
136a13
164416
159915
14da14
145114
0fca0f
095a09
059505
02b802
fdd6fd
f8acf8
f53af5
f305f3
f26ff2
f39ff3
f3fcf3
f3abf3
f62cf6
f990f9
fa08fa
fa78fa
fc9bfc
fd1efd
fca7fc
fc5dfc
f91af9
f482f4
f249f2
ef81ef
eb14eb
e81fe8
e5b9e5
e397e3
e30ae3
e052e0
dc27dc
ddc3dd
e278e2
e364e3
e40fe4
e6e7e6
e7fee7
e8a1e8
ea68ea
e9cce9
e861e8
e952e9
e870e8
e3e3e3
e03fe0
debade
dd62dd
dc31dc
db8ddb
dc23dc
de13de
deb8de
dd98dd
de61de
e134e1
e283e2
e2cbe2
e40ae4
e3e6e3
e159e1
e059e0
e1f3e1
e2b6e2
e258e2
e25ee2
e17fe1
e023e0
e084e0
e147e1
e1a0e1
e319e3
e31ae3
dfd4df
de35de
e038e0
e2b6e2
e60de6
eae1ea
efb0ef
f679f6
fea2fe
027c02
041a04
098609
0e710e
0cf10c
07cb07
01ed01
fb5ffb
f5def5
f261f2
f08cf0
f0f4f0
f345f3
f706f7
fcbffc
030d03
08cb08
0fe90f
18e418
210f21
25b325
257825
229e22
216821
211e21
1e0f1e
192719
157d15
136c13
11a911
0f3e0f
0db10d
0fa90f
135513
151615
160716
182e18
1add1a
1dcb1d
20b720
235f23
26e726
295729
280c28
27d927
2bde2b
2ce82c
27e927
239623
222f22
211521
20a820
1f861f
1b701b
181c18
179017
15c015
138413
159d15
192e19
191b19
180218
19ce19
1d7e1d
21d921
26a926
29ae29
299729
283028
263a26
22a722
1dfb1d
191b19
13ca13
0eaa0e
0a590a
05b805
012e01
ffb7ff
025802
063e06
080f08
082e08
0a9b0a
0fe50f
130613
12d712
13a113
14eb14
12af12
0df60d
092209
03f803
ff94ff
fbf2fb
f62ff6
f00ff0
ee07ee
ee14ee
ed0bed
ed77ed
f070f0
f2c8f2
f3bef3
f538f5
f7a4f7
f9d5f9
f9f7f9
f7e1f7
f655f6
f5fdf5
f406f4
f058f0
ed1bed
e976e9
e4b5e4
e0f6e0
de7fde
dc03dc
da51da
d93fd9
d742d7
d6a0d6
da01da
de29de
dfd0df
e140e1
e411e4
e599e5
e4dbe4
e455e4
e4bfe4
e3e6e3
e104e1
ddeadd
db82db
d924d9
d766d7
d76ad7
d852d8
d943d9
da46da
d98bd9
d5fed5
d398d3
d5e4d5
d9f1d9
db02db
d894d8
d574d5
d45ad4
d5b5d5
d7fad7
da35da
dbe8db
dbd2db
da2dda
d90bd9
d8ddd8
d934d9
db2edb
dde9dd
dd90dd
da74da
d9d6d9
dd38dd
e201e2
e8c8e8
f21bf2
f949f9
fc98fc
009b00
05a805
07e707
083b08
07b807
037103
fc24fc
f5b0f5
f164f1
f0d6f0
f43cf4
f81af8
fd0ffd
04eb04
0ab10a
0e520e
175217
22e522
290f29
2bf12b
2d092d
29db29
277727
281c28
252225
200820
1e721e
1c511c
182518
173817
198b19
1e291e
249924
268326
255e25
2ae22a
31e131
313831
310c31
357d35
355735
329532
34b434
36a936
35bd35
361036
33da33
2d7a2d
2b582b
2e0e2e
2ece2e
2ddd2d
2bfc2b
270727
22f422
229a22
224b22
231523
269626
262226
21b121
229622
278a27
2a212a
2e2c2e
333e33
306330
28b828
24f124
214921
1b0c1b
17e717
168a16
129012
0e020e
08ef08
04a604
081108
0f670f
107d10
0ed50e
0f7a0f
0ef00e
103810
154f15
152e15
110311
113c11
0e700e
03e603
fda1fd
fd69fd
fa53fa
f673f6
f435f4
f02ef0
eef5ee
f328f3
f51ff5
f4ddf4
f7e1f7
f9fff9
f831f8
f6e0f6
f663f6
f5b1f5
f68bf6
f57ff5
efb8ef
eb96eb
ec66ec
ec34ec
e87fe8
e513e5
e339e3
e163e1
df4adf
dd42dd
db8bdb
dafbda
db94db
dc49dc
dd44dd
df7adf
e284e2
e5a9e5
e822e8
e813e8
e57de5
e339e3
e1fae1
e073e0
dec7de
dc6bdc
d8fad8
d757d7
d82bd8
d8a8d8
da17da
de55de
e0f9e0
deeade
dc12dc
dcf6dc
e1a1e1
e523e5
e32ae3
dfe7df
e034e0
df21df
d9b8d9
d6f7d6
d976d9
db65db
da16da
d727d7
d4fcd4
d6c2d6
db3bdb
dcf1dc
dc34dc
ddc9dd
e10fe1
e2d2e2
e55ae5
ecc2ec
f723f7
feb3fe
021702
04f804
08bc08
09fe09
060006
ff6aff
fa52fa
f538f5
edc9ed
e91fe9
ea7cea
ec27ec
ed83ed
f47ef4
fdadfd
038203
0aad0a
148f14
1bcc1b
215221
259325
241f24
212a21
21ef21
1f331f
15ee15
0ef40e
0caa0c
09ec09
064906
043204
05b405
0b270b
0f210f
0ebe0e
118b11
1b5e1b
23a523
251b25
260626
2aad2a
2e0a2e
2ccb2c
2c0a2c
2f372f
312931
2cf42c
24b624
1d571d
1a571a
1bf61b
1e3f1e
1d6a1d
1a2f1a
179617
16cd16
16bf16
182618
1db91d
242a24
24f224
239723
26b826
2a402a
2b202b
2eab2e
32c832
2fcd2f
289928
232c23
1e231e
187b18
141214
110f11
0f0d0f
0c8b0c
07f407
050705
07d807
0d6e0d
117111
137513
14b914
170d17
1adc1a
1d851d
1da81d
1c8b1c
1a301a
155615
0e530e
07aa07
039703
003500
fa4efa
f449f4
f27cf2
f37bf3
f3c9f3
f40ff4
f672f6
fa55fa
fd4ffd
fecbfe
006e00
028a02
03b503
02f402
ff60ff
fa2afa
f793f7
f764f7
f42ff4
ede6ed
e906e9
e57ee5
e1a1e1
ded4de
dde5dd
de28de
df1bdf
dfaedf
dfd1df
e127e1
e441e4
e804e8
eab1ea
ead4ea
e8f1e8
e639e6
e315e3
e0cce0
dfb5df
ddd5dd
db7edb
da55da
d8a2d8
d55cd5
d2efd2
d25fd2
d2cdd2
d372d3
d300d2
d1a0d1
d13cd1
d23fd2
d47ed4
d790d7
d92bd9
d89fd8
d76ed7
d5cad5
d56ed5
d86cd8
da26da
d678d6
d2bcd2
d37ed3
d472d4
d1a5d1
cdfdcd
cdf6cd
d156d1
d4f1d4
d96ad9
e154e1
eab1ea
f30df3
faf4fa
014101
052505
080708
071007
ffaaff
f77bf7
f2ddf2
ef0eef
eb27eb
e99ce9
eb6aeb
f032f0
f5f8f5
fb40fb
01fe01
0af00a
141714
1c9d1c
230423
252a25
244024
224322
20a520
207620
1e241e
175817
11e311
103310
0e700e
0e7b0e
125712
15d115
196019
1f091f
224922
231723
25c825
281e28
28fc28
2b872b
2db72d
2e2b2e
304330
332433
349f34
34ce34
318931
2d832d
2f692f
327f32
2f742f
2afd2a
285a28
244224
210721
214021
220522
238f23
26a426
27c027
272f27
290929
2e2c2e
356835
3bc93b
3d303d
3a3d3a
35bb35
2f4a2f
288228
257325
243c24
1f681f
178317
113511
0d800d
0bee0b
0ed50e
14c814
170417
15d515
180d18
1c891c
1e261e
1ede1e
207820
1fdc1f
1c2e1c
160a16
0e300e
085708
059705
02ba02
ff65ff
fc0cfc
f80ff8
f69cf6
f88ff8
f94cf9
f9c7f9
fd58fd
ffa7ff
fe5ffe
fdcdfd
fdd2fd
fc24fc
fb11fb
fa98fa
f7dff7
f407f4
f111f1
ee76ee
ebd4eb
e8e4e8
e5dee5
e450e4
e3a9e3
e210e2
e11ce1
e299e2
e457e4
e4ace4
e583e5
e81ae8
ea5fea
ea07ea
e768e7
e4d0e4
e459e4
e526e5
e329e3
dd6add
d995d9
db3cdb
dd17dd
d9b9d9
d48bd4
d442d4
d824d8
d911d9
d5dad5
d55cd5
d944d9
dbf2db
dc1ddc
dbc3db
d9d6d9
d76dd7
d6f1d6
d59bd5
d28cd2
d209d2
d33fd3
d239d2
d090d0
d052d0
d04bd0
d0cfd0
d232d2
d31cd3
d4b1d4
d989d9
e1c0e1
eb04eb
f1a1f1
f432f4
f6adf6
fc27fc
00da00
ff14ff
f696f6
eccfec
e61ae6
e111e1
dc86dc
dc2adc
e0cce0
e59fe5
e9a8e9
f084f0
fa40fa
044a04
0e3b0e
176917
1d671d
1f9a1f
1f281f
1bf61b
16da16
131b13
104a10
0a0c0a
027602
fff6ff
00b300
000800
01d201
094209
111911
15c915
197919
1d891d
21df21
25e525
280028
281328
271427
25ab25
266626
29c329
2a6b2a
263826
21c421
1f401f
1e601e
209620
233123
212b21
1d6b1d
1d111d
1d971d
1c681c
1d6d1d
22b322
274e27
268f26
233c23
241c24
2a022a
2f6d2f
323e32
33c233
31c931
2b702b
259025
223922
1ea21e
1ab71a
16e716
10d310
09e309
06e506
083b08
0b620b
0f2e0f
128012
150815
17d917
1b101b
1ed51e
22f722
245924
21af21
1d9c1d
178c17
0de50d
056f05
01ab01
fe66fe
f911f9
f454f4
f1aef1
f1ccf1
f5a0f5
faaafa
fdc5fd
000400
02b902
040504
032e03
02ba02
039703
02c902
feb3fe
fa42fa
f783f7
f481f4
efdbef
ea7aea
e527e5
e118e1
df8cdf
df4cdf
df35df
e099e0
e367e3
e573e5
e6f6e6
ea0cea
ee1eee
f026f0
ee85ee
eaceea
e7f1e7
e6c8e6
e560e5
e23fe2
de60de
db2cdb
d8e2d8
d78fd7
d733d7
d712d7
d6a4d6
d676d6
d78ed7
da3bda
dc89dc
dbd9db
da33da
dc2bdc
dff3df
df50df
da42da
d667d6
d63fd6
d777d7
d6e0d6
d447d4
d343d3
d572d5
d713d7
d58fd5
d3a1d3
d47fd4
d862d8
dd97dd
e2b6e2
e8b7e8
f07ef0
f6eef6
f97ef9
fbf0fb
01f601
074507
050a05
fbc1fb
f181f1
e9d3e9
e566e5
e570e5
e8f3e8
ec69ec
f007f0
f665f6
fe36fe
05dc05
0f350f
19d919
21d521
256325
251125
21cf21
1e701e
1d2c1d
1b911b
16c016
10b710
0c4d0c
088308
053105
065906
0d1c0d
143514
17dd17
19fc19
1d1e1d
216421
254525
272927
27ff27
29a629
2ae32a
2a5b2a
2a412a
2c392c
2ddd2d
2baf2b
25f525
21d521
224922
22a322
1f031f
1b021b
19c919
19e019
1a8a1a
1c781c
1fcd1f
239223
248524
225922
233c23
291329
2de02d
2fbd2f
30d830
2f282f
2a172a
25ba25
22da22
1faa1f
1c161c
16df16
0feb0f
0b410b
0a0f0a
097509
09c709
0cf00c
115811
149714
162d16
177d17
1aed1a
1fc61f
220422
207f20
1cac1c
163d16
0e4b0e
08b308
05fb05
032703
ff03ff
fa0afa
f5e7f5
f612f6
faa0fa
fecdfe
00fb00
036a03
050405
044a04
048a04
070d07
07c907
057305
028202
ff51ff
fbaefb
f8a0f8
f4e6f4
efa7ef
ec06ec
eabeea
e857e8
e58ae5
e616e6
e845e8
e933e9
eb1eeb
eee5ee
f133f1
f1b1f1
f25cf2
f233f2
f078f0
ee8dee
ebeceb
e80fe8
e55be5
e4a6e4
e3fde3
e2c1e2
e176e1
e071e0
e098e0
e1d5e1
e2bce2
e2d7e2
e21de2
e05be0
dea5de
de27de
defdde
e0d4e0
e1d3e1
e021e0
dd51dd
db7edb
daf1da
dc62dc
de41de
dc76dc
d8b0d8
d7dfd7
d834d8
d6e0d6
d732d7
dae8da
dfc8df
e56ce5
eadbea
edeeed
f123f1
f7d6f7
ff6bff
034503
018f01
faeffa
f239f2
ea3bea
e3d3e3
df9bdf
ddaddd
dd1bdd
de75de
e25de2
e7d2e7
f00cf0
fc82fc
091a09
112811
14fd14
15a915
144114
135b13
121112
0d870d
078c07
024802
fca6fc
f7d6f7
f5b4f5
f542f5
f7fef7
ff30ff
056b05
080008
0bcf0b
117311
154915
189a18
1c401c
1d011d
1b831b
1b391b
1c771c
1e6a1e
1f2a1f
1c6d1c
18de18
176d17
15b715
13c913
144a14
13e313
104310
0e480e
0f3c0f
106010
13f313
1a4a1a
1d011d
1b141b
1ad71a
1ea71e
239c23
276327
29a729
2b222b
2b542b
288d28
243d24
214621
1e741e
19e019
150b15
108110
0b820b
088008
095e09
0b4f0b
0ce10c
108810
15fc15
19c919
1c241c
200820
24df24
274b27
261a26
227f22
1d871d
17e117
128712
0d9d0d
07c707
010a01
fc59fc
fb1cfb
fb17fb
fbc4fb
ff31ff
03da03
063306
076d07
0aa10a
0eb50e
10d610
104b10
0dbe0d
0a8b0a
080408
055605
009000
fa1afa
f465f4
f021f0
ebb6eb
e760e7
e5d7e5
e726e7
e7efe7
e77ce7
e876e8
eb3ceb
eda4ed
ef54ef
f100f1
f130f1
ee52ee
ea60ea
e899e8
e8a2e8
e73fe7
e36ee3
df92df
dd8bdd
dc4fdc
da4eda
d864d8
d835d8
d88ed8
d704d7
d482d4
d41bd4
d61dd6
d7f4d7
d864d8
d8cfd8
da05da
dabbda
da68da
da19da
d96dd9
d792d7
d5f5d5
d50fd5
d361d3
d201d2
d28cd2
d2ffd2
d395d3
d8afd8
e1fde1
eac1ea
f243f2
f990f9
feacfe
010701
030103
047804
01fb01
f9d6f9
ef79ef
e83ae8
e44be4
e0afe0
df9cdf
e4a6e4
ec51ec
f296f2
f991f9
028d02
0b910b
142914
1b441b
1e571e
1e1c1e
1c261c
181118
13e113
11aa11
0ec00e
099f09
044b04
ff8dff
fdaafd
01e801
085208
0b920b
0e7a0e
131313
165716
19d419
1fef1f
243524
24b024
252a25
25c425
259925
27a627
2abf2a
29a529
24db24
206820
1dac1d
1da21d
1ff31f
205120
1cc91c
198919
19ab19
1b631b
1d1c1d
1f951f
222022
226a22
211c21
221b22
26cd26
2c732c
309330
32cf32
32b732
2fde2f
2b962b
27a127
23fc23
1fd91f
1b531b
166416
10bb10
0bd40b
0a280a
0bf90b
0fcc0f
142a14
171b17
180318
19d519
1e9c1e
237c23
252b25
243324
21a721
1c5f1c
145d14
0d3f0d
09b409
06fa06
016a01
fadcfa
f766f7
f76ef7
f955f9
fc1efc
fe76fe
002300
02fc02
06fd06
099909
0a300a
0a110a
093e09
074207
04af04
01e401
fea9fe
fac1fa
f5fef5
f0edf0
eca6ec
e999e9
e83fe8
e933e9
eb22eb
ec2eec
ed31ed
ef5fef
f13df1
f1eaf1
f2c2f2
f360f3
f1bff1
eed4ee
ecbbec
e9e0e9
e4d2e4
e19ee1
e3bbe3
e70fe7
e62ce6
e238e2
df47df
dec0de
dfc3df
e052e0
df02df
dd68dd
dd2fdd
dcb2dc
dacbda
d932d9
d88dd8
d7e1d7
d784d7
d7a0d7
d63bd6
d288d2
cf7ecf
d03bd0
d38bd3
d5f3d5
d6c0d6
d7b1d7
da43da
dfeadf
e84be8
ef98ef
f3d4f3
f720f7
fa24fa
fbb5fb
fbbffb
f86cf8
f024f0
e71ae7
e11ce1
dc47dc
d869d8
d8a6d8
dd27dd
e465e4
ed26ed
f532f5
fd36fd
07c107
11a111
166216
17b817
178617
14d214
10a110
0c0a0c
06c806
029e02
ffafff
fb53fb
f741f7
f6d3f6
f8edf8
fd4bfd
044f04
096d09
0b1c0b
0e870e
13d513
16be16
184618
19d519
1a001a
1aea1a
1dec1d
1f291f
1e961e
1f3d1f
1e3d1e
195f19
156215
14a414
147914
13dd13
126312
0f740f
0dc50d
0efb0e
10ac10
12bb12
168e16
192b19
18ea18
19d919
1dd81d
224622
261c26
290f29
293229
267526
224622
1cfc1c
181a18
155315
12b712
0e920e
0a8f0a
07a707
061d06
078207
0af90a
0e130e
117e11
155b15
17f717
1b471b
204020
21f721
1f791f
1d681d
1abf1a
143c14
0d030d
07c007
034803
004800
fe50fe
fb07fb
f921f9
fbabfb
ff93ff
02e802
065806
080108
087b08
0b270b
0dba0d
0d1f0d
0bb00b
097009
043b04
ff1bff
fc29fc
f8b3f8
f46af4
f028f0
eb1deb
e81ce8
e9c7e9
ec3fec
ed0bed
ee95ee
f103f1
f34af3
f5b1f5
f666f6
f53bf5
f5a7f5
f66df6
f331f3
eda7ed
e950e9
e64be6
e599e5
e744e7
e725e7
e3d6e3
e120e1
e133e1
e2b9e2
e3ade3
e2ffe2
e123e1
de99de
dbd3db
db5adb
de4bde
e0fce0
e0a5e0
de95de
dcc5dc
dca5dc
dd37dd
db2ddb
d8b7d8
daafda
dc82dc
d884d8
d4f9d4
d80fd8
ded3de
e72ee7
efd9ef
f4a0f4
f770f7
fcddfc
012c01
027402
057505
06d506
ffb7ff
f4e7f4
ecd5ec
e6c3e6
e43de4
e726e7
eb88eb
f026f0
f6fdf6
fe22fe
05d005
109910
19d119
1d441d
1f391f
207020
1caa1c
16cb16
135f13
0fdd0f
0a760a
056405
020502
019401
03c303
056605
07b307
0e470e
153c15
181818
1a501a
1df01d
1fe91f
1fdc1f
1eaf1e
1c2b1c
1b5c1b
1e121e
204f20
207820
207920
1e721e
19a819
175817
197f19
1bd21b
1ba01b
197319
16ab16
152115
14af14
13ec13
146414
16cd16
16df16
129a12
0f9f0f
138613
1c131c
223922
22c322
212921
206b20
1eb21e
1b2c1b
181a18
153815
10d410
0c450c
086608
040304
010b01
028f02
061e06
07a007
083208
0ae20a
0f670f
140714
181318
1adc1a
1b931b
1a3a1a
16b316
10e310
0ac30a
069e06
03a503
ffcdff
fb60fb
f843f8
f803f8
fa5dfa
fcbafc
fdfefd
005600
03b303
055e05
066306
08c808
09e909
085508
06e006
059305
027302
ff3eff
fd37fd
fa13fa
f56bf5
f196f1
f005f0
f0d5f0
f262f2
f2b1f2
f328f3
f57af5
f7e0f7
f969f9
faebfa
fb1bfb
f99ef9
f870f8
f688f6
f297f2
efecef
efa2ef
ee37ee
ebddeb
ebc2eb
ed18ed
edb6ed
ee02ee
ee84ee
eebfee
edc2ed
eb23eb
e902e9
e911e9
e900e9
e7a1e7
e71be7
e661e6
e305e3
e03ce0
e113e1
e1c4e1
df1adf
dc2adc
dc12dc
dce8dc
db7edb
d955d9
dba8db
e3a2e3
ec9cec
f358f3
f808f8
fac7fa
fd42fd
023402
072807
06d606
00c400
f782f7
ece5ec
e3a9e3
ddf8dd
db79db
dc5bdc
e119e1
e79ee7
ee23ee
f5b0f5
ffb0ff
0be40b
16e416
1be21b
1ba21b
1ab01a
17f017
10cf10
09b009
05dc05
01b601
fba5fb
f607f6
f219f2
f20cf2
f742f7
fda1fd
02b102
089308
0d740d
0ede0e
10e010
14e814
167e16
15be15
152715
133c13
116011
134213
160f16
15e315
13d613
108010
0d050d
0d6f0d
109910
113111
0f790f
0e260e
0d120d
0cff0c
0e610e
0f590f
103710
113a11
0fb80f
0de80d
117511
186e18
1d291d
1eb41e
1d941d
1b111b
1a401a
19a019
156915
102c10
0d090d
09a009
050f05
016001
ff0eff
ff51ff
02c702
058405
05be05
072f07
0b830b
111011
165216
18e418
181318
168416
13cf13
0daf0d
074f07
041c04
01d201
fe6bfe
fa5bfa
f61af6
f47df4
f7cbf7
fc30fc
fe35fe
ffb2ff
016d01
025802
03b903
05b605
06a006
06fc06
062106
014501
fb08fb
f8b7f8
f838f8
f434f4
ed9ced
e90de9
e885e8
ea8bea
ebfdeb
ebb8eb
ec35ec
ef4bef
f373f3
f642f6
f644f6
f3d5f3
f1cef1
f1c6f1
f0f9f0
ecddec
e759e7
e386e3
e212e2
e216e2
e2b6e2
e3e9e3
e5c2e5
e6e8e6
e642e6
e598e5
e6eee6
e902e9
e991e9
e821e8
e541e5
e249e2
e0d7e0
e04fe0
deebde
dd5fdd
dce1dc
dbd8db
d961d9
d7bbd7
d7e6d7
d891d8
da57da
de98de
e399e3
e7c1e7
ed0fed
f4f9f4
fda1fd
04fb04
0a430a
0d390d
0e850e
0d6c0d
069a06
fadbfa
f14df1
ecafec
e812e8
e26be2
e124e1
e5c5e5
ed04ed
f600f5
018601
0e220e
194719
211121
254f25
279627
280828
24f224
1f3a1f
196c19
132d13
0b680b
03dc03
ff31ff
fe91fe
00f000
042e04
08a708
0fb50f
169016
1a5e1a
1dbb1d
228122
25fe25
270027
265626
23f623
220e22
22f322
245424
24ad24
252e25
231423
1cdf1c
191019
1ac61a
1c2f1c
1ae01a
19d319
18fd18
176c17
164216
158515
160a16
194119
1bc41b
1a9c1a
19e319
1cde1c
215f21
25d525
293629
293d29
26e626
245024
1ff11f
198719
142614
10a710
0ded0d
0ae70a
05a105
fff8ff
001800
05a405
09cc09
0bb30b
0f590f
148214
18a218
1ad41a
1ae61a
19d719
17f917
125712
085a08
fee6fe
f8e3f8
f4b2f4
f152f1
eeb0ee
ecd6ec
eda8ed
f197f1
f575f5
f840f8
fc26fc
005500
023502
02d602
042104
048c04
024902
fe73fe
faa4fa
f6f4f6
f361f3
f05af0
ed42ed
e92ee9
e558e5
e3f8e3
e511e5
e6dae6
e80de8
e8ade8
ea28ea
edfbed
f2f8f2
f64ff6
f739f7
f6d9f6
f5c5f5
f3a3f3
efb5ef
ea45ea
e5f7e5
e45ce4
e2a3e2
dea9de
dbeedb
ddeadd
e19ee1
e1e1e1
dee2de
ddf6dd
e213e2
e6bde6
e63ee6
e376e3
e533e5
e981e9
e906e9
e43de4
e123e1
e065e0
defcde
dc4adc
d8c1d8
d535d5
d3ddd3
d521d5
d774d7
db42db
e100e1
e6ede6
ed0ded
f4aff4
fc48fc
02aa02
090d09
0da30d
0c550c
052305
fb47fb
f1e2f1
eb4feb
e701e7
e2fbe2
e116e1
e435e4
eac2ea
f2a2f2
fcccfc
091709
145d14
1bb91b
1efe1e
200920
1f231f
1acb1a
154115
122012
0e410e
05d905
fde5fd
fbb2fb
fce8fc
ff24ff
036f03
09a809
10c610
170817
199a19
1a2d1a
1d4b1d
20eb20
207920
1dcb1d
1bd41b
1a2e1a
19ed19
1c3d1c
1ee41e
1ff01f
1eb81e
1b391b
190d19
1ade1a
1c5b1c
1a4f1a
181c18
170617
149214
119e11
106f10
109910
113611
112a11
0fb10f
0fa40f
138513
18c918
1cf41c
205420
21bb21
1fff1f
1d361d
1acd1a
178017
12ca12
0dd20d
09ab09
05f205
010801
fbfffb
fb4efb
ffadff
045b04
071107
0a510a
0fbd0f
15f415
1a6b1a
1bb11b
1aed1a
190619
143114
0c520c
049f04
fe72fe
f929f9
f5e2f5
f4d5f4
f40df4
f410f4
f6c2f6
fa76fa
fce4fc
ff25ff
020d02
03ad03
031503
01f801
015401
ff82ff
fae3fa
f4dff4
f091f0
eedbee
edcbed
ebaceb
e8e9e8
e6c2e6
e5dde5
e6a4e6
e90ce9
eb6deb
ec16ec
ebdaeb
ebdceb
eb72eb
eb14eb
ec54ec
ed84ed
ec12ec
e94be9
e6a5e6
e32ae3
e042e0
e0a9e0
e2a9e2
e350e3
e335e3
e2bde2
e0a2e0
de1dde
ddfcdd
e081e0
e383e3
e3f2e3
e045e0
dbd8db
dbafdb
df3edf
e1dfe1
e187e1
df26df
dbe6db
d90ad9
d789d7
d796d7
d96ed9
dc2ddc
dcf4dc
db1cdb
da6ada
de59de
e716e7
f2c7f2
fd3dfd
021f02
034203
069a06
0c760c
0f1f0f
0b2d0b
01f301
f6d6f6
ed44ed
e657e6
e1d3e1
e26ee2
ea4fea
f4b2f4
fc3afc
037703
0ebd0e
1c041c
270827
2e482e
314331
2fd02f
2b022b
237c23
19ff19
11d611
0d0b0d
084c08
013f01
fc4efc
fd70fd
027e02
09b409
13b913
1d381d
220d22
247624
277d27
294729
289928
26e826
248424
219e21
1ef31e
1c651c
1b6b1b
1cad1c
1b311b
152715
121012
156715
18e718
191d19
17ee17
15ed15
145414
149714
14c014
14ff14
17a717
18bf18
14ab14
119411
14ef14
1b621b
20a420
22fb22
21a321
1e5e1e
1a971a
15d415
127b12
11fe11
0f9f0f
096509
036303
fea8fe
fb1ffb
fca9fc
031f03
08f108
0c6c0c
0f2e0f
122e12
173217
1d091d
1f0b1f
1da11d
1b701b
155a15
0a7e0a
016f01
fd93fd
fc5cfc
fb96fb
f933f9
f57af5
f5e1f5
fbbefb
013201
04b104
08fe08
0c3c0c
0cf30c
0e800e
10c110
100210
0cf00c
09a609
054305
003300
fc5bfc
f951f9
f65ff6
f3d1f3
f0edf0
ee67ee
ef14ef
f247f2
f41af4
f410f4
f4b1f4
f6b5f6
f935f9
fb17fb
fb4cfb
fa7cfa
f9a0f9
f679f6
ef75ef
e920e9
e83fe8
e9ede9
e886e8
e4a1e4
e326e3
e51ee5
e6bde6
e620e6
e5e8e5
e78ee7
e886e8
e6cde6
e3b3e3
e1d9e1
e325e3
e612e6
e5d2e5
e169e1
ddc0dd
dca0dc
dad6da
d8b1d8
d8ffd8
d9bfd9
d7cfd7
d4d3d4
d3ccd3
d5c8d5
dad4da
e1a0e1
e83ae8
ee09ee
f2bff2
f6a6f6
fc7afc
04c504
095509
047204
f90bf9
ee0aee
e671e6
e18ee1
de03de
daf2da
d9f7d9
de39de
e692e6
ee57ee
f64cf6
033e03
126612
1b171b
1bc81b
1a1e1a
192919
181118
152815
0e6b0e
044f04
fb0dfb
f58bf5
f2bff2
f17ff1
f2d9f2
f800f8
ff68ff
054b05
08ae08
0cba0c
129f12
175317
18a018
175e17
15a415
14f314
14ce14
14a814
15cd15
16e116
141314
0fa80f
0f090f
10bd10
119911
12ea12
131113
0ee50e
0abe0a
0ae60a
0c250c
0d4f0d
106410
119d11
0e480e
0ca90c
113d11
186018
1e331e
217021
215721
1f181f
1c861c
1a621a
1a021a
1a6a1a
16fa16
0fd00f
0a940a
07ed07
04e404
03f603
079807
0b550b
0c7e0c
0eea0e
140114
189618
1bf01b
1ef81e
1fbb1f
1cbc1c
17c817
124812
0c820c
080508
054605
01be01
fd01fd
fb07fb
fd65fd
000900
006d00
01fd01
06fc06
0b3e0b
0b420b
0a670a
0c680c
0e720e
0c070c
05dd05
001100
fd2bfd
fc71fc
fb03fb
f736f7
f358f3
f2a3f2
f405f4
f43df4
f3edf3
f5cef5
f834f8
f777f7
f4a5f4
f35ff3
f485f4
f697f6
f6b4f6
f255f2
ec6bec
ea2bea
e994e9
e65ce6
e3cbe3
e52de5
e622e6
e3c4e3
e142e1
e0ede0
e2b5e2
e553e5
e564e5
e2abe2
e183e1
e1e6e1
e048e0
de3ede
de2bde
ddccdd
dc2edc
da53da
d75fd7
d499d4
d4a7d4
d506d5
d2dbd2
d0a1d0
d06ad0
d23ed2
d6edd6
dc98dc
e0f2e0
e7b4e7
f2e9f2
fc93fc
01c001
067a06
0b130b
0b570b
058905
fa69fa
ede3ed
e6f8e6
e5c5e5
e242e2
db87db
da99da
e29de2
ed11ed
f698f6
027d02
115f11
1d9c1d
22b922
23b023
260126
286828
255825
1d061d
13a313
094209
fe05fe
f6fff7
f5b6f5
f5c9f5
f748f7
fd2ffd
03d303
073807
0b360b
12ac12
19d319
1dc71d
1f0c1f
1e001e
1bbf1b
1a7a1a
1b431b
1e031e
20db20
200620
1ab41a
14f614
12d412
14b614
175e17
167616
122312
0ef70e
0e0f0e
0c2a0c
09b609
0bce0b
138613
199f19
17a817
132c13
16ea16
21dc21
29a029
2ad82a
298729
26e826
221122
1c621c
17fe17
154c15
120712
0bc30b
048204
ff90ff
fcdbfc
fd65fd
02f702
095f09
0ce60c
11bc11
19bd19
1fb31f
221d22
23a723
23c723
215521
1c781c
144b14
0aa10a
03d703
ffbeff
fbcffb
f8c0f8
f773f7
f79df7
fa01fa
fe1afe
024402
070107
0c520c
100e10
11b811
125a12
120512
106f10
0cfd0c
081608
04b704
032f03
ff81ff
f9f6f9
f6e5f6
f5d7f5
f48cf4
f476f4
f4ebf4
f2f1f2
f0c9f0
f26af2
f636f6
f8e6f8
fa18fa
fa56fa
fa5dfa
fad0fa
fa4bfa
f781f7
f478f4
f3d0f3
f4a9f4
f3abf3
ef3fef
e9f1e9
e7cde7
e8d2e8
e8b6e8
e579e5
e272e2
e28be2
e3d1e3
e3d2e3
e407e4
e65fe6
e945e9
e9d4e9
e789e7
e477e4
e2a8e2
e185e1
df43df
dc7edc
da8dda
d7fbd7
d3bed3
d0b4d0
d151d1
d436d4
d7dcd7
dd63dd
e60ee6
eff1ef
f722f7
fb97fb
017001
07fb07
085308
00c800
f747f7
ef2eef
e7ace7
e1a8e1
de97de
de2ade
e08ae0
e5c4e5
eca5ec
f4d8f4
fe55fe
07fe07
118911
1a301a
1e6a1e
1cc81c
18b918
14d314
107710
0aec0a
03be03
fb9ffb
f61df6
f558f5
f6cff6
f8d0f8
fd2afd
03f603
0a0d0a
0dc30d
105f10
126712
128c12
115511
115211
11f211
10f010
10dd10
13f813
149014
0f710f
0c820c
108010
147314
13c613
121112
10c310
0e310e
0b3e0b
094109
095209
0d0d0d
108c10
0cfc0c
05f905
063b06
0e840e
162716
192619
1a961a
1c651c
1bdb1b
172117
12ff12
143c14
15d015
10b710
07de07
010d01
fcbefc
fbf7fb
ffdcff
037b03
03be03
055c05
0a210a
0e090e
113011
166d16
1b4f1b
1b961b
174a17
117311
0cc20c
097d09
05f805
011f01
fb62fb
f736f7
f7d8f7
fb46fb
fc32fc
fd53fd
04a204
0cb50c
0d5d0d
0b210b
0d0e0d
101310
0efa0e
09e909
039603
ff3aff
fd99fd
fb49fb
f6aaf6
f295f2
f138f1
f224f2
f37bf3
f36af3
f3a4f3
f6b0f6
f98ff9
f8cef8
f789f7
f90bf9
fb45fb
faf9fa
f699f6
efceef
ec27ec
eda6ed
ee59ee
ea21ea
e59ee5
e65ce6
e9e6e9
e93fe9
e464e4
e378e3
e894e8
eb97eb
e916e9
e68de6
e66ae6
e6b9e6
e71fe7
e6d5e6
e4fbe4
e39de3
e2bce2
dfaedf
dc5adc
dc47dc
dd91dd
dce7dc
da27da
d6dad6
d55ad5
d6d4d6
d96fd9
dc47dc
e102e1
e838e8
f192f1
fbedfb
039003
071f07
0a650a
0dfd0d
0cd50c
050a05
fa66fa
f128f1
eaebea
e627e6
e1c3e1
e0d5e0
e4e8e4
ea30ea
efebef
f9d9f9
06cc06
126b12
1cb81c
25b225
2a242a
29d329
275627
230c23
1cca1c
151b15
0b6f0b
00f600
f9a2f9
f6b5f6
f68df6
f95bf9
ff34ff
051705
094109
0dbd0d
13c913
196e19
1cc21c
1e0a1e
1e401e
1e181e
1eaf1e
20b520
224d22
208420
1bcb1b
182218
17eb17
18f118
179217
134f13
0ef90e
0c5c0c
0a120a
07c907
08ad08
0d220d
0fa60f
0da20d
0c400c
0fc50f
165e16
1d8d1d
23e923
26e826
260526
23d623
215f21
1e9c1e
1cd31c
1a851a
13b913
08f608
feb4fe
f824f8
f703f7
fa3bfa
fcd3fc
fd22fd
ff5dff
052305
0ba20b
11f611
18e818
1f541f
22c822
210421
1ad81a
156215
133513
105310
097709
00dc00
fa7dfa
f837f8
f7f2f7
f6d9f6
f7def7
fe5afe
04cf04
062d06
07a607
0d120d
113d11
109110
0d950d
0ae90a
097a09
086208
057005
014c01
fe13fe
fb3cfb
f8fcf8
f8eff8
f981f9
f917f9
f92df9
f8baf8
f58cf5
f320f3
f570f5
f981f9
fa00fa
f5c8f5
f076f0
ef0bef
f1bbf1
f347f3
f162f1
efedef
f1bdf1
f39ef3
f124f1
ec88ec
ec40ec
ef7cef
ef1eef
eae5ea
e7ece7
e5b1e5
e21ae2
dfafdf
dfc3df
e0e9e0
e27ae2
e260e2
df95df
deb5de
e215e2
e4ede4
e3e1e3
e026e0
dc35dc
dac0da
da3dda
d70bd7
d617d6
dc9cdc
e366e3
e6e4e6
ef38ef
fa82fa
feecfe
009c00
054005
056705
ffa5ff
fb63fb
f62cf6
ec3fec
e422e4
e0dde0
e015e0
e354e3
e906e9
ed86ed
f533f5
012401
0a100a
10e810
1a6c1a
20c420
1fcd1f
1b741b
140814
0b050b
068306
030a03
fa84fa
f3a5f3
f361f3
f3b9f3
f36cf3
f6a0f6
fc97fc
037203
097709
0bd60b
0d420d
110911
135b13
132c13
13ee13
13e213
12a212
137513
11c411
0a770a
06d906
0a7f0a
0d710d
0d5f0d
0c040c
07f807
048604
053f05
064b06
073b07
0b4a0b
0e2b0e
0c300c
09f009
0afc0a
100710
182e18
1d011d
1bc01b
1b1a1b
1c1a1c
192119
14d714
146b14
149c14
110c11
094b09
ff78ff
f9b1f9
fb16fb
fe47fe
002600
03e003
098d09
0e570e
11e011
151715
19fa19
210d21
24ba24
20e220
1a2a1a
154915
112f11
0c830c
072a07
014901
fd06fd
fbc7fb
fb6afb
fa9dfa
fbf4fb
023c02
0b150b
0ff30f
0fd30f
113211
151e15
14c614
0f7f0f
0b860b
0a000a
079b07
033203
fd30fd
f74ff7
f42bf4
f379f3
f33cf3
f305f3
f298f2
f230f2
f30bf3
f430f4
f45ff4
f586f5
f75af7
f608f6
f1faf1
eeebee
ed2ded
eba3eb
ea04ea
e784e7
e5a1e5
e693e6
e6e4e6
e31ce3
df77df
dfecdf
e1b8e1
e1b5e1
df63df
dbfcdb
db9adb
ded4de
def5de
da8dda
d930d9
dc66dc
de48de
dddedd
dcc6dc
da11da
d7fad7
d903d9
d954d9
d665d6
d2ccd2
cf79cf
ce0ace
d1dcd1
d6f7d6
d897d8
dddddd
ebdbeb
f812f8
fa32fa
f98df9
fe61fe
055b05
063a06
ff00ff
f63af6
f12af1
ec4aec
e496e4
dfcbdf
e2a6e2
e907e9
edb2ed
f161f1
f7c4f7
028b02
0f860f
1a7e1a
20ea20
231223
226122
1fc51f
1b801b
15f415
0fd10f
0a150a
060406
037703
00bd00
febefe
00e100
071407
0d470d
10b910
128812
160916
1b6f1b
1e361e
1dad1d
1eb61e
213921
220622
237223
250024
20f620
1b011b
1b8a1b
1f371f
1f1e1f
1c0f1c
17f917
142514
12d612
125d12
11d111
147f14
175e17
14c214
118911
139613
180618
1cab1c
216421
23bb23
24a024
25fc25
24fd24
223c22
219021
200c20
1a331a
127612
0a430a
031903
00cd00
01bd01
01f601
02f602
053205
073a07
0bb00b
126412
16f516
1a941a
1eda1e
1f821f
1c7c1c
1a501a
188d18
153115
0fea0f
076607
feb5fe
fbc5fb
fc4afc
fb00fb
f9f9f9
fc08fc
ffdcff
046b04
086908
0a870a
0c230c
0d220d
0b810b
090709
07d307
064c06
042804
024902
ff24ff
fb1cfb
f969f9
f9ebf9
f9a4f9
f79ef7
f585f5
f58df5
f6d9f6
f5f1f5
f3bcf3
f413f4
f4bef4
f1d1f1
ef11ef
f036f0
f094f0
ed36ed
ebd8eb
ef73ef
f17ef1
eda9ed
e987e9
e9fde9
eb0ceb
e889e8
e565e5
e4b1e4
e42de4
e1b3e1
df08df
de52de
df25df
dfe1df
dfb0df
defcde
dee4de
e031e0
e1dee1
e16be1
ddf5dd
d9a2d9
d6a4d6
d4e2d4
d389d3
d254d2
d0eed0
d06ad0
d4dcd4
e028e0
ecc7ec
f4d7f4
f9f7f9
fe83fe
009800
019301
048804
049804
fc43fc
f035f0
e6eee6
e164e1
df99df
e06de0
e16de1
e49fe4
ec45ec
f4a8f4
fc65fc
073f07
140a14
1d741d
223222
22a922
1e5d1e
17a317
125912
0f050f
0a7c0a
025802
f9d3f9
f61cf6
f63ff6
f6eff6
f9ecf9
004f00
05dc05
081308
098209
0daa0d
14fa14
1a731a
194619
155b15
152915
17b817
191c19
17cc17
136913
0ef40e
0e530e
0f3c0f
0e560e
0d250d
0bb10b
087808
068906
081e08
0a450a
0b200b
0b2d0b
0aa10a
0ad50a
0c480c
0d840d
0fe00f
152015
19af19
1a1f1a
188a18
17cd17
180318
178717
146f14
0eef0e
087508
016501
fc1afc
fbdefb
fe3cfe
fee3fe
ff78ff
026f02
05f605
09ab09
0f9d0f
167c16
1a861a
1ab21a
18e818
16ef16
14df14
122112
0e330e
085408
01b901
fe04fe
fd53fd
fc36fc
fc4bfc
01bd01
08a808
0a8c0a
0a0d0a
0cc40c
10f410
126612
113c11
0f3d0f
0c800c
087808
03e903
014c01
00ef00
fe99fe
f8c5f8
f54df5
f788f7
fa39fa
f9d2f9
f9c0f9
fb91fb
fc22fc
faaffa
f9ddf9
fa76fa
f9f1f9
f655f6
f241f2
f186f1
f20bf2
ef47ef
eb11eb
ea58ea
ecb9ec
edb3ed
ea32ea
e422e4
e202e2
e5f1e5
e935e9
e76be7
e41fe4
e131e1
dd32dd
da56da
db6cdb
deb0de
e0efe0
e044e0
dd47dd
dbd5db
ddcedd
dfb7df
de61de
da65da
d54ed5
d01dd0
cbdccb
ca4dca
ccbccc
d137d1
d613d6
de7fde
eac8ea
f3edf3
f737f7
fa64fa
010901
07fb07
08cc08
008e00
f637f6
f09cf0
eabbea
e1b2e1
dd0ddd
de08de
e049e0
e6a9e6
eff9ef
f5dff5
fe8efe
0f790f
1d091d
21aa21
250725
25dd25
200020
199f19
14e214
0e580e
090009
05bd05
006600
fb47fb
fa00fa
fbe4fb
01e401
093c09
0bde0b
0dee0d
149214
19b919
1b0f1b
1cf31c
1d8b1d
1d311d
212121
238423
1d8d1d
179217
17cb17
190c19
194719
18b918
14bc14
0fe40f
0e700e
0e1d0e
0d230d
0d010d
0e330e
113311
134b13
0fee0f
0ca00c
116211
188118
1b031b
1c9e1c
1e901e
1dd21d
1cc61c
1cd11c
1b8f1b
1a171a
17e817
10ad10
069e06
ffd1ff
fd7efd
ff0fff
022a02
025802
014c01
035603
069d06
0b020b
139213
1b571b
1cc21c
1bf81b
1b7b1b
18db18
168a16
15df15
11cf11
0a400a
043304
ffd3ff
fc8afc
fd5dfd
021402
069606
08f608
0a720a
0d130d
10ae10
12cf12
139213
147014
131b13
0ee10e
0c730c
0c5d0c
09ce09
051005
021202
009c00
ff40ff
fe7ffe
fe23fe
fe22fe
fef6fe
fefbfe
fd8dfd
fd9ffd
ffe4ff
006400
fd0bfd
f957f9
f998f9
fc5afc
fbb9fb
f77ff7
f67af6
f911f9
f708f7
ef46ef
eab5ea
ecc7ec
eec5ee
eb29eb
e52ae5
e3d3e3
e741e7
e7b3e7
e338e3
e1a1e1
e50ae5
e655e6
e3dde3
e287e2
e302e3
e348e3
e2d6e2
dfbbdf
d993d9
d47bd4
d1c1d1
cf0acf
cda0cd
cecace
ceface
ce7cce
d3e6d3
e002e0
eb81eb
f224f2
f61ff6
f9b3f9
fc83fc
fe15fe
fe85fe
fcd5fc
f72ef7
eddced
e40fe4
dd31dd
db04db
dd58dd
e1f1e1
e65de6
ead9ea
f1ccf1
fc02fc
06ef06
0f9e0f
159115
18b018
17c417
13c313
0f7f0f
0b180b
05f805
020802
fed8fe
f95df9
f3cef3
f331f3
f638f6
f8c0f8
fb2efb
fef5fe
02bb02
05e605
09d609
0de00d
0f190f
0e2a0e
100d10
152d15
174817
14a314
127012
11f811
107f10
0f100f
0e670e
0b340b
060206
035803
02de02
020202
02f302
070307
099309
084f08
081508
0bdb0b
0fda0f
124c12
163d16
1af01a
1c701c
1bbe1b
1b4c1b
19c819
17ba17
171817
141714
0b740b
02d502
004f00
020e02
03f303
050705
05f805
075007
096609
0ce30c
125512
186318
1ccf1c
1ef71e
1f181f
1d9a1d
1be71b
1ac01a
18c018
143614
0d6c0d
078207
057205
05a305
056905
064806
091409
0b5a0b
0d2f0d
0f3d0f
0f230f
0e100e
0f7b0f
105b10
0e040e
0c970c
0c670c
094a09
058005
048304
034e03
005a00
fe6dfe
fdb6fd
fc81fc
faa8fa
f88bf8
f736f7
f72ff7
f69ef6
f466f4
f1c7f1
f04ef0
f17bf1
f459f4
f4b8f4
f27bf2
f1c3f1
f1b5f1
ef3bef
ec7dec
eb21eb
e8f0e8
e665e6
e54ae5
e407e4
e206e2
e176e1
e287e2
e335e3
e1b9e1
dd75dd
d927d9
d94cd9
dd4cdd
df82df
ddabdd
db6ddb
daf1da
d99dd9
d66ad6
d3d7d3
d212d2
cff5cf
cf27cf
cf38cf
cd7ecd
cdf2cd
d661d6
e2cde2
ec18ec
f1bcf1
f53df5
f7ccf7
fc0bfc
00b100
00a600
fbb1fb
f57cf5
eec9ee
e72ee7
e0b5e0
de62de
e154e1
e723e7
ec5fec
f158f1
f911f9
045904
108110
19f619
1fb11f
230123
239c23
20e220
1d3b1d
195c19
12f712
0c030c
07e507
040c04
ff0fff
fd45fd
ffa1ff
02eb02
068706
0a410a
0dc10d
132d13
193c19
1b461b
1b821b
1f0c1f
239223
259325
266b26
263526
238e23
202320
1ded1d
1caf1c
1a9d1a
151115
0dcf0d
0b190b
0cff0c
0db80d
0d340d
0e420e
0efd0e
0edd0e
10d110
147d14
184c18
1ccb1c
207b20
21af21
228922
23b523
22c022
1f8b1f
1b981b
173c17
127512
0c430c
04ea04
00fa00
026802
045204
03f203
039f03
043904
05bc05
09c609
0fef0f
15c215
19d319
1b7f1b
1b731b
1b431b
1a611a
17de17
145f14
0f020f
074d07
011701
ff1dff
ff6fff
004f00
013601
016e01
026302
059005
08cc08
0a3e0a
0adf0a
0b2b0b
0b140b
0b1a0b
0a7d0a
08a408
06f006
058b05
02a402
fec1fe
fcc8fc
fcfcfc
fc51fc
f9b4f9
f808f8
f887f8
f802f8
f50bf5
f2a9f2
f21ff2
f171f1
f0fbf0
f2b7f2
f4acf4
f396f3
f17df1
f2b0f2
f616f6
f6d6f6
f379f3
eebcee
ec1dec
ecaaec
ecd1ec
e923e9
e494e4
e281e2
e147e1
e138e1
e396e3
e33ae3
df1fdf
e029e0
e6dce6
e93ce9
e696e6
e4e3e4
e33fe3
e01ae0
dc40dc
d58cd5
ce91ce
ced1ce
d38fd3
d3e8d3
d0f8d0
d29ad2
dc59dc
e9dce9
f296f2
f65af6
fcf6fc
038103
018401
fd4afd
fe70fe
fdabfd
f63cf6
ecb5ec
e28ae2
db20db
dc4cdc
e0d6e0
e356e3
e9fce9
f4b7f4
fbc5fb
025902
0d530d
16fc16
1c881c
1ff61f
1f011f
1a5c1a
15fb15
105510
09d009
065c06
02c202
fc6afc
f84ff8
f6bbf6
f61bf6
fbaafb
050f05
082608
07d507
0c7c0c
122f12
142414
152715
162316
171417
19a519
1af21a
17e217
13ec13
12da12
145414
151c15
110711
09de09
05d305
046504
02d102
043a04
07a407
06cf06
03bd03
042d04
06ff06
0aa80a
0fba0f
13d013
15fe15
183218
19b119
1a521a
1b911b
1abf1a
160816
117e11
0dff0e
07aa07
ffd3ff
fbfbfb
fd72fd
008a00
012001
ffadff
00ac00
053605
0a520a
0eef0e
12ff12
159715
178b17
18dc18
174c17
148914
13eb13
124912
0c160c
059105
030c03
027c02
01a201
014801
01ce01
033903
062306
093709
09f709
092109
094b09
09d209
08ca08
076907
06fa06
05e405
038203
014701
ff4bff
fd5cfd
fcadfc
fcb3fc
fb5dfb
f953f9
f877f8
f7ebf7
f67df6
f5d5f5
f74af7
f7fbf7
f460f4
ef12ef
ee5aee
f1f2f1
f30cf3
efd8ef
ed32ed
ecc2ec
ec2fec
ec1eec
edf5ed
ef0aef
ed38ed
eab4ea
ea01ea
ead3ea
ea84ea
e6f7e6
e341e3
e439e4
e6dce6
e481e4
df36df
de68de
e2f4e2
e6a0e6
e46ee4
df0edf
dc43dc
da1eda
d48ed4
d12fd1
d383d3
d3d3d3
d0dcd0
d22ed2
d722d7
dd94dd
e957e9
f5b6f5
fb74fb
ff94ff
03e203
02fc02
01f201
042404
ff91ff
f3d9f3
eb37eb
e555e5
e021e0
dfa4df
e1d3e1
e53de5
edaced
f65cf6
fb92fb
04d904
110111
180118
1da51d
22e822
207f20
1b671b
1a511a
16a616
0f9d0f
0acc0a
04c404
fdf0fd
fc78fc
fbcdfb
f9acf9
fdbdfd
043604
054905
080408
0fe80f
152215
17b017
1b081b
1c901c
1e351e
22cb22
250325
22db22
1fe41f
1c591c
19c019
19b819
167716
0e880e
09a809
08b508
06cd06
060706
086b08
09ea09
09a309
0b280b
0f530f
139c13
15e715
17bf17
1bad1b
1f2d1f
1f551f
1ec21e
1de51d
19d019
15c515
14b214
10a910
07ca07
018d01
006d00
00ae00
01d901
03b303
042904
050105
08fa08
0eaf0e
140414
17e517
195e19
199419
1a131a
1a321a
19b819
186418
144014
0ea10e
0b7d0b
09dd09
074c07
05fa05
068906
05ee05
04f004
068c06
099009
0b900b
0c360c
0c120c
0ced0c
0f470f
0faf0f
0cc20c
0a9a0a
0b530b
0b620b
07f707
034203
013b01
01ef01
019f01
ff4bff
fd5efd
fb8ffb
f894f8
f6e8f6
f77ff7
f6cff6
f425f4
f2dff2
f3bcf3
f4bdf4
f4fbf4
f49ff4
f408f4
f37ef3
f2b6f2
f1c8f1
f0e4f0
ef2bef
ecc2ec
eb61eb
eaf6ea
ea20ea
e90de9
e7b4e7
e561e5
e38fe3
e36de3
e306e3
e1c2e1
e1d4e1
e2b0e2
e1cbe1
df8cdf
dd38dd
da75da
d7cfd7
d5efd5
d3d5d3
d237d2
d2fed2
d501d5
d70ad7
db51db
e314e3
ec87ec
f553f5
fac5fa
fc32fc
fd48fd
ff97ff
ff5aff
faf6fa
f4aaf4
ed05ed
e462e4
dd9ddd
da94da
db21db
decfde
e476e4
eb3ceb
f359f3
fc41fc
059605
0fbd0f
187918
1c421c
1b521b
184418
148314
106b10
0b260b
03c603
fc2dfc
f706f7
f3e2f3
f136f1
efffef
f2a3f2
f890f8
fd87fd
ffdbff
035d03
09c109
0f570f
125012
143a14
154115
161416
18b218
1ac31a
17fb17
127312
0fb50f
0fc50f
0e260e
095609
045a04
01e101
017301
01c901
032203
05e305
08b908
09f009
0aab0a
0de10d
131113
16b516
188818
1af41a
1d721d
1dc91d
1c111c
19df19
181e18
161216
120712
0c5a0c
074a07
03b303
021002
035403
060c06
07d207
08b208
09ec09
0cfe0c
127312
177917
1a441a
1d0e1d
1f0b1f
1cdd1c
196c19
18f418
18e318
161716
112611
0b070b
064806
058e05
067f06
065206
067e06
07f607
09db09
0bb50b
0c9f0c
0d370d
0f740f
112911
0f530f
0c7d0c
0af60a
08e908
05e705
027c02
fe18fe
faf5fa
fb1bfb
fb08fb
f863f8
f662f6
f643f6
f591f5
f45ef4
f41df4
f345f3
f051f0
ed84ed
ed8bed
ef3cef
ef5cef
ed4bed
ebeaeb
ecf6ec
ed7fed
eaa6ea
e755e7
e6aae6
e590e5
e1e0e1
df80df
e066e0
e1e8e1
e23de2
e07ae0
dd8fdd
de5cde
e2e5e2
e41ae4
e0e0e0
de1ede
dc80dc
dc17dc
dd72dd
db11db
d326d3
ce05ce
cdc9cd
cbffcb
c9b4c9
cbc0cb
d058d0
d5dfd5
dd40dd
e4eae4
ed0fed
f711f7
fee0fe
019101
027c02
024702
fdfbfd
f6c9f6
efe0ef
ea34ea
e652e6
e39ce3
e04ae0
dddadd
e015e0
e84de8
f4b6f4
012201
096909
0e970e
155f15
1e1d1e
244124
250625
21dc21
1d041d
16e816
0f7a0f
08d808
057a05
040904
01be01
ffe6ff
010401
035403
04ef04
08be08
107f10
17d417
1ac71a
1b301b
1c4a1c
1eee1e
233e23
283f28
29f229
25e025
203b20
1e301e
1e8c1e
1e0a1e
1c461c
185d18
11ef11
0d0b0d
0c110c
0c690c
0d800d
0f880f
0f110f
0d1b0d
0fad0f
15e015
1aad1a
1e621e
217021
223f22
22be22
23a023
21e621
1e5b1e
1b0b1b
164616
105b10
0b000a
055b05
01bd01
030803
048c04
034803
03a403
066506
097209
0ed90e
14d114
164616
167a16
197c19
1ac31a
18b318
183518
18a618
152615
0e860e
08fd08
05f805
048804
03dd03
03ba03
036503
02ee02
04d804
094609
0bdf0b
0be60b
0d2e0d
0ec30e
0d0f0d
0a7e0a
0a9c0a
0b310b
095609
061906
033603
008f00
fe47fe
fe0efe
ff51ff
fd76fd
f7a5f7
f459f4
f67ff6
f8a9f8
f6d7f6
f2e6f2
f074f0
f20af2
f496f4
f177f1
ebadeb
ece6ec
f26cf2
f1e2f1
ece6ec
eb59eb
ecacec
ec95ec
ea4aea
e72ce7
e5d2e5
e682e6
e5e1e5
e46de4
e547e5
e56be5
e219e2
e032e0
e256e2
e489e4
e403e4
e016e0
da49da
d826d8
d983d9
d6b4d6
d069d0
ce48ce
cee0ce
cdf1cd
ceface
d3b6d3
d9c1d9
e2e6e2
ef14ef
f847f8
fd41fd
015901
03a203
032703
01b801
fd7dfd
f3f9f3
e8e4e8
e117e1
dd32dd
dc1bdc
dccddc
df0bdf
e405e4
ec33ec
f6a5f6
027e02
0e160e
174e17
1dcf1d
21dd21
22dc22
20f820
1cef1c
16db16
0f2c0f
06f206
ff8bff
fa9afa
f823f8
f6d7f6
f77ef7
fb15fb
ff12ff
019701
04ff04
0adb0a
10e010
14a914
162516
164616
168916
197d19
1f131f
208120
18ef18
10d510
120b12
16b916
150815
0ec40e
087608
033403
023902
052205
05b005
043104
04ff04
058c05
04cc04
081008
0f250f
14f414
188518
1a211a
1a1b1a
1ad11a
1b411b
189f18
150a15
11f911
0d4d0d
079b07
01ab01
fb0cfb
f87df8
fcbafc
009a00
ffc2ff
feb0fe
005b00
052005
0cd00c
12de12
148a14
15ad15
170016
15a015
139513
133f13
127212
0f270f
089d08
00ee00
fe6efe
016901
026902
00c800
01c301
042304
057b05
082608
0b810b
0c4b0c
0bd90b
0c4a0c
0c530c
0b080b
096009
07cb07
055105
01a701
ff35ff
ff59ff
ff51ff
fdd1fd
fc6efc
fa37fa
f72cf7
f751f7
f9c2f9
f8d1f8
f502f5
f33ef3
f441f4
f4d6f4
f1a8f1
ed03ed
ee92ee
f4ccf4
f3b2f3
ea83ea
e59ce5
e8f2e8
ed12ed
ebf7eb
e638e6
e2b4e2
e5b4e5
e7f3e7
e450e4
e2b2e2
e605e6
e5b6e5
e0fee0
df59df
e106e1
e1c6e1
e0d3e0
de7dde
db55db
d7add7
d285d2
ce36ce
ce46ce
cf8ccf
cea7ce
cf4bcf
d360d3
d816d8
deacde
ea52ea
f85ef8
028b02
046604
ffe3ff
fdeefd
01f601
026c02
f89df8
ebddeb
e400e3
df8edf
dbf2db
daa3da
ddd2dd
e621e6
f086f0
f84af8
ff58ff
0beb0b
1b1c1b
23bc23
25ed25
278c27
26ca26
208620
197619
147d14
0e2b0e
06c606
015801
fc9dfc
f980f9
fc88fc
02d602
05ca05
078107
0ccb0c
138513
182c18
1acd1a
1c971c
1eaf1e
20af20
215521
223022
235523
206b20
1ac61a
19ba19
1c741c
1bbc1b
166716
0fd60f
0b450b
0afb0a
0bee0b
0a590a
0a110a
0cd10c
0c990c
0a3a0a
0d670d
14fe14
1a731a
1ca41c
1d191d
1df61d
20bc20
217621
1d501d
193f19
17af17
145b14
0de10d
064e06
ff98ff
fd90fd
00d800
03a703
03ac03
049304
076307
0ab00a
0f230f
150b15
1a881a
1d791d
1d391d
1b051b
187818
170a17
17a817
168c16
0edb0e
05af05
039603
058305
048804
02c902
045b04
085208
0c600c
0e310e
0dce0d
0eee0e
118c11
11af11
101210
0f790f
0ef20e
0d930d
0b070b
06ba06
03d903
051c05
069b06
04e704
019601
fe0afe
fb4afb
fabbfa
fb36fb
fb6ffb
fb40fb
f8a9f8
f3c6f3
f0e0f0
f12ef1
f2aef2
f4c6f4
f593f5
f36af3
f15cf1
f129f1
f002f0
edcbed
ed1ded
ed2ced
eaa8ea
e45ce4
de4ade
dde6dd
e08ae0
df41df
dc84dc
deacde
e24de2
e17be1
dea1de
de8ede
e105e1
e1c6e1
dd76dd
d677d6
d1d9d1
cff2cf
ce92ce
cdf8cd
ce6ace
cffdcf
d501d5
de2ede
e83fe8
f0a8f0
f781f7
fc41fc
fddcfd
fdeafd
fe2ffe
fb77fb
f28cf2
e7f3e7
e0f3e0
dc8adc
daafda
dce5dc
df83df
e19be1
e8bde8
f3e1f3
fd49fd
06ca06
11d811
190619
1ae41a
1abb1a
18dc18
14c114
0ed90e
082f08
030d03
fd82fd
f49bf4
ef05ef
f1d8f1
f5f9f5
f8bcf8
fe30fe
027402
040c04
098509
0f910f
10cb10
142214
18d718
154515
10d310
159b15
18b018
11db11
0c700c
0fed0f
14c414
134c13
0d7a0d
09d009
090509
07a807
07ca07
0ab70a
0ae40a
085308
07c107
06aa06
05e805
0d6e0d
183f18
19db19
158215
15a715
1a071a
1cc51c
1b6d1b
18af18
182218
169316
0f830f
071807
028d02
01f701
050a05
081808
060206
036e03
06aa06
0c290c
111011
172717
1c131c
1dd01d
1e0e1e
1bf91b
188418
187118
1a371a
17ea17
10a510
07c307
02ca02
04c604
07d807
070807
06ee06
0a090a
0ca70c
0e010e
0ec50e
0eea0e
109510
121c12
0ee20e
0a3c0a
094709
08f708
063f06
02a102
ff32ff
fda9fd
feb7fe
feb8fe
fc3ffc
f9a9f9
f779f7
f6e5f6
f977f9
faf4fa
f788f7
f25df2
ef21ef
ee4cee
ee69ee
ec8bec
e94be9
e8a1e8
ea03ea
eab2ea
ea7aea
e877e8
e664e6
e8bde8
eaadea
e4b3e4
dda9dd
de39de
e08ee0
ddbbdd
d949d9
d8c3d8
db96db
dbb3db
d727d7
d62cd6
dc48dc
df06df
d864d8
d05bd0
ce2cce
d04dd0
d0d2d0
cc71cc
c823c8
c930c9
ccbacc
d1d1d1
db81db
e5d5e5
ed1ded
f491f4
fa4cfa
fb23fb
fc48fc
fdcdfd
f99df9
f2dcf2
ec6fec
e1f8e1
d91dd9
db35db
e181e1
e377e3
e5ace5
ec5eec
f557f5
ff3fff
09e409
14ce14
1e401e
22b322
226e22
208e20
1c931c
173c17
137913
0eac0e
077c07
02d602
ffbcff
fb15fb
fba5fb
040904
0ae30a
0cea0c
0f320f
127712
15d715
19ff19
1d011d
1e351e
1fd11f
222b22
24bf24
25a925
21ad21
1cda1c
1e671e
228322
21bc21
1d481d
17c917
122512
100610
11ca11
135a13
13db13
12e512
0f0a0f
0c820c
0fad0f
15e915
1c341c
210f21
21f621
20e320
219e21
21da21
206a20
207e20
1fef1f
1ab11a
132013
0b350b
035a03
00ec00
05a505
092d09
068806
02da02
03ab03
095409
10e810
16eb16
1ab41a
1d681d
1dd71d
1ad11a
172f17
169716
17f417
15e715
0e1d0e
062306
03ce03
04ae04
044704
03cf03
059a05
08b208
0b180b
0b0f0b
097009
0ab60a
0f580f
114311
0e260e
09fc09
070b07
05b805
060906
045e04
ff8aff
fdcefd
006200
ffc7ff
fb74fb
fa3cfa
fba6fb
faaafa
f7e4f7
f5f5f5
f514f5
f4c7f4
f3d5f3
f159f1
ee81ee
ed20ed
eeffee
f2fff2
f2edf2
edafed
eb9eeb
ee95ee
eedbee
ebc1eb
ea1aea
e8cbe8
e6cce6
e578e5
e24ce2
ddf7dd
dde4dd
dfcbdf
df31df
e006e0
e30ae3
e2eae2
e1e1e1
e3e2e3
e439e4
e05be0
dbb5db
d703d7
d389d3
d3e1d3
d3cbd3
d021d0
cffbcf
d7a6d7
e1d3e1
eb43eb
f467f4
fae5fa
fdd6fd
005c00
02b502
017f01
fc5bfc
f64bf6
efd4ef
e74ce7
df69df
dd11dd
de90de
e03be0
e563e5
efd2ef
f95af9
ffbeff
071807
0f010f
15aa15
1ce91c
212021
1c431c
138513
0e940e
0a240a
032703
fec9fe
fd8cfd
f97ff9
f3fdf3
f3b6f3
f825f8
fcaffc
017901
072c07
0a920a
0ae20a
0ba80b
0dce0d
0ec80e
0e720e
0f410f
11d611
139a13
119311
0d260d
0bd70b
0f9c0f
139113
12ae12
0d300d
06d106
02fe02
029902
046704
06c306
076907
04bf04
011701
010701
067606
0eae0e
142b14
14a314
148614
16df16
184118
17ae17
182018
17e417
142414
0e2e0e
05e405
fcc5fc
fa68fa
feeafe
00d200
ff8fff
015d01
046d04
06b906
0c2b0c
135d13
17e117
1b431b
1d601d
1a921a
15a915
13dd13
140814
130c13
0fdf0f
0acc0a
068806
053605
054005
057205
06e106
0a100a
0deb0d
0fa50f
0e270e
0db00d
103010
10ce10
0e7d0e
0db50d
0df20d
0c050c
088d08
049904
01e401
031503
052e05
040804
021802
00dc00
fe7efe
fd44fd
fdf7fd
fbd2fb
f72bf7
f4a4f4
f370f3
f13cf1
ee73ee
ebb0eb
ebb8eb
f093f0
f558f5
f526f5
f1d5f1
ef39ef
effcef
f27ef2
f01cf0
e89ee8
e37ce3
e1d9e1
e06fe0
df2fdf
dbc2db
d722d7
da0bda
e13de1
e025e0
dc50dc
e068e0
e445e4
e17ce1
dea8de
dbd4db
d71bd7
d613d6
d5b6d5
cf93cf
cbedcb
d17dd1
d9fdd9
e302e3
ecc4ec
f1ebf1
f4eef4
fdb3fd
074e07
084308
010201
f6bdf6
ef5def
edc3ed
eaf7ea
e278e2
dd60dd
e0dee0
e5afe5
e96de9
f14af1
fd5bfd
09a709
134f13
180918
19e119
1e211e
234223
22a122
1bc11b
135513
0b9d0b
053205
014901
fefffe
fc8afc
fbc9fb
ff1eff
039e03
05b805
07bb07
0d140d
142714
18ac18
17ed17
139513
119911
144914
16dc16
172217
17de17
172917
119011
0cd40c
109710
193719
1c531c
160316
0c9b0c
087e08
0a7f0a
0db70d
0f1f0f
0d680d
080f08
02e102
02fc02
091109
11f911
179c17
15bc15
12b612
16c516
1c9c1c
1c411c
199619
189918
15ae15
104210
0a8b0a
03ba03
fe70fe
ff66ff
030503
037803
02f602
054605
09aa09
0f820f
16df16
1d391d
1ff51f
1f191f
1bb91b
17da17
167716
172217
14d914
0df40d
07d507
069206
07ff07
095909
0a580a
0b3c0b
0d170d
10b910
142114
154615
14ef14
148814
143f14
12ed12
0fc70f
0d1c0d
0ca40c
0ab30a
053805
013d01
025402
05eb05
086608
06da06
016f01
fe68fe
00e900
02cd02
fff1ff
fb6ffb
f705f7
f29ef2
f0a6f0
f15ff1
f147f1
ef90ef
ef0cef
f0dbf0
f2bef2
f2ecf2
f2a7f2
f28af2
f05af0
ec97ec
ead8ea
e9e9e9
e58be5
deaede
d9f5d9
da49da
de29de
df5edf
dc05dc
dbb6db
e0a5e0
e28ce2
e041e0
dfa1df
de96de
dab7da
d8afd8
d7aed7
d3f7d3
d18ed1
d212d2
d3c1d3
dcbcdc
ec0dec
f283f2
f075f0
f6d3f6
03d503
07e407
037703
fef8fe
f9f9f9
f35af3
eca5ec
e4b3e4
dd0edd
dbbbdb
e191e1
e7f7e7
eb5aeb
f144f1
fdd3fd
0a020a
107110
174917
205620
23ce23
211121
1ced1c
164716
0e0b0e
087008
02d202
fbb0fb
f810f8
f6f6f6
f481f4
f503f5
fb05fb
016f01
05eb05
09ce09
0d4e0d
100d10
101810
0ddd0d
0f2d0f
134813
124012
0e1a0e
0df90d
0e6b0e
0bd10b
0bd50b
107610
13ce13
11f111
0c2d0c
072907
06a706
086308
085f08
067e06
031503
feacfe
fd09fd
009d00
073b07
0dbd0d
11e411
134e13
146e14
174017
1aaa1a
1c381c
1a6d1a
163016
10c710
09c309
02d502
ff58ff
fd6cfd
faacfa
fb11fb
ff57ff
01e901
037903
08d308
0fd20f
156015
1a6e1a
1d411d
1c931c
1c0a1c
1b471b
15f815
0f980f
0e5f0e
0e7f0e
093b09
01c201
ffbaff
035f03
06df06
07a807
08d308
0cd40c
10fe10
119b11
0fc40f
0f4f0f
109910
10d010
0e9e0e
0ada0a
068906
02b502
006300
ff66ff
fe6ffe
fd4ffd
fd94fd
fe57fe
fbc9fb
f745f7
f712f7
faa6fa
fb5dfb
f7cbf7
f2dbf2
eef0ee
ee79ee
efabef
edf3ed
ec52ec
eea3ee
ef61ef
eccfec
ed0fed
ee3bee
eb73eb
e935e9
e91be9
e5d5e5
e0b7e0
dd54dd
d9e0d9
d7b3d7
d8ced8
d7ebd7
d3f6d3
d553d5
dde9dd
e3bae3
e088e0
db94db
dcd5dc
deccde
da83da
d577d5
d3a9d3
d118d1
cf74cf
d04bd0
cf97cf
d52fd5
e764e7
f34cf3
f013f0
f37bf3
016901
052905
001c00
fef7fe
fb36fb
f283f2
eeb4ee
ec1fec
e44be4
e047e0
e55be5
ec2fec
f158f1
f84ff8
02e402
0e610e
170717
1e331e
258525
27c327
246224
224b22
1f2b1f
161b16
0ee10e
0ced0c
083c08
02e802
044e04
070107
077207
0c250c
131313
14d514
15b215
1b241b
1f6c1f
1dce1d
1b061b
1b421b
1b481b
183718
16a816
1a011a
1be01b
17a617
146014
184018
1f0c1f
223222
1f241f
17dd17
12a512
129812
12ff12
109810
0e3c0e
0d240d
0b520b
094e09
0a560a
0ffb0f
176b17
1bbb1b
1c0a1c
1bbd1b
1c751c
1d391d
1cde1c
1a1f1a
159715
110c11
0aa70a
015501
fab7fa
fb19fb
ff9bff
043b04
05cd05
03a003
04e104
0ec60e
190f19
1be01b
1b221b
1a4c1a
17c217
149b14
116e11
0cbc0c
09bc09
0a0e0a
070907
ff25ff
fbe8fb
012301
06a206
074507
07a507
0af80a
0dcd0d
0e0d0e
0d960d
0c7b0c
0ab10a
0aaa0a
0a400a
046804
fd5efd
fc7cfc
fd7efd
f9baf9
f63af6
f94af9
fe1ffe
fdb8fd
f9b4f9
f7c7f7
f983f9
fbe9fb
fad1fa
f4cff4
eeb9ee
eddeed
ee50ee
ea79ea
e747e7
e996e9
ec0dec
eb71eb
eabeea
e981e9
e7a5e7
e8f1e8
eb79eb
ea07ea
e5bbe5
e1f4e1
df56df
dc74dc
d805d8
d762d7
df25df
e3efe3
dc15dc
d441d4
d7e1d7
dff3df
e4ece4
e3c2e3
dbecdb
d687d6
d6c3d6
d292d2
ce24ce
d53ed5
ddc4dd
deebde
e3a9e3
ec6dec
f0b9f0
f6a8f6
001000
03e503
045c04
039e03
fadbfa
f0c1f0
ef12ef
ed4ded
e76ae7
e664e6
e948e9
eb12eb
ef87ef
f760f7
007a00
0c510c
179817
1e031e
21e121
230f23
20a220
1e731e
1a0d1a
0fe20f
087108
071907
035603
fe93fe
ff62ff
015701
033803
098a09
0e7f0e
0e620e
11f011
18c418
18a618
13b313
11c511
118111
105610
0eb90e
0b890b
084b08
08a708
0b170b
0cea0c
0f670f
135313
16fe16
17fe17
145814
0e9c0e
0c540c
0d370d
0c760c
08ce08
03c003
ff62ff
fef8fe
02ba02
071607
0ac70a
0e2d0e
100e10
113311
144614
187018
1a391a
17b417
120612
0c890c
07e607
010b01
f928f9
f5d5f5
f77bf7
fa1cfa
fcaffc
fff1ff
042504
0a230a
113e11
16c116
197019
1a011a
195519
178217
13ae13
0e780e
0a6d0a
07dd07
04ad04
003300
fc09fc
fb65fb
001b00
063406
08e908
0a220a
0d660d
116911
133c13
11e511
0f530f
0e590e
0d120d
07f107
018701
fd94fd
fbaafb
fba5fb
fc44fc
fa99fa
f98cf9
fbf7fb
fc8ffc
f9c7f9
f956f9
fb6cfb
fce9fc
fca8fc
f6c3f6
ecc8ec
e91ee9
ec28ec
eccbec
eac7ea
e930e9
e706e7
e72de7
ea6bea
ea88ea
e820e8
e873e8
e8ade8
e5d7e5
e1fee1
dd2edd
d91cd9
d98ad9
db44db
d914d9
d4a9d4
d3b5d3
da01da
e1ace1
df60df
d74ed7
d76cd7
dc20dc
da26da
d508d5
d2b9d2
d171d1
d0acd0
d009d0
d095d0
d9b9d9
e9eae9
f2dbf2
f16bf1
f1b0f1
fa16fa
038e03
038303
fa79fa
f3cff3
f24ef2
ef09ef
ea9bea
e82ce8
e68ce6
ea0eea
f38ff3
f925f9
fc59fc
076b07
144814
1a821a
1f431f
230022
213021
1e341e
1c891c
188d18
12e012
0caa0c
06fc06
066e06
08a908
085508
0af80a
129b12
160116
150715
174917
1b7e1b
1e711e
1fe71f
1cd81c
16f616
148014
137813
10a610
10a810
13ef13
146214
122b12
132713
199419
215f21
23a623
1f6f1f
1b271b
191719
160b16
133d13
12a212
104310
0af40a
077407
06f406
083308
0ccf0c
128912
136c13
11e411
154715
1bc61b
1e611e
1c881c
19b319
16df16
130a13
0d0b0d
058905
000500
ff5aff
024b02
04fc04
053105
054f05
097e09
11b911
19db19
1dba1d
1c271c
18f618
188c18
188f18
153b15
118a11
0ff20f
0c730c
05c105
016201
031303
080108
0b450b
0b910b
0bef0b
0f6d0f
150215
17fc17
159b15
117d11
0f9b0f
0dea0d
0abf0a
07c007
037703
fda9fd
fb5efb
fc2afc
fb8afb
fc10fc
ff13ff
ffb6ff
ff0dff
008200
006d00
fdb0fd
fbe0fb
f9d8f9
f501f5
edfaed
e78fe7
e6f3e6
eaa2ea
e8dce8
e332e3
e434e4
e954e9
eb09eb
eb41eb
eaf8ea
e887e8
e655e6
e3f2e3
def7de
d9ffd9
d728d7
d701d7
d95dd9
d800d7
d0d6d0
cd2acd
d0f5d0
d7c6d7
dde0dd
dc93dc
d4b3d4
d464d4
d97ed9
d4f3d4
cfebcf
d77fd7
df11df
dfacdf
e2ade2
e658e6
e82ae8
efccef
f997f9
fc97fc
fbb3fb
f8ddf8
f2eaf2
eddeed
ea23ea
e73ae7
e960e9
ecd1ec
ec45ec
ed94ed
f1d7f1
f5b4f5
ffe8ff
0f360f
16e516
190c19
1c2e1c
1ac91a
180f18
1afe1a
193f19
0ed90e
089808
065406
004c00
fd2efd
011901
053805
087908
0c040c
0d010d
0e860e
143a14
18af18
181518
15c215
13dc13
11e511
0f250f
0ae30a
074807
07d607
0aec0a
0b770b
08e608
088808
0e770e
178317
1c791c
1a991a
161016
141214
143914
126512
0dde0d
08e608
04bf04
033003
046604
048804
048e04
097e09
0ec80e
0e210e
0e680e
153415
1ad31a
194519
138113
0e5f0e
0d470d
0d380d
076007
ff76ff
fe56fe
014901
01e201
021e02
059d05
0c570c
13a813
173517
170217
173e17
17db17
176117
16b916
13c113
0db30d
09e109
08e908
062206
039c03
05bf05
0a2b0a
0cdf0c
0d020d
0c800c
0f130f
144e14
16a316
148314
112811
0d9a0d
094c09
04b504
005500
fd47fd
fc1efc
fac2fa
f83ef8
f71bf7
f8a4f8
fb25fb
fd30fd
fe2ffe
fe06fe
fe06fe
fdc6fd
f984f9
f1adf1
ecd8ec
ec5bec
eabaea
e702e7
e376e3
df2adf
dc75dc
e018e0
e644e6
e7f7e7
e575e5
e234e2
e14ae1
e3e9e3
e450e4
ddd5dd
d6d0d6
d4f5d4
d3ebd3
cfefcf
cc28cc
cc67cc
cf95cf
d0dcd0
cf0fcf
cdeecd
ce79ce
cfcbcf
d24ed2
d2fcd2
d0dbd0
d24cd2
d7b9d7
dbfbdb
e1ffe1
e9a0e9
eab6ea
e9f7e9
f11bf1
f7a8f7
f419f4
ed5eed
ea7cea
eae5ea
eca5ec
eb9feb
e7afe7
e85be8
ef39ef
f49af4
f539f5
f740f7
016901
0f5b0f
158915
14f714
185a18
1db51d
1dc81d
1ce91c
1ce71c
174817
0f150f
0c050c
0ad70a
081008
08b108
0dbc0d
11ae11
136313
159815
186618
1bee1b
215a21
250425
22a922
1ef31e
1f541f
1f3e1f
1a251a
14ae14
142914
170017
16fb16
116611
0dde0d
13bb13
1d541d
230923
24a924
222e22
1e2c1e
1e8a1e
1f4d1f
1aae1a
178417
183518
13d113
0b8a0b
08d508
0be00b
109e10
14b714
150215
132913
147014
187518
1b7f1b
1aed1a
16ee16
14fa14
158915
0f260f
02dc02
ff03ff
04dd04
085008
069406
05a405
08fc08
10f810
192219
1b351b
198a19
1a781a
1bf91b
18b918
125412
0df80d
0cf50c
0bdf0b
079207
032e03
048a04
09bb09
0bd40b
0b220b
0cac0c
106d10
13de13
159d15
13d513
108010
106e10
105610
09c709
017101
ff21ff
ffdeff
fd59fd
f88df8
f68af6
f930f9
fcf4fc
fde6fd
fd3bfd
fde8fd
004600
02b502
00f000
f8bcf8
f137f1
f0b4f0
f102f1
ec1fec
e6f2e6
e58ee5
e50ae5
e46fe4
e60be6
e939e9
eab6ea
e941e9
e74ae7
e7bde7
e8aae8
e578e5
df6ddf
dbdedb
da7cda
d8add8
d83fd8
d745d7
d16ad1
ce37ce
d3cbd3
d675d6
d1cfd1
d20ad2
d569d5
d388d3
d5bcd5
dd49dd
dd78dd
ded0de
eb98eb
f219f2
ed3bed
f127f1
fc63fc
fd6bfd
f6ebf6
f234f2
ef14ef
ecc5ec
ea15ea
e75fe7
e89fe8
ebb0eb
ed8bed
f093f0
f32ff3
f87ef8
08ec08
177b17
14e014
124b12
1bb61b
1f921f
1b161b
1b601b
1acc1a
140814
0ee00e
091609
013301
015a01
063106
05af05
062b06
0b7d0b
0de70d
0e560e
11ef11
163f16
19f019
1c1e1c
194419
152a15
151015
141014
0f490f
0cbd0c
0d630d
0c200c
09ac09
0a050a
0bea0b
0d2a0d
107110
169616
195319
150e15
0f950f
0e5b0e
101110
121312
11e211
0cc40c
057505
035603
084b08
0dc40d
0dbb0d
0a8e0a
0a010a
0bd90b
0d390d
0e9a0e
0e7c0e
0ab30a
084f08
098209
062406
fd1afd
f868f8
fa21fa
fc4dfc
fd89fd
fe90fe
008500
067006
0d5d0d
0f190f
0e3e0e
0f830f
105310
0dec0d
097a09
059b05
055005
062806
029702
fe87fe
008a00
044704
04ea04
058b05
074907
08b508
0b180b
0da70d
0ddc0d
0cd90c
0c5b0c
0c010c
0a710a
062b06
012201
fe77fe
fc09fc
f8e2f8
f92bf9
fb81fb
fb21fb
faa9fa
fc0ffc
fbe7fb
fc36fc
ffe7ff
00a300
fac3fa
f52cf5
f3dff3
f2f6f2
f031f0
ecb5ec
e8cfe8
e589e5
e529e5
e6c4e6
e7b6e7
e8bee8
ea12ea
e844e8
e428e4
e350e3
e5ace5
e63ce6
e32de3
de13de
d9c8d9
d75fd7
d45dd4
d187d1
d24bd2
d2cdd2
cebcce
ca7fca
c952c9
cac5ca
cfe5cf
d418d4
d373d3
d745d7
e3a1e3
ed17ed
ef21ef
ef33ef
f052f0
f64bf6
fe6dfe
fbd5fb
f056f0
ea46ea
e820e8
e37ae3
e13ee1
e1fae1
e2e3e2
e770e7
ecdaec
ef5cef
f709f7
04b904
0e300e
145d14
1bba1b
1f021f
1daa1d
1cc51c
1b3c1b
185218
158415
10ad10
0acb0a
074d07
04f804
054205
0a9c0a
0e480e
0d9e0d
10d410
16e616
17c517
180518
1ca91c
1e601e
1c021c
1cdc1c
1db91d
190519
156315
16d716
179717
16eb16
171c17
145c14
101310
127712
19b719
1d0a1d
1c2d1c
1b5c1b
1a5a1a
17ad17
14ca14
14c914
175f17
177e17
13a813
0fce0f
0d8c0d
0ea90e
157015
1a041a
159415
12e012
181918
182718
0ff30f
0dbe0d
135713
152315
0fda0f
07de07
01de01
026102
07c407
0ada0a
09fa09
099809
0cb10c
123112
15f115
15ed15
15f815
180c18
17ae17
12b212
0d0d0d
0a970a
0be60b
0d860d
0aab0a
066106
088e08
0e5a0e
0e9f0e
0b930b
0d0c0d
11f111
151815
145614
102910
0de60d
112b11
12b512
0d430d
07ab07
057505
025202
fef9fe
fd9bfd
fc25fc
fc71fc
002000
010101
fdcefd
fd69fd
ff2aff
fde5fd
fce4fc
ff0cff
fe0ffe
f6e8f6
f0b9f0
f011f0
eff6ef
ed09ed
eb47eb
eba3eb
e988e9
e5a5e5
e494e4
e584e5
e65de6
e7fee7
e856e8
e4a9e4
dffcdf
ddaedd
dce1dc
dc3edc
da70da
d635d6
d22ad2
d118d1
d01fd0
cce6cc
cb5fcb
cd90cd
ceabce
ccd7cc
cdd3cd
d5e1d5
e2b7e2
ee33ee
f269f2
f191f1
f568f5
fdfbfd
003400
fac4fa
f61bf6
f24bf2
eae5ea
e267e2
dd15dd
dd3bdd
e3dce3
ebd2eb
ee22ee
edc4ed
f388f3
005600
0c7d0c
140014
1aed1a
20e620
1ecc1e
184218
17f817
19df19
158415
0fe20f
0bcd0b
04db04
008a00
047104
08c808
0a150a
0d5f0d
100a10
0e9e0e
0eb20e
12c712
163516
16d416
164016
164616
169116
149814
115711
114011
145214
16ce16
156f15
0e7e0e
079507
09b809
119611
14ef14
13c313
11dd11
0db00d
095d09
0a0a0a
0dbb0d
101f10
105a10
0cdf0c
06da06
059005
0ae20a
0f350f
0f060f
0eda0e
100510
0f260f
0c1c0c
096b09
084e08
097a09
0a8b0a
05da05
fcfafc
f93cf9
fc77fc
ff9fff
004c00
017901
03cc03
063206
086c08
0ad20a
0e2b0e
114711
113c11
0e140e
0a580a
082508
090c09
0a970a
076507
01dc01
015901
041004
043d04
043f04
06d906
088508
087308
099209
0ac70a
0a590a
0b000b
0ce80c
0b030b
056c05
02ea02
03c103
011b01
fbc6fb
fa32fa
fa4afa
f78bf7
f5d7f5
f776f7
f7d7f7
f6e1f6
f7eff7
f890f8
f66df6
f474f4
f396f3
f1cbf1
ef90ef
edd2ed
eb47eb
e7dce7
e5dee5
e62de6
e683e6
e4f2e4
e285e2
e099e0
df0cdf
dd9cdd
db77db
d89bd8
d7f2d7
d8e4d8
d5b4d5
d01fd0
d068d0
d420d4
d1a2d1
c9cac9
c569c5
c819c8
ccd4cc
cadfca
c29bc2
c138c1
cc31cc
d8a4d8
e092e0
e7f2e7
ed08ed
ee3dee
f352f3
fcb9fc
ff2eff
f884f8
f17bf1
ec90ec
e5d4e5
ddcedd
d9aed9
dc2cdc
e194e1
e4d8e4
e78ae7
ee30ee
f882f8
048d04
114911
1b631b
20d620
238023
236523
206920
1e671e
1db61d
19cd19
12b512
0bf60b
079707
083808
0cfa0c
0fb60f
103b10
136213
16d216
16da16
178417
1b7f1b
1f181f
1fa41f
1e291e
1d9b1d
1fa61f
20b520
1e6e1e
1dff1d
218e21
22f022
1fd21f
1caa1c
1b851b
1c1a1c
1ec71e
215121
204520
1c371c
17db17
142514
121112
13a613
17ba17
192b19
161c16
135813
155015
1aa31a
1f5c1f
213d21
206020
1dd31d
1a861a
178a17
15d415
151115
140614
111011
0b580b
058d05
036e03
048104
067506
080308
07e707
088308
0d780d
119e11
100a10
10c010
17a817
197d19
11d711
0ac20a
09dc09
0c670c
0ee30e
0d4a0d
07c907
051105
074107
095f09
095909
095c09
0a0a0a
099409
06fd06
050405
06df06
0a9a0a
0bf50b
098309
04af04
01ab01
02e602
034b03
ff28ff
fbc9fb
fbd4fb
fafdfa
f93ff9
f951f9
f91cf9
f7a6f7
f730f7
f65df6
f2ecf2
ef27ef
ed70ed
ecb8ec
eb55eb
e95de9
e81ce8
e7a1e7
e70de7
e79de7
e9d6e9
e9d4e9
e576e5
e0c6e0
df46df
dff9df
e082e0
debdde
daabda
d7c3d7
d773d7
d6a3d6
d4b1d4
d4a0d4
d52dd5
d1bcd1
cb71cb
c790c7
c6c4c6
c6f7c6
c93bc9
ce10ce
d350d3
da3cda
e49ee4
ed3aed
f162f1
f8cef8
052a05
0ad20a
057d05
fdedfd
f7c5f7
f0daf0
ec1fec
ea8cea
e73ce7
e314e3
e2e5e2
e589e5
ea82ea
f589f5
03c803
0dea0d
146a14
1ba91b
226b22
263226
28a028
2a1e2a
274727
209620
1b9f1b
189218
133f13
0ee50e
0ff60f
10f210
0e6a0e
0e380e
110011
11f011
128e12
14cf14
164516
178217
193f19
195919
19b619
1bf91b
1c481c
1ae61a
1bb61b
1cea1c
1c9e1c
1c721c
1b231b
182a18
171117
183f18
191819
17fc17
12f012
0b560b
06a806
066306
08b308
0c480c
0cd90c
083108
04ba04
07de07
0f0a0f
156215
178417
161416
150315
136613
0e960e
0b900b
0dd90d
0ead0e
087708
fec1fe
f83bf8
f863f8
fbfdfb
fdaffd
fe8efe
016901
03f803
049504
04b404
05a405
09c409
0fef0f
0feb0f
07ab07
016401
03bb03
091e09
099609
046d04
ff99ff
ff2dff
008300
00a400
004b00
004b00
010001
01f401
00ca00
feb7fe
000b00
02fb02
028f02
ffa6ff
fd67fd
fca2fc
fd51fd
fdaafd
fbd9fb
fa1bfa
fa79fa
fab4fa
f87df8
f4ecf4
f306f3
f388f3
f2edf2
ef74ef
ec13ec
e9dde9
e824e8
e8bae8
e9cee9
e66ce6
e1c6e1
e2cfe2
e7a0e7
e989e9
e67ee6
e226e2
e166e1
e25be2
de83de
d860d8
d7efd7
dab9da
d862d8
d080d0
c9cac9
caa4ca
d11bd1
d257d2
cb34cb
c58fc5
c493c4
c1ecc1
bf4dbf
c243c2
c78ac7
cc1dcc
d3c7d3
debade
e6dbe6
e97be9
ec63ec
f64cf6
01a201
007a00
f2cdf2
e885e8
e89ae8
e8ece8
e1e5e1
daddda
dda9dd
e561e5
e56ce5
e167e1
e8d7e8
fa1ffa
05cd05
0a750a
103e10
162016
19a319
1d561d
1f1c1f
1c741c
1a331a
199a19
15cd15
10bb10
103f10
12ee12
149814
14c214
13fc13
12f512
129012
122d12
120e12
13f413
165616
163616
15ab15
186f18
1c6a1c
1d741d
1d4f1d
204520
24bd24
263b26
25b825
264d26
265d26
24c824
254925
284228
27b027
211721
190519
137813
111c11
123f12
15aa15
176c17
159c15
135813
146d14
18cf18
1dc41d
218021
240924
24bb24
21d621
1c901c
197a19
1a1a1a
1ad51a
17fa17
10c910
083a08
042804
063b06
089708
07c507
083b08
0cd30c
10c110
0f4f0f
0c1c0c
0f0f0f
172417
190519
11ad11
0d3d0d
11d311
159d15
125b12
0ed50e
0fea0f
119f11
105910
0d4e0d
0aa20a
097109
09c309
09c209
075107
040a04
040a04
070e07
07bf07
041c04
010e01
033e03
083808
096209
050e05
012301
027d02
05ae05
04bf04
001a00
fcadfc
fc18fc
fb9dfb
f8d4f8
f3caf3
eea4ee
ecffec
ef36ef
ef6cef
ea00ea
e4bce4
e5c9e5
ea1eea
eb33eb
e82ee8
e591e5
e5e8e5
e5c0e5
e23be2
decade
de4bde
de6fde
dd80dd
dafbda
d604d6
d255d2
d375d3
d397d3
cd8ccd
c6fdc6
c56ac5
c5d1c5
c41ac4
c0fdc0
c148c1
c96ec9
d75bd7
e3dbe3
e9e2e9
ea93ea
ed3bed
f6d5f6
000500
ff2aff
f728f7
ef8eef
ea56ea
e70ae7
e384e3
df52df
e118e1
e930e9
ebb3eb
e826e8
ecbeec
fab0fa
062a06
0c8b0c
116111
13d113
147514
166316
188318
181618
15f115
144e14
12d812
104a10
0f540f
139f13
19eb19
1c411c
1a791a
16b516
124e12
10ba10
126812
120e12
0e750e
0b930b
0a3d0a
0a2a0a
0cd10c
109b10
136713
16e016
1ad51a
1cd21c
1e7d1e
219e21
237623
235923
243b24
257f25
23a923
1e0a1e
168716
0fb80f
0bde0b
0afa0a
0bd90b
0d990d
0db60d
0ad40a
09cd09
0ed60e
155d15
182618
193719
1a6e1a
196e19
164616
13b213
128012
12c912
137413
104010
08cc08
040704
050f05
06c606
06cc06
08a908
0c630c
0d5a0d
0a790a
07ba07
088108
0be60b
0d920d
0a580a
050b05
040204
085d08
0c460c
0c530c
0c320c
0e7d0e
103810
0f580f
0d260d
0a960a
08f808
08a008
052905
fd86fd
f9def9
fd85fd
002e00
fd41fd
f9bef9
f9c9f9
fd40fd
016401
020402
006400
01b001
031a03
fed0fe
f981f9
fa06fa
fc05fc
f7c1f7
eecfee
e9d6e9
ec57ec
ef01ef
eaf3ea
e4e8e4
e3ffe3
e6b4e6
e874e8
e768e7
e409e4
e1ece1
e27de2
e073e0
da7cda
d7d8d7
d9fdd9
d9ddd9
d667d6
d529d5
d603d6
d3b2d3
ce43ce
cbfbcb
cf4acf
d17fd1
cb0dcb
be31be
b589b5
b804b8
bff2bf
c2d4c2
c273c2
c9f6c9
d857d8
e0a2e0
e0cbe0
e422e4
efc2ef
fb5ffb
fb80fb
ee8fee
e168e1
e014e0
e3b2e3
df29df
d751d7
d8d3d8
df83df
df60df
dc89dc
e3fde3
f472f4
016a01
06a906
096209
0c8d0c
0fc50f
133013
158315
147d14
113f11
0e400e
0ba10b
09e709
0b730b
108c10
161e16
18b618
177f17
154f15
150615
154115
140414
12f312
121e12
0e4b0e
093509
08e608
0d1a0d
0ffa0f
101f10
114511
15c415
1bed1b
206c20
22d522
260826
2a672a
2d052d
2d6f2d
2d152d
2ac42a
24f324
1d421d
16bc16
139f13
13f813
154415
153515
13d213
12a112
13b813
17c017
1cce1c
213421
238f23
213321
1b941b
196319
1c191c
1e6f1e
1dd61d
1aab1a
153615
113611
11c211
12ee12
127e12
14ea14
19ad19
196819
135513
0ec80e
0fc00f
12e012
129b12
0d520d
076c07
061e06
094109
0d920d
117611
141a14
14b514
14db14
167816
17b017
160716
132913
113311
0e6e0e
09c409
061706
052c05
049004
01c201
fdaefd
fb92fb
fda3fd
018e01
027202
004500
002d00
034d03
048004
01a901
ff09ff
fef2fe
fdbdfd
f85ff8
f195f1
eea8ee
f078f0
f113f1
ebc6eb
e5f5e5
e6ade6
e946e9
e664e6
e2dde2
e55fe5
e844e8
e45be4
dd56dd
d9f9d9
daebda
dc71dc
db1adb
d7b7d7
d5d2d5
d4b2d4
d1c0d1
d03cd0
d2cad2
d3b8d3
cea2ce
c793c7
c276c2
bfa7bf
c0e7c0
c6e5c6
cea0ce
d6f6d6
e04ce0
e778e7
eb5eeb
f1b7f1
fc46fc
030e03
00b700
f9a0f9
f354f3
eec1ee
eabfea
e6bce6
e4a8e4
e662e6
e82ce8
e67be6
e77ae7
f16af1
fe05fe
056505
0aae0a
124e12
189818
1a9a1a
1bce1b
1d811d
1c2c1c
186a18
16ab16
161816
145014
152a15
1a2f1a
1d3d1d
1c671c
1bd81b
1b1d1b
186918
170917
178417
15b715
115d11
0dab0d
0c6c0c
0dcc0d
0f620f
0ed40e
0e930e
10b910
130e13
15ad15
1ae91a
202f20
216921
1f8e1f
1e8e1e
209720
233b23
215621
1a1a1a
118711
0a650a
070707
09b709
0e7a0e
0ebd0e
0c360c
0c690c
0e040e
0e220e
105510
16d416
1abf1a
165f16
0f580f
0d1d0d
0e070e
0e180e
0df40d
0d9f0d
0b740b
094309
095009
0a4d0a
0bb70b
0efb0e
124c12
11ba11
0d750d
099c09
087b08
089008
077607
040b04
ff30ff
fc98fc
ff33ff
047004
07f607
098e09
0aad0a
0ba00b
0d070d
0e3d0e
0d580d
0b700b
09a709
053a05
feddfe
fc93fc
fe63fe
fd9cfd
f8d9f8
f501f5
f475f4
f57af5
f670f6
f770f7
f8b0f8
f941f9
f8daf8
f909f9
fa07fa
f9c6f9
f7e2f7
f61cf6
f4d5f4
f29ff2
eec0ee
eae5ea
ea0aea
ec39ec
ed33ed
e9eee9
e500e4
e330e3
e509e5
e61ee6
e397e3
dfe0df
dd0add
d984d9
d583d5
d449d4
d6bad6
d992d9
d83dd8
d27dd2
cf6fcf
d39ad3
d81cd8
d5dcd5
cfd8cf
cb66cb
c9c6c9
c8ebc8
c4d7c4
c082c0
c6dfc6
d780d7
e3ade3
e5cde5
e678e6
ec86ec
f71ef7
ff79ff
feb9fe
f856f8
f42ef4
f0a5f0
e982e9
e230e2
e003e0
e44fe4
ea3dea
e9ece9
e614e6
e9a9e9
f3f9f3
fcd1fc
046504
0bf30b
10a010
136913
148814
11d111
100410
12a112
134c13
0fcd0f
0dcd0d
0eaa0e
109b10
134c13
155715
166216
167816
133713
0e150e
0b880b
0a9b0a
09a709
09ac09
08bd08
072907
08d908
0aaf0a
098609
0b920b
119311
142d14
14d114
18af18
1ca11c
1e081e
1ece1e
1f311f
1ff41f
20d520
1c5b1c
11da11
09cd09
095509
0d910d
11ad11
123a12
100f10
0f590f
10c410
129412
160816
1b511b
1e221e
1be81b
175b17
141114
134513
148d14
15e515
144f14
106710
0ee00e
103110
0ffa0f
0fa00f
147414
1b651b
1cb31c
17f217
128b12
109010
11a511
10fc10
0c000c
079107
07d907
09cf09
0a640a
0b790b
0ee00e
12b012
13d313
127a12
121012
13b613
14a014
129f12
0e420e
0a320a
095c09
0a640a
089c08
03b503
ffd7ff
ff4bff
017b01
03d203
035403
015701
011f01
014801
ffc5ff
fe37fe
fd59fd
fd16fd
fe12fe
fcb9fc
f61ef6
f0ccf0
f25af2
f5ebf5
f6fbf6
f65ef6
f349f3
ee47ee
ec31ec
edd7ed
eeecee
ed5fed
e965e9
e3a5e3
dec1de
dc6adc
da47da
d6edd6
d65ad6
daecda
dd71dd
d7d8d7
d2b3d2
d656d6
d9a8d9
d46bd4
ceb7ce
ce11ce
cc54cc
c7b9c7
c66bc6
ce1cce
de3ade
ea9dea
e952e9
e6fbe6
f1f9f1
ff3aff
010b01
fd67fd
fb4efb
f8cbf8
f512f5
ef9fef
e8f0e8
e78ce7
ed36ed
f1a8f1
f0a8f0
ef14ef
f263f2
fb55fb
050805
0ad40a
0ebe0e
133b13
162816
166f16
152315
13c613
14f314
174717
171317
17b217
1b3f1b
1b501b
191519
1cca1c
216821
1dd31d
16a316
11ca11
0e800e
0db60d
0db30d
09b709
05e905
077307
094909
08f708
0ad60a
0e3c0e
113b11
164c16
1ba31b
1cdc1c
1bba1b
1b611b
1c961c
202b20
232423
202620
184018
105510
0b180b
0ab00a
0e2e0e
105d10
102b10
102510
0ec10e
0bad0b
0c8a0c
134513
199819
196119
13bf13
0fc30f
10b810
10d410
0d240d
0ca20c
116811
12e312
0e0a0e
0a6f0a
0d360d
138f13
180518
17a417
148914
128f12
11a211
0fa80f
0cad0c
092a09
04e104
012901
ffc0ff
006800
029d02
067d06
0a620a
0c050c
0c2f0c
0cf00c
0dd70d
0d6a0d
0b550b
07c907
040904
01d401
00b700
ff32ff
fd6afd
fbe8fb
fabafa
fa14fa
f9baf9
fa2afa
fc5efc
fdb1fd
faa5fa
f619f6
f4e3f4
f59cf5
f46ef4
f1a6f1
efd3ef
ef20ef
ed25ed
e993e9
e816e8
eabaea
ee7bee
eefdee
eaa4ea
e540e5
e4fce4
e85de8
e798e7
e1e5e1
dd26dd
db5adb
da5cda
d7e0d7
d393d3
d0edd0
d12ed1
cfafcf
cb5ccb
c900c8
cb09cb
cfe7cf
d117d1
c7b6c7
bc59bc
bdeabd
c651c6
c6ddc6
c402c4
c94ac9
d5fcd5
e10de1
e292e2
e097e0
eb78eb
fd74fd
fe27fe
efcbef
e9e3e9
edf2ed
edb6ed
e814e8
e48de4
e5efe5
e852e8
e5f8e5
e29de2
e7a8e7
f2d4f2
fad2fa
fe25fe
002000
03c503
0a1e0a
0ea40e
0f060f
0fbf0f
0fd00f
0b680b
08ae08
0c580c
114711
15a015
1a251a
1b511b
1ab11a
1c501c
1bb11b
16e916
141d14
12b412
0dab0d
07c707
04bd04
038a03
039103
043904
059b05
096809
0cfa0c
0e810e
142014
1da11d
216121
208320
231223
25cf25
24d924
246a24
231823
1c921c
156e15
11a911
101910
128a12
17a617
17e917
13f013
133413
153015
15ec15
180218
1ccc1c
1e401e
191d19
138613
12fd12
146a14
149a14
15ca15
173617
153f15
12d112
145c14
184f18
1d361d
221922
222922
1d831d
1b021b
1a801a
16a116
117811
0f060f
0cb80c
087608
04ed04
046204
071c07
0bd10b
0f280f
0fbf0f
103310
117311
115211
102f10
0fec0f
0ead0e
0ab90a
071907
05a805
03b603
006f00
fe42fe
fdb7fd
fd78fd
fd3ffd
fd85fd
fe6dfe
feecfe
fd1cfd
f909f9
f537f5
f3d6f3
f4d6f4
f539f5
f174f1
eb08eb
e787e7
e88ae8
ea3bea
ea10ea
ea07ea
ebdfeb
ec76ec
e854e8
e288e2
e0ece0
e41be4
e706e7
e38be3
d97cd9
d19bd1
d1b9d1
d3b3d3
d207d2
d019d0
cf85cf
cd7ccd
ca54ca
c850c8
c8cac8
cbe4cb
cccbcc
c6dec6
bf7fbf
be13be
c121c1
c6a0c6
d22ed2
e19ae1
e8fee8
e4b5e4
e3d3e3
f260f2
043c04
07f107
004300
f934f9
f55ef5
f20df2
ee5fee
ec84ec
f0b6f0
f793f7
f64ff6
ee8aee
eec9ee
fa71fa
076207
0f780f
134d13
145714
149a14
156815
16c916
199a19
1cff1c
1cd51c
183018
14f014
18b618
211e21
272927
291e29
2a7e2a
2af72a
272e27
218321
1f461f
1f261f
1b751b
139c13
0cae0c
0a0b0a
0a130a
0a740a
0c060c
0fd80f
13c413
161c16
198619
203b20
26ca26
28b428
271327
26b126
293329
2acd2a
272527
1f431f
180b18
142c14
135913
14af14
16a816
17fb17
186518
16b616
12da12
115b11
157115
1a721a
19a119
131813
0cde0c
0aed0a
0b620b
0be70b
0dcf0d
110b11
122012
102f10
0eb30e
11a111
19c019
215921
20e720
1a001a
149e14
12b912
107710
0c230c
074d07
038403
001000
fc2bfc
fae5fa
fed6fe
048c04
082608
09c709
095809
06ca06
051d05
066606
082e08
068106
018001
fe37fe
feacfe
fdf5fd
f9eaf9
f743f7
f838f8
f977f9
f82ef8
f4fbf4
f34bf3
f4aff4
f4dff4
f0b0f0
eba5eb
e99fe9
ea3aea
ea1bea
e61fe6
e13de1
e0f9e0
e2d4e2
e1ffe1
e0eae0
e231e2
e466e4
e61be6
e4d2e4
e0cde0
dfafdf
e0f6e0
df10df
dc4bdc
daf8da
d6b9d6
d178d1
d0cfd0
d1bed1
d07cd0
ce61ce
cc11cc
ca6aca
c9d3c9
c7ffc7
c61dc6
c5b7c5
c309c3
bec6be
bcfabc
bb0fbb
bbc1bb
c932c9
ddb5dd
e85be8
e785e7
e6d9e6
eec2ee
fd7cfd
06d906
036103
fc3dfc
f9a9f9
f637f6
edeaed
e742e7
e9e4e9
f38ef3
f7b7f7
f1cff1
eed7ee
f61ff6
fea6fe
04bf04
0c5c0c
121512
129c12
116911
0fe20f
0f590f
124e12
142d14
116b11
105110
13cb13
175417
1aad1a
1ff51f
24f424
268726
22e522
1ba51b
170117
16a616
148d14
0e650e
082808
047404
02ca02
012501
ffacff
030703
0a810a
0db40d
0d3a0d
11f311
19df19
1d1e1d
1d9c1d
202320
23b523
257525
22a222
1beb1b
16ab16
140414
11fe11
13c113
189c18
188318
143a14
13e713
16b516
177317
16b116
161116
153f15
138313
101d10
0cb50c
0b280b
0a750a
0bd70b
104610
11f811
0fa40f
11a311
192619
1ea11e
210021
237323
249f24
224322
1cca1c
171717
148f14
138113
0f580f
08b408
03d103
03d703
090d09
0dca0d
0ce70c
0b430b
0e310e
115911
107510
0e010e
0cc90c
0cb30c
0bd00b
08b208
059c05
04f704
04dd04
037503
020502
01ab01
018201
002300
feb1fe
ff6fff
ff49ff
f9c9f9
f31cf3
f14af1
f1bff1
efadef
eaf7ea
e635e6
e4dce4
e6cee6
e6ffe6
e44ee4
e382e3
e6dbe6
eb43eb
eb43eb
e55ee5
e145e1
e467e4
e653e6
df6cdf
d6c8d6
d53cd5
d7e7d7
d6a0d6
d0cbd0
cdcbcd
cf71cf
cf61cf
cd6bcd
cdf8cd
cdcecd
c9ffc9
c5c8c5
c157c1
bdc6bd
bf87bf
c13fc1
bddebd
c1adc1
d3a4d3
e444e4
e839e8
e7e5e7
ed65ed
f91ef9
04f204
08dc08
02b902
fa3ffa
f727f7
f5cef5
ef4bef
ea5bea
f094f0
f7fff8
f4ccf4
f204f2
f9c7f9
01f001
057405
0c230c
152e15
19be19
19a419
167516
134b13
155715
194719
180e18
156315
17d117
1ca11c
1f3f1f
20e720
243324
27b027
272f27
227322
1e7c1e
1d551d
1b6d1b
168916
105c10
0b850b
094209
07e807
060706
06a506
0b530b
0f190f
0f950f
11ed11
185718
1d6a1d
1d5f1d
1bce1b
1e3c1e
23d523
253a25
1f551f
189718
164716
168916
17ef17
1aba1a
1c511c
1b4a1b
198419
17ab17
16a716
186d18
1add1a
1a221a
166016
11b511
0e490e
0cf50c
0b4c0b
09d609
0ce60c
114411
10d710
10b910
169716
1d411d
216e21
25f225
28a528
25f025
20d120
1d1d1d
1af21a
18fc18
157915
0fac0f
097e09
065506
07ff07
0bb40b
0d230d
0cb10c
0cb70c
0cab0c
0c2d0c
0bbc0b
0b0e0b
0ae80a
0a4f0a
061206
01b801
030c03
052e05
023d02
ff67ff
00d900
023702
00f700
ff75ff
ff54ff
fff2ff
fe45fe
f7b8f7
efabef
ec3dec
ed6eed
ed4ced
e89de8
e27ce2
ded6de
deb7de
e1bce1
e4f2e4
e4c0e4
e340e3
e35de3
e1ffe1
def4de
df1cdf
e052e0
dd2fdd
d7f5d7
d3edd3
d0d1d0
d007d0
d0d4d0
cec9ce
ca37ca
c6f8c6
c59fc5
c532c5
c4c2c4
c321c3
c0a2c0
bd80bd
b98fb9
b74cb7
b835b8
b9e8b9
bd11bd
c6a2c6
d578d5
df1ddf
de57de
df44df
edfaed
ff13ff
00d400
f800f7
f2f4f2
f2e3f2
f21cf2
ed74ed
e67be6
e5c1e5
ed43ed
f028f0
ea83ea
ea3eea
f44bf4
fe2dfe
031a03
072e07
0be40b
0eff0e
0f060f
0d6a0d
0d1f0d
0e5f0e
0eda0e
0df70d
0dd20d
0ff70f
122e12
127512
151e15
1c841c
200920
1a101a
133313
12a712
135413
0f990f
09c709
06d906
071107
056505
007600
fea9fe
02c502
072f07
092b09
0bbc0b
0f510f
119d11
125012
12bf12
150915
1a4e1a
1e8e1e
1c311c
157a15
123712
142014
171e17
1a491a
1ded1d
1ee51e
1ce41c
1bce1b
1b871b
1a291a
1a2a1a
1b971b
194319
12d312
0d850d
0b320b
0ab90a
0c2f0c
0e630e
0f3e0f
105110
13f813
187c18
1c7f1c
226922
29c629
2d6c2d
2be92b
28cf28
266d26
252c25
241e24
202020
195019
149914
130913
115411
0fec0f
112111
134c13
138413
11a511
0fd10f
0faa0f
102510
0f960f
0df40d
0b530b
08eb08
094a09
0a6f0a
081b08
056105
074007
0a310a
08e508
056705
046104
064f06
06cf06
013d01
f821f8
f32bf3
f39af3
f347f3
ef52ef
ea55ea
e60be6
e296e2
e117e1
e1e1e1
e375e3
e4d4e4
e4d8e4
e1ace1
dd33dd
dbf4db
dd44dd
dcbbdc
d9fad9
d6e0d6
d37cd3
d0c5d0
d041d0
d039d0
ce96ce
ccf2cc
cd24cd
cce1cc
c95ec9
c496c4
c16dc1
bea7be
bb67bb
b934b9
b6c9b6
b35bb3
b354b3
b9d1b9
c652c6
d61cd6
dfb2df
ded7de
e327e3
f5adf5
02e302
fd92fd
f5d9f5
f883f8
fd04fd
fa3ffa
f1b3f1
eb69eb
eee7ee
f728f7
f806f8
f441f4
f8adf8
037c03
083708
069e06
08b508
0fc80f
146c14
14d714
14b614
145214
132413
130613
144814
175617
1d341d
21a721
214921
215d21
245424
246224
212121
200320
201620
1cd31c
165c16
105110
0e8d0e
10bf10
110211
0d8a0d
0c020c
0dcc0d
0e5f0e
0f120f
14b714
1b601b
1b3a1b
15f515
13d213
17a217
1d851d
20bc20
1efa1e
1a361a
16de16
16ae16
198319
1ffd1f
26d226
27a727
237a23
20ee20
206820
1ea71e
1d851d
1e4e1e
1c5d1c
158515
0df50d
08e808
074c07
0a490a
0ed90e
0f4e0f
0d380d
0e930e
137713
193819
1fa31f
254425
27f827
278f27
23fd23
204c20
218621
23e623
1fc41f
185218
146714
137213
13ea13
14d714
12b012
0ede0e
0e1e0e
0dea0d
0af50a
08fb08
09aa09
092309
05b905
01f001
015f01
045904
05d305
036203
01ed01
03b403
042004
015e01
ffc0ff
020d02
041c04
ffc5ff
f6eef6
f197f1
f102f1
f027f0
ee5bee
ed22ed
ea45ea
e4f4e4
e09fe0
df8ddf
e0e8e0
e2e8e2
e338e3
df95df
d905d9
d4e1d4
d668d6
d91bd9
d79fd7
d392d3
d08fd0
cef0ce
cec6ce
cfb1cf
cf0dcf
cc63cc
cb23cb
cce9cc
ce69ce
cbcdcb
c601c6
c103c1
bdf1bd
bb56bb
b8afb8
b52bb5
b14db1
b2a9b2
bcc5bc
ca35ca
d438d4
da74da
e13fe1
ece3ec
fac2fa
021f02
01ad01
00e800
016801
fed8fe
f9bff9
f569f5
f3a6f3
f5c9f5
f8abf8
f76ff7
f5eef5
fa5afa
013a01
057405
08ec08
0d3a0d
107210
11c611
116f11
105f10
10e410
12dd12
13e913
14b214
177a17
1bc51b
1f961f
216b21
20cd20
1f441f
1e471e
1ce11c
19ac19
14ed14
100e10
0c340c
08cf08
050805
027802
02bd02
047a04
055505
045704
033a03
05b905
0b5e0b
0e8d0e
0daf0d
0c590c
0be60b
0c3e0c
0df10d
0f030f
0df70d
0c7a0c
0aa50a
096d09
0d7a0d
157615
19cf19
1a151a
1b5a1b
1d011d
1b9c1b
17e117
155815
15a415
150a15
0f2f0f
072707
028002
015b01
028c02
057105
076507
08e608
0d2e0d
120212
14fd14
1a341a
225e22
26cd26
249b24
20a520
206e20
239b23
23fa23
1f041f
1b141b
1bf31b
1ccc1c
1b0b1b
19af19
195819
189718
174a17
147414
0fda0f
0c810c
0bc90b
0b4b0b
09b309
082208
076b07
078707
085b08
09f509
0bfb0b
0cdd0c
0b940b
09e109
099a09
09a609
086008
05b005
01b501
fc9bfc
f78af7
f43ff4
f3b8f3
f3bbf3
f035f0
eaa1ea
e893e8
e871e8
e50be5
e28be2
e602e6
e7e6e7
e142e1
d9c1d9
d9c5d9
dc88dc
da2dda
d436d4
d13dd1
d2aad2
d3b1d3
d0d3d0
cc80cc
cbd7cb
cfe9cf
d2ebd2
cfadcf
ca8bca
c9c6c9
c96fc9
c387c3
bbdcbb
b8a5b8
b910b9
b927b9
b925b9
bf5dbf
cf12cf
ddfddd
e1b6e1
e2d8e2
ee4dee
fea6fe
068306
039203
fdf2fd
fd6bfd
ff04ff
f98df9
f124f1
f30ef3
fbf2fb
fd6afd
f816f8
f772f7
fe83fe
06f806
0aa40a
0b260b
0ef90e
140b14
12ac12
0e320e
0f230f
13cd13
166816
163416
15a215
18b618
1f571f
22c322
222c22
23b723
24eb24
1fe21f
199a19
17c917
165f16
114111
0a7f0a
060a06
05a805
067c06
054a05
04c704
078907
0a0e0a
0a3b0a
0ba50b
10ab10
155715
135213
0c040c
098009
0eca0e
129a12
101310
0ca90c
0bba0b
0b930b
0bb90b
0dbc0d
132f13
1aad1a
1f381f
1ed11e
1c8e1c
1a5c1a
191619
1ab61a
1d621d
1c1a1c
15f815
0e150e
07c807
05b205
078107
0a190a
0bfa0b
0dde0d
0fde0f
117911
13f613
1a381a
230123
272327
241824
210c21
229322
24d324
24a124
22e422
217a21
222322
230323
203a20
1cad1c
1da31d
1f9f1f
1ccb1c
16b416
112011
0d740d
0c150c
0ac00a
070707
040c04
054a05
077307
06aa06
05ff05
096c09
0d950d
0caf0c
084508
064106
06eb06
05ff05
022a02
fd18fd
f83cf8
f4b8f4
f2e7f2
f209f2
f122f1
eed0ee
ea6eea
e637e6
e4bae4
e597e5
e6c8e6
e602e6
e195e1
dbbcdb
d933d9
d9d4d9
d895d8
d416d4
d058d0
cf89cf
cf4fcf
cd7fcd
cae5ca
c9c0c9
cbbccb
cf2fcf
cf09cf
ca08ca
c605c6
c638c6
c57bc5
c04dc0
bb69bb
bab8ba
ba10ba
b4eab4
b087b0
b762b7
c970c9
d892d8
daaeda
d8a6d8
e192e1
f353f3
fd10fd
f984f9
f603f6
fa25fa
fc57fc
f5acf5
ed4eed
ebe9eb
f1f4f1
f8bef8
f8f7f8
f5b0f5
f867f8
ff60ff
02e102
05b105
0b400b
0df00d
0ccf0c
0d290d
0e6b0e
0e770e
0ee50e
0fb90f
119411
15c715
186118
182518
1ab51a
1ef31e
1e4e1e
1a091a
163f16
134d13
113e11
0d980d
068906
01cd01
018a01
ffbcff
fd63fd
ffb5ff
031303
03e603
04be04
068606
09c109
0e070e
0dc80d
094309
085808
0aeb0a
0c6f0c
0df80d
0dc50d
094909
067a06
089d08
0c630c
12a112
19d019
1b0d1b
192219
1ab41a
1bbc1b
199819
19c719
1c3d1c
1bce1b
175817
0fd00f
08a708
07c007
0c450c
0f3d0f
0e790e
0d690d
0ef20e
12da12
172a17
1c2b1c
232d23
285d28
271427
230223
234223
27ba27
2a572a
282128
24db24
24d224
266a26
25f425
23e123
22d422
22fa22
215821
1b821b
149814
11da11
11ea11
0f7b0f
0a7f0a
06e806
06af06
08cf08
0af70a
0c6f0c
0e110e
0e7e0e
0c900c
0b890b
0d360d
0e1d0e
0bd50b
074407
017a01
fbd4fb
f7b3f7
f5c7f5
f662f6
f69af6
f263f2
ecc9ec
ebb5eb
ed21ed
ebf2eb
e8afe8
e619e6
e4c9e4
e31be3
debbde
d975d9
d7b1d7
d7a3d7
d465d4
cf5fcf
cc2acc
cac2ca
ca80ca
ca8bca
c99fc9
c87cc8
c6f6c6
c445c4
c4b3c4
c960c9
c871c8
bdd8bd
b53db5
b650b6
b981b9
b750b7
b4b0b4
bc68bc
ce30ce
d9fdd9
d72ad7
d4d6d4
e18be1
f42bf4
fc39fc
f723f7
ef70ef
f05ef0
f6a6f6
f43af4
eb3beb
ed3fed
f9b1f9
fe1efe
f796f7
f4eff4
fd5bfd
08d308
0d480d
0b8d0b
0c6a0c
10d810
112c11
0d340d
0c9b0c
10b110
13f613
13f113
13eb13
179f17
1d7b1d
216e21
23d123
25e925
24c124
1fa01f
1b061b
194619
185218
154615
0eb00e
079e07
054205
06c706
06e406
053305
05df05
09d309
0d000d
0cef0c
0d3f0d
10f410
139a13
110b11
0e160e
107d10
150115
149b14
0f530f
0bdf0b
0d200d
0f410f
111711
15c515
1b5b1b
1cdc1c
1ba51b
1b4c1b
1b071b
1ab91a
1ce51c
202d20
1f5b1f
18c818
110411
0d670d
0e2e0e
102f10
11bc11
123f12
114411
10b310
12bb12
16a116
1bd71b
222a22
256c25
22b722
1f911f
215b21
248d24
24c324
239723
22f422
22a622
22b422
21ea21
200820
205a20
21e721
1e821e
177317
137c13
114d11
0c970c
07c807
055c05
044004
048204
04fc04
039503
032903
065b06
091109
079d07
045004
02ee02
03d703
02ce02
fc5dfc
f4c0f4
f1d4f1
f1d3f1
f075f0
eda2ed
ead2ea
e93fe9
e963e9
e8e0e8
e5b6e5
e1cde1
df56df
de49de
ddabdd
db1bdb
d4bbd4
cda5cd
caf0ca
cc1fcc
cc97cc
caedca
c8b2c8
c635c6
c49ec4
c623c6
c833c8
c6c5c6
c497c4
c556c5
c61ac6
c362c3
bdf5bd
b8deb8
b7bfb7
b985b9
b81fb8
b51cb5
bab9ba
cb21cb
db1cdb
df5fdf
db6edb
dfe2df
f13bf1
fd33fd
f989f9
f3caf3
f56bf5
f835f8
f6c7f6
f152f1
eec0ee
f8f2f8
06e106
056c05
fc55fc
ff5cff
091509
0d4a0d
0ff10f
138013
13f313
126d12
0ff90f
0d3b0d
0f530f
14d414
16bc16
177d17
1b5b1b
1e691e
201220
24a424
2a3b2a
2bb52b
275e27
1f0d1f
18df18
184918
16cc16
0f960f
089008
064b06
053d05
024002
fe92fe
fd6efd
00ab00
047c04
047104
042404
077007
094d09
06fa06
072b07
0cc80c
110c11
0ee70e
095109
066606
082208
0a3d0a
0a6e0a
0d2b0d
12c212
148014
121612
10c110
0fc60f
0dda0d
0ede0e
127a12
134913
0fd60f
0a8e0a
071107
08a308
0d020d
0f100f
0e500e
0c920c
0b7e0b
0dc60d
11e411
140b14
170e17
1c271c
1c271c
178217
188e18
1f0f1f
21cb21
205a20
1fbe1f
20af20
22d522
258e25
260c26
247b24
23d623
22dd22
1e441e
182018
14e314
13d813
110e11
0c720c
097d09
08f908
087008
077207
088608
0c090c
0e1e0e
0bee0b
085308
07db07
09fc09
0a230a
063f06
00e500
fd1afd
fae7fa
f934f9
f83ff8
f7cbf7
f5faf5
f259f2
eed9ee
eca6ec
eaa5ea
e767e7
e3cce3
e1e2e1
dfd0df
d9c8d9
d293d2
d010d0
d0b9d0
d07cd0
d0aed0
d183d1
cfbdcf
cc4acc
ca96ca
cb3ecb
ce1dce
d0d3d0
ce6fce
c7e3c7
c287c2
be68be
ba32ba
b883b8
b9fcb9
bc7cbc
be5abe
bef2be
c485c4
d57bd5
e4fae4
e473e4
e33ae3
f22cf2
003b00
fd12fd
f631f6
f708f7
fa05fa
fb86fb
f911f9
f27bf2
f4e2f4
038e03
0a520a
03f303
03db03
0d380d
11af11
11a611
14fd14
175a17
13b813
0e7d0e
0c550c
0d4b0d
0fb70f
123c12
151315
193419
1dfd1d
211b21
21f221
23ef23
280d28
276227
1f1f1f
18d418
194319
171017
0d9f0d
056105
039603
038c03
010c01
fe02fe
fdc1fd
ff33ff
fed5fe
fe0efe
011801
05d605
068506
03c803
035903
078d07
0c990c
0cb40c
07d707
057405
08ce08
0ac00a
082508
096109
114911
165516
148a14
122e12
117e11
10b410
119611
13d413
13b313
119211
0f210f
0ba80b
097c09
0bf60b
10c010
13c113
13f713
12ae12
124512
130a13
13c713
170017
1d3f1d
1f561f
1b701b
1a521a
1ea71e
215b21
204020
1fd71f
222122
255125
272a27
26dd26
25e025
261426
269526
23c823
1cdf1c
171617
157615
130213
0d140d
08ad08
07e907
07fb07
087008
098309
0a300a
0b080b
0b750b
096c09
06e806
06bf06
072607
058405
01d801
fd8afd
fa97fa
f9c3f9
fa30fa
fa6ffa
f7d6f7
f228f2
ee35ee
ed2fed
ea78ea
e66ae6
e4cfe4
e2dde2
dc2adc
d396d3
cf83cf
d104d1
d1b6d1
cd7ccd
c9c6c9
ca49ca
c9cbc9
c642c6
c3f4c3
c52bc5
c9ffc9
cd33cd
c593c5
b975b9
b9d8b9
c254c2
c06ac0
b4e6b4
ae5dae
b1beb1
b8bdb8
bc27bc
bfedbf
ce56ce
df33df
e100e1
dd26dd
e802e8
f91df9
fd13fd
f64df6
f176f1
f310f3
f6e8f6
f49cf4
ede4ed
f17af1
ffdaff
054805
fd4ffd
fb3bfb
068d06
108f10
110a11
104410
132013
140714
104810
0cee0c
0e4a0e
12a912
150515
13f013
14cb14
1b941b
234423
25e325
25c625
26aa26
257525
1f501f
19c919
19af19
189218
0fbe0f
054f05
016501
019701
00bc00
fe8cfe
fcb8fc
fcc3fc
fd30fd
faeefa
fa5bfa
00f400
072907
04d904
009400
01a401
059705
08b008
082e08
045a04
044804
091e09
0a960a
09ea09
0f000f
159215
165016
13ed13
117f11
0f6c0f
103a10
12e912
13ac13
12ae12
0fb40f
0a4d0a
07fd07
0ba80b
0f880f
104510
101b10
0fe20f
101c10
11ce11
14c314
1a421a
212321
21c721
1b831b
19d019
205820
24c124
222d22
1f981f
225422
27f327
2b1f2b
296729
26d026
28a428
2b602b
26f826
1d4b1d
17ef17
186e18
176917
119011
0b1d0b
090a09
0bc80b
0e700e
0cfc0c
0afb0a
0cc40c
0edd0e
0d2a0d
09f909
084608
07fb07
078c07
047f04
ff34ff
fbcdfb
fb8bfb
fc3bfc
fc1dfc
f90cf9
f400f3
f268f2
f330f3
ef67ef
e866e8
e3f7e3
e1b5e1
df67df
db45db
d446d4
d021d0
d1c0d1
d00ed0
c8f0c8
c720c7
cb96cb
cdd9cd
cc91cc
c928c9
c5afc5
c85ec8
cdeccd
cb09cb
c323c3
c0c1c0
bfe9bf
ba3fba
b51bb5
b4d0b4
b611b6
b81fb8
bff9bf
ced5ce
db61db
dd13dd
dbb3db
e4d1e4
f5e6f5
ffe8ff
fb67fb
f193f1
f11ff1
f7f4f7
f532f5
e9f4e9
eb9feb
fc64fc
061d06
00d900
fbe4fb
017401
0add0a
0faa0f
115611
14af14
174517
13c313
0c880c
08f708
0bd20b
11a511
162616
18d018
1b831b
1e2f1e
204a20
23aa23
287c28
2ae42a
280228
21d321
1cbe1c
199919
148414
0d040d
088008
088608
082c08
049304
008300
010c01
067d06
08d308
04e604
04b104
0b600b
0d280d
07ff08
082408
0f550f
12e212
0ecd0e
093b09
08f608
0d9d0d
10df10
120112
162a16
1b2d1b
1bd91b
1be21b
1e141e
1d451d
192c19
17d917
199919
19f619
172717
126b12
0f020f
0fad0f
131613
160f16
16f016
160716
159d15
165016
15f715
172517
1e0a1e
23ae23
1f801f
191519
1ab41a
1f021f
1dff1d
1b2c1b
1c691c
213921
24ec24
23c823
21b621
25ca25
2b872b
281828
1da81d
169716
142a14
116211
0d340d
098a09
07e407
07e607
074d07
061906
072b07
0aa60a
0cc70c
09f609
02c002
fd79fd
fe92fe
00ab00
fdc0fd
f8d0f8
f55ef5
f25ff2
f128f1
f309f3
f3f3f3
f1d7f1
effcef
eeebee
eb56eb
e4ebe4
dff1df
dffbdf
e156e1
dbd9db
cfd0cf
c757c7
c6d5c6
c820c8
c6f5c6
c5aec5
c5c5c5
c597c5
c426c4
c225c2
c1cac1
c551c5
c9b8c9
c7f2c7
c005c0
ba33ba
b99ab9
b94cb9
b72bb7
b558b5
b3ddb3
b2d4b2
b6d2b6
c449c4
d61dd6
de76de
daa5da
dcb2dc
ee32ee
fce3fc
fb18fb
f58df5
f71af7
f8b4f8
f43ef4
ed75ed
ed4fed
f981f9
064c06
035f03
fa72fa
fe98fe
09b209
0eb40e
11be11
161016
15d415
10ef10
0bb30b
090809
0c840c
13d313
16d716
154c15
15a415
19fa19
207020
269c26
2b532b
2e6d2e
2b972b
210c21
19f519
1cd51c
1d671d
149c14
0c6d0c
099609
06af06
029202
001b00
01cf01
07bd07
0a3e0a
048304
00a800
05bf05
0a820a
091309
088c08
0c850c
0f550f
0c7a0c
06fd06
068506
0cc50c
117d11
106210
10b410
168d16
1b101b
19ae19
175c17
187518
19d919
178c17
133013
109810
102310
0f210f
0bf20b
090909
0a690a
0ebe0e
107d10
0f660f
102710
12f012
148a14
15bb15
18aa18
1b1b1b
19e619
173217
17d417
1af31a
1ad21a
174417
167c16
1ad81a
209820
23a823
22fa22
221a22
244d24
248924
1dfd1d
17c317
17b917
167316
0eca0e
078c07
05cd05
06c206
074207
06ef06
074e07
097509
0a9d0a
080e08
049004
03cc03
04d904
044904
005300
fb6ffb
f944f9
f86af8
f64ef6
f5aaf5
f7b8f7
f825f8
f5fdf5
f45bf4
f2b6f2
efa0ef
ed0fed
ebbeeb
e956e9
e3ebe3
dc0cdc
d621d6
d5bbd5
d5acd5
cf68cf
c885c8
c9c0c9
ce4ace
cc55cc
c5d5c5
c321c3
c643c6
cb27cb
cb89cb
c49cc4
be38be
c039c0
c26cc2
bbcbbb
b54fb5
b6a9b6
b869b8
ba5eba
c68cc6
d764d7
dd7bdd
db1adb
df01df
ecedec
fafbfa
ff0eff
f97cf9
f3b6f3
f387f3
f3eef3
ef77ef
ecbaec
f59df5
02da02
037803
fa97fa
fa71fa
03dc03
0a7d0a
0dc00d
120212
13c113
104610
09ba09
049d04
07fa07
128d12
175117
134113
12e512
1ad41a
224522
258525
29f129
2fe72f
2f052f
251025
1ce81c
1d0e1d
1cff1d
161b16
0dcf0d
094309
06b406
032903
ff93ff
00f800
079f07
0a080a
041504
003900
059f05
0c910c
0c6b0c
087808
09a809
100a10
118f11
0b240b
072507
0b9c0b
117311
12d112
13a213
186918
1dd71d
1df31d
1a5d1a
197419
1af61a
1a211a
16e916
142814
12e112
118f11
0d460d
089308
0b070b
125e12
142714
10f910
115c11
14eb14
16b016
183918
1d381d
231223
22a422
1be71b
195c19
1ee21e
220522
1da11d
1a291a
1d541d
237323
26f226
25e525
254c25
29e729
2cba2c
260726
1cd81c
1a291a
1a211a
165316
100c10
0b9d0b
0ad20a
0bdc0b
0c1c0c
0c3e0c
0dcd0d
0f020f
0dbb0d
0a8e0a
074707
059905
057305
047f04
020302
ff42ff
fb8dfb
f723f7
f6c7f6
fbd3fb
ff0aff
fb70fb
f60af6
f423f4
f311f3
ef7bef
ebfceb
ead8ea
e82fe8
e078e0
d7a5d7
d328d3
d151d1
cdc8cd
c9d7c9
c8a9c8
c8f1c8
c7b2c7
c3f3c3
bef8be
bcecbc
c050c0
c3a5c3
c077c0
b9b5b9
b601b6
b58cb5
b455b4
b158b1
afe7af
b29db2
b7f7b7
bf89bf
cafcca
d499d4
d54ed5
d5c8d5
e191e1
effbef
f36ff3
ef12ef
eb4beb
ea38ea
eb76eb
ea87ea
e59ee5
e7c6e7
f49ff4
fb08fb
f4c6f4
f304f3
fc15fc
03b003
064706
096009
0b4d0b
08ef08
057e05
046e04
062c06
092c09
0add0a
0ba30b
0e990e
143c14
1aa41a
205420
23e423
24ed24
243f24
218d21
1d501d
1a471a
17f817
127212
0a620a
04b104
025302
009000
febffe
fe4afe
ffe5ff
020102
016a01
fedcfe
001e00
054305
061b06
018901
011a01
070e07
098a09
04cb04
01d801
060f06
0ad50a
0bbd0b
0e6c0e
156315
1a6b1a
1aff1a
1a621a
195619
187318
190619
17b017
136213
110211
0f960f
0b410b
08cb08
0b630b
0de60d
0eb90e
0f4a0f
0eb40e
101210
159015
199319
1b421b
1ef51e
209b20
1cfe1c
1bc91b
207f20
248a24
238a23
1ff21f
1fd71f
25e325
2b252b
2a4f2a
29f829
2e652e
306330
2ae92a
229a22
1e141e
1e2d1e
1d3b1d
17a317
117b11
0e980e
0e4b0e
103c10
12e112
12fd12
11f211
121c12
10a110
0c670c
099209
098309
090809
063b06
01ed01
fd77fd
fab6fa
fc4bfc
017c01
044204
013501
fc26fc
f883f8
f642f6
f5d0f5
f5b5f5
f237f2
eb36eb
e330e3
dc27dc
d853d8
d6e6d6
d4e2d4
d350d3
d263d2
ce37ce
c939c9
c9adc9
cc20cc
ca16ca
c725c7
c941c9
cc22cc
c5e3c5
b7e4b7
b21fb2
bb6bbb
c3adc3
bd28bd
b199b1
b1adb1
c065c0
d26ed2
da46da
d8f7d8
dcd1dc
e9a8e9
f2faf2
f15ff1
ec34ec
ed20ed
f376f3
f500f5
ec86ec
e36ee3
e55ce5
f015f0
f7d3f7
f7d2f7
f748f7
fb40fb
fe0ffe
fe13fe
02e502
0a6b0a
0a5e0a
05d305
055c05
052b05
018501
012a01
07a607
0fd10f
147714
157515
17ee17
1ec51e
237d23
213c21
1e5d1e
1f631f
1e7f1e
173017
0d610d
074707
06c306
07af07
054f05
011d01
ff6eff
00b000
027b02
02ec02
026302
03ed03
07ad07
07fd07
038503
01e101
064206
098c09
07ff07
06ec06
093409
0bab0b
0de20d
129b12
18fa18
1da61d
1fae1f
203520
206d20
205820
1e9b1e
1b701b
193319
180b18
168116
155615
14cc14
12f512
108f10
109b10
133013
165716
187918
189f18
18a418
1b7d1b
1f481f
200720
1eb71e
1f561f
22bc22
253825
22a022
1d791d
1df71d
259625
2c2e2c
2cb22c
2a932a
297d29
289c28
267e26
240023
21e121
1e8b1e
192119
13fa13
10be10
0e7d0e
0d4a0d
0e160e
0f6f0f
0f2e0f
0dc50d
0cc80c
0be20b
09e109
07db07
070707
052005
008100
fb9bfb
f829f8
f674f6
f86cf8
fd07fd
fef5fe
fcd0fc
f9eef9
f83df8
f6cbf6
f359f3
eebfee
ed73ed
ecbcec
e428e4
d7cad7
d33fd3
d4ccd4
d3ddd3
d077d0
cd65cd
ca25ca
c6a8c6
c40ac4
c3fec3
c640c6
c651c6
c2ddc2
bf9fbf
bc97bc
b877b8
b5d4b5
b4a8b4
b329b3
b259b2
b126b1
b0fab0
ba21ba
cafeca
d599d5
d63ad6
d671d6
dd81dd
ea55ea
f3a0f3
f1c8f1
ec37ec
ecbaec
edcbed
e7efe7
e21be2
e754e7
f47ff4
f98cf9
f1a2f1
ed4ded
f59ff5
fe05fe
003e00
03c203
080708
074007
031a03
ff7aff
ffcdff
04fe04
087b08
07d107
0a280a
0ff30f
13a213
17b117
1f561f
262726
273427
219f21
1a9d1a
199719
1b101b
15db15
0cb30c
07b307
068206
052e05
027302
008500
032903
069e06
02ef02
fcc4fc
fed0fe
05e105
076307
02a002
ff59ff
01fd01
057905
039203
016001
066206
0d2a0d
0e110e
0d940d
126f12
1ab31a
207120
207a20
1d001d
1ae01a
1a501a
17c417
13cb13
116411
0f940f
0c650c
099909
094d09
0a1f0a
09fe09
099109
0a920a
0c5d0c
0cf20c
0d560d
112411
176e17
199c19
15cd15
135213
17bf17
1e581e
1f231f
1a821a
194a19
1f6d1f
24cc24
233923
21ad21
260126
292c29
247624
1c961c
193c19
1abc1a
1a821a
146814
0d860d
0bfe0b
0d720d
0dd60d
0e4e0e
0fa00f
0fe80f
0e3b0e
0aed0a
080e08
086508
0a0a0a
084808
032d03
fe4dfe
fb96fb
fb26fb
fc74fc
ff8bff
044f04
070f07
03eb03
fe34fe
fbcbfb
fc90fc
fcf5fc
fad8fa
f52ef5
ec65ec
e365e3
de11de
dd8bdd
dd50dd
d969d9
d5b3d5
d52dd5
d2dad2
cd7bcd
caf3ca
cc68cc
cf7ecf
d2e4d2
d09ed0
c680c6
bf8bbf
c11ac1
c264c2
c090c0
bf6bbf
bce4bc
bbcfbb
c570c5
d530d5
ddd8dd
df81df
e2c1e2
ea36ea
f31ff3
f8fef8
f874f8
f3f5f3
f1fef1
f441f4
f3cef3
eccdec
ea16ea
f3a7f3
fbdffb
f7b1f7
f3d8f3
f9d8f9
002b00
022e02
058f05
097809
096b09
067006
03dd03
047604
080808
0a5f0a
0a9a0a
0cc40c
11f911
178217
1b8b1b
1ea31e
21e521
22d122
1ea11e
19d719
18aa18
16b316
119711
0cee0c
087d08
03e803
032703
04a104
03a603
035103
060e06
061706
01ff01
013e01
060506
082108
034603
ff34ff
01e301
050004
02e702
005700
023302
071207
0c160c
105310
15aa15
1c641c
1ef71e
1c4b1c
1c111c
1eea1e
1da31d
197e19
170217
134713
0deb0d
0b7f0b
0afd0a
09af09
098509
0a700a
09b809
085808
08c008
0ad70a
0dd90d
122312
174717
197c19
15c115
11cf11
15cc15
1d6c1d
1dd11d
181f18
171917
1da51d
241f24
249a24
221422
227622
24d024
234623
1e141e
1b421b
1b2d1b
190b19
151615
128d12
10e310
0fda0f
113311
12e512
120b12
108d10
0fc10f
0da10d
0a870a
08fb08
08ce08
077407
035803
fe5bfe
fbb0fb
fb0bfb
fb8efb
fefefe
034003
038203
021802
030703
032a03
ffe0ff
fbb7fb
f869f8
f56ff5
f09df0
e872e8
e15ce1
de38de
d987d9
d342d3
d2cad2
d525d5
d27cd2
cdbbcd
cb09cb
c92cc9
c93fc9
cae0ca
c9f2c9
c6f2c6
c3afc3
bf57bf
bbb2bb
b8ecb8
b52fb5
b5b3b5
bd79bd
c63cc6
ced8ce
d75cd7
d835d8
d722d7
e30be3
f279f2
f48ef4
f0d1f0
f0b6f0
f063f0
f001f0
ee77ee
e8c7e8
eb8feb
faacfa
fed1fe
f2daf2
eeccee
f6a7f6
fb84fb
fe41fe
032203
047804
022202
ff8eff
fcf2fc
fe38fe
03fd03
079307
093409
0d040d
10e810
14f914
1b271b
1fdb1f
228422
24b224
216921
194c19
155615
14c114
113f11
0c9f0c
08be08
04a204
025b02
013701
fff6ff
02e302
072207
038803
fd50fd
ff94ff
05aa05
05d805
014301
fe6bfe
00be00
041c04
010f01
fb70fb
fe1afe
068606
0ac10a
0bf50b
0fc40f
14e414
185f18
19e919
1a681a
1afe1a
1a351a
160116
117311
0fa70f
0dd90d
0a8c0a
08ab08
080d08
05fc05
03ba03
038b03
045304
04ae04
04e704
05f105
09be09
0fa20f
112211
0bf60b
098f09
0ff70f
163d16
146f14
106f10
128812
1a911a
21cc21
219a21
1d641d
1ff21f
278d27
26bc26
1d291d
177017
181318
176717
132113
0ef50e
0d710d
0dae0d
0d480d
0ca80c
0dac0d
0e950e
0d830d
0c260c
0abe0a
081508
05ef05
054e05
040e04
014001
fd90fd
fa7cfa
fb4efb
000700
034e03
02f802
025702
027502
010c01
fe2afe
fc69fc
fc6dfc
fa8ffa
f309f3
e894e8
e266e2
e245e2
e1dde1
dc6fdc
d625d6
d4cad4
d5cdd5
d3a8d3
d045d0
d05dd0
d25ed2
d1cbd1
cdfacd
c981c9
c652c6
c421c4
c261c2
c136c1
beecbe
baf6ba
bb68bb
c5dfc5
d53ad5
de67de
dd1add
d9a2d9
e063e0
efecef
f9d6f9
f93cf9
f623f6
f4b2f4
f3a6f3
f1faf1
ef03ef
f055f0
fb52fb
038503
fbdffb
f0ecf0
f222f2
f963f9
fe93fe
036d03
066706
043704
ff5aff
fc0efc
fe99fe
077307
0efa0e
111811
131d13
16bf16
194619
1d541d
256a25
2d2d2d
2ee22e
28f328
207820
1cb51c
1bff1b
17d017
11cb11
0e360e
0b890b
08af08
06a006
057b05
07b307
0d0e0d
0d990d
079007
050005
09db09
0de30d
0bb70b
07fc07
08ae08
0bc10b
0a820a
065106
075b07
0d6c0d
112d11
120612
145014
187518
1c601c
1ed11e
1fea1f
20e520
20d020
1de41d
1b031b
1a8c1a
187a18
133113
0fdf0f
103410
0fbf0f
0cdb0c
0a6c0a
0a050a
0a070a
093909
09c109
0dfc0d
132a13
13dd13
0fc50f
0d4b0d
11d611
199419
1b811b
172e17
166516
1da71d
251f25
255e25
223c22
234a23
270027
256c25
1df41d
187418
182318
17cf17
13a113
0e210e
0b230b
0acf0a
0b360b
0c140c
0d6b0d
0d340d
0b0b0b
094b09
083308
06e306
066d06
059705
019201
fc88fc
f9f1f9
f90bf9
f94af9
fb54fb
fd00fd
fcd5fc
fce5fc
fda5fd
fc49fc
f806f8
f4a8f4
f503f5
f47df4
ed58ed
e39de3
def9de
deb6de
dd84dd
d957d9
d3b0d3
d065d0
d056d0
ce67ce
c979c9
c74bc7
c83bc8
c6f0c6
c316c3
bfc4bf
bd55bd
bad6ba
b844b8
b6bfb6
b64fb6
b4f7b4
b4fdb4
bc7cbc
c984c9
d303d3
d578d5
d4eed4
d85ad8
e373e3
eed4ee
f0b8f0
ecdcec
ec36ec
edcaed
ec1eec
e80ce8
e943e9
f3b3f3
fc97fc
f873f8
efd0ef
efbcef
f530f5
fa20fa
febffe
00ec00
ff5aff
fc6bfc
f8e2f8
f8c5f8
00a300
09da09
0dcf0d
10be10
148314
174117
1c6a1c
241f24
296129
2bb22b
2a322a
22f822
1c881c
1bec1b
1b5d1b
174417
129f12
0f1e0f
0dc70d
0e230e
0d680d
0d900d
10e110
118e11
0d0b0d
0aad0a
0dfd0d
11ba11
112411
0d4c0d
0b3d0b
0cb60c
0d570d
0c410c
0e4c0e
130e13
159715
15d115
16c116
19a219
1d9c1d
202020
205c20
200e20
1e7e1e
1ad51a
183118
17a017
16ae16
153c15
137113
106d10
0e5c0e
0de60d
0b970b
089108
08df08
0a1b0a
091809
08e708
0b9e0b
0db40d
0c000c
090b09
0ada0a
116811
144e14
10c110
0fab0f
165d16
1e301e
1ffd1f
1d781d
1d0e1d
201820
204b20
1a781a
14db14
140414
144514
124512
0e9c0e
0aa90a
08fe08
0a880a
0b9d0b
0a6a0a
097e09
091109
06ef06
037803
006800
fe86fe
fd87fd
fb8bfb
f7eef7
f4eef4
f37df3
f34ef3
f609f6
fa7bfa
fb6efb
f9b4f9
fb3afb
fdf1fd
fb03fb
f4a7f4
f1c0f1
f18af1
eebbee
e855e8
e21ae2
e011e0
e095e0
dd63dd
d743d7
d5b1d5
d74dd7
d497d4
cfe6cf
cf14cf
cf4acf
cd16cd
c988c9
c53ac5
c2cac2
c3ccc3
c19ec1
ba4dba
b747b7
ba06ba
bb4fbb
be23be
c797c7
d153d1
d6bbd6
da7eda
dd6fdd
e241e2
ec53ec
f432f4
f2c0f2
eff2ef
f2fef2
f508f5
f0c3f0
edbaed
f38bf3
fc81fc
fd61fd
f70cf7
f42bf4
f759f7
fb42fb
fe5ffe
00d500
010c01
ffb6ff
fd3dfd
f9b0f9
fa97fa
029202
09f609
0cab0c
102310
164016
1bd01b
20d320
264426
2ac02a
2c4b2c
290b29
226e22
1dd91d
1cf91c
1bc21b
17e617
135e13
10cc10
105210
0f3c0f
0d380d
0e410e
118e11
102110
0a860a
0a270a
104910
12be12
0d5d0d
088808
0aab0a
0f5f0f
10cb10
0ffa0f
113711
15d315
1a821a
1bea1b
1c491c
1efb1e
218021
216d21
216821
222122
213921
1ef41e
1c671c
1a3d1a
1a251a
1a3a1a
176517
153915
161f16
14b414
101d10
0e4f0e
0f860f
102710
108710
112a11
113611
109410
0e7a0e
0cc10c
107210
179017
1a1e1a
17ef17
17e117
1c321c
210c21
229b22
21da21
233a23
263b26
250325
1f5f1f
1b771b
1b2e1b
1b0e1b
18d118
151e15
125112
11fa11
125912
115b11
0fef0f
0f190f
0e060e
0c3a0c
09b609
064506
027f02
ffbbff
feaefe
fe57fe
fcd2fc
fb1efb
fc98fc
003600
016101
00a600
01cb01
030103
ffffff
fa1bfa
f623f6
f5cef5
f62df6
f2e4f2
eb78eb
e4e5e4
e347e3
e3b9e3
e08ee0
dad0da
d95bd9
dcb8dc
dc7edc
d4fdd4
cd9acd
ccb7cc
ce8bce
cc6fcc
c6a1c6
c236c2
c04fc0
bd58bd
b8c0b8
b64db6
b79cb7
ba69ba
bc9fbc
bf69bf
c5b6c5
cdfccd
d245d2
d31ed3
d811d8
e1e9e1
e976e9
eaadea
e7a5e7
e5ece5
e8fce8
eb67eb
e7ebe7
e5fee5
ec1bec
f20df2
f086f0
eccdec
ecd4ec
ef50ef
f04af0
eeebee
ef7aef
f3abf3
f52cf5
f202f2
f257f2
f91af9
ffddff
043d04
095a09
0ffb0f
165716
1a271a
1ac31a
1b031b
1c3c1c
1bec1b
19ec19
17e817
148914
0fc90f
0ca00c
0b450b
0b000a
0cbf0c
0de60d
0bcd0b
0a9f0a
0c600c
0b760b
075507
073707
0bfe0b
0e150e
09c109
046904
04f404
09f909
0c4a0c
0b4e0b
0ca90c
107610
126812
12e012
14fd14
18f018
1c241c
1c4a1c
1b001b
1b711b
1bab1b
191519
174117
185c18
18c718
177417
165f16
14f314
132b13
127f12
119211
0f3a0f
0d420d
0c230c
0b350b
0c060c
0f1d0f
112011
0f660f
0d0f0d
0fef0f
174317
1b011b
189e18
17f417
1dd21d
23da23
235a23
1f661f
1f051f
225622
22d122
1da01d
185118
180718
199d19
184c18
15f715
162a16
17b417
186418
180b18
167516
144514
12cc12
10a510
0c490c
079507
03c703
004000
fde2fd
fd27fd
fc87fc
fbeffb
fcacfc
ff06ff
022e02
03e703
035b03
03f103
060806
036703
fb11fb
f539f5
f5bbf5
f6f1f6
f3f0f3
edf9ed
e87be8
e58fe5
e4afe4
e332e3
e078e0
df32df
df1ddf
dbebdb
d5b5d5
d143d1
cf96cf
ce53ce
cc6fcc
c97ec9
c6b1c6
c564c5
c262c2
bc9bbc
baacba
bf10bf
c3fac3
c702c7
ca84ca
cf17cf
d328d3
d4d2d4
d6c9d6
df04df
e969e9
ec7eec
eb40eb
ebd3eb
eb5feb
ea20ea
eb3eeb
ec72ec
efe2ef
f78ff7
f899f8
ef77ef
e9d6e9
ec74ec
efe3ef
f228f2
f2f8f2
f150f1
f091f0
f096f0
ef94ef
f303f3
fc05fc
039f03
08f508
0e360e
111111
121912
13dd13
162116
19be19
1c7d1c
18df18
129412
109a10
0fdd0f
0d340d
0bf50b
0c4e0c
0c7c0c
0d2e0d
0cd00c
0ab50a
0a160a
0a490a
08b208
087e08
0b890b
0cc50c
095f09
05a305
067206
0b270b
0e9d0e
0e4b0e
0e040e
115111
158f15
16a916
15b215
175217
1cc01c
212221
205120
1d461d
1cbf1c
1dd51d
1dbc1d
1d5c1d
1dcd1d
1db51d
1d061d
1c8b1c
1afe1a
189118
17b417
175317
14bd14
11f011
117f11
120412
12a112
13b313
136713
121412
14b714
1beb1b
208920
1f001f
1d381d
206720
251b25
25d125
234223
227a22
254e25
26fc26
229e22
1c0e1c
1b281b
1f771f
21fb21
204320
1db51d
1d8f1d
1f2c1f
1ea01e
1ae01a
184818
188a18
177b17
12bb12
0c660c
071d07
042404
025702
003500
ff68ff
008300
005e00
ff59ff
010201
041004
05b405
06c206
067806
027602
fceffc
f9c1f9
f8dff8
f7f8f7
f581f5
f233f2
f064f0
efcdef
ed4bed
e866e8
e43fe4
e301e3
e309e3
e033e0
d906d9
d1c2d1
cea5ce
ce6cce
cdaccd
caa5ca
c58ac5
c104c1
bf6abf
bf41bf
bec7be
be93be
bebfbe
c063c0
c668c6
ce7bce
d1d5d1
d01fd0
cf8acf
d3c6d3
db82db
e1e3e1
e2a7e2
e14ee1
e461e4
e8cae8
e78be7
e49be4
e882e8
f084f0
f31df3
eed3ee
e9cfe9
e7d0e7
e892e8
eb71eb
ee96ee
ef63ef
ee24ee
ecaaec
ebc5eb
ed83ed
f362f3
fa68fa
ff96ff
03a703
071707
099109
0bf40b
0e730e
10a410
123912
112311
0d720d
0bea0b
0d6c0d
0d210d
0a930a
09d009
0b1a0b
0b6b0b
097709
079407
091e09
0b8a0b
08ac08
036403
049604
0abc0a
0c4b0c
07e307
04a404
063f06
09a209
0b7c0b
0c860c
0e0c0e
0f1b0f
0fa40f
10be10
118e11
11de11
139f13
15f415
161316
14ab14
13c013
139713
14fe14
186018
1b431b
1b051b
17c717
142c14
136013
14e514
14db14
12bd12
112211
0f740f
0cff0c
0d2f0d
107810
11c811
103810
10bf10
148014
171d17
165f16
151315
16b516
1ab01a
1cad1c
1a6a1a
171e17
16ae16
189818
19cf19
18c018
16c316
16b116
190719
1a901a
198319
185118
187c18
181a18
16ab16
15d215
14bb14
115d11
0cf40c
09a609
06b906
032803
004100
ff43ff
ff19ff
fe1ffe
fce2fc
fd64fd
ff92ff
00f800
00c700
008f00
006000
fe5afe
fa8efa
f79ef7
f733f7
f84df8
f8e1f8
f780f7
f44ff4
f182f1
f0e3f0
f0e1f0
ef10ef
ec28ec
e9dae9
e774e7
e3ebe3
e03be0
de0ede
dd4add
db4adb
d632d6
d106d1
cfbccf
d070d0
cf39cf
cd6fcd
cdc2cd
ce01ce
cbd6cb
ca6fca
cdbccd
d464d4
d9c1d9
daa7da
d87bd8
d965d9
e0f3e0
e948e9
ebabeb
eaf9ea
ec6dec
eeb3ee
eef9ee
ee2cee
efb0ef
f5f9f5
fc3afc
fa05fa
f26bf2
f026f0
f2bcf2
f378f3
f435f4
f79cf7
f921f9
f653f6
f2f9f2
f3f0f3
fb3bfb
042204
078707
06d506
07d407
09c409
0a400a
0bae0b
0f780f
12dd12
12d112
0f160f
0b3d0b
0ac80a
0bff0b
0bf40b
0c090c
0dc50d
0ec40e
0cd10c
09fc09
0a2e0a
0d380d
0e530e
0b900b
08ea08
098b09
0bb00b
0c140c
0a460a
09dd09
0d320d
0fb80f
0d540d
0af70a
0d5f0d
102810
0f720f
0ea30e
105710
127a12
135213
136f13
13e913
14d114
151615
153415
16eb16
18e818
18d518
185118
18cf18
181918
15e815
14a914
140214
126c12
10ab10
0f7a0f
0f5b0f
115211
138513
131213
120712
13bd13
166216
168216
144514
12d312
151115
194f19
1a1a1a
172f17
16c116
1a1f1a
1b4a1b
184118
166316
190919
1cb51c
1d3a1d
1b831b
1adb1a
1ba71b
1bf31b
1aeb1a
194719
17bb17
15bd15
122b12
0de10d
0b270b
09f609
08d708
078e07
05d505
03a903
02bb02
030b03
029602
023d02
039903
04a404
03cb03
01bd01
fe0dfe
f9a7f9
f8a1f8
fbd9fb
fe5bfe
fbc2fb
f65df6
f525f5
f95ef9
fb22fb
f650f6
f12ef1
f049f0
f057f0
edbeed
e7cce7
e0a1e0
dd9bdd
dfeadf
e045e0
da60da
d479d4
d434d4
d534d5
d21ad2
cecdce
d026d0
d1a2d1
cee9ce
cd31cd
d109d1
d6efd6
d9c7d9
d7b1d7
d501d5
da28da
e4f0e4
e8c5e8
e4ffe4
e4bde4
e990e9
ecbcec
eca9ec
ebcceb
ecdeec
f062f0
f147f1
ecc4ec
e894e8
e8b8e8
ea77ea
ec0eec
ee6dee
f197f1
f32df3
f078f0
edc6ed
f332f3
fc7bfc
fe30fe
fadcfa
fc5cfc
00d500
01aa01
006800
01c801
05ee05
08c908
075a07
040404
027e02
027e02
029d02
02f802
03f203
05e405
070a07
050605
038903
072407
0b410b
0a980a
092b09
0b240b
0d4e0d
0beb0b
087508
078607
0a980a
0cea0c
0aee0a
081c08
079207
078607
077307
095809
0cf30c
0f6c0f
0e950e
0c4a0c
0d680d
121e12
146214
123912
113311
13f113
155e15
125412
0fe30f
126d12
15cc15
14e114
112b11
0e130e
0ceb0c
0e150e
0fc70f
0ff60f
101310
101c10
0d7a0d
0b5a0b
0e910e
12e912
128312
0fdb0f
0f180f
103410
11f011
12e712
12d612
13f513
166216
16da16
14dc14
13b613
152415
176e17
184c18
17c417
171e17
162e16
14c914
144514
13f813
118411
0e200e
0ccb0c
0c820c
0a720a
06e006
03e603
022e02
00e600
ffb2ff
ff1cff
ff06ff
fe76fe
fcfbfc
fb26fb
fad9fa
fdb7fd
00e300
ff44ff
fa71fa
f929f9
fc0efc
fd70fd
fb42fb
f8baf8
f7d7f7
f708f7
f437f4
ef71ef
eb34eb
ea50ea
ebe4eb
eabeea
e49be4
df1bdf
df54df
e19be1
e09fe0
dd80dd
db42db
d9bdd9
d7e6d7
d5c3d5
d45bd4
d4d6d4
d594d5
d378d3
d051d0
d1b7d1
d7d5d7
dc1edc
daf5da
d90bd9
dc1adc
e259e2
e624e6
e6b5e6
e74ee7
e945e9
eb98eb
eca9ec
eb88eb
eb0beb
ef12ef
f478f4
f493f4
f072f0
ee4dee
ef40ef
f12df1
f467f4
f805f8
f858f8
f5c2f5
f52ff5
f7eef7
fa3dfa
fa77fa
fb8efb
ff59ff
030c03
036003
01c101
023902
057e05
087b08
090d09
080c08
070307
062e06
04de04
036003
036c03
05a005
085108
0a290a
0b940b
0cf80c
0e100e
0eba0e
0f620f
113611
143f14
14ff14
110911
0cbf0c
0d350d
0fc80f
0f870f
0d480d
0c190c
0c2e0c
0cc50c
0dce0d
0f1f0f
10a610
122912
133913
147814
166516
17aa17
17d317
18cc18
1b041b
1c211c
1b301b
1a5c1a
1b6a1b
1d061d
1cdc1c
1ac81a
187a18
174917
17a817
18c018
18d618
17c617
16b216
156015
145814
161b16
198619
198b19
15d715
13df13
168616
1ad81a
1c621c
1aad1a
1a0a1a
1c971c
1dcd1d
1aad1a
17ee17
198a19
1c3b1c
1c3f1c
1abb1a
199019
188718
17bc17
17db17
17df17
164416
13c113
120412
110f11
0f960f
0ca50c
08a008
056805
045b04
046504
034403
006200
fdf0fd
fe06fe
ff01ff
fea5fe
fefcfe
016901
021002
ff1aff
fc57fc
fbf1fb
fc6bfc
fc8bfc
fb41fb
f870f8
f5e4f5
f37af3
eff1ef
ed23ed
ec12ec
ea6eea
e7fae7
e62fe6
e449e4
e20be2
e0a7e0
dfa0df
de4bde
dccedc
da41da
d700d6
d59dd5
d61cd6
d571d5
d2c2d2
d0dfd0
d19bd1
d253d2
d0f8d0
d169d1
d62ad6
d9e3d9
d8bfd8
d71bd7
d9e1d9
e075e0
e580e5
e400e4
e000e0
e247e2
e85de8
e943e9
e6f2e6
e8b1e8
ed4eed
f006f0
efedef
ee81ee
ee61ee
f0a1f0
f2d9f2
f37af3
f30bf3
f15af1
ef8bef
f00ff0
f2abf2
f5e3f5
f8c1f8
f99bf9
f963f9
fbcbfb
ffd6ff
014001
00e700
021f02
03a503
029a02
fff9ff
fefbfe
006500
021b02
033d03
054905
087d08
0b600b
0d6c0d
0f2d0f
113211
133213
138813
123d12
11c411
117811
0e740e
0acf0a
0a5a0a
0b4a0b
0aa40a
096f09
08f108
091509
0a650a
0c890c
0e320e
0fe60f
126112
142f14
146c14
148714
15a615
177717
190619
192919
182b18
183a18
197e19
196419
180017
17f517
187818
16e516
141714
11e811
104d10
0fca0f
108e10
103e10
0df70d
0c8c0c
0dbe0d
0f970f
0f8f0f
0e2f0e
0ecf0e
128b12
159f15
14f714
12b812
123312
139f13
14cf14
13b813
113d11
107e10
119611
113311
0f0a0f
0e7a0e
103710
116111
10c110
0fd30f
0f3c0f
0e090e
0bac0b
088508
056d05
02f202
002b00
fc33fc
f8d7f8
f7f6f7
f830f8
f7def7
f79ef7
f82ff8
f985f9
faf1fa
faf9fa
fa13fa
fa70fa
fb42fb
fa56fa
f88bf8
f740f7
f699f6
f6fbf6
f677f6
f2a4f2
eecdee
ee6eee
ee63ee
ec57ec
eaddea
ea9fea
e9dee9
e86be8
e65ee6
e3f3e3
e28ee2
e25ae2
e235e2
e152e1
df5edf
dd9add
dd2ddd
dc8cdc
dbcfdb
dcf3dc
dd0edd
d956d9
d6c4d6
d8e6d8
dc28dc
de7dde
e01de0
dfbedf
df7edf
e331e3
e896e8
eb7eeb
ec38ec
ed31ed
f020f0
f3d2f3
f4c2f4
f428f4
f6d7f6
fb3cfb
fbeefb
f8e3f8
f557f5
f398f3
f4f6f4
f796f7
f825f8
f6d0f6
f56ef5
f4f7f4
f6caf6
fa65fa
fcbffc
fd46fd
fdc5fd
fe76fe
ff33ff
008600
01e401
02a302
030c03
032003
02d702
02e302
03e803
05dd05
083a08
0aa20a
0cdb0c
0e320e
0f180f
114e11
13c713
13bc13
121012
108f10
0e6b0e
0c920c
0cbe0c
0c940c
0a8c0a
093d09
092709
089b08
083b08
08de08
0a470a
0c990c
0e620e
0e710e
0f5d0f
128d12
158915
175717
18b118
193219
19b419
1b811b
1d511d
1e3d1e
1f0c1f
1f211f
1d8b1d
1afd1a
187b18
16f916
168116
150c15
11a911
0e640e
0d220d
0dd50d
0ef70e
0eea0e
0e8d0e
0f7d0f
106c10
109a10
11e111
141514
15c215
175217
17b317
15b515
14a214
161916
165516
147314
139413
141e14
14d114
155515
14e914
144e14
153915
161616
150c15
138b13
123712
104710
0e5f0e
0c6a0c
097209
06cf06
05a105
046c04
027102
009d00
ffd3ff
00c700
028f02
030903
029802
02ed02
032a03
020d02
006700
ff28ff
fed2fe
ff87ff
ff99ff
fd67fd
faadfa
fa01fa
fa9cfa
f9e3f9
f7baf7
f65ff6
f614f6
f466f4
f0a6f0
ed8eed
ed55ed
ee76ee
ed52ed
e8ede8
e4ebe4
e42be4
e45ee4
e2eee2
e144e1
e0c8e0
e0bbe0
e058e0
de99de
db81db
da46da
dbd0db
db9ddb
d8d6d8
d90ad9
dd07dd
df43df
df21df
e127e1
e568e5
e88ae8
ea5aea
ebc6eb
ec3fec
ecb6ec
ee75ee
ef59ef
edb9ed
ec94ec
ee28ee
efb4ef
ee95ee
ec55ec
eb6feb
ec27ec
edb0ed
ef9fef
f110f1
f096f0
eee1ee
eeedee
f138f1
f2c5f2
f27ef2
f23ff2
f2c4f2
f3c2f3
f586f5
f76af7
f913f9
fc3afc
008000
028202
021a02
027d02
044104
061706
07eb07
093409
08ce08
072107
058505
053405
062b06
060106
03aa03
021f02
029b02
027b02
012d01
00d500
02a902
068806
095909
079207
056405
08e208
0da30d
0e020e
0eba0e
12f912
158315
14e714
151915
168116
17be17
18d018
18b918
177817
16d716
167716
153515
13f013
132a13
129e12
121d12
108f10
0e2d0e
0d3a0d
0d960d
0d8c0d
0d680d
0d660d
0d900d
0f150f
107610
0f470f
0e1b0e
0f390f
102410
108e10
121a12
125012
105710
102b10
121a12
128912
11b811
121812
132b13
12bb12
103010
0dde0d
0dd70d
0df50d
0c0c0c
0a170a
093909
07dc07
060e06
049004
030c03
026f02
02fe02
025b02
ffefff
fdf4fd
fe39fe
013001
044704
039203
00d500
008800
010501
ff55ff
fd83fd
fcc1fc
fbe2fb
fb90fb
fb0dfb
f842f8
f5f9f5
f723f7
f854f8
f708f7
f573f5
f3a8f3
f083f0
ee8cee
ef44ef
f056f0
f05ff0
eedaee
eab4ea
e6ace6
e70de7
e982e9
e92ae9
e742e7
e6a6e6
e600e6
e41fe4
e21ae2
e05be0
df33df
df19df
dee5de
dd97dd
db95db
d992d9
da26da
dff3df
e77ae7
eaa0ea
e975e9
e821e8
e890e8
eabbea
ee1cee
f13bf1
f24bf2
f0c7f0
ee7cee
ed48ed
ec83ec
ecaeec
f043f0
f488f4
f3eff3
f043f0
ee4aee
eda2ed
ee3bee
f24bf2
f70bf7
f6ebf6
f205f2
edf7ed
ef6def
f4caf4
f89bf8
f9c9f9
fb49fb
fda5fd
ffedff
01d001
02f502
054705
099f09
0b140b
086108
077a07
089908
07a807
076c07
09c009
09f709
078807
05b905
04d204
061b06
09fb09
0b3b0b
086f08
070007
087208
0a710a
0cf10c
0f5a0f
0fe00f
0ef20e
0e630e
101410
13f713
16ba16
17a017
19ef19
1ce51c
1ce61c
1b131b
1a801a
1c071c
1f011f
202d20
1d3c1d
19ea19
196c19
193d19
17f617
176f17
17e617
184118
179117
158d15
149a14
169616
189318
17b417
15f515
165916
186c18
18c118
15d115
137213
14c914
16d216
16bd16
160c16
159315
150e15
154415
154215
13d713
131b13
13e813
139c13
117511
0f420f
0e0a0e
0e440e
0f5a0f
0f280f
0dc20d
0db30d
0e9f0e
0dc90d
0bcb0b
0b770b
0c2e0c
0b340b
087c08
059605
034e03
02f102
048904
046404
00d900
fe78fe
002c00
01f301
002f00
fd54fd
fcfdfc
fdf2fd
fc8afc
f952f9
f844f8
f9a5f9
fa46fa
f925f9
f690f6
f2a8f2
f01bf0
f0f8f0
f20df2
f073f0
ee2bee
ed29ed
ece6ec
ed0eed
ed0aed
ebb7eb
e9c0e9
e88ce8
e78ae7
e58be5
e33ce3
e243e2
e2cfe2
e38ae3
e395e3
e2dbe2
e185e1
e0a8e0
e139e1
e1b1e1
e030e0
ddf4dd
dd7edd
df7ddf
e2dfe2
e583e5
e589e5
e39ee3
e2bae2
e535e5
ea27ea
ed70ed
ec65ec
e9c6e9
e961e9
ea48ea
ea11ea
e9d9e9
eb8deb
ee23ee
ef49ef
ee33ee
ebe5eb
ea81ea
ec13ec
f0c2f0
f5dff5
f7acf7
f568f5
f294f2
f2ddf2
f65bf6
fa94fa
fd19fd
fd31fd
fc86fc
fce2fc
fda6fd
fe2ffe
ffa6ff
019a01
020c02
01b301
01f001
017801
004200
00cd00
031503
050d05
062306
060006
04ee04
055405
07c207
09c109
0a2e0a
093509
075e07
079807
0b770b
0f130f
0ee90e
0c800c
0b200b
0d170d
117e11
13ed13
137a13
143914
161716
153c15
132e13
13e513
163d16
173817
16cd16
163616
15dd15
154f15
14a714
156815
17cc17
194119
17ff17
154a15
13b113
147f14
160316
158f15
139213
124812
122112
127e12
126012
105610
0d650d
0c690c
0d3d0d
0dbb0d
0d940d
0ce70c
0b5d0b
0a290a
0a6c0a
0af40a
0ad50a
0b590b
0cd50c
0d030d
0b060b
095809
098b09
0a2d0a
0a070a
094409
084008
075907
060a06
03c303
025c02
02fe02
033c03
017a01
fe80fe
fb59fb
faaffa
fce4fc
fc35fc
f7eef7
f7e3f7
fc1efc
fd00fd
fb65fb
fbaafb
fb95fb
fa9ffa
fb73fb
fbe9fb
fa14fa
f89af8
f80ef8
f73bf7
f686f6
f50af5
f257f2
f10df1
f198f1
f15ef1
efaaef
ed7ced
ec41ec
ed37ed
eebaee
ee84ee
ededed
ee63ee
ee9eee
ee22ee
edd5ed
edbbed
ecfcec
eb16eb
e990e9
ea8eea
ebf0eb
e9c3e9
e59ce5
e442e4
e680e6
e8f0e8
e844e8
e566e5
e4dce4
e7bce7
ea5fea
eb3aeb
eb68eb
eb1eeb
eb63eb
ed02ed
eddded
ed8fed
ee87ee
efefef
efa9ef
efbaef
f1bcf1
f329f3
f2e4f2
f375f3
f577f5
f5f4f5
f40ff4
f2dff2
f3def3
f5a2f5
f7ebf7
f9e3f9
f8c2f8
f60bf6
f621f6
f7f9f7
f8e2f8
fa56fa
fc2dfc
fbc4fb
fa8afa
fb42fb
fd06fd
fdf6fd
fdb1fd
fde5fd
008900
02ee02
01ab01
006300
027002
047c04
059405
07cd07
087908
06ac06
070c07
093d09
095c09
092409
09e609
08fe08
07e407
098509
0b260b
0a850a
0a390a
0bd40b
0de60d
0f230f
0fdb0f
11c911
152915
177217
17ce17
180c18
18aa18
198019
1b031b
1c071c
1bf01b
1c951c
1d3d1d
1b5a1b
194d19
1a6d1a
1c1c1c
1b491b
199d19
18ae18
17fa17
178617
16f916
15ad15
151b15
161d16
163c16
147514
13dc13
15db15
177917
16ff16
16db16
188f18
19e519
198019
18f118
18a018
173717
158215
156015
160216
15ea15
15d015
160f16
153115
138d13
135613
13f113
12df12
10d110
0f860f
0d8c0d
0a580a
08f208
096a09
079d07
038c03
01ad01
025302
021702
00dc00
00ee00
024902
035803
037903
02af02
011201
ff67ff
fef4fe
ff33ff
fdb3fd
fa89fa
f85ff8
f72ef7
f5c3f5
f53ef5
f4f0f4
f30df3
f222f2
f34af3
f2d0f2
f134f1
f1c9f1
f240f2
f0b7f0
efbeef
eeb8ee
ec15ec
eae6ea
ebf7eb
ebbceb
e9b7e9
e817e8
e79be7
e820e8
e874e8
e74ee7
e58de5
e3d7e3
e1a8e1
e035e0
e04ae0
e021e0
df4cdf
df20df
df5adf
df74df
e005e0
e166e1
e41ce4
e7ece7
ea2aea
e9b6e9
e94de9
ea9dea
ec7aec
ee13ee
eee8ee
edd2ed
eaefea
e892e8
e922e9
ec09ec
edfeed
ed7eed
ec15ec
eb54eb
ec11ec
eddced
eeaeee
ef16ef
f14df1
f2d7f2
f114f1
ef6fef
efe0ef
f03df0
f1b2f1
f553f5
f6a8f6
f449f4
f32af3
f55ef5
f85af8
faa8fa
fc32fc
fc53fc
fb08fb
fa70fa
fc7cfc
feaafe
fd8dfd
fbfcfb
fd63fd
fe4ffe
fcccfc
fce4fc
fedafe
ffdfff
01af01
044f04
042004
03de03
07da07
0bc80b
0c300c
0d020d
0eda0e
0e510e
0dcd0d
114a11
15b915
166816
14e814
159a15
183818
196119
193c19
19bd19
19cc19
18fe18
195219
196b19
16f216
14f914
15df15
162d16
149814
146f14
158f15
159215
169216
19a419
1a171a
17a817
18a218
1c141c
1b4b1b
184018
180718
17dd17
15e815
15ac15
166216
14fa14
139c13
13ed13
139d13
12a412
130e13
13d913
130413
117211
10ae10
0f9d0f
0d270d
0b360b
0b110b
0aa20a
08b608
06ab06
050f05
03f603
049f04
068e06
069c06
045704
038603
051b05
052b05
02e402
019201
011f01
ff62ff
fdbafd
fd91fd
fd88fd
fd26fd
fcd2fc
fbecfb
facffa
fae6fa
fbc4fb
fb7cfb
f9b3f9
f812f8
f761f7
f6d4f6
f633f6
f568f5
f3c2f3
f1fff1
f12cf1
f0a8f0
f064f0
f094f0
efabef
edc5ed
ed50ed
ee4bee
ee91ee
ecfaec
e9e4e9
e808e8
e9bae9
ec21ec
eb75eb
e9a3e9
ea90ea
eda0ed
eeefee
ed28ed
eba3eb
ed1ded
ef22ef
eeb0ee
ecfbec
ebd5eb
eab3ea
e971e9
e8f7e8
e929e9
e989e9
e9fae9
ea08ea
ea1dea
eb6ceb
ecc1ec
ec68ec
ec91ec
ef1aef
f156f1
f154f1
f099f0
efecef
ef4aef
efceef
f177f1
f2e5f2
f377f3
f309f3
f1f4f1
f1abf1
f314f3
f554f5
f6bef6
f65cf6
f547f5
f526f5
f521f5
f3f7f3
f39ff3
f5adf5
f756f7
f66ff6
f568f5
f641f6
f79df7
f8bdf8
fa63fa
fc2ffc
fd68fd
fe58fe
ff3dff
003b00
01ed01
043004
057b05
052a05
05bb05
091f09
0c0f0c
0b4d0b
0a7a0a
0dff0d
13a113
170d17
175117
15f915
158615
171c17
18b418
189918
185918
18ed18
181118
152a15
143414
170b17
19f319
1b3c1b
1d101d
1e581e
1d0e1d
1bf11b
1d481d
1fa51f
223d22
244824
236f23
1fd61f
1cec1c
1d161d
1f0e1f
1fc21f
1e841e
1d1d1d
1c641c
1c911c
1d981d
1dba1d
1c621c
1b7f1b
1b7a1b
1b281b
1a131a
17ad17
14b314
130b13
11f611
0fff0f
0e9a0e
0ebc0e
0ee00e
0dea0d
0c670c
0bba0b
0c330c
0c450c
0b6d0b
0af00a
0ac10a
098f09
073007
04e004
042504
053b05
064206
04e904
017801
ff7cff
00b500
01c901
009500
ff5dff
fe8ffe
fd29fd
fc61fc
fb87fb
f91ff9
f790f7
f743f7
f588f5
f410f4
f4d9f4
f52bf5
f454f4
f400f4
f377f3
f2eff2
f37ff3
f335f3
f139f1
f022f0
f0def0
f200f2
f256f2
f132f1
f003f0
f198f1
f507f5
f69af6
f5fdf5
f59cf5
f639f6
f77ff7
f8d8f8
f863f8
f61af6
f4a8f4
f40ff4
f277f2
f130f1
f0e2f0
eefaee
ebdbeb
ea9eea
eae2ea
ea7cea
e986e9
e8c0e8
e833e8
e849e8
e98de9
ea9fea
e8fce8
e62fe6
e70ae7
ead2ea
ec21ec
eafeea
eb3beb
ecb7ec
edf2ed
ef89ef
f10af1
f136f1
f0e7f0
f10bf1
f0bbf0
ef36ef
ed2bed
ebbbeb
eb88eb
ec21ec
ec51ec
eb5deb
e97ee9
e7e4e7
e85ee8
eb2ceb
ede1ed
ee9bee
ee42ee
ee3fee
eec7ee
ef9fef
f097f0
f1a6f1
f2d0f2
f3eff3
f4eef4
f5caf5
f6acf6
f80ef8
f9e5f9
fc1cfc
feecfe
00b200
fff7ff
ff56ff
00ce00
028502
041d04
057705
03dd03
010601
023102
062506
08b608
0a0e0a
0a960a
09b909
09a309
0c220c
0f690f
110b11
10dc10
108210
10c710
10b010
105010
113511
138f13
15be15
15f915
145a14
137713
14e014
170117
182518
189418
18f718
186218
15c815
13d113
15c015
189518
17ab17
147814
128b12
12bd12
143f14
14be14
12fb12
119011
125c12
13a213
137213
11df11
10db10
118311
11a511
102110
0f630f
0fe20f
0ff20f
0fef0f
102a10
0f860f
0e320e
0d990d
0e630e
0f8c0f
0f730f
0e830e
0dd50d
0cc40c
0b340b
0a180a
099609
09af09
094209
06e506
051405
05ee05
067006
04f404
032103
010201
ff36ff
ff14ff
fe87fe
fcc7fc
fc76fc
fcfafc
fc06fc
fadbfa
fb49fb
fd65fd
ffcbff
ff8eff
fd28fd
fd4ffd
ffd4ff
fff5ff
fe7cfe
ff0fff
ffadff
fd97fd
faf1fa
f96af9
f825f8
f75bf7
f714f7
f642f6
f56cf5
f4d8f4
f355f3
f1c8f1
f1eff1
f30cf3
f35cf3
f1a0f1
eed4ee
ee6cee
efe9ef
ef09ef
ec91ec
ebdeeb
ec0dec
ebfdeb
ec15ec
eb64eb
eab5ea
ebc5eb
ec51ec
ea92ea
e92ce9
e976e9
e92ee9
e711e7
e4b2e4
e3e8e3
e3e1e3
e264e2
e043e0
e0bbe0
e3b1e3
e58ee5
e573e5
e5c9e5
e69de6
e6a4e6
e7b6e7
ea7aea
eb4eeb
e948e9
e7e6e7
e89ae8
ea16ea
eb41eb
ebcceb
eca3ec
edc8ed
edaaed
ee0eee
f1e7f1
f5eaf5
f680f6
f6eff6
f8b2f8
f83df8
f707f7
f89cf8
f9caf9
f8e1f8
f9dcf9
fba7fb
fb03fb
fb4cfb
fe0bfe
000e00
023902
057005
069a06
067a06
07d107
097609
0a740a
0b0c0b
0b690b
0d500d
102e10
117b11
129b12
13eb13
130012
12de12
16e416
1b2f1b
1ca51c
1c871c
1b8f1b
1aa41a
1ae51a
1bb61b
1c9e1c
1d161d
1c4a1c
1b531b
1b1f1b
1ac91a
1a581a
1ae81a
1d071d
1fca1f
206b20
1e081e
1ba21b
1b8a1b
1d8e1d
1fe91f
1f5e1f
1c0e1c
1ab81a
1c2e1c
1c7f1c
1b651b
1b251b
1b0b1b
1a721a
1afb1a
1c671c
1c0c1c
195a19
16f316
169f16
169f16
14e114
129c12
118011
107610
0ea80e
0d3a0d
0c3a0c
0ae40a
09ba09
08c608
077207
066406
05d005
04ad04
038703
043e04
05f705
055505
02b502
02a102
053305
065306
066006
06f506
063706
052305
056305
03b003
00a300
014201
02e302
ffedff
facbfa
f81cf8
f807f8
f89ef8
f820f8
f65af6
f4ebf4
f4ebf4
f55af5
f45bf4
f2a0f2
f29cf2
f303f3
f14bf1
ef88ef
efebef
f0d8f0
f098f0
eee6ee
ecb9ec
eb94eb
ebbdeb
edc7ed
f0f7f0
f0ebf0
edc3ed
ed0bed
edd5ed
ec36ec
ead9ea
eb7ceb
eb22eb
e967e9
e7bde7
e5bee5
e338e3
e14de1
e182e1
e329e3
e32ee3
e13ee1
df87df
de74de
dedede
e13ee1
e1d2e1
dec8de
dcbddc
dec6de
e192e1
e185e1
e065e0
e1d3e1
e473e4
e4a4e4
e41ae4
e6a7e6
ea63ea
eab2ea
e8a4e8
e94ee9
ec67ec
ed0ced
eb70eb
eb86eb
ed39ed
ee45ee
ee14ee
ed33ed
ed91ed
f05ff0
f3d8f3
f5d6f5
f5c9f5
f52df5
f643f6
f809f8
f8cbf8
fa25fa
fbd1fb
fb79fb
fa64fa
fa31fa
fb04fb
fdbffd
006700
00b800
015b01
031c03
038f03
039c03
048704
061106
08b308
0a720a
09e709
0a430a
0bd10b
0c2f0c
0d280d
0f460f
0f6c0f
0de10d
0d860d
0fb50f
13af13
15d115
13f313
11ba11
129912
14f314
160b16
152015
136f13
139213
15ff16
16f416
153515
160d16
1a731a
1b501b
184118
186b18
1b4c1b
1ba41b
19f619
18f818
19a819
1a851a
186b18
15ab15
16a416
187518
182118
16f916
147a14
129912
14db14
170517
155615
134413
120112
107910
0fd40f
0fe00f
0fd90f
0f760f
0e3e0e
0ea10e
112c11
11a811
109910
117611
129112
128f12
121b12
10e510
10ef10
122612
102610
0c9f0c
0c5c0c
0d190d
0b4c0b
07f107
063306
08b208
0bf80b
09d409
050805
041004
04b904
01fa01
fe06fe
fda3fd
ff45ff
feb4fe
fd22fd
fc59fc
fa52fa
f8b0f8
f9c0f9
f8d1f8
f547f5
f6b0f6
fcdbfc
ff51ff
fc8ffc
fa81fa
fb9efb
fc39fc
f94cf9
f43bf4
eff5ef
ef35ef
f0d0f0
ee39ee
e94de9
ed65ed
f63cf6
f2ebf2
e6d8e6
e4cde4
eda8ed
f176f1
eb3beb
e6d9e6
eadeea
edf2ed
e9bde9
e5f8e5
e935e9
eec3ee
eeb8ee
e959e9
e7ace7
ec5aec
eefbee
ed55ed
ed6ced
ef28ef
ef44ef
ee7fee
ed6fed
ec0eec
ebf3eb
ee76ee
f13ef1
ee83ee
e86ce8
e97fe9
efe4ef
f110f1
ef7cef
efffef
ef37ef
ef8eef
f382f3
f41cf4
f120f1
f115f1
f1e1f1
f097f0
f10ef1
f42ff4
f6b5f6
f7b7f7
f854f8
f970f9
fbeafb
ff52ff
001000
fcd3fc
fb8bfb
ff91ff
03cf03
051505
03bf03
ffbeff
fd27fd
fecefe
002200
001600
01a301
026702
00df00
ffd5ff
ffebff
011f01
032103
039903
036403
04e104
065206
05d605
04c504
05cb05
091109
0a670a
094009
0ac10a
0df70d
0eaa0e
0f960f
117711
0fde0f
0cd50c
0d570d
101110
124f12
133213
112311
0d6e0d
0d390d
10eb10
12e112
11bd11
10cc10
0f7f0f
0cfd0c
0bf30b
0cc70c
0ea10e
106010
0eb20e
0ca00c
0f2a0f
10d310
108810
151815
185918
155815
167f16
1b5a1b
1b311b
1bb41b
1fe11f
203f20
1c341c
16f016
141f14
17ce17
1aef1a
17e917
168816
16fd16
13f613
133113
153315
12df12
0e6c0e
0ac70a
083208
0be70b
136413
149b14
0f4d0f
096e09
081108
0c500c
0c580c
048304
03d403
0d350d
0fca0f
09eb09
070407
049e04
fee9fe
fe5bfe
044604
070107
03d103
fd28fd
f3f0f3
f08cf0
fb6bfb
06bd06
fdf1fd
ec13ec
ecb5ec
f90cf9
f696f6
ef00ef
f862f8
ff1cff
ee84ee
e035e0
e8fee8
f4c6f4
f21df2
ea75ea
eb66eb
f2def2
f2b9f2
e9f4e9
e770e7
ecc5ec
f1e8f1
f63ef6
f384f3
e892e8
e661e6
ec02ec
e8f4e8
e72ce7
f1f3f1
f734f7
ed4ded
e481e4
e841e8
f118f1
f14ff1
e94ee9
e702e7
eb90eb
ed15ed
ed4ded
f015f0
f09df0
ee76ee
edcaed
edf0ed
ebf2eb
e7fbe7
e69ae6
e9dae9
eca4ec
ed3aed
ef2fef
f0c7f0
ef31ef
ed14ed
ece4ec
ef66ef
f2fdf2
f219f2
ecd2ec
ec48ec
f485f4
fcdafc
fc0dfc
f594f5
f1cdf1
f0a3f0
f0c8f0
f460f4
f748f7
f5e8f5
f577f5
f6aff6
f5eef5
f5ddf5
f64af6
f36bf3
f1f0f1
f59ef5
f8bff8
f914f9
f9aef9
f980f9
f86df8
fae4fa
ff2dff
feb4fe
fb69fb
fad4fa
fcd6fc
024002
08e708
076307
00e900
018a01
04ae04
045e04
07a807
0be10b
094f09
05c205
057905
061506
076207
066506
038503
048904
073907
096409
0cf10c
0ccf0c
0a100a
0c860c
0f520f
0f320f
11d111
140614
14a714
184218
18d718
15da15
179a17
188018
14b114
155815
185e18
15a315
10e610
101c10
14db14
1b291b
1a811a
141514
113311
138a13
168516
164316
12e512
104d10
0f780f
113011
15b615
142414
0ade0a
078607
0b9b0b
0ef30e
136013
143114
097709
015101
088708
111311
0d620d
04ad04
024f02
077407
0d470d
0ae30a
feecfe
f736f7
fe79fe
06a906
02eb02
ffc0ff
024c02
fd25fd
f4a2f4
f883f8
009400
fbb8fb
f1ebf1
f7bff7
080808
088108
f73bf7
ee45ee
f717f7
fea5fe
f7ecf7
f2e7f2
ff7eff
092909
fae2fa
e896e8
e622e6
f0adf0
034803
056005
e97de9
e12ae1
020e02
0fa40f
f54bf5
e312e3
ea9eea
fb20fb
049d04
fcbefc
f78df7
064006
08fa08
f290f2
e9ece9
f938f9
014001
fa82fa
f868f8
01bb01
07cd07
fd8bfd
ee9cee
f1e9f1
056405
0e300e
002900
eddaed
eab0ea
f62bf6
063006
0d670d
032903
f455f4
f5c1f5
03cc03
06c006
fa75fa
f899f8
077607
09a509
fa60fa
f21ef2
f1ccf1
f71df7
08c408
0dfc0d
f9f8f9
efeeef
f8c4f8
fdaffd
01fd01
071507
013f01
fb99fb
fea7fe
010e01
037803
05dc05
00e100
f99ef9
f97af9
00b300
059305
fe31fe
f596f5
fa90fa
035803
04b204
ff75ff
f5a6f5
f3a8f3
000800
07c607
012701
f8f1f8
f66ff6
f956f9
fe35fe
fde9fd
fa25fa
f971f9
fbb0fb
ff5cff
02d102
033f03
ffbeff
fc4dfc
01da01
0b2e0b
06c206
ff0cff
08b408
124312
099909
ffbbff
006200
048404
083e08
0a110a
09fa09
08da08
05f305
05da05
079d07
028302
fe5dfe
04d504
08e608
03f603
034503
08be08
084d08
02ee02
058f05
0de10d
0c740c
03a803
01d001
05b705
069906
022b02
fe9ffe
063506
0dae0d
012001
f391f3
fcb3fc
07af07
029602
fbedfb
fc6afc
ff06ff
00c600
025702
03f303
fe99fe
f337f3
f2c9f2
fde3fd
04cb04
040104
fca1fc
f560f5
fc66fc
07e207
037803
f5dbf5
eff5ef
f897f8
08b808
0bff0b
ff18ff
f483f4
f467f4
fb0ffb
fe14fe
f6bef6
f6a8f6
01ef01
00b500
f9e5f9
fe79fe
fdaffd
f70ff7
f859f8
f6bcf6
f758f7
056305
0ac50a
036903
feedfe
f3c8f3
e9d0e9
f86df8
092f09
036c03
fb4cfb
ff5eff
03b503
000400
f8d1f8
f7aff7
fe20fe
035703
009a00
f59ef5
eeacee
fafcfa
097a09
fe4cfe
ec65ec
f57df5
0b200b
0e160e
ff5eff
ee97ee
e96ee9
f99ef9
0ce00c
085c08
f99cf9
f600f6
f5fef5
f990f9
00c500
f92df9
f215f2
03d803
0e2c0e
fe00fd
f620f6
fc61fc
fa20fa
f5b1f5
fb98fb
067106
09d709
001900
f65ff6
f3ddf3
f229f2
fa81fa
062406
f948f9
ea8dea
fbcefb
0dee0d
056705
f930f9
f84af8
f9caf9
f773f7
f9ebf9
097009
0c6e0c
f28ef2
e73ce7
fd3afd
05f405
f599f5
f0eaf0
000f00
0d9e0d
093d09
f74ef7
f0a8f0
fc3dfc
04bf04
065706
0e940e
12c512
016901
ef74ef
f9dcf9
0cd50c
0a9c0a
024302
032903
02bc02
056105
0fcc0f
0f960f
02ab02
fb2cfb
fe4efe
050205
075c07
071407
0a9f0a
089c08
feb9fe
ffc2ff
09ac09
0b000b
066a06
019e01
002a00
094f09
110611
09be09
012901
055e05
109d10
109410
fbbbfb
ee43ee
013001
130513
052f05
f521f5
fde7fd
0d240d
0cd20c
00c700
f7fef7
f965f9
006400
039303
010b01
00f700
000100
f56cf5
f34df3
022d02
03ae03
f771f7
fd00fc
078507
00cb00
fa35fa
fb53fb
fd30fd
04e904
08bc08
fd57fd
f521f5
fb13fb
00f300
ffacff
fc16fc
f84bf8
f66ff6
fc65fc
057e05
029402
fb02fb
014e01
066a06
fc37fc
f668f6
f7fbf7
f5a1f5
fd77fd
0f6e0f
110a11
ff8aff
eda2ed
eaf1ea
fcb2fc
0f620f
0c060c
fa8cfa
f2e3f2
ffeaff
126112
119a11
019301
f71cf7
f55ef5
faedfa
088c08
124212
0a6e0a
f4b0f4
ebcceb
02ab02
1ad31a
11f311
f938f9
ecacec
f85df8
15bb15
179517
f407f4
ecf1ec
0a3c0a
0b310b
f667f6
f883f8
00c900
00d700
094409
0b1d0b
f6fdf6
ed98ed
03d403
176117
0b0d0b
f5b6f5
f5ecf5
038603
048304
f776f7
f7ccf7
0b7e0b
0d360d
f636f6
ef58ef
f7a6f7
f6b8f6
01bc01
14ec14
044804
e696e6
ef08ef
044e04
fdb4fd
ef78ef
f7a5f7
07da07
02f902
f284f2
f2a0f2
f93ff9
f683f6
01be01
1bb11b
15dc15
f021f0
ea61ea
107310
1e131e
fdbffd
ee75ee
056805
113011
07eb07
09da09
10a210
043104
f1c8f1
f7c0f7
153a15
22fe22
0a6e0a
eec2ee
f56df5
0af20a
0ecd0e
0a970a
0e2c0e
07da07
f58df5
fad9fa
13ba13
125612
fbc3fb
f95cf9
0d250d
1d481d
148014
f778f7
edf0ed
056305
187818
133313
012801
f20ef2
f7fdf7
0a920a
0e6e0e
07b307
01cd01
fba2fb
000700
06e606
fc7ffc
f71cf7
036103
04c904
fc76fc
fd08fd
fb66fb
f959f9
05f005
0cd40c
f92ff9
e537e5
f12df1
0c210c
0fab0f
fe91fe
f4ebf4
f5d6f5
f997f9
009300
047104
fcb0fc
eb50eb
e384e3
f9a9f9
114c11
005d00
e8d7e8
f6b0f6
05e505
fb1ffb
f4f1f4
f957f9
f7f0f7
f908f9
fd5ffd
fb01fb
fb2afb
ff70ff
f87cf8
ebdceb
ee8cee
001a00
098e09
fbb1fb
e8f0e8
f087f0
08cf08
0a2f0a
f2e0f2
e5f0e5
f2e0f2
095409
0cde0c
f682f6
eaceea
fb5ffb
002600
f128f1
f589f5
015c01
f5a4f5
ed08ed
fa8efa
059d05
026902
f465f4
e6dfe6
f37bf3
0d840d
05d305
e837e8
eb4eeb
062106
04e704
ee9eee
ee6aee
fe14fe
037e03
057905
053c05
f9d1f9
f489f4
fc2afc
ffceff
017101
00fb00
f424f4
ed2ced
f6eaf6
fed9fe
058c05
09e709
f6d7f6
dfe9df
ea1eea
054605
0f180f
02ad02
eed8ee
ea8aea
fb83fb
08ad08
010701
f25df2
efb6ef
fae5fa
071707
08b708
009f00
fb64fb
024a02
09e609
08f908
0c390c
0bf60b
f7aff7
f4d1f4
170717
209420
027702
fd93fd
0fed0f
077807
f9fdf9
063406
10de10
0e770e
0fb50f
0d220d
00b400
fd70fd
09b309
148814
0cff0c
f770f7
f6faf6
1b5a1b
2dbb2d
046804
df4ddf
fe67fe
281128
179e17
ff31ff
175c17
252f25
f9c1f9
e34be3
150f15
38a938
10bf10
e3f4e3
f0d1f0
127012
197119
09e809
f7a3f7
ede7ed
f752f7
0ee30e
13ab13
fa90fa
ec79ec
fe0cfe
0b880b
047a04
01b001
06ce06
ff9dff
f094f0
f840f8
1a1f1a
242b24
fd22fd
e10ae1
f834f8
0e100e
032f03
ff02ff
06a806
f831f8
e7aee7
fb41fb
116911
fd37fd
e52be5
fac1fa
167716
03cc03
e22fe2
e495e4
004500
123512
13b513
09d909
f02ef0
d76cd7
e924e9
1a171a
22f722
f7faf7
de6cde
f52cf5
13a913
13f213
f98bf9
e5d7e5
f0c0f0
0a440a
18b618
155d15
fedefe
e3c8e3
e75fe7
0cc70c
24c924
0e130e
e657e6
e33fe3
065606
1a981a
043004
e7c2e7
f1cbf1
130913
152f15
f7adf7
f35ef3
07a407
002300
f204f2
0a410a
1b211b
00dc00
f12bf1
034e03
108110
0b7c0b
fc64fc
f1e8f1
042904
15fb15
fa37fa
e331e3
07dc07
298529
094309
d862d8
dd30dd
0b570b
1c631c
f958f9
e3a3e3
032003
1b881b
012a01
e754e7
f7b5f7
088f08
f329f3
e2cde2
048504
240824
026402
d020d0
da2bda
0af60a
1f361f
0c920c
f6d0f6
f0def0
f3acf3
fe42fe
0d6a0d
0b730b
feeafe
07bc07
110111
f9fdf9
ec88ec
057205
0ed40e
f7a4f7
f8bef8
146914
0f980f
ec3fec
e697e6
08d908
1f601f
0d550d
eff9ef
ea79ea
f79cf7
03d403
11e211
1cda1c
074b07
e25ee2
ef81ef
1ee91e
190b19
ed17ed
f519f5
193119
09b009
ed59ed
054d05
1bfe1b
fc58fc
e863e8
10a610
26d926
f268f2
c94bc9
f59af5
2b382b
1aa61a
f6cbf6
f80af8
fea0fe
f3c9f3
f118f1
fbb0fb
01b601
040204
0c930c
120c12
033d03
ef0fef
f374f3
034c03
071c07
0d6d0d
11a111
fc7dfc
ef68ef
059f05
11c911
016401
f948f9
fc70fc
fde9fd
0a000a
130713
fcf6fc
e199e1
ee69ee
15bf15
1e2f1e
fc8ffc
eab4ea
01d401
0b4f0b
f07af0
e7ffe7
01f901
0d550d
025b02
035203
06ea06
f5bff5
eb9aeb
ff05ff
0ce10c
ff8cff
f8d7f8
078907
0b4f0b
fed6fe
005e00
083908
fbc4fb
f327f3
04a104
0e3b0e
041f04
00e500
f914f9
e886e8
fab2fa
1b641b
073c07
e22be2
f368f3
133913
04f004
e687e6
e902e9
050a05
125012
020302
f79ff7
06fc06
078f07
ee55ee
edc3ed
078007
0a5c0a
fb4efb
f9a0f9
fa9bfa
f7d2f7
ff09ff
048e04
fe6bfe
fb46fb
f776f7
ee48ee
f6cef6
078707
fc90fc
f05df0
06e006
0fa20f
ecd1ec
e09ae0
fd41fd
fd7dfd
e742e7
fa1bfa
137113
f988f9
d873d8
e1a8e1
001c00
123512
023202
e099e0
e7b4e7
0cbd0c
0a3c0a
f299f2
f966f9
033f03
017101
09b009
005e00
e62ae6
f88df8
1cc41c
079007
e48fe4
f6f1f6
0fe90f
02a102
f845f8
03aa03
fe7bfe
e90ee9
f30bf3
18b318
182318
ea35ea
de6cde
057e05
103710
f7baf7
030a03
1dd71d
076a07
e827e8
f750f7
0e4a0e
08ec08
fe63fe
fec4fe
039903
08b708
09e409
02dc02
f6a2f6
f7cff7
11cc11
1d051d
fa2ffa
e395e3
04cb04
1cb11c
01b801
ebf1eb
f8cdf8
077207
0a470a
080d08
003300
f86ef8
f643f6
fc3dfc
0e3a0e
174a17
033503
f4abf4
083508
17b117
0cf30c
070d07
087608
fd4afd
fa39fa
0da80d
1aae1a
14d414
092a09
f98bf9
f2a6f2
05fb05
154315
008300
eee6ee
05f505
1c0c1c
0a620a
efc0ef
eb53eb
f659f6
0b040b
1faf1f
195019
f56ef5
da8fda
eb58eb
170f17
252e25
0a3b0a
fe36fe
0d240d
035703
e9bfe9
f58af5
12ad12
163116
0d1a0d
042904
f867f8
f9e2f9
04f604
04ca04
07a807
137e13
08e208
ed83ed
ef33ef
11ce11
252225
061a06
da95da
e9d4e9
1c3d1c
1a221a
f789f7
fb74fb
046004
f734f7
09f609
223e22
ff01ff
e34ce3
058d05
175617
027c02
018601
00f500
ecc2ec
fb68fb
1eaf1e
10a710
e9bae9
e6a9e6
011c01
18aa18
123912
eba1eb
db93db
fe7ffe
180318
03ec03
edabed
ed59ed
f0e9f0
f6f9f6
02df02
062606
f9a3f9
e78ae7
e5ebe5
00cb00
151015
fde1fd
e272e2
f358f3
0e740e
0a9d0a
fcebfc
f55bf5
edb8ed
f64cf6
0c9f0c
0c620c
fcdbfc
fdc5fd
fba6fb
ebd1eb
f82df8
17b217
0d8c0d
ec92ec
f05af0
01dd01
fdcffd
fe2ffe
04cf04
fb51fb
f8f2f8
012401
f4abf4
f0c8f0
0e5d0e
119811
f142f1
f7bff7
1b2d1b
10f010
ecadec
eeb5ee
075007
09dd09
01a401
071b07
09d509
fc44fc
f797f7
078a07
10de10
04d104
f5d1f5
f8fdf8
0acf0a
0c050c
f397f3
ec8dec
075507
155b15
01bc01
eb1beb
e8c5e8
fdeafd
152115
0bce0b
f3aef3
f689f6
001400
f966f9
019b01
14aa14
09a509
f47ef4
fb21fb
0ad50a
0e060e
07fe07
f9f0f9
f88cf8
11a811
195219
fd5afd
f2c3f2
00f600
ff90ff
013101
130a13
054f05
e6e2e6
f81af8
187818
083908
e8eee8
f346f3
158415
16c416
eeaeee
e0f7e0
0c4d0c
1f211f
f624f6
ed25ed
195a19
16a516
deebde
dcaadc
17a417
272227
f330f3
d98cd9
04b204
26ac26
053d05
d93ed9
e7f4e7
16cf16
25a625
0f8c0f
f04af0
d36dd3
d65ad6
0cce0c
316631
0ac70a
e325e3
f6adf6
02c502
e5e0e5
e3d9e3
0c680c
1ba81b
ff9bff
f117f1
030503
042404
ed3eed
f5e7f5
16f916
12b012
f571f5
ebf6eb
eb03eb
f218f2
132913
22c922
fe62fe
dd85dd
ec40ec
059f05
047404
f59ff5
f585f5
080308
0d260d
f102f1
dc12dc
f2f1f2
0e170e
035c03
f01df0
f2dcf2
f720f7
f10cf1
f203f2
fc2cfc
027602
015d01
fd1dfd
f9b0f9
f370f3
eba9eb
f984f9
18de18
15e715
f41ff4
f5a1f5
0b9a0b
f9bdf9
ec6aec
10cc10
1d161d
f8b0f8
f6caf6
12a412
fed2fe
d9abd9
ede9ed
228922
282e28
eea0ee
cc39cc
007400
292329
f39ff3
d62cd6
140714
27dd27
eff4ef
e765e7
0fcf0f
121312
f9a7f9
f070f0
f825f8
10ce10
1ed81e
ff40ff
dd9fdd
f670f6
1d411d
07ef07
e5eee5
080308
2da92d
ffb4ff
cd15cd
ee05ee
202a20
18be18
f381f3
e808e8
03cc03
12f112
efd0ef
dd90dd
04fe04
167616
f601f6
ec6eec
090b09
186d18
034903
e37ae3
eb03eb
169416
223622
034203
eeabee
f2e9f2
07fd07
219021
14d314
e934e9
e646e6
083208
0c2b0c
fc90fc
068906
0e980e
f613f6
e63fe6
fb0cfb
0ec10e
0a100a
feb6fe
f4a3f4
f2d8f2
063506
156215
015301
e7f3e7
f543f5
181f18
200720
059c05
ed86ed
f26df2
0a8d0a
165216
032203
f1f6f1
066c06
158b15
fc53fc
f3e7f3
0ecf0e
143214
080108
060206
f8a0f8
f3ecf3
137f13
1e461e
fed2fe
f365f3
06e406
0e960e
013b01
f4abf4
ff56ff
158f15
13d813
020402
f9f4f9
f8b4f8
04cd04
173617
0c380c
fd7ffd
12cc12
187618
f4daf4
eecbee
114f11
165b16
ff87ff
072207
1a6f1a
015901
e143e1
fda4fd
2ae92a
1f541f
f6d8f6
ea34ea
f8c7f8
079107
04c704
021102
102c10
012b01
d6a0d6
eff4ef
321132
174b17
cc3bcc
da9cda
191e19
1eee1e
015c01
f556f5
f614f6
f7c4f7
fe2cfe
07ec07
09bc09
fe90fe
f610f6
ff5eff
0ff30f
10c210
fb65fb
ead5ea
fbc5fb
16dd16
118f11
f438f4
e23ee2
eb57eb
0aac0a
1e291e
07b707
e817e8
e48ee4
e9f3e9
f403f4
11d511
19ed19
f424f4
e0fae0
ffb7ff
147414
f9d3f9
d7d9d7
e8e5e8
21d021
272c27
e576e5
c9cdc9
f6d4f6
112e11
022202
faf6fa
f9daf9
f339f3
f1b4f1
f1ecf1
fb4cfb
0cea0c
040204
e8f3e8
e965e9
fdc1fd
001200
ebb3eb
e251e2
005700
1ba01b
022602
e4f4e4
f172f1
fd33fd
fa0dfa
ffc7ff
02ce02
040604
06b706
f4faf4
f181f1
153615
123012
e0e4e0
e9d3e9
1fad1f
19fd19
ee16ee
f0d0f0
12d012
142414
f592f5
e95be9
ff13ff
0fde0f
014401
efb6ef
fb42fb
0e800e
075d07
f682f6
f7bdf7
010f01
073007
05fc05
f87af8
fddcfd
1f461f
195e19
e67ee6
dfebdf
0acf0a
1ceb1c
0ed70e
012d01
fafafa
fb81fb
fba4fb
f911f9
00d400
105810
175117
0ba60b
f429f4
f36ff3
0b4c0b
06f106
eeafee
000200
21bd21
145614
edaded
e6e1e6
013201
0ef70e
015801
050d05
1ce01c
0aa10a
dc15dc
e136e1
14ce14
2dc42d
0f030f
e2c3e2
e7b9e7
11af11
195819
fe4cfe
f255f2
f705f7
024002
147914
163116
fdccfd
e4f3e4
e768e7
0a470a
209720
01ce01
e059e0
f061f0
07af07
007c00
f820f8
001900
fe80fe
e8fce8
e6e1e6
0a9e0a
1a161a
fa8bfa
e888e8
f802f8
01c201
00c000
faa8fa
f1cff1
fbdffb
0a1b0a
03a303
009200
fe76fe
ed61ed
f731f7
144414
06b306
f072f0
00ad00
04c404
f0c8f0
f76ef7
054b05
f4aaf4
ead8ea
03b703
145214
fc86fc
e31ee3
f10af1
074707
005800
fb0cfb
0b530b
033103
df57df
e77be7
1ab81a
19b519
e0e8e0
db9ddb
110b11
18f318
eb7feb
e078e0
027602
112e11
fa02fa
e908e9
fa5ffa
0a200a
f967f9
f2bef2
0d1f0d
0aec0a
df85df
dd71dd
0e4d0e
182218
f249f2
ec23ec
04bb04
038a03
fb42fb
043c04
f9ccf9
e9ece9
054f05
1dc31d
ff34ff
e263e2
f764f7
174617
193819
fc63fc
e040e0
f2aaf2
214221
1faa1f
f28bf2
e8ebe8
009300
026002
042404
1c0f1c
12d812
e666e6
e0fde0
03ed03
12bf12
04b804
fc35fc
0d6a0d
1c1f1c
ff98ff
df67df
f299f2
0f510f
122512
143814
0a2e0a
f6ddf6
030303
09d309
f11df1
fbc9fb
1bfc1b
09ec09
f6a7f6
0e230e
0b300b
e813e8
f7b6f7
2d9d2d
26cd26
e6cee6
deecde
1b641b
2a7e2a
fe51fe
f36ef3
0b460b
0b130b
fb78fb
00e500
182718
149614
ea57ea
e959e9
251d25
27c727
e467e4
dfbcdf
1e531e
2bc52b
ff5eff
ec52ec
06c706
14a014
01b301
017b01
12ba12
06d206
013201
172917
096909
ec14ec
017101
169416
02cc02
fd8dfd
0e450e
094309
f3bcf3
f164f1
095e09
125812
f9f3f9
f888f8
113e11
ff9aff
e549e5
042c04
1a341a
f813f8
eac8ea
0c100c
149814
f4d4f4
eacbea
051c05
0c390c
f95af9
00be00
15b115
06e706
ee8cee
f5fdf5
0ca70c
13e913
fc0bfc
de87de
f60df6
2b462b
1eb61e
db2ddb
cf30cf
0a240a
26ea26
facffa
d50fd5
f21ff2
1c6d1c
139d13
f4ccf4
f54ff5
ffd6ff
efc6ef
efc6ef
199f19
1b591b
e19ce1
da45da
0b960b
0f590f
f7a9f7
fe95fe
f4dbf4
d9bdd9
f820f8
2e2f2e
1a721a
d3b1d3
c607c6
05d505
2e6c2e
081d08
e294e2
f510f5
062406
f8f6f8
f44af4
fd57fd
001e00
fd48fd
fab4fa
042604
11a911
f722f7
cb7ecb
ebabeb
396339
2bc22b
d42ed4
c63dc6
05c205
1dc01d
044404
fe01fe
02e902
ed83ed
e3a8e3
0da30d
2f5b2f
052205
cc9ecc
e36ae3
1dfe1d
1a491a
ebb1eb
e71de7
0ce50c
166116
f2ddf2
dd7edd
f5a6f5
146a14
14b314
fd11fd
e99be9
f198f1
0b5a0b
14f114
037503
ed94ed
f3c5f3
126312
114511
ebfceb
ed92ed
0df40d
018501
ebf9eb
048c04
11b511
f8d5f8
f101f1
038103
106a10
053205
e9d6e9
f1d6f1
1c271c
119e11
df47df
ee81ee
231c23
16f916
e56de5
e4ace4
09ab09
0e880e
f53af5
fd3dfd
16d016
fffaff
dfdfdf
f444f4
104710
0d540d
00ca00
f299f2
f703f7
126112
079a07
df0edf
eefdee
218521
1fcc1f
f424f4
df29df
f4b0f4
0e930e
04ae04
f378f3
fff5ff
0b600b
01ca01
f9c6f9
f9def9
00a600
ff94ff
ee47ee
024502
31c231
10a410
c6c6c6
db76db
196c19
1cd21c
0fe30f
02d702
e184e1
e6d1e6
11e111
10fb10
f7b8f7
048504
193219
0c650c
ee5dee
df68df
f637f6
23ac23
2e942e
02ce02
dcb8dc
f03df0
127512
05d305
ec0aec
01b901
246a24
12d912
e5c8e5
e1ace1
03b503
13d013
0a5c0a
09ee09
0c1d0c
f95cf9
eb0ceb
f872f8
033e03
f7e2f7
f550f5
0c690c
19e119
01de01
deb1de
d7bfd7
f4e7f4
1d581d
250c25
012f01
e32ae3
e906e9
faf5fa
094209
09ef09
f41ff4
ee58ee
0aea0a
114811
f4faf4
ec0aec
f5f7f5
f591f5
fefdfe
134913
05a705
e126e1
e823e8
115111
0fe00f
eb6beb
e98ce9
fdecfd
004d00
051705
0a5a0a
f70cf7
eb8feb
fcd4fc
0a440a
082b08
fd96fd
f1faf1
fac5fa
093609
faf5fa
ea8fea
f8d8f8
0d660d
0df70d
fb09fb
e862e8
f2e6f2
09b709
021002
f0cef0
fea1fe
11cb11
089508
f8c7f8
fb21fb
03cf03
03ba03
fc15fc
f49ef4
fb4ffb
116511
155a15
f5c3f5
e1f7e1
021202
261326
0c0b0c
dae9da
ede4ed
2a702a
280328
f6e9f6
f283f2
0b6a0b
05a505
f63af6
031303
18a418
132413
003300
041d04
023702
e4bce4
f6dff6
321132
1ce61c
df42df
fc1cfc
31cd31
0f590f
d01fd0
df3bdf
389f38
5a3c5a
f94ff9
b4dbb4
02a702
3cf43c
03a403
e540e5
128812
2c7b2c
0efa0e
ddc8dd
e0ade0
22cd22
2da32d
ea88ea
e619e6
267b26
275d27
ee38ee
e5d7e5
147314
28b728
030003
e2f1e2
fc67fc
203120
15f215
f782f7
f399f3
03a103
0a900a
0b8a0b
0daf0d
ff59ff
f185f1
050705
11f311
fc8ffc
fd4dfd
14ea14
07e707
f4a0f4
082108
109010
f88ef8
f4bff4
053105
ff46ff
f54ff5
085208
16a316
ffa6ff
ebe8eb
ff40ff
104a10
f75df7
e159e1
017601
278527
111d11
e5f0e5
e54de5
fe2ffe
0e540e
053a05
e2cde2
e156e1
133113
1bdd1b
e88ce8
d7e6d7
fa91fa
13ac13
055705
e382e3
e994e9
0d420d
fc82fc
e503e5
0e550e
13f613
d8b2d8
dd8edd
14a714
134213
f22af2
e80de8
f76df7
0e250e
ff0fff
defdde
f765f7
1c3b1c
019b01
dba9db
eb86eb
126112
144f14
f08cf0
e6cbe6
049504
09c009
f65ef6
fe57fe
0d720d
019b01
f113f1
f5adf5
0bb60b
110011
f297f2
dfe1df
f9b3f9
184a18
19c819
fe37fe
db87db
e50fe5
18c118
221c22
f197f1
e3f0e3
0f6e0f
184918
ed6ced
e7c7e7
098a09
0c6b0c
04f404
0d150d
f840f8
dccadc
edf8ed
05fc05
0edf0e
1b071b
0fcb0f
ef98ef
e898e8
f624f6
06a306
17ef17
142314
feebfe
f509f5
f8d6f8
041704
085f08
f980f9
f15ef1
fae4fa
065c06
16fc16
114a11
e103e1
d49cd4
0b500b
215221
fa7bfa
eeb7ee
0c7c0c
0d090d
f0a7f0
f9f3f9
152315
faf8fa
dd4cdd
03ad03
24aa24
06cc06
e989e9
edd9ed
034c03
175917
00b700
dcf3dc
f8c0f8
1fde1f
0c820c
f878f8
fa05fa
e8eae8
eb97eb
16ca16
219e21
fee3fe
ef8cef
fbb3fb
fd9cfd
f78ff7
fe28fe
04dd04
f71ef7
e99ce9
042c04
2c9b2c
111211
c7d9c7
d172d1
235523
2e1d2e
f759f7
eba8eb
fc35fc
f913f9
fba5fb
0a0c0a
0d440d
fafffa
e31ae3
f97ff9
278827
0cad0c
d33dd3
e808e8
16f716
0f840f
f745f7
f85af8
0b240b
10fe10
f869f8
ebabeb
fc82fc
002b00
fe93fe
09b809
063a06
01ae01
018401
e6c2e6
dd68dd
022602
15d815
100210
0ace0a
f766f7
ee9cee
fa27fa
f1d8f1
f4c5f4
15cd15
14ce14
ff5fff
066906
00fd00
e5a5e5
e61ae6
01b801
1bbc1b
1a101a
f6baf6
e4c8e4
f816f8
006800
faeffa
069706
11ae11
032a03
e915e9
ea38ea
105510
201320
fb8cfb
e74be7
050a05
1a021a
084008
f3d7f3
f95bf9
076e07
01a801
f91df9
069c06
0a660a
f322f3
ec98ec
007d00
0a5e0a
0b3c0b
0dc20d
f9f5f9
ded7de
f786f7
2ccb2c
249324
e891e8
d573d5
fb62fb
20b520
1c811c
f3c1f3
e0dbe0
053b05
1dd01d
013101
ec55ec
f6adf6
fac5fa
009200
14c214
13ee13
f87cf8
ef22ef
035703
0ca40c
003200
064d06
1c081c
096509
d992d9
df02df
249124
438243
003100
c5bdc5
f69af6
2cdd2c
0ae30a
eff9ef
0c3f0c
0c890c
f4d7f4
005100
110d11
066006
f564f5
f526f5
0b900b
156615
fbd3fb
f5cff5
116111
0d8a0d
f34df3
fcb4fc
119411
08a108
f772f7
f9f6f9
092e09
111a11
0a220a
fbb6fb
f3b2f3
011601
176917
0ff90f
f0bef0
e892e8
fd13fd
10fd10
14c714
087c08
f8c2f8
eef9ee
ece4ec
fff0ff
19fa19
0eaf0e
f09af0
f7a9f7
113b11
0c700c
f715f7
f5dbf5
013e01
fedcfe
fbf9fb
0cb80c
0e3c0e
ef15ef
e6a0e6
03f803
11e111
05d205
fa18fa
f434f4
f9cef9
06a706
068e06
034203
0a150a
045b04
efb8ef
f341f3
139613
1bfb1b
fa40fa
e839e8
fde5fd
06c706
fb39fb
026802
055105
ef72ef
f0e5f0
0af90a
074907
f1adf1
f8e3f8
107710
10bf10
f7e1f7
ec9dec
036803
117911
f985f9
efacef
0fe50f
196e19
f26cf2
e597e5
0ddd0d
1b9b1b
f151f1
dee1de
04e904
1c4a1c
039203
ed00ec
f5aef5
06e506
0a0b0a
fc75fc
f230f2
021302
18cb18
112411
f5fcf5
ef53ef
009300
08b608
fbd4fb
f87bf8
0c2c0c
11d511
f81bf8
e263e2
ebaeeb
0d640d
243c24
078607
deccde
f3a9f3
159a15
006900
f545f5
116411
090509
edf2ed
ff3eff
0db00d
fb49fb
f578f5
f9c2f9
f724f7
008e00
0b3f0b
05ad05
f6bcf6
e224e2
e83de8
154e15
1b4f1b
ea9aea
e7d6e7
15ca15
182b18
f6fef6
e741e7
e486e4
f955f9
24c324
1ec21e
e406e4
dae7da
0b4b0b
134e13
ef96ef
eab5ea
01a101
0a6a0a
073907
fc39fc
ed08ed
f2c2f2
03f103
030c03
ff1aff
003f00
f3aaf3
efdaef
038f03
038903
f0a4f0
faa6fa
0e420e
033b03
f3def3
fc29fc
086508
007300
ea88ea
ec81ec
10a910
1e6b1e
ff7dff
ed56ed
f9caf9
ff29ff
fc7cfc
ff20ff
017e01
0b870b
14a514
fbb0fb
d755d7
e76ae7
1f621f
24e324
e939e9
d8b6d8
145914
26d926
f4eef4
e8a0e8
fefbfe
f3a2f3
f51bf5
1d231d
1f661f
f5adf5
e6ace6
ff61ff
124812
fe4cfe
e78ae7
06dd06
2b332b
0a9c0a
db80db
e278e2
05ab05
211c21
197c19
ecc3ec
e6dbe6
171517
158415
dfcedf
e4b6e4
1a391a
1eca1e
f6e4f6
eaa6ea
067806
169316
fc44fc
e279e2
f5a4f5
136313
0f540f
fd77fd
f923f9
fb29fb
fd77fd
fff5ff
fc21fc
f795f7
feeafe
0c220c
0d220d
f99df9
e445e4
efb5ef
128412
158515
f715f7
f120f1
04fc04
ffc9ff
e99de9
f253f2
102210
154515
ff7eff
ece4ec
ea5fea
f963f9
10de10
0e6f0e
f108f1
ef59ef
0b700b
0c060c
f7e4f7
f90df9
018b01
001400
fdfffd
fc98fc
01d501
041b04
f0f0f0
f32af3
19ea19
130012
e187e1
e967e9
14bb14
13e513
010501
f79bf7
e7c8e7
f07df0
196619
226722
fefbfe
ea87ea
fbdcfb
0da30d
006800
ec89ec
fc89fc
1bb81b
15dd15
fca2fc
012a01
08de08
ea93ea
e08de0
1da31d
445544
07a507
cddccd
f08ef0
1e331e
11cd11
011e01
0bbf0b
0e810e
01f801
fddbfd
09b809
142014
01f201
e6ede6
fdecfd
2cff2c
1db11d
ebaceb
ee40ee
09e009
047104
fc3afc
07b907
0b600b
05e405
082b08
10a610
0f930f
f4eff4
e04ae0
009400
27d127
178617
fd80fd
02a202
fd68fd
eea0ee
006200
146c14
02e902
f5e1f5
0cb80c
15e115
f888f8
ea99ea
00f400
0c7c0c
00fc00
fe28fe
058205
023702
f380f3
f333f3
0fd90f
1a691a
f26ef2
de87de
036b03
124512
f910f9
fab2fa
0c1c0c
000500
ee6cee
f0f6f0
004700
0eda0e
023102
e503e5
ee9fee
106e10
092209
ecf3ec
f474f4
06c606
fda9fd
f2faf2
f496f4
ed27ed
f4c5f4
1c921c
18ed18
d7bdd7
d359d3
1a2c1a
19cc19
d5eed5
df58df
1cae1c
152c15
e5b9e5
e03ce0
01af01
1f9f1f
0dde0d
dc59dc
dfd9df
0d090d
08ea08
f19af1
056505
0b110b
ea9fea
e88fe8
075407
116111
ff71ff
ea6cea
eeacee
08b508
0d360d
fdc5fd
fea0fe
037703
007d00
01b201
f893f8
f3b7f3
0ede0e
121112
ec0cec
f54df5
21e021
121b12
e9fae9
f0bbf0
034b03
09d709
10cf10
021302
ec17ec
fb7efb
13eb13
0c260c
f8b1f8
f57bf5
0b110b
228e22
072407
d2cbd2
e71fe7
2dc42d
2f042f
f3c5f3
e7bbe7
0a440a
0dd80d
f869f8
fc0dfc
087c08
038203
04be04
0b7f0b
fe81fe
f7fdf7
08a408
082b08
f7d7f7
fabefa
004800
01d101
135713
129a12
f2c8f2
eeffef
03c303
fff5ff
fd55fd
0c780c
099409
045f04
0c880c
f9d5f9
e0b9e0
f653f6
140514
0e9e0e
036603
023702
ffb3ff
f8a3f8
ea63ea
eec8ee
121a12
117011
e5a8e5
f6f8f6
319d31
0f880f
bf1cbf
d665d6
273027
27f527
efb6ef
e17ae1
fed8fe
107f10
06de06
f479f4
e6f3e6
ea24ea
077e07
20f620
0bbe0b
e6d3e6
edb4ed
039103
f5acf5
eb2deb
080908
175717
f92ef9
e1fde1
f7d9f7
141914
01f401
d9fdd9
ea22ea
233523
1d6d1d
e090e0
d730d7
fdcbfd
0ed30e
12be12
0d030d
e61be6
d590d5
ff64ff
182618
016b01
f251f2
f569f5
f9def9
037403
033803
f86bf8
f86bf8
f185f1
e61ee6
02da02
23cd23
08b308
e64de6
f523f5
ffc1ff
ebdfeb
ef97ef
0e080e
114311
f919f9
f219f2
fe91fe
fd69fd
ee8cee
f0caf0
0a800a
1d151d
0afc0a
e7a9e7
e881e8
06e006
07bb07
f754f7
053305
113311
ffd6ff
f77ff7
f922f9
f80ef8
0faa0f
1a411a
eb7eeb
df68df
201820
2b9e2b
e4a1e4
d562d5
131813
282728
fce0fc
e602e6
03f103
1a0a1a
005500
edb2ed
0e120e
25b625
032703
dc58dc
ea81ea
173417
2b152b
0f4e0f
e634e6
e3aae3
056605
1ad11a
0e000e
f968f9
fa46fa
04b904
fde9fd
f7fff7
0ef40e
1ff01f
08e408
f53cf5
03c303
086308
f624f6
fc94fc
16ed16
13ef13
003f00
01c101
08b808
034b03
fefcfe
fb31fb
fa29fa
0ee10e
21b521
0e4e0e
f4b3f4
fbcffb
078707
ff79ff
005b00
184918
214c21
017f01
e2b1e2
f608f6
1d4b1d
1dd71d
01c201
f70cf7
058005
123f12
05ad05
f0a5f0
fb32fb
16c516
12a912
f960f9
f189f1
fe40fe
186218
26a926
02c802
d45ad4
e7b6e7
1e911e
26e226
064506
f386f3
f9c6f9
000b00
fb1dfb
004700
15c315
116611
ed23ed
eb4beb
148114
19ce19
f125f1
e853e8
098309
10c710
f2dbf2
e8c8e8
055505
1aac1a
086f08
edabed
f15ef1
fe4dfe
f5b5f5
f5a8f5
123112
19a519
f75af7
e0afe0
f118f1
0baa0b
139813
006f00
ebaaeb
f8faf8
0e8a0e
026902
f2d1f2
fd2dfd
010201
f4ddf4
f510f5
005000
08e808
0bb70b
fd55fd
e992e9
f411f4
0db30d
078907
f1c2f1
f9e9f9
09e509
fa15fa
ea88ea
fbf7fb
0a890a
04aa04
066206
038603
e7a3e7
db48db
f99bf9
1df11d
1f871f
faabfa
db64db
ed69ed
09c909
fff2ff
f684f6
045504
042904
fc2dfc
fd05fd
f32ff3
f682f6
13ee13
0c250c
e65ee6
f2bef2
15c715
0aad0a
f3faf3
f790f7
f9a3f9
f7bbf7
079c07
148714
027402
e891e8
f129f1
134213
1c9c1c
ffeeff
e212e2
e35ee3
038e03
21e521
1a761a
f7fef7
e3a2e3
eafaea
fdd3fd
0a210a
0c340c
0b900b
039603
f279f2
eecdee
f99bf9
ff44ff
0e510e
22eb22
0a120a
d542d5
da25da
183a18
2ec42e
f619f6
c916c9
fb1afb
35d535
09b209
ce45ce
f22df2
204b20
064a06
eac6ea
00ab00
1c181c
0f460f
e5f3e5
e72ce7
1b931b
1a261a
e26be2
f1cdf1
2b132b
132013
dcaadc
ebf9eb
160316
139b13
f193f1
e9bee9
109010
234923
fa3cfa
e55ee5
071507
115811
fab6fa
fccbfc
064206
fa15fa
f9a5f9
0e850e
12cf12
fb5efb
e9e2e9
f840f8
0d870d
08d308
fd38fd
00f800
004700
f67cf6
f9f5f9
088308
0ee70e
04bd04
f23af2
f0caf0
03e003
0a3c0a
fd21fd
f825f8
001d00
08b308
09b909
fa82fa
ea5eea
f2b7f2
052005
0e0f0e
133213
07a907
ea03ea
e8a2e8
036003
026b02
f492f4
0b590b
202020
00b600
da35da
ea5aea
19d919
1c1f1c
e845e8
db71db
122112
20df20
f23bf2
f19bf1
0e580e
eeffee
dc3cdc
1a211a
390e39
fd38fd
ca57ca
e0bae0
18d318
2bca2b
ff65ff
df52df
001700
0cea0c
e490e4
e884e8
1ac41a
1b851b
f51af5
eacaea
f9cff9
058505
009300
efdcef
f20bf2
0b220b
163416
069a06
ef87ef
e5b2e5
f51ef5
0b1a0b
0ab90a
fbc1fb
f338f3
f5a3f5
ff00ff
018401
fb6bfb
fce4fc
fa6bfa
ead4ea
f388f3
155c15
175317
f44af4
debdde
f06bf0
17db17
1e851e
ec55ec
cdf5cd
fa14fa
257f25
124c12
ee27ee
e7bae7
f96bf9
056f05
f2e6f2
e64de6
0d620d
295329
fcd2fc
d861d8
f9def9
169216
04b504
f6d0f6
f8e4f8
fd1ffd
120812
16b016
e6ace6
d116d1
0e020e
366836
0acc0a
e67ae6
f1c8f1
f20df2
f2aaf2
15be15
217621
fe82fe
f453f4
0ea80e
106b10
f904f9
f508f5
069606
146b14
12bc12
08e508
069406
07c707
fd14fd
f7c9f7
103410
294129
168b16
ec5dec
e64ae6
093e09
1f781f
152515
0cec0c
0fd10f
057d05
f6d5f6
fc5efc
0d090d
178617
136913
fea5fe
f6f3f6
119411
22be22
0c270c
f4cff4
f3ccf3
feb0fe
186918
25ce25
050205
ee06ee
0f0d0f
1a7a1a
eb15eb
e41be4
20cd20
333833
03a403
f18ff1
051505
f9aef9
e8b9e8
051505
1cbd1c
0d170d
059705
09c009
fc66fc
f793f7
fe9efe
f677f6
00f400
1f6d1f
0ac20a
e1c6e1
f9c8f9
1ccb1c
05c305
f075f0
ffd2ff
02c102
f54af5
f914f9
08b208
0e6f0e
036003
f356f3
f13ff1
fa70fa
064906
132413
0ab80a
e97ae9
ded2de
fa40fa
135313
106b10
f325f3
dd4ddd
feaafe
27a827
ffb9ff
c3bfc3
dd08dd
150415
1c341c
0f120f
f8eff8
d286d2
da0eda
152315
216921
f0e7f0
db40db
f56df5
0f1a0f
10a110
fb87fb
e071e0
e184e1
02f502
18ec18
07f707
ee33ee
ec7eec
f4f8f4
f9b9f9
059a05
049504
e585e5
e247e2
167b16
304630
041904
d210d2
cf29cf
fa73fa
2e142e
2a292a
f619f6
df5bdf
e681e6
e804e8
03ee03
270b27
058f05
d4d4d4
f4d5f4
26b926
0bee0b
d4a0d4
d9c5d9
123912
318331
145514
e438e4
d23ad2
e9a0e9
1abe1a
31dc31
0b050b
e00be0
ec06ec
04fd04
fe2afe
f237f2
fb4efb
0d100d
0f230f
fff7ff
fde8fd
05e105
f1d0f1
e18fe1
078507
272d27
02b402
dc7fdc
f7b6f7
235923
18ef18
ed6aed
e856e8
098409
122712
020d02
017101
ff9fff
f146f1
f6ddf6
091509
106510
15a615
095d09
e700e7
e66ae6
086808
0bc60b
f988f9
01a201
148214
1a2e1a
0e170e
e518e5
ca56ca
fd14fd
3efb3e
25da25
e363e3
e47ce4
076007
fd83fd
ed51ed
09e409
21ea21
06c606
de77de
dfe2df
0bc40b
28a228
09bf09
ded8de
eac2ea
0cb70c
0b9f0b
fec2fe
01cf01
fdcefd
f535f5
04f904
147614
fa70fa
db82db
f1d2f1
19ac19
10c810
f2ecf2
f772f7
05cd05
f967f9
eadeea
f5a9f5
094909
08a208
f681f6
f71bf7
0f760f
10f510
f192f1
e1bee1
f5a3f5
138113
1d8e1d
014101
d973d9
e4cfe4
1bf61b
276127
f0cdf0
d09ed0
f701f7
1b161b
05fc05
edd1ed
fbf1fb
0e390e
107510
031403
e22fe2
d7d1d7
00fb00
20d520
12df12
fe2efe
f0edf0
ed05ed
008500
080708
f54af5
fea7fe
163816
026602
edc0ed
fddffd
f977f9
e2cfe2
024402
38bd38
24bb24
d6dad6
be64be
f92af9
2ce62c
1a8c1a
eecbee
e850e8
086608
1e761e
023202
db32db
ed97ed
152f15
0b990b
f7aef7
058605
025102
e326e3
ead9ea
16fa16
1eb61e
f949f9
e390e3
f8c3f8
13c413
10ff10
fb46fb
ed82ed
f1f1f1
011b01
07cc07
012101
00ea00
069506
f8cbf8
e52ee5
f646f6
1bf91b
150715
e3a3e3
dab2da
0e3d0e
27c527
016301
e30ae3
f6fdf6
0fcb0f
0b4c0b
fd9ffd
fb19fb
fb4ffb
f9c8f9
07b507
19b319
073b07
e856e8
f8aff8
16b016
046f04
ea4fea
fec6fe
1d661d
146f14
f30cf3
e8b7e8
010b01
152c15
113f11
08f608
f864f8
e389e3
fb20fb
2c712c
242124
f2f4f2
e8bde8
fe2afe
090409
0b790b
053605
f764f7
02a902
24e824
225e22
ec9bec
cfaacf
fb55fb
29f029
149414
edabed
fc6efc
1f091f
167e16
f54ff5
f12af1
00b200
f91ff9
f314f3
17ae17
2b022b
fad4fa
dfd5df
0c350c
1dc91d
f46ef4
e97ce9
05f005
0bdf0b
066906
106b10
0de30d
f62bf6
e8c7e8
f5fcf5
13e313
243424
0bae0b
e88ce8
f0c0f0
0fd70f
0bf60b
f4a1f4
fb2ffb
135213
17ec17
062806
edc4ed
e8aae8
030b03
158b15
069306
fd77fd
07a407
018d01
f19ff1
f52cf5
033b03
10e110
160b16
fe21fe
e4d1e4
fdc9fd
23a623
0b780b
d4eed4
dc83dc
1aa01a
2ed82e
067706
f055f0
fe95fe
fb42fb
f17af1
079307
143114
f964f9
eabeea
002d00
12f312
0c540c
f4adf4
e4b1e4
f837f8
1a9a1a
179c17
f682f6
ec5dec
fd69fd
02b502
fa7bfa
04af04
172517
091809
ec1bec
f114f1
034d03
f9ebf9
f395f3
081308
0b3a0b
f48cf4
f56df5
09fe09
04a604
f00bf0
f235f2
058e05
0e600e
02ad02
f141f1
f25ef2
fe4afe
f881f8
f30bf3
0c860c
1c201c
f588f5
cc14cc
e321e3
1ba81b
243c24
f4f8f4
da25da
f740f7
101810
015f01
f5fff6
f93bf9
f017f0
f0fbf0
0da60d
1b1a1b
058205
e928e9
dbbddb
eca2ec
152615
24fc24
09d009
eb97eb
e6c9e6
f572f5
037603
fe84fe
f5f5f5
025902
10aa10
0b190b
faaafa
e3d3e3
da41da
fed6fe
28fc28
14b714
e720e7
e9dce9
043304
fee6fe
f177f1
04e904
191c19
032903
eb4ceb
ff73ff
0cf10c
ed07ed
e45de4
0fd10f
1cbd1c
f55ef5
ebe0eb
0de00d
0cf70c
df5bdf
da85da
141d14
2b102b
f55af5
d90ed9
0a340a
23dc23
f3cdf3
d53dd5
f7f0f7
1c571c
151a15
fac3fa
f416f4
01f501
007500
efc8ef
fc55fc
15c215
053405
ea9dea
fc35fc
13d713
070b07
f2ccf2
f29cf2
024702
119511
06cf06
ef8aef
fb09fb
14aa14
074607
f2ccf2
02a802
0d010d
f816f8
f409f4
0d8f0d
14b914
fefcfe
f0f7f0
f3f5f3
f7b9f7
051f05
1da21d
141714
e507e5
e0fae0
169816
247c24
f5d1f5
e54ae5
013901
061e06
f82ef8
059805
18c418
09f409
eea6ee
eeb7ee
00ae00
010a01
f873f8
0a4e0a
1f971f
066906
dccbdc
e2fde2
075807
112c11
035d03
009000
088808
03c903
f155f1
ebd5eb
ff52ff
11f011
0bfd0b
fb23fb
f6d9f6
fb66fb
f679f6
f09ef0
037b03
187c18
01b801
e385e3
fc89fc
198019
f76af7
dac1da
058b05
2bfc2b
0bd10b
e130e1
eb2aeb
0b150b
086408
eed2ee
fc4dfc
244724
0cb50c
c817c8
d62cd6
2afb2a
342834
eb18eb
d43ed4
0a260a
2a492a
06e606
dce2dc
ec90ec
1a661a
1ad01a
f144f1
e8b6e8
0c520c
1c2e1c
043a04
f416f4
03cd03
0e410e
f9b0f9
ee1dee
0b420b
221a22
0d090d
f997f9
03ab03
ffd1ff
e882e8
f369f3
1cdd1c
244b24
000700
ebddeb
04f204
1dba1d
081308
e23be2
eb66eb
1c7c1c
2e5a2e
09f609
e8bbe8
f325f3
0b8c0b
12c412
0fd40f
04a104
f1aef1
f350f3
0c940c
14b514
05b105
fb6afb
f5f2f5
fa74fa
161616
193719
e73de7
d6f7d6
15ee15
39ce39
059b05
d8f2d8
f4ecf4
184618
0cd20c
f908f9
035303
102e10
01bf01
f031f0
f574f5
025f02
0a470a
0e630e
007200
e7a2e7
ee5fee
112f11
194b19
fdeafd
ec32ec
f63ff6
013201
fbfdfb
fda6fd
11f311
0f430f
eb2eeb
eb12eb
16e816
10bb10
d7bad7
dbe0db
201420
35a735
04de04
d6e3d6
d780d7
fa73fa
181818
110111
f764f7
edcced
f25ff2
fc09fc
09ff0a
083508
f4c9f4
f66bf6
0c370c
059905
eb33eb
f1c8f1
08ef08
fff7ff
f13ef1
03b503
102810
f7bbf7
e7dbe7
f9f9f9
0ac60a
081d08
fcb8fc
f210f2
f969f9
0b950b
02b802
efd9ef
fefdfe
0c650c
f843f8
f9aaf9
13c813
01fe01
e317e3
003d00
21a321
00ef00
dcc8dc
f9d3f9
296e29
208d20
e5d5e5
caacca
fb43fb
2f362f
18bb18
e96ee9
ef21ef
0ca20c
0afc0a
fe11fe
00b900
fc4ffc
f030f0
07f207
330133
1ae21a
c78dc7
b913b9
0e7a0e
4a4e4a
29db29
f1a9f1
db5bdb
e4f5e4
03b003
1c1f1c
144414
015a01
fba9fb
f958f9
fa11fa
03ee03
010701
ee43ee
f673f6
1f361f
25b825
ef5eef
ce2cce
fcf8fc
2cd62c
0ddd0d
e117e1
f5a1f5
17a917
061206
e87be8
f1fbf1
0d970d
131813
fd7cfd
e7a2e7
ec33ec
030e03
0fdd0f
0bd40b
00ab00
f424f4
f094f0
ff6fff
11ce11
0bcc0b
ef98ef
e4e6e4
fc1dfc
0ca10c
fef5fe
f784f7
033203
000d00
f29ff2
f742f7
fabffa
ef8fef
f53ff5
0b3e0b
0de30d
016c01
fa43fa
eeedee
e223e2
ef80ef
118b11
1bd81b
fdb1fd
e12de1
ed8aed
095c09
0af60a
facbfa
ee91ee
e998e9
fa98fa
19dd19
0fd20f
de1bde
d7bad7
0a250a
231c23
05ab05
e5ace5
e3afe3
f862f8
11b111
14ba14
fcb8fc
ef48ef
fc9cfc
fec8fe
ea58ea
efeeef
181118
205e20
f619f6
df97df
f835f8
063c06
f681f6
f897f8
122612
12e112
f42cf4
e3e6e3
f465f4
06fb06
07b607
05c105
064606
fb43fb
f113f1
ffc6ff
135113
094b09
efa2ef
ebebeb
012e01
102710
04d304
f510f5
fc93fc
092409
00f200
f86bf8
00a800
01fd01
f69df6
f874f8
093f09
10c810
03ee03
f265f2
f6e2f6
092609
02e502
f362f3
080608
1a781a
f657f6
db7adb
062106
2afe2a
073e07
db8adb
ee4dee
1b8c1b
1b231b
edcbed
dd82dd
085d08
23e023
ffaaff
e199e1
fbadfb
135713
04d004
fbe0fb
039f03
fb03fb
efeaef
024902
175017
0a0e0a
f040f0
ef45ef
035903
131b13
0eb50e
f782f7
e7fae7
fa94fa
191f19
165816
f5f9f5
e215e2
ed3bed
0aa50a
206620
159315
f6a6f6
f036f0
059505
0c6c0c
ffe2ff
017801
0b710b
014e01
f809f8
0cab0c
16fd16
ef01ef
d1eed1
04f104
42d842
1e241e
ca93ca
d376d3
279927
35ca35
edaeed
d029d0
02eb02
281d28
188418
00f600
efb4ef
e62de6
ffd3ff
218821
12c512
f6adf6
013d01
068706
ef4aef
f628f6
145a14
088708
f120f1
0a090a
244c24
078507
dd79dd
e024e0
0c380c
32b532
216e21
e51de5
d073d0
00c900
2a262a
15ea15
ed0eed
e62ce6
036703
212e21
186d18
eea5ee
ddb5dd
fca1fc
14c314
035003
f39ef3
073a07
1b811b
0a4b0a
e3dfe3
d8edd8
fe9efe
28a828
206720
fc56fc
f1ecf1
f80af8
fa16fa
0a820a
153315
f417f4
dda4dd
082308
297729
05c905
e5bbe5
f9d1f9
095509
fad8fa
f50df5
fee3fe
031b03
014d01
001600
04a004
0f190f
085c08
eb7feb
e7ffe8
0c820c
19e319
f90bf9
ecf2ec
0e8e0e
1c301c
f9a4f9
de08de
ee1cee
104710
1d751d
06ea06
e7c6e7
eb0aeb
061c06
0bfd0b
01af01
024702
014c01
f740f7
f48df4
f7edf7
043e04
1ac31a
0ced0c
dbeedb
e5cde5
233e23
1b131b
e334e3
ef6aef
118011
f4fbf4
e202e2
09a809
1ccf1c
02c102
ee95ee
e91ce9
f3aff3
10b810
0e340e
eaa5ea
f419f4
18ac18
fdb5fd
d0f3d0
f76cf7
36ff36
21cc21
dd7fdd
ce67ce
f6c1f6
16e616
112b11
f79cf7
ea45ea
f7e9f7
0b3a0b
04eb04
efbcef
f19bf1
046e04
ffb4ff
ec4cec
f8c0f8
1a111a
16d316
efb6ef
e212e2
004100
177917
08f808
f660f6
fc16fc
023402
f484f4
eb57eb
fd17fd
172917
16e216
f5f3f5
db1fdb
ec4aec
109b10
179817
0a0a0a
058405
fb79fb
e44ce4
e620e6
0e1d0e
2dbe2d
19b219
e454e4
d27dd2
01f501
2aa72a
0b380b
e052e0
f54cf5
1b821b
0bdd0b
e1c7e1
dfccdf
0d950d
2e6a2e
0bc00b
d428d4
e275e2
1a461a
195319
f1e2f1
f55ef5
127512
0f400f
f6bbf6
ecbcec
fb36fb
14d314
147514
f10bf1
e308e3
06d006
21c421
083908
e29ce2
e4bde4
05aa05
152a15
02a902
f4a6f4
009c00
01a801
eddced
f938f9
252925
25d725
ee99ee
d3bfd3
f6fef6
16bd16
0d180d
ff52ff
fea9fe
f62af6
f34ef3
096609
129612
f7fdf7
e8d0e8
fb38fb
088608
064606
07f107
035c03
f3fbf3
f0f5f0
f9e0f9
014d01
0b890b
0e490e
fec7fe
f50bf5
f7b4f7
f405f4
fa77fa
0fc30f
089908
ef63ef
f664f6
fe93fe
ea4eea
f86cf8
25ea25
10bf10
d213d2
dd2add
12ed12
0e060e
eea9ee
f8d9f8
0b610b
027f02
f621f6
edf5ed
e7f0e7
fb8cfb
19b819
104c10
eb12eb
de83de
f1fff1
0f9a0f
1d2a1d
fdc8fd
d05bd0
dd0fdd
0fcf0f
18ed18
025802
fc42fc
f4d6f4
e603e6
f4fcf4
105510
0afd0a
f6eaf6
f33ef3
f7baf7
fe21fe
075307
09b309
05c705
fd59fd
ec61ec
eaf3ea
09c209
1b551b
019101
ec50ec
fa4afa
089808
06ce06
053e05
fce1fc
ebe8eb
f3ebf3
19c619
2cfc2c
11df11
e9bde9
e158e1
fc00fc
1a601a
1f301f
05d105
edebed
ffceff
1f851f
09ed09
e449e4
059405
314b31
059005
d672d6
016f01
2c1a2c
118011
f99af9
025002
061b06
067706
038f03
fbfffb
142714
2fa72f
085f08
d6bed6
f145f1
21e821
246b24
10bb10
fdd8fd
f681f6
08bf08
0d510d
f1b4f1
f6f2f6
222b22
261a26
02cb02
ec92ec
e6c4e6
fb28fb
2b762b
2fd22f
f7fcf7
e0c8e0
fe67fe
101a10
140f14
122b12
ef39ef
e272e2
1bfe1b
304030
ebb4eb
d306d3
095509
188818
02f102
0f070f
051705
d487d4
e7a5e7
2e9b2e
265926
df2fdf
d1efd1
08b208
323632
1ee41e
e6f4e6
d015d0
f4e5f4
17a717
0bcd0b
fa4dfa
00df00
ff8aff
efa0ef
f681f6
0c670c
031003
e75ae7
eb34eb
04de04
0dc00d
085608
fab1fa
e269e2
e3ade3
0da80d
1e961e
f727f7
df22df
fc6dfc
121b12
00ab00
f4cdf4
fc7cfc
f657f6
ed0eed
03be03
1a851a
002200
d962d9
e5e1e5
0cd20c
0a6f0a
eab9ea
f48af4
1f531f
12a712
d262d2
cd54cd
0e4c0e
28fa28
072007
effdef
f4cff4
ff20ff
042c04
f348f3
e6fde6
0de00d
2ac12a
f64cf6
c8c5c8
f720f7
2a292a
122a12
eabfea
ed17ed
ffb7ff
02de02
fa27fa
fab4fa
0ac10a
103d10
fdb9fd
f1c2f1
fc28fc
003400
f788f7
04a504
1fa51f
0e410e
daf0da
dbe9db
121412
1f521f
fb64fb
f2aaf2
036e03
fef7fe
f9f9f9
068f06
049304
f8b3f8
fe95fe
03bc03
008300
09ae09
08a608
f118f1
f9aaf9
1ed01e
0dc20d
d572d5
d91ad9
149114
323832
160916
e257e2
d25dd2
02b802
278f27
ff68ff
dec9de
072707
1f8c1f
fa00fa
e2fce2
f51df5
0cc10c
1d381d
115611
eb50eb
e87de8
095209
0cf80c
f9a3f9
f7c6f7
001600
0ce70c
133613
f66ef6
de34de
fe0dfe
1dda1d
0a480a
f55af5
f9d2f9
f6cbf6
f0e1f0
007400
171617
19c319
ffccff
e1bee1
e9fce9
0fce0f
1a081a
fb6ffb
e332e3
f6b2f6
203220
202820
eaf1ea
d091d0
f9acf9
1cd61c
0b4d0b
f806f8
fdcafd
fc37fc
f450f4
017001
136a13
0a3e0a
efacef
e7a2e7
014901
20ac20
189018
eb9deb
d62ed6
f64ef6
1b331b
137f13
f593f5
f323f3
0ad90a
0c6a0c
ea75ea
dcfedc
052d05
266826
0a2c0a
e335e3
f24af2
14e814
08ba08
e46ce4
efc9ef
1d5e1d
1da11d
f4aff4
eae6ea
fb51fb
f907f9
fc31fc
145f14
132713
f56bf5
e8f0e8
f3b8f3
02ec02
09c609
ff48ff
fa15fa
09ea09
08c408
f0b1f0
eddded
f947f9
fe66fe
138813
1cbd1c
ef86ef
d1e8d1
fe35fe
21df21
ff5cff
dad3da
f19df1
1eb51e
1ed01e
eeecee
d443d4
f1fbf1
11bb11
0ab70a
fabffa
fa7cfa
005400
01dc01
f962f9
f027f0
fa86fa
0d540d
08e108
ef85ef
e309e3
f81cf8
16dc16
10e510
eeb2ee
eb6feb
055305
022502
e944e9
ef9aef
08dd08
09a209
fbf3fb
fca8fc
06e106
07e207
f6f1f6
e0c9e0
e993e9
158e15
26da26
fc6cfc
dae0da
fdb8fd
29f029
0cc80c
c9aac9
cbb1cb
1baa1b
471c47
14d814
da86da
dd89dd
f818f8
09d409
174d17
0c4d0c
ecfcec
e9fae9
063706
1b301b
146b14
efe1ef
dbccdb
0bc80b
34ca34
ff4bff
ce11ce
064706
3d8d3d
0f830f
d556d5
efbfef
28c428
1bfc1b
ddebdd
e4a4e4
302d30
341634
e62de6
d4edd4
0dde0d
251c25
10a010
00f600
fa1bfa
00ac00
0c680c
fdbafd
f459f4
19bc19
347f34
135913
eb95eb
e9b1e9
fa76fa
0f980f
206420
17b717
ff61ff
f6a1f6
fd00fc
040304
0cd50c
107a10
02f102
f2eef2
f5e4f5
0a380a
200220
1fc61f
028302
ef26ef
fd65fd
073907
039d03
16e216
221122
f7b2f7
d875d8
fd63fd
23c723
167316
fc98fc
f315f3
f50bf5
03a403
0df80d
028502
fa8bfa
072b07
0c930c
ff47ff
fa04fa
02b302
01fe01
fbfffc
095709
18f718
093e09
ed5ced
ea25ea
fb6ffb
0dc40d
118a11
fe57fe
f191f1
024902
071407
ed2aed
ea8eea
092609
0fe40f
f9f5f9
f7f6f7
0caf0c
0a510a
e6bfe6
db95db
095a09
2bab2b
09b209
dd8bdd
e300e3
feb7fe
0bf80b
038903
ee65ee
ee41ee
060106
07a007
f6bcf6
f8b7f8
f7c4f7
e98ae9
f7e4f7
102110
012c01
eecfee
fb88fb
ff58ff
f474f4
fce7fc
00dc00
ea9dea
e861e8
051905
0b200b
f5d3f5
ef64ef
f75ef7
fc10fc
005a00
f85df8
e742e7
f7d3f7
1a791a
0ae20a
e080e0
e497e4
01d301
084a08
074807
025602
ec95ec
e76fe7
fff6ff
0aab0a
fe5cfe
fb2cfb
038203
01f001
ef13ef
e197e1
fb8efb
235323
15ae15
e780e7
e932e9
096c09
02a602
ee06ee
007600
133613
fc7dfc
f0f5f0
12b512
184a18
e101e1
d25bd2
17b317
374237
f438f4
c8d4c8
016a01
370a37
11f011
d5ffd5
e0c3e0
1bf81b
2f2e2f
ff0eff
ce07ce
e407e4
26b826
34dc34
fc05fc
d90ed9
f86ef8
17db17
0a880a
f130f1
f0d6f0
0d2c0d
22a322
0c5d0c
f278f2
02f302
08a108
ec42ec
f6d2f6
1b9d1b
0ae20a
f043f0
0a6b0a
1e401e
050105
e84be8
df36df
f97df9
2f922f
303a30
efadef
dda4dd
0caf0c
14a114
edd7ed
f2d1f2
263526
2d502d
eeb5ee
c987c9
ff17ff
356e35
0ec40e
d763d7
f33af3
297329
1d831d
e8fbe8
d742d7
f6f2f6
1bed1b
1f8d1f
0c930c
fe25fe
f121f1
e8cbe8
ffa6ff
1f7d1f
136313
f2f3f2
f503f5
02d402
fe78fe
053805
0f3f0f
f390f3
daf2da
fa5afa
1fb61f
112d11
ebc2eb
e1f0e1
fbdbfb
162916
0cb60c
f447f4
ee5eee
eeedee
f942f9
164216
10a510
e3fae3
e415e4
083208
073407
fe66fe
03f003
e76be7
d5bed5
085f08
238323
f676f6
e180e1
f957f9
fca7fc
fc02fc
0eb30e
012201
d70fd7
de1bde
160416
27ff27
fb87fb
da59da
ec70ec
00da00
fdeefd
03ba03
0aed0a
f489f4
e001e0
f2b3f2
0e420e
0a370a
f15bf1
efa0ef
127e12
1c8a1c
e2eae2
bf20bf
028c02
46cf46
1b0b1b
d25ed2
d9fbd9
03bc03
105910
12be12
0aed0a
ed6eed
e6fee6
00a200
064c06
02e302
18b918
152315
e4c8e4
dcdadc
10e110
250525
fc3efc
e0dce0
003f00
2b7b2b
1e151e
e8a7e8
e00be0
0a360a
148314
f82af8
fda2fd
1d7c1d
150915
f607f6
fbbbfb
0c120c
f55ff5
e454e4
0eff0e
373337
159c15
e69ee6
f742f7
165316
034e03
ed96ed
09dd09
21fc21
011c01
e4e7e4
09e709
2d312d
0b9a0b
e68ce6
fbc2fb
143d14
0a770a
091909
142f14
061606
edc2ed
f25df2
121312
28a728
111811
dfd5df
dfd4df
15b415
2b232b
059805
e654e6
f211f2
0f560f
1cbf1c
116b11
00d500
f7aaf7
ed33ed
f2bef2
191e19
2c0b2c
03cd03
db0adb
e9dee9
130e13
206220
ff67ff
dbbadb
f6cff6
2c812c
1a761a
df3fdf
e159e1
097309
106d10
07ef07
02c902
f287f2
f3fdf3
11b611
185e18
019f01
f0a6f0
e42ee4
ecfdec
1f821f
319831
f68ff6
d23fd2
f51bf5
098309
fe01fe
087f08
0f250f
fa0efa
f53bf5
f91cf9
e8b6e8
ef44ef
15d115
204920
09eb09
f6def6
ec16ec
ee2bee
f834f8
f62ff6
feebfe
1c981c
18e418
f0a0f0
e2cae2
f480f4
022702
026402
f4aff4
f275f2
150715
251825
f685f6
cf6ecf
e8c8e8
13e613
19f719
fb7bfb
e630e6
01c501
1f5a1f
fee1fe
d645d6
ed8fed
156b15
155f15
081108
fecdfe
e9bce9
e106e1
049d04
2b402b
132913
d5bad5
cff1cf
0e320e
32f332
0b810b
dcaedc
efe6ef
1a241a
06a206
d96ad9
f5aef5
310731
155f15
cc98cc
d4d0d4
162b16
23a723
fcd3fc
ecbfec
01a001
099209
f243f2
e9abe9
0ad60a
254f25
0a190a
db06db
db46db
0c990c
272027
050c05
e09ae0
ef88ef
0ef20e
0e490e
f695f6
eb18eb
fc36fc
11db11
0a330a
f8a2f8
fe59fe
014401
eeb1ee
f053f0
0c760c
0d300d
f0d5f0
f3a9f3
17a617
154615
e322e3
d9b7d9
10c310
26f526
f894f8
dd27dd
fba6fb
181c18
0e0e0e
f4b2f4
ed5eed
016101
103610
fd9dfd
ea5bea
f8f1f8
0d260d
076007
fbedfb
04b504
0f250f
fdcbfd
e5afe5
f171f1
11e011
18bd18
064e06
f4f9f4
f005f0
fd3cfd
0f530f
087308
f270f2
f4d6f4
0f230f
18f718
fd85fd
e0c3e0
f5fbf5
1f591f
0df90d
def0de
f4d5f4
2fa92f
1fb41f
dcf6dc
d683d6
0ca80c
273e27
0ae90a
ea66ea
f2c1f2
165216
201720
fe47fe
e49ae4
fd63fd
1e1f1e
0c2a0c
e6b9e6
f307f3
1aa01a
11c411
ecf6ec
fbe6fb
22ab22
0b700b
d9fcd9
ea01ea
1c311c
1c621c
fa6afa
eff3ef
fbc7fb
065c06
089d08
fdfefd
f180f1
fac2fa
110111
12df12
fcf9fc
ea91ea
ec83ec
fdc7fd
0dc30d
0b070b
f9bef9
f5faf5
07b707
0fe80f
fa4cfa
e071e0
e593e5
05e905
198319
090209
ef8eef
efc5ef
ffa9ff
026002
f7e8f7
f721f7
075407
0c650c
f0ddf0
db8fdb
f605f6
179e17
0bc30b
f0e4f0
f490f4
046e04
00d800
f326f3
f41df4
01ff02
045304
fafafa
febefe
052005
f372f3
e623e6
fea5fe
17b017
08cf08
ed0eed
ea39ea
faa8fa
093c09
0d280d
035803
f154f1
efb3ef
0a500a
1a0a1a
fb35fb
dac3da
f5c1f5
27ac27
1fd41f
e99ce9
d799d7
fc3ffc
199d19
0fb30f
fed5fe
fde3fd
ff45ff
fcd7fc
02ae02
0e9e0e
09da09
f392f3
f2fdf2
10b410
16b916
f8fcf8
f3f1f3
108010
195119
092b09
fbd1fb
f227f2
f2dff2
083e08
1c6b1c
1afe1a
07d007
f0daf0
ef3bef
083808
181518
0ad40a
f609f6
f133f1
011401
116211
0b7e0b
03a703
10b110
16f716
031003
eeccee
f0f7f0
083408
1a811a
0f250f
04c204
137913
07af07
dc51dc
e42fe4
1e3f1e
2fad2f
08b908
e344e3
e783e7
11d911
2b682b
0f730f
f201f2
fa9dfa
00a300
f64df6
fe6ffe
144814
199d19
0ad30a
f53ef5
ed9ded
fdeffd
0f470f
0dae0d
073007
094e09
064106
f495f4
ef19ef
096709
1ac21a
033203
f33bf3
0b980b
15f115
f35cf3
dc5edc
ffadff
336f33
275927
e24ee2
cf56cf
07c007
1f121f
fa14fa
f551f5
143514
0dd90d
f09ff0
ead6ea
f303f3
018101
143c14
131d13
00dc00
f15ff1
e3a0e3
eaeeea
15b215
2a472a
019001
da1fda
e915e9
07cf07
05a305
f07bf0
f4c1f4
11b611
124812
ef28ef
e2d8e2
f4fbf4
fb41fb
ff4cff
0bf90b
fe5efe
ec15ec
040404
142514
f20ff2
dd21dd
f295f2
046404
0e600e
190719
050f05
e25be2
e3f2e3
f7e1f7
f985f9
fc28fc
0a0a0a
0af80a
022b02
fe83fe
f39af3
e84ce8
f696f6
055e05
f9e3f9
027902
262126
127f12
d2efd2
d47dd4
05dd05
0be00b
055e05
1a961a
126512
ebe4eb
e604e6
f4b3f4
fb14fb
09e809
11c311
01db01
fe40fe
090a09
ff6fff
f2b2f2
fc93fc
08fe08
0c4f0c
09fe09
f8dcf8
e9a0e9
fe4efe
1e791e
108710
e44ae4
e62ae6
18ae18
230923
ee48ee
d5c0d5
040504
2e2e2e
1c961c
f171f1
dd13dd
ee45ee
131b13
1d7d1d
fc8ffc
e54ee5
fe45fe
1aac1a
0e5b0e
f622f6
f3b6f3
f88ef8
f727f7
fcb3fc
0ded0d
1aa31a
11d311
f6acf6
e31de3
e7d4e7
fa15fa
0fc90f
20fa20
130f13
e65ae6
d80fd8
07da07
2fc22f
0b740b
cf5bcf
db1ddb
20ca20
3b1f3b
062306
cde1cd
df66df
1acb1a
220722
f1cff1
e64be6
109210
1fcc1f
fd83fd
dd7cdd
dc7bdc
fe8afe
2b132b
229522
ea86ea
dd57dd
065d06
153515
f8bff8
e85ce8
fafffa
10c410
074807
ee36ee
f046f0
047d04
024f02
f38ef3
fc39fc
17bf17
1d421d
f35cf3
c66cc6
dba5db
153315
1cc31c
fc50fc
f41af4
014701
00ea00
ee4aee
e15be1
f985f9
1b581b
031603
d5e8d5
f3f9f3
2ebc2e
15bd15
d166d1
d07ad0
02a702
133613
004d00
fb1bfb
01ea01
fb89fb
f613f6
fb29fb
f59bf5
ef53ef
ff68ff
0a140a
fdfcfd
fd3cfd
099b09
036003
f2bdf2
eb6aeb
f078f0
0d1c0d
29d929
10e210
de4ede
e018e0
084108
179d17
0ef80e
020502
ec0aec
e5dde5
09f309
2a362a
121312
e60ce6
e7a5e7
0e5b0e
1db31d
002d00
e433e4
fb3cfb
29c429
277227
f6f4f6
e54ee5
033f03
150e15
08ac08
fdcdfd
f8eff8
faaffa
17bb17
339f33
155515
da09da
d6c7d6
10f810
390439
1ad01a
e327e3
e91ee9
27d627
353435
f3adf3
cb9fcb
f5e7f5
2a712a
285828
063606
f5e9f5
030403
09af09
f411f4
ed85ed
158c15
36da36
1f441f
f1c1f1
e316e3
f1eef1
034f03
10bd10
1c191c
128d12
f190f1
ebb6eb
14b414
27e627
017e01
e390e3
f7d3f7
130513
12da12
024402
f4c1f4
fe50fe
175417
0b430b
d3d1d3
ca81ca
18c718
511851
16a616
c461c4
d6aad6
1abf1a
188018
e623e6
ed42ed
27b827
2edc2e
f037f0
cc91cc
f2cff2
1b481b
0f4f0f
f5bef5
f7bef7
09c509
100810
f87ef8
d7b2d7
e314e3
122c12
1ae41a
fa87fa
f484f4
053405
fa91fa
ea06ea
f787f7
02fb02
f9c9f9
ff13ff
0f810f
068e06
f63af6
fa78fa
f903f9
e88be8
ec79ec
073507
1b6a1b
1bdb1b
fdaefd
cf96cf
d274d2
117711
315a31
020102
cf9acf
e2cee2
14f814
182618
f29ef2
ed04ed
0d360d
0e020e
ec65ec
edf9ed
0f410f
0bd60b
ec39ec
efb0ef
0a4f0a
040e04
ec6eec
f588f5
0cdd0c
053305
f3c1f3
00f400
104f10
f48af4
d21dd2
f028f0
355635
399a39
ee62ee
c1c7c1
ef38ef
281b28
19ad19
e0abe0
d3e9d3
0cf40c
3d213d
18c418
d580d5
d7abd7
0c2a0c
197c19
f78ef7
e4c1e4
ff01ff
234123
1df91d
f750f7
e83ee8
f4e3f4
f559f5
fa42fa
1d821d
27aa27
f4ebf4
d2bed2
fcbcfc
2c8b2c
123112
db95db
e4dae4
1e511e
29cb29
f87ef8
dac2da
f767f7
1c161c
158e15
f255f2
ea48ea
0d3c0d
1ee01e
fbf3fb
e6ace6
072707
14cd14
efcbef
e71ee7
12b112
273727
080a08
e062e0
d4f0d4
f90af9
346d34
33b433
e823e8
c2cdc2
fdadfd
32ee32
10ed10
e00ee0
f404f4
1c721c
0b370b
e401e4
f278f2
1bfe1b
15b615
ed60ed
e67be6
032003
132413
0ade0a
017401
ff81ff
fcc3fc
f68df6
f5acf5
023402
0f8e0f
089f08
fad6fa
044904
115711
fa41fa
da12da
e8dee8
176e17
28c628
0eca0e
f07cf0
eefbee
023a02
0c950c
06d306
004c00
fdb8fd
fc56fc
fd2ffd
fb61fb
fce5fc
10e110
1eda1e
060d06
e8dae8
efcaef
fc55fc
f75bf7
00c600
197f19
184318
fbc3fb
e8ace8
ef15ef
006300
06d606
012001
008700
057c05
045404
ffcdff
f760f7
ec77ec
f835f8
141a14
102210
f624f6
f76cf7
fdc6fd
e922e9
e91ce9
124712
22b422
006400
e313e3
ebafeb
fe1afe
fa7afa
ec18ec
f889f8
185a18
129112
e745e7
e00ce0
0a2f0a
195b19
f23df2
d7b9d7
f122f1
0ef30e
086c08
f964f9
fc56fc
f92ff9
e60ce6
e948e9
0cf00c
1b2f1b
f744f7
d826d8
f148f1
173817
080e08
e22ae2
eeddee
1b861b
191619
e6d3e6
d147d1
f40df4
165216
0af30a
ef6cef
f129f1
073a07
0b650b
f631f6
e453e4
ef7fef
0b870b
14cf14
05af05
f6b5f6
ef93ef
f125f1
057e05
15fd15
04c404
f31bf3
01f301
0c960c
00b500
003d00
05b905
f89df8
f661f6
0e590e
168d16
030703
f719f7
fe16fe
079407
0aa30a
071307
ffeaff
fb34fb
022702
13e413
130513
f502f5
efe3ef
1a621a
2ce92c
087e08
ef88ef
fb7cfb
047804
043304
051805
044f04
170817
344434
19f819
d6d7d6
d2e8d2
108110
285828
09bb09
022d02
1dcd1d
1bd71b
f34cf3
e8d4e8
0f6d0f
212e21
04bb04
fdbafd
1cce1c
157515
df94df
dbb0db
1e221e
3de83d
0d610d
e528e5
fe50fe
176c17
fd9afd
e7c5e7
08c208
32ca32
22f422
ec6bec
e203e2
137f13
274127
f62cf6
df76df
155615
350935
05e905
df80df
f9d4f9
18f818
0ec70e
f59bf5
efd3ef
059905
1f791f
12a312
e567e5
dcdadc
0b6a0b
251225
055805
f087f0
0a9c0a
143b14
f100f0
df9cdf
fd12fd
147f14
037e03
ef33ef
01ee01
1e741e
092609
de51de
eb2deb
101110
022402
eed5ee
05dd05
034203
e0fee0
f738f7
251a25
0c730c
de77de
e4ede4
f7a9f7
fb0ffb
068906
077e07
f1d5f1
eabeea
f826f8
029e02
05a305
f679f6
dcaadc
ea02ea
174617
18dc18
e99ee9
d090d0
e787e7
0d440d
1a1b1a
fc21fc
d960d9
e80ce8
0b8d0b
068c06
f1dff1
fa59fa
fe30fe
e615e6
e121e1
fb40fb
071b07
003800
01b101
051e05
fe96fe
f0def0
db3adb
d750d7
03ae03
305130
1b331b
e8a3e8
debfde
f4bbf4
02a102
02d402
001a00
032703
072b07
fee0fe
f98ef9
05d705
00d700
e2bfe2
e8f7e8
186b18
23aa23
010b01
f2abf2
ff63ff
00f900
006600
09c109
fe17fe
e408e4
f69ef6
2be12b
2d102d
f2d3f2
dbe9db
052e05
1e111e
ff85ff
e554e5
fadefa
19da19
138213
f880f8
f6a5f6
0dec0d
15f015
02c802
f171f1
f5e8f5
059c05
0dc70d
09a309
018401
fc4efc
fe6bfe
092e09
0c730c
feecfe
fc8dfc
0e7d0e
0d040d
f5d2f5
f494f4
032e03
04b804
0b800b
198d19
0daf0d
f65af6
f66ef6
007600
031903
028b02
fd02fd
febffe
14f714
207f20
096509
ee9dee
ef8bef
07e407
197119
055805
e93fe9
00ee00
2a222a
170217
e652e6
e384e3
028002
150315
144e14
07de07
f9c2f9
f6c3f6
fe0efe
095709
0e400e
004500
f132f1
fb96fb
0e780e
0f660f
017601
edb6ed
e7f4e7
054605
228722
115b11
efaeef
ea34ea
f441f4
010000
14a814
138113
f024f0
de67de
fb67fb
103710
f952f9
eb56eb
068706
14f714
f98cf9
e269e2
e78be7
f703f7
089208
084a08
ed28ed
ed58ed
166516
17d817
e600e6
d622d6
f52df5
09cb09
05f405
f618f6
e898e8
f20af2
ffd6ff
f90cf9
f6d9f6
fbabfb
ee41ee
effeef
0e5d0e
073f07
dc55dc
dc06dc
ffd5ff
0e300e
08dd08
fdb5fd
ed0ced
e8dbe8
f096f0
f514f5
009400
0ddb0d
06b606
f864f8
ef16ef
e55be5
f257f2
123412
0bbe0b
eb55eb
f7b8f7
1a691a
0e380e
e8a0e8
e15fe1
f55ff5
0af70a
179217
169316
0c350c
002500
f195f1
e6bbe6
f3f3f3
197a19
2d592d
108d10
e9ade9
ebceeb
040504
0b790b
09d809
08e308
012201
00fb00
0e8b0e
0e7b0e
fd85fd
f6f3f6
035a03
19d119
234423
047f04
df92df
f39ff3
1fce1f
17e017
f7e8f7
033b03
202520
171917
f55df5
e753e7
fa46fa
147214
12ad12
ffa1ff
09c509
263826
169216
e515e5
e1c5e1
120e12
254325
01dc01
e799e7
014801
2a1d2a
24b724
eec0ee
d383d3
047a04
39bf39
1ed61e
e591e5
e356e3
ffbeff
0b5a0b
17dd17
1e221e
fa05fa
da5eda
ff1cff
2e342e
149014
e205e2
efd5ef
212721
1cd61c
e991e9
de6ede
0efd0e
2f1f2f
114011
e398e3
de4fde
fde0fd
18f118
126d12
f8b1f8
f1d2f1
009b00
075b07
041404
05f805
017701
f385f3
f7a3f7
0cc30c
112c11
035203
fb9cfb
fc3cfc
fb30fb
f877f8
f8fcf8
02d802
11da11
12c412
001a00
eaafea
e12fe1
ed75ed
0e020e
222a22
0f820f
ed77ed
de2cde
e877e8
067106
1def1d
0b690b
e862e8
f77af7
27b327
1d631d
d589d5
c078c0
093a09
416b41
14bd14
d1b8d1
d7b7d7
03b503
141114
0d390d
fbd3fb
e2c3e2
e5a0e5
0c6e0c
1ddc1d
019901
e53ce5
e892e8
00a300
17ce17
161916
f6f1f6
deb2de
ed5aed
0e8c0e
16a616
fd84fd
e769e7
f18af1
0a2c0a
115d11
042804
f07bf0
e606e6
f5bcf5
152415
1cc81c
026402
e4b7e4
db99db
ef8bef
1b671b
31b531
0b080b
d67fd6
d9d5d9
ffb8ff
0e660e
0bc90b
0dd80d
039503
ede3ed
edc4ed
01de01
09cb09
015401
fe10fe
063106
072a07
f677f6
ef17ef
04af04
0f710f
f503f5
e8c7e8
059205
150d15
02ad02
f782f7
f6ecf6
ee17ee
f12df1
03d703
070207
001000
05db05
05c205
f24ef2
e852e8
f5d7f5
04d604
095f09
0a440a
05a205
f6bcf6
eb19eb
f3bff3
087d08
0fff0f
018901
f05cf0
f248f2
ff2fff
fdf3fd
f544f5
ffb4ff
0fbc0f
08f908
fb88fb
f87af8
eeb0ee
e7a1e7
004e00
1fe11f
1c951c
009b00
ecf0ec
f349f3
09ad09
092309
f21ef2
fd0ffd
1d991d
081d08
dc2cdc
f514f5
2a542a
1f471f
f268f2
e7a4e7
f151f1
fc8afc
188018
29d629
088b08
dda9dd
e51fe5
058805
103a10
13e313
1a341a
06ce06
ea05ea
f11bf1
084408
080708
032a03
0e110e
12c312
037103
f00ef0
f14af1
0f2d0f
24db24
0bfc0b
e774e7
ed95ed
0c310c
15d715
0a8a0a
fef7fe
f6b9f6
ee97ee
f20cf2
0e3c0e
249524
069006
d6ced6
e2e9e2
182218
239e23
ffb3ff
ea54ea
fbd3fb
0e820e
fda7fd
e6f9e6
feb5fe
23ab23
102710
e0dfe0
dcb5dc
f87ef8
096b09
0e680e
0b610b
fa97fa
e629e6
e140e1
f9adf9
1f081f
1c841c
ea31ea
d1a6d1
f8e9f8
202c20
0e380e
e646e6
e5e9e5
051705
0b180b
f433f4
f2f7f2
074207
016201
e748e7
e409e4
f7fcf7
0d2d0d
1a961a
123b12
f204f2
db5ddb
e832e8
061606
13e613
0b680b
ff68ff
fa3ffa
f69df6
f6a4f6
fca0fc
fd12fd
fb23fb
07f407
15cd15
08e808
ec76ec
e35fe3
f9ecf9
1a0c1a
1d731d
fa82fa
dd49dd
f26af2
24d924
307b30
fbc3fb
c90fc9
e196e1
22bb22
348034
0f510f
eb47eb
e42fe4
f4d4f4
0cd30c
160016
0d9f0d
00f800
f52ff5
f4cef4
06d206
115011
02a502
f609f6
037103
1d081d
22ab22
019c01
da4bda
e4aae4
13b713
267226
110111
f8b0f8
f23cf2
ff76ff
12e412
132913
03b903
febefe
03b203
024002
fca4fc
fe48fe
08d108
102210
0a910a
035a03
01f401
fbf5fb
faf4fa
0e3c0e
1adb1a
09cb09
f4ddf4
f15bf1
f9a7f9
0a7f0a
183818
13a913
065a06
fa30fa
efe3ef
f700f7
0d160d
102610
fd97fd
f61ef6
041104
159a15
121e12
f3fff3
e1c9e1
faa6fa
1d481d
1f641f
03cb03
e41fe4
e1b7e1
05ee05
218821
13b213
fc04fc
f1b9f1
f0a4f0
02cf02
18e718
099309
e7a3e7
e8aae8
055005
100010
fe93fe
f09af0
006a00
164616
0c250c
f28ff2
ebc4eb
f3b6f3
028802
11c911
092e09
f2f2f2
f384f3
fe38fe
fd8cfd
024002
069106
f971f9
f3f3f3
fbdafb
f320f3
e784e7
fa4afa
1a411a
1cd61c
f069f0
c29bc2
dee8de
250225
26b826
f7c4f7
f84bf8
067806
e50ae5
d165d1
f91bf9
247d24
25cb25
000600
d5f5d5
dee7de
0f1e0f
194f19
f81bf8
e54fe5
ebd0eb
ff28ff
1ab51a
1f761f
01d001
eb29eb
eee8ee
f80bf8
fe5dfe
04b304
0aeb0a
122112
0ddb0d
f6c3f6
e7ffe7
f46df4
07f707
11c111
148414
0dcf0d
f82ff8
de5ede
de6ede
07fc07
2f5c2f
1d631d
f05ff0
ee28ee
088108
022d02
e896e8
f6a3f6
233223
2bde2b
fdeffd
d0b4d0
da1bda
101710
352435
1c491c
e668e6
dae3da
fbb6fb
0cb60c
01ef01
ffe6ff
082108
02dc02
f207f2
ecfaec
060806
237023
0e0d0e
e021e0
ef75ef
1a4a1a
fe86fe
d363d3
fe30fe
358735
162416
e278e2
eab3ea
054005
05da05
036703
0a460a
04d904
eef0ee
e6bbe6
02a402
245d24
1a341a
ece9ec
d773d7
f491f4
1db11d
1ac01a
eec8ee
ddd3dd
ff8eff
11be11
f9fdf9
f991f9
1d271d
1ab71a
ea5bea
d9bad9
fd7cfd
198419
08fe08
e959e9
ea08ea
098209
13a113
fb74fb
f562f5
0a1f0a
029a02
e355e3
e8cee8
0a660a
131213
062b06
fc21fc
f248f2
f44bf4
0f080f
1e441e
013e01
d73dd7
d0c9d0
f4a4f4
1fee1f
268e26
05f305
ed0bed
f338f3
f7aef7
e921e9
e8e2e8
077407
1f461f
11c711
f7cff7
f1f0f1
f1dff1
e49fe4
e792e7
0ec20e
27d227
071907
d93dd9
db7bdb
004e00
165616
0d7d0d
f57cf5
e82fe8
f3e1f3
01ed01
f850f8
f054f0
093a09
226722
0e620e
e08de0
cf47cf
ef94ef
1f4c1f
249224
fb12fb
e42be4
fa2afa
055d05
ee88ee
e896e8
098109
25fa25
183618
ed3ded
d746d7
f3f1f3
1df51d
231923
0a090a
f1e3f1
ea62ea
fc05fc
155715
13cf13
008700
fa38fa
fa2afa
f9b5f9
096e09
1ccc1c
16ae16
ff38ff
f106f1
f7fdf7
0b040b
0d540d
fb55fb
fe45fe
1c581c
21a821
010401
eb11eb
fadafa
14ea14
129812
f798f7
f450f4
167916
26d826
0a500a
f080f0
f8baf8
084108
07e007
030803
0b7d0b
170017
070507
e6dbe6
ecefec
172617
242424
099d09
fbe4fb
01ad01
f5b3f5
e3d8e3
fdf9fd
361036
3bb03b
fbf4fb
cc96cc
e480e4
0e980e
14bc14
08eb08
085008
0ea20e
083f08
f32ff3
f313f3
169e16
208320
f148f1
d6a6d6
fd73fd
1f941f
119611
feddfe
006800
00e200
f538f5
eb29eb
f910f9
18dc18
1bdd1b
f78ff7
e1e4e1
f15df1
04a004
0e0b0e
111c11
035603
f081f0
f20bf2
fba7fb
f8caf8
f6a5f6
047d04
184e18
1b131b
ff40ff
dc1edc
db58db
fac3fa
132713
14c514
073607
f26bf2
e9fae9
fbe4fb
106610
093b09
efebef
e792e7
fc53fc
0e000d
fd7ffd
e7b4e7
f862f8
149d14
0bb30b
f4f1f4
fab1fa
078b07
fcbcfc
ef9cef
f7a8f7
057f05
085408
067206
067606
03e503
fe10fe
f96cf9
f1f1f1
e8c7e8
f5aaf5
1ac01a
23d623
f8d6f8
da47da
f543f5
0f860f
fa7efa
ed33ed
101610
25ff26
016401
dda2dd
f131f1
102f10
071e07
f361f3
fffcff
18fb18
13e513
f37bf3
e519e5
ff7dff
151915
f9c8f9
e056e0
073607
346634
16b316
dedfde
e301e3
0e820e
200920
0ee30e
f98cf9
f879f8
062406
04fa04
f6d7f6
00b500
1df31d
210921
035d03
e7d5e7
e5dce5
fc42fc
161a16
1afd1a
0f170f
059d05
fac1fa
e955e9
ea77ea
0d510d
2cd32c
1d6a1d
f131f1
dfcfdf
f56af5
0d050d
11d111
0d4a0d
039603
f704f7
f625f6
01c501
077e07
01ba01
f966f9
f5dff5
ff8dff
106110
0c790c
f387f3
eb96eb
fc7bfc
06ff06
043004
03b503
051305
061b06
07d507
fab8fa
e2c3e2
eb7deb
165f16
206520
f7f7f7
e35de3
fe1dfe
0f880f
010301
f822f8
fd3dfd
fc6afc
fbdefb
03e903
085008
067b06
049d04
fdd5fd
f3c5f3
f5fcf5
038e03
057d05
f808f8
f797f7
0b3c0b
106210
fb69fb
edfeed
f823f8
07d107
0fb00f
079f07
eec1ee
e4d3e4
035803
243224
14e914
ec02ec
e422e4
fc21fc
06a706
ffb0ff
038003
0e370e
0a970a
fadafa
eb6feb
e86ee8
fd54fd
1a5b1a
1e2a1e
088a08
f336f3
e821e8
e914e9
fac9fa
0f770f
123512
088c08
01b701
fa1ffa
ed08ed
e56ee5
efdfef
0baf0b
22e122
1aca1a
fd0ffd
ea2bea
e475e4
e264e2
f352f3
176117
281728
0f2c0f
e9cce9
e432e4
fd4ffd
067906
f326f3
ee0aee
02c702
0cd30c
011a01
f393f3
f080f0
fac3fa
085f08
085e08
fd70fd
f43ef4
f1e4f1
f907f9
01da01
01e501
002100
ffbfff
fb36fb
fbcffb
013601
f9b0f9
efb4ef
f996f9
0aea0a
0f5a0f
080808
fccffc
f5d3f5
f7fff7
ff2aff
049d04
02b802
fdcefd
027802
090309
041704
019801
02e302
f30cf3
e630e6
fc9bfc
1a951a
1bb11b
092d09
f382f3
e8fbe8
fab4fa
14fc14
14d614
056905
00de00
011e01
fd5cfd
fc60fc
019e01
0e290e
1a0f1a
0d170d
ebf5eb
e7ade7
0f510f
2b312b
124012
ec7dec
f127f1
0d0d0d
0d640d
ff8aff
06ce06
0ab90a
fb55fb
02fe02
214c21
1f331f
fc86fc
e474e4
e732e7
033e03
203020
1b591b
0be30b
147c14
13d513
f65ff6
e7f5e7
f75ff7
08bb08
0f090f
073c07
ff89ff
141814
2b1a2b
131513
e907e9
e7b9e7
02b602
0f790f
0bfe0b
0c730c
154c15
162516
04a404
f673f6
ff26ff
086008
fdb2fd
f48bf4
fd5afd
082108
0b230b
0bdb0b
0a570a
079207
057805
fdddfd
f2c0f2
ef97ef
f75bf7
0b360b
24d024
255c25
fee8fe
d8e7d8
dd32dd
01df01
1b641b
11d711
fd74fd
fc3bfc
fdfffd
f11bf1
f157f1
0a3a0a
167c16
063306
f625f6
f8b6f8
00f200
febffe
f7d6f7
fd5efd
086008
027302
f4fdf4
f989f9
04e504
fdb1fd
f0ccf0
f812f8
066f06
ffdaff
f126f1
fa7dfa
102410
0b9c0b
ef73ef
e25ce2
f43df4
0e010e
103d10
f86df8
e982e9
fbd0fb
11b211
04a504
e605e6
e333e3
fe35fe
0eb10e
02ea02
f5e1f5
fb68fb
03e003
02af02
fd94fd
f4d0f4
ebfaeb
f0f1f0
ff1aff
05cf05
04a904
017401
00d200
04ea04
ff81ff
ef04ef
efddef
014901
045a04
fd76fd
fd95fd
001c00
0c180c
1d011d
0fab0f
ed71ed
e3f5e3
f030f0
fde3fd
130f13
21bd21
124312
f578f5
ea98ea
faa6fa
149614
175817
fe4cfe
ed0fed
f515f5
05b705
112611
111b11
064206
00c500
058805
003900
edbaed
eeaeee
10ce10
2b362b
1aad1a
f9f6f9
ed70ed
edd1ed
f095f0
ff3bff
134713
1b781b
17c017
0af40a
f6d3f6
ebe1eb
f445f4
025c02
09ff09
0a040a
036903
037903
116a11
113411
f6e8f6
ebd6eb
ffc2ff
0c230c
05f305
012d01
fb32fb
f583f5
000900
0fd30f
122812
090b09
fc0bfc
f82af8
003300
fda1fd
f259f2
fab7fa
0eb00e
169616
146b14
0a250a
fcfcfc
fb58fb
f971f9
ecd0ec
eda3ed
01a801
0fff0f
115511
0ac50a
fed2fe
f8e5f8
fdb0fd
014701
fe0ffe
fcfbfc
045604
089c08
fda6fd
f140f1
f3c4f3
fed4fe
0aa80a
102310
05ba05
f893f8
f6c1f6
f4edf4
f3edf3
fdc4fd
047704
034603
06cc06
091109
03b803
fbb4fb
ef0fef
e851e8
f5faf5
07e007
0d3e0d
08f208
fac4fa
ec8fec
f0d8f0
ff3aff
01ed01
f5c7f5
ed00ed
fc07fc
108e10
050a05
eb8feb
eee7ee
051405
0eb40e
02e102
ea54ea
e307e3
fa0afa
090a09
fbc7fb
f311f3
fcf9fc
01f201
f913f9
f2a9f2
fb0efb
080f08
050205
f06ff0
e150e1
ecadec
06c706
0d2d0d
ff9cff
fd60fd
02df02
fc38fc
f6e5f6
f75df7
efe9ef
f03bf0
02af02
0fce0f
103c10
093909
f5c8f5
e955e9
fb97fb
12ed12
0d820d
f943f9
f60af6
048904
0a9f0a
fe21fe
f530f5
02b502
17ca17
166716
fe28fe
f184f1
fbcefb
019401
feeafe
07a807
129f12
0fb90f
05b705
fd9bfd
ff91ff
095d09
077407
ff29ff
046204
0b650b
0c900c
106810
092e09
f96df9
fd42fd
0a5f0a
0e0d0e
138413
109a10
fb00fb
f3c0f3
030203
073007
ffa5ff
068a06
189018
1a3a1a
02e002
eda8ed
f08af0
fd63fd
075b07
113111
14ee14
112611
0b7a0b
010d01
fab9fa
01f901
067706
02d502
040504
06af06
08f208
0ce30c
052805
fa32fa
03dc03
128212
0e590e
fc43fc
e678e6
e251e2
00a800
21cc21
250d25
161216
fff2ff
e866e8
e629e6
f92ef9
04e604
02a802
027e02
08e208
0a820a
01d001
fb05fb
fd8dfd
fe0afe
f981f9
fb6bfb
046304
09c709
036403
f5e7f5
f5adf5
064506
0b400b
fbbdfb
f493f4
ff17ff
023b02
f73ef7
f420f4
fcfcfc
fef4fe
fa93fa
fe75fe
038f03
000d00
fcf5fc
fd02fd
fb8cfb
fcdbfc
fe5efe
fa66fa
fa6afa
006100
ff3bff
f884f8
f8f0f8
007c00
046404
fd72fd
f3e9f3
f633f6
fdf7fd
faacfa
f335f3
f9b0f9
08e008
0acc0a
fba3fb
ee4dee
edc9ed
f5dff5
028102
080108
fc0efc
f26df2
fc39fc
068a06
063a06
056505
00df00
f744f7
f325f3
f22af2
f577f5
055305
0f7e0f
04bc04
facdfa
ff2cff
040304
01e401
fb82fb
f650f6
f92ef9
fee1fe
ffedff
025a02
083208
0b5f0b
0aa00a
03cd03
f9d5f9
faa1fa
035103
026b02
fdb8fd
048004
0c9c0c
086108
012801
01c801
056505
05cc05
02aa02
fd0ffd
fbcdfb
03d603
070407
fbc9fb
f94cf9
0c810c
168716
06a706
f907f9
fc7ffc
015101
016e01
ff25ff
fb03fb
007b00
0e300e
0ade0a
f723f7
f0a2f0
fd01fd
0b4e0b
0f070f
012f01
ef63ef
f317f3
02c902
044404
fe95fe
007700
01f801
fe79fe
fde8fd
02b702
05ba05
fe71fe
f2fbf2
f521f5
03ff04
0c620c
05a405
f7d0f7
f402f4
013401
0a7e0a
011901
f7e7f7
fb93fb
01a801
04de04
03ac03
fd9cfd
fddafd
04f604
041a04
fcc2fc
fab6fa
fd35fd
004e00
032603
041904
02de02
ff81ff
fe03fe
029d02
029d02
f6b7f6
f132f1
fe5bfe
0ce70c
0b5a0b
ff22ff
f976f9
003200
05d005
018601
fd74fd
ff84ff
013401
00c700
01ac01
035703
021702
fd84fd
fcaefc
027402
046104
fd3efd
f6dff6
f8b2f8
ffccff
043204
002000
f9abf9
faa0fa
fff7ff
018401
ff4dff
fdc5fd
fda8fd
fb95fb
f919f9
fb8bfb
fde5fd
fb5bfb
fdfdfd
07d607
0a6d0a
01b301
f866f8
f7edf7
fe02fe
fc63fc
f2daf2
f4d0f4
010401
05cd05
05ba05
03d903
f8ebf8
f02ff0
f556f5
fbaefb
fa4afa
f945f9
ff30ff
065b06
01f401
f5bcf5
f3bdf3
f882f8
f7fcf7
f943f9
fd76fd
fdfbfd
00f600
035203
fcfdfc
fa3bfa
ff34ff
007a00
ffebff
fe97fe
f85df8
f864f8
029802
08fc08
056405
fae3fa
f3bdf3
fa59fa
021b02
004900
008300
fecffe
f2ebf2
f036f0
fb85fb
03a403
095009
0b410b
fff7ff
f572f5
f7d3f7
fe39fe
04c304
067006
fe21fe
fb32fb
044e04
09b209
078c07
033103
fb99fb
f5fef5
f8bbf8
01c601
0b000b
098309
fd93fd
f972f9
006200
040104
030103
03c903
061306
085808
075f07
011801
fa0ffa
f7e2f7
fef9fe
0bd70b
103710
098709
03ee03
024b02
01f901
04e704
07ef07
074607
04f204
022202
013501
046104
097d09
106010
151215
0f8f0f
070407
05c405
040604
fc6afc
f8e3f8
00b700
0e350e
12e212
0b670b
077607
0a250a
06ff06
01ae01
ffc4ff
fc05fc
feecfe
0b850b
0e1c0e
074407
090209
0b9c0b
048204
00d300
06ab06
08d508
00cf00
fab9fa
01ac01
0adf0a
079007
fe8cfe
fc9efc
01f601
05f705
ffcaff
f807f8
fee1fe
073d07
ff37ff
f785f7
fd23fd
02fb02
039603
00ae00
fb31fb
fd9ffd
05df05
03d903
fd2ffd
fe1bfe
feacfe
f998f9
f638f6
f9f9f9
02ab02
04b704
fcb1fc
f9cbf9
fd61fd
f888f8
f15ff1
f6aff6
00cc00
00b500
f5eff5
eef2ee
f800f8
067806
09ab09
041404
fbd4fb
f26ef2
ef6aef
f47ff4
fb53fb
035503
088b08
03e603
fb4cfb
f683f6
f612f6
faa0fa
fd8bfd
f742f7
f1f4f1
f72ff7
ff2bff
03a003
047c04
004c00
fbfbfb
fcf8fc
fd93fd
fb21fb
fccefc
02b602
04c504
016c01
fd40fd
fbe4fb
ff59ff
038903
007d00
faddfa
fe3ffe
044704
008100
fa90fa
fd1bfd
021502
025d02
ffafff
fe18fe
000700
026a02
029702
047504
055205
ffb4ff
fd22fd
026002
01d901
fa88fa
fae7fa
02fa02
084f08
06c506
ffecff
fc2afc
00ef00
036603
fc34fc
f7b6f7
fe7efe
070007
081308
044304
010601
000700
013801
03ac03
04cb04
03a803
014601
fdd0fd
fc5afc
ffb4ff
00b100
fae0fa
f982f9
016b01
057305
00ab00
fe18fe
021a02
05a305
03f703
ff91ff
fdccfd
007c00
03d303
049704
045504
052805
055c05
023f02
fde7fd
fcc1fc
fe19fe
ff25ff
00f400
03a503
04bf04
044004
01d001
fc32fc
f87df8
fbeafb
015301
025d02
007400
fde8fd
fc92fc
007600
06d306
05cd05
fd5cfd
f99df9
ffc7ff
063e06
03c703
fd58fd
fd42fd
026402
03b003
ff9fff
fbc0fb
fad4fa
fbf0fb
fdb4fd
ff1aff
ff58ff
fd5bfd
fb23fb
fe30fe
048a04
038703
f98bf9
f246f2
f534f5
fd28fd
01a701
008800
fce8fc
f928f9
f75df7
f9dcf9
fda9fd
fe49fe
fd41fd
fb8bfb
f91bf9
fbeefb
02dd02
016801
f930f9
f83af8
fc4cfc
fbe1fb
fbe3fb
00c700
029602
fc7efc
f3e7f3
f0bbf0
f6a5f6
fff2ff
02f502
ff5cff
fbbdfb
f9c6f9
f83af8
f894f8
fb4bfb
fe64fe
00ec00
01ac01
feccfe
fa84fa
f92df9
f9fdf9
fa20fa
fc73fc
03fc03
0a9f0a
082908
fefafe
f895f8
f9aaf9
ff46ff
030a03
00e800
fd1bfd
ffaeff
06e106
07f607
ffcaff
f7d6f7
f8f8f8
00ce00
05b205
02fa02
fe6cfe
ff09ff
037f03
069b06
064f06
023e02
fc26fc
fac4fa
01c501
094d09
082a08
014001
fdcafd
007a00
045a04
04d704
041004
063a06
076107
010901
f987f9
fc0afc
04b604
07cf07
056905
057605
08ba08
086908
017301
fb96fb
ff30ff
05e005
04c304
00fe00
043104
08b108
06a106
027102
01b501
045d04
087008
081d08
00c700
fc16fc
00f800
07f807
0a700a
099609
063006
02ef02
039703
041c04
01c101
026902
04c504
011901
fd06fd
01b901
084708
078d07
032b03
00cb00
011e01
037003
054705
04e604
041104
02f502
00d000
00cd00
03d503
054805
039f03
011901
fdf0fd
fbb4fb
fe20fe
037b03
061706
04b904
01e201
ff1eff
fdeffd
005a00
04ed04
061106
011a01
fb64fb
faf6fa
fd5bfd
fd21fd
fc05fc
fe48fe
010501
ff32ff
fb9afb
fc12fc
ff02ff
fe6ffe
f9d6f9
f684f6
f8a0f8
fe59fe
016601
ff65ff
fdbafd
ff87ff
ff6bff
fa3dfa
f5a7f5
f73cf7
fd76fd
025302
01d201
ff60ff
006000
01f701
ff1eff
fae7fa
f960f9
f97bf9
fb04fb
fd29fd
fc11fc
f967f9
fa9dfa
fdbbfd
fe49fe
fdbbfd
fdb4fd
fd12fd
fc1afc
fbdffb
fd63fd
00b800
021802
ffa1ff
fe41fe
ffb9ff
ff6dff
fd7bfd
fd9bfd
febefe
ff6fff
00b100
016a01
009f00
ffe2ff
ffceff
009a00
026402
029902
006900
ff0fff
ff4aff
ff71ff
ffb0ff
ff71ff
fe4ffe
fecefe
005e00
ff85ff
fdd5fd
fe3dfe
ff54ff
004200
010601
ff7cff
fc7bfc
fc2cfc
ff7bff
040e04
061106
02ad02
fdecfd
fd69fd
fe82fe
fe42fe
fff8ff
035703
03d003
00bc00
fb39fb
f666f6
f8b0f8
ffeaff
019001
fd07fd
fa7bfa
fc06fc
fe69fe
fde1fd
f978f9
f869f8
feeefe
035603
00ee00
00b400
039603
025602
ffb0ff
ffadff
feaffe
fdc2fd
004a00
023402
017e01
014501
00ed00
006c00
01e201
018b01
fd69fd
fbe1fb
fe3cfe
ff64ff
00ba00
046704
053205
013e01
fe3ffe
ffbfff
043b04
07de07
06a706
01df01
000d00
039403
07a007
07c807
05a305
051d05
05db05
047f04
01af01
015a01
041704
06d306
06b006
03d703
026302
04a004
061d06
03e503
02e402
069306
0afa0a
0bbb0b
086208
030a03
ffb6ff
00f100
049104
06d306
068d06
05a505
068406
07ed07
063106
020702
002000
020302
04fb04
064d06
058d05
03f703
01e801
ff4cff
fe62fe
ffd3ff
000300
ff04ff
010401
041204
03e903
02d002
020702
fec0fe
fc6bfc
007700
06bf06
08b708
067906
025002
fe57fe
fd98fd
008500
03d103
03a503
ff40ff
fbc2fb
fe19fe
01cf01
002700
fba2fb
f9b7f9
f9fbf9
fa4afa
fad1fa
fc26fc
fd9bfd
fd71fd
fbd9fb
fb56fb
fb7efb
fa9efa
fb21fb
fdaafd
feecfe
004900
038b03
034903
fe4dfe
fab7fa
f883f8
f5d0f5
f7a1f7
fd09fd
fd76fd
f9cbf9
f8c8f8
f8fdf8
f694f6
f30bf3
f25af2
f763f7
fe12fe
fd8bfd
f76bf7
f542f5
f6d9f6
f753f7
f91cf9
fcdefc
fde5fd
fc0afc
f988f9
f67df6
f5ecf5
f9fef9
fe22fe
feb7fe
fd05fd
fa61fa
f8dff8
fac6fa
fdfcfd
ff5bff
fe36fe
fa80fa
f7ccf7
fb76fb
015f01
009000
fb21fb
f958f9
fbcdfb
fea6fe
003d00
ffc0ff
fe69fe
ff5dff
019901
017201
ffbcff
ffa6ff
01c501
055a05
082a08
068d06
020e02
015a01
051305
076807
07b607
09cf09
0c220c
0a420a
051805
01a101
035e03
08a708
0b310b
081c08
044504
041004
069906
0a380a
0c7e0c
0a100a
057a05
055d05
09de09
0d8a0d
0dd20d
0c230c
0b240b
0c370c
0d980d
0dc20d
0e300e
0f160f
0e550e
0c190c
0ad20a
0bdd0b
0e700e
0fd20f
0e770e
0c600c
0b140b
0a1a0a
0a8b0a
0cab0c
0d710d
0c3a0c
0b840b
0b4d0b
0b070b
0c4b0c
0e920e
0fc60f
107e10
111d11
0f510f
0a900a
06c806
08b308
0f860f
142514
121812
0d0d0d
09a309
085e08
094a09
0c2f0c
0ebe0e
0f380f
0dc70d
0b6d0b
09dc09
09c809
0af50a
0de70d
10a110
0ef90e
0a820a
085108
081c08
07fb07
093f09
0b5c0b
0c2c0c
0b2d0b
06dd06
00b300
006f00
070007
0a5c0a
068d06
022b02
017601
03b603
07bc07
0b290b
0b810b
085f08
031203
ff8dff
00f400
03a903
036c03
02fb02
04c004
054905
026d02
fe9ffe
fcb6fc
fd7dfd
fedefe
fdf8fd
fb6dfb
f991f9
f889f8
f8aef8
fb32fb
fe7cfe
ff3cff
fb91fb
f42af4
ee5dee
f098f0
f85af8
fc2bfc
f919f9
f4d9f4
f437f4
f6dff6
f936f9
f7c9f7
f39bf3
f059f0
ee12ee
eb9ceb
ebadeb
ef73ef
f2d5f2
f36cf3
f1fff2
edc8ed
e875e8
e7f3e7
ec2dec
ee3eee
ec92ec
eb2ceb
eac8ea
e9fde9
e8ffe8
e815e8
e7e4e7
e8fbe8
e941e9
e797e7
e658e6
e5f9e5
e509e5
e524e5
e6f1e6
e6efe6
e46ee4
e3b7e3
e6dfe6
ea6bea
e912e9
e2bae2
df20df
e3a3e3
e980e9
e7b2e7
e102e1
ded2de
e38fe3
e98ae9
ec04ec
ebb1eb
ea8fea
e96de9
eacdea
efe1ef
f310f3
ef9eef
eb39eb
edbeed
f520f5
f90df9
f61ef6
f1c5f1
f2c7f2
f6edf6
f6a5f6
f2c9f2
f402f4
fc29fc
02c002
016301
fc94fc
fc68fc
00dc00
049304
070006
097509
08d208
04c704
03f003
08f208
0de50d
0e2b0e
0c8a0c
0d730d
100210
10c110
115811
14bc14
166d16
122c12
0ddb0d
0f710f
135d13
14ae14
140014
142114
160b16
172517
154915
148014
18c118
1e571e
20c420
203520
1d9e1d
1b521b
1c9a1c
1f451f
1ede1e
1caf1c
1c151c
1d001d
1d571d
1b601b
198419
1c961c
216221
200220
1b281b
1af11a
1d791d
1cd81c
1a881a
1a9d1a
1d1d1d
1ed91e
1ccd1c
185518
160e16
176117
1a6d1a
1d801d
1e341e
1b051b
169616
146f14
152415
16a916
15c215
120312
0f490f
0f380f
0f230f
0de20d
0be90b
08d708
061f06
05a305
05f705
05ca05
059b05
041604
002700
fc8bfc
fc2efc
fe6cfe
001100
fe93fe
fb97fb
f9f2f9
f78bf7
f273f2
eff8ef
f3dbf3
f7f0f7
f630f6
f271f2
f2dff2
f60af6
f65af6
f303f3
efd3ef
eed6ee
efcbef
f252f2
f38cf3
efb7ef
e920e9
e632e6
e84ee8
eb1deb
eb87eb
eb0ceb
ebd5eb
eb5aeb
e694e6
e256e2
e4dde4
e9cde9
e952e9
e56ce5
e49fe4
e6b5e6
e675e6
e227e2
df00de
e1eae1
e582e5
e0f9e0
d882d8
d811d8
dfa1df
e41ee4
e06ce0
d960d9
d4e6d4
d45bd4
d51ed5
d409d4
d0f3d0
ce48ce
cdb9cd
cf08cf
d1cbd1
d5f9d5
da7cda
de13de
e1bae1
e6b7e6
eb3feb
ece2ec
ec54ec
ebfaeb
ecf5ec
ee45ee
ed0eed
e7e8e7
e2efe2
e3c3e3
e880e8
e992e9
e5e2e5
e462e4
e7d3e7
ebb5eb
ee79ee
f2fff2
f826f8
f9b1f9
f787f7
f50ff5
f48bf4
f5b0f5
f6d8f6
f850f8
fc00fc
001b00
014c01
01ed01
061006
0c7b0c
11c111
13ad13
11b511
0f950f
10e310
124d12
10a910
0f000f
0e110e
0afd0a
07df07
090e09
0e210e
143a14
186018
18be18
17f317
19bc19
1e0c1e
239923
280228
276d27
239223
21f321
21d521
219321
257325
2c3d2c
2d262d
27fd27
25ac25
297229
2eb82e
303930
2ce82c
2a182a
2c592c
2f052f
2c672c
278427
253225
24eb24
247024
22ee22
21d921
244524
28bb28
293f29
25c325
249024
272f27
29d129
2add2a
2ad82a
297b29
26bf26
22fc22
1eda1e
1c481c
1c721c
1e0e1e
1f451f
1e751e
1acb1a
16bd16
154215
14cc14
134413
12c712
144c14
143b14
109010
0bd50b
089d08
06a206
04d304
049904
085008
0cf80c
0c5a0c
080208
073807
097809
085308
03b903
003100
fe46fe
fbc1fb
f7bcf7
f32df3
f06cf0
f033f0
f020f0
eee9ee
ed7bed
eb86eb
e919e9
e90ae9
ecaaec
f0d9f0
f1c8f1
eefdee
eb7feb
ea01ea
e9cbe9
e9f0e9
eb7eeb
eccfec
ea6cea
e676e6
e5a8e5
e6a5e6
e574e5
e33ee3
e34be3
e4d4e4
e49de4
e258e2
e062e0
de66de
da57da
d6b0d6
d6a9d6
d6f5d6
d469d4
d276d2
d2cdd2
d24ad2
d111d1
d17ad1
d237d2
d223d2
d234d2
d1bed1
d0acd0
d0d0d0
d0f1d0
ce35ce
c96bc9
c590c5
c4fcc4
c70ec7
c67ec6
c1c6c1
c116c1
c850c8
cf5fcf
d2bcd2
d936d9
e3c0e3
ea1cea
e80ce8
e1dfe1
deefde
e230e2
e630e6
e4c8e4
dfd8df
db9bdb
d8c7d8
d84ed8
db28db
e020e0
e69de6
ec71ec
ec9dec
e894e8
e81ce8
ed0bed
f413f4
fb4ffb
fe7afe
f9e1f9
f26cf2
ee57ee
ee68ee
f397f3
fcc7fc
02b602
02b702
030003
07f907
107e10
184a18
19c519
158d15
11ee11
0e760e
081c08
04f804
092a09
0d1d0d
0ba60b
08cf08
086608
0ba30b
122312
180118
1ae21a
1c6b1c
1d491d
1ef91e
245b24
2a062a
2a322a
269a26
229622
1e1a1e
1bd31b
1daa1d
1f651f
1fa81f
21d121
248b24
256d25
287a28
304b30
377a37
369936
2c352c
208d20
1e2e1e
234123
24f424
218f21
1f991f
204220
210e21
225b22
241824
259425
286a28
2bfa2b
2bb72b
26df26
22bf22
232523
259325
251225
207520
1a881a
156515
120f12
126f12
15bb15
175217
15d915
151c15
171017
1a031a
1be01b
1af21a
178717
148314
123812
0e0e0e
095109
07fa07
09c109
0bdc0b
0d4b0d
0d8a0d
0cf60c
0ddc0d
105310
110511
0e5f0e
0a320a
068106
037a03
ff9fff
faa3fa
f77cf7
f7e2f7
f90bf9
f8b2f8
f7d1f7
f6ccf6
f521f5
f3b7f3
f415f4
f725f7
fb6ffb
fc59fc
f8a6f8
f570f5
f4c4f4
f2fcf2
f07cf0
f08bf0
f0dff0
eef5ee
ed7ded
ed52ed
ecf3ec
eea5ee
f330f3
f5a9f5
f404f4
f08cf0
ea87ea
e235e2
de52de
e1f1e1
e592e5
e2b7e2
dcc8dc
d96fd9
d8f7d8
d963d9
da8eda
dca4dc
de62de
de25de
db43db
d69bd6
d2ecd2
d2b7d2
d423d4
d264d2
cd71cd
cabdca
cb62cb
c99cc9
c3b6c3
bfafbf
c08dc0
c188c1
becebe
bc86bc
c1cbc1
ce67ce
d97dd9
dd61dd
de44de
e075e0
e25ae2
e3f0e3
e762e7
ea17ea
e8b5e8
e450e4
dd80dd
d5b8d5
d464d4
dd53dd
e893e8
ed23ed
ea37ea
e3a3e3
deb3de
e04ee0
e8f0e8
f4bcf4
fd89fd
fce2fc
f29ef2
e761e7
e41de4
eac6ea
f617f6
fd95fd
fea3fe
fea5fe
003400
021202
083808
143014
1bf21b
191f19
129a12
0ea20e
0d6e0d
0f7b0f
120f12
101210
0c090c
0b850b
0da30d
105f10
145614
18c318
1cd61c
1f7b1f
1dd01d
1aeb1a
1e4f1e
251125
26ba26
250725
245b24
228722
20bb20
232d23
262c26
258925
24ec24
26a326
28a428
2ad12a
2c872c
2bf02b
2ab92a
298c29
25f725
224522
225222
235923
228422
215621
1f9a1f
1dcc1d
201a20
262326
2ad02a
2cde2c
2cc62c
29a129
262326
262c26
27ed27
27d427
25db25
22ee22
1f381f
1b321b
17fa17
177c17
19a019
1a761a
18ba18
184418
191b19
172617
143114
14ee14
17b217
184618
158115
0fbb0f
099a09
076807
08f608
0a040a
08f808
084f08
0ad30a
0f590f
115e11
0fb70f
0d510d
0a370a
04c404
ffe5ff
fe94fe
fe6afe
fcd9fc
fa5efa
f721f7
f3e2f3
f372f3
f5e9f5
f72ef7
f471f4
ef62ef
ec75ec
ee0fee
f0b5f0
f0acf0
f095f0
f1fbf1
f01df0
eacaea
e8cce8
eb6ceb
ededed
ee81ee
ecd8ec
e841e8
e42fe4
e4eee4
e83ce8
e8f2e8
e6bee6
e468e4
e22ee2
debade
daccda
d7a9d7
d532d5
d431d4
d5c1d5
d78fd7
d689d6
d40dd4
d34ed3
d3fad3
d381d3
d181d1
cf9ecf
cdcfcd
ca8fca
c752c7
c78bc7
c97cc9
c764c7
c1f1c1
bf89bf
c03ec0
bee5be
bbfcbb
ba96ba
b911b9
b6eab6
b79db7
bc00bc
c36ec3
cea0ce
d94dd9
dbecdb
d78cd7
d532d5
d9c7d9
e1e0e1
e746e7
e6dee6
e135e1
d84bd8
d0c4d0
d1a3d1
dc48dc
e888e8
edaded
ead0ea
e4a5e4
e0f0e0
e42de4
ee24ee
f960f9
00c100
01b401
fa2cfa
ed4ded
e6c0e6
ee74ee
fd91fd
072e07
06be06
025c02
020502
06dd06
0d160d
136a13
19cd19
1c661c
180618
102e10
0b250b
0b260b
0e4e0e
11a211
126412
10c910
10f910
142014
162216
16d116
1a921a
207520
23dd23
239f23
1f871f
18bf18
160516
1bf51b
24d624
28b028
275027
253a25
24c424
258e25
267a26
271e27
293129
2dbd2d
314b31
308730
2d152d
29a229
279327
277d27
26fc26
243e24
222122
21ca21
20d720
204920
223a22
250525
278e27
2a452a
2ba12b
29e629
257c25
205520
1d481d
1e181e
215821
235823
210921
1b511b
174317
188a18
1c9b1c
1e741e
1d8b1d
1c031c
193d19
15b215
155a15
178e17
174617
14a914
12da12
119611
100d10
0e900e
0d9c0d
0e0e0e
0ee00e
0e910e
0f150f
114911
12ac12
12ee12
12c812
10ba10
0cf70c
098509
061006
01d401
ff03ff
002b00
036903
038f03
ff94ff
fbc2fb
fa21fa
f8e2f8
f845f8
fa74fa
fcfafc
f9d8f9
f228f2
eeddee
f282f2
f666f6
f712f7
f645f6
f4caf4
f318f3
f114f1
ee22ee
ed92ed
f212f2
f612f6
f361f3
ed0ced
ea0bea
eb62eb
ec9cec
eb1feb
e7eee7
e479e4
e1f3e1
dfe0df
dc09dc
d8ead8
db4bdb
df7ddf
de88de
d96cd9
d48ad4
d1ded1
d2a5d2
d560d5
d5aed5
d21ed2
cd7dcd
ca7fca
c901c9
c7bdc7
c71bc7
c736c7
c5e9c5
c24cc2
bde5bd
ba40ba
b89cb8
b911b9
ba93ba
bdeebd
c498c4
cd45cd
d51ed5
da2dda
dc4cdc
dceddc
ddb2dd
e000e0
e2cbe2
e101e1
d97fd9
d3c2d3
d4bdd4
d8a6d8
dbdadb
defcde
e20de2
e390e3
e433e4
e62fe6
e901e9
ebc7eb
f129f1
f7d9f7
f88af8
f362f3
efcbef
ef68ef
f176f1
f820f8
00c500
05e105
07bc07
08fe08
0b190b
0fa70f
158915
194619
1a491a
193919
14bb14
0ded0d
0a160a
0b1c0b
0d660d
0f6f0f
11da11
121612
0fe20f
104010
13ba13
162e16
17a517
197119
198619
174417
15a815
17b817
1ce81c
214521
22df22
236123
23bd23
242e24
251025
256625
25fa25
28ac28
2a882a
284b28
252625
24c824
25a725
24d124
228022
209620
1e171e
196c19
163316
182b18
1c801c
1f441f
201b20
1f771f
1dd61d
1ca01c
1d211d
1e771e
1d651d
19cc19
181118
190319
197519
195719
19c119
1a081a
1a831a
1ad91a
195419
172617
16f416
186e18
18f918
16f416
145b14
146714
160416
152615
10a010
0b410b
086d08
08d008
0b2b0b
0e470e
102d10
10aa10
125212
13f013
12f312
128d12
12d912
0e620e
07f307
062706
063e06
04ca04
04c304
072707
098109
097809
055405
ff6cff
fd07fd
fee1fe
00eb00
002e00
fcc1fc
f865f8
f5a0f5
f5fcf5
f760f7
f6ddf6
f5f7f5
f65cf6
f55ef5
f27ef2
f10ef1
f1c0f1
f2eaf2
f28af2
ef39ef
ec77ec
ee3dee
f0b2f0
ee53ee
e7a8e7
e0c5e0
ddb4dd
dea3de
df6adf
de3fde
dc94dc
daddda
d939d9
d701d7
d325d3
d0bcd0
d308d3
d5c8d5
d27ed2
ca5bca
c4d9c4
c4f2c4
c55dc5
c2bec2
c051c0
bf02bf
bc00bc
b770b7
b3b4b3
b242b2
b274b2
b267b2
b423b4
bb65bb
c5c3c5
cf8fcf
d88dd8
dd84dd
db82db
d837d8
da9bda
e13ee1
e577e5
e335e3
dc4bdc
d526d5
d11bd1
d2c8d2
da63da
e38ce3
e8c3e8
e784e7
e1d9e1
dd92dd
e02ce0
eb6aeb
fa55fa
01e701
fd2dfd
f3e0f3
ee72ee
ef01ef
f5d8f5
010b01
0bed0b
126112
124412
0f130f
108b10
185a18
211821
259525
23a623
1e531e
1a611a
16b916
124b12
11dd11
163d16
19ae19
195119
16d016
154315
178f17
1d421d
22b722
24cc24
230223
201920
1f1f1f
1f681f
1ef51e
1f1c1f
228522
27aa27
2aa72a
2bde2b
2ccb2c
2b292b
289028
2a942a
2ead2e
2ee62e
2cf62c
2bc52b
2ae22a
2a182a
279a27
22d922
202920
206720
1fcb1f
1ddd1d
1b5a1b
180d18
16d316
19f119
1ead1e
212221
204720
1e321e
1d1e1d
1c881c
1b141b
191a19
188718
1aff1a
1e0f1e
1dcd1d
1bab1b
1ac91a
1ac81a
1bc91b
1dd01d
1e031e
1c701c
1c501c
1c6b1c
190c19
143114
139013
165b16
159a15
10c910
0e000e
0e3d0e
0f520f
127a12
172117
195b19
171617
11f411
0fc10f
135613
159115
118b11
0d420d
0c580c
0b2e0b
088108
063f06
05df05
080c08
0b190b
0bb40b
087808
040704
02ef02
04cb04
040d04
ff04ff
f95df9
f6baf6
f8e7f8
fd5dfd
fecdfe
fcb3fc
fa83fa
fa24fa
fbf4fb
fd5afd
fa40fa
f4bcf4
f2b2f2
f428f4
f496f4
f2b7f2
f0a0f0
ee4aee
ea7fea
e81fe8
e95ae9
e982e9
e55ce5
e13be1
e149e1
e471e4
e655e6
e3a9e3
deffde
dc18dc
d957d9
d5aed5
d345d3
d1c0d1
d05ad0
cffecf
ce98ce
ca20ca
c5f1c5
c582c5
c6a5c6
c554c5
c1eac1
bf0bbf
bbd5bb
b78bb7
b60cb6
ba37ba
c35ac3
cf81cf
d961d9
dc3adc
dab7da
da33da
dd62dd
e45de4
ea7bea
ea3cea
e47be4
dd04dd
d6a6d6
d4f7d4
d98fd9
e15fe1
e828e8
eb8deb
eae7ea
e6bce6
e308e3
e6dbe6
f26cf2
fbe1fb
fc2bfc
f5f7f5
effbef
ef46ef
f305f3
f7a2f7
fe3efe
064f06
08e808
062a06
071807
0df00d
152415
19e619
1c7c1c
1bde1b
173317
119e11
0f550f
0f1d0f
0db70d
0c850c
0da20d
0f7d0f
0fb10f
0e350e
0e430e
11bd11
14fb14
15ec15
16d416
162516
11e711
0f010f
10fc10
155f15
1a141a
1db81d
1ea01e
1e051e
1df31d
1ebc1e
20de20
242b24
26a826
274227
264126
231123
1e6b1e
1cdf1c
1fee1f
20fa20
1b641b
13ed13
103f10
10e210
132a13
140214
14d914
186918
1a651a
182018
175b17
18ec18
186018
183e18
1ae31a
1c231c
1b5a1b
1b4f1b
1b921b
1b651b
1adf1a
1a681a
1c8b1c
20ca20
215621
1cf21c
196f19
19c419
1aff1a
1a941a
187a18
151b15
120512
111811
114911
10d810
106010
10c310
127312
14a514
144814
127e12
146214
17a817
16f116
14d914
13e913
111a11
0c790c
09a809
0aa00a
0dd50d
0ddb0d
09ad09
083d08
0ac90a
0ac20a
074707
03ed03
012201
ff0aff
fe51fe
fdf4fd
fceffc
fb15fb
f981f9
fa26fa
fc31fc
fcbafc
fb6cfb
fa9bfa
fc00fc
fe41fe
fe64fe
fc31fc
f9f1f9
f89cf8
f780f7
f5c9f5
f37bf3
f117f1
ee7dee
ecd4ec
ed66ed
ec9dec
e7bde7
e422e4
e5d7e5
e837e8
e620e6
e01fe0
da6fda
d808d8
d736d7
d62cd6
d5bad5
d3ead3
cecece
ca0fca
c835c8
c791c7
c7cac7
c86ac8
c756c7
c47dc4
c081c0
bb9ebb
b867b8
b8b9b8
bba2bb
c235c2
cd96cd
d7f4d7
da7dda
d7fbd7
d80ad8
dd53dd
e61fe6
ed7ced
ec3eec
e28de2
d91bd9
d501d5
d604d6
db95db
e25be2
e6d4e6
e975e9
e957e9
e61fe6
e61ce6
ed25ed
f5f6f5
fb2ffb
fbdbfb
f855f8
f2fbf2
f0ccf0
f536f5
fdf0fd
05a005
0a8e0a
0e3e0e
113711
13f013
173a17
1add1a
1e7d1e
204520
1e0e1e
1a641a
184618
162216
13e613
13b813
14b214
158615
163b16
167416
177f17
19f319
1b6f1b
1ca51c
1f541f
1f411f
19fc19
152815
152f15
189918
1ce71c
201b20
217d21
231e23
25f325
278d27
27bb27
2a0c2a
2eb22e
318331
309030
2cdd2c
27eb27
246524
23c423
24b524
260426
24da24
1de61d
15e915
13f013
14be14
13c013
14c414
18e518
1a4b1a
16a216
10be10
0c650c
0dc80d
151415
1bde1b
1caf1c
18eb18
15da15
179e17
1d0c1d
208520
204320
200c20
200d20
1d291d
1a0a1a
1a831a
1bef1b
1c181c
1c331c
1a8a1a
15ae15
110b11
0fb30f
125a12
17fb17
1b721b
18f718
14ca14
148e14
180518
1b861b
1c131c
19bf19
170517
149214
115511
0e7b0e
0e140e
0f460f
101110
10c510
121612
12b312
121412
113911
0f950f
0d040d
0b230b
089a08
033203
fdadfd
fb1cfb
fa2cfa
f8d4f8
f6d7f6
f5f8f5
f78ef7
f879f8
f684f6
f5fff5
f89ef8
f935f9
f635f6
f3f2f3
f489f4
f5c3f5
f495f4
f0b6f0
eccfec
ea2aea
e824e8
e783e7
e840e8
e783e7
e483e4
e22ae2
e1b5e1
e0e7e0
de1fde
d98fd9
d407d4
d06dd0
d0c1d0
d04ed0
ca90ca
c45cc4
c343c3
c4b8c4
c46bc4
c1b8c1
beccbe
be5bbe
be66be
baf5ba
b726b7
b69ab6
b502b5
b11cb1
b207b2
baceba
c6adc6
d042d0
d487d4
d4aed4
d5dbd5
dab4da
e1eae1
e93ce9
ebf9eb
e629e6
dc17dc
d571d5
d483d4
d908d9
e218e2
eabdea
edfeed
eb92eb
e5c8e5
e1d8e1
e5c7e5
f0a6f0
fbe9fb
01dd01
fea2fe
f51af5
f0a9f0
f73cf7
026e02
0b620b
10b410
122212
119811
13ee13
1a2f1a
1fea1f
22e222
250725
25ea25
235a23
1f581f
1cdb1c
1bc21b
1bf61b
1ca51c
1b101b
17cd17
160a16
16c416
19d819
1d261d
1cbc1c
19c219
17ea17
15d415
12cb12
124912
149214
174a17
1a231a
1c991c
1e421e
204e20
229022
23d023
23df23
234e23
24ca24
297f29
2b9a2b
26d026
206820
1d7e1d
1c9d1c
1c731c
1c6f1c
19c919
140914
0e460e
0ac20a
0aa60a
0e360e
12c112
145714
110411
09ef09
042a04
05b605
0e4d0e
16b216
194b19
176717
14de14
138713
146514
17ff17
1c911c
1f591f
1ec71e
1b411b
180618
179c17
17c317
169316
15d215
153615
12c012
0fcf0f
0e410e
0ead0e
11ea11
15b215
163216
147414
135613
13a013
160316
18d618
18d518
177417
16f216
14ee14
10b810
0da00d
0dc10d
10ff11
14df14
162316
15e415
163816
154115
12d512
111b11
0e960e
0a4d0a
071207
052505
02a402
fff6ff
fd5ffd
facffa
f9b0f9
f9d0f9
f9a9f9
f978f9
f94ff9
f886f8
f7e2f7
f82af8
f945f9
fadafa
fb23fb
f88cf8
f45ef4
f0a6f0
ee18ee
ecceec
ecccec
ee1dee
eeedee
ebb1eb
e5cee5
e345e3
e408e4
e215e2
dc26dc
d68bd6
d4b4d4
d58cd5
d39fd3
cc49cc
c533c5
c415c4
c72cc7
c9d2c9
c8cec8
c39bc3
be00be
bb9ebb
bb81bb
bbd7bb
bb9dbb
b8bcb8
b3a2b3
b139b1
b60fb6
c2ddc2
d337d3
de77de
dfb9df
db93db
d9f4d9
debbde
e8ade8
f1bef1
f266f2
e99fe9
de39de
d709d7
d722d7
df96df
ecf5ec
f5f7f5
f3fbf3
eac3ea
e46ee4
e7b4e7
f291f2
fda9fd
038003
024402
fb34fb
f4acf4
f5aef5
fde1fd
089808
11e311
152c15
126012
118d11
170d17
1e721e
244f24
27f527
282428
25c725
223522
1d881d
1ab61a
1ad61a
19d019
187e18
1a721a
1b1d1b
180618
17e517
1b4c1b
1bbd1b
19ed19
196519
185d18
15c915
130513
111b11
12c512
187118
1d161d
1e991e
202020
229222
24a224
266f26
280b28
29ca29
2c922c
2ee92e
2e0c2e
29c029
241f24
203320
1fd51f
20bb20
1f2b1f
1ae01a
155e15
0f850f
0bb90b
0cfc0c
122a12
161516
14f414
103210
0c880c
0cbf0c
0fb70f
13a713
17e917
1ac81a
1a201a
177917
173117
1aad1a
1f0b1f
213821
205520
1d961d
1bbb1b
1c4d1c
1d3a1d
1c0d1c
19ec19
190919
189c18
169716
132b13
105f10
0fa30f
10c810
128712
13ac13
13b313
12c412
11ab11
118611
126712
129212
106510
0cd00c
0a070a
089608
083408
09be09
0d3b0d
107710
11e411
11c711
105610
0df20d
0bbb0b
09f909
081608
056c05
011d01
fbd4fb
f842f8
f706f7
f5edf5
f46ef4
f391f3
f2c0f2
f13ff1
efe5ef
ef5cef
ef94ef
f017f0
efb6ef
ee81ee
ee8dee
efe2ef
ef74ef
ec4cec
e8a6e8
e60be6
e52ae5
e6b5e6
e869e8
e6dae6
e361e3
e120e1
df24df
dc41dc
d9a9d9
d654d6
d13bd1
cd76cd
cc1bcc
c9d7c9
c619c6
c307c3
c0b5c0
bf51bf
bfdcbf
c0e9c0
c03dc0
bd0bbd
b792b7
b2a3b2
b189b1
b25db2
b155b1
b0c4b0
b6b5b6
c3cdc3
d179d1
d925d9
da93da
da65da
dd57dd
e4b3e4
ec00ec
ed45ed
e91ee9
e40be4
def5de
da76da
db0edb
e33ee3
ee4bee
f325f3
ed73ed
e4e0e4
e4d5e4
ed90ed
f719f7
fce1fc
fdc7fd
f9d6f9
f45bf4
f1fdf1
f5cbf5
ffb1ff
0a7f0a
108810
124712
134413
15bb15
1b451b
22aa22
27f927
29e629
293729
25d425
217921
1f0a1f
1deb1d
1bf21b
1a211a
1ad01a
1c751c
1ad51a
16cc16
165d16
1a501a
1c681c
192f19
13b713
10e510
121c12
138813
123112
10b910
110411
11de11
14d914
1b801b
224f22
25d625
263f26
25fc25
287128
2c7a2c
2cd82c
2a2b2a
289828
267c26
222c22
1ed21e
1d881d
1ce41c
1c2c1c
193319
138b13
0f220f
0d9f0d
0d6e0d
0ea90e
10f710
117711
0e620e
09ad09
08d708
0f1a0f
16bf16
183b18
156115
148614
16a016
18d918
1a911a
1db31d
221122
23da23
218121
1eba1e
1ec51e
20b820
213121
1d7a1d
179817
147c14
14d314
160616
179e17
195619
194919
16f916
143114
138a13
159c15
177517
170c17
153215
117d11
0c880c
0abc0a
0d3e0d
102e10
11df11
133813
149014
163716
17e217
192019
19e619
182418
130d13
0e360e
0a890a
05f105
02f102
033503
01e901
fd11fd
f89bf8
f6f7f6
f7c0f7
f8e9f8
f802f8
f661f6
f666f6
f673f6
f55df5
f4a0f4
f448f4
f353f3
f0f0f0
ecbaec
e9aae9
eadaea
ed99ed
edb7ed
eacfea
e68de6
e35ae3
e24de2
e173e1
dfccdf
ddb1dd
d971d9
d299d2
cc01cc
c7c6c7
c6adc6
c784c7
c659c6
c262c2
bebebe
bc1dbc
bb1bbb
bda2bd
c008c0
bd66bd
b83db8
b41eb4
b0d6b0
af57af
b109b1
b680b6
c13cc1
ce3dce
d59fd5
d68fd6
d840d8
de3cde
e675e6
ee25ee
f179f1
ed9ced
e5e6e5
e058e0
defede
e229e2
eaa2ea
f457f4
f829f8
f590f5
f1bdf1
f0c2f0
f511f5
fd52fd
03a303
054c05
02d802
fbeffb
f684f6
fb0afb
047f04
09e209
0dff0e
130c13
14ee14
165916
1b941b
214e21
260d26
2a432a
2a262a
266726
23b123
209620
1cd11c
1c911c
1d4f1d
1b3d1b
1a2e1a
1aa11a
184c18
160316
176517
182f18
161f16
13fb13
115511
0d240d
09cd09
07ee07
071d07
099609
0ee90e
132d13
162a16
190019
19bf19
197019
1c3e1c
211621
23f323
23e523
20e220
1c4a1c
199c19
18c018
188718
1ac51a
1bc31b
14f014
0ba80b
087408
087d08
08e308
0c6f0c
0f810f
0c8e0c
073a07
04ef04
06c006
0c380c
119c11
128712
104210
0dda0d
0d240d
112211
190919
1ea51e
1f7b1f
1df91d
1bc81b
1b4e1b
1f411f
254025
280c28
25d325
20ee20
1d331d
1c6a1c
1cce1c
1cab1c
1cc81c
1d8e1d
1d9e1d
1be81b
196419
187518
19e119
1b721b
1b281b
18f118
14e014
105310
0ef30e
117a11
13cc13
13f713
14fa14
188d18
1c141c
1c641c
195a19
161416
152715
14b114
115611
0b5e0b
056c05
01fd01
028402
041d04
016001
fad8fa
f5fbf5
f4a0f4
f552f5
f6d6f6
f686f6
f2a7f2
ee1cee
ebefeb
eb77eb
eb4deb
eabeea
e929e9
e6e3e6
e4b2e4
e2ece2
e23be2
e2a6e2
e281e2
e092e0
dd65dd
d9a9d9
d55dd5
d0e7d0
cdcacd
cd2ccd
cce9cc
c919c9
c2a2c2
bf36bf
c048c0
c114c1
bf3ebf
bcdbbc
ba8fba
b817b8
b6bbb6
b585b5
b1eab1
ad3cad
aa13aa
a87da8
a99ea9
affaaf
bae0ba
c6c6c6
d021d0
d4e1d4
d633d6
d7abd7
dc90dc
e5cbe5
ee94ee
ef0cef
e6ace6
dd1bdd
d892d8
db64db
e58be5
f1d5f1
f8baf8
f83cf8
f3f7f3
f058f0
f15af1
f9e8f9
070207
0d840d
059b05
f7c3f7
f278f2
f749f7
ff58ff
086808
111d11
146114
115011
0f4d0f
15ab15
225022
2c002c
2e052e
2b102b
25ad25
1fd61f
1dfe1d
212e21
247224
23b223
1ed31e
18d118
171d17
1bae1b
20c020
207720
1cb51c
1a111a
17b317
12da12
0e9a0e
0f270f
111e11
0f6a0f
0bbf0b
0a2f0a
0ca60c
13f513
1cfa1c
216d21
20d520
20f220
23e223
263a26
26a226
27b927
28a828
245224
1ca61c
1b451b
210321
234d23
1dc21d
16c316
128112
0fc60f
0fbd0f
14f414
1b0a1b
196e19
103b10
08d108
086008
0c3a0c
119511
16a016
186a18
162016
129c12
120112
170917
1fed1f
276527
29ad29
26e326
235423
241e24
27d327
296429
295929
292829
258225
1f1e1f
1c631c
1e9f1e
21a321
22bf22
215021
1e231e
1b5e1b
1aa61a
1c811c
1ee41e
1da51d
18dc18
146c14
105c10
0bd10b
0a9f0a
0ea70e
13f713
173117
17ed17
170a17
16ee16
190c19
1afc1a
199d19
154215
10d110
0d6a0d
093e09
043504
016701
015001
008300
fd88fd
fa5dfa
f894f8
f7eef7
f7c7f7
f7bff7
f6dcf6
f3bcf3
ef45ef
ec28ec
eaa8ea
e96be9
e942e9
eaafea
eadeea
e7c6e7
e3e3e3
e2cae2
e438e4
e575e5
e5dee5
e576e5
e17de1
d923d9
d157d1
ce15ce
cdbdcd
cd5bcd
cb7fcb
c7b1c7
c28bc2
bd6abd
bababa
bcbabc
c0e9c0
c1e0c1
bf00bf
bb16bb
b68bb6
b169b1
ada6ad
ac64ac
ad19ad
af7aaf
b518b5
bfefbf
ccfdcc
d574d5
d859d8
dab1da
df59df
e6eae6
f0eff0
f7d6f7
f518f5
e9eee9
ddbedd
d834d8
ddaddd
eb64eb
f8aff8
fe46fe
fa9cfa
f2a8f2
ef20ef
f43af4
fe45fe
077007
0aa30a
03dc03
f671f6
eda1ed
f079f0
fb3dfb
065206
0cb30c
0d940d
0d300d
103410
15fd15
1ca01c
248e24
2aac2a
293d29
21e221
1c1e1c
1b8f1b
1e301e
1f451f
1be91b
17a717
162916
14ed14
142214
181018
1c721c
198319
126412
0d4e0d
096009
061a06
05dd05
073f07
06c506
03ea03
01ea01
056b05
0da10d
13be13
160316
188a18
1b0f1b
1bd81b
1e1f1e
228022
243c24
223722
1f171f
1b7c1b
185218
17c817
18ee18
18c918
15de15
108710
0bf70b
0c5d0c
10f910
154b15
16a116
139113
0caa0c
07be07
099709
0f100f
133f13
14c814
134713
10c410
125412
18d418
1fd01f
24ab24
275527
274f27
25ad25
257625
27c127
2ab92a
2bf72b
2a522a
26a626
22f522
20c420
20af20
223622
233323
21d421
1f331f
1d071d
1b081b
1a171a
1c1c1c
1dd41d
19c919
121f12
0cfd0c
0b500b
0bd90b
0f430f
142314
171117
175117
16c716
175b17
193819
1ab31a
1aa41a
187318
12f112
0b580b
05a305
033603
023a02
00f300
fe8cfe
fb38fb
f74ef7
f2bff2
efe7ef
f114f1
f2a0f2
f023f0
eb31eb
e673e6
e2ace2
e137e1
e1bfe1
e240e2
e2d7e2
e328e3
e116e1
dd5fdd
daa3da
da28da
dc37dc
de24de
db96db
d62fd6
d368d3
d26ed2
ce0fce
c672c6
c11ec1
c0f5c0
c298c2
c10ac1
bc1abc
b7f3b7
b6bab6
b649b6
b524b5
b493b4
b428b4
b1e0b1
ae69ae
aa4eaa
a4c6a4
a1e3a1
a6f7a6
b263b2
c030c0
cd26cd
d432d4
d5acd5
d862d8
de60de
e70be7
f271f2
f8a6f8
f315f3
e9cde9
e410e4
e114e1
e555e5
f2bbf2
fed2fe
02b902
006100
fa99fa
f862f8
fe78fe
059705
08d408
0aaf0a
072e07
fcb9fc
f711f7
fc20fc
044f04
0b6b0b
11fc11
15bb15
17aa17
1c6c1c
234d23
290429
2dc22d
309630
2e942e
29e729
27a127
27d127
282f28
289c28
286d28
275d27
271727
267126
243324
23fa23
252225
216221
1a621a
165016
135513
0ed50e
0ba90b
09da09
076e07
067006
08b908
0d120d
11c811
155715
17a517
19b419
1b1a1b
1c9a1c
20bd20
25f625
27c927
258a25
21cf21
1eb81e
1d3f1d
1d911d
1f731f
20ce20
1d9c1d
15fd15
104410
10c310
14d514
171b17
14bf14
0f770f
0b7a0b
0aeb0a
0c4e0c
0d940d
0ee60e
111e11
12f412
136813
151215
19fb19
203020
250025
26a926
256f25
258c25
294a29
2ce72c
2e442e
2f132f
2e8d2e
2bdb2b
298329
28a328
286528
289f28
27de27
251a25
22a222
21a521
203020
1d791d
1a821a
17c617
14d014
10b510
0be50b
08cc08
090509
0b9e0b
0e5b0e
0f830f
0f760f
0fdc0f
112e11
12dd12
145014
149014
130013
0f820f
09c809
031c03
febefe
fda3fd
fccefc
f9f5f9
f680f6
f3c5f3
f052f0
ec2fec
ea47ea
ea33ea
e7ede7
e291e2
dcc5dc
d8efd8
d80bd8
d8a3d8
d87bd8
d796d7
d5fcd5
d377d3
d259d2
d305d3
d280d2
d101d1
cff7cf
cda5cd
ca70ca
c8f1c8
c82fc8
c609c6
c1edc1
bcf2bc
badaba
bb78bb
b977b9
b6d3b6
b8c6b8
b9d5b9
b54fb5
b17fb1
b0e5b0
af95af
ae94ae
af02af
acd9ac
a646a6
9f349f
a056a0
afabaf
c3e8c3
ce99ce
d1d3d1
d6acd6
db80db
df57df
e8dae8
f589f5
f988f9
f3b6f3
ecefec
e806e8
e583e5
ecabec
fe37fe
0ba80b
0ae50a
039b03
013201
051305
0a300a
0e7e0e
13b513
150415
0a2b0a
fbe9fb
fc3afc
077507
0d620d
0f480f
151415
1a2c1a
1b401b
1e551e
24ec24
2a682a
2d582d
2e412e
2be12b
271227
24d524
275727
295d29
269c26
22f822
22ed22
241424
22c022
211821
230b23
24a924
1e761e
14cd14
11cd11
11b911
0c8c0c
07df07
08a008
07de07
03b403
031e03
076407
0c6b0c
108010
133313
144114
14b114
165416
1a941a
1faf1f
222a22
21e321
1f921f
1a4a1a
15a015
17e817
1edd1e
20db20
1a631a
12f612
11d811
139813
12f512
136e13
15bc15
11a611
080708
048b04
085908
0aa50a
0a110a
0a940a
0c250c
0da10d
0fca0f
13b913
19e719
201e20
229d22
219d21
208e20
211f21
23f623
28b328
2ace2a
273a27
230323
22a622
22e722
223a22
23b023
24fa24
21dc21
1e0b1e
1d581d
1c071c
17c617
140d14
12e712
11e311
0d7e0d
05ed05
00ae00
016601
04dd04
079507
099a09
0a5c0a
09a509
0a560a
0db10d
109010
105f10
0dee0d
0a7a0a
061f06
01bc01
fe9bfe
fc19fc
f934f9
f6e4f6
f5b2f5
f3fdf3
f0c7f0
ed74ed
eb92eb
e999e9
e474e4
dde8dd
db41db
dbc1db
da31da
d6b0d6
d4b3d4
d450d4
d42ad4
d3d9d3
d382d3
d3f0d3
d472d4
d347d3
d1bed1
d1d7d1
d213d2
d097d0
cd56cd
c8c3c8
c4cfc4
c38dc3
c3d6c3
c310c3
c09cc0
be31be
bd67bd
bce2bc
bb76bb
bb23bb
bb49bb
b87eb8
b487b4
b270b2
b010b0
ace0ac
ac03ac
af17af
b8a7b8
c916c9
d795d7
dd96dd
e06ae0
e5bee5
ed7fed
f64df6
fc6efc
fd9afd
fd57fd
fb23fb
f3a2f3
efd8ef
fa4dfa
0a010a
104a10
0e0b0e
0b440b
0afc0a
0d6a0d
10d810
131e13
150a15
147c14
0c700c
025702
019701
08d108
0f270f
133e13
16be16
1a2b1a
1fef1f
264e26
289a28
2a272a
2e912e
300b30
2c1c2c
28ea28
28f428
297829
288428
25e825
24bb24
272f27
288828
25ad25
233f23
236c23
225122
1d931d
170317
128712
10db10
0d6d0d
081d08
068806
06be06
036903
013a01
059b05
0ce20c
12b512
153315
140614
148714
1a121a
1e8b1e
1f321f
20f120
227e22
1ea51e
18fc18
17f417
1b591b
1f8f1f
207420
1bc71b
164d16
15f215
182b18
187a18
17ea17
163f16
10b810
0a130a
070807
077507
0a750a
0e8a0e
0eb60e
0b7b0b
0c9f0c
12bd12
174c17
1a461a
1ec51e
21e121
213f21
204420
21f921
256925
276127
261126
241824
240224
235123
20e820
20bf20
232423
236d23
20db20
1da61d
194b19
144e14
119111
0ffc0f
0c390c
073207
030403
ff25ff
fc5efc
fd08fd
fff3ff
014101
fff9ff
fef9fe
00c000
03f903
05d605
065b06
068506
04d304
006100
fc00fb
fa7efa
fac0fa
f999f9
f643f6
f301f3
f0bbf0
edb3ed
ea1fea
e871e8
e7e2e7
e4a3e4
dda6dd
d68ad6
d393d3
d471d4
d489d4
d1aed1
cf1dcf
cf73cf
d0a3d0
d033d0
cf0acf
ced0ce
cf26cf
cf29cf
ce7cce
cc99cc
ca24ca
c8c5c8
c811c8
c767c7
c841c8
c93bc9
c685c6
c1f1c1
c034c0
c105c1
c1fcc1
c1f7c1
bfbfbf
bbecbb
b821b8
b42cb4
b152b1
b111b1
aff5af
ac65ac
ac0eac
b355b3
c0ffc0
d056d0
da4fda
de3fde
e468e4
ee4bee
f4c1f4
f848f8
fde2fd
01d101
feb7fe
f735f7
f296f2
f785f7
052405
115e11
164616
177617
171c17
158715
16e816
1bbc1b
1e571e
1c571c
160516
0b8c0b
038d03
052805
0b8b0b
0fa70f
140914
1b091b
20a020
22ce22
23e323
273627
2e292e
32e032
2e6e2e
25d125
219e21
204920
1f0e1f
206e20
22bc22
21c621
1f2c1f
1db21d
1d9e1d
1f721f
212721
1e751e
175217
0ef60e
07b107
035e03
01b201
ff84ff
fba8fb
f823f8
f673f6
f746f7
fbb2fb
033e03
0a180a
0c830c
0c280c
0dc70d
122812
16fa16
1b2b1b
1d111d
1aa11a
15f015
132313
138713
165c16
19a319
19d919
15f815
11f911
121e12
15d515
18b818
172b17
114b11
0a7a0a
068a06
068106
085508
0a070a
0b080b
0b4e0b
0b910b
0cf60c
101710
159c15
1ccd1c
221522
23a123
23e723
24b224
25d925
27e127
2a162a
29fd29
275127
247724
23e723
260026
27eb27
274e27
260426
257b25
236723
1eea1e
1a781a
177417
150815
11c411
0c720c
059405
fff3ff
fe1bfe
fff3ff
030b03
04c904
04a204
04e704
080008
0c330c
0daa0d
0c800c
0ac70a
077307
029402
001500
009f00
003600
fd3ffd
f934f9
f549f5
f2b9f2
f206f2
f195f1
ef77ef
eb15eb
e54be5
e017e0
dcc0dc
dab6da
d908d9
d762d7
d584d5
d30bd3
d04ad0
cedfce
cfbfcf
d1e2d1
d3c5d3
d3e1d3
d182d1
cf29cf
ce76ce
cc70cc
c919c9
c962c9
cc95cc
ccbccc
c894c8
c346c3
c0b1c0
c32fc3
c6b4c6
c5c9c5
c315c3
c231c2
c011c0
bbc0bb
b95bb9
ba17ba
baf3ba
b7b8b7
af89af
abb6ab
b769b7
ccdbcc
db04db
de4cde
e1dbe1
eabaea
f377f3
f9eaf9
00e100
077107
0a340a
075e07
ff5fff
fa0bfa
01a001
111511
197c19
18c218
16dd16
16d716
18cf18
1c7d1c
1f8b1f
215321
1f5b1f
147714
078f07
065c06
0cda0c
0ead0e
0f930f
163a16
1bf41b
1cfd1c
200920
26f226
2ce02c
2fa72f
2e982e
297929
23b823
207220
1f701f
204320
218121
20b720
1ec41e
1d3f1d
1bc61b
1d121d
21ea21
21cc21
18d318
100a10
0b9a0b
05d905
ff7eff
fe1efe
fe94fe
f9c0f9
f127f1
ee71ee
f683f6
00d400
038203
023f02
048204
086e08
0af40a
0ee70e
161416
1d621d
1f3f1f
191d19
11ae11
123912
190719
1d0a1d
1b631b
180418
160316
153615
151715
16a016
19aa19
1abe1a
16d416
0fa40f
0a080a
090109
0b050b
0cdd0c
0d920d
0df50d
0f090f
10ee10
126112
14eb14
1cb71c
25fd25
278927
239f23
23ec23
282528
2abb2a
2ba42b
2b522b
286328
242d24
213d21
21a721
25ce25
28d128
26af26
233523
211721
1d661d
191719
177c17
159915
0fc90f
07e607
00af00
fc64fc
fcc3fc
fec7fe
fe42fe
fd24fd
fecefe
01e601
046104
069806
08c408
09e309
083d08
038c03
ff62ff
fe7bfe
fda5fd
f9f3f9
f650f6
f4e8f4
f310f3
efbdef
edd3ed
ee09ee
ed1ded
e8e4e8
e2a4e2
dcb6dc
d8e4d8
d77ad7
d636d6
d301d3
cf50cf
cd3acd
cc53cc
cc0ecc
ccfdcc
ceeace
d092d0
d054d0
ce1dce
ccdecc
ce41ce
cfa9cf
cedcce
cc70cc
c95fc9
c6cec6
c591c5
c567c5
c5edc5
c540c5
c274c2
c1ebc1
c45fc4
c2a9c2
bd2abd
bb32bb
ba6cba
b69fb6
b32db3
aee8ae
a818a8
a6daa6
ad61ad
b635b6
c445c4
d5afd5
dda3dd
dfe2df
ead7ea
f97af9
01b301
074807
0a8f0a
070307
01e201
ffc3ff
febdfe
027c02
0cf20c
155515
17ca17
194419
19c719
18f218
1c291c
213f21
1f431f
176e17
103d10
09b309
055105
06d806
0a010a
0b480b
0fc60f
179817
1d281d
21ea21
27a827
2aa22a
2be02b
2d592d
2a362a
230123
1f051f
1dca1d
1b981b
1a7e1a
1afc1a
1b8e1b
1d511d
1e251e
1bff1c
1c251c
1e641e
19be19
0fb40f
095d09
049904
fd55fd
f8b8f8
f6e7f6
f220f2
edb6ed
ef28ef
f3ecf3
fa53fa
021302
06b206
086908
0be10b
0f890f
12e712
19f619
1f9b1f
1cec1c
17f017
168d16
16e816
1ac91a
21d321
23a023
1f941f
1d3a1d
1d571d
1dff1d
201120
20f320
1e1d1e
195719
132e13
0d9f0d
0d480d
0f620f
0e430e
0dee0d
12fc12
17e217
17d817
177b17
1c5d1c
24b524
2a1a2a
2a3c2a
294529
29dc29
29be29
291029
2b0a2b
2e0e2e
2d802d
2a512a
291b29
2b0b2b
2dde2d
2ef02e
2d432d
2ac72a
28f028
257325
1f5d1f
199019
149f14
0e780e
077a07
00ca00
fb7dfb
faadfa
fe18fe
005100
003900
017c01
040c04
062d06
08a108
0a340a
084b08
041e04
005900
fdcbfd
fcb6fc
fc06fc
f9b4f9
f6d3f6
f5e1f5
f595f5
f38cf3
f0f2f0
ef32ef
ec87ec
e79be7
e207e2
dd5fdd
d95dd9
d583d5
d20dd2
cf30cf
ccaecc
caf4ca
cb5fcb
cd9ccd
cf3acf
cf8fcf
d009d0
d069d0
cfcccf
cf45cf
cf26cf
cdafcd
cad0ca
c8ddc8
c8f6c8
c9e4c9
ca2eca
c924c9
c6bdc6
c496c4
c4d7c4
c642c6
c5fcc5
c472c4
c248c2
bdc2bd
b81eb8
b466b4
b188b1
ae00ae
aaccaa
a929a9
ad00ac
b9d3b9
ca53ca
d71cd7
df9ddf
e592e5
ec4fec
f7c5f7
02bd02
057905
03e303
036903
015101
fe12fe
ffd8ff
085908
12d112
18a018
18b618
197019
1cbf1c
1e101e
1e2f1e
1f781f
1d741d
161016
0d960d
074907
047f04
049704
056405
084308
0e3d0e
141814
199b19
1f341f
213c21
21e621
260526
278627
213621
1a481a
183f18
186218
178717
14ed14
146014
191a19
1c5c1c
197119
184118
1b631b
1a111a
124212
09df09
03ad03
ff94ff
fbaffb
f60cf6
f14bf1
eea9ee
eb86eb
eb8beb
f378f3
fc86fc
001200
02c702
07cc07
0bbc0b
0f430f
150215
1a471a
1c7c1c
1c131c
18d718
159b15
181e18
1ed11e
22ce22
22ea22
217f21
203a20
22d522
28d928
2ac32a
278427
24d124
217a21
1b331b
173c17
171917
165416
159015
173517
19a919
1c421c
1e971e
1f821f
22ab22
2a372a
2f242f
2d542d
2aba2a
2b2f2b
2c632c
2d562d
2e1d2e
2d922d
2c292c
2b4d2b
2b492b
2cb22c
2f7d2f
30f530
2ecf2e
29ef29
242c24
1e8c1e
19a919
14dd14
0e580e
064d06
ff9aff
fb99fb
f8f7f8
f7b3f7
f917f9
fb6bfb
fbe7fb
fbc6fb
fd5ffd
ff87ff
002500
fef7fe
fc22fc
f802f8
f3d6f3
f0f1f0
ef8bef
edcaed
ea18ea
e736e7
e855e8
eac4ea
ea84ea
e7a1e7
e300e3
dda1dd
d9b9d9
d6f5d6
d343d3
cf01cf
cad1ca
c6ebc6
c50fc5
c4fbc4
c487c4
c47ec4
c56fc5
c5e4c5
c6f4c6
c8abc8
c7bec7
c59cc5
c664c6
c7dcc7
c6b5c6
c48ac4
c303c3
c250c2
c250c2
c1a2c1
c0f1c0
c2d5c2
c59ec5
c5c3c5
c3bcc3
c12ec1
be67be
bc29bc
bb15bb
ba92ba
b8ffb8
b498b4
ae36ae
a9ada9
aad5aa
b35cb3
c0ddc0
cea7ce
dafcda
e511e5
eb13eb
f11bf1
fce8fc
094c09
0e8b0e
0ecf0e
0d0b0d
07dc07
031f03
05cc05
0f790f
196b19
1ebd1e
20a320
224322
22c722
223e22
24e224
28b328
25aa25
1c421c
13b413
0ddd0d
09ac09
08a308
0bb30b
118d11
17ab17
1b9d1b
1df71d
212721
254625
28ff28
2b5c2b
2a832a
253d25
1e9b1e
1bef1b
1d9a1d
1e6d1e
1cb81c
1c8e1c
1e471e
1de21d
1c201c
1c731c
1d861d
1bff1b
172217
101d10
089d08
012e01
fa3ffa
f641f6
f540f5
f331f3
f00ff0
f06bf0
f501f5
fb6bfb
029602
089008
0ba30b
0df70d
120e12
173217
1bd01b
1ec61e
1ee41e
1cac1c
1b5a1b
1dc51d
223722
249924
250825
26b626
28a528
27e027
26e026
292929
2b502b
288e28
22f522
1e841e
1ade1a
178b17
166e16
174917
189d18
1b291b
1e431e
1f4d1f
203620
251b25
2b462b
2cdf2c
2b502b
2c812c
300730
2ffa2f
2bf12b
2a1a2a
2c642c
2e0f2e
2d552d
2dac2d
2fa32f
2f812f
2c932c
2a6c2a
298729
262c26
1fff1f
1a421a
148e14
0ce90c
05d705
01a201
fe2bfe
fa65fa
f83df8
f89df8
fa9afa
fcb0fc
fde0fd
fe70fe
fdd5fd
fb56fb
f930f9
f85ff8
f59ef5
f0b8f0
eda0ed
ec26ec
e9a9e9
e7f1e7
e964e9
ebd5eb
ebd8eb
e8b7e8
e3d9e3
ded1de
dacdda
d891d8
d737d7
d48dd4
d005d0
cabaca
c5a9c5
c2edc2
c442c4
c6e0c6
c6b3c6
c432c4
c238c2
c1b7c1
c272c2
c451c4
c625c6
c5dec5
c3a9c3
c1b5c1
bfe6bf
bd60bd
bd19bd
c038c0
c1c7c1
c041c0
bff5bf
c09cc0
bf2fbf
be69be
c08bc0
c1dec1
bfd8bf
bbb8bb
b754b7
b4c1b4
b2ffb2
ae25ae
a926a9
ac76ac
b843b8
c595c5
d189d1
dbf1db
e417e4
ec92ec
f786f7
011f01
064a06
089b08
084108
049c04
00e400
011c01
06d406
107510
187b18
1bfd1b
1ef31e
22ad22
23fa23
24f924
27c127
266526
1eda1e
16fc16
104410
0a540a
096f09
0caa0c
0eac0e
11dd11
190d19
1e9a1e
203820
22a222
265626
281328
26c426
21d821
1b621b
18b718
198119
191219
185118
193f19
195c19
195e19
1c451c
1ef31e
1e6d1e
1c8a1c
17e017
0eea0e
06fd06
026302
fd41fd
f881f8
f68df6
f441f4
f189f1
f2f2f2
f85af8
fe82fe
039c03
065506
085e08
0c310c
0f7e0f
11e611
179217
1e641e
203c20
1e131e
1c041c
1bc11b
1edd1e
241024
26e326
26d926
26b126
278027
297029
2b8d2b
2bde2b
2a4c2a
275927
235f23
208b20
1ef51e
1bb51b
187c18
19a319
1d7a1d
1fbf1f
202620
208320
229222
269d26
2a842a
2cf42c
2dbe2d
2b972b
27f827
26c426
26ac26
24dd24
23f123
24da24
246a24
23e523
25ae25
267426
251625
24b024
230f23
1c8a1c
149f14
0ec70e
08e008
01e701
fbb7fb
f727f7
f422f4
f222f2
f112f1
f272f2
f56ef5
f6aff6
f6b9f6
f78ef7
f6fcf6
f405f4
f180f1
efc8ef
ed58ed
eaa3ea
e800e8
e5e5e5
e570e5
e562e5
e4c7e4
e556e5
e5d8e5
e35be3
df82df
dc5ddc
d902d9
d631d6
d448d4
d071d0
cb00ca
c7d9c7
c746c7
c726c7
c736c7
c752c7
c703c7
c71cc7
c7ebc7
c84cc8
c7eec7
c7c5c7
c832c8
c85ac8
c705c7
c3e0c3
c0d0c0
c0bcc0
c311c3
c44ac4
c49bc4
c654c6
c714c7
c529c5
c4bbc4
c668c6
c591c5
c32ec3
c32bc3
c327c3
bfd6bf
bac3ba
b5f2b5
b2b6b2
b3d1b3
bbadbb
c957c9
d7c3d7
e2d3e2
ec37ec
f5cbf5
fe55fe
076607
10f010
13f013
10000f
0dba0d
0d5b0d
0b1f0b
0d510d
16e416
1f0d1f
222422
248724
275327
2aa92a
2ec82e
2f872f
2b0a2b
246f24
1c5f1c
142d14
107e10
105610
0fcc0f
10e510
14b714
18c918
1ede1e
271e27
2b562b
2afd2a
2ab22a
28f928
24d024
22b722
21b321
1db01d
19af19
185a18
175f17
177717
19c019
1aee1a
1ad71a
1c251c
1c321c
177317
0f950f
07bd07
020f02
fe6efe
f9e5f9
f4bbf4
f2a8f2
f243f2
f0daf0
f256f2
f8d0f8
ff18ff
026502
048d04
069206
0a420a
111d11
178e17
1aa71a
1ca41c
1e081e
1d631d
1d6b1d
209420
242d24
262126
272427
277927
283128
2a952a
2c742c
2b6a2b
289f28
253225
214221
1e331e
1c7e1c
1afc1a
19bc19
198219
1ab91a
1d7a1d
1fd01f
204220
21a221
257e25
28ae28
2a0a2a
2ab72a
298e29
274927
270e27
278827
269226
26ab26
281828
278627
25ec25
266f26
27e127
27aa27
256c25
21da21
1d2d1d
167716
0e0f0e
073d07
02fd02
fe54fe
f909f9
f58cf5
f361f3
f1c9f1
f233f2
f422f4
f597f5
f65af6
f65cf6
f4fdf4
f298f2
efd8ef
ed62ed
eb6feb
e8d7e8
e5ade5
e400e3
e3bfe3
e3cce3
e501e4
e642e6
e492e4
e0eee0
ddacdd
da51da
d77ed7
d644d6
d405d4
cf05cf
c967c9
c4cac4
c23dc2
c318c3
c56dc5
c612c6
c544c5
c4bac4
c589c5
c792c7
c80ec8
c5dac5
c4e3c4
c680c6
c65ec6
c387c3
c20dc2
c382c3
c605c6
c7dec7
c843c8
c786c7
c6d6c6
c6bfc6
c747c7
c82ac8
c85ec8
c762c7
c623c6
c505c5
c2b8c2
becebe
bb4fbb
b973b9
b83cb8
b8ceb8
be74be
c9aac9
d93bd9
eb3aeb
f898f8
fc73fc
ff21ff
093809
142b14
174f17
152e15
125912
0f120f
0cd80c
0ebb0e
155515
1dd11d
241f24
279027
2a8c2a
2cfb2c
2d862d
2d002c
2a662a
23a923
1b751b
14cf14
0f0a0f
0b930b
0cac0c
0f5c0f
116d11
15cf15
1cbb1c
222722
24dc24
260c26
25e825
24f024
234923
1f7b1f
19e619
156c15
132613
11bb11
106c10
105410
12cc12
165c16
17db17
17ff17
18b318
158015
0ab00a
ff15ff
f8ccf8
f39af3
ed20ed
e9b2e9
e888e8
e571e5
e34be3
e736e7
f0a4f0
fb2efb
01d301
034703
041904
07b807
0d3f0d
13cb13
191419
19ce19
187d18
191319
19fe19
1b3a1b
200920
263f26
296d29
2a192a
2a1e2a
2a362a
2aa82a
2a152a
284c28
263b26
21ca21
1bca1b
199c19
19a019
176817
17d117
1d6b1d
20ab20
1ff01f
211a21
244f24
279627
2b8d2b
2dac2d
2bd32b
28c828
265f26
254025
26e626
28ff28
289d28
27c927
27a427
272a27
287128
2b7b2b
2b642b
275127
228c22
1cca1c
14dd14
0ced0c
067606
008100
fad3fa
f6d9f6
f59bf5
f58ef5
f45cf4
f318f3
f439f4
f67cf6
f764f7
f74ef7
f6a9f6
f466f4
f0c0f0
ece5ec
e97be9
e7c8e7
e841e8
e8b5e8
e7c7e7
e705e7
e777e7
e832e8
e7cbe7
e528e5
e16de1
df2edf
dd48dd
d8e7d8
d3b9d3
d010d0
cc9ecc
c9abc9
c975c9
cb17cb
ccedcc
ce17ce
cc2ecc
c86dc8
c8a4c8
cccecc
cf3bcf
ce59ce
cbabcb
c832c8
c663c6
c74cc7
c913c9
cb2bcb
ccc6cc
cc3dcc
cc3ccc
cedece
d030d0
cf37cf
cf73cf
cf2fcf
cc41cc
caabca
cb26cb
c977c9
c5f6c5
c271c2
bd44bd
b865b8
b9a0b9
c282c2
d076d0
dfc5df
ebf9eb
f3fbf3
fb00fb
02fb02
0bc70b
147b14
194c19
178117
12ad12
0e870e
0bc20b
0e9f0e
19bc19
245524
26a426
268726
2a1c2a
2df72d
300c30
31c631
2fd22f
272827
1bb81b
124e12
0c850c
0adf0a
0c4f0c
0eba0e
10c610
122612
154a15
1c6a1c
22cf22
234b23
213621
1fb21f
1c081c
176417
158315
13a213
0f540f
0c580c
0cac0c
0f0a0f
127912
147b14
144b14
14e514
144c14
0dac0d
04cf04
ff14ff
f974f9
f1def1
ebceeb
e787e7
e33ae3
e128e1
e3a5e3
e982e9
eff3ef
f49ff4
f83df8
fcd4fc
013901
050b05
0aff0a
113a11
138a13
144714
15df15
15f215
16f616
1d811d
24bf24
26cf26
26fd26
289328
29b329
2a172a
2aef2a
2b232b
293229
24a724
1f1b1f
1bdf1b
1aca1a
18ec18
17a217
193b19
1b181b
1bec1b
1df61d
205d20
21b121
240924
26d326
271627
26ae26
27ee27
284c28
26d926
262726
26b226
27c027
294929
2a152a
29c429
2a3c2a
2b902b
2bc42b
29c829
253d25
1eb51e
179817
0fec0f
080108
01ab01
fc78fc
f73ff7
f44af4
f470f4
f4a9f4
f465f4
f549f5
f6a6f6
f801f8
f99ff9
f99df9
f6eaf6
f324f3
ef85ef
ece3ec
eba8eb
ea55ea
e8bde8
e8b1e8
e982e9
e9e4e9
eac6ea
eb56eb
e9a1e9
e6bfe6
e376e3
dec7de
da2dda
d6fad6
d2ecd2
cd41cd
c904c9
c837c8
c9ccc9
cb6bcb
cbc8cb
cbc1cb
cbabcb
ca58ca
c901c9
ca33ca
cc5ccc
cc1ecc
c9a5c9
c6f1c6
c55ec5
c645c6
c978c9
cc10cc
cbeacb
ca4aca
c9c0c9
cb0bcb
cca5cc
ccf8cc
cc62cc
cc17cc
cbbacb
c9ddc9
c65bc6
c28ec2
bf74bf
bcdebc
ba54ba
b865b8
b977b9
c0cdc0
cef5ce
df27df
eb19eb
f1fef1
f81df8
ffedff
084a08
0f1a0f
11c511
0fb80f
0cd30c
0bbd0b
0b2d0b
0ccf0c
13ef13
1d381d
239123
275227
295029
293e29
292729
290f29
257325
1d7f1d
133113
097109
04b304
052705
057c05
052005
082a08
0e4a0e
14f514
1ab31a
1cca1c
1bab1b
1b971b
1b671b
175a17
124712
0fb00f
0da90d
0adc0a
08b308
08ce08
0ccf0c
130713
168a16
16a616
15af15
121712
0ab90a
02ed02
fca4fc
f724f7
f277f2
edc3ed
e85de8
e51ee5
e5e1e5
e912e9
eeb8ee
f6d0f6
fd7bfd
00df00
03d003
080408
0d700d
13b613
187018
1a9c1a
1c411c
1cd81c
1bd91b
1e0d1e
255525
2c882c
30fc30
33cc33
349b34
343d34
345c34
33bc33
31fd31
2fe62f
2b9a2b
259325
21ca21
1ffc1f
1e001d
1d831d
1f7d1f
229922
260e26
27e127
27b327
299429
2db32d
2f232f
2ddd2d
2d5e2d
2d912d
2d352d
2be42b
29bc29
295429
2bde2b
2df02d
2e362e
2ecd2e
2f322f
2e202e
2c1d2c
281528
216e21
1aac1a
148a14
0d6d0d
05db05
ff10ff
f925f9
f51bf5
f3b2f3
f3d0f3
f474f4
f4e5f4
f480f4
f42af4
f466f4
f3a0f3
f1b6f1
f05cf0
eed5ee
ebaceb
e8a6e8
e788e7
e736e7
e713e7
e7ffe7
e996e9
ea7dea
ea41ea
e907e9
e6e0e6
e38ee3
df01df
da9eda
d78ad7
d457d4
cfc8cf
cb81cb
c97dc9
c9e7c9
cbc1cb
cda3cd
ced2ce
cf6ecf
cf47cf
ced8ce
cf18cf
cf2ecf
ce50ce
cd35cd
cb19cb
c821c8
c853c8
cc76cc
cfcdcf
d080d0
d03ed0
cf9ccf
cfbccf
d113d1
d161d1
d0e1d0
d11bd1
cf49cf
ca5eca
c664c6
c458c4
c21cc2
bf85bf
bba7bb
b697b6
b5d7b5
bd4dbd
cadbca
db92db
eb21eb
f427f4
f88ff8
fee1fe
075e07
0e990e
13cd13
15d715
12ef12
0d300d
097609
0be10b
157015
212321
280628
29c929
2aa42a
2c092c
2dc62d
2eea2e
2b842b
229622
190719
104510
06ff06
025f02
052705
078807
066706
08a808
0f580f
154315
19fa19
1de01d
1e3a1e
1acf1a
15c915
113311
0ef10e
0d700d
0a2a0a
07b507
087a08
0aeb0a
0f490f
152215
183f18
184518
16a016
0f900f
03a003
faf4fa
f739f7
f301f3
ecebec
e703e7
e2f0e2
e223e2
e41ce4
e8d1e8
f1bdf1
fb0ffb
ff8eff
028f02
07ff07
0d0f0d
11b611
187d18
1d9e1d
1dbe1d
1c571c
1cac1c
200620
275027
2f082f
32b232
337f33
33f933
347734
355135
353635
326332
2e9d2e
2ab42a
253825
20ad20
1f761f
1e9c1e
1de01d
20af20
252d25
27bc27
298029
2bcc2b
2e4c2e
30f730
31f531
306f30
2f892f
300530
2f8e2f
2ee32e
2f1e2f
2f182f
2fba2f
31c831
331f33
33f433
356535
34bb34
310331
2cfe2c
287928
21cf21
1a821a
138313
0ba30b
02e902
fad1fa
f590f5
f4aff4
f5e4f5
f5c1f5
f4c4f4
f4b6f4
f526f5
f588f5
f5faf5
f5c4f5
f3fdf3
f08ef0
ec7fec
e99be9
e880e8
e824e8
e7cee7
e77ee7
e73ce7
e732e7
e743e7
e707e7
e62ae6
e3ade3
decade
d90dd9
d44cd4
d017d0
cbe3cb
c8a8c8
c6ecc6
c64ac6
c6b1c6
c7f8c7
c952c9
ca52ca
cb74cb
cc9fcc
cc68cc
ca83ca
c8bbc8
c7a7c7
c63ac6
c551c5
c66fc6
c847c8
c931c9
c98ec9
c9cbc9
ca84ca
ccc3cc
cf08cf
cef7ce
cdc5cd
cd14cd
cb3fcb
c791c7
c44cc4
c284c2
c13cc1
bf4ebf
bbd4bb
b829b8
b94ab9
c30fc3
d341d3
e3abe3
ef90ef
f708f7
fd42fd
040f04
0b5a0b
12fa12
18d918
199b19
162f16
12c212
119f11
14fb14
1e7a1e
29bc29
310031
340e34
339833
30e030
317f31
353b35
328132
279d27
1c861c
132513
0aa30a
077407
09dd09
0d1f0d
107e10
139113
15a415
1b241b
23d723
278727
254b25
21e521
1c101c
14a414
117f11
11ac11
112311
109910
100d10
108910
15fa15
1d0d1d
1f521f
1e6b1e
1b381b
126a12
078807
ff87ff
f907f9
f494f4
f2a1f2
edd1ed
e6d5e6
e587e5
ea9cea
f253f2
fba2fb
034803
06e206
09cf09
0dbd0d
121c12
18aa18
1fc91f
232f23
23c523
238423
231e23
271027
30cb30
398c39
3d843d
3ed43e
3dff3e
3be33b
3b373b
3b1b3b
38dd38
33e033
2cad2c
262c26
236323
228022
223822
24e124
288828
293d29
298429
2bd22b
2da72d
2ef12e
30d530
30ae30
2e402e
2d5f2d
2ef42e
311131
320b32
313031
313d31
349934
37af37
380138
385038
381638
348b34
2f972f
2a3c2a
229422
1aca1a
14ff14
0e560e
062006
feebfe
f94bf9
f5fdf5
f562f5
f479f4
f277f2
f1a7f1
f10ef1
efc3ef
efd9ef
eff7ef
eda3ed
eb41eb
e9d3e9
e6a2e6
e2eee2
e23fe2
e3b4e3
e495e4
e45ae4
e421e4
e4e2e4
e52fe5
e2ece2
df79df
dca1dc
d8b8d8
d2ebd2
cd4fcd
c8afc8
c496c4
c1e4c1
c142c1
c211c2
c3c1c3
c558c5
c551c5
c43ac4
c4a8c4
c68dc6
c6cdc6
c4f1c4
c3a5c3
c3a0c3
c41ac4
c56ec5
c6b7c6
c6dbc6
c7f5c7
cb3dcb
ce62ce
d090d0
d287d2
d37dd3
d3a5d3
d380d3
d0dad0
cbdccb
c8a6c8
c796c7
c500c4
bfd0bf
b98fb9
b492b4
b3ddb3
b912b9
c503c5
d7ddd7
ebd2eb
f800f8
fc10fc
ff30ff
05cd05
0fd10f
19c819
1d9d1d
19c819
13ab13
0fc80f
10ba10
19f819
291129
34ce34
38f838
386c38
363036
35b235
38dc38
3a643a
34cb34
299c29
1b241b
0c2d0c
04ee04
087708
0e3d0e
107610
122f12
158e15
1a6a1a
20b420
257625
266026
250225
208e20
174917
0e260e
0b310b
0d450d
0f4f0f
0e360e
0c680c
0fa30f
172417
1c1c1c
1da51d
1dba1d
17b117
09b209
fc08fc
f462f4
efa4ef
eab3ea
e5abe5
e0fee0
dd3fdd
dbb2db
df24df
e99be9
f615f6
fc5ffc
fc6dfc
fce9fc
021802
0c280c
171f17
1cb41c
1cba1c
1ce71c
1ea41e
205d20
250f25
2f0a2f
391c39
3cc13c
3ad63a
39e439
3c2b3c
3c523c
37af37
32b632
2e792e
273727
1f371f
1c221c
1ce21c
1d771d
1d761d
1e121e
205a20
240524
269b26
27e627
2a4e2a
2cae2c
2c152c
29a829
283028
28bd28
2afb2a
2ce72c
2dab2d
2fa92f
32c332
33ae33
332933
33f733
340634
308b30
2af22a
24af24
1cfa1c
141414
0c2c0c
066b06
00fb00
f9bbf9
f25ff2
ee5cee
edd5ed
ee8eee
ef1eef
eef7ee
ee84ee
eefaee
efc1ef
eea4ee
eba3eb
e97ee9
e9b6e9
ea60ea
e98ee9
e8d0e8
e9b1e9
ea28ea
e951e9
e9dbe9
eb75eb
e9d9e9
e4f5e4
e125e1
df26df
db8adb
d54ad5
cf07cf
ca2dca
c583c5
c150c1
c00fc0
c174c1
c27ec2
c2dcc2
c458c4
c6c5c6
c8dfc8
c9d7c9
c95ec9
c8a2c8
c8e4c8
c936c9
c8e7c8
c8c4c8
c939c9
cb10cb
ceb9ce
d1ead1
d3b9d3
d688d6
d98dd9
d9eed9
d963d9
d955d9
d618d6
ce82ce
c72cc7
c37ac3
c1d9c1
be83be
b89fb8
b41eb4
b504b5
bd47bd
ce6ece
e49be4
f5daf5
fd9afd
ff91ff
00b000
065d06
126d12
1d001d
1f201f
1b8b1b
15e615
11a711
16c416
269d26
373237
408340
413b41
3bab3b
374537
397239
3d423d
3bcb3b
336c33
24dc24
14a514
0a8c0a
091f09
0d340d
132e13
174317
182a18
19c619
1ed11e
251c25
2a472a
2ccc2c
2a242a
224122
198519
142d14
12da12
141b14
166916
187d18
19d919
1b721b
1e3a1e
214721
227722
1fa01f
173917
0a450a
fce9fc
f32df3
edfbed
eb2beb
e77ee7
e1afe1
dcb5dc
dd82dd
e592e5
f0aff0
f90cf9
fc9efc
fdcafd
006c00
06c106
0f730f
16a716
19a219
18cf18
176317
19a619
213a21
2b4f2b
342c34
39b439
3af03a
397e39
38e038
392a39
373237
31f031
2a782a
21dc21
1aa91a
170817
153d15
136f13
135f13
163016
19e019
1cb51c
1ee31e
215821
249124
272a27
273d27
25b825
24a424
240a24
242624
266526
2a452a
2dc22d
302c30
31b831
32af32
336033
332733
312c31
2d132d
25c225
1b5c1b
116d11
0a450a
040a04
fd69fd
f773f7
f277f2
ee01ee
eac2ea
ea07ea
ebdbeb
ee11ee
ee54ee
ecf0ec
eb62eb
e9d5e9
e86de8
e812e8
e8c4e8
e937e9
e818e8
e5ace5
e404e4
e46fe4
e62fe6
e827e8
e94be9
e89ee8
e641e6
e287e2
dd82dd
d8bed8
d567d5
d1ecd1
ccb7cc
c635c6
c01cc0
bd15bd
be03be
c055c0
c20ec2
c320c3
c324c3
c2d6c2
c400c4
c5ebc5
c70ec7
c7d6c7
c8bcc8
c9cfc9
cabbca
ca3eca
c9e3c9
cd7ccd
d350d3
d62dd6
d6c5d6
d8edd8
dbfbdb
dcd3dc
da9dda
d6b3d6
d28ed2
ce60ce
c9bfc9
c4cec4
bfb1bf
ba4fba
b4dfb4
b155b1
b50bb5
c42dc4
da3bda
ed72ed
f8b9f8
fdb6fd
011401
072507
112811
1c561c
22ac22
1f3f1f
15b015
0fff0f
13d713
1fdf1f
2e6f2e
380538
3b143b
3bdb3b
3a503a
370b37
388a38
3bec3b
355c35
256f25
15a115
098809
03c703
058b05
089c08
0a660a
0e400e
123c12
14fc14
1ab41a
221d22
260426
253925
1eba1e
14a014
0eaf0e
0d920d
0c140c
0c5a0c
100c10
11b311
11f211
169c16
1cd61c
1dee1d
193819
10f310
06ec06
fc33fc
f09af0
e610e6
e013e0
dd0cdd
d89ed8
d418d4
d47bd4
db52db
e5d3e5
ef4cef
f45ff4
f6fff6
fb85fb
017701
05e505
0a060a
0f100f
11a211
112d11
136213
1b361b
250525
2ce82c
326d32
367836
38a638
382938
36ad36
35a635
320b32
297f29
1fc51f
195819
16a916
15fc15
150b15
13bb13
152715
197819
1ca01c
1e231e
216a21
269626
29d229
28d728
268126
270627
28b628
27bc27
27b127
2d282d
337733
355935
35be35
37ed37
3a0e3a
39ff39
379837
337433
2de92d
25db25
1b261b
111011
0a0d0a
04ac04
ff6cff
fadffa
f79ff7
f569f5
f31ef3
f000f0
ee1eee
efb0ef
f236f2
f1d6f1
ef56ef
ed89ed
eca0ec
ebe8eb
ebe6eb
ecc5ec
ed56ed
ec77ec
eaf3ea
eaf2ea
ec74ec
ed2ced
ec7eec
eaf9ea
e773e7
e190e1
db38db
d574d5
d09dd0
cd01cd
c8b7c8
c314c3
bfdabf
c048c0
c0afc0
c0eac0
c422c4
c83ac8
c848c8
c53ec5
c464c4
c796c7
cb95cb
cd08cd
cc31cc
cb4dcb
cbffcb
ceb0ce
d27cd2
d62ad6
d94dd9
db42db
dbc6db
dc91dc
de77de
df46df
dd5bdd
d8fed8
d25ed2
cafbca
c5f7c5
c35bc3
bfdebf
badfba
b798b7
b998b9
c44bc4
d894d8
eee1ee
fcccfc
023002
05a505
09b909
103d10
1a771a
21a321
207b20
1c3c1c
185618
15e515
1d151d
2de92d
3a273a
3d8b3d
3eb93e
3d253d
397539
39a139
39b039
32f932
281928
1a991a
0bfc0b
043204
03a803
03c403
060c06
0b6d0b
0eaf0e
123812
19e819
204320
230823
249f24
218421
194919
12fb12
102910
0e160e
0d9b0d
0eea0e
119211
167b16
1b0c1b
1cdb1c
1e851e
1edf1e
181718
0ac90a
fcbdfc
f100f1
e86ce8
e280e2
dd1fdd
d789d7
d2f6d2
d1b7d1
d6d6d6
e135e1
eab6ea
f0baf0
f62ef6
fc8afc
02d202
085208
0bcf0b
0d5b0d
0fbe0f
132a13
154d15
18a318
211e21
2b2a2b
313b31
34f734
39c539
3ddb3d
3e173e
3a0a3a
32fa32
2aa72a
221822
19b519
12f712
0ee20e
0cc50c
0cbf0c
0f450f
12c312
160216
197b19
1d1b1d
211521
259025
27ac27
254625
21cd21
210f21
226b22
249d24
281b28
2cad2c
30b630
333833
355035
381638
39b239
381338
344634
2ee22e
263426
1ada1a
0fed0f
06f206
003700
fb93fb
f764f7
f338f3
f0bcf0
ef88ef
ed97ed
ebfeeb
ecf6ec
ef36ef
eff3ef
ee89ee
ec20ec
ea9cea
eb24eb
ec57ec
ec96ec
ece5ec
edc9ed
ed82ed
ecafec
ee06ee
f018f0
ef4bef
ec33ec
e8cfe8
e46de4
dea0de
d87ad8
d25cd2
cc9dcc
c7a8c7
c2f2c2
bf74bf
bf64bf
c122c1
c149c1
c11bc1
c360c3
c64ec6
c713c7
c6f0c6
c843c8
ca77ca
cb9fcb
cb7dcb
cb66cb
cc7ccc
cec4ce
d153d1
d3d1d3
d778d7
dc79dc
dfd9df
dfd8df
df29df
df77df
de28de
d9dad9
d43cd4
cdadcd
c583c5
bd33bd
b6cab6
b31ab3
b2e7b2
b7b7b7
c37dc3
d64cd6
eadeea
f955f9
ff5fff
022b02
07e607
113f11
193119
1bb91b
1a741a
17f017
14d514
150d15
1db51d
2c172c
385a38
3e4a3e
3d6e3d
386e38
356d35
35b435
32eb32
2a7c2a
1fc21f
133413
060706
ff60ff
013f01
048f04
061006
091509
0e480e
138c13
185718
1cc71c
20d920
22ee22
1efc1e
158815
0e020e
0c260c
0c670c
0c8c0c
0df50d
119011
16c716
1af61a
1be81b
1bc31b
1b1b1b
148a14
06ef06
f939f9
eef2ee
e5f6e5
de8ede
da18da
d6c2d6
d378d3
d2abd2
d712d7
e067e0
eaf4ea
f303f3
f8c2f8
fe75fe
045504
08d808
0b8c0b
0e110e
119c11
14ae14
16a716
1aaf1a
224022
29d329
2f0e2f
33ad33
382f38
39a239
364e36
30e530
2c972c
27ae27
1f101f
151815
0e380e
0aae0a
098f09
0b7f0b
0fbf0f
14c314
19d719
1dba1d
20ca20
25cf25
2bf92b
2f072f
2e562e
2c3e2c
2a172a
296529
2b542b
2f102f
33d633
388938
3ac03a
3afa3a
3c073c
3d193d
3ba03b
37a637
314a31
286928
1f0b1f
167c16
0e110e
065906
003200
fb92fb
f976f9
f977f9
f834f8
f548f5
f46cf4
f6caf6
f997f9
f9e8f9
f71ff7
f42df4
f41ef4
f506f5
f43cf4
f39cf3
f45ff4
f43ff4
f32ef3
f39df3
f55af5
f61ef6
f478f4
f033f0
ea90ea
e4e4e4
ded8de
d82fd8
d1f2d1
cc8dcc
c7c9c7
c3c3c3
c0a6c0
bf2bbf
bfbfbf
c08ac0
c0acc0
c27ac2
c5eec5
c78fc7
c7a7c7
c99bc9
ccc6cc
ce12ce
cd64cd
cccccc
cdcbcd
d03fd0
d2c1d2
d524d5
d867d8
db73db
dc18dc
dab5da
d9b1d9
da58da
da1fda
d491d4
cae6ca
c330c3
bdc7bd
b6c3b6
b015b0
aea9ae
b4c5b4
c3d2c3
d860d8
e989e9
f4f8f4
fe11fe
036e03
067d06
0f170f
1a911a
1d9c1d
189818
13bc13
120512
161216
21c121
2ea12e
369b36
3a853a
39f239
352035
32f032
351235
32a432
27a427
1a1e1a
0eaa0e
056805
ff94ff
ff6bff
044e04
09b309
0b940b
0c2c0c
104310
176817
1e001e
21d721
210c21
1bd91b
159615
0f4d0f
095309
082908
0c870c
100d10
11b711
167416
1c731c
1e101e
1bfb1b
18e618
135b13
092109
fb7afb
ef5aef
e86fe8
e3bbe3
dccbdc
d5b1d5
d323d3
d5fcd5
dc19dc
e2f1e2
e9b2e9
f133f1
f804f8
fc2efc
00ac00
081908
0e3e0e
0f090f
0d460d
0e810e
14e914
1d101d
22ab22
279d27
2ec62e
340534
344934
33fa33
34f034
32e332
2c3f2c
23bb23
1c0e1c
16a316
122f12
0d780d
0bcc0b
0f2b0f
133e13
154f15
186418
1e3b1e
246b24
281928
296229
2b752b
2e922e
2df22d
29c129
294529
2df82d
31a631
325932
339233
36bf36
3a7d3a
3d343d
3dd03d
3bfb3b
36e236
2e032e
246724
1dd91d
191c19
122412
08aa08
008e00
fcaafc
fb4ffb
f95af9
f734f7
f6d1f6
f6c7f6
f4f2f4
f324f3
f3a3f3
f446f4
f226f2
ef25ef
eef3ee
f0c0f0
f0fef0
ef8def
eed0ee
eed7ee
ee64ee
ee21ee
ee95ee
ed8eed
e918e9
e2bde2
dd63dd
d985d9
d56ad5
cfbbcf
c966c9
c4e4c4
c2b8c2
c07ac0
bd35bd
bb0abb
bb0abb
bbf4bb
bd1dbd
bf33bf
c2c0c2
c66bc6
c76cc7
c5eec5
c55ec5
c6eac6
c989c9
ccb6cc
ce00ce
cbe7cb
caf7ca
ce3cce
d26ad2
d5f4d5
d89fd8
d71ed7
d326d3
d257d2
d1d2d1
cceacc
c785c7
c378c3
bc89bc
b404b4
afebaf
b393b3
c112c1
d67fd6
eab8ea
f69bf6
fb6efb
fe7ffe
050505
104110
1b081b
1ff61f
1ea21e
193919
13a013
135a13
1b4c1b
292429
36a136
3cef3c
3a593a
340d34
309030
31c031
333f33
2e852e
227d22
147c14
097709
033c03
022e02
055b05
0ac00a
0fcc0f
122e12
138a13
184118
1f8e1f
244b24
246124
205f20
195819
129412
0e780e
0c1b0c
0b8c0b
0de40d
11cd11
15c515
198919
1baa1b
1a8b1a
161316
0ecd0e
059e05
fb12fb
effaef
e7c9e7
e49be4
e251e2
dd1cdd
d848d8
d8c9d8
deeade
e6fde6
ed22ed
f11bf1
f562f5
fa43fa
fe89fe
032303
095c09
0fc60f
132413
12cd12
138013
193119
20d320
270927
2ce82c
313b31
316231
2fe92f
2f612f
2dfb2d
2ab22a
258725
1e581e
17e917
143914
11c711
117611
14a114
17c017
193919
1bf81b
1ff61f
23d223
289728
2cd02c
2dea2d
2db82d
2e252e
2e8c2e
2f982f
321932
34d734
36f536
383338
390739
3b213b
3d693d
3c793c
38e938
34b834
2e642e
265c26
202120
1b231b
14db14
0e5e0e
08d808
042004
01b501
019301
00c200
feebfe
fdf8fd
fd35fd
fb4efb
f934f9
f7d3f7
f6cdf6
f570f5
f397f3
f27cf2
f2f8f2
f3b4f3
f3aff3
f33cf3
f1c2f1
ef1aef
ecefec
eb36eb
e7ece7
e2abe2
dc5fdc
d60cd6
d0f8d0
ccd6cc
c87dc8
c55cc5
c4a0c4
c38ac3
c02ac0
bcc4bc
bb6cbb
bb84bb
bbecbb
bc5ebc
bd71bd
bf6abf
c098c0
bfddbf
bf9ebf
c1e9c1
c4c7c4
c693c6
c901c9
cc60cc
cd90cd
cb72cb
c98ac9
cb07cb
ce1dce
cea0ce
cc11cc
c97ac9
c773c7
c3a1c3
be4ebe
badaba
b9f5b9
b786b7
b18cb1
af8aaf
bb09bb
cff3cf
e17ae1
ec42ec
f412f4
f8ddf8
fc79fc
042904
0eaf0e
176217
1c0a1c
18d918
105b10
10ad10
1dbe1d
2a7d2a
318c31
379b37
390c39
325a32
2c472c
2cc82c
2e672e
2b7d2b
223922
143514
094009
06b506
078607
083b08
0d640d
15bd15
18d118
177317
1b2d1b
253b25
2c632c
2aa02a
243624
1f791f
1a9c1a
123612
0cee0c
114d11
185618
19fc19
196519
1af21a
1dce1d
1fa61f
1c981c
137613
095809
ffc4ff
f3a7f3
e97ce9
e7a5e7
e8eae8
e561e5
dfffdf
e0a1e0
e7dae7
eedeee
f24af2
f651f6
fc7ffc
ffccff
ff72ff
016e01
085f08
0f6e0f
104a10
0c0f0c
0b9d0b
127812
1a5e1a
203920
269126
2c0c2c
2d852d
2b1f2b
263426
224722
21da21
1f921f
177b17
107010
0f470f
0f080f
0d6f0d
0ed60e
13e713
17de17
18c418
1a3a1a
1eb11e
22d122
242224
257525
279327
279027
269826
27f727
2aba2a
2da32d
30be30
317431
2fc32f
312031
353c35
34d834
2fcb2f
2c0d2c
288e28
210021
188d18
142314
119611
0c9e0c
066306
031b03
03ae03
051405
04ca04
02f302
00e200
ffc6ff
fef6fe
fc15fc
f785f7
f4aaf4
f3c3f3
f226f2
f020f0
efb5ef
f064f0
f06bf0
ef66ef
ee4fee
ed97ed
ebeceb
e8a1e8
e4e0e4
e073e0
da5dda
d456d4
d028d0
cd06cd
ca31ca
c7b8c7
c58ec5
c42dc4
c3a7c3
c36ec3
c39fc3
c35cc3
c10cc1
bda5bd
bb39bb
baddba
bd3bbd
c089c0
c1d4c1
c25cc2
c403c4
c48dc4
c386c3
c44fc4
c7f6c7
cc52cc
ce5bce
cc21cc
c85ac8
c712c7
c710c7
c5c6c5
c406c4
c246c2
bf8cbf
bb7fbb
b652b6
b27eb2
b420b4
bcacbc
cb7acb
dd62dd
ea34ea
edfded
f07ef0
f852f8
01e801
091d09
0e3e0e
118a11
12dc12
123e12
111011
153115
21c421
2e7b2e
335233
341f34
350635
336833
309330
30fa30
31b131
2d5a2d
241e24
18e118
101a10
0ddd0d
100210
137113
19c719
211021
249624
278827
2dfd2d
341834
361c36
337833
2bb82b
22e522
1d6b1d
18c918
150e15
180a18
1fb71f
23cb23
237323
238423
251725
241c24
1cb81c
11a011
084808
ffd9ff
f65bf6
efeaef
ee7cee
ed26ed
e93fe9
e6bfe6
e9fde9
f179f1
f791f7
fa42fa
fc43fc
fefafe
025b02
067e06
09e709
0c3f0c
0e770e
0df30d
0ab20a
0bd60b
130d13
19b319
1df41d
226722
25d425
265526
244924
20fc20
1e881e
1c371c
16d316
0ffe0f
0b9c0b
096509
095709
0c8f0c
106610
131a13
167816
19d719
1c401c
1fed1f
23d523
24c624
252125
276427
283928
269226
26e226
2ad52a
2eff2e
306230
2fd52f
307730
324c32
317831
2dfb2d
2bc72b
295029
230123
1ce51c
1ab51a
17cc17
11ec11
0da00d
0bd20b
09eb09
093709
0ad80a
0bb70b
0a130a
07c807
05f205
039903
00bf00
ff23ff
fe4dfe
facefa
f4aef4
f0b1f0
f0adf0
f1aff1
f1d7f1
f171f1
f01cf0
ecd3ec
e7dae7
e301e3
df2edf
db03db
d5ecd5
d160d1
cde0cd
ca96ca
c773c7
c55dc5
c560c5
c675c6
c534c5
c170c1
bf5abf
c00ac0
c023c0
be50be
bce3bc
bdbebd
bedebe
bd33bd
bb52bb
bdb5bd
c12ec1
c086c0
be62be
bf25bf
c1dcc1
c3f1c3
c492c4
c4d4c4
c539c5
c2d1c2
bd46bd
ba5dba
bb42bb
ba85ba
b717b7
b385b3
b086b0
affbaf
b353b3
ba99ba
c8c3c8
db2edb
e5cae5
e73fe7
ebc8eb
f57bf5
fcbdfc
028402
0a7b0a
108710
111111
0edd0e
0f810f
178117
23f223
2bd42b
2d532d
2e092e
2e4e2e
2ba62b
29c929
2b8c2b
2c722c
283d28
1f991f
163516
115b11
11e711
12c312
13c613
196319
1ff61f
21db21
241724
2bcb2b
336d33
347434
2f622f
28b928
242c24
20a120
1c301c
1b201b
202520
24a724
240a24
22b722
23de23
244924
207220
18aa18
0fef0f
079107
fe21fe
f51af5
f101f1
f146f1
eff6ef
eaf5ea
e739e7
e98ee9
ef95ef
f3bdf3
f5bff5
f92ff9
fe49fe
023b02
03f403
054e05
07c907
094209
07ce07
070107
0a3f0a
0f0f0f
131113
176117
1c2e1c
1fc31f
1fd81f
1ba31b
174217
15f115
135713
0cd00c
07c607
06ed06
069606
058405
066f06
0aee0a
10b310
133413
132113
165c16
1c591c
1f491f
203720
22b622
242c24
235823
241224
271327
29e929
2c372c
2e0b2e
2ee42e
2f6a2f
2f8f2f
2e6e2e
2c832c
29d029
254a25
1ff61f
1b9b1b
182e18
15b915
13e913
108210
0bdb0b
09c409
0a940a
0b1d0b
0af90a
0b510b
0abf0a
075207
01f501
fe20fe
fdc1fd
fe0dfe
fc26fc
f983f9
f6f2f6
f30df3
efd3ef
f015f0
f20bf2
f2e7f2
f15ff1
ec87ec
e656e6
e1dce1
de28de
da40da
d81fd8
d6c7d6
d280d2
cc1dcc
c85fc8
c922c9
cadbca
c997c9
c6d3c6
c5edc5
c58fc5
c3b1c3
c261c2
c2d8c2
c2e8c2
c10fc1
be11be
bc31bc
bd27bd
beddbe
bea6be
bedbbe
c230c2
c58dc5
c596c5
c4b1c4
c5a3c5
c5d8c5
c2d3c2
bf8dbf
be91be
bd86bd
bb2bbb
b952b9
b7c6b7
b5d5b5
b633b6
bc38bc
c8ebc8
d8ddd8
e3f9e3
e6fde6
e897e8
ed9aed
f3d0f3
fae6fa
036903
086508
06a406
02cc02
03a303
0caf0c
1b0d1b
261226
29a729
2a002a
290e29
25b525
244924
285528
2c582c
2ab72a
248024
1c611c
15f215
152515
180318
1a5d1a
1db51d
230423
260f26
268b26
29d229
30d430
35d835
33da33
2c982c
26b326
246424
222a22
212821
260a26
2d2f2d
2ef72e
2c652c
2b682b
2c982c
2ba52b
25a625
1c901c
142f14
0d280d
06cd06
028302
009300
fea3fe
fb6cfb
f7c5f7
f5a8f5
f6d0f6
f967f9
f9eaf9
f9cbf9
fcd2fc
014a01
032603
039003
059605
074907
05df05
049204
07d407
0ddb0d
129d12
15e615
18a618
19db19
18af18
15c315
128012
100610
0d550d
087208
02b402
004400
022f02
04a004
04c604
046c04
051605
04fd04
044e04
068306
0bd60b
103210
119f11
126212
14c614
181918
1ac71a
1d7d1d
20ed20
237223
24e024
274727
29ed29
2a8f2a
29e129
291829
27ae27
254725
219d21
1d4c1d
1b161b
1b211b
196919
152515
11fc11
10dd10
0f5a0f
0c9b0c
09ca09
083908
082008
073a07
037f03
ffb6ff
ff7cff
003400
fdecfd
fb14fb
fae6fa
fadefa
f8b7f8
f6bef6
f6abf6
f714f7
f63ef6
f3f0f3
f122f1
edb4ed
e845e8
e27ae2
dfecdf
dfd8df
de19de
d911d9
d32cd3
d039d0
d010d0
ce31ce
ca43ca
c85ec8
c7b1c7
c532c5
c2edc2
c288c2
c1e8c1
c06ac0
bef7be
be51be
bf12bf
bf22bf
bd56bd
be48be
c3d1c3
c82dc8
c82fc8
c6b3c6
c5cac5
c51cc5
c341c3
bf62bf
bbdcbb
bb19bb
bb5ebb
b9fdb9
b68db6
b2fdb2
b262b2
b562b5
bac6ba
c2dcc2
cbd5cb
d15fd1
d44fd4
d833d8
dc0edc
def1de
e30de3
e853e8
ec4bec
ed97ed
ed70ed
f0c6f0
fad8fa
072407
101910
159215
185718
180a18
162316
153815
164d16
17b517
170617
14c614
12d512
113c11
106510
114911
137113
170817
1bb61b
1e771e
1f3c1f
20fa20
228a22
225822
22a022
228322
1f481f
1c6a1c
1e2a1e
22d122
27dc27
2ced2c
312e31
33e833
356f35
357835
329132
2c242c
24a524
1edd1e
1a111a
15a115
138613
12af12
0f740f
0af80a
08da08
084508
067306
03d303
029602
028202
017001
003400
01d101
04ec04
057805
03ec03
034503
042a04
069206
0a7e0a
0ef80e
134613
163c16
161916
140714
129512
111411
0dfc0d
0a410a
074f07
05cf05
05c505
05c405
04e804
046104
044a04
02ca02
003f00
ff9aff
015001
024102
013901
00e500
02b502
053405
07ee07
0b250b
0db60d
0faf0f
125112
152b15
184218
1c831c
1fc51f
1fb81f
1e411e
1cb51c
1a201a
17ea17
179b17
177217
167916
15a215
14a414
132313
11a611
104410
0f640f
0eb10e
0bd30b
067806
019d01
feb8fe
fd1ffd
fcbdfc
fd48fd
fd7bfd
fc8cfc
fb1efb
faa1fa
fb29fb
fbb7fb
fccafc
fe36fe
fd5cfd
fa2ffa
f770f7
f55af5
f378f3
f2a5f2
f1bbf1
ef79ef
ed1eed
eafdea
e8eae8
e786e7
e595e5
e2d0e2
e123e1
df03df
dafdda
d85dd8
d733d7
d489d4
d295d2
d320d3
d3c3d3
d451d4
d485d4
d37cd3
d531d5
d9cad9
daedda
da31da
dc24dc
dc4fdc
da31da
db6adb
dc82dc
da1bda
da72da
dd02dd
db19db
d7f4d7
d851d8
d8d7d8
d7ebd7
d736d7
d642d6
d5bdd5
d6d5d6
d85fd8
dad6da
deefde
e17be1
e103e1
e0c0e0
e291e2
e55ae5
e83ee8
eafaea
ed99ed
f09ff0
f3e8f3
f674f6
f833f8
fa52fa
fcf1fc
ff1eff
016c01
046a04
061706
060a06
070e07
08d608
085a08
067f06
05cc05
055d05
040f04
02d202
021e02
01df01
025b02
02f702
02f602
02ca02
02a302
021502
01e601
033603
058205
081808
0b050b
0d600d
0e8b0e
100b10
120612
127a12
11cc11
116211
100f10
0db60d
0c4d0c
0bc60b
0b790b
0ba00b
0ab70a
085608
073207
078107
070107
060906
057905
04a004
036203
01a001
ffb0ff
ffcfff
01d201
029c02
024c02
034f03
056905
075907
08e308
09ed09
0a960a
0abb0a
0a020a
091609
085c08
079907
07ad07
089708
08f008
097b09
0af20a
0b130b
09ba09
096909
096b09
07fa07
06c606
074707
085e08
090409
08e608
088508
098209
0bea0b
0e010e
0ff90f
12f812
15b515
16bb16
170c17
17a217
184918
194d19
1a9a1a
1ae61a
1a081a
193819
194119
1a911a
1c541c
1c3b1c
1a911a
19ef19
199319
178017
157d15
150915
144614
122112
0f400f
0c7b0c
0b3b0b
0b630b
0add0a
09a309
08ed08
07fa07
068806
060006
067906
06c406
05fa05
03c503
014e01
001100
ff80ff
fe9efe
fdbbfd
fd31fd
fc84fc
facffa
f7faf7
f582f5
f427f4
f2acf2
f06bf0
edb5ed
eaacea
e824e8
e66fe6
e49ce4
e37ce3
e458e4
e5bae5
e696e6
e77de7
e7cee7
e7e2e7
e96ee9
eb53eb
ec3cec
ed51ed
eda3ed
ebd5eb
ea93ea
eb1deb
eb1beb
eae0ea
ec0eec
ecfeec
ec24ec
ea57ea
e8b0e8
e80fe8
e858e8
e83fe8
e7e2e7
e801e8
e7bfe7
e6f9e6
e726e7
e85de8
e96ae9
e9cae9
e995e9
e94de9
e991e9
ea44ea
eb1ceb
ec5aec
ee20ee
efe1ef
f0ccf0
f0eef0
f19bf1
f3a8f3
f627f6
f7caf7
f86ef8
f92ff9
fad0fa
fc3efc
fc78fc
fc9dfc
fd33fd
fce9fc
fbe5fb
fb6afb
faf7fa
f9e3f9
f8fbf8
f8bff8
f94bf9
fab3fa
fc13fc
fca0fc
fcddfc
fd7bfd
ff04ff
01c201
04a804
065806
06fe06
078007
083108
08b608
08a608
087508
088e08
080b08
067d06
04ef04
03bc03
02a602
023d02
026302
01bf01
ffedff
fdddfd
fca1fc
fc79fc
fc24fc
fa8dfa
f8d1f8
f81df8
f7dbf7
f7fbf7
f961f9
fb80fb
fcf3fc
fd87fd
fda5fd
fd8cfd
fd93fd
fdb0fd
fd60fd
fccefc
fca7fc
fc7ffc
fbacfb
fb21fb
fbadfb
fc21fc
fbc5fb
fbc6fb
fc7bfc
fceffc
fd0efd
fd24fd
fce7fc
fc61fc
fbdcfb
fba9fb
fc7afc
fe32fe
ff9eff
00b200
024b02
045504
06b806
09e809
0d630d
0fe00f
109010
0fef0f
0fdf0f
113011
120d12
11c311
121912
135313
143514
14f114
158a15
152f15
14d614
157f15
15c015
14e414
142c14
139c13
121412
0fdf0f
0e510e
0e0a0e
0e7c0e
0e980e
0e590e
0e790e
0ea70e
0e200e
0d7d0d
0dd90d
0ef70e
0f5a0f
0df40d
0b7d0b
098d09
08bd08
08a508
08a508
07ef07
066b06
050004
03f503
02d102
01b301
008a00
fe66fe
fb46fb
f864f8
f627f6
f409f4
f1fbf1
f057f0
ef72ef
ef82ef
f03ef0
f128f1
f25ff2
f3f4f3
f526f5
f594f5
f5b6f5
f58bf5
f4f9f4
f4e1f4
f555f5
f4d9f4
f31af3
f1b5f1
f1d6f1
f30cf3
f3cbf3
f2e7f2
f150f1
f06ef0
efa0ef
ee79ee
ee3dee
ee92ee
edc1ed
ec64ec
ebe7eb
ebd8eb
ebd0eb
ec65ec
ed60ed
ee18ee
ee9aee
ef51ef
f096f0
f246f2
f3d1f3
f4faf4
f57ff5
f4f7f4
f437f4
f4cdf4
f6b9f6
f8cdf8
fa50fa
fb27fb
fbe1fb
fd3dfd
feecfe
000700
006300
004600
ffe3ff
ff68ff
fec3fe
fe25fe
fe4cfe
fef6fe
fec6fe
fdaffd
fd26fd
fdd9fd
ff64ff
014801
02f302
03fd03
04cb04
05d205
06fb06
086d08
0a750a
0c170c
0bb00b
09b709
086508
086908
086a08
07ba07
06ce06
05ca05
048304
02fc02
014201
ffafff
feb9fe
fdfbfd
fc9dfc
fa7dfa
f84df8
f735f7
f7a7f7
f840f8
f79df7
f697f6
f697f6
f762f7
f803f8
f81bf8
f7fbf7
f848f8
f8e3f8
f8ccf8
f7cef7
f6c8f6
f648f6
f615f6
f592f5
f47ff4
f373f3
f2c6f2
f23ef2
f257f2
f33ef3
f39af3
f2def2
f233f2
f22cf2
f2a4f2
f378f3
f39df3
f2a4f2
f272f2
f42bf4
f680f6
f8a5f8
fb3dfb
fe45fe
00e800
029b02
03a003
04ee04
06d606
085608
08e208
090109
08e808
08bb08
094209
0a910a
0ba90b
0c420c
0cd30c
0d0f0d
0c850c
0bd60b
0bd50b
0c2c0c
0bbe0b
0a170a
083308
072807
06c206
06bb06
079807
08e108
097709
09c809
0a6f0a
0ab90a
0ad10a
0b920b
0bf40b
0a680a
077407
04de04
03e203
040e04
03a503
022e02
00c600
ff8dff
fddffd
fc33fc
fb3efb
facffa
f9f7f9
f7bef7
f455f4
f0abf0
ed62ed
eb71eb
eafeea
ea4fea
e9b1e9
eb6ceb
ed98ed
ed26ed
ecc8ec
ef0cef
f118f1
f1a1f1
f28ef2
f336f3
f242f2
f12bf1
f101f1
f149f1
f1aaf1
f187f1
f0eff0
f11ff1
f1bdf1
f173f1
f0f9f0
f150f1
f1aaf1
f16df1
f0d5f0
efa8ef
ee0dee
ed27ed
eda8ed
eef6ee
efefef
f032f0
f0aef0
f290f2
f5b4f5
f8c0f8
fa8afa
fb22fb
fba3fb
fccffc
fde2fd
fda4fd
fce3fc
fdd2fd
007200
026802
02f802
03aa03
052c05
06fc06
08ee08
0ac20a
0bc90b
0bac0b
0ac70a
0a0a0a
09fd09
09c409
08e508
086408
085808
07a707
070607
081c08
0a7a0a
0cd90c
0ef40e
107510
111611
119b11
129c12
139113
13c813
135013
12db12
129912
11b411
104710
0ff00f
10a510
105410
0e940e
0ce00c
0b720b
097409
06f206
048104
024702
fffeff
fdacfd
fc4afc
fc49fc
fc44fc
fb91fb
fb85fb
fc51fc
fcb6fc
fcfefc
fdd5fd
fe34fe
fdb2fd
fd5afd
fd47fd
fce8fc
fc6dfc
fbe0fb
fadafa
f97bf9
f856f8
f806f8
f886f8
f88ff8
f785f7
f6d5f6
f75bf7
f7ddf7
f75df7
f62df6
f50df5
f4c0f4
f554f5
f5f3f5
f64ff6
f6fdf6
f86af8
faa9fa
fd49fd
ff96ff
01d501
047504
068c06
079107
086908
096909
0a3b0a
0b230b
0c0c0c
0c3c0c
0bd40b
0b890b
0bb70b
0c510c
0cc80c
0cb50c
0c560c
0b690b
09b609
088a08
087b08
07e207
061806
04a704
042c04
03be03
034303
03b003
052d05
065e06
067206
06b606
080c08
08fe08
088708
077e07
063306
043804
021e02
00ca00
002500
ffa3ff
fefafe
fe18fe
fcc1fc
fad5fa
f909f9
f7f2f7
f6cbf6
f4e7f4
f2a1f2
effbef
ece2ec
ea51ea
e8d7e8
e7c6e7
e6f6e6
e6dee6
e738e7
e789e7
e822e8
e98ce9
ebbeeb
ee01ee
ef68ef
efaaef
efaaef
f061f0
f14ff1
f170f1
f11bf1
f118f1
f134f1
f15cf1
f1baf1
f1a3f1
f133f1
f1a5f1
f258f2
f1aff1
f069f0
efa5ef
eebcee
ed94ed
ecebec
ec8fec
ecb0ec
edfced
ef56ef
ef98ef
f058f0
f342f3
f71ef7
f9a6f9
fa50fa
fa68fa
fb42fb
fca9fc
fdc6fd
feaefe
ffb1ff
005c00
007800
00b300
01b101
036603
053505
067f06
072d07
078b07
078a07
070e07
06b806
072207
077707
064b06
040e04
02dd02
036d03
045004
04c504
05c005
078807
091009
0a160a
0b7f0b
0d480d
0e2c0e
0dc30d
0d650d
0e110e
0ec50e
0e750e
0e0d0e
0e8c0e
0f120f
0eaa0e
0dce0d
0d330d
0cc90c
0bea0b
09e809
071b07
049304
024002
ffadff
fdd9fd
fd7bfd
fd50fd
fc4afc
fb1dfb
fae5fa
fbfcfb
fda4fd
fe79fe
fe3cfe
fe16fe
fe42fe
fd9cfd
fc25fc
fb9cfb
fcbcfc
fdf0fd
fdc9fd
fcccfc
fbf5fb
fb89fb
fbbdfb
fc6efc
fcc1fc
fc37fc
faf5fa
f940f9
f7b7f7
f6a7f6
f589f5
f493f4
f48bf4
f502f5
f5adf5
f746f7
f90df9
f9c3f9
fac7fa
fd62fd
001400
01b701
02ce02
035003
034803
03b003
04ab04
059705
064d06
06c406
072607
07e307
088308
089208
08fb08
09fc09
0a290a
08ec08
073a07
05e305
04fc04
040504
028d02
014401
00fd00
012001
00d700
007800
00bf00
01d901
035503
048e04
054205
055705
048b04
034103
027702
025702
023602
01df01
019601
017001
013101
008c00
ff9fff
fecafe
fddefd
fc4cfc
fa15fa
f7c7f7
f5ecf5
f49ef4
f33ef3
f137f1
eee9ee
ed10ed
ec07ec
ebeceb
ec66ec
ecd0ec
ed17ed
ed8aed
ee18ee
eeceee
effaef
f163f1
f272f2
f2bcf2
f217f2
f106f1
f087f0
f0fff0
f1f8f1
f2d8f2
f360f3
f3d6f3
f458f4
f42ff4
f341f3
f2bbf2
f2b7f2
f1d8f1
effeef
ee65ee
ed6ced
ecbfec
ec89ec
ecfcec
edb7ed
ee23ee
ee4fee
ef66ef
f20ff2
f4b0f4
f59af5
f5abf5
f699f6
f863f8
fa1efa
fb4ffb
fbdafb
fbfafb
fc3dfc
fd1efd
fedbfe
015301
03a503
04c204
04cb04
04d904
056305
05e705
061906
062f06
062906
05d005
050a05
03f503
035a03
045004
067906
081308
088908
092a09
0af60a
0d450d
0eee0e
0fbc0f
104310
10a510
108310
103a10
10a710
11aa11
127912
12f212
134c13
137b13
138713
138913
135513
129c12
110e11
0eba0e
0c730c
0b040b
0a050a
086b08
063706
04af04
048804
04ad04
043404
043e04
059b05
067006
053505
038103
032c03
039103
039a03
037d03
035103
028f02
017b01
012001
019901
01cb01
012b01
006500
ffdcff
fef9fe
fd78fd
fbd5fb
fa65fa
f932f9
f87df8
f871f8
f8ccf8
f932f9
f98af9
fa21fa
fb44fb
fcc6fc
fe55fe
ffdbff
010d01
017c01
015301
013801
01b301
02f302
047c04
056f05
05b405
05c705
05c505
061006
076407
093109
0a020a
09a309
08d308
07d307
06c906
061e06
05bd05
053405
045704
035303
029602
027402
02df02
039803
042104
03fc03
03b903
045204
055705
05b905
056a05
04a704
03a403
033403
038c03
03b303
036303
030903
024602
00eb00
ffbbff
fef8fe
fe18fe
fca4fc
fa79fa
f84ff8
f719f7
f610f6
f3e0f3
f15ff1
efe9ef
eee2ee
edaaed
ed02ed
ed28ed
ed39ed
ecc8ec
ec71ec
ecfaec
ee1fee
eeaeee
ee54ee
ee15ee
ee3eee
edf5ed
ed35ed
ed17ed
ededed
eebbee
eec4ee
ee83ee
eea1ee
eedaee
eeb1ee
ee4aee
edf5ed
edcbed
edaeed
ed22ed
ebebeb
ead2ea
eaa9ea
eb3ceb
ec27ec
ed34ed
eddeed
edf1ed
ee36ee
ef71ef
f15bf1
f310f3
f423f4
f520f5
f6acf6
f84ef8
f8e6f8
f875f8
f877f8
fa02fa
fc32fc
fd67fd
fd91fd
fdf0fd
fee0fe
ff84ff
ff86ff
ffb9ff
00bb00
01c401
01d801
01a301
025502
033503
030103
028102
02f302
03ef03
04e004
062506
07a307
089b08
08ff08
096009
0a030a
0ab10a
0b530b
0c210c
0cfd0c
0d3f0d
0cd70c
0c6d0c
0c3a0c
0c200c
0c5b0c
0cc50c
0c9b0c
0baf0b
0a8d0a
096c09
082f08
071507
066306
05b705
047304
02bd02
017801
011a01
016101
01e901
023102
01cb01
013501
013601
018001
013201
006600
002400
00db00
018b01
00f700
ff81ff
fea9fe
fed6fe
feedfe
fdf3fd
fc4ffc
fb5afb
fb79fb
fb4efb
fa04fa
f8e9f8
f920f9
f9f8f9
faa0fa
fb3afb
fbd2fb
fc43fc
fd0ffd
feeafe
016101
02da02
02a802
025d02
038c03
059105
06fe06
07a707
083808
093709
0a800a
0b1f0b
0ac00a
0abc0a
0c190c
0d940d
0d5f0d
0bb40b
0a680a
0a5d0a
0a910a
0a090a
094f09
091509
08e508
082708
073207
06b506
06db06
071307
06bf06
062e06
062706
069206
06ca06
06ac06
063c06
055605
046904
044d04
04e104
04f604
03d603
021802
00b000
ff9fff
fe4cfe
fce1fc
fc0bfc
fb54fb
f97cf9
f6c6f6
f4fcf4
f4aff4
f48ff4
f3c7f3
f2c9f2
f1e6f1
f106f1
f05af0
f009f0
efe1ef
efabef
ef51ef
eeffef
ef0def
ef4fef
ef6def
efcdef
f0c3f0
f19bf1
f1cef1
f1ecf1
f27cf2
f361f3
f420f4
f40df4
f32df3
f2a6f2
f34cf3
f46af4
f4c2f4
f41cf4
f38af3
f3fcf3
f4c4f4
f4a3f4
f3dbf3
f39bf3
f41af4
f4d0f4
f571f5
f5def5
f629f6
f6b8f6
f7e1f7
f989f9
fb44fb
fcb5fc
fdeafd
ff19ff
000e00
006500
003800
002200
009c00
011c01
007c00
ff29ff
ff36ff
00e400
01f601
019701
017801
027b02
03c003
04d604
060806
071007
073507
066d06
05a905
05e905
070e07
080f08
085c08
086408
08db08
09fb09
0b480b
0bf90b
0be20b
0bad0b
0bd70b
0c0e0c
0bc00b
0add0a
0a110a
0a200a
0ab40a
0a980a
098809
089608
087908
08c808
08e008
084508
06f006
05d405
05c405
05d505
04de04
039c03
034703
037203
034003
02f202
02f702
031f03
033703
034803
035403
035903
035403
032303
029e02
01b801
00a400
ffaaff
febdfe
fdc5fd
fd26fd
fceffc
fc4cfc
fafdfa
fa22fa
fa8afa
fbb9fb
fd01fd
fe17fe
feaffe
fed9fe
ff3aff
003c00
01c601
03aa03
057905
065606
05f805
056f05
05ed05
072807
081808
08b008
095509
097609
089608
07a107
078e07
07fc07
084408
083f08
07ba07
06b406
05ed05
05fa05
065506
061906
054405
04af04
04c804
04ef04
048e04
041004
03fd03
040704
03a803
031e03
032303
03cf03
042104
035403
022f02
01cb01
01e701
01be01
013101
004100
fec7fe
fd13fd
fb94fb
fa56fa
f95cf9
f8aaf8
f7d6f7
f66cf6
f492f4
f2e3f2
f209f2
f22af2
f2aef2
f2e5f2
f2acf2
f20af2
f109f1
f014f0
efa3ef
ef94ef
ef98ef
efb1ef
efdaef
efecef
efe8ef
f00af0
f0b2f0
f1f4f1
f30cf3
f327f3
f2a4f2
f252f2
f207f2
f159f1
f0d7f0
f13cf1
f224f2
f27af2
f1f0f1
f183f1
f23bf2
f38ef3
f438f4
f44bf4
f4b3f4
f53df5
f51cf5
f4aef4
f4bef4
f4f4f4
f4c0f4
f4c6f4
f5dcf5
f777f7
f861f8
f87bf8
f8c0f8
f9ddf9
fb62fb
fc53fc
fc23fc
fb45fb
faa4fa
fa79fa
fa13fa
f91af9
f874f8
f92cf9
fae1fa
fc1cfc
fc33fc
fc1afc
fd1dfd
ff5fff
01cd01
034303
038903
037003
03f003
052405
064006
069c06
06a306
074507
087c08
093109
090f09
092909
0a220a
0b160b
0b310b
0ae10a
0acc0a
0ae00a
0ac70a
0a7a0a
0a270a
09c909
094f09
093209
0a0d0a
0b400b
0b5a0b
0a620a
09c909
09e609
09c309
094109
091d09
093b09
08f008
084c08
07d207
07a607
07b507
07ed07
081b08
07e007
071007
062006
05b905
05ba05
054905
040104
025702
00da00
ffc8ff
ff20ff
feb2fe
fe30fe
fd74fd
fcaefc
fc3ffc
fc40fc
fc60fc
fca6fc
fd8bfd
fee0fe
ffacff
ffc3ff
003100
019e01
038703
055005
06d606
07cc07
07d107
075f07
077607
083a08
08d808
08e308
08b708
088408
07fe07
072c07
069f06
06ad06
071407
076407
074707
06a006
05cb05
058405
05e305
061706
05aa05
053605
054f05
05a005
059e05
056e05
059f05
064406
06d506
06f206
06f806
074407
077807
070d07
062a06
055505
04ce04
046804
03bf03
028202
00f000
ffc8ff
ff56ff
fec9fe
fd36fd
fb20fb
fa02fa
fa37fa
fa55fa
f92ff9
f783f7
f6daf6
f760f7
f7dff7
f797f7
f6fdf6
f6a6f6
f654f6
f597f5
f4ccf4
f4c2f4
f563f5
f5c2f5
f599f5
f582f5
f5a5f5
f59bf5
f575f5
f581f5
f574f5
f50bf5
f4cef4
f520f5
f574f5
f543f5
f4f7f4
f50ef5
f542f5
f539f5
f53af5
f588f5
f5dff5
f5f2f5
f5b2f5
f52ff5
f4bbf4
f4c6f4
f55ff5
f623f6
f6b8f6
f6f8f6
f6f3f6
f6eef6
f744f7
f83df8
f9c8f9
fb41fb
fbbcfb
faeefa
f990f9
f8a7f8
f892f8
f8c8f8
f881f8
f789f7
f6a2f6
f6f3f6
f8a0f8
fa6ffa
fb85fb
fc58fc
fd57fd
fe40fe
ff4cff
00fa00
02c302
03d303
046004
04ef04
055305
055205
056605
063f06
07b607
08ba08
08bd08
089208
091809
09fa09
0a7d0a
0a840a
0a540a
0a1e0a
09e509
099809
095509
093509
08fb08
08bd08
093b09
0a780a
0b030b
0a020a
08ad08
086908
08c608
08a508
080408
079207
076507
06df06
05a105
045d04
042104
04bc04
04e804
043304
036403
02fd02
02b402
023402
016301
003900
feccfe
fd67fd
fc69fc
fbf6fb
fba7fb
fafafa
f9fef9
f93bf9
f918f9
f983f9
fa11fa
fa7ffa
fb27fb
fc62fc
fdb8fd
fe5cfe
fe57fe
fec4fe
008400
02fc02
04a504
04f304
04cd04
053405
061d06
06c706
06d306
06bb06
06ee06
070807
06a906
062106
05d905
05d605
05f705
05f905
059805
050e05
04d204
04d004
04a104
044804
040e04
03d103
033603
029f02
02ab02
02c702
021602
017201
021c02
033903
033f03
02a202
02aa02
031d03
02ee02
01f201
00e200
004600
ffc9ff
fecbfe
fd4cfd
fbd5fb
fac8fa
fa2bfa
f9b9f9
f920f9
f89df8
f8bbf8
f929f9
f8f1f8
f7f7f7
f6fcf6
f66bf6
f653f6
f6abf6
f6c8f6
f5d8f5
f45cf4
f39ef3
f3cdf3
f412f4
f408f4
f3f3f3
f3fff3
f3d0f3
f2f4f2
f204f2
f251f2
f3b1f3
f46af4
f3e8f3
f36df3
f3d1f3
f4abf4
f54bf5
f564f5
f544f5
f575f5
f5faf5
f689f6
f716f7
f769f7
f750f7
f763f7
f811f8
f895f8
f85bf8
f83cf8
f902f9
f9dcf9
f970f9
f809f8
f76bf7
f845f8
f96cf9
f9e8f9
f9ccf9
f92cf9
f836f8
f7e1f7
f8aff8
f9d2f9
fa5efa
fa49fa
f9f3f9
f9abf9
f9c9f9
fa93fa
fbedfb
fd41fd
fe13fe
fe69fe
fe98fe
ff13ff
006a00
02a702
04cc04
05d605
05e605
05da05
062906
06aa06
071b07
077607
07ae07
078907
071f07
06fb06
075c07
07e307
082f08
082f08
07f507
07ce07
082708
08f308
09c009
0a530a
0a830a
0a090a
094e09
094309
09e709
0a500a
0a0f0a
094109
083208
07bc07
083708
086508
075007
05ca05
04c504
043b04
040204
03c903
031003
020d02
015f01
011d01
012a01
015601
011b01
006400
ff9bff
fed2fe
fe22fe
fe20fe
feb3fe
fef9fe
feb0fe
fe44fe
fe0ffe
fe67fe
ff6cff
009f00
017a01
021902
02cc02
03a603
046d04
04f404
058805
069306
07be07
083e08
080b08
07fc07
089908
097809
09f109
09fc09
09fa09
0a180a
0a6c0a
0b1d0b
0bda0b
0bd50b
0b100b
0aa50a
0af30a
0aee0a
0a1e0a
098509
099509
096709
088b08
07a307
072c07
071807
072607
06ea06
063706
055905
04a004
044904
046e04
046904
037a03
01f101
007900
ff22ff
fe0efe
fd96fd
fd45fd
fc68fc
fb5cfb
fae8fa
fafcfa
fb23fb
fb76fb
fc20fc
fc80fc
fbe3fb
fad0fa
fa61fa
fa97fa
fa89fa
f9f5f9
f956f9
f8bbf8
f7bcf7
f695f6
f634f6
f6c4f6
f748f7
f719f7
f6a3f6
f654f6
f62ef6
f616f6
f5e6f5
f5acf5
f5dcf5
f66df6
f69ff6
f65df6
f67af6
f732f7
f7e0f7
f835f8
f88cf8
f911f9
f974f9
f99df9
fa05fa
fad5fa
fb72fb
fb83fb
fb67fb
fb56fb
fb23fb
fae1fa
fac6fa
faabfa
fa33fa
f954f9
f88ef8
f87bf8
f8f0f8
f908f9
f842f8
f71ef7
f668f6
f667f6
f6fcf6
f80df8
f911f9
f8eff8
f7a2f7
f6fcf6
f835f8
fa34fa
fb74fb
fbdefb
fc09fc
fc54fc
fcfafc
fe2dfe
ffe3ff
01a401
02c102
032403
035803
039503
03b903
03f103
045404
045804
039b03
028002
01b301
01bc01
02b002
03d103
042a04
03d103
03c003
045404
053405
064406
075107
077a07
069406
05f105
065f06
06dc06
067b06
05f405
063306
069b06
061606
054005
05a405
06ba06
066906
049804
033a03
02f802
02a902
018201
ffcfff
fe41fe
fd5cfd
fcf1fc
fc77fc
fbfafb
fbd4fb
fbc6fb
fb48fb
fa4ffa
f971f9
f953f9
f9eff9
faa6fa
fafafa
fac0fa
fa2dfa
fa02fa
fac6fa
fc03fc
fd3ffd
fe8cfe
ff73ff
ff2aff
fe7bfe
ff0cff
00a700
018201
013001
010301
018b01
01f701
01fd01
025802
032a03
03ba03
03d203
040604
048a04
050405
054c05
057a05
055705
04b304
042504
046804
051c05
053a05
046f04
036303
02fd02
036803
03d403
039103
02d902
01f601
00d400
ffdfff
ffafff
ffe9ff
ffcbff
ff41ff
fe8efe
fdcefd
fd1ffd
fca9fc
fc95fc
fccefc
fcb4fc
fbd7fb
fad1fa
fa8ffa
fb34fb
fc13fc
fc52fc
fbc5fb
fb43fb
fb6dfb
fbb7fb
fba9fb
fbd0fb
fc5dfc
fc55fc
fb3dfb
fa38fa
fa4ffa
faf1fa
fb3dfb
fb51fb
fb4dfb
fabafa
f9a7f9
f8d7f8
f896f8
f87bf8
f80cf8
f74df7
f6e2f6
f744f7
f801f8
f8a6f8
f971f9
fa43fa
fa80fa
fa7afa
fb15fb
fc18fc
fc9afc
fc88fc
fc64fc
fc50fc
fc37fc
fc2ffc
fc36fc
fc1ffc
fbf7fb
fbf4fb
fbfefb
fbf3fb
fbf0fb
fbe9fb
fb8ffb
faeffa
fa38fa
f953f9
f867f8
f801f8
f826f8
f84df8
f85bf8
f8acf8
f94bf9
f9daf9
fa0afa
fa04fa
fa66fa
fb97fb
fd2afd
fe6ffe
ff54ff
001c00
00ca00
018501
02e202
04dd04
066706
06d106
06bd06
072707
082d08
092309
097709
095809
091f09
088c08
07a007
075b07
083c08
092b09
092909
08a908
08a308
095e09
0a560a
0ad40a
0acb0a
0aac0a
0a760a
09d409
08ef08
083808
07fc07
085108
08fc08
099e09
09e809
099d09
08f108
08ab08
08ef08
08d008
07d207
068806
057205
046304
02ff02
014301
ffd1ff
ff53ff
ff80ff
ff93ff
ff78ff
ff76ff
ff61ff
feedfe
fe34fe
fd87fd
fd05fd
fc8efc
fc09fc
fba4fb
fb7dfb
fb51fb
fb21fb
fb9bfb
fd0cfd
fe8efe
ff26ff
ff1dff
ff68ff
005100
016901
027402
037803
040d04
03a303
02bd02
02ba02
03db03
04d704
04d204
046b04
046404
04ac04
04d704
04ba04
048304
048304
04b104
04b604
046404
03be03
030303
02b702
02ca02
027602
01aa01
011f01
00ed00
00a500
002700
ff49ff
fe33fe
fdeffd
fec9fe
ff75ff
ff4dff
ff1fff
ff30ff
fed6fe
fe06fe
fd5cfd
fceffc
fc53fc
fb83fb
fb08fb
fb1ffb
fb50fb
fb42fb
fb35fb
fb41fb
fb12fb
fa9efa
fa5bfa
fa87fa
faaffa
fa18fa
f8b4f8
f768f7
f707f7
f768f7
f7cff7
f7d3f7
f7a1f7
f78bf7
f783f7
f751f7
f72df7
f766f7
f795f7
f741f7
f6f0f6
f74ef7
f7f3f7
f83ef8
f853f8
f879f8
f898f8
f8bdf8
f919f9
f9baf9
faaefa
fba3fb
fba0fb
fa69fa
f952f9
f96ef9
fa18fa
fa4afa
fa09fa
f9fdf9
fa80fa
fb21fb
fb21fb
faaefa
fa9bfa
fac3fa
fa45fa
f947f9
f8c9f8
f911f9
f986f9
f9b4f9
f9a6f9
f999f9
f9aff9
fa15fa
fb13fb
fc84fc
fd9efd
fdcafd
fd51fd
fd16fd
fda8fd
fe9bfe
ff17ff
ff18ff
ff5cff
001100
00ce00
019301
02c602
044304
056205
05d605
060f06
068c06
073c07
07d107
081408
07d607
072c07
069d06
068406
06cb06
074807
07b307
079b07
073707
074307
07c807
081c08
07e807
072f07
061906
054705
053705
055805
04de04
040904
039303
039a03
03ce03
03d803
038d03
034703
037e03
03a603
029502
006c00
fea6fe
fe28fe
fe4ffe
fe0cfe
fd31fd
fc7afc
fc8ffc
fd29fd
fd76fd
fd14fd
fc3dfc
fb45fb
fa73fa
fa38fa
fadafa
fb8efb
fb0ffb
f9b1f9
f944f9
fa48fa
fb50fb
fba2fb
fc0bfc
fd11fd
fe6cfe
ffbcff
009e00
010001
017e01
026b02
034703
03ce03
044404
04aa04
04da04
051105
059505
064e06
06dc06
06dc06
066706
062006
064a06
066306
05ef05
04f904
03e703
033703
030603
02c902
023302
01ab01
015d01
00e100
001f00
ff79ff
ff2bff
ff2fff
ff68ff
ff96ff
ff84ff
ff0dff
fe17fe
fd17fd
fcbffc
fc9efc
fb9bfb
fa09fa
f951f9
f9b2f9
fa27fa
fa35fa
fa64fa
fb07fb
fb7efb
fb0efb
fa32fa
fa09fa
fa7afa
fa50fa
f908f9
f771f7
f686f6
f670f6
f69af6
f688f6
f662f6
f67cf6
f6d7f6
f75ef7
f7fff7
f86bf8
f866f8
f80ef8
f7c6f7
f802f8
f8a8f8
f8d3f8
f849f8
f836f8
f941f9
fa70fa
faebfa
fb0ffb
fb5efb
fbe5fb
fc80fc
fcdbfc
fcbffc
fc80fc
fc5ffc
fc08fc
fb6afb
fb40fb
fc05fc
fcddfc
fca9fc
fbecfb
fc30fc
fd7efd
fe31fe
fd91fd
fcb2fc
fc75fc
fc73fc
fc2bfc
fbeffb
fc21fc
fc5afc
fc18fc
fbdbfb
fc8ffc
fdf1fd
fefefe
ffbaff
00f900
029c02
03b403
03f703
040304
047004
055405
066b06
076007
07f207
082d08
089708
099509
0ad70a
0bef0b
0ce10c
0d9d0d
0dd50d
0d9f0d
0d4d0d
0d040d
0cfb0c
0d260d
0cb10c
0b670b
0a9e0a
0b280b
0bc60b
0b680b
0b0e0b
0be70b
0d180d
0cf90c
0b980b
0a670a
09cd09
08d908
076707
068106
066a06
065206
05ea05
059805
059f05
063306
077307
088d08
083208
065506
047004
039c03
033103
020f02
008900
ffb1ff
ff52ff
fe5bfe
fcf6fc
fc60fc
fcd3fc
fd4efd
fd27fd
fc9afc
fbfffb
fb74fb
fb2efb
fb64fb
fbb5fb
fb67fb
fa8efa
fa3cfa
fb0efb
fc89fc
fe23fe
ffc7ff
012801
01e001
022e02
02a602
037603
046b04
050205
04bc04
040f04
03fb03
047404
04c004
050b05
059605
058f05
04c104
046b04
04cc04
048104
034f03
02a402
02d802
028b02
012301
ffc5ff
ff6dff
ff69ff
fe9efe
fd6afd
fd06fd
fd97fd
fe24fe
fe13fe
fd93fd
fd02fd
fc8ffc
fc42fc
fc19fc
fbfefb
fb9dfb
fac0fa
f9c3f9
f90ff9
f86ef8
f7c1f7
f79ef7
f855f8
f930f9
f94ff9
f8acf8
f802f8
f7e5f7
f828f8
f83af8
f7d2f7
f701f7
f618f6
f5b4f5
f624f6
f6dff6
f727f7
f6f3f6
f6c3f6
f702f7
f7a7f7
f83df8
f855f8
f7d9f7
f70ff7
f68df6
f693f6
f684f6
f603f6
f5ccf5
f636f6
f67ef6
f684f6
f6fcf6
f79bf7
f7aff7
f7c4f7
f88bf8
f95df9
f94ef9
f878f8
f7b9f7
f7c3f7
f83cf8
f84cf8
f834f8
f8d0f8
f9abf9
f9c1f9
f968f9
f971f9
f9bff9
fa13fa
fa81fa
fa8ffa
f9b0f9
f85df8
f78ff7
f77df7
f7b7f7
f7e5f7
f7ddf7
f7b7f7
f808f8
f95ef9
fb1cfb
fc22fc
fca7fc
fdb5fd
feeefe
ff49ff
ff50ff
002f00
016701
01c401
01a801
026202
03f303
053f05
060106
06ee06
081508
08d308
093109
099109
099d09
091309
089308
087608
082d08
073a07
05dc05
04eb04
053205
063b06
06b706
069e06
06ec06
073807
069006
05e405
066406
06e306
05e205
044804
03bb03
040f04
042b04
040d04
04a404
063706
07b107
07bc07
067406
055105
051c05
051005
047004
039503
029f02
00fe00
fef0fe
fd8bfd
fd28fd
fd69fd
fe15fe
fea1fe
fe57fe
fda7fd
fd90fd
fdfffe
fe4cfe
fe52fe
fe22fe
fdd1fd
fdc6fd
fe33fe
fed0fe
ffabff
012101
02f702
046004
04eb04
050205
057f05
067906
070707
06bf06
067206
069906
06a506
065906
062e06
063a06
062106
05f905
060f06
063d06
063d06
061b06
05e805
057d05
04c404
03d103
02b302
01c701
01ac01
023c02
026d02
01de01
017801
01da01
024502
01ec01
013101
010501
018801
01bc01
00ab00
fed0fe
fd84fd
fd2ffd
fd0bfd
fcb0fc
fc64fc
fc2afc
fbc9fb
fb87fb
fba4fb
fbb4fb
fb74fb
fb61fb
fb9efb
fb68fb
fa79fa
f9cdf9
fa28fa
fb04fb
fb86fb
fb95fb
fb90fb
fba0fb
fbbcfb
fbf6fb
fc5afc
fcbefc
fcfffc
fd2dfd
fd37fd
fcd7fc
fbfafb
faedfa
fa3afa
fa3ffa
fac9fa
fb4cfb
fb9efb
fbd2fb
fbc8fb
fbbefb
fc52fc
fd0dfd
fcc2fc
fbd0fb
fbbffb
fcaafc
fd49fd
fd04fd
fc59fc
fc1bfc
fcddfc
fe3cfe
ff12ff
fef5fe
fe83fe
fe3dfe
fe21fe
fe0afe
fdc0fd
fd2bfd
fc72fc
fbabfb
fae0fa
fa3bfa
f9b8f9
f960f9
f9ddf9
fb68fb
fcbefc
fd00fd
fd5ffd
feebfe
007300
00a300
005200
00b700
016501
01c201
025d02
038403
047b04
051605
062b06
07e707
096f09
0a4c0a
0ac40a
0af90a
0ac40a
0a420a
09d009
099109
092209
082108
06f906
066806
065a06
061606
057805
052f05
05d105
071207
07d707
074407
05d605
04e404
04e504
04ec04
042c04
032703
02e102
038103
044c04
04c104
055f05
06d806
088908
08c908
076907
064906
065d06
061a06
044e04
022f02
011901
007c00
ff4bff
fdc6fd
fce7fc
fce5fc
fd1afd
fd38fd
fdd3fd
ff02ff
ffb9ff
ff76ff
ff0dff
ff10ff
ff33ff
ff5dff
ffaaff
fff7ff
007400
019801
030b03
03f703
045004
04c704
05b605
06d306
07a707
080408
07ea07
075607
068306
060706
063106
06a706
06de06
069b06
062406
062b06
06d206
071e07
067f06
05e705
061806
062d06
052705
03a103
02d202
02ac02
023302
015301
011101
019701
01ab01
00db00
003600
002b00
ffecff
ff3bff
feadfe
fe35fe
fd31fd
fbb1fb
fa83fa
fa27fa
fa3efa
f9fdf9
f93ef9
f8b5f8
f8d3f8
f918f9
f8f3f8
f888f8
f833f8
f80ff8
f808f8
f7fdf7
f7c1f7
f768f7
f760f7
f7cff7
f827f8
f802f8
f7faf7
f8b7f8
f9a3f9
f9bef9
f940f9
f90bf9
f925f9
f8e6f8
f83bf8
f7a2f7
f759f7
f72df7
f6e5f6
f6bff6
f726f7
f7e9f7
f853f8
f863f8
f8bef8
f94af9
f940f9
f8d4f8
f90af9
f9fcf9
fac6fa
fb07fb
fb28fb
fb5dfb
fb72fb
fb7dfb
fc0bfc
fd38fd
fe2cfe
fe26fe
fd8efd
fd1efd
fcd3fc
fcaafc
fd0bfd
fd8efd
fcf2fc
fb24fb
f9acf9
f98ff9
fa4ffa
fb2cfb
fc1ffc
fd55fd
fe5efe
fe80fe
fe21fe
feb9fe
009e00
026702
035603
044904
058205
060906
05db05
063506
078107
090709
0a530a
0b320b
0b340b
0a780a
09ec09
0a0e0a
0a870a
0add0a
0a9c0a
099709
08a008
088208
086208
073f07
063206
06b406
07f007
083708
078707
06dc06
06ae06
06ef06
072707
06a906
05b405
054405
056505
054c05
04f404
050005
056e05
05b805
05ba05
05ca05
060f06
060d06
053105
03f203
035103
031603
024602
010a01
003d00
ffc8ff
ff52ff
ff15ff
ff06ff
feebfe
ff5fff
00b600
01c201
01a201
014601
019b01
023302
028602
02e102
039c03
049d04
05a605
066706
06cb06
074f07
086108
097f09
09cf09
095c09
08de08
08ba08
08df08
091a09
091009
088408
07ce07
079b07
083708
096509
0a730a
0aa50a
0a190a
09e709
0aa50a
0b710b
0b220b
09e309
08cf08
087208
085108
07da07
073807
06f906
073307
076207
071707
064f06
054505
044f04
039d03
02ec02
01db01
009900
ff9aff
fefdfe
fed1fe
ff13ff
ff26ff
fe69fe
fd51fd
fcdcfc
fd54fd
fe2cfe
fe80fe
fdbefd
fc67fc
fb90fb
fb71fb
fb74fb
fb4afb
fb06fb
fad1fa
faecfa
fb55fb
fb84fb
fb30fb
fad7fa
fafafa
fb36fb
faaafa
f934f9
f7d2f7
f74cf7
f721f7
f693f6
f5ecf5
f5ebf5
f68ef6
f741f7
f7bef7
f838f8
f8d2f8
f955f9
f98df9
f9b2f9
fa0efa
fa6ffa
fa76fa
fa5cfa
faa3fa
fb17fb
fb33fb
fb6dfb
fc83fc
fdbbfd
fddbfd
fd7bfd
fdf5fd
feadfe
fe39fe
fd2bfd
fcfefc
fd47fd
fca5fc
fb60fb
fac1fa
fad1fa
fabbfa
fa9efa
fb5ffb
fd26fd
fefdfe
ffe6ff
001e00
00dd00
027102
03bc03
044404
04f204
060d06
06c706
071107
07a107
086d08
08f508
096109
0a220a
0b1d0b
0bc90b
0bc10b
0b350b
0abc0a
0a9a0a
0a770a
09e809
090409
083208
079107
06c606
05ba05
051305
054005
05aa05
059205
052b05
053605
05d005
063506
05da05
053205
04db04
04b704
048d04
049504
04bf04
048004
03e503
03ab03
042004
04b604
04cc04
044e04
039d03
02fc02
025802
019801
00b500
ff90ff
fe72fe
fe23fe
fe69fe
fde1fd
fc8ffc
fc43fc
fd65fd
fe6cfe
fedefe
ff53ff
ff72ff
ff1aff
ff7eff
009400
00ac00
ffe7ff
003900
01bc01
02a202
027d02
02a502
03c503
04ea04
051c05
04af04
046c04
045904
044004
045404
046204
03d203
030103
02fd02
03d203
04a304
051a05
059805
065b06
072607
077c07
071207
062606
055c05
052205
052f05
04c604
03bd03
02e702
031603
040704
04c204
04cc04
045104
035703
01d701
008b00
006000
00d000
003300
fe49fe
fce3fc
fd31fd
fe20fe
fe30fe
fd7bfd
fd00fd
fd4efd
fe46fe
ff2aff
ff2fff
fe92fe
fe28fe
fddcfd
fd20fd
fc52fc
fc16fc
fc4bfc
fcb6fc
fd42fd
fd73fd
fceefc
fc5bfc
fcaafc
fdbdfd
fe4ffe
fd5ffd
fb86fb
fa2bfa
f9bef9
f9d0f9
f9f7f9
f9b4f9
f8f2f8
f8baf8
f9b3f9
faecfa
fb91fb
fc19fc
fcd1fc
fd2efd
fceafc
fc6ffc
fc56fc
fcdcfc
fd7cfd
fd75fd
fce9fc
fcbcfc
fd64fd
fe95fe
ffcdff
00b600
010f01
00b800
001f00
002400
00fd00
019401
00c800
ff04ff
fde1fd
fe2cfe
fec3fe
fe47fe
fd78fd
fe3bfe
007200
021302
024b02
024002
02de02
03f803
052b05
060606
05f905
055305
054f05
064b06
075307
07ca07
080b08
086708
08f208
09ad09
0a1d0a
09b509
08e508
08a208
090309
092c09
086008
06c606
055105
04d004
051305
052d05
049f04
042504
04d004
062b06
06bb06
065c06
063506
066e06
064406
05b505
055805
053c05
051505
04be04
046904
047804
04d804
051205
051a05
053805
054705
051305
04a504
03dd03
02e802
028002
027f02
01b301
002800
ff6dff
ffecff
005700
001800
001600
00dc00
01d601
028c02
031303
036703
036103
034303
037103
03df03
043a04
047904
04db04
057405
061206
068906
06c206
06c206
06ce06
070107
06e106
062706
055d05
04fa04
04c804
04aa04
04a904
047d04
040804
03d903
049604
062f06
079407
079e07
069d06
05fc05
061806
063106
062006
062706
05ee05
054505
04a104
044104
041c04
047604
054205
057c05
045d04
029702
015801
00c200
005600
001100
fff4ff
ff6dff
fe5dfe
fdaafd
fdfafd
fec1fe
ff21ff
ff31ff
ffa7ff
004300
ffddff
fe7dfe
fd80fd
fd44fd
fcfbfc
fc87fc
fc53fc
fc39fc
fc17fc
fc34fc
fc9afc
fd17fd
fd84fd
fdb0fd
fdccfd
fe28fe
fe36fe
fd38fd
fbccfb
fb32fb
fb65fb
fb49fb
fa82fa
fa14fa
fad2fa
fc0dfc
fcc3fc
fd1cfd
fdb4fd
fe80fe
ff0aff
ff15ff
feddfe
fedefe
feeffe
fe77fe
fdd1fd
fdf8fd
feb2fe
fefbfe
feeafe
ff5fff
003d00
009c00
008100
00dc00
017d01
012301
ffeaff
ff2dff
ff28ff
ff13ff
febdfe
fe4efe
fdd1fd
fd9dfd
fdf0fd
febdfe
002100
01c601
02cb02
034003
03e303
047a04
047f04
045704
047804
04cc04
050b05
04e904
049504
04c804
059405
064106
06a906
071607
073d07
06c606
061a06
05dd05
05ed05
057d05
047104
03cc03
03f903
040f04
036503
028002
024902
032703
046104
04a904
040104
038303
036003
031603
02ba02
026a02
021702
020202
020f02
01e901
020702
02b102
031203
02d302
028a02
026602
024902
023302
01cf01
010e01
008900
003000
ff7cff
fedefe
fef7fe
ff61ff
ffb1ff
002200
00b100
011d01
019001
021902
022202
014e01
005000
fff8ff
001000
001200
001600
005900
00ce00
015301
019301
016d01
017501
020602
02a902
033203
038303
02bf02
011401
006800
015201
022c02
020402
01b701
01f501
027002
02cd02
034b03
041f04
04c104
04c504
049804
047204
040004
038303
034b03
02f002
02a502
031a03
03bd03
03bd03
03a503
03e803
041b04
043504
043904
03a403
02a302
01f601
018201
00e100
005e00
004800
008900
00e000
010501
011f01
019f01
023c02
024902
01e401
01a701
01a401
018001
00ea00
000c00
ff8eff
ff90ff
ff47ff
fe5bfe
fd9afd
fdb3fd
fe6ffe
ff31ff
ff95ff
ff83ff
ff17ff
fe8afe
fe02fe
fd77fd
fcc5fc
fc2ffc
fc3efc
fcd1fc
fd1bfd
fce4fc
fd05fd
fdf6fd
fef2fe
ff4fff
ffa9ff
008800
012b01
00eb00
006d00
005200
003800
ffccff
ff84ff
ffc8ff
005800
00af00
00bc00
00f000
018501
023302
02b702
031003
032703
02da02
025502
01f401
01fa01
023702
022f02
01fa01
024702
032603
03fc03
049604
053b05
05f705
068e06
06a506
062f06
05c805
05c205
056f05
04a504
045804
04b604
04e004
04ec04
05a005
06ba06
076e07
078407
072607
06c506
06cf06
06eb06
06a706
067506
069106
063c06
053405
046104
04a804
05e505
06f606
06d606
061306
05fc05
067106
064906
056405
047404
03ae03
02f702
026802
023402
025a02
027602
023302
01ea01
020702
023d02
020302
015901
00bc00
00bc00
013701
014001
008500
ffc9ff
ffa4ff
002800
012a01
01d201
018001
013401
020202
031303
032d03
029702
023302
024802
027a02
022702
013601
007b00
00a800
016001
01e701
01ee01
01a001
016201
018201
01e701
021002
01c001
016b01
018601
01b501
019601
019301
021b02
02ff02
03e703
049604
04ff04
056a05
05c705
05c505
05e205
069d06
072507
06e106
06a706
071007
07a107
07d407
077307
06e006
070607
07ad07
079c07
06f706
06ba06
06a306
062e06
05be05
055b05
049404
03b703
036403
039303
03bb03
037403
032703
039603
047604
04d804
04a304
044704
03e203
039c03
039a03
03a803
035903
024702
00ce00
001400
002600
ffc9ff
fef3fe
fe89fe
fe57fe
fdeffd
fd8afd
fce9fc
fc09fc
fbd4fb
fc25fc
fbe5fb
fb1bfb
fa54fa
f9c7f9
f9f6f9
fac3fa
fb42fb
fbaffb
fc8cfc
fd03fd
fcf0fc
fd74fd
fe81fe
ff1eff
ff2cff
fefbfe
ff12ff
ffadff
ffc3ff
ff0bff
ff23ff
003800
00a000
004400
ffd6ff
ff1aff
fecafe
ffbdff
00a800
00b700
00ba00
004c00
ff13ff
feecfe
008f00
021002
025202
020d02
023f02
038403
04f604
050305
045c04
04bc04
05a805
05bb05
04f504
041e04
03ec03
045304
045c04
040f04
046e04
04e204
048004
046c04
053605
058505
050a05
048b04
03bf03
028202
01b501
019d01
01c601
01ec01
01b201
00f700
006000
009400
019501
02ad02
02bc02
01b301
00d800
00e500
016301
019c01
00fc00
ffc4ff
ff33ff
ffa4ff
001600
001d00
fff7ff
ffa3ff
ff75ff
ff9cff
ff61ff
fea6fe
fe50fe
fe59fe
fdfefd
fd3bfd
fc73fc
fbf7fb
fc40fc
fd4ffd
fe66fe
fee3fe
fed7fe
ff08ff
fff6ff
00e700
012301
010f01
00d500
005f00
005100
007200
ffb4ff
feeafe
ff52ff
ffe6ff
000700
00c100
01bd01
022702
02c902
038403
033c03
02d202
031803
02c202
01d001
01c101
022302
020502
022a02
02dc02
037a03
041204
048f04
048604
048804
052b05
060d06
06cb06
06f506
064306
05e705
06b706
072c07
067706
064506
071b07
074107
065506
05e805
068506
070107
066606
051105
040c04
03ac03
035103
02b302
027602
02e002
032603
02bb02
026d02
031503
041604
047c04
048504
049f04
045604
039503
02f602
028302
021102
021502
025602
01b701
007500
ffe9ff
002800
007a00
00d200
00d000
fff4ff
ff41ff
ff9eff
fff2ff
ff88ff
ff4bff
ff6cff
ff47ff
ff11ff
ff0fff
ff28ff
ffdeff
010401
015601
013601
020802
02fe02
02e202
02d902
03b003
043b04
042804
046d04
050004
053905
053a05
056905
05eb05
06ab06
073507
074507
072907
070507
06a106
062506
05fe05
062706
064e06
066106
066606
061f06
059f05
05c805
06f806
07ee07
07a007
06db06
06cd06
075a07
078507
06bf06
05d905
062406
070407
069306
050a05
046304
052205
061e06
063206
050e05
03fb03
048504
058d05
04fc04
03ba03
03bd03
043604
038603
022402
011301
007f00
008900
011d01
018d01
018301
012e01
008600
ffb4ff
ff7fff
003200
00e500
00ce00
004100
ffc0ff
ff3eff
fee0fe
ff2cff
000500
00c100
00fd00
00a800
ffd7ff
fefdfe
feacfe
ff0aff
ffbfff
002300
ffbcff
feddfe
fe5efe
fe9bfe
ff56ff
003e00
00ee00
011e01
013c01
01a701
01c401
015a01
016a01
021602
021502
014b01
00fd00
013001
00e200
005000
008200
018001
027402
02ba02
025702
01fa01
023b02
02a802
027f02
020b02
01f201
01d501
014201
00f000
018401
023802
022802
01ca01
021002
02ed02
038b03
036403
02cd02
02ad02
034903
03ad03
031803
024f02
023a02
026102
022d02
023402
02ed02
038103
033103
029b02
026902
027502
029c02
028f02
018301
ffd4ff
fef1fe
fefdfe
fefdfe
febafe
fe81fe
fe89fe
ff1bff
000c00
009b00
004c00
ff97ff
ff8bff
003400
003400
ff0bff
fde9fd
fdb5fd
fe59fe
ff12ff
febefe
fd91fd
fcfdfc
fd33fd
fd98fd
fe34fe
fe84fe
fddbfd
fcf4fc
fc85fc
fc46fc
fc3afc
fc78fc
fc87fc
fc48fc
fc0bfc
fbe8fb
fc02fc
fcd7fc
fe6dfe
ff5eff
fea7fe
fdf5fd
fee5fe
ffe4ff
ff88ff
ff22ff
ff9aff
003100
00a300
013d01
01dd01
021002
01b801
01af01
026a02
029002
018f01
011101
01c601
024102
01c701
012e01
013a01
019601
018801
015a01
019001
01be01
01e201
02a302
034403
02be02
01f501
022002
02e902
038103
037703
02c302
023d02
02d902
03c303
038c03
032003
03fc03
04c504
03fb03
033703
03e903
04fa04
056405
053305
048e04
03fb03
03f103
041a04
03f403
037603
037303
047904
055005
04ec04
044704
041404
03da03
03b703
03f203
046c04
04f004
04a604
037503
030703
03c203
040404
036103
02e902
030c03
02fe02
01df01
008f00
009000
015401
019201
010b01
ffdcff
ff16ff
ffbeff
008700
008000
00b000
011101
014501
01d201
020802
01ad01
01ee01
01fe01
00e400
002300
002600
fff8ff
ffbbff
ff4eff
fea4fe
fe8afe
fe54fe
fd7afd
fd91fd
feccfe
ffccff
006100
005200
ffa3ff
ff90ff
fff7ff
ffd8ff
ffe6ff
007600
00a700
009c00
00ec00
016b01
01cb01
020702
026702
02b502
020f02
011301
017501
02ef02
03db03
038703
02ad02
02cf02
03ca03
03c503
033d03
041e04
053505
04ac04
03c103
03c203
040704
03f003
03a803
034403
028f02
01b601
017501
01bd01
021a02
02fa02
03a103
02a302
01de01
032c03
041304
035903
034203
037d03
025802
017e01
023102
027602
015701
003e00
000700
005500
00d800
018601
01c801
010c01
001f00
ffddff
ffa2ff
ff01ff
fe78fe
fe09fe
fda5fd
fd95fd
fd74fd
fd01fd
fd10fd
fe21fe
ff57ff
ff95ff
ff5bff
ffd2ff
fff9ff
feb9fe
fe34fe
ff97ff
008f00
007300
00a000
00bd00
00d300
01bf01
024602
01b701
017301
017001
013f01
01b201
01e901
00de00
006900
012901
00ca00
ff69ff
000700
029e02
03f603
035403
02a302
029102
02f702
036d03
02ec02
030403
050405
054205
03e803
056805
05fd05
055305
0dfd0d
188918
122f12
062106
06cd06
090b09
054705
066706
092809
065306
061806
090a09
083c08
078a07
081d08
060e06
054705
05f505
031d03
00e200
02c302
04cc04
067906
07a507
05d105
036a03
02b402
025802
02e202
03cb03
03e703
055905
072a07
064506
046704
031203
01d501
018f01
00f500
ff82ff
ff73ff
ff2aff
fedcfe
02a102
054905
021302
029902
097709
0a940a
04d904
02da02
05e205
074b07
04df04
026902
029702
020f02
fedafe
fcd2fc
fd0efd
fdb5fd
ff03ff
febafe
fb96fb
faf8fa
fdebfd
fed2fe
fdfbfd
ff66ff
01a201
012701
fe86fe
fe44fe
016501
022302
ff4aff
fe7afe
ff57ff
fe48fe
fd54fd
fe4afe
fffcff
004a00
fd3bfd
fb81fb
ff48ff
00ec00
fe14fe
ff9cff
035703
01d601
ff34ff
fe7ffe
fe77fe
014801
03d303
017601
fedbfe
ffcbff
026802
03b103
011201
010301
098509
0da20d
052005
fe2efe
ffb7ff
011b01
ff19ff
fc7afc
fc15fc
fce6fc
f94bf9
f536f5
f816f8
fa99fa
f8cff8
f975f9
f8fcf8
f604f6
f9bef9
febffe
fc16fc
f9f3f9
fc24fc
fdc9fd
fec9fe
fbdafb
f708f7
fcf8fc
06f906
03e503
fd3efd
009700
03be03
ffa1ff
fbc8fb
fb03fb
fc69fc
001100
013b01
fe54fe
fd48fd
fedafe
ff53ff
ff49ff
fe26fe
f9f7f9
f6b4f6
f748f7
f8caf8
fadcfa
fea1fe
017e01
018701
ffc6ff
003100
078107
0fb50f
0c500c
022802
01a801
08b108
090009
050005
06ef06
098909
059905
017a01
00cc00
005400
028202
063306
049d04
016501
014b01
00d800
025802
066d06
04be04
018201
079e07
105310
10ce10
0c480c
0bbf0b
109d10
116111
0b8f0b
0b140b
0e5e0e
092209
039803
075407
0a090a
07af07
065f06
054205
044204
042b04
00cc00
fc67fc
fca6fc
ffadff
037403
073307
073507
049f04
04ed04
066e06
039103
008800
052a05
0aa00a
078707
059f05
0c890c
0f180f
077a07
02d702
06cf06
09de09
05fd05
026c02
05d705
084708
042704
025b02
052905
060806
05c205
045504
ffe2ff
fe98fe
01ce01
026f02
ff84ff
fd27fd
fecafe
029c02
008500
fae7fa
fbbefb
ff00fe
ff50ff
00ef00
011501
fda0fd
fe92fe
040004
06b006
04ae04
fffcff
ffabff
066006
099409
061906
047204
055405
061806
073407
057705
019f01
018501
03b703
035903
002a00
fd36fd
fe0ffe
004a00
fecafe
fd0efd
ff22ff
007400
ff5aff
008f00
03d003
041204
023902
03be03
06f006
05fb05
034503
035703
040e04
033603
010001
fe34fe
fcc4fc
fb80fb
fa34fa
fd06fd
ff8fff
fb61fb
f823f8
fa49fa
fadafa
f9d5f9
f9b3f9
f7d6f7
f6eef6
f8ccf8
f9b4f9
fae3fa
fcb5fc
fc1dfc
fc86fc
feeafe
fe98fe
fe21fe
ff9dff
fe59fe
fcc0fc
004600
04ed04
05b605
03a203
012701
002100
002800
ff2eff
fe70fe
000c00
013a01
ff6cff
fe17fe
ff47ff
ff3fff
fd3efd
fc5ffc
fc5afc
fceffc
ff0bff
ffd5ff
fee1fe
ffbbff
015d01
02ae02
04e904
04dd04
02c202
03fd03
05b305
03c503
028302
033603
039b03
048104
03e003
008e00
ff3eff
007200
012001
019101
00b000
fe72fe
ff34ff
01ef01
017401
fee5fe
fdb9fd
fde8fd
fec5fe
fffdff
016c01
02fe02
037e03
02bd02
02d002
046b04
05e005
062f06
05fb05
057f05
03ee03
026e02
037703
059505
053b05
030b03
023502
036203
044504
02df02
012701
023402
03cd03
023d02
000b00
014701
040804
040e04
017901
ffc1ff
006100
017f01
01a201
01a301
027402
035703
035703
032e03
03cc03
047c04
04d404
055a05
050f05
038003
02d502
035603
02e802
01d201
019a01
026102
038e03
031803
002b00
fe6bfe
ff7cff
ffd7ff
fe87fe
fdd0fd
fd8ffd
fcfcfc
fc48fc
fb49fb
fb4bfb
fd46fd
feccfe
fe8efe
fde0fd
fcd4fc
fc47fc
fe3dfe
009600
ffeeff
fd81fd
fbe0fb
fba4fb
fcadfc
fdd0fd
fda7fd
fcaffc
fba4fb
fab0fa
fad4fa
fc11fc
fc79fc
fbbafb
fb66fb
fb7bfb
fae5fa
f9b2f9
f8a4f8
f8b1f8
fa0bfa
fab0fa
f95ff9
f889f8
fa1dfa
fc51fc
fd35fd
fd06fd
fcebfc
fdaafd
fe48fe
fd47fd
fbf1fb
fc79fc
fe28fe
fedcfe
fdf1fd
fcd0fc
fd77fd
ff22ff
fee6fe
fcf6fc
fc46fc
fd2dfd
fd6ffd
fc6ffc
fbe8fb
fcd7fc
fd81fd
fc6efc
fb40fb
fb94fb
fc60fc
fcbbfc
fd40fd
fe01fe
fe57fe
fe65fe
ff0eff
003d00
007900
ffcdff
003900
017601
014801
006c00
012501
028202
023302
00b100
002600
00ae00
005400
ff20ff
ff67ff
00f500
016101
00df00
00c900
009d00
003900
000d00
ff46ff
fde1fd
fd93fd
ff3aff
01b201
027b02
00d700
001700
026302
04f904
052105
032303
00f200
014f01
037503
033d03
017301
01c801
026c02
00fa00
ffcfff
009800
01dd01
016801
ff2bff
fee6fe
015201
011601
fe03fe
fddbfd
001800
007f00
ff42ff
fe12fe
fe68fe
00a100
01c201
016c01
02d202
045104
034303
027d02
038403
04bb04
05b105
053c05
035f03
032803
03a403
01a901
ffbaff
008800
01da01
019d01
ffa1ff
fe09fe
002900
02c902
003c00
fcb6fc
fe2bfe
00a400
ffd6ff
fe00fe
fd5dfd
fe24fe
ff2cff
feddfe
ff45ff
01c401
027702
011d01
020102
03d303
03ba03
038503
03a703
032003
02a502
01a101
00bd00
01dc01
01d301
ff46ff
ff3dff
013101
007f00
ff5cff
ffe6ff
ff9aff
fe8efe
fddffd
fd7cfd
fe65fe
ff31ff
fe89fe
ff6fff
015901
00e800
004300
00c800
009800
012901
01d001
ffa3ff
fed9fe
023c02
039903
006400
fda6fd
feb2fe
01ba01
027202
011c01
028e02
045e04
015801
fef8fe
023302
054605
04ac04
035403
02a102
027102
028b02
031303
04fc04
068006
064806
073007
085a08
068506
052f05
071207
087b08
080a08
074d07
06db06
079707
084108
070b07
065906
07ab07
099309
0b180b
09c009
05b705
04e004
071a07
06b306
052905
057a05
04ff04
038103
03fd03
06ad06
093209
089908
063006
06f306
094309
088f08
07b407
089b08
07a907
05f505
06a406
07a607
077e07
076107
07a307
084b08
087a08
073507
067406
078007
089b08
08cb08
079a07
052c05
04a204
06fa06
082808
06de06
066a06
078507
07c907
070307
072907
08a608
09cf09
093e09
077d07
069706
075c07
080e08
077207
063a06
049404
02c202
01b101
007600
fe75fe
fd45fd
fcb1fc
fbd0fb
fbddfb
fc8bfc
fccbfc
fd66fd
fd38fd
fba1fb
fb87fb
fc1dfc
fa9efa
f9a2f9
faa9fa
fb6bfb
fc06fc
fc5efc
fbd1fb
fcf4fc
ff3dff
ff45ff
fe49fe
fd25fd
fabdfa
f97af9
f952f9
f730f7
f51ef5
f485f4
f2e0f2
f11bf1
f040f0
eefbee
ee96ee
eec8ee
edf0ed
ef14ef
f1e9f1
f153f1
eec6ee
ee2fee
eec4ee
efc0ef
f01bf0
eea5ee
edc1ed
edd2ed
ecddec
ecc7ec
edf0ed
ed8aed
ec1cec
ea93ea
e977e9
ead9ea
eb14eb
e5e1e5
e189e1
e375e3
e6a1e6
e657e6
e43ee4
e4f6e4
e95ee9
eab7ea
e717e7
e699e6
ea69ea
ec63ec
ec92ec
ec7cec
ec3aec
ee82ee
f1ecf1
f366f3
f56af5
f6f3f6
f4cdf4
f3b8f3
f705f7
fb2efb
fd84fd
fc63fc
fa68fa
fd97fd
01ed01
016c01
014d01
027e02
ffb1ff
fd9ffd
00d500
04a304
075e07
097f09
0a160a
0b8f0b
0d400d
0cbb0c
0e9e0e
134713
148e14
144114
158915
165816
18c018
1ca01c
1cb31c
1bb81b
1cc21c
1af21a
180818
197619
1b401b
197d19
165b16
145a14
15f515
188e18
15c615
113d11
113111
118411
0fd70f
0f570f
0e500e
0c900c
0df90d
100c10
0f1f0f
0d600d
0bf80b
0b1c0b
0c380c
0d910d
0dd30d
0e4f0e
0e2c0e
0e3e0e
111711
12d312
10a710
0fde0f
111b11
0f820f
0d950d
0fad0f
129712
12a012
114511
119c11
137913
130213
10da10
130413
178517
168216
128412
133213
176d17
1a691a
1ae41a
19ce19
19a419
1b531b
1c801c
1cd31c
1df91d
1f361f
1f621f
1ed31e
1e581e
1efe1e
1fca1f
1ef71e
1e6b1e
1f6a1f
1eda1e
1c271c
1aa91a
1ae71a
1a901a
187e18
159215
137013
120b12
108510
0f7f0f
0ed40e
0d030d
0a060a
06b406
046704
044404
03fb03
01ae01
002400
000a00
febcfe
fd1dfd
fdb8fd
005c00
02a502
015401
fd4cfd
fb1ffb
fa79fa
f9c6f9
fba6fb
fdf2fd
fb1cfb
f55ef5
f1d4f1
f1a0f1
f363f3
f2c9f2
ee33ee
e9f0e9
e67de6
e2a9e2
e25fe2
e4b7e4
e4afe4
e408e4
e393e3
e052e0
dd03dd
dcabdc
dda3dd
df3ddf
df8adf
dcccdc
da48da
d92ed9
d8f3d8
db31db
db3cdb
d574d5
d24cd2
d4d0d4
d587d5
d4cdd4
d671d6
d6b1d6
d2d5d2
cd7acd
cb03cb
cc72cc
cb1dcb
c55fc5
c35ec3
c392c3
bf1dbf
bc74bc
c08dc0
c4b7c4
c69bc6
c937c9
cd9dcd
d402d4
da68da
e2cae2
f2fbf2
041604
0b7a0b
0e120e
122712
162916
1a2d1a
1c631c
1c2c1c
1f281f
21a221
1c971c
191019
1e6f1e
255c25
27a727
242624
1e0d1e
1b441b
172117
0e830e
0d500d
128112
0e7b0e
052605
03f603
0a460a
12cd12
18a218
1a6c1a
1f621f
25fc25
267e26
280528
2db52d
2b4c2b
206b20
164e16
0e880e
0b520b
0be20b
097109
074907
088508
05c905
01c901
040804
069906
048a04
fe68fe
f2dbf2
e918e9
e839e8
e903e9
e94ae9
ee94ee
f3a3f3
f478f4
f702f7
fc7afc
03a803
0c520c
10f910
11cd11
156615
18af18
180e18
18fd18
1bea1b
1d391d
1e011e
1d461d
1b3e1b
1d601d
222622
244724
259225
25a525
217821
1de51d
1e181e
1cf21c
190a19
15bc15
142e14
14a514
169316
19f419
213821
296629
2b7b2b
29d129
2ae22a
2d202d
2de92d
2e6c2e
2da12d
2a5f2a
265b26
22af22
20a420
215f21
224022
20f920
1ebc1e
1c301c
19b919
185518
166116
12d212
100d10
0e1d0e
0a8e0a
069806
04f804
04e404
040d04
02a502
034f03
06ef06
0a920a
0c060c
0c750c
0c4c0c
0a8a0a
07fb07
060206
044b04
022102
ff80ff
fc78fc
f94af9
f694f6
f468f4
f2baf2
f2e6f2
f533f5
f5bef5
f1b3f1
ecaaec
eab1ea
ea94ea
ea27ea
e983e9
e8e0e8
e7ffe7
e73ce7
e7cae7
ea86ea
ee72ee
f18df1
f282f2
f117f1
ef39ef
ef11ef
eef4ee
ecabec
e9a8e9
e6c2e6
e277e2
dde3dd
dc64dc
de40de
df7fdf
dd00dd
d9c5d9
dab1da
de5cde
df8adf
dc34dc
d6e3d6
d440d4
d53ad5
d550d5
d311d3
d17cd1
d082d0
cf25cf
cf17cf
d155d1
d5d1d5
d988d9
d675d6
ceb6ce
cb1dcb
cbb4cb
ca95ca
c651c6
c0b5c0
be9ebe
c37dc3
caccca
d199d1
d9a4d9
e05be0
e6e0e6
f3f5f3
02e602
099a09
08d308
05f305
063206
0c320c
114e11
128a12
161216
18ef18
164216
16f316
1f4c1f
271227
292529
250225
1e351e
1a7a1a
160516
0e950e
0d940d
10b510
0b600b
026902
01ea01
09b709
138413
182e18
173d17
198819
1e331e
1dcc1d
1daa1d
201920
1b131b
0f7e0f
07e407
06c006
08a608
07cf07
027402
00ca00
03fb03
028f02
fdccfd
fc09fc
f90ef9
f1dff1
eb5beb
ea31ea
ee6eee
efbcef
e8bde8
e54ee5
ed94ed
f619f6
f802f8
fa4bfa
ff57ff
02ed02
03c503
061906
0e850e
175117
172d17
135413
151e15
18ee18
19b419
1a201a
1d381d
22b822
268d26
265c26
28b328
306e30
341034
2f492f
298429
281228
297729
290a29
255825
250e25
2abc2a
2db62d
2b882b
2c3d2c
31d931
36cb36
376837
34e834
33c433
346134
32f832
325732
35b435
360a36
300630
2ad42a
28b728
263626
23ba23
228d22
226c22
222922
1ede1e
1a1b1a
18c918
17e717
122712
0ac90a
060606
038103
031703
04e004
08b708
0d240d
0cab0c
072107
05bf05
0a410a
0bd20b
07e607
031303
000200
ff7cff
ffbdff
fe66fe
fdf4fd
ff4cff
fd84fd
f7b4f7
f272f2
f014f0
effdef
efbaef
ed3aed
eab9ea
ea53ea
eabcea
ec3eec
ee9aee
ee40ee
ebadeb
eb32eb
ed68ed
f099f0
f34ef3
f433f4
f47af4
f4d5f4
f317f3
f0c4f0
f150f1
f1ddf1
ee7eee
e9fbe9
e8dbe8
ea32ea
e8dee8
e3fee3
e175e1
e2e2e2
e25de2
ddf5dd
d8a5d8
d3aed3
d17cd1
d471d4
d8f9d8
da25da
d69dd6
d008d0
cbc2cb
cd77cd
d181d1
d3a0d3
d36bd3
d193d1
d05dd0
d0b7d0
d013d0
cef7ce
ced3ce
cb97cb
c3d1c3
bc55bc
b7dab7
b6e5b6
b979b9
bdb8bd
c4b4c4
cde2cd
d0d5d0
ce8cce
d758d7
eef1ee
033003
057705
fb0bfb
f4b5f4
fae7fa
05d605
0efc0e
18bc18
1da11d
154515
099c09
0ba40b
1b221b
28ba28
284828
1e5f1e
174917
11a711
079007
035e03
0c680c
131313
097c09
f89ef8
f23ff2
fcccfc
0d240d
150215
158f15
157815
121012
0c370c
0d5c0d
14d214
15bb15
099109
f98bf9
f44af4
f9e2f9
fd09fd
fb9efb
fddbfd
003e00
fb7efb
f57af5
f493f4
f466f4
ef90ef
e78de7
e2c0e2
e3c8e3
e4cee4
e3eae3
e8cfe8
f3eef3
fadefa
fa71fa
fa7ffa
000a00
06b806
090409
0a630a
10e410
181818
191919
17e917
1a871a
1e731e
1f4f1f
1e051e
1eee1e
23bb23
289128
2ac12a
2caf2c
2e722e
2cd72c
291c29
281928
2a9b2a
2b9f2b
27a527
239923
256d25
2a7a2a
2ef52e
33fb33
386438
394239
375837
342234
31cc31
32fa32
349534
32a332
301b30
2f9d2f
2edc2e
2c4e2c
286928
24c024
225222
1ede1e
1a781a
18bc18
17de17
14e014
12e612
122512
0f0b0f
0b480b
084e08
045304
016d01
018d01
032403
06d006
0b7b0b
0c7e0c
0ae80a
0b090b
0bdc0b
0aa40a
072607
038603
02bd02
031d03
00e000
feaefe
ff98ff
ffadff
fb96fb
f54af5
f080f0
efb3ef
eff8ef
ec12ec
e6abe6
e5dae5
e82be8
e99fe9
eacbea
ec76ec
ed38ed
ed47ed
ef40ef
f451f4
f9bcf9
fc58fc
fc77fc
fc50fc
fd57fd
fee8fe
fe54fe
fb51fb
f8ebf8
f714f7
f32af3
ef0cef
eeacee
f07ef0
eee0ee
e8a8e8
e33ce3
e173e1
dfb3df
dca3dc
da71da
d872d8
d67dd6
d64bd6
d602d6
d498d4
d47ad4
d489d4
d379d3
d42cd4
d634d6
d6fcd6
d6fcd6
d574d5
d365d3
d571d5
d85ed8
d4aad4
cccccc
c686c6
c1b5c1
bd4dbd
b9b6b9
b897b8
baa1ba
bb64bb
babfba
c0b2c0
cb37cb
d03ed0
d3e6d3
e089e0
f280f2
fe36fe
fec2fe
fb5bfb
ff52ff
08ca08
0e440e
129d12
1b201b
201420
1cc31c
1b0a1b
236023
2f312f
313231
28e328
224122
1ea41e
154b15
0b250b
0bba0b
118711
0e6f0e
01a901
f8a8f8
fdeffd
0a9d0a
10cf10
102c10
10ca10
129712
10ff10
0e030e
0fce0f
143214
0f7b0f
010401
f8bcf8
fbe7fb
fec5fe
fda6fd
feb2fe
014d01
006300
fb2dfb
f61df6
f56bf5
f411f4
ebbbeb
e367e3
e26de2
e349e3
e26ee2
e513e5
ed46ed
f631f6
f9aef9
f91af9
fd87fd
064106
08bd08
079207
0d430d
169616
1b4a1b
1c6a1c
1ecc1e
247c24
29bf29
295e29
276927
2a2e2a
2e3e2e
30a030
346434
37d037
35e935
2f422f
28e728
279727
29b929
291829
26c226
277d27
284f28
275427
2a312a
31c031
375937
368236
30cc30
2ca02c
2df62d
2ff32f
2e5b2e
2d622d
2f782f
2f532f
29bc29
23d123
22c822
22c822
1e001e
180618
164516
15a915
123d12
0dca0d
0ae10a
09a909
073707
00db00
fb35fb
fbc9fb
fe02fe
fcb3fc
fc92fc
016f01
05e705
053c05
033303
046004
054a05
018d01
fd6ffd
fdacfd
ff23ff
ff0cff
ff20ff
ffa2ff
ff30ff
fcf3fc
f862f8
f37cf3
f0aef0
eeb5ee
ec93ec
eb8ceb
ead5ea
e8f1e8
e732e7
e77ce7
e97ce9
eaacea
ea18ea
eb64eb
f00df0
f2edf2
f1b2f1
f107f1
f3c4f3
f7e0f7
fa53fa
f939f9
f62bf6
f430f4
f232f2
eef8ee
eebaee
f353f3
f593f5
ef04ef
e456e4
def9de
e017e0
e098e0
dc53dc
d66bd6
d28dd2
d019d0
cd94cd
cc53cc
cd7ccd
ceabce
ccf9cc
c924c9
c6fdc6
c967c9
ce2ece
d04cd0
cf3ccf
ce5ace
ce4ece
cd7acd
cb41cb
c831c8
c597c5
c2b3c2
bde6bd
ba95ba
ba5bba
b72fb7
b30eb3
b985b9
c821c8
d030d0
cf2ccf
d033d0
dcccdc
f1aff1
ffadff
008200
ff1dff
00f000
01b501
052905
0f9a0f
1a1e1a
1e621e
1daf1d
1dcb1d
245b24
2c6b2c
2cf92c
2a4c2a
294229
221722
13aa13
095809
083308
0afc0a
09fd09
02bc02
fd7cfd
009800
05ba05
086c08
0c250c
0fd10f
0f0a0f
0aa90a
07e707
0b030b
0e630e
07a807
fc99fc
fb70fb
000f00
ff05ff
fca4fc
008600
060d06
066106
026302
fe75fe
fae1fa
f48df4
ed12ed
e99fe9
e9cee9
e990e9
e959e9
ecbaec
f3f1f3
fa41fa
fc86fc
fec4fe
044504
086108
07d107
079c07
0cad0c
14c314
1a3c1a
1c0d1c
1eaf1e
234423
262526
27b527
2ad22a
2e4c2e
30e030
32fd32
33ee33
346534
34e534
32c932
2ee02e
2d2d2d
2be32b
277227
22b422
22be22
285928
2eac2e
2ffb2f
2db02d
2cc02c
2c7e2c
2b252b
2b0f2b
2c1d2c
2a9b2a
26b026
252125
283b28
2b262b
290c29
260c26
267326
253e25
1fb01f
1bd91b
1c131c
1beb1b
18ad18
133b13
0ee80e
0e390e
0d9b0d
098f09
061406
063606
06b506
06f006
0aab0a
10cd10
12de12
0f390f
0bbe0b
0b520b
097309
04b004
01ee01
023302
01de01
00c500
00d100
018701
01b101
006f00
fd52fd
f978f9
f584f5
f0fdf0
ed3ded
ebc6eb
eb07eb
e96ce9
e7e6e7
e7b1e7
e935e9
eb88eb
ec85ec
ecbcec
ef58ef
f35bf3
f500f5
f57bf5
f789f7
f8c9f8
f69cf6
f311f3
f143f1
f1bdf1
f1fdf1
efc9ef
ee23ee
f036f0
f1daf1
eefeee
eb0beb
e949e9
e7f4e7
e50de5
e079e0
dbdcdb
d96ad9
d88ed8
d7ccd7
d7b7d7
d77fd7
d54ad5
d261d2
d076d0
cfa7cf
d0dcd0
d2ecd2
d191d1
ccb2cc
c9fbc9
cc91cc
d05cd0
cfb1cf
cacdca
c51cc5
bedabe
b90fb9
b806b8
ba28ba
b83bb8
b2fab2
b3f4b3
becbbe
cacbca
cff5cf
d522d5
e4f6e4
f87cf8
004a00
fdcbfd
feb7fe
05cd05
0a140a
099409
0d2e0d
164916
197e19
14ca14
157215
1fa11f
280828
277f27
224a22
1ed81e
1c581c
140714
084b08
049204
074107
04ad04
fddcfd
fac9fa
fc2ffc
011c01
08a208
0f920f
14d114
169516
138513
12c512
17c017
181c18
0f1d0f
05f805
026002
014001
ff7eff
fe51fe
015101
064106
05b305
00a700
fdf7fd
fc42fc
f6dcf6
eee9ee
e7ede7
e517e5
e6dae6
e96ae9
ec3eec
f20af2
f804f8
fb4afb
ffbeff
073a07
0d550d
0ef20e
0e6a0e
10d810
177217
1d6c1d
20b920
249424
287e28
290229
280228
29ae29
2d5e2d
2f662f
2eef2e
2e702e
2df52d
2a562a
250325
238223
24e924
22a622
1c171c
180018
1a681a
1f511f
21be21
229022
23f123
249a24
244924
24b024
24ef24
238c23
21e021
215821
21b921
222e22
220322
21da21
222e22
20b720
1c261c
17bb17
163b16
15ab15
132d13
0ee40e
0a7d0a
074607
061706
061006
04cb04
024102
00ce00
00ee00
028102
069706
0b030b
0b9a0b
08fa08
06d406
06ef06
088508
080008
03ed03
01d701
048504
05c105
02fe02
015001
018901
ffdbff
fc3cfc
f885f8
f432f4
eeb0ee
e9d2e9
e7b8e7
e6d7e6
e441e4
e231e2
e3fce3
e649e6
e566e5
e45be4
e678e6
ead6ea
ef74ef
f21ff2
f1f7f1
f168f1
f219f2
f2d5f2
f383f3
f4f3f4
f672f6
f73bf7
f6bdf6
f4c0f4
f3bdf3
f503f5
f48df4
f051f0
ec18ec
e92be9
e522e5
e089e0
dd4edd
dbe0db
dc58dc
dbf8db
d83ed8
d628d6
d94dd9
daadda
d5e5d5
d148d1
d168d1
d355d3
d37cd3
d1bad1
d087d0
d03ad0
ce42ce
cc21cc
cc43cc
ca56ca
c4efc4
c1c3c1
bf85bf
b86ab8
b06cb0
aef7ae
b55ab5
c139c1
cc0dcc
cfe8cf
d2b1d2
dea1de
f1dbf1
014c01
072307
071a07
05c605
03cf03
058f05
104410
1b981b
1baa1b
160a16
170f17
1ec01e
268a26
2b382b
2c6a2c
299429
20b620
140014
0c670c
0d2c0d
0ebe0e
0abe0a
01df01
f96ef9
f824f8
fec0fe
07fb07
102c10
144014
124812
0f920f
117011
146a14
128b12
0a9d0a
016801
fcc6fc
fad4fa
f845f8
f9d7f9
001d00
036003
02fb02
025802
ff6aff
faa0fa
f5f8f5
ef2aef
e878e8
e66ee6
e6a5e6
e83fe8
edcaed
f424f4
f81ff8
fb66fb
ff7aff
062e06
0e640e
125c12
136113
171d17
1b4b1b
1e951e
24cc24
2b002b
2ca42c
2cc12c
2e612e
317c31
34fb34
361136
35b435
369136
352a35
308930
2dd82d
2c662c
286e28
22be22
1c361c
17fd17
1acc1a
206a20
22f222
249624
25fa25
258325
263226
28ac28
2a2f2a
2a412a
278627
231423
228e22
24a424
243b24
238b23
236e23
204020
1bb41b
18a418
167016
154a15
136213
0e940e
0a360a
075907
03a203
018501
01a801
003500
ff0aff
016801
055905
09c609
0d620d
0dca0d
0de00d
0f830f
0f370f
0d9b0d
0cd30c
0adc0a
093809
0a540a
0a940a
08cc08
075d07
04f604
019601
ff5cff
fbfcfb
f635f6
f148f1
ee4fee
ec5cec
ea8fea
e771e7
e4b1e4
e597e5
e8bde8
eafeea
ebc1eb
ec60ec
ef1cef
f2e4f2
f48af4
f64ff6
fa11fa
fad4fa
f7d2f7
f66af6
f705f7
f77ff7
f7f9f7
f75df7
f5d0f5
f4acf4
f207f2
ee82ee
ed90ed
ec4fec
e6f2e6
e065e0
db98db
d8ead8
d7edd7
d657d6
d438d4
d2dcd2
cfc9cf
cd52cd
d130d1
d522d5
d17ad1
ccc4cc
cc9bcc
cd91cd
cebace
d031d0
cfb3cf
ccf4cc
c69ac6
bd98bd
ba48ba
be0bbe
bf64bf
b9f6b9
af86af
a4eaa4
a571a5
b47eb4
c570c5
ce56ce
cfa3cf
cfcccf
da7eda
f077f0
017101
067d06
06c706
037003
fe18fe
00f800
0e2b0e
1bde1b
20de20
1cb81c
1a661a
213c21
27f127
292c29
2c042c
2c622c
201120
0e870e
04d904
03b103
054205
043a04
fff1ff
fca3fc
fb73fb
fd57fd
063606
10ed10
146f14
134213
112311
0bc80b
05b905
017101
fc86fc
f9a4f9
f9e5f9
f686f6
f0d6f0
f184f1
f86ef8
00a100
062706
03ea03
faadfa
f0ddf0
e978e9
e63ae6
e707e7
e606e6
e278e2
e315e3
e957e9
f28df2
fc80fc
028202
04b104
090609
0e090e
0fbd0f
124d12
16f816
18c318
190819
1cda1c
239223
297829
2c7b2c
2e322e
311531
333433
342234
382e38
3c0b3c
37be37
2f682f
2b372b
290629
25ba25
237d23
220822
1f6d1f
1d261d
1e831e
24fa24
2bd32b
2be62b
273427
250925
250625
236723
212021
1f4b1f
1d231d
1b411b
1a991a
1b7a1b
1d4b1d
1dc11d
1c4c1c
1aab1a
187e18
152d15
128c12
108210
0d770d
0a300a
075207
04cd04
040904
04a204
044a04
040104
063906
0a520a
0df00d
0f2e0f
0e140e
0cfd0c
0d160d
0d340d
0c710c
0a350a
06fc06
05df05
07f907
0a2c0a
0a9c0a
09f309
087c08
069a06
042a04
ffb3ff
f9dbf9
f579f5
f301f3
f063f0
ec70ec
e885e8
e75ee7
e950e9
eb6ceb
ec34ec
edaced
f157f1
f50ff5
f5e6f5
f52ef5
f608f6
f6cbf6
f505f5
f3ccf3
f529f5
f5a3f5
f3caf3
f28bf2
f3a0f3
f5c1f5
f646f6
f480f4
f2d0f2
f189f1
ee70ee
e9cbe9
e4b1e4
df87df
dc42dc
daabda
d886d8
d74bd7
d6e1d6
d3ced3
d110d1
d2f6d2
d520d5
d3bbd3
d11ed1
cf3acf
cea0ce
cd64cd
c95bc9
c7eac7
cb18cb
c8e6c8
c0bdc0
be54be
c096c0
be8fbe
b9f9b9
b721b7
b63bb6
b7bdb7
bc07bc
c557c5
d1d2d1
d5d7d5
d2fbd2
dd0fdd
f520f5
070c07
0b530b
082608
048f04
078207
0fe00f
18c918
236e23
28bd28
1fd01f
182818
223922
315831
357935
308c30
295b29
22c222
19d019
0dd40d
0aa10a
123712
115f11
03bb03
faa6fa
fc17fc
032703
0d610d
142b14
13c413
106c10
0ab00a
053705
069306
080008
00bf00
f803f8
f363f3
efeeef
efe3ef
f4d8f4
fa8efa
fe86fe
fdebfd
f8aaf8
f5ddf5
f512f5
ef22ef
e842e8
e6c3e6
e6cee6
e670e6
e821e8
eccfec
f63af6
008200
030d03
029b02
09a409
12fe12
162716
170017
1a2f1a
1db41d
203d20
246b24
2c982c
347834
35bd35
346334
374337
3a5c3a
3a323a
3c3a3c
402840
3e423e
361636
2e702e
2b792b
2b402b
286028
21a421
1c601c
1bd71b
1e2a1e
215c21
243524
25b725
255e25
21fe21
1d3d1d
1c521c
1e491e
1c441c
172a17
164916
195519
1a2c1a
18d718
1a361a
1d451d
1b931b
152b15
115f11
115a11
0f280f
0a700a
07bc07
068706
043304
024202
028a02
03d603
045304
03ee03
04e004
089308
0c070c
0bac0b
092309
089008
0a830a
0b770b
08fb08
05bd05
056d05
06b206
06d506
06c506
072807
064e06
041f04
014201
fc97fc
f651f6
f101f1
edffed
ec12ec
e8c5e8
e3bbe3
e127e1
e3dde3
e712e7
e5e0e5
e393e3
e4dee4
e82de8
ea13ea
ea7aea
eb03eb
ec21ec
ecdbec
ed17ed
ee91ee
f137f1
f228f2
f0c3f0
ef31ef
ee47ee
ee54ee
efcaef
f049f0
ed5fed
e858e8
e30fe3
df2edf
dea5de
deccde
dbe1db
d8d2d8
d798d7
d478d4
d148d1
d34ad3
d689d6
d4e8d4
cfd3cf
ca95ca
c7bfc7
c8d4c8
ca7fca
c9ccc9
c7abc7
c3a1c3
bf47bf
bf2bbf
c088c0
bec3be
bc78bc
b92fb9
b222b2
ae1bae
b3a4b3
c065c0
cfd9cf
da0fda
daacda
de2dde
eee4ee
030603
0f8f0f
12ee12
0e5d0e
093009
0b1a0b
12c512
1dbd1d
268426
231823
1a9a1a
1e561e
2a4b2a
30d330
30e830
2c302c
245324
1da01d
163616
0ee70e
0e6c0e
0e370e
05c305
fe0dfe
fd1cfd
fe5cfe
02f502
09e209
0cf80c
0e2f0e
0e2a0e
09c509
070307
069306
ff92ff
f6cff6
f3f9f3
f01cf0
ea5eea
ea70ea
ee57ee
f2a4f2
f6c2f6
f67ff6
f44bf4
f446f4
ef6aef
e5b1e5
e212e2
e394e3
e3ade3
e506e5
e95de9
ef7cef
f6e9f6
fc34fc
011c01
0b200b
13ec13
153515
161716
1a5c1a
1f261f
25cd25
2d492d
321432
358235
36c836
351135
362e36
3a6e3a
3bdd3b
3b383b
3a1c3a
365036
318431
2e052e
2bf92b
2c1c2c
29a429
1fd51f
163716
13bf13
151915
190919
1fc11f
235f23
20c020
1bcc1b
19aa19
1c7b1c
1f341f
1c271c
175b17
154615
13e813
13fe13
168516
17f417
187e18
192319
165916
11de11
106c10
0f520f
0c690c
0a5d0a
08c708
06ad06
059205
054005
052105
04f204
046b04
06d306
0c7c0c
0e6f0e
0c3e0c
0cdc0c
0f710f
0fae0f
0f4e0f
0f2a0f
0d740d
0ad70a
087b08
077907
088508
090309
07d507
079f07
076e07
03fb03
fe68fe
f96cf9
f5aff5
f22ff2
ed24ed
e77ae7
e473e4
e45ae4
e575e5
e6ebe6
e7c3e7
e869e8
ea60ea
ec88ec
ed80ed
ee37ee
eec3ee
eecbee
ef3aef
f05ef0
f19af1
f234f2
f23ef2
f35af3
f4a0f4
f330f3
f1a0f1
f323f3
f3d6f3
f10bf1
ed16ed
e8e6e8
e5bde5
e437e4
e0d8e0
dd3cdd
de22de
dddbdd
d7c7d7
d42fd4
d6d8d6
d8aad8
d692d6
d37dd3
d20cd2
d22ed2
d032d0
ccafcc
cd98cd
d025d0
cccacc
c697c6
c3a5c3
c364c3
c3b1c3
c202c2
bd36bd
b8d1b8
b709b7
ba49ba
c726c7
d67bd6
dbaedb
dcffdc
e840e8
fb27fb
0b980b
138d13
11fe11
0d8e0d
0cf80c
106610
191419
250c25
293529
22fe22
1e8c1e
23c123
2eb22e
362136
33e833
2c0e2c
232423
165416
0afc0a
0c7e0c
136213
0f560f
027c02
f914f9
f7ccf7
fd70fd
061406
0cc90c
0ede0e
0aee0a
037f03
002200
029802
037703
fdc8fd
f41bf4
eba5eb
e76ce7
e6c4e6
e95de9
f044f0
f6def6
f659f6
f1c0f1
f0a9f0
f183f1
ee02ee
e733e7
e2dde2
e178e1
e007e0
e152e1
e9f1e9
f523f5
fa68fa
fb04fb
fed3fe
083c08
122212
170617
17c017
191219
1bf31b
1f0d1f
241324
2b452b
302930
306830
2ef52e
2f1c2f
312f31
33c533
35e835
365336
324732
2a772a
252e25
254b25
259325
20f420
191019
136c13
132913
160b16
192619
1c601c
1ddc1d
1ade1a
167516
157615
176417
190419
177e17
127a12
0f0f0f
111b11
147a14
154915
159415
165516
157915
128312
0f0e0f
0d180d
0cab0c
0b1f0b
078607
03ab03
006300
fea6fe
ff71ff
003200
ff6cff
009700
04a404
081208
09f309
0b7d0b
0c6f0c
0cda0c
0d0f0d
0c1a0c
09ea09
084c08
08db08
0af80a
0ba60b
09bb09
084308
08e508
08cd08
05b005
004e00
fa34fa
f4b0f4
f06df0
ed17ed
ea04ea
e6eae6
e4a8e4
e477e4
e5eee5
e7d9e7
e941e9
e92ce9
e8fbe8
eb24eb
edaced
edfded
ee86ee
f075f0
f1b0f1
f313f3
f51cf5
f50ef5
f3f5f3
f491f4
f56af5
f6adf6
fa14fa
fb26fb
f5ccf5
ee5bee
ea1eea
e8fde8
e7fce7
e46ae4
df42df
dbacdb
d91ed9
d5ded5
d435d4
d609d6
d898d8
d7dfd7
d375d3
cfd8cf
d090d0
d29ad2
d286d2
d163d1
cf36cf
cba5cb
ca37ca
cb73cb
cad4ca
c7a4c7
c3ffc3
bf97bf
bbd4bb
bac4ba
bab4ba
bd50bd
c769c7
d3b8d3
d962d9
de52de
ecbdec
feb1fe
087308
0aff0b
0d5c0d
107210
12d212
164316
1c4c1c
222822
236e23
20d620
219221
29f629
338233
34b934
2e722e
284e28
22d922
1aaa1a
144014
12f512
0e7f0e
036303
fb9afb
fb26fb
fc5bfc
ff64ff
05a805
09a109
094209
079707
056b05
049604
059e05
01fa01
f7f7f7
efdbef
ed11ed
ebfceb
ec29ec
ef01ef
f36cf3
f6def6
f701f7
f57df5
f5e5f5
f57ef5
efe2ef
e7b8e7
e0e8e0
dc72dc
dc57dc
e10fe1
e84de8
f112f1
f8ecf8
fc85fc
ff99ff
07c907
124312
191d19
1b471b
1b271b
1c141c
200120
263f26
2ddf2d
34f534
387238
39cf39
3cd13c
3fb73f
3fc43f
3eff3e
3e203e
3aa73a
344f34
2cf82c
26c826
236523
209720
1aee1a
14eb14
132b13
150f15
17cb17
1a581a
1b961b
1a611a
179817
158015
155315
153815
12ca12
0fc90f
0fba0f
127e12
159c15
17bc17
192c19
1ade1a
1b941b
18db18
149514
11e511
0ed40e
0a380a
078707
069906
03f403
013a01
01b901
040104
059005
06a006
08be08
0c270c
0e8f0e
0e8c0e
0e1e0e
0eb00e
0f890f
104e10
103c10
0ef80e
0e4f0e
0e820e
0e750e
0f820f
117411
115611
0f9f0f
0d900d
08fe08
022602
fc65fc
f877f8
f534f5
f142f1
ebd5eb
e79ce7
e74ee7
e997e9
ed2fed
f072f0
ef4eef
eb10eb
e9fee9
ec42ec
ee22ee
ef6def
efb5ef
eda2ed
ebcfeb
ee09ee
f3def3
f862f8
f715f7
f275f2
f0e3f0
f2ecf2
f48bf4
f40cf4
f141f1
ebcceb
e46ee4
dd9add
db37db
ddf8dd
dfa4df
db3bdb
d3add3
cdcbcd
cc41cc
d032d0
d5e8d5
d66ad6
d060d0
c9e7c9
c89ec8
caf9ca
cc71cc
cd84cd
cecece
caddca
c211c2
beecbe
c396c3
c65ec6
c39ac3
beeebe
b8eeb8
b418b4
b942b9
ca59ca
dae6da
e043e0
e147e1
eaddea
fc8afc
0c0a0c
142314
161416
142914
117611
12b712
1ae31a
25a825
29f329
25f925
22aa22
279427
30bd30
33f733
2f382f
294f29
218821
12b112
06c406
085108
0b650b
050d05
fe46fe
fbf1fb
f904f9
f8b5f8
ff4bff
077e07
0abf0a
05b205
fbf6fb
f7fbf7
fa7cfa
f9c3f9
f3c4f3
ec3fec
e54be5
e2e0e2
e508e5
e7e7e7
eda5ed
f45bf4
f31bf3
ee02ee
ee31ee
ed52ed
e63fe6
e0a7e0
df2fdf
dd54dd
db76db
de3fde
e8fae8
f678f6
fbc3fb
fb0ffb
00cf00
0bf90b
12f112
15a015
17dc17
1a521a
1dc31d
226222
287a28
303b30
35c535
370f37
383d38
3a543a
3a823a
3a1c3a
3b343b
3bc03b
38fb38
327c32
2b9d2b
284c28
269526
227622
1d081d
191919
170217
163716
16f316
1a4f1a
1e631e
1dd01d
198819
187018
1a0e1a
18fd18
163e16
152615
158615
164916
164d16
15cb15
16ba16
17e317
16ae16
146214
120712
0e6a0e
0a640a
076207
055505
03f603
01db01
fed1fe
fdb7fd
fe7cfe
fe81fe
ff7fff
037303
075707
08a308
087a08
08c208
0a3c0a
0bae0b
0c100c
0c4f0c
0bc60b
095c09
080708
0a120a
0cf40c
0e1f0e
0d220d
0ab90a
08a308
05e505
ffe8ff
f95bf9
f632f6
f42af4
f041f0
ec1bec
ea09ea
ea47ea
ebf3eb
edf7ed
ef8fef
ef68ef
ed4eed
eca4ec
eeecee
f08ef0
f079f0
f131f1
f1c7f1
f0bdf0
f0c9f0
f31bf3
f51ff5
f5e0f5
f667f6
f6ddf6
f6b1f6
f504f5
f1c1f1
eeb1ee
ecc2ec
ea6fea
e6ade6
e1c7e1
dc52dc
d84fd8
d7a9d7
d877d8
d79fd7
d584d5
d3a1d3
d190d1
cf8ccf
cf6acf
d101d1
d107d1
cdafcd
ca2dca
c9c0c9
c9e8c9
c785c7
c4cdc4
c390c3
c158c1
bd30bd
b932b9
b723b7
b8adb8
bf60bf
cb32cb
d923d9
e298e2
e642e6
ef19ef
025702
123312
146f14
116811
11ad11
148314
18c218
1de51d
22f522
273827
276727
24b324
289728
328b32
34e834
2da22d
275227
22ad22
195619
0e8c0e
09ca09
098909
061d06
fde4fd
f875f8
fb5bfb
01cb01
05ac05
083e08
0af20a
09b309
034503
fe0bfe
fddafd
fcf8fc
f5cff5
ec77ec
e845e8
e989e9
eb89eb
ed21ed
f125f1
f691f6
f832f8
f57cf5
f277f2
ef72ef
ea67ea
e4c0e4
e0cce0
df08df
dfbadf
e3dfe3
ed2fed
fa30fa
036f03
059805
082d08
10b210
1a831a
202520
213021
206320
216921
251825
2a1b2a
30b730
379b37
3ba63b
3dde3d
3fe43f
400740
3f273f
3eef3e
3c5d3c
366e36
306d30
2b3d2b
273227
259a25
235f23
1d931d
17ec17
162616
17a417
1acb1a
1d111d
1c691c
19e819
168216
132813
130b13
14d614
127d12
0dac0d
0d550d
0fef0f
10b110
11a311
13f213
141414
124612
10c110
0dd10d
09dd09
083d08
06e906
023002
fcfdfc
fb83fb
fcf5fc
fed9fe
006c00
025402
04df04
06cc06
086808
0bdb0b
0f200f
0e8c0e
0cb40c
0d370d
0de80d
0ce70c
0bde0b
0b6b0b
0b490b
0ba00b
0b780b
0b010b
0baf0b
0b840b
078d07
01b001
fd11fd
f90cf9
f42ff4
ef28ef
ead9ea
e70de7
e406e4
e35fe3
e580e5
e7f5e7
e8cde8
e912e9
e9b4e9
ea38ea
eae1ea
eb9feb
eb12eb
e9bce9
e9b5e9
eb09eb
ed07ed
efdfef
f21df2
f1bef1
f00ff0
effdef
f1d6f1
f271f2
eef1ee
e9d0e9
e71de7
e4b8e4
dfc8df
dbeadb
db23db
d9f9d9
d7cfd7
d61ed6
d3c8d3
d1c0d1
d205d2
d271d2
d17ad1
d084d0
cf7bcf
ce7bce
cec2ce
cf47cf
cecdce
cdaacd
cc24cc
cb21cb
ca11ca
c6a9c6
c308c3
c1f7c1
c012c0
bca5bc
bdfcbd
c749c7
d4dfd4
df4fdf
e369e3
eb55eb
feeefe
117811
171c17
168a16
15c215
141214
14a714
18d118
1ed01e
25b425
26bc26
209920
21d421
2dce2d
348c34
31d631
2ec22e
2ad92a
205620
11a711
07e307
079c07
078807
ff20ff
f7b8f7
f967f9
fcfcfc
ff30ff
03bd03
081808
080d08
02c202
faf8fa
f843f8
f91ff9
f274f2
e80be8
e52be5
e529e5
e2f1e2
e45be4
e98ee9
ee6eee
f254f2
f27af2
eff0ef
ef9cef
ecf8ec
e4c2e4
df67df
df4edf
de90de
de81de
e3e1e3
eea8ee
fa8cfa
00d300
029f02
096f09
145914
1a341a
1b8f1b
1cbd1c
1d051d
1e8e1e
252a25
2e482e
349e34
368236
373a37
3a833a
3e4d3e
3f543f
3f153f
3da53d
386238
312431
2c502c
2b1f2b
2b922b
29d329
244e24
1df81d
197819
17be17
195919
1c241c
1d511d
1c571c
18d818
151215
156f15
173e17
14b514
105e10
0eab0e
0e710e
0eeb0e
10fd10
13a013
15b215
169e16
163016
154e15
135b13
0f580f
0b820b
093e09
070107
048404
021202
ffe2ff
007100
03d703
05e405
061506
080c08
0c030c
0ed90e
0f550f
0f6a0f
107010
101910
0d1c0d
0a8a0a
099809
087b08
082708
097609
0a190a
09f609
0abf0a
0b310b
097b09
057005
ff6eff
f918f9
f3f0f3
ef8aef
ebbbeb
e8ede8
e72de7
e741e7
e8d9e8
ea47ea
ec93ec
f0bcf0
f30bf3
f13ff1
eef9ee
eee0ee
ef27ef
ee9bee
eef9ee
f10ff1
f23af2
f0ddf0
f02cf0
f297f2
f57ef5
f666f6
f585f5
f2f0f2
efd2ef
ee72ee
eddced
eb75eb
e776e7
e32ee3
df3edf
dcdedc
dc5adc
dbc4db
d9a9d9
d710d7
d5e1d5
d5a4d5
d3a8d3
d0a2d0
d0e7d0
d3a5d3
d2e6d2
ce58ce
cb1bcb
ca80ca
ca8fca
ca5cca
c8d7c8
c579c5
c152c1
bc7bbc
b82bb8
b967b9
c2c9c2
cfc4cf
d9ded9
e015e0
e876e8
f78bf7
07ee07
129512
181718
194c19
157715
120a12
139d13
172d17
1b581b
1ff31f
20e120
20b720
273227
301030
320532
2e622e
288e28
1f1e1f
144214
0c980c
07c107
02f502
fde7fd
faccfa
fab0fa
fb35fb
fc0efc
00d800
07e207
09e509
059905
003000
fc52fc
f874f8
f2cdf2
ec55ec
e813e8
e69be6
e5fbe5
e69fe6
ea69ea
f01df0
f49ff4
f6b6f6
f6cff6
f453f4
ee2bee
e6b0e6
e248e2
e092e0
ddffdd
dc8edc
e23be2
eeadee
fa4cfa
009c00
04c104
0a300a
105e10
16db16
1d031d
1f2e1f
1c751c
1a271a
1d021d
250625
2eba2e
350535
36ab36
378d37
392c39
3a033a
3b1c3b
3c823c
3a023a
326c32
2a772a
25d525
239523
219a21
1f751f
1cf51c
192b19
150b15
13a413
15bd15
188818
18bd18
156915
10ca10
0db00d
0c590c
0b990b
0aca0a
09fe09
0a790a
0c2a0c
0c940c
0c600c
0eaf0e
11e111
12e212
129512
10fa10
0cb50c
080808
058305
046b04
031d03
fff9ff
fb72fb
f99bf9
fc1dfc
ff94ff
01b601
03bf03
073807
0b340b
0cc30c
0c120c
0cc90c
0ec50e
0f290f
0ecd0e
0ee60e
0e7b0e
0e790e
0ffd0f
121312
145314
155515
12fd12
0f190f
0bc10b
075907
01a901
fc85fc
f7bbf7
f28df2
ed25ed
e8b8e8
e808e8
ea88ea
eb98eb
eb0beb
ec14ec
ed05ed
eb6feb
ea73ea
ed11ed
f07ff0
f01cf0
ece9ec
ecd4ec
f0e9f0
f46cf4
f65cf6
f86cf8
f91ff9
f890f8
f916f9
f90af9
f65ff6
f273f2
ed5bed
e708e7
e283e2
e09ee0
ddfbdd
d8c3d8
d36cd3
d18dd1
d23cd2
d156d1
cfb0cf
cf85cf
cc14cc
c499c4
c357c3
caaeca
ced9ce
cb05cb
c6f1c6
c6bbc6
c6bfc6
c568c5
c5a1c5
c764c7
c530c5
bdc8bd
b88fb8
b9dcb9
beb6be
c6f7c6
d3e6d3
df8adf
e540e5
eb7deb
f98af9
0b2a0b
155115
143814
100410
107a10
130a13
144a14
17dd17
1e291e
208320
1ebe1e
220422
2caf2c
345b34
326c32
2dd52d
2be22b
264226
1a691a
10b810
0c890c
084708
02af02
ff64ff
ff2cff
008c00
01f401
034a03
066006
092009
063306
fed6fe
f859f8
f31af3
edb2ed
e8ace8
e501e5
e4e9e4
e7c2e7
e88de8
e91be9
efe4ef
f82bf8
f93bf9
f5abf5
f21ef2
ece2ec
e671e6
e297e2
e20de2
e2ade2
e31de3
e680e6
f0e4f0
fd05fd
02ae02
05ba05
0d710d
166b16
1b401b
1d581d
1eed1e
200b20
216921
24f224
2bc32b
32a932
354a35
363a36
3a0f3a
3e253e
3f223f
3f2d3f
3efc3e
3bee3b
363136
30e530
2e052e
2c322c
286328
22ba22
1dfc1d
1adb1a
19a019
1b5a1b
1d881d
1cc61c
1a2b1a
179f17
159f15
156615
15b215
131013
0f0a0f
0db60d
0e360e
0e430e
0ed90e
10a610
125712
132113
135c13
136413
128112
0fdd0f
0cf60c
0b4e0b
08ff08
04f904
026202
030d03
048504
048a04
03d803
04d704
08ab08
0cc40c
0e580e
0ee80e
108d10
11ef11
11c211
10ca10
0fc40f
0f360f
0f530f
0f2f0f
0e430e
0cfa0c
0be50b
0be00b
0c270c
09c909
046a04
fed4fe
fa05fa
f5a3f5
f233f2
eebcee
ea04ea
e68ce6
e6fae6
e8fbe8
e903e9
e877e8
eaabea
ed71ed
ec67ec
ea31ea
ebc5eb
ee70ee
ee11ee
ed23ed
ee08ee
eee8ee
ef35ef
f026f0
f17df1
f1d6f1
efeeef
ecceec
eb32eb
ea4aea
e7b0e7
e4fce4
e2f6e2
defede
da2cda
d717d7
d39bd3
cf4ccf
cdcdcd
ce56ce
cd44cd
cb0bcb
c92bc9
c790c7
c700c7
c820c8
ca11ca
caa7ca
c724c7
c1aec1
c11fc1
c4e1c4
c4edc4
c0cdc0
bed1be
befdbe
bd4abd
ba64ba
b9f5b9
bed3be
c940c9
d528d5
ddd3dd
e406e4
ed50ed
fd0ffd
0dcc0d
15cb15
14a314
128112
124912
12e412
17a617
204120
247b24
219821
1f511f
244524
2d942d
327132
2fee2f
2c392c
28c628
1f551f
124f12
0b410b
098909
063506
009a00
fba6fb
f9d1f9
fbcdfb
fe40fe
006500
05b005
09b309
04cf04
fcbbfc
fa66fa
f979f9
f358f3
eb38eb
e675e6
e584e5
e613e6
e722e7
eaefea
f223f2
f7aaf7
f7b9f7
f4fcf4
f22cf2
ee04ee
e7c9e7
e26fe2
e13de1
e385e3
e6e4e6
ebd7eb
f2dbf2
f98cf9
ffd4ff
084d08
121b12
1a4b1a
202f20
23e623
261826
289328
2c252c
311b31
36fa36
3a4c3a
3a4b3a
3c033c
401840
418841
412641
428542
425d42
3dca3d
38a638
351a35
307a30
29dc29
232d23
1d671d
188318
15b815
168016
18dd18
195d19
18ba18
18a218
16e216
134913
119011
116d11
0fde0f
0e310e
0e390e
0e680e
0dfa0d
0df40d
0ed60e
104f10
10da10
0fe00f
0f490f
0e830e
0ae90a
068306
042c04
01e901
ff0dff
fd7afd
fbc0fb
f95df9
fa33fa
feaafe
02e202
05fa05
095609
0c6e0c
0da50d
0cd90c
0ca20c
0e690e
0e8d0e
0b6e0b
0a0b0a
0c410c
0ddc0d
0e280e
0f740f
104510
0e920e
0b2e0b
06f306
021b02
fcb8fc
f70af7
f2f1f2
f0f1f0
ee10ee
e9e1e9
e7ace7
e7ace7
e7a9e7
e7f1e7
e99ae9
ec0cec
ed97ed
ecafec
eabfea
eaeeea
eca0ec
ed66ed
edaaed
edb9ed
ed3bed
edf7ed
ef1cef
ecb5ec
e8a1e8
e858e8
ea7dea
e9cee9
e55ce5
dfabdf
db46db
d900d9
d73cd7
d4fbd4
d2e3d2
d086d0
cdf1cd
ccb3cc
cbf6cb
ca0bca
c899c8
c8ecc8
c989c9
ca51ca
cc50cc
ce3cce
cdc0cd
ca83ca
c70bc7
c6a3c6
c928c9
cb23cb
c9e8c9
c559c5
c058c0
be9cbe
c05bc0
c5e5c5
d2afd2
e2d4e2
eb7eeb
ee51ee
f836f8
0a260a
17d517
1aa51a
17d617
16dd16
17f117
17d817
19f319
211221
24fa24
218921
218521
2abe2a
340434
356535
305330
296529
226c22
18eb18
0e5e0e
0ada0a
0c770c
06d006
fb66fb
f85cf8
ff06ff
046304
04ca04
061e06
0ab50a
0b720b
03f203
fd73fd
ff08ff
ff13ff
f63cf6
edb0ed
ecd9ec
ee8fee
ee74ee
efe4ef
f5f8f5
fcdffc
fe40fe
fb2afb
f992f9
f82af8
f1b6f1
e944e9
e5c2e5
e72ce7
e96fe9
ecf2ec
f591f5
015601
07fb07
08c308
0d310d
17a917
1f7e1f
215121
227a22
254825
271c27
27fd27
2c0d2c
348934
3bb63b
3cd93c
3b743b
3bed3b
3ce03c
3c8e3c
3bdd3b
3aee3a
386338
328b32
2a202a
247d24
242b24
236b23
1eaf1e
1ab31a
19d719
186718
15f615
165816
196a19
19fd19
154515
0f6e0f
0da70d
0e540e
0dac0d
0d940d
0fd90f
100c10
0c540c
0a6b0a
0d4f0d
108f10
107c10
0e040e
0b2e0b
094e09
083f08
065106
037303
017401
fff0ff
fd15fd
fa2dfa
fa39fa
fd0afd
ffb8ff
012e01
02c402
047c04
04a304
03ba03
03ce03
040d04
02b002
016901
029202
04d904
059605
04b704
044204
053a05
05ed05
044f04
012501
fe00fe
f9e1f9
f3d1f3
ee0fee
eabaea
e8d4e8
e6d4e6
e477e4
e228e2
e167e1
e30fe3
e504e5
e5b3e5
e633e6
e648e6
e519e5
e491e4
e559e5
e546e5
e444e4
e387e3
e354e3
e50de5
e891e8
eacbea
eb46eb
eae1ea
e88ae8
e695e6
e7efe7
e852e8
e41ae4
de97de
da6ada
d806d8
d846d8
d8f5d8
d784d7
d4fdd4
d1ffd1
cf7ecf
d000d0
d25cd2
d3f3d3
d404d4
d096d0
cc0fcc
cd9acd
d2afd2
d334d3
d086d0
cdf1cd
cad2ca
c9c2c9
cb62cb
cc2bcc
cc1fcc
c9c3c9
c449c4
c64bc6
d494d4
e276e2
e9a7e9
f070f0
f96ef9
054605
12b512
1a5b1a
1be41b
1cc21c
1a9e1a
173a17
1b1e1b
222b22
238823
223922
23c323
29c429
319431
330533
2f042f
2e162e
29f729
1c601c
12a912
124912
0f510f
073807
ffbeff
fb7dfb
fe43fe
047504
050b05
054c05
0a9c0a
0ac40a
049604
039103
05cc05
01b501
f85af8
f046f0
edb0ed
eeacee
ed94ed
edb4ed
f517f5
fbf9fb
fae9fa
f988f9
fcc6fc
fd54fd
f6bbf6
ee4dee
eaa6ea
eadbea
ea06ea
eb50eb
f4e3f4
011401
073707
09e309
0e860e
153d15
1c951c
226122
253525
266826
262226
252025
287a28
314931
38d238
3b093b
3b313b
3d703d
417441
433a43
418441
3f6f3f
3c713c
34d234
2bb12b
279727
26a226
21ae21
188a18
127c12
131913
150b15
137313
119011
129d12
12b312
0ed80e
0b1a0b
0abe0a
0a9e0a
080608
060006
070607
07f707
06a006
06b606
0a9b0a
0dd10d
0c320c
091b09
095509
0ad80a
095409
056505
010901
fc75fc
f988f9
f936f9
f852f8
f67cf6
f739f7
f97cf9
fabdfa
fdc7fd
033503
054805
022502
ff1bff
ff5bff
003200
ff35ff
fe60fe
ffd4ff
019f01
01f201
02f602
05f705
086008
081608
05c105
023302
fd42fd
f7c4f7
f43af4
f2e2f2
f013f0
eab2ea
e6d7e6
e637e6
e5eae5
e542e5
e630e6
e803e8
e8b4e8
e8e8e8
ea3eea
ec18ec
ecd8ec
ec38ec
eabfea
e93fe9
e90ae9
ea08ea
ead4ea
ebeceb
ee2aee
f03cf0
f1ebf1
f3c2f3
f364f3
f052f0
ee54ee
ed97ed
ea96ea
e5a8e5
e0f9e0
dd03dd
db32db
db68db
d99ed9
d4e6d4
d174d1
d0b0d0
d029d0
cfdacf
d0e9d0
d0b7d0
ccfccc
c94fc9
c949c9
ca75ca
c9d8c9
c864c8
c768c7
c700c6
c6e0c6
c67ac6
c70fc7
ca87ca
d062d0
d8d9d8
e3f2e3
ec8dec
f139f1
fa63fa
0ae30a
195119
1f101f
1e901e
1cdc1c
1dd81d
214f21
249e24
279f27
28d428
25b025
240023
2abf2a
346134
381038
35bf35
302f30
283328
1fba1f
19e319
183e18
178317
11d611
088608
037f03
05a505
0b970b
11a011
148614
132a13
0f4b0f
0a5c0a
06c706
06e806
061306
fde1fd
f1f1f1
ead6ea
ea79ea
ecfbec
ef75ef
f23bf2
f514f5
f4f5f4
f28ff2
f349f3
f5adf5
f253f2
ea28ea
e410e4
e13ce1
e0b2e0
e51de5
eee3ee
f8f1f8
ff08ff
02be02
081a08
0fa30f
177817
1ee81e
241724
243224
212221
204520
244c24
2bfb2b
32d832
34a134
32fe32
32a232
347834
369536
36e936
342134
2f4c2f
29ac29
23cf23
20ef20
217321
1e7d1e
167e16
111311
101910
0f390f
0f730f
125c12
13de13
119311
0da50d
0a780a
093b09
090209
082f08
07cf07
081d08
067f06
03ba03
03c103
066306
07ff08
070d07
04e804
03b403
03aa03
02b402
001100
fd6bfd
fb8ffb
f9f8f9
f881f8
f728f7
f5e2f5
f574f5
f6f3f6
fa11fa
fd11fd
ff27ff
010901
027e02
02ae02
029302
02d402
01fd01
005800
004b00
019d01
027802
038603
057105
061f06
048304
02da02
024302
006c00
fbd0fb
f6aaf6
f321f3
ef6eef
e9cae9
e548e5
e53fe5
e729e7
e75de7
e701e7
e7afe7
e83ce8
e90fe9
ebd0eb
ef0aef
f016f0
ee4eee
ea92ea
e78be7
e7fbe7
eabfea
ecabec
ece9ec
ec7dec
ec87ec
edd9ed
f002f0
f14af1
efcaef
eb6aeb
e725e7
e4d2e4
e1fae1
ddacdd
dac8da
d967d9
d6c2d6
d307d3
d070d0
cffccf
d154d1
d2f7d2
d37dd3
d2d6d2
d1fbd1
d2a4d2
d499d4
d4bfd4
d2f7d2
d203d2
d0c2d0
ce31ce
cd61cd
cdfecd
cd6ccd
cde4cd
d0a1d0
d3f5d3
dad4da
e7cce7
f634f6
023302
0ce10c
16ad16
1d911d
1f5c1f
1df51d
1f6a1f
23ea23
250e25
22b122
21f121
235d23
26d926
2e842e
37cf37
3c5b3c
39a039
330b33
2d942d
291029
21fa21
19b019
139c13
0e7e0e
091909
057205
05df05
0b940b
126312
12ea12
0f820f
0f940f
0fbd0f
0a860a
04a804
015b01
fc12fc
f32ff3
eb4ceb
e970e9
ed4bed
f0d2f0
f230f2
f5def5
fa16fa
f969f9
f77bf7
f82ef8
f664f6
f021f0
ea29ea
e5d8e5
e308e3
e49be4
eb3eeb
f510f5
00e300
0b260b
0fd40f
11dc11
16e416
1db51d
218f21
227f22
234023
23af23
236623
256a25
2be82b
33e633
394539
3bdb3b
3dd63d
3faf3f
3fda3f
3d633d
398c39
358e35
2fbb2f
26f526
1f241f
1bd61b
1a1e1a
171417
152f15
154d15
149614
13de13
15d915
179b17
14bb14
0e910e
097d09
076707
070207
065e06
058105
054105
050f05
054705
079d07
0a440a
09aa09
074407
064e06
057405
033003
011401
fe8cfe
f9dff9
f5dff5
f542f5
f55df5
f448f4
f404f4
f4e6f4
f58af5
f721f7
fb0afb
fecafe
ff02ff
fcaffc
fba2fb
fc13fc
fb7ffb
fb28fb
fd76fd
002c00
016f01
037403
069706
08a108
097409
09e609
098d09
07ac07
03c003
fed2fe
fb10fb
f860f8
f509f5
f0e2f0
ed29ed
eba8eb
ec93ec
edc8ed
ef28ef
f1d3f1
f32ef3
f210f2
f1d8f1
f214f2
efc1ef
ed13ed
ec11ec
ea80ea
e896e8
e94ae9
ecc0ec
efe6ef
f094f0
f15bf1
f43df4
f452f4
efefef
ed9fed
ed5ced
e94ae9
e396e3
df5ddf
da92da
d736d7
d6bed6
d460d4
d02ed0
ce54ce
cdcacd
cd1acd
cc6acc
cb34cb
cbe7cb
cea0ce
ce20ce
cb99cb
cb5ccb
ca30ca
c7d4c7
c956c9
cb6dcb
c8cfc8
c4e6c4
c3ffc3
c6e3c6
cc6bcc
d1bed1
d898d8
e44fe4
f000f0
f8fdf8
05c805
155c15
1d8e1d
1c801c
199219
1ad31a
1f8e1f
21be21
201f20
1fa11f
1ff41f
1f7f1f
245f24
30002f
38a938
384438
325732
2bdb2b
259b25
1d891d
157f15
11fc11
0fc00f
09a009
04ab04
066f06
0bb20b
109d10
132513
11ca11
0fac0f
0e970e
0aa00a
048f04
00ca00
fbf1fb
f247f2
e9bde9
e876e8
ec35ec
efeeef
f26cf2
f596f5
f8c9f8
f883f8
f5b4f5
f4a9f4
f3f6f3
eeebee
e68fe6
e00ce0
debbde
e334e3
ec18ec
f708f7
015d01
086f08
0c6d0c
112711
184718
1eae1e
217221
210021
1fb11f
1fe51f
224422
266626
2c842c
331533
369236
371a37
380338
39af39
3a793a
39d439
36ba36
310331
2ae12a
252325
1ff11f
1d581d
1c4d1c
18f218
152015
153f15
175617
17fd17
189d18
197d19
175117
120812
0d670d
0abd0a
08ca08
07d707
081408
079007
062906
065f06
088b08
0aae0a
0b760b
0a1f0a
072307
044304
01a901
fefcfe
fd25fd
fb5bfb
f865f8
f60bf6
f579f5
f5bdf5
f6d4f6
f843f8
f96cf9
fc06fc
ff87ff
00a300
001800
004300
004a00
fff7ff
002000
ffe4ff
ff6bff
fff2ff
018801
042a04
06b606
07d107
094e09
0af90a
08c208
03de03
008100
fd3cfd
f8aff8
f4d0f4
f0c8f0
ec27ec
ea47ea
eb5aeb
ec07ec
ebe9eb
ed44ed
f0c7f0
f3fbf3
f4b2f4
f472f4
f3a0f3
f02ef0
ecb8ec
ec9bec
ec94ec
eaf2ea
eadaea
ebb2eb
ebbceb
ed2bed
f05bf0
f2fbf2
f3b2f3
f19cf1
edf9ed
ead8ea
e70fe7
e2d0e2
e021e0
dcf1dc
d8ecd8
d79dd7
d688d6
d2d5d2
d1abd1
d33fd3
d0e9d0
cce4cc
cd84cd
cfe7cf
cfdbcf
cfd1cf
d13ed1
d097d0
cc94cc
c9bbc9
ca48ca
c9d8c9
c765c7
c7bfc7
ca23ca
ca50ca
cbd8cb
d438d4
e147e1
ed4aed
f572f5
fc9bfc
081608
15a615
1ce11c
1cdb1c
1c361c
1dab1d
1f3e1f
20bb20
23ef23
27a127
27a427
255225
28a028
32ab32
39d539
380338
317e31
2b3b2b
242024
1b701b
162216
164916
14bc14
0d5d0d
074a07
08d808
0f840f
15b515
178f17
158315
12b312
0e630e
07f207
049b04
049204
ff86ff
f490f4
ec90ec
eba6eb
ee5eee
f154f1
f44af4
f763f7
f78ff7
f308f3
ef2bef
efbfef
ef6cef
ea44ea
e412e4
e010e0
de97de
e185e1
ea48ea
f694f6
01d901
08b808
0c2f0c
106a10
172a17
1daa1d
20e720
21dd21
232723
249824
266526
2c272c
356235
3b623b
3c733c
3dac3d
403840
40f540
3f733f
3cb63c
386338
326e32
2b982b
257125
219f21
1ead1e
19d119
14b714
12f712
138813
132713
11f011
11cb11
11cc11
0ef30e
0a0a0a
080208
08cf08
067806
01ce01
01bb01
048a04
041804
037703
067e06
082708
056805
025202
00f400
ff83ff
fcc4fc
f93af9
f6a8f6
f531f5
f337f3
f1ecf1
f26df2
f229f2
f12ff1
f1e8f1
f2d3f2
f3aef3
f6d1f6
f96ef9
f8cdf8
f875f8
f989f9
fa06fa
faf7fa
fc0dfc
fbaefb
fc52fc
fea5fe
003500
027202
05f805
070807
05a805
044204
019901
fd41fd
f8fbf8
f55df5
f314f3
f157f1
edc6ed
ea93ea
eaaaea
eb02eb
ea10ea
ea93ea
eb99eb
eb18eb
eb5ceb
ed60ed
eee4ee
ef2def
ee78ee
ecadec
eac6ea
ea5fea
ecb4ec
f048f0
f0bdf0
eea6ee
efafef
f262f2
f09df0
ed74ed
edf3ed
ecd9ec
e644e6
e0aae0
df92df
ddf9dd
d97cd9
d580d5
d435d4
d3fed3
d242d2
cf2dcf
cd6bcd
cd5acd
cccdcc
cba7cb
cbbfcb
cd68cd
ce32ce
cb88cb
c867c8
ca96ca
ce89ce
cb9fcb
c519c5
c46ac4
c8a8c8
ccaecc
d256d2
dc7edc
e884e8
f1f7f1
f926f9
03fb03
137213
1e301e
1e741e
1ab31a
1a721a
1e201e
223f22
24dc24
27f027
2aab2a
282428
259525
2dd02d
3a0a3a
3b543b
33d833
2ce22c
265126
1eb21e
18b718
165416
165516
134913
0b590b
07fb07
0ec50e
167816
17c317
15e715
135f13
0f6f0f
0abb0a
063906
025f02
fe22fe
f70ef7
eeefee
eb38eb
ed15ed
f0fdf0
f3ddf3
f534f5
f5def5
f4f2f4
f189f1
ef10ef
ef0fef
ec37ec
e4cde4
df00de
dec2de
e2e0e2
ea15ea
f3c7f3
fedefe
084308
0c5c0c
0e4a0e
155415
1f981f
241624
21a921
1f121f
1f601f
20ba20
23c923
2aec2a
329932
34c034
33ac33
35d935
3a6d3a
3ce73c
3c6f3c
38d738
320832
2abb2a
252425
212021
1e5d1e
1b711b
16af16
11df11
103f10
124212
157c15
171217
165d16
141814
0fab0f
0a380a
082b08
096409
083008
03c403
00fe00
014e01
029402
049704
07c307
09da09
083708
042204
01c101
01e901
015101
fe99fe
fb23fb
f747f7
f38bf3
f1e4f1
f2a2f2
f4c6f4
f7a5f7
f911f9
f82bf8
f92df9
fdf2fd
012601
003700
fee8fe
fdf5fd
fb78fb
f9faf9
fb98fb
fd35fd
fd36fd
fdfafd
007c00
03b203
067906
074207
05a405
02fc02
ff95ff
fb16fb
f6def6
f3fdf3
f154f1
ee28ee
ec2eec
ed2ced
efdbef
f122f1
f0a5f0
f114f1
f336f3
f4c0f4
f4b1f4
f478f4
f429f4
f212f2
eeefee
edfeed
efb6ef
f144f1
f170f1
f117f1
f0bcf0
f161f1
f3a2f3
f4fbf4
f32af3
efe4ef
ecdaec
e97ee9
e694e6
e54ee5
e383e3
df44df
db74db
dafeda
db6ddb
d9bdd9
d794d7
d6dfd6
d653d6
d59bd5
d5fed5
d65dd6
d50ed5
d314d3
d155d1
cfb3cf
cf92cf
d18cd1
d256d2
cf31cf
cb2dcb
cb9fcb
d0a7d0
d667d6
dccedc
e651e6
f09af0
f883f8
014701
0e210e
1ace1a
210121
206920
1e581e
1f551f
229422
25a825
286228
293729
266126
248724
295429
319c31
35c035
32d032
2b4a2b
235a23
1ca01c
169616
12ca12
11b311
0eaa0e
081808
042004
06fb06
0d690d
11b111
110511
0db90d
0b250b
084608
03f003
005200
fd52fd
f851f8
f1a7f1
ebdeeb
e9f0e9
ed77ed
f25cf2
f3e7f3
f3bef3
f2edf2
ef28ef
eb56eb
eb23eb
ea42ea
e50ae5
defcde
dba0db
dc18dc
e169e1
eb09eb
f67cf6
ff91ff
02d602
043804
0a6f0a
131213
17ed17
199719
1a071a
190b19
19a219
1e4f1e
24a224
2a8f2a
2f652f
31a331
32f532
364c36
395839
38fb38
360e36
30f930
29c629
234223
1ec41e
1a9e1a
166e16
12bf12
0f720f
0d890d
0db50d
0eb70e
0fef0f
117411
120b12
105910
0c5e0c
07de07
055d05
04a704
03e303
040304
056a05
055a05
045804
057305
077a07
085708
082c08
05be05
018101
fec8fe
fca7fc
f913f9
f6d4f6
f635f6
f426f4
f29cf2
f3edf3
f5a0f5
f740f7
f9a3f9
fabafa
fb4ffb
fda2fd
feadfe
fcd5fc
fc3ffc
fdd9fd
fe65fe
fd82fd
fcf1fc
fd8ffd
ff7fff
01f701
047104
06ba06
06e606
043a04
019701
002600
fdf0fd
fabefa
f795f7
f419f4
f06cf0
edfded
ede1ed
f009f0
f26af2
f28bf2
f155f1
f1b3f1
f3d2f3
f590f5
f637f6
f695f6
f684f6
f4b8f4
f1baf1
f0aff0
f30ff3
f5f0f5
f645f6
f59ef5
f745f7
f9e9f9
f995f9
f767f7
f70ef7
f667f6
f1f1f1
ec8dec
e947e9
e604e6
e1aae1
de2ede
dc89dc
dbe8db
d9bdd9
d525d5
d303d3
d573d5
d590d5
d0a0d0
cd3dcd
cdb3cd
ce21ce
cd4fcd
cbe5cb
cb00cb
cc04cc
cc55cc
ca4cca
cac3ca
ceecce
d1c0d1
d3c9d3
da03da
e58be5
f3d6f3
ffc5ff
076f07
109410
1b2e1b
1e831e
1c491c
1d3a1d
1f431f
1e991e
1e9f1e
200b20
219221
235823
239623
25ad25
2e2b2e
333633
2cfd2c
263826
23a523
1cbc1c
13b413
100410
0e940e
0cb80c
0b330b
085c08
087008
0fc90f
15ed15
152015
147414
15b215
127c12
0ada0a
03cf03
ff09ff
faa5fa
f3c4f3
ec01ec
e99de9
ed16ed
efe4ef
efe9ef
f0c6f0
f26cf2
f08bf0
eb39eb
e79de7
e605e6
e10fe1
d996d9
d70fd7
dab9da
dff2df
e6ebe6
f22af2
fe13fe
053105
08c708
0e110e
158a15
1adc1a
1c1b1c
1bd51b
1c4d1c
1d301d
1e8d1e
226122
28d028
2e5f2e
31be31
359b35
3a043a
3c473c
3bf73b
388c38
31cd31
2bde2b
284528
22e122
1c911c
191b19
15b215
118411
120312
169216
198919
1a781a
1a971a
196a19
17d617
15bc15
126312
0fc90f
0dd90d
0a0b0a
065306
05be05
067506
067706
06cb06
085308
0a040a
099e09
070d07
057505
04e004
020502
fdfefd
fbccfb
f9f8f9
f7a4f7
f740f7
f8d3f8
fa8afa
fc7afc
feaafe
00a700
033103
061a06
078707
06b406
048804
027302
015201
006200
ff21ff
fefdfe
fff9ff
ffd0ff
ff26ff
00de00
03a103
03fc03
027a02
007200
fcacfc
f7f1f7
f503f5
f34af3
f0f3f0
eee8ee
ee2fee
ee94ee
f044f0
f2f3f2
f5f7f5
f96af9
fc39fc
fc42fc
f997f9
f643f6
f421f4
f3d4f3
f418f4
f382f3
f1edf1
eeeaee
ebdfeb
eda8ed
f45cf4
f80af8
f4bef4
efa2ef
ecd3ec
eb5beb
eab2ea
eaadea
e824e8
e0c1e0
d820d8
d458d4
d650d6
d959d9
d93fd9
d5ddd5
d228d2
d0d6d0
d15fd1
d1bbd1
d1b6d1
d0ddd0
ccf3cc
c6a6c6
c2e2c2
c42cc4
c68cc6
c52cc5
c23ec2
c3a0c3
c844c8
cba4cb
d159d1
ddbbdd
e9f2e9
f044f0
f7a0f7
04ba04
0fff0f
136d13
131c13
13c913
14ba14
14c314
159315
181e18
1abc1a
1c641c
1de91d
20b520
261726
2b352b
295f29
21e121
1d671d
1a411a
108310
060b06
042f04
050c05
020f02
010301
052905
096b09
0be60b
0e8b0e
114f11
123912
0eaf0e
074107
00ff01
fd4bfd
f857f8
f1bff1
ec6aec
ea04ea
eb85eb
eea7ee
efb5ef
f187f1
f5aef5
f412f4
eb9ceb
e737e7
e68fe6
df72df
d678d6
d633d6
d99dd9
da69da
e048e0
eefcee
fc82fc
037e03
09a209
10cd10
154015
186b18
1cde1c
1ead1e
1c961c
1c361c
1e7e1e
204820
24af24
2dab2d
347134
36a036
3a9a3a
404040
408a40
3c5a3c
39d639
376137
301330
276527
23a523
224922
1e011e
1a331a
1b4d1b
1cad1c
1b3d1b
1c661c
20c120
215621
1dad1d
1a761a
16c116
115011
0dae0d
0c000c
097409
081308
097709
099909
07bd07
087308
0acf0a
098109
064806
065506
06e006
02ed02
fe40fe
fd89fd
fce0fc
f92bf9
f6f9f6
f863f8
f9c4f9
fac1fa
fdbefd
014601
032203
040104
043a04
034203
021302
017d01
001500
fd09fd
faf8fa
fbf8fb
fd34fd
fc66fc
fcc3fc
ff52ff
ffc0ff
fe12fe
fe71fe
ff05ff
fbbdfb
f707f7
f475f4
f2a9f2
f02ff0
eee1ee
efa0ef
f029f0
efadef
f0ccf0
f3a7f3
f53ef5
f642f6
f817f8
f78ef7
f4ecf4
f51ff5
f648f6
f3ccf3
f0e2f0
f08bf0
efb1ef
ee15ee
eefdee
f206f2
f408f4
f34ef3
f153f1
f08df0
efa9ef
ecd0ec
ea40ea
e7e7e7
e32de3
df3edf
deeede
de2ade
dbecdb
dafdda
d8f9d8
d4b6d4
d2fbd2
d401d4
d35cd3
d16dd1
d062d0
ce94ce
cad0ca
c7f3c7
c89ec8
c9f5c9
c7d5c7
c4d3c4
c4f6c4
c5e1c5
c6fec6
cdb2cd
d9bed9
e499e4
ed00ed
f5e2f5
ff96ff
093809
118b11
15f115
157215
12c912
11a611
130913
15bb15
199019
1dbe1d
1ef71e
1e601e
21df21
27c327
286f28
247324
20bf20
1b321b
115311
086f08
054505
048804
01db01
ff7eff
012401
04c804
07ca07
0bee0b
10ff10
132913
11d011
0e9e0e
09cc09
04c004
009d00
fb7bfb
f58bf5
f25cf2
f2aef2
f446f4
f60df6
f847f8
fadffa
fbb8fb
f8a7f8
f41af4
f11af1
ed00ed
e62ee6
e167e1
e150e1
e37ce3
e7f9e7
f094f0
fae2fa
032d03
096409
0f5b0f
15f915
1cdc1c
223c22
243e24
239f23
231523
23e223
25ef25
299d29
2de12d
305330
318331
341a34
381a38
3b5a3b
3c113c
398139
34f834
306430
2c0a2c
280027
241a24
1ec61e
192119
16bc16
170e17
180f18
1ace1a
1d9d1d
1cbe1c
1aaf1a
1abb1a
19ab19
15d815
129b12
0fed0f
0b500b
06c306
056105
05d505
055305
044c04
04a204
050105
033803
01c201
031503
037a03
006000
fd68fd
fbb8fb
f852f8
f4aaf4
f43df4
f509f5
f46ff4
f4baf4
f7b0f7
fb18fb
fd32fd
fe7dfe
fef5fe
fdeffd
fc3efc
fb68fb
faeffa
f908f9
f5fdf5
f3def3
f307f3
f279f2
f2d1f2
f4bdf4
f63bf6
f575f5
f3a2f3
f21df2
f055f0
ee20ee
ec80ec
eb8aeb
ea3cea
e8aee8
e8d0e8
eb57eb
ed8eed
edbbed
ee3dee
f083f0
f2e2f2
f51ef5
f728f7
f62bf6
f22df2
efb2ef
f00df0
f05df0
ef7def
ee89ee
ee59ee
eeb8ee
eebbee
eea3ee
ef0bef
ee5fee
ec4dec
eb4deb
ea31ea
e5b9e5
e043e0
dd9bdd
dcd3dc
dc4bdc
da9bda
d5c1d5
d09cd0
cfe8cf
d0edd0
cf8fcf
ce8fce
cf24cf
cce3cc
c80fc8
c662c6
c7fbc7
c764c7
c3afc3
c12bc1
c10fc1
c104c1
c28cc2
ca11ca
d69ed6
e2e4e2
ed25ed
f758f7
02b202
0e5a0e
16e416
189f18
15c715
149914
15ca15
15ac15
156f15
186f18
1b971b
1b061b
1bb91b
234023
2aeb2a
290d29
21dd21
1eae1e
1b681b
10d310
06c506
05d305
064806
015d01
fe7ffe
025c02
07cf07
0ca30c
11cc11
154f15
169f16
168516
136213
0e760e
0b9b0b
08fd08
02d102
fc30fc
fab5fa
fd1ffd
fd51fd
fb13fb
fccffc
010e01
fdf8fd
f51af5
f17bf1
f166f1
ec03ec
e45ce4
e0c2e0
dfa4df
e093e0
e644e6
ef23ef
f7e4f7
fee9fe
030003
068206
0e290e
187118
1e8e1e
1f091f
1fa21f
230223
248524
23aa23
280b28
308f30
31ab31
2cb32c
2e452e
346234
34a734
327632
333433
308530
291029
259725
265926
23db23
1e951e
1af81a
184f18
16a916
18c218
1c121c
1bd01b
1a8d1a
1cc61c
1eb81e
1bc31b
18cd18
1a671a
1a791a
14f814
10fa10
114e11
0eae0e
092209
089908
0ad20a
07f107
031703
027802
02e002
008f00
fe4bfe
fd7cfd
fbcafb
f8ddf8
f64df6
f473f4
f3adf3
f4f4f4
f6f6f6
f705f7
f673f6
f884f8
fb42fb
fb8afb
fc32fc
fec3fe
fedcfe
fc8dfc
fcc1fc
fdf8fd
fbe5fb
f8a7f8
f736f7
f635f6
f48ef4
f2d5f2
f149f1
efdfef
edf2ed
eb54eb
e948e9
e85de8
e8cee8
eacfea
eb8beb
e988e9
e93ae9
ec11ec
ede3ed
efaaef
f44ff4
f75ef7
f668f6
f6c2f6
f9bdf9
fb50fb
fbebfb
fe23fe
ffe5ff
fe0cfe
fa11fa
f809f8
f874f8
f836f8
f685f6
f424f4
effeef
ec06ec
ecadec
ef12ef
ec7cec
e5c9e5
e01ee0
dd43dd
dcf7dc
ddf6dd
dd6fdd
d9c5d9
d493d4
d1c7d1
d33fd3
d58dd5
d5b5d5
d4e4d4
d2ccd2
cf3ecf
ce5bce
cf9acf
cce1cc
c807c8
c6f6c6
c7bfc7
c912c9
cfbecf
dabada
e351e3
e9ade9
f34cf3
007300
0b660b
107110
119411
112a11
0f8e0f
0f290f
118a11
138113
13ff13
15ba15
187218
1baa1b
215621
26d626
274e27
241b24
200120
194b19
0f730f
073e07
051d05
05d505
02db02
ff0fff
01ed01
07ef07
0ac00a
0e560e
13e013
145a14
10aa10
0f020f
0d550d
094a09
05ff05
031303
fec0fe
fbaffb
fa8bfa
f965f9
fa36fa
fe59fe
00ae00
fc9afc
f585f5
f1e7f1
f17df1
eeeaee
e9d0e9
e5ebe5
e336e3
e205e2
e6d0e6
f09bf0
f7b0f7
f9edf9
fb9cfb
febafe
036103
09ed09
0fea0f
12b912
141d14
163916
186b18
1b781b
214421
279527
2aa02a
2b8b2b
2db62d
304930
306630
2e992e
2ccd2c
2a072a
256025
21b721
20fe20
205220
1de51d
1c201c
1b491b
18f818
16b916
176a17
18d018
183318
171d17
164516
144614
12b712
13c913
14fd14
138d13
118e11
113e11
111611
0fe00f
0e790e
0c6f0c
08dd08
058005
03cf03
022f02
ff58ff
fc60fc
fa08fa
f7edf7
f61df6
f51cf5
f4d5f4
f478f4
f3c0f3
f38bf3
f3d7f3
f35ff3
f2a0f2
f313f3
f392f3
f2eaf2
f31ef3
f538f5
f742f7
f8caf8
fad5fa
fc48fc
fc17fc
fb7cfb
fab2fa
f87df8
f55ff5
f2c4f2
f0a4f0
eebdee
ed8eed
ed09ed
ec93ec
ec32ec
ec5cec
ed01ed
ed96ed
ee3aee
ef9fef
f12af1
f17ff1
f11bf1
f12ef1
f14df1
f180f1
f2faf2
f4d3f4
f548f5
f5d0f5
f85bf8
fb38fb
fc31fc
fbb9fb
fa6afa
f7fcf7
f596f5
f49af4
f358f3
ef8cef
ead0ea
e802e8
e6cce6
e5eae5
e57de5
e492e4
e1fde1
df58df
ddccdd
db83db
d817d8
d567d5
d37bd3
d1a5d1
d0cbd0
d0c2d0
d084d0
d08fd0
d037d0
cd9ccd
ca21ca
c849c8
c86ac8
cbc5cb
d244d2
d771d7
db49db
e356e3
ee81ee
f87bf8
02eb02
0b880b
0bdd0b
091e09
0b660b
0e690e
0f0e0f
11a511
13ac13
115211
101810
138113
191319
1fa71f
23d223
219621
1be51b
15e115
102010
0dc40d
0cf80c
07df07
022d02
010701
018501
050e05
0dec0d
134613
11b111
124112
157315
149514
126c12
122012
0eb20e
06d306
001d00
fe1efe
ff6cff
011801
02d102
04f404
043504
fff7ff
fd80fd
fccdfc
f91bf9
f42ff4
f046f0
ea90ea
e614e6
e85ae8
ed04ed
efd4ef
f4d1f4
fb35fb
fd74fd
feb8fe
045604
0aa50a
0dc20d
0fd70f
119211
11a011
129412
176817
1ddf1d
220822
23da23
25c625
282328
2a522a
2d8b2d
307330
2e052e
277727
23a323
220a22
1e681e
1bbf1b
1bc81b
199619
167716
189918
1d621d
1f2d1f
1f871f
206d20
1fee1f
1e4c1e
1e3d1e
1f161f
1d2a1d
18d818
174517
18dd18
18cf18
182218
1a151a
1a1c1a
15db15
139213
141314
118e11
0ca60c
091009
057305
008d00
fc82fc
facffa
fab2fa
fa7afa
f9e4f9
f9f9f9
fa50fa
fb02fb
fd5bfd
ff1eff
fdedfd
fc80fc
fbb5fb
f97cf9
f88ff8
fab9fa
fb90fb
fa96fa
fbdffb
fe68fe
ff9cff
006e00
007400
fe1bfe
fa70fa
f675f6
f20af2
edfaed
eae7ea
e895e8
e709e7
e6a7e6
e7c9e7
ea1fea
ecddec
efc0ef
f1b6f1
f105f1
ef28ef
ef69ef
f146f1
f1e6f1
f09af0
ee70ee
ecd2ec
ed2fed
efc2ef
f394f3
f74ef7
f94ff9
f90ff9
f870f8
f8edf8
f873f8
f4b4f4
efb2ef
ebf3eb
e7ede7
e2fae2
dfffe0
df33df
de20de
dd45dd
dd98dd
ddc5dd
dd86dd
dd53dd
dc8ddc
db15db
d8acd8
d4edd4
d13fd1
ce67ce
cbeccb
caaaca
ca02ca
c863c8
c7e9c7
c916c9
c8e4c8
c9cec9
cfd5cf
d771d7
ddeadd
e54ee5
ec79ec
f1d8f1
f6d5f6
fa51fa
fb79fb
fca7fc
fda2fd
fe24fe
009d00
03b503
057f05
085d08
0c110c
0f6d0f
14d614
192f19
174e17
143214
138313
0f760f
089308
057e05
046b04
01ca01
010401
039003
065406
089a08
0b870b
0e750e
106310
11fa11
13a313
130c13
0f330f
0ba60b
094a09
04dd04
007900
008900
01d801
00f800
018001
04c804
068a06
051c05
029b02
006b00
fe0cfe
fa1bfa
f516f5
f1cdf1
f136f1
f21cf2
f470f4
f816f8
fba2fb
fe98fe
017601
049404
085f08
0bd40b
0cfe0c
0cb20c
0d660d
0f1c0f
112511
146314
18d918
1d1f1d
20bb20
23e423
269826
292329
2b4c2b
2bca2b
2a592a
283028
260426
238723
207f20
1d7a1d
1b871b
1aa41a
19b319
18c818
18e518
19a319
1ab01a
1cb91c
1e341e
1c541c
186118
164c16
169f16
170017
16e916
173c17
173817
162916
15e815
172d17
174617
158015
143814
12da12
0f880f
0c4b0c
0a4d0a
06f006
024902
ff55ff
fdfcfd
fcc3fc
fc53fc
fcf8fc
fd50fd
fc79fc
fb0dfb
fa5ffa
fab0fa
facbfa
fa28fa
f949f9
f86af8
f7f4f7
f839f8
f8b0f8
f94af9
fa56fa
fb5cfb
fc33fc
fc9efc
fb81fb
f96cf9
f7a2f7
f4d1f4
f093f0
ed6fed
ebd8eb
eab0ea
ea89ea
ea9dea
e98ee9
e908e9
e94be9
e84be8
e7e0e7
e9e3e9
eabeea
e897e8
e626e6
e464e4
e356e3
e454e4
e652e6
e788e7
e8d5e8
ea87ea
ec43ec
ef80ef
f379f3
f42cf4
f0e8f0
ed75ed
ecc5ec
eddfed
ed6fed
ea56ea
e697e6
e32fe3
e09be0
e10be1
e381e3
e3a1e3
e0dae0
dd5edd
da18da
d8d6d8
d99cd9
d81dd8
d3c9d3
d056d0
cd6bcd
ca3bca
c9cdc9
cb85cb
cbc6cb
cb72cb
ccc3cc
d016d0
d686d6
df77df
e83ce8
f04cf0
f6e6f6
fa3afa
fbd3fb
fd3bfd
fd4bfd
fd75fd
ff70ff
00a800
005f00
010a01
02d102
05b305
0a980a
0f850f
12b912
148314
139013
103710
0dbe0d
0bb20b
086a08
065e06
064f06
066806
079107
0a230a
0caa0c
105c10
153715
183118
19bc19
1b691b
1b551b
198a19
180718
15cd15
12c712
10ab10
0e550e
0bb80b
0bdc0b
0e290e
0fba0f
107810
0fcf0f
0cbb0c
09bd09
08c208
081008
060406
029f02
ffa9ff
ffeeff
027002
042204
064006
09af09
0b210b
0b490b
0e610e
125012
12df12
11fe11
125812
132f13
146014
163616
17f817
1a081a
1c871c
1dda1d
1e081e
1ed21e
205a20
21a521
221022
214821
202f20
1ffd1f
1feb1f
1e9b1e
1c441c
19a019
175e17
169016
177217
189a18
189818
179217
16b116
163a16
15bc15
15ea15
172917
174317
14bf14
121212
118611
11fc11
124912
12f512
139213
12bf12
10ea10
0fde0f
0fc50f
0ef40e
0c320c
07fb07
03f603
017101
000f00
feecfe
fe19fe
fd6afd
fc43fc
fb6dfb
fbb9fb
fc22fc
fbfbfb
fb66fb
f99bf9
f72bf7
f62af6
f5cff5
f455f4
f355f3
f3e5f3
f429f4
f3fef3
f4caf4
f5caf5
f5d8f5
f50af5
f340f3
f0d4f0
eea0ee
ec64ec
ea30ea
e8f3e8
e7f9e7
e62be6
e4c2e4
e4dfe4
e581e5
e5b4e5
e557e5
e400e4
e208e2
e0fee0
e142e1
e13ee1
e009e0
deb0de
de74de
dfbfdf
e280e2
e5d7e5
e81de8
e88ce8
e818e8
e82ce8
e903e9
e9d9e9
ea3eea
e9e2e9
e83de8
e661e6
e65fe6
e7a6e7
e800e8
e72be7
e572e5
e238e2
de5dde
dc0cdc
dbe0db
dc26dc
da40da
d642d6
d3f6d3
d4bfd4
d5a0d5
d582d5
d573d5
d45fd4
d211d2
d11ed1
d299d2
d5d3d5
da50da
ded9de
e2d4e2
e79ae7
ed9fed
f39af3
f85cf8
fb7ffb
fd62fd
fd8cfd
fb02fb
f8a1f8
fa66fa
fe22fe
ffdfff
009400
01b101
02e202
054e05
096a09
0d300d
0f1d0f
0ec30e
0cec0c
0b680b
0a1d0a
08c808
097409
0ba80b
0c610c
0c500c
0da70d
107710
14cc14
195519
1b811b
1c331c
1c861c
1a791a
172517
15fa15
15fb15
14ff14
138713
11f211
10c310
110e11
122c12
134613
141914
136413
112d11
0f120f
0d730d
0c8f0c
0c690c
0b630b
0a530a
0bea0b
0e920e
0fc60f
10bb10
11c011
117b11
110011
11af11
12d012
135713
12fa12
12c412
135213
130113
126b12
14ab14
17df17
180118
16cf16
16e916
170317
16a016
167c16
161016
159115
157315
14ef14
146c14
14f314
15b415
159e15
14bb14
13a613
132713
12c812
11ec11
11ea11
12d012
11fb11
0f950f
0eb10e
0f990f
102d10
0fab0f
0ef50e
0f410f
106a10
10c610
101110
0fbe0f
0fff0f
0fcd0f
0f030f
0e220e
0d1c0d
0b390b
089b08
06c906
061406
04fe05
039c03
034c03
034f03
020e02
001f00
fef2fe
fe60fe
fd0dfd
faa9fa
f899f8
f7a4f7
f718f7
f6a5f6
f62bf6
f4fff5
f3b3f3
f34ef3
f310f3
f2a1f2
f2d4f2
f29ff2
f0e2f0
ef3def
ee82ee
ed4ced
ebe1eb
eb94eb
eb97eb
eab9ea
e957e9
e85ae8
e8aae8
ea25ea
eaeaea
ea29ea
e91be9
e821e8
e722e7
e729e7
e7dae7
e77fe7
e6b5e6
e6ffe6
e7d3e7
e8d5e8
ea65ea
eb8feb
ebf7eb
ecb6ec
ed81ed
edc7ed
eeaeee
f056f0
f161f1
f1d4f1
f248f2
f29ff2
f314f3
f3bff3
f441f4
f4a5f4
f4a2f4
f39ef3
f224f2
f0d8f0
efbfef
ef3eef
ef18ef
ee43ee
eceaec
eb86eb
e9fbe9
e940e9
e9d2e9
ea11ea
e972e9
e940e9
e97be9
e93be9
e897e8
e863e8
e9a1e9
ec43ec
ee9dee
efefef
f149f1
f344f3
f561f5
f6fbf6
f7c0f7
f7e5f7
f782f7
f6aff6
f679f6
f771f7
f8faf8
fb04fb
fd1ffd
fe2dfe
ff3aff
017401
035d03
04c104
06c206
079607
060f06
049104
043804
04a204
066506
085408
08d708
098909
0b670b
0d4d0d
0f6b0f
118d11
122d12
11e211
119c11
108210
0f3f0f
0f280f
0f3d0f
0ec50e
0e580e
0e0d0e
0ebc0e
115211
142314
156b15
158815
14bb14
136213
130313
13ac13
13a613
12a912
11a011
10b310
101b10
106510
10c110
0fc50f
0db90d
0bd40b
0a850a
09e209
09a009
08cd08
077507
067606
05a405
052305
05d505
06a906
063c06
05c305
061f06
069e06
079907
091e09
09ff09
0aaa0a
0bd30b
0c390c
0b990b
0b550b
0b930b
0b7c0b
0a6e0a
089408
078e07
07bf07
073407
05b505
049d04
03bb03
036303
045a04
04c704
03bf03
034d03
038403
034d03
03e403
051f05
04d404
03b203
03bd03
04c904
063606
079f07
084d08
089008
08fa08
090f09
08cd08
08ac08
084708
074a07
05c405
038103
011101
ffc1ff
ffbaff
ffd1ff
fec3fe
fc6ffc
fa42fa
f95af9
f8d5f8
f78df7
f5fff6
f503f5
f436f4
f307f3
f236f2
f2c3f2
f41af4
f51df5
f5cef5
f665f6
f6b9f6
f730f7
f829f8
f909f9
f901f9
f7d5f7
f656f6
f5e7f5
f643f6
f5c1f5
f476f4
f3b1f3
f359f3
f2f9f2
f2d6f2
f2c0f2
f2acf2
f352f3
f45cf4
f4a3f4
f42df4
f3cdf3
f433f4
f57bf5
f678f6
f633f6
f625f6
f807f8
fb16fb
fdcdfd
ffafff
00b600
017101
028c02
038803
03a403
030803
01e301
00a100
003200
003100
ff6fff
fe79fe
fe2cfe
fde6fd
fd60fd
fcecfc
fc0dfc
fb10fb
fae6fa
fa64fa
f87bf8
f71af7
f776f7
f7f8f7
f7fef7
f876f8
f926f9
f96bf9
f98bf9
f98ef9
f927f9
f898f8
f832f8
f7cff7
f73df7
f698f6
f639f6
f65ef6
f6f6f6
f7baf7
f83ef8
f8c4f8
fa55fa
fc99fc
fd90fd
fcdefc
fc55fc
fcb7fc
fd1ffd
fd16fd
fd04fd
fd70fd
fe2afe
fe53fe
fe1ffe
fee9fe
006b00
013c01
01ce01
02ee02
037903
02e902
029702
02c702
025202
016101
014401
023b02
034d03
03f103
04fc04
072007
093109
0a040a
0aa30a
0bcf0b
0c4e0c
0bd50b
0b850b
0b160b
09da09
08c908
086208
07f807
07a907
077407
068a06
059c05
05b505
058a05
042204
02c302
01c101
005400
ff45ff
ff3bff
ff2eff
fee3fe
fee0fe
feadfe
fe80fe
ff71ff
011a01
028b02
03da03
049b04
046f04
046a04
04cc04
04c104
04f004
05e205
063606
056f05
04a404
044704
048d04
059a05
06a606
072407
070107
05c905
044904
042404
04d704
051705
050c05
04e404
04cd04
058d05
06c506
07ce07
094f09
0aeb0a
0b730b
0ba40b
0c4b0c
0cc80c
0cfd0c
0cce0c
0bb20b
0aaf0a
0a9f0a
0a420a
091109
080208
075207
070207
073e07
076a07
072007
069606
05bc05
04b104
037703
01c901
008000
003200
ff99ff
fe5cfe
fdcbfd
fddafd
fde5fd
fe60fe
ff37ff
ffd4ff
007300
011701
010e01
003000
ff2aff
fe93fe
fdd5fd
fc3efc
fb18fb
fb57fb
fb74fb
faf3fa
fb12fb
fb25fb
fa93fa
faeefa
fc0cfc
fc23fc
fbb0fb
fb97fb
fb3ffb
fabffa
fa8dfa
fa6afa
faa7fa
fba8fb
fd03fd
fe38fe
fed2fe
ff1cff
006c00
027e02
038403
036803
02fd02
021a02
011501
00c400
00d100
004900
ff05ff
fe1efe
feabfe
ffb6ff
fff9ff
005200
011401
00df00
ffcaff
fedffe
fe3afe
fe3bfe
fea4fe
fde6fd
fc52fc
fb8ffb
fb55fb
fb26fb
fb96fb
fbfefb
fb8cfb
faf5fa
fa9ffa
fa33fa
f9daf9
f9c1f9
f97ff9
f899f8
f770f7
f72bf7
f7b7f7
f7d5f7
f7adf7
f7e4f7
f7e8f7
f816f8
f972f9
faeafa
fb49fb
fb2bfb
fb17fb
fb62fb
fc4ffc
fcebfc
fcc3fc
fcbbfc
fcd7fc
fcc9fc
fcfafc
fd0efd
fcd9fc
fd37fd
fd7ffd
fc7cfc
fb71fb
fbedfb
fd1ffd
fd77fd
fce6fc
fcd7fc
fdbcfd
fe5cfe
fec7fe
ffbdff
002100
002500
017f01
029d02
021a02
026e02
036d03
029102
019e01
020302
016f01
009e00
01d001
02fc02
029d02
020202
00e300
ff50ff
ff49ff
003d00
ffe7ff
fe5ffe
fccafc
fbe2fb
fc5efc
fda2fd
fe25fe
fdd1fd
fdd2fd
fea7fe
ff77ff
ff7bff
ff4fff
ff97ff
fff4ff
004100
008f00
009d00
007b00
fffcff
ff2aff
ff6aff
008c00
006100
ffabff
004e00
008000
ff4eff
ff0eff
ff6bff
fe4cfe
fd03fd
fcf3fc
fce4fc
fca3fc
fcfafc
fd3afd
fd05fd
fd6cfd
fedcfe
003900
007c00
005a00
011a01
022602
022102
018301
018701
020202
020302
019401
018301
01cb01
01d101
020202
02a302
026602
012e01
00c000
011001
008f00
ff5cff
fe72fe
fdecfd
fd99fd
fd33fd
fcbcfc
fcaafc
fcc3fc
fca5fc
fd1ffd
fe5afe
ff22ff
ff54ff
ffc9ff
005500
006900
004f00
006a00
008100
004400
fffeff
004d00
010e01
017101
012401
009000
000a00
ff82ff
ff0eff
feeafe
fed5fe
fea6fe
feb2fe
fe6dfe
fd84fd
fdd0fd
ffcbff
00e600
00c100
00bb00
ff9cff
fe62fe
015f01
067a06
072c07
048704
042f04
068706
08c608
09c109
09a009
090f09
084a08
079607
083c08
098709
091509
084408
092a09
092e09
06cd06
056005
064906
06f106
05e105
03dc03
022f02
01a001
018701
011901
009700
ffd8ff
feb4fe
fe6dfe
ff89ff
00a000
00df00
00f400
012001
00e400
005b00
001e00
001b00
ffefff
ff94ff
fed1fe
fe08fe
fee1fe
012801
022e02
019f01
017101
019b01
016801
016b01
014b01
007500
ffafff
fef2fe
fdf4fd
fdf4fd
fef9fe
ff99ff
000900
005800
ff8cff
ff2bff
00f200
02d402
033303
03b103
04b104
04ca04
04ac04
05f505
07d207
082f08
071507
06b206
07d607
08b208
083508
075007
065906
04ec04
03ab03
031403
02b602
02ae02
034903
03ab03
033703
02b802
02d402
02e702
023c02
014101
009b00
000500
ff68ff
ffa3ff
00c200
019d01
01df01
01ef01
01ba01
017a01
019d01
019401
00f600
003800
ff42ff
fdeffd
fd0bfd
fcd5fc
fce8fc
fd53fd
fd78fd
fc7bfc
fb91fb
fbfcfb
fc71fc
fbb9fb
fa9afa
f9c2f9
f90cf9
f864f8
f7b4f7
f726f7
f72ef7
f7a5f7
f83ef8
f93df9
fa7afa
fb3dfb
fb82fb
fbd2fb
fc47fc
fca3fc
fcd1fc
fcbefc
fc45fc
fbb5fb
fbb5fb
fc04fc
fbd9fb
fb8efb
fbe7fb
fc45fc
fbd2fb
fafffa
fa5dfa
f9b8f9
f8fef8
f89af8
f8b0f8
f8bbf8
f848f8
f7e8f7
f879f8
f9a4f9
fa43fa
fa06fa
f9a6f9
f9ccf9
fa5afa
fac0fa
fab4fa
fa5ffa
fa18fa
fa2cfa
fa87fa
fac4fa
faa0fa
fa16fa
f989f9
f9a3f9
fa2dfa
fa55fa
fa41fa
fa38fa
f994f9
f87df8
f811f8
f83ef8
f838f8
f7ddf7
f761f7
f76af7
f88df8
f9dbf9
fa7cfa
fb32fb
fc0dfc
fc1ffc
fbf2fb
fc91fc
fd80fd
fe17fe
fe7afe
fed0fe
ff6cff
00d200
02cc02
045f04
04e204
04ff04
05d105
070a07
079807
079407
079b07
07b307
07e807
082108
07f307
07cb07
083e08
08c708
08fd08
092109
08f008
083108
078c07
074907
06db06
060406
052f05
04de04
050605
04ff04
04a704
04b804
054205
058405
055f05
054e05
054905
04cc04
03ca03
030903
030903
030b03
028802
026c02
032703
03ab03
038e03
037603
036b03
031203
02a602
025502
01de01
012801
007800
002b00
006700
00fb00
01ab01
026002
030a03
03aa03
043204
048b04
051a05
062a06
06ec06
06ae06
061a06
05d805
05b805
05ce05
064806
069e06
067e06
062e06
05ab05
050305
048f04
041704
034103
024202
013701
006b00
009000
014d01
01b401
020502
026d02
022a02
015301
00b600
005d00
001700
ff9dff
fe83fe
fd71fd
fd71fd
fe40fe
ff27ff
ffacff
ff5dff
fecafe
fecafe
fedafe
fe89fe
fe2bfe
fd6afd
fc25fc
fb14fb
fa69fa
fa42fa
fb01fb
fbfcfb
fc4afc
fc06fc
fbc3fb
fc5dfc
fd9cfd
fd9bfd
fc6dfc
fc1ffc
fc13fc
fafbfa
fa41fa
fa42fa
f9aaf9
f939f9
f98bf9
f978f9
f998f9
fad0fa
fb86fb
fb1cfb
faebfa
fad6fa
fa0cfa
f900f9
f81ff8
f77af7
f76cf7
f7ddf7
f81bf8
f7e6f7
f7f2f7
f8f0f8
fa2cfa
fa9ffa
facffa
fb4cfb
fb40fb
fa7ffa
fa02fa
fa02fa
fa29fa
fa5efa
fa4ffa
f9d2f9
f95cf9
f94df9
f9c0f9
fa8ffa
fb0dfb
fab0fa
f9d9f9
f951f9
f962f9
f988f9
f957f9
f96cf9
fa3efa
faeafa
fb14fb
fbc4fb
fd1bfd
fe0ffe
feb4fe
ff9bff
002800
001600
005f00
011001
012c01
010301
018001
022502
024802
027702
030803
034403
02df02
028b02
02b802
02e802
02c602
02dd02
039403
048004
051e05
056705
05f005
075707
08f108
09ba09
0a6e0a
0bba0b
0c760c
0c350c
0c240c
0ca50c
0d6c0d
0e660e
0f0c0f
0f190f
0ee20e
0e330e
0d430d
0d0f0d
0d560d
0cef0c
0b810b
098d09
082d08
07c207
073e07
06e206
07be07
083b08
071c07
067806
073307
07cf07
080007
07d107
06cd06
05ae05
051b05
050905
05bf05
066706
062706
066206
078b07
083e08
08a408
08eb08
082408
073c07
070f07
066606
058505
058605
056605
04c504
04c604
056505
063706
072107
07ac07
082008
08bb08
08d208
08c508
093709
096b09
092309
088808
077f07
075307
084a08
081808
06e206
069906
061406
049504
03f903
03aa03
01e701
ffe7ff
febdfe
fd91fd
fc7afc
fc32fc
fc65fc
fc4ffc
fb98fb
fac3fa
faa5fa
fb0cfb
fb01fb
fa53fa
f9d2f9
f98af9
f860f8
f6fdf6
f757f7
f89df8
f94af9
fa13fa
fa52fa
f961f9
f997f9
fa8efa
f9faf9
f9b8f9
f9b4f9
f79bf7
f709f7
f8e7f8
f7e3f7
f659f6
f7b7f7
f6fdf6
f5d0f5
f88df8
f8d7f8
f782f7
fb04fb
fa7dfa
f505f5
f81ff8
fa12fa
f083f0
f1f8f1
ffefff
fb9afb
ecefec
f15cf1
fbe7fb
fabdfa
fa11fa
fb25fb
f5e3f5
f5bdf5
fcfcfc
fb9efb
f52ff5
f7d0f7
fc25fc
f89bf8
f54cf5
f773f7
f997f9
faf0fa
fc90fc
fa1efa
f669f6
fa01fa
ff33ff
fc16fc
f81af8
fa58fa
fa92fa
f723f7
f821f8
fb7cfb
fbc4fb
fb10fb
f9edf9
f890f8
fa59fa
fcc1fc
fc1dfc
fb7afb
fb2cfb
f998f9
fa6efa
fd08fd
fc8dfc
fbedfb
fdeefd
fe4dfe
fd2ffd
fe68fe
005500
00a900
004b00
ffe5ff
ffecff
004b00
006400
014a01
029102
01f901
013d01
029702
03a703
037303
03c503
03d903
02d102
026102
035603
04cb04
059905
056d05
05df05
077e07
087e08
092709
0b030b
0c890c
0c5e0c
0bfd0b
0c410c
0cc30c
0d570d
0daf0d
0dd40d
0dd50d
0d3f0d
0ccb0c
0d3f0d
0d3b0d
0c230c
0b490b
0ae40a
0a450a
095c09
083208
075d07
075907
070a07
061c06
060406
06e206
076807
076507
078c07
080408
082c08
07bc07
079507
07c907
071207
05e205
059105
059705
05b705
06a306
072507
065706
05e405
064a06
064406
05ef05
05ce05
059805
05a705
064806
06ee06
076c07
07ae07
07ae07
088e08
0aa90a
0bf70b
0b740b
0ac50a
0aaf0a
0a220a
092009
08a908
085c08
075c07
062306
055305
04b304
044f04
045204
03fa03
02c402
017a01
00b200
ffb4ff
fdf1fd
fc38fc
fb68fb
fab0fa
f90bf9
f7d7f7
f908f9
fb84fb
fc7efc
fb90fb
fad1fa
fba9fb
fd29fd
fd94fd
fcb1fc
fb93fb
faadfa
fa22fa
faa9fa
fbf0fb
fc69fc
fc1efc
fc74fc
fd10fd
fcd9fc
fcb4fc
fd5cfd
fd6afd
fc59fc
fb88fb
fb22fb
fa69fa
fa23fa
fae4fa
fb74fb
fb2cfb
faf3fa
fb82fb
fcc2fc
fe1cfe
fee1fe
fefffe
fea2fe
fdc3fd
fd2afd
fdc4fd
fec0fe
fefcfe
fee4fe
ff10ff
ff66ff
001e00
011e01
016401
00c900
004300
ffd1ff
feb2fe
fd5dfd
fcccfc
fcb6fc
fc76fc
fc3dfc
fc1cfc
fbedfb
fc44fc
fd2cfd
fd94fd
fd5ffd
fd4cfd
fd20fd
fccefc
fd3efd
fe47fe
feeefe
ff0fff
fee8fe
fec2fe
ff11ff
ff80ff
ff8cff
ffa7ff
ffadff
feb8fe
fd5afd
fcc0fc
fca4fc
fc7bfc
fc91fc
fcdcfc
fcddfc
fc87fc
fc74fc
fd35fd
fe43fe
fe74fe
fdeafd
fdcdfd
fe3cfe
fe72fe
fe3efe
fe09fe
fe49fe
ff1cff
fff5ff
005500
00b700
019601
026202
028702
024502
01c901
011201
008800
006500
006d00
00aa00
012101
019501
026802
03ea03
054c05
061706
06e806
07c807
084008
086e08
087608
084a08
082808
081808
07f107
07c107
075e07
06c706
06a406
06e206
069d06
05ef05
056505
04b804
03d503
032703
027e02
019901
00ee00
00ce00
00fd00
017001
024102
02f502
031503
032503
038803
037603
02af02
024102
026502
023e02
01d701
01e501
025002
027802
021702
01ae01
020202
02c802
02f602
026d02
01f001
020302
028202
02c302
028302
028802
034d03
043a04
04df04
053a05
053a05
050305
04da04
04bd04
04a704
048b04
043d04
03c403
033003
02ad02
02c202
035c03
039003
030f03
025c02
01a801
00db00
000c00
ff57ff
fe8efe
fd4ffd
fbcffb
fb0afb
fb5afb
fc02fc
fc8bfc
fcf8fc
fd22fd
fd10fd
fd00fc
fd0dfd
fd46fd
fd78fd
fd57fd
fd3bfd
fd62fd
fd5bfd
fd51fd
fe1cfe
ff95ff
00bf00
011d01
00da00
007a00
004e00
001800
ffacff
ff43ff
feb4fe
fdb5fd
fcd3fc
fccffc
fd4efd
fd54fd
fce6fc
fccffc
fd2ffd
fda4fd
fdf0fd
fda7fd
fccbfc
fc64fc
fceafc
fda2fd
fe2cfe
fe86fe
fe7dfe
fe6ffe
fed2fe
ff57ff
ffdfff
005b00
003a00
ffabff
ff4fff
fea7fe
fda3fd
fd95fd
fe8bfe
ff21ff
ff15ff
fef8fe
fedcfe
fef9fe
ffa2ff
004b00
002d00
ff6eff
fed2fe
fec2fe
ff05ff
ff46ff
ff8dff
001d00
00cb00
00f800
009f00
00a600
016301
01fe01
01ba01
00c600
000200
fff6ff
ffcbff
fea5fe
fd7ffd
fd5bfd
fd65fd
fd0efd
fd0efd
fd7bfd
fdcafd
fdf9fd
fe25fe
fe45fe
fe42fe
fdddfd
fd3ffd
fcf4fc
fcf7fc
fd2bfd
fdb9fd
fe38fe
fe47fe
fe5dfe
fea5fe
feddfe
ff1bff
ff17ff
fe6cfe
fde5fd
fe48fe
fedefe
ff0dff
ff52ff
ffff00
00e700
021602
036703
043f04
04a404
056505
06ad06
07e907
08c108
090609
08c008
089008
08a308
084c08
07bf07
07c807
080d08
07f907
07cf07
07ab07
077407
074f07
06ec06
05fc05
051c05
04d604
051505
05b005
065c06
06e506
077b07
080c08
086a08
08c208
08bf08
07d407
069906
05eb05
05a005
055605
050205
047e04
03e803
03d203
044b04
04ad04
04b504
04cf04
051905
052c05
050605
04d904
049104
047604
04f604
058505
058e05
059905
05ff05
065006
067e06
06d506
073d07
077f07
079807
079807
077707
070b07
066f06
061106
062f06
069d06
06e206
066c06
055505
044f04
037b03
02a002
020302
01a601
00fe00
ffe5ff
fecafe
fe3dfe
fe8ffe
ff4cff
ff9bff
ff5bff
ff10ff
ff19ff
ff62ff
ffa2ff
ffdbff
002900
004800
004f00
00e600
01cf01
023302
023902
026e02
02c102
030303
02f102
024002
015801
00b200
ffcdff
fe3efe
fcbdfc
fc1ffc
fc24fc
fbd6fb
fabcfa
f973f9
f8d2f8
f8dff8
f917f9
f93ef9
f960f9
f95bf9
f92ef9
f979f9
faa4fa
fc1efc
fd58fd
fe35fe
fe74fe
fe49fe
fe84fe
ff17ff
ff5dff
ff56ff
fef0fe
fdf0fd
fd03fd
fca7fc
fc60fc
fc1ffc
fc3bfc
fc34fc
fbabfb
fb2ffb
fb2ffb
fb57fb
fb16fb
fa6cfa
fa2ffa
faf3fa
fbeffb
fc3dfc
fc4afc
fcdcfc
fdacfd
fe0efe
fe18fe
fe36fe
fe6afe
fe89fe
fe72fe
fdeafd
fd0dfd
fc61fc
fbeffb
fb66fb
fad0fa
fa19fa
f915f9
f824f8
f790f7
f72bf7
f721f7
f77bf7
f76ff7
f6b7f6
f61df6
f5faf5
f616f6
f695f6
f753f7
f7b2f7
f7e3f7
f8a9f8
f9b5f9
fa3efa
fa8efa
fb23fb
fb7afb
fb2afb
faa6fa
fa66fa
fa91fa
fb21fb
fbc8fb
fc7cfc
fd83fd
feaefe
ffb9ff
00da00
01e601
028202
031d03
03ea03
046c04
04fe04
062206
06f806
070c07
076b07
083808
086008
085f08
098c09
0afe0a
0ae40a
09e309
09bc09
0a550a
0ab10a
0a860a
09b309
08a208
085a08
089108
083008
079507
075207
06dc06
064b06
062e06
05cf05
04ab04
039803
02f502
025102
01b901
017301
015501
013301
013d01
01b601
027602
031003
038a03
03ef03
03e203
03d503
04c504
060706
065106
064306
06cd06
073407
071207
073007
077607
073d07
071b07
078407
079407
070407
06b406
06d406
06e906
06da06
06ad06
067d06
067a06
065b06
05fd05
060806
065f06
05ff05
052905
04f804
053c05
051b05
048a04
03e403
035e03
031803
030c03
02fc02
02b802
026a02
024a02
01f001
012601
00c100
00fe00
00e100
004800
001800
006800
00c800
011701
012701
00ff00
00d900
007a00
fff6ff
ffdcff
ffd4ff
ff31ff
fe2ffe
fcfbfc
fb8efb
fa99fa
fa55fa
f9f3f9
f975f9
f976f9
f960f9
f8c2f8
f8b4f8
f996f9
fa20fa
fa1bfa
fa9cfa
fb50fb
fb43fb
fb54fb
fc61fc
fd59fd
fd7efd
fda5fd
fe4bfe
ff09ff
ff51ff
fed5fe
fe3ffe
fea5fe
ff91ff
ffa8ff
fefffe
fe90fe
fe82fe
fe60fe
fdfcfd
fd89fd
fd38fd
fd2afd
fd7ffd
fe04fe
fe37fe
fe30fe
fe84fe
ff34ff
ffeaff
008200
00b700
007f00
005100
004100
fffbff
ff83ff
ff01ff
fe9afe
fe7afe
fe36fe
fd4bfd
fc47fc
fbf0fb
fc01fc
fbc8fb
fb0ffb
fa35fa
f9d2f9
f9fcf9
fa19fa
f9b8f9
f92ff9
f927f9
f9baf9
fa68fa
faf0fa
fb74fb
fbcbfb
fbd3fb
fbfbfb
fca2fc
fd77fd
fdb7fd
fd22fd
fc8dfc
fca4fc
fcd5fc
fcdefc
fd91fd
fedefe
ffaeff
ffe9ff
007900
01c801
036903
04b304
056405
05ac05
05c405
061406
06fa06
084e08
09da09
0b5b0b
0bff0b
0bd40b
0c340c
0d460d
0de60d
0de60d
0dae0d
0d360d
0ca90c
0c450c
0c030c
0bfc0b
0bf10b
0b650b
0aac0a
0a500a
0a240a
09c409
08fe08
07ff08
073707
068006
05c705
058f05
053405
03bd03
028302
02f802
03ee03
046304
04fd04
05c305
063006
067706
06d406
073807
079607
07a607
074707
06cb06
066a06
066806
06f506
076f07
073907
06f306
074807
079407
070607
062e06
05fe05
061306
059c05
04ef04
04a004
049404
04de04
05b105
067d06
06ab06
06a106
06fa06
077007
076207
06e906
065206
054205
03c403
02ce02
027f02
01f101
00cf00
ff67ff
fe42fe
fdf9fd
fe20fe
fda3fd
fcbbfc
fc35fc
fbd6fb
fb27fb
fa5efa
f9f9f9
fa03fa
f9faf9
f9e8f9
fa79fa
fb5dfb
fc09fc
fcf3fc
fdf3fd
fe85fe
ff3bff
ffbbff
ff16ff
fe88fe
fe5ffe
fcf9fc
fbc8fb
fc6bfc
fbe1fb
f954f9
f82bf8
f790f7
f514f5
f41bf4
f6c4f6
f8c6f8
f7f0f7
f6edf6
f74ef7
f898f8
f98ef9
f8baf8
f7c0f7
f987f9
fbf1fb
fc13fc
fcc7fc
ff95ff
006000
ff0fff
fff8ff
018e01
005a00
ff08ff
ff20ff
fdfdfd
fd0bfd
fe7bfe
fed3fe
fd05fd
fcb8fc
fcfefc
fb39fb
fa33fa
fb5dfb
fb9dfb
fae2fa
fb66fb
fc37fc
fc7dfc
fd70fd
fe67fe
fe15fe
fdf5fd
ff0bff
ffb7ff
ffa4ff
003d00
00d000
002300
ffa4ff
001900
ffc1ff
fe77fe
fdbcfd
fd12fd
fbbefb
fabbfa
fa38fa
f98af9
f906f9
f8ebf8
f8daf8
f8d6f8
f8d5f8
f8c3f8
f91ef9
f9dff9
fa76fa
fb0cfb
fbd6fb
fc4ffc
fc6afc
fcccfc
fd9efd
fe4dfe
fe97fe
fefdfe
ffa9ff
003900
00fa00
024102
034e03
03c303
043604
049f04
04b404
04da04
054705
05dd05
069106
072d07
07a407
081108
085808
08d508
09c309
0a320a
0a010a
0a500a
0adb0a
0ab40a
0a4c0a
0a100a
09f909
0a450a
0a7a0a
0a0f0a
09d509
0a380a
0a7c0a
0a540a
09c409
08ea08
085508
07cb07
06a306
056705
048d04
03b503
032903
032603
032203
035103
041904
04d604
053805
059b05
05ea05
061d06
067906
06b706
067806
05fa05
05b905
05f305
069606
075c07
080908
087208
08a708
08d408
08d708
088f08
083a08
07fc07
07df07
07d907
078307
06ff06
072d07
07e407
082408
07fb07
07fd07
081208
080808
07f607
07d907
077a07
069e06
058605
049204
038403
025302
018c01
012901
00e400
00cf00
007d00
ffc8ff
ff83ff
ffafff
ffaaff
ffaaff
ff7fff
fea5fe
fe0dfe
fe74fe
ff0fff
ff90ff
004300
00ec00
01a201
02bd02
03cd03
044004
03f003
034103
030703
031c03
028002
016c01
00a800
000100
ff4cff
fec2fe
fe5bfe
fe46fe
fe83fe
fe69fe
fde5fd
fda0fd
fdc6fd
fe12fe
fe1bfe
fdcbfd
fdcbfd
fe47fe
fe9afe
ff02ff
001600
014b01
022f02
02e702
031f03
02d502
02af02
02ad02
023d02
013901
000b00
ff6eff
ff68ff
ff22ff
feb0fe
fef9fe
ff8eff
ff80ff
ff54ff
ffbaff
002100
000e00
000000
003600
002d00
ffcfff
ffb5ff
001d00
00eb00
020102
02cc02
02e802
02e002
031303
033403
030f03
026a02
012d01
ffeaff
fee6fe
fe01fe
fd97fd
fd7ffd
fcf3fc
fc52fc
fc1afc
fba4fb
fb04fb
faf9fa
faf4fa
fa6afa
fa14fa
fa21fa
fa01fa
f9d5f9
fa28fa
fafafa
fbacfb
fbcafb
fbc9fb
fc46fc
fd07fd
fd9dfd
fdd8fd
fd8bfd
fd01fd
fcd1fc
fccefc
fc8bfc
fc66fc
fccdfc
fd56fd
fd7afd
fd9afd
fe50fe
ff53ff
003000
010701
019a01
01bd01
022e02
02e502
02ec02
02bd02
034303
03d203
041604
04b504
054605
053205
053005
05a405
05f305
05b705
051105
045804
03b003
02d202
01ba01
00ce00
003300
ffdcff
ff85ff
feb5fe
fdfdfd
fe7ffe
ffa9ff
002300
002a00
008100
010901
019601
023902
02a702
029d02
027a02
02d502
03bc03
049b04
050d05
056005
05eb05
066c06
068f06
068106
068e06
067f06
05ff05
053005
046204
03dd03
03de03
040e04
03ea03
03cc03
041804
046104
049a04
056205
068306
071507
06fb06
06fb06
077e07
07e907
07a507
071807
06a906
061d06
057605
04db04
043604
03d603
03eb03
03ba03
030103
026902
01ff01
017101
00f200
009100
000100
ff5bff
ff09ff
ff6aff
005800
011101
016701
021f02
035803
046504
052705
05df05
067106
06b806
06c606
06a006
063406
058205
04cd04
047204
046404
043a04
03b103
02d102
01e301
015e01
015701
013501
006500
ff41ff
fe98fe
fe7afe
fe6cfe
fe79fe
fee1fe
ff6fff
001f00
012201
01fe01
023302
025502
030303
03a203
035103
026f02
01dc01
018901
00fe00
008000
005d00
001c00
ff72ff
feddfe
fed4fe
ff07ff
fecafe
fe0ffe
fd73fd
fd34fd
fcf8fc
fca6fc
fc74fc
fc99fc
fd51fd
fe56fe
fef6fe
ff49ff
000400
012101
01ef01
020102
017001
00a300
ffdeff
ff33ff
fec1fe
fe47fe
fd45fd
fc1cfc
fba9fb
fbd3fb
fbe0fb
fb87fb
faf8fa
fa82fa
fa10fa
f946f9
f85af8
f7acf7
f70bf7
f690f6
f6aef6
f70cf7
f727f7
f774f7
f873f8
f9c5f9
fab1fa
fae6fa
faf2fa
fb80fb
fc2bfc
fc50fc
fc2efc
fc23fc
fc35fc
fc9cfc
fd72fd
fe4ffe
fed7fe
ff2bff
ffc6ff
00e900
01f201
023b02
024d02
02c702
033303
033103
032603
034403
037803
03f103
04ae04
053905
056e05
059205
05b505
05be05
059905
052105
048f04
046404
046404
03eb03
034603
034503
03e503
047b04
048d04
044504
045004
050305
05ed05
068206
069806
065206
060e06
060906
061c06
060e06
05d005
057d05
056205
057e05
057e05
058805
05fe05
06b806
073b07
073607
06bd06
068c06
071307
07a807
07dc07
084008
090309
098209
099909
09df09
0ab00a
0bb00b
0c590c
0cbd0c
0d250d
0d6d0d
0d680d
0d490d
0d380d
0d250d
0ce50c
0c640c
0be30b
0ba30b
0b550b
0a8c0a
096d09
08a508
08a708
08e308
088808
07e107
077f07
071007
067d06
065d06
069e06
06d306
072407
078b07
07bf07
080608
08ad08
096809
09d609
09ce09
098a09
098409
09b809
099609
08f408
082b08
078507
06e306
05dd05
047c04
036903
02cd02
021002
010d01
001900
ff2eff
fe38fe
fd9ffd
fd9efd
fdc4fd
fdb5fd
fdb8fd
fe15fe
fe6dfe
fe45fe
fdcefd
fdacfd
fe1efe
fe99fe
fe70fe
fdcafd
fd50fd
fd17fd
fcbcfc
fc34fc
fbc1fb
fb87fb
fb55fb
faadfa
f96df9
f838f8
f7a2f7
f77ff7
f762f7
f725f7
f6e8f6
f6f4f6
f77cf7
f853f8
f8eef8
f901f9
f901f9
f98df9
fa74fa
fb25fb
fb96fb
fc01fc
fc5cfc
fc9bfc
fcd2fc
fcdbfc
fc7afc
fbf4fb
fbb5fb
fb81fb
faccfa
f9b9f9
f8c4f8
f7eff7
f70bf7
f63af6
f595f5
f4ebf4
f417f4
f345f3
f2c4f2
f2a3f2
f2c2f2
f327f3
f3c9f3
f450f4
f4a3f4
f525f5
f5f4f5
f6bdf6
f759f7
f7f9f7
f8aff8
f960f9
fa03fa
faa6fa
fb32fb
fb99fb
fc2dfc
fd22fd
fe0bfe
fe79fe
fe99fe
fecafe
ff15ff
ff58ff
ff8dff
ffa7ff
ffa0ff
ffb0ff
003600
011c01
01e601
028502
036d03
04ac04
05bc05
065106
06a606
06f806
072b07
073007
073c07
074f07
070b07
068a06
067306
06e306
075507
078f07
079f07
078707
078007
07a307
077c07
06d306
063006
05e505
057b05
04c004
044d04
048904
04f704
051c05
054705
05ce05
066106
06ab06
06d806
071d07
076507
079807
07ce07
081908
086b08
08aa08
08dd08
094409
0a110a
0b140b
0bcc0b
0bee0b
0bdc0b
0c330c
0d0f0d
0e080e
0e860e
0e3f0e
0db00d
0d830d
0d7e0d
0d270d
0ce00c
0d000c
0d110d
0cd70c
0ca60c
0c8e0c
0c740c
0c600c
0c190c
0b680b
0a810a
09aa09
090b09
08be08
088b08
080608
073707
06a106
068a06
06b406
06db06
06fc06
06fd06
06ad06
062e06
05d005
059c05
055705
04d004
042704
03d303
040103
045304
048e04
04c604
04e904
04e404
04d904
04c004
044504
034903
021602
010c01
003100
ff5eff
febcfe
fe8efe
fea4fe
fea9fe
fea3fe
fe9ffe
fe76fe
fe2efe
fdebfd
fd8cfd
fcf4fc
fc6efc
fc30fc
fc07fc
fbd9fb
fbf9fb
fc89fc
fd41fd
fde9fd
fe82fe
fefcfe
ff2bff
fedefe
fdf8fd
fcbffc
fbc6fb
fb45fb
fafcfa
fabffa
fa8bfa
fa53fa
fa44fa
fa9efa
fb2bfb
fb89fb
fbd0fb
fc2cfc
fc5ffc
fc42fc
fc0ffc
fbd9fb
fb84fb
fb46fb
fb66fb
fba3fb
fbaafb
fbbefb
fc24fc
fc7afc
fc60fc
fc0efc
fbcffb
fba9fb
fb96fb
fb80fb
fb32fb
fa85fa
f995f9
f8dbf8
f8c7f8
f918f9
f922f9
f8cef8
f89af8
f8bdf8
f924f9
f9d1f9
fa95fa
fb00fa
fb0ffb
fb55fb
fc0ffc
fccbfc
fd33fd
fd7dfd
fdfdfd
fee9fe
006300
022502
037f03
043104
04b904
05bb05
074107
088208
08c108
085608
082108
085508
08d008
09a009
0a7b0a
0ae50a
0af80a
0b0b0b
0b5a0b
0c500c
0dcb0d
0e960e
0e100e
0d250d
0c9a0c
0c140c
0b680b
0b1a0b
0b3c0b
0b320b
0ad80a
0abf0a
0b250b
0b9d0b
0be00b
0c220c
0c610c
0c290c
0b440b
0a260a
094609
088208
07aa07
071a07
072807
076e07
075e07
06fc06
06c306
071507
079207
076c07
06d506
06c606
071b07
06f306
068d06
06b606
073c07
079c07
080e08
08fc08
0a3f0a
0b3a0b
0b880b
0b960b
0bef0b
0c350c
0bd30b
0b1a0b
0aa60a
0a650a
09f109
095209
08d408
088708
085e08
088408
08ec08
090f09
08a908
081108
078a07
06f106
061406
04ec04
03c403
02f702
025302
017401
009000
000b00
ffdcff
ffebff
003000
006700
006c00
006600
004600
fff4ff
ffaeff
ff94ff
ff66ff
ff1aff
fef7fe
fef5fe
feebfe
ff21ff
ffc5ff
005000
006200
005c00
006400
ffebff
feb0fe
fd37fd
fc18fc
fb74fb
faf2fa
fa43fa
f9bcf9
f9f9f9
facefa
fb7efb
fbb1fb
fb94fb
fb82fb
fbc6fb
fc47fc
fc95fc
fc78fc
fc0dfc
fb9dfb
fb89fb
fbebfb
fc63fc
fca5fc
fcd5fc
fd0dfd
fd23fd
fd17fd
fd10fd
fcd7fc
fc13fc
faf6fa
fa1bfa
f9b5f9
f96cf9
f8f5f8
f878f8
f856f8
f895f8
f8d5f8
f8fef8
f97bf9
fa71fa
fb60fb
fbeefb
fc41fc
fc74fc
fc93fc
fce5fc
fd92fd
fe5dfe
ff22ff
ffe3ff
004400
ffe4ff
ff30ff
fed4fe
feb1fe
fe53fe
fdd7fd
fd72fd
fcdcfc
fbfbfb
fb34fb
fac4fa
fa89fa
fa57fa
fa0efa
f9a8f9
f94ff9
f93af9
f984f9
fa0bfa
fa89fa
fb03fb
fbcdfb
fcdbfc
fdddfd
fed6fe
ffe4ff
00e500
01d601
02e602
041c04
055005
065106
070707
07b407
089d08
096e09
099f09
093b09
08d408
08ea08
096c09
09a609
091f09
084c08
07f607
082708
084808
082108
080b08
081008
07e307
07c907
084d08
091609
099309
0a040a
0aa60a
0aff0b
0ad40a
0aaf0a
0b1a0b
0bf40b
0c950c
0c890c
0c1a0c
0bae0b
0b430b
0ad30a
0a5c0a
099b09
087d08
076807
069a06
060006
059c05
057705
058905
05bb05
05f305
061806
063806
068e06
072907
079507
078c07
07b907
089e08
09a009
0a5a0a
0b420b
0c4b0c
0cd70c
0d030d
0d5e0d
0e0d0e
0ed70e
0f3e0f
0ef90e
0e900e
0e670e
0e060e
0d3a0d
0c880c
0c120c
0b860b
0ac70a
0a020a
097709
091609
086008
076c07
06f506
06e806
067f06
05b305
04fd04
046204
03cb03
035b03
031303
02c802
025d02
01e901
01a001
018801
017c01
017401
016d01
014101
00ea00
008e00
005000
004400
004700
000d00
ff9dff
ff49ff
ff43ff
ff76ff
ffd1ff
004900
00ad00
00ae00
007600
009b00
011201
014901
015701
018f01
019f01
015c01
012d01
012301
012901
016c01
019d01
015b01
012d01
017601
01ae01
01a501
01b901
01cb01
019d01
018401
01c401
021702
020c02
018a01
00fe00
00da00
00e500
009e00
001800
ffc7ff
ffd8ff
000100
fffbff
fffaff
004d00
00ac00
00ba00
00b800
00ec00
012101
011b01
00d600
005b00
ffd8ff
ff8fff
ff8bff
ffabff
ffd8ff
ffe3ff
ffb0ff
ff7aff
ff94ff
ffd9ff
ffc0ff
ff14ff
fe37fe
fd88fd
fd06fd
fca9fc
fc79fc
fc3dfc
fbbefb
fb4bfb
fb6dfb
fc0cfc
fc6dfc
fc40fc
fc10fc
fc35fc
fc4efc
fc12fc
fbcefb
fbd0fb
fc1ffc
fcabfc
fd50fd
fdf8fd
feb5fe
ff93ff
008300
017d01
027202
034f03
03f903
044d04
046504
047e04
046c04
03f803
03ab03
03f603
044104
042c04
044804
04ad04
04c004
049804
04bc04
04d704
047c04
040f04
03ef03
03f503
041004
042e04
042704
045e04
055305
067206
06f506
073b07
07cb07
084408
086608
08a408
08fd08
08e808
086a08
080a08
07e807
07a607
071607
067806
061106
05c905
055505
04b004
042604
03ea03
03ce03
03a503
038903
038d03
038a03
038e03
03fb03
04df04
05cf05
066606
06af06
070807
079b07
083e08
08e808
09aa09
0a2c0a
0a170a
09c209
099709
097f09
095e09
094c09
093c09
090409
089408
07ff08
077b07
072e07
06f506
069806
060b06
057d05
053705
054a05
057605
059505
058a05
050e05
044304
03af03
035603
02eb02
029502
027a02
024d02
01f201
01a901
01a801
020202
028a02
02d202
02bd02
029a02
029d02
02ca02
032003
034f03
02f702
026002
023502
027402
028d02
028202
02d202
035e03
038a03
033d03
02e502
02bb02
029f02
025202
01e901
01de01
020602
01a201
00f700
010501
019301
01b401
017601
014801
012d01
014001
018301
019f01
019301
017901
011f01
00bb00
00e400
015201
014201
00b500
002e00
ffd3ff
ff86ff
ff45ff
ff13ff
fea4fe
fdb2fd
fcb5fc
fc66fc
fcaafc
fcfafc
fd38fd
fd47fd
fcf4fc
fc80fc
fc2dfc
fbc4fb
fb4dfb
fb28fb
fb4bfb
fb4efb
fb1bfb
fb13fb
fb8ffb
fc78fc
fd66fd
fe0ffe
fe5dfe
fe63fe
fe5bfe
fe73fe
fea1fe
fed5fe
fef4fe
feccfe
fe86fe
fe82fe
febdfe
ff06ff
ff4eff
ff6fff
ff5cff
ff66ff
ff93ff
ff81ff
ff45ff
ff6aff
ffefff
003f00
005900
00f800
025e02
03e303
051d05
065d06
07b607
08ca08
096509
09a109
09d109
0a280a
0a480a
09d409
092709
089408
081d08
083b08
090409
095d09
08cb08
081f08
07af07
075707
076c07
07ac07
074f07
06c706
06df06
072b07
078207
089308
09f109
0a840a
0ac70a
0bc70b
0d120d
0dbf0d
0de10d
0dc90d
0d650d
0cd20c
0c6d0c
0c520c
0c450c
0bc10b
0a800a
093409
08e508
096d09
09c809
09a109
095409
091709
08f308
08e308
08e608
092209
097909
094d09
08b808
08bd08
099709
0a800a
0b3f0b
0c240c
0d020d
0d9a0d
0e2d0e
0ed00e
0f340f
0f3a0f
0f020f
0e950e
0df60d
0d5c0d
0ce00c
0c5e0c
0be10b
0ba60b
0b7d0b
0afe0a
0a710a
0a7d0a
0b0e0b
0b750b
0b490b
0a9a0a
09b609
090809
08a808
083a08
079107
06fd06
06c806
06bc06
067d06
061d06
060206
064206
066e06
062906
059305
050d05
04c604
049f04
046004
03e403
032d03
026602
01cc01
018c01
01a501
01e201
01fa01
01c701
017801
016e01
01b501
01df01
019101
010a01
00a700
005300
ffedff
ffc2ff
001600
008900
008800
002000
ffeeff
004000
00b900
00df00
009300
fff5ff
ff4cff
fef5fe
fef0fe
fec3fe
fe3dfe
fdccfd
fdadfd
fd8dfd
fd3ffd
fd23fd
fd64fd
fd92fd
fd45fd
fcb4fc
fc3dfc
fbe8fb
fb90fb
fb34fb
faeffa
fad9fa
faecfa
fb19fb
fb5afb
fb90fb
fb9efb
fbabfb
fbdbfb
fbf8fb
fbe3fb
fbd5fb
fbdafb
fbd5fb
fbedfb
fc31fc
fc54fc
fc45fc
fc56fc
fcb0fc
fd26fd
fd6ffd
fd62fd
fd34fd
fd23fd
fd01fd
fca2fc
fc4efc
fc2dfc
fbeffb
fb73fb
fb05fb
fad8fa
fadbfa
faebfa
fae4fa
fab5fa
fa81fa
fa80fa
fac0fa
fb1cfb
fb67fb
fb97fb
fbcdfb
fc39fc
fcdffc
fda2fd
fe73fe
ff3fff
ffdcff
003e00
007b00
00c200
015401
022b02
02b902
02aa02
025602
020001
01c001
01fd01
02c902
036b03
038003
035d03
034f03
03a703
049d04
05a505
061906
063006
063e06
065306
06de06
081908
094709
09ee09
0a840a
0b560b
0c250c
0cc40c
0d190d
0d360d
0d760d
0dbe0d
0d4b0d
0c0c0c
0b070b
0acf0a
0abb0a
0a180a
092509
087c08
084b08
086208
089708
08cd08
08cc08
086e08
07d907
072507
063f06
058a05
05a405
062d06
061906
057605
054305
05e005
06f506
082008
08e808
090b09
08dc08
089e08
084308
07d507
073807
060f06
04a804
03cc03
038603
037703
03bd03
045004
04a504
048b04
045904
044004
043504
042104
03cb03
02fc02
01d801
00b100
ffceff
ff74ff
ffadff
000900
002a00
004b00
00a700
00e600
00cd00
00ad00
00a200
004900
ff9dff
ff1eff
fef8fe
fecbfe
fe4cfe
fdbdfd
fda1fd
fdf4fd
fe20fe
fdf7fd
fdf5fd
fe4efe
fe99fe
fe96fe
fe5ffe
fe03fe
fd9dfd
fd75fd
fd79fd
fd36fd
fca9fc
fc65fc
fccafc
fd9efd
fe68fe
fedffe
ff20ff
ff82ff
fffeff
002700
fffcff
fff6ff
001800
ffdaff
ff12ff
fe2afe
fdb0fd
fddefd
fe4dfe
fe75fe
fe71fe
fe96fe
fea3fe
fe72fe
fe7cfe
feccfe
feb4fe
fe22fe
fdc7fd
fdc9fd
fdaffd
fd76fd
fd7ffd
fdcdfd
fe1dfe
fe6cfe
fee1fe
ff69ff
ffbcff
ffbeff
ff9cff
ff78ff
ff42ff
ff14ff
ff27ff
ff64ff
ff74ff
ff74ff
ffe2ff
00d600
01ce01
024802
025202
026102
029a02
02b002
028402
025102
021602
01a001
012001
00f600
010c01
011601
011301
012801
017a01
021202
029802
02a502
027502
02a402
033c03
03b603
03e203
040504
044e04
04a604
04f704
055f05
05ff05
06c106
078107
083208
08b408
08da08
08cc08
08d808
08ed08
08cd08
087708
081208
07ca07
07e007
084808
089308
089d08
08bd08
091609
099609
0a500a
0b1e0b
0b820b
0b830b
0bc40b
0c780c
0d220d
0d560d
0d3d0d
0d590d
0ded0d
0ea00e
0f090f
0f440f
0f8c0f
0f8f0f
0edb0e
0d980d
0c490c
0b320b
0a3b0a
094f09
087808
07a607
06b406
05e505
05c305
063b06
068606
064306
05cf05
057a05
052b05
04ca04
047304
045004
047304
04af04
04d404
050d05
05ab05
069a06
076a07
07be07
077507
06ca06
062306
059b05
050005
044b04
037703
027902
01a401
016801
019901
01c901
01f301
021302
01df01
015501
00bf00
004400
fffeff
ffe7ff
ff96ff
feeafe
fe73fe
fe72fe
fe71fe
fe65fe
fec6fe
ff79ff
fff7ff
001d00
fff1ff
ff79ff
ff2eff
ff7aff
ffd4ff
ff8bff
fed1fe
fe15fe
fd5dfd
fcd1fc
fcc6fc
fcfefc
fd14fd
fd1dfd
fd29fd
fce7fc
fc74fc
fc65fc
fccdfc
fd19fd
fd00fd
fcb6fc
fc70fc
fc43fc
fc5bfc
fcb7fc
fd06fd
fd28fd
fd67fd
fdf2fd
feb1fe
ff8dff
005000
009400
005b00
003500
005700
003800
ff82ff
febdfe
fe8cfe
fed3fe
ff19ff
ff3cff
ff68ff
ffb7ff
002000
007700
008200
005100
001c00
ffc8ff
ff36ff
febafe
fea8fe
fedafe
ff34ff
ffd8ff
009900
011801
016401
01d501
024b02
025f02
020502
019001
013001
00f500
00f600
012801
014801
014501
018401
025202
034e03
03d403
03dc03
03d103
03b303
033b03
028c02
020902
01c601
018e01
012e01
00c700
00d800
018401
021902
021a02
01f301
020a02
023f02
028102
02c702
02bf02
026102
021202
01f801
020102
024902
02c402
032103
035a03
039b03
03ce03
03d603
03d503
03d503
03ba03
037e03
031103
025a02
01b601
01b001
022702
027d02
029702
02d102
034903
03c303
040b04
043d04
04a704
054605
05ac05
05b405
05b505
05d205
05e405
05f105
061506
065606
06b406
070607
070e07
06e306
06c206
069906
065506
061006
05b305
051c05
048a04
043804
03f203
038f03
035803
038a03
03e803
041604
041904
043904
046104
043c04
03e303
03db03
042a04
043204
03cb03
03a303
040504
044d04
041704
03e903
042a04
047a04
045a04
03d303
034203
02e202
02a502
026102
020202
018c01
013401
013101
014a01
012801
00ec00
00dd00
00df00
00ca00
009500
003b00
fffaff
001c00
003d00
ffb5ff
fecefe
fe70fe
feaffe
feb7fe
fe24fe
fd9cfd
fdbcfd
fe30fe
fe69fe
fe86fe
fed1fe
fefffe
fec8fe
fe9afe
fee2fe
ff48ff
ff47ff
ff05ff
fefcfe
ff32ff
ff66ff
ff87ff
ffb6ff
001400
009c00
010f01
014901
017601
01a901
01ae01
019901
01a801
01bc01
01be01
020702
02c502
038803
03e703
041904
048f04
053505
059605
058a05
054e05
050705
04c304
049c04
049404
049804
04a104
048b04
044a04
044d04
04ef04
05aa05
05ae05
050405
045504
03ed03
038803
02ec02
024302
01d401
01be01
01f401
025502
02bd02
031303
033403
032003
032203
035403
035703
02e702
023d02
01a401
013c01
010a01
00ee00
00f000
015801
021802
028e02
025802
01d901
01a001
01b901
01b301
013501
005700
ff6dff
fecafe
fea2fe
fed4fe
ff0bff
ff32ff
ff86ff
002600
00b900
00cc00
008000
006a00
009b00
007a00
ffceff
ff12ff
febdfe
fed8fe
ff1eff
ff56ff
ffa6ff
004600
00fa00
016301
017f01
017701
015b01
013d01
012501
010401
00db00
00a200
004400
fff6ff
000800
006300
00a800
00b700
00b300
00ab00
009800
00a100
00ff00
018401
01be01
018f01
015801
017701
01ea01
026c02
02e302
036c03
03dd03
03dc03
039003
036f03
038203
036603
02e902
024202
01e801
01f501
020102
01d301
01a601
017b01
012401
00d700
00cb00
00c500
009100
004f00
001500
ffcbff
ff6cff
ff2aff
ff52ff
ffd0ff
001500
ffe6ff
ffc9ff
002e00
00cd00
013e01
018901
01c001
01c101
01af01
01db01
021502
01dd01
015401
012301
016f01
01ab01
015c01
00b200
004200
002200
ffe0ff
ff6cff
ff35ff
ff3eff
ff21ff
fecafe
fe6efe
fe34fe
fe23fe
fe19fe
fe11fe
fe53fe
fec8fe
fee7fe
febffe
fefffe
ffb1ff
004200
009300
00e500
011c01
00fa00
00c600
00e500
012101
00fe00
009900
007000
008f00
00a200
009500
009b00
00ba00
00b900
008c00
008200
00b900
00dc00
00c400
00aa00
00bf00
011401
01a501
021e02
023b02
024a02
02a702
032403
036403
035403
031903
02d702
028502
020702
017101
00e900
007a00
003100
000d00
ffeaff
ffc3ff
ffbdff
ffccff
ffc4ff
ffb3ff
ffb0ff
ff9dff
ff51ff
feebfe
fed4fe
ff31ff
ff9bff
ffbeff
ffccff
000a00
006d00
00d800
014501
018f01
017e01
010f01
009900
005f00
003200
ffdeff
ff8eff
ff86ff
ffd7ff
005000
008a00
007400
009200
010c01
014401
00f500
009700
006000
fffdff
ff69ff
ff0dff
ff0fff
ff28ff
ff35ff
ff6fff
ffdeff
003500
007e00
010c01
019701
017001
00ad00
002500
003e00
008000
005100
ffc0ff
ff4eff
ff3cff
ff6fff
ffb6ff
ffe8ff
001900
007400
00ae00
004700
ff79ff
fefbfe
fefffe
ff0dff
fecefe
fe78fe
fe5ffe
fe69fe
fe67fe
fe8ffe
fef9fe
ff49ff
ff69ff
ffb6ff
003000
006700
004300
002b00
006000
00aa00
00b700
009b00
00b000
010d01
018f01
021902
026f02
026202
024902
029702
031803
033903
02da02
024d02
01dd01
01a801
01a701
01af01
01ac01
01c201
020d02
027102
02c002
02e302
02da02
02e302
034303
03aa03
036e03
029c02
020502
021202
024d02
023702
01fd01
020e02
026402
028402
024d02
023402
027802
02b402
027a02
01da01
014801
011801
010c01
009b00
ffc1ff
ff20ff
ff22ff
ff63ff
ff5bff
ff33ff
ff64ff
ffc0ff
ffc2ff
ff7bff
ff5fff
ff7cff
ff86ff
ff4dff
feebfe
fea3fe
fe7ffe
fe5dfe
fe64fe
fea1fe
febffe
feb4fe
fee4fe
ff40ff
ff64ff
ff68ff
ff86ff
ff90ff
ff56ff
ff08ff
feeafe
ff0aff
ff2bff
ff12ff
fed6fe
fec2fe
feeffe
ff2bff
ff40ff
ff43ff
ff79ff
ffc2ff
ffb3ff
ff27ff
fe7afe
fe27fe
fe49fe
fe68fe
fe13fe
fd77fd
fd01fd
fcc8fc
fcb9fc
fcc8fc
fcd3fc
fcb8fc
fc77fc
fc31fc
fc28fc
fc64fc
fc7cfc
fc47fc
fc23fc
fc45fc
fc6bfc
fc70fc
fc68fc
fc6afc
fc9efc
fd11fd
fd6cfd
fd61fd
fd2cfd
fd2bfd
fd5bfd
fd7efd
fd6efd
fd36fd
fcfdfc
fce4fc
fcedfc
fcfcfc
fceffc
fcb6fc
fc6bfc
fc40fc
fc47fc
fc68fc
fca2fc
fd0bfd
fd71fd
fd91fd
fd8cfd
fda0fd
fdbdfd
fdcdfd
fdcffd
fd97fd
fd22fd
fcc5fc
fca9fc
fca8fc
fca0fc
fc85fc
fc6ffc
fc88fc
fc9efc
fc6dfc
fc44fc
fc65fc
fc68fc
fc0cfc
fbc3fb
fbedfb
fc5afc
fc9dfc
fc78fc
fc31fc
fc4dfc
fce4fc
fd7cfd
fda2fd
fd78fd
fd7efd
fdcefd
fe14fe
fe37fe
fe64fe
fe8afe
fe9afe
fec4fe
ff10ff
ff39ff
ff12ff
fec9fe
fed2fe
ff65ff
fff5ff
ffdeff
ff6bff
ff77ff
002900
00be00
00a900
007900
00eb00
019e01
01d001
01a901
01a701
01bf01
01d401
01fb01
022502
022402
01f501
01de01
023b02
02f002
036503
036d03
036e03
038b03
039003
037f03
037903
036003
030803
029b02
026902
026202
023702
01f401
01e001
01df01
019501
010b01
009f00
007f00
006e00
001f00
ff9eff
ff2dff
fedefe
fea5fe
fe7bfe
fe4cfe
fe18fe
fdfbfd
fdeefd
fdf6fd
fe40fe
fe96fe
fe76fe
fe13fe
fe25fe
fe98fe
feb7fe
fe67fe
fe2afe
fe3cfe
fe5dfe
fe42fe
fdeffd
fdabfd
fdadfd
fdebfd
fe33fe
fe5cfe
fe53fe
fe2dfe
fe24fe
fe5dfe
fea8fe
febefe
feaefe
feb2fe
fec7fe
fecdfe
fee4fe
ff40ff
ffc9ff
001d00
000600
ffd1ff
ffe7ff
004900
00a800
00c300
008d00
003a00
000d00
ffedff
ffa1ff
ff57ff
ff4fff
ff47ff
feebfe
fe76fe
fe41fe
fe25fe
fdd8fd
fd64fd
fd04fd
fcc9fc
fc93fc
fc44fc
fbfefb
fbf1fb
fbe9fb
fba3fb
fb79fb
fbe4fb
fc8dfc
fcd9fc
fccdfc
fcd3fc
fd11fd
fd6cfd
fdb5fd
fdcdfd
fdc2fd
fdbcfd
fdddfd
fe25fe
fe56fe
fe45fe
fe21fe
fe2cfe
fe53fe
fe7cfe
fec6fe
ff35ff
ff88ff
ff9eff
ffa2ff
ffb4ff
ffd6ff
000800
002a00
000c00
ffdfff
ffeaff
000c00
002500
006700
00c500
010101
014501
01b701
01f701
01af01
011c01
00bb00
00b000
009f00
003400
ffabff
ff6cff
ff68ff
ff5aff
ff3aff
ff11ff
feccfe
fe8efe
fe92fe
feacfe
fe7dfe
fe15fe
fdc9fd
fda4fd
fd7bfd
fd57fd
fd6ffd
fdeafd
fe99fe
ff11ff
ff37ff
ff47ff
ff4fff
ff3cff
ff1bff
feeafe
fec0fe
fee3fe
ff3eff
ff59ff
ff28ff
ff09ff
ff31ff
ffa6ff
002600
003f00
fff5ff
ffbaff
ffb2ff
ffbeff
ffcbff
ffc0ff
ffa9ff
ffc3ff
fffaff
ffffff
fff7ff
003c00
008e00
009300
009c00
00ee00
010c01
00a600
005000
008500
00e600
00eb00
009300
003e00
003000
005600
007700
008500
007a00
005000
003100
002200
ffd1ff
ff27ff
fe90fe
fe57fe
fe46fe
fe07fe
fd84fd
fcecfc
fc7bfc
fc53fc
fc65fc
fc8bfc
fcadfc
fcbffc
fca4fc
fc52fc
fc0afc
fc0bfc
fc38fc
fc5efc
fc82fc
fca8fc
fcb6fc
fc9efc
fc89fc
fcb7fc
fd22fd
fd70fd
fd76fd
fd6dfd
fd8bfd
fdc2fd
fde2fd
fdc0fd
fd5cfd
fce5fc
fc98fc
fc91fc
fca6fc
fc77fc
fbf0fb
fba4fb
fbf3fb
fc7afc
fce6fc
fd2cfd
fcf2fc
fc3dfc
fbf2fb
fc3dfc
fc42fc
fbeefb
fbd4fb
fbcefb
fbb6fb
fbd1fb
fbcefb
fb74fb
fb62fb
fba8fb
fb94fb
fb40fb
fb27fb
fb19fb
fafafa
fafafa
fad1fa
fa2afa
f950f9
f8bcf8
f87ff8
f844f8
f7c6f7
f742f7
f72df7
f77ef7
f7bdf7
f7b1f7
f78ef7
f77cf7
f770f7
f786f7
f7d6f7
f812f8
f80df8
f820f8
f868f8
f89ef8
f8c5f8
f918f9
f9a0f9
fa52fa
faf9fa
fb52fb
fb91fb
fc0efc
fc94fc
fcc8fc
fccafc
fcd5fc
fcc4fc
fc7efc
fc62fc
fcbafc
fd1bfd
fd1ffd
fd1efd
fd7afd
fdf7fd
fe3cfe
fe3bfe
fe1ffe
fe13fe
fdedfd
fd89fd
fd30fd
fd11fd
fcf9fc
fce7fc
fcfafc
fd24fd
fd58fd
fd69fd
fd2ffd
fd07fd
fd1cfd
fcd7fc
fc0afc
fb39fb
fa94fa
fa0ffa
f9cef9
f9b5f9
f978f9
f935f9
f929f9
f94ef9
f988f9
f9b3f9
f9b8f9
f9b6f9
f9ccf9
f9bef9
f94ff9
f8def8
f8f2f8
f957f9
f997f9
f9d5f9
fa43fa
fab2fa
fb1bfb
fb92fb
fbe9fb
fc06fc
fc17fc
fc43fc
fc99fc
fcdffc
fcaefc
fc25fc
fbdafb
fc26fc
fcf9fc
fdcffd
fe22fe
fe41fe
fea9fe
ff0eff
ff2cff
ff5cff
ffabff
ffbdff
ff7eff
ff24ff
fef8fe
ff18ff
ff56ff
ff9bff
ffe3ff
ffe6ff
ffb2ff
ffeeff
009f00
00f000
007700
ffb7ff
ff57ff
ff54ff
ff27ff
fec1fe
fea5fe
fee4fe
ff1aff
ff29ff
ff1fff
ff0fff
ff18ff
ff18ff
fee4fe
fec9fe
fef7fe
fefeff
fe98fe
fe1cfe
fde1fd
fdf7fd
fe4efe
feadfe
feccfe
feaafe
fe99fe
fed2fe
ff24ff
ff48ff
ff46ff
ff60ff
ffa8ff
ffdaff
ffb7ff
ff5fff
ff14ff
ff0bff
ff72ff
002500
009400
008500
005600
004f00
005600
005200
003e00
000700
ffb1ff
ff5fff
ff18ff
febcfe
fe5dfe
fe3afe
fe32fe
fdfcfd
fdb7fd
fda4fd
fdbcfd
fdf6fd
fe43fe
fe66fe
fe50fe
fe35fe
fe38fe
fe5cfe
fe79fe
fe51fe
fe03fe
fdd4fd
fdc7fd
fdd2fd
fde9fd
fdcafd
fd96fd
fdaffd
fdc6fd
fd5bfd
fcc0fc
fc63fc
fc12fc
fb8efb
fad5fa
f9ebf9
f911f9
f899f8
f84ff8
f7d0f7
f747f7
f739f7
f7c1f7
f886f8
f924f9
f96bf9
f995f9
f9fbf9
fa80fa
fae3fa
fb30fb
fb53fb
fb19fb
fae6fa
fb3bfb
fbdcfb
fc54fc
fc94fc
fcccfc
fd20fd
fd64fd
fd5bfd
fd3dfd
fd34fd
fcd3fc
fbfefb
fb4bfb
fb13fb
fb10fb
fae8fa
faa0fa
fa8afa
fabdfa
faf6fa
fb2afb
fb80fb
fbf1fb
fc46fc
fc2cfc
fb8dfb
fafafa
fadefa
faf0fa
fafafa
fafafa
fab9fa
fa72fa
fab2fa
fb2efb
fb28fb
fa79fa
f99af9
f914f9
f8d9f8
f866f8
f7b7f7
f724f7
f6a2f6
f64af6
f656f6
f695f6
f6f7f6
f7acf7
f866f8
f8ddf8
f950f9
f9f8f9
fac8fa
fb78fb
fbcbfb
fc18fc
fc85fc
fcaafc
fccdfc
fd54fd
fdaefd
fdf0fd
fea1fe
fecefe
fe0ffe
fdb8fd
fddbfd
fd89fd
fd14fd
fcc9fc
fc75fc
fc6ffc
fc6cfc
fc08fc
fc3afc
fcf4fc
fce8fc
fca3fc
fd05fd
fd27fd
fcfdfc
fd67fd
fdc0fd
fd57fd
fcc5fc
fc67fc
fc42fc
fc73fc
fc91fc
fc68fc
fc76fc
fcb1fc
fca0fc
fc60fc
fc68fc
fcbefc
fccbfc
fc56fc
fc21fc
fc68fc
fc67fc
fc14fc
fbecfb
fbc9fb
fbd2fb
fc47fc
fc72fc
fc3dfc
fc84fc
fd0efd
fd42fd
fd9efd
fe46fe
feabfe
fee2fe
ff20ff
ff1dff
fecdfe
fe8afe
feb2fe
ff44ff
ff95ff
ff4cff
fefafe
ff03ff
ff23ff
ff05ff
fe77fe
fdd5fd
fdbffd
fdd5fd
fd5efd
fca3fc
fc3cfc
fc46fc
fca9fc
fce1fc
fca9fc
fca9fc
fcf0fc
fcc9fc
fc91fc
fccffc
fce0fc
fc8dfc
fc54fc
fc04fc
fb71fb
faf1fa
fa58fa
f995f9
f95ff9
f9c7f9
fa15fa
fa25fa
fa25fa
fa02fa
f9d9f9
f9eff9
fa16fa
f9d5f9
f92ef9
f8a6f8
f856f8
f7cef7
f722f7
f6c5f6
f699f6
f683f6
f6b8f6
f6f5f6
f701f7
f71af7
f715f7
f6e8f6
f708f7
f70ef7
f658f6
f5a5f5
f565f5
f4f0f4
f47cf4
f48af4
f491f4
f489f4
f4faf4
f578f5
f5c7f5
f64cf6
f6adf6
f6bdf6
f71ef7
f763f7
f6edf6
f6c8f6
f77af7
f7e4f7
f7cef7
f806f8
f87cf8
f8f9f8
f9d1f9
fab7fa
fb16fb
fb20fb
fb35fb
fb3efb
fb23fb
fae2fa
fa77fa
fa0ffa
f9d1f9
f9a2f9
f987f9
f9cff9
fa6efa
fad3fa
fae3fa
fb26fb
fbaefb
fbdcfb
fb65fb
faa6fa
fa12fa
f9c3f9
f969f9
f8f5f8
f8f7f8
f965f9
f95bf9
f8f2f8
f901f9
f95af9
f98df9
f9d7f9
f9fbf9
f997f9
f923f9
f8e2f8
f8aef8
f8cbf8
f8fff8
f8a0f8
f82bf8
f87ff8
f96bf9
fa6afa
fb22fb
fb47fb
fb49fb
fba2fb
fbe7fb
fbe6fb
fc1efc
fc7cfc
fc8afc
fc7bfc
fcc4fc
fd60fd
fdfbfd
fe6ffe
fec9fe
ff12ff
ff52ff
ff8cff
ffb3ff
fffaff
006200
002900
ff32ff
feb6fe
fefefe
ff08ff
fee6fe
ff32ff
ff38ff
feacfe
feb5fe
ff7aff
ffb9ff
ff48ff
ff26ff
ff6cff
ff6eff
ff21ff
fef2fe
ff25ff
ffadff
000c00
ffe3ff
ffb8ff
001800
009200
00ad00
00b200
00d700
00cf00
008c00
008200
00d400
00ee00
00b900
00c800
00e200
008900
006300
00b300
00b500
008900
00ae00
00b500
008900
006400
001500
000400
002e00
ff6eff
fe55fe
fe63fe
febbfe
fe69fe
fe45fe
fe3cfe
fdc8fd
fd77fd
fd38fd
fce8fc
fd33fd
fd74fd
fcd2fc
fc34fc
fbe5fb
fb60fb
faf6fa
fa6ffa
f997f9
f9a2f9
fa5dfa
fa3dfa
f98af9
f914f9
f8ccf8
f8ebf8
f8c9f8
f79ef7
f6d6f6
f6fef6
f680f6
f5a4f5
f5abf5
f5d2f5
f59ef5
f5ddf5
f683f6
f705f7
f72df7
f705f7
f72ef7
f7c7f7
f7cdf7
f72ef7
f6e0f6
f6def6
f690f6
f61ff6
f60bf6
f637f6
f60cf6
f5b3f5
f5f0f5
f683f6
f6aaf6
f67bf6
f60cf6
f53df5
f4a2f4
f48ff4
f491f4
f472f4
f433f4
f3e2f3
f3f3f3
f468f4
f4dcf4
f599f5
f676f6
f658f6
f5a8f5
f5fdf5
f6e6f6
f6d4f6
f641f6
f658f6
f695f6
f65bf6
f651f6
f6abf6
f6a2f6
f64df6
f67df6
f70bf7
f745f7
f72bf7
f70df7
f6f3f6
f6b9f6
f635f6
f5c4f5
f5f9f5
f646f6
f5ecf5
f5b6f5
f632f6
f681f6
f69af6
f74df7
f842f8
f8c6f8
f8cff8
f888f8
f868f8
f8c0f8
f91ff9
f90ef9
f877f8
f7aef7
f75df7
f76ff7
f75af7
f740f7
f710f7
f6d4f6
f745f7
f7aaf7
f6e3f6
f652f6
f6f2f6
f741f7
f6b2f6
f667f6
f6f7f6
f7dff7
f83af8
f88cf8
f9eff9
fb24fb
fb1efb
fb43fb
fbbefb
fbd5fb
fc62fc
fcf7fc
fc55fc
fba6fb
fbc7fb
fbd6fb
fbc2fb
fbe7fb
fc28fc
fc4dfc
fc0efc
fc21fc
fd0bfd
fd69fd
fd08fd
fd67fd
fe07fe
fde7fd
fd9afd
fd73fd
fd86fd
fdcafd
fd92fd
fd8ffd
fea7fe
ff76ff
ff4dff
ff88ff
005600
00be00
00b100
010001
01e801
024302
01c501
01d801
023202
01d601
020502
02c102
025202
01cd01
022f02
01a701
018301
054e05
09cc09
081008
026a02
026302
079007
06f806
008b00
010201
07fb07
075307
009400
018101
06bf06
053205
011b01
ffcdff
fda0fd
fc5efc
fd98fd
fb30fb
f80af8
facbfa
fc2efc
f774f7
f48ef4
f5cff5
f69ff6
f56ff5
f2e6f2
f2d6f2
f61cf6
f5cff5
f36ff3
f75cf7
fbe7fb
f91cf9
f5e1f5
f7edf7
fb22fb
fc0dfc
faf1fa
fb78fb
002700
03e703
033a03
023502
027f02
025f02
012901
fdb3fd
fb09fb
fdd0fd
fff8ff
fbabfb
f9f6f9
007200
046a04
ff5fff
f944f9
f8a5f8
fa0efa
f760f7
f17cf1
f0f7f0
f777f7
f9b9f9
f41ff4
f189f1
f52ef5
f770f7
f643f6
f38ef3
f0bff0
f1e2f1
f5d0f5
f65ff6
f585f5
f7dff7
fa3ffa
f976f9
f781f7
f756f7
f93ff9
f960f9
f703f7
f769f7
f98bf9
f89df8
f8c7f8
fc76fc
fca6fc
f850f8
f636f6
f77cf7
f7def7
f599f5
f3a5f3
f4fbf4
f6baf6
f5def5
f58ef5
f6a3f6
f55af5
f354f3
f46bf4
f5c0f5
f45df4
f369f3
f4ebf4
f62bf6
f607f6
f69ef6
f846f8
f906f9
f866f8
f7ddf7
f85af8
f94df9
fa1dfa
fb1dfb
fc07fc
fc13fc
fc0dfc
fcd3fc
fd91fd
fd4cfd
fbd4fb
fac4fa
fbf7fb
fcd5fc
faeefa
f9d8f9
faeafa
faf8fa
faaafa
fae3fa
f98ff9
f855f8
f892f8
f78bf7
f638f6
f692f6
f683f6
f66cf6
f746f7
f65ff6
f4faf4
f6dbf6
f956f9
f8b5f8
f759f7
f8d2f8
fbd2fb
fc73fc
fb72fb
fc7bfc
fe03fe
fdb1fd
fe62fe
005c00
005d00
001800
023e02
044f04
043604
038803
03a503
040604
03ad03
028502
017201
015301
01d301
019d01
009c00
002a00
000700
ff41ff
fe7dfe
fdc8fd
fc98fc
fc02fc
fc8dfc
fd02fd
fcb1fc
fc44fc
fcbbfc
fd75fd
fd1efd
fcf7fc
fdd7fd
fdd3fd
fd7bfd
fe70fe
fef5fe
ff18ff
009c00
010001
ff11ff
fe74fe
ffa5ff
ff92ff
fe48fe
fdfbfd
fee2fe
ff7cff
fef7fe
fdbffd
fce0fc
fda8fd
feb4fe
fca7fc
f9c8f9
fa8cfa
fbeafb
fac2fa
f9cff9
f915f9
f811f8
f98df9
fa9ffa
f7a3f7
f5c7f5
f6f3f6
f62ff6
f4f9f4
f75cf7
f94df9
f6baf6
f3e2f3
f59bf5
f892f8
f7ddf7
f694f6
f787f7
f63ff6
f351f3
f4e6f4
f84cf8
f7fdf7
f69ef6
f655f6
f5f3f5
f6c3f6
f720f7
f3fef3
f29ff2
f65ef6
f7adf7
f4bdf4
f501f5
f749f7
f6b1f6
f753f7
f928f9
f67ff6
f4a8f4
f878f8
f9d3f9
f76df7
f827f8
f8b9f8
f68df6
f787f7
f958f9
f6eef6
f521f5
f577f5
f464f4
f4ddf4
f72af7
f5a8f5
f2acf2
f334f3
f3c8f3
f1d0f1
f098f0
f10cf1
f112f1
efdcef
ee75ee
ef52ef
f263f2
f34af3
f14ef1
f12cf1
f330f3
f347f3
f1caf1
f170f1
f29ff2
f4f7f4
f595f5
f226f2
f144f1
f7d0f7
fbd4fb
f628f6
f121f1
f4f1f4
f9faf9
f87af8
f46ef4
f4e6f4
f853f8
f7aaf7
f3d3f3
f43cf4
f7a0f7
f712f7
f47cf4
f50bf5
f69bf6
f692f6
f6f1f6
f831f8
f8b7f8
f8b9f8
f8a1f8
f812f8
f7a6f7
f7cff7
f854f8
f962f9
f9f9f9
f8def8
f84cf8
f9d5f9
fa58fa
f92df9
f9acf9
fa95fa
f92cf9
f82ff8
f8ebf8
f91bf9
f9def9
fb33fb
f95cf9
f6c9f6
f896f8
fb26fb
f9b7f9
f75af7
f80bf8
fb21fb
fcb9fc
fa5cfa
f90ef9
fddbfd
01c101
fdaffd
f91ff9
fbf4fb
010901
01a401
ff19ff
fdddfd
001900
034e03
030d03
006a00
005300
024402
01ed01
ffdaff
fff7ff
01da01
019501
ff54ff
ff9dff
025a02
025d02
002300
00e800
031d03
021e02
006100
015a01
02de02
033703
031703
027e02
026902
038803
03a803
027902
02ab02
046004
057e05
04d504
026602
008900
015501
022102
004800
fe2dfe
fddbfd
fe2afe
fe78fe
fe4efe
fce2fc
fbd5fb
fc7cfc
fc4bfc
f9ddf9
f88cf8
fa87fa
fccffc
fc25fc
fa04fa
fa39fa
fceffc
fe87fe
fdfbfd
fe2cfe
ff7cff
ffc1ff
ffd7ff
00af00
001900
ff15ff
00e000
022a02
fed5fe
fbb0fb
fd92fd
004600
ff10ff
fc11fc
fb33fb
fc7cfc
fccffc
fa9dfa
f84bf8
f7f0f7
f83ff8
f7e9f7
f773f7
f750f7
f7b5f7
f8b3f8
f980f9
f97ef9
f8faf8
f89ef8
f91df9
f9f3f9
f9c3f9
f961f9
fa8efa
fbf6fb
fbcafb
fb37fb
fb2ffb
fae1fa
fa81fa
fa7cfa
fa06fa
f8fdf8
f7fef7
f766f7
f7def7
f89bf8
f727f7
f459f4
f3bdf3
f4cbf4
f40df4
f1a3f1
f0b7f0
f274f2
f424f4
f2f5f2
f0eff0
f176f1
f29ef2
f1f1f1
f1eff1
f39bf3
f436f4
f3def3
f466f4
f526f5
f619f6
f7c0f7
f82af8
f6d6f6
f63cf6
f6ccf6
f734f7
f7a0f7
f81cf8
f81ef8
f83bf8
f8b0f8
f87af8
f795f7
f714f7
f719f7
f6c4f6
f5cff5
f505f5
f516f5
f5daf5
f6c3f6
f6e2f6
f60bf6
f5fdf5
f729f7
f72af7
f631f6
f6f1f6
f846f8
f80ef8
f7e5f7
f83ff8
f824f8
f97df9
fbb1fb
fafdfa
f9b5f9
fb72fb
fc4efc
faacfa
fb7ffb
fe38fe
fde6fd
fbe7fb
fc8afc
005500
040f04
02f102
fe46fe
fe1bfe
023402
01e601
fefdfe
020302
072a07
057705
fffcff
ff75ff
03ff03
066c06
037103
003000
015e01
034a03
016201
fe60fe
fecefe
01f501
02ea02
fec2fe
fa5bfa
fc5efc
011801
006f00
fcbdfc
fd18fd
000500
001e00
fde2fd
fd7efd
ffa5ff
00b300
fef1fe
fd81fd
fe30fe
ff38ff
003200
00f400
ffcbff
feadfe
004200
00d300
fe1afe
fd54fd
003a00
015301
ff12ff
fdabfd
fec1fe
ffedff
ff41ff
fd76fd
fc41fc
fbecfb
fbcdfb
fbb3fb
fb7cfb
fba2fb
fceefc
fdbcfd
fbf2fb
f9aaf9
fa0cfa
fbf7fb
fc51fc
fab1fa
f9c9f9
fb94fb
fd7ffd
fc56fc
fabffa
fc1cfc
fd30fd
fabbfa
f866f8
fa04fa
fd93fd
ff4eff
fe36fe
fc62fc
fc82fc
fdeefd
fd6ffd
fb34fb
fa9ffa
fb96fb
fb2bfb
fa18fa
fafffa
fc7efc
fc3cfc
fb8efb
fbd5fb
fc06fc
fbc6fb
fb37fb
f9ecf9
f95ff9
faf9fa
fc2efc
faddfa
f97df9
fa31fa
fb74fb
fb66fb
fa3afa
f959f9
f97ef9
f9a5f9
f8eaf8
f82af8
f833f8
f880f8
f817f8
f681f6
f502f5
f58ef5
f725f7
f6d6f6
f4cbf4
f3d9f3
f4aaf4
f4bef4
f271f2
f029f0
f0bbf0
f20ff2
f14cf1
f0b9f0
f211f2
f266f2
f167f1
f1f9f1
f2adf2
f159f1
f0d0f0
f1dcf1
f11df1
ef95ef
f0cdf0
f304f3
f3baf3
f47bf4
f597f5
f575f5
f561f5
f6c7f6
f79df7
f6b9f6
f60af6
f6d7f6
f839f8
f8e9f8
f8baf8
f8d4f8
f9aaf9
f98af9
f80ef8
f7b3f7
f913f9
f9b1f9
f902f9
f8c7f8
f91af9
f902f9
f8c7f8
f906f9
f940f9
f853f8
f69cf6
f68ff6
f887f8
f96ef9
f8e4f8
f9e7f9
fbf1fb
fc31fc
fba6fb
fc34fc
fcbcfc
fc7dfc
fc8bfc
fd33fd
fe10fe
ff13ff
ffecff
006100
00bd00
010401
010201
011a01
01ae01
020c02
015901
002b00
ffbbff
003600
00c800
008400
ff8bff
ff5dff
003400
003f00
ff61ff
ff68ff
001900
000e00
ff9fff
ffb5ff
007a00
017e01
01bb01
015701
01da01
031c03
039c03
034303
029a02
020002
022802
029c02
024602
023902
03a303
04dc04
048d04
041604
047b04
04b504
03d603
022b02
007f00
ff85ff
ff62ff
ff9cff
ffdfff
fffcff
ffc6ff
ffbdff
002900
fffbff
ff15ff
fec4fe
fe6dfe
fd00fd
fc65fc
fd9cfd
fe4cfe
fde5fd
fe1afe
fe85fe
fe3dfe
fdf4fd
fd8cfd
fc9bfc
fc3efc
fc8ffc
fc03fc
fb06fb
fb6bfb
fc93fc
fcb2fc
fc63fc
fcdafc
fce5fc
fb8dfb
fa67fa
faa6fa
fb4bfb
fb46fb
fa93fa
f9faf9
fa77fa
fb9efb
fbeafb
fb5afb
fb45fb
fbacfb
fb38fb
f9fffa
f9c8f9
faa4fa
fa6ffa
f8f8f8
f866f8
f93df9
f9f4f9
f9b9f9
f93bf9
f97ff9
f9f4f9
f939f9
f82af8
f824f8
f828f8
f795f7
f724f7
f6e2f6
f760f7
f8acf8
f880f8
f732f7
f79af7
f82ef8
f6c5f6
f5e3f5
f686f6
f687f6
f60af6
f600f5
f63df6
f739f7
f85af8
f86cf8
f82cf8
f7eaf7
f739f7
f70bf7
f6fff7
f5d9f5
f50af5
f576f5
f558f5
f470f4
f41bf4
f492f4
f4dbf4
f3dcf3
f294f2
f342f3
f495f4
f3d6f3
f257f2
f245f2
f321f3
f3e4f3
f3bdf3
f2ecf2
f341f3
f45ef4
f440f4
f3f0f3
f50ff5
f63af6
f654f6
f663f6
f713f7
f7e6f7
f87cf8
f8f9f8
f909f9
f868f8
f85df8
f911f9
f8c1f8
f899f8
fa2dfa
fa5cfa
f88df8
f93bf9
fbb5fb
fb9dfb
fa3ffa
fa38fa
fa56fa
f98af9
f879f8
f88af8
fa5bfa
fb6afb
fa6afa
fa50fa
fbcafb
fcaefc
fd49fd
fd5bfd
fba2fb
fa90fa
fbd0fb
fc98fc
fc1afc
fc77fc
fda1fd
fdd1fd
fcb5fc
fc17fc
fd36fd
fdf8fd
fcebfc
fca3fc
fe0afe
fe8ffe
fdf3fd
fe47fe
ffe5ff
013001
009200
ff26ff
ff3bff
ff96ff
fec8fe
ff14ff
00a700
010001
00e200
015401
013401
01a801
037d03
03fc03
029902
018901
00f600
009100
00e800
016101
017201
013801
005600
ff8eff
001a00
00ca00
002f00
ff5cff
ff5cff
ff18ff
fdcefd
fcfcfc
fdbafd
fe73fe
fdd5fd
fce8fc
fc7efc
fc9afc
fd97fd
fed5fe
ff4cff
ff64ff
ff45ff
fe8efe
fe6dfe
ffaeff
00e500
00db00
ffd2ff
fea4fe
fe13fe
fdf6fd
fe1afe
fed0fe
ff2eff
fe67fe
fdd6fd
fddafd
fd6cfd
fd5dfd
fe27fe
fe68fe
fe18fe
fd78fd
fbfdfb
fb88fb
fd63fd
feb2fe
fe05fe
fd38fd
fcb5fc
fc57fc
fca5fc
fcc6fc
fcddfc
fe1dfe
fed5fe
fdb9fd
fcebfc
fd32fd
fd9dfd
fe77fe
fed3fe
fd95fd
fc99fc
fcaefc
fc5bfc
fc2afc
fcfafc
fd71fd
fccdfc
fb9ffb
facbfa
fb37fb
fb9cfb
fa65fa
f981f9
fa12fa
f9c3f9
f8b6f8
f934f9
fa62fa
fad4fa
fafafa
fa9bfa
f9f2f9
fa56fa
fae7fa
fa2dfa
f976f9
fa2bfa
fb64fb
fbbafb
fad9fa
fa09fa
faf3fa
fc72fc
fbcdfb
f9f3f9
fa2bfa
fbdafb
fbe8fb
fab6fa
fa7cfa
fabafa
fa39fa
f9bef9
fa01fa
fa9cfa
fb06fb
fae1fa
fa88fa
fab9fa
fb39fb
fbc4fb
fc62fc
fbf5fb
fa48fa
f981f9
fa25fa
fa87fa
fa97fa
fab3fa
f9c2f9
f85ff8
f895f8
f9c2f9
fa4dfa
fafffa
fc34fc
fc02fc
fa52fa
f999f9
fa28fa
fa6dfa
fad3fa
fbeafb
fc19fc
fb07fb
faa7fa
fbfdfb
fe2dfe
ff7bff
ff27ff
ff02ff
ffc8ff
ff44ff
fe18fe
ff62ff
018b01
015701
fffbff
ff75ff
ffefff
016101
026d02
01d201
013601
01b401
020202
017901
00b400
00ef00
028202
02ef02
015501
00f600
020502
017201
009600
01e301
02ea02
019a01
001800
007600
01d001
022502
017d01
017201
018a01
00a900
001600
004a00
ffe7ff
ff4cff
ff69ff
ff5dff
feb5fe
fe50fe
feb6fe
ff4eff
ff23ff
fed9fe
ff73ff
ff53ff
fd7bfd
fc9dfc
fde8fd
fec4fe
fe11fe
fdb8fd
fefdfe
009f00
00c700
000700
001200
004400
ff82ff
fec6fe
feedff
ff8fff
ffe700
fefcff
fd82fd
fdd9fd
ff98ff
ffb6ff
fddbfd
fc9ffc
fd16fd
fd6ffd
fc49fc
fb83fb
fd00fd
fe7ffe
fd9efd
fcb2fc
fdf7fd
ff13ff
fe13fe
fd26fd
fde4fd
fe74fe
fdbefd
fd84fd
fed6fe
0018ff
ffbaff
febcfe
fef2fe
ff97ff
fea5fe
fd0cfc
fce3fc
fd36fd
fc69fc
fb42fb
fad4fa
fb2afb
fb91fb
fa90fa
f881f8
f821f8
f98cf9
f9b3f9
f85af8
f84bf8
f964f9
f8f5f9
f7a8f7
f87cf8
fa3efa
f982f9
f7a1f7
f7def7
f8fbf9
f874f8
f793f7
f88af8
f9f8f9
f92af9
f794f7
f864f8
f97af9
f7a2f7
f5fcf5
f75df7
f893f8
f772f7
f5aef5
f50df4
f692f6
f87df8
f75bf7
f4eaf4
f502f4
f5c5f5
f4c3f4
f40ff3
f4e7f4
f5bcf5
f565f5
f479f4
f52ff5
f803f8
f967f9
f7bef7
f6e5f7
f911f9
fac2fa
f967f9
f7bcf7
f827f8
f868f8
f6f8f7
f634f6
f733f7
f814f8
f7b5f7
f6d0f6
f70cf7
f89bf8
f8d2f8
f763f7
f7b8f7
f984f9
f97af9
f813f8
f74af7
f776f7
f88ff8
f912f8
f82af8
f8aef8
fb08fa
fb64fb
f9d0f9
fa48fa
fcecfc
fe0bfd
fc6ffc
fb33fb
fc7bfc
fdecfd
fd75fd
fc60fc
fc50fc
fdcffd
ff53ff
fe0dfe
fc0afc
fd5afd
ff50ff
fea0fe
fe41fe
ff9bff
005800
002a00
ffbbff
ffc3ff
011c01
019501
001400
ffe0ff
015801
01a401
011501
011501
023002
042b04
03f703
017001
018e01
03dd03
041f04
042304
057305
059405
055205
059705
04e204
054905
076c07
06f606
04a504
048304
052b05
050205
04c904
03e403
03b303
055605
052005
031c03
03ab03
04dd04
039703
02bb02
033e03
035f03
039503
030503
01c601
036403
060a06
054d05
045d04
05f005
06fb06
075a07
07d007
06c206
067206
086208
08d608
080c08
08b808
08b108
07b907
087008
093509
08cf08
091209
098f09
09dd09
0a490a
091f09
080107
0a000a
0b4f0b
091309
07ca07
092a09
0a420a
0ac30a
0af50a
09c309
084b08
087508
096a09
08d608
06fc06
070f07
090e09
093509
07a007
06de06
064d06
061906
072607
06c106
047a04
038a03
034703
028602
039103
051905
03fe04
026e02
027802
022902
014601
01a401
02f302
034103
01bb01
ffd7ff
ff67ff
ffdaff
ffaeff
febcfe
fd98fd
fce8fc
fc9ffc
fbfafb
fb33fb
fa98fa
f9acf9
f926f9
f926f9
f7d5f7
f63bf6
f6e3f6
f803f8
f79bf7
f6e1f6
f5d3f5
f49cf4
f578f5
f79bf7
f8b3f8
f975f9
f9fcf9
f977f9
f94af9
f9dff9
fa95fa
fc07fc
fc1cfc
f93cf9
f82cf8
fa84fa
facafa
f902f9
f96df9
f9f8f9
f83df8
f74bf7
f896f8
fa3cfa
fad0fa
f961f9
f69df6
f4edf4
f518f5
f5f7f5
f697f6
f6f5f6
f73af7
f656f6
f4a8f4
f566f5
f7e9f7
f7b7f7
f5b3f5
f59bf5
f6a9f6
f72cf7
f6edf6
f60ff6
f6cff6
f96ef9
f9acf9
f723f7
f651f6
f869f8
faa7fa
fa25fa
f798f7
f755f7
f8cbf8
f763f7
f53bf5
f5f3f5
f715f7
f70ef7
f5f5f5
f3e8f3
f47ef4
f661f6
f3c8f3
f1eff1
f5f5f5
f7cbf7
f567f5
f4ddf4
f4cdf4
f509f5
f71af7
f57af5
f2adf2
f5aff5
f77df7
f53df5
f5a7f5
f525f5
f425f4
f903f9
f8eef8
f2d4f2
f87bf8
fe60fe
f3d0f3
f1edf1
014201
00c700
f07df0
f003f0
fdd5fd
04e404
00d000
f731f7
f161f1
f483f4
f8f7f8
fa93fa
fd54fd
ff27ff
fd39fd
fa06fa
f60df6
f1b9f1
edf3ed
e8b2e8
e45de4
e59be5
e8c0e8
e9d4e9
ec46ec
f19af1
f622f6
f82bf8
faddfa
00b100
059105
069506
098809
0ffc0f
12f712
12be12
145414
151215
137913
136413
139613
119c11
110c11
136613
14fd14
149f14
144014
13ca13
11cf11
0f9a0f
0f1f0f
0edb0e
0d530d
0b6a0b
08a208
050d05
031403
024502
014a01
002800
fb70fb
f3fbf3
f2ebf2
f602f6
f113f1
e8d5e8
e9d5e9
edeced
ea36ea
e3a7e3
e1b3e1
e1bee1
e0cee0
e117e1
e28fe2
e264e2
e21fe2
e3e7e3
e49ae4
e34de3
e2a1e2
e0f8e0
de82de
dfb6df
e13de1
de4dde
dca9dc
dfa3df
e1b9e1
e0ade0
de41de
dd05dd
dfa7df
e21ce2
e0b5e0
e1b3e1
e5a0e5
e3a2e3
dd6add
db83db
ddf8dd
e0d5e0
e0f0e0
ddd6dd
dccedc
de70de
dd00dd
db47db
def3de
e369e3
e3a5e3
e18de1
df98df
df3ddf
e112e1
e4f4e4
e9ffea
eb59eb
e775e7
e595e5
e707e7
e5f2e5
e4fce4
e75ee7
e82ce8
e78de7
e95ee9
eb02eb
ea35ea
e818e8
e66ae6
e7bbe7
e8f6e8
e55be5
e1bae1
e176e1
e0eee0
e090e0
df06df
da47da
dab5da
df51df
dba7db
d6e0d6
da30da
da03da
d781d7
dca6dc
dc1ddc
d327d3
d4edd4
db29db
d80fd8
d93cd9
e06de0
ddf7dd
da5fda
e00fe0
e1b9e1
dda7dd
e115e1
e693e6
e191e1
d8ccd8
d908d9
defade
df11df
daf6da
dc83dc
e04be0
dd18dd
d698d6
d52dd5
d93ed9
dbbddb
d605d6
cfa3cf
d4a1d4
dbafdb
d7dad7
d31ed3
d5d2d5
d7cdd7
d6ccd6
d668d6
d74ed7
dcbcdc
e208e2
dce9dc
d59ed5
d74ed7
d9ced9
d8f2d8
da45da
d9e9d9
d79fd7
db0ddb
de76de
db78db
da61da
dcbadc
dcb1dc
ddb9dd
def7de
d95ed9
d4b1d4
da36da
dff5df
dd13dd
d8a7d8
d773d7
d54cd5
d298d2
d4f3d4
dac8da
da9dda
d210d2
cc5dcc
d187d1
d912d9
d8fad9
d5d8d5
d7aed7
daefda
d8ddd8
d53ad5
d850d8
e01ae0
e220e2
dc86dc
d9e1d9
e006e0
e707e7
e6c5e6
e2dfe2
e3b5e3
e8bfe8
e8efe8
e428e4
e747e7
f32ff3
f6a9f6
ee93ee
ebf5eb
f2caf2
f62ff6
f2bcf2
f080f0
f476f4
fc9efc
01f401
003500
fbe2fb
f946f9
f7f6f7
fa0cf9
005800
04b104
03c403
01d201
017c01
ffc7ff
fa0cf9
f3b5f3
f334f3
f8acf8
fdacfd
fe21fe
fb63fb
f904f9
f866f8
f719f7
f605f6
f9ebf9
ff0bff
fe3ffe
fcbcfc
00fb01
052e05
04db04
03b103
02d802
01b601
031b03
07b707
0b990b
0b2d0b
072407
034503
014201
005700
00af00
010e01
ff38ff
fd53fd
fdeefd
ff7aff
013901
036803
03fe03
01ae01
fd98fd
fa6efa
fa66fa
fafbfa
fa04f9
fb80fb
0016ff
02e002
039903
03bc03
03b603
071206
0b8b0b
0a490a
079107
081608
06ac06
05b805
0a960a
0e030e
0e040e
124112
171517
15a515
114c11
0d2a0d
0b0a0b
0cc70c
0dc00d
0be30b
0b0e0b
096009
053b05
01dd01
fe51fe
fcd9fc
02d902
096409
0aa40a
0c990c
0d170d
071807
032703
047604
03c503
020c02
01c201
004900
ffd8ff
003800
fbfffb
f717f7
f7fdf7
fb32fb
fd0cfc
ff23ff
01c601
030c02
020801
01d801
050304
05f405
015301
fd22fd
fa45fa
f5b1f5
f467f4
f690f6
f3cff3
ee6fee
edc1ed
edeaed
eab4ea
e79ae7
e712e7
e8b1e8
eafdeb
ec73ec
ef6bef
f4ecf4
f78cf7
f607f6
f61ef6
f76ff7
f528f5
f36ff3
f803f8
fbf6fb
f7ecf7
f3ebf3
f839f8
fdadfd
fbfffc
f667f6
f335f3
f3a1f3
f297f2
eb69eb
e4bae4
e627e6
e872e8
e51be5
e28ee2
e2cae2
e11fe1
de8dde
dbf6db
d91cd9
da14da
daf5da
d2ffd2
ca16ca
cb0dcb
cce2cc
c670c6
c08bc0
c2ccc2
c6eac6
c6c2c6
c58dc5
c741c7
c98ac9
c992c9
c8d6c8
c93cc9
caffca
cd09cd
ccbccc
ca93ca
ca76ca
ccdccc
d110d1
d793d7
dc07dc
dc30dc
df26df
e5fbe5
e90ee9
e9bae9
ed0ded
ef46ef
eef3ee
efb4ef
ef78ef
ed5ded
ee25ee
ef8aef
ebe7eb
e80ee8
ea0eea
ee6dee
f2edf2
fb24fb
04aa04
07e107
05c405
073d07
105110
1bb31b
209820
1d611d
1b7e1b
204920
237323
210e21
21ae21
26c226
285928
271d27
295f29
2ec42e
33bd33
35a135
339133
322f32
34ec34
365a36
334a33
327732
375637
3aa83a
36ed36
318331
315531
33c933
329332
2e152e
293429
226522
18f518
112c11
0e0b0e
0d960d
0d6a0d
0db00d
0de20d
0b870b
07b307
07b007
0bf10b
0eaf0e
0ddb0d
0c660c
0bdf0b
0dca0d
13d813
19a819
196d19
16b116
189018
1dd91d
213c21
228922
243824
262126
270e27
277927
28da28
2bf62b
303430
349734
38c138
3bfb3b
3d2b3d
3d2b3d
3e0b3e
3f1e3f
3ea93e
3e263e
3ef93e
3f193f
3e9c3e
404140
41bb41
3f553f
3cc93c
3d1f3d
3b6c3b
36d836
360035
389438
37c137
33b433
30ee30
2f7f2f
2e6f2e
2e2a2e
2d6c2d
2b912b
2a112a
288528
25ce25
22ee22
1fa51f
1a671a
153c15
135113
144914
166b16
172917
129312
0a400a
05eb05
074907
087f08
07b407
070907
051605
005d00
fb0efb
f685f6
f31ef3
f2f2f2
f63bf6
fa0efa
fc94fc
fd6dfd
fca1fc
fb89fb
fa7cfa
f821f8
f63ff6
f845f8
fcccfc
002b00
010801
fe49fe
f8d2f8
f60ef6
f7ccf7
f8e9f8
f823f8
f9c1f9
fcc5fc
fc06fc
f794f7
f2fcf2
efdaef
ee9fee
eeb2ee
eed3ee
efdaef
f216f2
f283f2
f0c6f0
f079f0
f11ef1
ef6fef
ed66ed
ee2eee
efcfef
f067f0
f0dbf0
f032f0
ed2ded
ea21ea
e93be9
e9d7e9
ea8dea
e966e9
e5fce5
e4d2e4
e884e8
eacbea
e66ce6
e14ce1
e24fe2
e5c4e5
e506e5
e18ce1
e0b1e0
e223e2
e120e1
dcc5dc
d90cd9
d764d7
d4efd4
d197d1
d15bd1
d49ed4
d70bd7
d6bad6
d550d5
d377d3
d18bd1
d196d1
d3c5d3
d4f3d4
d34dd3
cfdecf
cb8bcb
c776c7
c690c6
c9f7c9
ce83ce
d10cd1
d1c0d1
d18bd1
d027d0
cd65cd
ca21ca
c8e9c8
cc9bcc
d341d3
d62cd6
d378d3
d0fbd0
d1b6d1
d148d1
cd67cd
ca87ca
cc0bcc
cf3acf
d068d0
d0f4d0
d482d4
d949d9
d99ed9
d6fcd6
d958d9
e0a6e0
e4d0e4
e523e5
e7b9e7
ebe9eb
ed1ded
ed78ed
f0e2f0
f54ef5
f76bf7
f75ef7
f765f7
fa7afa
00a000
049204
036d03
022202
048004
068506
046704
017a01
029d02
06be06
088508
064c06
047304
05c405
074907
068f06
04a304
019c01
fd51fd
fa8dfa
fab4fa
fb3dfb
fa80fa
f88bf8
f4f8f4
f1d5f1
f26ef2
f4ecf4
f52ff5
f3a8f3
f2d5f2
f3b3f3
f6ebf6
fadafa
fbfbfb
fb2afb
fb9dfb
fc6afc
fcfcfc
000100
041d04
05aa05
06e906
09d009
0a370a
075407
05e505
063906
05ab05
055f05
062606
076307
0b730b
11b211
133713
0ee10e
0bce0b
0bc80b
0a350a
06f206
056c05
05f805
071307
07a607
075b07
080d08
0b0e0b
0dfb0d
0f280f
0fea0f
0fd90f
0dda0d
0d260d
112411
177317
1b8a1b
1c451c
1c001c
1db71d
20ed20
217621
1e161e
1aac1a
192d19
175017
145b14
125e12
126012
137c13
13cf13
128412
125d12
155515
175717
153815
12a912
115211
0d320d
06ed06
03c303
038503
02fb02
025b02
01d201
00b800
00bf00
021202
01ee01
00c300
014b01
031403
04eb04
070207
086408
08a408
097109
0ab90a
0ae90a
0ad60a
0b4f0b
0acb0a
08f008
06cc06
03fa03
00e500
ffdeff
005d00
ff44ff
fc89fc
fa63fa
f8d9f8
f726f7
f5caf5
f4c9f4
f465f4
f64af6
f9f2f9
fbcbfb
fa74fa
f843f8
f752f7
f768f7
f6eef6
f561f5
f497f4
f529f5
f47cf4
f213f2
f062f0
ee87ee
eaf6ea
e9e0e9
edcbed
f0c9f0
ef12ef
edaaed
ef84ef
f0a8f0
ef8aef
ef36ef
efc3ef
ee64ee
eb78eb
e9eee9
eb2ceb
ee25ee
eff2ef
ee95ee
ecabec
ee26ee
f1def1
f467f4
f637f6
f8dbf8
faa3fa
f985f9
f5fbf5
f1e8f1
ef6cef
ef2eef
ef23ef
edc8ed
ec7bec
ec87ec
ed72ed
ee72ee
ee3dee
ebbeeb
e91fe9
e9a5e9
ec15ec
ecb9ec
eb60eb
e957e9
e513e5
de0ede
d85bd8
d683d6
d4f6d4
d0b1d0
cce8cc
cc7ecc
cb73cb
c5abc5
bf43bf
be5abe
c15dc1
c341c3
c3fec3
c601c6
c8aec8
c9fcc9
c9bac9
ca50ca
cf08cf
d760d7
deb5de
e34ee3
e789e7
eadbea
ea9fea
e939e9
eb7aeb
f125f1
f6dbf6
fbc9fb
00e600
061a06
0a930a
0de20d
108e10
143614
196419
1df81d
20e220
243c24
27df27
286228
269326
26b526
27eb27
26f726
25d325
26b926
271e27
257425
22e522
1eec1e
197019
153d15
137613
126712
116e11
113e11
125c12
151415
17e717
182718
167416
162d16
182318
1ae11a
1e6d1e
22fe22
26c626
284428
282728
278527
26d126
26af26
27a427
292e29
2a602a
2aec2a
2b2e2b
2b712b
2b6b2b
2afc2a
2b012b
2bd42b
2bbb2b
292229
254e25
223e22
1f561f
1ad01a
159b15
132413
14a014
168a16
151815
118711
0f9b0f
0ff10f
10c710
11c211
12e712
130113
120512
117e11
11bd11
123c12
13c513
172017
1c0a1c
224f22
28a528
2c5b2c
2da32d
2f792f
315331
301330
2d862d
2e5b2e
322332
351535
36a636
384838
399b39
396f39
375937
33c933
309030
2f6a2f
2f822f
2edc2e
2d172d
2b022b
290c29
26fa26
242724
209320
1d271d
1a1e1a
171417
14d214
141c14
13b513
125612
10af10
0f8a0f
0e910e
0daf0d
0cc20c
0aa80a
078107
05fe05
070e07
074e07
044004
004d00
fe80fe
fe3ffe
fd8cfd
fcaefc
fd5ffd
ff0eff
fee2fe
fce8fc
fc2bfc
fc54fc
fab1fa
f80df8
f56df5
f169f1
ee54ee
efc5ef
f203f2
f083f0
edc0ed
eb81eb
e7fbe7
e538e5
e5a7e5
e5ede5
e417e4
e366e3
e520e5
e715e7
e7e5e7
e741e7
e612e6
e64ae6
e6cbe6
e4afe4
e228e2
e431e4
ea0dea
eebbee
f088f0
f110f1
f136f1
f148f1
f1a2f1
f19af1
f0f0f0
f0a4f0
f036f0
ee6aee
ecf5ec
edb4ed
ee73ee
ece1ec
ea75ea
e8d7e8
e778e7
e613e6
e538e5
e462e4
e29ae2
e056e0
deb4de
dd6edd
dba7db
da20da
d9e0d9
d991d9
d7bed7
d678d6
d8bad8
dcfbdc
de5bde
db52db
d739d7
d49ad4
d288d2
d08cd0
d047d0
d1fad1
d342d3
d2e7d2
d345d3
d637d6
d8a3d8
d78dd7
d682d6
d932d9
dc37dc
dc62dc
dd12dd
e14be1
e734e7
ec31ec
ef34ef
f172f1
f5eef5
fbe6fb
fe4cfe
fce7fc
fdc3fd
02fd02
083b08
0af70a
0d610d
10e710
142914
16a916
19af19
1d591d
1fd01f
1f911f
1d761d
1c1c1c
1bda1b
19e519
162816
13fe13
135313
11c511
10c210
11a011
115f11
0df80d
08ac08
02d102
fdb0fd
fa40fa
f7ebf7
f6a6f6
f6c5f6
f730f7
f7eaf7
fa31fa
fcd2fc
fdebfd
fdd2fd
fd20fd
fc24fc
fbb1fb
fba7fb
fb8bfb
fb8dfb
fb0ffb
f9bbf9
f916f9
fa03fa
fbc9fb
fdcafd
ffd4ff
027d02
063806
092109
09a009
091e09
08ec08
096d09
0b330b
0cae0c
0c440c
0bf30b
0c280c
0a3b0a
074707
062d06
05f905
067006
098d09
0e3f0e
11f511
13b813
12aa12
100110
0f720f
119311
13e613
153a15
150915
137213
125d12
11fa11
105810
0df90d
0d210d
0e410e
10a610
130913
132713
106910
0d2a0d
0b740b
0aef0a
0a7d0a
0a130a
0a930a
0bd90b
0baa0b
087a08
046804
026f02
022002
019301
00b100
ff37ff
fc0ffc
f899f8
f6f7f6
f583f5
f1b8f1
ed4bed
ec01ec
eec9ee
f336f3
f6abf6
f927f9
fbd0fb
fda0fd
fc9efc
f9eef9
f911f9
fab0fa
fb23fb
f852f8
f5b5f5
f5f3f5
f599f5
f230f2
ef28ef
ef1aef
f05cf0
f1aaf1
f398f3
f668f6
f8caf8
f81af8
f466f4
f1b1f1
f152f1
f0bbf0
efe6ef
f01df0
efe7ef
ee7cee
ed09ed
eb78eb
e967e9
e7bfe7
e7b6e7
ea07ea
ed1eed
ee2eee
edcced
edb4ed
ec95ec
ea5eea
e999e9
e9dde9
e935e9
e89de8
e8dfe8
e877e8
e6e7e6
e572e5
e54ce5
e73be7
eae0ea
ee46ee
efecef
f074f0
f0daf0
f091f0
ef61ef
ef06ef
f00cf0
f01df0
ededed
eadbea
e801e8
e5f6e5
e57ee5
e568e5
e42ce4
e352e3
e3e0e3
e3e6e3
e295e2
e064e0
dd0cdd
da5dda
da2cda
da1dda
d925d9
da0eda
dc8cdc
dd86dd
dc6cdc
da59da
d8a7d8
d7c8d7
d586d5
d1bed1
d04ad0
d143d1
d0cdd0
cf9bcf
d18ad1
d61ed6
d95fd9
d9d2d9
da76da
deeade
e666e6
ecd6ec
f144f1
f6bff6
fd71fd
01bd01
046204
09be09
108710
145614
15f415
182718
1ade1a
1d4a1d
1eac1e
1e9d1e
1ea11e
1f671f
1efe1e
1d431d
1d851d
214521
256f25
26d326
25e625
244f24
228122
204120
1cbd1c
17f917
138c13
0f890f
0b730b
097109
09e009
098e09
078d07
049804
ff8aff
f8f5f8
f3a7f3
f06df0
ef2def
f032f0
f1bbf1
f20df2
f2baf2
f523f5
f794f7
f943f9
fb7cfb
fdf1fd
000000
02f902
06b106
098409
0b920b
0ceb0c
0dba0d
101110
136613
155e15
17d217
1c1d1c
1eea1e
1f0e1f
1f021f
1fe51f
216121
22b622
23bd23
25d025
285e28
28ed28
281828
27fb27
286028
28ba28
292929
298929
2a4e2a
2bfe2b
2dfd2d
2fea2f
327932
360a36
397239
3b073b
3aa13a
39ab39
39a739
3b0f3b
3d293d
3f533f
41c741
447444
46f746
48ec48
491e49
46dd46
436543
400540
3d303d
3aed3a
385338
34d734
318f31
2f292f
2cea2c
2a562a
272b27
226d22
1bcb1b
153c15
109310
0cca0c
081e08
028602
fd46fd
fa6cfa
f9fff9
f8bcf8
f660f6
f639f6
f724f7
f689f6
f72af7
fa1efa
fb5cfb
fa6cfa
fac1fa
fcadfc
fe48fe
ff65ff
014001
049904
082a08
099009
08d908
08f308
0b650b
0e020e
0e920e
0e560e
0f570f
10ef10
119a11
11f811
138813
15a915
165116
152015
132813
110811
0f700f
0ed90e
0e3a0e
0cb60c
0ae30a
08fd08
06a006
045404
02dc02
01d501
00da00
005700
ffd1ff
fe68fe
fd5efd
fd2cfd
fac8fa
f599f5
f1dbf1
f1daf1
f40ef4
f6d4f6
f8d7f8
f8cff8
f66ff6
f29df2
efabef
ef53ef
f085f0
f12ef1
efc8ef
ec2dec
e893e8
e645e6
e411e4
e244e2
e1b1e1
e084e0
de18de
dc32dc
daceda
d8a8d8
d5e9d5
d31ad3
d080d0
ceedce
cef8ce
cf63cf
ce83ce
cd56cd
cd5dcd
cd05cd
caf3ca
c92ac9
c9cac9
ccc6cc
d01ed0
d0edd0
cf8ecf
cf9ccf
d11ad1
d090d0
cf29cf
d1a8d1
d72cd7
da17da
d9b5d9
da5cda
dd31dd
def2de
dde5dd
dd09dd
e02ae0
e575e5
e85ae8
ea23ea
eec1ee
f545f5
fb21fb
ffbcff
034b03
075007
0bd80b
0e530e
0fe60f
139313
16b316
160116
13ef13
142614
17ad17
1d3d1d
224422
25d825
28f128
2a772a
27d627
227922
1f9f1f
1fe61f
1e2c1e
1a131a
187b18
18ca18
16ce16
12d512
0ee30e
0bae0b
09b109
076607
038503
00c400
00f100
019801
00e600
ffe1ff
ffe8ff
014401
030f03
047a04
05c905
065806
04ba04
023802
013d01
011801
015501
047c04
09fa09
0d7f0d
0e460e
0e970e
0f760f
11a111
14d314
16ce16
171f17
171617
16bd16
164f16
175117
1a1a1a
1c8d1c
1c9e1c
1ba61b
1bcd1b
1be71b
1ac91a
194219
173a17
156f15
152a15
14cb14
149a14
177117
1ae31a
1b391b
1a8d1a
1aa41a
1a3a1a
194119
180918
16f316
166916
146714
10b310
0f2c0f
0f940f
0dfd0d
0b8b0b
0b070b
0b080b
0ab30a
0b040b
0b100b
0ace0a
0bc30b
0c750c
0b380b
09ae09
089508
07a207
07a907
075a07
04ff04
019a01
fcf4fc
f734f7
f38ff3
f1c6f1
ef73ef
ee55ee
ef1def
eff2ef
f125f1
f286f2
f384f3
f506f5
f515f5
f2f7f2
f28cf2
f2d1f2
f02cf0
ed9bed
ed82ed
edbced
edbded
ed47ed
ec34ec
ecb4ec
ede2ed
ece5ec
eb5beb
eb25eb
eafbea
ea9cea
eb05eb
ec06ec
ec25ec
e9c3e9
e5a7e5
e2b8e2
e201e2
e23be2
e2bde2
e413e4
e600e6
e72de7
e6f0e6
e558e5
e303e3
e1b8e1
e1a4e1
e115e1
e0c5e0
e1d8e1
e292e2
e231e2
e181e1
e092e0
dfb2df
de8fde
dd23dd
dd46dd
de20de
dddbdd
debfde
e0fbe0
e216e2
e356e3
e4d4e4
e4abe4
e4dce4
e5cce5
e5b8e5
e6efe6
e911e9
e85ce8
e6eae6
e775e7
e7d0e7
e6e2e6
e52ee5
e3a9e3
e3fce3
e462e4
e2a1e2
e0e7e0
e019e0
de84de
dcc4dc
dc47dc
dd2bdd
de83de
de92de
ddeadd
df03df
e1cae1
e3bee3
e290e2
dee8de
dcb6dc
dce3dc
dc4adc
db12db
db79db
dbf1db
da68da
d89fd8
d99fd9
dd34dd
dfdfdf
dff2df
dfccdf
e284e2
e8a4e8
ef60ef
f47bf4
f9bff9
002c00
05f805
0adc0a
0e5f0e
0f8b0f
0ffb0f
0fb30f
0ec50e
121112
18c618
1b1a1b
194919
18b218
19a819
1bb31b
1e511e
1f951f
204020
202720
1deb1d
1db11d
220222
259325
257a25
244a24
236423
229922
21cc21
216521
220622
221322
202c20
1e811e
1e081e
1c9b1c
19ac19
16ab16
14f814
154f15
167d16
16cf16
16ce16
174517
177217
177117
18d018
1be41b
1f241f
213121
225522
241324
262026
257625
221022
205a20
20d720
202320
1f2e1f
1fb91f
1f2a1f
1c791c
199119
17a417
185718
1b0f1b
1b5e1b
18b518
166f16
14f914
13c613
12b012
105810
0db70d
0c7c0c
0b540b
0b800b
0f710f
130713
12de12
12b812
14e014
17d817
1ae61a
1c8e1c
1bde1b
1abf1a
19d219
18d818
194219
1abb1a
1c3a1c
1eec1e
221222
23a323
243b24
242f24
236323
233823
22a422
1fea1f
1d641d
1cdb1c
1ccb1c
1c521c
1b811b
1ac21a
1a8e1a
198b19
177c17
168e16
167b16
159315
144214
12ba12
111f11
107210
0f9c0f
0e430e
0f850f
13a913
16d616
17f517
193119
1b751b
1dbe1d
1e961e
1df01d
1e5c1e
214821
239823
231923
225122
21f521
1f791f
1beb1b
1a351a
19e719
198419
17be17
144814
117911
0f590f
0b2c0b
063a06
030d03
011801
ff92ff
fccdfc
f7e8f7
f3edf3
f112f1
ec91ec
e83be8
e5dee5
e426e4
e37ee3
e3d2e3
e422e4
e4b6e4
e3fee3
e282e2
e3f4e3
e608e6
e5f6e5
e711e7
e885e8
e7d2e7
e8b8e8
ebf6eb
eef5ee
f2f0f2
f73af7
fa39fa
fe5afe
02d602
049a04
04d104
048f04
040704
048704
04f704
047104
047a04
045e04
035a03
034303
03dc03
034003
01a901
001a00
fea7fe
fcdbfc
fa6efa
f7acf7
f50af5
f2b9f2
f008f0
ec7fec
e9a3e9
e859e8
e7eae7
e881e8
e8c5e8
e70ae7
e60fe6
e6c8e6
e608e6
e4b8e4
e50ce5
e5f5e5
e752e7
e79ce7
e4bde4
e1c2e1
dfc1df
dc63dc
d9f8d9
da0bda
db42db
def2de
e2f2e2
e3f2e3
e6cde6
edc8ed
f38ff3
f68cf6
f849f8
fa40fa
fe5bfe
019501
019601
033a03
074107
090c09
092309
0ab20a
0f790f
168216
1a471a
1a161a
1c061c
1f0b1f
1e401e
1ce21c
1e601e
1f371f
1c701c
180818
15a515
160616
16de16
175517
181418
185518
16e416
133913
0e200e
09e209
06f906
03ac03
000600
fe5afe
002400
037103
052405
05f205
07d907
09af09
0a740a
0ad60a
0b5d0b
0d250d
0f8b0f
0fef0f
0f7c0f
10d310
126b12
126812
11d111
126b12
147514
15cd15
15f415
176117
195019
196919
193419
19c519
1a5a1a
1b4a1b
1c101c
1cc31c
1ead1e
1f781f
1db51d
1cc51c
1cc71c
1b381b
199219
19d319
1c551c
206620
236b23
262f26
2b9e2b
2fee2f
2f7a2f
2e622e
2ec72e
2e4b2e
2cff2c
2b572b
294529
288a28
289828
278e27
273f27
28ee28
2a172a
293129
279e27
273c27
27d027
270026
24bd24
23c023
240124
235b23
21cf21
1fea1f
1dc61d
1c4a1c
1b301b
194b19
170417
144414
100910
0baa0b
08a808
05ec05
030d03
00fd00
ffd7ff
ff8bff
ff46ff
fd7ffd
fbc5fb
fc38fc
fc44fc
f9cdf9
f767f7
f67df6
f5cdf5
f53ff5
f50df5
f54ef5
f6a4f6
f7c6f7
f788f7
f7ccf7
f887f8
f738f7
f539f5
f5a5f5
f839f8
faedfa
fb81fb
f98cf9
f7f5f7
f734f7
f45ff4
f04cf0
edc1ed
ec67ec
ebc3eb
ec11ec
ecc0ec
edb1ed
edb6ed
ebe2eb
eafaea
ebfbeb
ec32ec
ebe6eb
ebf8eb
ea8bea
e868e8
e75de7
e615e6
e508e5
e686e6
e932e9
ea39ea
e94ee9
e822e8
e816e8
e832e8
e76de7
e6d7e6
e6c4e6
e692e6
e68ee6
e6a5e6
e6c4e6
e716e7
e61ee6
e3a4e3
e21ae2
e1abe1
e096e0
dee3de
dcc5dc
da1dda
d77bd7
d4b8d4
d1dcd1
d076d0
d094d0
d00ed0
ce4cce
cc94cc
cadbca
c929c9
ca07ca
cd4fcd
ce6ace
cd10cd
cd52cd
cef3ce
d02dd0
d1d8d1
d2edd2
d1ded1
cf86cf
cc45cc
ca1cca
cc3acc
cfb3cf
cfd4cf
ce57ce
ce86ce
d0dbd0
d51ad5
d9e5d9
de68de
e4b7e4
ed18ed
f38cf3
f68af6
f9f0f9
ff66ff
030503
03d203
061d06
0ade0a
0f580f
12a112
14a914
168c16
1aa01a
1ea61e
1f111f
1ea41e
201120
204620
1db51d
1b4f1b
1acb1a
1a7b1a
187a18
15dd15
15d015
199e19
1e4c1e
1f971f
1df11d
1cfe1c
1be51b
184018
147614
11f411
0e8f0e
0a290a
059005
01e201
01f001
037503
01f101
015a01
053405
083408
083d08
088308
085a08
069f06
057105
05d305
07bc07
0a870a
0c050c
0c640c
0e0d0e
10ef10
13a513
15a515
165916
164f16
176017
19fc19
1d3b1d
206020
22ab22
23ce23
245c24
253325
271327
296429
2a712a
2aba2a
2c032c
2d362d
2db62d
2fff2f
33a033
35d035
37ca37
3afe3a
3db93d
3fb63f
40c940
3fc23f
3ee93e
3f943f
3ea03e
3c9f3c
3d303d
3f4d3f
40b440
410a41
3fe23f
3e403e
3c4f3c
37d637
32d432
30d130
2f222f
2afe2a
261226
215721
1d6e1d
1b751b
1a541a
194519
184118
15d715
12dd12
112811
0eb40e
0a910a
068106
01c101
fcb1fc
fa83fa
fa7afa
fa74fa
faedfa
fab0fa
f958f9
fa19fa
fc4bfc
fcc2fc
fd03fd
fe37fe
feacfe
ff38ff
004000
005500
018401
052c05
07c007
07ef07
07bc07
074b07
069606
063206
05b605
060e06
07d007
086708
06e806
055805
03cf03
017601
fecafe
fc51fc
fb1ffb
fbc3fb
fca0fc
fda3fd
007b00
040d04
062906
06ce06
072907
08e008
0bb50b
0ca90c
0c160c
0d4f0d
0f160f
0efb0e
0f470f
11b311
145c14
15e115
166716
176817
1a6e1a
1d8b1d
1e321e
1d6a1d
1bf71b
190d19
156d15
117c11
0d1b0d
0a400a
092309
06f206
039f03
012401
ff15ff
fc6afc
f8f9f8
f4cff4
f119f1
ee44ee
eab5ea
e64be6
e25ce2
decfde
dba4db
d8fbd8
d58bd5
d1acd1
cf56cf
cdddcd
cc8ecc
cd6ecd
d03dd0
d266d2
d405d4
d5d7d5
d705d7
d81ed8
d975d9
d962d9
d8f8d8
db43db
df58df
e271e2
e454e4
e615e6
e928e9
ee58ee
f3bff3
f805f8
fd3efd
046004
0af60a
0f720f
133813
180418
1d6a1d
216421
23bf23
26af26
2a962a
2cda2c
2cc22c
2d9d2d
319331
35f235
37eb37
38bc38
396939
382438
34b334
314e31
2f692f
2f462f
2f1c2f
2bf52b
278b27
267e26
274227
259725
236f23
23b723
23fb23
21a021
1cf21c
170e17
11d111
0d0f0d
05f305
fe0efe
fa2dfa
f99af9
f97df9
facefa
fdbffd
009b00
031a03
044404
037d03
032403
039c03
030403
02e002
049404
05e005
065806
07df07
0a5f0a
0d090d
0fa70f
11c411
13ab13
15de15
17ac17
18df18
1a7b1a
1d111d
1ff51f
221022
231623
231223
21a421
1fbf1f
1eda1e
1d9b1d
1ae71a
194d19
1a371a
1be41b
1dc91d
202c20
224822
244f24
263626
269e26
268a26
285428
2ae52a
2c202c
2c402c
2c302c
2cbb2c
2e212e
2ef72e
2ee42e
2f5a2f
2fb32f
2e942e
2cfa2c
2ae92a
272127
22c922
1f621f
1ceb1c
1c551c
1dd51d
1f181f
1ee71e
1e051e
1cda1c
1b761b
198f19
171717
151d15
13a213
117d11
0f1d0f
0cd10c
09bf09
06f206
05d805
059205
058805
05ca05
059805
050605
045604
02c302
011801
009300
000900
ff1fff
ff69ff
006000
006900
001500
004800
00bd00
011701
012101
012601
01c901
027e02
024202
019c01
017301
016201
007e00
fe66fe
fbebfb
fac1fa
fb1bfb
fad8fa
f8a7f8
f5d5f5
f43ef4
f492f4
f671f6
f8bbf8
fa3ffa
fa90fa
f9def9
f86ef8
f68ff6
f4edf4
f417f4
f377f3
f25cf2
f185f1
f178f1
f162f1
f13df1
f194f1
f16df1
f00ef0
ee44ee
ec86ec
eb25eb
eac2ea
ea88ea
e93be9
e779e7
e64be6
e61ae6
e721e7
e8c0e8
ea5aea
ec47ec
ed8fed
ec70ec
e9b6e9
e70ee7
e45be4
e149e1
dde7dd
da45da
d78bd7
d5d7d5
d2d6d2
cea1ce
cc0ccc
ca7eca
c7c3c7
c589c5
c5eec5
c7a7c7
c8a3c8
c7f8c7
c668c6
c62dc6
c77ac7
c88cc8
c995c9
cb04cb
cb83cb
cb49cb
cb7fcb
cbaecb
cc6ccc
cf01cf
d248d2
d586d5
d9edd9
df1adf
e3e5e3
e889e8
ed06ed
f150f1
f5bef5
f98ff9
fce4fc
01c801
07f407
0c5e0c
0e1d0e
0fa70f
137513
188718
1b801b
1bfb1b
1c621c
1c7d1c
1a831a
177d17
156f15
148114
134d13
108910
0dbc0d
0daa0d
0f5f0f
107910
112911
114911
103c10
0f540f
0e5e0e
0bec0b
095d09
06fe06
029102
fd54fd
fa03fa
f863f8
f87ef8
fa5dfa
fbecfb
fd06fd
feacfe
ff91ff
ffc9ff
002c00
fecefe
fc47fc
fc5ffc
fed3fe
018001
04cc04
085408
0b540b
0e9d0e
117111
131713
158c15
190819
1ba51b
1d9d1d
1fc81f
221122
247d24
261326
267526
279627
298b29
2a732a
2b052b
2c2b2c
2c922c
2c312c
2c342c
2cbc2c
2d862d
2d812d
2c562c
2c7e2c
2e622e
2ecc2e
2da62d
2d662d
2daf2d
2d712d
2cb72c
2b962b
2b432b
2b822b
29d729
27d627
290129
2b142b
2a5e2a
271827
22a022
1e941e
1ba31b
17f617
143a14
137213
144d14
145f14
14b314
15ad15
167116
16fc16
167716
14e614
13d513
129d12
10b310
102d10
110010
116b11
123f12
145c14
16dd16
18ee18
19bc19
19bb19
1adc1a
1c5c1c
1c151c
1b2b1b
1b211b
1b021b
1a471a
193c19
183118
185a18
198319
19e019
1a361a
1bef1b
1cda1c
1aca1a
16fa16
137313
110d11
0ed50e
0b430b
078007
051905
023302
fdeefd
fa89fa
f886f8
f6e2f6
f59cf5
f448f4
f33cf3
f3c6f3
f4b4f4
f49df4
f4a6f4
f4e6f4
f472f4
f3a9f3
f2c0f2
f26cf2
f37bf3
f426f4
f430f4
f64bf6
f957f9
fa44fa
fa0dfa
f9d4f9
f8f7f8
f813f8
f741f7
f60bf6
f510f5
f370f3
f046f0
ed85ed
ebcfeb
e9e0e9
e852e8
e786e7
e694e6
e5d6e5
e56be5
e4b8e4
e4ace4
e5d5e5
e6e2e6
e717e7
e685e6
e54ce5
e40ee4
e32be3
e2afe2
e307e3
e3d3e3
e49de4
e67de6
e986e9
eb8beb
ebefeb
ec4dec
ed64ed
eed4ee
efdaef
f02af0
f19df1
f52ff5
f80af8
f8f8f8
fa5cfa
fc04fc
fc9dfc
fe2cfe
01a901
05ae05
097009
0b350b
0b440b
0e190e
137513
167316
17bb17
19c819
1b351b
1c471c
1e5b1e
20af20
235d23
251c25
233e23
213121
23d423
285b28
2a412a
296529
26df26
234f23
1ef81e
1aab1a
18d218
196819
18a018
150315
111511
0f5b0f
104a10
121112
130113
135113
127b12
0fb50f
0cf30c
0bb90b
0add0a
09ad09
07c507
049b04
020302
01b801
028d02
045904
07e507
0aad0a
0b090b
0bf50b
0ef50e
127e12
165c16
19ee19
1c1f1c
1ef41e
225d22
22d522
223922
242d24
25e525
25be25
26da26
297329
2c0d2c
2e632e
2f652f
304630
32c832
343d34
347434
374637
3adf3a
3b143b
38f538
366d36
341e34
329632
307830
2d582d
2b302b
29e329
282e28
267726
250225
23a423
21ba21
1ec61e
1d4a1d
1eef1e
202e20
1ed51e
1d471d
1ccf1c
1cc81c
1ce21c
1cde1c
1d6d1d
1f001f
1f861f
1dab1d
1ac71a
179e17
141614
111711
0f040f
0d3a0d
0be90b
0b5b0b
0afb0a
0b220b
0c5e0c
0cf60c
0bd40b
0a920a
09b409
086b08
074707
068806
05df05
05b805
055405
049004
058905
07de07
096c09
0ad80a
0c3c0c
0c1c0c
0b340b
0a6f0a
09c909
09da09
09a809
085908
07e907
08a308
08d608
08ac08
085e08
082908
090409
092f09
079507
073707
085408
07a907
058805
043404
039e03
02ee02
01e501
00f200
005100
ff02ff
fcc1fc
faccfa
f9b1f9
f93cf9
f8ebf8
f861f8
f882f8
f995f9
fa3ffa
fa25fa
f97af9
f844f8
f808f8
f973f9
fb3cfb
fd75fd
001e00
017301
019001
01ba01
016201
009a00
00a000
010001
006f00
febcfe
fc29fc
f91af9
f66ff6
f497f4
f2f1f2
f180f1
f112f1
f0c4f0
efafef
ef8aef
f133f1
f321f3
f463f4
f3fbf3
f151f1
eec8ee
edd2ed
eca8ec
eaceea
e900e9
e700e7
e53be5
e41be4
e310e3
e1b0e1
df48df
dc2cdc
da2bda
d8fed8
d7ced7
d7c3d7
d82fd8
d72fd7
d5c0d5
d579d5
d6dcd6
d9acd9
dc40dc
de5dde
e132e1
e3d9e3
e6d2e6
ec66ec
f284f2
f656f6
f88bf8
f922f9
f903f9
fb40fb
ff0fff
026102
066c06
0a760a
0c470c
0dac0d
111311
15cf15
1a1c1a
1cc21c
1e411e
1f701f
1f451f
1dfb1d
1dfd1d
1e841e
1c541c
17a217
12d812
0e8a0e
0af90a
097e09
09b209
095409
07b407
055305
01f301
fe06fe
fad2fa
f884f8
f649f6
f332f3
f002f0
ef2fef
f07af0
f1aaf1
f35cf3
f5eaf5
f726f7
f741f7
f7fff7
f945f9
fa76fa
fa47fa
f868f8
f7fdf7
f9dcf9
fb17fb
fbb9fb
fd2afd
fe9afe
fff3ff
013b01
023f02
048104
075507
081d08
07cb07
083b08
094309
0ade0a
0c810c
0e380e
111811
130213
12ac12
140014
179517
195c19
193d19
190819
187818
182218
188318
18b718
18a118
183818
17db17
190619
1ab61a
1a961a
19b419
19aa19
19a819
19c719
1b131b
1c6d1c
1c831c
1c381c
1bd51b
1a041a
173417
154015
146314
140e14
143214
14bf14
159f15
159e15
13a413
120312
129212
131113
12ab12
12d412
12b812
11b711
10dd10
103110
0fe20f
0fd90f
0e940e
0d0a0d
0d2f0d
0de30d
0e610e
0f4d0f
100010
104010
100f10
0ece0e
0db00d
0d5c0d
0bac0b
07f207
03a503
003d00
fec1fe
fdc2fd
fbfdfb
fbd6fb
fd68fd
fdd7fd
fe1dfe
ff10ff
fdcbfd
fa6cfa
f77af7
f4e2f4
f29ef2
f14cf1
f04ef0
efbeef
ef97ef
eebeee
ee1aee
ef1bef
f08ff0
f197f1
f318f3
f4c3f4
f5a9f5
f688f6
f838f8
fa2efa
fc31fc
fe90fe
00c500
029e02
04f104
07b207
0a440a
0cb50c
0ede0e
10bb10
129312
13f413
156515
181e18
1a641a
198719
15ee15
118611
0da80d
0aba0a
07e707
04b304
017501
fe23fe
fae4fa
f78ef7
f353f3
eecaee
ead1ea
e733e7
e4a2e4
e321e3
e106e1
de71de
dc10dc
d959d9
d735d7
d609d6
d514d5
d5f1d5
d7d2d7
d63ad6
d266d2
d06fd0
cf35cf
ce61ce
cfa8cf
d056d0
ce78ce
cc68cc
cad9ca
c9fbc9
cb21cb
cc5dcc
cbf9cb
cc95cc
cf91cf
d3f5d3
da63da
e26ae2
e914e9
ed10ed
ef21ef
f081f0
f318f3
f771f7
fba7fb
fef6fe
022b02
049a04
05f805
091709
0ffc0f
181118
1dbc1d
216121
25f125
2b842b
2f3a2f
303930
2fe62f
2eab2e
2c842c
29d229
271f27
262726
273927
278b27
26b526
26c426
26bd26
25bd25
257a25
25b425
258525
251a25
22c922
1ef51e
1d2c1d
1cc01c
1b9d1b
1bbc1b
1d011d
1ced1c
1c5e1c
1bf61b
1af21a
1a911a
1a521a
185418
16ae16
172817
17ee17
188718
195e19
196d19
18d918
184c18
17f617
196219
1c6d1c
1d971d
1bf21b
1a3c1a
196f19
186518
16fc16
162716
167d16
174e17
17d117
195c19
1d551d
21ca21
244d24
258425
26cc26
281128
293829
2a832a
2c372c
2e2a2e
2ef22e
2e112e
2db12d
2e9d2e
2ee22e
2e562e
2ece2e
30f330
33e733
35d935
365d36
37df37
3aad3a
3b7c3b
39c239
383e38
37ea37
37e937
377937
36a036
363636
35d335
345034
32a332
31f131
31af31
314431
2ffb2f
2dae2d
2bf42b
2b032b
299a29
284e28
270b27
242124
208c20
1e4a1e
1cdc1c
1b981b
1a3d1a
183618
168a16
163416
15dc15
14dc14
13e113
123e12
0f570f
0c710c
0add0a
0a860a
0a020a
082308
060206
051e05
045904
025702
001200
fe5afe
fc85fc
fa46fa
f7eff7
f5c8f5
f3ddf3
f184f1
eea7ee
eca4ec
ebc0eb
eb0ceb
eafbea
ebe9eb
ed1ced
eedeee
f0e3f0
f17ff1
f128f1
f11ef1
f08ff0
efc0ef
f027f0
f0fbf0
f12ef1
f190f1
f31bf3
f60bf6
f920f9
fa72fa
fa9bfa
fb46fb
fc28fc
fcf0fc
fde0fd
fe92fe
ff27ff
ff64ff
fe4ffe
fd20fd
fd0bfd
fc4cfc
fa32fa
f79df7
f3f7f3
f027f0
edfbed
eb65eb
e732e7
e437e4
e274e2
dfb9df
dd7cdd
dc93dc
daf0da
d92fd9
d8f7d8
d940d9
d9afd9
daaeda
dafdda
da5dda
d97fd9
d816d8
d798d7
d98dd9
db09db
d9c9d9
d851d8
d839d8
d837d8
d792d7
d61dd6
d43ad4
d391d3
d4cad4
d720d7
da5cda
de60de
e26fe2
e629e6
ea34ea
ef9eef
f584f5
f958f9
fbb0fb
000e00
06bf06
0cf10c
110010
12b112
12c412
130813
14c214
189318
1e041e
21eb21
220822
20cf20
20d720
214521
20f120
1fd01f
1de81d
1b921b
18ef18
161c16
146714
144614
13ef13
122312
0f610f
0ca30c
0aa70a
087508
044a04
ff1eff
fb03fb
f78ef7
f493f4
f417f4
f671f6
f940f9
fadbfa
fbdbfb
fd45fd
fe6bfe
fe3afe
fe08fe
ff62ff
00f000
01b401
033803
061b06
095509
0c460c
0e810e
0fb40f
100810
0f750f
0ed50e
102110
132e13
152115
142314
116c11
100910
116311
134413
13df13
14a914
15a515
13f913
103310
0f130f
126a12
168816
17c317
173f17
182d18
1a801a
1bef1b
1c071c
1b611b
19ee19
183918
177d17
184618
1a0e1a
1b351b
1ab41a
19e419
1a011a
1a1b1a
196c19
183318
16b016
152515
12d912
0f170f
0c3d0c
0c150c
0bc10b
09d909
096d09
0af20a
0bb00b
0bc30b
0c870c
0d110d
0c6c0c
0acf0a
08bf08
072307
065606
05cf05
054005
042104
022202
00b200
00c000
013c01
01fa01
037f03
046004
039b03
02ba02
02dd02
033503
030803
02b402
02ad02
029302
021102
01fb01
025f02
018401
ff44ff
fd76fd
fc27fc
fa1dfa
f7d4f7
f678f6
f635f6
f662f6
f5a0f5
f37cf3
f1a1f1
f129f1
f0f0f0
efe9ef
ee80ee
ed7eed
ecd1ec
eb6eeb
e96ae9
e8d0e8
ea2dea
eb62eb
ebc5eb
ed03ed
ef69ef
f17ff1
f2c3f2
f3d2f3
f4d9f4
f587f5
f639f6
f7b7f7
f9a6f9
fb10fb
fc05fc
fc7dfc
fba3fb
fa2efa
fa2efa
fbb6fb
fcd3fc
fc52fc
fa46fa
f740f7
f439f4
f225f2
f0cef0
ef0aef
ecd0ec
eb41eb
e9ece9
e7aee7
e5dce5
e58fe5
e46ae4
e0f1e0
dd3ddd
daaeda
d881d8
d68cd6
d55dd5
d527d5
d57cd5
d53dd5
d47dd4
d503d5
d6dfd6
d8acd8
db18db
dee2de
e1fde1
e313e3
e390e3
e4cae4
e6c1e6
e89be8
e8cbe8
e745e7
e67be6
e7bee7
e9fae9
ed36ed
f2c9f2
f9bef9
ff7bff
032303
059105
088008
0ddd0d
149514
192f19
1b931b
1df11d
1f521f
1f101f
201e20
232e23
259425
266f26
25dd25
240724
236023
24d424
25b725
259625
259325
23af23
1f511f
1bda1b
1aa11a
1a391a
19cc19
183f18
14f414
114a11
0dfb0d
0b090b
091809
06e106
024c02
fce0fc
f92ef9
f6f0f6
f5c8f5
f6a6f6
f8c0f8
f990f9
f84cf8
f6d7f6
f6eff6
f845f8
f9e4f9
fb06fb
faccfa
fa03fa
fab0fa
fcb3fc
feedfe
014701
027802
018301
00d100
025302
055d05
09b609
0e820e
11cc11
142d14
16b316
189a18
1b451b
201320
241324
25e225
27d727
29df29
2aec2a
2c742c
2ead2e
30bb30
333633
354f35
360836
377b37
3a783a
3d133d
3f373f
416641
42ad42
435343
43c343
430543
41a741
40e540
400c40
3ecb3e
3da93d
3c043c
39a039
377c37
359735
32e232
2efd2e
2b222b
28ae28
264a26
224f22
1efa1e
1df01d
1c651c
192619
168816
153c15
148214
13f413
126a12
102b10
0ef30e
0df70d
0c1c0c
0a960a
096e09
080808
079207
07d207
07cb07
08a408
098b09
07d207
052905
046904
044504
03aa03
03d703
04f504
066e06
07ae07
07a107
06ee06
072307
076307
06b406
063d06
06a706
074a07
07b807
07e207
083808
08fd08
093609
083408
06c806
05c705
050705
039403
011e01
ff4eff
fefcfe
fe6cfe
fd71fd
fe37fe
00bf00
034e03
052d05
05f305
060606
06a906
079e07
086808
09cf09
0b320b
0b1a0b
09d509
07f807
05f205
048004
029602
ff8fff
fde0fd
fde0fd
fcdcfc
fb1afb
f9d4f9
f76cf7
f3d1f3
f11ef1
ef5fef
edc4ed
ec2bec
ea13ea
e7d4e7
e5fae5
e3d5e3
e208e2
e1ade1
e11ee1
df0cdf
dc68dc
d999d9
d722d7
d591d5
d32bd3
cf84cf
cd64cd
cd5fcd
cd9dcd
ce0bce
cefbce
cfc7cf
cfe3cf
cecece
cdc3cd
cf23cf
d194d1
d273d2
d320d3
d525d5
d75ed7
d946d9
dafcda
dcd8dc
e022e0
e3d5e3
e661e6
ea72ea
f0c8f0
f4eaf4
f6a9f6
fa89fa
00cb00
072b07
0d2e0d
122212
15cf15
191719
1be21b
1f0a1f
23de23
281328
295629
293629
296f29
2a8a2a
2c622c
2c802c
29b629
264626
222922
1c261c
176817
164416
15a415
130913
0fa50f
0d390d
0bd30b
09bc09
06e506
05f005
063b06
042e04
009800
fe66fe
fd17fd
fbeefb
fb81fb
fbb4fb
fd1efd
ffa4ff
00af00
005300
01b601
049004
066a06
074307
081f08
09cf09
0caa0c
0f100f
101810
113d11
124312
11e211
122c12
157d15
1a601a
1e211e
1feb1f
20db20
224522
239823
239423
22b722
21b521
202620
1e5b1e
1d8c1d
1e361e
1fc41f
20d220
207920
1f9d1f
1fc41f
213721
22bb22
22da22
220c22
21f021
222b22
21d521
21fa21
22b222
225422
215821
214f21
219d21
217321
212f21
20db20
204920
1f111f
1c731c
193f19
16ff16
152415
128a12
0f820f
0c3d0c
088308
04df04
022902
011201
016d01
016701
ffd4ff
fe17fe
fd94fd
fdd5fd
fe3efe
feedfe
ffacff
ff68ff
fd8bfd
fb85fb
fb27fb
fc22fc
fd02fd
fd08fd
fc33fc
fb69fb
fb62fb
fb3cfb
faaefa
fac5fa
faccfa
f978f9
f826f8
f808f8
f835f8
f858f8
f882f8
f817f8
f752f7
f65df6
f471f4
f243f2
f0def0
ef41ef
ed60ed
ecbeec
ecc0ec
ebf2eb
ea83ea
e883e8
e622e6
e4dde4
e4d7e4
e4b5e4
e4a6e4
e55ae5
e64ae6
e76de7
e926e9
eab7ea
eb53eb
eb41eb
eb45eb
ec24ec
edd9ed
ef42ef
efb8ef
efd4ef
efe8ef
efa8ef
ef7eef
f004f0
f06af0
efb3ef
eeb5ee
ee80ee
ee5eee
ed60ed
eba3eb
e949e9
e696e6
e423e4
e1c0e1
df72df
de38de
dd89dd
db8adb
d905d9
d8a8d8
da91da
dc35dc
dbfedb
db0cdb
db72db
dd0add
dddfdd
ddb6dd
ddb0dd
dd53dd
dbdedb
dab2da
db3fdb
dc97dc
dccfdc
db66db
d9c5d9
d97bd9
da34da
da98da
dae6da
dc67dc
de6dde
df0fdf
df2edf
e16ce1
e4f5e4
e70fe7
e920e9
ee7eee
f5d0f5
fa40fa
f9d4f9
f7a7f7
f846f8
fc43fc
00b600
04df04
096f09
0bfb0b
0b230b
0b4e0b
102b10
16d816
1a4c1a
193719
169d16
15d715
166a16
167e16
16c516
172117
151a15
110b11
0e130e
0d460d
0dd50d
0e430e
0caa0c
09f309
08ea08
08d008
077f07
06a806
086308
0ab30a
0b0c0b
0a440a
0a570a
0a6c0a
088e08
069d06
07e107
0a640a
0a2e0a
08b508
09b509
0cdd0c
0fbd0f
11a711
134713
151d15
170317
18f018
1b631b
1de41d
1eba1e
1ce91c
195619
16c016
17d617
1b5c1b
1d691d
1d4a1d
1d221d
1d5e1d
1d841d
1e281e
1f611f
204920
201c20
1f001f
1e9c1e
200320
215121
208c20
1ebc1e
1dbc1d
1e261e
1f901f
20a220
206420
1f531f
1dda1d
1c191c
1b221b
1b401b
1ab51a
185418
156915
13d013
134513
11e011
0f600f
0d940d
0c900c
0a630a
071507
049a04
033603
017501
fef0fe
fc7cfc
fa4afa
f7fff7
f658f6
f642f6
f702f7
f7daf7
f91cf9
f9eff9
f91cf9
f81ff8
f92df9
fc1bfc
ffbeff
035703
066706
092209
0c240c
0f9e0f
133213
15ec15
17b717
1a231a
1d4b1d
1f7a1f
213921
23ca23
258125
252625
247124
247324
248224
23e323
220122
1f6e1f
1d6b1d
1b711b
18ac18
15f715
139513
10f010
0e4f0e
0b8a0b
083c08
052805
025302
ff14ff
fc76fc
fb69fb
fb53fb
fbd1fb
fc01fc
fa97fa
f8b6f8
f83af8
f862f8
f7c6f7
f62cf6
f3e0f3
f1d6f1
f0b6f0
f02bf0
f0a2f0
f264f2
f3e7f3
f495f4
f59af5
f709f7
f854f8
f984f9
fa2ffa
fa26fa
f9cff9
f903f9
f88bf8
f9ebf9
fbf6fb
fca0fc
fc8dfc
fca4fc
fc85fc
fc67fc
fc6efc
fc49fc
fc32fc
fbb5fb
fa41fa
f953f9
f9fef9
fb1cfb
fbf9fb
fc79fc
fc05fc
fb76fb
fc28fc
fd61fd
fe27fe
fe9efe
fe91fe
fe01fe
fd76fd
fc95fc
fb26fb
f9cbf9
f843f8
f5e8f5
f33df3
f0c8f0
ee97ee
ecd1ec
eb2aeb
e971e9
e8bee8
e9b7e9
eb46eb
ecacec
ef35ef
f487f4
fb7efb
006c00
01e201
02cc02
05c305
09be09
0d0b0d
0fd50f
123212
12b712
113011
10c510
145c14
19d519
1cae1c
1bf51b
1a2c1a
197319
1a3b1a
1bc91b
1cf21c
1d1c1d
1c041c
197419
167416
152015
15db15
15e915
128512
0d1d0d
09d309
093e09
07e207
04b404
025702
013a01
fee0fe
fb28fb
f8b4f8
f831f8
f7bdf7
f6c2f6
f69af6
f77cf7
f822f8
f851f8
f906f9
fad2fa
fda0fd
00d700
039403
062206
09c509
0e090e
10ce10
117411
112e11
103010
0dbd0d
0b560b
0c040c
0f280f
10cb10
104510
10e310
139113
161016
17a117
191119
19ce19
18d018
16da16
15b815
15ec15
162b16
155d15
13eb13
12d212
12e812
147714
165716
171517
16ef16
16b616
165516
163b16
175b17
190619
197619
187c18
17b517
17d417
179317
166c16
164616
180818
197319
18e418
17d017
17ce17
183618
17af17
166f16
15df15
163916
15ff16
146614
124b12
10be10
0fd70f
0e740e
0b7e0b
081a08
064906
05be05
052805
048f04
043a04
03ef03
03bc03
03d703
04ab04
066706
07f807
088608
08dd08
095109
093209
088108
078a07
068a06
062f06
060a06
051305
03e303
02c102
007600
fd8dfd
fbaefb
fa30fa
f7cbf7
f513f5
f33df3
f2baf2
f277f2
f0e7f0
eed3ee
ede1ed
ed6aed
ecc5ec
ece2ec
ed7bed
ed4fed
ec4fec
eafbea
ea57ea
eb9eeb
ee0bee
f00ff0
f1a5f1
f2dcf2
f399f3
f489f4
f54cf5
f4d7f4
f3ecf3
f382f3
f36ef3
f3b1f3
f3d4f3
f328f3
f279f2
f23ff2
f1b4f1
f10df1
f056f0
ee8bee
ec7eec
eba7eb
eb33eb
ea6eea
e9b7e9
e86de8
e697e6
e592e5
e56fe5
e571e5
e521e5
e3c1e3
e1ade1
dfeedf
ddb3dd
dae0da
d970d9
d8efd8
d715d7
d4c0d4
d435d4
d575d5
d724d7
d7f8d7
d7b4d7
d757d7
d6edd6
d61fd6
d654d6
d7cdd7
d806d8
d5ecd5
d2e3d2
cffccf
cde1cd
cd12cd
cd2ecd
cddecd
cf16cf
d0e3d0
d44ed4
da10da
e0afe0
e677e6
eb02eb
ee70ee
f1fdf1
f710f7
fc86fc
001500
013201
00ac00
ffd4ff
006b00
037603
086808
0cec0c
0e220e
0c7f0c
0bfb0b
0e2e0e
109310
119111
121612
126212
114611
0ea30e
0c9e0c
0cd00c
0d3b0d
0b1a0b
076407
04c304
038403
02f402
036c03
04ba04
054f05
045204
02ba02
01fb01
026102
034003
041b04
04b504
04d104
048804
041204
039503
03b503
04bc04
052d05
03b203
01fa01
029f02
04bb04
053a05
03e203
030403
02df02
01eb01
00ce00
015d01
02b302
028602
014701
017d01
03d103
06a506
090509
0b080b
0c0e0c
0bb60b
0b6b0b
0c470c
0d5f0d
0ddb0d
0e180e
0e820e
0f920f
121412
161d16
1a8e1a
1e0e1e
205920
225e22
24cd24
277327
2a012a
2b982b
2ae82a
289928
271627
273627
27f827
288228
289728
28a728
293829
298a29
28ac28
271827
257725
23a723
215321
1e7b1e
1c401c
1be01b
1c1b1c
1b1d1b
19da19
197e19
18d718
16e416
141b14
114811
0f3a0f
0dd00d
0beb0b
09c509
088c08
082e08
080908
080c08
086608
093409
097c09
080408
063506
059f05
045704
014701
ff46ff
ffa2ff
ffd7ff
fe4ffe
fc52fc
fb7afb
fb85fb
fb26fb
faadfa
facffa
f980f9
f54af5
f0d4f0
ee2dee
ebe3eb
e8f8e8
e5eae5
e2f6e2
e0c8e0
dfe7df
df6ddf
deb9de
de49de
de59de
de82de
de62de
deb7de
e117e1
e4cce4
e75be7
e943e9
ecc7ec
f10af1
f415f4
f69af6
fa11fa
fe06fe
00b500
018201
022f02
03d703
04d804
04a604
051105
062506
064106
057105
04c404
04d004
059005
05cc05
046f04
024902
005f00
fed5fe
fdcdfd
fcfdfc
fbfffb
fb61fb
fb38fb
fadcfa
fa78fa
f9c3f9
f769f7
f3d6f3
f0bff0
ee47ee
ebbfeb
e936e9
e700e7
e563e5
e40ee4
e22be2
e039e0
df90df
dfd3df
df6ddf
dde7dd
dc25dc
db18db
da7bda
d96bd9
d85ed8
d7f1d7
d6cfd6
d48dd4
d3d6d3
d656d6
da4fda
de09de
e18ce1
e4cee4
e7c6e7
ec05ec
f338f3
fc18fc
034303
074e07
099909
0ba80b
0e850e
136913
19ed19
1f111f
208020
1fa11f
1fa31f
219721
245f24
271b27
291629
28e428
266826
239923
21b921
201f20
1e061e
1b4f1b
182818
151815
12e512
123212
132213
14e514
162716
163316
155a15
14bc14
156115
16c516
171f17
158d15
12e912
103910
0d9c0d
0b730b
0b3d0b
0d3f0d
0f200f
0f3c0f
0eeb0e
0fae0f
114d11
133d13
14d814
14dd14
128612
0ecb0e
0c1b0c
0bf10b
0cbd0c
0c590c
0b510b
0b250b
0c090c
0ded0d
10a310
130013
13d413
12d212
111611
10de10
128a12
13c313
135513
125512
11b011
11ba11
126412
131313
13f713
153c15
159f15
154f15
16a416
19bc19
1c251c
1c981c
1b9c1b
1a761a
19fa19
196519
185418
17b517
170d17
155415
139213
122e12
104110
0ed00e
0ede0e
0f020f
0e920e
0e3e0e
0d8f0d
0c5c0c
0be00b
0c570c
0cdd0c
0d1b0d
0d780d
0e990e
101810
10c310
10dc10
111611
108810
0f3c0f
0f030f
0fa60f
0f330f
0d880d
0be10b
0acc0a
09ca09
07eb07
055805
032f03
017b01
ffd9ff
feaffe
fdacfd
fc21fc
faaefa
f9b8f9
f8e0f8
f8eff8
fa79fa
fbe6fb
fb98fb
f9c1f9
f76ff7
f57df5
f40af4
f2b6f2
f1b7f1
f16ef1
f19cf1
f22cf2
f378f3
f561f5
f720f7
f7f9f7
f82cf8
f89df8
f955f9
f9f4f9
faddfa
fbc0fb
fb69fb
fa58fa
fa0dfa
fa6ffa
fadbfa
fb58fb
fbaffb
fba4fb
fb54fb
fabcfa
fa5efa
fab8fa
fac3fa
f999f9
f816f8
f6faf6
f603f6
f4d4f4
f2f3f2
f040f0
ed67ed
eabbea
e87de8
e777e7
e728e7
e620e6
e4bfe4
e43ae4
e428e4
e3c9e3
e37be3
e3c8e3
e47de4
e4cce4
e44ae4
e377e3
e252e2
e02fe0
ddf9dd
dd73dd
de00dd
dd58dd
dabfda
d783d7
d55fd5
d4f5d4
d593d5
d653d6
d681d6
d54bd5
d2f9d2
d181d1
d1fbd1
d34cd3
d42cd4
d445d4
d3d4d3
d434d4
d725d7
dbe5db
dfd5df
e283e2
e568e5
e876e8
eb41eb
ef2def
f49cf4
f911f9
fad5fa
fb76fb
fd84fd
017501
054d05
077d07
08c708
09ea09
0a770a
0b280b
0ce40c
0e2e0e
0dc80d
0ced0c
0c640c
0b970b
0a9a0a
096209
06f706
036a03
006a00
ff24ff
fecbfe
fde5fd
fceffc
fd93fd
ff45ff
003800
00cd00
01f401
028a02
019101
002c00
ff56ff
fe08fe
fb4dfb
f8c9f8
f8aef8
fa34fa
fba7fb
fda3fd
003500
015501
016801
034303
067106
077907
051105
00a600
fbb3fb
f77bf7
f555f5
f515f5
f4a8f4
f33cf3
f2a7f2
f3dff3
f606f6
f99ef9
fed4fe
025902
020602
00b900
014601
02ef02
048404
066106
08da08
0b4d0b
0d4c0d
0ff10f
141414
184e18
1b911b
1e8d1e
20eb20
223822
240e24
267626
274427
271427
27fb27
290c29
28ea28
283c28
276f27
269526
262f26
25ca25
244e24
215421
1d201d
18ec18
15c715
12c512
0f580f
0d0a0d
0bfc0b
0a460a
080608
06e606
065906
048804
01b101
ffa2ff
fe8afe
fcddfc
fa9dfa
f9b3f9
fa2ffa
fa30fa
f9bff9
fa77fa
fc0ffc
fcdcfc
fc9efc
fc40fc
fc12fc
fbf8fb
fc82fc
fddefd
fe91fe
fd92fd
fc15fc
fb30fb
fa2dfa
f88ff8
f6eaf6
f55ef5
f3b4f3
f270f2
f1f7f1
f183f1
f06df0
efa5ef
f021f0
f10cf1
f182f1
f214f2
f308f3
f3fff3
f528f5
f640f6
f696f6
f6f5f6
f83ff8
f9acf9
fafbfa
fcb3fc
fdd4fd
fd85fd
fd46fd
fe77fe
005f00
01b201
022f02
027702
02b702
025e02
01b001
018b01
015d01
002900
fe7cfe
fd3efd
fc9cfc
fc4cfc
fb77fb
f9a1f9
f77ef7
f58df5
f3bdf3
f238f2
f06cf0
ed31ed
e8eae8
e4e6e4
e144e1
dd63dd
d923d9
d548d5
d2b4d2
d11dd1
d00dd0
d00fd0
d082d0
cfa4cf
ce14ce
cd5dcd
cc8dcc
cb02cb
ca2bca
ca0fca
c931c9
c732c7
c42dc4
c072c0
bdcabd
bdc3bd
bf9abf
c14ac1
c18fc1
c143c1
c283c2
c5bec5
c9cec9
ce66ce
d35ad3
d7efd7
dd16dd
e47ae4
ecf8ec
f404f4
f994f9
ffa3ff
071107
0eb00e
150215
19e319
1daa1d
201a20
21f421
250025
28bd28
2a782a
299c29
289428
296729
2c062c
2f1a2f
310a31
313331
304930
2f2f2f
2e402e
2d9d2d
2d202d
2bc82b
281828
224122
1d3c1d
1b1b1b
196e19
15b615
126912
11b711
10b710
0daa0d
0b980b
0b570b
09bd09
067f06
044704
031503
014f01
ff86ff
fecefe
fea1fe
fec8fe
000600
01b901
022c02
022202
03dd03
066d06
075107
076e07
081e08
073f07
043704
02ef02
052505
078307
07e407
082908
09ed09
0c750c
0f4d0f
130413
16cf16
191f19
1ad91a
1def1d
21a821
247d24
26d126
28e928
2a872a
2cff2c
310931
349934
362836
36cd36
37bb37
38bb38
395439
39c839
3a4d3a
39f339
386d38
37c637
38ea38
395739
37a637
35a535
342434
31f331
2ef72e
2c092c
292f29
25ea25
221e22
1e831e
1c161c
1ac51a
19b019
185e18
16e216
15fa15
162816
15ec15
139413
105d10
0e5d0e
0d340d
0bbc0b
0a3c0a
091109
078b07
055405
03da03
048e04
060706
05da05
048c04
03c003
031703
023402
01d001
012601
feb9fe
fb37fb
f82ef8
f5b6f5
f334f3
f0a2f0
ee64ee
ec80ec
eac8ea
e9b9e9
e9b9e9
e9f6e9
e9e4e9
ea08ea
ea56ea
ea7eea
eb28eb
ec4fec
ed0ced
eda0ed
eebaee
f00df0
f184f1
f31cf3
f40af4
f47cf4
f5b8f5
f7b6f7
f969f9
fa88fa
fb54fb
fc37fc
fd7ffd
fec0fe
ff7bff
ff9bff
fe82fe
fbd2fb
f8a7f8
f615f6
f40af4
f22df2
f003f0
ed61ed
eb51eb
ea8eea
ea35ea
e975e9
e85fe8
e6eae6
e54ee5
e432e4
e384e3
e2d6e2
e275e2
e27ce2
e238e2
e16ae1
e0bfe0
e060e0
df75df
dddedd
dce0dc
dce2dc
dc91dc
dbb5db
dbe4db
dd42dd
de3ede
ded5de
e044e0
e1e8e1
e1cde1
dfdcdf
de15de
ddb6dd
ddbcdd
dc9fdc
da93da
d906d9
d87ad8
d810d8
d789d7
d878d8
dbaedb
defdde
e10ae1
e497e4
eb68eb
f20df2
f59ff5
f889f8
fdb3fd
042204
09bf09
0e380e
11ad11
136713
132b13
126112
127612
130213
12a512
107d10
0d160d
0b150b
0c9e0c
0fe40f
11f311
12c612
12d512
111711
0e2a0e
0c5f0c
0c110c
0b380b
07a907
016f01
fbeafb
f9eaf9
f9f0f9
fa05fa
fb31fb
fdcafd
ffeaff
013b01
037d03
072707
0a210a
0a3e0a
085208
06aa06
04fc04
024002
005000
00af00
020502
034d03
042404
03a303
033c03
054105
07ae07
076e07
059605
038803
000200
fb67fb
f8d1f8
f9a5f9
fbc3fb
fca0fc
fcc3fc
fe5bfe
010b01
031b03
052705
07c807
093c09
090109
08c008
090309
098509
0a7c0a
0b460b
0b5f0b
0bf30b
0d6e0d
0ecd0e
104e10
12dc12
158e15
16d416
16b016
162d16
15d915
158815
154015
158515
161f16
160416
14f614
138f13
124f12
11c411
11b511
106d10
0d3c0d
09cb09
071c07
044804
011801
fe8afe
fcbafc
fac2fa
f88cf8
f748f7
f7e1f7
f97cf9
fa78fa
fa5ffa
f9d3f9
f954f9
f90ef9
f905f9
f91af9
f945f9
f94ff9
f8e3f8
f870f8
f8b6f8
f959f9
f9a8f9
f9f5f9
fae7fa
fc7cfc
fddcfd
fde5fd
fcc6fc
fc09fc
fbeffb
fb58fb
fa9efa
fad5fa
fb2efb
fa74fa
f949f9
f8bef8
f8b2f8
f84ef8
f748f7
f646f6
f5abf5
f4b0f4
f2f8f2
f155f1
f029f0
ef41ef
eee1ee
eefeee
ef0fef
ef11ef
eed6ee
edd8ed
eccbec
ecadec
eca4ec
eb53eb
e8f3e8
e6d3e6
e617e6
e6f9e6
e8b0e8
ea5bea
eb77eb
ebbeeb
eba1eb
ec00eb
ecd7ec
ed6ced
ed30ed
ebc9eb
e986e9
e792e7
e659e6
e535e5
e41be4
e3aee3
e3f1e3
e445e4
e495e4
e5bde5
e81fe8
ea75ea
eb95eb
ec1dec
ecb8ec
ed14ed
ed5bed
ede8ed
ee28ee
ed84ed
ebd1eb
e93fe9
e74de7
e711e7
e6b5e6
e472e4
e1bde1
e05de0
e000e0
dfe6df
dffddf
e0a9e0
e1dfe1
e213e2
e081e0
dfa7df
e161e1
e386e3
e3ebe3
e39de3
e497e4
e79ae7
ec1dec
f192f1
f882f8
fff0ff
043d04
054905
082608
0ea30e
148114
16af16
164616
153f15
148c14
144f14
14e214
16e016
189118
16e716
12dd12
10b510
11ba11
135413
12bb12
0f650f
0b240b
075207
02fe02
fe2efe
faa1fa
f77af7
f234f2
eba7eb
e6e9e6
e56de5
e687e6
e862e8
e9fee9
ec5bec
efb2ef
f299f2
f56bf5
f98ff9
fdf0fd
007e00
012401
011001
012a01
017401
019b01
028302
04e504
073907
085208
095309
0aff0a
0d1c0d
0f8c0f
10fa10
100410
0e360e
0d9e0d
0dcd0d
0e4f0e
0fe50f
126c12
150015
176417
1a151a
1dd11d
222b22
253725
264a26
26d326
279f27
286728
292229
29a529
29c129
29c829
29b329
299129
2a632a
2bfe2b
2ccf2c
2ce12c
2d212d
2c832c
2a152a
273b27
24f524
226522
1f211f
1bf81b
198519
17ba17
167016
15cd15
15e315
15dc15
146e14
117b11
0e200e
0b2f0b
08b008
067a06
045c04
023202
002100
fe91fe
fe1ffe
ff45ff
015d01
030303
03e003
04aa04
059705
067a06
07b007
099009
0bc50b
0da70d
0e8b0e
0e7c0e
0e8c0e
0f270f
0f5e0f
0eeb0e
0ed00e
0f430f
0f510f
0eba0e
0e490e
0e610e
0e440e
0d300d
0b910b
0a4e0a
099409
093109
090609
089d08
077907
05b505
03b003
01df01
00da00
007f00
ffd7ff
fe6cfe
fca9fc
fb1ffb
f9fcf9
f8fef8
f812f8
f7c3f7
f832f8
f8def8
f9c6f9
fb0afb
fc06fc
fc7afc
fce4fc
fd04fd
fc3bfc
fadbfa
f9a6f9
f8d5f8
f824f8
f743f7
f660f6
f5a7f5
f4adf4
f3cdf3
f441f4
f599f5
f610f6
f581f5
f4c6f4
f3d9f3
f2d0f2
f1fcf1
f0dcf0
ef24ef
ed56ed
eb97eb
e9f8e9
e8eee8
e822e8
e6d8e6
e591e5
e552e5
e607e6
e6ace6
e6b4e6
e6b5e6
e715e7
e6ffe6
e62ce6
e5a2e5
e53fe5
e3c7e3
e1b7e1
e05ee0
df69df
de2ade
dcb9dc
dac2da
d7fbd7
d56fd5
d440d4
d485d4
d5e3d5
d7d3d7
d94ad9
d9b4d9
da2fda
dc7adc
e0a3e0
e574e5
eaa6ea
f01ef0
f464f4
f72cf7
fb02fb
015c01
07ba07
0b030b
0b510b
0b030b
0bb20b
0d080d
0e150e
0e9b0e
0e6e0e
0d1c0d
0b680b
0b7f0b
0e470e
11be11
133913
125612
109210
0ee60e
0d4d0d
0bfc0b
0b2f0b
0a290a
080e08
054705
032e03
02da02
048704
076a07
0a3a0a
0c880c
0ed20e
111511
12fe12
155315
188a18
1aaa1a
19c519
174417
15c415
159d15
159e15
153a15
14c914
149414
140014
12aa12
120312
135113
14dc14
144914
11db11
0f310f
0d580d
0cc10c
0d110d
0d980d
0e150e
0e270e
0dd30d
0e590e
102810
11f911
12f612
12f012
11c411
10b310
10e510
114f11
115311
11cc11
123112
11df11
127912
14f414
17fe17
1a931a
1c561c
1cf01c
1cbc1c
1bf91b
1a9b1a
196119
185218
162216
130813
107210
0e8f0e
0d880d
0dd70d
0e750e
0e920e
0eca0e
0ead0e
0d6c0d
0c250c
0ba40b
0af40a
098c09
07a007
058205
042904
03ff03
044504
04be04
052e05
046c04
02ac02
017501
00ce00
fff0ff
feb8fe
fc80fc
f8e4f8
f559f5
f33ef3
f24cf2
f1dcf1
f17df1
f125f1
f17ef1
f295f2
f368f3
f39bf3
f367f3
f28ef2
f10ff1
ef4aef
ed39ed
eb37eb
ea1fea
e9e1e9
ea09ea
ead4ea
ec21ec
ed3aed
ee11ee
eec7ee
ef04ef
eed3ee
ee65ee
ed47ed
eb7deb
e9f2e9
e8ece8
e7ffe7
e729e7
e675e6
e5b8e5
e551e5
e5b0e5
e676e6
e6e7e6
e694e6
e5cfe5
e5a8e5
e64fe6
e67ce6
e597e5
e446e4
e2a8e2
e0ebe0
e013e0
e016e0
dfe3df
df82df
df40df
dec1de
de97de
df81df
e0b1e0
e17de1
e237e2
e2b4e2
e306e3
e418e4
e5c9e5
e728e7
e803e8
e86ce8
e87fe8
e886e8
e81fe8
e779e7
e80be8
e94fe9
e8c9e8
e6b4e6
e52ce5
e417e4
e2b1e2
e1afe1
e16ae1
e12ae1
e03fe0
de9cde
dd56dd
dd35dd
dcebdc
db4ddb
d906d9
d64cd6
d2edd2
d03bd0
cf58cf
cfc6cf
d0e8d0
d24ad2
d3e3d3
d6e2d6
db84db
dfeedf
e38ce3
e812e8
ee51ee
f527f5
fb10fb
ffa4ff
03b203
075207
097b09
0a980a
0c1f0c
0d8d0d
0d860d
0c250c
0a570a
098e09
0ad20a
0c870c
0cba0c
0c650c
0c7b0c
0bb30b
09c309
085808
082a08
07dc07
05ce05
02e202
01d101
029502
02ca02
02ce02
047804
06fe06
094609
0bc70b
0e760e
117b11
156615
189318
193d19
189118
178b17
156b15
12d212
11a811
128912
145814
154015
152f15
162816
17fa17
185f18
182718
193e19
19cb19
17dd17
153e15
13fa13
13f013
143014
140b14
141114
153015
168816
173c17
186818
1a451a
1b121b
19fe19
17c017
153f15
131913
10f410
0e5f0e
0c640c
0baf0b
0b340b
0aaa0a
0af50a
0bf20b
0ca00c
0c590c
0b170b
096909
074b07
040404
004000
fd6afd
fb4bfb
f98cf9
f902f9
f9a6f9
fa99fa
fb83fb
fbf1fb
fbc1fb
fbf1fb
fcbdfc
fd76fd
fe47fe
ff45ff
ffc9ff
000a00
009000
017001
031f03
057705
076e07
095f09
0c0f0c
0e640e
0fd50f
117c11
131313
135013
124b12
10d510
0f9f0f
0f470f
0f6f0f
0f7c0f
0fa60f
0fb00f
0f3d0f
0f480f
105b10
118111
123312
124b12
115411
0fe70f
0ef90e
0df80d
0c400c
0a650a
08b808
06e306
04b804
025502
004000
febffe
fd48fd
fbccfb
fac4fa
f989f9
f762f7
f4f4f4
f2b0f2
f024f0
ed60ed
eac8ea
e891e8
e729e7
e698e6
e678e6
e6e2e6
e7a3e7
e7c9e7
e742e7
e6dfe6
e6eee6
e71de7
e6c3e6
e5b8e5
e542e5
e62de6
e74be7
e807e8
e911e9
ea2eea
eb28eb
ecdcec
ef12ef
f0abf0
f1adf1
f21cf2
f19ff1
f12cf1
f1c2f1
f2edf2
f442f4
f587f5
f64af6
f72af7
f8e5f8
fac4fa
fc5afc
fde4fd
fea5fe
fe60fe
fe13fe
fd9cfd
fc65fc
fb27fb
f9fcf9
f82ef8
f67ff6
f5c8f5
f572f5
f52cf5
f4d3f4
f3a3f3
f222f2
f1bbf1
f209f2
f1faf1
f1c0f1
f19df1
f167f1
f163f1
f1c5f1
f2acf2
f4aaf4
f7c7f7
faf0fa
fd3efd
ff17ff
021302
070407
0c070c
0eb50e
0f4b0f
0f1e0f
0e740e
0df00d
0e920e
0f650f
0e480e
0afe0a
079b07
062706
068906
078207
08d508
0a250a
09cb09
07aa07
060306
05ee05
068c06
06cc06
056c05
024102
ff67ff
fe34fe
fe18fe
ff7fff
029f02
052705
05e605
06c306
091709
0c5e0c
0fb00f
11ee11
12a712
124a12
109610
0e0a0e
0d180d
0e300e
0ef40e
0ec40e
0ec10e
0eec0e
0f4e0f
108710
123112
13c713
14e614
13fd13
10c010
0de60d
0d1b0d
0d030d
0c9b0c
0c660c
0cb30c
0d5d0d
0e7b0e
107f10
13ba13
172617
190819
195019
194c19
195319
18da18
17d717
16b216
159215
145114
130113
125412
12b412
137813
13c313
139013
137a13
13d013
13cf13
129c12
10d910
0f5a0f
0d710d
0af90a
099f09
0a090a
0ab90a
0aac0a
0ab60a
0c090c
0e6a0e
104710
111811
11e711
127f12
119311
0ff60f
0f8c0f
0fe70f
0f7e0f
0e4a0e
0d4b0d
0d220d
0d700d
0d740d
0d890d
0e5c0e
0ed20e
0d5a0d
0a530a
073207
050505
040204
035e03
028c02
022502
025d02
028702
029f02
02ed02
02e902
01f601
fffcff
fd57fd
faf9fa
f95ff9
f7f4f7
f680f6
f55af5
f43ef4
f2f7f2
f214f2
f1cbf1
f1aaf1
f140f1
f04ff0
eeffef
ed94ed
ebd2eb
e9e2e9
e8d2e8
e8b8e8
e847e8
e6dbe6
e53ce5
e45fe4
e45de4
e48de4
e4c0e4
e5a8e5
e725e7
e7e9e7
e792e7
e701e7
e681e6
e568e5
e37ee3
e1a1e1
e091e0
dfd9df
df27df
df5fdf
e075e0
e0b5e0
dfb1df
ded8de
dedfde
df3edf
df58df
df01df
de9fde
de46de
dd78dd
dcdbdc
dd57dd
ddd7dd
dd90dd
dde1dd
df56df
e0fbe0
e273e2
e35ee3
e3b6e3
e4c4e4
e63be6
e680e6
e6b0e6
e7f3e7
e864e8
e7abe7
e791e7
e79be7
e716e7
e6dfe6
e63ce6
e4b2e4
e3bae3
e2a8e2
e041e0
de22de
dbf3db
d7bdd7
d3ffd3
d2edd2
d254d2
d247d2
d444d4
d5f8d5
d70fd7
da7ada
df30df
e39ae3
e97de9
ef72ef
f2a7f2
f4eff4
f6eff6
f6fbf6
f75af7
f8ccf8
f7c1f7
f586f5
f554f5
f4c2f4
f396f3
f52cf5
f729f7
f6e3f6
f76bf7
f8e2f8
f91af9
fab4fa
fe54fe
008200
01e701
03b103
039903
033f03
057805
079707
08c108
0b3b0b
0cbd0c
0c220c
0d680d
102310
111311
11fd11
132913
119511
0f360f
0ea40e
0d630d
0b300b
0a540a
097f09
080708
080108
08c108
092009
0a520a
0b7c0b
0b310b
0ae30a
0a900a
08f108
07b907
079f07
06b606
05d205
068206
071107
072407
08e808
0c1e0c
0f3b0f
123b12
14b814
15f315
166016
165516
15ba15
14d114
137513
116e11
0f300f
0d310d
0c260c
0c950c
0d1f0d
0c850c
0c100c
0c9c0c
0d140d
0d300d
0d650d
0d300d
0c410c
0b3a0b
0aa20a
0a850a
0a6b0a
0a490a
0b330b
0d0f0d
0e570e
0f8a0f
11ff12
149414
167f16
18f418
1b8b1b
1d0c1d
1e7b1e
205a20
214c21
214921
215621
215421
20db20
1fa91f
1d9b1d
1b921b
1a151a
183218
15b315
133913
109610
0e3a0e
0d230d
0c530c
0a9e0a
090d09
083f08
075707
066c06
061206
05d305
053f05
044104
029e02
007300
fdedfd
fad5fa
f75df7
f3d7f3
f011f0
ec46ec
e8f7e8
e5dae5
e2dce2
e09ee0
def3de
dd49dd
dbe0db
dacada
d98ad9
d843d8
d753d7
d67cd6
d5a2d5
d525d5
d548d5
d5f2d5
d6dad6
d7f4d7
d9c3d9
dc72dc
df72df
e28ae2
e5dae5
e8ffe8
ebb3eb
ee4fee
f0d8f0
f2d1f2
f438f4
f569f5
f640f6
f66ef6
f64bf6
f680f6
f6e8f6
f6e3f6
f6a4f6
f6c1f6
f6f1f6
f6eaf6
f776f7
f909f9
fab0fa
fb82fb
fbb2fb
fbfcfb
fcd5fc
fdf2fd
fe84fe
fe46fe
fda9fd
fcdcfc
fbd2fb
fae7fa
fa6afa
f9f6f9
f900f8
f799f7
f66ef6
f5f5f5
f5a9f5
f4baf4
f355f3
f1dff1
efd8ef
ed36ed
eb1beb
e9a6e9
e76ae7
e41ae4
e107e1
deddde
dd64dd
dcc7dc
dd23dd
de1bde
df80df
e127e1
e2cfe2
e531e5
e913e9
ed78ed
f10cf1
f42bf4
f778f7
fa98fa
fd58fd
ffe7ff
020e02
037203
03cb03
033d03
030403
03f603
04ff05
053f05
055005
052605
046704
046504
05cb05
070107
074f07
079107
07c107
07e307
091a09
0b4f0b
0d5c0d
0f800f
123312
14d514
176717
1a8b1a
1ddb1d
206c20
218a21
20f020
1f9a1f
1eca1e
1e141e
1ce21c
1bf31b
1b411b
19fc19
18f018
191f19
198719
195b19
196419
198519
187918
165116
145014
12fe12
122912
11b711
119f11
11ca11
125012
135113
14c014
167216
182718
198019
1a411a
1a911a
1ad41a
1b0e1b
1a9e1a
18d118
15f215
131913
109410
0e020e
0c160c
0bc50b
0c220c
0c040c
0c270c
0d290d
0e310e
0f110f
104410
110611
10b710
105b10
109e10
10d910
10b610
107910
103610
101910
107410
113811
121912
12c412
131513
136213
13be13
138c13
12d812
128612
126512
118611
104510
0f780f
0ecb0e
0df00d
0d6f0d
0d490d
0cff0c
0cd10c
0d020d
0d000d
0c950c
0c140c
0b140b
092509
074007
066206
05d905
04ba04
038b03
031803
030f03
02c202
026502
029002
032b03
03a003
03c103
03a003
02f502
01a801
005500
ff60ff
fe6dfe
fd5efd
fc91fc
fbe7fb
fafdfa
fa14fa
f975f9
f8b2f8
f79ef7
f6bef6
f633f6
f5d8f5
f61ef6
f70df7
f795f7
f75ff7
f77ff7
f85ff8
f940f9
f9f1f9
fad2fa
fbb8fb
fc41fc
fc8dfc
fcd4fc
fd0ffd
fd24fd
fcf5fc
fc67fc
fb36fb
f93ff9
f723f7
f5a7f5
f46cf4
f2c1f2
f0e5f0
ef23ef
ed58ed
ebf5eb
eb5ceb
eacaea
e9aae9
e875e8
e782e7
e6cbe6
e6ade6
e767e7
e896e8
e9bbe9
eaaaea
eb84eb
ec3fec
ec87ec
ec8bec
ecc1ec
eca1ec
eb9aeb
ea6eea
e98be9
e863e8
e746e7
e6e3e6
e694e6
e5a9e5
e472e4
e338e3
e23fe2
e1b8e1
e0f7e0
dfc8df
df08df
deb2de
de7ede
df66df
e181e1
e38ee3
e5a0e5
e820e8
ea58ea
ecb2ec
efcfef
f20ef2
f295f2
f2cff2
f2ddf2
f1fdf1
f0ebf0
efc6ef
edbbed
eb74eb
e98be9
e796e7
e671e6
e690e6
e679e6
e62ae6
e6c0e6
e747e7
e75ee7
e89ce8
ea85ea
eb75eb
ec1bec
ed19ed
edaeed
ee46ee
ef83ef
f0ccf0
f22ff2
f3f8f3
f561f5
f698f6
f895f8
faeefa
fd27fd
ff75ff
011701
01b501
026c02
031703
029002
016e01
008e00
ff65ff
fdd6fd
fc8efc
fba4fb
fae5fa
fa4ffa
f9e4f9
f9b1f9
f985f9
f929f9
f901f9
f934f9
f94ef9
f9aaf9
faf0fa
fca5fc
fe8afe
014b01
04cc04
085a08
0bef0b
0f790f
128612
14ea14
16a916
17ef17
18b718
186018
171017
163816
15f815
152715
141f14
13b413
133a13
127d12
124212
123812
11dc11
11a811
117011
107b10
0f430f
0e770e
0df00d
0d910d
0d630d
0d3c0d
0d260d
0d150d
0cdd0c
0ccd0c
0cf70c
0ca80c
0bd40b
0b370b
0ab50a
09c209
088408
072307
057005
03cd03
02ba02
01ed01
00fd00
003a00
000a00
003e00
00ae00
019d01
030303
047604
060f06
07ff08
09c009
0afb0a
0c1d0c
0d420d
0e120e
0ea60e
0f330f
0f7c0f
0f3b0f
0e620e
0d320d
0c140c
0ae80a
094f09
07a307
063306
04c104
039903
031303
026c02
015901
00c400
00b300
005f00
000700
001400
fff9ff
ff82ff
ff0eff
fe8bfe
fde5fd
fd83fd
fd9afd
fdf5fd
fe46fe
fe62fe
fe86fe
ff1cff
001400
011a01
01f401
025102
022302
01d201
017f01
00c800
ff8aff
fe0ffe
fc89fc
faeafa
f939f9
f7aef7
f648f6
f4baf4
f317f3
f1c1f1
f0a0f0
ef7cef
ee8cee
edb4ed
ec88ec
eb4aeb
ea3eea
e90ce9
e7cae7
e6dee6
e5d5e5
e440e4
e2aae2
e168e1
e020e0
de9dde
dcd7dc
daddda
d913d9
d7b3d7
d691d6
d5c2d5
d54dd5
d4c1d4
d402d4
d338d3
d1fad1
d019d0
ce49ce
ccd1cc
cb4bcb
c9e9c9
c92cc9
c8f5c8
c927c9
c9dcc9
cac1ca
cba4cb
ccebcc
ceabce
d0b1d0
d35bd3
d6b9d6
da02da
dcffdc
e053e0
e417e4
e7d7e7
eb40eb
ee02ee
f000ef
f199f1
f2bff2
f2eef2
f25bf2
f1c1f1
f180f1
f1d0f1
f2b3f2
f39ef3
f45af4
f563f5
f6f7f6
f90ef9
fbb8fb
fe76fe
00ad00
02a502
04a304
062506
070006
07ac07
085008
08db08
097809
0a2e0a
0abc0a
0af50a
0b090b
0b740b
0c320c
0ca10c
0ca30c
0ca70c
0c860c
0c090c
0bbc0b
0bcf0b
0bb30b
0b3f0b
0abd0a
0a690a
0a810a
0afd0a
0b820b
0c0e0c
0cb30c
0d360d
0db00d
0e700e
0f6f0f
10bc10
124312
136613
145c14
162e16
188018
1a291a
1b571b
1c9d1c
1dab1d
1e6a1e
1f2e1f
1fe31f
206d20
20cf20
20ee20
213021
21f721
229322
228022
225f22
229422
22e422
234423
237623
234923
237a23
247424
255e25
25c325
262826
268526
266d26
263a26
266f26
26de26
271d27
271a27
271227
273427
276f27
27b427
282328
28a028
28de28
28f028
291329
292529
290529
28ec28
28f928
28e528
287d28
27d627
26f726
25da25
24ad24
237823
21e721
200720
1e7e1e
1d881d
1cbb1c
1bec1b
1b391b
1a741a
196019
184218
179917
173517
162f16
143c14
123912
10b110
0f200f
0d6e0d
0c330c
0b440b
09d309
07d707
05ca05
03f103
026f02
014201
001700
feb1fe
fd1dfd
fb88fb
fa4dfa
f984f9
f8c5f8
f7cbf7
f6d8f6
f633f6
f5dff5
f5aef5
f54df5
f4aef4
f433f4
f419f4
f434f4
f44cf4
f446f4
f427f4
f40cf4
f3d9f3
f344f3
f24ef2
f127f1
efe5ef
ee84ee
eccfec
ea9aea
e862e8
e6e8e6
e61ee6
e561e5
e477e4
e396e3
e2f2e2
e2a1e2
e275e2
e239e2
e1fae1
e1abe1
e115e1
e081e0
e06de0
e0a5e0
e0c2e0
e0f0e0
e164e1
e1dbe1
e215e2
e219e2
e20ae2
e20ae2
e1ffe1
e1b3e1
e141e1
e0eee0
e0c7e0
e0d3e0
e113e1
e12fe1
e0efe0
e0b3e0
e0c9e0
e0fce0
e116e1
e103e1
e09fe0
e019e0
dffcdf
e06ee0
e100e1
e154e1
e196e1
e233e2
e33fe3
e449e4
e513e5
e605e6
e756e7
e883e8
e954e9
ea56ea
ebafeb
ecb4ec
ed19ed
ed39ed
ed2bed
ecbeec
ec21ec
eb87eb
eabdea
e9c7e9
e8f7e8
e86fe8
e85ee8
e928e9
ea7bea
eb90eb
ec54ec
ed2aed
ee26ee
ef58ef
f0c7f0
f231f2
f386f3
f4f4f4
f666f6
f810f8
fa86fa
fda5fd
00ea00
044404
073907
090a09
0a310a
0b590b
0bcf0b
0b350b
0a6e0a
09c009
08a908
076d07
06ab06
066806
066d06
068e06
06b806
073307
081008
08c208
08fb08
08f908
08f808
092e09
09af09
0a0e0a
0a150a
0a4a0a
0af30a
0bbd0b
0cac0c
0dff0d
0f490f
0fed0f
102210
107810
10f610
117d11
121d12
12a512
12e712
136913
148114
15b915
16fd16
18a318
1a141a
1a9e1a
1ad31a
1b4d1b
1bc71b
1c231c
1c6b1c
1c691c
1c3d1c
1c191c
1bb31b
1b1e1b
1a9f1a
19bc19
185a18
172417
15ea15
143614
12c112
11c711
105c10
0e960e
0d4c0d
0c390c
0b270b
0ab80a
0abd0a
0a460a
095409
087608
07ba07
070b07
068b06
066106
069706
06f406
073907
077007
079a07
078507
074007
070007
069e06
05e405
052805
04d704
04bc04
047c04
046504
04d204
056805
05da05
065b06
069006
05d105
047804
032e03
01c401
000500
fe31fe
fc5ffc
fa8ffa
f8caf8
f6bff6
f47cf4
f2a3f2
f13ef1
efe7ef
eee6ee
ee76ee
ee3fee
ee52ee
eec2ee
eeefee
eeacee
ee70ee
ee23ee
ed8ded
ecf3ec
ec3cec
eb26eb
e9ffe9
e8f6e8
e7d9e7
e6f9e6
e692e6
e619e6
e544e5
e474e4
e3bee3
e2e8e2
e20ce2
e159e1
e0aee0
dfdddf
defdde
de44de
ddbadd
dd55dd
dd2cdd
dd36dd
dd22dd
dcd5dc
dc99dc
dca7dc
dce1dc
dd02dd
dcf2dc
dcfadc
dd41dd
dd82dd
ddacdd
ddfddd
de50de
de73de
deb1de
df28df
df98df
e006e0
e089e0
e0f1e0
e14ce1
e1c8e1
e23ee2
e294e2
e309e3
e3c0e3
e48ce4
e52ce5
e5a4e5
e66be6
e7c0e7
e92ee9
ea6eea
ebcceb
ed4ced
eebaee
f053f0
f222f2
f3b8f3
f50cf5
f669f6
f78ef7
f80df8
f817f8
f822f8
f816f8
f765f7
f614f6
f4eff4
f44ef4
f3bcf3
f335f3
f324f3
f33af3
f2e7f2
f27ff2
f288f2
f299f2
f1f7f1
f0b5f0
ef58ef
edf2ed
ec83ec
eba1eb
eb7ceb
eb48eb
ead9ea
eb19eb
ec20ec
ed13ed
edeaed
ef12ef
f026f0
f0acf0
f101f1
f1a9f1
f296f2
f376f3
f45af4
f579f5
f65df6
f6cbf6
f7c6f7
f9b9f9
fb6cfb
fc9bfc
fe72fe
00d400
02ce02
04d204
076e07
09ee09
0bfa0b
0e230e
10cf10
13e313
16eb16
19ac19
1c961c
1fb61f
229f22
25f825
2a262a
2d8f2d
2f612f
311431
330a33
340f34
345734
34af34
347834
334933
31f331
311031
308830
301530
2f8b2f
2f0f2f
2e942e
2daa2d
2c882c
2bc52b
2aee2a
295a29
274727
24f924
227d22
205020
1e9e1e
1cf11c
1b371b
199c19
181218
16de16
165616
161016
156a15
143b14
12cb12
119811
10b310
0fc40f
0ef00e
0e600e
0d5d0d
0bad0b
0a520a
09c009
096909
093009
095309
09a109
09fd09
0a9f0a
0ba30b
0cf20c
0e560e
0f8e0f
108d10
114811
119e11
11c211
11e811
11c011
112b11
108b10
100f10
0fcc0f
101010
10b610
112e11
117311
11db11
123612
120c12
114711
102510
0ee90e
0db20d
0c9b0c
0bc60b
0b440b
0b260b
0b5a0b
0b6f0b
0b0e0b
0aa70a
0aaa0a
0aa80a
0a0b0a
08e708
078307
05d505
03e403
021b02
00e700
ffeeff
fe71fe
fc83fc
fac6fa
f927f9
f755f7
f58cf5
f3daf3
f1bff1
ef2def
ecaaec
ea93ea
e8fbe8
e7d7e7
e6fae6
e63be6
e591e5
e511e5
e4eee4
e509e5
e4f5e4
e49be4
e42ee4
e393e3
e2c0e2
e1f5e1
e132e1
e058e0
df88df
ded0de
de19de
dd8ddd
dd47dd
dd22dd
dd18dd
dd29dd
dd4add
ddb4dd
de8bde
df7fdf
e054e0
e101e1
e15ae1
e164e1
e184e1
e1e0e1
e240e2
e27de2
e295e2
e28be2
e278e2
e298e2
e326e3
e42de4
e577e5
e6e0e6
e88ae8
ea7eea
ec8aec
ee68ee
eff0ef
f132f1
f22cf2
f2a8f2
f2d0f2
f303f3
f2ebf2
f1e2f1
f038f0
eebcee
eda7ed
ecdaec
ec39ec
ebafeb
eb5eeb
eb5feb
eba5eb
ec94ec
ee6eee
f0a5f0
f2dcf2
f53cf5
f742f7
f877f8
f9c1f9
fbc6fb
fdb9fd
fee3fe
ff89ff
002e00
013501
029502
03fe03
05a105
079107
092009
0a3f0a
0b9a0b
0d0a0d
0e180e
0f380f
10a810
11fa11
134513
14f714
16e916
18eb18
1b091b
1d1f1d
1f0c1f
20c020
221d22
232223
23bb23
239923
22f422
228522
229022
22de22
232823
231223
229022
223922
227922
230223
234c23
231323
227e22
21cf21
20ff21
202920
1fad1f
1f551f
1e7e1e
1d441d
1c161c
1aff1b
1a251a
19b719
196b19
190e19
18cc18
18b118
18d618
196819
1a061a
1a4e1a
1a6d1a
1a351a
193219
17e517
171617
16a416
161616
156715
14eb14
14ed14
152315
14f214
146f14
13ef13
132013
11e511
10d110
0ff20f
0ea50e
0cce0c
0ad70a
08f008
071f07
058305
043a04
033703
023a02
015d01
012301
018401
01f301
028b02
039303
047304
04c004
050505
059605
05f105
05a205
04b804
03a503
02df02
023702
013601
ffe5ff
fe88fe
fd22fd
fbcdfb
fa98fa
f94df9
f800f8
f6fcf6
f62cf6
f572f5
f4eaf4
f471f4
f3e0f3
f353f3
f292f2
f137f1
ef69ef
ed7ced
eb62eb
e90de9
e688e6
e3dce3
e154e1
df3edf
dd80dd
dbf2db
da8dda
d941d9
d850d8
d80cd8
d81cd8
d818d8
d845d8
d8c8d8
d937d9
d979d9
d9c4d9
da04da
da2eda
da58da
da69da
da61da
da70da
daa5da
db21db
dc31dc
ddabdd
df14df
e04ce0
e15fe1
e240e2
e312e3
e3ece3
e484e4
e498e4
e443e4
e3c4e3
e35fe3
e32ee3
e2e8e2
e242e2
e152e1
e047e0
df33df
de44de
ddb9dd
dd83dd
dd4add
dce3dc
dc77dc
dc5bdc
dcc3dc
dd7fdd
de15de
de53de
de6cde
de6cde
de3dde
de11de
de15de
de04de
ddbfdd
ddb5dd
de54de
df96df
e11ae1
e287e2
e3f1e3
e589e5
e702e7
e817e8
e908e9
e9c3e9
e9a7e9
e8b2e8
e792e7
e6a0e6
e5cce5
e4ede4
e3efe3
e324e3
e2f6e2
e343e3
e3fde3
e593e5
e7eae7
ea5cea
ecd3ec
ef66ef
f1bdf1
f3d0f3
f5f7f5
f806f8
f996f9
fab8fa
fbcbfb
fd24fd
fee2fe
00e800
034503
060f06
08c908
0aec0a
0cbc0c
0e860e
0ff60f
10ea10
11c211
128212
12ca12
12d412
135d13
148914
15c615
16d116
17f517
195019
1ade1a
1cbf1c
1eb51e
202920
210821
219e21
21e421
21ee21
221d22
225222
221e22
219121
211921
20fb20
212321
212321
209b20
1f841f
1dd31d
1bb31b
19e219
188d18
16d416
147414
123b12
106e10
0eb40e
0d4a0d
0c7e0c
0bd40b
0ad60a
09c109
090109
089308
083708
07e907
07de07
07fa07
07ab07
06b906
059a05
04d104
047204
043704
03cf03
034703
030103
031803
033403
035203
03de03
04ed04
062506
076407
08c208
0a210a
0b4e0b
0c540c
0d520d
0e4b0e
0f540f
108710
11c011
12d512
13f313
153b15
166916
173e17
17e217
186a18
189818
185e18
181918
181618
182318
17ba17
16a816
156715
146614
138613
129d12
11a911
106c10
0ed20e
0d4a0d
0bf10b
0a7e0a
091609
07e907
069106
04f504
039e03
02a802
01da01
013301
007700
ff4bff
fde8fd
fcacfc
fb90fb
fa92fa
f9a6f9
f893f8
f773f7
f696f6
f5f9f5
f57ef5
f51cf5
f498f4
f3e0f3
f350f3
f2fcf2
f29cf2
f222f2
f192f1
f0ebf0
f067f0
f030f0
f004f0
ef90ef
eee8ee
ee51ee
ede7ed
ed87ed
ed24ed
ecf1ec
ed02ed
ed2ded
ed77ed
edfbed
eea5ee
ef6aef
f07af0
f1eaf1
f376f3
f4b0f4
f58ff5
f67cf6
f776f7
f7def7
f791f7
f6fff7
f638f6
f533f5
f461f4
f3dbf3
f349f3
f2b9f2
f24ff2
f1d8f1
f152f1
f0f0f0
f08ff0
f01cf0
efb6ef
ef34ef
eea1ee
ee80ee
eecaee
ef06ef
ef5bef
f00df0
f0b9f0
f139f1
f205f2
f334f3
f47af4
f5c9f5
f70bf7
f7f7f7
f8a2f8
f950f9
f9edf9
fa54fa
fa57fa
f986f9
f7f9f7
f69df6
f5ccf5
f4fbf4
f444f4
f448f4
f4c7f4
f528f5
f5b6f5
f6fdf6
f8c7f8
fa60fa
fb5afb
fbc5fb
fbd5fb
fb8cfb
fb02fb
fa84fa
fa01fa
f95bf9
f91ef9
f9bdf9
fab5fa
fbb3fb
fd45fd
ffa0ff
021b02
045a04
06be06
094b09
0b420b
0c5b0c
0d5d0d
0eb00e
0f990f
0fc00f
0fde0f
105810
10ce10
112011
117f11
11e511
125212
12e212
137413
13cc13
140a14
148214
154815
161416
16e916
182e18
19c919
1b321b
1c831c
1e0b1e
1f401f
1fa51f
1fa91f
1f8b1f
1ed31e
1d681d
1bd61b
1a711a
191b19
17cd17
16da16
167516
165216
162c16
165716
170217
17ba17
183b18
18da18
19be19
1a901a
1b141b
1b601b
1ba31b
1be51b
1bfc1b
1bcb1b
1b901b
1ba91b
1c0c1c
1c5b1c
1c831c
1cc41c
1d241d
1d601d
1d611d
1d261d
1c861c
1b7a1b
1a3a1a
18de18
174d17
15a515
143b14
133c13
129a12
124812
124112
124b12
122112
11e511
11c111
116e11
10a710
0fa50f
0e9e0e
0d7e0d
0c4e0c
0b330b
0a2d0a
091e09
07ee07
06a006
054905
040704
031403
02ab02
028502
024102
021d02
027102
02fd02
037403
03bf03
03b403
036403
030b03
028a02
01bd01
00db00
ffeaff
fed6fe
fddbfd
fd13fd
fc5afc
fbb3fb
faf1fa
f9d7f9
f8a4f8
f78af7
f64af6
f4e2f4
f37ff3
f1e7f1
f013f0
ee61ee
ecf8ec
ebdceb
eb18eb
ea4bea
e90be9
e782e7
e60fe6
e4dbe4
e3dbe3
e2cae2
e193e1
e065e0
df22df
ddc3dd
dceddc
dcf0dc
dd48dd
ddb0dd
de4cde
df0adf
dfcedf
e07ee0
e0e9e0
e12ce1
e157e1
e0fbe0
e01ee0
df5fdf
dea8de
dd93dd
dc85dc
dbd8db
db34db
da81da
da06da
d9bfd9
d97cd9
d90dd9
d852d8
d771d7
d69bd6
d5cbd5
d514d5
d474d4
d3b1d3
d2ffd2
d2d4d2
d2fcd2
d321d3
d38ad3
d48fd4
d628d6
d82cd8
da59da
dc88dc
debbde
e0b5e0
e257e2
e3f4e3
e56fe5
e642e6
e6aee6
e72fe7
e770e7
e739e7
e6e2e6
e679e6
e618e6
e625e6
e670e6
e6b4e6
e76ee7
e8b5e8
e9e4e9
eb25eb
ecf1ec
eeb2ee
eff5ef
f12bf1
f264f2
f357f3
f421f4
f4b8f4
f4d1f4
f4bbf4
f4ddf4
f538f5
f5f3f5
f725f7
f86ef8
f9c7f9
fb76fb
fd33fd
fecffe
009e00
024d02
033a03
03e103
04da04
05a905
062806
071407
085508
092109
09b909
0ad30a
0c2a0c
0d2c0d
0dd20d
0e070e
0d9b0d
0ced0c
0c840c
0c5f0c
0c520c
0c630c
0c9c0c
0d030d
0da70d
0e900e
0fd00f
113411
121712
125712
128812
129c12
121312
118211
117d11
112211
101210
0f9d0f
104310
110011
11ae11
12e312
143b14
152315
15f615
16f916
17d517
186d18
18fe18
199319
19f819
1a0e1a
1a121a
1a621a
1ae81a
1b601b
1be91b
1c9a1c
1d3c1d
1dfc1d
1f3d1f
208c20
214221
21c221
229a22
235d23
239a23
23a423
238823
22c522
218921
209320
1ff51f
1f371f
1e3f1e
1d341d
1c231c
1b481b
1af81a
1b0a1b
1af61a
1a741a
19b419
18d018
178517
15d115
142a14
129112
107a10
0e050e
0be70b
0a280a
085f08
069f06
050505
033003
00e800
fe69fe
fbdbfb
f93af9
f69bf6
f419f4
f1d1f1
efe1ef
ee45ee
ecfeec
ec23ec
ebadeb
eb65eb
eb1eeb
eabeea
ea4dea
ea03ea
e9ede9
e9cde9
e9ade9
e9e2e9
ea47ea
ea72ea
ea93ea
eb11eb
ebb3eb
ec16ec
ec4dec
ec89ec
ecc7ec
ed07ed
ed57ed
edc4ed
ee59ee
eeecee
ef44ef
ef6cef
ef97ef
efe9ef
f067f0
f0d5f0
f103f1
f14bf1
f1f0f1
f296f2
f31bf3
f3e3f3
f4ddf4
f57af5
f59df5
f584f5
f53bf5
f49ff4
f38df3
f214f2
f087f0
ef13ef
edb7ed
ec9eec
ebc5eb
ead5ea
e9e1e9
e952e9
e910e9
e8cee8
e896e8
e85ce8
e7e9e7
e751e7
e6d1e6
e65ee6
e5c5e5
e503e5
e461e4
e41ce4
e3fee3
e3afe3
e348e3
e319e3
e351e3
e3f3e3
e4bee4
e56ae5
e605e6
e6c4e6
e7ade7
e8c3e8
e9fde9
eb25eb
ec0fec
ecc2ec
ed35ed
ed58ed
ed58ed
ed9ded
ee4cee
eee8ee
eef2ee
eee1ee
ef82ef
f0ccf0
f258f2
f425f4
f621f6
f7e2f7
f954f9
facffa
fc82fc
fe45fe
ffc7ff
00ea00
01e701
02ff02
045f04
063d06
088708
0ad80a
0cfc0c
0ee50e
105f10
118511
12bb12
13d113
143314
13e713
137513
131813
12c712
12b412
131713
13a213
13de13
140814
14c014
160e16
178817
191219
1ab41a
1c4d1c
1dcd1d
1f281f
202120
20ad20
20fa20
20ec20
205120
1f6d1f
1eb61e
1e2c1e
1d7c1d
1ca11c
1be71b
1b7c1b
1b4a1b
1b361b
1b3c1b
1b4e1b
1b3a1b
1aea1a
1aab1a
1ad51a
1b5d1b
1c1d1c
1d131d
1e0d1e
1ec51e
1f5a1f
1ff41f
206220
209020
208c20
200d20
1ef81e
1de31d
1d2f1d
1c7e1c
1b861b
1a7d1a
19bf19
197f19
19a619
19f919
1a5a1a
1ad91a
1b771b
1c181c
1cab1c
1d461d
1df91d
1e8f1e
1ebc1e
1e7c1e
1df81d
1d691d
1cfe1c
1c831c
1b911b
1a3f1a
18e118
177417
15dd15
141914
121c12
102610
0e8f0e
0d2a0d
0bd10b
0ad70a
0a420a
09b809
092109
086108
074807
062706
055405
049304
03c903
032a03
02ae02
025102
022b02
020c02
01cb01
019301
016301
011701
00d400
00b500
009a00
007400
004b00
003000
003d00
006300
007700
008200
008d00
006f00
000e00
ff77ff
fecefe
fe34fe
fd97fd
fcdbfc
fc2ffc
fba0fb
fae0fa
f9f5f9
f93af9
f8bdf8
f866f8
f838f8
f800f7
f785f7
f6e7f6
f646f6
f59bf5
f4ecf4
f437f4
f379f3
f2e9f2
f292f2
f21af2
f14ef1
f061f0
ef88ef
eebbee
ede9ed
ed27ed
ec80ec
ebcfeb
eb04eb
ea43ea
e977e9
e886e8
e7a4e7
e6d5e6
e5d4e5
e4b7e4
e3aee3
e28ee2
e185e1
e0f5e0
e081e0
dfaddf
deb0de
ddc7dd
dceadc
dc3edc
dbb0db
db04db
da69da
d9fbd9
d980d9
d933d9
d959d9
d984d9
d983d9
d9c0d9
da3fda
dac5da
db8cdb
dcaedc
dddfdd
df0adf
e05ee0
e1eee1
e3a5e3
e53fe5
e679e6
e764e7
e83be8
e912e9
e9f0e9
eac4ea
eb6aeb
ebfbeb
ecb9ec
edc3ed
ef1fef
f0b2f0
f234f2
f376f3
f474f4
f51ff5
f57ff5
f5a7f5
f567f5
f4a2f4
f3a6f3
f2d0f2
f243f2
f1f4f1
f1d2f1
f225f2
f359f3
f4fdf4
f639f6
f734f7
f889f8
fa07fa
fb36fb
fc0ffc
fc85fc
fc81fc
fc4cfc
fc3ffc
fc78fc
fcedfc
fd7afd
fe1bfe
fefdfe
001700
014d01
02e502
050105
072e07
091f09
0af40a
0ca90c
0e2c0e
0fcf0f
11b311
135a13
146914
152b15
15f415
169716
16d916
16ec16
170a17
170f17
16e116
16b216
16a716
16c716
172f17
17e817
18b418
195a19
19e219
1a731a
1b1b1b
1bbf1b
1c401c
1c9f1c
1cd41c
1cdc1c
1cf71c
1d571d
1ddc1d
1e561e
1ea11e
1e7c1e
1dd21d
1cf11c
1c091c
1afd1a
19c619
187a18
173417
162b16
158f15
154c15
151915
14a914
13f113
132513
124c12
113611
100310
0ef40e
0dde0d
0cb30c
0bea0b
0bbf0b
0bd10b
0bc50b
0b840b
0af70a
0a250a
094509
086908
075107
05c705
03ee03
01fb01
000600
fe3afe
fcdcfc
fbeffb
fb2dfb
fa81fa
fa20fa
fa3ffa
fadbfa
fbc5fb
fcdbfc
fe15fe
ff4bff
006000
016a01
025b02
030803
03ab03
049204
057605
05f205
062b06
066b06
06bd06
070f07
074107
073f07
072807
071707
070107
06f206
06f806
06f806
06de06
06ae06
065106
05a905
04cb04
03e803
031603
023202
00ff00
ff8fff
fe3bfe
fd04fd
fb8cfb
f9c6f9
f814f8
f690f6
f4d6f4
f2a9f2
f051f0
ee0aee
eb9aeb
e8cde8
e5dee5
e30ee3
e043e0
dd51dd
da5bda
d7b3d7
d57bd5
d396d3
d1cad1
cfebcf
cdf4cd
cc1bcc
ca9aca
c968c9
c860c8
c779c7
c69dc6
c5aec5
c4cec4
c445c4
c41cc4
c40cc4
c3ebc3
c3f6c3
c478c4
c550c5
c646c6
c773c7
c8e5c8
ca56ca
cbcecb
cdaecd
d00cd0
d2c8d2
d5f9d5
d9a3d9
dd7ddd
e148e1
e502e5
e8a5e8
ec03ec
eeddee
f122f1
f2eef2
f429f4
f497f4
f450f4
f3bef3
f341f3
f2fff2
f2eaf2
f302f3
f381f3
f497f4
f624f6
f806f8
fa37fa
fc92fc
fed2fe
00c200
024902
038203
047f04
050705
051205
04f904
04d704
047904
040704
03d003
03b503
039903
03a703
03e103
041104
043404
045004
045104
045004
049604
053905
062006
073007
083d08
092e09
0a360a
0b8d0b
0cf90c
0e240e
0f270f
102510
10f510
118e11
123d12
133713
146c14
15a715
16cb16
181e18
19e919
1bdf1b
1dba1d
1fca1f
221922
241d24
25b025
272027
288228
29d029
2b0d2b
2c022c
2c982c
2d282d
2df22d
2ecf2e
2f952f
304030
30e530
318f31
321832
326d32
32a932
32bf32
329232
324732
320632
31b631
314c31
30cd30
302430
2f5a2f
2ea72e
2e2f2e
2df92d
2de72d
2db72d
2d5a2d
2ced2c
2c6f2c
2bf02b
2b8f2b
2b072b
2a172a
28ec28
278e27
25bf25
23b523
21d521
201820
1e691e
1cea1c
1bb71b
1aee1a
1aa41a
1aa11a
1ab01a
1adc1a
1b0d1b
1b091b
1ad21a
1a851a
1a0c1a
193519
17e017
161d16
143214
125c12
10b610
0f4c0f
0e010e
0cb90c
0b950b
0ab60a
09f609
092e09
086b08
07db07
079307
074f07
06c406
062b06
05bd05
052605
044304
035f03
026402
010201
ff69ff
fddffd
fc53fc
fac8fa
f963f9
f828f8
f72ff7
f689f6
f5fbf5
f55bf5
f4c1f4
f427f4
f36af3
f283f2
f16ff1
f033f0
eee0ee
ed5ced
eb91eb
e9bbe9
e808e8
e66fe6
e4f1e4
e3a2e3
e262e2
e104e1
df86df
de27de
dd32dd
dca9dc
dc3adc
dbbcdb
db6ddb
dba0db
dc44dc
dcdedc
dd1bdd
dd2add
dd42dd
dd28dd
dcb7dc
dc55dc
dc5fdc
dc94dc
dc7ddc
dc36dc
dc53dc
dceddc
dd91dd
de19de
deacde
df15df
df1adf
def2de
ded1de
de99de
de31de
dd8ddd
dcd0dc
dc65dc
dc7ddc
dce7dc
ddaadd
df09df
e0dde0
e2cce2
e4c6e4
e6e2e6
e90de9
eb11eb
ecb9ec
edf9ed
eee0ee
ef6fef
efbaef
efe4ef
efe2ef
ef92ef
ef07ef
ee93ee
ee7bee
eeabee
eedcee
ef1fef
efbfef
f0baf0
f20ff2
f3fff3
f65ef6
f89af8
fa88fa
fc23fc
fd33fd
fdeafd
fe9afe
fef8fe
fee0fe
fec9fe
fedcfe
feeafe
ff1bff
ff8fff
000500
006c00
00d900
012001
011d01
00cc00
003e00
ffdeff
000600
007f00
011f01
022b02
038f03
04f904
069b06
08b408
0ade0a
0cb70c
0e760e
105610
122612
13b513
153215
16d616
188518
1a0c1a
1b8d1b
1d371d
1edd1e
202420
20f720
217d21
21db21
222b22
228022
22cd22
22fa22
230c23
231823
231423
22fc22
22e622
22db22
22b822
225822
21a421
209020
1f381f
1dcf1d
1c721c
1b1e1b
19d119
18a218
17a017
169d16
155b15
13ef13
12a212
118611
108710
0f8e0f
0e830e
0d830d
0cdf0c
0c940c
0c600c
0c510c
0c890c
0cd90c
0d1f0d
0d750d
0dd30d
0e150e
0e340e
0e290e
0ddd0d
0d340d
0c310c
0b210b
0a630a
09f509
09a009
095409
090f09
08c508
089308
089608
089a08
085c08
07e107
075b07
06d406
062706
055205
049c04
042f04
03e603
039903
032503
026902
01a801
013501
00d100
001600
ff21ff
fe17fe
fccbfc
fb42fb
f9b6f9
f82ef8
f6a3f6
f516f5
f36bf3
f1b2f1
f030f0
eef3ee
eddced
ed08ed
ec92ec
ec4eec
ec10ec
ebd9eb
ebb6eb
ebb1eb
ebb9eb
ebaaeb
eb91eb
eb8feb
eb6aeb
ead5ea
ea06ea
e947e9
e85fe8
e704e7
e567e5
e3cbe3
e23be2
e0c3e0
df81df
de6bde
dd60dd
dc57dc
db72db
dad6da
da78da
da1ada
d993d9
d8ebd8
d83cd8
d796d7
d6f9d6
d652d6
d5aed5
d52bd5
d4b8d4
d455d4
d43ad4
d473d4
d4c8d4
d523d5
d591d5
d5f9d5
d653d6
d6ccd6
d779d7
d83bd8
d8fcd8
d9c9d9
dac9da
dc14dc
dd99dd
df49df
e0ffe0
e26ee2
e398e3
e4e2e4
e663e6
e7d7e7
e944e9
ead8ea
ec79ec
ee26ee
f017f0
f253f2
f499f4
f683f6
f7cef7
f8a3f8
f93ef9
f980f9
f943f9
f89cf8
f79cf7
f67cf6
f590f5
f4bef4
f3f1f3
f39bf3
f3e0f3
f444f4
f4b2f4
f55af5
f5f7f5
f64cf6
f67ff6
f684f6
f624f6
f551f5
f424f4
f2edf2
f1d7f1
f08df0
ef07ef
edd2ed
ed00ed
ec62ec
ec76ec
ed80ed
eee7ee
f062f0
f223f2
f410f4
f61ef6
f884f8
fb15fb
fd8bfd
ffe2ff
01db01
034903
049004
05fb05
076907
08ce08
0a1f0a
0b610b
0cf40c
0f070f
115511
13e513
16e216
1a021a
1d0d1d
202720
232623
25ab25
27b527
297129
2aea2a
2c0d2c
2cbe2c
2d022d
2cf42c
2cb12c
2c6f2c
2c532c
2c272c
2bf32b
2c312c
2ccb2c
2d132d
2cec2c
2cbb2c
2c8a2c
2c372c
2bbc2b
2b132b
2a4b2a
297e29
289f28
27b927
270327
267126
25d025
250b25
240224
22b822
217821
205a20
1f141f
1d991d
1c2e1c
1aed1a
19c919
18c918
17eb17
171c17
167216
161716
15dc15
156715
14b414
13e213
12d612
119111
106d10
0f900f
0edb0e
0e4e0e
0df30d
0dc40d
0dcd0d
0e0b0e
0e4c0e
0e870e
0ebb0e
0ebf0e
0e7f0e
0e060e
0d4d0d
0c7d0c
0bd80b
0b5e0b
0b170b
0b1f0b
0b410b
0b610b
0bdf0b
0ccc0c
0daa0d
0e350e
0e910e
0eee0e
0f4c0f
0f700f
0f270f
0e8f0e
0da20d
0c470c
0acd0a
096909
07c807
05e605
042b04
029c02
012901
000c00
ff3dff
fe9ffe
fe64fe
fe79fe
fe75fe
fe53fe
fe3bfe
fe11fe
fdb5fd
fcf8fc
fb93fb
f9a4f9
f787f7
f55df5
f342f3
f146f1
ef44ef
ed56ed
ebe0eb
eaf3ea
ea5bea
e9f1e9
e97de9
e8e0e8
e831e8
e769e7
e678e6
e56ce5
e435e4
e2d8e2
e1a1e1
e08ae0
df63df
de69de
ddabdd
dcbedc
dbb4db
db08db
daa5da
da3fda
d9dfd9
d996d9
d97dd9
d9c1d9
da26da
da59da
da90da
daeeda
db28db
db39db
db6edb
dbbbdb
dbfcdb
dc6cdc
dd34dd
de09de
deb1de
df62df
e063e0
e18fe1
e298e2
e370e3
e455e4
e579e5
e6c7e6
e7fce7
e907e9
ea12ea
eb26eb
ec24ec
ed05ed
edcfed
ee70ee
eedfee
ef1bef
ef1fef
ef18ef
ef5eef
eff9ef
f0c4f0
f1f9f1
f3ddf3
f624f6
f861f8
faa2fa
fd09fd
ff58ff
016101
032003
045404
04e804
055105
05ba05
05b105
054105
04f504
04ec04
051c05
05c905
06ec06
081f08
094609
0a7e0a
0bd00b
0d390d
0e740e
0f430f
100610
10f810
119011
11af11
11fd11
129312
130813
137813
140b14
147414
14c914
158415
16a616
17cb17
18e818
1a211a
1b791b
1cf61c
1ebd1e
20b020
226a22
23d423
253425
269d26
27e527
290a29
2a082a
2ad02a
2b9a2b
2c942c
2d872d
2e472e
2ed82e
2f3a2f
2f782f
2f882f
2f192f
2e392e
2d582d
2c642c
2b0b2b
29a829
289d28
27a127
269d26
25e025
253825
242b24
22c922
214f21
1fa71f
1de11d
1c401c
1abd1a
194819
182118
175317
167f16
158f15
14c914
143d14
13c613
134813
129812
11b911
10e810
101010
0eeb0e
0da40d
0c7c0c
0b650b
0a6d0a
09b909
093609
08eb08
090209
094809
098609
09ef09
0a870a
0afb0a
0b330b
0b470b
0b1b0b
0a880a
099b09
087008
06fb06
052b05
033803
016601
ff8eff
fd84fd
fb98fb
f9f6f9
f85df8
f6d5f6
f58df5
f443f4
f2ddf2
f19af1
f058f0
eecfee
ed25ed
eb7ceb
e9c4e9
e830e8
e6f3e6
e5f0e5
e513e5
e44ee4
e385e3
e2d4e2
e244e2
e18fe1
e0d6e0
e094e0
e080e0
dff9df
df38df
deb1de
de46de
ddc9dd
dd5bdd
dcfcdc
dca2dc
dc56dc
dc16dc
dbe2db
dbe2db
dc33dc
dcbddc
dd43dd
dd98dd
ddd1dd
de11de
de4dde
de72de
de66de
dde0dd
dcebdc
dc0cdc
db8ddb
db41db
daedda
da7fda
da19da
d9f0d9
d9ddd9
d986d9
d90dd9
d8a9d8
d824d8
d78dd7
d73dd7
d70cd7
d6c8d6
d6ded6
d76ad7
d7ecd7
d861d8
d932d9
da4dda
db51db
dc09dc
dc5fdc
dc77dc
dc87dc
dc8adc
dc96dc
dcefdc
dd78dd
de0ade
deecde
e00ce0
e0fde0
e1fbe1
e37be3
e50ee5
e61ce6
e6abe6
e6dbe6
e6cfe6
e6dae6
e6ffe6
e6efe6
e6aae6
e65fe6
e627e6
e62ce6
e68ae6
e728e7
e801e8
e902e9
e9f2e9
eaebea
ec29ec
ed7ded
eec4ee
f034f0
f1b2f1
f2f4f2
f428f4
f57df5
f6c3f6
f7faf7
f957f9
faebfa
fcc8fc
fee5fe
00ee00
02c002
047804
060306
077507
091709
0ab80a
0c0c0c
0d4a0d
0e9d0e
0ff50f
119311
13a813
15ed15
183a18
1abe1a
1d7f1d
206220
232f23
25ab25
27f027
2a172a
2bc52b
2cdf2c
2db02d
2e382e
2e582e
2e372e
2dc72d
2cea2c
2bda2b
2aa42a
293029
27cc27
269d26
256425
242e24
232223
221622
210a21
201420
1ee81e
1d561d
1b881b
198f19
177517
155815
132d13
111611
0f7c0f
0e580e
0d470d
0c4a0c
0b810b
0ace0a
0a310a
09c109
095809
08be08
07f607
072107
066a06
060606
061206
068306
073b07
082708
092a09
0a190a
0b0b0b
0c310c
0d680d
0e530e
0ecc0e
0edb0e
0e9f0e
0e500e
0dff0e
0db60d
0da70d
0dd20d
0e030e
0e5a0e
0ee60e
0f680f
0fdf0f
106410
109810
104510
0fd80f
0fab0f
0fb10f
0fb20f
0f670f
0ed00e
0e350e
0d980d
0cd20c
0bf80b
0af80a
099409
07f807
065606
049204
02c102
012201
ffb5ff
fe61fe
fd25fd
fc0cfc
fb29fb
fa64fa
f981f9
f884f8
f77df7
f65ef6
f56bf5
f4f0f4
f4acf4
f459f4
f401f4
f372f3
f28df2
f1a9f1
f0e9f0
f025f0
ef65ef
ee99ee
eda7ed
ecd3ec
ec5dec
ec46ec
eca1ec
ed41ed
edaded
eddded
ee20ee
ee75ee
eec1ee
eefeee
ef0eef
eef3ee
eed9ee
eed8ee
ef0fef
ef78ef
efb3ef
ef9def
ef9aef
efdbef
f036f0
f092f0
f0d6f0
f0e4f0
f0e3f0
f10cf1
f157f1
f1a4f1
f1e7f1
f22af2
f26bf2
f283f2
f26ff2
f284f2
f2e2f2
f32cf3
f315f3
f299f2
f1c2f1
f0daf0
f052f0
f030f0
f02df0
f044f0
f07bf0
f081f0
f037f0
f01ff0
f09bf0
f143f1
f193f1
f196f1
f192f1
f1baf1
f246f2
f334f3
f41af4
f4a5f4
f4eef4
f54df5
f5e9f5
f682f6
f6b7f6
f687f6
f618f6
f574f5
f4d7f4
f49cf4
f4cdf4
f541f5
f5eef5
f6d0f6
f7f8f7
f977f9
fb1ffb
fcc2fc
fe69fe
ffe7ff
010201
01f101
02e302
03af03
045a04
052b05
063406
075807
089008
09f409
0b900b
0d2a0d
0e700e
0f800f
10b410
120812
132e13
13f013
145114
148414
14a014
145b14
13ab13
132813
132e13
135a13
136113
138b13
141414
14c114
157115
166c16
17af17
18b418
195b19
1a071a
1aae1a
1aea1a
1acb1a
1a9d1a
1a5d1a
19fb19
197f19
18e118
183b18
17ca17
17a017
17ca17
185118
18fb18
197e19
19e919
1a7c1a
1b4f1b
1c4a1c
1d2c1d
1db71d
1df91d
1e3b1e
1eae1e
1f5f1f
204520
212321
21b021
21e921
21f221
21b321
211121
204c20
1f861f
1e641e
1cc21c
1b121b
19ad19
188018
177417
168c16
15ad15
14cd14
141a14
13ad13
135e13
12f712
126d12
11d111
113211
109810
102210
0ff70f
100610
100310
0fcb0f
0fa30f
0fe40f
108d10
117611
128512
139413
147614
150915
153b15
151915
14bc14
140414
12cf12
115211
0fd50f
0e7a0e
0d5d0d
0c740c
0b7a0b
0a4e0a
091109
07d907
06a906
057905
042e04
02ac02
00f300
ff16ff
fd33fd
fb4cfb
f948f9
f745f7
f583f5
f3eef3
f26cf2
f12bf1
f036f0
ef6fef
eeeaee
eebeee
eed3ee
ef16ef
ef67ef
ef8fef
ef78ef
ef26ef
ee93ee
ede3ed
ed57ed
ed04ed
ecc2ec
ec4fec
eb8feb
eac0ea
ea26ea
e9cfe9
e9c0e9
e9d2e9
e99ee9
e911e9
e86ee8
e7b0e7
e6cae6
e600e6
e55de5
e493e4
e3a1e3
e2d6e2
e255e2
e20ae2
e1c8e1
e17be1
e118e1
e070e0
df66df
de3ade
dd10dd
dbc2db
da5dda
d914d9
d800d8
d739d7
d69ed6
d5c1d5
d4b1d4
d3edd3
d356d3
d27cd2
d1a2d1
d12fd1
d0d4d0
d045d0
cfd0cf
cfbacf
cfdfcf
d020d0
d093d0
d14ed1
d239d2
d31ad3
d3ebd3
d4f8d4
d67dd6
d859d8
da54da
dc57dc
de30de
dfc2df
e151e1
e2e4e2
e40be4
e4b6e4
e54de5
e5cae5
e5f8e5
e60ce6
e63ce6
e696e6
e762e7
e8b7e8
ea51ea
ec47ec
eecfee
f18bf1
f421f4
f6b0f6
f92cf9
fb48fb
fcdcfc
fdd4fd
fe2efe
fe04fe
fd6dfd
fca8fc
fc2dfc
fbf7fb
fb87fb
faf2fa
faf3fa
fbccfb
fcf4fc
fdf3fd
fefefe
006c00
01fb01
034803
047e04
05b105
066c06
068f06
069906
06d506
072407
077707
07e507
089a08
09c209
0b0a0b
0bf00b
0c980c
0d930d
0ee90e
102d10
113311
121e12
130813
13e713
14bb14
159615
166916
170717
178b17
183e18
18f718
195719
198d19
19e819
1a201a
19fa19
19c319
199f19
194c19
18be18
182318
179f17
175c17
178717
183318
196f19
1b191b
1ce21c
1eaa1e
206e20
21eb21
230823
23f823
24ab24
24fd24
253325
259625
261926
269626
26e426
270527
273d27
279f27
27e827
280f28
282c28
280528
276a27
268126
257225
244424
230022
21b921
208f20
1f8d1f
1e931e
1da91d
1d021d
1c8b1c
1bff1b
1b251b
19ea19
187118
16ee16
154f15
134c13
10b910
0d820d
09e109
066c06
035f03
009000
fdf7fd
fb8bfb
f92bf9
f6fdf6
f52ff5
f395f3
f22af2
f120f1
f046f0
ef48ef
ee3aee
ed3eed
ec5cec
eba7eb
eb15eb
ea79ea
e9dde9
e971e9
e932e9
e90fe9
e921e9
e967e9
e9ade9
ea02ea
eac4ea
ebcdeb
ec84ec
ece5ec
ed50ed
edbfed
ee23ee
eea4ee
ef1def
ef72ef
efdeef
f056f0
f0def0
f1d7f1
f2d5f2
f2bdf2
f188f1
efd9ef
edf7ed
ec8bec
ec41ec
ec99ec
ed26ed
ee49ee
efa9ef
f088f0
f142f1
f23ef2
f2eaf2
f2d0f2
f1d2f1
efe3ef
ed8eed
eb8feb
e9ede9
e8a6e8
e806e8
e7cee7
e751e7
e67ae6
e5b0e5
e520e5
e47ee4
e36be3
e210e2
e0d0e0
df9ddf
de59de
dd5add
dce6dc
dce3dc
dd2edd
ddafdd
de4ede
df13df
dffadf
e0cfe0
e159e1
e184e1
e183e1
e1a1e1
e1dce1
e225e2
e2a5e2
e355e3
e421e4
e559e5
e6f5e6
e849e8
e942e9
ea82ea
ec17ec
ed80ed
ee7dee
ef09ef
ef5fef
efdbef
f06ef0
f109f1
f21ef2
f3d0f3
f5aef5
f7b2f7
fa10fa
fc80fc
fecefe
010601
02f302
048304
05f405
071107
079a07
07f807
085a08
086d08
086f08
08e308
099a09
0a6a0a
0bad0b
0d620d
0f350f
113711
136513
155215
16c816
17ee17
18e318
19bf19
1a851a
1b061b
1b5c1b
1beb1b
1cb11c
1d701d
1e3d1e
1f271f
1ff21f
208f20
211321
216c21
218f21
217021
20fe20
207020
201d20
1fed1f
1fc11f
1fd31f
202e20
209620
20ff21
216e21
21d721
226622
233023
23df23
244c24
24ab24
24f624
250225
24f224
24e924
24e324
24e424
24e524
24e424
251a25
25a625
263426
268726
26c226
26f926
270c27
26fd26
26d526
267c26
25e425
251c25
241a24
22db22
219821
209320
1faa1f
1e8d1e
1d491d
1c331c
1b4c1b
1a561a
194419
182a18
16f716
159915
142714
12dd12
11e011
110f11
104910
0fb70f
0f810f
0f890f
0fa20f
0fbc0f
0fdd0f
102010
108a10
10f010
114c11
11bf11
122b12
124e12
122612
11bc11
110611
101210
0ee60e
0d730d
0bc40b
09f709
083a08
06df06
05e305
04e504
03d803
02f102
021b02
014401
008a00
ffc7ff
fed7fe
fdfefd
fd50fd
fc8afc
fbabfb
faeafa
fa5cfa
f9fcf9
f98ef9
f8d5f8
f811f8
f791f7
f722f7
f688f6
f5ddf5
f540f5
f4b8f4
f450f4
f41cf4
f44cf4
f4d5f4
f53af5
f553f5
f586f5
f5ebf5
f645f6
f68ef6
f6abf6
f664f6
f5f9f5
f5bdf5
f58df5
f548f5
f4e5f4
f425f4
f30df3
f1f1f1
f0d8f0
efb7ef
eec3ee
edd7ed
ec85ec
eaf2ea
e98fe9
e87ce8
e7abe7
e709e7
e650e6
e561e5
e473e4
e3b9e3
e334e3
e2d1e2
e262e2
e1bde1
e0f9e0
e045e0
dfa7df
df25df
ded9de
deafde
de5cde
ddd8dd
dd7add
dd62dd
dd55dd
dd2bdd
dcefdc
dc99dc
dc2edc
dbc5db
db6fdb
db4cdb
db76db
dbd3db
dc49dc
dcf4dc
ddeddd
df2fdf
e0a5e0
e20be2
e320e3
e424e4
e579e5
e70ce7
e896e8
e9fbe9
eb14eb
ebc5eb
ec56ec
ed1fed
ee1fee
ef20ef
efc8ef
efd8ef
ef9def
efa4ef
effaef
f079f0
f13bf1
f21af2
f2bef2
f350f3
f423f4
f502f5
f5aff5
f624f6
f63bf6
f603f6
f5dcf5
f5dcf5
f5f5f5
f641f6
f687f6
f690f6
f6c6f6
f758f7
f7e1f7
f884f8
f99ef9
faaefa
fb5ffb
fc47fc
fdb1fd
ff5fff
015701
038a03
05a605
07c107
09fa09
0bf90b
0d9c0d
0f190f
105f10
114611
11d911
121412
121712
122712
123b12
122e12
124112
12a312
132513
13c813
14d814
165c16
17fc17
198219
1afb1a
1c6f1c
1dbd1d
1ece1e
1fa01f
202520
207020
20aa20
20ba20
207c20
201a20
1fb21f
1f2b1f
1e931e
1e0f1e
1da41d
1d4d1d
1cef1c
1c5c1c
1bbb1b
1b3c1b
1aa11a
19b019
18ab18
17c217
16dd16
15f715
151315
145514
141114
144514
148d14
14d714
153015
154d15
14f914
146214
139913
129012
113f11
0f9f0f
0ddc0d
0c430c
0ad10a
097009
086408
07b807
070f07
066406
060806
060506
062a06
065406
066106
064606
060f06
05b805
055305
050d05
04d904
048604
040e04
038803
031903
02f702
030e03
02ff02
02c002
02c602
035103
041504
04ba04
054e05
05fe05
06be06
076607
07d307
07e307
079607
070b07
064f06
056f05
049504
03be03
02bb02
018e01
005d00
ff38ff
fe1bfe
fce8fc
fb73fb
f9dff9
f86df8
f715f7
f5c5f5
f48bf4
f358f3
f22df2
f120f1
eff3ef
ee7aee
ed06ed
ebb6eb
ea23ea
e837e8
e620e6
e3d0e3
e15be1
df01df
dcbddc
da87da
d895d8
d6e1d6
d550d5
d40fd4
d322d3
d242d2
d17ad1
d0fbd0
d0a6d0
d066d0
d048d0
d023d0
cfe1cf
cfb4cf
cfabcf
cfc0cf
d026d0
d0f0d0
d1dcd1
d2c8d2
d3abd3
d45ad4
d508d5
d62ed6
d7acd7
d8efd8
d9d7d9
da99da
db3fdb
dbe0db
dca4dc
dd81dd
de68de
df44df
dfeedf
e0ace0
e20ae2
e3e7e3
e5b5e5
e77ae7
e974e9
eb7feb
ed7bed
ef5aef
f0f4f0
f258f2
f3a8f3
f4a4f4
f512f5
f52bf5
f53af5
f579f5
f600f6
f68df6
f6f0f6
f759f7
f7c1f7
f7fbf7
f854f8
f918f9
f9e5f9
fa78fa
faf9fa
fb5bfb
fb83fb
fbc6fb
fc58fc
fcf8fc
fd82fd
fe13fe
febbfe
ff7fff
005f00
015a01
027502
039d03
04aa04
05b505
06e806
082408
096209
0ada0a
0c5f0c
0da40d
0ef00e
109110
123d12
13e713
15e315
17ff17
19d519
1b841b
1d321d
1eb81e
201020
214621
222f22
22be22
232923
23ac23
246924
254425
261726
271f27
288c28
2a102a
2b962b
2d742d
2f862f
315a31
32e732
342d34
350e35
35d135
36ae36
375437
378f37
37a837
37cf37
37f937
381538
382138
382738
380a38
379537
36f536
368336
360736
350735
338233
31cd31
303330
2ed22e
2d8c2d
2c472c
2b402b
2a982a
29ea29
290e29
288928
289f28
28bf28
287228
280328
27ac27
272c27
268626
261126
25ba25
253025
247624
23b423
230a23
228d22
220922
213921
204120
1f561f
1e5d1e
1d4f1d
1c4e1c
1b681b
1a9c1a
19b419
185218
16b916
157b15
147814
135213
125012
11b611
113b11
109610
0fe50f
0f5e0f
0ef50e
0e4f0e
0d350d
0be20b
0a8f0a
093809
07c407
05f605
03bf03
019d01
ffd8ff
fe1dfe
fc61fc
faf0fa
f988f9
f7d8f7
f645f6
f53cf5
f494f4
f405f4
f385f3
f315f3
f2a1f2
f21ff2
f1b4f1
f17ef1
f14bf1
f0e4f0
f060f0
efe7ef
ef8aef
ef5aef
ef4def
ef3fef
ef30ef
ef1def
eee0ee
ee8bee
ee50ee
ee1bee
eda3ed
ecd9ec
ebedeb
eb09eb
ea20ea
e93ce9
e8a8e8
e86be8
e811e8
e784e7
e734e7
e72be7
e6fae6
e686e6
e607e6
e595e5
e53de5
e4ffe4
e4c7e4
e4b7e4
e4f1e4
e526e5
e504e5
e4dee4
e529e5
e5b7e5
e615e6
e615e6
e5b8e5
e542e5
e519e5
e532e5
e52ce5
e517e5
e52be5
e526e5
e4dfe4
e4a2e4
e4aee4
e511e5
e5a7e5
e5ebe5
e5c7e5
e5f5e5
e6a7e6
e731e7
e774e7
e7e1e7
e874e8
e913e9
e9e0e9
eaafea
eb67eb
ec3cec
ed01ed
ed79ed
ee08ee
eed8ee
ef8aef
f026f0
f0daf0
f168f1
f1daf1
f289f2
f337f3
f388f3
f3a9f3
f3bbf3
f3aff3
f3b9f3
f400f4
f469f4
f4f6f4
f5b2f5
f698f6
f7e2f7
f992f9
fb44fb
fce5fc
febcfe
00ab00
026402
03e703
053705
066306
07a207
08d908
09b309
0a590a
0b050b
0b720b
0b990b
0c110c
0d020d
0de90d
0e8e0e
0f560f
109210
121b12
13a413
152515
16b916
183018
194319
1a0a1a
1abc1a
1b401b
1b821b
1b931b
1b6c1b
1b171b
1acb1a
1a801a
1a231a
19f019
19df19
196a19
188318
17c217
175c17
16f016
164d16
15b515
156815
153915
14cc14
144414
142a14
147d14
14c914
14ed14
14f614
14cc14
14a214
14c914
14ea14
148114
13ac13
12dd12
124f12
11f811
118d11
10eb10
106510
101c10
0fc90f
0f7c0f
0f8e0f
0fdc0f
101c10
105c10
10be10
114b11
121412
12f412
13aa13
143314
14a714
14f314
150615
14fc14
14fc14
14f014
147c14
138e13
129b12
11c111
10aa10
0f8b0f
0ebd0e
0dd10d
0c730c
0b3e0b
0a8e0a
0a090a
097e09
090609
089d08
084208
07e407
075807
06a406
05d205
04b304
033603
016a01
ff6cff
fd8cfd
fbcdfb
f9b0f9
f751f7
f578f5
f42ef4
f2e6f2
f194f1
f043f0
eedbee
edafed
eceeec
ec2bec
eb53eb
eaa6ea
e9ede9
e8fee8
e829e8
e77de7
e6d0e6
e63ee6
e5bee5
e50ce5
e43ae4
e381e3
e2f2e2
e296e2
e24fe2
e1e6e1
e189e1
e193e1
e1e6e1
e22de2
e268e2
e2c8e2
e373e3
e45be4
e552e5
e64fe6
e760e7
e85de8
e932e9
ea10ea
eb08eb
ebf9eb
ecdfec
edc2ed
ee93ee
ef3eef
efb1ef
effcef
f052f0
f0acf0
f0cff0
f0c5f0
f0bbf0
f0b1f0
f0aff0
f0c4f0
f0d0f0
f0a2f0
f02bf0
ef70ef
eeaeee
ee1eee
ed8fed
ecbeec
ebc7eb
eac3ea
e99be9
e86ee8
e762e7
e66ce6
e593e5
e4f8e4
e473e4
e3c4e3
e2fde2
e266e2
e224e2
e216e2
e1eae1
e187e1
e12de1
e0fde0
e0d4e0
e0abe0
e091e0
e063e0
e009e0
dfdedf
e027e0
e0a5e0
e127e1
e1c9e1
e271e2
e2ebe2
e37ee3
e480e4
e5b4e5
e6c6e6
e7c2e7
e8d6e8
ea35ea
ebfceb
edf2ed
efceef
f1a5f1
f38ef3
f57df5
f792f7
f9f5f9
fc71fc
feaafe
007900
020c02
03af03
055505
06c306
082308
099e09
0ad20a
0b9e0b
0c830c
0db80d
0ef40e
103110
11bd11
13ae13
15cf15
17c917
198919
1b511b
1d181d
1e901e
1fd61f
213321
228a22
23bb23
24cd24
25ad25
267526
273a27
279a27
279e27
27f327
288d28
28aa28
285428
281428
27de27
279227
275b27
273b27
271127
26cc26
266a26
262626
262726
262026
25fb25
260f26
264a26
266526
26a026
271827
276627
276d27
276827
276527
277627
279927
279a27
27a327
280f28
288e28
28ac28
28a028
28b628
28d328
28cc28
289628
285e28
286c28
288628
284728
27f627
27fc27
281728
280c28
282228
286d28
28b428
28e128
290229
292229
294129
295429
295e29
296029
292c29
28ac28
281528
276527
266526
252325
23d823
22a122
219c21
20c320
1fdc1f
1eef1e
1e3a1e
1da51d
1ce01c
1bf21b
1b041b
1a061a
18c718
174817
15af15
141414
127212
10ca10
0f1a0f
0d550d
0bac0b
0a6c0a
097d09
088608
076b07
064506
052405
041304
031d03
024b02
019401
00d100
fff8ff
ff45ff
fef4fe
fef4fe
ff0cff
ff0cff
fefcfe
ff00ff
fee7fe
fe60fe
fd9bfd
fce7fc
fc13fc
fae0fa
f98df9
f868f8
f785f7
f6daf6
f647f6
f5caf5
f586f5
f55cf5
f515f5
f4eef4
f50df5
f507f5
f494f4
f3fdf3
f376f3
f2c6f2
f1acf1
f04af0
ef07ef
edfded
ecd1ec
eb6deb
ea36ea
e954e9
e8a3e8
e825e8
e7efe7
e804e8
e84fe8
e881e8
e870e8
e86ce8
e893e8
e87ce8
e81be8
e7e6e7
e7f0e7
e7e8e7
e7d6e7
e807e8
e88de8
e92de9
e9c4e9
ea7eea
eb8deb
ecc1ec
edb4ed
ee47ee
eea2ee
eee4ee
ef05ef
eefdee
eeebee
eee1ee
eea9ee
ee29ee
edb6ed
edb6ed
ee17ee
ee89ee
eefaee
efa4ef
f07ff0
f11ef1
f18ff1
f281f2
f3f7f3
f545f5
f673f6
f808f8
f9e8f9
fbb2fb
fd6cfd
ff29ff
00e600
029102
040404
056c05
070f07
089408
09ac09
0ab30a
0bb80b
0c730c
0d480d
0e960e
100110
118011
133013
148814
159315
172c17
191219
1a681a
1b6d1b
1c801c
1d2f1d
1d881d
1e1a1e
1ed41e
1f641f
1fbf1f
1fe81f
203620
210321
21ed21
22a122
236d23
243824
249e24
24f024
258225
260c26
268226
270327
273627
270f27
271d27
279027
281c28
288d28
28b728
289428
287b28
289c28
28ae28
286c28
27c927
26e926
261126
255d25
24c224
246f24
248224
249724
246d24
246224
24c224
255625
25eb25
268626
270d27
275d27
277827
277327
276a27
276e27
274c27
26af26
25aa25
24a424
23c223
22dd22
21d421
209b20
1f2e1f
1da31d
1c2c1c
1b0c1b
1a641a
19ea19
194019
188218
17f717
179c17
176b17
176817
174617
16b716
15cc15
14b014
138f13
129812
119b11
102d10
0e510e
0c500c
0a670a
08cc08
076c07
05f405
047a04
033703
020402
010101
009a00
007400
fff6ff
ff5dff
fed4fe
fe0bfe
fd39fd
fcb1fc
fc04fc
faf2fa
f9ebf9
f907f9
f81df8
f76af7
f700f6
f68df6
f5fbf5
f575f5
f530f5
f555f5
f5b1f5
f5edf5
f630f6
f6a4f6
f6e1f6
f6bef6
f6cdf6
f757f7
f7e8f7
f807f8
f7b9f7
f75df7
f742f7
f754f7
f74df7
f70ef7
f69df6
f60cf6
f56ef5
f4dcf4
f479f4
f445f4
f3fff4
f38df3
f32ff3
f313f3
f325f3
f34cf3
f361f3
f330f3
f2b0f2
f208f2
f176f1
f10ef1
f078f0
ef7fef
ee84ee
ed9fed
ec68ec
eb21eb
ea55ea
e9a7e9
e8a2e8
e784e7
e64be6
e4d9e4
e3b5e3
e2f9e2
e20be2
e0fbe0
e035e0
df7fdf
deddde
deb4de
deb2de
de68de
de23de
ddfddd
ddc6dd
ddc8dd
de32de
deb9de
df55df
e01de0
e0d5e0
e18ce1
e2a5e2
e40de4
e564e5
e6ace6
e82be8
e9ffe9
ebfceb
ede4ed
efb8ef
f1adf1
f3ddf3
f636f6
f88ef8
fad2fa
fd23fd
ff66ff
014801
030c03
052105
070d07
084708
093809
0a400a
0b2f0b
0bfb0b
0caf0c
0d370d
0dae0d
0e130e
0e3f0e
0e8b0e
0f320f
0f930f
0f560f
0eee0e
0e8c0e
0e180e
0db40d
0d490d
0cb50c
0c470c
0bfd0b
0b880b
0b230b
0b060b
0ae10a
0aa90a
0a760a
0a080a
098b09
097109
097c09
096209
095b09
095f09
095109
097b09
09da09
0a340a
0ae00a
0bda0b
0c5e0c
0c6e0c
0cd30c
0d890d
0e100e
0e800e
0ef00e
0f180f
0f280f
0fb10f
10c110
11e711
12c712
134813
13a513
144014
152615
160516
16c616
177c17
17f917
182e18
189418
197019
1a7d1a
1b851b
1c6e1c
1d001d
1d701d
1e351e
1f2e1f
200a20
20dc20
217c21
21a721
21c721
224622
22e422
237523
23f223
240a24
23bc23
238c23
238123
233223
228722
21a521
20bc20
200520
1f751f
1eed1e
1e8a1e
1e3c1e
1dc11d
1d311d
1cc81c
1c661c
1bdc1b
1b1b1b
1a1d1a
18f418
17c417
169916
15a115
150115
146414
136b13
123612
112311
105910
0fb40f
0ed90e
0d8f0d
0c090c
0aa80a
099b09
08cc08
080108
072a07
066506
05a005
04b604
03e003
036803
033303
02f902
029202
01f601
015a01
011601
014001
019a01
01d301
01d401
01c701
01c601
01c401
01d801
021b02
025d02
027d02
02a602
030703
03a103
045004
04cd04
050705
055a05
05f105
066e06
067a06
062406
05ae05
053905
049804
03b803
02ea02
025502
01a601
00b900
ffccff
fef7fe
fe35fe
fd8ffd
fcd4fc
fbd8fb
fabefa
f9a6f9
f892f8
f791f7
f68af6
f54ef5
f404f4
f2e9f2
f207f2
f157f1
f0cdf0
f053f0
effeef
efdbef
efcbef
efe1ef
f04bf0
f0c4f0
f0fcf0
f121f1
f16ef1
f1c2f1
f200f2
f22cf2
f23bf2
f21af2
f1d3f1
f172f1
f108f1
f0b7f0
f080f0
f00ff0
ef38ef
ee64ee
edefed
eda3ed
ed59ed
ed29ed
ece6ec
ec84ec
ec5dec
ec64ec
ec51ec
ec5eec
ec9cec
ec99ec
ec65ec
ec51ec
ec28ec
ebfbeb
ec16ec
ec0aec
ebb8eb
ebe8eb
eca3ec
ed52ed
ee3eee
efa3ef
f0eff0
f230f2
f3e3f3
f5bcf5
f787f7
f96ef9
faf5fa
fbcbfb
fc7dfc
fd39fd
fdc5fd
fe70fe
ff40ff
ffb1ff
fff2ff
006800
00d000
012f01
01e901
02be02
035303
03da03
046f04
051805
062306
076c07
086708
091b09
09e509
0abe0a
0b930b
0c740c
0d350d
0dc00d
0e560e
0ef80e
0f810f
101910
10c110
112f11
119311
124b12
130613
138913
143a14
14fe14
156015
15dd15
170317
185918
199519
1b0a1b
1c741c
1d7b1d
1e8b1e
1fd31f
20ff20
220922
22cf22
230223
230e23
235423
237323
237623
23c123
23e523
238f23
234223
233123
233523
236b23
238523
231923
22ab22
229a22
226c22
221922
221022
222022
21e521
216121
20a920
1fe51f
1f331f
1e4a1e
1d121d
1be21b
1ab41a
195819
180e18
16e616
15a815
147414
137913
12a512
122812
122b12
124512
122f12
121b12
11f811
118211
10e410
106810
0fe50f
0f040f
0dbf0d
0c6f0c
0b640b
0a9c0a
09f009
093609
086008
07a107
072d07
06eb06
06c006
06b106
068a06
062106
05ae05
056505
052805
04ca04
041e04
031203
01f801
011b01
004e00
ff53ff
fe2efe
fceafc
fb90fb
fa3efa
f8edf8
f79bf7
f661f6
f513f5
f367f3
f1a2f1
f052f0
ef6def
ee80ee
ed6fed
ec83ec
ebe5eb
eb74eb
eb11eb
eaa3ea
ea0cea
e94ce9
e890e8
e7e2e7
e705e7
e5ebe5
e4dbe4
e3fee3
e336e3
e27ce2
e1e3e1
e176e1
e13fe1
e132e1
e126e1
e11de1
e137e1
e14ce1
e12fe1
e11ae1
e13ce1
e153e1
e12ee1
e0fce0
e0e9e0
e100e1
e149e1
e1b2e1
e224e2
e2a5e2
e326e3
e38ee3
e3dce3
e3fde3
e3d7e3
e387e3
e337e3
e2dfe2
e27fe2
e23ae2
e21fe2
e22de2
e259e2
e29ee2
e31ce3
e3d1e3
e46be4
e4c9e4
e50fe5
e527e5
e4fce4
e4e0e4
e4ede4
e4cce4
e480e4
e460e4
e47ce4
e4bde4
e515e5
e55fe5
e5a6e5
e628e6
e6aee6
e6e8e6
e72ce7
e7a5e7
e7c7e7
e771e7
e72de7
e718e7
e6f6e6
e6d0e6
e697e6
e62fe6
e5f8e5
e627e6
e65ce6
e67de6
e6c8e6
e708e7
e703e7
e708e7
e72fe7
e756e7
e7bfe7
e885e8
e940e9
e9e7e9
eae1ea
ec22ec
ed67ed
eed0ee
f075f0
f226f2
f3c2f3
f551f5
f6f3f6
f8d5f8
fae9fa
fcecfc
fedafe
00eb00
031303
052905
075107
09b309
0c180c
0e310e
100210
11cd11
13bd13
15b815
176e17
18ce18
1a2a1a
1b8b1b
1c9a1c
1d601d
1e361e
1f111f
1fc01f
205320
20d320
213e21
21a821
21ed21
21d521
217d21
210121
206120
1fcb1f
1f3b1f
1e5d1e
1d481d
1c401c
1b201b
19ef19
18f618
17f217
16a216
156315
145114
132613
120612
110e11
100610
0f110f
0e6f0e
0de20d
0d4f0d
0cef0c
0cbb0c
0c800c
0c1d0c
0b800b
0af70a
0ada0a
0ad30a
0a6c0a
09d809
096509
092809
093e09
099d09
0a0f0a
0a930a
0b190b
0b730b
0bc70b
0c450c
0cbb0c
0cf00c
0ce20c
0c9f0c
0c570c
0c1f0c
0bdf0b
0ba80b
0b900b
0b6a0b
0b3e0b
0b4c0b
0b7a0b
0b9b0b
0bcb0b
0be80b
0bab0b
0b2c0b
0aa80a
0a210a
098e09
08d008
07d307
06db06
062206
058405
04f704
048304
03f503
034503
02b302
024602
01e001
017501
00d400
ffe4ff
fef7fe
fe3dfe
fd97fd
fd1afd
fcddfc
fc90fc
fc0afc
fb91fb
fb34fb
fac9fa
fa64fa
fa0dfa
f991f9
f8e6f8
f820f8
f74ff7
f6a3f6
f624f6
f579f5
f47ff4
f37ff3
f287f2
f187f1
f0bbf0
f01ff0
ef60ef
ee87ee
edc0ed
ece5ec
ec00ec
eb57eb
eac4ea
ea2bea
e9cbe9
e97ae9
e8f7e8
e8b2e8
e8e9e8
e90be9
e8efe8
e902e9
e94ae9
e989e9
e9a7e9
e97ee9
e936e9
e95be9
e9dce9
ea2dea
ea6eea
eaf9ea
eb90eb
ec02ec
ec7fec
ed0aed
ed97ed
ee36ee
eea6ee
eec8ee
eef6ee
ef26ef
ef06ef
eef3ee
ef38ef
ef4eef
ef08ef
eedeee
eec8ee
ee98ee
ee83ee
ee77ee
ee59ee
ee82ee
eed7ee
eeebee
ef23ef
efbfef
f01ff0
f042f0
f0adf0
f10ef1
f11ef1
f11ef1
f0c1f0
f010f0
efe7ef
f016f0
efecef
f004f0
f0a0f0
f105f1
f1a6f1
f338f3
f4e4f4
f659f6
f845f8
fa40fa
fbeefb
fdeefd
ffc8ff
00bc00
01ab01
02f402
03ad03
03fd03
046e04
047f04
044304
044804
042e04
040104
045e04
049d04
042004
03ca03
03f303
03ed03
03e303
044004
049f04
04f204
058e05
063806
06f406
082508
095f09
0a100a
0aad0a
0b890b
0c120c
0c500c
0cfd0c
0dec0d
0e7d0e
0eda0e
0f480f
0fb70f
106c10
117811
125b12
133813
147514
157a15
161816
170e17
181e18
18ad18
195f19
1a551a
1ab51a
1acc1a
1b381b
1b761b
1b8c1b
1bfc1b
1c341c
1c1d1c
1c8d1c
1d151d
1cfd1c
1d071d
1d6b1d
1d741d
1d8c1d
1e381e
1ec91e
1f071f
1f571f
1f891f
1fad1f
202b20
208520
207020
207f20
209420
203a20
1fe71f
1fde1f
1fb11f
1f761f
1f531f
1edb1e
1e2f1e
1dc61d
1d611d
1cdd1c
1c8e1c
1c431c
1bc11b
1b641b
1b331b
1af11a
1ad31a
1ade1a
1ab71a
1a791a
1a5c1a
1a181a
198b19
18dc18
181b18
176a17
16dd16
162216
152215
142c14
134013
121e12
10e010
0fb30f
0e7a0e
0d0b0d
0b730b
09e009
086f08
071907
05da05
04bf04
03ca03
02ed02
020902
011101
002b00
ff69ff
feacfe
fde7fd
fd1afd
fc1bfc
faf1fa
f9daf9
f8e9f8
f81ff8
f776f7
f6bef6
f5ecf5
f532f5
f495f4
f41cf4
f3e0f3
f3a8f3
f354f3
f31af3
f2e4f2
f286f2
f255f2
f259f2
f221f2
f1a8f1
f11df1
f087f0
f016f0
efd0ef
ef5bef
eeccee
ee64ee
ede8ed
ed48ed
ecbcec
ec33ec
eb9deb
eb17eb
ea80ea
e9cde9
e916e9
e82be8
e716e7
e634e6
e556e5
e421e4
e2d8e2
e1c1e1
e0b7e0
dfa3df
de7cde
dd3fdd
dc10dc
daebda
d9bcd9
d8b7d8
d7e5d7
d704d7
d610d6
d516d5
d425d4
d3a2d3
d3b7d3
d3dfd3
d3c6d3
d39fd3
d38fd3
d3a7d3
d3eed3
d44ad4
d4c3d4
d55ed5
d5d6d5
d621d6
d69ad6
d765d7
d864d8
d96ed9
da48da
daffda
dbe2db
dccfdc
dd7edd
de28de
defbde
dfc1df
e084e0
e171e1
e271e2
e374e3
e494e4
e5cbe5
e717e7
e870e8
e9c2e9
eb3beb
ecf9ec
eea9ee
f023f0
f197f1
f30af3
f485f4
f631f6
f7c2f7
f8d1f8
f996f9
fa5cfa
fb0bfb
fbc7fb
fcc1fc
fdcffd
fec5fe
ff92ff
001f00
00ba00
01c601
031b03
047704
05bb05
06a806
074607
07eb07
089b08
094209
0a090a
0aaf0a
0ad80a
0ad60a
0b090b
0b590b
0bbd0b
0c200c
0c320c
0c0e0c
0c130c
0c280c
0c300c
0c770c
0cf90c
0d5e0d
0d880d
0d810d
0d710d
0dad0d
0e330e
0e910e
0ead0e
0ed60e
0f100f
0f490f
0fbf0f
107a10
111711
119911
127012
139913
14ce14
161616
176417
187f18
19a619
1b151b
1c6d1c
1d8c1d
1ed81e
203f20
216c21
229322
23e823
254025
26ab26
281828
290329
296729
29db29
2a702a
2acf2a
2b092b
2b2e2b
2b0d2b
2ac92a
2aa62a
2a8d2a
2a662a
2a322a
29b729
28cb28
278c27
25fb25
241824
222f22
205f20
1e651e
1c281c
19d619
17a317
15ae15
13d513
11dd11
0fe00f
0e070e
0c220c
0a110a
07e607
059605
033b03
010e01
fee7fe
fc94fc
fa50fa
f829f8
f5f2f5
f3daf3
f220f2
f0a4f0
ef5def
ee66ee
ed93ed
ecd9ec
ec69ec
ec28ec
ebf2eb
ec06ec
ec69ec
ec9eec
ec79ec
ec45ec
ec19ec
ebedeb
ebeceb
ec02ec
ebd2eb
eb6feb
eb4feb
eb7beb
ebafeb
ebebeb
ec3fec
ec88ec
eccaec
ed1bed
ed3fed
ed16ed
ed01ed
ed32ed
ed4ded
ed2fed
ed1ced
ed19ed
ecf2ec
ecacec
ec55ec
ebf8eb
ebcdeb
ebceeb
eb9ceb
eb16eb
ea6eea
e9cbe9
e958e9
e920e9
e8f5e8
e8c7e8
e88ce8
e816e8
e794e7
e75fe7
e73ae7
e6eee6
e6b1e6
e65fe6
e5bce5
e507e5
e455e4
e3a2e3
e351e3
e358e3
e34be3
e368e3
e3b7e3
e39be3
e356e3
e37ee3
e38de3
e34ae3
e33de3
e2fbe2
e218e2
e18fe1
e197e1
e124e1
e072e0
e076e0
e0c0e0
e0ebe0
e17ce1
e21ee2
e244e2
e2b2e2
e3c4e3
e4b4e4
e5cae5
e796e7
e91ce9
e9e1e9
eadfea
ec16ec
ed05ed
ee32ee
ef78ef
f01df0
f0c7f0
f1c5f1
f247f2
f2e8f2
f489f4
f61df6
f723f7
f854f8
f93ef9
f9ccf9
fb41fb
fd3cfd
fe77fe
ff7aff
00b400
019e01
02aa02
041604
050b05
05cc05
06ec06
07a607
07b907
07ec07
083108
086408
08d708
091109
08b708
08a808
092c09
097e09
099309
09d309
09ee09
09ba09
09e109
0a940a
0b440b
0bfb0b
0d210d
0e560e
0f560f
108310
119a11
124812
134013
147814
150b15
158215
169016
173617
173b17
179d17
181618
182b18
187018
18b318
188818
189318
18aa18
181118
17a017
17de17
17ce17
177d17
17b417
17dd17
178717
174917
171017
169216
163e16
15ef15
152615
145e14
13e713
134e13
12c512
12b612
128912
11ee11
118811
115011
10bc10
100e10
0f8b0f
0ef40e
0e790e
0e250e
0d790d
0ccd0c
0cae0c
0c710c
0bd30b
0b800b
0b150b
0a010a
08dd08
07ad07
060005
048804
037c03
021a02
00c400
fff8ff
fefcfe
fdedfd
fd98fd
fd76fd
fd17fd
fce1fc
fc8cfc
fbe2fb
fb79fb
fb16fb
fa47fa
f99ff9
f911f9
f7d4f7
f657f6
f53ef5
f41cf4
f2ccf2
f1b0f1
f08ff0
ef52ef
ee82ee
edfced
ed32ed
ec7cec
ec40ec
ec09ec
eb9ceb
eb47eb
eae2ea
ea39ea
e9b7e9
e97be9
e934e9
e90ae9
e91ee9
e918e9
e8f3e8
e8d9e8
e89ce8
e867e8
e877e8
e85ce8
e7fbe7
e7c7e7
e786e7
e6f6e6
e697e6
e681e6
e64de6
e614e6
e5d4e5
e549e5
e4a7e4
e41ae4
e367e3
e29fe2
e1ebe1
e124e1
e051e0
df74df
de38de
dcb5dc
db73db
da76da
d95ed9
d83bd8
d759d7
d6b2d6
d605d6
d54cd5
d4bdd4
d478d4
d46bd4
d45ad4
d401d4
d373d3
d2e0d2
d227d2
d14bd1
d0bed0
d0a2d0
d099d0
d061d0
d00ad0
cfcecf
cfc3cf
cfcacf
cfe1cf
d013d0
d029d0
d01cd0
d02ad0
d050d0
d098d0
d119d1
d17cd1
d1cfd1
d28dd2
d342d3
d381d3
d405d4
d4d2d4
d54fd5
d618d6
d767d7
d84cd8
d91ed9
da87da
dbb4db
dc97dc
ddebdd
deedde
df2ddf
df98df
dfeddf
dfabdf
dfb0df
e00ee0
e03ce0
e0c7e0
e17be1
e173e1
e173e1
e1fee1
e216e2
e1f2e1
e25fe2
e29be2
e259e2
e267e2
e2afe2
e2f7e2
e3b9e3
e4b2e4
e569e5
e62be6
e6f5e6
e79be7
e877e8
e965e9
ea0dea
eaeaea
ec1fec
ed06ed
edb7ed
eec2ee
eff4ef
f0fef0
f211f2
f336f3
f443f4
f571f5
f702f7
f89ff8
f9faf9
fb70fb
fd3cfd
fee5fe
004800
01c601
033603
045b04
058c05
06c706
07bd07
08b908
09ff09
0b400b
0c660c
0d890d
0e980e
0faf0f
10d510
11c411
12b212
13e513
14d814
153f15
159e15
162216
168f16
171717
17c617
181e18
182a18
186e18
18e018
193d19
19ca19
1a9c1a
1b421b
1b9e1b
1bf61b
1c5c1c
1cbd1c
1cd31c
1c3b1c
1b281b
1a041a
18a318
171a17
15fa15
150115
13a413
123012
10dc10
0f980f
0ec60e
0e4e0e
0d690d
0c150c
0abd0a
094f09
07fd07
071907
066006
05b405
051205
042104
031603
026402
019601
008200
ffdeff
ff9aff
ff31ff
fef7fe
ff14ff
ff19ff
ff1eff
ff64ff
ffbaff
001b00
008700
009900
005000
001600
000300
fff5ff
ffeaff
ffdcff
fff5ff
004f00
009e00
00ae00
00aa00
009400
003a00
ffb0ff
ff2dff
fec9fe
fe61fe
fde7fd
fd9bfd
fd7cfd
fd01fd
fc24fc
fb68fb
faaffa
f984f9
f7f6f7
f61ef6
f422f4
f261f2
f0a0f0
ee7dee
ec80ec
eae0ea
e8fae8
e6dbe6
e4f3e4
e312e3
e141e1
dfa4df
ddbedd
dbabdb
d9e5d9
d7efd7
d5bbd5
d422d4
d2cbd2
d101d1
cf3fcf
cda5cd
cbf3cb
caafca
c9b1c9
c84ec8
c751c7
c734c7
c6f5c6
c698c6
c6dbc6
c71cc7
c6e9c6
c6dcc6
c6e6c6
c6c3c6
c6dac6
c70fc7
c6f4c6
c6edc6
c743c7
c78cc7
c7d7c7
c8bac8
ca23ca
cb88cb
ccf0cc
ce8bce
d001d0
d12fd1
d274d2
d3ced3
d4ffd4
d625d6
d70dd7
d78dd7
d836d8
d8fcd8
d92fd9
d949d9
d9e6d9
da76da
dadcda
db74db
dbd9db
dc33dc
dd35dd
de53de
df0ddf
e00ae0
e150e1
e265e2
e377e3
e46ee4
e51ce5
e605e6
e714e7
e7c7e7
e886e8
e95de9
e99ee9
e9b9e9
ea57ea
eadeea
eb12eb
eb88eb
ec0dec
ec43ec
ec96ec
ed2aed
edb2ed
ee64ee
ef72ef
f069f0
f114f1
f1e7f1
f2f0f2
f3c5f3
f47cf4
f564f5
f63ef6
f6e4f6
f7a7f7
f887f8
f950f9
fa34fa
fb1cfb
fbb5fb
fc58fc
fd6cfd
fe94fe
ff94ff
009000
016f01
025202
03ab03
054905
06d606
089208
0a880a
0c4c0c
0ddd0d
0f760f
110911
12a412
144f14
15ae15
169b16
175317
17ec17
188a18
195d19
19f819
19df19
196919
191219
18e218
18d218
18dd18
18e618
18f518
190819
191819
196d19
1a0d1a
1a731a
1a8c1a
1ad11a
1b271b
1b131b
1ac11a
1a8a1a
1a431a
19d919
199019
196719
192319
18c918
185318
179317
16e016
16bc16
16c116
165516
15d415
15a315
156b15
151415
150a15
154115
154c15
151515
14a714
13f213
131713
122c12
10f010
0f5e0f
0de10d
0c920c
0b260b
09aa09
084808
06d906
057205
047804
03b803
02a802
015c01
004900
ff85ff
febcfe
fdbffd
fccbfc
fc18fc
fb68fb
fa93fa
f9dcf9
f967f9
f8ebf8
f811f8
f6e6f6
f5fff5
f59bf5
f519f5
f419f4
f2f9f2
f1c2f1
f05af0
ef40ef
eea1ee
ee2aee
edd0ed
ed7ded
ed11ed
ecf1ec
ed2fed
ed3fed
ed0ced
ecc5ec
ec43ec
eba2eb
eb08eb
ea4bea
e997e9
e927e9
e8afe8
e827e8
e7dae7
e79fe7
e747e7
e6f7e6
e69ce6
e608e6
e54fe5
e49ce4
e41ae4
e3dfe3
e3d5e3
e3f7e3
e451e4
e4d5e4
e550e5
e57fe5
e57ae5
e5b9e5
e623e6
e62ae6
e5e1e5
e5a1e5
e56be5
e563e5
e5a9e5
e5fce5
e659e6
e6e5e6
e750e7
e76ae7
e772e7
e775e7
e76ae7
e79ae7
e816e8
e881e8
e8bde8
e948e9
ea75ea
ebb9eb
ec8cec
ed22ed
edb2ed
ee5cee
ef4cef
f000f0
f001f0
f013f0
f097f0
f0c4f0
f0a0f0
f0d7f0
f134f1
f16af1
f1a5f1
f1e7f1
f236f2
f294f2
f2c8f2
f30ff3
f3b0f3
f440f4
f491f4
f4d7f4
f4f4f4
f500f5
f527f5
f524f5
f518f5
f55df5
f5b6f5
f61af6
f6a8f6
f727f7
f7d2f7
f8e0f8
f998f9
f9f0f9
fa96fa
fb1bfb
fb16fb
fb3bfb
fba7fb
fbccfb
fba5fb
fb81fb
fbd8fb
fcc5fc
fd9cfd
fe53fe
ff4eff
000f00
00d300
029402
046a04
055f05
067706
07bd07
084a08
090e09
0a840a
0b4f0b
0bde0b
0dde0d
0ff20f
0fda0f
0f380f
10bf10
12ad12
122412
111611
121012
12ff13
129312
12f012
13dc13
13b413
13cd13
147614
13ce13
12c412
12a912
11f511
10aa10
105610
100510
0f030f
0e9b0e
0eac0e
0e5f0e
0e2d0e
0e020e
0d800d
0d530d
0d5d0d
0cea0c
0c730c
0c2d0c
0b4b0b
09c609
085808
074807
064e06
050105
03c103
036103
036e03
030403
02c102
034503
03ac03
035d03
02f102
02cd02
02c502
029802
022802
01b401
01a301
01cc01
019401
00e000
006300
008400
009700
001400
ff83ff
ff45ff
fee5fe
fe43fe
fdcffd
fd9afd
fd5cfd
fd10fd
fccbfc
fc57fc
fb76fb
fa77fa
f9c6f9
f90cf9
f7f3f7
f712f7
f679f6
f557f5
f3fff3
f368f3
f2edf2
f1bdf1
f0abf0
f045f0
efedef
ef77ef
ef09ef
ee4eee
ed53ed
ec72ec
eb6feb
ea17ea
e886e8
e68be6
e433e4
e22fe2
e0bae0
df33df
dd36dd
db2adb
d998d9
d887d8
d7a9d7
d6dbd6
d630d6
d5f6d5
d665d6
d6dad6
d682d6
d5b9d5
d521d5
d47ed4
d3d2d3
d355d3
d27dd2
d154d1
d0e8d0
d114d1
d0f6d0
d0eed0
d16fd1
d1f7d1
d24ad2
d25ad2
d1ecd1
d199d1
d21ad2
d2e7d2
d374d3
d3ecd3
d469d4
d52bd5
d664d6
d75bd7
d7bcd7
d851d8
d913d9
d964d9
d9ccd9
da90da
daf1da
db50db
dc80dc
dda6dd
de0ade
de7bde
df32df
dfc0df
e097e0
e1b9e1
e207e2
e175e1
e11fe1
e150e1
e16de1
e0f8e0
e009e0
df55df
df22df
dec5de
de50de
dea7de
df78df
dfdadf
e02ee0
e0c7e0
e103e1
e10ae1
e17be1
e1dfe1
e1d3e1
e1a7e1
e0e6e0
df5cdf
de4fde
de0ade
dd7bdd
dcfadc
dd5bdd
ddeedd
de5ede
df3bdf
e02ee0
e132e1
e2fae2
e4b5e4
e58be5
e68ee6
e813e8
e959e9
eb0ceb
ed80ed
ef37ef
efcaef
f04df0
f12df1
f284f2
f455f4
f5e0f5
f6fff6
f870f8
fa5bfa
fc9bfc
ff69ff
028e02
054f05
072607
085b08
09c309
0b470b
0c350c
0d220d
0ed40e
108910
11c811
132b13
14e414
16ed16
192419
1ab81a
1ba01b
1cd01c
1e1d1e
1ead1e
1e911e
1e521e
1e661e
1e8a1e
1dd11d
1cd11c
1cf51c
1d8a1d
1d811d
1da11d
1e211e
1e4d1e
1e841e
1f221f
1fd31f
208920
20ae20
200520
201020
211521
216221
211921
214e21
213821
207f20
201720
1fac1f
1eaf1e
1dc81d
1ceb1c
1b951b
1aa31a
1a891a
1a181a
18ee18
184518
188a18
18dc18
190219
19a519
1ac61a
1b9e1b
1bc81b
1b8d1b
1b5e1b
1b271b
1a561a
190a19
180c18
174117
163c16
15aa15
160416
168b16
16bc16
16a016
163c16
161d16
168116
165816
152e15
141d14
138813
12a312
112d11
0f8f0f
0e100e
0cc90c
0b840b
09f509
085c08
072b07
064a06
055305
045c04
03ba03
030703
019401
ffebff
ff22ff
fedffe
fe11fe
fcfdfc
fc6afc
fc0dfc
fb8ffb
fb6ffb
fbe1fb
fc2bfc
fb9afb
fa66fa
f960f9
f8c6f8
f7e9f7
f66df6
f4e2f4
f3a4f3
f290f2
f1c8f1
f15bf1
f0e4f0
f033f0
ef43ef
ee26ee
ed6ced
ed1ded
ec23ec
ea35ea
e867e8
e736e7
e622e6
e4d0e4
e365e3
e272e2
e212e2
e174e1
e082e0
dff9df
df7edf
de86de
ddc3dd
dd4ddd
dc40dc
daceda
d9a3d9
d8d3d8
d8a4d8
d900d8
d8fad8
d87dd8
d863d8
d8cdd8
d959d9
d9dad9
da4cda
dadada
db92db
dc57dc
dd4cdd
de44de
debcde
df2cdf
e03de0
e10de1
e0dbe0
e0b8e0
e172e1
e226e2
e226e2
e21ae2
e2dce2
e465e4
e63fe6
e82de8
ea15ea
ebc4eb
ecefec
ed93ed
ee58ee
efc1ef
f10ef1
f187f1
f1f4f1
f2e2f2
f3a5f3
f45cf4
f5faf5
f851f8
fa79fa
fc0efc
fd35fd
fe87fe
005400
01d601
027002
02a602
030803
03b503
04d104
066606
083708
09c509
0a850a
0adb0a
0be40b
0dbc0d
0f470f
0fec0f
107410
11ba11
131613
13e613
159215
18ba18
1b081b
1b831b
1c381c
1d9b1d
1e481e
1e931e
1f201f
1f381f
1eb31e
1dfa1d
1d401d
1d5d1d
1e871e
1f7d1f
201a20
214a21
22d222
244824
259025
260126
25e125
25ec25
24e124
221f22
200720
1f951f
1ed51e
1d6a1d
1ce91c
1d421d
1d3f1d
1cd91c
1cea1c
1d951d
1e071e
1dc01d
1d4a1d
1d191d
1d051d
1cd81c
1c251c
1ac11a
196819
186618
173417
163a16
160c16
15b415
149314
13b913
13db13
146114
148314
13fa13
133a13
12e112
12de12
12eb12
12f812
12c012
121812
110811
0f6b0f
0d7c0d
0b940b
097909
079d07
06e506
064706
048404
02ec02
029d02
025902
012901
ff5fff
fd8afd
fc89fc
fc78fc
fc04fc
faccfa
f9cff9
f938f9
f8a5f8
f7fef7
f6eef6
f586f5
f445f4
f2c8f2
f107f1
f002f0
ef34ef
ed81ed
ec39ec
ec67ec
ec46ec
eafaea
ea22ea
ea3fea
ea11ea
e921e9
e7ede7
e6ade6
e527e5
e322e3
e117e1
dfb3df
de5ede
dc29dc
da04da
d973d9
d9e0d9
d9e9d9
d9b8d9
d9c4d9
d990d9
d93ed9
d97cd9
d9a4d9
d938d9
d964d9
da0dda
d977d9
d844d8
d83fd8
d860d8
d76ad7
d6c0d6
d6dcd6
d649d6
d561d5
d5e5d5
d780d7
d82dd8
d747d7
d692d6
d7d5d7
da15da
db5bdb
dc10dc
dd43dd
de32de
de5dde
de83de
deffde
dfeadf
e0f4e0
e0bce0
df94df
e00ce0
e1ffe1
e2d1e2
e304e3
e4a2e4
e66fe6
e6f6e6
e7bfe7
e9aee9
eb38eb
ebb2eb
ec20ec
ed22ed
ee2eee
ee59ee
ed84ed
ece1ec
ed5eed
ee61ee
eed6ee
eedfee
efd7ef
f240f2
f41af4
f419f4
f4c0f4
f78cf7
f91ef9
f7e9f7
f785f7
f906f9
f96ff9
f914f9
fac2fa
fd87fd
ff02ff
ffb0ff
00fb00
02f902
04f404
063b06
073907
08d008
0abb0a
0c920c
0ecc0e
116911
141f14
16b116
17e317
17bd17
18fe18
1c131c
1dca1d
1deb1d
1f951f
22a322
246724
254925
274727
298929
2a262a
2a162a
2b702b
2d6c2d
2df92d
2d882d
2da72d
2e182e
2e092e
2d8c2d
2cf22c
2c952c
2c902c
2c6e2c
2c522c
2d022d
2e372e
2eea2e
2ebe2e
2e052e
2d4f2d
2c7b2c
2a6b2a
278127
25c325
24be24
225422
1f811f
1e781e
1e561e
1d741d
1c251c
1b0c1b
1a3c1a
197719
182618
168f16
158c15
148d14
12eb12
117f11
106d10
0f1e0f
0e3d0e
0de80d
0cea0c
0bac0b
0b390b
0a920a
090309
078207
061d06
044804
029002
015b01
007000
ffd0ff
ff3cff
fe97fe
fe6cfe
fe88fe
fe6ffe
fecffe
ff9aff
ff5dff
fe4ffe
fdedfd
fdfffd
fd95fd
fcc7fc
fbb2fb
fa82fa
f9c1f9
f913f9
f7f2f7
f749f7
f7b9f7
f865f8
f8d8f8
f955f9
f9a8f9
f9c0f9
f9eef9
f9f8f9
f9a7f9
f934f9
f85af8
f702f7
f615f6
f5c0f5
f507f5
f3dbf3
f313f3
f2baf2
f272f2
f222f2
f1caf1
f19bf1
f17af1
f09ef0
ef2cef
ee32ee
ed5aed
ebcbeb
ea2aea
e8c2e8
e6e8e6
e52ee5
e437e4
e332e3
e250e2
e297e2
e2bee2
e145e1
dfb6df
dfdcdf
e0b6e0
e037e0
de3cde
dcc8dc
dd0cdd
dd6edd
dc3bdc
da16da
d87ed8
d867d8
d960d9
d96ad9
d80cd8
d746d7
d7a6d7
d838d8
d93dd9
da52da
da56da
da6fda
dbcadb
dd2bdd
ddf9dd
debfde
df50df
df96df
df43df
de0bde
dd9ddd
dea0de
debede
ddfbdd
de9fde
dfeadf
e0e2e0
e2a6e2
e433e4
e48de4
e5f6e5
e873e8
e955e9
e942e9
ea1bea
eb36eb
ec3aec
edb3ed
ef83ef
f165f1
f255f2
f23bf2
f451f4
f92bf9
fbf2fb
fb97fb
fc7bfc
ff7aff
01f401
030d03
030303
02b502
034f03
040304
049a04
06ad06
091209
0a050a
0b830b
0e500e
108e10
129612
148414
150915
15b915
173e17
172b17
172a17
19e519
1bc81b
1aae1a
19e419
1a191a
1a191a
1b271b
1cec1c
1da71d
1dca1d
1ddc1d
1e521e
201b20
21c121
224c22
23a023
24f924
246224
23e723
24af24
254b25
262e26
269e26
246a24
220b22
223a22
22c022
22a022
231a23
238b23
244824
262326
26f826
266826
26d626
278827
26d726
25d225
24cd24
237c23
22ba22
21fa21
20a320
206520
214521
216721
212a21
215821
211b21
209620
209520
20db20
214221
21a521
216821
20a920
1fc01f
1ed21e
1e9c1e
1ec01e
1da91d
1bf61b
1b1f1b
1a4b1a
190919
189018
189c18
183318
178017
167a16
159515
15fd15
16e816
173817
179a17
178c17
162816
154d15
15d415
15ec15
159215
159115
14f614
140e14
13ef13
13be13
134013
134813
12f812
11d311
112811
116011
11e111
123c12
121a12
11fe11
123f12
11f911
114f11
10e010
0fa80f
0de00d
0d1a0d
0c4b0c
0a2e0a
085108
07a807
073a07
068006
05a805
059305
06ad06
072307
05d705
045604
035603
024502
010a01
feeafe
fbc9fb
f945f9
f77bf7
f581f5
f3d7f3
f246f2
f073f0
efc6ef
efa3ef
ee01ee
ec50ec
ec15ec
ec01ec
ec09ec
ec20ec
ea70ea
e847e8
e819e8
e7e2e7
e62be6
e502e5
e414e4
e18de1
dee8de
ddfbdd
dddadd
dcf3dc
db59db
daa9da
dad0da
d999d9
d832d8
d9a2d9
db79db
daa5da
d9b0d9
d998d9
d843d8
d774d7
d85ad8
d788d7
d5a3d5
d6ced6
d91cd9
d8cbd8
d7ccd7
d8f4d8
db69db
dd71dd
decbde
e00de0
e08ae0
df79df
df41df
e17be1
e2c5e2
e1e8e1
e290e2
e4ede4
e62de6
e73ee7
e9c6e9
ecc2ec
ef68ef
f123f1
f17cf1
f1cef1
f28ff2
f283f2
f20ef2
f1f7f1
f1b4f1
f1a2f1
f27ff2
f458f4
f763f7
fa58fa
fb9cfb
fd25fd
006e00
030703
040904
04a404
048404
04b404
06c806
085308
07fa07
080408
07a207
053f05
04b404
083208
0b620b
0b890b
0b320b
0cb50c
0f730f
123612
154f15
18de18
1adc1a
1ae91a
1bdd1b
1dde1d
1e781e
1e921e
1fa31f
1ffe1f
1f681f
1f8f1f
200c20
207320
21bc21
238423
24db24
25c325
265c26
272a27
27f827
27a227
276f27
287828
279d27
242924
227022
22b422
218d21
1ffd1f
200120
1fa01f
1d981d
1bb71b
1b511b
1b5c1b
1a281a
186c18
17e517
175917
158915
142914
132013
110411
0fae0f
0fae0f
0e410e
0be50b
0abe0a
098209
078607
064806
05c105
056f05
04d804
02df02
013e01
027f02
044b04
043b04
048304
05e705
063206
059405
05a605
05ef05
05a405
052c05
04e504
046804
032503
019301
00d000
00c500
008d00
003900
005900
00f900
01c901
027202
033803
04d804
06e506
07e607
079307
06cb06
05bf05
03fd03
01a301
ff49ff
fd13fd
fa87fa
f76df7
f472f4
f284f2
f1d5f1
f1e1f1
f20ef2
f1eef1
f167f1
f0d5f0
f0a9f0
f08cf0
ef4fef
ec8aec
e973e9
e6c8e6
e3e6e3
e115e1
def6de
dc52dc
d8f4d8
d6e6d6
d5acd5
d34ed3
d166d1
d151d1
d0f2d0
cfb4cf
cedbce
ce04ce
cd23cd
cc55cc
ca24ca
c786c7
c6cbc6
c5eec5
c308c3
c086c0
bf54bf
be29be
bd8ebd
bd5abd
bc68bc
bc55bc
be13be
bef5be
bdcebd
bd32bd
be92be
bfc2bf
bf31bf
bf5dbf
c1d6c1
c39ec3
c3ffc3
c647c6
c9f7c9
cc7ccc
cf31cf
d288d2
d4c3d4
d748d7
dab3da
dc64dc
dd1cdd
df03df
e047e0
e0cde0
e37ee3
e792e7
ead6ea
ee0eee
f198f1
f50af5
f92ff9
fd70fd
002a00
021402
040104
04b804
047304
058305
07ba07
082408
06e506
07b307
0a590a
0b3b0b
0c3f0c
110e11
154615
14d214
14f814
189318
1a5d1a
196419
19bc19
1aa61a
1a481a
1aad1a
1beb1b
1bd91b
1af01a
1a781a
1abd1a
1c051c
1d911d
1ee01e
206620
212e21
21a721
250325
29f229
2c222c
2d332d
2faa2f
309430
2fb12f
311e31
341134
348334
330433
323f32
31db31
309d30
301530
31df31
336033
329632
32be32
34d434
355f35
35bc35
390f39
3b933b
3aca3a
3a883a
3af53a
395539
380438
38f638
399139
38cd38
380037
379a37
377537
36d936
35bb35
35b135
35f535
343a34
327832
332833
33ea33
330833
32a032
334c33
331033
315d31
2fba2f
2efa2e
2dcd2d
2b9b2b
2a462a
29f029
285d28
261d26
24cb24
22f322
207320
1ff71f
212a21
217b21
208c20
1f2b1f
1e361e
1e5c1e
1e851e
1daa1d
1c651c
1a581a
171b17
13fa13
113011
0e760e
0cd00c
0b070b
072007
035303
01c001
011001
011a01
028802
03e503
046604
043f04
02f902
015c01
002500
fe4bfe
fbfcfb
f975f9
f551f5
f136f1
efefef
ef7cef
ee06ee
ed4eed
ed30ed
ec79ec
ec23ec
ebdceb
eacfea
ea37ea
e9b1e9
e7eae7
e636e6
e4f2e4
e2cae2
e0a1e0
df3ddf
dda7dd
dc2edc
daf8da
d949d9
d844d8
d826d8
d6f4d6
d575d5
d54ed5
d4ccd4
d343d3
d217d2
d0a5d0
ceddce
ce8bce
cedcce
ce1ace
ccf8cc
cb3fcb
c86ec8
c6e5c6
c751c7
c6a0c6
c44cc4
c34fc3
c47ac4
c566c5
c46cc4
c358c3
c515c5
c884c8
c990c9
c826c8
c8a0c8
ccdccc
d17dd1
d32cd3
d3e2d3
d720d7
db0adb
dc95dc
de23de
e15ae1
e311e3
e34ae3
e517e5
e6e5e6
e6a6e6
e717e7
e997e9
ec21ec
ee80ee
f1e0f1
f5e7f5
f9b8f9
fdabfd
02d702
080c08
0a020a
098a09
0a930a
0bf30b
0aca0a
09a209
0a8e0a
0b450b
0b540b
0c420c
0db20d
0f630f
11b911
144114
168016
176817
165516
15c015
170417
179317
175017
18e518
1b2b1b
1b2a1b
18e818
160416
14e314
172217
199819
182d18
14be14
137413
14ae14
16fa16
1a271a
1e0d1e
215521
227b22
222222
22f122
256125
269a26
25aa25
24ba24
237f23
1f911f
1b081b
1aa11a
1d9f1d
1f6d1f
1f541f
1f971f
209820
220122
241224
259d25
25d525
269226
27d927
26a126
23f223
246f24
26fd26
26b426
24a724
24eb24
263626
253425
22da22
21d321
21dc21
20f620
1f601f
1efb1e
1ee51e
1d591d
1c981c
1e671e
1fbf1f
1f5a1f
1f7f1f
1f951f
1e071e
1c631c
1b421b
19d819
194219
192219
16fd16
137d13
110311
0fcb0f
0f6a0f
0f5f0f
0edf0e
0e1e0e
0cb10c
0a0a0a
08bf08
0a230a
0a420a
078007
052e05
036503
ff7aff
faf0fa
f88cf8
f732f7
f514f5
f2aef2
f0b0f0
eee0ee
ede4ed
ef4eef
f25ef2
f3d5f3
f35ff3
f3ebf3
f50df5
f407f4
f28cf2
f305f3
f2acf2
ef5fef
ebe9eb
ea07ea
e881e8
e74ee7
e6ebe6
e6b3e6
e6c1e6
e7a3e7
e8e8e8
ea1cea
eaf1ea
eb25eb
eb7ceb
ec24ec
eb99eb
e9a4e9
e795e7
e59be5
e428e4
e41fe4
e3ace3
e138e1
df67df
dfb9df
df64df
dd57dd
db63db
d9d9d9
d894d8
d80dd8
d6ecd6
d48ad4
d32ed3
d2dbd2
d12bd1
cf5acf
cf2ccf
ce27ce
cb8fcb
ca78ca
ca72ca
c8cdc8
c711c7
c717c7
c710c7
c651c6
c647c6
c68bc6
c696c6
c7d7c7
ca96ca
cd6ecd
d040d0
d34ed3
d588d5
d744d7
db1ddb
e0afe0
e3c7e3
e3fce3
e59fe5
e8f9e8
ea5cea
ea83ea
ecbbec
f004f0
f1e5f1
f2cff2
f456f4
f793f7
fc27fc
ffe0ff
02a602
06f406
0c020c
0eb10e
0fbc0f
11b811
140414
148614
131913
11c411
124812
139d13
13fe13
143114
14fe14
156d15
162a16
18b518
1b401b
1b2c1b
195219
183418
186618
188a18
183218
189a18
193219
179e17
149314
130613
134713
13c213
133f13
114f11
0fa40f
0fa70f
0f7d0f
0ef80e
10f010
140a14
148814
13c913
144014
14cd14
14f214
155115
152715
143414
129a12
0fe70f
0daa0d
0db40d
0e6b0e
0e1b0e
0d930d
0d980d
0e700e
104910
125212
141114
15e715
178517
187c18
18bc18
188218
192c19
1adf1a
1b641b
1aff1a
1baf1b
1be71b
1ac71a
1ae41a
1b761b
1a511a
1a421a
1c451c
1cf31c
1cf71c
1e7d1e
1f601f
1fcd1f
225222
244624
236623
22f422
238723
22bb22
221622
22d322
226a22
20a620
1fb61f
1f251f
1db41d
1c061c
1b081b
1ac91a
1a5a1a
18bc18
169e16
152f15
142d14
12f312
114f11
0f2b0f
0ccc0c
0a080a
068206
037c03
020001
007000
fd9bfd
fb02fb
f9e3f9
f9ccf9
fa17fa
fa7bfa
faebfa
fb49fb
fb54fb
fb5efb
fb83fb
fa9ffa
f83ff8
f586f5
f325f3
f124f1
ef92ef
edeaed
ebc7eb
e9c6e9
e8a9e8
e918e9
eab1ea
eb0beb
e97ce9
e8cbe8
e996e9
e93ae9
e7ace7
e6eee6
e67be6
e4dce4
e28ee2
e10be1
e11ce1
e219e2
e2f9e2
e39ce3
e340e3
e13ae1
dfc0df
e03fe0
e02ce0
dea0de
dd59dd
db51db
d80ed8
d749d7
d940d9
d92bd9
d704d7
d76dd7
d9fad9
d9b0d9
d61cd6
d4afd4
d774d7
d888d8
d490d4
d1bcd1
d3fdd3
d5c9d5
d463d4
d49ed4
d7efd7
db44db
de65de
e1ace1
e3aae3
e5abe5
e982e9
ecdcec
ee50ee
f03ef0
f23ff2
f10af1
ee2bee
ee55ee
f0a6f0
f064f0
ee73ee
efe0ef
f369f3
f36df3
f1fbf1
f598f5
fbf6fb
fef9fe
00e700
04cb04
063a06
047104
058305
08db08
08b508
06a306
064a06
04fa04
021402
024802
058a05
076907
07e207
08ef08
092d09
082a08
08ec08
0be40b
0cf10c
0abf0a
0a2d0a
0db60d
101a10
0e050e
0c690c
0e130e
0e7b0e
0c910c
0cc00c
0e770e
0d800d
0b230b
0b160b
0d3d0d
102910
133d13
157615
167316
171117
17fe17
194519
1a581a
1ac31a
1ad61a
19f219
179417
168a16
186c18
197819
185b18
192c19
1bc91b
1bb81b
1a171a
1baa1b
1ffb1f
22c622
228122
218321
21f121
22cf22
231a23
243b24
264c26
27b527
288f28
28bb28
27b327
280c28
2a722a
2a7d2a
284628
28d728
2a892a
28e328
27a027
2b262b
2f332f
2f3e2f
2e642e
30a030
334933
322d32
301f30
320b32
34e534
338633
30aa30
300d30
2f6f2f
2dc02d
2d732d
2e192e
2d922d
2c4c2c
2b1d2b
2a0e2a
293929
280128
262d26
24e024
23fa23
221622
1f2d1f
1c0e1c
199d19
18b218
17e017
14fc14
11a011
103810
0f790f
0e410e
0e0f0e
0ec20e
0eb80e
0e500e
0e3c0e
0db10d
0c600c
0a810a
07f907
057005
03a103
01f701
000300
fe29fe
fc67fc
fae6fa
fa67fa
fad4fa
fb14fb
fa26fa
f816f8
f6a6f6
f6d6f6
f650f6
f3a7f3
f1eaf1
f2b6f2
f2b8f2
f04ff0
ee3aee
edf1ed
ee27ee
ee48ee
ee9cee
ee72ee
ec56ec
e841e8
e51ee5
e53fe5
e5bce5
e299e2
dd68dd
da0eda
d8fad8
d89bd8
d80ad8
d734d7
d6c4d6
d665d6
d4a0d4
d28dd2
d28dd2
d37cd3
d36dd3
d33fd3
d324d3
d247d2
d1ebd1
d32bd3
d567d5
d858d8
da94da
daceda
dc70dc
e1e2e1
e674e6
e746e7
e80de8
e9c5e9
e973e9
e799e7
e660e6
e582e5
e4f5e4
e50fe5
e4f9e4
e517e5
e70ce7
ea89ea
edb3ed
ef81ef
f08ef0
f249f2
f4cef4
f6e3f6
f817f8
f818f8
f6a0f6
f5adf5
f68ff6
f6a6f6
f54df5
f621f6
f8a8f8
f855f8
f6a8f6
f8d8f8
fd18fd
fe0ffe
fcc5fc
fce5fc
fd73fd
fcf1fc
fd5cfd
ff61ff
016e01
03d203
066d06
068606
04a704
04f804
074907
07dd07
06e306
069306
060b06
04c004
05b405
09f509
0d6f0d
0dc50d
0e570e
110511
128312
11d911
123612
13d313
146f14
145c14
142114
130f13
128c12
138b13
137d13
115511
0ffd0f
110011
120f12
10fd10
0f8a0f
109310
125612
114711
0f3e0f
0f7f0f
107110
109110
113c11
11f511
11c111
11f311
125f12
11ac11
10dc10
10af10
108d10
10ba10
10e610
10db10
123012
13ee13
136b13
12d712
147314
152715
145514
150d15
160116
155715
160716
18a118
19d119
19b319
1a351a
1a5c1a
197219
18ff18
19ab19
1a0b1a
18c718
16fc16
169816
168b16
150e15
139613
130e13
119011
0f0a0f
0d250d
0bc10b
0a960a
09b409
07eb07
057c05
044c04
043e04
04ab04
05b105
056105
027f02
ffb0ff
fe60fe
fd1ffd
fba0fb
f923f9
f411f4
eee1ee
ecdfec
ec36ec
ead6ea
ea0fea
e97ee9
e758e7
e512e5
e481e4
e44de4
e33fe3
e245e2
e19ce1
e014e0
ddecdd
dd3cdd
de1bde
dd8add
da9cda
d8c2d8
d9bfd9
da1dda
d75ed7
d49dd4
d4ded4
d5e1d5
d4b6d4
d22dd2
cfb9cf
cdd3cd
cda8cd
ce95ce
cd75cd
ca69ca
c8c0c8
c8b0c8
c8aac8
c94fc9
ca1aca
c8b8c8
c6a3c6
c7c4c7
cb2fcb
ccb0cc
ccdfcc
cfafcf
d381d3
d3ddd3
d3b0d3
d86cd8
def7de
e24ae2
e443e4
e707e7
ea32ea
ef7eef
f603f6
f85af8
f6caf6
f6bbf6
f806f8
f785f7
f6a9f6
f793f7
f88ff8
f7e0f7
f75af7
f924f9
fb76fb
fcaafc
ffb6ff
04a604
056405
025602
035503
07ec07
08c508
062906
04af04
040204
02f602
02aa02
032a03
043904
060006
06f106
067506
070207
092109
09e209
08ae08
07f707
078507
057105
041704
06f906
0ba20b
0d9c0d
0d890d
0daa0d
0ddd0d
0ed30e
118911
13a913
13a213
13b313
143c14
136b13
138d13
176a17
1b711b
1c381c
1ca61c
1e9a1e
1fc11f
20b720
242724
283c28
298a29
285f28
274627
283328
2ab82a
2c302c
2be62b
2bc72b
2c4e2c
2d072d
2e6f2e
300b30
316b31
332533
339333
319d31
30de30
32b732
335933
324032
324932
329132
316731
308930
312731
31d631
314c31
301c30
2fd22f
2fe92f
2eaf2e
2dfa2d
2f7a2f
2f742f
2c492c
2a462a
2a052a
284a28
265126
257325
22f422
1fc91f
201820
224c22
222022
202520
1f021f
1ec41e
1de81d
1c151c
1a991a
19ba19
180f18
15fb15
14bf14
12c212
0f910f
0e3c0e
0e3f0e
0bc60b
085208
079307
078a07
058d05
037e03
02e302
02be02
02d802
037403
03e203
037d03
026502
018301
016201
00bd00
fea9fe
fc59fc
fa46fa
f7a8f7
f517f5
f370f3
f279f2
f2a0f2
f39cf3
f314f3
f0cdf0
ef94ef
f008f0
eff6ef
ee88ee
ecdcec
ebb3eb
ea92ea
e8c2e8
e6ece6
e68fe6
e792e7
e82fe8
e71de7
e4dbe4
e341e3
e33ce3
e324e3
e17ee1
dfa1df
decade
dda4dd
db31db
d8b6d8
d76ad7
d769d7
d8b5d8
da1eda
d8e9d8
d52ad5
d359d3
d592d5
d7d1d7
d6ccd6
d488d4
d334d3
d241d2
d1ecd1
d389d3
d6a9d6
da16da
ddb2dd
e15ee1
e4c2e4
e8a7e8
ee67ee
f5c6f5
fc9bfc
006d00
009600
ff4bff
ffadff
01c901
028d02
00c700
feedfe
fe78fe
fe04fe
fd5dfd
fec2fe
02b102
066f06
080408
08c108
0a580a
0c150c
0cb60c
0c7f0c
0bdf0b
0ab80a
096509
083508
076707
081908
09e209
09c709
07d707
07f607
09d309
091609
066a06
058705
04d704
018f01
fe3ffe
fd1efd
fc0cfc
faf7fa
fca4fc
fff3ff
018e01
021202
033e03
03fe03
047c04
06bf06
08e908
07d007
060806
06eb06
07c807
06bb06
077207
0ae20a
0d1f0d
0dda0d
0fdd0f
121112
128312
138113
16d816
19ae19
197a19
184518
18b418
19c119
19e919
1a921a
1c281c
1c571c
1b861b
1cb31c
1f351f
20aa20
21c821
22e522
227c22
217821
213721
1ff71f
1d861d
1ceb1c
1dd71d
1cb91c
1a061a
197219
1b071b
1b9d1b
1aa41a
19c719
18d818
175917
16f816
17b417
16ab16
140514
12a912
119611
0e650e
0b510b
0a930a
09a509
072507
05b305
05f305
057a05
044404
042f04
042704
022502
000a00
002600
002600
fe0ffe
fca4fc
fcbffc
fad3fa
f733f7
f612f6
f6b4f6
f594f5
f3caf3
f362f3
f2d7f2
f1acf1
f209f2
f3b0f3
f449f4
f42bf4
f55ef5
f719f7
f752f7
f741f7
f8d7f8
fa2afa
f946f9
f853f8
f8a3f8
f826f8
f6c2f6
f679f6
f699f6
f5b9f5
f556f5
f67af6
f758f7
f6adf6
f585f5
f4d0f4
f42ff4
f39cf3
f330f3
f152f1
eda8ed
ec15ec
ee7aee
f02ef0
ee54ee
ec96ec
ecebec
ecd0ec
ec22ec
ece4ec
ed88ed
eb39eb
e73be7
e4d1e4
e411e4
e2eee2
e141e1
dfaedf
dd9cdd
db8adb
da57da
d858d8
d59ad5
d560d5
d637d6
d378d3
cf25cf
cd97cd
cd85cd
cddacd
d0b6d0
d51ed5
d83cd8
da99da
de81de
e53ce5
ed75ed
f3fff4
f923f9
ff43ff
038103
030002
026602
054605
082708
086d08
071407
053d05
049304
05f005
085608
0bfa0b
100410
112311
108a10
126612
154415
165e16
171517
177417
164b16
153315
148014
137213
144314
16bf16
170b17
15ce15
160d16
168116
157115
137913
111111
0ef50e
0cdb0c
08a808
035803
ffd1ff
fd72fd
fbd9fb
fd0afd
ffbeff
00d000
002700
feeefe
feb5fe
00cb00
030f03
038003
035d03
01ff01
fe8efe
fd0bfd
ff38ff
016901
029e02
041204
04d504
057605
070f07
07f807
08ca08
0b900b
0d520d
0b6b0b
08e808
082e08
089408
09cb09
0ae30a
0ab10a
0a1e0a
09d709
09d209
0b640b
0e970e
10cd10
111b11
110111
112c11
117c11
123612
132c13
138913
12fd12
122412
11af11
121112
137613
14db14
14e414
145b14
146d14
142114
133e13
131813
12d612
115811
105910
102310
0e720e
0be60b
0b0c0b
0b980b
0bf00b
0bc00b
0b4b0b
0b160b
0b710b
0bb80b
0b740b
0af30a
0a710a
09c409
084a08
05cb05
038203
020002
ffe1ff
fcccfc
fa58fa
f90af9
f7aaf7
f566f5
f310f3
f20ef2
f21af2
f20af2
f283f2
f40df4
f4f8f4
f4e4f4
f551f5
f5bcf5
f530f5
f4e5f4
f52ff5
f510f5
f4a2f4
f3a5f3
f1dff1
f153f1
f286f2
f290f2
f0a9f0
ef0eef
ee8fee
eeafee
ef05ef
ee92ee
ed13ed
eb92eb
eacbea
eb3eeb
ec91ec
eccdec
eb9ceb
eab4ea
ea0fea
e988e9
eaa2ea
ec48ec
ebb1eb
e9c3e9
e885e8
e7efe7
e86be8
e9bce9
e94ee9
e68be6
e37ee3
e0fde0
df89df
e021e0
e19ce1
e158e1
de43de
da49da
d942d9
db87db
dcb5dc
dbdadb
dc84dc
de09de
dd9add
ddfbdd
e251e2
e85fe8
edc9ed
f2a3f2
f65ff6
f93af9
fda3fd
041004
09a309
0ca30c
0dfd0d
0dcc0d
0bf90b
0ba40b
0e380e
0f0a0f
0c300c
0ad00a
0c340c
0c350c
0b780b
0d030d
0ee00e
0ede0e
0df40d
0c7c0c
0b090b
0b480b
0ca00c
0d4a0d
0d400d
0d1f0d
0d6a0d
0e450e
0f080f
100410
117411
111e11
0ec80e
0dd10d
0dd30d
0b210b
070707
04f104
033f03
ffb8ff
fcf8fc
fd5ffd
fe9ffe
fe80fe
febefe
009300
01b401
016201
01f001
031b03
029802
018701
01ec01
028402
026a02
032303
04ef04
068b06
083008
0ad20a
0dec0d
105910
121512
139d13
14ef14
162c16
177317
17e617
174117
170a17
17a617
177917
168a16
16b116
180c18
193a19
19e119
1a681a
1ad71a
1b521b
1c5e1c
1df11d
1f0a1f
1f061f
1e5f1e
1dc71d
1dec1d
1f051f
1f8c1f
1e5d1e
1d871d
1eb41e
1fb31f
1f071f
1e971e
1f031f
1e801e
1ce41c
1b881b
1a9a1a
19b919
191b19
189318
17b217
174317
186518
1a421a
1b3e1b
1bc81b
1cff1d
1e401e
1ede1e
1f551f
1f521f
1e4d1e
1d671d
1d1f1d
1c231c
1a531a
18de18
178117
156b15
130d13
10cd10
0e690e
0c1d0c
0a570a
08de08
076007
062706
05e605
06ed06
089908
0a1d0a
0b130b
0adc0a
097209
088908
093309
09f909
096d09
07cf07
05b305
03dd03
031c03
02e402
026b02
01e101
00cb00
fea2fe
fce3fc
fc81fc
fc16fc
faf2fa
f9aff9
f816f8
f660f6
f5cdf5
f5ebf5
f4f8f4
f32ef3
f29af2
f3e0f3
f501f5
f426f4
f273f2
f1d5f1
f1acf1
f08cf0
ef06ef
ee00ed
ecf5ec
eb52eb
e979e9
e7eae7
e69ae6
e55ae5
e438e4
e308e3
e190e1
e058e0
dfb1df
decede
ddbadd
dda7dd
de59de
dee1de
dfd7df
e1c7e1
e45ce4
e821e8
ed62ed
f29bf2
f6e8f6
fb04fb
fedbfe
019c01
036703
047204
043404
02ec02
01e401
014101
ffdbff
fe0bfe
fda8fd
fea6fe
ff74ff
000000
00a000
006c00
ff8dff
ff21ff
fe84fe
fd07fd
fbd8fb
fae7fa
f8d4f8
f73ef7
f895f8
fb0ffb
fc2dfc
fd43fd
ff0eff
ff7bff
ff21ff
009a00
021002
007d00
fdd2fd
fc4cfc
fa6ffa
f803f8
f6def6
f6c8f6
f712f7
f83ef8
f989f9
fa1cfa
faeefa
fc20fc
fcdcfc
fd9dfd
fe6afe
fe60fe
fe6cfe
ff96ff
00af00
012f01
026b02
04b104
074507
0a480a
0de60d
116b11
144714
166b16
17d817
18c118
197c19
19e619
197219
181e18
16b316
15d915
157315
152c15
150815
14ec14
145414
134113
126b12
121512
119b11
106210
0e8d0e
0cce0c
0b3b0b
095a09
080308
083508
081e08
065606
056f05
06b506
076207
06dd06
072a07
074307
053f05
029b02
010901
fff5ff
fe99fe
fce3fc
fb3dfb
fa6bfa
faa2fa
fbb6fb
fd84fd
ff3eff
006c00
01cd01
039803
04fd04
05b605
063f06
06f706
077407
071407
069906
06cb06
066206
052905
051f05
05ac05
04ac04
038903
03ae03
02bc02
ffcbff
fd82fd
fce5fc
fc6afc
fb8dfb
fb81fb
fcc9fc
fdedfd
fd8ffd
fc9dfc
fc3bfc
fbdffb
fb67fb
fb12fb
f9aff9
f6c9f6
f46cf4
f427f4
f515f5
f543f5
f3c3f3
f1b7f1
f074f0
ef4aef
edaced
ec6cec
eb30eb
e94ae9
e7a6e7
e610e6
e345e3
e0b6e0
dfdedf
deecde
dd44dd
dcefdc
dd4bdd
dbb6db
d8d6d8
d787d7
d858d8
d94cd9
d8ddd8
d788d7
d607d6
d3e7d3
d18fd1
d093d0
d0b7d0
d03ad0
cee7ce
cd82cd
cbf6cb
c9eac9
c7d6c7
c710c7
c873c8
ca98ca
cbaccb
cccdcc
d020d0
d533d5
dab5da
e142e1
e949e9
f112f1
f719f7
fba2fb
ff28ff
027a02
070407
0b6e0b
0c340c
0a1f0a
091e09
08ff08
081b08
088008
0ab10a
0b5a0b
0a250a
099c09
098f09
090709
08ad08
07f807
062006
043c04
02b102
015e01
01f301
045f04
05b805
05f005
073d07
08b008
090609
09dd09
0b390b
0b140b
09e709
08af08
063f06
031803
019c01
013801
ff95ff
fd66fd
fcdafc
fd94fd
fe49fe
ffdaff
02a102
03f903
02f802
028402
034e03
036903
040004
06af06
092309
0a0c0a
0ba70b
0f180f
13a013
187018
1cb11c
20cb20
25ad25
29ee29
2c132c
2d2d2d
2ddd2d
2dbf2d
2d982d
2db82d
2d272d
2c162c
2b7b2b
2b5b2b
2b852b
2c4f2c
2dde2d
2f282f
2ea02e
2ce82c
2c172c
2bb52b
2a262a
286c28
277527
261d26
24a024
244b24
245724
240224
243524
24e124
24f424
246e24
239b23
228722
216921
1fa71f
1c9b1c
198519
178217
15ee15
14b114
140614
12d712
115d11
116b11
126212
125c12
11cc11
117611
10a010
0f2b0f
0dd50d
0d410d
0dab0d
0e060e
0d3c0d
0c400c
0bd60b
0b440b
0ab50a
0a860a
09ac09
07d307
059005
02f502
00b500
ff4eff
fd79fd
fb0afb
f990f9
f92ff9
f98ff9
faeafa
fbcefb
fb38fb
faf2fa
fb9afb
fbe5fb
fc25fc
fc64fc
fafafa
f8c8f8
f848f8
f8d3f8
f8d2f8
f8ccf8
f90cf9
f901f9
f8a2f8
f7baf7
f671f6
f5f4f5
f60ff6
f533f5
f356f3
f12af1
eeddee
ed60ed
ed2aed
eccaec
eb98eb
ea56ea
e8f5e8
e7a2e7
e791e7
e880e8
e8a6e8
e71be7
e477e4
e232e2
e168e1
e172e1
e10ce1
e005e0
debdde
dd7edd
dc29dc
da52da
d8b6d8
d88ed8
d8a2d8
d6bcd6
d3cad3
d2afd2
d446d4
d747d7
dacbda
df18df
e3f8e3
e87be8
ed2fed
f34df3
f9c4f9
ff08ff
03bf03
080408
0a310a
0a6b0a
0ad70a
0c7c0c
0eaa0e
0fcf0f
0ef90e
0dce0d
0e540e
0f880f
0fe20f
0fbd0f
0ec50e
0c590c
0a1b0a
08ed08
075c07
05fa05
067b06
072e07
069206
06dd06
08dc08
0a7f0a
0bbd0b
0dd00d
0f6c0f
0f110f
0e040e
0ded0d
0de10d
0c2a0c
09c209
085908
068e06
032603
006f00
ffb7ff
ff77ff
ffa9ff
010701
01ff01
016a01
003f00
ff71ff
ff67ff
000c00
00b900
013601
016501
012a01
020702
055505
09b809
0d690d
107210
139013
171417
1a281a
1be81b
1d561d
1eec1e
1f221f
1e401e
1dd41d
1ced1c
1b5e1b
1b501b
1c211c
1b991b
1af51a
1ba01b
1c131c
1b841b
1ace1a
19ca19
180418
164916
156a15
14a714
12da12
110411
10fa10
11b711
116411
111511
11be11
11d211
112311
112a11
113d11
0ffe0f
0e0d0e
0c240c
0a060a
07c407
057b05
035403
01de01
00d500
ff6dff
fe1cfe
fdb4fd
fdd1fd
fd81fd
fc20fc
fa06fa
f863f8
f75bf7
f63df6
f555f5
f478f4
f2aaf2
f0e4f0
f07af0
f037f0
ef68ef
ef01ef
ee52ee
ec6fec
ea9eea
e962e9
e793e7
e578e5
e432e4
e372e3
e28ee2
e245e2
e396e3
e585e5
e649e6
e65ce6
e72ee7
e827e8
e88be8
e91ee9
e9d9e9
e9c7e9
e94de9
e9c5e9
eb69eb
ecc3ec
ecc9ec
ecd5ec
edd8ed
ee59ee
ee71ee
f014f0
f217f2
f22ff2
f15bf1
f0c2f0
effff0
effdef
f0f3f0
f0ccf0
ef44ef
edffee
ed42ed
ed66ed
ef12ef
f095f0
f038f0
eef9ee
eddbed
ed0aed
ed4bed
ee3fee
ee11ee
ec6eec
ea47ea
e7f7e7
e616e6
e55be5
e507e5
e356e3
df86df
db40db
d90bd9
d8ffd8
d9c2d9
db9cdb
de79de
e0abe0
e282e2
e61ce6
ec0dec
f385f3
fa97fa
fecafe
00bf00
031c03
05fc05
08a508
0b430b
0c7d0c
0b850b
0a770a
0a8f0a
0b500b
0d020d
0f4a0f
10af10
10b910
0f810f
0dbe0d
0d230d
0d7d0d
0cdf0c
0b440b
09e509
096409
0a700a
0c990c
0e520e
0fcc0f
11d811
137f13
141814
148314
154e15
161e16
161116
149214
129212
114511
107d10
0fd60f
0f0f0f
0d9b0d
0c2e0c
0c110c
0caa0c
0d160d
0da00d
0d890d
0bfb0b
0a500a
097109
08b008
087c08
093609
097709
094809
0a6d0a
0cf20c
0fe20f
131413
15eb15
180818
1a4b1a
1cad1c
1e2d1e
1f111f
1faa1f
1efa1e
1ce11c
1add1a
19cf19
191e19
17ec17
15fe15
138a13
112211
0fbd0f
0f610f
0e580e
0bb20b
08ae08
061c06
039403
018a01
009f00
ffefff
fe9ffe
fd7bfd
fd93fd
fea3fe
ffbdff
00d900
022b02
029e02
01bc01
014201
019801
00a900
fe5ffe
fcc7fc
fbe8fb
fae8fa
fa8efa
fb18fb
fb81fb
fbadfb
fbfffc
fc2afc
fc16fc
fc39fc
fc98fc
fc44fc
fa81fa
f88ef8
f85cf8
f97af9
fa49fa
fa9efa
facafa
fadcfa
fb61fb
fc12fc
fbe4fb
fb2ffb
fa7bfa
f8ecf8
f66cf6
f43df4
f29ef2
f0c9f0
ee94ee
ecd1ec
ec73ec
ed39ed
ee20ee
eed9ee
ef03ef
edeaed
ec96ec
ecaaec
ed79ed
ed4ded
ebc9eb
e9bde9
e8cae8
e9f8e9
ebaaeb
ebbeeb
eadeea
ea98ea
eaa4ea
eac9ea
ebf6eb
ed87ed
ed5aed
eb8ceb
e9fce9
e8e7e8
e810e8
e859e8
e916e9
e833e8
e64ee6
e5c5e5
e6d8e6
e87de8
ea28ea
eaf3ea
ea40ea
e926e9
e8f1e8
e95be9
e94be9
e85de8
e70ee7
e5e9e5
e52ce5
e529e5
e5cfe5
e5f5e5
e4cee4
e36ae3
e2eee2
e2cbe2
e235e2
e177e1
e144e1
e2b0e2
e660e6
eae4ea
eee5ee
f3f7f3
fb29fb
023c02
079a07
0bf70b
0f470f
11a611
14ac14
178017
177017
162316
172517
18c318
181418
174217
185a18
192019
187918
178517
159015
125a12
100710
0ede0e
0d480d
0b1b0b
08a308
06ad06
06dc06
080008
07cc07
07c607
08f408
08e908
080308
089b08
090f09
07b007
065306
056905
03a803
01f601
019901
01b201
00fa00
ffa1ff
ff09ff
ff9bff
005000
014901
033103
042a04
02b502
013c01
020202
03d803
052a05
05d505
05d905
059905
069206
09d309
0e340e
118211
13a613
166c16
1a0b1a
1cff1d
1f221f
214b21
22ef22
235f23
237523
23f723
249e24
252e25
255a25
24ab24
235823
21c621
204220
1f441f
1de11d
1a8f1a
168516
138c13
10c810
0e040e
0c670c
0b0d0b
094e09
089708
089f08
085e08
08ee08
0a3e0a
0a710a
098409
088b08
07f707
07c407
06eb06
056005
051705
05ab05
04ff04
043b04
051205
062106
064606
05f605
058405
056205
05af05
059a05
04c604
038f03
030f03
047504
065706
06a406
06b806
080608
092009
09a509
0a640a
0a6a0a
095c09
084808
06e406
04ec04
037a03
02ac02
01d801
012401
00b400
00fb00
02be02
04dc04
059405
05b505
067706
06df06
061c06
04db04
037603
01eb01
00d200
008300
006b00
001600
ffe9ff
001c00
001b00
fff5ff
007800
011201
00b700
000300
ff2bff
fd8bfd
fc51fc
fc31fc
fb58fb
f9bbf9
f968f9
fa21fa
faa6fa
facefa
fa30fa
f921f9
f8a3f8
f847f8
f7e2f7
f809f8
f7c1f7
f67ff6
f4ecf4
f2d0f2
f12cf1
f183f1
f1cff1
f05ef0
ee65ee
eba2eb
e854e8
e71ae7
e73be7
e6a5e6
e6c2e6
e7bbe7
e893e8
eb7eeb
f0caf0
f5e6f5
fb9cfb
027502
078307
0b010b
0fbd0f
148a14
16fb16
17f517
194519
1a551a
196719
177c17
175917
17ec17
169916
151c15
14c114
129b12
0f0d0f
0db90d
0cab0c
086808
03b403
00e300
fdc4fd
faeffa
fa80fa
fa26fa
f8bff8
f8b4f8
f975f9
f986f9
f9fffa
fa15fa
f925f9
f92cf9
f8b8f8
f60ff6
f4c9f4
f51bf5
f372f3
f22bf2
f34ef3
f32ff3
f219f2
f335f3
f4ecf4
f57ef5
f5c4f5
f661f6
f7c8f7
f867f8
f718f7
f77df7
fa09fa
fa7bfa
fb19fb
ff15ff
020702
035d03
076607
0beb0b
0eae0e
12ae12
171f17
1a081a
1d891d
20e220
21e721
22e622
248d24
24e424
256525
26c226
263026
242e24
236c23
22f522
219021
205a20
1ed01e
1b8d1b
17f717
15a615
137a13
103310
0c6d0c
094909
070a07
04ed04
02cf02
01ce01
017d01
003400
fe80fe
fd22fd
fb38fb
f9adf9
f990f9
f8aaf8
f60bf6
f3e5f3
f315f3
f327f3
f387f3
f334f3
f31cf3
f456f4
f4c5f4
f408f4
f493f4
f56bf5
f4b2f4
f3cef3
f2def2
f0e0f0
efaeef
f065f0
f15ef1
f1daf1
f252f2
f31ef3
f41af4
f470f4
f476f4
f534f5
f568f5
f43af4
f358f3
f2c6f2
f174f1
f0b8f0
f106f1
f0e3f0
f100f1
f2a1f2
f46cf4
f4fcf4
f4dff4
f567f5
f745f7
f90df9
f8c1f8
f6e8f6
f539f5
f44ef4
f44ff4
f498f4
f3daf3
f279f2
f1c6f1
f1e2f1
f2acf2
f395f3
f339f3
f1c0f1
f03bf0
ee8eee
ed63ed
ed47ed
ec0dec
e944e9
e7b1e7
e750e7
e67de6
e638e6
e6a3e6
e685e6
e661e6
e5cce5
e3d3e3
e270e2
e22fe2
e0c9e0
dea5de
dcf3dc
daa9da
d81bd8
d636d6
d45ed4
d338d3
d315d3
d1ded1
cf62cf
cd89cd
ccdccc
cd35cd
cd70cd
cc06cc
cb20cb
cdebcd
d374d3
d976d9
defade
e3abe3
e8e3e8
ef88ef
f57ef5
fa07fa
fee9fe
035803
051805
054105
065806
089308
0ada0a
0cc40c
0e1a0e
0e9a0e
0ef20e
0fb50f
100e10
0f6b0f
0df80d
0b2a0b
072c07
03bd03
019d01
002b00
fee8fe
fda4fd
fcd3fc
fce6fc
fd90fd
ff02ff
00df00
019b01
01f601
036903
03ec03
026002
014901
014d01
00f900
005100
ff56ff
fdcefd
fcd7fc
fcfbfc
fd62fd
fd5bfd
fce5fc
fce0fc
fdb4fd
fe70fe
feeffe
ff90ff
ffc3ff
003100
01cc01
034603
046b04
069d06
090d09
0b640b
0f5f0f
142b14
17a517
1a8b1a
1dfa1d
21d721
265326
2a822a
2ca22c
2d692d
2ee82e
310a31
324732
328332
329d32
322e32
30d830
2fed2f
2f832f
2e062e
2c0d2c
2af52a
298e29
26f126
23e623
20af20
1e111e
1cff1c
1bda1b
198e19
182218
181318
178e17
16f816
176517
177d17
169216
15e315
156e15
147f14
140114
148714
150215
14d414
147214
147314
152715
15da15
15b815
157a15
15a115
152015
13d113
12c112
11d711
10a910
0fad0f
0f110f
0eb20e
0e720e
0da70d
0c250c
0aa10a
094809
081c08
077407
068606
048504
02a302
01d001
010e01
000000
ff98ff
002700
015a01
029d02
030403
02a002
027e02
02ac02
026602
015201
ff6cff
fd5bfd
fbcefb
fa56fa
f937f9
f918f9
f83bf8
f601f6
f526f5
f594f5
f4faf4
f4b6f4
f51ff5
f35ff3
f0ecf0
f0bdf0
f0c8f0
efc7ef
ef49ef
eedbee
ee2fee
ee15ee
edafed
ed83ed
eeedee
efbcef
eec8ee
ee56ee
ee63ee
ed57ed
eb9aeb
ea02ea
e965e9
e9bce9
e8eee8
e657e6
e3a3e3
e1f8e1
e25be2
e3a3e3
e1d2e1
ddbbdd
dc25dc
dc33dc
dac4da
d966d9
d958d9
d988d9
db85db
e0e9e0
e693e6
e9c8e9
eda1ed
f4edf4
fc6afc
017c01
067f06
0ba50b
0e4c0e
0f8f0f
11d311
144414
156715
151e15
14f314
169316
183b18
181618
182b18
18d418
179517
14c014
11d411
0f050f
0cda0c
0ad10a
07fe07
054705
02f502
016701
023d02
03e503
040304
044704
055405
05d805
06e606
084c08
07f507
06f806
06d206
06ad06
061306
04c704
035703
032503
02dd02
017801
013701
01c501
012c01
012601
025d02
029102
01c601
015a01
021e02
045104
059a05
04eb04
05c005
08fb08
0bb30b
0e1b0e
117211
146c14
16f816
1a871a
1eaa1e
21a021
230c23
247c24
264226
267626
258d25
25cb25
25fc25
24c424
23ed23
236323
219c21
201820
1fa91f
1e4b1e
1bba1b
194319
16c316
140114
116311
0e9e0e
0bb70b
097a09
07e007
066a06
056705
04c204
041704
042d04
04e804
047504
034203
034603
03c903
03c003
042104
04b804
04b504
04f104
05b405
066a06
070807
06e306
05c605
050905
04d704
045004
037d03
022702
005c00
ff3fff
fe97fe
fd5ffd
fbf9fb
fa9bfa
f8c8f8
f67cf6
f3cff3
f168f1
f006f0
ee93ee
ec10ec
e968e9
e715e7
e500e5
e3c2e3
e33be3
e305e3
e383e3
e459e4
e4b9e4
e501e5
e5e3e5
e752e7
e86ce8
e826e8
e708e7
e695e6
e6f5e6
e763e7
e774e7
e72fe7
e727e7
e795e7
e7e4e7
e802e8
e818e8
e7c9e7
e730e7
e669e6
e519e5
e401e4
e3fce3
e431e4
e3d8e3
e3abe3
e4a6e4
e6c6e6
e8f3e8
ea95ea
ec4fec
ee59ee
f021f0
f100f1
f0b0f0
f087f0
f16cf1
f12df1
ef1fef
ee08ee
ee2eee
eddaed
ed38ed
ebb3eb
e8e5e8
e72ae7
e6b7e6
e57fe5
e3c9e3
e1abe1
decade
dd20dd
dc76dc
dae2da
db13db
df2ddf
e3e6e3
e784e7
ebdaeb
f135f1
f68ff6
fbd1fb
017c01
06d106
09b209
0ad50a
0cfe0c
0ede0e
0f0d0f
10a410
138513
145f14
154215
185a18
1a091a
18f018
17fb17
176217
153415
11a611
0e090e
0a870a
06e406
045f04
03d803
037d03
028b02
032e03
05cf05
086208
09e509
0a720a
0ac10a
0b9f0b
0c430c
0c020c
0be00b
0c310c
0cb80c
0e1e0e
101910
113711
113811
114311
121d12
12f012
12e412
12e212
134b13
132213
12e412
138013
141b14
144114
147214
14af14
151715
15ac15
162c16
170617
183818
195f19
1afe1a
1caa1c
1dc61d
1fc51f
228f22
23de23
23ee23
240424
23c423
237a23
235623
228222
218521
209620
1ecf1e
1d4c1d
1c861c
1a601a
172217
147114
10e510
0c050c
080008
04bd04
00bb00
fcd4fc
fa33fa
f86df8
f6d9f6
f571f5
f499f4
f42bf4
f334f3
f1def1
f161f1
f170f1
f139f1
f175f1
f27af2
f390f3
f52ef5
f7a9f7
f9b0f9
faddfa
fbdffb
fc97fc
fd50fd
fe5afe
fea2fe
fe88fe
ff6aff
ffefff
ff6dff
ffedff
010301
010301
00ff01
00e400
ff41ff
fd90fd
fcb1fc
fab3fa
f7d6f7
f5baf5
f3d5f3
f1e0f1
f075f0
ef1cef
edd8ed
ed50ed
ed07ed
eccdec
ed4ded
ee64ee
ef7def
f020f0
efd6ef
ef69ef
effef0
f0bdf0
f0acf0
f098f0
f081f0
ef60ef
ee30ee
ee67ee
ef00ef
ee6aee
ecdeec
eb5aeb
ea16ea
e843e8
e599e5
e37de3
e296e2
e163e1
df14df
dcc8dc
dbdbdb
dcc9dc
de79de
df68df
dff5df
e0f1e0
e20be2
e340e3
e45ae4
e4ade4
e556e5
e6ede6
e741e7
e62ae6
e664e6
e7f0e7
e89ce8
e830e8
e780e7
e6cce6
e615e6
e4ebe4
e2aee2
dfdcdf
ddc5dd
dcbcdc
dbaedb
da18da
d8dbd8
d8cfd8
da4dda
dd42dd
e158e1
e6d2e6
ed1ded
f21af2
f662f6
fcd8fc
041d04
08a908
0b6c0b
0ee70e
124e12
141d14
153f15
172817
192d19
1a831a
1c831c
1f1e1f
200e20
1fef1f
205b20
1fab1f
1d181d
19f419
164e16
12ce12
0ff10f
0bbd0b
071f07
056c05
051f05
03c903
031803
03ab03
03df03
034f03
02aa02
02d102
032a03
01c501
ffebff
001300
00d400
013701
027502
03b103
04a404
069d06
07ee07
077c07
080b08
0a250a
0b660b
0b8b0b
0b860b
0b730b
0b4a0b
0b5a0b
0c6b0c
0dfa0d
0de00d
0ccf0c
0dc20d
101810
114811
11e011
135513
150815
164516
17ff18
1b1b1b
1e731e
205b20
214021
229c22
24a024
269c26
280228
28b728
291529
293a29
28f228
283b28
272c27
25c125
237b23
1fca1f
1bc51b
18bf18
157115
10c110
0c690c
094c09
062e06
030503
00c900
ff3bff
fda8fd
fc2efc
fb92fb
fbbffb
fb5efb
fad5fa
fc4cfc
fee0fe
ffd8ff
002400
01e501
043104
05ce05
06ec06
077b07
07ec07
091a09
0a880a
0bcf0b
0d5b0d
0e9e0e
0f2e0f
0fb10f
0fd20f
0f560f
0f5c0f
0f5b0f
0dca0d
0b970b
09ce09
079b07
052605
034703
017a01
ffb4ff
feb4fe
fe38fe
fd9bfd
fcf1fc
fcbafc
fd49fd
fdc8fd
fdbafd
feccfe
018901
03bf03
04cb04
05e305
06b506
06ff06
07de07
08f208
08da08
080b08
079807
072207
05ed05
049204
042c04
040404
025402
ff82ff
fd51fd
fb94fb
f963f9
f75cf7
f622f6
f51cf5
f3e1f3
f2fff2
f2ebf2
f32ef3
f356f3
f3d5f3
f4a8f4
f4b0f4
f3f3f3
f41af4
f572f5
f624f6
f53cf5
f42af4
f487f4
f5caf5
f637f6
f570f5
f4a5f4
f457f4
f398f3
f1cbf1
ef76ef
ed3ced
eb40eb
e96ce9
e7a0e7
e5c3e5
e3f1e3
e27ae2
e21ce2
e399e3
e6a6e6
ea4fea
ee31ee
f232f2
f655f6
fb3bfb
010201
066706
0a7f0a
0dbb0d
10c410
13b313
15ea15
170317
184318
1adb1a
1d601d
1e261e
1e361e
1edf1e
1f481f
1e1a1e
1b211b
16fc16
12a312
0e9b0e
0a8b0a
063a06
022802
fedbfe
fc7cfc
faf3fa
f9e6f9
f8f9f8
f811f8
f71df7
f5fdf5
f483f4
f2a7f2
f10df1
f048f0
ef9eef
ee9bee
ee97ee
efedef
f0faf0
f1f4f1
f472f4
f73af7
f846f8
f8d9f8
faf5fa
fe0efe
009600
020302
02bc02
036e03
048e04
064a06
07ff07
087508
07fb07
083508
096209
0abf0a
0c310c
0d6c0d
0e7f0e
10a210
13bd13
163e16
186818
1b491b
1de81d
1f731f
213221
23cf23
25ea25
26ac26
272a27
284928
292f29
291729
28bf28
287628
272527
249624
21ff21
1f7b1f
1c0e1c
180d18
145d14
105510
0b680b
06e006
037d03
001700
fc13fc
f867f8
f5aef5
f386f3
f197f1
effaef
eee3ee
ee9fee
ef58ef
f094f0
f191f1
f28df2
f453f4
f652f6
f76cf7
f83cf8
f9daf9
fba3fb
fcd4fc
fe21fe
ffbfff
00ba00
00e700
00df00
009900
ffe6ff
fee0fe
fd73fd
fb90fb
f97ff9
f7a4f7
f644f6
f503f5
f367f3
f20ef2
f1a6f1
f172f1
f09cf0
ef40ef
edf3ed
ed77ed
edbfed
edf2ed
ee82ee
f03df0
f226f2
f3e0f3
f684f6
f987f9
fba0fb
fd2afd
fe44fe
fe6cfe
fe88fe
ff53ff
ff83ff
fe0dfe
fc03fc
fae3fa
fa41fa
f8c6f8
f6a8f6
f46df4
f14cf1
ed99ed
eadaea
e89ee8
e5d7e5
e32de3
e0f7e0
debade
dce3dc
dbf1db
db76db
dacbda
d9b7d9
d8b0d8
d7f0d7
d70dd7
d68fd6
d72ed7
d775d7
d65ed6
d5aad5
d666d6
d71bd7
d6e3d6
d685d6
d656d6
d593d5
d40dd4
d2bdd2
d1bfd1
d018d0
ce3dce
cd4dcd
cc63cc
caa5ca
c966c9
c945c9
c91ac9
c93ec9
cbafcb
d05cd0
d4fed4
d8c2d8
dd14dd
e2cbe2
e92ae9
ef38ef
f47ef4
f8fdf8
fd04fd
00da00
04ad04
085d08
0bab0b
0eeb0e
123112
147914
157a15
162f16
165e16
14ca14
11a411
0e180e
0a7b0a
067006
023d02
fefcfe
fcf9fc
fb3efb
f9b3f9
f910f9
f8b8f8
f7e5f7
f731f7
f699f6
f514f5
f2dff2
f104f1
efa4ef
eeadee
eeaeee
f036f0
f2d0f2
f526f5
f70bf7
f9f7f9
fdfbfd
010d01
02a102
042b04
063306
084008
0a400a
0c1a0c
0d8e0d
0eaa0e
0f920f
109310
11c211
124a12
11c211
115711
11d911
12b712
137413
144114
158f15
17ac17
1a481a
1d191d
207020
23fb23
269026
283728
2a152a
2c582c
2e3c2e
2f862f
30d430
328a32
340734
34e434
35e435
370937
36fc36
359e35
33e533
317631
2de02d
2a522a
278827
24e124
222822
1fe01f
1e2e1e
1cad1c
1af91a
194719
180018
16aa16
14d814
134a13
128c12
125012
129c12
139a13
151c15
172017
195c19
1b061b
1c241c
1d521d
1ea81e
202120
219321
223922
21e121
213c21
20aa20
202520
1f6b1f
1de01d
1ba01b
196919
173a17
14e514
12b912
109a10
0e650e
0c630c
0a570a
085308
071e07
060306
03b903
012c01
ff6bff
fdaffd
fbf9fb
fb77fb
fbf7fb
fc55fc
fc59fc
fc97fc
fd98fd
ff15ff
003300
00d400
012e01
00df00
005200
006900
003800
febefe
fd55fd
fd06fd
fc9bfc
fb24fb
f921f9
f73bf7
f597f5
f397f3
f0a3f0
ed6bed
ead4ea
e8a6e8
e663e6
e3fce3
e21ce2
e1c3e1
e225e2
e154e1
dff8df
dfdbdf
e037e0
dfe9df
df77df
df02df
dea5de
df15df
df4fdf
de2bde
dd82dd
ded8de
e03ae0
dfb5df
ddf7dd
dc82dc
dc14dc
dc3bdc
dbc3db
da4ada
d8a3d8
d786d7
d6e9d6
d658d6
d5d1d5
d63cd6
d7e8d7
d9dad9
dc20dc
dfeadf
e4bee4
e95be9
ee32ee
f3b9f3
f8e3f8
fcf5fc
005500
03a303
074f07
0b1f0b
0e660e
110211
134113
159b15
186d18
1ab01a
1b101b
1a741a
19dc19
17fd17
142b14
0ff10f
0c3f0c
08d908
05d305
030d03
002900
fdc7fd
fcc5fc
fcbafc
fc78fc
fb62fb
f9d9f9
f89ef8
f7c6f7
f6f6f6
f671f6
f696f6
f725f7
f845f8
fa7afa
fd12fd
fedafe
001100
018501
031403
044704
053605
063806
076607
08d108
0ac60a
0ce50c
0df80d
0e440e
0f710f
111c11
117d11
112411
117311
11ca11
11ee11
132413
151315
161e16
170f17
19d219
1d851d
1fbf1f
208420
218121
22de22
23c223
247a24
259a25
267926
26c526
27a127
295729
2a8a2a
2ada2a
2b182b
2ad32a
292129
26b626
247224
21fe21
1f1e1f
1c541c
19ea19
17ae17
158815
13d513
128912
10b910
0e370e
0bca0b
094e09
067e06
049e04
043304
03b303
029202
023902
032303
042c04
04c104
056e05
064806
06a506
069706
06ea06
078f07
07fa07
086b08
090d09
093609
08b108
081408
075e07
060306
044c04
02e802
015001
fe77fe
fb28fb
f935f9
f854f8
f6cef6
f48af4
f264f2
f049f0
ee44ee
ecc1ec
eb33eb
e91ee9
e75be7
e695e6
e676e6
e6c6e6
e79de7
e8d7e8
e9cae9
e9d5e9
e9a0e9
ea36ea
eb15eb
eb82eb
ebf4eb
ec3cec
ebe0eb
ec70ec
ef2fef
f210f2
f2bff2
f225f2
f248f2
f302f3
f2d4f2
f17af1
ef84ef
ecd5ec
e9e0e9
e81be8
e763e7
e635e6
e4cae4
e42be4
e3b9e3
e30ce3
e326e3
e386e3
e265e2
e063e0
df83df
dfb8df
dfc3df
df3edf
deadde
df43df
e11ae1
e22fe2
e182e1
e068e0
dfd4df
dff9df
e05ce0
defede
dbdadb
da14da
da31da
d9add9
d838d8
d701d7
d627d6
d5d4d5
d615d6
d6f6d6
d937d9
dc28dc
de90de
e1e1e1
e71be7
ec8cec
f18ef1
f641f6
f9b8f9
fcbdfc
00e600
052d05
085308
0ac90a
0d230d
105b10
14a414
17ea17
199a19
1b681b
1cd61c
1c951c
1ba61b
1a751a
185a18
161116
13ce13
10dc10
0e6e0e
0d9e0d
0d190d
0c190c
0b5d0b
0b550b
0bf10b
0c3f0c
0b260b
09ad09
08fc08
083e08
079a07
07f107
07f707
076807
085e08
0a5a0a
0b050b
0add0a
0b470b
0bfc0b
0cb00c
0da60d
0f290f
113611
12a212
12fe12
141614
163b16
176117
174f17
170117
164816
15d015
164f16
160b16
148d14
142114
151c15
15e515
163d16
165b16
167516
172f17
17fd17
181418
17d917
16f416
15a915
162716
17c217
17d217
17bb17
194419
1a4d1a
1a331a
1aaa1a
1ad51a
194319
16d016
147514
127f12
10a110
0dfd0d
0b550b
09d509
087f08
06e706
061606
055a05
03eb03
02f102
027f02
01bd01
015301
015f01
012a01
015501
021502
026502
029d02
037903
046204
053605
061006
065406
06e406
08f508
0b0d0b
0bed0b
0ca90c
0d4f0d
0d280d
0d090d
0d440d
0ce30c
0ba80b
09d909
07fb07
06d706
05c105
03e003
020e02
004f00
fdccfd
fb9cfb
fa35fa
f7cbf7
f462f4
f1a6f1
ef4eef
ecb4ec
ead4ea
ea55ea
ea9fea
eafcea
eb33eb
eb7deb
ebdfeb
ec4aec
ed14ed
edb6ed
ed0bed
ebeceb
ebfbeb
ec96ec
ecd5ec
ed87ed
ee74ee
ee51ee
edebed
ee71ee
ee84ee
ecc3ec
ea36ea
e820e8
e67ae6
e4b5e4
e290e2
e0a3e0
df90df
deffde
de99de
de7ede
de7dde
decbde
dfc3df
e05fe0
dfdddf
df5fdf
dfb0df
e04ee0
e0f3e0
e188e1
e1aee1
e16be1
e166e1
e233e2
e344e3
e361e3
e276e2
e156e1
e076e0
e04ae0
e0bae0
e070e0
df2edf
de90de
df08df
df64df
df57df
dfe1df
e1a0e1
e41de4
e6b3e6
e99fe9
ed85ed
f241f2
f6d6f6
fa98fa
fdcafd
009e00
02e902
054905
083608
0a780a
0b730b
0ca70c
0ecc0e
10e910
12a712
147814
15dd15
15a315
140314
12bc12
11da11
0f960f
0c540c
09ff09
085408
066a06
04ec04
045e04
044b04
043204
03de03
034603
022502
007300
feffff
fdcafd
fc0cfc
fa71fa
f9d9f9
f9d0f9
fa95fa
fc96fc
feaefe
003e00
01e201
036d03
048304
05d805
082608
0b0c0b
0d520d
0e7f0e
0fbe0f
11dd11
140514
157815
169116
178e17
17cb17
170a17
169f16
174f17
17ac17
172017
16e716
16f716
169916
16a316
176b17
17b717
170d17
163916
161916
16d716
17db17
18ef18
1a5c1a
1bc61b
1cd11c
1de41d
1f261f
202c20
206720
1f5b1f
1d641d
1b8d1b
1a311a
18e918
176a17
160516
157715
15a315
158815
151215
14d214
143f14
12dd12
118911
10a810
0f750f
0e2a0e
0dd00d
0de60d
0d780d
0d960d
0f4b0f
115911
129912
13bf13
157a15
174a17
187218
191a19
1a2b1a
1b921b
1c541c
1ca31c
1d251d
1d7f1d
1dc41d
1e4f1e
1e421e
1d3f1d
1c471c
1b601b
19c519
17bc17
15d915
140014
11c711
0f1a0f
0ca10c
0ac80a
08d508
063706
034503
007100
fe7efe
fe0dfe
fe0afe
fd4ffd
fcd3fc
fd7efd
fe45fe
fe31fe
fd97fd
fd2dfd
fd87fd
fe3dfe
fe09fe
fcf3fc
fc56fc
fcb2fc
fde2fd
ff8bff
007700
003f00
001b00
004800
002800
002300
fff7ff
fe60fe
fbddfb
fa2bfa
f9bbf9
f9a8f9
f8d0f8
f73cf7
f641f6
f61cf6
f5c3f5
f51cf5
f418f4
f24af2
f10cf1
f14ef1
f0eaf0
eeb3ee
ed02ed
ed5ced
ee4fee
ee1eee
ecb9ec
eb91eb
eb8beb
eb48eb
e9dae9
e8d0e8
e8bee8
e821e8
e70ae7
e6b0e6
e69ee6
e61ce6
e55ee5
e438e4
e2ece2
e289e2
e2c2e2
e286e2
e255e2
e36fe3
e641e6
ea26ea
ed80ed
efa2ef
f20df2
f5acf5
f937f9
fb90fb
fca4fc
fccefc
fd57fd
ff00ff
008200
016601
02ee02
04ab04
054005
059a05
06b806
074707
061b06
03ce03
019201
fff0ff
fe77fe
fcdefc
fb89fb
fa96fa
fa6bfa
fb63fb
fbe6fb
faf4fa
fa65fa
fae2fa
faedfa
fa54fa
f96cf9
f864f8
f8a7f8
fa5ffa
fc25fc
fe20fe
001c00
010201
025f02
055105
07b107
091c09
0b1f0b
0cf90c
0e380e
106f10
136413
153c15
15b215
15cc15
165c16
174517
177417
165016
148c14
133213
12b512
12ca12
12b512
121712
118c11
11d911
128012
126f12
11a911
10b310
0fb50f
0ef70e
0e9e0e
0e790e
0e950e
0ee90e
0f560f
101310
10d910
112e11
10ed10
0fa40f
0dbf0d
0c9f0c
0b7e0b
092d09
076707
074007
075607
076907
07cb07
07f207
083508
08c008
08a208
07ed07
072a07
067706
068306
073007
076407
07af07
091809
0aeb0a
0c920c
0e420e
0f990f
102010
101110
0ffc0f
107910
117311
11fc11
11b511
116911
11d611
12bf12
136d13
136713
129a12
117711
108410
0f9f0f
0e400e
0c460c
0a170a
082708
065306
042704
01c301
ff45ff
fc58fc
f940f9
f63ef6
f2d6f2
ef53ef
ec87ec
ea6dea
e911e9
e872e8
e796e7
e65ee6
e5a5e5
e54de5
e505e5
e4c1e4
e3d5e3
e267e2
e1d2e1
e252e2
e31ce3
e3c5e3
e44ce4
e544e5
e71ce7
e8afe8
e8bde8
e7cde7
e6e8e6
e636e6
e576e5
e440e4
e24ae2
e01fe0
deb7de
de62de
ded8de
df5cdf
debcde
dd0fdd
dbfedb
dbdadb
dba8db
db50db
da3fda
d7b8d7
d5b7d5
d604d6
d6fdd6
d764d7
d7d9d7
d7ead7
d71ed7
d668d6
d65ad6
d6e4d6
d79fd7
d77bd7
d659d6
d54dd5
d52dd5
d675d6
d83ad8
d88ad8
d810d8
d8aad8
d935d9
d8c3d8
d92fd9
dadeda
dc5adc
dda3dd
df72df
e242e2
e638e6
ea08ea
ece9ec
efdbef
f293f2
f444f4
f62cf6
f87ff8
fa2dfa
fc5efc
ff80ff
015d01
023f02
04ac04
084008
0aee0a
0c280c
0c210c
0b950b
0b7f0b
0b850b
0ac50a
098a09
088208
07d107
076107
071e07
075607
084008
087508
06bd06
052205
058705
05b105
041704
030d03
034303
030903
031803
047f04
05e605
06d206
085508
0a6a0a
0c150c
0d030d
0e740e
115711
13c013
146a14
156715
172717
183818
19a519
1bfe1b
1d911d
1ea11e
200020
20dd20
21df21
23ed23
258c25
25fa25
25f625
260b26
270627
286b28
284a28
274627
273527
274c27
272027
280d28
295129
295329
294029
2a512a
2b442b
2b612b
2b952b
2bd02b
2b522b
2a882a
2a162a
29f129
2a232a
2a822a
2aac2a
2ac62a
2ae52a
2ae02a
2ade2a
2a932a
298929
284528
26f726
250925
231123
21ff21
214121
1fd61f
1dbc1d
1bd11b
1ad61a
1a381a
191119
17b017
166816
152515
148014
146e14
13f513
136813
139013
13a513
131113
12b512
12f912
131a13
126c12
114e11
10cf10
10f710
107710
0f000f
0da60d
0c960c
0b340b
096c09
071907
044304
021602
00d800
fee3fe
fba2fb
f885f8
f683f6
f558f5
f470f4
f36af3
f284f2
f1e2f1
f0e1f0
efa8ef
ef58ef
efc3ef
efceef
ef60ef
eec6ee
ee5aee
eee2ee
f007f0
f056f0
f002f0
f095f0
f1f3f1
f2a7f2
f291f2
f2b2f2
f30ff3
f2e1f2
f241f2
f1e2f1
f1cbf1
f1a7f1
f14bf1
f0adf0
f00bf0
ef9fef
ef56ef
ef16ef
eea5ee
ede4ed
ed53ed
ecf3ec
ebf4eb
ea97ea
e9c4e9
e90fe9
e7d6e7
e66ae6
e515e5
e405e4
e39ae3
e3a1e3
e377e3
e2c5e2
e1fae1
e23ee2
e3aae3
e46de4
e3bfe3
e346e3
e3c4e3
e3e6e3
e37fe3
e3ffe3
e4fde4
e4e5e4
e4c1e4
e61ce6
e798e7
e886e8
eaaaea
ede8ed
f084f0
f2a4f2
f4c6f4
f666f6
f79bf7
f8f5f8
fae0fa
fd4afd
ff22ff
002900
018701
037803
05ec05
094509
0c110c
0cd50c
0d150d
0e330e
0f000f
0ea00e
0df40d
0da30d
0ce00c
0b610b
0af10a
0c1a0c
0c9d0c
0c250c
0c6d0c
0c670c
0ab30a
093209
088808
06a506
040004
02fc02
02b802
00f400
fef1fe
ff1fff
00d600
023602
02f902
035003
035f03
03f603
05c305
084608
09f209
09f209
09e909
0b480b
0cf60c
0e820e
10bb10
124412
11f211
11d411
131413
13f713
13b413
134b13
130f13
12c012
12d312
136f13
138c13
131113
137613
149014
149314
13c913
13d613
14b214
157a15
161216
16aa16
170d17
170c17
177017
18b218
194119
180c18
16ac16
162e16
15b715
153c15
153415
14e014
13d813
132613
136113
137613
124412
103210
0e3e0e
0cb50c
0b680b
09da09
07a307
055b05
03f503
038e03
039f03
037903
02c702
021c02
021302
026b02
029d02
02a102
02be02
02e202
02fa02
039903
04bd04
059205
067406
07f107
090209
096809
0a010a
0a030a
08c408
07a807
073007
064b06
04b304
02d702
014101
005c00
ff65ff
fd83fd
fb77fb
f9f4f9
f87cf8
f6e5f6
f57df5
f41bf4
f2ebf2
f283f2
f279f2
f1fcf1
f167f1
f148f1
f144f1
f135f1
f16df1
f1b9f1
f1b0f1
f16af1
f165f1
f211f2
f312f3
f396f3
f39bf3
f3aaf3
f43af4
f5b8f5
f750f7
f715f7
f553f5
f4a3f4
f5bdf5
f67cf6
f55cf5
f348f3
f1b7f1
f0d8f0
f015f0
eef5ee
ed4ced
eb75eb
e9ede9
e8c1e8
e80ce8
e7b3e7
e6f7e6
e5fae5
e5e2e5
e6cae6
e7d7e7
e889e8
e892e8
e83ee8
e8e3e8
eaebea
ecb8ec
ecf2ec
ec7cec
ed01ed
eedeee
f142f1
f304f3
f34cf3
f2bdf2
f2bff2
f336f3
f341f3
f328f3
f333f3
f301f3
f30cf3
f467f4
f751f7
fabffa
fd3cfd
ff19ff
021f02
05e605
085f08
09db09
0bd90b
0e0b0e
0fe60f
11b711
132b13
141614
159015
182318
1abe1a
1c111c
1b981b
1a0f1a
18e118
183118
16b516
13c513
0fdc0f
0bd80b
08d008
073007
05ec05
03d703
00ed00
fe09fe
fc32fc
fb53fb
f9b7f9
f662f6
f2def2
f0f6f0
f003f0
ee8eee
ecfaec
ec43ec
ec1cec
ec7aec
edd9ed
ef5aef
f046f0
f1adf1
f3ddf3
f60ff6
f87ef8
fafdfa
fc85fc
fe18fe
012c01
047004
065106
077e07
08c308
0a000a
0b610b
0ce40c
0dd50d
0e210e
0e830e
0f4e0f
105510
113311
116011
112111
116911
121e12
12a812
136a13
147e14
156915
169516
183a18
198819
1a9f1a
1c351c
1d8f1d
1df41d
1e1b1e
1e5b1e
1e161e
1d771d
1d501d
1d4c1d
1c6f1c
1b441b
1b091b
1b161b
1a211a
18a818
172d17
14c614
118311
0ee50e
0d2f0d
0b1b0b
081f08
051f05
030e03
01e101
011f01
00a400
002e00
ff7aff
fefcfe
ff11ff
ff58ff
ff97ff
ffceff
ffd8ff
002000
010b01
01f301
029402
038f03
04ac04
054005
058c05
05cb05
05a205
050b05
044804
037e03
02ca02
01e801
008c00
ff3dff
fe81fe
fdbafd
fc30fc
fa70fa
f957f9
f8aef8
f7e3f7
f738f7
f6f0f6
f6abf6
f68bf6
f72ef7
f841f8
f8cff8
f8ebf8
f986f9
fad9fa
fc24fc
fd01fd
fdc4fd
fec7fe
001f00
019a01
02cd02
03c303
04cb04
057805
055f05
04f204
046304
034603
019d01
ffccff
fe44fe
fd35fd
fbcdfb
f972f9
f760f7
f66ef6
f555f5
f359f3
f15cf1
ef67ef
ecffec
eadbea
e969e9
e802e8
e696e6
e5c0e5
e580e5
e538e5
e45ce4
e345e3
e2eee2
e329e3
e2f7e2
e282e2
e23ae2
e1c4e1
e14ce1
e116e1
e0d5e0
e14fe1
e32ee3
e48ce4
e419e4
e3c0e3
e4cae4
e607e6
e744e7
e985e9
ebf5eb
ed33ed
ee7eee
f1b6f1
f656f6
fb30fb
ffc4ff
030603
04c904
06eb06
0a530a
0df20d
10f210
127d12
123c12
125012
145214
166c16
173c17
178b17
16f616
14e214
12e112
11cf11
107910
0e670e
0baf0b
082908
055805
049a04
040204
01f501
000b00
ff04ff
fd90fd
fb9bfb
f9eef9
f879f8
f71ff7
f5c9f5
f45cf4
f375f3
f338f3
f30df3
f390f3
f516f5
f600f5
f606f6
f705f7
f915f9
fab6fa
fc04fc
fdc7fd
ffb5ff
016f01
031803
052105
07bf07
0a140a
0b9b0b
0d870d
105410
129912
13cf13
14be14
15e415
17cb17
1a451a
1bb91b
1c1d1c
1d5d1d
1f6f1f
20c020
21a421
230123
243c24
252325
26b926
28ec28
2a682a
2b1d2b
2c362c
2db82d
2ebd2e
2f4e2f
2fbe2f
2f952f
2e962e
2d422d
2c482c
2bf22b
2b702b
29dc29
282528
278727
272c27
25ea25
241324
223b22
207720
1eb21e
1c9b1c
1a571a
18b618
17b417
167a16
155215
152615
158315
158115
156d15
15a015
159a15
153415
14e714
14c814
14a014
146c14
143314
13eb13
138f13
135e13
13ea13
14f114
151715
141014
133b13
135413
13a713
136713
127112
115611
10c110
108110
102010
0fb80f
0f3d0f
0e800e
0ddc0d
0d720d
0d070d
0cca0c
0c9b0c
0c000b
0b690b
0b430b
0ae60a
09f909
08c108
073e07
05ec05
051705
03d103
01fd01
00df00
007600
ffc3ff
fecffe
fdedfd
fd15fd
fc5cfc
fb67fb
f9ccf9
f7e3f7
f5fdf5
f437f4
f2c4f2
f113f1
eec5ee
ed17ed
ec7dec
eb6aeb
e984e9
e825e8
e742e7
e58ae5
e2fde2
e0ebe0
e01ce0
dfd5df
ded8de
dd73dd
dd30dd
de0ade
de5cde
dddedd
ddd6dd
de8ade
df16df
df00df
de48de
dd3ddd
dceedc
de28de
e02fe0
e1b5e1
e279e2
e335e3
e4aae4
e6f8e6
e985e9
eb89eb
ecafec
ed0fed
ed45ed
eeb7ee
f22bf2
f5eaf5
f7daf7
f8f3f8
fb88fb
ff9cff
037903
05d705
069d06
074107
08ef08
0a7a0a
0b160b
0be30b
0cce0c
0d160d
0dc10d
0eda0e
0ed70e
0e5a0e
0e540e
0d880d
0c300c
0b6e0b
097909
056905
01e301
000000
fe7afe
fd06fd
fb43fb
f885f8
f604f6
f4bcf4
f387f3
f1abf1
ef65ef
ecacec
e9eee9
e7d3e7
e625e6
e4c7e4
e411e4
e407e4
e48de4
e562e5
e647e6
e7c6e7
ea29ea
ec7cec
ee79ee
f0d4f0
f31cf3
f4abf4
f694f6
f9b2f9
fceefc
ff1aff
007600
01d301
03b503
063d06
08fa08
0ae20a
0b7a0b
0bf40b
0dd20d
108f10
12a612
142514
15c215
171417
180d18
19e819
1c9e1c
1e711e
1f151f
1fe81f
210721
21a421
223622
230123
22b922
214921
207c20
204d20
1f101f
1d521d
1c7a1c
1b8f1b
19c419
185918
177217
160b16
14c914
141014
124f12
0f600f
0d1e0d
0b970b
094209
061406
031903
006c00
fda1fd
fb22fb
f99bf9
f857f8
f638f6
f400f4
f2caf2
f1cef1
f085f0
efd3ef
ef93ef
eee6ee
ee77ee
ef12ef
efe5ef
f040f0
f0cff0
f24af2
f436f4
f584f5
f62ef6
f717f7
f84ef8
f96af9
fab0fa
fbf6fb
fc93fc
fcf2fc
fdb6fd
fe3cfe
fe1bfe
fddafd
fd6afd
fc66fc
fb36fb
fa35fa
f911f9
f7e7f7
f72cf7
f67af6
f555f5
f451f4
f3b8f3
f2abf2
f13ef1
f0a2f0
f085f0
efacef
eeaaee
ee93ee
ef02ef
ef84ef
f05cf0
f146f1
f1d1f1
f240f2
f291f2
f24df2
f1a7f1
f14af1
f10bf1
f01cf0
ee70ee
ed0ced
eca5ec
ecbeec
ec7eec
ebb9eb
eaf9ea
eaafea
ea7cea
e9a0e9
e843e8
e763e7
e73ce7
e6cae6
e586e5
e475e4
e476e4
e4f8e4
e597e5
e6a2e6
e78ee7
e78be7
e71fe7
e72de7
e7f8e7
e98be9
eb1eeb
eb4deb
ea5cea
e9fae9
eb03eb
ed2aed
ef2def
ef8fef
eee0ee
ef0aef
f02cf0
f19af1
f3b3f3
f5c4f5
f66ff6
f6d8f6
f8acf8
fb66fb
feb7fe
029e02
050705
054705
069506
0a610a
0e290e
10cf10
134c13
156515
16f316
18df18
1af01a
1c801c
1e0c1e
1f411f
1f1c1f
1e441e
1dcc1d
1d731d
1d191d
1cde1c
1bea1b
19e519
180618
16f816
161f16
154715
145a14
124d12
0efd0e
0c260c
0a940a
095509
083408
072c07
054705
033803
030603
03de03
03bb03
038503
044f04
04ea04
051305
05fe05
079907
08f508
09e609
0ac00a
0bfc0b
0d9f0d
0f340f
10eb10
12fb12
149e14
15a315
16bb16
17ad17
183918
194819
1af31a
1c001b
1c3b1c
1cb81c
1e051e
1f9e1f
20d520
21a121
225a22
231b23
241424
256c25
266826
269b26
270627
27d127
27b127
26fb26
272027
275327
263126
24cb24
242324
233223
21a421
206620
1f3a1f
1d7d1d
1baa1b
19e419
179017
14f714
12bb12
107310
0d800d
0a1f0a
072607
053a05
040404
02a902
010801
ffb1ff
fedefe
fe67fe
fdfafd
fd7afd
fd59fd
fdbbfd
fdccfd
fd53fd
fd83fd
fee8fe
006f00
017101
02a202
047304
065206
07d307
091909
0a1b0a
0ada0a
0ba00b
0c310c
0bfd0b
0b6b0b
0b540b
0b7e0b
0b200b
0a420a
097b09
08eb08
083108
072e07
061c06
04f904
03c303
02b702
01b701
00ad00
001000
ffa6ff
fe89fe
fd5dfd
fd7afd
fe1efe
fdf0fd
fd98fd
fe00fe
fe9bfe
fed7fe
fee1fe
fed2fe
fec0fe
feb0fe
fe4afe
fd83fd
fcdafc
fc52fc
fb86fb
faa7fa
fa19fa
f9a9f9
f8f9f8
f820f8
f76cf7
f6edf6
f670f6
f5edf5
f569f5
f483f4
f32ff3
f255f2
f235f2
f1e5f1
f141f1
f0b9f0
efdcef
ee8fee
ed7fed
ec8aec
eb81eb
ead2ea
e9c2e9
e7b6e7
e661e6
e6cce6
e770e7
e743e7
e6b7e6
e634e6
e624e6
e694e6
e71fe7
e806e8
e8e6e8
e87de8
e7e0e7
e90fe9
eaefea
ec0bec
ed70ed
ef43ef
f066f0
f19af1
f3dcf3
f65ef6
f867f8
fa0bfa
fb8afb
fd8dfd
001400
022102
03c703
05f305
085908
0a020a
0adc0a
0ba40b
0cdc0c
0dfd0d
0e420e
0e0d0e
0dc20d
0cb60c
0b070b
09df09
092309
07df07
060006
03b903
015501
ff7dff
fddffd
fb79fb
f8abf8
f628f6
f378f3
f0b2f0
ee9eee
eca9ec
ea17ea
e7f3e7
e71ce7
e6a9e6
e5c5e5
e515e5
e56be5
e657e6
e716e7
e808e8
e9a2e9
eb09eb
ebcceb
ed0bed
ef5bef
f1e7f1
f41df4
f619f6
f81ef8
fa74fa
fd09fd
ffa8ff
026602
050205
070507
089708
0a0d0a
0bab0b
0dc60d
0fd60f
110f11
123712
13f013
155315
166d16
184918
1a241a
1ad11a
1b101b
1ba71b
1c031c
1bd51b
1b851b
1b281b
1a741a
198f19
190819
18d318
185518
17a317
170f17
165716
158415
14b014
133b13
114111
0fb50f
0e400e
0c410c
0a680a
08c308
06ae06
04f304
044504
03b003
02a002
017901
007600
fffaff
000400
ff9eff
fee6fe
fef4fe
ff62ff
ff62ff
ffb4ff
00a800
015601
01c201
027102
02f502
032403
039903
044204
04c204
054b05
05d905
063106
068f06
071407
07b907
089808
092f09
08e208
084c08
083608
087408
08cf08
091209
08c508
085e08
08b408
095d09
09b709
0a0b0a
0a460a
09f609
098b09
09bb09
0a520a
0a950a
0a5d0a
0a620a
0b170b
0be20b
0c550c
0cbf0c
0d270d
0d580d
0d850d
0d8f0d
0d240d
0cac0c
0c890c
0c4d0c
0b8e0b
0a5c0a
08fe08
07e707
073107
060606
03bb03
010f01
fee1fe
fc84fc
f95ef9
f678f6
f459f4
f1cbf1
eea6ee
ec22ec
e9ffe9
e763e7
e4fee4
e350e3
e1bbe1
e04be0
df0cdf
dd35dd
db61db
db18db
dbb2db
db8bdb
dabfda
d9f2d9
d975d9
da0fda
db6edb
dbc7db
dafada
da82da
da94da
daf5da
dc07dc
dd2fdd
dde1dd
dee7de
e010e0
e105e1
e376e3
e75fe7
ea07ea
ebb5eb
eeb1ee
f1fef1
f44af4
f6f6f6
fa35fa
fceffc
ff9dff
022002
033703
03da03
05bc05
082008
09c109
0a690a
09cc09
085b08
07c207
083008
07aa07
056205
02b902
007600
fe3afe
fc8efc
fbbefb
fa20fa
f6e9f6
f3fef3
f28cf2
f19df1
f087f0
ef38ef
ed51ed
eb4feb
ea50ea
ea43ea
ea51ea
ea6dea
eb29eb
ecb4ec
ee83ee
f010f0
f1a3f1
f39af3
f5b1f5
f7d6f7
fa29fa
fbfefb
fcd2fc
fda9fd
ff6eff
018001
033203
04c504
061e06
06d806
07ae07
098e09
0b8b0b
0c0c0c
0b7b0b
0b7e0b
0c3c0c
0ccd0c
0d4c0d
0e0f0e
0e8f0e
0edd0e
0fb10f
109b10
112211
122512
139b13
141c14
13cc13
13f013
145a14
148714
151015
161016
16a116
16a416
16ee16
17b717
187318
190919
197019
18d618
174817
167416
16b116
163c16
146f14
125412
10b710
0fd40f
0f480f
0e4e0e
0d200d
0c3d0c
0b210b
09de09
094009
08f208
087008
080e08
07ac07
072d07
072707
074f07
071207
070907
076207
078507
07c107
084508
086708
086108
08c508
08ef08
086408
07c707
077507
071a07
066606
054705
03eb03
02ac02
01ab01
00c500
ffe1ff
ff1cff
feb4fe
fe93fe
fe5efe
fe0ffe
fdf5fd
fe12fe
fe25fe
fe2dfe
fe76fe
ff1aff
ffd9ff
008400
012a01
01d901
02b302
03e603
052405
05b905
057f05
051005
04d404
048804
03eb03
031703
01f401
005400
fe96fe
fd44fd
fc2ffc
fabffa
f89df8
f5ddf5
f2f1f2
f057f0
ee13ee
ebadeb
e906e9
e6a0e6
e4a0e4
e25ae2
dfd0df
de23de
ddb4dd
dd81dd
dc9ddc
dafbda
d945d9
d83dd8
d7ead7
d827d8
d913d9
d9b8d9
d8eed8
d7ddd7
d869d8
da6eda
dca8dc
ddd4dd
dd33dd
dbf5db
dc19dc
ddc2dd
dfb4df
e0b9e0
e069e0
e039e0
e1bbe1
e462e4
e783e7
eb0feb
edf9ed
f042f0
f36ef3
f721f7
fa8ffa
fe7bfe
01e601
037603
057d05
092809
0baa0b
0c910c
0e280e
103a10
11a411
129412
12c412
128612
12e112
12bc12
113e11
101910
0f4a0f
0d3e0d
0b5a0b
0b0c0b
0a770a
08f808
082308
078307
063806
057d05
056505
045b04
02b602
01ba01
011901
009600
00b100
00fb00
00e700
015701
02fc02
04cd04
05dd05
071c07
095b09
0b3d0b
0bca0b
0c7e0c
0e280e
0f760f
106510
124c12
148714
15a815
164216
177d17
191f19
1a4b1a
1aac1a
1ad91a
1b631b
1be01b
1c3f1c
1d471d
1e881e
1f0a1f
1fc61f
21ac21
239d23
250725
26a126
282e28
296029
2af32a
2c7b2c
2d032d
2d9d2d
2f092f
2ff32f
303c30
30fd30
317031
30cb30
302d30
2fae2f
2e5f2e
2cd12c
2b5d2b
293729
26e326
250625
22a222
1fad1f
1d3f1d
1aea1a
182518
15c115
13b513
112b11
0e8d0e
0c8e0c
0ae30a
091509
072207
056d05
043904
031003
018901
001600
ff14ff
fe4afe
fd75fd
fc7dfc
fb91fb
fae7fa
fa45fa
f9b9f9
f9f3f9
faa7fa
faa8fa
fa1ffa
fa30fa
fac8fa
fb16fb
fb16fb
fb0afb
fab8fa
fa3ffa
fa30fa
fa63fa
fa58fa
fa46fa
fa77fa
fae0fa
fbd5fb
fd33fd
fe11fe
feb7fe
000900
011f01
012c01
019c01
02dc02
032603
026a02
028102
034603
033303
029802
026902
01fd01
00d200
ffc1ff
fee9fe
fd76fd
fba8fb
fa02fa
f7dff7
f52ff5
f31cf3
f1d0f1
f071f0
eef5ee
ed82ed
eb84eb
e916e9
e75ee7
e652e6
e47ce4
e1dde1
dff0df
de66de
dbebdb
d9b9d9
d980d9
d9b2d9
d85ed8
d66cd6
d51cd5
d403d4
d2dcd2
d226d2
d1d0d1
d117d1
cfb3cf
ce3dce
cd88cd
cdf3cd
cf16cf
cfdfcf
cfe8cf
d005d0
d090d0
d148d1
d2d7d2
d52bd5
d644d6
d5f8d5
d6cfd6
d9a5d9
dcfddc
e02ae0
e376e3
e6d3e6
e9dae9
ec8aec
eff5ef
f499f4
f884f8
fa67fa
fc08fc
fe84fe
00b200
027402
04a504
06c106
082908
092a09
09ed09
0aa20a
0b9e0b
0c580c
0c1c0c
0b6f0b
0ae00a
09cf09
084508
07d507
085108
072707
046b04
02f902
029602
012a01
ffc3ff
ff27ff
fd3ffd
fa51fa
f8bbf8
f7faf7
f72ff7
f72af7
f6c1f6
f50bf5
f4aaf4
f615f6
f64df6
f5c6f5
f6a9f6
f736f7
f648f6
f642f6
f761f7
f7c2f7
f7f4f7
f8f0f8
f9e3f9
fab2fa
fbb3fb
fc5dfc
fd1afd
fe96fe
ffb1ff
ffe8ff
008700
01a701
026d02
03a503
05f405
07e307
08bf08
0a210a
0c9e0c
0ebf0e
103210
11e211
134013
13bc13
14ad14
164616
16f216
170317
179b17
17d317
178c17
182418
18b518
17b917
168e16
162f16
154915
13c313
128712
110911
0f310f
0e020e
0cf80c
0b1e0b
093e09
07d907
063806
04a304
03b303
02a302
00f700
ff59ff
fe01fe
fcd7fc
fc1ffc
fb8ffb
faa0fa
f9b8f9
f91ff9
f876f8
f7f0f7
f7d4f7
f7ccf7
f7e7f7
f85bf8
f895f8
f881f8
f8e6f8
f9c0f9
fa8ffa
fb7cfb
fc81fc
fd2bfd
fd94fd
fe27fe
fedbfe
ff5fff
ff9eff
ffcaff
fff3ff
000b00
005f00
010001
016401
018d01
01c501
017801
008700
fffcff
ffdfff
ff1fff
fde8fd
fd1efd
fc5dfc
fb3afb
fac2fa
fb6efb
fbf2fb
fbbcfb
fb99fb
fb5ffb
fac6fa
faccfa
fb1efb
fa20fa
f894f8
f809f8
f7caf7
f762f7
f792f7
f7b6f7
f705f7
f681f6
f6d2f6
f751f7
f76ef7
f6d2f6
f572f5
f3dff3
f279f2
f154f1
f074f0
ef71ef
ee04ee
ecc8ec
ec61ec
eca6ec
ecdeec
ec54ec
eb42eb
eaa1ea
ea94ea
ea4eea
e9b1e9
e945e9
e8f0e8
e83fe8
e7bee7
e83ae8
e919e9
e96ce9
e9d6e9
eb19eb
ec58ec
ecf8ec
edceed
ef1eef
f03ef0
f15df1
f2fdf2
f4abf4
f64cf6
f8a4f8
fb7cfb
fe11fe
00e500
041104
065e06
085508
0b550b
0dde0d
0e870e
0f3f0f
10f510
120b12
129412
135a13
136713
131f13
13da13
142514
132a13
12ea12
12d712
10d310
0f130f
0f5a0f
0e810e
0baf0b
0a310a
09d809
083d08
06a906
066306
055405
02e202
011301
001800
feadfe
fd49fd
fc9dfc
fbc0fb
fa9ffa
fa89fa
fb33fb
fb84fb
fc4cfc
fdd8fd
fe89fe
fe7ffe
ff50ff
00a100
01b201
031a03
04b104
05df05
070c07
087808
0a320a
0c610c
0e0b0e
0e720e
0ee00e
0ff00f
105610
104310
114a11
12c612
134f13
13e113
156315
16a416
176b17
18b118
19f919
1ac61a
1ba51b
1be61b
1b141b
1ae11a
1bc21b
1c2c1c
1c261c
1c4d1c
1c091c
1bcd1b
1c851c
1d1a1d
1cb11c
1c491c
1c131c
1b441b
1a601a
1a0e1a
198919
189518
17f317
174717
162c16
159d15
154515
13be13
123a12
122712
11b411
0fc10f
0e2c0e
0db20d
0d1f0d
0c1d0c
0b220b
0a460a
097309
08bb08
085e08
084808
081e08
081b08
088e08
093309
09e309
0a620a
0a930a
0b240b
0be00b
0b9b0b
0afb0a
0af50a
0a370a
087708
078007
071d07
059b05
036f03
01e201
00ba00
ff86ff
fe94fe
fdbcfd
fc5afc
fac2fa
f9d6f9
f95bf9
f8cef8
f878f8
f843f8
f7c6f7
f77af7
f7c0f7
f830f8
f88ff8
f8e9f8
f937f9
f965f9
f934f9
f904f9
f96ff9
f9a8f9
f8e2f8
f824f8
f7f9f7
f77af7
f6b4f6
f668f6
f639f6
f58cf5
f4a6f4
f3f0f3
f336f3
f213f2
f0bcf0
ef82ef
eddced
eba4eb
e9f6e9
e904e9
e75fe7
e4d0e4
e2c8e2
e1b4e1
e0cae0
df96df
dd99dd
daceda
d8d6d8
d84dd8
d75bd7
d589d5
d444d4
d330d3
d1bcd1
d16ad1
d25cd2
d2abd2
d238d2
d210d2
d238d2
d2e6d2
d484d4
d616d6
d694d6
d686d6
d712d7
d8ced8
db7cdb
de12de
dfd0df
e167e1
e3d2e3
e694e6
e918e9
ec1bec
ef98ef
f1f3f1
f2cff2
f3e0f3
f651f6
f961f9
fbc9fb
fd58fd
fe75fe
ff39ff
002c00
01d501
035103
040804
047a04
03ff04
026902
01a501
01d001
014f01
00a000
ffdbff
fd9ffd
fb90fb
fbe0fb
fc7bfc
fb88fb
fa76fa
f992f9
f7bcf7
f604f6
f610f6
f6f6f6
f71af7
f6d6f6
f706f7
f762f7
f809f8
f9a1f9
fb6cfb
fc8ffc
fdb5fd
ff11ff
ffd1ff
005600
01ca01
03cf03
050205
056d05
063706
071507
074607
080007
099c09
0a190a
096b09
096609
099b09
094c09
09b509
0b050b
0bc20b
0b9c0b
0b980b
0c6f0c
0dd00d
0f060f
101710
110311
116811
11e311
130b13
142c14
152015
167516
17b917
18a618
19fa19
1ba61b
1cd21c
1d7b1d
1e361e
1efd1e
1f871f
1ffd1f
204b20
201420
1ff91f
207820
208920
1fe11f
1f6f1f
1f181f
1eb21e
1e9c1e
1e051e
1cc91c
1c4f1c
1c361c
1b601b
1ac01a
1ac11a
1a851a
1a6c1a
1ac61a
1ac01a
1a5d1a
1a311a
1a1c1a
19f519
19d119
199619
18f118
17bc17
168c16
15d715
14ee14
135a13
119911
0fbb0f
0da10d
0bbe0b
09d909
072b07
041b04
01cc01
002000
fe13fe
fbc2fb
f9f7f9
f863f8
f693f6
f516f5
f408f4
f2caf2
f162f1
f052f0
effaef
f01df0
efbbef
eedcee
eeb1ee
ef02ef
eeecee
eed6ee
eeb2ee
edebed
ed33ed
ece6ec
ec45ec
eb6deb
eaacea
e971e9
e820e8
e7d0e7
e808e8
e78be7
e67fe6
e5bee5
e537e5
e4a5e4
e43fe4
e38ce3
e1e9e1
e043e0
df77df
deaade
dd34dd
dba2db
daa7da
da54da
d9d7d9
d8bad8
d7eed7
d7a8d7
d6f3d6
d63bd6
d63dd6
d619d6
d553d5
d4c7d4
d4f2d4
d57fd5
d5cbd5
d5b3d5
d5f6d5
d705d7
d883d8
d9ffd9
daf1da
db5bdb
dc20dc
ddb7dd
dfebdf
e229e2
e37ce3
e44ae4
e622e6
e8e0e8
eb58eb
ed71ed
ef7bef
f1eaf1
f4a3f4
f664f6
f790f7
f9c0f9
fbe5fb
fce1fc
fe5bfe
008900
019101
019101
01e101
02a602
034203
031003
021302
00ee00
000000
ff60ff
fea0fe
fd4afd
fc3cfc
fba1fb
fa3bfa
f909f9
f960f9
f90cf9
f743f7
f6c0f6
f76af7
f6cbf6
f5e6f5
f6cef6
f86df8
f947f9
fa0cfa
fb7cfb
fd3cfd
ff4cff
01c501
03ee03
05b705
078d07
089208
091e09
0b440b
0ded0d
0e650e
0dd80d
0e500e
0f380f
101010
10d410
10ed10
107010
0fc80f
0f880f
107610
117611
112411
10c810
116711
123b12
132f13
141f14
14a414
158315
169b16
170917
17e017
196e19
1a171a
1a5b1a
1ba71b
1ce91c
1d0e1d
1cf01c
1d681d
1e5e1e
1f251f
1f3c1f
1ef71e
1ec71e
1ebf1e
1ed81e
1ed11e
1e8c1e
1e241e
1d731d
1cb01c
1c1e1c
1b131b
197b19
183d18
173c17
160d16
153b15
14b114
13c113
12b312
121912
11eb11
11b011
10ec10
0ff00f
0f5d0f
0ef10e
0e570e
0db30d
0d070d
0c860c
0c450c
0bb60b
0ae30a
0a370a
095109
081708
06e806
056605
037303
019b01
ffbfff
fddcfd
fc74fc
fb27fb
f980f9
f809f8
f6fbf6
f617f6
f557f5
f478f4
f360f3
f29ef2
f25df2
f226f2
f1a7f1
f10cf1
f0cef0
f0f9f0
f131f1
f196f1
f20af2
f1cef1
f144f1
f13cf1
f114f1
f05ef0
efcfef
ef5eef
ee8fee
eda8ed
ecd9ec
ec14ec
eb63eb
ea9dea
e9d6e9
e91ee9
e7efe7
e69ee6
e61ce6
e5dbe5
e502e5
e3d5e3
e26de2
e118e1
e0afe0
e0abe0
e011e0
df6adf
deffde
de4cde
dde5dd
de96de
dfabdf
dfdfdf
df2edf
df11df
e057e0
e1aee1
e232e2
e2abe2
e32fe3
e35be3
e40de4
e582e5
e694e6
e70be7
e7a2e7
e87fe8
e96be9
ea4aea
eb08eb
ebb7eb
ecdfec
eeecee
f120f1
f296f2
f40bf4
f655f6
f8e4f8
fbb8fb
ff3cff
024902
03f903
056005
07a407
0ad70a
0e0e0e
0fde0f
107f10
119111
130012
13b013
144314
156815
15b615
147514
136013
12fe12
11a811
100210
0fe30f
0f910f
0dcb0d
0ce50c
0ca90c
0b580b
0b5a0b
0d080d
0c570c
0a740a
0b080b
0b900b
0ad10a
0c9f0c
0fbd0f
0fa80f
0e840e
102210
12cb12
148514
164d16
17fb17
185a18
185d18
193b19
1a251a
1ac71a
1bbe1b
1bfc1b
1adf1a
1a4e1a
1a8f1a
19ec19
193e19
198919
18bc18
169716
157b15
153d15
14a814
148f14
149114
135f13
125f12
12d212
134413
136513
142914
144a14
134113
137d13
152b15
15c515
15cb15
16eb16
17c717
17d117
18cd18
1a3c1a
1a731a
1a4a1a
1ac21a
1b311b
1b5e1b
1b831b
1b711b
1b291b
1acb1a
1a501a
19ba19
18ca18
177e17
166e16
158a15
144714
12fd12
122c12
117911
10af10
101f10
0fbd0f
0f320f
0e880e
0e0f0e
0dc60d
0d760d
0d1c0d
0ca60c
0c170c
0bf50b
0c3e0c
0c040c
0b440b
0ade0a
0a890a
099709
086c08
073707
059905
03f403
027802
008c00
fe7afe
fd20fd
fc14fc
fabdfa
f97df9
f85df8
f721f7
f628f6
f554f5
f431f4
f34cf3
f2c9f2
f1bdf1
f099f0
f072f0
f07af0
efcdef
ef47ef
ef6cef
efb7ef
efd9ef
ef77ef
ee70ee
edb9ed
eda7ed
ed36ed
ec30ec
eb2eeb
e9cee9
e7b8e7
e5fee5
e514e5
e3c3e3
e1bde1
e023e0
df01df
ddb2dd
dcd5dc
dca9dc
dc27dc
db59db
dad0da
da1cda
d9b0d9
da68da
db03db
da95da
da68da
dadbda
db1edb
dbabdb
dce8dc
ddfbdd
de64de
de49de
de10de
de61de
df43df
dfdedf
dfa3df
dee1de
de6ade
de8fde
ded9de
df34df
df81df
df01de
de5dde
df12df
e071e0
e140e1
e1f5e1
e2f8e2
e48be4
e72ae7
e9a6e9
eb09eb
ecd6ec
ef7def
f19cf1
f3a8f3
f667f6
f866f8
f932f9
fa5cfa
fc4afc
fe4cfe
fff9ff
008f00
002200
006800
017b01
016601
003000
ff04ff
fd2efd
faccfa
f970f9
f83ff8
f620f6
f4a4f4
f3cef3
f23ff2
f116f1
f076f0
eec8ee
ed97ed
ee09ee
ed79ed
ebfceb
ec4bec
ed69ed
ed9fed
ee59ee
f036f0
f1e4f1
f2f8f2
f442f4
f64ff6
f85df8
f996f9
faa3fa
fbbffb
fc7cfc
fda7fd
fee2fe
fe9bfe
fe7bfe
002100
010b01
007400
009700
00b700
ff83ff
ff0aff
000d00
008600
fff4ff
ff77ff
ffa1ff
009800
020302
031d03
03d103
04a004
05be05
074507
093009
0ad10a
0bc00b
0cbb0c
0e460e
0ff00f
11b111
138c13
14eb14
15fc15
171617
17ab17
181618
190f19
19b119
19b019
19ee19
19e019
191919
18a418
186e18
17e817
175817
160c16
13a513
11c711
10ee10
0fce0f
0e4f0e
0d060d
0bc20b
0a8e0a
09d509
097d09
090009
084a08
07f907
081908
07f607
07b707
07d707
080c08
084e08
08af08
08ae08
087608
087108
081f08
07a707
078a07
06e006
054c05
042104
03b403
033203
029002
01f901
014501
00d700
010901
013d01
011901
014b01
01e401
022202
027a02
038b03
043904
041d04
04b504
064006
076907
07c907
07d407
07e507
080408
07cb07
074107
06c606
060806
04f004
03e803
02aa02
012701
ffe9ff
febafe
fd71fd
fc45fc
facbfa
f930f9
f85af8
f7bff7
f6a8f6
f59ff5
f4d0f4
f3fdf3
f34ef3
f2baf2
f24df2
f21ff2
f1e7f1
f1e2f1
f1f7f1
f127f1
effcef
efbeef
effaef
f034f0
f038f0
eef8ee
ed2bed
eca3ec
ecedec
ed5ded
edfded
ed23ed
ea7fea
e911e9
e9f3e9
eb42eb
ebc6eb
eb1feb
e9bae9
e97fe9
eb3ceb
ed5bed
eeb2ee
efa1ef
f07af0
f16af1
f350f3
f63df6
f8baf8
fa4cfa
fbbffb
fd08fd
fe8cfe
014e01
03f403
052d05
067d06
07e707
07de07
07c607
08bb08
08d608
07df07
072507
05c205
033e03
018c01
015e01
00e700
ff09ff
fcecfc
fb62fb
f9c6f9
f89cf8
f8a6f8
f80bf8
f62bf6
f557f5
f596f5
f5b1f5
f6e6f6
f8d1f8
f958f9
f9b2f9
fb5dfb
fd38fd
ff0bff
010401
023002
031003
043804
04da04
05e505
083808
09ab09
09b809
0a9f0a
0c050c
0c4a0c
0cae0c
0df00d
0e260e
0d450d
0d500d
0dd80d
0d8a0d
0d8f0d
0e620e
0e7f0e
0e410e
0eea0e
0fd70f
10c810
123312
133413
13b813
14f614
167216
178517
190119
1ab51a
1bea1b
1d401d
1ec11e
1fb11f
209320
21df21
22b422
22d822
233223
23a323
233923
227922
224d22
21b521
201520
1ed61e
1de91d
1c0b1c
1a441a
195419
17b917
158c15
143014
12f412
114a11
102f10
0f660f
0e0f0e
0cad0c
0bc20b
0b160b
0aa60a
0a730a
0a400a
0a060a
09d409
099609
095809
094309
092f09
08c208
07fc07
070807
061806
059905
055e05
04ae04
03ce03
037303
034803
031f03
036403
03a203
032d03
026802
01ee01
01e101
021002
022902
020e02
01a501
00f500
00c200
017f01
027a02
02ff02
029202
011801
ffa0ff
fedbfe
fe17fe
fcf3fc
fb34fb
f86ef8
f5c6f5
f466f4
f355f3
f1f8f1
f0b9f0
eee7ee
ec5dec
ea8aea
e9a8e9
e89be8
e707e7
e4fae4
e28ee2
e080e0
df78df
dee4de
ddbddd
dc6edc
dc28dc
dc26dc
daf1da
d98dd9
d982d9
da2bda
da6bda
d9efd9
d8e7d8
d80ad8
d7a3d7
d7b4d7
d8b4d8
d9c2d9
d92ed9
d7e9d7
d7d2d7
d891d8
d96ed9
da68da
db13db
db38db
db2fdb
dbbcdb
ddb7dd
e041e0
e1efe1
e38ee3
e5abe5
e73de7
e8e8e8
ebbaeb
ee9fee
f124f1
f3bdf3
f583f5
f68ff6
f8ccf8
fc69fc
ff75ff
00de00
016701
021502
02e902
03df03
052005
058905
043504
026f02
018101
011e01
006e00
fee9fe
fd26fd
fbc5fb
f9faf9
f804f8
f6fbf6
f59af5
f340f3
f1bbf1
f0a6f0
eed8ee
edf9ed
ee54ee
ee4aee
ee99ee
efbcef
f022f0
f027f0
f177f1
f3bef3
f5aef5
f6c1f6
f786f7
f8def8
fabffa
fd1efd
fff6ff
01a901
01a901
026b02
04dc04
06fb06
080c08
08b908
090509
096c09
0ac90a
0c820c
0d940d
0e3c0e
0eef0e
0fb80f
110110
12d612
143c14
150b15
163616
17b217
190719
1a881a
1c181c
1d781d
1f381f
212221
227022
23ac23
253025
267e26
27ce27
291229
296029
292729
29a229
2a9d2a
2b362b
2b282b
2abc2a
2a562a
29d529
291529
288828
27c627
25c925
237523
223a22
212621
1f271f
1d401d
1bbf1b
199c19
175617
15c615
13ee13
118311
0fca0f
0e830e
0ca40c
0ac40a
096209
07fc07
06be06
05d605
049704
02d802
013601
003a00
ffc4ff
feedfe
fd88fd
fc93fc
fbf8fb
fb05fb
fa6afa
fa75fa
fa11fa
f91df9
f837f8
f756f7
f68ef6
f5eef5
f50ef5
f44ff4
f436f4
f427f4
f3a9f3
f331f3
f330f3
f3eef3
f537f5
f5e9f5
f580f5
f504f5
f54df5
f5f0f5
f660f6
f676f6
f5c4f5
f427f4
f2d2f2
f2c8f2
f312f3
f274f2
f141f1
f005f0
eec8ee
edd9ed
ed54ed
eca8ec
eb86eb
ea1eea
e8d5e8
e807e8
e784e7
e6e1e6
e62de6
e59ee5
e559e5
e55ae5
e51ce5
e472e4
e3f1e3
e3a8e3
e33ce3
e2afe2
e1c9e1
e0b1e0
e057e0
e062e0
dfb4df
dedade
dea2de
de98de
de96de
dec0de
de9dde
de2ade
de15de
de9dde
df84df
e07ae0
e172e1
e28fe2
e3b8e3
e4fce4
e6f4e6
e9abe9
ec29ec
ed91ed
ee3aee
ef6def
f183f1
f388f3
f565f5
f7a5f7
f982f9
fa64fa
fb40fb
fca9fc
fe56fe
003d00
01aa01
018b01
00a300
009700
012d01
015d01
018d01
01b701
008400
febafe
fe8dfe
fefcfe
fe12fe
fcdbfc
fbeafb
fa0efa
f837f8
f7fff8
f873f8
f87af8
f848f8
f7cff7
f77df7
f866f8
fa20fa
fb48fb
fbd6fb
fc7bfc
fd11fd
fdc3fd
ff90ff
01f501
035103
03f003
04e304
060406
075d07
08da08
09b709
0a7b0a
0b760b
0b4f0b
0ad90a
0c1a0c
0d7d0d
0d5b0d
0d900d
0ed10e
0f560f
0f310f
0ffa0f
115d11
11d411
117f11
119611
120012
124a12
131f13
143e14
147214
141f14
143814
14af14
157915
163316
163e16
163216
16a416
172d17
17ae17
183918
18ba18
191819
18d318
185118
18d418
198d19
18df18
179117
16c516
162c16
157b15
14bb14
13fe13
134a13
124412
112711
107710
0f970f
0e450e
0d440d
0c470c
0ac30a
095309
086408
07d507
074307
05fb05
045504
034603
026d02
013601
fff1ff
feb6fe
fd5bfd
fbe3fb
fa7bfa
f9b1f9
f97df9
f8fbf8
f81ef8
f7a1f7
f77ef7
f728f7
f691f6
f657f6
f685f6
f602f6
f4e5f4
f494f4
f4b0f4
f462f4
f4c2f4
f5e8f5
f637f6
f59cf5
f513f5
f509f5
f5c3f5
f69ef6
f683f6
f5dcf5
f56cf5
f50df5
f501f5
f5c0f5
f685f6
f623f6
f4f3f4
f489f4
f520f5
f552f5
f4d4f4
f468f4
f3e0f3
f32df3
f2fcf2
f348f3
f3c2f3
f411f4
f392f3
f2ecf2
f335f3
f398f3
f33bf3
f2ebf2
f308f3
f33df3
f33af3
f284f2
f1d6f1
f266f2
f304f3
f25ff2
f1abf1
f16ef1
f094f0
ef94ef
ef62ef
ef51ef
eee7ee
eeafee
eee9ee
efb8ef
f127f1
f28af2
f3bef3
f56bf5
f714f7
f7f5f7
f960f9
fc3ffc
fe92fe
ff5bff
008b00
02a602
047604
068106
092009
0b260b
0ce90c
0ec40e
0f590f
0fa80f
11a611
133713
12c812
12b712
131a13
11fc11
112511
124d12
12eb12
119411
104e10
0feb0f
0f530f
0e9d0e
0e480e
0d530d
0b700b
09fd09
091209
082808
086908
093109
080408
067006
072f07
085008
085b08
092c09
0a550a
0a530a
0a7e0a
0b7c0b
0c5c0c
0d9b0d
0f000f
0ee80e
0e550e
0f540f
10b910
110511
115711
11bf11
10a610
0f640f
102b10
110d11
101710
0f1d0f
0ecd0e
0dce0d
0ceb0c
0d040d
0cdb0c
0c120c
0b600b
0aa30a
09f109
09a209
095709
08e908
08af08
08b108
08b708
08c308
091e09
09a109
09cb09
0a180a
0b010b
0b820b
0b5b0b
0bd10b
0cdc0c
0d610d
0d6c0d
0d9b0d
0e120e
0ea70e
0f220f
0f8d0f
0fe50f
0fef0f
0fff0f
105610
108b10
109d10
10cf10
10f110
110111
112111
113f11
117711
119e11
116611
111611
10de10
109110
102f10
0f680f
0e420e
0d8d0d
0cfa0c
0bad0b
0a600a
09a209
08a008
072207
05a005
042504
02d902
01bc01
006500
fee7fe
fd86fd
fbf7fb
fa22fa
f89af8
f78cf7
f642f6
f48bf4
f341f3
f254f2
f0faf0
efe8ef
efafef
eef7ee
ed84ed
ecb2ec
ec48ec
eb9deb
eb53eb
eb29eb
ea63ea
e9d6e9
ea01ea
ea21ea
ea58ea
eb04eb
eb61eb
eb4eeb
eb94eb
ec09ec
ec2aec
ec58ec
ecb5ec
ecaeec
ec3eec
ec16ec
ec6eec
ecb4ec
eca7ec
ecdaec
ed5ded
ed7aed
ed6fed
edefed
ee64ee
ee6fee
eed7ee
ef88ef
efaeef
ef5def
ef16ef
ef5fef
f069f0
f11ff1
f0e0f0
f0c0f0
f0def0
f035f0
ef9aef
f03af0
f0c0f0
efcaef
ee6bee
edd9ed
ede0ed
ee74ee
efafef
f09bf0
f0d9f0
f166f1
f258f2
f354f3
f509f5
f6def6
f769f7
f7a2f7
f88bf8
f908f9
f95bf9
fae2fa
fcb4fc
fd3dfd
fc98fc
fbc1fb
fba8fb
fc2cfc
fc47fc
fbb9fb
fa6bfa
f821f8
f5fcf5
f51cf5
f4dff4
f478f4
f356f3
f0faf0
ee87ee
ed98ed
eda8ed
ed47ed
ec2bec
eabdea
e938e9
e80de8
e833e8
e980e9
e9fae9
e928e9
e912e9
ea1dea
eac9ea
eb7aeb
ed3fed
ef0bef
efedef
f0ddf0
f276f2
f403f4
f548f5
f6c9f6
f86bf8
f9c1f9
faeffa
fc2ffc
fd8ffd
ff15ff
005000
00f200
01a301
02ae02
039003
045d04
053f05
05a505
058305
059605
060706
065b06
064c06
05e405
056605
055105
05ea05
068d06
067c06
064c06
069306
069a06
065106
068706
06bf06
067b06
068906
06ab06
060906
05b005
063f06
064506
057f05
050705
046104
02f902
021b02
023302
01c501
009c00
fff0ff
ffb6ff
ff71ff
ffe5ff
011c01
01bd01
01b001
021902
02e802
038603
045a04
057605
061706
064d06
06e406
07d107
089808
094509
09df09
0a300a
0a6c0a
0add0a
0b4e0b
0ba70b
0c170c
0c510c
0bfb0b
0b930b
0b970b
0bc80b
0bea0b
0bb50b
0acc0a
09ac09
090009
089d08
088908
08bc08
083308
06d506
05f905
05e805
060606
062706
05cf05
04b704
03c403
037203
037b03
03bc03
03d203
036c03
02d502
024802
021602
027e02
02b602
023a02
017801
006300
ff3dff
fee3fe
febdfe
fe01fe
fd7ffd
fd4cfd
fc5cfc
fb10fb
fab1fa
fb7afb
fc57fc
fc0efc
faedfa
fa50fa
fa86fa
fb2afb
fc2afc
fd1efd
fd32fd
fc44fc
fb90fb
fc7bfc
fe27fe
feaefe
fe86fe
fea1fe
fe24fe
fd59fd
fdd2fd
fee8fe
fefafe
fe60fe
fe40fe
fed4fe
ffaeff
006b00
012201
01f401
02a902
030a03
034003
03f303
054a05
061306
05d805
05db05
069206
076007
084a08
092809
097409
095609
090309
08bf08
08fe08
090309
07ee07
068106
054e05
03d303
024902
015f01
00d200
ffabff
fd9afd
fbb9fb
faaefa
f954f9
f74ef7
f5c7f5
f4baf4
f38cf3
f29ef2
f1c7f1
f0a5f0
f014f0
f04cf0
f059f0
f06ef0
f147f1
f234f2
f2abf2
f39ff3
f563f5
f6d6f6
f7eff7
f9d8f9
fc14fc
fd93fd
ff2dff
017601
036b03
04fe04
06f006
08e208
0a6b0a
0bd30b
0d260d
0e850e
101110
115411
123212
132113
141314
14b814
152b15
158015
159515
155d15
150d15
14d114
147914
13f413
138013
12fd12
125f12
11ff11
118c11
10a410
101310
102510
0fd30f
0efd0e
0e620e
0db20d
0c900c
0bb90b
0b690b
0ac70a
098109
081708
06dd06
05e505
055c05
051e05
04a004
03bf03
030703
02cb02
02bd02
028c02
024002
01f301
01b801
01ae01
01e201
023e02
02b302
034003
03ea03
04ab04
055e05
05d605
063006
06aa06
073b07
079c07
07c707
080808
086708
08ab08
090f09
09c409
0a350a
0a2c0a
0a520a
0a900a
0a3d0a
09a709
094e09
08e508
084c08
07bc07
071707
062d06
055005
04fb04
04f604
043b04
026c02
008800
ff69ff
fec5fe
fdc0fd
fbdbfb
f979f9
f74cf7
f590f5
f486f4
f419f4
f319f3
f10cf1
ef25ef
ee0cee
ed51ed
ecb2ec
ebe3eb
eaadea
e961e9
e82ce8
e744e7
e708e7
e6ebe6
e643e6
e584e5
e500e5
e486e4
e438e4
e404e4
e3dce3
e41be4
e43ee4
e394e3
e311e3
e3cae3
e52ce5
e613e6
e625e6
e614e6
e6a8e6
e7a9e7
e8d1e8
ea56ea
ebaaeb
ec4cec
ed15ed
eec7ee
f154f1
f46bf4
f719f7
f8b6f8
fa04fa
fbacfb
fdaefd
005300
032c03
04db04
055205
060b06
07a107
094809
0a9a0a
0c150c
0d6f0d
0db50d
0d2f0d
0cf20c
0d6f0d
0e340e
0ddc0d
0be10b
0a020a
090d09
07d607
068c06
05ac05
040404
01bb01
000400
fe36fe
fc08fc
fa39fa
f808f8
f507f5
f288f2
f0d5f0
ef47ef
eddfed
ec69ec
eab7ea
e94de9
e8b0e8
e8f6e8
e972e9
e963e9
e97ce9
ea60ea
eb3feb
ebf3eb
ed2ded
eeb9ee
f040f0
f1bcf1
f30bf3
f499f4
f69ff6
f888f8
fa79fa
fcb9fc
fe8afe
000300
01fb01
041704
05ea05
07e507
09fd09
0bd90b
0da50d
0f760f
113311
12fc12
14bd14
15f215
16ad16
17e217
199b19
1aaa1a
1b111b
1bb41b
1c3e1c
1c671c
1cd41c
1d521d
1d871d
1dde1d
1e091e
1db91d
1db21d
1ddf1d
1d951d
1d3a1d
1cd41c
1be01b
1ad31a
19d519
185118
16a416
155615
13f113
124512
10c710
0f7e0f
0e170e
0c9f0c
0b5d0b
09fb09
081308
067906
05ba05
04ad04
02fa02
01d701
014301
008500
001900
002300
fff7ff
ffa5ff
ff64ff
ff18ff
ff05ff
ff1eff
fee0fe
fe97fe
fe93fe
fe5ffe
fe1dfe
fe65fe
fec1fe
fe77fe
fdbcfd
fd16fd
fcc5fc
fcb7fc
fc6bfc
fb8ffb
fa80fa
f98ff9
f8c9f8
f880f8
f8adf8
f883f8
f789f7
f633f6
f529f5
f4d5f4
f501f5
f4c3f4
f3b1f3
f26cf2
f16df1
f0b3f0
f067f0
f060f0
eff6ef
ef0fef
ee21ee
ed58ed
ece0ec
ecf0ec
ed0ced
ec90ec
ebb7eb
eaffeb
eaa8ea
eb04eb
ebd1eb
ec01ec
eb4beb
ea8cea
ea33ea
e9fbe9
ea0fea
ea92ea
ea88ea
e938e9
e7c8e7
e79ee7
e87de8
e982e9
e9ede9
e8fae8
e76be7
e740e7
e869e8
e960e9
ea2bea
eaf0ea
eafcea
eb13eb
ec78ec
eedaee
f1b2f1
f46ff4
f5caf5
f61ef6
f74bf7
f990f9
fc19fc
fea3fe
005200
009f00
010401
029402
046a04
063306
087308
0a220a
0a1d0a
09bc09
0a930a
0c000c
0cf80c
0d1b0d
0c0e0c
0a990a
0a420a
0aac0a
0a9b0a
0a1e0a
094c09
07fb07
06db06
063f06
05a805
050105
03eb03
01d101
ff8cff
fe67fe
fe32fe
fdecfd
fcf9fc
fb6dfb
fa0afa
f98ef9
f9daf9
fa14fa
f9d2f9
f996f9
f963f9
f896f8
f7eff7
f8a2f8
f9e1f9
fa77fa
faa6fa
facafa
fb28fb
fc57fc
fddbfd
feddfe
ffd3ff
010301
01db01
02ac02
042904
05f005
077007
08ab08
099309
0a380a
0b440b
0ced0c
0e6b0e
0f470f
0fd60f
104710
10e110
11ff11
12e712
130413
133c13
13c013
13a913
136a13
13b613
13d113
138613
135d13
131313
12ae12
12ac12
128412
11da11
116611
110d11
101c10
0efd0e
0e260e
0d260d
0bde0b
0a8a0a
08ec08
074907
066606
05c805
047004
02d502
019401
004c00
ff38ff
fea7fe
fdb3fd
fc3efc
fb44fb
fa98fa
f9c9f9
f962f9
f941f9
f8d9f8
f88cf8
f86cf8
f7f9f7
f76ef7
f72bf7
f709f7
f6ecf6
f6c0f6
f6aff6
f70ff7
f77cf7
f769f7
f729f7
f6fff6
f6b4f6
f67ef6
f67af6
f62df6
f579f5
f494f4
f38ff3
f2f5f2
f355f3
f3eef3
f3b4f3
f2e9f2
f263f2
f25ff2
f2acf2
f2e4f2
f2bcf2
f248f2
f18bf1
f0adf0
f070f0
f0daf0
f0fef0
f0eff0
f130f1
f136f1
f0fbf0
f15bf1
f220f2
f281f2
f25ff2
f1d9f1
f182f1
f1ddf1
f263f2
f2e9f2
f382f3
f31cf3
f212f2
f284f2
f3dbf3
f40bf4
f3abf3
f359f3
f261f2
f1ddf1
f29cf2
f2ddf2
f23df2
f21ef2
f20af2
f18bf1
f1e8f1
f2e0f2
f2eaf2
f283f2
f2b7f2
f328f3
f400f4
f5f6f5
f844f8
f9eef9
fb49fb
fcbdfc
fe8efe
015401
049804
070907
088a08
099d09
0a530a
0ba30b
0eca0e
129712
14b314
153215
15de15
173617
18d218
1aae1a
1c071c
1bcf1b
1ae11a
1a6a1a
1a241a
1a781a
1bd01b
1c4b1c
1b571b
1b161b
1b741b
1b061b
1af51a
1b681b
1a651a
18a018
17b017
16ab16
15b615
15fd15
15ff16
149b14
137113
12f112
125412
123812
124812
10fa10
0f110f
0e220e
0d9f0d
0d0b0d
0cea0c
0cab0c
0be80b
0bd10b
0c750c
0c820c
0c3a0c
0c5c0c
0c1a0c
0b640b
0b7a0b
0bfe0b
0bca0b
0b880b
0be90b
0c310c
0c520c
0ce80c
0d590d
0d360d
0d4a0d
0d750d
0cd90c
0c380c
0c6f0c
0c860c
0bf80b
0b870b
0b280b
0aad0a
0ae90a
0b9c0b
0b7c0b
0ac90a
0a7a0a
0a890a
0af60a
0bac0b
0bc90b
0b420b
0b040b
0b120b
0b140b
0b400b
0b450b
0a990a
09b509
092709
08d408
08af08
088d08
081808
079107
076707
075a07
071207
06b106
065e06
05fd05
057305
04d004
044704
03ed03
03b703
039103
033003
027002
01cd01
019701
016001
00c600
ffd9ff
fee6fe
fe41fe
fdc3fd
fd04fd
fc70fc
fc77fc
fc63fc
fbc3fb
fb2ffb
facbfa
fa47fa
f9c3f9
f925f9
f826f8
f720f7
f61df6
f4a1f4
f336f3
f2a5f2
f22df2
f0eff0
ef5bef
ede2ed
ec7bec
eb9beb
eb2feb
ea0cea
e81de8
e6bce6
e63de6
e5e1e5
e565e5
e4cae4
e444e4
e478e4
e504e5
e4bce4
e42be4
e498e4
e55fe5
e5a1e5
e5fce5
e694e6
e6cbe6
e726e7
e83be8
e966e9
ea46ea
eafcea
eb32eb
eb47eb
ec27ec
ed36ed
eda4ed
ee1bee
ee8bee
ee1eee
ede9ed
eefdee
efe1ef
ef87ef
ef06ef
ef1bef
ef5fef
ef77ef
ef7def
f01cf0
f158f1
f1fef1
f248f2
f3e7f3
f649f6
f79cf7
f856f8
f97bf9
fac1fa
fc54fc
fe48fe
ff76ff
ffb3ff
002b00
013e01
02ea02
054b05
075607
07f607
07d707
07e707
083308
08bd08
093f09
08dd08
073307
04df04
031b03
02cb02
033803
02d602
018a01
005500
ff55ff
fe27fe
fd41fd
fd0bfd
fcb8fc
fb5dfb
f979f9
f827f8
f7a0f7
f7c0f7
f867f8
f89cf8
f7b7f7
f6eff6
f724f7
f778f7
f797f7
f7cff7
f772f7
f663f6
f5baf5
f5a3f5
f5cbf5
f665f6
f6bbf6
f622f6
f5d4f5
f68ef6
f74ff7
f7bef7
f814f8
f807f8
f7f9f7
f869f8
f8d5f8
f94ff9
fa62fa
fb4efb
fba9fb
fc40fc
fd06fd
fdbdfd
ff14ff
007400
008f00
004500
00f400
021802
030303
03c003
043504
049904
055205
062006
06be06
072207
071907
06d706
06a706
063d06
05b305
057a05
051d05
045504
03c903
037b03
02f102
024802
017701
006700
ffa7ff
ff28ff
fe2bfe
fd00fd
fc42fc
fb9efb
faecfa
fa4bfa
f97af9
f8bcf8
f881f8
f838f8
f791f7
f73af7
f747f7
f755f7
f79df7
f812f8
f837f8
f841f8
f892f8
f8eff8
f94ff9
f9f8f9
facdfa
fb7cfb
fbf2fb
fc65fc
fd3ffd
fe9bfe
ffffff
00f800
017501
01a901
01f101
027202
02da02
02de02
02b102
02a002
029202
025002
023702
02b102
031c03
02b902
020502
019f01
014901
00d500
002700
ff06ff
fe26fe
fe04fe
fd85fd
fc4afc
fbacfb
fbe4fb
fc01fc
fc04fc
fbd5fb
fb0bfb
fa86fa
fadcfa
fafcfa
fa98fa
fa64fa
fa59fa
fa99fa
fb4ffb
fb58fb
fab2fa
fb3ffb
fca6fc
fcc4fc
fc2dfc
fc73fc
fccbfc
fc6bfc
fc32fc
fc81fc
fd15fd
fddefd
fe25fe
fd79fd
fd40fd
fe6afe
ff82ff
ff7bff
ff77ff
001500
007f00
00c900
01d701
037703
052e05
06ef06
07ee07
080408
092009
0bed0b
0e530e
0f440f
0f750f
0f400f
0fb20f
11d711
13f013
144e14
145c14
14d614
149714
143214
14b514
152115
149f14
133313
10cd10
0ecf0e
0e840e
0e150e
0c420c
0ac40a
09d209
07f607
060706
050005
03c503
024302
012d01
ff89ff
fd59fd
fc87fc
fd0dfd
fd29fd
fca1fc
fc1bfc
fbbdfb
fbe4fb
fc9afc
fd11fd
fd1dfd
fd5cfd
fdbffd
fddffd
fe23fe
ff1eff
007200
014f01
019a01
01e101
029802
039e03
045c04
048004
049f04
052505
058505
059605
05fc05
06ad06
074e07
083b08
093c09
09b309
0a580a
0bbd0b
0cb90c
0ce40c
0d470d
0dff0d
0e9a0e
0f4f0f
0fdc0f
0fed0f
104f10
112411
117511
115c11
118d11
11af11
118211
115411
110111
107710
100e10
0f990f
0ed20e
0e080e
0d370d
0c1b0c
0aee0a
09d409
08a608
078507
068106
056805
046a04
03bf03
031e03
025502
017501
008400
ffc7ff
ff6eff
feffff
fe28fe
fd6ffd
fd3afd
fd46fd
fd4ffd
fd47fd
fd29fd
fd17fd
fd1afd
fd05fd
fcfcfc
fd55fd
fdc7fd
fddafd
fdeafd
fe8efe
ff83ff
004300
00ea00
01ad01
025402
02af02
02ed02
034c03
03c403
041604
043504
043104
03fb03
03d603
044704
04fd04
052f05
04fd04
04be04
044104
03da03
03ce03
031f03
018f01
006700
ff96ff
fdeefd
fc06fc
fac2fa
f95af9
f790f7
f63af6
f51df5
f3a9f3
f214f2
f035f0
ee13ee
eca7ec
ebdaeb
ea9eea
e952e9
e899e8
e7ace7
e669e6
e5ede5
e62de6
e641e6
e60ce6
e59de5
e4e8e4
e472e4
e45be4
e416e4
e40ce4
e4bbe4
e4e1e4
e3ebe3
e3bbe3
e4e8e4
e591e5
e5c3e5
e719e7
e870e8
e87de8
e951e9
ebedeb
ee48ee
f003f0
f225f2
f3f9f3
f596f5
f855f8
fb38fb
fd18fd
ff31ff
015301
024a02
03ca03
06bc06
08dd08
0a0e0a
0bee0b
0d550d
0d860d
0e330e
0f2a0f
0f4c0f
0f7d0f
0f6d0f
0ddb0d
0c4f0c
0bc30b
0a8c0a
093609
093509
087608
05eb05
041e04
035903
01b201
ffdaff
fe86fe
fc63fc
f9f1f9
f8adf8
f7b6f7
f679f6
f602f6
f596f5
f427f4
f337f3
f369f3
f322f3
f296f2
f307f3
f35bf3
f2d7f2
f316f3
f43ff4
f500f4
f5e8f5
f76df7
f832f8
f848f8
f8fef8
f9ccf9
fa59fa
fb98fb
fc94fc
fc13fc
fbecfb
fd1bfd
fdd1fd
fe19fe
ff47ff
002a00
000d00
008600
018a01
020a02
02ec02
045404
04f604
058205
070e07
087d08
097f09
0b090b
0c5f0c
0cdc0c
0dc00d
0f210f
0fd40f
105f10
115f11
11da11
11ce11
125612
131d13
135513
135b13
135813
12ed12
127e12
126412
120112
113611
109b10
102810
0f8a0f
0f0d0f
0ec70e
0e390e
0d500d
0c5b0c
0b620b
0a8c0a
0a070a
095a09
082908
06fb06
063f06
05b505
052b05
04a604
042504
03ac03
030503
020402
012901
00d500
008500
ffebff
ff5dff
fec2fe
fe04fe
fdc3fd
fe17fe
fe18fe
fd7cfd
fcc1fc
fc0efc
fb68fb
fb24fb
fb29fb
faeefa
fa43fa
f967f9
f8baf8
f8d0f8
f9a7f9
fa0cfa
f91ff9
f7caf7
f735f7
f6fdf6
f678f6
f5e4f5
f53ff5
f40bf4
f296f2
f18ef1
f0fdf0
f0a9f0
f043f0
ef6bef
ee66ee
edafed
ed02ed
ec3bec
ebb5eb
eb29eb
ea48ea
e9b1e9
e97ee9
e8fae8
e84fe8
e834e8
e865e8
e834e8
e781e7
e6c5e6
e6d0e6
e78de7
e794e7
e679e6
e5aee5
e5ffe6
e6a5e6
e6f8e6
e713e7
e74ae7
e7d8e7
e86ce8
e8a2e8
e906e9
ea43ea
ebedeb
ed40ed
ee4dee
efa9ef
f196f1
f3b4f3
f5abf5
f79cf7
f980f9
fb10fb
fcbdfc
fed6fe
007d00
017401
02f002
051605
06a206
07a507
094509
0b1e0b
0be10b
0bba0b
0bf00b
0cc90c
0d470d
0cb50c
0b8c0b
0a950a
09e909
094109
08a308
084108
07de07
06d906
053205
03e803
036403
02ad02
012101
ff65ff
fe12fe
fd04fd
fc32fc
fbbdfb
fb77fb
fb28fb
fae4fa
fabdfa
fa91fa
fa79fa
faf1fa
fbedfb
fc6cfc
fbfcfb
fbbcfb
fcb2fc
fe71fe
002100
015c01
020802
029402
039703
04c104
059605
067f06
079e07
080a08
079d07
079307
088d08
09d309
0aa70a
0aee0a
0afc0a
0b450b
0bdf0b
0c670c
0ca60c
0cb40c
0c890c
0c240c
0bc80b
0bbd0b
0c1c0c
0cb80c
0cf70c
0c930c
0c3a0c
0c720c
0cd70c
0d040d
0cee0c
0c520c
0b6d0b
0b340b
0b8f0b
0b570b
0a8a0a
0a170a
09cf09
090f09
084308
07d707
075a07
069406
05bd05
04cd04
03cd03
030f03
027402
01af01
00e800
002900
ff50ff
feb6fe
fe87fe
fe25fe
fd73fd
fcfffd
fc97fc
fbd1fb
fb3cfb
fb11fb
fa8ffa
f98bf9
f87df8
f76bf7
f684f6
f634f6
f5fff5
f56af5
f4f8f4
f4dbf4
f4baf4
f4e2f4
f560f5
f54af5
f46af4
f38ff3
f306f3
f29cf2
f230f2
f178f1
f07af0
efbaef
ef4aef
eed8ee
ee98ee
eea0ee
ee79ee
edffee
ed78ed
ecd9ec
ec08ec
eb4beb
eae4ea
eaa3ea
ea15ea
e936e9
e8c4e8
e926e9
e999e9
e981e9
e96ee9
e9bce9
e9cce9
e97de9
e995e9
ea11ea
ea01ea
e966e9
e94fe9
e9e6e9
ea49ea
ea4cea
eac6ea
ebd4eb
ec6aec
ec26ec
ec0eec
ecb4ec
ed54ed
ed72ed
ed64ed
ed2eed
ecd4ec
ececec
ed8ded
ee19ee
ee5dee
ee8dee
eefbee
f009f0
f136f1
f1a6f1
f21af2
f39df3
f55ff5
f6d6f6
f8d9f8
fb12fb
fc6cfc
fd79fd
ff28ff
018101
045b04
06ca06
07dd07
08c408
0ab20a
0cc50c
0ee00e
11d211
146614
158d15
168c16
17e217
18fa18
1a6e1a
1c0b1c
1c521c
1ba21b
1b1a1b
1a701a
1a231a
1ae51a
1b021b
19a219
18af18
187118
178017
16c116
172f17
170016
153a15
138b13
130d13
134513
13a413
13ad13
134913
132213
136313
13a113
142414
14fa14
151615
146b14
144514
149814
148c14
14e614
161816
16c416
16cb16
177d17
187918
18f918
19b519
1a811a
1a731a
1a541a
1a8c1a
1a351a
1a141a
1aea1a
1af41a
19f019
19e319
1a521a
19ca19
195519
193519
181518
16b816
162416
154015
13d813
12cf12
11bc11
108a10
0fdf0f
0f0c0f
0dd20d
0d490d
0cf90c
0bd90b
0acd0a
0a430a
095c09
086e08
07f607
072507
060f06
056405
049e04
039a03
032503
02dc02
01f401
010301
009500
003600
ffbbff
ff66ff
ff18ff
fe83fe
fdd5fd
fda5fd
fdf2fd
fdf3fd
fd82fd
fd54fd
fd7dfd
fd93fd
fdb1fd
fdfdfd
fe32fe
fe24fe
fdeafd
fdbbfd
fda2fd
fd29fd
fc4dfc
fbb9fb
fb4afb
fa7afa
f9e3f9
f9d6f9
f986f9
f919f9
f931f9
f906f9
f812f8
f73bf7
f6edf6
f6baf6
f650f6
f54bf5
f3ddf3
f2f9f2
f280f2
f1bff1
f12ff1
f0edf0
eff5ef
ee6fee
ed6eed
ecbeec
ebb1eb
ea6cea
e934e9
e7f1e7
e659e6
e47de4
e358e3
e344e3
e2e9e2
e1b2e1
e0cbe0
e095e0
e063e0
e04be0
e080e0
e06ce0
dfb6df
dec3de
de80de
df72df
e07ae0
e050e0
dfc3df
dffadf
e0aae0
e1d5e1
e3bae3
e53be5
e59be5
e5cbe5
e66ae6
e764e7
e8dde8
ea52ea
eaf6ea
eb2feb
eb95eb
ec1dec
ed14ed
ee82ee
ef71ef
efadef
f013f0
f0e8f0
f249f2
f4acf4
f75af7
f8eaf8
f979f9
fa49fa
fc2cfc
ff37ff
026102
040e04
043904
048004
05d905
084a08
0ba00b
0e980e
0fbc0f
0fc20f
106d10
11dc11
134713
145214
145f14
130613
113811
100110
0f720f
0f420f
0ecf0e
0d8e0d
0c210c
0b080b
098b09
07d007
06e806
060406
03b003
00c300
fe9efe
fd17fd
fbedfb
fb1afb
f9fffa
f89bf8
f7aff7
f73df7
f70ef7
f750f7
f766f7
f6aff6
f623f6
f677f6
f6cff6
f6eaf6
f785f7
f86ef8
f927f9
fa2bfa
fb90fb
fc95fc
fd39fd
fe13fe
ff21ff
002a00
010801
016901
018f01
023302
032a03
03d503
044904
04ad04
04f604
058a05
066106
06a806
065f06
065106
068206
069606
06a306
068d06
063b06
060206
05e205
059305
054a05
050c05
048604
03fe03
03c903
038203
02ed02
023602
016401
008b00
ffb3ff
fe89fe
fd15fd
fbb6fb
fa66fa
f928f9
f82af8
f714f7
f5c7f5
f4d1f4
f42cf4
f34ef3
f26df2
f1dff1
f166f1
f0e4f0
f05ef0
efc5ef
ef61ef
ef77ef
efdfef
f070f0
f0f4f0
f115f1
f115f1
f16ef1
f1f6f1
f25bf2
f28df2
f26ef2
f227f2
f20bf2
f20ff2
f240f2
f2cff2
f357f3
f397f3
f406f4
f494f4
f4b3f4
f497f4
f4aef4
f4d1f4
f4bff4
f45cf4
f3c9f3
f377f3
f365f3
f33bf3
f341f3
f3a8f3
f3e3f3
f3d2f3
f3c3f3
f377f3
f2e8f2
f296f2
f266f2
f1fdf1
f168f1
f087f0
ef83ef
ef2cef
ef67ef
ef42ef
eec1ee
ee53ee
edd7ed
ed88ed
edd4ed
ee3cee
ee26ee
edaced
ed2eed
ed5ced
ee95ee
efc9ef
effeef
f01af0
f107f1
f207f2
f293f2
f335f3
f3e7f3
f436f4
f491f4
f55cf5
f602f6
f617f6
f606f6
f65ef6
f773f7
f8e0f8
f98ef9
f976f9
f9baf9
fa80fa
fb4afb
fc9efc
fe7dfe
ffbdff
00a100
025f02
045f04
05c805
075b07
099009
0be20b
0dd50d
0ecd0e
0f0b0f
107210
137713
164816
183a18
19ba19
1a5a1a
1aba1a
1c711c
1e9f1e
1f351f
1e521e
1d0f1d
1bff1b
1b9d1b
1b9d1b
1b131b
1a191a
18f718
174e17
15c115
151f15
144314
123112
0fe40f
0dcf0d
0b4c0b
08d308
072a07
05e405
04b704
03b103
024602
00b700
003600
007800
004000
ffa2ff
fefffe
fe39fe
fe1dfe
ff3cff
003700
004400
00b200
021b02
03b903
057205
073907
085308
08e408
09aa09
0aa70a
0bc50b
0cde0c
0d410d
0d530d
0e580e
0fe60f
10e210
11b911
12d112
13b713
14b814
161d16
171b17
177117
17ea17
18c118
198b19
1a101a
1a461a
1a601a
1ab31a
1b091b
1ada1a
1a3e1a
19be19
196a19
18cd18
17d717
16d916
15af15
143c14
132513
129512
118c11
0fbc0f
0e1a0e
0d090d
0c000c
0ac30a
094f09
077307
057205
03e403
02c302
017f01
ffe0ff
fe1dfe
fc8ffc
fb76fb
fab3fa
f9f5f9
f949f9
f8e1f8
f8a0f8
f85bf8
f825f8
f823f8
f871f8
f8e6f8
f916f9
f8fcf8
f903f9
f952f9
f9cff9
fa6ffa
fafcfa
fb33fb
fb5efb
fbfcfb
fccdfc
fd30fd
fd48fd
fd65fd
fd1bfd
fc8afc
fcabfc
fd2dfd
fcf7fc
fc6efc
fc56fc
fc52fc
fc3dfc
fc59fc
fc4afc
fbe6fb
fb85fb
fb0cfb
fa40fa
f968f9
f8b9f8
f80cf8
f734f7
f62bf6
f517f5
f42bf4
f36ff3
f2b1f2
f19bf1
f007f0
ee64ee
ed40ed
ec76ec
eb4eeb
e97be9
e797e7
e639e6
e523e5
e3fee3
e315e3
e250e2
e0ffe1
df7bdf
ded3de
dec0de
de58de
ddaadd
dcd3dc
dbfbdb
dc12dc
dcbadc
dc44dc
db40db
db4edb
dbe6db
dc5ddc
dcf8dc
dd13dd
dcb1dc
dd62dd
df28df
e0b1e0
e201e2
e39ee3
e590e5
e7fce7
ea92ea
ecb9ec
eeaeee
f0d9f0
f319f3
f59bf5
f868f8
fa74fa
fb4dfb
fc79fc
ff18ff
025502
053005
072007
07e907
08d408
0b120b
0d3d0d
0e0f0e
0e610e
0eb10e
0ed40e
0f130f
0f2b0f
0ecc0e
0e830e
0e6e0e
0e380e
0de10d
0d320d
0bf30b
0a680a
08db08
079d07
067006
046704
01b501
ff96ff
fe76fe
fdc7fd
fcaafc
fafafa
f9c7f9
f94af9
f8b6f8
f840f8
f7fff8
f741f7
f6c9f6
f747f7
f775f7
f718f7
f771f7
f868f8
f960f9
fa82fa
fb79fb
fbfafb
fcc1fc
fe26fe
ff98ff
00f900
026102
035703
03ff03
055005
071d07
087408
098009
0aaa0a
0bdf0b
0d620d
0ed90e
0f750f
0ff70f
113411
127612
137813
147f14
151415
156315
161f16
16f216
177917
17eb17
183018
184f18
189a18
18e118
18e418
18d518
18bd18
187018
17fa17
177b17
16e016
161416
155015
14cb14
143914
132a13
11e711
113911
110f11
108810
0f820f
0e790e
0d510d
0c180c
0b520b
0a9f0a
097009
084708
079f07
074b07
06ff06
067806
05f205
05bc05
056205
04bb04
044804
03cc03
02d702
01fc01
01a501
014a01
009600
000700
ffeaff
ffcfff
ff87ff
ff4cff
fec6fe
fdb4fd
fca0fc
fbb5fb
fad3fa
fa14fa
f914f9
f7b2f7
f68af6
f5a7f5
f4e3f4
f473f4
f3def3
f2e6f2
f200f2
f0f2f0
ef7def
ee2dee
ed2aed
ec69ec
ebd5eb
eab9ea
e91ee9
e7e0e7
e736e7
e718e7
e725e7
e650e6
e4e2e4
e41ce4
e3c4e3
e321e3
e281e2
e22fe2
e1aee1
e086e0
df82df
dfcbdf
e095e0
e062e0
df89df
dedfde
de96de
dec4de
df07df
df26df
df4bdf
deefde
de73de
df3bdf
e05ee0
e06ce0
e092e0
e178e1
e1ffe2
e236e2
e2ede2
e3f9e3
e4cde4
e54de5
e634e6
e82fe8
ea79ea
ec2bec
ed7aed
eed8ee
f09bf0
f2a3f2
f480f4
f675f6
f856f8
f920f9
f975f9
fac7fa
fcc3fc
fee3fe
012001
027d02
02b202
031703
041c04
053b05
064d06
06d706
066306
059805
051105
04d404
053f05
062006
062c06
054105
049304
043b04
03c003
037603
02f502
017b01
ffe1ff
fed8fe
fde5fd
fd52fd
fd55fd
fcf1fc
fc3dfc
fc1cfc
fc17fc
fbf6fb
fc76fc
fd23fd
fd18fd
fce7fc
fd27fd
fd8cfd
fe25fe
ff23ff
004000
017b01
02be02
038403
043a04
05c205
074f07
07fc07
08c608
0a030a
0aa10a
0afd0a
0c3b0c
0dc10d
0eb40e
0f5a0f
100810
10cf10
11b211
126b12
12e412
135f13
13d913
141f14
145e14
14f714
15c315
163816
165716
168016
169616
16ad16
171617
175017
16da16
163116
15a715
152615
14c514
142f14
133e13
127d12
11a511
103910
0f160f
0e980e
0dcd0d
0c910c
0b5d0b
0a410a
096709
08c208
080908
077107
06d106
05c005
04db04
046f04
03cf03
032203
02ce02
023902
015d01
00db00
008200
fffbff
ff66ff
febdfe
fe17fe
fda0fd
fd11fd
fc4efc
fbccfb
fbaefb
fb81fb
fb17fb
fad8fa
fae2fa
fac6fa
fa65fa
f9ccf9
f8fbf8
f856f8
f7eef7
f729f7
f61df6
f543f5
f43ff4
f2f4f2
f1f0f1
f11cf1
f015f0
eeedee
ed96ed
ebeceb
ea22ea
e8a3e8
e796e7
e688e6
e513e5
e3b1e3
e2e7e2
e272e2
e1fee1
e1afe1
e1bce1
e1d3e1
e178e1
e108e1
e119e1
e14ee1
e14ae1
e147e1
e11be1
e073e0
dfdadf
e041e0
e185e1
e23be2
e1c5e1
e117e1
e0e2e0
e167e1
e2d8e2
e3f8e3
e370e3
e248e2
e1dee1
e27ae2
e413e4
e56de5
e54ee5
e4fbe4
e597e5
e64ce6
e6f7e6
e84de8
e9eee9
eb03eb
eb99eb
ec87ec
ee4fee
f09ef0
f2f7f2
f4dcf4
f63af6
f7cbf7
f99af9
fb6bfb
fdfffd
009700
01ae01
02bf02
04ea04
06d306
090309
0c010c
0d880d
0d860d
0dfd0d
0ebe0e
0f8a0f
109e10
10b810
0fcc0f
0f450f
0f300f
0f390f
0f920f
100310
102210
0f8a0f
0ea90e
0e810e
0e720e
0da20d
0ce60c
0c780c
0be90b
0b900b
0b3b0b
0afc0a
0b9d0b
0c5e0c
0c900c
0d110d
0d910d
0d930d
0e1e0e
0f010f
0f3e0f
0f5a0f
0ff70f
10db10
11a111
123612
134d13
14fa14
163216
16ea16
179b17
180418
187818
194719
19e519
1a691a
1af81a
1b221b
1b4d1b
1bf41b
1cb61c
1d3e1d
1d331d
1cc41c
1cc41c
1ce11c
1c861c
1c3d1c
1bdc1b
1b0e1b
1aab1a
1aa81a
1a491a
19d619
195319
188b18
17f217
176617
16ab16
163716
15a615
145714
130e13
125912
119111
107710
0f8d0f
0ed10e
0d9e0d
0c220c
0b510b
0b020b
0a580a
097609
08c608
083908
07df07
07b807
079907
075107
068b06
05a205
057705
05aa05
055105
04ce04
04cd04
04fd04
04f404
04fb04
056705
05ba05
057005
051105
051a05
051c05
04d404
049004
047704
047304
045f04
044604
046b04
04a304
048404
040c04
035003
024b02
012601
000d00
fef1fe
fd8cfd
fbbdfb
f9fdf9
f8bdf8
f7b3f7
f676f6
f4f5f4
f356f3
f1c3f1
f023f0
ee4fee
ec70ec
ea84ea
e8a4e8
e73ee7
e5f5e5
e437e4
e29ae2
e1b0e1
e12ae1
e0cee0
e06ae0
dfdadf
df5fdf
def4de
de74de
de4cde
de8ede
de9fde
de4fde
dde1dd
dd95dd
dda4dd
de33de
df1fdf
dfe4df
e01ce0
e008e0
e00ce0
e075e0
e18fe1
e28ce2
e285e2
e275e2
e316e3
e382e3
e410e4
e576e5
e64ae6
e604e6
e639e6
e734e7
e860e8
e9e6e9
eb31eb
ebdbeb
ed06ed
eed9ee
f085f0
f273f2
f46bf4
f540f5
f5e9f5
f7d2f7
f9e4f9
fb43fb
fcd0fc
fe6bfe
ff77ff
00eb00
031903
04af04
058b05
067f06
070207
070407
07ca07
08d608
08c208
084c08
081c08
078307
072407
076e07
071007
064206
05db05
049104
026b02
014501
007700
feccfe
fd50fd
fc05fc
f9f5f9
f828f8
f77af7
f703f7
f65ef6
f5c9f5
f508f5
f456f4
f445f4
f45ef4
f410f4
f3fff4
f477f4
f4a0f4
f4b6f4
f592f5
f67df6
f70af7
f816f8
f935f9
f9b6f9
fa87fa
fbc0fb
fc98fc
fd89fd
fea9fe
ff5cff
002b00
015a01
024a02
033803
044604
04ce04
051a05
05da05
06b106
072607
074d07
074e07
074607
075907
079207
07c307
07c007
07ad07
079107
075807
073607
072707
06f906
06c606
067f06
061406
05df05
05a505
04e604
042604
03ca03
035203
028702
018e01
008000
ffb5ff
ff35ff
fe96fe
fdc7fd
fd00fc
fc48fc
fba6fb
fb34fb
faccfa
fa29fa
f97ff9
f92cf9
f8eef8
f89ff8
f895f8
f87bf8
f81af8
f841f8
f8daf8
f8f6f8
f8e8f8
f931f9
f97ff9
f9f1f9
fa88fa
fac6fa
faf2fa
fb5cfb
fbbbfb
fc40fc
fcf9fc
fd57fd
fd89fd
fe12fe
fe7ffe
fe43fe
fdbdfd
fda6fd
fdf3fd
fddafd
fd6cfd
fd3dfd
fcd1fc
fbf4fb
fbbdfb
fc2cfc
fc02fc
fb1afb
fa1dfa
f93df9
f882f8
f7aff7
f676f6
f54df5
f4a5f4
f3f4f3
f2d2f2
f1c8f1
f116f1
f06df0
f00cf0
f01ef0
efd2ef
eefaee
ee99ee
eebbee
eeafee
eeb3ee
eedfee
eec9ee
eef1ee
ef9def
efefef
f00af0
f0c9f0
f190f1
f1cbf1
f24bf2
f330f3
f393f3
f3b1f3
f473f4
f587f5
f621f6
f673f6
f6e2f6
f74df7
f7fcf7
f93cf9
fa31fa
fa81fa
fb3afb
fc58fc
fd1efd
fe56fe
003200
017a01
029a02
043804
050305
054905
06cf06
089008
096009
0a9a0a
0c020c
0c4e0c
0d1c0d
0f640f
112711
121c12
135f13
13e313
137913
140314
14f214
149814
141414
141614
133c13
123212
124012
11f311
10d210
105e10
0faf0f
0d8a0d
0ba30b
0a6e0a
086208
062d06
04a604
027e02
000300
fea7fe
fd8bfd
fc32fc
fbe1fb
fbe6fb
fae8fa
fa3bfa
faa6fa
fab5fa
fa89fa
fb38fb
fbc3fb
fb9cfb
fc1bfc
fd36fd
fdf6fd
fedefe
001400
00e700
01d001
031803
03e703
049304
05d305
06c706
072107
07e807
091809
0a380a
0bab0b
0d2a0d
0dfd0d
0eae0e
0fdd0f
114111
12c212
142f14
14ed14
155315
160d16
16c416
175517
181818
189d18
188218
183918
17ec17
17b217
17d517
17c217
171117
167716
15ed15
14db14
13f013
138b13
12c012
117c11
103b10
0eac0e
0d130d
0c2e0c
0b630b
0a180a
08eb08
07d707
066806
055d05
050005
046704
039a03
033103
02ae02
020102
01e201
020302
01f201
022402
027502
027c02
02bb02
032d03
033a03
035403
03d103
040d04
042304
049304
04eb04
050405
058205
063306
066c06
067f06
06fe06
077a07
075207
06bf06
066c06
068c06
06c706
06c106
067a06
062406
05d605
059d05
057805
051805
042f04
030403
01f801
00ef00
ffb7ff
fe61fe
fd02fd
fb93fb
fa0bfa
f89cf8
f781f7
f66af6
f4e4f4
f352f3
f238f2
f141f1
f010f0
eedcee
edc4ed
ecc5ec
ebedeb
eb0ceb
ea1fea
e989e9
e90fe9
e831e8
e788e7
e77ce7
e71be7
e643e6
e61de6
e689e6
e680e6
e630e6
e5dae5
e535e5
e514e5
e605e6
e698e6
e5e8e5
e4f2e4
e48be4
e4f8e4
e629e6
e709e7
e72ce7
e7bce7
e8e8e8
e9efe9
eb7eeb
eddaed
ef7aef
f02cf0
f144f1
f28cf2
f385f3
f52ef5
f78ef7
f941f9
fa71fa
fc34fc
fe42fe
003200
026702
04b104
067306
079c07
081008
080508
088008
099909
0a110a
09c309
098a09
092d09
085d08
07fc07
083908
07ff07
070907
05b305
03d103
01d601
009800
ff80ff
fdc5fd
fbfffc
fa65fa
f8a5f8
f78cf7
f773f7
f71ff7
f663f6
f624f6
f5daf5
f4fef4
f4b0f4
f532f5
f544f5
f4a0f4
f3eaf3
f378f3
f3b9f3
f49df4
f52bf5
f548f5
f5a0f5
f609f6
f67cf6
f7c2f7
f969f9
fa27fa
fa45fa
fad9fa
fbd9fb
fd05fd
fe71fe
ffb3ff
007100
013401
027702
040604
059405
06fc06
082c08
095109
0a8e0a
0bad0b
0cac0c
0de80d
0f3b0f
0ffe0f
105010
10f010
11df11
12a212
135013
140214
144a14
142e14
145014
14b314
14bf14
145014
13b313
131f13
12b412
127912
124f12
120b12
118c11
10e810
108310
106c10
103410
0fad0f
0f190f
0e8e0e
0dee0d
0d520d
0ce10c
0c800c
0c140c
0bd30b
0be70b
0be10b
0b630b
0ad90a
0aa40a
0a6a0a
09fa09
099509
093309
08b308
084008
07f507
07ea07
082208
082b08
07db07
07b907
07ab07
072207
068b06
063506
058505
04ac04
045004
03cc03
02b202
020402
01fa01
019401
00ad00
ffccff
fee8fe
fdd3fd
fc8ffc
fb3ffb
fa26fa
f8fcf8
f737f7
f566f5
f45bf4
f39cf3
f29ff2
f1c2f1
f0f5f0
efcdef
eea7ee
edceed
ecf2ec
ec37ec
ebd0eb
eb0ceb
e9a3e9
e887e8
e835e8
e822e8
e801e8
e7c5e7
e728e7
e67ae6
e660e6
e67ce6
e61ae6
e585e5
e53de5
e553e5
e5e5e5
e6b4e6
e71de7
e731e7
e736e7
e6fce6
e728e7
e860e8
e95be9
e918e9
e8dbe8
e957e9
e9e2e9
eb08eb
ed5eed
ef82ef
f07ff0
f102f1
f199f1
f2caf2
f506f5
f742f7
f883f8
f98ef9
fadefa
fbf7fb
fd44fd
ff56ff
019501
038903
052b05
060e06
064b06
06c806
07c707
08b108
090609
089f08
07e307
079307
07b907
07d107
07c907
07af07
072907
063206
057705
052d05
047104
02ae02
00bd00
ff82ff
fe9dfe
fd8dfd
fc94fc
fbc2fb
fad4fa
fa0cfa
f9c1f9
f99bf9
f949f9
f8faf8
f8c1f8
f875f8
f83bf8
f867f8
f8ddf8
f94bf9
f9cdf9
fa86fa
fb43fb
fc15fc
fd3efd
fe81fe
ffb2ff
010801
024802
032c03
043104
056b05
064606
06f806
081408
094209
0a300a
0b0b0b
0baf0b
0c270c
0cf20c
0df00d
0eb00e
0f430f
0f8d0f
0f7b0f
0fb40f
105c10
10b310
10be10
10ff10
111111
10be10
10cb10
116911
11cb11
11a311
115411
110711
109c10
100e10
0f690f
0eb30e
0e030e
0d630d
0ca80c
0bd40b
0b330b
0ace0a
0a800a
0a540a
0a060a
092a09
083808
07e207
07ae07
070907
065606
05e905
058d05
053d05
050505
04d304
04ae04
045f04
03c203
034003
02f502
026302
01ab01
013901
00c700
002b00
ffcfff
ffa2ff
ff6aff
ff60ff
ff6bff
ff24ff
febefe
fe87fe
fe3cfe
fda4fd
fcc7fc
fbb4fb
fab8fa
fa14fa
f96df9
f864f8
f73af7
f64ef6
f5a2f5
f514f5
f46bf4
f36ff3
f235f2
f0f9f0
efd7ef
eed5ee
edf7ed
ed18ed
ec28ec
eb6ceb
eb0eeb
eacbea
ea66ea
e9fee9
e9b6e9
e98ee9
e99be9
e9cfe9
e9bbe9
e915e9
e84fe8
e817e8
e876e8
e8e9e8
e91ae9
e8f2e8
e891e8
e88de8
e945e9
ea2cea
eab2ea
eaf6ea
eaffea
eac8ea
eadeea
eb9beb
ec95ec
ed59ed
ed99ed
ed45ed
ed1fed
edceed
eed5ee
efbaef
f082f0
f0d7f0
f0d0f0
f17ef1
f317f3
f4a9f4
f5e2f5
f6fef6
f7f7f7
f914f9
faaafa
fc72fc
fe35fe
000000
017a01
029702
03fd03
05d005
079707
096d09
0b8c0b
0d400d
0dfb0d
0e8b0e
0fcf0f
114011
120b12
125912
128f12
129512
128b12
12c812
132613
132f13
12a912
11c811
111411
10c210
105010
0f600f
0e380e
0d240d
0c620c
0c2b0c
0c2c0c
0be90b
0b8c0b
0b670b
0b7b0b
0bbb0b
0bfa0b
0c260c
0c9e0c
0d5e0d
0dd20d
0e1c0e
0ed90e
0fdc0f
10d810
120112
133513
141d14
14f314
160116
172917
185218
196f19
1a5b1a
1afc1a
1b631b
1bdd1b
1c9f1c
1d401d
1d6b1d
1d931d
1df01d
1e051e
1dd11d
1dbf1d
1da51d
1d4b1d
1cf61c
1ca31c
1c031c
1b431b
1ac81a
1a661a
19ba19
18d918
180918
172f17
162a16
154415
148f14
13a313
127f12
118811
10b810
0fd60f
0ef30e
0e0a0e
0ced0c
0bdc0b
0b320b
0aa60a
09d209
091109
08ea08
08f708
089108
080a08
07e107
07ba07
075a07
073407
073b07
06f106
068806
067a06
06b406
06f306
071407
071407
072d07
076707
076907
074607
077007
07ba07
078907
06f506
069e06
06a806
06aa06
067f06
066206
064706
05fc05
05b805
058f05
052105
047604
03f303
037503
02c202
01ff01
014001
009e00
002600
ff7bff
fe96fe
fde5fd
fd0ffd
fba9fb
fa6afa
f9a1f9
f882f8
f6f9f6
f56cf5
f3acf3
f212f2
f132f1
f05af0
eef8ee
eda9ed
ec77ec
eb16eb
ea49ea
ea46ea
e9e3e9
e8d6e8
e7fce7
e783e7
e723e7
e70be7
e73ae7
e73de7
e6ebe6
e68be6
e691e6
e753e7
e87de8
e91fe9
e90fe9
e944e9
ea2fea
eaeeea
eb27eb
ebb2eb
ec86ec
ec9eec
ec66ec
ed35ed
eeacee
ef7bef
efaaef
f007f0
f0cff0
f1f5f1
f37ef3
f548f5
f6e6f6
f7eef7
f8abf8
fa06fa
fc03fc
fdadfd
ff03ff
00ba00
025702
033303
046604
06e006
096e09
0ad80a
0bb50b
0cda0c
0e380e
0f850f
108410
112f11
11d811
123312
119211
10b810
10c610
10e010
0fed0f
0ec10e
0de90d
0ca80c
0b300b
0a360a
091c09
075e07
05a005
041b04
028902
012b01
001600
feecfe
fdd4fd
fd08fd
fc4cfc
fbbbfb
fb8bfb
fb55fb
fae8fa
faa9fa
fa8ffa
fa4dfa
fa1cfa
fa40fa
fa82fa
fabafa
fb09fb
fb8bfb
fc32fc
fcc2fc
fd30fd
fdc8fd
fea4fe
ff7fff
005800
015101
021a02
028a02
034403
04ab04
060206
06a906
072407
07fd07
08dd08
098009
0a580a
0b6e0b
0c040c
0bec0b
0bf20b
0c590c
0c710c
0c070c
0b970b
0b0a0b
0a200a
096609
091209
086008
073b07
066106
05ba05
04d604
040b04
037503
02b902
01e601
010801
ffeaff
fef9fe
fe91fe
fe11fe
fd30fd
fc76fc
fbe9fb
fb51fb
faf2fa
fac7fa
fa68fa
f9ddf9
f962f9
f90bf9
f8faf8
f90ef9
f8eef8
f8ccf8
f8fff8
f959f9
f99bf9
f9d4f9
fa08fa
fa2dfa
fa47fa
fa61fa
fa93fa
fac7fa
fac4fa
fa9cfa
fa93fa
faacfa
fad9fa
fb2dfb
fba3fb
fc13fc
fc4efc
fc43fc
fc58fc
fcddfc
fd43fd
fd28fd
fd1ffd
fd7cfd
fdd9fd
fe1bfe
fe6afe
fe9ffe
feadfe
feb3fe
fe9afe
fe58fe
fe02fe
fd71fd
fca0fc
fbccfb
faf2fa
f9fdf9
f91ff9
f878f8
f801f8
f7b9f7
f762f7
f6c2f6
f628f6
f5f7f5
f615f6
f64af6
f678f6
f680f6
f673f6
f689f6
f6dcf6
f779f7
f85af8
f92bf9
f9a6f9
f9f0f9
fa35fa
fa8afa
fb28fb
fbe6fb
fc19fc
fbbdfb
fb8cfb
fb8bfb
fb63fb
fbabfb
fcaafc
fd23fd
fc8efc
fc3dfc
fce2fc
fdb5fd
fe5ffe
ff20ff
ffccff
005b00
012301
023d02
03ce03
05c105
072907
07cc07
08f608
0aff0a
0cb30c
0df90d
0fa10f
112211
11e511
12f312
14e914
16cc16
181018
191d19
1a051a
1ab81a
1b841b
1c511c
1cba1c
1cc21c
1c561c
1b701b
1ab71a
1a651a
19b519
189a18
17a117
165f16
149e14
133313
120c12
105e10
0ea50e
0d4b0d
0b820b
096109
07ef07
06ef06
05c005
04b804
03d203
02bb02
021702
021502
01af01
00d300
008800
00a800
005d00
ffedff
ffe8ff
000800
003c00
00ff01
020b02
02b702
036403
04b804
064d06
07a507
091909
0ac80a
0c380c
0d580d
0e950e
103710
122212
13ba13
148114
150915
160616
171817
17c317
184818
18b818
18cb18
18c318
18e418
18e318
18ac18
189418
189718
186f18
182618
17ea17
17b517
177017
170017
166616
15ff15
15f315
159a15
147514
133a13
129712
120a12
112e11
107b10
0ff80f
0f130f
0def0d
0d160d
0c860c
0c190c
0bb80b
0afe0a
09e709
093209
091509
08d108
082f08
07bd07
077b07
06f206
065106
061606
061e06
060706
05ca05
057f05
054405
055d05
05bc05
060006
063a06
06d306
07a707
083f08
08b208
097d09
0aa00a
0b890b
0be30b
0bfc0b
0c200c
0c2d0c
0c230c
0c310c
0c250c
0bbb0b
0b2d0b
0abc0a
0a4b0a
09dd09
099809
095009
08cb08
083108
07a607
06f406
061d06
058c05
051e05
043a04
032e03
02d702
02ff02
02e802
026002
013201
ff4cff
fd9efd
fcd0fc
fc3dfc
fb76fb
faa3fa
f97ef9
f826f8
f7c8f7
f8a8f8
f969f9
f904f9
f7ecf7
f721f7
f714f7
f78bf7
f818f8
f825f8
f728f7
f583f5
f44af4
f3bef3
f36af3
f327f3
f2bff2
f1e1f1
f114f1
f10ff1
f19ff1
f233f2
f27bf2
f262f2
f257f2
f316f3
f4bdf4
f6c5f6
f875f8
f966f9
fa02fa
faeafa
fc22fc
fd91fd
ff1dff
002200
009c00
019001
033503
050405
071d07
094609
0a960a
0b7a0b
0cee0c
0e6c0e
0f780f
10b510
11f211
125512
122212
11d611
116211
111d11
10ec10
0fc10f
0da80d
0bf40b
0b030b
0a7f0a
0a690a
0a370a
093609
07c107
065306
04e904
03de03
031b03
01da01
009300
003700
ffd7ff
fe83fe
fd2bfd
fc2dfc
fabcfa
f925f9
f843f8
f802f8
f875f8
f9b8f9
fad7fa
fb58fb
fc11fc
fd48fd
fe91fe
000200
018c01
02bc02
03b203
04bf04
05cb05
06d706
07d507
083f08
07fc07
07a507
07ba07
086608
097909
0a560a
0abc0a
0b270b
0bdb0b
0c860c
0cfc0c
0d610d
0dc80d
0e360e
0eb00e
0f1d0f
0f720f
0fc20f
0fde0f
0f4c0f
0e0f0e
0ced0c
0c680c
0c350c
0bf00b
0b9d0b
0b640b
0b780b
0c060c
0cf40c
0de90d
0e910e
0ee80e
0f3a0f
0fa90f
101810
109b10
110d11
10ea10
105310
0fe10f
0f4b0f
0e1b0e
0ce70c
0c520c
0c3c0c
0c680c
0c9c0c
0cc50c
0d590d
0e560e
0ecd0e
0e9b0e
0e9e0e
0ef90e
0f150f
0ef40e
0edf0e
0ea40e
0ddd0d
0c900c
0b350b
0a1e0a
091509
080408
074507
06ea06
069d06
065106
064506
067806
06a206
068406
062406
05af05
054405
04d304
041c04
02e902
016f01
001c00
fef3fe
fdb3fd
fc3efc
fa9cfa
f923f9
f84ef8
f811f8
f7fcf7
f7baf7
f6fef6
f5f1f5
f567f5
f55ef5
f4baf4
f35af3
f23bf2
f196f1
f107f1
f09bf0
f070f0
f043f0
efb9ef
eed7ee
ee2aee
edefed
ed94ed
ed13ed
ed34ed
edc7ed
edffee
ee28ee
eeccee
ef74ef
ef57ef
ee2cee
ecacec
ec38ec
ecb6ec
ec97ec
ebcdeb
eb72eb
eb25eb
ea4dea
e9d7e9
ea3fea
eaddea
eb91eb
ec95ec
ededed
effaef
f280f2
f44ef4
f56ef5
f705f7
f8caf8
f9e7f9
faf9fa
fc9bfc
fe2cfe
ff42ff
001c00
00e800
01f201
034803
043304
047004
04a804
050705
056705
064106
078607
082708
07ed07
07a907
07da07
08af08
09e709
0a510a
096a09
085508
07ac07
06c906
05b305
04f004
03f603
023b02
007700
ff70ff
fefdfe
feb0fe
fe5ffe
fe43fe
fec1fe
ffacff
003f00
006500
00b700
010a01
00bd00
005900
00cc00
01c401
029802
036f03
043804
047504
049904
057105
06a206
075607
079507
081508
096309
0b570b
0d170d
0e200e
0ec30e
0f500f
0faa0f
0fdc0f
102710
108b10
10cc10
10c910
108110
0ff80f
0f790f
0f7a0f
0fd40f
0ff90f
100310
103f10
105c10
104d10
107d10
10a210
106110
102710
0ff20f
0f590f
0ed90e
0eae0e
0e190e
0d210d
0c710c
0bc50b
0b030b
0ac50a
0ae60a
0af30a
0b2f0b
0b950b
0be20b
0c5b0c
0cdd0c
0ce80c
0cea0c
0d410d
0d2f0d
0c580c
0b430b
0a4a0a
099c09
096009
094f09
092409
08b208
079a07
062006
051505
046004
035d03
024202
018901
014a01
016d01
016601
009a00
ff99ff
ff3dff
ff0bff
fe46fe
fd72fd
fd47fd
fd84fd
fd5dfd
fc78fc
fb36fb
fa23fa
f92df9
f7eff7
f6a3f6
f5f1f5
f5cff5
f58af5
f4e2f4
f43af4
f3b7f3
f31af3
f254f2
f184f1
f0d2f0
f080f0
f092f0
f08bf0
f005f0
ef27ef
ee4eee
edb9ed
ed57ed
ecc9ec
ec16ec
ebceeb
ec16ec
ec9cec
ed4fed
edfaed
ee14ee
edcaed
ee05ee
ef2bef
f0abf0
f159f1
f075f0
eeeeee
ee6dee
eeefee
ef44ef
ef07ef
ee75ee
edd2ed
edb6ed
ee3cee
eec5ee
ef3eef
efe1ef
f06cf0
f105f1
f1ddf1
f22df2
f215f2
f2dbf2
f407f4
f42ff4
f3f2f3
f456f4
f517f5
f676f6
f87bf8
f9b6f9
f9f2f9
faa5fa
fbb8fb
fc5afc
fd52fd
ff15ff
00c300
023602
03f103
05b405
070d07
080f08
093009
0aaf0a
0bd40b
0bf70b
0c020c
0cd70c
0da80d
0dc80d
0dd30d
0e4a0e
0f120f
0fdd0f
107410
112b11
121b12
125512
11b811
118211
11b111
110e11
0fe50f
0f530f
0f390f
0f420f
0fb80f
106a10
10b910
10c310
111311
11b511
120d12
118e11
10b410
107910
10bf10
10d110
111911
124712
13a313
145914
14d814
157515
15e915
168916
178117
17e317
178617
177817
17c417
17c417
17c817
17f417
17b317
171817
169e16
165416
166616
169916
163216
157c15
150c15
144614
131d13
128d12
124f12
11a211
110311
106b10
0ef80e
0d100d
0b930b
0a760a
09b409
094209
08b508
088208
092809
09b509
099509
099209
09c209
098509
091f09
091909
096809
09d909
0a2c0a
0a470a
0a400a
09cc09
08d208
082c08
084208
085b08
083908
084c08
088108
08b408
090209
092d09
091209
091f09
092f09
088d08
078307
06ef06
06b506
064306
05ca05
05c605
061906
065506
062d06
058b05
04ad04
03e503
032903
025b02
01b701
017c01
017a01
012f01
005000
ff35ff
fe47fe
fd21fd
fb5cfb
f9aff9
f8d1f8
f842f8
f75df7
f624f6
f497f4
f2bdf2
f112f1
eff3ef
ef2eef
ee74ee
eddbed
edb2ed
edd5ed
ed9ded
ed0ded
ecc7ec
ecb3ec
ec5bec
ebfceb
ebe0eb
ebdaeb
ebf0eb
ec08ec
eba5eb
ead0ea
e9e4e9
e8e9e8
e873e8
e92ae9
ea1dea
ea32ea
ea34ea
eaf0ea
eb9aeb
ebbeeb
ebeaeb
ec1eec
ec2aec
ec9cec
ed87ed
ee45ee
eeffee
f02cf0
f154f1
f20bf2
f269f2
f218f2
f124f1
f0daf0
f1e4f1
f35ff3
f493f4
f58df5
f682f6
f807f8
fa5dfa
fca4fc
fe08fe
feb7fe
ff25ff
ffbdff
00b000
018701
020a02
02cc02
041904
059c05
06ad06
068506
059905
058a05
067806
075f07
088508
09dd09
0a270a
09ca09
0a140a
0a270a
093b09
085b08
079607
066b06
060006
06b306
071207
06d206
067006
054f05
038a03
026402
01cb01
00eb00
001d00
ffc8ff
ff5cff
fe71fe
fd76fd
fd01fd
fcebfc
fc7bfc
fba9fb
fb14fb
fac3fa
fa72fa
fa45fa
fa0cfa
f986f9
f95df9
f9dcf9
fa1efa
f9e0f9
f9d1f9
fa29fa
fb03fb
fca0fc
fe4bfe
ff24ff
ff7dff
ffb9ff
ffa7ff
ff97ff
fff3ff
005b00
008100
009700
00c400
013101
01ca01
01f401
018401
00ed00
002300
ff06ff
fe3bfe
fe18fe
fe3ffe
fe7bfe
fe62fe
fd7bfd
fc8bfc
fc99fc
fd20fd
fd59fd
fd81fd
fdb1fd
fd90fd
fd26fd
fc89fc
fbb3fb
fae4fa
fa1cfa
f91af9
f83af8
f7eef7
f7f5f7
f81cf8
f883f8
f8f9f8
f94df9
f980f9
f951f9
f8caf8
f8a1f8
f90af9
f96ff9
f9a2f9
f9c8f9
f99ff9
f915f9
f8aaf8
f88df8
f862f8
f818f8
f7ebf7
f7d9f7
f7daf7
f828f8
f8aff8
f91af9
f96df9
f9adf9
f978f9
f8d9f8
f86af8
f84cf8
f842f8
f882f8
f93af9
f9f4f9
fa37fa
fa10fa
f9ddf9
f9cdf9
f9b1f9
f954f9
f8def8
f8a0f8
f8daf8
f9a7f9
faaafa
fb4efb
fb67fb
faf1fa
f9f8f9
f90af9
f89cf8
f85af8
f817f8
f819f8
f816f8
f799f7
f6f9f6
f689f6
f606f6
f592f5
f5b3f5
f629f6
f64bf6
f65af6
f6fff6
f7aef7
f778f7
f6eaf6
f6fff6
f777f7
f810f8
f92df9
fa3dfa
fa5dfa
fa10fa
fa03fa
fa1bfa
faa8fa
fbdefb
fcf6fc
fda5fd
fe5cfe
fef0fe
ff5eff
004700
015e01
01b401
019101
01cb01
023e02
027602
02b402
033c03
039903
03a003
042704
056205
064606
06c506
07b907
089f08
08c308
08f508
098f09
0a1d0a
0b190b
0c7a0c
0d070d
0d0a0d
0d820d
0dbc0d
0d6b0d
0d710d
0d640d
0ccd0c
0cbe0c
0d100d
0c830c
0bbf0b
0b670b
0a5e0a
08cf08
082a08
081508
079107
070307
06b906
066f06
064f06
064c06
05ee05
054705
049104
039803
027b02
018901
00a700
ffd6ff
ff65ff
ff2fff
fee6fe
fee9fe
ffc1ff
012801
026402
031903
037003
039e03
039203
034b03
036303
047504
05f405
06fb06
07ab07
086808
08f708
098d09
0abe0a
0c010c
0c780c
0c940c
0d350d
0e5a0e
0f8f0f
108110
110d11
112711
10e010
10b510
115c11
128f12
135813
139913
13a913
136d13
132a13
136113
13a213
134213
127412
119a11
10f310
10b610
108610
101210
100210
109610
10cb10
101a10
0f270f
0e620e
0dbb0d
0d370d
0cad0c
0be60b
0b400b
0b1f0b
0b0c0b
0a790a
09bd09
095109
090209
08a908
08ac08
090909
092109
08c508
087408
086f08
086208
07f707
076207
073507
07a007
085408
08fa08
095309
093109
08ce08
089608
086a08
07df07
06f506
061906
058905
052d05
050505
054605
05dd05
067a06
071707
079b07
079707
074507
073f07
072007
065d06
059b05
054205
04c104
040d04
039e03
034b03
02b702
01bc01
005a00
ff35ff
fee4fe
feaefe
fdeafd
fd37fd
fce6fc
fc65fc
fb9dfb
fad9fa
fa03fa
f936f9
f8b1f8
f831f8
f75ff7
f657f6
f54cf5
f458f4
f37ef3
f2b4f2
f20bf2
f17cf1
f0cef0
f008f0
ef41ef
ee4eee
ed3eed
ec62ec
eb97eb
eabbea
ea32ea
ea36ea
eaaaea
eb89eb
ec4cec
ec35ec
eba6eb
eb8deb
ebeeeb
eca9ec
edfbed
ef4aef
efecef
f0b8f0
f23cf2
f34ef3
f389f3
f424f4
f52cf5
f5a6f5
f607f6
f707f7
f7cff7
f814f8
f8f3f8
fa4efa
faf6fa
fb2efb
fbc5fb
fc74fc
fd0efd
fdd6fd
fe5efe
fe4dfe
fe31fe
fe57fe
feb5fe
ffa1ff
00d400
015101
011301
00cb00
009b00
009500
00e600
013101
014801
018701
01c201
019601
013601
009c00
ffa7ff
ff01ff
fec8fe
fe1cfe
fd38fd
fcdcfc
fc51fc
fb30fb
fa90fa
fa7cfa
f9f2f9
f946f9
f912f9
f8e3f8
f8daf8
f96df9
f9acf9
f8d1f8
f7c8f7
f753f7
f719f7
f70ef7
f78cf7
f848f8
f8b5f8
f8e8f8
f959f9
fa06fa
fa95fa
fb29fb
fbe4fb
fc41fc
fc42fc
fce6fc
fe55fe
ff8aff
001900
004d00
005100
007f00
011c01
01cd01
026e02
036003
048e04
05a305
06a306
076f07
07f507
08a708
097009
09aa09
099709
09fb09
0aa70a
0b330b
0c140c
0db40d
0fa30f
113911
121212
121d12
11be11
119411
11e311
125a12
128f12
129012
12bf12
132613
136513
135b13
134913
134613
132713
12fb12
132613
13ce13
148b14
14bb14
142b14
134213
125b12
115f11
106010
0fac0f
0f390f
0ee30e
0ebf0e
0e850e
0dd10d
0d020d
0c830c
0bec0b
0af30a
09e809
08e308
07ce07
06cc06
05fb05
057105
053605
04de04
041604
033403
027802
01de01
018c01
015901
00da00
003500
ffa0ff
fee6fe
fe2dfe
fdbefd
fd3efd
fc84fc
fbdcfb
fb2cfb
fa89fa
fa92fa
fb31fb
fb88fb
fb36fb
fa63fa
f95af9
f888f8
f817f8
f7e6f7
f7fcf7
f808f8
f78ef7
f6e7f6
f68df6
f639f6
f5caf5
f558f5
f465f4
f2ccf2
f157f1
f05ef0
ef82ef
eeb4ee
ee1dee
edc0ed
ed88ed
ed44ed
ed1ded
edc3ed
ef0eef
effdef
f062f0
f0a2f0
f0a4f0
f0a4f0
f13af1
f224f2
f2cdf2
f33df3
f363f3
f330f3
f345f3
f3c4f3
f3ebf3
f3a1f3
f382f3
f3adf3
f3f5f3
f45cf4
f4caf4
f52ef5
f598f5
f5eff5
f649f6
f6d2f6
f729f7
f70ff7
f720f7
f7aff7
f862f8
f94ef9
faa6fa
fbf3fb
fd04fd
fe36fe
ff4bff
ffc6ff
ffecff
002900
008500
011301
01b601
023202
030103
048c04
05d405
05d305
053405
050a05
054e05
05b705
067c06
078707
083b08
086208
086c08
08a108
08b908
088c08
086908
088308
08b908
08fe08
094509
094809
090809
08d208
08a908
086e08
084208
082c08
080f08
080508
07e207
072107
060e06
059005
059c05
058705
053f05
04ee04
048204
044404
048604
04e504
04f004
04ce04
04c104
04e604
054805
05a205
05b505
05b605
05e405
064306
06d906
076c07
07af07
07e307
086008
08d008
08e208
08ec08
094f09
09f209
0a8b0a
0b180b
0bd70b
0c980c
0cc10c
0c6e0c
0c590c
0c840c
0c850c
0ca20c
0d150d
0d5e0d
0d4b0d
0d260d
0cdd0c
0c470c
0b900b
0ac60a
09d509
08e508
083108
07c907
078707
070707
060406
04b604
038103
027a02
017201
004b00
ff39ff
fe7dfe
fde1fd
fcfefc
fbe8fb
faf6fa
fa2bfa
f974f9
f8c3f8
f7caf7
f651f6
f4b2f4
f356f3
f249f2
f1a9f1
f191f1
f193f1
f142f1
f0ebf0
f0ecf0
f110f1
f108f1
f0d7f0
f087f0
f031f0
f014f0
f048f0
f0aaf0
f105f1
f123f1
f100f1
f100f1
f169f1
f20bf2
f2c1f2
f38ef3
f444f4
f4a7f4
f4cdf4
f4e0f4
f4e8f4
f4dff4
f4d2f4
f4cdf4
f4aff4
f443f4
f3b4f3
f380f3
f3bff3
f41ff4
f47cf4
f4c5f4
f4bef4
f47ef4
f474f4
f48af4
f436f4
f3b1f3
f3c4f3
f469f4
f4c6f4
f48bf4
f441f4
f452f4
f4b0f4
f50df5
f4fff5
f477f4
f403f4
f409f4
f463f4
f4dff4
f53ef5
f51df5
f4b5f4
f4a9f4
f4dbf4
f500f4
f585f5
f665f6
f6caf6
f6b4f6
f6fdf6
f7b5f7
f851f8
f8d0f8
f985f9
fa6cfa
fb36fb
fbb1fb
fc40fc
fd8bfd
ff8cff
017a01
02b102
035d03
045e04
061706
07b807
08ad08
098d09
0a940a
0b5f0b
0c580c
0de10d
0f390f
102910
118d11
134613
146214
14fa14
15b815
16a716
17a717
18b618
19ae19
1a6d1a
1ad51a
1ad21a
1ac41a
1b2d1b
1be71b
1c6d1c
1c9c1c
1cb01c
1ce71c
1d3e1d
1d621d
1d1d1d
1ca91c
1c4a1c
1bee1b
1b611b
1a8f1a
199319
189a18
17b317
16c216
15b815
14ce14
144214
13df13
135413
12b412
11fd11
10d410
0f5b0f
0e370e
0d7b0d
0ccf0c
0c580c
0c360c
0bfe0b
0b730b
0ac80a
0a1d0a
098209
093909
096e09
09fd09
0aa30a
0b370b
0bd30b
0c940c
0d560d
0de10d
0e3a0e
0e980e
0f3d0f
102610
110211
11ad11
123d12
129712
12d912
139a13
14d414
15b815
160e16
165016
168416
166316
162416
160716
15e315
15a415
156c15
152b15
14ba14
143114
139913
12b612
118d11
108210
0fba0f
0f0d0f
0e820e
0e1e0e
0d8c0d
0ca60c
0bb20b
0ac90a
09c309
08b508
07af07
068606
055a05
046a04
034403
017401
ff88ff
fe2dfe
fd24fd
fc1efc
fb36fb
fa3afa
f8f5f8
f7c6f7
f6cff6
f5c4f5
f4d9f4
f453f4
f3b9f3
f2eff2
f29bf2
f2bcf2
f2c0f2
f2a0f2
f262f2
f1c4f1
f10bf1
f0aef0
f072f0
f00cf0
efaaef
ef7def
ef9bef
eff1ef
f01ef0
f002f0
efefef
f000f0
f022f0
f067f0
f09bf0
f078f0
f05cf0
f0a6f0
f12af1
f1daf1
f2baf2
f347f3
f31df3
f288f2
f1e1f1
f156f1
f11ef1
f126f1
f130f1
f165f1
f21cf2
f338f3
f449f4
f4def4
f4f2f4
f503f5
f570f5
f608f6
f685f6
f6dcf6
f716f7
f752f7
f782f7
f745f7
f687f6
f5cff5
f570f5
f559f5
f57cf5
f5aff5
f5a1f5
f55cf5
f53df5
f56ff5
f5a4f5
f552f5
f478f4
f3cef3
f39ef3
f373f3
f358f3
f3d3f3
f4a9f4
f54bf5
f5d7f5
f696f6
f769f7
f825f8
f8c1f8
f956f9
fa04fa
faaefa
fb4cfb
fc2dfc
fd3afd
fdf3fd
fe7cfe
ff24ff
ff82ff
ff78ff
ffc0ff
009a00
017401
01f701
022702
021402
01e401
01ad01
015f01
013001
017e01
022702
02a502
02da02
031303
036403
039a03
03b603
03cc03
039d03
030a03
027102
022b02
022a02
023902
021802
01a501
010d01
006d00
ff9aff
fec1fe
fe39fe
fdb2fd
fcb2fc
fb7cfb
fa77fa
f97af9
f867f8
f7a4f7
f759f7
f71bf7
f6c1f6
f69ef6
f6a5f6
f675f6
f648f6
f68ff6
f6fff6
f71ff7
f730f7
f78af7
f7f9f7
f843f8
f89af8
f930f9
f9dcf9
fa79fa
fb37fb
fc24fc
fceffc
fd8ffd
fe6dfe
ff7bff
005200
010801
01db01
02a502
033f03
03a703
03d003
03eb03
042d04
046f04
04c604
059005
068a06
072007
074907
071407
064e06
053b05
047504
040f04
03d103
03bb03
03bd03
038703
02ee02
023002
019001
010401
006900
ffd3ff
ff6bff
ff4bff
ff74ff
ffa5ff
ff7aff
feeafe
fe56fe
fe06fe
fdf2fd
fdd1fd
fd5ffd
fca7fc
fbe1fb
fb3bfb
facdfa
fa83fa
fa33fa
fa04fa
fa2dfa
fa8bfa
fad9fa
fb02fb
fb15fb
fb44fb
fb93fb
fbb9fb
fbcefb
fc44fc
fcd6fc
fce4fc
fca3fc
fca1fc
fcf7fc
fd84fd
fe13fe
fe64fe
fea6fe
ff20ff
ffa4ff
001a00
00ae00
013401
017301
01b801
024d02
031203
03ce03
044104
044a04
042704
042204
045d04
04ef04
059005
05a605
054705
053a05
05b605
061e06
05ff05
057d05
04f504
04a804
04a804
04dc04
050505
04d104
044404
03bf03
035d03
02c402
01c901
00b000
ffbbff
ff0aff
feb5fe
fe70fe
fda7fd
fc60fc
fb56fb
fae2fa
faa0fa
fa25fa
f95cf9
f856f8
f763f7
f6f1f6
f6f7f6
f70ff7
f735f7
f7a4f7
f824f8
f845f8
f801f8
f785f7
f6f8f6
f68ef6
f65cf6
f649f6
f66df6
f6f7f6
f7d0f7
f8d5f8
f9fcf9
fae7fa
fb46fb
fb8cfb
fc65fc
fdb6fd
fef1fe
fff1ff
00ed00
01df01
02a402
037503
048f04
05a305
068306
07a007
091109
0a490a
0b290b
0c050c
0cf60c
0e060e
0f230f
0fb80f
0f950f
0f640f
0f7d0f
0f940f
0fa70f
0fb70f
0f760f
0efe0e
0ec90e
0ed30e
0eb80e
0e400e
0d6c0d
0c7d0c
0bcc0b
0b780b
0b6e0b
0b7b0b
0b5c0b
0b100b
0ab70a
0a380a
09a509
095c09
095509
094309
093c09
094c09
091009
087208
07ee07
07b107
076b07
070c07
06e606
06f706
06fd06
072b07
07cb07
088508
091309
09bc09
0a6e0a
0ab30a
0aca0a
0b480b
0c2c0c
0d2d0d
0e1a0e
0ed10e
0f8c0f
109910
11a511
125d12
130713
13a713
13ca13
137113
12ff12
12a312
128112
12b612
130e13
133213
131313
12f212
130913
133c13
135d13
138813
13ad13
136513
12c312
125212
120312
115611
106b10
0f890f
0e660e
0cf80c
0bd60b
0b220b
0a670a
098709
08a208
07a507
06b906
062c06
05bc05
051305
045604
038803
026a02
013301
003300
ff2fff
fe0ffe
fd3cfd
fce3fc
fca6fc
fc25fc
fb5dfb
fa76fa
f985f9
f8a9f8
f822f8
f7dbf7
f778f7
f71df7
f716f7
f706f7
f68bf6
f5faf5
f5acf5
f5c3f5
f657f6
f710f7
f77ef7
f7ebf7
f898f8
f915f9
f942f9
f98df9
fa13fa
fab7fa
fb61fb
fbb0fb
fb73fb
fb32fb
fb59fb
fb9afb
fb9bfb
fb72fb
fb64fb
fb93fb
fbcdfb
fbc3fb
fb68fb
fad1fa
fa20fa
f97cf9
f8e9f8
f85cf8
f811f8
f7fef7
f79ef7
f6ddf6
f634f6
f5acf5
f4fff4
f442f4
f382f3
f2a9f2
f201f2
f1c4f1
f198f1
f12df1
f0b9f0
f083f0
f097f0
f0cff0
f0f0f0
f0fcf0
f10cf1
f0e5f0
f070f0
f023f0
f02df0
f031f0
f024f0
f046f0
f069f0
f06bf0
f0aff0
f14af1
f19ff1
f148f1
f0aef0
f07bf0
f0b0f0
f0daf0
f102f1
f18ef1
f240f2
f28ef2
f2b4f2
f32af3
f3bef3
f42ff4
f4b7f4
f566f5
f5ddf5
f600f5
f63af6
f6daf6
f781f7
f7c8f7
f7fbf7
f873f8
f8cdf8
f8a8f8
f862f8
f868f8
f8abf8
f901f9
f985f9
fa69fa
fb8afb
fc79fc
fd2bfd
fdd9fd
fe3afe
fe1bfe
fe14fe
fe78fe
fef4fe
ffabff
00eb00
022702
02d002
032d03
039103
03ff04
049904
057405
066e06
077607
087608
095509
0a2e0a
0b080b
0ba80b
0c0e0c
0c830c
0d230d
0dc80d
0e760e
0f570f
106010
115511
123412
131113
13ad13
13de13
13f713
142114
141814
13e313
13d713
13f913
142a14
145d14
147414
145e14
142814
13be13
132213
129212
121e12
11c711
11c211
11e711
11a911
10f110
103010
0fb30f
0f780f
0f4e0f
0ef80e
0e800e
0e170e
0d930d
0ce50c
0c6e0c
0c2b0c
0b7b0b
0a560a
097709
090909
08a008
084008
080108
077507
068606
05bc05
053705
048e04
03b203
02e402
024802
01d001
014001
007700
ffc6ff
ff60ff
ff0dff
fecbfe
feb9fe
fe73fe
fd9dfd
fc97fc
fbc3fb
faf9fa
fa1ffa
f963f9
f8ccf8
f822f8
f757f7
f6acf6
f65bf6
f647f6
f636f6
f615f6
f5e8f5
f5c1f5
f5c2f5
f5d9f5
f5d1f5
f5b7f5
f5b1f5
f5a9f5
f597f5
f5a9f5
f5d6f5
f5e1f5
f5c0f5
f5adf5
f5cff5
f603f6
f61ef6
f645f6
f6b5f6
f748f7
f7adf7
f7b7f7
f755f7
f68af6
f59ff5
f503f5
f4edf4
f51cf5
f534f5
f545f5
f58ef5
f5c2f5
f572f5
f4c8f4
f427f4
f396f3
f31af3
f2f3f2
f32ef3
f385f3
f3a0f3
f34af3
f2b6f2
f25bf2
f264f2
f2a6f2
f2ecf2
f2f1f2
f29bf2
f275f2
f300f2
f3c6f3
f414f4
f413f4
f44af4
f4a1f4
f4ccf4
f502f5
f589f5
f605f6
f60ef6
f606f6
f693f6
f78ef7
f861f8
f8faf8
f98bf9
f9e3f9
f9e6f9
fa09fa
fa93fa
fb07fb
fb15fb
fb40fb
fbe7fb
fc89fc
fcd0fc
fd35fd
fde5fd
fe54fe
fe64fe
fea9fe
ff33ff
ff8fff
ffb5ff
fff2ff
002400
000500
ffd2ff
002400
010501
01ad01
01ad01
01ab01
020b02
023502
01f601
01ec01
022c02
022a02
01e901
01e201
024f02
031a03
03f803
049704
04d404
04b604
048204
04ba04
057c05
065306
06f406
076107
078607
077507
078307
07c607
080d08
082008
07d607
076207
073407
073607
071507
070707
074707
077d07
075b07
06f706
066306
05a905
04ed04
044b04
03c403
035a03
032603
034803
039d03
03ba03
035e03
02a602
01c001
00d500
001100
ff8eff
ff48ff
ff1fff
fee7fe
feb0fe
feb0fe
fed9fe
feeefe
fee5fe
fedffe
fef6fe
ff40ff
ffacff
000a00
004800
007700
009e00
00b200
00ad00
009f00
00ab00
00d200
010001
014701
01bc01
024402
02c502
032d03
034403
02fe02
02aa02
027902
023202
01ae01
012b01
00f500
010101
011101
010501
00ea00
00c600
00a100
009100
00aa00
00e800
012401
011f01
00b800
001900
ff76ff
fef1fe
fea2fe
fe64fe
fdeafd
fd3efd
fcc0fc
fc80fc
fc42fc
fbfcfb
fbacfb
fb12fb
fa20fa
f934f9
f894f8
f83cf8
f81bf8
f81ff8
f80df8
f7c5f7
f76cf7
f73cf7
f739f7
f737f7
f716f7
f6e8f6
f6bbf6
f682f6
f657f6
f687f6
f728f7
f7f8f7
f8cff8
f9b5f9
fa97fa
fb4cfb
fbddfb
fc79fc
fd10fd
fd76fd
fdc5fd
fe2afe
fe7efe
fe97fe
fec6fe
ff59ff
001b00
00c700
016d01
020a02
028602
030c03
03cb03
049d04
055405
05db05
062006
064f06
06c106
076707
07e807
082108
080b08
07aa07
075707
076c07
07ca07
084008
08cd08
093d09
093409
08a608
07d407
06f406
063306
05ac05
054905
04e304
049004
048e04
04bc04
049304
03d403
02dd02
021702
019b01
017301
018101
016a01
010701
00ad00
00a200
00c400
00cf00
00be00
00d300
012b01
017e01
018c01
019901
01fe01
02ac02
037203
043b04
04f304
057805
05d005
065906
076507
088e08
092309
094809
09b209
0a730a
0b2d0b
0bdc0b
0c730c
0c8b0c
0c1e0c
0bc10b
0bd20b
0c1d0c
0c4a0c
0c460c
0c4c0c
0c780c
0c870c
0c5c0c
0c520c
0c8e0c
0ca80c
0c710c
0c4a0c
0c550c
0c3a0c
0bef0b
0bcb0b
0bd30b
0bc10b
0ba00b
0b990b
0b900b
0b5c0b
0b0f0b
0abf0a
0a5c0a
09c809
08f308
080108
073507
06b106
067d06
068206
067206
05fd05
055505
04e304
04a604
046a04
044804
046604
048c04
048d04
049504
04c304
04f804
053a05
059f05
05dc05
05a005
052b05
04ea04
04e204
04f104
051005
052c05
053a05
054a05
054c05
051d05
04b104
03fe03
031203
024102
01d601
01ce01
021802
029c02
032303
037c03
039003
035003
02df02
028b02
026f02
027302
027102
024802
020502
01df01
01e301
01fb01
021b02
022602
020e02
021302
026a02
02d702
031603
032e03
032603
02df02
024c02
019601
00f200
006500
ffd8ff
ff55ff
fefafe
fec4fe
febcfe
fef0fe
ff11ff
febefe
fe0afe
fd43fd
fc6ffc
fb8dfb
fad3fa
fa74fa
fa59fa
fa32fa
f9c8f9
f941f9
f8e6f8
f8d2f8
f903f9
f96cf9
f9d4f9
f9f6f9
f9d3f9
f9b5f9
f9d7f9
fa11fa
fa08fa
f9d4f9
f9c5f9
f9c7f9
f9abf9
f9baf9
fa1ffa
fa78fa
fa76fa
fa3afa
f9d8f9
f936f9
f85bf8
f785f7
f6ebf6
f689f6
f624f6
f59cf5
f50af5
f48df4
f42af4
f3bff3
f31cf3
f252f2
f195f1
f0c9f0
efd0ef
eef4ee
ee65ee
ede5ed
ed5bed
ecf1ec
ecaeec
ec83ec
ec6dec
ec55ec
ec18ec
ebb1eb
eb25eb
ea84ea
e9eae9
e95ae9
e8d2e8
e85ce8
e7f0e7
e7a2e7
e7a5e7
e7dde7
e7fae7
e813e8
e87de8
e920e9
e9a4e9
e9fae9
ea59ea
eacbea
eb1feb
eb6ceb
ec15ec
ecefec
ed52ed
ed3aed
ed2ced
ed49ed
ed7fed
ee03ee
eee3ee
efeaef
f108f1
f217f2
f2cff2
f338f3
f37af3
f396f3
f3d0f3
f465f4
f4fdf4
f56af5
f617f6
f705f7
f79bf7
f7c6f7
f7e1f7
f7d1f7
f77cf7
f758f7
f7aaf7
f7fef7
f7fbf7
f7d8f7
f7cef7
f7b3f7
f786f7
f79bf7
f7f6f7
f82ff8
f816f8
f7ddf7
f7cbf7
f811f8
f8a6f8
f936f9
f99ff9
fa06fa
fa66fa
fab5fa
fb40fb
fc18fc
fcc5fc
fd16fd
fd74fd
fe24fe
fefbfe
ffcbff
009900
016401
020f02
028802
02f902
039503
045104
051505
05e805
06a506
070a07
073207
078107
081908
08e608
09bc09
0a510a
0a910a
0acc0a
0b390b
0bc60b
0c6f0c
0d220d
0d9b0d
0dd70d
0e390e
0f0d0f
104210
119d11
12d412
13b313
144f14
14cc14
152215
155c15
15b715
164516
16bf16
16e616
16d316
16b816
169e16
168016
165c16
161d16
15b615
154b15
14fa14
14ad14
145914
140214
139813
131013
127e12
11ef11
116011
10c810
101410
0f440f
0e8b0e
0e0c0e
0dae0d
0d510d
0cdb0c
0c1f0c
0b100b
09c909
086108
06fe06
05e005
052505
04ca04
04b704
04a804
045304
03c803
033c03
02b502
022502
018901
00de00
003900
ffb9ff
ff63ff
ff33ff
ff35ff
ff4bff
ff41ff
ff26ff
ff35ff
ff82ff
ffedff
004d00
008c00
00a300
00a900
00b700
00ba00
009300
005300
001400
ffd2ff
ffa6ff
ffceff
004000
00ba00
013001
019e01
01c701
019b01
014501
00c800
001a00
ff64ff
febffe
fe1ffe
fd97fd
fd23fd
fc87fc
fbc1fb
fb1cfb
fac1fa
fa9ffa
fa87fa
fa33fa
f98ef9
f8eaf8
f897f8
f87af8
f839f8
f7b7f7
f737f7
f6e1f6
f6a6f6
f6a6f6
f708f7
f76ff7
f77df7
f77bf7
f7a8f7
f79df7
f73ef7
f720f7
f76cf7
f792f7
f760f7
f750f7
f7b3f7
f84ef8
f8eaf8
f9a2f9
fa68fa
fadcfa
faf1fa
fb32fb
fbe3fb
fc84fc
fcb7fc
fcd9fc
fd4ffd
fdf8fd
fea9fe
ff7fff
007100
012701
018c01
01f101
026f02
02bc02
02bf02
02bc02
02d902
02ff02
031c03
033b03
037103
03b903
03f903
044f04
04e704
057305
058605
056705
058805
05b405
05bb05
05fb05
067806
06a906
067506
062e06
05c005
04fb04
043a04
03eb03
03fc03
042d04
046604
04ad04
04fe04
053d05
054505
051e05
050505
051d05
055105
058c05
05db05
063606
065c06
061e06
05a805
054705
051305
050a05
051905
050d05
04d204
04a504
04ae04
04ce04
04f604
051d05
051005
04cb04
04a704
04c304
04dd04
04e304
050605
054f05
059b05
05e905
065306
06cb06
072407
074107
074007
074607
075407
075f07
076907
078107
07a307
07bc07
07bc07
07a407
078007
076307
076407
078a07
07b307
07b707
077d07
071907
06cc06
06bd06
06a106
062e06
058a05
050205
04a604
046804
042b04
03be03
031703
025f02
01c101
016c01
017a01
01a101
018f01
015401
00fe00
007300
ffd7ff
ff6bff
ff1fff
fed9fe
fea5fe
fe71fe
fe1dfe
fdbffd
fd74fd
fd28fd
fccbfc
fc54fc
fbbdfb
fb1bfb
fa92fa
fa2afa
f9d6f9
f981f9
f928f9
f8e6f8
f8cff8
f8b9f8
f871f8
f7f8f7
f76cf7
f6dbf6
f63ef6
f590f5
f4eef4
f484f4
f457f4
f43ff4
f40bf4
f39bf3
f2dff2
f1e6f1
f0e5f0
f019f0
ef90ef
ef3def
ef20ef
ef31ef
ef32ef
ef0aef
eee6ee
eedeee
eed1ee
eec5ee
eecaee
eeb0ee
ee6fee
ee4aee
ee5eee
ee88ee
eeb7ee
eed5ee
eec4ee
eeb6ee
ef0cef
efd6ef
f0d5f0
f1c0f1
f272f2
f315f3
f3fcf3
f52df5
f656f6
f723f7
f769f7
f75ff7
f794f7
f865f8
f9a6f9
fafefa
fc4cfc
fd95fd
fed3fe
fff0ff
00e300
01c901
02ba02
03a203
047404
052d05
05aa05
05de05
062606
06d406
079e07
07fd07
07e907
07d007
07f807
085c08
08e008
094c09
094609
08b508
07fd07
078307
073507
06d406
065506
05de05
058d05
055005
050505
04b604
046804
03e703
032703
028002
021002
018d01
00f000
008400
004100
ffeaff
ffa0ff
ff98ff
ff98ff
ff5fff
ff15ff
fef3fe
fed9fe
fe9bfe
fe62fe
fe60fe
fe83fe
feaafe
fee7fe
ff4aff
ffb7ff
001800
006e00
00be00
011801
017601
01b301
01c101
01a801
015a01
00f000
00c400
00ec00
011901
012701
014701
017701
018901
018901
01a801
01eb01
023d02
02af02
034703
03cf03
041804
042904
040c04
03ac03
032303
02b302
026b02
024202
024a02
028202
02ab02
029002
022702
019101
010b01
00bd00
009b00
009000
008a00
005800
fff0ff
ff95ff
ff71ff
ff62ff
ff58ff
ff5dff
ff65ff
ff7cff
ffc8ff
003600
009200
00e400
014001
019401
01e101
024002
029802
02b902
02c102
02e302
031503
035303
03cc03
048204
053605
05c905
063b06
067306
068506
06a006
06bc06
06c706
06ea06
072107
072707
070107
06f506
070207
06ee06
06b606
067b06
064206
05f405
058a05
051c05
04c104
046c04
040604
038e03
02f802
023c02
019201
013001
00ea00
007c00
ffe2ff
ff2eff
fe6efe
fdcffd
fd6cfd
fd26fd
fceffc
fccbfc
fc8afc
fc14fc
fbacfb
fb7afb
fb4cfb
fb0cfb
fad0fa
fa8afa
fa2efa
f9dbf9
f98ff9
f936f9
f8f3f8
f8dbf8
f8bcf8
f886f8
f861f8
f850f8
f83af8
f827f8
f820f8
f816f8
f81ff8
f866f8
f8e6f8
f968f9
f9c3f9
f9e1f9
f9b5f9
f956f9
f906f9
f904f9
f96ff9
fa23fa
fabffa
fafbfa
fae0fa
fa91fa
fa2cfa
f9cdf9
f973f9
f8fcf8
f866f8
f7e6f7
f7a4f7
f7a5f7
f7cdf7
f7dbf7
f7a9f7
f748f7
f6d2f6
f657f6
f5eaf5
f587f5
f513f5
f49cf4
f43ef4
f3e7f3
f37cf3
f30cf3
f2a5f2
f243f2
f1ebf1
f1b0f1
f19af1
f1adf1
f1e3f1
f22af2
f267f2
f285f2
f27cf2
f23ef2
f1c2f1
f133f1
f0e2f0
f0f3f0
f142f1
f1a2f1
f20bf2
f279f2
f2e7f2
f359f3
f3daf3
f464f4
f4def4
f545f5
f5b4f5
f642f6
f6f3f6
f7b6f7
f87df8
f94af9
fa21fa
faedfa
fba1fb
fc64fc
fd51fd
fe4dfe
ff3bff
fffdff
005c00
005500
005400
00af00
013d01
01b401
021002
027402
02da02
033503
039003
03e703
041804
041d04
040b04
03e503
039d03
034803
030203
02cf02
02a802
028202
025902
023802
022302
020702
01e301
01b301
015b01
00cc00
004000
fffbff
fffeff
001e00
004400
007700
00bd00
011a01
01a901
026d02
032d03
03bb03
042b04
04a704
052e05
05af05
062f06
06bf06
075907
07f907
08b508
099009
0a550a
0aeb0a
0b8a0b
0c670c
0d840d
0ed90e
104e10
11b111
12e512
13ea13
14ae14
151915
153815
153715
154b15
159b15
161d16
169e16
16f416
171317
16f716
16ad16
164d16
15ed15
159215
153515
14c414
143814
139c13
12fc12
125212
119311
10cb10
100710
0f340f
0e450e
0d500d
0c700c
0baa0b
0af80a
0a4c0a
099f09
08f708
085708
07b607
071207
065706
056c05
046c04
038803
02d402
026102
023902
022002
01cd01
014801
00d300
009500
008900
008500
005b00
000700
ffb3ff
ff8eff
ff9cff
ffc1ff
ffdeff
ffe3ff
ffd2ff
ffc9ff
ffe1ff
001b00
007300
00e700
014801
016901
016401
016a01
018701
01c301
021b02
026202
027102
025e02
024602
023002
022802
022e02
022802
020902
01ec01
01f101
020602
01f301
01aa01
016901
015101
013301
00f300
00b300
007e00
002d00
ffb7ff
ff41ff
fecdfe
fe3dfe
fd99fd
fd09fd
fc74fc
fbb2fb
fadffa
fa17fa
f940f9
f86cf8
f7e0f7
f7b5f7
f7c6f7
f7d9f7
f7b0f7
f73bf7
f6a4f6
f615f6
f5aff5
f599f5
f5c0f5
f5ddf5
f5dcf5
f5ccf5
f59df5
f553f5
f538f5
f556f5
f561f5
f54cf5
f571f5
f5fff6
f6c3f6
f791f7
f864f8
f926f9
f9b3f9
fa0dfa
fa6efa
fb12fb
fbf1fb
fcb6fc
fd35fd
fda2fd
fe28fe
fec5fe
ff7cff
003e00
00c000
00dc00
00dc00
011d01
01c001
02b502
03c303
04b904
058905
062206
067a06
06b806
070307
074207
075607
075907
077807
07ac07
07d307
07e407
07f607
080b08
07ff07
07bb07
074e07
06dc06
067d06
062e06
05d605
055f05
04bb04
03fc03
035303
02d802
027802
023802
022802
023302
023c02
024e02
027302
029d02
02c202
02ea02
032503
037903
03ca03
040304
044604
04af04
052a05
05a305
061206
065c06
066d06
065406
062906
05e705
057105
04c504
041704
03a503
038103
038c03
039103
036603
030e03
029c02
021202
017101
00cc00
002600
ff77ff
fec1fe
fe0ffe
fd67fd
fcd3fc
fc58fc
fbf2fb
fb98fb
fb32fb
faabfa
fa06fa
f94ff9
f887f8
f7bbf7
f6fbf6
f657f6
f5d3f5
f55bf5
f4cff4
f42ff4
f389f3
f2d7f2
f224f2
f1a0f1
f162f1
f153f1
f15af1
f16ef1
f159f1
f0d1f0
efdaef
eed3ee
edf2ed
ed31ed
ec9dec
ec53ec
ec3eec
ec3aec
ec41ec
ec47ec
ec44ec
ec4aec
ec62ec
ec7eec
ecacec
ecfdec
ed5bed
edb8ed
ee19ee
ee73ee
eec6ee
ef2aef
ef9aef
efedef
f024f0
f069f0
f0c1f0
f0fcf0
f11bf1
f162f1
f1e7f1
f275f2
f2f1f2
f35cf3
f398f3
f38ef3
f354f3
f30ef3
f2dff2
f2e6f2
f31ef3
f35af3
f37af3
f389f3
f3aef3
f3fdf3
f458f4
f499f4
f4c7f4
f4f7f4
f52af5
f550f5
f566f5
f588f5
f5c7f5
f5f8f5
f5e4f5
f59af5
f556f5
f544f5
f573f5
f5c1f5
f5f1f5
f5fbf5
f603f6
f619f6
f643f6
f68ff6
f6edf6
f748f7
f7aaf7
f80ff8
f854f8
f87ff8
f8c8f8
f94cf9
f9fbf9
fac8fa
fbbbfb
fcd2fc
fdfcfd
ff27ff
004b00
016301
026302
034303
041804
050d05
063806
077a07
08ad08
09c609
0ac30a
0bb70b
0cc00c
0dd40d
0eb50e
0f3f0f
0f730f
0f630f
0f470f
0f5f0f
0fb50f
102910
10a810
112611
119811
11e911
11fe11
11d911
119b11
115811
111e11
110b11
111311
110011
10c410
107410
100110
0f470f
0e4b0e
0d390d
0c390c
0b570b
0a900a
09e709
094b09
089508
07c407
071607
06af06
066506
060306
059605
054405
051305
04f604
04f004
04f004
04c504
046704
03ec03
035203
029c02
01fd01
01a301
019501
01cd01
023502
02a402
02fe02
033b03
036403
038e03
03c003
03f403
042c04
046304
04a004
051505
05d005
069306
073007
07af07
082008
087f08
08d208
091b09
096009
099a09
09a609
096809
090309
08ac08
087408
085408
083e08
082308
07ee07
07a707
077007
075707
073d07
070807
06c206
067006
060206
057c05
050505
04ac04
045204
03d803
034c03
02c802
024c02
01ce01
015601
00d400
002600
ff59ff
fe88fe
fdc1fd
fd22fd
fcc9fc
fc95fc
fc5ffc
fc2cfc
fbfdfb
fbbbfb
fb6dfb
fb22fb
faddfa
faa6fa
fa87fa
fa7bfa
fa91fa
fad8fa
fb47fb
fbcefb
fc6bfc
fd1dfd
fdd6fd
fe72fe
fed8fe
ff13ff
ff55ff
ffc0ff
004d00
00db00
015f01
01ee01
028c02
031903
037e03
03b803
03d603
03ff04
045d04
04fd04
05d605
06c706
078407
07d707
07d307
079807
073207
06b806
064b06
05ee05
059e05
055305
04fb04
048f04
042604
03c603
035a03
02d302
023602
019801
011001
00a100
004300
ffeeff
ff96ff
ff37ff
fee8fe
feb9fe
fe9bfe
fe6cfe
fe22fe
fdc9fd
fd72fd
fd36fd
fd2dfd
fd57fd
fd89fd
fda2fd
fd9afd
fd76fd
fd52fd
fd42fd
fd3efd
fd3efd
fd48fd
fd4efd
fd43fd
fd51fd
fd9efd
fe15fe
fe96fe
ff0cff
ff60ff
ff8fff
ffbdff
001c00
00bb00
017901
021602
027702
02c502
033003
03b403
043504
04ab04
051b05
056c05
058a05
058c05
059205
059305
057a05
055005
051f05
04e404
04a004
045404
03f203
037e03
030403
028502
020102
018e01
013d01
010601
00d000
007f00
001400
ffa7ff
ff46ff
fef1fe
fec0fe
feb2fe
fe90fe
fe45fe
fdf8fd
fdc6fd
fda9fd
fd9dfd
fd9cfd
fd89fd
fd49fd
fceafc
fc74fc
fbe9fb
fb54fb
facdfa
fa64fa
fa1ffa
f9eaf9
f9a0f9
f942f9
f8e0f8
f869f8
f7d2f7
f730f7
f693f6
f60af6
f5bdf5
f5c5f5
f5f9f5
f620f6
f624f6
f5fcf5
f5acf5
f553f5
f505f5
f4b7f4
f45ef4
f418f4
f3fdf3
f401f4
f419f4
f458f4
f4c7f4
f53ff5
f59af5
f5def5
f621f6
f672f6
f6e0f6
f774f7
f81ef8
f8b9f8
f930f9
f979f9
f98df9
f97bf9
f971f9
f98df9
f9c3f9
fa0cfa
fa75fa
fb01fb
fba8fb
fc5afc
fcfdfc
fd74fd
fdb4fd
fdc2fd
fdb6fd
fdb0fd
fdc8fd
fe08fe
fe73fe
feebfe
ff58ff
ffc0ff
002500
007500
00b300
00f600
014601
01a701
020e02
025502
026f02
028c02
02d302
033103
037d03
03b403
03e703
041a04
045f04
04d004
055d05
05ce05
060906
061806
060506
05e605
05da05
05e105
05ea05
05f205
05fb05
060f06
064906
06a206
06ee06
071307
070e07
06dc06
068a06
063506
05ee05
05b405
058805
056305
052e05
04d704
046404
03ec03
037503
02f402
026802
01d101
012901
008300
000800
ffb0ff
ff61ff
ff23ff
ff0fff
ff23ff
ff45ff
ff4eff
ff29ff
fee0fe
fe74fe
fde5fd
fd61fd
fd1efd
fd06fd
fcdcfc
fc83fc
fc0cfc
fb90fb
fb0dfb
fa80fa
fa0ffa
f9e3f9
f9f0f9
fa13fa
fa3efa
fa66fa
fa82fa
fa98fa
fab4fa
facbfa
facdfa
fac1fa
fac8fa
faeffa
fb23fb
fb53fb
fb8afb
fbc0fb
fbd8fb
fbcdfb
fbb5fb
fbadfb
fbc4fb
fbe9fb
fbfcfb
fc04fc
fc1dfc
fc49fc
fc7efc
fcb9fc
fce3fc
fcdefc
fcadfc
fc7bfc
fc6ffc
fc94fc
fcdbfc
fd34fd
fd8cfd
fdcffd
fdfafd
fe18fe
fe35fe
fe5cfe
fe82fe
fe7afe
fe45fe
fe1ffe
fe31fe
fe7dfe
feeffe
ff61ff
ffb1ff
ffe3ff
000e00
003a00
007100
00a800
00c900
00dd00
00f500
011401
013d01
016e01
017e01
015701
011401
00d500
009600
004900
ffe3ff
ff6bff
fef9fe
fe9dfe
fe55fe
fe20fe
fdfbfd
fde7fd
fde1fd
fddbfd
fdbbfd
fd86fd
fd59fd
fd39fd
fd2cfd
fd3ffd
fd5bfd
fd59fd
fd39fd
fd26fd
fd30fd
fd56fd
fd97fd
fdeafd
fe2efe
fe48fe
fe4bfe
fe5efe
fe87fe
feb9fe
fef4fe
ff48ff
ffa9ff
fff3ff
001600
002100
002d00
004200
006200
009000
00d300
013601
01ba01
024502
02b402
02ea02
02e502
02b902
028002
024402
021602
021b02
025402
029802
02cb02
02eb02
02fb02
02f202
02b802
023b02
018c01
00cf00
001800
ff6dff
fedbfe
fe61fe
fdfffd
fda5fd
fd32fd
fc97fc
fbf1fb
fb5efb
fae4fa
fa8dfa
fa49fa
f9e9f9
f950f9
f892f8
f7cff7
f71df7
f687f6
f5f6f5
f55ff5
f4e3f4
f4adf4
f4c1f4
f50cf5
f572f5
f5c0f5
f5d6f5
f5ccf5
f5c9f5
f5cbf5
f5bdf5
f5a3f5
f595f5
f59cf5
f5b7f5
f5def5
f612f6
f653f6
f6a3f6
f70cf7
f794f7
f829f8
f8aff8
f91ef9
f988f9
f9faf9
fa64fa
fab5fa
faeffa
fb27fb
fb63fb
fba4fb
fbfcfb
fc64fc
fcb8fc
fcedfc
fd22fd
fd63fd
fda1fd
fdd3fd
fdfbfd
fe12fe
fe15fe
fe13fe
fe28fe
fe56fe
fe86fe
feb8fe
fefeff
ff4dff
ff75ff
ff5eff
ff0dff
fe91fe
fe05fe
fd8efd
fd2efd
fcc9fc
fc5cfc
fc09fc
fbdefb
fbcbfb
fbc3fb
fbc6fb
fbd1fb
fbd5fb
fbc9fb
fbb0fb
fb99fb
fb83fb
fb65fb
fb50fb
fb71fb
fbddfb
fc74fc
fd14fd
fdacfd
fe2afe
fe8cfe
fef7fe
ff86ff
002600
00cd00
019301
027102
032d03
03a003
03d603
03ed03
040104
042f04
048c04
052005
05e405
06ce06
07d407
08e608
09f709
0af00a
0bbe0b
0c670c
0cfa0c
0d7c0d
0e030e
0ea60e
0f520f
0fda0f
103210
107610
10c010
110711
113011
113411
112211
110211
10d510
10a510
107f10
105e10
103310
0fde0f
0f480f
0e810e
0dbb0d
0d220d
0cc10c
0c740c
0c110c
0b9a0b
0b250b
0ab50a
0a430a
09cf09
095909
08da08
084d08
07b907
073807
06db06
069e06
067406
065106
062406
05ea05
05b205
058205
055905
053d05
053605
053405
052905
051105
04fd04
050d05
054a05
059b05
05e605
061f06
063a06
063a06
063006
062306
060b06
05e705
05c405
05c005
05ed05
062e06
066306
068206
068906
067206
064706
061606
05ea05
05c905
05aa05
057f05
054d05
051e05
050505
052305
058005
05ef05
063a06
065306
064406
