000000
000000
00000a
000013
000013
00000e
00001e
000048
00005e
00006c
0000aa
000119
000187
0001f0
000265
0002e9
0003a8
0004b3
0005ce
0006ea
00084e
0009fb
000bd1
000df2
00107e
001353
00165a
00199d
001d37
002142
0025b6
002a9a
003008
0035f0
003c1f
00429b
004998
005130
005962
00621e
006b6d
00757e
00803d
008b64
00970d
00a358
00afcd
00bbc5
00c6d4
00d06f
00d79f
00db02
0120d6
014268
010d90
00e46c
014977
01c609
015869
00be38
0157fc
0226f5
01f5b9
01a605
017ee7
012629
01abd1
02c4e0
027ac1
019779
01e659
023898
01b467
01d0cb
02abba
02f8e4
029ec9
023123
0211d0
02493b
024565
023373
02d60f
035b0d
02c552
020964
021854
029ed4
0305d4
02c7aa
025ecb
02d61e
0318d4
020574
01b62d
03343d
03dcf8
02bf2b
01d521
01e164
0286eb
035972
032ca6
0227e4
02287d
03068c
03075c
024bda
01ff97
0252e5
02d59b
02fe58
02c706
02a455
028601
025736
027d99
02ac9a
027c40
028e22
02cfe3
02904a
02854d
031bbb
031a80
026a8b
0241ad
0283df
029c87
02dccc
032881
030098
02b07c
029f84
02b69c
02dc08
02eea4
02cf6f
02c460
02fd92
030fff
029ff9
0261df
0312b4
03afa9
02ff8f
0226b9
028efa
033ba0
031db2
02c7b7
028c9e
027db1
02f73d
0338e3
02a01c
026012
02da13
02d28f
0275b1
0290ec
027f31
023186
0273d4
02ab49
0259f1
025fd1
0295f9
022357
01c6ae
0218e3
022da4
01d68d
01d8f9
01ff6a
01e269
01e402
01dea4
016470
012df3
01abe9
01c496
011dae
00ee33
01467e
013146
0119c6
014cea
00d144
002d23
00c8aa
01662a
008eee
ffcbc0
003df8
00a173
005796
fff9a5
ffd927
002b8a
0086bc
ffee4d
fef2ce
feebd9
ff8666
fff189
fffd27
ff6152
fe9cec
fec88a
ff5bd5
ff2190
fe8a6e
fe725c
fec176
ff0b24
fecf4c
fe1a5e
fdf1fd
fe8b64
fed418
fe5028
fd9c88
fd8112
fe317d
feadfc
fe2b80
fda892
fdc98b
fda348
fd5c46
fdeb3c
fe7ca6
fe0ea5
fd5944
fd1108
fd5bd3
fe433c
fea744
fda6a7
fcc6a2
fd5380
fe2547
fe38df
fe0651
fdced5
fd9c7c
fdc270
fdff8c
fdd6d9
fda1d1
fde102
fe65b8
febc65
fe8ca5
fde41d
fd6886
fda796
fe5daa
fedd07
fed0d2
fe65d1
fe1e43
fe434f
fe8309
fe6718
fe1bac
fe4be4
feeca6
ff03bc
fe5b4d
fe1d07
fe8a42
fe787b
fe0087
fe4e93
fecc32
fe6ba7
fe2a59
fea424
fe8040
fdabe6
fd89fd
fdddf0
fde1e0
fe3adb
feaf21
fde44c
fca25c
fcd389
fdefa9
fe1273
fd2e3c
fc9753
fcd801
fd34a2
fcfc21
fc8ceb
fc75dc
fc7a94
fc56be
fc4330
fc4c36
fc3702
fbe844
fb6e68
fb3561
fbab07
fc29a1
fbb0f7
fac41b
faaa32
fb5d98
fbb352
fb2859
fa576d
fa21f4
fab80d
fb4e60
fb0c68
fa613d
fa5003
fa93b1
fa52ef
fa190f
faa542
fb1194
faa27e
fa31a3
fa3240
fa22e9
fa37d8
fac64d
fb2dde
fb0e63
fabb3f
fa5b95
fa343d
faa408
fb42a2
fb74fd
fb630a
fb5146
fb2635
faf98e
fb4645
fc2ad8
fcbc39
fc05fa
faf832
fb4efb
fcab0f
fd605c
fd35dd
fcf0ef
fcaef3
fc6f46
fca32e
fd5ee4
fe1454
fe5c10
fe5d63
fe231b
fd9f65
fd81bc
fe6220
ff629e
ffaa4d
ff9606
ff2e2d
fe7054
feaeea
0037dd
011863
007f8a
ffbfb6
ffc1a2
006caf
0116e4
010956
00e170
017854
01cd33
01320e
00e049
01507a
01da4a
027ea9
02d1b2
022cad
01a66f
021fd1
029310
0294f7
02d1ac
02ee0c
028198
02502f
02c944
03786e
03d007
037279
029feb
02362f
0292f8
034e84
03df2a
03df23
03647d
02eecc
02bd0b
02cb86
032b3a
039577
0381f4
030e83
02ec29
032c77
0311b0
029ccd
02ca74
036c82
034432
029c85
028486
029a57
0299e0
0307d9
031fc3
025a2f
022c5f
02b7c9
025b0e
01b593
0255a5
0326ae
02e17f
023c66
01c606
018b3f
01ed39
0289d6
029dc2
025de2
021547
01bc33
01b14b
020ae4
0249b6
02726c
02a18f
025277
019128
015da7
0203e2
02b327
02dca6
02a8f8
023f7a
01db93
021db0
02dd5e
02f4f4
027377
027ef5
02e0c4
02ccd2
02bba5
02ee31
03086e
0376b0
03f732
0351cf
026001
02e73d
040aff
043c8c
03e060
039ac9
0390ec
0404dc
04768a
046161
045cc1
048018
043540
0400b8
047040
04eaa1
052e37
05618b
05242b
04a061
049d27
051048
05677f
0567a7
053eba
0561f0
05b72e
0574fe
04e016
052882
060880
0642e2
05bcca
051463
04c7a2
0528ce
05d538
060e59
05d929
057f0c
050933
04d847
051916
055ac9
057c01
057aa3
04eab7
043e74
04821d
05249b
04e436
043265
04127f
045c9a
048900
044033
0372c3
02fc64
03895e
03ffc7
035f96
02a332
02c9d2
033231
030667
024f1f
01b129
01d553
025270
020d37
014f95
014264
01976e
016bd6
010af7
00c920
006d7d
004af4
007b79
004058
ffcd8b
000c5d
005ee6
ffd438
ff533e
ff8e79
ff86ba
feeea3
feb604
fef37a
ff309f
ff64fc
ff1416
fe2f24
fe2997
ff3113
ff4ae7
fe3ce9
fdb8d0
fde64d
fe3c60
feeba3
ff1c26
fe1b78
fd85db
fe2a13
fe8fb5
fe5c2a
fe440d
fe05b7
fde049
fe54b8
fe5532
fdc1c7
fe2268
fed5ce
fe5448
fdd85c
fe6669
fe90d7
fe0c4e
fdff63
fe248f
fe0c0b
fe495a
fe8f90
fe48fb
fe44ce
fed785
fecb2c
fddef2
fd6867
fdeba8
fe7f6e
fe9403
fe747c
fe481e
fe0f6f
fe0256
fe2e2d
fe6928
fe8654
fe0ea7
fd22cf
fd1329
fe134f
fe9394
fe4c88
fe3aa1
fe069e
fd4989
fceaf9
fd10e9
fd471d
fdd22c
fe309b
fd8a2b
fce6c5
fd1de1
fd33d4
fce55e
fccab0
fcaf4b
fcc341
fd4c19
fd30ff
fc5487
fc23f5
fc6b58
fc45e3
fc6b28
fcdba7
fc65aa
fb903e
fb8911
fbf82e
fc6655
fca3c3
fbeefa
faad01
faa97f
fbe847
fc8c79
fc0a74
fb5be4
fae632
fa9e05
faf2ee
fbb244
fbb6dc
fb0078
fac1f2
faf700
fae409
faeae0
fb3bc3
fb1313
faa6bc
faa4c1
fa9a7e
fa77fd
fad519
fb165d
fac098
fab6f5
fae382
fa7367
fa439e
faf7a7
fb2bb9
fa6a3a
fa1cf7
fa9895
fafeb4
fb2037
fb14c6
fad13f
fab9e4
fae396
fabe76
fa7386
fac4ff
fb770b
fba67f
fb4e94
fb0784
fb17b4
fb5d25
fb7f50
fb487b
fb2f4c
fba36e
fc29b0
fc1dfc
fba30e
fb4c68
fb9b7c
fc81c8
fd09fd
fc7cd0
fb8b88
fb4d5c
fc003a
fd2e33
fde46d
fd5d31
fc320e
fbb49e
fc295d
fcf661
fdbb48
fe17fe
fd9731
fc9cef
fc5760
fd2566
fe025c
fe15a5
fdab2a
fd3e9f
fd1fc3
fdb05c
fe5e85
fe2571
fd9d53
fdd173
fe0d39
fdd206
fe1512
fea682
fe63ed
fdc85a
fdd282
fe4fda
fedcf0
ff2f1f
fecc68
fe145e
fdda61
fe394c
fef3a9
ff9f00
ff8c78
feecd7
fe8f91
fe8d64
fed9a3
ff804e
ffd722
ff9d82
ff92d0
ffa48a
ff5267
ff55ae
00034c
00665c
00533c
00495d
0014e3
fffbbb
00a61a
01408d
00d3cd
00674c
00e6a6
0166e3
014715
014985
01ad49
01d1b3
01bf6d
01d1dc
01c879
01d2cb
02831d
030a57
0271ce
01e7bd
029826
0366ac
03526f
02f94a
02e5d7
03166f
037c32
03ab46
038859
03a4e7
03f8ee
03f966
03e649
04190f
043971
04159f
03fc0d
0436a8
04b4fc
04febf
04c142
045dd7
043e97
048e7f
0543b4
05820c
04a775
0410bf
04edd6
05db2d
059433
050a0e
0505d1
051053
04f93c
0501c7
0552de
05ea5f
06380e
05a8ae
04d3dd
04b890
05531d
05f2fb
061425
05bf3e
057f20
058068
05762b
057e2c
05c38e
05df6a
05b895
05b352
05ac6c
0572bf
05760f
05c4b2
05e39c
05d9a7
05d493
057c80
04ef6a
051499
05fe8c
0672a6
05c349
04e599
04ec4e
057e72
05a298
054c2a
052fc7
057ec8
059401
050b1d
048d28
04ebf4
05b11f
05b23d
04df38
044fea
0493a3
050947
050d7b
04e1ca
04f26d
04f5a8
049789
045b3c
04a95d
04f2f7
04ac0a
0438d9
044400
04c7fd
050913
048869
03fc07
04610d
051fb0
04d360
03d74d
03b932
049b40
052edc
04d1a7
0424f4
0401ea
047684
04bb77
04645a
042662
0489b9
04d626
04710a
04118d
045555
04a076
044b0b
03dbe7
0432eb
050010
04fcd7
03ea60
0336e9
03c971
049d6a
048b54
03ee69
03a4f7
03b8fb
03b223
0383d9
039781
03dff9
039f72
02d68e
029897
031e53
034cec
02bc7d
02534f
027feb
0295c4
0212a8
01781c
018312
01f8d1
01f0cc
0145a2
00aabe
008323
009e90
00b154
00796a
000875
ffb72a
ff8fb8
ff562d
ff200d
ff079c
fedd7e
fe990b
fe56d2
fe1272
fdd8eb
fdc262
fd8ddf
fd0ce0
fcc254
fd0a8f
fd3acc
fcac68
fbe0ba
fb9b46
fbcd37
fbfde4
fbf9fa
fbad80
fb171a
fa8026
fa5f5b
fad683
fb3a89
fac317
f9faeb
fa05c2
fa7fb2
fa3505
f97642
f953cb
f9a6c5
f9b8c1
f9907b
f99011
f9aa55
f9879a
f921ac
f8e61e
f8fc1d
f9190c
f929e9
f93f9e
f93e0b
f9351d
f91fb0
f8c006
f89590
f9419a
f9f088
f9a5d9
f8eaa9
f88f23
f8abda
f943ef
f9fc27
fa1236
f99973
f945f6
f94449
f9681a
f9b662
fa2e37
fa7998
fa1a90
f96a33
f98841
fa64bc
fad5a0
facf19
facfab
fa7f44
fa15f5
fa4bd7
fabbcb
fb2643
fbe284
fbe4ab
fa996f
f9fe04
fb0e4f
fc221a
fc5c72
fc0666
fb2976
fabb55
fb939a
fc5726
fc1ec2
fc1a3b
fc7fdc
fc23c7
fb3332
fb0db9
fc35c8
fd93b5
fd7185
fbc4c0
faa188
fb4be6
fcb839
fd58b2
fcc73e
fbfce1
fc00c1
fc2ca5
fb82b4
fb27ed
fc6062
fd8f5c
fcb9e5
fb19fb
fb0d01
fc32a8
fc6ea5
fb8ea5
fb2dad
fbc0a4
fc5bd5
fc36a0
fb2854
fa47c0
fb295e
fcb7cc
fc6c85
fafadb
fa9081
fac1ac
fadf43
fb8f16
fc1437
fb8bdf
fb2d2e
fb482a
fabbeb
fa4d15
fb2cd7
fc3374
fc22ae
fb716c
fad40d
faaf97
fb2a3a
fbfb14
fcb3e3
fc9bb2
fb741a
facbee
fbb907
fcae8e
fca982
fccc53
fd2442
fcb73e
fc33cf
fc88f7
fd6a39
fe64a4
fe943b
fd559c
fc8451
fded41
ff9b4a
ff4b9c
fe4e0f
fe7efc
ff55b6
ffc049
ffbb47
ffb579
fffe99
00744a
009557
006a29
00be19
01ac09
01fd09
011c11
00a348
01f180
038555
033f0e
01deea
019848
02bf4f
03e5b1
03f49c
034bac
032a0a
03e86b
0463d9
040044
03d192
04a1ec
0560fa
04e542
03ee17
040bcb
0534eb
0603e4
05de24
054e68
04ea9e
0503a4
0573b0
0589d6
056027
05dfec
068225
05eaa1
04d093
04e4a0
05d5e3
064f57
060a78
057195
050f96
053701
0572c9
056210
056494
057370
0536dc
04f24a
04c3e5
048051
048763
04caf5
049793
043e8c
045d38
045396
03d407
038ed2
038b38
037f3a
03ae61
03c765
033a6a
028f9b
0275be
02cdbe
033ada
033547
027d37
01d712
01e636
02377a
02569d
023d9e
020391
01df1c
01caf1
019907
01a554
0208b5
020d0a
0192c8
013b38
0137ea
019959
0236aa
022e45
0176f3
014777
01b0f0
01e112
01f45f
02063f
01cdfe
01c609
021b3d
021f03
021f21
02afdf
02e041
022d1e
01cbd3
0262a3
032869
035603
02e179
027ece
02d8fe
036a19
036f88
034db4
03904a
03d48c
03a010
033b3a
0343d2
03cea1
044e02
046926
0452e2
042f34
04174b
041e2e
03fc53
03dc71
048228
0566b1
053012
042ca9
03b3b4
041ebd
04e9fb
055083
04f7e8
04a87a
04c295
04659a
03d9cf
0464d0
055f93
056381
04c76d
04307b
03c965
0423cb
050593
0533a9
04a22f
042908
03e83e
03c004
03c384
03ed30
047286
050865
04890e
032325
028f9d
0337d7
03d7c1
03c811
036d52
033210
031cd7
02f2a2
02b685
02b6c3
02c7db
0285e0
0227c2
0208e1
020ff3
021c76
022476
01f161
018583
013764
012b50
011b4d
00ea29
00db4b
00f500
00c808
006a51
005bea
004b86
ffc5a8
ff840a
ffee17
000505
ff6ecc
ff0d91
ff0c70
fef94c
ff07ce
ff401b
feff8b
fe43f5
fdd1ed
fdf5f1
fe493f
fe62ee
fe2485
fdae90
fd54c6
fd63e6
fdb787
fdc5b7
fd4aec
fca739
fc68fe
fcc250
fd45b8
fd3b67
fca19b
fc43bc
fc5f57
fc61e4
fc20fb
fc112c
fc4829
fc53ca
fbfc3e
fba187
fbab60
fbe52c
fbdf9e
fbb1c2
fbae21
fbc077
fb9af9
fb2b9b
fae478
fb493f
fbedbd
fbd761
fb1db0
fabd6e
fafbab
fb65b0
fb90b3
fb43fe
fac4c6
faab1e
faf564
fb3ccc
fb5116
fb22d5
fae7d5
faf873
fae382
fa4e70
fa400a
fb51f9
fc1101
fb59ce
fa1c4c
f9a682
fa28e6
fb1876
fba947
fb62d9
fa9c98
fa01ea
f9d640
fa1fc0
fae55c
fba38c
fb5239
f9ec5c
f903ae
f9a860
fb0e0f
fbbb51
faf3f0
f977eb
f91095
fa0e84
fabf0c
fa9b7a
fa9199
fa42f4
f94032
f90d2c
fa3359
faf579
faa77e
fa2634
f98708
f8df2b
f916ee
fa394f
fb2c14
fafe61
f9a718
f87851
f8f92d
fa65e8
fac37c
fa23b7
f9db04
f9e956
f9d27a
f9dcb4
fa06c7
fa1ff5
fa7c75
fab8ea
f9f573
f94714
fa571c
fbbc1a
fb3721
f9f2b8
fa1c2c
fb0f65
fb330d
faab84
fa96cd
fb8d82
fca6c3
fc1a53
fa6acc
fa5d6d
fc4199
fd555d
fc90b0
fba4e2
fbce0c
fcc065
fd6eca
fd108d
fc92c1
fd4b55
fe24af
fd787c
fc9c8f
fd8de9
ff3514
ff684d
fe4c71
fd8bbe
fe149d
ff4c03
ffc939
ff5111
ff3b27
ffea1c
000d03
ff8d56
ffba83
007517
00b8e4
00ae13
00a0ff
007ede
00df57
01aa74
019578
01031d
0163f7
01fea0
01b528
01781b
01e05d
022bd5
0259ce
028f05
0252ef
0217eb
0279c6
02c297
02a9ff
02bf89
02a68d
023f40
02a325
039cf8
0399ea
02b1f9
024405
029c17
034f16
03cd4b
034b4b
0246ac
026a0b
036d9a
037a50
02e42a
03283f
039243
03001c
025355
0266ab
02f046
03a593
03beea
02acb6
0203a3
02d9ee
0369ec
02e08a
02a6bc
02ce6d
02a879
02d182
03074c
028847
027889
033952
031cfb
025458
0278b6
02fdf0
02e2f1
02aec8
02a742
02b4b3
0317cd
034d05
02de18
02a579
02fac0
03250d
031c9e
0318d9
02e944
0309d3
03c78c
040e9d
036f41
030f7a
035d65
039137
038ef5
03e034
044c16
044d23
040418
03ce90
03d5f0
04397b
04aad0
048ca7
0434b1
0465a1
04ae56
04778d
046608
04e2bf
0543f8
051c09
047f2f
03ed8d
045950
057755
059ee3
04bb57
04580e
04a57d
04d89c
04e200
04cfe8
049472
047b68
046927
04335d
046ada
04f2d5
04abf5
03ab78
0341d4
03d147
047eb5
046a9d
039380
02de1d
02fb77
037104
0385ca
034e58
031dac
02c783
022bec
01f4d4
029934
033333
02bfa3
01bf62
013a8e
016c8f
01fd88
024177
01cb63
0138c6
011cec
010c7c
00fb1c
0143e8
016c6f
01054f
009f86
009bac
00baa9
00c48f
008e12
004dc6
0085c7
00e238
00b91a
0052a0
0037b4
0058ee
007a37
00654b
0027d7
003c7b
0090d4
009333
005a22
005169
0077f1
00ac15
009c2d
002ab9
0013bd
00a000
00ec8c
00bd9c
00a31e
00a9b1
00bf13
00e3e2
00c1ee
009c1c
00fb96
013ed8
00f576
00d984
01085d
012513
0167b8
017ce2
0110cf
010c43
018646
017718
013954
0181a2
01a006
016bf5
017d5f
01925e
01a65c
020364
01d58f
00f570
00d8ff
01b17c
023f9f
022fb5
01aba7
00f3ea
00f875
01b534
01ce1d
0138ba
011672
0159d6
01562c
0117a3
00e1c6
00d311
00f0dd
00f887
00bb0e
0061ed
00174e
fff83c
0014dc
0041d1
003acc
ffd1f4
ff43fa
ff2863
ff6012
ff2343
fea84c
fe9a79
fe9715
fe4690
fe3d4b
fe6929
fe1f6e
fd8218
fd003d
fce0d8
fd5470
fd8809
fca425
fbdbdc
fc6070
fd052d
fc8989
fb8c55
fb112b
fb632c
fbec51
fba1fe
fabc3c
fa92f9
fb21f7
fb28da
fa81cf
fa164a
fa72c1
faef88
fa56e7
f90ceb
f8fe7d
fa375a
fabe07
fa1502
f96271
f92aaa
f94af7
f966f3
f91c4a
f8f98c
f98607
f9d7b1
f94067
f88894
f87408
f91654
f9d7dc
f97b8d
f83165
f812b5
f96896
f9f1d3
f8fda1
f84153
f8b36e
f979a7
f96f14
f8b786
f89365
f95ec1
f9f2d3
f99134
f8c4e3
f88672
f96ad0
fa94e5
fa6725
f93b1d
f8ef0b
f9c913
fa9594
faa63d
fa30c2
fa1779
fabbdb
faff22
fa8387
faafb7
fb9151
fbcc48
fb8b53
fb7872
fb5b61
fbbe32
fcd376
fd13ea
fc4fe6
fc4737
fd10cb
fd721b
fd59fc
fd3fc1
fd7ed3
fe4cbd
feaef2
fde70a
fd6bd8
fe6578
ffa051
ffd6ee
ff2a76
fe58a1
fe65a6
ff847c
005dbf
0018b4
ffae1f
fff865
004eda
ffeb3c
ff7734
001a3c
013c60
01370c
002a68
ffa898
0025c7
00e556
0135d5
00dd0a
006d7d
009407
00d545
00952a
00454a
005c14
00b8ef
0111d5
0101f9
009b89
006e18
005313
00093b
00404e
00e479
00e394
00730d
005d2d
003edb
000847
004d1e
0092ae
005c6a
005819
00928b
0057f7
ffeb55
fff1e3
005a84
00d1b5
00ebc4
006dbd
ffe6ec
ffed06
005354
00c811
011606
00fe1a
009afd
004acd
003b01
00931e
012f5d
016f65
012a24
00e3f7
00dad1
0107f8
0168db
018c34
013c3a
012fa0
01b83f
021406
01d339
017453
0178d4
01ed8f
027712
029205
023a00
01f42a
0214a4
0275e5
02bbdb
02bac0
02bf65
0306f8
0319e6
02b7fa
029fe9
033a19
03b93a
0383d7
033062
035e39
03b819
03bdba
03a28c
03c350
03f39e
0404ca
04283e
0461e5
045d0d
041295
03e917
043a43
04c4c7
04d599
048a15
04c0b5
0515a6
047dd4
03d11c
0473c4
059954
05d4cb
051e55
04222a
03e0dd
04dbeb
05ae8a
055069
04fc52
052f0c
04b036
03c6ba
03f162
053307
064c14
05d87c
03dfce
02d6a6
040669
05238a
04d1da
047a1b
0485ef
04447a
03d231
033570
030a36
044e5e
052b9d
03b219
023e88
02d3a8
03952d
036ce0
0320fa
02cb58
02e574
036782
029c32
013366
01b9e8
031bc1
0307c4
023c86
01c890
01a6aa
01f2a3
01bb65
00c6a2
0144e2
02f224
02a59b
00a5cd
ffdc2d
00c4ed
020876
0259a2
014598
007cfc
0107f8
012596
0075ec
00af06
0195ed
01d4cf
01530b
005c24
000779
0135a8
021017
013662
007859
00cb93
011870
013ec1
015961
012e42
015c2f
018adc
00ceb6
008494
0186da
0201cd
017850
012de1
012ae3
015227
01c237
01a030
01225e
017029
01bcfc
015250
015aee
01dd91
01e00b
019bb7
0140e0
00e613
0154ec
01f389
0196c2
013dba
01a86e
01b539
013476
00de80
00bc77
011676
01b739
0161bf
0098e5
00c969
012baf
00d12d
00812c
0082b7
0077d5
0074af
004192
0000ac
0061e3
00b2e5
fff878
ff25df
ff395e
ffb8b9
000442
ffa38f
fecdfd
fec855
ff6dfa
ff27eb
fe5a95
fe6f44
fed17d
fe9ef8
fe3745
fdd853
fda8e7
fdf62c
fe363f
fdeb43
fd9625
fd67c8
fd0ceb
fcb746
fcb62f
fd1114
fd8cfc
fd7763
fc8389
fbab77
fbb7b3
fc3949
fca136
fcb719
fc5799
fbb3e0
fb3b84
fb1d56
fb52e9
fbbaaa
fc051e
fbc9e5
fb05d0
fa7738
fab641
fb1416
fad419
fa8b66
fab5c7
fad595
faa785
fa49b1
f9d26a
f9cab9
fa4e00
fa6a87
f9fb77
f9d843
f9caa0
f94f58
f914b5
f9859e
f9f040
f9e4de
f97331
f8dbdb
f8b912
f910d3
f91bd3
f8e5f6
f91aba
f9641a
f8f9d5
f848db
f861d0
f92a7d
f950cc
f87fcc
f82c6b
f8ebef
f94b64
f8a5ed
f82395
f86e57
f93382
f9d446
f959f2
f81164
f80cbf
f9768d
f9e1b3
f8e2b9
f8ba9c
f9ee6a
fa8050
f978f9
f88a4e
f977e8
fafbff
fa9ee7
f936c6
f976ab
fb2a64
fc0ce2
fb448e
f9bd50
f972d6
fb629f
fd0767
fc18ba
fafde1
fbdda6
fc71cf
fb6ac7
fb23d9
fcbf3e
fe8f96
feaf56
fca656
faa550
fbac8f
feab1c
ffd425
fe9e88
fd84c4
fdae1e
fe2715
fdffd0
fe0197
ff7fe1
0124cd
005892
fe1537
fd8f42
ff2340
00d1ac
0152d2
00b1ec
001622
006118
00a94c
004710
0064ec
017c2d
025070
021733
014860
00e80e
019b36
028c8e
029585
023ed7
02793d
02f7f3
030b9e
02839e
0216e0
02e848
044c67
044e9c
033df5
02e85b
03529c
03b6d2
040e51
0437e4
0447c7
047276
041829
036de3
03d1b2
04c90a
04d969
047c7d
046057
042199
0418e9
047ebe
048265
0459d2
04973f
047f24
03febf
04105c
0466df
044c65
040b48
03d6ff
03cd69
041578
040c33
0397dc
03adeb
03db30
031f1a
02a860
0369e9
040268
03950b
02c82e
021416
0211bc
030e85
039c37
02c380
01f79e
022901
023b2b
01d330
01e99e
026e8b
026dfd
01d042
013b96
013e21
01f071
026117
01a9d8
00c18a
010347
01d1c4
01e87b
014b6d
00c05f
010863
01d114
01a514
00bf24
0102e0
01c9b5
012cbb
007529
012f5a
01f22b
01c978
013b0e
007255
008ea5
021c78
02953e
011f3e
00745c
0126a8
01b67e
0240d6
025d0a
0161a2
00ff83
019817
0194b1
01dc2d
0304e6
02c3b7
017c3b
017cf5
01e7ea
0215e4
031e64
0398e6
0285f4
01f689
022e4f
022f43
030fb8
0439da
03c8fd
030d25
03147a
029736
027d38
03cdd1
049c5a
048236
048208
039dc6
0279fc
037643
0514bb
05026b
04a1ab
04ba9d
044a67
03ff92
046c3e
04af9e
050395
059d75
056d04
04b452
04776d
047e11
04ca02
059515
05dacb
05517c
05044b
04ec02
048e6c
04a66f
0555ab
058c24
052b50
04f0f7
04dcc3
04a5c4
049009
04a4a1
0480ff
045b1d
04979d
04ad2e
043ff5
03f9f4
03fa6e
03b546
037982
039701
038f70
0368c0
035660
02fceb
02ae25
02cc76
02a614
0246f4
027309
026b99
01b5ca
016b2b
01852a
015b6a
019342
01dbd8
011e6f
006614
0090bf
005d89
ffdfff
004195
00b539
00665a
ffe6f0
ff4644
feb1c1
ff0900
ffc28b
ffaedc
ff16ce
fe8793
fe1b69
fe2f75
fe8799
fe8f69
fe982a
fe9852
fdd29d
fcdacb
fce267
fdaa89
fe415d
fe3058
fd73eb
fcac19
fc8183
fcaed9
fcc4da
fd0a96
fd83e4
fd600b
fc47aa
fb53c8
fb9f38
fca8ca
fd4359
fd1a5b
fc58f2
fb7558
fb516a
fbeaca
fc2186
fbf17d
fc531e
fccf26
fc1a6a
fab690
fa7e97
fbe811
fd405e
fce653
fb61ae
fa6781
fab392
fbaa91
fc4b30
fc437f
fc1e24
fbe00e
fb0703
fa4528
fabee1
fbec59
fca7f9
fc6eb6
fb1c83
f9c128
fa110e
fb8417
fc5ac1
fc52c3
fb91aa
fa2764
f94647
f9a650
fabbe1
fc4314
fcef6c
faf14f
f8454c
f8447e
f9fcc4
fb14e3
fb7d8f
faf745
f95c1a
f858bc
f888f7
f910e8
fa18bb
faea06
f9f1bd
f85273
f7c92a
f7ca59
f86cca
fa0340
fa56b8
f886c6
f72e65
f76b09
f80bce
f8b316
f91088
f89ded
f82b78
f808eb
f7889b
f784f1
f8a5ca
f91fa4
f82f3a
f7a3f3
f83d1d
f8e8e7
f8f41c
f87728
f810e7
f87845
f93c79
f98134
f97f80
f98c6a
f95cbe
f922e7
f95bf2
f9f008
fab391
fb636a
fb3447
fa3ede
f9fa18
faf28d
fc0a51
fc72e8
fc5fb7
fc1a51
fbec66
fc34db
fce948
fdabbd
fe2b1a
fe0d6e
fd7a76
fd811f
fe777e
ff0c24
fec179
ff0d9c
004031
008b0f
ff84d7
ff12b4
000f67
013fb7
018d53
012fa3
01221e
01cae9
0229ef
01a49a
01757e
02638c
035f18
0396da
0346c6
02d361
02dc7a
037e33
03d970
04027b
04b72c
050dc6
044510
03ac23
040ca5
04d832
05da5c
063f6e
053043
044d81
04f9df
05a680
058bcb
05ce26
063848
05fe8a
05ac72
057a8c
055b61
05e49e
067c24
061d79
05b5e9
05f127
05e112
058cfd
059add
059671
059476
061d55
064350
0578b0
04e6fb
04eba6
04e516
04f8bd
054619
055fdb
055b37
05109a
040dce
03664a
042187
04e675
047884
03e58c
03eab3
03de31
0397f7
0351eb
02f4ac
0313ad
03d571
03be01
028440
020c60
02b79b
030dd9
02d04e
02852e
022258
0213df
028113
026e83
01d80f
01b3a2
01dbe5
02084f
026a67
024ddc
01854c
014c01
0197b4
018519
01b662
027282
028ef8
01d8c6
010176
008073
0128f6
02c531
035824
02532e
0143cd
010182
01639b
020bc7
026669
02b1ab
031ee3
0282bc
011a37
011753
0286dd
038cc7
039d85
02fbd3
022dba
02422c
02c7e1
02a3db
02d7d5
040d80
048caa
03a189
029c7c
027eb3
0377ec
049337
047431
03efd2
0447eb
045d7d
03a982
03a3b7
046228
04f6aa
05741f
0578dd
0498aa
03f467
04239b
04949e
055b86
0639ad
062371
053615
046b7d
045055
051536
05f492
05e94c
058ca8
058451
053467
04d8e3
0535ee
05ad15
05b166
057ef9
050070
04b3ff
0537a6
05821e
04ee9d
04b6ee
052279
0521b1
04bc44
0489aa
046239
042699
040c1c
0440a7
04ace6
04ab89
03f67b
034dd2
0319d1
031d6d
036e17
03d0a9
03a349
0312f2
029664
02454c
02580d
02a4d5
028d82
023de0
0225ce
01f3dd
018c99
013ae3
012a80
017fd2
01c634
0139db
008c85
009812
008f4f
002d9d
005005
008bcb
002dd1
ffd237
ff98b5
ff3080
ff45d7
ffc777
ffa739
ff0f66
fea61d
fe5d03
fe50c4
fe74e1
fe6cda
fe8061
fe9213
fde957
fd3964
fd6596
fd917d
fd5ef0
fd70d2
fd4a8b
fcbdca
fcc47a
fd04cc
fc981b
fc484c
fc85ea
fc618c
fbdeab
fbc355
fc0785
fc45b6
fc0b2d
fb4293
fae7ba
fb6ca0
fba9d1
fb3891
fb1731
fb46fc
faf52c
fa7c19
fa9d9b
faf9e4
facef7
fa380b
f9f93a
fa7192
faf8b2
fa93b6
f98e3a
f95ed0
fa30b2
fa72b8
f9b307
f949fc
f9a48d
f9dd63
f9aed4
f9554c
f907a4
f94545
f9b18b
f93400
f86c19
f8b3fc
f95f36
f93eff
f8afa4
f85716
f883d8
f9100a
f8e1b9
f7df4b
f7cb09
f8cd9b
f8f932
f827ae
f7e6d2
f85d40
f89037
f81167
f775dc
f7ec1f
f92f42
f9278a
f7aff9
f72c2e
f81c20
f8b45b
f89e82
f8ba6a
f8dc84
f8a628
f85f2c
f830e8
f860f7
f93ca6
f9fb54
f9b8c8
f92b4b
f93121
f968c0
f9879c
f9f71e
fa94e7
fae415
fad5c5
fa8273
fa546d
fad693
fb8cc7
fbc78b
fc08bf
fc76de
fc398c
fbc288
fc2a78
fce07e
fd49e2
fddc4b
fe219c
fd798a
fd1580
fdce86
fea50c
feff82
ff2b1e
ff12e0
fed144
fef5bd
ff7b4f
fff2c7
003b53
0055aa
004c32
003790
002b13
007245
012927
01a53a
016309
00fdab
012502
0187cf
01a306
01bdd8
022920
025033
01e134
01be0a
023c8e
02865e
028ca3
02b864
0290d9
024864
02aa0c
02e35c
02575a
02745d
036d63
0396f8
02e76f
028a5b
029864
02cf94
0301b4
02faeb
033fe7
03b7ee
0339fa
02552c
02816c
030bd9
0318b7
033e81
032e3e
02aa93
02d89f
032ce2
02684d
0227a5
035500
03a4fe
028819
01f520
024015
02a05f
02d55b
0296db
026299
02d556
02ccdb
01eea6
01bc32
021f4b
0217c6
025a48
02e325
028c7b
020cb7
0231f8
01f1f9
017ada
0204de
02b620
028ada
025e76
0263cf
01fa59
01dc6c
027b62
02c614
0288ad
029b03
02c16c
027c44
0247fa
028eca
032ca7
03c11b
039b62
02c34e
0289d0
0369a7
03feaf
0390f6
034a8a
03e673
0481ef
0469d0
03f009
03b2a4
04294e
04dd39
04bb78
0461d6
0520b0
05bae6
04b9f5
03bef9
046be5
05d47f
06afe0
064bfb
04d878
043bc5
052b45
05bb75
058184
060630
06c433
063ecf
051cc5
049ad0
051d61
0660b4
06ed69
05ec3a
051d1f
059966
05cd7e
0537cc
054930
062316
069961
060213
04b64e
0456f8
058113
06129d
054e5b
055527
060420
056a31
04639d
046e56
04ef9d
05706a
05bcfd
052ed5
0471f0
04768a
049942
048742
04c3c0
050117
04ef96
04bb66
0434b1
03bbc4
0423e3
04b884
047e44
042157
043c91
044779
041f13
03e7a8
0385dc
0386f9
041c8d
0418c1
036ae9
037c78
04049c
03a4c2
02e45b
02ea81
0362b7
037f98
032e50
02dbc1
02ce16
02cc02
02ba69
02b947
029e5c
027813
028eeb
027d07
01f3cd
0193ff
01e469
027a75
027797
01b754
013f29
017c81
0186e9
014b08
0176e1
019a8d
015523
011474
00bc6b
007fc3
0114bc
0189af
00d6d3
0039a1
007435
00760d
0044f4
00a374
00cf35
004f68
fff2f7
ffc904
ff9e84
fffd9b
00828c
0030fe
ff8b9d
ff4972
ff3a44
ff6d11
ff9ca3
ff3df7
ff14ed
ff7d6b
ff3468
fe598b
fe48d9
fea8e8
fea192
fe6cd8
fe4098
fe28c1
fe1723
fd9a69
fcff72
fd1675
fd9660
fdc18a
fd53a8
fc66f0
fbcc39
fc006e
fc3c2b
fc2f06
fc3745
fbe646
fb2d79
fad6e1
faa56d
fa39ee
fa684d
faf774
fa9ffd
f9c901
f961a1
f90b17
f8dbbb
f93576
f91fe3
f886d6
f8a860
f8bdbc
f7b29c
f70dce
f77321
f7847c
f77e43
f7dcde
f7773f
f6884b
f63eae
f60997
f5d30d
f67e54
f71ded
f6a4c1
f5ed28
f57b68
f52361
f566cc
f5ffee
f5f5dd
f5c7cd
f60356
f599b5
f49592
f4b58e
f5d311
f645d6
f62f9d
f61022
f56169
f4da8f
f55b2f
f5c551
f5e9dc
f6e5a9
f78e1d
f685da
f5711d
f5ac4a
f678e5
f76143
f804da
f7b9e6
f74782
f79741
f7d630
f7b21f
f8255c
f90918
f982fa
f9a749
f96149
f8c34c
f92653
fa8575
fb012c
fad597
fb65aa
fbbb00
fb5072
fb7a8a
fbf183
fc0961
fce71c
fe2270
fded00
fd2580
fd6654
fe1fa6
fea540
ff0780
ff21f1
ff5937
fff493
ffffa7
ff6d92
ffcc16
013043
01d9a3
01536c
00d49e
00f883
01874c
0223a3
024b6e
024b49
02e2cb
034e16
02a066
021674
02c1b6
03aa72
03f61a
03b751
033639
032f9c
03efd7
0459c6
03ebf9
03c4e5
0456f1
0481bc
03d395
03790b
0414ed
04c7ea
04caaf
043ee2
03dbc7
043e83
04b6ff
043366
039bb9
0416c4
049bb2
04453f
03ee54
040c4f
04346e
0425d5
03cba5
037ea7
03c301
041b72
03d729
035f4a
0351fe
038b38
03ab10
039b76
036cd2
0340e6
032855
02f407
02ac69
02d69a
035f4b
037574
03128b
02b886
026b96
02678f
02d634
02f607
029b90
02918c
02c088
02a64f
0278f1
0278a5
02a4e2
02d626
02ab4b
0255bc
0268ed
02b945
02e629
02e98f
02bce7
02a3e2
02e00f
03033f
02dc86
02f25a
03497c
035d70
032ad3
0321e2
0361b3
039d4f
03c13e
03e3bb
03da52
03af24
03bea6
03fbce
042037
044e06
04add6
050061
04d4ce
043fb5
040c88
0480bd
0521f0
05b41c
05e01e
05358f
0489c5
04d48c
057b73
05dfa8
062229
06218f
05c09c
05412b
04f504
0564ca
0672ae
07075e
06b226
06089f
057e3d
055608
059bd0
060ac2
069b62
071b02
06ce1b
05bd24
052571
05ac61
066eb3
068581
065251
06534e
06268d
05a2fe
054ede
0595d4
066179
06e869
0658d5
055634
050bb2
0564bb
05b037
05bd7e
05c052
05fcbc
0611f2
05687f
0498af
04a672
05504c
05a1f2
0556bc
0518b8
0552de
0545c6
04765f
03ef0f
046c8f
053941
0548eb
047bcf
03e6a2
044d9f
0488c9
03d275
03801a
0434de
04b390
043a3c
03359f
029b74
032663
0401e0
03c57e
02fcd8
0306d8
035d7f
02cd00
01f05d
0202ee
02c301
0324a9
02ad5e
01b750
015e3c
01fc5b
0231a0
017fb1
013d74
019e4b
019b2b
0115ee
0078a1
005d54
01305a
019a95
008d40
ffaa3c
00126a
007289
001c4f
ffc1c1
ffb42b
ffdb42
ffd59f
ff433a
fec61b
ff25ad
ffb62e
ff5dfc
fe7040
fe1213
fe6dc1
fec28d
fea728
fe44eb
fdff40
fe0043
fddc6b
fd6094
fd3a73
fd9cca
fdcfc2
fd79c8
fce07d
fc87e2
fcbcb1
fce788
fc7736
fc1c1d
fc69d1
fcb0c6
fc2f13
fb4393
fb130f
fbd9b4
fc3bfd
fb7d7b
fab080
fab590
fb1876
fb09bf
fa6c5a
fa259d
faa501
fade21
fa3a56
f99035
f976ce
f9b79f
f9e6df
f9b058
f966d8
f971e4
f95513
f8c444
f8763e
f8dfa6
f96d10
f944ea
f87466
f7f201
f8227a
f85ffd
f85604
f860be
f89c2f
f89549
f7f4c1
f7406e
f75d53
f82774
f88a72
f8151f
f7955e
f7bac3
f7d957
f75851
f74d7b
f83ac1
f89c4d
f7c7fe
f70973
f743ac
f7edb1
f812ba
f7b7bd
f7ebe0
f88195
f81c74
f74c8d
f781ac
f84514
f8a0d4
f87eec
f805e2
f7ecbc
f89231
f8e48a
f88a66
f88cfd
f8e7b8
f8e874
f8eb0d
f9368e
f944ae
f92a46
f97c9a
f9eb18
f9d605
f9a4d0
f9f479
fa7235
fa764f
fa1a6f
fa38a6
fb1d9b
fb912b
faddfc
fa9006
fb87ff
fc3eda
fbe834
fb78f0
fb925d
fc2d0f
fcda8a
fcd918
fc8110
fcdb98
fd72e8
fd3ee4
fcc208
fd136d
fdf790
fe6683
fe3771
fe0184
fe0f12
fe5859
feab7a
feae7e
fea5c6
ff1749
ff872d
ff5b57
fef97a
ff0af2
ffc022
00689c
001b77
ff8d29
ffe1a8
005022
002169
004265
00d450
00f444
00b4e9
00ad43
00e624
012431
012109
00f72b
0128eb
01bc24
021ff3
01f5d5
017dde
01588f
01b131
0225bf
027d65
02b980
02ca91
02a2c1
024baa
022a40
029d8a
034559
0396e9
039ea3
0374b9
03381b
033cab
037a0c
03bfec
042c3c
049147
048434
0419a4
03e161
043775
04bdc5
04ed8a
0502f5
0542ba
054a59
04fe87
04c554
04daf7
055925
05f2fd
061a8e
05e417
05ab3b
0583dc
05854a
05a76d
05d840
06543f
06d79e
06a0a7
05de66
057f41
05c4a6
063b67
068a53
06cbca
06f736
06a271
05e3f7
057246
05b50d
0693d3
0758bf
0723ab
064c30
05e4aa
05f666
0609d1
062239
06594f
06b573
06f07a
0676d7
059a2f
057a38
062aff
06a4e4
066dcd
06135b
060f16
061a32
05d631
0588fe
05c266
067d31
06bc43
05e29b
05301c
05ae90
061618
0596b8
055f4a
05d7c0
063ac1
0638a3
05b8fe
05162b
05337f
05b03a
0596f4
056223
05aab0
05df52
05a89d
0547ac
04fc45
051f79
059bfb
05b266
054088
051272
055098
054d6c
05097c
050b01
0545de
057a65
0580f9
0509d0
0486be
04c78a
0542b1
052af9
050d06
0546b7
054b38
04fe1b
04ab49
048b93
04d8e8
0540c6
0529d3
04e67f
04fdde
0516c8
04c73d
047ffb
04ba0d
0520e4
052941
04d695
048ccb
049b7e
04ddcd
04db6f
04ade1
04d7f8
04fb8d
04a1e8
044540
0436f9
0453d5
04b1ec
04ebbe
048a1b
042af8
04331f
04154f
03cee8
03cfff
0405df
0426ee
03ef79
03724e
0344c6
03705b
035d43
0318db
030304
02eca8
02a400
025fd4
024543
023d7c
02283e
01f613
01ad00
015f1b
01274e
00fc9b
00ceed
00aac9
00749d
001936
ffd914
ffb797
ff72e8
ff2eb6
ff18c3
fee02c
fe617a
fdeb14
fdb6ce
fdba56
fdb6b9
fd6d7b
fcf35c
fc8603
fc310f
fbe9c8
fbcff0
fbe13a
fbbb99
fb3f87
fac5e9
fa6162
fa0aaa
fa2062
fa67e6
fa193e
f9740a
f92217
f8ec1c
f8abcf
f8a463
f8af1f
f89c43
f8715c
f80fec
f79b9e
f75931
f73fdf
f76c69
f7ca3d
f7a7a2
f70d1d
f6c5a1
f6c439
f69ac3
f68d91
f6c137
f6ee03
f6f2b4
f69ad0
f5fed8
f5f362
f69784
f6eeb1
f6b7bd
f68070
f651c9
f624e4
f6452e
f67893
f69d81
f6f0ef
f70466
f6a875
f69949
f6b776
f69499
f6ee2b
f79251
f74c8f
f6dc12
f7515a
f7a0d5
f752fa
f764ff
f7cd6d
f80c36
f83aa9
f81af1
f7b64f
f7dd34
f882d9
f8dab8
f8d32e
f8c6b8
f8d30f
f9000e
f9199a
f90f2c
f944fd
f9d2a6
fa22ff
f9e818
f9ad18
f9e9b0
fa3bed
fa45ca
fa736f
faea74
fb2678
fb0b31
faedce
fae8d4
fb3892
fbc778
fbd97f
fb9f0b
fbf3eb
fc3dc1
fbe5b9
fc0f8e
fcdc01
fcea2a
fc94be
fce033
fd0cc9
fccfec
fd013c
fd65ef
fd8dfd
fdcf4c
fde0cd
fda035
fdd612
fe349e
fe0261
fdf6a6
fe6838
fe8ae9
fe6e6e
fe8d14
fead85
fed3d2
ff1c06
ff10d1
fec934
feebd4
ff3d2e
ff2d7c
ff3740
ffc32d
fff277
ff5df1
ff20ff
ffab36
00066d
000b43
003602
002acd
ffd844
fff055
0042e8
005c5f
00a1bf
00faa8
00d74a
009172
009c26
00c166
00f693
014c62
0179c4
018f1c
01bfa8
01ab2f
0155d8
017441
020917
026d8c
0287ec
029496
0280e7
02678a
0297b9
02f28a
032eb2
0365cb
03a337
03a404
0376e1
038d8d
03e847
042c96
04682f
04ac30
04c2bd
04caa2
04d7c9
04a47e
04a280
055b49
060107
05efca
05cd89
05c948
059a29
05b642
063775
068dbc
06c5ce
06e306
068cde
064e3b
06ab20
070754
072726
076b56
0789cd
074a04
071a04
071686
072b66
079980
082443
082d36
07c094
075ea0
074b75
0798eb
080560
082640
0810a5
080457
07ddbd
079434
0785eb
07de8f
08439f
0848ad
07f255
07a460
077e93
077432
07ac8f
080105
0803b2
07dbe2
07bf6a
0768ef
07112b
073161
07708d
0783cc
079265
0766d7
0708df
06fb93
06f5d3
06b3ad
06e6a0
075f85
0714d9
065fc6
061ed5
061b55
06405b
06bd41
06f07d
0689a0
061d9c
05bf85
054e6b
0559ec
05e34a
0625fa
05f5bd
05a510
0556a0
053239
05346e
0511ef
04fc55
053e47
054da2
04be5d
044404
047372
04d63b
04f31d
04d287
04815c
0426f2
03f8b6
03ceed
03b721
04234e
04a8b7
046135
03b05a
0378ad
037e09
036949
0383b9
03b3af
039e5b
03659c
0335b1
031975
032575
032f93
031205
02fcba
02e1fb
02a6af
029afa
02bd93
02ab61
028b20
029d61
028f65
023868
01f4c4
01f6a6
02090a
01f9c4
01e383
01f2c3
01f60f
01b224
015294
0117da
0118ac
015011
015f13
010101
00adfa
00bc19
00b69c
007646
005f30
0073ef
005dfe
00044f
ff94d1
ff6c89
ffa115
ffbdd9
ff83e7
ff4919
ff317d
ff007b
feb6c7
fe821e
fe68cb
fe6001
fe5a9c
fe3608
fde605
fda623
fdb015
fdc732
fd8c8d
fd29ef
fcf78a
fce658
fcc692
fca520
fc8c21
fc77f9
fc55da
fc21b2
fc0721
fc15df
fbee93
fb78d9
fb2dd4
fb3e0e
fb52dd
fb44b1
fb33fc
fb1983
fad390
fa8645
fa711a
fa7dcd
fa70da
fa61ee
fa59b7
fa18eb
f9c8ce
f9ca43
f9e6d2
f9e44b
f9e6fd
f9c1e8
f95c30
f929c9
f93d71
f940fa
f95a8f
f98429
f94b19
f8ed61
f8d6fc
f8bef1
f8a741
f8ee95
f922b7
f8e42e
f8a6d2
f88581
f84a0e
f86189
f8ca61
f8c2a8
f87089
f86d9d
f8520f
f7f9a1
f82bb4
f8b1fd
f89623
f82854
f82130
f82fd0
f815ee
f825f6
f83f45
f82b84
f830d0
f840da
f82413
f81ba6
f83128
f8193f
f7fd76
f81521
f82d23
f83fdd
f86676
f854f0
f80814
f7f8d1
f82b64
f84440
f85b43
f88d90
f880db
f83337
f82209
f85a78
f88872
f8b33b
f8cdbd
f89111
f85c87
f8a438
f8e33b
f8d042
f8f25d
f92ff7
f90ceb
f8ed75
f913c7
f91f40
f9492b
f9cc99
f9f6d3
f99891
f96af8
f99691
f9db9f
fa43eb
fa9ec3
fa91d7
fa5213
fa4735
fa8b2a
fb128d
fb9205
fb9996
fb3e15
fb1fa7
fb7743
fbe179
fc4289
fcce7d
fd1bb3
fcd2dc
fc8a03
fca0a3
fceda5
fda6fb
fe7a7a
fe7e88
fe398d
fe89d7
fea88f
fe7409
ff070c
ffe451
001181
002664
00463b
000b60
0057f7
01516a
01a2fd
017a46
01c731
01fce3
01ec99
02474f
02c01a
02f7ab
0358f0
03adc4
03a6ec
03c47d
041114
041637
0418b5
047eed
050dc2
057683
059cc0
057cf9
054c6a
054ef5
059334
05faa3
0660cc
06b850
06cac6
0674db
063871
067a8b
06cd50
070854
0760bb
076b20
07136a
07069d
072385
070c60
075693
07f126
07ecaf
0786f0
075f17
073131
07250a
0797d4
07f33d
07ed63
07e676
079ef2
071b1c
0721c0
0798ca
07c908
07c98c
07c0f1
077d70
074161
073a5c
07353e
075537
07a5c5
07ad76
0751ef
07071e
070243
07220f
073ab5
072df3
070fde
07008c
06fbd5
06fa0d
06f1f9
06ebe9
06ecf8
06c639
067fee
068b8c
06de64
06e252
069eab
0674e6
065e8a
06649c
068e29
0689c7
06697e
067b33
066186
05f082
05d00a
0625a2
067246
0692a2
0672c8
05ff74
05a521
05b029
05d81a
060eb7
065054
063f80
05e25c
05a596
059c1c
05b910
05f939
0617f2
05ecc4
05b053
059374
059666
05a8a3
05be0e
05db9f
05ebd5
05c9e4
0596e5
057f0d
057004
057499
059ce7
05ba9e
05be8c
05b42a
057a51
053bcb
0550bb
056fa2
055148
054a8d
056ad6
056574
054d0c
052339
04cc5a
04b0bf
04ffcf
053266
050262
04adf7
0465bb
0445aa
044e40
045746
045ebe
045ccf
0412ce
03a04d
035f62
0354c1
0364bc
0372fe
034b1b
030217
02c3fa
026b99
02199d
0228de
0248e6
020a67
01aa96
015c82
011338
00fb71
00fd20
00bd09
00684a
004513
001cb6
ffd0f8
ff8372
ff43ed
ff29ed
ff1ec9
fed8a1
fe784c
fe4f00
fe39ea
fe0902
fdcf0e
fd8a59
fd45c9
fd23fc
fcfa2c
fcb617
fca31a
fcb145
fc7a97
fc0d60
fbc7c1
fbb7f6
fbb497
fb9ca6
fb6c7d
fb3544
fb032b
faee66
faf44d
fadbc0
faa713
fa9192
fa7a70
fa3bd1
fa1ac3
fa311c
fa38fc
fa23dc
fa013f
f9d4ee
f9cdfc
f9e2f0
f9cbd8
f9acc3
f9b0d5
f99bd3
f985aa
f9b017
f9be3d
f98ce7
f986cf
f999d8
f981ea
f9889a
f9aac3
f9841d
f960e2
f9a0bc
f9d7ca
f9c7a7
f9b496
f997bb
f9604d
f974b2
f9e291
fa25e2
fa15b3
f9ef02
f9b2aa
f96c44
f98317
fa0c3b
fa89bf
fa93cb
fa2add
f99611
f95340
f9b109
fa6aae
fae5d6
fac341
fa2471
f98e45
f968dc
f9c0b5
fa6fc7
fafda1
fad9a7
fa2a35
f98fc2
f94b3c
f980ca
fa419e
fadef5
faaed8
fa03b0
f96561
f9147d
f95d8b
fa0f79
fa63f0
fa15fe
f97efa
f908a4
f90dce
f970ea
f992ff
f9627e
f94747
f93915
f90edc
f8f1f2
f8dc55
f8bcba
f8c1f1
f8d930
f8c6a7
f8be1b
f8d8b3
f8ba75
f84f2b
f81767
f84dec
f89db0
f8bd62
f8ab25
f875b3
f841af
f8329e
f83119
f8475f
f8b293
f92aa3
f91119
f87fc2
f81db8
f83f9e
f8cf6f
f95ece
f98788
f98b67
f99c47
f950c4
f8ea6e
f93935
fa10cd
fab740
faf30b
fa9e1a
fa1576
fa547b
fb3390
fba4e0
fbcac5
fc2301
fc3a40
fbfbee
fc0a6c
fc81af
fd38af
fe0b18
fe5e9f
fe02b6
fdc5ec
fe1e97
fea782
ff2894
ffb318
0023a2
004ed0
0047d6
005d00
00d093
018008
01f6b7
0205a7
01fa4a
0239ce
02bb3a
032c19
0388b6
03fa40
04552d
045fcc
044032
044861
04bd7b
058128
0604f8
061395
0619b5
06440d
06594f
06734d
06cf0d
0748e1
07aba9
07c9ed
078be1
075c11
07b2d8
084e04
08abca
08cbe5
08cac0
0898e6
086080
086580
08b58a
094284
09bee4
09b41f
093a45
08e4d4
08e90b
0925bf
09884a
09ce85
09b47a
096e60
093833
0915ea
093241
098698
09a26d
097e12
0965d7
0932e2
08da12
08c3c0
08ec79
090855
0928ac
0937d3
08f2c2
089366
085f22
082bd6
0818c2
085a90
089487
08757d
082bdd
07c8e5
076cce
0778d8
07c5d3
07ca6e
079778
0765c9
070b2b
06bac1
06d36a
07055d
07048a
070753
06ded2
06544e
05f6b9
061072
0630df
064d97
06736c
062a06
05ae35
05a159
05aa19
057732
058cb4
05c364
058b15
0541f1
0521c4
04f0d9
0508be
056808
0545d1
04cc95
04b64a
04b7a1
049c3f
04c061
04d444
048f32
047d79
048c4a
044213
0418f6
045868
046e9a
044b6f
0436c0
03f987
03b438
03cc4b
03f49a
03ec8e
03fb6f
03f372
03938c
03484f
034cc1
035de7
037c78
03a4c4
038373
03244f
02df69
02c535
02d37f
030ca4
032ce6
02f4bc
029031
025348
025917
026edf
026df5
026eb0
0260d5
022112
01df84
01bc15
01a00c
01b4c2
01f7cc
01de54
0175ed
015148
013efb
00f24c
00deac
0113ce
011f7b
0111fc
00eb43
007429
002993
0054b4
005bb5
002fca
004371
003fef
ffe6fa
ffa843
ff8112
ff5ccf
ff8a4c
ffb9da
ff6b2a
ff0de2
feec31
feb346
fe95ea
fed445
fef59c
febd1c
fe5ab3
fded2f
fdbe84
fdf627
fe24b4
fe0a73
fdd78a
fd8e46
fd470f
fd292e
fd0dc8
fcfcb2
fd26cf
fd29a9
fccc4d
fc81da
fc6b53
fc4f1e
fc4833
fc4b3d
fc19ff
fbe85d
fbda1d
fbb145
fb915f
fba844
fba43e
fb6036
fb1762
faea07
fae888
fb1105
fb1908
fae39f
faa122
fa6ce2
fa55ad
fa7153
fa94ad
fa7b0c
fa288d
f9d5ff
f9b1de
f9d35f
fa27c9
fa6007
fa1ba9
f97d86
f91788
f90f03
f93607
f9a37a
fa0f84
f9cff5
f92274
f8a7f7
f86820
f89615
f94e38
f99d95
f91acb
f89d14
f83dc4
f7cecd
f81cac
f90139
f92a60
f89d0a
f80c50
f7618b
f71e8e
f7cc8b
f86b60
f8532d
f816db
f7a33b
f6e374
f6c853
f74b33
f77e13
f77aa0
f76315
f6d3c1
f675dd
f6d40c
f701ae
f6add5
f69e73
f6ade3
f67cfa
f67c70
f6898d
f63eb4
f624d7
f65cb8
f64c04
f63c0a
f69259
f6b57b
f669a5
f62174
f5e1d8
f5d1f7
f65e15
f717d3
f74a5f
f703a7
f67d04
f60e4c
f65195
f718ce
f7a5d5
f7ecc8
f7ea21
f75c54
f6e412
f746ef
f81cd8
f8d7bb
f963b3
f95657
f8986f
f816bb
f877a2
f96023
fa57aa
fb03b7
fb0d2c
fa8e0e
fa1d8f
fa3388
fadc04
fbdad1
fcb748
fce107
fc60cc
fc09ab
fc672d
fd236a
fdd087
fe5297
fe8774
fe7c8c
fe654e
fe554f
fea320
ff84c2
005ab2
009fff
00a0c4
0083f6
00637d
00a26c
011762
0172ea
021aa7
02d120
02b644
02442a
026ae7
02d4ed
032883
039e88
03f80a
0412d4
043492
04246a
03f46a
046b07
055a7b
05c1fd
058c7f
053b99
051782
055b69
05e2c4
062981
065a3b
06cc70
070089
06a323
0654a7
0681f7
06e0eb
07378e
077ad1
0783aa
078200
07b67f
07bcb6
0763b3
07680c
07ff52
085908
0836d8
080d98
07e923
07e0d6
0836ae
0883a7
087fb5
08a5b1
08c961
084da1
07c0df
07f701
08937e
08ffef
0922f8
08e132
086b55
0839a8
0846e5
08537d
089527
08ffd3
0902ca
0893ee
084ff0
08621e
08855a
08a9ed
08bcfc
089fa0
088eee
08939c
084fd8
080b0e
08597a
08c76b
08cd3a
08b38d
08865d
0824fc
0800f6
08216b
08229a
085328
08c718
08b20a
0824f3
07e99e
07e807
07dd89
081c63
087271
084fd2
07e692
079ea3
077d88
079435
07e73b
0822d4
080a76
07abad
072fd7
06d9ac
06e8f2
073e8a
077ec8
077cb6
074017
06ce6e
065d78
063c29
0662fc
068d8d
069173
064ed9
05e2e2
05aa01
059ce6
057c0e
05683f
05712d
05522c
04ff02
04990c
043564
042115
045d5e
0469d8
04233c
03c440
03639d
0321a7
02f724
02b048
02a185
02f0b0
02d95e
022c0b
01b863
019fe9
018254
01726b
015b03
0110ec
00e42d
00cd3f
00758b
002706
00280f
0025a6
fffffa
ffc50f
ff6496
ff1ea1
ff23de
ff1f89
fef71b
feeedf
fef442
feb74c
fe4732
fdf421
fdf654
fe3459
fe5022
fe1c46
fdce21
fda7de
fda38b
fd8b5c
fd6abc
fd859e
fdb3f8
fd8def
fd31dc
fd070e
fd1a48
fd4d06
fd76c3
fd644a
fd3069
fd1dee
fd0bf1
fce8a6
fd0065
fd518a
fd8583
fd74a7
fd22f9
fcd49b
fcf733
fd55b7
fd6338
fd5a0f
fd9450
fd9b62
fd375d
fcf8c9
fd2131
fd8966
fdff9b
fe03db
fd6f3e
fd0fe4
fd532e
fdadf7
fdd9ea
fdf6c4
fde8c0
fdb4c2
fd8e85
fd74bc
fd8ac0
fdeb44
fe2c8c
fe05b4
fdb9cd
fd886d
fd7d3f
fd9f03
fdd63b
fe0106
fe0087
fdb903
fd50f4
fd1547
fd387a
fdb516
fe079a
fdab59
fd11e5
fccbfc
fcb6c8
fcdde8
fd4994
fd4d2c
fcd26d
fc8467
fc38cb
fbd1e7
fc1043
fc9a68
fc6acd
fbf077
fb9ef6
fb08c6
faba79
fb30cb
fb66de
fb123b
faeab0
fa8c5d
f9c0ca
f98da3
f9db81
f9d801
f9ce57
f9b2e5
f8eb72
f84d1e
f88155
f88258
f82e83
f8503c
f84075
f790ef
f737ef
f72028
f6c4e5
f6ce44
f70d7e
f69e9b
f6493b
f682d5
f62293
f570da
f584fe
f5ab21
f57529
f5a470
f5bc5c
f5285a
f4daec
f4f434
f4ab3c
f49bbf
f5450a
f59ffb
f535e3
f4a626
f438d5
f42e9e
f4e17b
f5ab6e
f5b674
f56f7e
f546ac
f4dbb8
f484be
f51caa
f6228b
f6ba7c
f6f285
f68354
f56f17
f547db
f67679
f76fe6
f804ed
f89d37
f84122
f744fc
f72a83
f7a58f
f86e1e
fa1f27
fb37e2
fa52e5
f924e0
f91ab8
f9b90a
fadb54
fc3902
fce4bb
fcc75a
fc2a23
fb64ae
fb7979
fccd65
fe9124
ffc89c
ffa290
fe70a7
fdba3b
fdfbba
fee3fd
007f92
01e1c5
02098e
019278
00ca4f
fff6a1
00aaf8
02a4ec
03d33f
0430ea
041572
02e4c4
021c9b
031dac
046454
055206
06579f
061ef7
04a4f7
041748
04a5fa
057ef3
06ec64
081ae6
07a17b
06541b
05bc8e
05f845
06a602
07a69e
088562
088d0c
07e098
075af1
07204c
073cd1
082690
090037
08ba02
0858c9
08510c
07d848
07cbcf
089c32
08cfa6
08b83e
091a9f
089b15
07b956
082cb0
08a53e
0867e2
08cf20
090ed0
0863b5
085467
088d80
07fe46
07f33f
0890cc
0887e9
086547
088da7
084119
07f089
0807a0
07fc68
07f764
082b97
083c35
083242
07fc38
079f05
07a754
07d8f5
07cc46
07f420
080901
079eed
077819
07903e
075f05
078900
07e660
079a59
0753d9
077541
0741ad
071d0e
076048
0754f2
072e81
075532
0730b9
06dd2b
06f107
0718cc
070976
06e0b9
06a972
069685
06b4b3
06d894
06e8bc
069adc
0620a6
0624c0
064ab1
0631c0
066e03
068c50
05f180
05abc4
05d1e8
05880e
0596a5
062213
05dfa6
0556b7
055315
05057f
04c12e
053178
055770
051df0
052635
04c194
0417e2
042d94
047625
046ef5
0487ac
046b1d
03f757
03cb17
03b47e
0379dc
037bb0
039f0d
03b0f5
03a1c7
0323d3
02a29e
02b034
02cb17
02d10e
02fe49
02cd32
025318
0225ce
01e37b
01a9cf
021412
024be2
01d57b
018cc6
0172d8
012d26
012a84
01327b
00fba3
01024b
010b47
00ac06
006fdd
00666c
003c0b
004365
005dad
0026f0
fff2db
ffda2d
ffa8c9
ff8e9e
ff8032
ff688b
ff7bb5
ff6bcf
ff1e6b
ff21f9
ff35e9
fedda4
fea465
feabcc
fe9855
febeae
fef764
fea26d
fe3a31
fe38b7
fe319f
fe2270
fe45ff
fe54b6
fe37c1
fe0ba0
fdc3de
fda501
fdd41a
fdfd46
fe0063
fdde02
fd970a
fd65f3
fd5915
fd563f
fd85d9
fdc26a
fda51a
fd4f1e
fd08e8
fce48f
fd0713
fd3608
fd1ef2
fd053c
fcfcf9
fcbd89
fc90c3
fca84e
fc992c
fc7479
fc83bc
fc7782
fc3734
fc0814
fbe4e3
fbd74a
fbed06
fbe261
fbae54
fb8528
fb54b9
fb1892
fb02d5
fb0264
faffc2
faefca
faa538
fa4296
fa25b8
fa3137
fa1705
f9f322
f9dcdf
f9af90
f96355
f91d66
f8fcf1
f8fb23
f8f6a1
f8dcaa
f8a7f5
f85fd6
f82771
f80957
f7e72f
f7cf6b
f7d6a1
f7c42f
f77614
f72ec1
f7133a
f702a6
f701f7
f71395
f6f405
f69592
f6649d
f66aac
f65201
f64702
f67524
f6703e
f631ed
f61806
f5e0a4
f59a64
f5e9b8
f6527e
f61ba9
f5ee87
f60d36
f5d107
f5a326
f5e62b
f5efd1
f5fd86
f68234
f67178
f5ba9d
f5c2d0
f641d7
f65457
f693b8
f6ed6c
f6a1ba
f66f2c
f6b2f9
f69738
f698cf
f76b25
f7ed36
f79bc5
f76467
f75217
f73979
f7bd3b
f88c44
f8bfe1
f8b278
f8c2cb
f88918
f855ba
f8ca38
f98684
fa0cb2
fa5c1a
fa3e04
f9c810
f9b7a7
fa3a5d
fad196
fb66fd
fbefaa
fbebec
fb7467
fb45f2
fb9cb1
fc5843
fd4ca0
fdcbf5
fd7098
fcec0a
fceaa5
fd5c00
fe21bb
fefccd
ff6f95
ff63d3
ff0ddc
feaefd
fed51f
ffa6e5
009236
0137de
0161aa
00e9c9
0080d9
00c491
015415
020ad9
02e007
030d7c
02900d
025563
026e5c
02cd0b
03d258
04a534
0470a5
040fb6
03fcdf
03eab9
044add
051a0b
05947b
05f16c
06299e
057eb5
04d35c
055e9d
064bcd
06cd52
071fbe
070483
068eaf
068f98
06d1a4
06dadc
07411a
080141
081fe5
079c59
0750d4
077baf
07dec4
084b28
088132
0868a1
08480f
084b97
08397e
08299c
088701
090f84
0927eb
08ebac
08aee2
0882a7
089d5e
08e94e
08fddb
09098b
0947d8
0947f4
08fea1
08d3ea
08cb50
08eec1
093add
093003
08e74b
08f751
091b01
08ea6b
08c084
08c673
08d9b1
08f25e
08cf73
087bb5
086bef
0877e6
085810
0856ca
0862bd
083955
0821f2
08096f
07a2a2
07665b
078b90
078d5f
07714e
076c4a
0726a7
06b435
069176
069401
066d57
065343
065091
061701
05ae67
056eb4
0553e1
05308c
052718
052757
04d12b
0461e7
044872
042171
03ca67
03c1de
03cb08
037b74
0340e1
031acf
02b63c
028ba2
029e2e
0255c7
0217cd
0231b5
01ee34
016e91
015ee7
015632
011e0c
012fa8
012923
00ad10
00639a
00721b
0058b5
003402
0032f3
00121e
ffd9f4
ffc600
ffb592
ff88a0
ff75d1
ff8b68
ff7915
ff390a
ff32be
ff47b5
ff0b41
fedd16
ff1ace
ff3d92
ff0f0c
fef775
fee42d
fec86b
fef528
ff17f1
fede78
fed0b0
ff0e85
ff1849
ff04c4
ff0b3f
ff028b
ff0a51
ff35db
ff3d16
ff3311
ff55e7
ff66ba
ff4eb5
ff5bed
ff92cf
ffbc3d
ffc270
ffb342
ffaf30
ffbf9e
ffd6d2
fff9fb
001fe5
003cdc
0051d0
004b12
002552
002779
005479
007314
009f3b
00d508
00bfa7
007fc4
0072ec
0087fb
00b383
00f237
00fb7a
00c51c
009a4c
008e70
00983c
00b72c
00cc07
00d041
00c4d4
0080ec
002d47
0023a3
0042db
005566
005fce
003f49
ffebde
ffa7ac
ff7995
ff580e
ff6813
ff7c73
ff4528
feea7e
fea382
fe6348
fe38e5
fe32bc
fe2ed9
fe0225
fd9f7e
fd2fda
fceb44
fccf96
fcbd1a
fca317
fc6139
fbf60d
fba4ca
fb7e2c
fb52a3
fb15c1
fad5ca
fa9438
fa5240
fa1114
f9d2df
f9aa94
f98d9e
f958ae
f9087b
f8b2ab
f874a1
f8506a
f8268d
f80201
f7f465
f7c1f0
f7667f
f73228
f71aba
f6f5d2
f6f149
f6ed8e
f69c48
f64ae8
f63f1d
f635cc
f62c0f
f64ce7
f652f4
f61ac3
f5e0e5
f5a534
f583ab
f5c26d
f61324
f60cc6
f5ea04
f5d66a
f5ac4b
f59fcc
f5dd3e
f612f3
f62571
f63701
f62782
f6071d
f6169e
f64271
f679ab
f6d3bb
f7083d
f6f5d3
f6e11d
f6cefe
f6d306
f7437c
f7d06a
f806cf
f8174c
f8098f
f7e4e6
f82971
f89452
f8a55b
f8fbf2
f99a2f
f984a5
f93958
f990d2
f9de85
fa0bef
fab050
fb1064
fad83c
fae205
fb06a1
fb06e8
fba268
fc7cbc
fca577
fc8877
fc84a6
fc6377
fc9c5d
fd52fa
fdd766
fe109a
fe3253
fe1f57
fe05a1
fe3305
feb4c0
ff5ecb
ffae5a
ff7eed
ff63c8
ff7fdc
ffab1d
001c0a
009d5c
00e308
011941
00fa0b
0078c9
0096ce
0156a9
01d20b
022ec8
026382
01df10
017bc8
01e6ce
02472a
029029
033146
0365e5
02ef71
029829
029598
02fb04
03b757
040490
03d387
03c04b
03a61e
037ddc
03b2c2
041b9d
049b6c
050e76
04c07c
04003d
03e803
044d8f
04c17d
0567cc
05a803
053a7c
04f6aa
04e815
04c13c
051a07
05c934
05fe77
05e4de
05aef5
0551d2
057477
061570
063de0
061507
06390b
0633ae
05e71a
05ef04
063e39
067a40
06bdd7
06ddf0
068425
0628c0
06549b
069a77
0693dc
06aa5e
06eace
06d8af
06ad27
06c19d
06aed8
0691ea
06e017
06fd08
069cd3
0694a3
06d7e3
06beed
06b181
06de82
06c2f3
06a714
06c3d5
069045
0648d3
0679c8
06a579
068ae2
06986c
069186
063e1a
062a5f
064ae2
06229c
060b58
064525
063c8c
05e4a2
05cbea
05cee9
05a7d0
05b75d
05eebc
05bd86
056453
055925
0532bb
04e7ae
051479
056d27
054cf1
0505dd
04cc52
0460ee
0427b5
046e76
04a91d
04a7fa
048c28
040f6c
0368d0
03534f
03b338
03f98c
040ce8
03c79f
0311d7
028612
02870a
02c227
02ff02
032fce
02fc50
0254be
01b77b
01838e
01b8ff
021f6f
0246a5
01ee11
0166b3
01001a
00b964
00b5b8
0114cf
016870
013103
009a28
00150a
ffdc49
ffeee2
0038db
007bac
006ed7
000676
ff86c2
ff39d2
ff3ad5
ff7f11
ffc6f1
ffbd56
ff6bee
ff212c
fef181
fee081
ff03fa
ff3a37
ff474b
ff2831
fee3cc
fe94ef
fe8f1a
fee0ef
ff22f9
ff1742
fee5fa
feb846
fe9f4c
fe9f3d
feb6c4
fedf9a
ff0601
ff020e
fecfec
fe9bf0
fe9a48
fec48f
feea8b
fef0ca
fee571
fed212
feba86
feb4fb
fec318
fed63a
fee371
fed3bd
fea127
fe86d1
fea7e5
fed1ad
fecbca
fe9b5c
fe7300
fe6be0
fe6593
fe4cb9
fe41a0
fe531a
fe5c3f
fe3b38
fe0286
fddb33
fdcc04
fdb920
fd9c5e
fd8f50
fd8e6b
fd7f0b
fd56fb
fd1e12
fcee17
fcde46
fcd21a
fcb16f
fc928b
fc7ddb
fc5c1b
fc2696
fbec16
fbd52d
fbf1cf
fbf8a8
fbad66
fb514b
fb2832
fb1741
fb0bae
fb0a35
faff1c
fae579
fac8d3
fa94cb
fa4c18
fa2c43
fa4363
fa4885
fa2183
fa0c6e
fa0f59
f9e736
f9b1ce
f9b361
f9b62a
f99f68
f9b040
f9b3cc
f96526
f93b54
f9632b
f96b1a
f97006
f99813
f96ca2
f91b8d
f936a2
f9521c
f926f0
f9483a
f97d6b
f93e0a
f92950
f973bc
f95b84
f92413
f9620c
f97130
f92f72
f95e4b
f99e0e
f95fe1
f95bd6
f9a21e
f97406
f955e2
f9c427
f9d955
f985da
f9a640
f9c851
f983e9
f9b0ec
fa2939
fa097b
f9e1e2
fa2d58
fa18a8
f9c372
fa10ab
fa77da
fa59fa
fa5477
fa933d
fa8b65
fa73e9
faa6ae
facc30
fac658
fae699
fb12c8
fb1309
fb2221
fb5ab6
fb6d72
fb5a69
fb836a
fbce2c
fbe8bb
fbfac1
fc1b79
fc0a76
fc004c
fc5c83
fcc0d1
fcde41
fcfd3f
fd0a21
fcd85e
fcd9e9
fd41e9
fda825
fdf950
fe421b
fe245c
fdc2a2
fdd40b
fe58b6
fec7d8
ff192b
ff5d67
ff493d
ff0d5e
ff33f7
ff89fd
ffbaaf
00237c
00b230
00af56
00600c
00819d
00c6f7
00ef92
016cc1
01f004
01ef39
01e6ca
0203f0
01e366
020536
02c4fb
034e65
035bc7
0363b5
034977
031655
036299
04033b
046275
049266
04b398
04a4b2
0488a4
04a000
04f46b
056c6c
05bff6
05c984
05b0f2
059c22
05a916
05f2f1
06516c
069b54
06bf5d
069291
0645e6
065cf5
06b4de
06ee16
07278f
073f8c
06ee61
06bbc3
06fcf6
0729bc
073020
075267
073b76
06f387
06f738
070e97
06ff6c
072409
0749d1
070016
06b7f0
06bcea
06b202
06a3d9
06bc87
069fd7
065191
063875
063717
061c19
061d57
0618e5
05c37a
056fb4
056410
0555c0
05334b
053801
052767
04d8be
04a9c5
049504
044407
0407fe
042966
04259f
03d42d
03a4f4
037f06
03321a
031a31
032d1c
030822
02dc25
02c3f8
026989
021130
021bdd
021bba
01f0b1
020421
02024f
018e05
013baa
0140ac
0120f4
0103b5
012c3b
012b49
00df61
00a5b5
007b9c
0066c9
008ec4
00a44e
006be6
003fca
00360d
0010b1
fff311
000a4e
00266c
00239a
00136d
000202
ffe217
ffbc49
ffbf33
ffeb57
000422
0007a3
000a19
ffe397
ffb5b5
ffdb2f
0014ba
001426
002168
0039dd
0013ac
fff4e6
0017a6
003232
00530a
0092ed
009ad9
006a43
006225
006e2f
006cdd
00a269
00f183
00f81f
00d902
00d247
00ce25
00dcd2
011c95
0146fe
01303d
01157e
011a41
012a8b
014505
0163fa
016d31
016cc6
016e0c
015847
0132a1
0135f9
0166c5
0184e5
017696
016265
015155
01360c
012349
011d2c
011aab
0125ed
012e53
010563
00be60
0098be
00a080
00b3d6
00a9cb
007305
00360a
0017c1
fffddd
ffd234
ffb429
ffb1e1
ffa132
ff6175
ff1e5e
fefa93
fed18c
fe9b83
fe8d76
fe7a3e
fe2eab
fdf5a2
fddafc
fd948c
fd5814
fd5637
fd4191
fd08bd
fcce6b
fc745e
fc278e
fc2c23
fc2839
fbedbc
fbcc39
fbabb0
fb4e95
fb050b
faff2f
faf881
fada5f
faba3d
fa8a9d
fa4fd4
fa2190
fa0724
fa04fb
fa053a
f9f089
f9ce50
f9ae59
f98284
f95451
f94c8b
f977af
f996c7
f96ad0
f92c0b
f92d3a
f9450e
f93bc1
f94914
f963aa
f944a7
f92944
f95162
f96301
f9595f
f98bdc
f9afa3
f98e67
f99bdb
f9cf4e
f9c97c
f9d084
fa04bc
fa15cd
fa2ce6
fa68c8
fa74f1
fa79e2
faba61
fad498
fac164
faf060
fb2ca1
fb358d
fb579f
fb97c3
fbb508
fbcca2
fbed01
fbf602
fc0c8a
fc481d
fc6e25
fc7c38
fca510
fccb29
fcc743
fcdbe1
fd2de3
fd623e
fd490f
fd3bc4
fd6283
fd7da6
fd87ff
fdb3ba
fde949
fdf745
fdeb27
fde603
fdf2a9
fe0acb
fe1901
fe2026
fe3575
fe3f6c
fe2597
fe246a
fe53f9
fe66b7
fe5390
fe5824
fe4c14
fe1951
fe2353
fe58fb
fe4e4e
fe3b1e
fe4ea7
fe3845
fe25a4
fe5832
fe50c8
fdfe6c
fdfb0a
fe1ec1
fe05b0
fe0c4d
fe4640
fe3dfa
fe118d
fe12e0
fe059d
fde99d
fe0ef1
fe3914
fe2238
fe1143
fe226c
fe2566
fe3833
fe66c6
fe692f
fe560e
fe6b36
fe725d
fe68c7
fe9313
fec1e1
fec96d
fef125
ff2180
ff171d
ff1d1c
ff55ef
ff6f55
ff6f5d
ff9045
ffc1f5
fff61b
0032cc
0058a0
0058bc
0059da
00857c
00d055
010231
011c2e
014f10
017a9f
017541
018228
01ce8d
022708
026c8d
028f6a
027182
025086
0283e6
02e9ee
033cc4
037b08
03946a
03796a
036801
038f37
03cf39
041659
045e04
047111
04510c
04496e
046dec
04a8b9
04e6a2
050318
04fd65
05037d
0512d0
051a07
0530d3
05546d
056c69
05828c
058ebf
058c37
0593e8
0599f9
058a23
0592ff
05c01e
05d5ed
05c45c
05b074
05b1e3
05beb4
05bf1f
05b7ab
05bb70
05b244
059e35
0598d0
059031
057df6
058331
058c31
058050
056ccd
0543a9
050b90
04fbed
050e0d
050f08
0505ba
04f2a4
04bed3
0488b0
046f22
0462c0
04500a
0437cd
041e7d
041077
040039
03d294
038a69
03574e
035602
035ece
0347e5
0320eb
02efd4
02abee
02814b
028b53
02947c
02720c
023398
01f960
01d456
01c3c6
01bdcd
01b7cc
01a4d7
017f33
015532
01273b
0101df
00fd17
010179
00e95a
00ccd3
00bec4
00b1d7
00a693
00978b
0071b5
004eb7
00494e
005180
00517c
004a51
003c78
002455
00109d
001b0a
002a3b
001bca
fffbad
ffe5a4
ffe0aa
fff72f
001031
000000
ffe608
ffe79e
ffdfd1
ffc84f
ffd177
ffe7be
ffddd3
ffbfd9
ffab73
ffa9d6
ffb87a
ffc3ae
ffc68b
ffb5d1
ff8cd0
ff6971
ff5f84
ff64ef
ff7cb6
ff880b
ff613b
ff3181
ff1fc7
ff138d
ff07e5
ff0875
fef6bc
fed65f
fec54d
feac10
fe82fc
fe790b
fe84b6
fe69c5
fe36fd
fe1cb5
fe0cac
fdeedd
fdd558
fdc12c
fda0b3
fd8bbc
fd86fa
fd6f7d
fd4b28
fd2c10
fcf9a5
fccd8f
fcd87e
fcebce
fcced6
fc9e46
fc77c0
fc57b4
fc455c
fc4e05
fc6297
fc450e
fbebcd
fbb9df
fbdbfd
fbf359
fbe44c
fbe810
fbe694
fbab6d
fb6c14
fb6e24
fb9490
fb9bda
fb9216
fb9da1
fb97a8
fb6edf
fb5f2b
fb6b7d
fb7703
fb9ba2
fbaf5c
fb76d9
fb56e9
fb84ac
fb983c
fb934e
fbbdbc
fbd6cd
fbb3cd
fba6ef
fbc379
fbd22b
fbd9c8
fbf56e
fc14ec
fc17d2
fc0949
fc1caa
fc5018
fc643f
fc5510
fc61c5
fc8b28
fc9ef3
fca132
fcb37b
fcc6ef
fcd02a
fcf804
fd3232
fd3c11
fd2d70
fd3f78
fd4cc1
fd5193
fd8829
fdc7c1
fdc1db
fdbb67
fdedb1
fe0353
fdea37
fe0b9d
fe5536
fe5d2d
fe5521
fe7c1b
fe7d57
fe65ec
feb09b
ff0590
fee955
fed1c7
ff0147
ff07f2
fef51b
ff187d
ff4769
ff6adc
ff8757
ff7489
ff51e4
ff6345
ff89af
ffa127
ffb9d5
ffcf4e
ffd2ec
ffc120
ff9fe9
ffa810
fff244
002408
0007a1
ffe3e4
ffe3e7
ffe2b2
ffe517
00147c
0042b4
002dfe
00010e
fff13c
ffea8a
0000cc
004ec0
00770e
003862
ffe86d
ffdbdb
00054a
003f5d
0069c5
00684d
00420f
0013d1
fffe28
000e78
0038ec
006c20
00839c
00639a
00388a
002ba9
002be7
00422b
007aac
00a473
009cfb
0072d7
004602
0042e8
00742d
00a32c
00b767
00c3f4
00c20d
00a6b8
0085bc
0082e3
00b03c
00e870
00f317
00e50e
00e99d
00e97f
00cef8
00c4ce
00ec6d
0129da
013e99
011c95
00eefa
00dbdf
00ec01
012482
015fc1
016943
0142e5
01122a
00f07e
00f1aa
011f17
0164e1
0188a2
015c1b
010be6
00f72b
011c7f
013e00
014d76
014ca1
013797
011f0f
010a66
00fe91
0119e2
013da1
0131b2
01126f
010a97
010053
00f191
00f656
00ef0b
00d580
00e4c9
010531
00f2e6
00cda7
00b9a1
00a19e
009f5a
00bee3
00caf6
00c34c
00b3b3
006de7
00320f
00670b
00adda
00a729
00991f
008086
00263a
fff8f4
00392a
0070b6
007031
006fd3
00590e
000fb0
ffe1ec
0006a3
0044d0
005e69
0060be
004628
ffffcc
ffdbb1
000a7b
003bc1
0047e7
005abd
0057b5
002906
0020ed
003f25
0040e7
004d3a
008870
009eb1
006bb9
00515a
0082ac
00ba24
00be2a
00b589
00d4f5
00fd98
00f79b
00dd00
00ebc6
012229
015de5
0186a8
017f6a
0152b9
0156d5
01a0ce
01d659
01d8c0
01e5b7
020623
020e01
020839
022285
02536e
026a52
026d45
028324
02967b
028c51
029c34
02cc3e
02d81d
02d530
02e4ca
02d95b
02d190
030496
032114
02fe2f
02e67a
02e0ce
02e8fd
031fab
033451
02e622
02a82e
02bc7d
02d128
02cb6b
02c5a1
02ac49
027ecc
025768
02395f
022fcb
024096
0238b3
01f15b
0199e9
0172e8
016e19
016232
0152c7
013445
00eac4
0094f1
006e27
0056ab
0025be
00047d
fff4fe
ffac56
ff5080
ff404a
ff2c95
fec85b
fe91ce
fea29d
fe6413
fdf6cb
fdd9a5
fdbd76
fd7496
fd5b91
fd4c33
fd0373
fcd6d1
fcc5f6
fc7049
fc165c
fc193c
fc2535
fbf558
fbcbee
fbb1cb
fb727e
fb44e7
fb5a39
fb4a47
fafd37
faf151
fb05a7
facaae
faa493
fad801
fae3b5
fab901
faa72f
fa8be4
fa70e4
fa9bd7
fac668
fab08e
faa1da
fabc95
facd24
fac231
fac789
faf329
fb136c
fb1a04
fb2e08
fb3d03
fb43e2
fb81e2
fbbab4
fbab50
fbc59e
fc1553
fc1cf8
fc29ac
fc8003
fc98f9
fc8fef
fcdf91
fd2406
fd32f6
fd73a2
fd9543
fd7b69
fdcf4f
fe4d24
fe5145
fe5b48
feaed5
febc4f
fec158
ff2638
ff606e
ff6c66
ffcf56
000f62
ffdcdb
fff2ae
004ec3
006548
009303
00f26e
0101a4
01053e
01402a
01479a
014ac0
01a1ce
01c1ee
01920f
01b7e3
0221e4
024c4b
02320e
0211fd
021fe8
025a93
0277d7
0269b9
025c36
026733
029c83
02c6c4
029b5d
026da6
028cf5
029cc2
027a13
027461
028078
028a68
02a641
0293a7
0243bc
0228f9
025114
02616a
024e7d
02341e
020da7
01ef4c
01f4e1
020b79
020712
01e016
01b8e8
01a2e0
01976c
019b61
01a07c
018a19
0173ca
016b74
014f58
0130c1
014268
0154b5
012c24
0103e0
010ec4
011ca4
0119bd
01167e
00f84c
00d826
00e88a
00ee50
00c151
00c890
010c79
011a51
00ebe5
00bf71
00a630
00bc03
00ece2
00e668
00c44e
00d16e
00ed6c
00f675
00f0ba
00cf07
00b374
00d245
00f3ee
00e32f
00d361
00eecb
0104d8
00f025
00e7b7
00fc21
00e972
00d32e
00f741
00f7b8
00cf8b
010657
01393a
00efac
00df83
01202b
00eaeb
00b522
0107a8
012600
00f558
01095e
0107f1
00d8cd
00f741
010a16
00d8a2
00f3f9
011f46
00e62c
00d0ff
00f9e1
00dd86
00c5d3
00f3a0
00ef3d
00c50b
00d38b
00d68d
00a999
00a163
00bd38
00b743
00949c
008830
009154
008150
0061f4
006c4d
006f90
003739
001f21
003bd9
001c0a
ffe599
fff1a5
fff48f
ffcef6
ffc36c
ffaf7a
ff7ed9
ff7753
ff74cc
ff44ac
ff21d4
ff1d3b
ff1003
ff045e
feeff5
fec4c2
feaa53
fe9a9a
fe7414
fe5b47
fe5bd0
fe4995
fe3016
fe2546
fe0c50
fdeba3
fddfd3
fdda38
fdc600
fdaf34
fda49c
fda5d0
fd9b44
fd8123
fd7460
fd7eb2
fd8db3
fd8cf0
fd731d
fd5449
fd610c
fd867e
fd873d
fd7762
fd8330
fd94cb
fda62b
fdbe04
fdb777
fda759
fdc27d
fddad0
fde551
fe1c54
fe3f85
fe20bf
fe34e3
fe6cc8
fe5e24
fe6b5a
feb7a9
febb48
feb75f
fefd0d
ff109b
ff0480
ff383c
ff4846
ff3c26
ff824c
ffb014
ff92d8
ffb4df
ffe86c
ffd6a3
ffdb83
0002de
001952
003f4b
004c2b
00316c
0047bf
006641
005693
00679d
00877c
007669
00734f
007f8b
0077ea
008e9a
009a43
007171
0071dd
00829b
004941
0031e5
0071fe
00822b
0046ea
001c2e
00196f
001dbe
0008c9
ffe526
ffdbd7
ffce85
ffab83
ffb7d9
ffbd17
ff65dd
ff33b1
ff67ad
ff5b40
ff0836
ff00da
ff0820
fed431
fec2ac
fecf85
fea230
fe719e
fe73b7
fe68ed
fe4536
fe2d95
fe2407
fe1ffb
fe1587
fdfba4
fde0de
fdbab4
fda38a
fdcfe5
fde950
fd9eb7
fd7531
fd9dde
fd9e54
fd8d65
fda14a
fd8090
fd522c
fd71f6
fd8ac0
fd8972
fda36f
fd9da1
fd8e69
fda6e6
fd85d6
fd582b
fda8fc
fdfb44
fdee9d
fde3ff
fdcbb4
fdb85c
fe0c31
fe464e
fe1df2
fe36b5
fe56b4
fe2a62
fe6d73
fede8b
fe99c9
fe7471
fefd3a
ff1d44
fede41
ff1c00
ff45f4
ff1b2b
ff6f87
ffd0d2
ff8f27
ff8b6f
000b6f
00229f
0003c7
00328f
0034cb
00386d
00afe8
00e1a2
00a62f
00cdef
010f0b
00fd02
013265
018917
016aaf
015abf
01a377
01c612
01d3ca
01fbcc
020ad6
021e91
02480a
02545e
026c4b
02934c
029129
02a370
02d7f5
02d51d
02cf0a
030ac4
0334ef
03315f
0339a4
0340eb
0347be
037a0e
039ec9
037829
0369a8
03ae8d
03ce2a
03bf74
03e894
03edca
03a0c1
03c71d
042ea6
040924
03ee1e
043080
040135
03e032
045e08
045b5c
03debe
041bc8
047358
04341a
0425f5
0449f7
042edc
043e93
045926
0425a3
0428e9
045f17
044c1e
043bf5
0441e1
0412fd
03fd3f
042c4d
044e82
044191
04080d
03d725
040487
042445
03e1db
03ce6f
03f3f5
03c279
039a54
03d503
03c03c
035fed
037620
03aafa
0366da
032e2c
033a5c
03141b
030127
033526
0308ca
029e8e
02ab68
02c50e
028b2b
027c25
027860
022db4
0211f9
022216
01f64d
01d3c6
01d922
01bcd2
019e1e
0188dd
013cef
00f98b
01141c
014971
0129e9
00be0b
008836
009bc9
0076e5
004f4e
007abf
005ff8
fff2ba
ffe2e7
ffdec0
ff9189
ff9640
ffc47f
ff9a80
ff742f
ff4958
fee42c
fede9e
ff18bc
fee9bf
febde1
fed2b2
fe9772
fe457f
fe53ca
fe6083
fe4f4c
fe41d1
fe055d
fdc5d2
fdcb76
fdc923
fdac42
fdb97d
fda811
fd61df
fd60ea
fd7c09
fd3fae
fd1239
fd298e
fd0984
fce55b
fd1c16
fd138b
fcba09
fcd503
fd05bd
fcace5
fc796e
fcb9d5
fccb53
fcbaf0
fcbc11
fc84dc
fc6128
fca793
fcdd9c
fcc550
fca7c8
fc9321
fc8d2d
fcaa10
fcc32e
fccd1f
fce791
fd096e
fd012e
fccc16
fcceae
fd2a39
fd52e8
fd331b
fd4c75
fd6d8f
fd547f
fd7491
fdb9d4
fdbba0
fdd071
fe03a0
fde59a
fdcc52
fe1669
fe5f83
fe74a5
fe872e
fe8cd3
fe81c7
fe8e6d
febcff
fef2c7
ff0a0e
ff10be
ff27ac
ff37e2
ff3a57
ff50e9
ff64b8
ff6ce5
ff923a
ffb078
ffa35d
ffa669
ffc117
ffc724
ffc274
ffc4f7
ffceec
ffe0eb
ffe6aa
ffd9ed
ffd48b
ffd186
ffd2f7
ffe908
ffe102
ff9a45
ff761b
ffad7f
ffcff8
ff946d
ff6506
ff784a
ff704a
ff48f5
ff2e47
fef495
fed0b8
ff0c43
ff1852
febb6b
fe903c
fe854f
fe58ec
fe5c26
fe46b7
fde41f
fdf2d4
fe244b
fdaee8
fd6825
fda987
fd785d
fd27ee
fd5aa3
fd370d
fcb103
fcc3d3
fcfb41
fca05d
fc6564
fca469
fca4f5
fc3ae6
fbff71
fc2721
fc3944
fc0767
fbf8a2
fc1506
fbf3ce
fbb00e
fbb135
fbdfa3
fbe61a
fbcb1a
fbcbab
fbdb99
fbbca6
fba421
fbe6c6
fc255c
fbf8f2
fbc9fc
fbeb58
fc19ba
fc3f09
fc6cda
fc75f8
fc6310
fc87d4
fcbd2f
fca69c
fcab93
fd1eef
fd612c
fd5575
fd9f5a
fdd789
fd77cb
fd8a9b
fe4fde
fe8915
fe6087
febb31
fef319
fed3f4
ff3221
ff9070
ff6c7f
ffaf92
004804
0045ed
002412
00887b
00dc0a
00f484
013cf3
0170d1
01646d
019d5a
021033
022dc0
0221ed
025ec3
02aa72
02cc99
02f396
031849
0322cb
034eef
039022
03a0fa
03a65d
03d497
040ccd
042488
0414e1
040bab
0445ba
0485d6
048593
048544
0491c4
046fe3
046605
04ace0
04d631
04b878
04b61b
04c8c7
0495aa
0464f0
04aa91
04e887
0496a6
045dc5
04a294
0499f2
04458e
046fb5
04a1ee
0442d9
040c71
044431
043923
03fb5a
03fe07
04166c
040803
03d99a
03b120
03c6eb
03cdd0
037df7
0369ce
03b747
039b5b
0331b5
034da2
038de7
03489b
030a58
033a9b
03481b
031436
030543
0300b0
02e7eb
02f8e8
0316a2
02fece
02e157
02d708
02ccb1
02d164
02c9b5
02af2c
02c7c6
02eb3a
02cbdb
02a98a
02a196
029746
02b56c
02c89c
02951d
029694
02c762
02932d
025d90
028f25
02a5db
0299c1
02a1b9
02738a
0246dc
027424
0293c5
028534
027212
023a47
0236cd
0287bf
026d75
02192b
0249a5
027382
023853
02296a
022cce
020298
0215f7
02430b
0228f7
020cf8
020461
01ed93
01f546
02039a
01e50d
01d9b1
01ec0c
01d8ef
01b64a
01b5e8
01c51f
01bdd4
01ab65
01ab92
0198f6
016328
0169ad
018f5c
016164
0144fb
017a6d
015d0e
0101d4
010b68
012587
0107ba
010269
00eb42
00aa09
00aaaa
00c66f
00aa96
008347
0061dd
004dcb
006468
004135
ffd69f
ffc9ee
001076
000050
ffb218
ff9433
ff89e3
ff635f
ff441f
ff3af8
ff1421
feeb2f
feffe1
ff03f3
feb9cc
fe8823
fe8313
fe6a48
fe6a1e
fe67fc
fe1fad
fdfe90
fe169f
fdf265
fdd798
fdebe2
fdbaa5
fd9d8b
fdd4bd
fdac28
fd536d
fd6737
fd72be
fd6093
fd916c
fd8f52
fd4443
fd3bc5
fd4428
fd42be
fd761d
fd7189
fd3608
fd5c8f
fd802e
fd3f6f
fd37bd
fd7efc
fd9afc
fd9ceb
fda0b4
fd9335
fd8582
fd83b3
fda7bf
fde9a5
fdf685
fddfaa
fde619
fdf107
fe0f8f
fe4049
fe24f5
fe0956
fe4b7e
fe68f6
fe4ecb
fe74ca
fe8fd2
fe76e3
fe9267
feb67d
feb0f0
feb977
feace1
fe9dda
feddc2
fef56b
febd52
fed919
ff128c
feee25
fedbd8
fef789
fed77b
feb491
fee1fd
ff2089
ff1291
febc2b
fea018
fee386
fee113
fe9aa1
feba39
fed828
fe8311
fe6da1
fe9d85
fe6a39
fe3bac
fe7115
fe6dc3
fe2e21
fe230e
fe091c
fdca0b
fddd5e
fe0987
fdd3f8
fd9118
fd98fc
fd9cee
fd780c
fd5ec4
fd478f
fd29f0
fd2f83
fd331a
fd001e
fcd7c5
fcdb63
fcd8c8
fcd74f
fcd1e9
fc9563
fc663a
fc8f6f
fca9ba
fc7822
fc537f
fc5c84
fc6585
fc64ed
fc575c
fc3dcf
fc3eb0
fc5624
fc55b7
fc3f86
fc487a
fc635b
fc4ec1
fc39e1
fc6d40
fc8e1e
fc6c41
fc7bc1
fcabd4
fc8eca
fc8552
fccdae
fce1c3
fcca85
fcf743
fd1ebe
fd1657
fd3e23
fd71f3
fd644d
fd5f2b
fd939e
fdc46a
fddfb9
fe02c9
fe2ebf
fe41c9
fe3f3c
fe6c17
feb7ba
febe66
feb44b
ff02e3
ff48ef
ff46f1
ff679f
ff9f97
ffabc0
ffdaf6
002660
002484
00207e
006b71
009ee4
00b5d1
00fbb1
011e42
01081c
013290
017fc3
019762
01b9d4
01e9a2
01e58c
01fdac
024993
026030
026a69
02b0fe
02cb55
02b735
02f0da
032f2a
0313e2
0316ea
03668c
03978f
03943c
039b45
03b998
03de5a
03f28f
03fbf0
040fed
0414b4
041810
045c6f
049601
046887
044f54
049181
04a932
048fa2
04b367
04d6ce
04c70b
04d903
04f152
04d505
04d33b
04fac0
050ce9
05295d
053502
04f645
04eb52
05334f
0528b3
04fc62
052d83
053fa0
051a7c
053dd0
05403f
04f239
0508d1
053ef2
050248
04ee0b
05284b
0513f0
04fa94
0517c2
04e858
04a77b
04c4fb
04de90
04cea2
04c45b
049858
046b03
04783f
047f47
04733b
04692a
043b85
040a4d
04039b
03f434
03e3b7
03eb90
03d1dd
03a615
0391b8
0369fa
034f38
035a18
0334ba
02ffa9
03061c
02f77d
02bb51
02a03f
029681
0280b8
027193
024ff1
0221ec
020ad2
01f307
01d2ea
01b8e0
01aa59
01ab62
0183bd
013621
013ac2
014da6
00f643
00d146
00f6ac
00b63e
008c4c
00c565
00827a
002364
005675
0042b8
ffe3a9
00092e
001204
ffb8a1
ffaf3e
ffac72
ff7210
ff7fed
ff7d37
ff3d28
ff34ba
ff2114
ff0081
ff25ef
fef263
fe931f
fee439
fefab7
fe7594
fe8265
feaf88
fe522f
fe7742
fec898
fe4316
fdfa7b
fe60d3
fe6172
fe1f98
fe22a6
fe3661
fe55aa
fe4589
fe0379
fe2973
fe3ebe
fdddd8
fe1439
fe94f7
fe441d
fe089b
fe6570
fe5b96
fe356e
fe74cd
fe7a8e
fe6900
fe987f
fea443
fea9b3
feb809
fe9938
fedba3
ff4713
ff0d63
feef51
ff3975
ff1828
ff2c0a
ffb50b
ff72d2
ff2382
ffe593
00306e
ff9d7d
ffadc1
fffd82
ffda9d
0012ed
0075a4
004bf5
002083
0049ec
0079be
0095aa
0076e1
006b06
00d352
00e9fc
006b09
006c3a
00e3d9
00d852
00afe9
00f26f
00f5c6
009af6
009f56
00e895
00ca59
0086a7
00afc7
00e295
00afa9
0078db
00790f
007b47
00811a
0074ad
0030fb
0019bc
003d82
0021e5
ffe841
ffe4fc
ffd28c
ffa7df
ff9d92
ff8d56
ff64cf
ff3ee0
ff2241
ff2257
ff0b08
fead14
fe8c94
fec72d
fe9ff4
fe2a1c
fe29b1
fe53e0
fe0d45
fdb059
fdaee2
fdb872
fd76c8
fd49b5
fd70ae
fd54ab
fcdaeb
fcd229
fd1388
fcd1b5
fc70d0
fc7590
fc81ce
fc7568
fc615c
fc20f7
fc045b
fc2144
fc0545
fbe648
fbfd74
fbd9e2
fba6b6
fbcb00
fbdc89
fbaa1b
fb911d
fb9f9f
fbd264
fbf033
fba088
fb6879
fbbb54
fbec74
fbc691
fbd4fa
fbf6ca
fbed53
fbfd96
fc2167
fc2b78
fc3063
fc4c50
fc8651
fc9d26
fc7dfc
fcacd8
fd0790
fd0539
fd1a6e
fd65ca
fd4888
fd53d4
fdd830
fdda74
fdc844
fe5bbf
fe761b
fe2fc7
fea81c
fee7a1
fea6d5
ff343d
ff9c0a
ff168d
ff664f
002a5a
ffd244
ffca0e
009443
0078a6
003a1a
00e7ab
00fb5e
009415
0126b8
019ae7
0140b2
0177ba
01ef23
01a4a9
01a2f7
023be4
023c9a
01f31d
02435e
028ce4
026ec6
028140
02a626
028fba
02b284
02ff21
02e68e
02bc84
02e6ae
02f113
02d213
02f56f
031951
030c0f
0324ee
03302a
02e6d2
02ced5
030149
03004e
02f2eb
031c33
031401
02d081
02dc73
030c22
02d340
029792
02dc54
030127
02a9c1
029e00
02d250
029067
027f1b
02ef74
02ba6a
023001
02843c
02c87c
025559
02620a
02b9b1
026abd
0247df
028d8b
025c83
023872
02864f
027b0e
0256a3
028654
025ff2
022043
02647f
028289
024ff2
026ff9
02884f
025a8e
026c0c
0285a6
02537c
0252f3
028b15
028896
02791e
028e9d
02895a
027112
02811e
029e49
0297a4
028c7b
029617
029064
028800
02ac2e
02c3a6
029ba2
029108
02b2b9
02af87
02a05b
02ae80
02ad7d
02aff0
02c6c1
02b9d8
02a39a
02ad48
02b614
02bee4
02c99f
02afa6
02a1b6
02b70a
02b39e
02aecb
02c314
02af16
029a23
02b116
02a772
028f44
02aa2f
02a8f8
028078
02839c
0283a9
026e2c
0283be
028b13
025bde
024794
024b89
023b08
02383a
02332e
0212c9
0204bf
01ff80
01e238
01d2c4
01d2e6
01bc5a
01992b
0179e6
0167ba
01658c
0149e2
011d82
01111d
010223
00dc68
00cefa
00b554
00798f
006a8b
006f72
0033cd
fff989
fffdf9
fff5a8
ffcb06
ffb53e
ffa012
ff6cc9
ff3f73
ff3108
ff21aa
fefdc5
fee808
fee834
fecd31
fe95be
fe7c2c
fe7d97
fe70f8
fe582c
fe3d38
fe1e76
fe0b81
fe0d3c
fe11b8
fe02d7
fde73e
fde260
fdf394
fde643
fdbe45
fdb1f9
fdba65
fdc239
fdd97f
fdea42
fddf37
fdd882
fdd98e
fdd018
fdd770
fdedd4
fdf6a8
fe0799
fe21d4
fe25ed
fe27a6
fe36d3
fe4437
fe5554
fe6c77
fe74e5
fe7dbc
fe89f4
fe908a
fea948
fed4b6
feef1f
fef99e
fef32f
fee3f0
fefe61
ff2694
ff1a39
ff1f77
ff60b8
ff7476
ff52c3
ff5a12
ff6f51
ff6a01
ff7467
ff80f0
ff7878
ff876a
ff969f
ff8948
ff8b7c
ff94cf
ff811d
ff7e69
ff8e0e
ff75f2
ff5705
ff63c4
ff6a84
ff5396
ff4948
ff4ca1
ff35fd
ff0c8c
fefcec
ff0200
feeecd
fecd89
fec6cf
feb9fd
fe967b
fe8300
fe74c4
fe4f83
fe366f
fe2a20
fe0c60
fdf7fc
fdee92
fdca7c
fda3b7
fd92e7
fd7c6c
fd625c
fd4fa6
fd342a
fd23d2
fd1999
fcf08d
fccdc1
fccc79
fcb715
fc9604
fc9ad2
fc9158
fc6199
fc52f3
fc6215
fc4d03
fc2bfd
fc2981
fc270b
fc1aef
fc1c40
fc218e
fc10ed
fbf4fe
fbf7e7
fc176d
fc2143
fc0933
fc0332
fc1e95
fc2d37
fc2453
fc215e
fc30fe
fc4ee6
fc6eaa
fc79a9
fc6e0b
fc6fd3
fc91e8
fcbc3a
fccfd6
fcdadd
fcf18b
fd0d2a
fd25f3
fd3af5
fd4d11
fd6dfc
fda445
fdc97b
fdc948
fdd286
fdfe4c
fe2ce8
fe51e4
fe76dd
fe956a
feacf7
feccbe
feefc9
ff07f8
ff261c
ff5b1b
ff8ff1
ffa9c9
ffb708
ffd030
fff4d3
00227f
0057b4
0078c9
007de2
0095f1
00c8d1
00ea3f
0103e9
0137a6
015a72
015a57
017183
01a747
01c9f3
01dcaf
01f869
0213c8
022f2e
024ec7
026aa2
0282db
029ed7
02b869
02cbe8
02db30
02f163
0313a7
0333eb
034990
035f39
036cb2
036f1d
03833b
03abd6
03c827
03d71f
03e097
03dd6d
03e94c
041350
0430bf
04338b
04410a
044ed8
044ce0
044f76
0460a0
047475
048f54
04a206
0495d7
048c8f
049f52
04a877
04a150
04b0da
04c29c
04b599
04b329
04c71a
04c3e3
04abd0
04ac35
04bdb7
04c494
04bab0
04a489
04962e
049aec
04990c
048d86
0490ca
0489b2
046ba0
0462b5
046b23
045276
042dc5
0422b7
042276
042468
0421df
03fdcc
03d079
03c888
03cb20
03bb17
03a833
039284
036d6c
03539d
03511f
034a0c
033847
032f66
031eac
02ecfd
02bb20
02b207
02b3f5
02a9a6
02a664
0298d1
0268b9
023de3
022edd
0222c8
021c53
0215de
01f27e
01cd49
01c4a2
01b365
019bea
019834
018dd3
016bbd
01480d
0126b7
01113f
01188e
0118e3
0102c3
00ed2c
00cde4
00a2b7
008ed8
008a2b
007d33
006de3
005671
003ceb
0039df
002f28
0007da
ffee4d
ffe28f
ffc6e5
ffb824
ffbd03
ffac2f
ff9418
ff8293
ff6461
ff55af
ff5eba
ff51aa
ff34b6
ff2d79
ff1f75
ff04a2
ff06cb
ff10c2
ff0067
fef249
feed33
fedca2
fed858
feea23
fee6d3
fecf61
fecf4d
fedd2b
fedf22
fedc44
fedcae
fedd94
feedfb
ff034c
ff00e0
fef197
fef283
ff07e4
ff2f3e
ff4b81
ff3e77
ff2c13
ff3eb7
ff5b6f
ff6af5
ff8491
ff9eee
ff9dcb
ff9ec3
ffbe16
ffda91
ffdc74
ffd974
ffeadd
000ba0
002b77
003f06
00460d
00467f
0049b4
005d78
007723
007d8a
007cdf
008f73
00a98d
00b628
00b3bd
00aa39
00ac09
00c03e
00cdd0
00bede
00b2e4
00c2db
00d343
00c604
00b235
00aee2
00aff3
00a7fc
009c3d
008fb2
008021
007651
006915
005451
0041e2
00359f
002232
000718
ffeea8
ffda24
ffc4d4
ffac39
ff8b29
ff68d7
ff4cc7
ff33ac
ff1d1e
ff0470
fee082
feb2bb
fe8c06
fe6f0a
fe5373
fe343e
fe14f7
fdf1d6
fdc6a1
fd968e
fd72ec
fd61e7
fd4d49
fd254d
fcf497
fccc54
fca973
fc8af5
fc732b
fc5bec
fc3b89
fc14bf
fbf47c
fbdc8f
fbc470
fbab1e
fb96f9
fb80e1
fb614a
fb4780
fb3ce2
fb3522
fb2478
fb16c3
fb0d94
fafe19
faf1ea
faefc6
faee50
faeac4
fae7ad
fae2ce
fae814
faffbd
fb1099
fb0e5a
fb15f8
fb260b
fb26fa
fb2801
fb4509
fb7367
fba074
fbc043
fbca67
fbc8e5
fbd452
fbf517
fc2ebf
fc7641
fca82a
fcba97
fcbe09
fcc634
fcf5a3
fd5472
fda92e
fdc4c2
fdc89d
fddce7
fe03d3
fe3ae4
fe800b
fec4b4
ff00a7
ff2df6
ff43c4
ff5015
ff6bad
ffa3fd
fff412
003f82
006689
00760c
008eb2
00b308
00d7bc
0104bc
013b78
016b15
018874
01992e
01a66c
01c181
01eda6
021799
02345e
02490e
0251f1
0258c0
0271f3
028e0c
029902
02a071
02b1b2
02c4b8
02d1de
02d48d
02cd09
02cf39
02dd8b
02e4fa
02e71c
02ea31
02e12b
02cfc4
02cc7a
02d8b4
02e4cc
02e80d
02d5e3
02b6fc
02a883
02ac2d
02af57
02afea
02b10c
02a4e2
028924
0279de
028043
0285ca
027a74
026f2c
02663e
025aae
02547d
0256ae
02551b
025009
0247bd
024007
0242e3
024767
023cd7
023af7
024a72
02424c
02251c
022529
024354
0257f2
025a68
0250ee
02414a
0242ca
02524c
025468
0257aa
026ebe
027d8d
027044
026948
027b19
02912a
029ad9
029e47
02a168
02a201
029dc7
02a363
02c077
02e2b3
02ebc0
02e55f
02e272
02e106
02e25c
02f3e9
030f50
03221a
032a9d
0329b7
0322a2
0325e2
033a5b
034e98
035c2d
036126
035c68
0355f7
035f00
0370a9
0382b6
039212
039343
038913
038945
0395ad
039a4c
03959c
039800
03a631
03b07e
03ace8
03a60c
03a611
03a46d
039dad
039a32
039704
0395c2
039996
03942f
0380c8
037751
037481
0363f7
035065
034abf
03474d
033fcf
032f8d
030c4e
02e93d
02e1c3
02de52
02cd37
02bd7f
02a7ce
02806b
025b47
024418
023364
0225aa
021067
01ee23
01cd78
01b214
0190b9
017837
016372
014150
0120bb
010e7d
00f03c
00c35f
00a803
009d1a
00926a
0078d1
00476b
0016b7
0009b0
0009cb
fff1bc
ffd233
ffbd85
ffab75
ff9afe
ff8b5b
ff7548
ff6371
ff54e9
ff42a7
ff3acc
ff34ac
ff21a3
ff18ba
ff2407
ff1f2f
ff09f5
ff0206
ff030b
ff03ef
ff0b40
ff08a0
fefc2d
ff00bb
ff0dce
ff136e
ff1eee
ff2e82
ff2f13
ff280a
ff2950
ff2d66
ff3a91
ff5615
ff704a
ff79c8
ff765e
ff7013
ff7a1b
ff93b7
ffa931
ffaeb9
ffb075
ffb96e
ffc890
ffd8be
ffe0d6
ffe4c2
ffee89
ffff5a
000a9b
0003f0
fff50f
fff89c
00100f
00247d
00287f
00211f
0010f9
00047d
000b38
000f37
000247
fffa1e
fff944
fff3f7
ffe8ca
ffd943
ffc264
ffb279
ffadf8
ff9a9d
ff7f9d
ff6ee6
ff5b6c
ff4164
ff2d5c
ff1236
feee0f
fede0e
fed348
feaba6
fe79e1
fe588e
fe3d30
fe2452
fe0e92
fde797
fdb8ed
fd9beb
fd80b3
fd5729
fd2e0f
fd0a26
fce765
fccf26
fcb547
fc892e
fc57b4
fc2de2
fc0ebc
fc0508
fbff24
fbd9f2
fb9de8
fb7229
fb5bd8
fb4934
fb3cc2
fb2b5b
fb0e26
faf972
faefa8
fae030
fac03f
faa2dd
fa95e2
fa9bf9
faa4ad
fa9e7e
fa8cdf
fa8346
fa874e
fa8cb1
fa8a57
fa8a70
fa9178
fa9d2e
faac7c
fabd5c
fac5aa
facbf3
fae252
fb0557
fb1b07
fb21f6
fb2c91
fb4959
fb753c
fb9bbf
fbb933
fbd2b6
fbec1b
fc05b6
fc2b01
fc5a56
fc7d8f
fc9cd3
fcc970
fcf6e9
fd1b0b
fd3f31
fd6a85
fd9356
fdb853
fde1bb
fe1065
fe41b6
fe6c8b
fe9316
febdb1
feedbc
ff1b7b
ff3efe
ff5f19
ff8869
ffbb3f
ffe999
001616
0042fe
006558
0082ea
00ad6a
00d8a7
00f2b6
011027
014218
017839
019ab2
01aeec
01c55c
01e44a
02089c
0231ae
02563b
026c6d
027ef3
029a1c
02b609
02cfe6
02f107
03112a
03238b
032cfa
0339f3
034f92
036d74
03878f
0397e0
03a438
03abec
03b3b2
03ca92
03e3f0
03e7c8
03e6e3
03f61d
0405aa
040c40
040f26
040e1d
041433
042785
043314
04288a
041d11
04204f
04296e
042c34
042535
041cfa
041838
041dfd
0427d2
0422c8
040a71
03efc9
03e608
03ef67
03fcf5
03f75e
03d9c1
03c3b5
03bf6d
03baee
03b04e
03a4f4
0390af
037dc4
0373dc
0369d7
035f97
035fcc
0356e0
0339e8
0321c2
03142e
0300f2
02eff4
02ec3f
02edc6
02e74a
02d222
02b227
029fc9
02a039
029ab9
0284ee
026c31
025eb8
025c85
025b1e
024f2c
023f06
023070
022060
0211fe
0208f3
01fec8
01f85c
01f235
01de9e
01c9a1
01c4c4
01c5ba
01bffd
01b78f
01a7da
0190b7
017dc2
01739b
01713d
017727
017356
015820
0140f1
013d07
013b26
013069
012226
011323
0106bc
00fa49
00e857
00def5
00e7ca
00e91f
00d2c1
00b5d5
00a191
009afa
009ba5
009297
00803a
007d75
0085c6
007f8a
006758
004d34
003bc1
003e41
004b82
0048a9
003dda
0039db
0038cb
0030f6
0024da
001852
0015f9
002688
003539
00321f
002a48
0025bf
00255d
002b73
00395f
004433
004765
00449b
0042b3
004dda
0065d0
00783b
007bfd
00756e
00788d
008b21
00a5a3
00b319
00b5c7
00b8cf
00c1ea
00d514
00eb55
00f7ba
00f975
00fe2d
010c56
01209a
01324b
0133a5
012ff0
013d70
01542a
015a79
0154ae
015ca0
017164
017e24
017542
016786
016990
017927
018887
018c93
0180d2
016c39
015de3
0164bc
017545
017964
016a74
015558
0142d0
0135c2
012d86
012604
011ab0
010e5b
0102e9
00f40d
00dd11
00c0ba
00a855
0097f7
0087aa
0072be
0057e1
003e40
002773
000d39
ffec3f
ffd0e2
ffbe0b
ffa53a
ff80a1
ff5a68
ff34e1
ff0dc3
fef651
feea58
fece1f
fea418
fe7f95
fe5488
fe244f
fe02ac
fdebcd
fdd17b
fdb64c
fd96f3
fd6c6c
fd4227
fd170b
fce97c
fcd127
fccbdd
fcb563
fc8647
fc57bd
fc30ac
fc16bd
fc097e
fbf685
fbd68a
fbb474
fb975e
fb7f7c
fb6ef3
fb5db7
fb4765
fb3739
fb2c25
fb19ee
fb0664
fafb9e
faf237
fae850
fadd8c
fad9ec
fae087
faea3e
faed77
fae6d8
fadb4b
fad10e
fad8f5
fafbbb
fb247c
fb35f8
fb2dd3
fb21c0
fb2d5b
fb52f5
fb7e31
fb9ab7
fba9c2
fbbcd9
fbd9a1
fbfce5
fc1abf
fc32e3
fc4ef9
fc75ee
fca44b
fcd055
fcf20a
fd0803
fd223a
fd51b2
fd8721
fdaeaa
fdd0a7
fdfb8f
fe2111
fe4037
fe66a9
fe9300
feba20
fee272
ff0c28
ff3753
ff61d9
ff7b68
ff8746
ffa404
ffd72e
000915
003274
00525b
006208
0069f8
007f0a
009cb7
00bd57
00e45b
01078f
011b3f
012462
0125ac
012177
013396
016515
018eea
018faf
017b59
017517
018739
01a04b
01ae2e
01b461
01bc59
01bcc9
01b0d0
01a82c
01aa2b
01b4ad
01cae5
01dd3a
01d410
01bab5
01a859
019f1f
01a330
01bbbd
01cf18
01c5ad
01b0e9
01a122
019288
01950d
01a869
01ae1a
01a196
019966
019842
018e31
01847b
0185bb
018fae
019c05
01a14e
018fd3
017297
016b5e
0182d6
019ab4
019dd7
019563
018ab6
018054
017cd9
0181cf
018f93
01a84c
01b8e7
01ab1d
01927d
018d8d
0198e2
01a623
01b80e
01c86c
01cd1b
01cb0c
01cb4c
01cc10
01cdcb
01d424
01e0f4
01f51c
020254
0205ea
020988
020c24
021102
0221eb
02368f
023be3
023a7a
0243d3
024e70
0254bb
0260bf
0277b9
028cb1
02941d
028ab4
02865c
029765
02acb6
02b332
02b8ea
02c75a
02d861
02e141
02dc79
02d3bf
02dbdb
02f89e
0307de
02fb6b
02eb0f
02ef76
030222
03124c
0312c9
030512
02fd49
02fe5c
02fd4d
02f861
02f640
02f202
02e631
02db95
02d607
02d33f
02cfb6
02c59e
02b3fe
029ad2
027c35
026b75
026f21
026fe3
025b65
024411
0230ee
02189b
01f95d
01df31
01d112
01c644
01b54c
019b0b
01808f
0169f3
01550e
014056
012ad2
011036
00f71d
00e95f
00da56
00befa
009fed
008c3c
008304
007403
006257
00583d
004a2b
002d0e
0013b1
000a41
0003c1
ffff43
fffbeb
ffebb6
ffd71a
ffd788
ffe1fd
ffdbab
ffc8d4
ffbae7
ffbabb
ffc7e4
ffd00c
ffc949
ffc73a
ffd303
ffdb46
ffdbe6
ffddda
ffe1f8
ffe7d9
fff3d7
fffc13
00056e
001abf
002bd2
002ca1
002e51
003e2d
004eaa
005c4f
006b93
0070cd
007609
008a04
00a223
00b099
00bc7a
00c2eb
00c165
00c8d7
00dbb6
00e6f2
00efc0
00ff51
010d91
0114d7
0112ce
010873
010339
01125a
012546
012a03
01236d
01174c
010e4a
010d98
01089a
00fc84
00fb04
010300
00f5a9
00d288
00b8d1
00b3a1
00ac4f
009486
007c56
00741a
00684f
004171
000dd2
fff384
fff45a
ffe9f1
ffb8cb
ff7b66
ff5843
ff4af2
ff35fe
ff11dd
fee7e0
fec036
fe9af4
fe6f29
fe3b04
fe11db
fdfe5c
fde86f
fdbb3f
fd831b
fd516d
fd2ea2
fd1220
fcf538
fccf28
fc9929
fc635e
fc44e4
fc35b6
fc1ab5
fbf589
fbd4b5
fbae9b
fb867e
fb6aa6
fb5372
fb3678
fb217f
fb146f
faff4d
faea22
fadfe3
face71
faab8b
fa8fd2
fa8aea
fa998d
faa998
faa413
fa8929
fa7626
fa785f
fa8313
fa8f61
faa03d
faab6a
faa992
faaa51
fab55f
fac7ae
fae588
fb0894
fb19de
fb1bb7
fb23a1
fb3512
fb5847
fb9113
fbc0da
fbcf79
fbd847
fbf247
fc0f46
fc311f
fc5de3
fc8c05
fcb859
fce627
fd07fe
fd16ad
fd2920
fd5437
fd97ba
fdd838
fdfa14
fe0b77
fe2c50
fe5b5f
fe893c
feb85b
fee720
ff0be1
ff30f5
ff5cc7
ff84f6
ffa85c
ffcd22
fff9cb
00303d
0064b1
00828c
008f3e
00ab01
00ddb8
0116b8
0141a6
015a77
01736d
019d4d
01c59b
01e0f3
01f953
02136e
022eda
025a1c
028a8b
02a328
02ab39
02bf0b
02da96
02f151
0308f5
03238f
033995
034c34
03618f
037406
037f6c
038721
038e02
039946
03ae25
03c399
03c50c
03bc29
03c3d8
03dc62
03e59d
03d75b
03c6db
03c418
03cdff
03d479
03d43c
03d467
03cc28
03b630
03a569
03a0cc
039a77
0390f2
038d7b
03866e
03759b
035d8b
03427d
03315b
032d63
0327d4
0318ac
03097c
02f454
02d2d9
02ba61
02af2a
02a281
0296d8
0289bb
0270ba
025643
024799
0238d1
0227e1
0219c9
0207cd
01f095
01db5e
01cde0
01c227
01ba56
01ad47
019c57
01913c
01870a
01716f
015af3
01524f
014fbe
01472d
013d43
013c29
013850
01251a
01099d
00fc78
0105d2
01197c
01192c
00f6b2
00d01b
00cbdc
00e2c8
00f2ee
00f06f
00df48
00c63a
00bbae
00beae
00b9ff
00b248
00b41d
00b626
00b61c
00b4cf
00a421
008e04
008e81
0098a0
00956d
008aef
007f1d
0073c4
007888
0088ee
008763
00724e
006328
005ba0
00579e
00594d
005ef8
0063f7
00636e
00591d
004d49
004cc8
005018
004da2
004b1d
004dd2
004dc8
0050e0
0058b5
006054
005ed4
0056f0
00519e
0057ef
006809
007957
0083ca
00873e
0086d7
008251
007c39
0086e5
00a963
00cd53
00d7af
00cd9e
00c233
00c337
00d80e
00f48b
0103dc
010f6e
0126fc
0135a5
012c2a
012a3d
0143cf
015f60
01673d
0169a1
01759c
0182f7
018dca
019d2f
01b0e7
01bd2c
01b99c
01b649
01bbd5
01c8c8
01d8aa
01eb41
01ed8e
01dfcf
01e051
01f36a
01fc52
01f613
01f182
01e948
01df04
01e15d
01ef04
01f3bc
01ed41
01de5a
01cab5
01bbfc
01b5ce
01abda
01a1dc
01a2bb
019d83
018561
01658e
015046
01459f
01388f
011fd5
010807
00faba
00ec9c
00cf96
00a8d4
0086d4
007067
00638d
00514b
002c8c
00020a
ffe221
ffc9e0
ffb006
ff941e
ff6f9b
ff43e1
ff1e70
ff06da
feeec6
fecae5
fe9df0
fe7696
fe5f82
fe4b72
fe213c
fde9cb
fdc231
fdb1ad
fd9f91
fd7d41
fd52f9
fd2ed7
fd13c6
fcf876
fcda77
fcbd44
fca049
fc81fd
fc6adb
fc5865
fc432a
fc28b9
fc11bc
fc04ff
fbf890
fbe5bf
fbcb1c
fbb661
fbae46
fbab48
fba47a
fba045
fba370
fba92d
fb9e60
fb84f6
fb783b
fb8542
fb990b
fba884
fbb65e
fbbfb6
fbbeba
fbc356
fbcfe6
fbdf1d
fbf113
fc0466
fc1580
fc2bc8
fc4bdc
fc63ab
fc7263
fc8478
fc9f85
fcb950
fcd3a5
fcf147
fd0df5
fd2954
fd46e8
fd62f5
fd7d61
fd9da4
fdbecd
fddb8b
fdf362
fe0bea
fe2922
fe4b9d
fe6db0
fe896d
fea272
feb898
fecaa1
fee0ea
ff0517
ff2c13
ff4511
ff50d5
ff5b00
ff6c69
ff8363
ff9ae7
ffb199
ffc6aa
ffd5a4
ffe320
fff481
0004e8
000afd
000af6
000e92
001d40
003527
004951
0051c2
00518d
004dde
00490f
0048b1
005370
006417
006966
0063f7
006322
0066f3
006530
00687f
0071ad
006ef0
00611a
0057af
0058ee
006197
006e9f
0072d3
006b86
006346
005bda
005541
005d07
006995
00637d
0054c6
005af5
006a1e
006daf
006a43
006685
006b0a
007052
0069be
0061ae
006b73
007c70
008aff
00946e
0091ec
008579
0086f2
009715
00a8a3
00b456
00b701
00ae80
00b2b1
00c858
00dc28
00e7bd
00f5bb
0102f5
01069a
00fb62
00ed7c
00fe69
0134ac
016168
016418
015440
01516a
015a53
016a4a
017fa0
019930
01adbd
01b617
01b212
01b949
01d5c5
01f495
020281
020ad0
020f4d
020846
0205bd
02207d
024e44
026bc3
027283
026be9
02613d
025ec2
0275eb
029477
02a49b
02a711
02a8fd
02a9cb
02a9d4
02b507
02c4ad
02cf52
02d0d8
02cdb8
02c64f
02c24e
02c100
02c079
02c88b
02d990
02dd11
02c27f
02a4e9
02a0db
02a957
02a8ec
029deb
028cb1
027bcf
027226
026fe8
026383
024b8d
0233a5
02255c
02201e
02173e
01fed8
01ded2
01c4db
01ad50
01a037
01a745
01a7ea
018082
014176
011a84
011901
0122fc
011d50
00fe75
00d840
00b882
00a2a6
009756
008d53
00785d
006362
0059db
004c33
002c39
000a81
000197
000d12
000e59
fff358
ffd024
ffbb95
ffbc10
ffcc5b
ffd5a9
ffc4bb
ffa41b
ff903e
ff8fbb
ff9b54
ffacfb
ffb5a1
ffb114
ffaaec
ffa37e
ff98df
ff9d16
ffaf4e
ffc308
ffd84c
ffe4bd
ffd78f
ffca5a
ffdcd8
fffc98
0011cc
001e05
002430
002a9b
003929
004a86
005d65
0076b7
0086f1
008e13
009ca3
00b198
00bf13
00d335
00eadf
00f48c
00fe2b
011522
012656
013054
01409a
014dc8
0155d8
01643f
017412
017bff
018120
0186ed
018e04
019609
019d86
01a4ef
01a48f
01957c
018a8a
01964e
01a210
0191cb
017c15
01753d
017067
016ad4
016205
0148ef
012510
010a61
00fb28
00f2a2
00e79f
00cd2d
00a278
007cc6
0062bb
0048b9
00265a
fffee1
ffd78c
ffb4a3
ff9444
ff6e14
ff46c5
ff22b9
fefeab
fed595
fea6ce
fe6d4c
fe33f6
fe15f7
fe04e1
fddfbe
fdaad9
fd7d8e
fd530a
fd2b1e
fd0c31
fce352
fca66d
fc7784
fc6be8
fc5f49
fc37b0
fc086e
fbe7d5
fbd21f
fbb83a
fb92b2
fb6ecb
fb60a3
fb6066
fb5270
fb314d
fb17cf
fb1009
fb0c2f
fb0189
fafa58
fafac2
faf4f0
fae813
fae26f
fae957
faf738
fb0778
fb1477
fb1489
fb0ceb
fb10c4
fb2d46
fb55ad
fb6b52
fb68b7
fb6f82
fb8a75
fbac5f
fbcf0e
fbf030
fc015a
fc0be9
fc2aff
fc4f94
fc6b73
fc8c4c
fcb4af
fcd529
fcfa4c
fd23c4
fd356d
fd424e
fd6d9b
fda68d
fdca62
fde438
fe08f4
fe3041
fe5999
fe8160
fe9a20
feaba1
fecd0a
fefff1
ff2e57
ff5181
ff6ab9
ff8515
ffae47
ffdc77
fff532
000075
0016d0
003c9a
006915
0093b4
00b12b
00c6a9
00dcd4
00f1e7
00fd85
0111c8
013618
015a15
01756c
018b9d
019cce
01a7ad
01b061
01bb8d
01cb69
01e8f6
02063c
02156f
02173c
0216d0
021ad3
022654
02398c
02489b
02474d
023ee6
0246fe
025788
025605
0248ba
024d0a
0257ba
02523c
0245b4
023e08
0235a8
023342
023b63
02381d
0225cf
021504
020a96
01ffe4
01f737
01ee20
01e2ce
01d545
01c554
01bd62
01b825
01a03b
017ece
017656
017e8a
017674
015db7
0142cc
012f5d
012881
0123d6
011065
00fe76
00f85c
00f13c
00e3df
00d9a8
00c7a4
00acb7
009cd6
00a037
00a66d
00a281
0092eb
00826c
0078f4
006e76
0061c5
006580
006e05
006381
0051eb
005015
0052b9
00539b
005589
004d6d
003d53
003b68
004702
004e8f
0049a3
0041c3
003d54
00419b
004ab6
0049a2
00424c
00409d
00449a
004970
004c83
004966
0042b8
00410e
0048e9
0054b3
0058bf
005041
00445a
004406
004c31
004b95
0046ac
004a90
005724
005c21
00574b
004fb2
004bdc
0048f3
0044c1
00428c
0049b8
005964
00670d
006746
005abb
004e60
0049bc
004a82
005312
0066c3
00750e
006d6f
006117
006168
00727d
0085c4
0087b7
0078d5
0076e9
008c4d
009d47
009967
0094bc
00a0f1
00be53
00dbac
00dc21
00c013
00b2f9
00c949
00ec5e
01075e
01140a
0112a0
010fc7
011b6f
0129f7
012c4f
013436
014d99
0168ed
017273
016961
0163cc
017583
0193ad
01a267
01a167
01a2b6
01ac9e
01babc
01c934
01d007
01cd6b
01cf03
01dd10
01e758
01e712
01ec94
01f713
01f765
01f5c6
01fced
01fd0b
01f3f5
01f566
01fb38
01f68d
01f4d8
01fbd7
01f97e
01e9f1
01dd53
01d8b4
01d802
01d700
01ca5e
01b8c6
01b0ea
01ab8a
019f71
019083
0181cd
01767d
016fe6
015d85
0138e0
011c96
011c55
0120c7
010f8c
00ee2c
00cc14
00b198
009ee5
008d04
0077d9
00631c
004b53
002fdc
0012e7
fff69c
ffdb36
ffc330
ffaa64
ff8d0d
ff6ed7
ff4cb6
ff2abe
ff13de
ff01bd
fee489
fec7fc
feb26b
fe8ffc
fe5dd9
fe3458
fe2024
fe1b2b
fe138b
fdf656
fdc569
fd9e54
fd8764
fd7abf
fd70a4
fd5bb3
fd3004
fd0848
fd0199
fd0b42
fd034b
fce618
fcc321
fcace9
fcac3e
fcae87
fca34f
fc93af
fc86b4
fc7e9b
fc7eaf
fc8702
fc86e7
fc8276
fc842e
fc86c7
fc8610
fc8924
fc91a2
fc9d13
fcaa2c
fcb60a
fcc447
fcd5fe
fce4cf
fcf1c6
fd0439
fd16ab
fd23b1
fd33ca
fd4a31
fd64bb
fd82a1
fda257
fdbcba
fdcf26
fdddc5
fdede0
fe0a4c
fe32b6
fe52c3
fe6407
fe73a7
fe8ceb
feb1d5
fee0a3
ff00b3
ff036f
ff006d
ff13ce
ff3dbf
ff6de6
ff8da7
ff933a
ff96ab
ffad8e
ffcfc6
ffeb38
fff783
fff5d0
fffbbe
001c75
0040b3
004ddd
00481f
004a71
005fb0
0077b9
007a83
007037
00764d
0090a3
00a072
009844
008ab8
008c5f
009a87
00a905
00ac3b
00a020
008f6e
0092db
00a464
00a474
008c00
00777c
007bc5
0090e6
009ee4
00928b
00715c
005587
005208
0063bb
006e7a
006030
0049de
004799
004974
003a5f
002c11
002c02
002977
001e9a
001995
0018b9
000ea3
00064c
000619
0003d9
0000a4
fffbaf
fff126
ffe6fa
ffe7c8
ffefae
fff337
fff15c
ffeabe
ffe6d8
ffe637
ffe8ba
ffedca
fff288
fff1c7
ffeff0
fff6af
0002b0
00083f
0008ff
000abb
00116a
001d43
002a14
003096
002fd5
003463
004490
005684
006322
006beb
0072af
007a4b
008278
008d9c
009dbe
00af82
00bf18
00c853
00ccba
00d1a1
00e13d
00f9cc
0108b6
010cbb
011609
012040
012673
012dee
013afd
0149a0
015c58
0165e2
015a31
01538e
016bde
018814
01899d
0179b7
016da0
017192
018393
019109
01923e
0190f9
018838
01790e
0175c9
017d3a
017b0c
01711c
016bac
016277
0154a2
014d95
014ebb
014f63
0149a6
013381
0114e7
00fde4
00f2ad
00ef9d
00f303
00eff8
00df25
00c8a7
00b01d
0097e7
008471
0077ac
007449
0070e9
005eee
004234
002e84
002108
0015d7
0018d3
0014d1
fff505
ffd3a4
ffc883
ffc59e
ffbf4d
ffb626
ffaa86
ffa607
ffabee
ffa2a6
ff8889
ff79f6
ff78ae
ff764f
ff74db
ff78fa
ff7b27
ff776d
ff7718
ff7c3e
ff8470
ff8568
ff7c15
ff77c7
ff8492
ff98bd
ffa314
ffab1e
ffb72c
ffc128
ffc85d
ffd82d
ffebbb
fff3db
fffbf2
000f15
00221a
0034b1
004c79
005d18
006d3e
0089a0
00a60b
00ae6e
00b0ee
00c5f0
00e520
01065e
01239b
01329c
013bd4
015036
016a18
017c40
018e11
01a7da
01c12f
01d422
01dc6d
01e17d
01ef55
02095e
02280a
0238ab
023845
023678
0241a2
025000
0255dd
0251b2
025332
02615a
027152
026d5d
025ca2
025422
024c92
02434d
023f59
02355b
021da2
021315
02145c
0204e3
01e31b
01c78e
01b215
019802
017934
015806
013d32
012b91
0117f1
00f5d5
00c962
009854
006c14
004bfa
003069
000c01
ffddaa
ffaf79
ff8f99
ff7429
ff471f
ff1149
fee64b
febccf
fe92ac
fe6ff9
fe4a10
fe1967
fdf253
fdd6d0
fdbb4d
fd9b9b
fd6fff
fd396d
fd1200
fcfe4f
fce7be
fccf95
fcbbd7
fc94f4
fc6c5b
fc64f5
fc69d6
fc5236
fc2879
fc0ba5
fc06d5
fc0dc8
fc062d
fbf2bb
fbf026
fbf7b5
fbefc2
fbe541
fbe858
fbf33b
fbfc43
fbfd1e
fbfc4e
fc088a
fc1e1f
fc3015
fc4127
fc5096
fc58e2
fc6976
fc8478
fc9ea7
fcb850
fccf68
fce0c5
fcfa3e
fd23da
fd3fc9
fd516e
fd7039
fd9789
fdbca1
fde07b
fdfbd0
fe1019
fe2e90
fe574a
fe7d4f
fea5a4
fecf6a
fef0fc
ff0e1d
ff2f02
ff5072
ff75c6
ff98b4
ffb41b
ffd6b1
0005b8
002cae
004a0d
006d64
008f8f
00ab09
00c663
00e2ae
00fdc0
011c70
013e7a
01632f
018c43
01ab6f
01b732
01c3a9
01d780
01ea15
02039b
02262e
0243e7
0256df
02641c
027096
027e23
028d81
029774
02a0e4
02a9ef
02b0ef
02ba78
02c92e
02d690
02dcdc
02daf0
02d13d
02c8ea
02cafd
02cb88
02c6d3
02c181
02bd86
02ba23
02b9b7
02aeb3
02996e
028929
027b1a
02637b
024f7e
024b68
02476c
0237bb
02205c
020b2b
01fadb
01e515
01bf93
019941
018b45
019011
01872f
01680f
0146ca
013004
0119c8
00fe9a
00e09d
00cde0
00c6af
00b6ca
009791
007b09
006fb8
00656f
005303
003a12
001ee3
00075c
fffc22
fff9bc
fff0bc
ffdee6
ffce48
ffc341
ffb776
ffa2b0
ff91a9
ff91fa
ff94fc
ff8abe
ff7e01
ff7752
ff7227
ff6df4
ff6959
ff5d3b
ff53c9
ff56a1
ff5fb0
ff6632
ff5f70
ff4c97
ff4395
ff49d8
ff4f5e
ff4fa4
ff56d3
ff59fa
ff5048
ff4849
ff490f
ff4d50
ff543f
ff5252
ff48ef
ff481e
ff4f4f
ff542d
ff57bf
ff5b99
ff5730
ff4a44
ff3d13
ff3b8f
ff4d5a
ff6096
ff6084
ff5320
ff47bf
ff41da
ff4711
ff535f
ff555b
ff4aba
ff44ab
ff4639
ff496e
ff5132
ff5a2a
ff5b58
ff54c6
ff4c2d
ff43b5
ff45ee
ff56ce
ff6ac5
ff71f4
ff6852
ff57d6
ff5497
ff63e3
ff7953
ff8ad1
ff8990
ff7f09
ff7ef5
ff872f
ff8e95
ff9cee
ffafc0
ffb930
ffbffc
ffc47b
ffbec2
ffc0ce
ffd9ae
ffefb3
fffb87
00023b
00013b
000229
0019bc
002f83
0033d2
003ca0
0049ae
005298
0061fd
0071a7
006ea7
006e58
008863
00a5a7
00ae1b
00ae9e
00b2da
00bc38
00c3ee
00ca0b
00dc8d
00f375
00fcd6
00f6c1
00f53e
00fd25
010b19
01146a
011932
012468
013310
013160
0126e4
012498
0125da
012b55
013cbe
0149a2
01432f
013821
0133b3
012dd8
012a5c
012b2c
012796
012086
012191
0126e5
01263b
01138f
00f3d3
00ddad
00df2f
00e9be
00e916
00d966
00c089
00aa47
0098b5
008b60
008274
0077ad
00611d
0045dd
0031b4
0022d6
0017b2
0007f1
ffeebe
ffd52c
ffbea8
ffa569
ff8cb6
ff76e7
ff5a20
ff42c9
ff3ce7
ff359c
ff19ac
fef279
fecf43
feb5b0
fea8a1
fe9ae8
fe83c7
fe6c31
fe5b99
fe4a62
fe3718
fe1fa4
fe0693
fdf9b0
fdf10d
fddc54
fdc886
fdc0b9
fdb3cb
fda6da
fda184
fd94c2
fd8885
fd8d2f
fd8e13
fd7d10
fd744c
fd7938
fd79ad
fd791d
fd7bc9
fd7aea
fd7ddc
fd8d19
fd9c4f
fda95a
fdb251
fdb28a
fdb19b
fdb95a
fdc9cd
fde401
fe02c6
fe1a71
fe28c3
fe35cc
fe4016
fe4ce2
fe638c
fe7de5
fe9695
feb339
fecf67
fee562
fef6bd
ff09de
ff2092
ff3eda
ff60c4
ff797b
ff8793
ff9464
ffaa5d
ffcc4a
ffef7d
0006e1
0019e2
003356
004648
004cde
005b2f
007947
0092fd
00a2f4
00b57b
00ce9f
00e215
00ed45
00f150
00f438
010005
0118f6
012f98
013ce3
014220
013ed8
013f8d
014da0
015d1b
015b9e
01565d
015e4a
016e41
01755b
016e18
016381
015b31
015a23
015e86
01676d
016b9a
016145
015018
014742
0148c0
014699
01393b
012b9b
012c5a
012ca1
011efa
010ef0
0108b4
0103cb
00fbec
00f0f9
00e136
00d7a7
00d270
00c62f
00b747
00b3eb
00b30e
00ad20
00a0a6
008ad6
007451
0070ff
007c10
00803f
007d12
006e46
00510e
003b51
004096
0052f2
0059b8
00512a
004425
003e0d
003eb7
003d6f
003929
0035af
0033c1
00383a
004609
005233
004ec2
0044de
0046de
00526a
005bb2
005d89
005b73
005b97
006489
007be2
0092e3
009807
0090d4
008acc
008991
00973f
00b5ea
00cb13
00c5ff
00c0da
00c8a2
00d5ef
00e38d
00ea1a
00ea9c
00f75a
0109d5
0106e7
00fc08
010391
011007
01175b
011ffe
0122df
012368
012853
012690
011b2d
011846
011ced
011e18
012079
012465
011dd0
011340
010be0
00fba6
00f090
00fad9
010440
00f42c
00d9a7
00c52e
00b862
00b8af
00bcdc
00b1d9
009c97
008d34
00814c
006d68
005777
004635
003c5b
003b8f
00352e
001ae7
ffff4f
ffef7e
ffe7dc
ffdefc
ffcdd8
ffb1fc
ff9d00
ff95bb
ff8a7f
ff7a22
ff73fe
ff6ec3
ff5a49
ff4250
ff3373
ff231d
ff1397
ff1606
ff1a8a
ff0e35
fef91e
fee852
fedfc1
fee242
fee799
fee38e
fed5fc
fec7e1
febf6e
fec0f1
fecbd3
fed965
fedaba
fed385
fed21d
fed277
fece5d
fed29a
fee940
ff00da
ff0a89
ff0af7
ff0b2e
ff0f60
ff1e99
ff3183
ff463f
ff615c
ff75fa
ff7a03
ff807c
ff93c0
ffa8b0
ffc0d0
ffda15
ffebc7
00012e
002443
003e80
0042b1
004bfa
0066f4
0085e7
00a42f
00bf7c
00d215
00e400
00ff14
0113c9
011c10
012aff
014980
0167f8
017c1a
0184ca
01894d
019871
01b3f6
01c9f0
01cf2a
01ce5c
01d33c
01db5a
01e4b7
01eb46
01ee58
01f336
01f3d7
01ecdb
01e7c7
01e481
01d6d0
01c3f1
01b90a
01af4c
01a0f8
019624
018e6a
017d78
0162d0
013f88
01133a
00ea1b
00db22
00da1e
00cad3
00a4e9
0072dc
003eea
001517
fff82b
ffddde
ffc10f
ff9c01
ff6d9b
ff3b80
ff12ed
fef194
fec826
fe9bf8
fe799c
fe5cba
fe39f8
fe0d3e
fdd707
fda7d0
fd8f7a
fd7a96
fd5489
fd2f70
fd16f9
fcf508
fccb76
fcb4dd
fca879
fc8f28
fc6d74
fc4dcc
fc339b
fc2f61
fc35b9
fc2559
fc0d0a
fc02ac
fbfc3a
fbf2d7
fbecc9
fbe293
fbdde4
fbf089
fc0548
fc09aa
fc06eb
fc02e1
fc051e
fc1d29
fc3eaf
fc51c0
fc5ae4
fc651e
fc70ca
fc875b
fcae03
fcd685
fcfa08
fd1337
fd2266
fd34d3
fd550e
fd7629
fd97bc
fdc3bf
fdf33a
fe1fe4
fe4ae4
fe69a2
fe7ecb
fe999f
febd57
feec90
ff2caa
ff5ff4
ff76a2
ff927b
ffca7d
000071
002480
003f11
005bab
008517
00bc9f
00ed68
010fb2
012d0a
01536e
018a52
01beaf
01d4f7
01db06
01f21b
021fc0
0257ae
028fa3
02aa1d
02ad2c
02be4b
02e35d
0305bf
03218c
0339e0
034b25
036247
037ece
0388c6
03897d
039e2f
03c0a9
03d90a
03dc93
03cfbd
03c88f
03dbff
03f259
03f49a
03f1a9
03ee55
03e33b
03e058
03e9ac
03e3d1
03ceae
03c25f
03b939
03affd
03aa1a
0398ff
037978
0364e2
035d4a
03505d
033a36
032129
030092
02e289
02ccc4
02b87a
02a65f
0292d8
02720f
024b12
0229de
020c85
01f528
01e202
01c958
01ab6a
01906a
01708a
014913
012a62
0115fe
00ff97
00eaf1
00d8e8
00bc5d
009521
0077eb
006d61
00643a
004a4f
0024b2
000cc3
000927
0002c9
ffe9c4
ffcc25
ffbadc
ffb7a4
ffb6fb
ffab22
ff913d
ff7960
ff6bb7
ff6978
ff70e5
ff741c
ff62ff
ff4d25
ff46c8
ff47db
ff474a
ff432d
ff3a23
ff3486
ff3c7c
ff40d7
ff30d3
ff22bf
ff2b79
ff3a17
ff3f9d
ff38f3
ff2924
ff23c0
ff3160
ff3d3e
ff3981
ff366e
ff3352
ff2e33
ff355b
ff47cf
ff4bec
ff4214
ff3eac
ff4340
ff45e6
ff498d
ff4a61
ff48fb
ff4d80
ff5483
ff57e7
ff60b8
ff6f0b
ff6d0a
ff56f2
ff4c3e
ff5abf
ff72ae
ff8295
ff8014
ff7289
ff6ec5
ff80c9
ff91c5
ff8d30
ff8330
ff8803
ff9a7e
ffa85d
ffa274
ff907a
ff93c3
ffb5ba
ffd248
ffcb6e
ffbb02
ffbaa4
ffc11c
ffc5c8
ffd326
ffe64b
ffef24
ffea94
ffe648
ffee74
00017b
000f8f
000f78
00078b
0005ac
001083
0027ad
003aeb
003c39
0030bf
0028bb
003361
004ace
005ef2
0064ab
005edc
005794
00582f
005f6b
006a63
007a51
00895b
008e3e
008923
008285
007f48
0087d7
009989
00a6da
00a7d4
009f2c
009449
00951f
00a8e3
00bdbd
00bc64
00abf0
009bac
009940
00a7ee
00baf6
00bae5
00aaf0
00a022
009e68
009e60
009c1b
0096b7
009204
009630
0093b0
007f3a
006c06
006c1f
006fb5
006b65
005c62
00447f
002fec
002bed
00306c
002baa
001606
fff70b
ffdeaf
ffd9c0
ffda6b
ffcfb0
ffb2b6
ff90d1
ff794b
ff6eed
ff6760
ff5da1
ff4e70
ff3126
ff0fca
fef57a
fee30d
fed5ba
fec7a9
feaf3c
fe9521
fe8711
fe7a5f
fe6060
fe44e3
fe2fd3
fe1d0d
fe0e7b
fe0062
fde7bd
fdcea8
fdc18f
fdbb6f
fdacda
fd99c8
fd8b76
fd7e4a
fd6fb6
fd643e
fd5889
fd4b5a
fd4594
fd462e
fd411c
fd330a
fd2a37
fd305e
fd39b7
fd371e
fd2b65
fd2580
fd28d5
fd3459
fd418a
fd434c
fd409c
fd4f39
fd6b76
fd7af7
fd76ce
fd7196
fd79cc
fd9219
fdb390
fdcae8
fdd271
fdd9fa
fdf2a8
fe11ca
fe28ab
fe357c
fe3b50
fe4b0b
fe7072
fe9b29
feb59c
febef0
fec3e8
fed9de
ff0ce1
ff3ee6
ff4a15
ff4603
ff56e0
ff759f
ff98c4
ffbb1e
ffcf57
ffe395
001019
00342f
003043
002733
003ed8
00697e
009649
00b75a
00b9c1
00b134
00c78b
00f14e
010d3c
01161e
011acf
012284
013445
014c54
0160a0
016cee
0172fb
017c3f
018990
0194ca
019a5f
01a121
01aa2b
01b0f9
01b985
01bea5
01b855
01b5fe
01c696
01db97
01dde3
01cb89
01b390
01adb6
01c142
01d5eb
01d8e3
01cbfc
01baf2
01afa8
01ab5c
01a8cd
01a54d
01a9b1
01aa2f
019f25
0199ca
019bea
018acd
016d1c
0165e1
0175a3
0180a8
017a33
016bbc
015d33
015213
014975
0147f8
014daf
0150e2
0148dd
013aae
0134f5
0139da
013ff1
013951
012ca0
012b29
013518
0136a5
012d4c
012bf7
013a33
014749
014443
0132dd
012a62
013952
014d0b
015063
014861
014a0a
01566d
0160cf
01631d
016787
0169fc
016287
015e78
016a3a
017cf4
0187ed
018ad9
018541
01832b
018a15
019027
018dcd
018a59
0187bc
0180f5
018b5e
01a0bf
01a4f5
019578
0187d6
017e34
0177ff
0174ca
01705e
0171e8
017e54
017c9d
016107
014949
014299
01399b
013241
013389
012e5c
01195f
0100d2
00f38b
00eff1
00e91c
00d2ef
00b727
00aa86
00a6ee
009978
008390
006ff9
0065ca
005b59
00432f
0022ed
001128
000e57
0005b7
fff432
ffe15d
ffcc7a
ffb8a4
ffa8df
ff994e
ff8846
ff7b6b
ff6bca
ff5ddd
ff587a
ff4eb4
ff37b6
ff2099
ff1148
ff0976
ff0a7f
ff0680
fef05a
fee0d6
fee4be
fedef0
fec759
feb8fe
febbef
fec342
fec4e6
febc9b
feabeb
fea233
fea7bb
feafed
feb65f
feb901
feb50b
feaf06
feae97
feb55a
fec19b
fed41e
fee013
fede31
fedad6
fee653
fefc50
ff0f10
ff18b7
ff1b3e
ff204c
ff2ff0
ff4e3e
ff75e7
ff8dec
ff8a6e
ff7fa3
ff8c05
ffb099
ffd64e
ffef45
000128
00144e
0026ce
00366c
004479
0054a2
006ea9
009243
00b0c7
00b830
00b6fb
00c831
00f07f
011667
012365
011d10
011845
012538
014377
0165e4
017887
017785
0170ee
0171ad
017b6f
018492
01852a
0181f3
018755
018e68
018afc
017cc8
017294
016e6b
016ad1
015adf
013e59
012696
011f4a
011c35
010ebb
00f590
00d587
00b786
0099c1
007b07
005e1a
00482e
002f39
000924
ffe0c5
ffc29d
ffa88b
ff8874
ff5cdf
ff29bc
fefc46
fedbff
fec2e3
fea486
fe7f5a
fe52d0
fe2480
fdff49
fdda63
fdb06d
fd8b4c
fd7228
fd5c44
fd37e8
fd052d
fcd3ea
fcb8a0
fcb280
fca98a
fc8ab0
fc591f
fc2f62
fc1d8f
fc1a3f
fc0e84
fbf8ab
fbe1fa
fbd36b
fbcc6d
fbc6d5
fbbae6
fbaa74
fba021
fba0ac
fba823
fbaf17
fbafab
fbac81
fbb190
fbc2ff
fbd0d5
fbd1dc
fbd18c
fbe208
fc0130
fc1eb7
fc315b
fc3f16
fc5048
fc6abd
fc88a6
fca374
fcb7a1
fcd16f
fcfba6
fd276b
fd442f
fd5bb2
fd824b
fdb12c
fdd4bf
fdebfd
fe05a2
fe313d
fe6a19
fe9ef4
fec9a1
feee94
ff0c88
ff2656
ff4be1
ff8042
ffb90d
ffebb9
00141f
0032cc
00553f
007ef0
00ab3f
00d826
0100e6
0122b5
01476a
017644
01a6d9
01cc24
01e0a0
01f18a
021517
0252a8
0285f4
029414
029383
02af09
02e2ac
030985
031aa5
0326f7
033a20
034e73
0360d9
0372cb
03855c
03983a
03a8cb
03b355
03b73f
03b948
03bdbe
03c18c
03c063
03c188
03ccb5
03d6d4
03d0b6
03bfd3
03b211
03a6b8
039b75
03918b
038e03
038cda
038041
0365a9
034ad8
0337eb
032635
03122a
030541
02fad0
02e4f6
02c487
02a409
0288af
02736a
0266fa
025b15
02428b
021f5e
01fde9
01e7ec
01d790
01be34
019e40
0187e6
017dee
01709d
0159be
0140cb
01272e
01098f
00ec1f
00decf
00df6d
00dc89
00cc2d
00b485
00998d
007ec0
006ef8
007565
0083be
007b70
0056d9
003485
003049
004042
004ab3
0044e4
0034fe
001ff6
001199
00149d
0020c7
00280f
0024b5
001449
000292
000162
001271
002226
00228f
001b5e
0012f6
00049f
fff9a1
000574
001ecc
0028ac
001f4b
001a12
001d83
00182c
0006a7
00088a
002860
003aa0
002290
00051f
000ec7
002d7d
0038c5
002abf
001c6d
001b00
001e34
001e86
00214d
0025bb
0028ad
002a4c
0027b0
002288
001fdb
001de3
001915
00194a
00231e
002a43
0022cb
001462
000e65
0016d7
002232
00222a
001661
000916
0003ed
0007d2
0013f8
001af6
0015fe
000b26
0002ab
fffc27
fff7ad
fffcde
0008cf
000bed
0000e2
fff57b
fff686
fffdd1
00001f
fff91b
ffec53
ffe51a
ffe77b
fff124
fffc56
0001f5
ffffbf
fff492
ffe3b9
ffdb1e
ffe176
ffed33
fff341
fff4a5
fff806
fff953
fff389
ffefb1
fff224
fff3e5
ffed17
ffe560
ffee36
fffdd9
00052c
000357
00035f
0000d9
fff6bc
fff16b
fff9e9
00062a
000768
ffff5a
fffc52
00042c
000e12
000e3e
000994
000083
fff3dc
ffefea
fffea8
000f16
000977
fff492
ffe9c8
fff11a
fff609
ffee63
ffe2ea
ffdd08
ffda7f
ffd156
ffc2c9
ffbe7d
ffc3ae
ffc588
ffb980
ffa3a1
ff8dac
ff791c
ff6c0d
ff6efa
ff7b62
ff7a89
ff622c
ff3a79
ff2103
ff1bf6
ff1750
ff0307
feeb41
fee35f
fee40c
feda3f
fec317
fea4d3
fe89c4
fe764d
fe67e4
fe5802
fe4d1c
fe4882
fe3e39
fe29dc
fe0e7f
fdeeb0
fdd4a1
fdd159
fdd80b
fdcd7b
fdaf36
fd92cb
fd85b5
fd8637
fd87ef
fd795a
fd5a70
fd3c48
fd37ee
fd496b
fd5216
fd3df6
fd2441
fd1dca
fd1f3d
fd182e
fd0fdf
fd10f7
fd15fc
fd18db
fd1894
fd181a
fd1a79
fd1e34
fd1fb3
fd1fd3
fd2046
fd24d1
fd324c
fd4762
fd5c29
fd66a1
fd654f
fd65f0
fd7380
fd8542
fd911a
fd9ddc
fdb4b1
fdd14b
fde9fd
fdf89e
fdff59
fe0873
fe1815
fe2d20
fe4c16
fe732d
fe8b6e
fe92cd
fe9a56
feac3c
feccd4
fef482
ff10a8
ff1b91
ff234a
ff37aa
ff5940
ff7d51
ff97e9
ffa5ec
ffb01e
ffc133
ffe1f9
000383
00153a
0023f9
003c14
00565b
0066f5
006d37
007567
008f99
00b988
00d786
00dd8e
00d95f
00deaa
00f33f
010e23
011d96
012000
0126df
013e9d
01556f
015e53
015c25
0156aa
0158b2
016839
017953
017e36
017d01
01809f
0187bd
018ebb
0191d4
01914f
018fc0
018b41
018280
0177ab
01752d
018c6a
01ac58
01ab31
019140
017cf2
016529
0155b4
016bab
018dce
0191d0
017e55
0170b6
0170b7
016f28
015f72
01585d
0169ec
017364
016a57
0163dd
0165b4
01667b
0167e6
016bfe
016953
016a29
017bc4
018478
016f90
0161fe
0173f3
018644
019206
01a00f
019dc5
01994a
01a0f1
01a2cc
01a775
01b6ad
01bba6
01c10d
01d0bb
01d422
01dcb4
01ec31
01ea31
01eefe
0202a5
01fd5a
01eee1
01f1fc
020ace
023131
022b9a
01fdff
0211b9
02455c
02337e
0213a1
021a52
021332
020de7
022631
0233ee
0232fd
023315
022295
020078
01e956
01ea58
01f14e
01f50d
020da0
021a70
01ef7a
01bb65
019b4e
018970
01a6f7
01c098
019749
01851c
01945d
016cf9
0147ea
014f98
013150
010956
0106be
010117
0106f4
010d56
00e568
00be32
00aeb2
009b7e
00904d
00765e
00521c
005c3f
006184
003f73
0042d4
004b0a
000dd1
ffd8e0
ffd9d6
ffdbb6
ffcf47
ffc347
ffc1da
ffc7b4
ffb0f9
ff8425
ff74ed
ff85f9
ff7bbb
ff4c3f
ff4748
ff6c79
ff523b
ff2ed4
ff60d0
ff64fc
ff1349
ff0e05
ff45cf
ff3f6b
ff109a
fef1e0
ff1569
ff5ef2
ff5fae
ff362c
ff2ea4
ff0d4d
fef666
ff2cae
ff5dbe
ff75eb
ff7434
ff3f23
ff5577
ffa1c1
ff7d2e
ff5935
ff8a70
ff84d8
ff9eed
000ad8
000bdb
ffdb9d
ffe959
ffd3fb
ffd922
002afe
004730
005872
008958
006e5e
005bca
009a6b
00aad9
008da1
009c08
00d422
0117fb
010f73
00d626
010760
014932
0110d4
0104a4
01574b
016063
013c31
014638
015050
01634b
01863c
017035
014719
0159b2
01585f
013752
016208
018a5a
013c94
010b2f
012d21
011440
00fb2f
0121ec
00f424
00b4cb
00d08e
00a6b8
005b86
007d6b
007894
002e1c
001ed9
fff916
ffc807
ffcac2
ff8a6e
ff5977
ff885b
ff4030
fec997
fee453
fec984
fe681d
fe80cb
fe8602
fe292f
fddeee
fd9e76
fd8e72
fda86a
fd73e1
fd5596
fd50bf
fcc747
fc8a97
fcdbb2
fc9cc8
fc3ed7
fc6b5e
fc6180
fc330c
fc1392
fba71a
fba1dc
fbea85
fb9684
fb851a
fbe35d
fb8342
fb1e31
fb50b0
fb580a
fb6b3c
fb6407
fae4f3
fb19f1
fbb42b
fb62a3
fb227e
fb49a9
fb0e50
fb3fc8
fbbbbe
fb83e8
fb5962
fb711f
fb707f
fbe0ef
fc1bba
fbca43
fbf02a
fbfc0e
fbc632
fc5b69
fcb6ca
fc77b3
fcab35
fc9ce6
fca1d8
fd7249
fd3923
fcc11b
fdc4b5
fde367
fd4760
fe1dfd
fe347f
fd8b1a
fe95a2
ff15e8
fe7063
ff0c65
ff3d61
fe8a36
ff20ce
ffa862
ffafd0
006946
00298d
ff81de
0063b6
00c45d
005df7
00cf7e
00cd05
00b6b0
019ec0
01be9e
017fc8
01c62b
01315b
0147f8
02a031
024b93
01baee
02ddbf
02d6c3
01e2f0
025a93
02cbe2
02ceb9
032853
02d774
02a6e6
034709
032c40
02e1f5
033c4c
032a1d
0323d4
036b8a
0313a7
030b3b
036ea4
032820
0345bf
03b3ef
0303f6
02a52c
0346a9
032d25
02df8c
032d25
03037b
02c104
030b08
02f4b1
029bc9
02a1d6
029c3b
027146
024340
0234a8
0294a6
0299d9
01f822
0220ce
029104
019ee5
010c8c
022c91
025ad4
012511
014649
02243a
01b586
0131f1
0173cb
0140ac
00d376
00f42b
0117ce
013214
016b94
01315a
00d094
00e96d
01237f
011b21
009a5b
001778
009163
012f21
00dd16
00f4d6
0196b6
0118ad
0049ff
004f81
005e8d
009f34
012ac5
00efef
009510
00f474
015c09
017efb
00ed14
ffedc2
004c51
00ec58
00139c
007fc6
02ef84
03b166
01d564
ff3673
fe452b
005330
015bb8
ffcc82
01349b
03f639
02ecae
034133
04a7c5
fea0a9
f86ef9
fc30cb
01ddec
050055
093cd3
0686a4
fb2587
f8d39b
038603
08af62
0149f0
fa9854
fcd543
00c5a2
00c253
02a8c1
083c2b
077d53
fdca64
f88ecc
00610d
078df8
fe045f
f31268
ff5e78
101e2f
06af24
f85d71
006be4
079539
fe00a2
fa9c9a
00d8f4
002096
fd85a7
ff8bc2
00b43f
03f392
0713f9
00e5df
fc7609
02001c
0120e4
f8b691
fa8713
0214c0
027825
023d31
05318b
032c76
fdc126
fd7683
0075f4
ff6720
fbf417
fe0333
03296e
019206
fd01a4
001638
060fc8
05255f
ff7c08
fa98af
f9a1ab
feaafb
0402fa
01bbfa
fccc6c
ff65b5
061fbc
04f803
fd04c1
fc1406
0278ce
00feab
f81a9c
f93b52
054f81
0ab1f8
02b0c1
f9fce6
fd09dc
0536c3
02fa4f
fa477d
fab47b
009366
018418
0276f8
03ffa1
ff4f80
fcd753
02609b
02a902
fceb49
fe4808
010438
fcb789
fcffc9
048007
05801b
00a4c8
feb5d9
fcd2da
fbd381
017c5e
04f725
fecd7b
fb4edf
010f63
041518
ff6ae6
fbebc3
fe2d74
01c4ee
009e3a
fcb3cc
ffba55
062576
012e30
f86c75
fcb669
01a8a4
fb761c
fc8404
0790d0
050d60
f8c26e
f9b81a
022762
01b004
fd3726
fcc2b8
fda82e
fe3d4d
fef2ea
fdfb85
fd328e
0051da
01d1d4
fbdb44
f98f2c
028eb9
04cfe9
f835fb
f3934c
fd9a84
019c59
fe288a
00ae0d
0382e6
fe55c9
f789af
f63c65
fcc116
04ace7
010273
f7290f
f7de22
fd8bb2
fd63c7
fff297
05ab08
00c3c5
f56b75
f3b9bf
fc1b81
02b05f
ffa7bf
f8ed93
fa7d13
00aeb8
000920
fd1790
fe28e4
fc9eec
f824fc
f92414
fec957
01a409
ff94bb
fbf62c
f9828d
fa18eb
010071
066705
fcb321
f328ba
fd6154
03988e
f920ab
fd8586
0aea88
fe2a16
ef6bff
fd140f
080491
febd65
fadca1
005c52
00dbd6
fecf88
fef6a4
003925
011d76
fd7bde
f973e9
fea262
05aed6
02f08b
fe98d6
0117b2
0214f8
ffc228
030ed8
04900b
f8cc6c
f23ddf
0330b4
119d7c
04e84a
f99b1e
05e7e1
0a2fa0
fa1620
f77f31
034d00
02418a
fde054
034c64
0696d9
0790af
06ff92
fe8935
fc1374
021822
ff2f9a
fd012b
03b2eb
0380d2
029bfd
07a2b8
02fedd
fdad3f
03b340
037d1c
fc822c
fd2112
006b1d
029822
045b67
02ce45
022da3
0268d3
017841
02d438
fec670
f815f1
ffa239
0712a3
00a5be
0151e7
076fdd
ffc2a0
f92cb2
00a779
05cc78
00238b
fb691e
ffdb5b
039483
000b18
01392b
069e7e
04cb81
fee3f0
f64406
f4dae3
08ede3
126db4
fdfe25
f70edf
038d4d
033a67
0088e9
01cb08
feb7dc
02f5a0
019fb4
f69602
030990
132572
048990
f6503d
fa3087
0161f2
090bef
0651fe
fe64b9
004fd0
fbb206
fbefc1
101182
0d2cfa
f8fecd
ff2970
01cd75
f8a0d6
0577db
09904d
fa68d1
0180ba
0bf985
045da5
063b59
076230
f2c33f
e839b9
048ddc
24ae04
0f973b
e6db73
f7f19e
1628b5
0242bf
f8fbd2
0bfada
ff7a3a
ef090f
01b89b
10af23
09f324
fd9c5d
fb18a6
092e57
08897f
f52afb
fa9716
098e1e
023e3a
fcecaf
ffa726
024d88
0bd997
08d191
fafa0d
fcf7f6
fc8d6c
f76d22
0549f0
0c335b
0156e7
fecf6b
fc20fa
fa3780
079349
0a1d79
fdf65e
fb3396
fa6ef9
fd1276
07aa8c
029a9b
f76b69
fe35f2
064362
06bb94
040dc1
f8ba44
f3d0eb
fdb46f
0349c1
03ce18
0468c3
ff10ab
fb8750
fd3f5a
fef798
026ceb
ffb17e
f9e2d9
01676b
0528e1
fb7413
fd47c4
02a665
fc0731
ff4c81
069c5e
fd59e0
fa84b6
03f11f
001364
f99d91
027e66
0877bc
001e4a
f865cd
fc0ead
0456d8
069123
0222f5
fbe606
fb1af2
049b5e
0765f1
fa3325
fbee7a
0e6807
05e278
eff0f6
fb3299
0ea3e5
07e013
fe1ca9
fc8aa0
faa3b4
045625
0ec0fd
00e52c
f407ab
00fff3
09b830
ff5135
fdeadb
07c479
04615e
faa38d
ff82c6
0791ee
017cc3
fa6d2c
ffe388
051419
00f9bd
ffa358
059e71
05aca0
fce6bd
f9c1c0
ff12d7
00915c
ff2761
035311
04ebf5
fdfa0c
fb84ec
019df8
035f77
fe64cf
fc1b2f
fd206f
fb7ccb
fa9cef
01fe33
08a968
002c25
f4a51d
fa891e
059a82
00ca4c
f65d9a
f7552b
fd9467
ff3296
fe6100
fe1b8c
fce439
faa696
fab77d
fdcbb1
fe719f
fbc2e0
fa782f
f6b2e5
f21698
fb2637
05ec71
fcfb86
f82333
03ef3f
fd4447
ed9823
f7f7e9
fcf385
efe7ae
fc13d5
0a37be
f57739
f191bf
0a5b02
0271bc
e94ec6
f21534
00b51e
f8e4b3
f58465
feabda
0023f5
fbab99
fd574e
fc5126
f4316f
f68f45
feb20c
f85d13
f6b978
045866
00a4e9
f342f3
fbe9f8
02fdbb
fa4822
faa213
fc02ad
f5a009
fce65c
06f0c1
ffbaf2
f8f5e9
fb6e3f
fcf189
fd75ca
fdcc2b
ff8103
02edb6
ffbf7d
fb39f1
fe6a99
ff941d
fe08b0
0136e7
002374
fb5414
fffc45
079d48
057df7
fe1e26
fb8fd1
fe79c6
00d6a8
02edea
04b4b7
ff6dfc
fcfbb0
072714
090591
fe4143
fdd8c3
01327a
feef3c
06640d
0bcf6e
ffae72
f92e44
000b25
04a101
07940a
06d55c
017b15
045920
062bca
fc936b
fbe1fd
04b081
02cda4
ffd7b0
078f44
0b4d4a
0448c5
fe57a2
017c26
054880
fe2148
f8260b
028926
0b04a3
030864
ffbe55
0a0561
0b1377
fd4819
f77ac7
ff8bf0
00c10c
f9eebd
016497
109fa4
0cafa4
fc9e0c
f802ae
fea301
05259d
0363ef
fa6fd6
f946ea
01f299
05bcc3
0621cf
0795aa
008d95
f75817
f999e3
ff969d
021491
026fc7
fe9814
fe7fc8
051f5b
0215f4
f9715b
fc3eee
ff8ab5
fe8db8
05f4ae
06f3ee
f723e7
f1b4f4
fda3a3
04d441
04c8b4
03debd
ff969e
fa74b8
f8715c
fd08a0
05cad3
001a14
f02c78
f8ff03
11784a
0c05df
f2fdaa
f29037
0373a1
04da96
fb6f03
f9e96c
fc00bb
fdce49
05f704
093456
fd5787
f6c4d1
fc996b
fc1f6e
fc07df
05e0a4
051200
fcc51a
018e4f
016d74
f597b6
fb101e
084f3c
01e442
fc4a67
0549b9
0408c2
f94580
faf628
0222eb
02e858
029b3f
007cda
fc8edf
00977f
069d61
03b1ec
0160b9
00dcbe
f8652a
f8dc0e
096136
09e2fe
fb7cd2
016390
0cd2f4
0243ae
f947c6
ff2f49
006011
ff18a7
03dc80
04eb9c
0407c8
079cc0
06bb4f
fdf496
f86191
ff8878
0ab918
0662e4
faa971
ffaead
097e33
04d84a
007a8c
049eef
048a66
feec30
fba414
00fe7c
0b00d7
08aa3b
fe5132
ff7f47
02f700
ff0a98
00d1ef
06a2b2
07ec48
061857
fd8f29
f9343d
04eb1b
08bd92
fdd164
fee427
06621e
0379c5
00f51b
015777
023195
067cb6
020964
f906b6
fea80b
0467b3
ff9e7f
0257b6
07bb14
02a45c
fe231c
ff688f
00ef38
feae6c
f857fe
fd3713
0cf7d6
0ad230
f9ffec
f52d0c
f9f1cb
0285b0
0b6bf6
034e05
f5bdcd
fb8853
036d73
fe0748
fc9098
00d597
fe41a7
fad8db
000a0d
05d967
00606d
f7cf04
facc7b
ffc3c4
fcc101
fcc83b
ff86c4
fd22e4
fd7217
00a82a
fffcb8
ff0ae7
fb0a5e
f58005
fc2c4d
04bc78
fe75ae
f7f2e5
fc5be4
00cd31
0038ac
fd12c0
fb3234
fcde7d
fc0966
fa6d6e
fea119
fee5dc
f9f46b
fde14d
02af9a
fca3a8
f98ccc
fd359c
faecfd
f9a794
024f5b
044536
f81ac4
f48eb4
005732
01f4d1
f816e3
fcca7e
05c438
fb5ea7
f41e52
ff7b8b
012a02
f787d1
fc2fbb
03cdf1
fd4bbc
f8f160
fdc4c3
fe296a
f96fe2
f9b8b2
00c9de
03eb4a
fbcefe
f6b353
fcf47c
fe3006
faeaa7
0038a5
ff86ff
f6e08a
fded96
0619d1
f969c4
f3f7a0
013856
028f17
f923e1
fb7f58
010d3b
fe3e6d
fb5785
fc9cd9
fd54b2
fbcc7d
fca26d
00e943
0042c7
fbf707
fe1d3a
fe9325
f6c710
f87a7f
0505f5
052391
fb7b24
fc49d0
003985
fad153
f9a07c
01cdf1
00eeeb
f8ea85
fdb86f
063a54
001060
f820f8
fc7e4a
0238c7
002a57
fc5508
fd8887
010396
ffbd83
fcf0b3
fe5e2c
fea91f
fe2eb7
02ef00
042d09
fd25a7
f9c911
fd5f45
015936
02b21b
ff107c
fb0c64
ff237d
05ebff
047387
fc6512
f9922e
0020ff
030696
fdc126
fede44
039dbf
ff5fdf
fdc839
03cd94
02a22f
fd0180
fcad6c
ff7e86
03e268
027d85
fb324b
ffb7b9
072edc
fe58bc
fafba9
05d940
02c353
f9003a
0031b9
06b825
009657
fe6f85
009826
fef821
0043b8
0483b4
0282e0
fd906a
ff235f
03a48a
01b617
fd2d1a
ff76f9
04d2b5
0471d8
009f31
001049
00ed61
fe4c1d
fd9a0a
0490fe
080d91
00d630
fd7467
030172
02e801
fdf856
019e6a
070122
016e51
fc1e4d
02e493
06ed33
ffe8d0
ffffac
072da5
022402
fb662b
028428
070d03
022f5e
01354f
024c5e
01c7c4
030709
00fca9
ff4398
04f0e4
067378
021677
02f5c8
01974f
fc21fc
006662
067531
030ead
0277a7
05e282
018656
fd79d3
02c395
05a862
ffb5e4
fc74f9
021bcc
06ab6d
02f3d8
ff846e
032481
04c53b
feb3d2
fc5e33
031b6a
04e9ea
fdf13f
fe6ac9
05c404
033fde
fe1398
02fca5
033e76
fa3ab7
fcf020
0833d0
04c83b
fa0bb5
fd4c9f
059da7
014c9c
fb65be
01b627
04ddd4
fd27be
feda3a
065d40
fd60f0
f69e41
04204c
06f979
f8eb49
fca5a7
091df1
00d8a5
f7f085
0142fc
05dc29
fce05b
f96c0b
ff769c
0272ab
ffbb2c
ff2dd0
01c6d7
0086e8
fd6993
ffcdf2
024d70
fdc501
f98b76
fdbcc2
04c87b
03d84e
fcdc48
fcab27
01a60c
009d7e
ffc554
02dc4e
fd9279
f7b85f
0043ec
065091
ffd808
fef5a0
029d9f
fee623
fed877
0400fe
ff8cc7
f99ee5
ff60e4
04effb
0271ad
016950
02715d
ffb2b9
fdbfdd
002153
01f88a
023163
02b058
01b4c6
fffaa6
0002e8
0095b8
0238c5
05097a
039495
ff3a42
002142
031bbc
0119db
fff0d4
040caa
049c05
ff7e58
005ec4
06d810
04bf5d
fdc31a
ffede0
03e660
00f19e
0155c9
052d1c
028889
0014db
02f64d
0351e7
02160d
025db6
ffe880
feb11c
02e401
048632
00f217
ff5270
01d7b2
041d07
026aff
ff2899
ff450f
00c9c7
005698
00460e
00ab0b
ff6ec9
ff943c
028da7
031934
ff18c6
fcff3b
ff1f04
fdeea9
fb2531
0072a1
04d6bb
fe3b99
fb3edc
010931
002af5
faf58d
fbf753
fd5c77
fd5911
ff8e59
ff5a3f
fd48cf
fc6a5b
fa64a1
fc1200
013889
fe01fb
f84654
fc82b9
00023c
fb0c5a
f8c7ac
fbb3c5
fd6f16
feaa21
ff7423
fce420
f91aa9
f8923f
fb3b9d
fbe402
fa2895
fd3914
022a1d
fecbe2
f99801
fb08af
fa1225
f6b98f
fcc191
0305bf
fd3e54
f88692
fd05f1
ff0944
fcf520
fe260e
fe3aa8
f943c2
f786a2
fe034d
03cdad
00486f
fabe6e
fca875
ffb8f2
fe30be
fe25c9
ff35e6
fcc4bf
fc8520
00d163
026518
ffacc7
fd7bfc
febae0
01825e
00e3f1
feb1c9
0013bb
012b76
001729
019d43
02c15c
009a1e
ff9e63
ff0a37
ffb30d
05c841
07c8e6
00982f
fe3e9c
0268c3
015da8
ff7602
0337bb
052c99
037c29
03b7d8
041b32
024f06
017c20
01a6fe
0125c6
02eefe
05c56c
0384d2
014145
059021
05b88b
fea14f
fff5cb
06eb9c
048683
00ff88
036b0d
018cb7
ffa4bc
05ca2b
0796d7
00d4eb
fe468d
011e91
02d91a
0455a2
059b05
03644f
fe87e1
fc7720
005a13
0492e6
037ee5
01a579
027f0e
02399d
0066c1
ff5fab
fee303
ff3bef
ffe6e6
ffe524
01df05
0469c8
014580
fc7b78
febb4c
026354
ff5b8d
fca757
ff37e0
ff58fc
fdd444
01b26b
03090d
fd8680
fe55bd
037de4
fdc256
f71de5
fe1d36
04a045
00610a
fd70ae
fecb7f
fe3c5f
ffb89b
02af42
fea59f
f966c2
fd29e3
023fc8
00602d
fedcf4
00b4c3
fee617
fbe302
fe8a56
023742
0163bd
fec0dc
fd48bc
fe3c3a
0060fc
00250b
ffc664
013284
ff29bd
fd1171
0248c3
04f0d7
fdc306
fa02e6
ff6c7a
035866
0259fc
0116f5
00f651
00ac45
feed79
feb5c9
02629b
02a8f1
fde1af
ff1bfc
04a4bd
025a65
fe6038
02a5d4
04e6f8
ff3343
fe26ae
0320de
01d746
fe1ee3
01c1a5
04c3fb
021ede
0294b4
0477d1
013e51
ff27a1
003ac7
ff8282
014777
065b16
060997
01785b
fffe9b
00f2c6
01bfc6
029755
03a12e
03aa39
011488
ff7df1
02ad88
04c018
023e29
0118e8
02abba
03beb5
039582
01605d
ffb832
01d1e6
03b417
0331a8
026107
013c14
021aae
03f2fb
00fcb9
ff58ca
0443f8
05390b
0147d7
00f697
007217
ff6042
032b45
04d3a1
022db5
01bb6c
ffad39
fdff6d
04e601
084a05
ffd810
fbb98e
0008e4
00f552
0195f4
060068
042cb5
fd2cfe
fdcbc6
02c9d2
01f431
008041
026032
005da4
fe008d
01dfbc
01f24c
fcb534
ff8099
050b5c
01f073
ff38f6
01094f
fecf42
fc2cb3
ff2300
01c3d4
00fbbf
ff7fda
fecb17
00378d
019704
ff869e
fd6f7c
fe602b
ff2466
fe441b
fda43b
fd8f1f
fe8b35
01d432
0366b2
fe6905
f8f3e9
faa4c1
fe4bdf
ff5e1b
009000
fee5a8
fa7ae0
fb2166
fdd06e
fe1d36
00a87e
000b78
f912f8
f867f4
fc4ca2
fb9cb4
fe4449
00a6b2
f93fbf
f8da30
01dada
fd5b75
f47809
fad842
fffd5c
f9e21d
f87aa5
fc816f
fbaf24
f944d9
fa760d
fd69d2
fe2b0e
fa4c4f
f5903c
f560d7
f8a786
fbaa93
fda407
fea0d1
fc075f
f5bb70
f3f6a8
f9dbcf
fd0126
f93d1c
f68280
f827af
fbb102
fcaf79
f81898
f63ce7
fbb36b
fc5b16
f6d3dd
f66a55
f7a82d
f69aec
fa2609
fe0aa1
fc218f
fa203d
f7abdc
f40b25
f81886
ff1bb2
fbcc84
f4ad04
f62798
fbf5f3
fcfa3a
fa642d
fa57a9
fbed9e
fa97b9
f93c0b
f9f9f5
f860d7
f7b443
fd0e25
ffcda1
fb65c7
fa2413
fe1417
fd971b
f95791
fa198c
fdc211
fce40d
fb4b3b
fe06c1
ff0e0f
fcf313
fe28d4
ffb9b5
fe4e78
ff25b7
ff2c16
fae56b
fc3ea7
02d89a
029379
fee242
ffcb8c
010e15
00e874
017231
0069df
ff710c
019a3a
02dc9d
017af1
0209d5
0467c9
037826
00843c
01dcf8
05725b
0450bb
01677e
0271dc
04fa6f
065c45
05b858
023759
014e23
0545ed
06b325
056b97
065442
059005
02bf89
03a5c0
05d0e9
06113d
06de80
070fd5
0562ee
0482cf
04b4cc
05395b
05fec7
063ffd
06a235
068caa
053ea2
05d0ee
06bb13
0413e8
03a719
07ba97
0797d8
043309
05680d
06ee37
04302d
03af45
070d70
06faf2
039a6f
0466d9
0737c0
0485fa
01be6f
05e62a
0830f4
0352b4
014b96
04f770
065dc0
0488bf
038c27
039c0d
03a444
038141
0353a1
031579
02bbfc
02d01a
0329af
03b897
04c231
03cc82
008868
ff996a
00b851
00b397
01deb1
046835
049223
02056e
fe2706
fd17ae
0155aa
02cd93
fedecd
fe8851
00943a
ffd477
006647
003ff0
fd557b
fed3fa
00617f
fc50ca
fca9b0
ffd7a8
fc2163
fafcbd
0056da
ffdbaa
fbcc0d
fc5aca
fc1f49
f9fac4
fbca04
fe3c4b
fc1da6
f9984f
fad3e0
fb984f
fa50d2
fc28ef
fd51c4
f86ce6
f7bfff
fcdaa8
fa0f32
f5688f
fa3cf3
fc7a88
f8528e
f9c8f6
fc4d3a
f8764b
f5ef42
f78a0e
f960c2
fa7b94
f8fd6a
f6d5e9
f8f222
fbd735
f97ad2
f4b3a3
f55a7b
fae086
fb2c60
f75b55
f9b569
fb4cf3
f4de5c
f3e265
fac658
fc295c
fa3811
faa37b
f8a62b
f6453f
f750e0
f8e652
faf6ea
fc8bc1
fb90d5
fabd14
f956a3
f78d70
fa0f6f
fc04ed
fa5791
fcf039
ffc76c
fb624f
f8e385
fb84ed
fc3aae
fd6ddb
fff182
ff28ad
fded97
fd3df6
fb200d
fc49b4
010c11
03fa9a
03c202
ff766d
fafa53
fe0f4d
02e029
021b5b
0320da
06335b
029d08
fe9ab1
0245c4
05c17b
0421d6
03ad4c
05a622
05c9f1
04d5e8
054559
05bbc6
058083
060bb0
0746c1
08ba30
0970a2
0748d4
0556a0
07d8be
09c62f
07d4f7
0804d3
0a106e
090568
08e65d
0c08f9
0c3a28
08a7b9
06a493
079da6
0a5318
0d4667
0d143a
092b32
07b66e
0b0a0a
0b7c87
088535
0b00cf
0dcb00
089660
06aca7
0b782e
095ebc
06022c
0c37b1
0eb081
08a72a
071d6d
07c921
057099
0753c2
0ac6d8
095248
080780
073b2c
0446eb
04dc15
07adf0
0616a8
04be7f
07297f
06efcb
02f71c
00a0bd
015643
0344cd
04a2b6
049c8c
0388c5
00dfb8
fdc7ae
fe84e7
022d8b
023af8
fe9bc5
fd34c6
fe300c
fde6e0
fd5da4
fe4859
fdd368
faff8a
fa3c08
fccf3a
fd4c06
fa2ea0
f8cfcb
f97201
f81b29
f7eb16
fae17b
fa94a3
f73c80
f7563a
f842d6
f700f5
f6f66a
f5dd74
f2978d
f40ee2
f85f89
f82aad
f63c67
f4cd38
f22992
f2814b
f54b55
f463a6
f2fd8d
f413f7
f2f717
f16b05
f378cb
f50b0a
f391c6
f1aa17
f16ecd
f2e86f
f275c6
efd152
f13062
f47ade
f30faa
f1b28d
f30daf
f14848
ef97d9
f25b26
f32880
f13f24
f1f004
f2dc88
f241a7
f287a7
f23d51
f1b215
f33c2b
f3a7ae
f1f3b8
f208bc
f329ca
f3a255
f4f249
f4e7c7
f25201
f2adcc
f61a52
f5cfdc
f394b6
f5c670
f7ff59
f487ec
f1c3a5
f582de
fa4a3a
fac535
f90820
f7baaf
f66208
f51584
f69bcd
fb0c98
fd421b
fc2cb8
fbee57
fb869b
f9b6dd
fae01a
fd5d21
fc52a8
fc4146
002678
024a48
007d9e
fdb44a
fd2805
00d0f9
03f2fc
024afc
018630
040615
049835
03b598
041801
04b09e
05eea1
071fe4
06d1a7
079dd4
090392
0874b4
08a7c7
098276
08d5bd
0a9b1d
0def95
0c5536
098bfb
0be38b
0e916b
0c86e4
0b38f3
108c48
14d787
0eaf3c
08c822
0e88f4
136480
0fbd1e
0fb6d7
13a4dd
12ca10
1145c6
1156a9
0fda9a
10a751
132f68
130071
13d960
151e86
11ce16
0f67aa
11c2c3
13ce6f
14de5a
15453d
128ace
1041ce
113d85
11bb20
11fd4f
1439f6
148a09
118384
10303b
117ab6
111d91
0f1a69
0f3f5e
115bc2
120f67
103e03
0e0501
0e3e81
0f9f7d
0dd707
0b1a31
0c7ad5
0e5d2c
0cc978
0b73d6
0b5108
0a476b
0a4694
0aeb57
08d94d
062e99
070c43
09562f
07826f
0367dd
053ec9
09b5cd
05d632
ffb357
022174
04f496
013710
fec53a
0023c0
012663
017a13
0035b3
fd8770
fcbecf
fcfbf1
fbf60c
fa8d44
f9e486
faed00
fbc104
f948ba
f730c8
f88922
f8cc6a
f701d0
f65f10
f61289
f5158d
f3b117
f2358f
f2f523
f4d44b
f452a2
f384b3
f39b4f
f17c1f
ee8952
ee1818
efd6eb
f157cb
f01930
eeffa6
f132ff
f00396
ead286
ec6201
f103b8
ee2f62
ebb398
ef3177
ee8491
e9c277
eb0c92
ef71dd
eeff09
ed0fac
edc968
ec7d8c
e9baa0
ed6edc
f1bb61
ec80ca
e9357f
f02db2
f205d5
ebdc40
eca2e6
f15792
efc6bf
edabd6
ef6d72
f0eb64
f1804d
f1f7fe
f1b4e1
f186a1
f293db
f48130
f3d697
f064bd
f1f112
f8bfdb
fae9e6
f85fa2
f6d5e3
f4bf15
f3909b
f6dcb1
faad2a
fddf42
024403
010bfe
f7d78b
f31f2a
f9c81f
01862e
0259a2
032894
079e52
05c45c
fbad32
f6e9e0
fda00b
08630e
0ef266
0d229e
06af49
031ec2
017129
ffc391
04b5d1
1078ec
16ca16
105c63
059378
033224
07d020
09d9e4
0c7b70
14a355
184907
1244c1
0adb8d
06264d
0680b8
0f6257
189640
18ae42
13ffdf
107f1a
0daca2
0ba7bc
0d146f
138d0d
1a2cd8
18a164
10c397
0c7340
0ebe6a
12d8e5
14386d
142bd3
169e36
171436
100692
0a2f10
0dbc95
13d51c
15d185
149a6a
126544
1225b6
11ff18
0d35d4
09bc97
0e54bb
13de7a
138836
103813
0d4c66
0c16ab
0be339
0b13d3
0ca8fe
10dc21
0fefad
095451
05e6b9
07d5b3
0a6e35
0b4b49
0a8624
099461
09028b
06e0c4
03e544
0346e4
050079
06d2b7
06bdc4
0464f3
02e344
033a7c
01ed26
00149d
01276d
01cb8b
000e50
0002c0
005516
fd4285
fb1259
fd4df5
ffce80
ff8f71
fd61fc
fa1ef6
f788af
f764f6
f92578
fb74de
fcc2e9
fb7d4b
f845c5
f5a631
f510fb
f5503c
f4f28f
f58bbc
f7e989
f8787e
f5c718
f2c310
f09c96
f093bf
f4284e
f60f0d
f274d7
f04a11
f26925
f1ee6f
eedaea
eea4de
efd7b0
f0c5a2
f26d81
f13e12
ecf1b4
ec8c0d
ef7295
ee934d
ec20e1
edbbe0
efde78
ee094e
ec264d
ee8fe6
f14089
ee4542
e8ba27
e87826
ed6dd3
f0ea61
efba6e
ed154e
ee30dd
f1575f
ee9c30
e8a1e3
ea3a3d
efc5eb
f01ef9
f0da20
f4daaf
f2c85f
ebff1a
eaff65
ef9390
f43f38
f6350f
f40ea0
f1f47b
f365d8
f3cb18
f22a0e
f300d7
f5cd7f
f970fe
fd37dc
fba102
f5a99c
f3e621
f61e51
f82b61
fc925e
021023
0271a5
fe8f79
fb9376
fb8672
fd701d
fed7bd
00b43f
06090b
0959b0
03fcf1
fe1804
018354
079a04
0828f3
07f3fd
0a48e8
09fa91
071b78
071499
091c0f
0b0312
0eab2f
111542
0d6677
09e998
0d3b58
0fe643
0d8215
100839
178a1d
149a60
09085b
08c79b
1472ca
1ab6e9
186ca9
14c854
110290
0f6053
119e5b
12cf8c
149a1b
1b2ac0
1c48b6
1341c4
0f5e20
151bce
171dc0
144891
15c828
19b4da
198920
14d4e6
0f94db
10653f
17e454
1c4124
188977
138a66
12398e
123af2
119b0e
12481b
15c89f
1847e8
150809
0f6a0d
0e0a60
1072f5
12845c
12b5a5
110cdd
0ee444
0dfaf3
0da36d
0d28e4
0de333
0f2e62
0dc4a4
09b2fa
07dd37
0a7546
0c599a
096bcb
0615bd
0750eb
09df72
0861d4
0471f9
034e17
04ab25
042cdf
022faa
02273c
033f98
030334
018c35
ffc1f5
ff0cc2
ff7099
fde9f7
faeb1f
fafe28
fde0ed
ff5ca9
fd865d
f99bd6
f80459
fa19e4
fa13f2
f77671
f84719
f94e44
f562a2
f36d38
f7645f
f9ae02
f6f5e2
f39c0d
f26ee4
f30d13
f33f3b
f29e22
f3b83f
f48bbb
f16a78
eee5f6
f0c65d
f1fcf0
f0d5d7
f100c3
f10527
ef0dd5
ee7fda
eec9ba
ec7be7
eb884a
efbfdf
f2e962
f01713
ec2c1a
eb12a2
ead868
eb6ee1
ee7222
f1091f
ef3846
eabc87
e8969c
e9fb29
ecd4aa
f009e3
f16435
ee845c
eb2522
eaa609
e9653d
e85c7c
eda8e7
f48940
f3e79e
eeabf1
eba7cf
eb6944
ec331c
ecb7f0
ee35cb
f3a729
f8db46
f57d98
ec1a46
e8a4ce
eeede2
f56927
f603f2
f7ce6e
fba40a
f5f186
eadbcf
ecbd01
f853b0
fcd2ec
fbf843
fd2494
fb960e
f6c2ee
f568f6
f67683
f81ceb
ff13f7
06f484
03f6bf
fafcd7
faa74c
ff695a
fe154a
fd08e5
04c838
0be768
088d9c
005c90
fd314b
01c693
08bc6a
0a522d
081d16
0a4296
0db7d3
08e4fb
017f06
04a7d7
0e122a
10a321
0e1d49
0ee51d
101852
0c21fe
071c91
084d8b
109973
19127a
184980
0e2d00
07666b
0bccfe
120de9
121a39
146187
1bae49
191ce3
0b845a
06abe8
0e30a5
144afd
17a849
1aef40
182c21
11ee73
0ef94f
0be6a5
0b34a7
14dafa
1ea29a
1a67e4
0fa940
0b900a
0d6bc7
0f7085
115f02
159f08
1929b3
152da9
0babc6
069f4e
0a1d16
11db1b
15d211
11841b
0cdf5e
0e5455
0cb762
0674f7
0883e9
0f7a65
0dfa44
098f92
09edfc
096819
0741e0
06fa26
0668c0
06f28d
098a3a
07af04
020a9d
007d00
02f2b3
04dd21
04341e
01a5b0
019bf7
034f84
ffb7e6
fa9c82
fc4bf9
ff5208
fe2867
fda4f3
fdf86a
fbfd68
fa857a
f9d9bb
f7f902
f7dbb4
f976bd
f8dff9
f80622
f8e92c
f76757
f2c3a4
f0d37f
f45010
f85567
f780b9
f3e9bc
f24643
f143af
ef13cb
ef0f56
f1ba36
f30b97
f1f849
efe9dc
ee8a9a
eff5eb
f15947
edeb36
ea918a
edc93e
f0dd30
ed5ff0
eb0034
edecf5
ee2b76
ebb048
ee2a4d
f0f57d
ed5ca1
ea5ae1
eb301e
e9f9c8
ea432c
efb4d8
f09a10
ec3811
ee1185
f24d9d
ee0abc
e8188c
e970ab
edac95
f19f56
f5afae
f48a66
ed94eb
ea68b7
ed5537
ef5f6c
f2d208
fc2e86
fe9d95
f16c00
e72d75
ece844
f47c8c
f7bf16
ff5caf
041b67
fc8c36
f389f5
f06c43
f069b5
f87527
05b077
0805e1
00dfaa
fddbdb
fc702e
f8548f
fafe11
05fab0
0c8120
090072
025ec3
fed005
ff7ff7
04ab99
0be56c
0f054f
0cd911
0a809c
0874a6
0528c9
06144f
0d20dd
120675
1100ed
0f0949
0ec4c5
0f218a
0f9fd6
0ff7bc
104f29
117757
130f09
12dcd5
10656b
109c47
15c55a
17ccbb
13689a
12f349
1875ff
17c759
0fe8be
0da03f
1441bb
19dbe3
18292d
1525fa
174ad6
191902
14f46a
115578
129768
13ffdc
148a0a
163193
175ab4
173c0b
15012b
102e8f
0ed9f4
14645e
1927e7
16d17c
0ffc5f
0b7d45
0e1af0
12d47e
124148
10fb66
13737f
12ec53
0dacd2
0a302b
0a1988
0c0a12
0e4117
0dcdeb
0cbce1
0cdd4e
0a6069
0749c5
082e36
093e11
08ed52
09409a
065a71
02668e
04f656
07a59e
03f7a0
03211c
06f67e
050a59
feea1c
fd92c7
ff9f20
00b565
018263
01adcb
ff6560
fc9715
fc5e3e
fd1043
fbe04f
fb08ec
fbc1c8
fad7ab
f9595c
f9ee16
f99a5e
f89afd
f9d148
f875ee
f43a68
f56776
f836d6
f4e96c
f3bbf6
f7fa27
f63454
f00ea5
f0d309
f49c93
f4e2aa
f51058
f3ee6c
ee8081
ebe16c
ef7bf5
f19c1c
f02cd8
f14129
f39712
f0b674
eb931c
eb2df4
ecf412
ecb932
eda303
ef8b71
eea4bc
ed9316
ecb96e
e8bce8
e8a7e9
efb9d3
f0b70a
ea725c
ea9bc2
ecdbdd
e794f9
e5def5
edc107
f250da
ef9f12
ed14ab
ea23a1
e515f2
e52ee5
ed62a5
f3ae16
f1c203
ef6b5e
eedb66
e81277
e2a714
eb6622
f62220
f6a5e1
f63576
f4690c
e935b8
e20056
e9f876
f64cb8
fee2c0
016b62
f932d3
ecb4e7
e775ef
eab61c
f5295d
023630
062dac
ff510e
f76f15
f2f3c8
f17677
f549e0
ffb589
09c3e4
081f02
fd8fb2
f8ffc7
fae1a7
fc2468
029cde
0c9a94
0c5602
057282
02aa03
00cf85
00b1d0
07076e
0c3bb8
0c7f4c
0d99cb
0dddb3
0aa48b
089783
0961d8
0be51f
0f6385
10324f
0e8ddc
0fd1d6
12e867
11c0e9
0d05c9
0c5e9b
1295ed
17972f
160a5c
13a3a7
12273d
0d8d8e
0af69f
111773
1ae6ff
1f28f0
19cb95
100e64
0c6773
0ed8dd
1098cb
140964
1a9c8e
1c7847
16e682
0ea2b5
09b12d
0df043
17092e
19dc35
16f9ab
13f200
0f1cea
09b43f
09ca4a
108eae
18510f
185053
108900
0b3b10
09fffb
088ab1
0b3a08
10ea4b
116aff
0f5cf2
0c3540
045a62
023a52
0b2bcf
0f7844
0ab5c2
07def0
06bd0c
03d9e6
027a88
031826
05e1bc
0972b4
07315e
015704
ff81ba
ff577a
fed1ce
00bebd
02689c
022479
013b73
fd1c3e
f8fb05
fb59be
fedd63
fd87bf
fb2ae5
fa28a7
fa8cb0
fbda48
f9a99e
f6062f
f7db80
fa14bc
f6c099
f524cb
f83fd0
f8d434
f57850
f2bb98
f2c9ad
f4e8d1
f5c5a8
f4376a
f3ade9
f44114
f29020
efaf46
eeeda7
f1027b
f40d19
f42a06
f0f87f
ef76d2
f029fd
ee8dd2
ebf8f7
ed99c9
f2a19f
f509fb
f0e7dd
ea47b9
e9d730
ef8637
f2233a
efad9c
eea4b7
ef6fd2
ecfe90
e9a6f3
ece7dc
f47dff
f4e66c
ed531b
eabaeb
efeb11
f15780
ed1127
ec6066
f0dc99
f56270
f683b4
f245d9
ecb58c
ed7394
f25ea5
f48475
f54597
f79514
f8083f
f3d31c
ef530a
f18493
f8b34b
fb9e5b
fa0149
faedac
fc4bf2
f9322d
f50a04
f47720
fa4d68
044caa
063fe4
fdb623
fa0218
fe4292
fefb5d
fde36e
02aa67
090300
09da66
039525
fc2041
fe1f48
075b84
0b8b2f
0b3fbc
0c8ceb
0bc78f
0711a6
0395f7
05b4e3
0d99eb
12af6a
0ddf00
094823
0d8365
118446
103232
0f094c
0f105d
0facaa
10f7c8
0fcc3d
0f3863
146976
17abbd
11fc2b
0c8390
10a4b2
18709d
18a481
12e025
1265b2
154814
11003a
0cb1f9
138016
1b9362
1ae3b0
16c97f
124b42
0e5065
1007e4
13bf60
13ccb5
1698b3
1b82f5
15ae83
092f3e
08ee43
14b17c
1a8948
156641
104bf5
101f17
0eb9e8
0aa34d
0b0873
121283
16bf5d
10f996
0784e3
080783
0f8d64
0edd67
0865f4
0a4666
0ee808
098755
024ab2
046c2f
09ded0
0b5da9
09b9af
05ff8f
02b4a3
026528
01ee73
004e28
02244b
064a20
0547aa
fe881f
fae1de
fec7c2
01ea8d
fdf4bb
faa276
fce939
fd45a2
f9a6bc
f87bdd
fa7224
fc34ca
fb821e
f6fece
f3a35d
f5e0c1
f7ac7f
f5db96
f597fe
f63de2
f450f4
f21748
f1947b
f339b0
f57446
f30fd2
ee34db
ee2b98
f004a7
efa7b7
f07d57
f1c5ca
f13922
efe98a
eb7ff2
e7265a
eb01e0
f0c459
f04c66
ef4430
ee1757
e8fc26
e71ace
ea7263
ec8d8a
ee745f
efab9f
ec0537
e88a9a
e8a10b
e8c9ba
eaca35
eeae94
ef6400
ede3bc
eb2685
e669f2
e65baa
eceb5e
f185b6
f19384
f01174
ed1a78
e9e7e6
e8334d
e9286c
eece71
f62b12
f9962c
f6d0db
ed61dc
e53bd4
e997bf
f36932
f7bb0f
fc30f4
fee652
f4b6ca
e8f6a7
ec567b
f6e458
fd5f2e
011a15
016e13
fbc41e
f3d66a
efa659
f345c6
fec568
0b45f7
0d871c
02135c
f5ef8c
f58864
fb34d7
010f8f
0a8b81
1101ee
0b6642
016136
fb988b
fbffe8
05f092
1173bf
113213
0b922f
09feca
069509
02a7b5
0812c3
11e842
142202
0e53f8
09258f
0ae6c4
0fd72c
10fac1
10019c
10cc8f
118ab3
1020c7
0cf208
0c4c93
12c538
1891f3
1444bc
0e9d89
1057dd
11d144
101352
12084d
1636d4
15cb28
10c540
0c77d0
0e5b2f
15860a
1931e6
14822b
0de037
0d778b
113af0
11997e
1092f4
144e01
15de13
0e0a4d
079cdc
0c6aae
1425c2
14d0b8
0ff1d9
0bf89b
0bc4a3
0c7504
0b55cb
0b2897
0e89eb
11991e
0d9c64
04bfbd
03a7a6
0bacd1
0de702
0924b1
0a349b
0d0f33
072e97
ff8fb1
ff6d99
057e40
0c4cd5
0c2676
04ec93
011b44
026f33
01ed8e
0058f3
01ae92
04f2ec
0564c5
ff1d32
fa0023
ff9f93
05c424
01b84c
fd15e1
fe1e23
fe1937
fb7839
f9b14b
fb4746
006387
01ae9b
fb9f4e
f74a2c
f9341d
fc0263
fc233a
f98225
f804dd
fa4c45
f994af
f513e9
f733d6
fd9ff4
fc753d
f5cafd
f2d509
f4e5b3
f77321
f6f183
f69888
f938cb
f87b75
f2b7ad
f05cf0
f3c294
f83c99
f97ac3
f4eb7f
f07b19
f28d23
f4492f
f22f3d
f3b4c9
f72df8
f5d291
f28172
f0761b
f020b2
f36d81
f6e6f8
f58cc5
f202f0
f070e0
f131e3
f25e5b
f2ac1b
f4be3a
f7c022
f55279
f0c15d
f1ed52
f3cddb
f11a18
f01dda
f4e4f0
fbe5d1
fe1b1b
f5ceb5
eb3e40
ec736b
f5d821
fc6a52
ff49c7
fd3c54
f50a09
eff14b
f2deba
f7362f
fbb330
01b78e
01da4e
fb2752
f7ff68
f7f987
f4b099
f76bca
05072c
0b8080
032e17
fb79de
f983c1
f857ea
fe0c71
094db8
0b2296
04f056
02d27e
00d35c
fbd6d9
00005b
0c5be7
0f1011
0807fe
05b3b5
0653d6
03f3bc
06874d
0d761c
0d5252
0a0d32
0a4d14
07dd09
06ce75
0f0ef2
13780a
0d60fd
0bde6f
0f0892
0ad10a
0744e4
0d6e93
12f731
124e76
113f2a
0f44d0
0b5159
0bffda
119520
13a71d
11400e
0f9b32
0d591b
0a005d
0ce01b
14bde5
1667dc
11e85f
0f1805
0cd760
0a2b70
0c7622
11a2e2
124431
0efd04
0c5277
0ba6f5
0d4483
0fda79
103080
0d3cf4
0991ae
08a2e6
0a61ce
0b4a97
0aeb66
0b8ca7
0b9d23
097298
07d0c4
078477
06be9f
069237
0746fa
06aade
056200
047e5d
030316
02ccaa
056288
064033
027e13
fea6df
fee127
00b234
00341b
ff3789
00c335
00cf8c
fc6760
f9cd17
fbe1c3
fd9b89
fe0bc8
fd80da
f94821
f5c8ff
f82f79
fb00ca
fa9ab2
fa45d2
f965c6
f6b4c6
f4652c
f35536
f4d9a9
f86b44
f8e189
f66f9f
f4d938
f2631c
f06348
f2cf3a
f552a7
f4fca7
f4fee2
f36922
ef513b
ee8a82
f18066
f3f75e
f4d726
f30e90
ef9b3c
ee43db
ee85d7
ef51cc
f1f633
f3645a
f143b5
efbf9f
f01192
eec2bd
ed38e4
efb6dc
f38877
f222af
ee1abd
ef06dd
f114dc
ee5c4b
ee82f6
f3f2ec
f37de9
eec9d6
f07c3b
f22a5c
ed8223
edf9f3
f59eb9
f6e258
f29791
f2c678
f1a264
eb8b6b
eec8bc
fbcfd0
fe75b1
f54513
f04391
ef85ae
eeb6d1
f5aa1f
00f98e
013e2d
f8302e
f2b81b
f1e962
f28d76
f806ff
010962
048d8a
0101c6
fc5bcc
f6840e
f0d0f4
f5db95
047bdf
0bf1db
0762f7
ffb8d4
f97cd0
f763ec
fce504
06b800
0d3d7e
0b11c3
02adb0
fda4e0
fec069
02138a
089df9
0f6051
0de044
07840f
046cd4
043fe6
06e7cf
0c0649
0e9387
0d6dcc
0a077b
06f881
0a9096
115b8d
114598
0e13da
0dc758
0c4f2c
0a3ec4
0af217
0d5fb7
12f9cf
17e9c8
13fea5
0c74e9
09835d
0a7195
105eb5
17bd66
1675c0
0fabbd
0be1e9
0a6206
0d05cf
150956
1982e1
15a0d1
0ddb52
087ab2
0aa90b
108826
127c00
132a8f
13cd17
0eeaf6
0939f0
0a9513
0f74c5
12869f
11badb
0d0cab
0997a0
09905f
0a28be
0c74ef
0f626a
0e507e
0bf926
0aa5e1
06f421
04b76b
087676
0b958c
0a8b57
09dffe
08469c
031bf7
016e0c
077e52
0bba8c
06f746
017dbc
020c86
02849e
010f23
040977
07fc38
047233
fdf352
fd4681
005ccc
017427
00d8ab
00ae59
ffec7c
fd880e
fbb431
fca5e2
ff049d
ffc8fd
fe5282
fc3209
f9b514
f79999
f96387
fdbb27
fe2367
fbaa4f
fab066
f83434
f4f548
f6feb4
fa6abb
f9ddba
f9a9d8
fa6ac4
f7c66c
f3c987
f27647
f55f6a
faf826
fbfab1
f683db
f2a12a
f2a39a
f30d3b
f4ab9a
f71767
f7ca2f
f6fbe5
f44a68
f10fc2
f1610f
f45b1e
f66494
f5e86b
f32f08
f2c50d
f4f07e
f2df30
f09a44
f50e46
f71753
f3a5ed
f460b9
f4cfe3
efba76
f03ca6
f6817a
f7dad1
f7440d
f7c53b
f367fb
ed68c2
eeebdd
f80d62
fff062
fd62d8
f405e6
efc29f
f1051b
f3462d
f97e4b
014698
01c93b
fa638b
f1be68
ef721b
f59989
fca68c
008c7e
040c4d
02f382
fa6f90
f30656
f2e8d2
fad938
074ee5
0acc99
014748
fa531e
fb427b
fbc30c
fe5dd0
0678d3
0b5c00
0804cb
0046bb
fa17b1
fbe36b
04d77f
0bf176
0c3883
0821ab
04643c
02a727
01318a
03bbf8
0ce6b3
0fad8f
05b7e0
0100a9
08e3a7
0ce503
0944aa
09a019
0c9df1
0ad56a
077146
065586
0683af
0a011a
10ba2e
116a04
094edf
055190
09b1a7
0a73a6
087c70
0df8f7
115260
094483
03ca44
07b286
0addf5
0d1f06
107e20
0cb135
054572
0607f2
08f972
064fd7
07a140
0f0e0d
0e8206
059979
029edc
061e77
07b374
090f08
0ac11b
07509e
02efe4
03960e
045249
042c81
07a4a9
096b4b
04e4f6
00f854
0179a1
025fb6
02274b
02e3a3
051d61
0549f5
008936
fc3cd9
fe9acc
03a8e8
047d3a
00c0e0
fd1ecd
fd3411
fea1b7
feb077
000bdf
0184fa
fea683
fb494b
fb7046
fc38cc
fd7d8e
ff6cff
fea6ee
fc37e0
fa6c3c
f938f6
fa9b79
fd0596
fd61bb
fe0ef6
fc3940
f56e04
f4d8f5
fbf339
fd409c
fad7fe
fc99e4
fb4056
f5e19d
f54e5d
f79efe
f8a18c
fa65c6
fbb2fd
fa1c6c
f6c3ff
f4535b
f54e93
f7ee7f
f9ae99
fb062c
f88dea
f25749
f18b5e
f5c834
f7a998
f95ab5
f9ff2e
f5674f
f2ce42
f45e6a
f372fa
f3f3e8
f7a737
f7018f
f4be35
f4ec20
f33ec5
f2f505
f678d3
f665af
f46354
f5c06a
f4e2e6
f1071f
f14c04
f53abb
f809ca
f83e5d
f6b2f4
f50ae8
f236b3
eefdee
f22b71
fb2ec4
ff01ac
f93d9a
f11232
eeea40
f33f57
f82dc7
fc589b
ff7c1f
fba5b6
f4704c
f3df76
f48d51
f3a15e
fc2f9f
0617dc
01233a
fa3212
fafc26
f50a23
ef2096
fcd18c
0c9098
07f5d3
fdead9
fb6177
f7dc40
f7fb51
0343e2
0a3674
060b4b
048103
032bf0
fa73f3
fab43e
08a136
0d5107
0666d0
05fdba
080ca6
036ec4
02d7c1
08989d
09a827
08d54e
0adfaa
08d490
06ebae
0d6e3b
0f7772
072c7c
074c5c
106f93
0ec71a
06e97a
086530
0dc809
10d302
12f309
0f3087
08de21
0ad25d
0ed2dc
0d62bd
0edb2b
12cd78
0effff
08f055
0b97f0
126406
13c618
0fdb77
0c19db
0b649d
0d625d
0f1239
0d58a0
0c61d5
10fece
126dc7
0acef0
077414
0dc6aa
105b66
0c719d
0ad9dc
0ba0e6
0ba6ab
0aad6b
08c06d
0967b3
0c9249
0c243f
0960f9
08a064
079c80
061066
05d773
064983
08f546
0b39bc
0666c5
0093e2
031950
073b09
051e47
020969
02d7ec
03f3f3
02a07d
01d62e
029897
00f727
fe270f
ff02b1
00a6f9
005c4e
01219b
005ee2
fc0043
faac47
fd4aa9
fe50f0
fddaeb
fcc98d
fb8289
fc4d9a
fbba60
f839a7
f8fca1
fcbdc3
fb7152
f8bcf8
f9bf0e
f9cee3
f76893
f6f25e
f8946c
f8d119
f7c57e
f88f21
f93b01
f5dcc9
f334b4
f56e96
f77ca0
f84b0d
f9693a
f60cf0
f12ab7
f3195b
f6a4b7
f5dfbe
f5307f
f516e4
f48f23
f61d96
f63050
f2cf1c
f1df83
f3a897
f49a01
f56251
f5a813
f52fbb
f47aa3
f1ac47
f0ea7f
f67163
f94ea5
f4e826
f25531
f32630
f25b62
f3464c
f7bee1
fa4b7d
f87ea3
f440c3
eff023
ef48bc
f63090
00cdcb
013af4
f46c4e
ec8fed
f16920
f6b578
fc00e8
048768
01c74e
f3e132
efe700
f53b0a
f780a5
fcfe8e
05fa73
04c1e4
fbe539
f669df
f3952d
f50ef2
00145f
0ba5dc
0a926f
ff0f9e
f4dfea
f3c285
fc82a0
086ebf
0c8f2a
0695b0
ffe39b
fcea4a
fa97e1
fd8474
08591b
0dda09
07fc4f
029f1f
017bad
ffe2d8
025e5d
08f70c
0a1efd
06d8a2
05b6ba
05364b
0565ec
083f1e
097af5
078a11
067128
073078
08be64
092453
068a5c
05beac
0a332b
0ce40c
09af44
05eb55
058dd1
08a3fc
0c5331
0b8d30
07987c
05c92c
05a51f
06f0dc
0c06cf
0fca83
0bb950
047343
02a4cf
06ba8a
0a1e76
09a282
08afa4
087ff3
074454
06bfcb
075cc3
072fb8
085cc3
092c08
04f920
0265c9
05e509
06e31c
056233
07b678
07cc9e
03ef48
04248b
04c0dd
0177be
028bce
070b11
057435
016106
018669
0260df
01ee89
033e10
04b071
025f4b
fed352
fea2fe
fff3a0
0081af
020a06
01e917
fe371e
fd87fc
ff963e
fddec2
fdd0ac
01f43d
ffafae
f95307
fa2418
fd652e
fd5a9f
fe8998
ff2c2b
fc0b5c
f9ca2f
f975fc
f91688
fa4e66
fc4156
fc8a68
fb735a
f92b30
f77112
f84e38
f9902e
f99bc4
f9434f
f8a999
f89296
f7e91c
f5422b
f57794
f9cd17
fabb79
f77d05
f57b40
f4b87c
f5323e
f738d2
f6e06f
f4b668
f4fb2f
f6c784
f7da4a
f6ba16
f3c827
f41c97
f69f09
f494f7
f23889
f47f5c
f60d02
f72ef2
f9a0a0
f5e39d
ef4b85
f18b0e
f75b05
f7e926
f77d46
f6eefb
f287ac
f06667
f6460f
fc8e39
fa4c46
f3a377
f1e2ea
f55c8d
f9fc34
fd7b31
fa8500
f1a3d2
efb737
f85707
002378
0171a5
fdbd56
f73f9c
f4116a
f60bda
f8c9c8
fcd9d6
01ecc7
02f8fa
015216
fe8a39
f77d58
f2f791
fad6b9
079b7e
0b61b6
0574b8
fdb51f
f97178
fadf44
01e014
08a25c
0970eb
07c61b
05dc23
ff5c0c
fb00c0
02ca20
0ca08b
0d3a80
0a710b
07770a
030ccb
032eae
0814a3
0ae0fe
0b8615
0b436a
0922f7
085a37
0ad991
0d454f
0bfbb8
08599b
0971e8
0ee3cb
0e761d
0a0047
0a9314
0bdc8c
0bd445
101c90
118718
0af53f
0865e1
0d2f46
0f7a94
0d3aa3
0ad7e2
0b2ba5
0dda78
0faf38
10dad4
103f16
098cd2
04d280
0a77cb
0fb458
0ec02b
0f22c3
0df959
08b896
07ee4d
0a9b1a
0b5b2a
0d05de
0da343
0a255e
0788c9
07118c
079221
0a6922
0be341
09fcee
08b4cf
07aca8
05fbc5
052a53
041918
05aaf3
0b07cf
0a729a
0357a6
011d57
036130
04501b
059203
062fe3
041c71
01a038
ff414a
ff283a
035dd5
05a2bf
030cdd
00a3e3
fec030
fcf2b7
fe6fda
00e60a
007a78
fed58d
fe02f3
fe5299
fe6183
fcc640
fc4435
fd7bd4
fcc260
fb609f
fb2121
f9fd3b
fa6292
fd03b9
fc8258
fa5681
fa19bb
f8a36d
f722be
f88b75
f8f296
f8808f
fa2b72
f98584
f580ee
f4c80e
f8a81e
faf3bd
f73fa7
f21bf3
f31f7e
f70a51
f74114
f65974
f56a14
f2eeaa
f3c596
f70cf4
f5ca8d
f2b356
f21f5e
f2d4e8
f4dea6
f4c94d
f0e316
f13896
f573d5
f56e80
f3f0c4
f30f54
efd563
f01e10
f47858
f3e319
f0dd69
f17ae3
f3422a
f5c05b
f74dca
f34c93
edcc46
ecc6b7
f12450
f9c0ec
fdcbf3
f69ebd
ed0d55
ea0695
ef5dce
fbb0ca
027de3
fb341f
f197f5
ee6713
ef2681
f46602
fa9e5c
fd65d9
0080a6
ffec26
f63190
ee0998
ef4f1c
f7a9ec
04bb1b
0aade9
014f53
f66372
f321b6
f4741d
fda4ff
097240
09c577
027b71
fcaf75
f7b136
f86add
023876
0adf67
0b4c52
06cfb3
0218b5
ff7d3b
ff180f
029c95
0998c9
0beddf
086b7f
072b87
06d5dd
04b746
07497b
0c32cb
0b5fdf
091e25
0a1a7f
0a6113
08dcf9
07f68f
0946da
0d7577
109fd9
0eed98
0b3b09
08e232
083cf1
0a5675
0de65d
0e35dd
0be547
0cf594
0ffbf3
0e3ee9
0a6647
0996a4
092d04
0a9149
1018c9
10b4d9
0ac117
08d379
09b4ec
08bf5b
0b702f
0f52e2
0d6bb9
09a3bc
06d461
050595
07c8eb
0bbc91
0b95e2
09fcee
080abf
062a88
064967
054437
0496d4
087849
097753
04cae0
02cdee
02d2d8
027933
04f1e3
05e5e0
040cc0
0464df
01fa60
fcb102
fe0a58
019ee4
01ac52
03cc21
042b44
fe59c3
fb3b8e
fc0fed
fc1f33
fe9fc4
012f6a
feaeb3
fc27a2
fbe003
fb1095
fb369b
fba122
fadad8
fb7b06
fbcca4
f9b2bb
f8c3f2
f8e6f1
f82661
f90445
facb95
fa705f
f8f2b2
f6fa52
f4eb84
f57206
f809f6
f96a6c
f87b92
f65ef4
f5602a
f5cb49
f5c1a7
f6733e
f81cbe
f6b5c2
f39dbc
f3d0b2
f4f356
f42ff4
f4e299
f7aa8b
f89ba1
f68eae
f3e09b
f299e9
f26f7a
f34800
f62471
f834e2
f6acd1
f58600
f634c0
f4b946
f3865f
f5fe32
f759f8
f64cb8
f68325
f62dd5
f47ad1
f5cebf
f9d550
fbdb5b
f9de84
f54bb5
f259ee
f5122b
fd0024
030085
fdd040
f1fe6c
f013cc
f95172
017abe
0546cb
02bc45
f85852
f34772
f8f765
fccb1b
ff185a
05d278
06b4b0
003a0a
fd1e71
faf488
f89869
ff6309
0a61d5
0c2333
0591af
fe8ce0
fb034e
fda9e9
06970c
0e35e6
0bc48d
047125
02bc1c
023a99
00471a
06cd3c
0ff878
0e7f75
097dc6
05eaa9
00abfb
040e14
0f059f
0fd459
0a7aca
09a45a
074a0d
0685c4
0d5955
10525f
0b954e
08aaa1
09df37
0d02be
0e1aed
09fbe1
07d839
0b8bb8
0ed06f
1062c7
0f771a
09cab6
06ec9d
0a5071
0c8d9f
0c7e15
0c9ae5
0c86d8
0d886a
0d3ba4
0a8c71
0aa4c6
0a7bfa
0761c8
0a19c0
0f52b6
0c4b5f
087ca5
09d2df
08f775
07bdf0
0a4292
0b21d7
0a69a7
0a1c1c
062c9c
02950e
064366
0b0605
0a854a
089e37
06d5c4
03cf65
036cba
061c22
062fcb
04ee52
063bf4
05d53b
02fbc0
02e6d8
035880
0254e7
03f419
056844
0334e5
0113da
fea2ba
fcdc0c
01c4d1
0716f1
03f65e
fedb89
fd8d8a
fd9e81
fe2e8d
fe54f6
feda7b
0116b3
003b0c
fcd637
fcb4e7
fc7701
fb7ec2
fdfa6a
fd9159
f99a01
fad237
fc717d
fa54dc
fb4e1e
fbf028
f92f97
f9a3df
f988c5
f6bfe0
f93557
fb009e
f669ca
f5d682
f8b534
f77316
f71b63
f7f91c
f5d19c
f5590c
f5f3c1
f3fb8c
f40bda
f50a78
f34ce1
f4144b
f69edb
f4d31b
f249bd
f282d2
f2a283
f2418e
f2360d
f268eb
f2d01f
f1f102
f0cc25
f1b772
f2db7d
f366b2
f3c937
f15cc0
ee0969
eef622
f1f345
f332a0
f31ec6
f23082
f2237c
f3ab9d
f306c0
f0727c
f04bad
f20689
f446d3
f767a9
f74010
f189bc
ed8de8
f1bad3
f9dcd9
fddbc5
fafae7
f3c83e
ee2034
f0bc55
f95fa2
fda58b
fcde08
fd98a6
fc744e
f6b8ed
f4794b
f7a8de
fbad61
01557c
055926
012700
fa420d
f8b9e2
fb80c8
00c92d
0687fc
07b63a
03db38
fed1e3
fbfc04
fe5fdc
04e48b
0a353c
0ba7ae
095a4b
044ac8
fff829
00819e
065326
0c0107
0c536e
0a69da
09e07f
08446c
073d7e
09362d
094e01
092fb5
0dcff4
0f1c37
09fe7b
086ef6
09ef2e
09f31a
0daf4f
122a50
0f4c6d
0a251a
0835bb
082501
0ad2a4
0e6f40
0f611a
0f5141
0e6a8c
0c2489
0aef2d
09620e
07f4af
0b7a10
0fb363
0e66bc
0b814f
0a0dba
094a18
0a3a37
0b3d65
0b2be6
0b616c
09eff5
07e6e8
083660
071f06
064fe7
0b3327
0dad49
08f6ef
05ea68
04901a
020f4c
051b37
09d730
07717f
050051
06b0b4
055537
024b7a
020536
020f7a
0334a8
05ed8f
050a37
012ab9
ff2adf
fee703
00355d
0345bb
0417ae
01813d
ff2712
fd6c4a
fb958f
fc55c7
ff8d7e
0132d8
00858b
ff2742
fd145f
fad7ce
f9fa42
faca3c
fca0ec
fdc250
fccd88
fb2dd4
fa3317
f9b171
fa46d8
fb65da
fb6121
fa4aef
f8410d
f699e8
f7df82
f96303
f8eb7c
fa3805
fb1c9c
f72c50
f4f5a3
f79415
f81ec5
f6f806
f75e12
f5efb4
f461d7
f69efc
f8abc3
f82570
f716e3
f5eca4
f58706
f525eb
f3503d
f3e73e
f77a53
f846e0
f6bcc6
f61da4
f515b8
f4a928
f661c6
f739a9
f66ea6
f58b77
f45f7b
f49260
f7653c
f9a2f4
f8eed2
f6f9f2
f5f8d9
f616a3
f6b01f
f8626a
faa2de
faf65f
f992a1
f7b31a
f549d8
f61f48
fcb354
0262d6
016498
fbecd3
f5fe00
f3fa35
f88e61
fff78a
050d8c
056387
00c5c4
fb733c
f9b6c4
faede4
fea85d
044728
07be11
07568c
03a9a5
fd448f
fa7c93
00d174
094783
0b850b
094a74
05b1fb
01517d
fff188
043abc
09b35a
0bbbea
0ba3eb
0a5404
066820
03ccf8
06d7cb
0aa4d4
0b2af8
0c2e9d
0d3199
0aa8d1
0869cf
091525
09c097
0bc08f
0f6eda
0f02a6
0b3c0c
09a986
08cfca
08b975
0deaef
1330a9
108302
0ad591
08dae1
088569
098373
0db2e3
107636
0e5898
0c0b20
0c2991
0b68d6
09a265
09b693
0ad214
0bb99f
0d5ff1
0da560
0a267d
069a5c
06ddd6
09ec4e
0d3b46
0cf972
0809b1
04c3d9
060146
06c896
071338
0921d9
093715
07497b
0670a7
03fa0e
0147bb
03dacf
06cfa2
0484c5
026478
038e85
040d60
02a4d3
00b83e
ff47ff
ffd6d9
022164
02ba08
ff4a09
fbde5d
fd8772
fffdd3
fe7ab1
fde5f5
ff2dd1
fd032f
fa5f49
faa45d
fa80e1
fb1c30
fce91a
fb58c2
f96bc7
faa811
fa76c2
f8e481
f85604
f656b8
f5b22b
f911cd
fa5ae1
f82e29
f71e77
f69b5e
f58f33
f56714
f5e421
f650ad
f5dcab
f4f4a2
f53e1d
f4f9f8
f3ef6c
f52471
f5bc8d
f3ed3f
f48deb
f5a77b
f30197
f1270c
f19fa1
f21ab3
f4cbeb
f78a91
f5879d
f21f1c
f134df
f21579
f339ee
f22f8c
f0f8d9
f3fd7b
f6cdfa
f493ed
f1e78e
f23b57
f37f30
f4072c
f3eefd
f434e2
f3f360
f2d444
f42eb9
f5b153
f35108
f4073c
f92486
f81e37
f3e927
f510a8
f509bf
f30be9
f84f59
fdd33d
f8cfb7
f2a862
f5b999
fb7ba0
fcf11d
fca596
fb16b4
f68d89
f53f8b
fa7a7d
fe2892
fe951f
00e45a
00e109
fc9ca6
fa979c
fa22b5
fad9d0
016046
06cfbe
04acbc
01a57f
fe7086
fa96db
ffabc5
090329
080f7d
02b7cd
02ac29
0261d9
019306
0547fa
077d24
05e196
087d8a
0b5a18
04d7d7
ff7f80
0613a7
0ade65
071e75
08df54
0d5fba
085231
04fd62
09d8a9
095bd8
06b14f
0b8931
0cb639
0722a3
071ae8
0a4712
0a5b96
0c2cb1
0e3d1c
0b03ce
068a70
05752e
07bd6f
0c2698
0e37d2
0b7a77
08f857
09ca50
09df8f
0837c0
095745
0b6d62
092659
073f4f
09b084
09a0a6
0759e8
09430c
0a797f
08af11
0965d9
07f16d
02fbed
0516c7
0a4f54
084144
05da22
075f63
06bc5c
0656dd
07912a
04ab07
01fa70
0572c6
078a47
036d4a
0136b9
059718
08a3cc
041bad
ff4c9a
0186e4
050901
03db4f
014045
008316
014c3c
02618d
024f0f
0195f0
011674
00740a
00aae8
008a58
fe0231
fd9335
00faad
0157e7
fe8f77
fe9985
ff6310
fdfcca
fd4eb1
fdb8f9
fdc4bb
fdaabe
fc9609
fbbdbe
fd6885
fe35fd
fc3a48
fc1886
fd374d
fa662f
f80375
fbd6f8
fe997f
fa9ec8
f82d99
fb0008
fb89ed
f99565
fa87dc
fae480
f8356b
f7faa1
f98a3d
f7b1d7
f6371c
f9b17b
fce7b7
facdd3
f6b265
f5235f
f60875
f74b98
f81cf1
f8b129
f8c7a6
f7c0e0
f69266
f70c3c
f81397
f798b9
f76190
f826ce
f6b32a
f48eb8
f63ed8
f8f22d
f93f36
f9a149
f964c3
f6a00d
f5a45f
f7653c
f7e3c3
f9217e
fc320b
fb2299
f6de94
f6c3ec
f9a4c7
fb23c6
fd25cd
fee0f7
fba43d
f6d4a7
f7a45f
fbcb29
fdb9e9
ff4d56
01ec0d
00d253
fbe959
f9c978
fbc7d6
fe1a04
00daf2
04db7c
05c126
00f55c
fc35ac
fdb089
02b5fb
055bc3
0587d8
051024
02f442
00bc50
027386
066ac6
07bb0c
070ba1
06f863
05e519
03dcb0
04e124
0800d5
088636
080413
099017
09ea86
07ac35
06e116
082e27
0932b3
0a2ee1
0b2c55
0a85d0
0842bb
06bab1
087882
0c78b6
0e2a98
0bfeb1
088244
063e96
073e38
0aa090
0c2c45
0b7d37
0ae794
099813
084960
095975
0a104b
0869cd
07ea4f
097909
0a066f
08e7d3
078904
06b7e8
06b7f1
07c8ae
094947
08825c
04fa1c
034e5f
050f34
0621ad
056e8f
04e06b
048ba7
04e7d1
055510
02ea9d
ffb004
008ac3
033b82
02c66f
00dd9a
0101e7
01a2fa
007fac
fed949
fdb697
fd37f3
fea388
00654f
feb7e7
fb81fa
faf99b
fc358d
fd32d8
fd596d
fc0c1d
fb16be
fafd37
f909e2
f7a902
fa33e1
fba66e
f9aa18
f96b6c
fa753c
f917c2
f7b713
f73d3e
f571f0
f59f60
f9df35
fb93f6
f7bd72
f516f2
f633f9
f63c72
f58f31
f79621
f8e08a
f6d686
f52a1d
f48a47
f3d110
f5b388
f947a4
f9bce1
f75f62
f47af2
f1e349
f2762b
f64c5a
f818af
f6e9e0
f7099a
f8137b
f64618
f31db6
f2e08a
f55625
f7cad9
f91c14
f7fe61
f4a20a
f3283e
f56710
f85f24
f9f39d
f98836
f6fcaa
f4a66f
f432bf
f551e7
f8c1c5
fc641f
fb427c
f731ad
f67b57
f8a0d1
f903c3
f827ce
f9745f
fbcc60
fc08ed
fb3db9
fa42f9
f7d567
f87166
fea2ce
013bce
fd43a0
fbd7cb
fc7c96
fa035e
fade9f
008772
01f51b
0004f3
0079df
fff1a2
fd4459
fd7276
003b9a
02b9a6
04dadc
04b9d9
0102ea
fe9286
0113a1
0460fe
04e6ff
053992
06303b
04dc6c
02591c
0275b7
0508a5
07bb51
08ebc3
0793bf
04e61e
039744
04fa0c
07e181
094aa2
08a55d
08ddaa
093484
069e86
04a69f
0721cd
099b62
0944a2
0a218f
0b95e1
08a421
046ac2
05b230
0a3dde
0c4b98
0ba7b4
094999
05f874
0541f1
079b14
099e00
0aebbc
0b60eb
097496
07421d
06648e
0603d3
07a870
09bc4b
084f5f
07533d
092195
07b1e7
04564d
05889e
08298a
084012
07563a
05107f
031cd2
04d828
06646b
04e954
04e6b5
069f4c
05cdaa
0381ac
028bf6
02218a
01eb7f
034727
04e584
03beba
015eaf
01a22a
02a8b8
01722a
009bb7
01164f
002ab5
ff548b
008923
010cbf
0022dc
ffa58d
ff2c7a
fed4d8
ff3e9a
fed7b7
fde70c
fdf53c
fd58ed
fc8845
fe9a7e
004013
fd6e03
fb61ef
fd7169
fdbdc2
fb01e1
faa944
fc612c
fcb490
fc9e83
fcfdf8
fc6f5e
faf8e6
fa0275
fa9495
fb56e9
fa95f1
fac70f
fc9759
fb6a8c
f894a0
f9856c
fb68ff
faee70
fad346
fa8391
f8c7e7
f8c2d3
f9c8f8
f9670d
f963fc
f9ea74
fa371d
fb4475
fad7fe
f848ac
f7988f
f821ab
f7c313
f97336
fc90ca
fc5df7
f937e5
f6ec1a
f7f25d
faeea6
fb505f
f9705c
f93d27
f99685
f9e999
fb97dd
fac94f
f84d9c
fb3823
fed516
fb7e45
f86ee1
fae362
fc8dbb
fc557c
fce514
fc2c83
fbe489
feac36
ffbe1c
fdd392
fd7bd3
fd7299
fc4745
fe5d62
02499d
023878
0010dc
ff7300
ff438f
ffe6e5
01b1b5
02185f
026000
04b6f3
05006a
012e87
ff18ad
02259e
0615c3
07178e
0661be
054d2e
035ebb
02311b
03c8d4
06adf7
092c14
09b82b
064f45
030458
04ad28
06aa55
06ad4d
094137
0aa7f6
06dcd3
053946
070f38
06aec6
0746ca
09f192
090749
074ee3
07ff37
068967
048716
063b10
08df02
0b414c
0bdb35
0659eb
011fbd
03f060
073bcd
066556
089973
0b8a11
075ff0
020e12
02d3b2
04c90f
04dc0c
06a049
082b2d
058525
0294ae
02a799
024ce4
01d2cb
04d83f
07469d
044d64
005082
ff625a
ffda44
017e34
03c76d
0365f8
013789
fffd53
fe6a92
fd812b
00127b
01f3a1
ffe0ee
fe86fd
fec9ab
fd1355
fc24dc
fe5aa0
ff48b2
fdc22d
fcca06
fcad85
fcc0dd
fbd8de
f9ace1
fab4e9
fed180
fe3257
fa0660
fa1291
fb53ff
f9530e
f90777
fb53f2
fb2e0c
fa0275
fb05c2
fb20f1
f86ca4
f7206d
f978f5
fae3fc
f8cdaf
f7e422
f9a2f5
f96290
f7c4ca
f88f5f
f92cc6
f7aff2
f7aa31
f982ea
f98fa5
f72ca0
f59ab0
f71e87
f91057
f88093
f860a3
fa33ed
f9668a
f56a9b
f35c32
f5516f
f97bb3
fbd14b
f949f1
f60f69
f69230
f765cd
f6c0fb
f76613
f8451d
f8dbfc
fa92d1
f8e987
f3801a
f4213f
fac22b
fcaa88
fa78bb
fa1593
f82bb8
f4a010
f5ec90
fa479a
fc479d
fcc1ec
fbac06
f889db
f81038
fac6fb
fb859a
fb6954
fdb7e3
fe4bd1
faab73
f89de6
fb5264
fed27f
00aa08
016dca
ffb37a
fc053a
fb35be
fdcac0
00416a
029e42
03dce2
014dae
ff0930
007539
01998d
026286
04b577
04aced
034546
044085
0311ca
00bfa7
053b26
0a6c94
07b822
046263
055fca
05cfd3
062718
080f91
085081
07c4d8
08bfff
08ddf0
078172
07410e
08d2a0
0ac5e9
0b1b0b
09e6ce
093d47
08d9da
0847ea
0966cf
0b5a2b
0c180c
0c691b
0b3ebd
08393d
083ca1
0b383f
0b58d5
0a328d
0bbfe4
0c6d4b
0a1a3e
08664a
08dfca
0a6ec3
0ba1a6
0b1cfa
0a37b0
0a0d49
09105b
080973
08787e
08ca97
096969
0b05d5
0a27dd
0703e7
06021c
06905e
06c086
07ab95
084cc3
074d46
05d249
0464f7
048195
0677d4
05cc68
02d53c
037864
0581e4
03b5bc
01569c
01bba8
02f530
035295
01d28a
ffcb64
006fe5
015355
ff3f4f
fddba3
ff1382
fffd58
fff25d
feafe3
fc2147
fb9a72
fd34a5
fd4818
fc5be9
fc0ed6
fbc678
fbdfe1
fb3e89
f92f25
f962bc
fb4935
fa3647
f90179
fac944
fa49bd
f683c8
f5d70a
f8c100
fa16f7
f8ccf4
f7e055
f81868
f6fa96
f4fc77
f5d4cc
f81644
f7db6c
f70d75
f75e9a
f6a4d3
f5b9a3
f5cf19
f54cee
f5b6cc
f82b65
f8b4db
f643c8
f3eeaf
f34ddc
f5a85f
f95b10
f9236c
f61d92
f5a138
f64d99
f5b8f0
f61479
f76433
f7ebef
f85585
f87d4a
f7ec20
f7b821
f7dc9f
f83de2
f95a14
f9a0c2
f8ad13
f929c3
fb0b46
fb2e4b
f9851a
f9c46c
fcf619
fe492a
fbb280
facc64
fcda95
fd0b4f
fd6590
002be4
ffac95
fd6de8
fff5f7
020c9c
001a43
009c7f
01fc0d
0025b9
015a00
054ab2
0465d9
0255f7
03f581
052cd2
0582b4
065536
04ebf8
040781
077080
09a7d3
074727
059e08
076a0d
09a285
0a192f
09a2f2
09658f
08b629
07d6bc
08ef11
0b2935
0c0b52
0bee42
0b2b1e
09ea0b
09a6ed
099e80
09b3cf
0c4b0f
0e541f
0c3d20
0a41f3
09e307
08be20
0a0d1c
0d4a7e
0cbf23
0b62cf
0bb08d
08dc44
067c83
09a8d1
0c1f81
0bd4d8
0bf4da
09244b
05ada5
079c06
08d0be
072910
0a1dbd
0c5c0e
07342a
040bb4
05fb18
058da8
0543ff
085a42
08cdb7
05faa7
041ba3
02a85c
01f7f5
03c17b
05aced
056f09
03a094
018aeb
0088d9
00c256
019e9b
02ad70
024660
0056d4
ff4dc1
ff0614
fe94b1
ff22d0
ffb9ce
ff395e
fef2a5
fdce07
fb9a26
fbe988
fd8d33
fd1f52
fc8a88
fc4f72
fb3fc6
fb5a3e
fadc2b
f84eae
f99acf
fd45b6
fb4815
f83470
f960ef
f8b55f
f6e23b
f93c7a
fa20b6
f75e05
f780da
f8de6a
f78da5
f70c3f
f731eb
f5c595
f63b22
f848c4
f7709b
f562fb
f53f34
f5a557
f5c008
f6233e
f661ca
f6497f
f5e40b
f4d191
f3a0b3
f40ef4
f65fe7
f73a90
f4e643
f3caa4
f5c973
f60413
f3ba98
f36bab
f53abb
f6aca2
f6a6ce
f4b226
f3a2c2
f5889b
f61841
f4771b
f596a3
f7ede9
f744f6
f5b66c
f4be2b
f43c73
f6e57d
fa8ce3
f97860
f63a25
f636b3
f7dfbe
f888f2
f8c83b
f90e90
f94fa6
f9ed34
faf8e8
fba094
fadc7c
f9fef7
fb4bf4
fd5864
fd962d
fc8b48
fbc8ab
fcd37e
fff4d7
020ff1
016d58
ffedf0
fe3244
fd88a9
0087ca
045f8d
0545cc
04c5e6
035591
01519b
02cde7
063631
068c59
0669a5
07aa84
070061
064ba4
07aed7
07d9ca
07e5a7
0a3271
0b1c1a
0a82ef
0b5ff3
0b06de
08d832
08f9d1
0b53f6
0ddf39
0f8ba6
0dd6fa
0a93e6
0aae0d
0cd0e5
0e325b
0f6367
0f0a38
0d4646
0d5bb3
0dccef
0c9c41
0d82bf
10b2b0
112f7b
0eac3c
0cb3ee
0c6f42
0d4005
0ea2f2
0fd7df
0f6bac
0d7a99
0cf8a8
0dc8d6
0cd81a
0c87d8
0ed901
0e7e08
0b8201
0bbf07
0c8152
0ad1ec
0b9135
0d91ea
0c287e
0acf38
0aafd5
08af2c
081e28
0a2745
0a2d8d
097d55
099ef6
0750cd
05a471
07dd94
084ec6
060a7f
05f0f2
05e5da
042fcc
0485b5
055099
03bc13
035fe4
04880e
02dd44
00305a
00b9cc
025018
01a1e3
0010c8
ff593a
fed6f7
fee001
ffaade
fec59c
fc8d33
fcc367
fdbf51
fbf667
fa8937
fb63c3
fb5553
fb1503
fbca86
fa40dc
f7fe28
f88e80
f8d622
f78c68
f79a7c
f7e6e8
f7fabc
f902de
f72796
f315a1
f409ca
f76b96
f67ff3
f50279
f59ee3
f4a9c1
f3ae99
f4786d
f3a034
f2c127
f4f51f
f5e621
f3833b
f21e97
f2ad9d
f30657
f2fb06
f2df27
f361df
f4b7b7
f45f77
f20b3c
f196d6
f34e52
f3c640
f3906b
f4b0d7
f4c5d5
f2b509
f256e0
f49848
f5ec2a
f5f55a
f6334e
f56795
f4125b
f48d99
f59da7
f689ae
f8d890
f9d3c8
f770f1
f64ad4
f80084
f919aa
f9bf2f
fa8c4e
fa2e04
fb0ba3
fd22af
fb7443
f8c38c
fba98a
00318e
00838f
ff2708
fe844a
fde902
fe39b9
ff9ae4
00fc37
02764e
038114
03bb0c
040813
039684
01f784
01d811
046629
078452
08da79
073818
04cca2
05986f
087c51
094c58
0875a3
089c2e
09c143
0a5f8a
09657e
0858e1
09f62c
0c8f16
0cab21
0b890c
0b4e21
0b6870
0ba9d2
0bed8c
0c11e8
0d5fc0
0e057a
0b81d0
0abedf
0ee5aa
10bcb7
0d2046
0aa310
0b5c6b
0c861e
0e5fa6
0f6db2
0d5dc0
0bd666
0cce47
0c24ae
0a952a
0cbfcc
0fa92d
0e219c
0ac6c5
099f1d
09e4f8
0ab6e5
0c4970
0ccce0
0b54cf
09f4ad
098be1
08fbb3
08890a
08b441
08c337
08d19c
09000c
07cb8f
055978
048ab5
066b89
0858e3
073f97
03dba5
028ec3
044c0e
046d20
021dbf
01e674
0375f4
02d117
00eba4
fff2ee
ff5b10
ffdc04
01026f
ff81a3
fcc0ef
fcf3d4
fdf9ab
fcae74
fbc5fd
fc9c33
fc56f8
fa8d68
f97754
f9c4fd
fa77cf
f9d6ec
f7c233
f6f55b
f80b7f
f81e39
f6fd72
f6b4ba
f64a87
f4e34e
f46c97
f4f578
f4f768
f50a1b
f4d7b9
f2be93
f1080e
f27c25
f41b27
f2ee9a
f19b6c
f21242
f1f2ab
f06dd2
f00e56
f177a6
f24622
f17105
f07ff9
f01935
ef62bc
eed8ca
ef99d5
f0d76b
f1d53b
f2c0d3
f1ebf1
ee5cee
ec1b13
eeb20f
f32847
f4b15e
f2b533
efeb9f
eefcba
f04e02
f253cf
f424ad
f55745
f4c872
f2d5a7
f1b031
f1db86
f2e839
f5d851
f98e82
f9e29f
f6c5db
f51b71
f61fde
f721a4
f8d7ad
fc2d7c
fd076e
fa6285
f98ba2
fb7b9a
fcc1af
fe59ff
011c99
019233
ffb31a
fe78ad
fe5670
002c4e
03baf0
056190
05ea5d
079499
06095f
01f6e3
039f3d
08e0cb
0a447b
0a3c07
0a5e0f
0811be
0819e3
0c4383
0d5f07
0c5d04
0e5e49
0eec8d
0c43c7
0b9108
0ce257
0f7382
13145e
11c269
0d48cc
0fa658
13e322
10feff
0f2bdc
128704
11d1ff
0ef6c1
115d6c
13e752
13ca4d
151425
13efec
0eb4c1
0dc692
11c2b0
13e402
1475d9
14387f
10fcf5
0e9df0
0fc70b
109544
11df9b
1517ad
137f39
0d1e28
0b7be6
0da95f
0daa39
0fc32c
13ec7c
117670
0b9211
0ad521
0b31bb
098a7f
0b1392
0e08fe
0da4e9
0bac83
080e6e
0419ce
06d270
0c9ebd
0b91ce
0771ef
059210
02bfee
0243b8
065c0a
06372d
0320d6
058824
05e77c
ff4733
fd4e4d
015713
020b58
011fdd
00bec7
fd622f
fbaf0d
fe7a08
fe703f
fbf4a0
fce28e
fd5c71
fa8f9e
f8f71c
f8dedc
f91cae
fb44ec
fbbac4
f7881b
f4fa21
f75db5
f8ccea
f6d6e4
f550fd
f580bb
f5c0fd
f59f41
f536f6
f48c63
f4434e
f4437b
f3862d
f25de0
f20841
f27d11
f36617
f45215
f39faa
f16385
f06145
f115b6
f1e6cc
f29fae
f262f5
f08b58
efd413
f0da45
f0dd3e
f144b3
f4195e
f526a3
f18789
ed54af
ed3cab
f16c61
f508b2
f3c3a0
f1be4f
f3b08b
f47c19
f0f5de
efe71b
f3c094
f6a1e2
f5e248
f334c7
f1196d
f2d433
f72c23
f8941f
f726a2
f75fbd
f855ee
f6a1db
f4822f
f643a3
fa70b6
fbe50b
fa0508
f9352e
fb6a8a
fd89d6
fcc65f
fb5e6a
fcacbc
fe4732
fce1a6
fcb2de
005062
01a3af
000916
01b92a
03d7d3
01943a
007258
029f2a
03724c
0462ba
063526
0490b6
038575
07f755
0a2d84
068832
053a41
081243
0970a7
088cef
07a8ce
08caae
0c6994
0d57b0
08fd91
073b4d
0c3c09
0fc0cc
0cd096
09f36a
0ba71c
0d0ff5
0af640
0a78b7
0ef3e2
1315c5
11b7de
0cb097
089bdd
08b48d
0d0523
117583
122b06
0fd7d0
0d8618
0c6861
0b6bbe
0b499f
0ebb12
127ec5
102afb
0b76a3
0b46fc
0bde72
0a8a83
0cf1de
11393a
0fd126
0b88cf
0a27bc
09f084
096f6c
0a0b28
0b7a76
0cfa71
0cc8d6
092f4d
05e8f0
072210
0a1411
0aad97
08d7fa
063104
04eb3e
05d2c4
069e47
06300f
05f2e6
05ec85
04babd
026bfc
011b83
028a30
045322
02cad3
fff6c3
fff288
0141cf
008130
fe970b
fe000d
fe84d5
fe2397
fca42f
fbf2c0
fc9256
fd2fa1
fcd2d8
fa87d9
f76314
f785eb
fa9610
fafcd4
f87b0d
f755ff
f74024
f64c58
f5a386
f5e67f
f651eb
f66855
f53e5b
f30538
f1b50a
f23cf8
f3da6d
f512be
f49984
f2f9c7
f14d52
efd0e5
ef955b
f0bc43
f11e7e
f0ee6c
f1bd6c
f1c97e
f00408
eed314
ef33a0
f03fdc
f12c9a
f0ad3a
eef331
edf94e
ee4312
efbf32
f21933
f31569
f20c38
f08368
eeb221
ee5f3c
f1b09d
f42272
f1a882
efa432
f28cb7
f5dce4
f54134
f3204c
f36c01
f57101
f5b946
f4e513
f5d806
f7371e
f77039
f80ad8
f8cc22
f99a6a
fc35c0
fdb61d
fb0ce8
f90f23
fb1549
fd51b3
fdf06d
feb6e6
00468c
023dd2
02ef2e
016c47
005df3
014ad1
02f44f
052d46
06f92a
0685f5
051cc4
0498fc
0615c6
0a2250
0c9216
0a6bdc
08eaa3
0a079c
09a57a
099514
0bfe5d
0cfe65
0d72f0
0fca04
0fdac7
0dd953
0e35bf
0eaf42
0e0f6c
0f5796
106131
0fbad2
10c4bd
12b4e6
137989
134ed9
102c4e
0cd988
10090c
14f5b3
1435f5
125642
126180
10d0e3
0fb31a
115c2a
12a8ae
13a5d1
1507bf
135b3e
0f228e
0ccf5f
0db586
112985
14b8d3
14afa9
11f1ec
0f5ce4
0c6e8e
0a6cd4
0cf072
118c3b
123c59
0f0b90
0c3ba6
0a8e45
09779d
0b606e
0f1358
0e2384
094684
07c1c3
08e7a4
07ffd1
07572a
08e914
09aea2
08b622
0660c4
031478
021a11
04173e
056ca5
056a51
044b32
015e20
ffe257
00e447
000db0
fe9fc8
003ebc
00d6ad
fe44ef
fcf3fc
fcd19a
fb925f
fb7833
fc7168
fb9119
f9e33a
f95224
f93c6d
f91ed4
f88a4b
f78ac4
f78404
f7c49c
f66248
f4f4df
f55dfe
f59739
f42e8a
f34d48
f46d05
f5abc8
f4dd4b
f262bd
f082c9
f14223
f3a72d
f384ec
efc31b
edec30
f1713b
f4eb26
f2cfbf
ee6f69
ee7091
f21a0b
f25f68
ee3682
ecad3c
efa7ec
f1bb75
f1c434
f1ce32
f0c216
ef988d
f08f43
f0b4bd
ef0ad0
efc7cb
f21ba4
f21df2
f16f85
f2152b
f2b7f8
f36c75
f433e7
f362bb
f1ded8
f2306c
f4a536
f7630d
f76901
f42740
f2660a
f5e315
fb35f1
fcaccb
f999e3
f6a6b6
f72bc4
f8ab74
f8f433
faee57
fef86d
003a3e
fe0e04
fcb5ab
fd1b91
fda5e3
fee49a
0100f0
022c5e
022650
0223a2
01ccdd
017818
03b9a4
075551
072126
0477af
0538d0
073780
05c534
04f1bb
0856f5
0b4006
0ab266
095c95
0908c4
09dfa7
0b6670
0bfb92
0b62e9
0a6777
0984fb
0b2177
0f9b1b
118496
0ea76e
0b8f57
0a6035
0ac15b
0e1947
11ae40
107314
0d46c4
0d4081
0dd05f
0c53d4
0ca1a3
10b4c2
1397ac
10a107
0aafb6
08babb
0bdcad
0eec21
102497
1122b1
0feddc
0bb6e7
094187
0a609d
0bec6e
0d5bad
0e9fe0
0ce205
0922de
07e4e7
0962fb
0b19e1
0c0365
0b4b8a
090eeb
06e606
058107
059b52
07867d
0884d6
0776c2
06ef0f
060bda
02af50
00f777
03ac8e
05efdc
04a842
022dd7
ffef03
fec571
0000c6
019dc8
00fce4
ffa8dc
ff54aa
fe608c
fc33de
fb5c47
fcbf67
fd51c0
fb64ee
f9ceb0
fa824d
fb6545
fae05a
f99406
f7f3b9
f6dd62
f742da
f7b9c8
f71145
f6b6d5
f6db91
f5b4c5
f3ee52
f415e4
f5f3b8
f6c2bc
f4ff33
f23130
f11fbd
f26920
f3d607
f3a8ec
f2a0f7
f1f59c
f1bf07
f1ee43
f2728b
f28bbe
f1bc07
f0a954
f08130
f1c6b4
f2c06f
f107b1
eed13e
f0ca3a
f525b2
f59194
f1e36a
ef867d
f0ce2b
f34b19
f3c54a
f210f4
f1d401
f4b662
f6ee68
f5c03f
f3a691
f38687
f54a44
f70988
f75893
f76d79
f8aef6
f8b98c
f5d6e6
f48f67
f92905
ff9dd8
00f6ce
fd2792
f9698d
f83b99
f93caf
fcb933
0114bb
028c3d
017ba5
00f8ee
00765d
ff3868
000664
034713
05ab0e
05d56f
047c85
027918
024d57
05b1cb
099540
0a6a1e
0982e2
092330
07e2f1
0565ad
05b13b
0a204b
0dd226
0d7a34
0b7968
0ac00d
0bb344
0cea33
0ccc3a
0c314a
0cd9d4
0d72ab
0c9736
0c80b4
0ee4fa
1172b6
10b8df
0cf88d
0b3b65
0e4a42
1139b9
0fe90b
0db5f1
0d9d0b
0e0e8b
0e4a48
0f0f3c
109a79
121685
1067f5
0b6c77
09815a
0cc1a2
0f6b91
0fd65b
1067e1
0f42d8
0be77e
0a638f
0b58e8
0cb53d
0e05ed
0d9d4f
0aef41
099a69
0a7afa
0a7fb6
09f10a
0ad59b
0bd78d
0af224
081f5d
0546d5
05516c
07faaa
099167
091480
07ed2c
058ef7
02a8a4
028e26
053005
070588
066a74
038fb4
0009bf
ff69a6
0206e7
037c1f
02936e
01f2d7
00d873
fe0456
fcea4d
fee435
ffea8d
feaa0b
fd89de
fcd141
fc309c
fc8a5f
fc6bc0
fabc01
fa542b
fba53f
faf73a
f8d62a
f8f1bb
f9a923
f85155
f77eaf
f87851
f8528d
f71016
f6e9d8
f6f3d3
f65d02
f652bb
f60390
f495d4
f421b9
f54313
f5e67f
f56832
f45ee2
f34285
f323ae
f414ad
f4c81e
f4da5a
f447da
f2d73c
f18ef8
f18b9e
f2db29
f52146
f681e3
f52697
f2ab73
f13c2c
f135f9
f3626e
f63c12
f5a7b0
f33b5d
f3b662
f504a9
f403a2
f3ac30
f57619
f704bc
f803cc
f7ca16
f4bbe5
f20f46
f3ec4a
f875dc
fb9c07
fbcb16
f9873e
f71d0d
f681c3
f783f6
f9a14d
fbf749
fce328
fca287
fbf1fe
fa5229
f9cece
fce4c3
008acd
010f7e
ff8449
fd6eb4
fc02cb
fda105
00e5f3
0243c7
02bb5c
03a507
033443
020958
01acc8
010c44
01ce46
0594f1
076e3f
053623
044b36
05adfd
05fd65
069e37
08660d
0801bd
05f4e6
0591dd
0716ad
09a7e1
0b5e89
09f3cb
080f79
089208
08fab4
092b8a
0b9848
0cb786
0a0fac
08650e
08f958
09152e
0b0a2e
0f464a
0f813c
0ad2d1
07abec
088bd3
0ab57c
0c0a18
0c6ffa
0cdddb
0d090f
0b655b
096ab3
09e083
0b54c9
0b8295
0b75d4
0b3d4a
09a3cb
08bb95
0a296e
0b0cb9
0a0c7c
09df0a
0aa1e5
095fc0
06d8fa
0693a2
08757f
097e00
08afbe
074306
06178f
058036
05f741
070c11
06c9fd
04abec
033b6f
03a098
039476
02b3ca
035612
045be0
02ae04
ffee05
ff9bad
00f1b9
015a1c
0040b0
fe5dd0
fd0551
fd6c8a
fe928d
fe46cd
fca15a
fbb4fe
fbd416
fb0eaa
f959c9
f9417c
fac6d1
faa62c
f86508
f7012a
f73c72
f74ed6
f73093
f7cef6
f7cd67
f59564
f30192
f32179
f564a5
f65b7d
f4d9ac
f32519
f30d83
f382f3
f2f5f3
f24552
f316e5
f43683
f33420
f0f3b8
f082c1
f22e83
f36a9d
f30cad
f29127
f2eaf5
f2f9e9
f261e6
f25624
f28e06
f23984
f2a795
f40fcc
f4921f
f4cc84
f5dcd2
f5500f
f316b8
f38157
f67969
f7c753
f77915
f7878e
f6e566
f5cb30
f71b4d
fad0a5
fd2b6f
fbc4d2
f90b2e
f9309e
fb4a35
fb70eb
fb44eb
fe2be2
00e547
000078
fe6fc8
fe7306
ff071c
008b73
028d99
02dd6d
0247b7
022f49
01c8b9
028847
05dbf8
086f81
082639
068937
040fdc
02d8f8
063501
0a6488
0a61b8
095e7c
09c45e
08e2f6
088b13
0b4f86
0cd805
0b3a22
0a424e
0a0fec
09b8d8
0c3099
103d69
108b9d
0d7f40
0af809
0a2bd5
0bedd2
0fc70f
11564a
0ea188
0bd7e6
0c1844
0d9a57
0ec650
104fab
117786
0fdcff
0c284d
0a52e9
0bf1dd
0e909a
1013a5
1080d7
0fc0aa
0da2f7
0b8d37
0b2510
0c1d91
0d396a
0e0cca
0e05be
0c5405
0a0fb9
0974df
0ab5a1
0c7419
0d7e5c
0c41a9
089d95
060bec
071c3b
09668c
09f8fb
099050
0944d2
07c394
04b812
034786
059406
084c8a
074a26
040380
0253f0
0298d0
0354d0
03cf02
030f1e
013ddc
009562
0167e2
016fdf
004118
ff4ad0
fe9f22
fdca9f
fd51af
fd7591
fdd004
fde02a
fd26ef
fbd634
faac2b
f9cc6c
f97d52
fa4ab5
fafb17
f9f14f
f865e9
f7f9c8
f79c32
f6c2b4
f6fe12
f7f59f
f78925
f672af
f68227
f5d6d1
f2bf4f
f11e5a
f45c22
f868bd
f7f15f
f43fc9
f18b64
f1569e
f2d134
f40103
f3750c
f2b6b9
f364a7
f3d09e
f2d108
f21f63
f26629
f2b10b
f35d5c
f4988e
f463e3
f1e246
efeba5
f16eeb
f4fc9c
f6d7c0
f60e4c
f432a5
f2b7d6
f3366b
f5ada7
f6ddfd
f57e09
f46dec
f50136
f683f3
f908e6
fa8125
f8bbd2
f7040f
f812db
f8ed96
f872f4
f926dc
fafb91
fca326
fd815a
fc4780
fab2f8
fc611e
ff0d65
feee04
fe0f6f
fe565d
fe7c4f
fefb5c
00364c
012332
02c761
04a605
03a1c1
013535
00b467
01303c
02b8a9
061924
07370b
04eb7d
04ab65
06ca3b
0710f8
067ec6
066b50
055b05
056753
07ea72
0912f7
08e4ec
0a745f
0adf92
07df08
06102a
07a3cc
09bc37
0b24b5
0b4712
096e7e
083c66
094b6e
0a2f78
0ace5c
0c9655
0ca012
0963b1
071df1
07ee13
097fe6
0b1e49
0ccafd
0cd3b8
0b4475
0982f8
07b9bb
071d70
08f9dd
0aec2d
0ace69
09e702
08e2ea
07d72c
084898
0972c2
0921ca
085bc5
07b132
05ec59
058057
07d551
085b10
0651e6
065ee6
074ec0
058342
03a117
03c343
042efc
05156f
05afe3
0377c2
01243f
01efea
03186c
030ebd
02eb8b
012fb0
feca36
ff615a
00da0a
0038d1
ffdd27
ffbcf0
fd92e4
fc34e1
fd740f
fe4c3d
fe1358
fd4935
face24
f93a9a
fb1595
fc89f1
fb4d7f
fa1b20
f98226
f8e91f
f90074
f848ac
f6c23e
f7e882
fa5ad5
f978fc
f69f32
f4f488
f44b2f
f57061
f85b7b
f8f324
f5f680
f360f2
f39682
f56930
f6e6dc
f6fc30
f606f5
f464a5
f26272
f26ce0
f595d1
f83e39
f7bce1
f58c61
f3d5b2
f431e5
f5b89b
f514c7
f44e12
f7f587
fb16bf
f799c4
f35cfd
f443df
f7403f
fa5be8
fcb0b6
faa66c
f6ee77
f6ed4f
f7a351
f7b0d6
fc0b21
012ebf
ffb729
fb9640
fa3455
f9c2c1
fadde9
febfda
012bdb
01090c
00da1b
ff8633
fe46ff
00b8b2
031a88
01e9f8
01d034
03995c
02c06b
019dcc
0401df
0692c4
06b6d0
05fd96
054f5d
05b0e8
06e026
05f91d
04a589
070c0a
09d023
08ec3d
082476
09a88b
0a6498
09d5eb
08aece
0682b9
0630f3
096d5b
0c2fa2
0cddf8
0d6a39
0bfaa8
07d6aa
0638e7
091b5f
0c3286
0ccfd5
0b8323
09b2a2
093690
09dbe4
0a1e26
0b5f11
0e2156
0ded35
08a3c9
03e378
0565ef
0b3552
0ea63c
0cf16b
09f540
08fe2a
085ba7
0735de
079b02
08ef9a
091397
08e719
08d2fd
074340
05e192
079893
09f2ff
08f7ce
06041b
048357
04a0d1
0522dd
05d982
0683fe
06a056
064fd6
056040
036f79
020588
02e369
04aa88
04cfb6
033a99
019d0c
017e06
02be99
030c59
01a0ff
0100df
0170c5
007e22
ff6a25
005f5a
00d002
ff5638
fec775
ff22bc
fe54a6
fdf487
ff0cab
ff0e3c
fd447e
fbba22
fba0a0
fceca4
fdf15b
fccea6
fb2792
fb0677
fb0858
fa9ccd
fae79c
facbec
f9f58b
fa405a
fa6375
f8bc35
f8423a
f9c59b
f991f2
f7c6c2
f7a122
f87daf
f86e8b
f81968
f83d9f
f88243
f802a5
f64a58
f55ca3
f6c536
f80ec2
f7ef52
f881a8
f8bf3b
f64f92
f48513
f689d5
f8a8d5
f7a5ed
f67162
f7e7a5
f9c579
f87923
f52892
f4d02f
f88c2d
fbe5eb
fc1312
f9f402
f678fc
f42c1d
f68769
fb9853
fe3b06
fdb01e
fbdc05
f992fc
f8638d
f946cd
fadf59
fcab97
fee4ef
ffadfb
fde579
fb8ce1
fb3941
fddbb4
011d00
00f91f
fea44f
feb614
ffbe59
fe8699
fe9693
024322
0502db
0475a4
026ae1
ffdd94
ff0739
0196ae
03f3df
0443f7
0548f7
05b838
037e3d
02dc58
0544d7
06204e
055570
0527c3
03e5be
02cc44
057549
0906fc
099d7b
0851fb
05bbc5
02f9f9
040ef9
07d036
08ea2d
07a0c9
06adb2
05ee9c
0621e8
07acee
0896bf
090dc4
09313f
06448c
0280f3
03ae63
08162f
0a601b
09f597
07b107
051ad1
05688e
071523
062e42
04f819
062ea2
0703fe
0629a4
0549d7
049803
051e9d
07717a
07c13f
04816a
01c9bb
01bcc3
03341e
052c4e
05adc2
044fcd
03d189
03b0b4
015d5b
ff8fd6
012b7b
036162
03b36b
023b46
ff44cb
fda447
ffc642
0218ed
017706
000c91
feed19
fd51d4
fcb817
fd70aa
fdeb48
febf2d
ff475d
fcad76
f972c1
faad7d
fdfcce
fdb2c7
fa624e
f8509c
f938b0
fb7e19
fc01ff
f9cda6
f7ab1a
f7dc69
f94f99
fa06d7
f8e365
f671b5
f58e8a
f7a8a8
f9afe5
f8b684
f63868
f4ee50
f53f9b
f620f8
f6b76c
f71db6
f7a56e
f74398
f52e4d
f37087
f43cf6
f667d5
f7aa59
f7706e
f62188
f4eab9
f54478
f6788c
f6b45d
f6abd4
f79c16
f7f0f5
f6bf1f
f62867
f6f7c4
f7929b
f84047
fa13f7
fb21bc
f9d046
f85d1d
f8bfc1
f9d6cc
fa76f2
fac35b
fb3d0f
fd05e6
ff781d
fee3e5
fb4f78
fabd02
fea735
00de75
ff4b20
fea72d
004262
0118c4
00ffa6
01ce4e
034d92
042ecf
03a889
025d20
0256b5
03c52a
04a020
052363
06f455
08b49a
085044
06ab57
05d1f8
069d53
08051a
083b8a
0826e9
09cd0e
0b15b2
09c0ab
08da66
0a7a2d
0bf8b7
0c05ab
0b389b
09488a
082aa6
0a0a11
0c7db7
0df80d
0fa866
0ecdde
09e717
076d46
0a7415
0d1e6d
0cf78c
0cf1a0
0cfb65
0c1b45
0b66a9
0acfaf
0b109e
0d7d73
0e9cb3
0b74f5
08350c
085294
09eb14
0bcb80
0d4cd2
0c8270
0aa6eb
09f2be
08ca93
06b012
065620
081b19
0a5b18
0b810f
09274a
04d950
0496ad
080c4a
08a36b
05e9cb
0471b3
04a96f
04b336
0446c5
03a6eb
040afe
05b631
055f3f
01e00b
ff662c
001175
018ada
023ff9
01c77d
0016e8
ff3c3a
00081d
ffd0a3
fe2416
fdb881
fe2d56
fd3f3d
fc2b6b
fce7c3
fddc66
fd1a2c
fb9122
faa89b
fa4722
fa385c
fab82b
faf27e
f9c11a
f8223c
f816a6
f976a4
fa6560
f9a7b7
f76e26
f5762c
f5a666
f746c8
f7f99e
f75502
f6b427
f6b7b9
f6e195
f62676
f46829
f3da91
f5a84f
f6b16c
f4a3c0
f2f196
f5230c
f85eea
f7abd8
f368ff
f11804
f3d4fb
f74161
f5be43
f23ff5
f3a836
f8170b
f844e6
f4b8e3
f3726f
f513ef
f678ac
f6cd93
f63990
f5330d
f586ed
f73298
f84e6e
f90d78
f9deb6
f93b9f
f7a7ea
f7313c
f73651
f77cac
fa17e1
fdd1be
feca6a
fcc4ad
fa4bb9
f97173
fb4cfd
fe05f0
fe80fe
fdd33d
fe9575
ff6b50
feeb0e
ff1789
01047f
02ceb0
02a6f1
012948
009704
0131d2
010d27
01ac04
05b7b6
090648
06db37
037267
039b09
04d50c
04e798
054d54
068c0e
08529a
098f66
07faf3
059c4f
07153a
0a3c0d
0a3278
086edd
0785f8
06c70a
07193f
099d75
0c2bf6
0cf7e0
0b84bb
07f97f
060f33
0880a7
0b00fd
0a53e3
09c977
0a8bdd
09ffb0
08dae3
0932e4
0a6866
0b6521
0ae909
082158
05f3c9
070e75
0931a1
0a4465
0b0262
0aa6c7
085d39
067022
0656a5
06a959
06948d
06cce5
07daf3
08c812
0769d7
04613b
03d951
067578
079a41
056548
02ed2f
028b8a
03a1cc
045820
03c6fb
035ea5
0402e3
0399df
0178d1
001b8c
001406
00054d
008001
016a7a
00c1bc
ff3d19
ff24e4
ff50fa
fe0834
fce7f0
fd2e93
fd37cc
fc33bb
fbd0f5
fceab4
fda282
fc12cd
f95c77
f85565
f9a2d1
fb219a
faf88d
f97d33
f7ea51
f6ef3d
f70b75
f854e0
f94e66
f877ec
f6d682
f5bb4a
f4a11d
f41707
f5b518
f7c139
f78db2
f64177
f527f3
f32234
f17795
f2d069
f5712a
f66f1b
f67234
f5f5ee
f3cb75
f13f52
f12cb3
f3db96
f722c0
f7edf4
f4ae04
f0b844
f10bf7
f51d36
f84bc6
f89729
f6fd62
f4b664
f30c07
f2ed00
f46e44
f794ed
fb2c37
fbf32c
f8debe
f563a7
f4d7fa
f78208
fbeb23
fe915c
fbff45
f705ff
f67f52
fb6363
00418e
017ecd
ffc015
fd569c
fc5b1e
fc8ab6
fc767d
fdfd17
02ec75
06b25c
04a45e
00692c
ffaaec
01c25a
03ac66
04df63
056b0c
054365
05256e
04f81a
047545
05b988
099f44
0bc9bf
091af0
059703
05333a
062bea
07712f
0a8a68
0d104a
0bb54b
0958ba
09601a
0a029f
09d588
09eeea
0a2950
0a3f7d
0a8893
0a9cba
0bc83c
0ea455
0e3e5a
08dafc
061581
098652
0d0738
0d4031
0c2a07
0a635d
092720
09dcc4
0a74ae
0afa96
0d9851
0e30fa
0913e7
046b78
05c977
0a0db3
0d3fb8
0e008b
0be376
08efbf
06b761
04c0ef
054919
09708b
0c0750
0a8d73
088968
068ac1
041787
04db9f
08b196
0a4ac7
086acf
05530c
02b610
031562
05e25b
06e56e
06b269
07ccba
06aeec
01d95c
ff1f77
0124a6
04ad62
0708e1
05e6c3
018a06
ff9d54
01d9fb
02e187
01b3de
0193e7
011263
ff0939
ff05bc
00f59c
01184e
fff702
ff784e
fe7c08
fd28cf
fd1eae
fdaf54
fde806
fdde0c
fcacaf
faec86
fb68ea
fd8140
fd750d
fb0531
f90ae4
f89985
f92441
f9de7b
f9edc2
fa0ba3
fb1ba0
faa521
f6c1ce
f39d60
f5a0ac
f99cc3
f9c133
f69b33
f528a9
f6a0c8
f773ba
f5fb91
f50cc1
f64531
f72be6
f5bdd9
f33ca1
f2344f
f47627
f86ddf
f9468a
f605a1
f39d45
f3e447
f3b24f
f354fd
f586b8
f81bf6
f7aedd
f58b14
f451ac
f4bab1
f69b5a
f89e84
f90f09
f7d6a3
f565aa
f2e8f9
f40265
f9fc4a
ff1de1
fdbfdb
f87250
f552d2
f64a5c
f96635
fc107f
fc6c77
fb7841
fc3446
fdce29
fc5ae7
f9ae89
fbce9b
012e85
022f4f
fe0d6d
fad546
fb96d3
ff15b8
02ecb9
042a31
023b61
005a09
0092aa
0147f5
010d36
0102ea
02bbd1
0544d1
058df4
0356ed
0266ef
045e75
066bdb
065b2c
04d913
03b313
0415ec
05367d
064aac
0878c3
0a581c
081f8b
04284f
03f547
062767
07a776
09cac9
0aedbf
07d6e8
04c3d7
05dc28
07c03f
091bd0
0bccbf
0bf71d
06e5e6
02eeef
04b77e
08d87d
0bbf14
0c7814
0a921c
077d33
053650
048c35
06c14e
0aa406
0b40dc
084b29
06f3b0
076bd2
065727
05eb6f
0880f0
09b763
07263a
0516e1
058283
05d852
05f193
072b6f
07d749
068292
04ca3e
03b47b
0300d3
03a7b2
058b3c
05a802
033c0d
0213c7
03cafd
0480fb
02068d
003088
01b51d
02d81f
0076c3
fe3348
ffec8d
02d0ac
0240ed
feb7b3
fc03fe
fc5908
feaa80
ffd793
fe0560
fb67fc
fb380c
fc7764
fc07bb
fab702
fb6e04
fcb04f
fb01e2
f794a9
f6232e
f79df1
fa8c08
fc065b
f97164
f59d80
f59615
f72ba6
f5e68d
f4e7ef
f7620d
f8ed0d
f6ad52
f3ebd1
f32001
f46773
f6a747
f69f77
f427e1
f39f3a
f4f2cc
f47f50
f3bfa1
f5006f
f5f25d
f5a464
f527c9
f3b560
f2a2c7
f492ba
f6e3e1
f67c33
f577f1
f57637
f60d5e
f7b6d0
f8710f
f61482
f4d083
f771bd
f8f12b
f763b7
f7c2d9
fb09dd
fd4bb6
fc9bef
f91516
f5984f
f7e225
febc27
00eb77
fc9ff7
fa62b1
fd59e4
ff7e36
fe5310
fe4b17
015385
031118
0024c9
fc56a1
fd8f74
028554
05385f
050c1b
051e48
04524c
01a6cd
013a5e
03f1f5
052ac1
0515cb
0727f3
086b20
05b4f9
03a4b1
05bdd9
08a69a
09a9c7
09410e
079571
05785f
04cf07
066c5a
0a1009
0dcaae
0ddbbe
0984bd
04ec39
042a49
07ab99
0c2a0b
0d39a8
0adb32
09724a
09e97b
08ce38
0662e1
07a26c
0d927b
10fe31
0b9af5
03340e
02de19
09f8e2
0e8e97
0da616
0b92ec
09c1e5
0754e0
058e5f
064978
097def
0c5a42
0bd744
095c0b
07abbc
064bad
0609bd
08b3d6
0a6007
07d8d5
05fe97
0776db
07d741
065231
06154e
06d44f
0758ff
0772f7
05a996
0313e4
0342c4
054681
05f719
05a0ce
04f907
03c82f
031e0b
02eddf
022464
01dd31
02a429
02c25f
0207ff
01a18a
019a1c
01815c
007e9b
fead2c
febb6e
00b1af
005a94
fdcfa0
fd44e1
fe2a38
fe31fc
fec8e9
ff4676
fcbb82
f97f8e
f9aad5
fbc8f6
fcc1b1
fc623b
fb5edf
fa94bc
fab9ab
fa6f43
f86268
f689fe
f7723e
fa25d9
fb3570
f8f03b
f5c735
f5aa84
f87c8b
f9d836
f7a75b
f53363
f5655c
f6578a
f5b185
f50f44
f68985
f8b834
f8e234
f6abf3
f448d2
f3d9cc
f4d120
f558ab
f5e6c5
f78e59
f8769c
f71744
f5c416
f6701e
f75d14
f6dfb1
f6426d
f747a0
f8cdf9
f7e911
f59a66
f6eefe
fbdddd
fdc150
fab354
f7faa5
f7f240
f894ca
f98e77
fb44a8
fcaa72
fd92b9
fe2309
fda975
fca738
fc2120
fc1710
fd4e9e
ffdef7
00d52f
fefdff
fda360
fedd73
01489f
033ac9
03433b
012e61
ffd63d
00f743
0205b7
0198f9
020a99
042450
057a64
050024
046bb1
0475c5
03c72a
02af21
03689a
0505bf
04f114
0584fc
08e962
097462
040f0d
00c887
0488a1
087d03
08293b
072e14
06f56f
05c136
045357
03d775
0533cb
09cfe4
0d9584
098d8a
01424b
ff73ef
050c24
09a3b0
0998a4
086710
086112
07211e
03034e
00d86c
05432d
0aef8d
0a6dec
062ab6
0368bd
022ad5
0318be
0722a2
094e0d
06ac42
044277
0450ed
0360d5
022233
03f588
06da5b
06d9f6
041118
016199
011fdc
030a77
04d2ff
04bd3f
02a414
008ab5
017550
036800
015838
fe6f99
013755
04e488
01d8aa
fd0b58
fdce34
01253a
01c0fa
ff86e7
fcd12f
fc70cc
fec077
fffd3d
fe3fee
fc2fad
fbe12e
fce723
fd7e83
fc02f5
fa63c2
fb6d90
fc6a78
fa2a5f
f7fd18
f94df8
fc18ad
fd12b7
fa8bf9
f5fb5a
f4b5f7
f88529
fb4717
f8b97d
f5672a
f6d5e6
fa98fd
f9c76c
f479da
f2f3c1
f77167
f9f421
f72cfe
f4aa43
f4e15c
f5d9e1
f72970
f7f33a
f740f1
f70dbb
f75641
f57bfd
f37ba7
f4f224
f8079b
f9615e
f8b19b
f72faf
f6c6e8
f82a48
f9133f
f85793
f7971e
f7b3a8
f8f0cc
fb0680
fb3762
f920e0
f95693
fcec14
fedf76
fcedf3
fa1e68
f9a0db
fbe06e
fe2974
fe645d
fef571
0116c6
011423
fea6c1
fe5cdf
001255
009b89
012341
02ad6a
02c658
019947
01bb85
03218c
04d8bf
0661bb
060553
03d756
02de72
03be51
049c4f
05d1ed
07eeeb
08a36c
06f565
05a8f5
068f6f
080e49
085e41
07b748
06e69f
0665a9
071a49
098dac
0bd156
0af3ce
077254
0559fb
07136e
0a6424
0b9489
0a021c
0851a4
081db1
07cd4a
06df79
08593a
0c817d
0dc591
098d28
05144d
04c9e2
071dda
09ec0a
0c37ba
0bebd3
08f208
063a8f
05023e
054fe2
083fca
0bf738
0bf671
081e87
043648
02c47f
04fdba
097229
0b0873
08331b
057cb2
050b89
04bb2f
046160
057d60
078a94
088dbb
06865f
024516
00aaba
03d6f7
072e94
06b773
03f5e0
0243d6
030326
03db94
01f4e7
007943
032c62
051c98
01d5c5
ff1986
013591
03441e
01cfa8
ff51fb
fe376f
ff2100
00d33b
00c919
ff61e4
fe86cf
fd8dee
fca255
fd6817
fe61d8
fe1192
fe122b
fd793b
fa2e2d
f7bf8c
fa327f
fe90b3
ff83bd
fbdbbe
f724b1
f64b36
f9710d
fb4aa3
f984e0
f803cf
f9aac5
fb5df6
f8d0f7
f45fe9
f4a126
f8dcb1
f9fe6b
f7b96c
f7048f
f72778
f5c732
f52918
f669b5
f7fefa
f946c0
f855d8
f472ad
f29924
f57f5d
f8ab2e
f8e4b2
f74b7a
f60682
f742b3
f8d349
f673e2
f48c7c
f810d4
f9db39
f6c2e0
f79f18
fb7b7f
f980af
f6b9f0
f97f79
faacd6
f8b828
fa7ea8
fcabfa
fa6692
f90a9f
fa91b5
fbd538
fdf2a6
ff5779
fccbfa
fb78ae
fd8009
fcc5c8
fb5866
fee4e2
023171
0156ce
0016e2
fe393b
fc6b77
ffd0a3
03f950
01f49d
ffcd5b
021962
02c7b5
00ca07
00af04
0243db
043f7c
0577e2
039034
018b2b
02e0e2
03ca01
032687
043ff0
05242a
05379b
0790c9
0772cd
01a9c1
ff6df3
044d84
085295
0930a8
08a565
054aff
026a25
0389f3
04c2a2
0590ef
091950
0afb59
077cf7
0333ce
01bff9
03f829
09311b
0b43cd
07c387
05b198
065fb4
045f66
02662e
058590
0a353b
0bab27
08efa1
038fb3
011c8d
04474b
076be9
075d82
077437
08237f
071cb6
04a366
024d8e
02b377
06d711
0975f0
068fba
02ae53
023722
039c97
04e97a
055807
0467cc
03b4b2
044412
03cee8
0118f6
ff02c1
00d183
04bdde
04d9ec
00b421
ff3af3
01c26d
019026
fde275
fcb9c1
fee42b
00ab7c
008571
fe8292
fc0ff3
fb92f3
fca06b
fd3761
fcfeb9
fbe317
fa5632
f9d71b
f9b0a2
f8dfa1
f9800c
fb619c
fab763
f7dc58
f6693b
f68242
f6dbed
f705bd
f61722
f57efb
f77416
f88b50
f55f62
f24156
f33b6c
f599ce
f63ebc
f4a8aa
f2066c
f26009
f6377f
f6c46a
f28a44
f11c5e
f411fa
f5a493
f50aaf
f417ab
f20de5
f1483c
f44af3
f71a17
f6e00e
f5c109
f42764
f32d24
f5c3d7
f7b897
f45095
f300aa
f97267
fdf0a8
f90c82
f2ef1e
f483d9
fadf1e
fdd26a
fb127c
f887df
fa922b
fca50b
fab689
f9a07e
fd7d8a
01e227
01a77a
fdfb13
fb516c
fc55cd
ffecc6
02e346
03854d
02a448
01d8d4
01df31
0271f9
032d88
03dcf0
049a42
05e554
070b56
061570
03ef08
043ccf
075a4c
09b4a1
09089b
06df09
06d856
0951f3
09d515
07a763
079626
0973b9
09fef6
0b8322
0d806d
0a3b8d
055dab
074837
0c932a
0e3f43
0d04c8
0abbf9
089796
08c52f
09823d
09d30c
0cf0d1
0fbc65
0c72b7
07e02c
07e3f6
09ab50
0b31e5
0c9d2d
0bd643
0a38c3
0a1683
08f2f8
079902
09e215
0caff0
0c2484
0a2b98
079aca
0559d3
06bc36
09c3d4
0a4ea1
09db9f
091007
06d386
063ace
0798eb
07170f
066bd2
07a465
06d359
041993
040191
05eb17
077463
07c33c
04e528
0146eb
024254
0522c4
0473a6
0253dd
01dc2a
022ee5
02ce9a
03011a
01f303
015afc
014985
ffba6f
fe4de3
fee1f3
ff9269
ffcd96
0038c6
ff1c73
fcbe8d
fc4f7a
fdb5b1
fe03fc
fc5ac1
fa7dfa
fab794
fc3bdd
fb9eca
f9cda1
faa105
fbda33
f981b8
f74e95
f8ec22
f9a765
f68b08
f55945
f918d5
fb53b6
f7cd53
f42a3c
f55df8
f771c1
f639ed
f49d58
f597e2
f6c94e
f5e3f3
f483e9
f4ac11
f5da53
f66c0c
f5a1a1
f416c2
f332e4
f412d6
f6017b
f6b8ec
f5682d
f41256
f48f1c
f63cd5
f7a435
f7d9df
f5fde6
f2d0a2
f26167
f6e6da
fb7e14
fb2571
f878d5
f6c952
f4fbcd
f4ed1f
f9cfbc
fe7f34
fcd8da
f89a23
f72f1a
f8741c
fb705f
fe48d1
fe2709
fd109c
fdaa12
fcf663
fa8c40
fb46c1
ff11c2
018b3c
0215ee
016b7b
ff039c
fccc8a
fdf433
0220f7
0537fd
03f2cd
00d690
009908
02179f
021a88
02b03c
0566cf
068c42
04245d
012ef8
0182eb
05c5c2
091154
06968f
022b84
022b7b
057fbf
081dd8
085eab
05c4b9
03320d
046e91
071526
07b743
07cb8b
075651
04da06
036dd3
055391
079d7b
0869c7
08277b
06f3c7
060e8d
05e597
050323
04d859
0760c6
095837
07b01d
04e188
04176d
059a03
07c565
088026
07a23b
061c16
03c296
026432
04d122
0843fe
084952
06949e
05d6c2
04a6ec
032600
03f3c6
064f2f
06f59f
053f99
034aec
02df89
03e0ff
0555d5
063689
052867
02c674
022f7b
03235b
020b12
0094e5
032f2e
066552
043bb0
ffdef8
ff6176
0162d6
01e2f1
011015
0095bc
004ff2
ff6146
fe324f
fee14f
016d0f
01618c
fd1310
fa51c0
fc8484
fe9595
fd2d50
fbf477
fcb2e2
fc781a
faa542
f9f210
fb298b
fbb5f2
f98641
f7191d
f81c7a
fa561b
f9203f
f63cef
f68f64
f9b242
fb2df1
f804ca
f24215
f0883d
f5188b
f9507d
f8d090
f71126
f5c8a0
f34e9a
f19b25
f34df3
f68e1b
f83933
f6a2eb
f2bbc3
f0c9d7
f3118a
f65db2
f79088
f7137b
f60160
f4b90b
f38909
f37c49
f54dee
f6c0d3
f63575
f73f0d
fadf6f
fb0619
f60690
f29d88
f52e65
fb123a
fdfa39
faadde
f774f5
fa243f
fc8d1a
fa9636
fab5f5
fd5ca6
fdc9a6
fee2ee
fffbfb
fba1ec
f9327f
ff64f1
03d6c2
01e7e0
01dc75
029f21
ffc41a
fedc0c
012fdd
025259
044c34
072e7f
0639a6
036c40
025e26
029ab9
057700
08b0cb
06be2e
043b72
06af8c
084d37
06e57d
06e264
06617a
05a6b9
09d27e
0cf355
0823e8
03a34d
059542
08ba78
0aeef2
0c57f4
0a395d
071359
071322
07e725
07bd10
080d7f
094f5b
0bf5be
0d42a3
08a32f
039a8d
06331c
0ad534
0ab6c4
09cf6b
09acb8
079c30
064945
0749e2
084a11
0a48c5
0c82f7
0a3f15
053948
0303c9
045931
0841f0
0c2266
0b6d72
07e95f
0624dd
04a8d2
03d12f
0734a9
0a6b16
08675d
05b150
050214
03ef95
04bc51
085bb8
093706
0692e9
04d08b
03959c
01ef73
02bf6b
05e253
078c1f
063fa3
03be6d
029422
03055c
02ee1f
0294aa
037611
0327d8
00c327
00b4b4
034079
03539a
00ff13
00042e
000f01
ffaacc
ff5f92
ff0ead
fecdc0
ff392a
fecc59
fcfbb8
fcc8dc
feec9e
ff6e3f
fc3954
f8c472
f95f3a
fc99a9
fc9932
f9342b
f94251
fd2da1
fcb53e
f6b27d
f3f9cb
f7e510
fba72b
f9a675
f50940
f4ce43
f90a7a
f9f8cd
f5a922
f3f492
f7097d
f7e8b7
f5183f
f3b1d1
f49dbc
f609e5
f7952f
f75254
f4b93a
f397f4
f4c933
f56712
f62a71
f7d9b8
f68eb3
f277bc
f25246
f75716
fae3a3
f98def
f66c4d
f4923d
f447db
f570dc
f82f48
fb2ff8
fbf428
f9e092
f71c4d
f60bc0
f792c6
fae825
fd9033
fd3b9e
faa6d4
f90309
fa14e6
fc5303
fdb66c
fe78cd
fef1e6
fe04f5
fc6fbb
fc8a0c
fdccdc
fee44a
00fcf2
030585
017ba2
fe5678
fe8eb6
00f727
01b118
0178b2
021a77
028b9f
027329
035ab9
04b05b
0395f0
00bad1
011f9c
053b72
06ddae
045cdc
02f659
03f1b5
047f87
05848a
07883b
06ff46
04396b
0389fe
047415
0451b9
054b8d
08b7b6
0a0314
06e89a
04567c
055858
06473e
058a64
066a64
0874c1
0803f8
066044
062df3
062dac
06d328
09d830
0b140b
06d0ee
023c28
02fc06
06e5c4
09a3a0
0a2a3d
09361c
077fed
05a5ef
04a9a2
057e4d
073684
07fc92
078a09
0660d9
050c9b
04f1cb
06a0cb
085c98
07fe2c
054ab1
02e2c9
035b88
04e00b
04b693
04825e
055d3d
0532e0
047e2b
044620
027164
00595d
018133
02d23c
017f4c
017ca5
02ef0e
01850a
ff60d2
ffe98f
00141f
fe5f03
fd9dd0
fe0cee
fe06c6
fd6a26
fc8f67
fc700b
fd7855
fdb479
fbf22e
f96a71
f7b506
f86e3b
facbbf
facf08
f888a2
f838e9
f90eda
f7e663
f6c4d5
f722a7
f69cb9
f58d53
f5afa4
f5707f
f44cde
f48b46
f66ef3
f7fb89
f76218
f3f034
f04b9c
f0df95
f513f6
f75c12
f5a38b
f3cc53
f43af6
f47dc8
f3918e
f3cbf4
f503a1
f594bb
f695f4
f70f31
f3efcb
f10238
f42d47
f9d7aa
fb8821
f98913
f63df7
f3a61e
f502a7
f96038
fba755
fb439e
fb326b
fb51e0
fa3753
f8f251
f9b2c6
fd05dc
00478e
002956
fd7621
fbf530
fd67ab
0023c0
0188f1
01557d
015829
0174e6
00e539
019f00
03ad7a
03f97e
03ab0c
056d67
0621e0
040ac3
036201
05357f
068d5b
07275d
072dc7
06a16e
07f141
0a0b4a
086fe7
0574d0
0650fd
08ce64
09892f
09f7dd
0a4727
0915cb
07fc3d
08c762
0afc09
0c869c
0a789c
065453
06278c
09df1d
0b9f61
0b529a
0bca67
0b2991
08f571
083382
08abe0
08fe98
0a0025
0a88c5
094904
08b834
09c13f
0a0e4f
09748b
09408d
096fb8
0992da
08360e
05308f
04b794
087eb4
0b7dfd
0ae286
090d64
06ff52
04e9b0
04b28a
064d11
07b050
07e486
06b614
052c46
0510b0
05dc23
067310
071bff
0670ff
0363a1
013c11
024537
0447b0
057395
05619a
03a02d
01fa84
025297
02df03
021300
011853
00812e
003fd5
00c113
012365
00a707
008710
00cb27
ff860c
fd2a75
fc926e
fe0378
fe7a1a
fced55
fc49cc
fdcf1d
fe4a23
fc3e9a
fa9f0d
fa9834
fa1c49
f97f6c
fabedf
fbf280
f9f689
f6fc6b
f77e0f
fa8b0a
fb6b02
f8b8e6
f533c6
f44d02
f6f78c
f97a8d
f8372b
f5eac3
f5bb65
f5d66f
f66b43
f8ae9d
f78962
f223c2
f1a961
f6fb7f
f882ba
f5e4ef
f5599b
f6129f
f660e6
f6bb85
f47c12
f1961f
f4e40f
fb1344
fad3e1
f5106a
f1ba9d
f4be2a
fa63a8
faee6d
f71645
f785ce
fa0beb
f6adaa
f3dcfc
f90175
fe4755
fe1e55
fc1a8a
f8a662
f632f5
f9d7c0
fdef40
fd0027
fd86b7
00123a
fdbd78
fab524
fcd5f0
ff4587
ffdf23
0101f2
007a51
febf13
ff475d
ffdf94
0028fb
034b92
055de2
033fad
01971e
00997d
fed6d1
01d91d
07b362
06bdb1
024f9f
0324d0
058f93
04e605
03fa5b
03acfe
03e7fb
064595
07d8d4
0587cc
02cb0e
036a58
07027f
0a3f43
08d52d
046368
02ec13
03c0c7
03f952
069a58
0a9070
098dc4
058e7c
0452ac
04c631
057834
0725e8
07aabd
066e93
05bd29
053866
0506da
06d66c
08007f
068c7d
063d50
0780e0
05f489
026aff
01f1b5
0587c4
0951ec
092860
05a1df
03738c
040c33
04d223
051b03
053d36
04a901
047e95
04f2b8
03da2b
02d0da
04f79b
06cd64
045773
015fda
01cc31
033ea0
034c76
02bfc9
02208d
01b9e5
027d47
0370a1
02650b
004e7e
ffdc01
006a43
fff77f
ff9572
006800
00b3bc
ffb793
fed325
fe1555
fd4513
fd942b
fe788e
fde2eb
fc7cb5
fc2ba2
fc17bb
fb1628
fad883
fcc12c
fdf8a2
fafcd7
f6672b
f67890
fadc7c
fcb3bf
fa1bdf
f7e0e3
f7a2d8
f70ace
f6caa5
f86158
f945f5
f7753f
f54151
f53ec1
f720a2
f82c37
f61ecd
f3dcd3
f60d6f
f98a37
f79b45
f25bfc
f165e8
f5d9af
f9cb2a
f88572
f4e8ce
f4be7e
f5eca5
f40528
f41bc8
f913ef
fa9beb
f6f2da
f561b1
f545f4
f4d1aa
f878dd
fc60eb
fa424b
f80d94
f852f3
f63024
f6d3fc
fd5b90
ff2a11
faf99b
f9fa5b
fac899
fa65ef
fc2da7
fdb9f5
fd99c5
ffee9b
00965b
fcaa82
fca01e
00301f
001a55
00c2e8
037ea7
011801
fe5e9c
019d33
03ab14
031231
04b532
04801d
025730
040240
04c736
0267f5
04b99b
083b5c
057b50
03e3c6
074ce2
082cf2
06b9bf
06933e
0540c3
04ca69
081be7
09fbad
08757e
071a1f
061269
06bcd0
0a7b9b
0b39df
0730c8
05cbe4
07a370
07a406
07c8d8
0a13d8
0a8524
085a28
074ccc
0866c6
0955ca
08384a
06da1e
080a33
0989e1
08adb5
0841fb
08cd58
07574e
06f4a6
0a4466
0aefda
06a0de
0458ff
062c46
0815be
0979f9
0a2049
081e5f
0581c1
056515
06ca57
07fcb2
0843e5
06f65f
056ddf
054fdc
05f08c
06fb07
07fc05
06b9aa
043b3f
0426d6
053b6c
04c809
04d3f1
05eeb6
0511d9
031cec
033614
046168
046e66
033f65
019485
015adc
0326b8
038afc
0119a8
ffd5d5
01bdcd
032800
012a11
fde18e
fd3d1c
ff48fd
004c4f
ff4f8c
febdd1
fe49bd
fc9c97
fc1d73
fda989
fda52e
fb54f3
fa18fe
fabede
fb615a
fb3927
fa8efc
f9dc0d
f97865
f91d45
f8dcbf
f8da4b
f828a3
f6e054
f6afb0
f77d3b
f7e10c
f8006f
f7c74b
f67533
f578ec
f5f988
f604f7
f514f9
f57c35
f6d881
f6cc4c
f5e45f
f576d7
f51bc7
f52d75
f600da
f627f1
f5dfaf
f6a157
f6f312
f57f0f
f49ad7
f5e379
f82682
f9cf3b
f8fc9b
f5c81b
f47991
f6f819
f982d5
fa2a7b
fa8993
fa4e67
f8d2e8
f7f3f0
f8b54e
fa57d2
fc212d
fd01ae
fc924e
fbc871
fb06e0
faf0e4
fce3c0
ff6ed7
ff9791
fdd701
fcb5d8
fd41d4
ff3ced
010fe7
00fd66
002327
008519
014157
00924e
ff7375
007b46
036c96
047135
0249a2
012a71
031c76
04adab
043b70
037077
028b3c
0247eb
04ae4b
07692c
0625ce
02e748
030f61
066960
083352
06a0c0
046feb
041570
04f156
05aa26
068133
07ee9c
08be5c
076214
0524d6
05270b
07140c
0796ee
06a15c
06d7dd
07ec36
07d4ef
06c81a
065eb5
0767e7
08ecc6
08e4f2
074804
05eae2
05491c
0592a2
078c5e
09b5fd
09bc26
07d958
05918a
04b444
062404
076621
06ff7b
076e1a
08182f
05bb3d
033fa7
04c5c6
078607
0812d8
06a8a7
03e170
01f43e
033f60
053cc8
05167f
045454
0415e8
03bf84
032945
01c17c
007445
0177a5
02c6c3
016cc1
ffe7c5
0060f8
00cb15
0074dd
ffa79e
fd9c6d
fc66e7
fe028d
fef6ab
fd068d
fb8e5c
fbf16a
fbd643
fb5a5c
fbea52
fbe8d7
f9b594
f779e5
f7d493
f99eee
f9b2c6
f791ca
f6438e
f7a708
f8e1e0
f718d0
f5258a
f60586
f67b0c
f4363b
f2fbd8
f4adf7
f69cb8
f7058e
f50e63
f1beee
f21299
f62ce8
f72169
f3fad5
f1c740
f1580b
f2d8c7
f6dd3e
f7cc02
f39987
f23798
f541cf
f5b7a4
f41f8b
f4ea5c
f61bcf
f62bad
f66586
f5dc86
f5971d
f7e103
f9889f
f854d3
f80e22
f97324
f94c1d
f832ed
f882cc
fa356f
fcd775
fee4e1
fde46d
faeae6
f9ad2f
fbc0ef
ffed62
02d4a9
01456f
fd44b5
fc687a
ffbebe
0322ba
03e90d
034b1d
030db8
02ec3c
0210b1
01d1f7
03faa5
06b3b1
06ec24
05dd90
062417
06407c
04a1e3
048f53
08209f
0b4478
0a4158
071dd9
05370b
057c83
08200d
0c3350
0dbf02
0a4bed
06031c
05ff14
08f06c
0b6cf6
0ce45f
0c4210
08f24c
06d151
080fa7
09eafd
0badd5
0d731f
0bc2e4
07a6ee
07453c
09ee68
0aea66
0ae6ce
0abb9e
0933cd
088fae
09b5ed
09b591
093dc0
0a1543
0a253e
0942ba
08a750
070951
066248
095c96
0b33a0
08f3d5
072f5d
06e9b6
0654a1
07cfee
09e721
07d801
052e5e
0636d6
06958b
04c5fc
05ad8e
0886e5
083202
052799
033726
0364f4
046886
0533ad
056d0d
046369
02530c
0206ec
03f972
0429a2
0224f7
01f318
02bc36
00ed86
fee0a0
000203
01f54a
01aef2
001c82
fee0e5
fdcd4f
fcfc7c
fe19b4
009493
ffd6c2
fb0c72
f8b3f9
fbbbf4
feb6bc
fda340
fa5b16
f87755
fa7d0e
fd5922
fa6da6
f4c302
f61442
fbbb25
fb6a7e
f6cc97
f5c8ab
f7d01a
f89397
f73d97
f51f10
f4be6f
f652ca
f67492
f5996c
f6e048
f74a0a
f4228b
f25f25
f4be1e
f769f9
f7c50b
f548f2
f1972a
f23abc
f6e8b0
f7ae6d
f4d00b
f56b88
f77fba
f64c1a
f4f613
f51dcb
f4950c
f5aee5
f9258a
f9ea53
f7be7f
f6db52
f6f912
f76aac
f9e14e
fc00b3
fa6eed
f7d1f1
f7dc95
fa1c69
fc9b01
fdc5b0
fd2f8e
fc3c39
fbf437
fc410b
fd4b95
fe848a
fed3df
febcb5
ff1553
ff7d3c
000182
00ece6
01a29e
01b262
01406c
00d22b
015b7e
02737a
02a3f6
02cfe1
044293
04e06d
034588
0244dd
03d106
05e680
064c24
05069a
030fb5
01e4e1
04126a
09881a
0b7cf7
051675
fec146
0241c2
09a40b
0aec26
07ba7b
0469ac
01e05e
032bba
07bf98
0939ec
07cd2c
07c2f7
068bea
032cc6
031d01
06684d
084caa
0835e8
06d431
04d864
04e801
062669
05c3d5
05b151
0711c1
0755cb
06950e
051d18
021378
01e4a9
071e2f
0a8b1c
07eaff
03ec08
01cd6b
024757
058e54
077bb5
05ae04
044d5b
044ba6
02e29c
021568
041af5
067de0
06d704
03f887
ff8e99
ff8fa8
0404e1
056090
03047d
0256ac
02650b
011918
0126f1
023af9
01515e
ffe366
00197e
009b28
005d46
002bb0
004756
ff8cf0
fd8e3e
fc9bed
fe067c
ff0d2b
fe6d87
fdcbda
fc4640
f9e665
fab3fd
fdcaea
fd7a8a
fa4279
f9083d
fa88d8
fb95d6
f8e3d4
f4c85a
f6f6ae
fdebfe
fdaa56
f56960
f1778f
f5ba8d
fab4af
fa5b1f
f54365
f25022
f5d16a
f88834
f555d1
f41ffc
f7d03c
f7d4a1
f36e83
f22b37
f466d7
f60b89
f67f5d
f63320
f5c0fc
f561e4
f3d369
f30413
f5f23b
f8e275
f7ef0f
f66ef9
f62b2f
f481e3
f3300b
f62725
fbaaa6
fe6ebe
fae622
f3b05d
f20fb0
f96835
ffbe7d
fd9a57
f94846
f978c9
fb9845
fc2231
fbe506
fcc51c
ff7f00
0187eb
fefc03
fad1a2
fc6686
01f201
033691
00fe3b
0170d0
02a9f3
01197c
00bc7e
038d4f
052318
04dbba
0506cf
03e749
0234ee
048eb4
08676e
079a6b
04cd03
055494
077f2b
081c18
0768aa
06a5f6
06f526
07df2f
080cd9
08fcf0
0abcaa
08ef3b
04e43c
05e89b
0b1b95
0d2c71
0acc55
07305a
0564d5
0780f3
0a4c9b
09d9e1
09e01d
0c0b95
0a5c1b
05b1ff
05e2b3
0a03fb
0bd544
0a8e12
081575
06ea97
08dafc
0a2275
07f718
072d9c
09ea85
0b80a9
0a105f
07245e
043de3
04cfba
094256
0bbce3
0a0188
07f058
06de14
05bdd1
059ed0
073641
0904b1
093c03
07741e
050b75
039ed4
0485f7
086bf4
0b2b68
077642
01ef74
02ba2a
06792c
06149b
03b232
0391c9
051367
064959
0543db
0264e5
01a55b
032407
02ed91
01a977
01f5e6
02b2b6
02c9cd
01c152
fee954
fd5e51
ffd412
0267ac
01b45c
ff5c3d
fccdbf
fb167c
fba09f
fd4397
feab6b
ffa419
fe1b70
fa197d
f7d497
f87773
f9ffab
fbe0fc
fc53b6
f9d36d
f79dad
f79d93
f726d7
f630ea
f753af
f9abad
f9bca7
f6153a
f27300
f40758
f7f707
f7318e
f43433
f57b5b
f7dc3c
f5c4ab
f2045a
f1c8ca
f51c7b
f7de6d
f69e83
f3735c
f2eed6
f4c355
f61269
f67e33
f5d99b
f408b9
f37f4c
f56e6b
f750d9
f788a8
f729c8
f6908a
f55ce9
f57e53
f8adcf
fb4a60
f95c29
f66c4d
f6af45
f81d2b
f9d540
fcccb6
fd24c1
fa147a
f9a8bd
fb9fd9
fb309f
fb33f8
fe17c6
ff3ccf
fdc0b9
fd2932
fdad68
fe5ce1
fefab7
ffbb4a
0202fe
030976
ff284b
fc9932
004905
0337b0
030e44
045b82
03d2b4
008c48
01901f
03e99e
026569
03fd83
07dd90
0434b7
003413
05c2d7
09cd6f
040459
ffaee1
0448de
0a4a9f
0a13da
059e08
036834
041db6
04389e
05ac05
099f67
0a61a6
07d326
069802
04206d
014cf1
062cf2
0df6a1
0c718e
0530ff
02fbf3
05dbb2
082df7
079c75
06d1c9
093cdc
0b62a0
086369
03f847
02f04f
050168
0996cf
0cd738
099aed
04a236
047334
05d1ca
064765
080a28
092c4e
080c7c
06a5c1
044cc3
01f812
044601
096142
0af2ac
079c47
023fff
fff9b8
038c6c
06fc81
0561e4
038ac0
0448dd
044d0c
03339e
01fe8e
00deb2
021445
03f31e
01c53d
feb7dd
ffb78b
018679
00eb1c
ff418c
fd818a
fd4dfa
ff5499
fff8d4
fddf8e
fb80d6
f9816b
f93bf3
fc5aa8
feb6b8
fc81c5
f8dad4
f75177
f830e7
f9d477
f92602
f6a419
f6421e
f78843
f7dcf9
f73f46
f5021c
f3109b
f607c9
f91e4b
f4c64a
efb639
f26366
f6bc85
f59c67
f26179
f28203
f572d8
f548c0
f04a7e
eefc2d
f53410
f8c1cd
f3cb2f
ee4784
ef4501
f4d6ad
f88777
f66fcc
f2f064
f2db85
f318ca
f2cb02
f56547
f7a446
f6bc78
f6ddc5
f70976
f4c474
f59e83
f9a57e
fa5ca3
fa2b24
faff63
f76d39
f41a05
f98a95
0073df
0013f3
fd1feb
fc48b8
fc107a
fc0583
fced2c
ff4121
0210ec
0268ce
00d7f1
007157
005a91
00b563
03a8c8
05baaf
04bddd
04f191
04e904
015f18
013042
0746d1
0aba23
08c0e4
06e59a
064144
062f97
077be9
083b3d
07b61d
080cbc
098461
0b93a9
0c5b2c
08a818
04926f
075595
0d1c33
0e6565
0c4d79
09536b
063565
067439
0a43be
0d63aa
0ed494
0e1166
099966
05a10d
0696c7
09faf5
0d05b4
0e88fe
0c5eb1
08df57
08289d
082f7c
07e884
0a7d94
0d9a6d
0ce33a
0a48c2
074961
03d3a5
04d5b9
0bb3de
0fe3da
0c5f05
06650f
03bdd4
052196
081794
099fb1
0987e8
095b2f
083298
050124
0298c2
046f9e
091e89
0add0e
06e4d7
025319
029f33
051b1f
053252
04263d
04771a
0575d7
057941
031be9
ff8503
ff6a91
036540
05693c
031356
00384c
feed92
ff6539
017543
0157c5
fdcacb
fd080d
005246
004509
fc7093
fbc270
fdd5ad
fdad65
fbe444
fb0f35
fb52ca
fc1f29
fc2508
fa6c88
f81746
f6f436
f8d21b
fca224
fc4a0e
f6cd0c
f4a34c
f7c79f
f89c8e
f683e7
f6538a
f6e2bf
f70772
f7e78a
f6bfb1
f3fcbf
f4d261
f6daea
f5a083
f53d6e
f6c011
f53f12
f366b9
f58c04
f738b8
f5e974
f4d25c
f437ba
f4b509
f82531
f99417
f55274
f23465
f49bd4
f7abf2
f8e76a
f9b5b2
f8c483
f61d4e
f59632
f7ce9c
f95ce5
f97492
fa5049
fb7737
fa2a24
f818cb
f954a1
fba0d9
fb237f
fb5a74
fe907d
ff5afd
fc6826
fac6af
faf7b3
fbe84f
ffebec
0397a1
00c744
fc4db5
fd3dea
ff8c83
ff5dee
011ad5
04a359
039f0a
ff3ed5
fe492f
0089a6
01dc48
02ec57
04e812
05029e
02b55a
01a4c5
02adf6
031b62
0291f9
03523f
05d844
07808b
055d0a
00ee9f
ffdba3
043ab1
093cfd
09dcf1
064579
020ccc
007001
021ba8
059fc6
092874
0a4cac
075909
0293b7
0096b7
035f0d
086208
0a5d4f
0759fe
04267b
0430a3
0464f7
0404ad
0622e1
08f76f
096573
084a1a
04fbe4
00642a
018a0b
081d8f
0a6637
07cca1
06b4f2
05ae17
032bb8
03a0b8
062e57
06dc9f
078e2b
084f8c
058353
01dd90
0259ca
057ddf
07cb84
07d66c
058fec
03663f
034dcc
039d55
032bf8
0334a1
047258
0615a8
059c73
023594
0057b3
0217d3
02aae6
00f9df
015fb0
032d44
02fec7
013c8f
fec592
fd3260
ff1cf5
0193c3
00910a
feb7f6
fdbb38
fbf7f7
fbd5cc
fe29b4
fe1c18
fbd499
fbb3d0
fca380
fc0b1c
fa212a
f76acb
f6bbff
fa4e02
fd833c
fbd522
f776d4
f488cd
f5e643
f9fdb4
fa15f8
f5bfa3
f421ba
f5ff3c
f7af8e
f8cc93
f6c15f
f26dd1
f49d66
fa4a04
f73f5e
f181df
f43a40
f7b082
f5c2c9
f51ba4
f5939a
f4d19f
f7c0cd
fa92b8
f613f3
f1eec2
f48c4a
f7b62d
f97700
fad505
f78051
f30753
f64b53
fd18d7
fe4ef7
fa432c
f59fce
f56a87
fb6d67
ff8b8b
fc3c03
f9cf09
fcff5e
fe775a
fc1d3d
fbc0fb
fe537e
00d805
016f5a
feb160
fb5ba3
fd2479
02a010
04f4b8
0325b2
012f01
007a80
00c64c
0282fc
0439e6
03cc04
030ef3
049d97
05f8d4
041f5c
01f6d6
037402
075fc5
09aca3
07b27c
0300dc
015409
04b558
0815ec
090f58
0a45d8
09cae2
0438aa
ff6ea0
03367b
0c16ff
0fd190
0a9132
02a821
0064c9
047603
09c2dd
0d086e
0cb899
0816fb
02c69d
01d19f
05eee0
0c1b17
0e8081
093ad4
030d56
049b5a
08f6d6
086dbb
07053f
08b055
0997db
08c3b9
07e675
059e4f
03fd4b
0740bd
0b7fd5
0aca08
077166
058fb9
04e4c5
0567fa
07c83d
0a0d2f
0a08fb
07ff27
050cc3
030ca9
04a468
08f383
0a787d
070f43
03b0a2
042790
062271
06e1ae
064575
04d045
03e7db
04b919
059dea
04db15
036ed3
02de5f
0351c1
038113
026a28
0215e2
03f2e5
04117e
0029c5
fd2707
fe9c84
02162d
042b4b
0231d9
fc9524
f9d2ff
fd3368
00a003
ffe1d4
fde154
fc1aa1
fa2c0d
fa3761
fc4447
fcb1bb
fab4ab
f9436e
f9bea3
fa3c11
f94df8
f887e4
f8c0f6
f7dbf4
f65141
f78ad5
fa08bf
f92a9d
f577eb
f33631
f50bda
f95bd2
fa0054
f5533f
f34c78
f695ca
f7614b
f4e78e
f53d9a
f64c66
f56b39
f6cbdd
f8faac
f784ae
f5c660
f4e6bb
f2f376
f63375
fe30aa
fc86a7
f286af
f222bb
fa761f
fc8ebb
f926d5
f881d6
f9a093
fa7ffc
fb9162
fa89f0
f7ed14
f8f7dc
fe1146
009548
fd4923
fa6508
fcf535
ff0395
fc40a3
fbc147
000415
01a518
0012c2
ffd29c
ff36f4
fe61fc
00a249
026bc4
017489
022b00
0341c2
00cfc6
ff653b
02019f
042524
041d2f
03cf6d
03e2e6
043d96
02fd93
007451
02359a
0732ab
072ce2
03e4f8
045198
04f355
023aa8
01f5b9
06563c
09b0e0
084db7
03995d
003f64
01ecd9
062dd1
08bb53
091f81
07537a
038f11
015de1
031c73
06b5a6
094447
08f32f
05e667
0320bc
0323a1
053e7d
073b5f
07a3dd
072a5b
06abc3
0528f6
03adaf
04f175
068375
059660
05ec3c
0843d8
074103
03feec
03d17f
052e29
0596ec
068202
069a10
04d313
04dad1
062a3d
041e18
01bfd2
04c3c5
08d86d
06cd78
017b11
0057dd
039810
05901b
03f0c3
022ee9
0326de
049085
030a32
ffe898
ff1efb
010817
02b4c1
029c15
0153c3
ff9c7d
fe4089
fe0dba
feb30c
fed528
fe5223
fed33e
ff9a68
fd0961
f8a7dc
f8df42
fd3a59
ff15fe
fcf233
f9979e
f73d6d
f822cf
fa53d7
f924cf
f791b5
f986df
f9a7e1
f671dd
f64916
f7884d
f5845e
f4d93a
f71f56
f6e21b
f53061
f53f4e
f4d990
f4f3f4
f744ed
f6649d
f150f4
f0b501
f6e9a2
fa7c59
f5bde1
f06460
f2a6ee
f7015f
f62fa0
f51f1a
f713d9
f741e5
f6a4e2
f64f4d
f2104a
f1efdc
fccb01
008c82
f55ac2
f1f0f7
fb0956
fc85ac
f7febf
fa000e
fb7cf6
f94ec0
fc4ada
ffbc2f
fc3766
fa0ff2
fe21ac
010547
ff9d3a
fe031e
fee730
009a2a
00620c
0082ba
03471c
03ce73
018ce8
031416
057079
02e99b
02625a
067444
066cb3
03f0dc
062ed7
07d241
05a438
06acec
097c38
073ea5
04ba1a
07c323
0ac512
08fbc9
06f060
08804a
0a125f
08684d
07cf3f
0b7ff8
0d1265
080770
03a67e
066c73
0c7348
0f74bc
0d116f
074f60
046034
072772
0a992e
0b10ef
0b0452
0b5437
09c65d
06cc6d
05b3d8
084349
0c0478
0c83eb
0962dd
068369
05f0c3
06faaf
088f6b
094c21
097886
0a5a06
097a98
051f22
024e0f
04d6a0
099441
0c7f7a
0aa89f
03cdec
ffb544
044048
09d467
091fc8
0668ad
054aed
041674
039d5b
040d28
03675f
045ea1
081cd4
079e52
0120c2
fe1092
025104
05e6b6
03fd34
0185ed
021469
02919b
01339d
000e0a
ff494a
fecfdc
00ec8b
03370b
004f6f
fc19a6
fd9c1d
005540
fd7a85
fa16d6
fc97ce
00721e
fef623
fa14e1
f7c950
f9d627
fd4c09
fdf0cd
fa2a51
f68b12
f815f1
fa975f
f84375
f5e8e7
f86188
fa6efd
f90843
f76b60
f56bbc
f33407
f4bd52
f837c7
f86c3c
f65bf8
f52c91
f5338e
f4ae75
f2075a
f25ea8
fa381d
fe4b95
f52e16
ebe6dc
ee5165
f5d4b1
fb304c
fb733f
f5f1a8
f368f6
f67a87
f47274
f0e027
f70d51
fca38d
f8ec87
f743c0
f8c384
f5c549
f54771
f9ed39
fb445a
fbc92d
fd9440
f96e6a
f54dd9
fa0a96
fe24e6
fca3ca
fdbf5a
000aef
fe617b
fcc4ba
fc8438
fc59a9
fec934
0190da
015331
010f7a
00fd54
002cf7
02165a
0396e4
004191
ffa6b6
04492c
04f708
02af85
03e208
044db4
032338
057909
062984
0224e1
02afbb
07bf34
074118
0340c6
03549f
05b956
07605c
08401c
06ce9e
044bec
04483c
055a1d
051b8a
053b21
06f1f9
09001e
0952bd
061ee2
01f80e
023e3f
065891
090fd5
08ab9b
0638b7
036e73
034f50
05f9c5
07f08d
082d4a
07762f
0515b3
0268f9
02a93f
0577ab
07ab79
076c4e
05b15e
056722
0694d5
056a0f
025904
025090
054408
0704b5
06a405
053dc7
03aa90
037b43
04bd49
0565ed
04be18
03c96a
037a9a
03c1fc
036df8
029f6e
035046
053937
05b4a7
03abbd
00769e
ff36da
01dfa8
04c8bc
039bee
00c981
006207
01919b
01c2b0
0029ff
feb3a8
000210
01dc6b
004c24
fd72e1
fcaabf
fd3125
feb12b
ffe04f
fdeca5
fbf6ba
fd24a7
fc8176
f8d3aa
f8158a
faa044
fd5e8c
ff15ea
fbad65
f46b8a
f366c1
f8b45c
fafca7
f9ded7
f86e20
f5ca56
f51491
f76292
f6d0bd
f4467c
f538c5
f6e7a6
f64a75
f53810
f36a40
f2359c
f4fceb
f83fb1
f69f84
f1cff6
efb4ea
f4717d
fa98c0
f74b14
ef198f
f02f4e
f6ed3d
f7cad2
f5d536
f65cdb
f6ed96
f66db8
f4199c
f0e479
f471a2
fdc068
ff4a22
f6d093
f1451d
f5c7be
fdba2f
fea43c
f8c713
f6eafd
fb0970
fd4487
fd4825
fd71ee
fc071c
fd21b7
01bf0f
0067da
fb5a28
fdb77e
026130
01c701
01c02b
032906
018efb
0117ea
03be5f
052a3d
052d8e
04284a
0282f6
0460e7
0736d6
05bb99
05c1d9
09d045
0942d2
049132
03de0f
0643da
08c2a5
0b1d3a
0a1114
06e9c0
0767bf
090953
0820cb
08f8f5
0be119
0ad4bf
064289
046eba
08120b
0d96a4
0e8463
0a23d0
06f432
07231f
073bd1
081a98
0b4461
0c4fca
09ab6a
07c6e1
07a261
07f14a
0a6b0a
0d0e96
0a4890
04feb5
050944
09186d
0a9708
0935ec
087810
092b81
09e5d5
08e8a6
062f14
049110
065eb7
09fe0e
0b79e4
08bd8e
049532
03b9d6
06cb12
0a47de
0a919c
06d8c9
031d24
03b9e8
061a81
061b4a
063def
087626
0848ba
040288
00e117
0281f1
061ed0
07050d
043ad0
0133ae
017221
046077
05ac25
02d103
ff81ff
ffa4c2
00f09d
015c01
021e07
014ea7
fe4d61
fdd594
ff576a
fe557d
fd93b1
fec123
fd7072
fb2a85
fbc0b6
fbd94a
fa78cb
fb226e
fc72fe
fb70f1
f84499
f54248
f73987
fc66c7
faf811
f49ecd
f437fc
f79fff
f7c3a8
f6fe5f
f69dc0
f5256d
f4fba5
f58241
f3fdb9
f29fe7
f31ae4
f59e4b
f9bb3d
f91de3
f1c64d
ed3a01
efc7d3
f55e17
fa9547
f8f75b
f16749
f1e66a
f7ff6f
f43b08
ef4f16
f5f225
fb4a98
f85dcb
f6c007
f52653
f1a784
f4949d
fae061
fc0928
fb2d43
fa2f69
f78e28
f6bb88
f768fa
f85236
fcfe8d
011db1
ff16a7
fcb6b2
fb56d1
f82050
fa83a2
021039
02dfcd
ffc0f3
ffbba3
fd8d8c
fc5d3b
02d5c3
06117e
015f42
00c33a
035c75
00d902
ff8d99
037b45
05f5af
0645d2
06153f
032060
010e9d
04019d
06e262
060b23
04cb8d
05172a
061781
069fa7
057829
0454f0
065822
09a4a9
091d65
0459f7
00fcfe
039617
097c45
0bfe3d
08c482
043b58
03a246
066a74
081d1d
078946
06689a
057983
06157f
08220d
07adf7
05c8d8
07bdbf
09678e
04fb9a
01decd
0625c0
0a814e
092998
051ad9
02fb0d
05cdab
0a0b41
0849df
03a901
048391
07d37a
0717d4
047377
03e69f
05f21d
088dad
07f7a0
04b3a9
0344e9
03bda6
048f83
065bfd
06975a
03ffc8
0368e9
05013c
03cd02
01adba
030538
0595b2
05a365
02b3ff
ff1f26
ff0b5e
026d48
040077
025c79
00b9e7
fff6e1
ff38f9
fe911a
fe0d35
fe59ee
ffad64
ffb7ca
fd72fc
fb804a
fb6b19
fbdf90
fbe08d
fb46e2
fa5310
fa9616
fbc2b7
fa07fa
f598eb
f4b0d1
f83885
fa460b
f98398
f7e9b6
f46a9d
f16bc3
f3e7b8
f86b28
f865af
f48f81
f0c13f
f05232
f4888d
f78603
f457bb
f0f00a
f294a0
f48a3c
f2c92e
f05d88
f129cc
f44be0
f53521
f2fdf1
f196b5
f20ea6
f36930
f5d52b
f5fe20
f29f61
f1e744
f4343f
f48299
f60f3a
f9274c
f6230d
f22c63
f74ef2
fd3946
fa5cca
f56f19
f51561
f84a1a
fc99c4
fd711a
fa49b3
fa619f
ff2a6c
00f981
fcb48f
f8d2b2
fc79b6
03d8c9
03f505
fe609d
fe470e
01f8e0
024cb7
03733d
06dfa8
058ff5
01e915
02fbff
04fa54
04058a
04ee78
08be67
0a2ceb
087827
06d62f
05dd80
062119
092796
0b8b36
09258b
0695f1
09204f
0beb2e
0a07ed
07ac35
09ba40
0e3ef3
0ec4ed
08847c
03336b
066f80
0cfbe0
0fb6fc
0eea76
0af74d
06b542
081f89
0b1e22
09a0c8
0a1450
0e6797
0d37a4
075272
05e504
08fe1f
0c9d69
0e9f05
0c2e71
076296
05fa85
080c79
0a4102
0a3364
081e2f
094c9d
0dd624
0bbe0e
036ef4
02a0f8
0a11e9
0d602b
09b96b
055517
042af6
073cf8
0ac8c3
092db5
053f91
059442
082270
0754e0
0455cd
03c636
066636
084c51
05f85f
025720
03382b
06d483
0684a6
02ec02
016f6b
026a67
03ae1e
041e92
02178e
ffa728
018ee6
045aab
01549a
fcccdc
fe2514
01fdda
01b4bf
fe0905
fbf769
fd7bed
ff5268
fdf300
fb0b8d
fa0774
fba11f
fe7873
fe56bf
f8e08f
f4e328
f845c1
fc61ca
fac4a3
f7f8d7
f7df12
f78e19
f638e1
f67a9e
f8137a
f82928
f5d683
f3cee1
f51c7c
f7c56c
f705e2
f3e00f
f3586b
f4d46e
f5800f
f707be
f779fe
f29565
f001a9
f5fd2a
f8ecb4
f46a1d
f48c84
f76989
f46512
f49f9b
f93ff3
f595af
f255eb
fa204b
fbba0f
f293e3
f353d5
fce068
fde778
f90923
f74c95
f803e8
f9cc08
fac9ae
fab865
fd1327
ff6363
fe8a0f
fd0e1e
f9b040
f8102f
013206
08bfb1
000dc3
f8d17a
ff6252
026064
fefb5b
0213e6
059dcc
03bf3a
03aaae
028baf
fe6a3f
010aac
06e102
05e227
048e3a
070ba1
0605a0
02dc9b
0325f5
04d283
06d678
0875a7
06305e
03b0ec
05f7e8
07c8d7
05e041
05db59
085bc2
080fee
059a4a
0506b3
05496c
0482b3
05b827
0a17b0
0ba4bd
06f2ed
01dba7
01bdef
051d66
09183b
0aeb55
079bd2
01b05e
0064bb
058a9f
0a9589
099648
0511d7
0306a0
038453
03fa14
052444
05b6de
039aa1
03c942
0835df
0855f2
0291ce
0068be
03802f
059913
0541cd
036649
018f0f
03509d
064f0e
04e28f
0208b5
02a796
042170
037856
0177eb
004cde
028a20
05665d
031c1a
ff7b66
011574
03af1a
029c2b
0123a5
009833
ffc0b3
001af1
010ee4
004541
ff057e
ff2316
003cca
00dc0c
ff4a11
fd2f4b
fd5880
fd4eca
fbd5b8
fce6d6
ff1557
fdbe70
fbc0b1
fb67eb
f9a85b
f8e129
fc4242
fd9ade
f94970
f60c90
f7a67c
f9e0cb
fa2497
f94714
f75a17
f548e1
f55abd
f6c4af
f71948
f759fa
f8016b
f5de2b
f1ef16
f1da88
f58f31
f7fab5
f72c2c
f493f7
f2ea55
f3297c
f2c625
f2777e
f59c51
f84411
f5fd17
f2ffa9
f2506c
f345de
f6bbe6
f7ffa9
f33033
f1cd80
f84557
fba70a
f8008a
f35c3f
f1439f
f5df28
fea123
fe8b3c
f7150c
f602a6
f91a09
f92e12
fa6f20
fcd3b8
fd2d18
feceec
ff1775
faaa7c
fa3873
ff5906
009f3e
ffb934
01bfe6
01d8e2
ff9f21
0005de
019a82
03143e
0545c0
055b3c
03b814
0356bc
02b8a7
034411
078a1f
0913b2
059727
05af5a
08b65f
06eab8
0516bd
085c9a
0976a8
0735e8
08d075
0aefad
07d560
05f267
091566
0b4132
0b90e5
0c2eaf
094341
044420
058b9d
0b80b2
0d9ac5
0bd407
0a9a64
09cd13
07f122
065f61
07fd4b
0c3fc9
0dd970
0b17bd
07c7f6
057a88
06042f
0bd0ed
0f34d9
099a7f
05fc7c
0abfda
0af74b
03a365
0302ef
0acab0
0f2d82
0c99df
071a64
0305e2
0496ae
09f5d8
0be65e
08d955
05868b
054e9e
079081
089639
06b7e4
05fe23
086aae
095ef9
06678d
031baf
02f27f
062e0d
091ce7
06d205
0255e1
03a384
080908
068f65
019c7e
013339
0464fd
062faf
048c55
0017a4
fe3c54
029fe8
05f3f4
02d601
ffe71d
006ecc
ffd870
fe9885
feaa24
fde150
fe1a1e
0113cb
00d87c
fc682a
faea1f
fbf962
fa9b67
fa3124
fd9e2c
fe8025
f9abb0
f60da4
f7fa1f
fa3fff
f95391
f91548
fa7122
f8e0c8
f5313d
f424cc
f51940
f622c4
f84025
f971b6
f6fe70
f3e044
f36380
f4982e
f61a6a
f69010
f4b901
f33175
f4b312
f639dc
f5314d
f53834
f7f292
f8347e
f3e195
f0a4ad
f2e8bc
f8cd25
fcd1da
f9d396
f2dd3d
f265ae
f8fad7
fbb83f
f92c68
f94b83
fb6e83
fa45ba
f766ac
f64448
f889f6
fedb30
03fd02
012a1f
f9d05a
f76545
fb9304
ff76d4
ffd0df
014a05
03ec9d
00c4dc
fb5d7f
fe0f1c
0442e6
04df40
042f4b
04699b
00af83
fe3d70
029fb4
06374f
05d84e
06e985
072f33
038263
01b1f6
045bd9
06dcd0
07002d
064e67
068221
073817
05dd74
036688
043b7e
084cc4
0bc7a4
0b4f4d
0515cd
fea632
010107
08ddc0
0c1182
0abbb4
08c876
04c482
00de0d
023861
06c35b
0a0c54
0b0f60
081891
02362f
00a162
05449b
08a0dc
075e60
063963
06c0cb
05c65e
034c48
01e52e
02bf72
066637
0a3590
0838b0
01aee5
ff9824
039110
066d8b
05c483
04b69c
042b67
0365ee
028597
023c65
0398c9
059673
05580f
02d539
006a28
fff5bd
02c346
06197b
045f82
ffd399
ffbc14
0247b4
01be63
0098e8
01bbdd
01c53f
000a36
ffa1be
ff9a6e
fe60e7
fec986
011119
002ce1
fc2a91
fbb357
fee047
fea65d
fb9900
fbed46
fd64bc
fb6795
f9dabd
fb211b
fad9c9
f928d2
f9a746
fa1887
f84814
f72ee9
f7b076
f7a337
f7557b
f780f7
f6affc
f4b643
f3dd4e
f515d9
f63a3b
f582af
f41b0f
f3740b
f36d96
f3b5a6
f35dd0
f24340
f33418
f58c76
f3996e
ef35a7
f0ce65
f61fa2
f59e76
f02127
ee4bcd
f36416
f9f1af
f8bbf2
efb10b
ebb1ea
f226ef
f86462
f8e77d
f85dbc
f5e6f9
f0cbd6
f18c4f
f91c74
fc6967
f91abe
f76c5e
f91236
f929ff
f73b06
f78a1b
fc1702
00bdd5
0055bb
fcaef5
fadeaa
fb69d1
fd4e0e
007f48
028d8b
0225fc
019186
00ec01
ffdd1f
01ba75
06233b
07c10c
05d7b8
034e32
01c2ce
03ad1d
084350
09a490
080230
089f4b
09837c
074495
061294
08a80e
0b4b65
0b3db1
096c75
08b77a
0abd8e
0be23a
09c56f
098b50
0d4e22
0edba6
0bdf74
08d453
07d629
08b43b
0be6a3
0f4768
0f6db2
0ce563
0a435c
084870
07b282
0a4b62
0eb94c
0fc313
0b9332
0719e4
070514
0a3f51
0d2177
0db156
0c3b14
09e9b0
07b357
0699f9
07726f
09bb6a
0bffb9
0c5a73
09af55
066819
0604af
07db56
0982fd
09bb40
076950
05376c
0723c1
086baa
0481ac
03aead
09fc66
0c20f1
058acb
000198
00d451
04fc06
08c2fa
080758
02f38f
004a6f
0248eb
0413e5
03afea
0354cc
03a45a
02c92d
ffc1f2
fd5229
febfbb
023150
0386ad
016da4
fd5ea1
fb8781
fe3f82
0047f2
fdbcd5
fbb8e7
fcc358
fc87cf
fb134a
fb44b2
fb38ef
fa29f0
fa7ff8
faedab
f925b0
f74c57
f78c33
f89985
f89701
f77cc2
f69517
f60a86
f53187
f5869d
f7cb3a
f847bb
f4ef8e
f1c42d
f2227b
f4d72f
f74e57
f73877
f48098
f2a5c1
f33bad
f364b6
f2bfa8
f4833a
f77f1a
f6fccc
f3d4d7
f2d404
f41352
f4e83e
f5e965
f75057
f6f986
f67823
f8347f
f7cc6f
f388af
f410d3
fbd59b
ffb2dc
fb80c5
f7c2d3
f7805f
f7b113
fa43a6
ff26ca
00880a
fe980b
fdc0fe
fcce82
fb8d69
fe4ead
030a7f
035981
00a139
00134c
01128e
017c30
03026d
05d896
0629c8
03d88b
03d0d5
05a4cc
04a366
03b27c
0717ad
09515c
071154
066767
083472
07df86
071d4d
0803de
083913
08581d
091c80
08630a
08116a
09ca59
09b22c
0807ac
08a99a
09c963
0986a3
098922
089c37
064c7c
0636c2
08cfbd
0b80ab
0ca018
0a167e
0517b2
02e219
04b080
08710c
0ca527
0ceb83
07110b
019dc8
02343a
068eb8
0a2b3b
0a03fc
070f19
057b00
047e91
017358
01322e
06fb79
0bafe1
0951bf
0301cb
ff11d6
00bfcd
04b108
059355
04a8f2
0508da
04c3e7
028bb8
0023e9
ff176d
01e6ad
077388
07759e
ffc272
fa680b
fde15a
0476a4
0613f0
01ee31
fdec55
fe13a9
ffb872
ffe6ca
ff5f53
feffc3
ff334b
ff973c
fde2f3
fb5f14
fc6823
ff3f8b
feec96
fc47bd
fa6ad9
fa1ae1
fb465d
fc1a21
fabe4b
f973c5
fa4dcf
fb1a63
f998a0
f6eee7
f62d00
f81279
f91252
f75955
f5c311
f54141
f500d5
f6b2a1
f8705d
f54158
f067a2
f0fce7
f55199
f6f446
f4140a
f0824f
f132b4
f43257
f2d384
ef58bb
f17c39
f692a8
f62594
efd102
ea72c1
ecabde
f4c924
f81da0
f3867a
f0ad59
f258ad
f1ac6f
efc724
f1b470
f3e308
f34bf1
f40b34
f6f071
f6b7c1
f1a28a
ee5ba3
f44bcc
fe4276
fe60de
f44eab
ef55f2
f59f40
fc24ef
fa72f0
f72455
fb864f
026aa7
ff3879
f5d038
f633c1
ff6cf4
02c5c3
ff9023
fe9748
ff4fe4
ff884b
01d7f0
03ef3f
02ebf3
0325de
055baf
043f48
016d73
0298b5
065701
089691
090858
086996
078ba9
075f28
073afb
0747bc
092765
0b3683
0a663c
08c8e3
0a229a
0c70ee
0ba38d
0991eb
0a9ba2
0d3e57
0d1566
0b34d2
0ad797
0a8737
09466d
0ae5ab
0fc904
11d86f
0e681b
09bbb7
07760b
07e675
0b0bb2
0f778f
1120aa
0e281f
09d771
0840a0
09ab71
0bb841
0cf3af
0db05a
0d83e2
0ad200
06da54
0619ea
09e709
0e5f40
0f7767
0c0cb2
06b835
0504ce
0864d7
0aebc0
0938db
07f85e
0a506f
0bcaf4
08031b
02d6de
045104
0b74e5
0cdd3b
056688
010c82
05cc27
09bfeb
06a402
0349d9
04a1d3
06c2f8
061ec6
03ee24
024bcb
023ef3
03b376
04b57e
030f04
004ad4
008141
037376
03d625
ffb992
fc1ab3
fdb635
022897
02e49b
fe46f6
fa409d
fbb7bc
ff49e8
ff0bfc
fb7201
f971b8
faa8c7
fc4dac
fbdfc7
f94a73
f68974
f70ce6
fb088c
fc85b7
f7db0b
f2dec2
f3dbcc
f7fae5
f8ea65
f60095
f3e132
f524d5
f64d0e
f45bf7
f29913
f3bdad
f56686
f5e053
f4c44e
f16887
efc084
f37ea7
f6df98
f4900d
f1e25a
f3d3a2
f6c5a7
f60662
f1d46b
eec1a5
f15622
f7e858
fbf83e
f95f6e
f2366c
eea8d2
f456e2
fc381d
fca73f
f825dc
f59d80
f63435
f8905e
f9b7ce
f88d53
fb4372
020636
010620
f81e8f
f60ddb
fcb447
00f4c4
00d8cd
007562
ff47a1
fe0623
ffa4f2
02b409
03f85d
03beba
03c577
035dbe
011a7d
ffbbb6
032a88
08841a
0a3525
0869ed
0575eb
02b5e1
037696
07da8e
0a379a
08f5a6
07b8ed
071e62
06c413
08275a
09d0cd
09cee2
0a0507
0a808e
09100b
079ecb
083b34
08694a
07b397
092f2b
0c4463
0d5b31
0b8469
084641
05c644
05cdbf
07f3bb
0ab9cd
0d1967
0c947a
07fe06
047ce8
06a26d
0a3dab
0a6d36
09804e
098896
08456e
05c7fb
04b4ab
05adac
0890f8
0bfedc
0b6951
0625d4
02e9ae
04b22e
065e1a
05a95a
0653e2
08adb8
08648b
04a3f5
018a58
027d80
0676de
08e5f1
065438
014dd0
fff77e
035f1e
05c1f0
03ec9c
01dcc8
028570
033ae9
0229e8
00b1e5
ffba92
006675
02c0f3
020e76
fceed2
fb41fc
002d97
034d02
000f1c
fb8e24
fa1f3a
fbda4b
fe3c63
fd524d
fa9481
fb5897
fce9bf
f97da7
f5b683
f8544a
fcd47e
fb45bc
f5043c
f281db
f712fb
fb47ec
f835d7
f2a549
f1d707
f47868
f63057
f55f36
f2a71d
f1b035
f3e025
f3cdd5
eff234
ef4ea8
f32104
f438f8
f183e2
f0b2f3
f1ea73
f04029
ec1a19
ebff0b
f27424
f8a29d
f699e4
ee0033
e8c02a
ed1758
f4c7b4
f50625
efa5c4
f031e6
f65687
f60663
ee2fb9
eb0a98
f26473
fc54d2
fd6bc3
f3c3b5
eb9e70
f0378f
f9ca83
fa6240
f61b1d
f915a2
fede3a
fb74a0
f33f07
f3bfd9
fc5c4e
015ace
ff4472
fbf31a
fad3c5
fbb311
fea146
01fda1
03009e
022b9a
015a2f
0032e1
fef698
000187
03cfa2
07abee
0897a0
062dd6
0397d8
03dd6a
0595bb
069654
08356e
0a24ea
08cd5a
059a2e
065a26
0aa350
0c8c6f
0aafe2
08dfd9
099e97
0b7a8f
0b7228
097f70
08f1bb
0a945d
0bcf56
0c62cb
0dc4dd
0e95dd
0ceed3
09ec22
0805c2
08efe6
0c4995
0f4b11
0f93fb
0d4a5f
0a3875
08ce40
0a17f8
0c8a80
0ec7bb
0fa515
0c963d
0715d8
05c345
09f1da
0e264a
0f9311
0e523e
0a6ce8
077182
085fa3
0953b3
08389a
09c601
0dc604
0d2711
075a47
03c702
06575f
0b7286
0d31fa
099106
049967
033f3a
0546a6
078923
08b378
085869
061fac
04045f
044067
052336
04355f
03039f
0371e1
038167
01d002
00f922
0287e9
03de86
0260f0
fef15f
fccfde
fe43af
01179a
0098a0
fcf131
fb8084
fda133
fe5e9a
fbbe83
fa12d7
fba5b1
fcb557
fa0858
f62081
f60645
fa5d6d
fd06d7
f93827
f45526
f582b0
f8478e
f583d0
f2483a
f5721e
f97774
f726b7
f21224
f0c768
f3af15
f6d7af
f6b232
f414e3
f2b3ca
f21e24
f01386
f01fe0
f50f82
f92307
f7aa43
f429e9
f1e168
f07b1c
f12355
f4332d
f6a9f7
f7c270
f8907f
f6d25c
f26923
f1f849
f7f835
fcd1c9
fb3a2d
f741cc
f5d93e
f72596
f91ec2
fa5871
fc07a0
ff82c0
00c0af
fc2eaa
f83492
fb8e33
009dba
003b80
fe4c47
ffe320
01c8d2
013f2e
01ad6a
040fe7
0461f6
02aaad
02ccf8
03881e
0246af
02e487
072194
09343e
0792d3
06bfc5
0680f0
0518f0
05bc6b
08bbe2
09aba8
07f8ea
069329
071034
097829
0b4e2e
0a3198
0896a8
08a58a
084417
07bdfa
09aad2
0bceb5
0a7484
06eed1
057515
085b91
0d2e00
0e9157
0b5586
06fb7c
03c386
0387b8
083bcc
0dbd5c
0d8493
097f84
07893a
06b53b
048304
04d9d3
0a2b86
0db3bf
09b89f
03c0c5
030d6c
05b97c
078493
08d313
0973bf
079efd
051a59
0439a9
03da0f
03bcaa
05a17f
080deb
0753ee
03c740
018277
02a2b7
0552dd
06c3af
056498
01b904
ff353c
00bc0f
03e018
049b11
0321ae
015d45
00031c
000073
00d985
00a6a8
005e50
00e660
ff3337
fbb200
fc243d
005e5c
018afe
fe30c3
fb2eff
fae82e
fbab0a
fbea32
fbdad1
fbd7dc
fb1da1
f99170
f8edc5
f9907e
f983ea
f86a67
f7f563
f86384
f81927
f628ff
f40e72
f4a092
f7d903
f97f91
f6a7a5
f21612
f0c867
f37d0e
f5eb2d
f54430
f3ddf6
f39638
f293a9
f0bca8
f11117
f450fe
f73f06
f57b46
ef2123
ebbbe5
f03db3
f60fbd
f62b80
f35bad
f27e62
f42944
f59160
f20aa0
ec1358
ee77db
f90354
fd8fef
f75b14
eff623
ef2b72
f4e60e
fad84a
fa4349
f66398
f68ee4
f86bff
f6ed5b
f4af40
f65418
fcacac
0298be
002c86
f8515c
f661e4
fa3c24
fc547c
fd8718
ffa8b1
004952
009b15
00d0b5
fe7d5d
fdf352
022f82
04599e
01dc0d
0031e0
00c200
01fc46
03e30d
056d8c
068f1e
077db1
05d7a6
02ebb6
02eba6
04919a
05eaa0
07bbc7
07f33e
06d083
083c97
0921e5
06677e
064f52
09aba2
093e5b
06a9c4
07641a
089c5a
080a8c
07e235
088ec5
0ad885
0e53c1
0d31b7
0651f0
01b010
03f900
09f655
0ea95f
0ea74f
0af5e6
080e6b
06f71c
064f37
07a63e
0b69c0
0d71c5
0b37e9
076853
05775c
066bdd
0998f6
0cb169
0c720e
093e07
07a587
081dae
0669ae
043345
07285c
0c9c53
0d268b
08937a
0458a5
0463d0
080ab4
0a1530
077b11
04b662
05ac40
073ac1
066807
05529a
062640
075f2d
064545
03514e
021964
03cb58
058ac0
0501a7
028b93
00999f
01e2dc
04dca1
04b56b
010927
fdf9ba
fdd131
000628
021d56
0138af
fece29
fe4043
fe45ab
fce5f1
fbcb17
fbb26c
fc7ca3
feb8c8
feb6fe
f96aa3
f53e9f
f7af43
fbd16d
fd24a7
fc9390
f97c2f
f4a0e7
f31650
f5df60
f8ce05
f9d1b5
f8fb41
f6abf1
f52936
f5c25b
f5cfa3
f3be65
f3949f
f7e9d2
f9f0c3
f41218
ef4e7f
f44180
f9dd32
f7a727
f5395f
f76ed1
f76c16
f2cd3f
ef5cd0
f2bebf
fcac82
0199cc
f865a9
ee9719
f3639b
fc5d19
fc2a43
f8d003
f90380
fa4a0f
fb28de
fa5e9c
f7b649
f9229b
ffff81
03d5ce
0072d8
faf100
f92ffd
fc773f
0076f6
011282
00ba5c
0224bc
033cf9
02c96d
018fb4
00a9f9
0248e2
04b64a
0417b5
03cacc
061b5c
04f3cf
01e680
058847
0b0e1b
096ccb
051e09
03cf16
045a2c
074784
0a7bba
08eb80
069072
0883b2
09c15e
07f0df
07928f
082a66
07fc40
09b791
0bcf5f
0a262f
06c34c
05042d
05d7f1
0a2374
0edced
0e78b5
09b785
051af1
02f0c5
05067a
0a2b92
0d0b33
0c9960
0b8b21
089690
03b4b1
02d099
0818b8
0d78c4
0ce969
078b29
045a75
067bd4
07f114
058a28
06025f
0b3e53
0c8854
06cc8e
01af38
0287da
06d679
0985c1
08018b
04b4f0
03a5ce
04bccf
05aac6
0619aa
0603db
04a764
02e91e
023bf6
02483a
02afed
03e55b
04b9f0
036992
0132e8
007c2b
010254
014ca3
00dbfd
ff951d
fe6109
fea882
ffb1da
ffcd9e
ff082f
fdf089
fcb171
fba86e
fac688
fab7d0
fca14a
fdfd64
fb5c8a
f79bc2
f7822d
f990e9
f9d42f
f87858
f7ede7
f84874
f711c1
f3f5cb
f2a4e9
f53a00
f8cb69
f91fad
f4bfbd
ef9fce
f00c80
f4a4af
f5a92d
f24b19
f04fa8
f18499
f38737
f3cc32
f1cc0c
f0e299
f254c6
f1a177
edf497
ec64f8
efa2b4
f640fb
f9b2c3
f2d691
e9d276
ed0498
f5c9a7
f503c3
eef1a5
ef301e
f564dd
f92447
f348c3
eaa749
f04a12
feebf5
fe5fc8
f0cb35
ed5b62
f50e37
f9029c
f77a6e
f76139
fb0b0f
fe3d35
fb13a6
f5512d
f69057
fce97a
ff8950
fd7ca6
fa9b60
fa577c
fdfdd0
01163a
012778
025332
0320cb
ff4038
fc7124
ff3046
025f8c
046060
0660e3
056073
036c48
04f080
059f53
038405
048409
079c12
074645
05c20d
064faa
079445
08bb3c
09142c
08c1d9
099e3d
09447c
063794
06fc86
0bcb4b
0b71c2
07769d
082ca4
0a7a07
0a7bf3
0c3dbd
0dfcf4
0af5ed
07455b
067a80
07189f
0abe4c
101223
0fb3c6
0a7e8c
0835e4
08a083
08097f
093c56
0daed6
0f5c50
0af349
0673ad
072e51
09d105
0aec97
0c86e9
0db0ac
0ab4c5
0687db
05c4c0
072493
0994de
0c8873
0b9204
071469
060464
082135
07c324
068cd7
07faa9
08f52d
06f755
046ba6
0388e6
04bbb6
070b2b
078c4a
055463
036c33
03140a
024e9e
018595
0281ee
033302
019a37
0074da
015711
015783
ff7c7a
fe2986
fdf0ec
fd9a86
fd08e3
fce7c4
fd8f49
fe2092
fcd2a4
f9bc70
f75938
f7bee5
fab6b7
fd1493
fb1f93
f632ad
f3c5d5
f56605
f74142
f6e2df
f66ddf
f7d148
f82057
f4173b
eef098
eea20f
f3cd0a
f95051
f8ded0
f20c1f
ed51ef
f03b87
f47266
f46071
f379e1
f38ca9
f213d9
efb59c
eef47d
f144f5
f6b145
fa192c
f66138
f057a1
eed112
efe787
f162a7
f6fdb2
fef2ef
fe093c
f16fb1
e9129a
f1b543
ffbb31
01ebab
faf3d4
f67694
f6747b
f7849c
f80aa5
f98e8d
ffc689
06fe58
044fdf
f97881
f54cbf
fba866
02f869
05ad24
04e2bc
026f4b
00848c
006a07
01e8cb
0575a2
09b515
0a060c
051a71
00a185
024889
07f3ec
0b1ab4
0a9035
0a5e39
0a9db2
082b4c
0562db
075761
0c4bd1
0e07af
0b6019
08df5d
0978f1
0b463b
0bd654
0c08ca
0d17f2
0d26d2
0ae661
096bc9
0b68fe
0de460
0cc4fa
096c06
08c540
0c6dee
10668c
0ffac7
0bbee3
081bad
0751ad
08c3b1
0b6697
0db83b
0e9d0b
0e1c73
0b5c45
069a6c
04a2b7
08d616
0e96e0
0f1784
0a4727
05ee23
05bd3c
0787a8
08b642
0a6b7e
0c807c
0b81e4
06badc
01f2ba
0187e0
06baa4
0c4b76
0b17d4
04ef68
01ce24
037349
05986f
05f825
058615
054300
040d6a
00ed65
fefbf4
01155a
043309
04f5e5
03fb38
018e7d
fddccc
fbf735
fdde1b
00ea4c
00e73c
fdb3c2
fc260a
fe1b70
fe951c
fb66be
f953d7
faaad0
fc34a0
fb397a
f86f49
f7592d
f99a0c
faf30b
f8370f
f4dc57
f4ae64
f72be9
f8d5b6
f662d3
f2aa1f
f319b6
f528d5
f40dc2
f24e63
f2ab9f
f3e803
f4cc6c
f31050
ef2245
eec2be
f17869
f1a0f4
f16139
f2ce30
f14558
ee70fb
efbe24
f21df6
f1dc41
f08734
ef0f3a
eea29d
efe5fb
f0a10c
f1dff7
f4d005
f5204c
f2db49
f16805
edb2ec
ea3f6f
f14c1e
fd9f64
ff084a
f4d522
eba16e
ecae9c
f6d23e
fe2665
fb2519
f6948a
f80d32
f95e0b
f5c124
f30167
f835f7
02c4bf
06081d
fd8c47
f6a1ae
f91037
fc6543
fd8467
00e454
037d08
02301b
006c32
ff5710
ffd77d
03eabc
067afa
03976c
01555f
02a9cb
03562d
0394a6
06168c
0931a4
0a33df
0794cc
02ef83
0246d3
06e1c9
0a3770
096d10
07fbe8
0817db
08f834
087075
06a036
084051
0cca68
0c172f
071545
070c7c
0a6dfe
09c6d3
075eef
083f7e
0b841b
0e3d65
0d6ad9
0958bc
06eec7
06dee6
06d5bf
09c2e3
0ee93b
0e5e08
0928c9
07c3a0
09aec2
0a01a0
097af4
09cba9
0a8f33
0adf8b
09b6e1
0869d3
087f59
08a82e
09e39a
0d0971
0c51ff
069daf
04959c
07da5e
0961b7
089ab0
09272b
09f923
08e5e1
06311a
046015
0652f0
09bfee
097cda
05b187
025311
027c5c
069dfc
096453
06184e
020db9
02fcb7
04d3b9
036d51
014165
00f922
0241cc
02ebae
014f1a
ff83a6
ffd647
0056c9
ff362c
fdd507
fd74a3
fd565f
fc3926
fb61a3
fd2836
fe85ea
fb01e5
f6b525
f78633
fab5f5
fb4299
f8d8a5
f5e18e
f5b167
f819ab
f8130a
f49963
f2a645
f4bbf5
f80de3
f76c9f
f1974b
ee645a
f3485d
f7b642
f3d79e
ee735f
f00607
f55def
f61b86
f19332
ef4344
f13f13
f187b8
f0508e
f25417
f480b7
f3d53f
f33a81
f25396
f18d77
f4a769
f5b0ca
ef4092
ed97ef
f80031
ff9db8
f9fab3
f07044
ee0640
f3de39
fc4e03
ff717b
faeb42
f5eb80
f76c98
faf998
f8dcf4
f723eb
fee642
05efec
007805
f9cc23
fc8333
ff0ea2
fd062c
fecca0
040528
06182e
04dbcf
01b2c9
ff58c6
0285f4
076a5f
068deb
03656f
046e7b
07197c
072790
064853
079224
0a00ca
09b307
068bb2
057a34
084d6f
0b164f
0b282d
09bff1
090f2b
09fad7
0a9b0f
0961cc
095796
0c2e77
0d2704
0a2a72
08b9a4
0b6c59
0d3504
0a9628
07577c
090fed
0edee7
113c4a
0cd24e
07c590
0710f8
089a12
0aca61
0dd3f7
0f2b62
0d8e54
0b131a
08a2a5
076096
0971f7
0cd195
0daca7
0c0f4d
09e42c
0907a6
09f758
09e727
090ac8
0b7a32
0de688
0a4aec
06036b
0729dc
0918aa
091994
0a8695
0b9db4
08fb3b
059341
04f72e
06d447
094ac2
0a085a
07d17b
043473
026d2d
04530c
0752c7
076db5
0568b3
03f8f3
02ddb0
01e3d8
0198ce
01a4e0
02a7bb
037135
0096ca
fd6c7f
ff9735
0220bc
ff2565
fbe86d
fcbc4b
fd7b81
fbd256
fa54d3
fad2d8
fcc7ab
fd2c53
f953e8
f46f16
f45db7
f8d831
fba468
f94baa
f4c2fb
f1ebd3
f1df4f
f45dd5
f6ab20
f57037
f308a7
f2987a
f13478
eec60c
f03311
f34807
f27e15
efe93c
ee9d03
ee1ef6
efaae8
f26f90
f20053
eec790
eccbbc
ecd864
ee29a9
eff236
f1025a
f18015
f14e5c
efc65c
eed8d2
ef8000
eefa38
edcd72
f10c45
f7fd1a
f8d1a4
ef1ffc
e7e01c
efeb6a
fc6de7
fbf864
f34d92
f07652
f41741
f7c949
f79f3d
f47360
f640a5
fea100
009557
f84828
f3f23e
f8ffe4
fd8717
fd527c
fd03f7
fe75d5
ff9a29
fef00e
fdad63
fe6465
00d901
0246d8
01b912
011a5c
01f84f
024dff
0072a2
0124f3
072c63
0a43a4
05013e
00056a
026102
06b606
07074c
05415d
05ffbd
09356a
09a0f6
05c42f
03fcef
071e73
09b49e
093538
08e191
09705c
08de9b
071c88
05abcd
06c1d0
0b7d5b
0fc2b5
0dc678
078bb9
04a13f
068d9e
0920fa
0b767b
0df86a
0db8a5
0aaf39
090373
08cefa
084c09
09f4ec
0dbda9
0e468d
0aec98
089747
08c4ac
09fea5
0c140f
0da5b5
0c8d5b
0a6f8b
09dfc9
0980e2
0868d4
097fe3
0ccfe0
0d9b8c
0abb49
07dac7
072eab
08d7de
0b7e00
0b8154
08837d
070659
07d241
07811c
069408
078bb7
0908a6
08716a
05e978
03c616
03c275
04d1bc
052ded
04a349
0314d1
018d6b
0279e3
03c845
013937
fdf12f
ff13f6
014bbd
ff7b34
fbdb43
fb3e9c
fe3d54
007dc8
fd4fb4
f71d3c
f5679f
f93aa0
fc36fa
fb44ca
f8d034
f677cb
f452a5
f38816
f48490
f5f343
f70879
f6d38d
f3b112
efaaba
ef5d0f
f21eca
f374ad
f2d85a
f1f410
f09f35
efa174
f06667
f13b7b
f02e39
ef1851
f02283
f154a3
f020f6
ee9654
ef76d2
f12aa8
f245a0
f39e1c
f33953
efb281
ed14a9
ee6da7
f385bf
fa3bc4
f9eaa6
ef4a14
eae083
f6796c
ff0d11
f793c6
effe39
f4a311
fc4f87
fd2a9b
f7fe0d
f43aef
f8fc9e
010b70
0047b3
f9a810
fa5bca
010604
01a7f0
fc67f0
fb95c7
00a536
0429f8
0431f5
042512
03f73e
02cbae
023742
0263d5
03bd99
0770c3
098ca0
07084d
058484
07c137
0824eb
065618
07ac3d
0afb04
0b6c36
08c952
065b2e
07b1b9
0c45f8
0e14bf
0b49b5
099ab1
0a8443
09a41f
088144
0c23f9
10d6cf
0efad1
086560
056855
08d26d
0eae68
12139d
107e04
0badbd
07e5cc
06ccb6
08456e
0d1128
121f28
115f0e
0c1c96
093c0c
094e05
092230
0a849c
0e94dd
1067fd
0d7951
0997b8
079f09
08289c
0c1b74
104c55
0f090f
09ffd7
076c36
07c359
08ca62
0ac4c7
0cac3b
0cb4e3
0ae195
072de7
048302
07aa08
0c88e8
0b1ca8
06444d
0498fb
056a51
072ef6
090683
078e31
0459aa
044ac1
04f2c9
030b1a
024532
0436a7
04deb6
026c9b
ff4726
fef404
01c2c8
02b3b8
ff7536
fd138a
fdfbde
fdc54c
fac548
f96e23
fc9629
0017bd
fdb8fd
f73dc4
f47d66
f68d91
f83ed5
f8c776
f997a5
f87217
f48c6a
f162e1
f14cc4
f38768
f65d7b
f78949
f4d491
ef4fec
ec5bc0
ef3a40
f3691b
f38073
f1077c
ef7a9b
ef123a
efc474
f12811
f0a84f
edf8d7
eccdf9
ef1792
f1dc51
f183a3
ef0c72
ee4d86
effffa
f2140a
f348f1
f20a86
ee357d
ecf385
f1b368
f74f27
f7a315
f334c3
ef5b16
f15cb7
f77160
f96da0
f64322
f54f07
f7bb62
f88c82
f78222
f7227a
f88f62
fc9ceb
ffe1af
fd7cdb
f97d3c
fa78b6
fd73b6
fdd7aa
fdf718
ffb76c
014cec
01d90d
015a02
006b86
00fc4f
02971e
02a567
01c6f8
026114
0442ce
05d484
05ff6b
04a956
039908
045a69
05df30
068090
062920
05de25
06628c
06d1ab
06164e
05a678
0716cb
0915d9
09661f
0739b5
047c2c
052093
08ecdc
0a7e8e
086dc9
066d2d
05dec0
069821
08fd60
0ad1a8
0a4d36
08d6f5
06545e
03a4ad
057eb3
0ac099
0c2c4c
09b939
08e2a0
09653c
081042
05b117
05bc37
099870
0d2e3d
0bb0a7
07b8e4
065f1f
0760be
094ccd
0b63c9
0b0cb9
08f945
08bb22
088967
067b02
071acf
0b82b7
0d47a0
099c1f
054a65
059fa8
09f516
0bc55f
083da5
05824c
07446e
08b78a
0769bf
0689f0
06e91c
073e69
07788b
068fe9
0425da
030a59
046071
05867c
04fa0e
03c259
02b267
01dbed
014e6a
014e8d
01c0ab
015208
ff2e22
fd38f6
fd5abe
fe7be3
fee986
fe700d
fd0861
fab5fa
f877fd
f7ea13
f9ee4c
fc387c
faade3
f6c959
f623c2
f72cf2
f4c4b6
f3299c
f78365
fa6086
f4e4db
eeced5
f08898
f5463f
f51456
f14d0f
f05688
f36357
f57dd8
f316d1
eeb05e
ed9fd7
f14d14
f457b0
f1f668
eeccdc
f12ef0
f4febf
f3ca08
f0b1ce
f11eb6
f3727b
f313ea
efe3b4
f036e2
f7b4bb
fcd212
f61d48
ed3a52
f006e7
f9d185
fda731
f947bc
f485d8
f69351
fbba29
fa0101
f4cd3c
f8d53a
026cda
031b80
fba8c4
f7e678
fb4dec
000aff
006392
fe487a
005eef
04908a
02fcba
fea9f5
ffc185
0438eb
06052a
044882
0183f8
01f78d
05e85f
0704f6
04ee7a
0623dd
0860ab
05c2cd
03196b
05c388
09422c
090168
069d3b
05a8d8
07aeaf
09bb73
089fdb
073b38
0863ff
08e60d
06f636
0670da
09ef9d
0da75c
0b5513
04598f
02a916
091790
0e208b
0ca40a
09d4d7
08dc2f
07e8cd
067c1b
063cec
08ef25
0d75e5
0f294f
0c61c9
0882ac
05b3a5
04f0c3
083568
0d86a8
0fa4a6
0d5138
093c1c
064cab
06bc96
09e910
0c865b
0d0bb2
0c5217
0ab60e
0816e5
062a5c
084008
0d76af
0ee0b3
0a1182
06271d
078990
0a20bc
0a7da2
094be4
0843e7
091df5
0a14d6
0775ca
045d04
0646ad
09dc9b
095426
0622ad
03d6f3
038953
054794
0678b0
046998
0217bb
0300c4
03fce1
017017
febd6e
0039f6
02df57
01232c
fcb277
fb7c10
fdb58a
fef4a8
fdb17e
fb5fb0
f93d2d
f84669
f8be6f
f9da82
fa9ecd
f9b317
f682f8
f35bde
f2df0f
f4bf92
f709f3
f7830c
f48809
f05cff
efbef4
f27f5c
f38282
f14c14
efb6a5
f0c575
f1f805
f10a8c
eec6c2
ed83fa
ef2173
f240b2
f22af9
edf25d
ebaaf6
ee9f28
f187ef
f08be5
efdb90
f2b4ac
f43d32
ef57c8
e8e2de
eb3f00
f699fa
fd5d32
f6339f
eae1d7
eb5dc8
f6447d
fb3e17
f53772
f1625d
f6ee31
fbaeb5
f80643
f272eb
f311e7
f9f9bb
0050e8
fed612
f8d662
f82d6a
fb8dc6
fba6ef
fb9739
ff041e
00608d
fea457
fee510
0044d7
0054aa
006631
005063
00a9be
02df94
03425b
00f164
01f547
058e9d
05716e
02fe24
023f1c
035563
05ee6a
071e69
049d15
03bcc6
0655ba
063b71
0467be
062ffa
082e60
071860
05cb56
057c11
06ed3d
09e6df
08f368
0452a3
03cda1
072070
0989b2
0bdfb3
0c2301
07929e
0402b9
04ad73
0652b6
09efd8
0e3d21
0ca77b
084c19
08197e
08417f
0643be
07a2cf
0c378b
0e9fec
0d6d48
093817
050f3f
06794d
0c553a
0f7a08
0da7e2
0a5f75
08b8dc
08c959
08f8ca
09f1a4
0d5b4e
0fa3ae
0c4546
06ee7c
069998
0af8cf
0dbf9f
0bc1f7
08a03c
089f7f
0a36e8
09df9d
083e74
082902
09f089
0aa515
07c542
043d4b
05054e
086c50
08cfcd
05d84b
034916
030eaa
043a6e
04afec
0402e5
0369a0
01e544
fea18f
fd1873
ff327c
0172c5
014f40
ff749f
fcaaa5
fa0646
f8aaf8
f921a2
fba8d8
fd5aca
fa4498
f59575
f55a0c
f7abf0
f788e8
f5887d
f473b6
f4e550
f5392e
f31abb
f0516c
f13980
f3f263
f3766f
f10300
f00207
f04759
f116c8
f19de1
f0bee4
ef7e80
ee0a59
ebf586
edcede
f4d141
f705de
f0088e
eaf859
eeddc3
f38128
f0db93
eb9478
ee731f
f97fe1
fd46b2
f1e8d0
e759cb
ece51c
fa0009
fe7f26
f7d5cb
f046ef
f29412
fada8a
fa6bd4
f2d9b1
f54ee7
00fea3
03767b
f9f836
f3b186
f8447c
001d72
01923c
fdb6a5
fd6a39
018f7c
023adb
fedc39
feb636
02bb68
052a60
0370ef
00eecb
01a44f
046797
05a03a
061b83
077a47
06fc3d
03edd7
02a48a
0521db
08ee82
0ab3e2
089263
053e87
05ae24
08ee2b
09b465
07b484
074888
09976e
0ad35d
08c59f
07491e
09953f
0b588b
0877db
05b6d4
08bab7
0e189c
0e9124
09eeaf
06b002
07913c
08afe0
08e98b
0b80a0
0ebb85
0de210
0a9734
08aeb6
078ea3
07376d
0a332f
0f1278
1076a2
0c7dea
0770e8
065987
09293b
0c7657
0e65e0
0e4d00
0bbf05
08c80b
07d41e
08757d
0a6ff1
0ddb86
0ec3f3
0a6210
063b23
079345
0ab32f
0b013e
09e747
093158
08a6b5
0865c4
0768cf
05ab09
06b2e3
09b31f
088fe9
047fff
0411a2
05a709
04944f
02e7d6
02cc85
02fd2f
037c27
033db8
006477
fe2265
ff802b
00c69e
fe9402
fb66ba
fb1072
fddcc5
ff5a8d
fbcc62
f71dbb
f6e66f
f92f47
f99860
f80b63
f61c32
f533e6
f6004c
f651eb
f44cc5
f1ed01
f16642
f2a4e9
f4982c
f4c41c
f12eb7
ecd501
ecb09d
f028e6
f28802
f24979
f0edb3
eec433
ed0a77
ee23a7
efc2bc
ee30f3
ec7dab
ee92b0
f19b8a
f1f524
f00db1
ee6729
effb90
f30f8d
f10afa
eb3190
ebc2b6
f53e64
fd0919
f8a3ce
ec6b8e
e9b995
f59919
fe0a1b
f8c3e4
f3025c
f5b559
fa0955
fa0517
f55c54
f2a4ed
fb9d35
074eff
02d8dc
f654f3
f5e5e6
fc8341
fe49ee
ff6026
0247af
02df67
0206ce
006aff
fe483b
005fa9
050137
051096
03147e
03965a
031731
018597
03b1e5
082320
09f8b4
078d4c
029404
00db12
056d92
095a71
076416
051915
06c9d7
08c75c
07dd7a
054f56
046903
071eee
09cb27
082995
0608d8
077dd7
07b905
042520
038da2
08dd52
0d3cac
0b730b
064134
038b96
0523ca
06adfd
05e629
075cd1
0b8d94
0bff9d
089992
06bb73
05b8e4
04426a
0622bb
0ae09b
0cf286
0ac025
06981b
04022b
062e51
0acb24
0cb091
0b5b33
08996c
061a5a
06a16a
08c360
08d486
09ca61
0cfd5e
0b5298
054081
050db7
0a65b0
0bf450
093bf1
07370c
06ac3f
07683f
08fe31
08db63
0760b8
07adb8
088e3d
06a1d7
03c8b7
0428d4
06b4d1
072212
051048
03c4b5
03f7a3
03437b
0162f9
011bc2
0319a0
03d1b7
00af60
fcb7b1
fc8e5f
ffa703
0152e1
ff5403
fc0b25
fa4c81
f9fb49
f9ef51
fa65e4
fb32fb
fa999e
f84c78
f65d14
f6103b
f657f0
f5c1da
f51b22
f653f9
f76f69
f47905
f012b9
eff78d
f28649
f39c14
f487ce
f5873f
f37b42
ef854e
ed5502
edd3d1
f127ca
f52e70
f516cd
f1c57f
f051f8
f05ad9
effa8c
f12b28
f3f13d
f5b3d3
f48e25
efe999
ee5ef3
f6efaf
fd898c
f47372
ebc292
f4e6cd
ff2481
fa30dc
f34308
f54937
fa0c25
fd3f10
fbd244
f52e9f
f63ecf
025816
059976
fb3962
f7285f
fd1b29
ff24fd
fdeb69
01553b
04d64f
030639
ffc797
ff3acc
00f0cc
02f060
03c296
03c19e
043df9
051811
0492b3
02a210
0326ae
0760a4
0874ad
036cd4
018522
071194
0a4358
0613da
029ae8
04d9f1
07fd69
07c3e7
062055
0674e6
07c5af
06aebc
04b9da
0645ee
096404
088105
046b1a
02f8d7
068c0e
0b54b1
0b6eaa
06a509
04345d
072fcd
08544c
0477aa
041190
0a225d
0d611b
0a167c
06bdf0
05b2ae
053334
06ee54
0a6624
0ba70f
0ad7da
0978c7
06b0de
04c542
070f32
0b457a
0d6182
0c7342
09d717
07fb46
073bda
066fd7
0828c2
0cff51
0dd104
08c942
06a0f6
09f093
0b8e34
0934df
07570f
07fb66
097344
09b69f
083a06
06ba23
07561e
095106
090f89
05967e
03d0a7
065edc
07d353
051fbe
02f84d
03576b
037e04
032cdc
02ecb4
02185f
019f7c
01336e
feeeb1
fcd311
fda2f6
ff6a5e
ff5c41
fd452f
fa6947
f8b4d6
f8f3a5
fa5d59
fba3f1
fa4586
f627e4
f42da9
f58b79
f599cf
f49e16
f64558
f7a68d
f43c0b
eecedc
edacfb
f1d72c
f4dac9
f28d03
f05046
f1d044
f1d668
ee6efa
ec0ae3
ed318e
f24446
f64fac
f057e0
e6c4bc
ea7460
f6ab5a
f86ac6
efdedf
eaf5b5
ee10b3
f28daa
f12df8
ee2667
f44a9f
fc3038
f5303b
e98208
ee23f6
fb007b
fcc868
f5ab48
f1dabc
f5380f
fae574
f9e838
f3856f
f636a9
0272c1
04b0aa
f8dbb0
f2b1d8
fa310d
0115ae
ff7609
fdb795
00aa19
0272fd
fff7fa
fdc869
ffbece
03cd73
04c019
01305e
febf70
01db53
060848
05dc31
042581
04f25d
0545ac
022ecd
00f27d
05f8e6
0a631e
0711ba
01bff8
0244dd
060e4c
07e372
077d02
06955d
06c727
06b72c
037e04
01a584
06d7c7
0bb76b
084a77
0333ff
03bbdd
075ce0
0a374e
095d84
04ec9b
03d8ee
073fe0
06ed33
044062
0751d8
0c15dd
0b720d
083ba3
0593b5
03d86a
057863
095128
0b6f56
0bd978
0a340a
05f067
04764a
08903c
0c641c
0c8b7f
0b3b9e
0953c4
07700b
06c078
074512
0a7a4a
0f6494
0e7fa7
071fe3
049f8a
0a774d
0e187a
0a76a6
0671a1
075ffb
0afdb8
0c3dfa
090a74
05c045
07ebe4
0c2b48
0a6804
0446bf
02fe3e
07a7c9
0a7274
07aba4
034b84
0235df
04f1c4
06d217
042127
00c883
01769a
02f403
01460e
febbc3
fe3953
ff7eb0
00cac4
ff6db5
fb9f9f
f96f48
fa249e
fba358
fc503e
fa3492
f67358
f69849
f99b59
f8876b
f4a238
f39720
f4dd53
f618f8
f563ed
f19afd
f05cb6
f47ce9
f4d24d
ef2db6
ee399f
f2edbd
f4e6de
f2f9d6
eed3ea
eadb12
eda229
f42f60
f36037
ee9af9
f0237c
f38683
f1c3a4
ef7878
f049c0
f06bce
eeea08
f0e2e4
f7ff6f
fba6d7
f4345f
ea5ad1
ec7263
f87e09
ffaf40
fa7adb
f1a4e3
f33b7e
fc6b1a
fb9f07
f15ebb
f2b07f
01a909
0848c3
fefe3d
f5960d
f6d34b
fc9434
fec822
ff1ec2
026477
05f02e
040449
fe7a63
fc2b7f
ff645e
0465f5
06d20b
064b56
051304
03a3bb
020e22
02b978
064425
091206
084886
05af9e
054a46
0772b9
07cbdc
0568b3
0554a6
08e422
0b1675
090fd7
05acfc
061eda
0adda4
0c13ba
06c67b
051dda
0a73fc
0b2721
054616
05136c
0c3cfc
0fef64
0bf733
063a36
054a1f
08a693
09ffc2
08ba1d
0a382c
0c9f74
0b1771
099d30
0b284e
0a970e
078607
07cfc3
0b7cbe
0dd14d
0cc9c9
097b27
070ba1
08312c
0b96e4
0e16ec
0e1487
0bec71
09fd0f
0902b7
06fa31
069fad
0c4b22
11236c
0ca07e
06409b
0816f4
0c839e
0b3eaf
078ee3
073b1a
09dca1
0b0b13
0779f4
038f80
06d2d1
0d199d
0bad1f
0493c9
01ca8c
040b28
05bd3e
05481a
042f9c
03c9f0
03d17d
024e4e
ffac25
ff4426
01aa62
036ed7
011cae
fb3537
f7df6b
fb4506
ffb6c6
feeba4
fbabd8
f962ce
f709f5
f6125c
f7f929
f8e9c3
f71372
f5f1b4
f63249
f49c01
f0df03
ef3067
f300c0
f86f49
f71e75
ef2239
ea5e23
ed0758
f0cf67
f15d30
f10387
f14915
f0adf5
ee6b6c
eb7c09
ea6739
edbb81
f2bf62
f292c8
ed3b42
eac841
edf7f3
f15433
f21b8b
f1cac5
efe4ce
ec3285
eb3edf
f1bf3d
fb242e
fa5b33
ed93fb
e7a869
f2d551
fd4170
f958c7
f39ce4
f66627
f9fef9
f793ce
f23c20
f270ba
fda478
081aae
01c65c
f4cdf2
f4cabe
fc2ab7
fe5aac
ffc3d2
03b93d
043ef0
00dfed
fd6ef3
fc46de
007d0a
0760ab
08aa9f
04290a
009b28
0099fe
02e152
05a230
0834d9
0ac914
092c50
017f06
fe9ba4
0694dc
0ca8ed
094efe
061592
076a91
07bac4
05d3ec
049d63
06b8fb
0c5e31
0e14f8
073ea7
022580
060835
09c939
07a3e7
06b5bd
0a88f4
0d58cf
0a77fd
04baa1
0397f2
08a543
0b9f19
0852f6
063289
099f2e
0c0f6b
093fcc
065748
07c448
0a5b1b
09f596
07f4a2
07df87
09ca0f
0ac375
08fb75
06c6ff
081f17
0bba62
0c2828
094d1c
080451
08b0ab
084f0f
07d420
0989ca
0b460b
09dba4
074f13
0839cf
0b7df5
0b1dbc
06b8aa
0469b7
06a05e
09d97a
0a5f01
079122
0565d1
07753f
08e223
04d379
02229b
06429a
094855
058be3
016bff
01b51d
03888f
03d9bc
028c86
018316
023d1b
02547c
ff554e
fc25cb
fc694f
ff1330
007a20
fe8cb8
fb7dbc
fabd53
fac95b
f90d8b
f85ab5
fa1964
fa361c
f7fd8d
f6bfe9
f619d1
f4b095
f47818
f61633
f71262
f55924
f1504e
ef3626
f27286
f5b28b
f24b1c
edb6ef
f09e4e
f62cc2
f4a40a
ee1d83
eb2a89
ee2201
f3458f
f49c78
ef83d0
ebcc7b
f115a7
f6bc48
f32041
ee8d5f
f017d2
efe415
ed9b87
f36de3
fc4b57
f98bce
ee5d08
ea5d75
f1ff6c
fbd283
fdd98e
f833a0
f3d0b3
f5cdc4
f871bf
f5a3fd
f3811e
fbae3b
06e6cc
04736d
f7ddaa
f3dc7b
f9c7d8
fdb5d6
ff5833
031f85
0568f8
032cb7
fe1f52
fa3c34
fe1052
07f80e
0abfcd
036ce8
fecc6e
01f056
04ad31
03f32a
05af06
0aa77e
0aab46
036f28
ff8773
050062
0ad024
09d002
06f38a
0704ec
080a4d
06f956
04cd65
06a589
0cf715
0e75d0
0739ea
01ea6e
05e4b7
0b9fae
0a95a9
061a6e
0710ed
0d68b8
0ee487
0839a0
038e2c
06c820
0acb3c
09d80b
080fbf
0a4105
0d74d6
0c02f6
07c230
0726bd
09e24e
0b0762
0a4713
0a2e25
0b744c
0c543e
09b085
05f2b1
0897e0
0f5b64
0fdbc9
0ac989
08d152
09c20b
08e504
08092f
0b1ad8
0faaf6
0ea894
07f96a
05e5b7
0bfb86
0f6e31
0ac93b
064a86
07a153
0b4bd7
0c1272
0882ef
061be0
0a08d5
0d90f8
08febb
03245b
04925c
08e6e6
09271d
062534
03e09f
040c0d
04f7dc
044f3c
0321b7
036719
03ba15
023991
ff925b
fd8194
fd8df4
ff6628
006c61
ffa565
fe272f
fb2e35
f70262
f6830b
fb3872
fe2205
fa80fc
f58b74
f4af96
f5590d
f43291
f3c7e7
f64093
f797d9
f4197e
ef8816
ef26a1
f11ba4
f0ed07
efc9be
f0ccb5
f2aaac
f27c16
ef6ee7
eafcba
e98f74
ede6d2
f2b5cc
f19e09
ed7c3f
ecb71f
ef2060
f03ba0
ee7e43
ecc24a
ed5231
ee935f
f043a9
f475ee
f61201
eec35e
e7f3be
edcb2b
f80638
f9367d
f46057
f18788
f238ef
f56d9a
f60b6b
f1c6e2
f35c25
fe58c5
01c50b
f7bd06
f1e04d
f703c6
fb565a
fba480
fd9c3f
ff83b8
fdfd5c
fbd9a7
fc0c98
fe81d6
014358
017f87
ff8e91
febac2
ffe73b
01b831
034cab
03cfe0
034d21
02d54b
0222d6
017bf1
033d5f
067029
069edc
03f98f
03029e
04696f
05578a
052850
05603c
06e28e
0859f3
06d2e7
034271
039c9f
081c8a
08a44c
04119e
03d5c6
0a04e2
0c8d7d
0772a8
038929
0611b1
0872e8
0662da
05c608
097206
0b8f58
09f219
081d75
06f138
06ff54
096cd4
0a981e
092154
099ba6
0ac266
087c18
0764da
0a92b8
0cdd2e
0cb3ab
0b9b72
08d2fd
07a351
0a6e53
0bd33e
0b2fd7
0d0623
0d5acd
08f1e1
075281
0bc54c
0f6fb9
0db08e
08cd72
06d0c2
0a8311
0d3974
0a0970
07f803
0babe6
0e32d3
0a94fd
05513d
04af9c
090b77
0c3208
0a0b87
065442
04b972
049929
05d61b
07441a
061746
041d52
0400cb
030e05
002803
ff4920
018a2b
036148
029393
ffb23a
fbf894
f94600
fa5fcc
fec893
00ca7c
fd4cd6
f8644d
f5ab45
f52edd
f756b8
fa8d10
faea04
f8175d
f45abd
f180df
f193bf
f3a118
f48fcb
f555ca
f61ead
f31015
eeb2b2
ef767a
f22305
f0811e
ee6b83
f20bf4
f731f4
f3e76f
e94e59
e6f768
f3302b
fd4933
f70031
e9b625
e5f9fc
eef694
f9c8cd
f99660
f02f2b
eca851
f37cb2
f89a9b
f4c4a8
ef3933
f13f7b
f99d3f
fd7c2b
f709d8
ef2cca
f135da
facd13
0044b1
fd1d4d
f8f16c
f941da
f8d835
f67138
f9dddc
01115b
019e25
fe464a
ff28f2
fff95f
fc872c
fb3bb2
ff7e41
043f16
049dde
00f994
ff10ec
0263a1
04f7fc
0246c1
00c0ef
04c2e8
082381
05e461
016634
005d12
04425a
08aa53
08b973
05efd6
04c6e7
05de18
070b9b
06a661
054471
061fc6
09799b
09b53a
056d42
041d33
08c6dd
0c149e
0a0a1c
07c692
081247
07c955
06a540
07ac93
0a5c99
0bbd9d
0b36b6
0a29a1
09e45d
0a60cf
0a1b82
090da7
094757
0aa64f
0b742e
0c3fa0
0d2862
0c2e1c
0a081a
09b9b5
0b659c
0d2a11
0d8f07
0bc4c3
09d19e
0ad5e2
0d1621
0cace3
0a9847
0abf39
0dd00b
0fe54b
0ca08d
06606a
054d92
0afb92
0f7ae8
0e0de9
0a7e7a
08cb8f
085c8f
07d55c
07fcc8
095178
09ddc3
085562
06a103
060f0d
057c4a
04f4c1
058bdc
0616c2
04cf99
028fbf
01438c
00ce8b
000e5d
ffff0e
01992b
023ec3
ffe969
fcb75c
fa2ca9
f8852a
f9cb32
fd3593
fdd227
faa1e0
f75552
f61b53
f621c7
f52547
f3d941
f67a3b
fa0d5d
f5e04c
edccf1
ed4259
f265da
f490a2
f3bc71
f2afbd
f0eef6
ee7f5f
ec9f34
ed30c3
f02a99
f14daa
ef7d92
ee91fe
ee7f44
edbf08
ee832f
f04164
f09d9b
f0148a
ed367e
e94b7d
ecc2db
f667fe
f8e4e9
f143ee
e9d784
ea87ea
f2b228
f93a85
f67334
f1732f
f386eb
f693eb
f28e19
edee71
f3629b
ffa93c
02beb0
f80072
f04ff3
f528a3
fa6576
fa2333
fc1a85
ffd4b3
ff6a4f
fc407d
f9d10d
fb0975
005e36
02e533
fffcf9
feda66
003c2e
ff1179
fe72c4
02365b
067bf4
06af5d
02110d
fdb401
00a9bd
06fbde
06f626
02d234
0241d1
04a7a2
05f640
04f1d7
03eeec
06e23e
0a4259
064f3b
ffdd0e
01be1b
08d726
0a9d1f
064b83
03826e
067d65
09f576
07770e
03ea4a
06b51c
0a73b0
07ad42
032b8b
040ed8
08d810
0bffd2
0aa082
070a9c
060e4e
07ae99
080f43
076161
0848d8
097e44
08d4cd
07ee5e
08db7f
0a3d6c
0a1083
090cc4
08fea3
095765
082fc4
06a966
088052
0ce925
0d696e
082fd3
0488ab
07f180
0d8de0
0d3f54
074741
046b20
08a90e
0c0b05
08a200
05b03d
095503
0cbdbc
094b09
03a38e
033e8f
081af0
0b4118
082708
03925a
037535
056acc
05869b
052d1f
057cc9
04f0bb
02ef06
fffea2
fe3c8a
005600
0427e0
04a9d8
018c20
fe0f37
fbe7d5
fb249a
fb531e
fcba57
ff9868
00a728
fc66df
f6753b
f4ded1
f78e90
fade20
fc7999
fb15a0
f6db1a
f26f8c
f17bad
f4f3ea
f834d0
f73078
f5b5c8
f6c31c
f56d4d
f09a46
ee622e
f02d3d
f3e87c
f8842d
f82a47
f0ab2b
ecd578
f1a4b7
f5cd1b
f5e272
f52851
f12ad7
ec9819
f0d4b2
f9af04
fa8e4e
f44b11
f03c6c
f1a4ae
f633f4
f99d90
f86fe2
f4cd99
f4b4f1
f94504
fafe7c
f58f88
f3797d
fc9140
033dd9
fca4d5
f5d1ba
f8ab88
fc1341
fbc18f
fd9d38
00e1c5
00f76d
fea348
fcdaeb
fdf65a
015e76
0296b2
00a159
ffa0d9
00fcae
027311
02ba12
02e762
0483b4
05519c
0296e2
00aa53
036b9a
060253
059b93
05603b
04bab0
031453
0450b3
06e3b2
0641d4
05baf2
07f8e6
07739e
02f4f9
021f80
073ccd
0a1b44
065537
03779a
0730e6
0ae312
089e68
04e7dd
048807
062592
071d8c
06e1e9
07c6a5
0a8e29
0a1c13
05a4f3
04f9ef
08b18a
096931
081757
08eaf6
08a5db
069a4d
071d70
08fe32
096a75
0a43e5
0b78c4
0a56ea
07e8e2
06bacb
06dc38
07ba4a
09e52c
0d1cc1
0db900
08c3da
03e686
0722c9
0dfe9b
0d6d44
066fcb
03bf29
0855ef
0cc198
0b5b37
076b8b
071aed
09a259
092e92
05de99
057d7d
08188f
08911e
06d4b3
05ea1a
052a01
045e3c
056d75
0689b3
0516cf
0347ce
02aeea
01683a
ffd329
005f18
02a634
03ce8d
01eb0a
fe8bd0
fca673
fbd49a
fb40f9
fce161
feefe3
fd0724
f9e5ac
f9eeef
fa42ad
f861bc
f6d327
f72baf
f8a51c
f8c698
f5be32
f3ac3e
f52c0c
f48d68
f1a6d6
f3c688
f7f47a
f67268
f25a02
f01113
eea73d
ef83bc
f2867c
f3b726
f38b23
f399ed
f2ade5
f20a00
f1487f
ee0f2a
ed39a4
f1a91b
f53d58
f737bc
f840e1
f17ba1
e95894
ef51e1
fa51fa
f9a09b
f4acf6
f49fa0
f5312d
f6111e
f5b618
f0c803
f3a8a8
021e60
04ebf7
f719c7
f0eb1a
f6a910
f9b503
fb24dc
ff5849
009e8e
feaf4a
fcb364
fa82c5
fba696
0067b4
01e7d3
005a08
001015
ff4f10
feb312
00bbf4
02597f
03628a
059d7f
040b73
ff156b
ff5202
0381f0
04dc95
04c2e1
04be1a
03a444
0377e6
0395c6
02e178
05d03d
09bcc4
05b223
ff1dc3
013da5
07838b
0842fe
0491b3
02c9f7
061e46
0a2be8
073300
00d077
01b994
07698c
081bb2
05469f
04f155
064479
06b4eb
064307
05fb38
070072
07b9e2
05de36
04350e
059094
06eb27
069243
074662
08bef3
083165
06d305
06e27a
0749bb
06b84a
0599ac
050c1e
0730e7
0b8712
0bb26c
0572e6
02242d
07a472
0cce20
097df3
0374ec
02faae
080831
0c2519
090f87
029225
03c9e8
0b398a
0b77a1
040c37
0147b7
054728
07f144
0694de
0499b4
0467e3
051c01
047920
0328f4
035a90
03a344
02679b
017e5c
012e40
002a11
00039d
0177bb
02166c
00ab54
fdb1c7
fa8f59
fa9518
fde71c
ff6fae
fd560c
fb41c8
fa8a0c
f92515
f7450d
f78987
fa85a9
fc6ae2
f93ac9
f36a34
f1e558
f62c37
f9b021
f7847c
f3b6e0
f40f70
f616f4
f47904
f162b6
f1daf7
f49e9e
f5718d
f3ca1a
f230ee
f25cd8
f3a03b
f4eff4
f5e685
f45458
ef56d8
ece2e5
f2b377
fbff63
fe3aeb
f5bb43
eb7081
ec4621
f72978
fde0ac
fb7fea
f7d78e
f6bad4
f685d5
f5d665
f3b417
f57c40
0075f8
082c8b
ffaa69
f39bba
f3a22c
f9cb14
fe1c68
0260de
050c48
02b8b5
fdb2cb
f9f454
fb7d53
02884b
075007
05b96b
033a2f
01db6b
ff5d27
feeb8d
038e8e
095abf
0ada71
068412
013fbe
01ef87
066753
0794c4
069614
07465a
07db27
072a7b
063f12
05671c
0754f7
0c12af
0bebf2
054e4e
0267f7
073cb8
0b908c
09f243
06e6a8
084056
0bc57d
0a93f7
05e0f0
05bb3e
09e59d
0b1909
08e4ec
07dd83
08b88b
09b327
09d5ad
0975bb
09e91b
0a40b9
08a0f7
07c520
09d9f5
0aa2e0
084b95
07cc27
0aa542
0c4173
0ae2b1
095e73
09463a
090879
078588
070352
0a0125
0ddf5e
0d472f
07ee67
042ffe
0757b6
0d7561
0d6d08
06c625
03575d
07c941
0c872e
0a7055
05a977
060237
0a1932
0a00e9
04fc04
02a0a4
05cb07
08e7b5
07c416
04a006
0326d7
037c09
03cd2b
040d6d
04891e
038baa
00fbfd
ff6967
ff28cf
ff50c6
00cc39
02214b
0032f3
fcdf61
fb60bb
fad54a
faafb2
fbb67f
fc0130
fa6aa1
f95ad9
f9921b
f87a7f
f561d1
f40ec1
f737b8
fa14a2
f6b1ab
f0e191
f0204d
f3914f
f5ca4f
f4ae12
f1b398
f0b0a1
f2907c
f24d37
eee6c7
ee41ca
f0e5f3
f1a108
f03512
efb1bd
f04997
f0c294
f0b983
f0e0f2
f0d918
ee580a
eb8324
ee89cd
f5c519
f898fd
f41727
ece239
ea739c
f0e195
f8f6d4
f8eaeb
f448bc
f3b22f
f5c7ca
f4af82
f0f4c1
f2128c
fbe571
03b61e
fe2fc8
f41054
f29dee
f702da
fb522a
ffc385
021d1b
00e256
fe29aa
fa6333
f94572
ff232c
0541e2
0513df
030f5e
01730b
fee17e
ff565c
037068
068f5e
0867e1
081897
038263
00c8e9
047eaa
08616b
086ac2
074263
066598
06ce7d
081b13
07ac7c
07b3a8
0ab01f
0b0891
065829
040b4b
07b27e
0c055c
0c2d09
091596
079dd9
095989
09c2e5
07dfd6
087ee8
0b4308
0b5f3a
08f18f
073cc4
07bc88
09d420
0b1ed4
0add2e
0ac9d8
0a1829
07d0c8
06ed6d
0859fc
09853f
0a38f0
0a882f
097f67
09388b
0a4c28
09379c
07110b
07dfe0
094488
08201b
0795bc
09ccbe
0b47a3
08de34
050b29
05b8e8
0ac6d6
0bbc1f
05cb6d
01f198
05ac48
0a97df
09dbc8
0576e8
041079
072195
085e8a
0473ac
01590b
034a37
064495
06a525
04cd72
02036a
00e0e2
027660
03519d
01e30c
00fd77
01113f
000c90
fe52c2
fd8308
fe2e85
ffbe50
ffff6e
fdff4d
fbc367
fa25d6
f8e679
f9de89
fc2ba8
fafbed
f78600
f809d3
faaea9
f8b24e
f43b70
f3ff45
f6fb5d
f7a330
f4bc50
f1d91b
f2e070
f61d6d
f54a9e
f134a1
f16077
f47e31
f32506
efc788
f05fc1
f23ae6
f2095e
f0f134
ef8aa1
f05259
f49bc4
f56ab2
f0617a
ee82c9
f0f1fc
f043e4
ef7a1b
f3dd43
f77588
f62689
f32cf4
efe19b
ef60a8
f54b25
fa4723
f726aa
f3aa57
f6bc55
f92d2d
f5616f
f2a3d6
f86757
00e641
00f052
f987aa
f58559
f7bb87
fb088d
fe04a0
00d6d1
01cc4c
01593e
ff8d41
fc14af
fc1b2f
01fe13
05fe77
042146
0229c9
0277da
027188
02ae4f
04a8ce
07541d
08d2fd
072f69
0389b1
02d748
0647b3
095802
09582a
07fddb
07cde7
08f126
08d35e
07509c
089765
0c0e2a
0adb23
059f47
05c805
0c8e14
0fab76
0ad515
06448e
0840b7
0c4866
0c75ae
09d64f
08cb11
0acc7f
0cc195
0b8700
098f25
0a62ea
0ba11e
0aea53
0ade5e
0c1aaa
0c25a9
0b255a
0a124e
097fda
0b0b4d
0cc2d0
0b8400
0ad743
0d1d93
0ced6b
096497
08725f
0a514c
0b678e
0c0b4c
0cc061
0caa77
0bad4b
08f581
064dab
08aee7
0e12a9
0e7e41
09d3be
070d4d
0893c3
0ac934
0a16f8
07af1a
082b39
0b217f
0ab663
069946
04bc3e
06bf79
08e7e5
08b09b
0691bb
04d275
050cca
05a674
04c47e
039434
035320
035776
0331f8
02ce37
01c3f1
0063d6
ffb729
002964
00878b
fed975
fc2f21
fc18be
fdd5e9
fd2830
faf1ec
fb4078
fc726e
fa4fda
f61f8e
f48b0e
f714c2
fa9359
fa7435
f61190
f24b18
f32e86
f5d676
f4a08c
f0a6f2
f0d909
f5d669
f74de1
f1a593
ec5583
edced4
f25243
f3386f
f0af0b
efa932
f115b2
f11f0e
eee74c
ede5c4
ef7355
f11e5c
f0c504
efaae2
f0fc2a
f38ce5
f1dbba
eceecb
ecbb7d
f25d94
f6d250
f6134b
f214bc
f0232a
f36836
f627cc
f2e11a
f0e3a3
f6a1d1
fbfa56
f9c64a
f57af4
f53298
f7b904
f9150b
f850fe
f97aa4
fdfb7c
ff3287
fadee9
f8fc9a
fc6ffb
fee7ff
fe438e
fe0793
ff70fa
01304d
016874
ffbcd6
ff295d
00fb82
027f14
033889
046d61
046099
02b4b3
0221a4
02bba8
03c7a8
064c2b
07d6ea
05ee85
04e89e
06eb30
067179
02f448
03a2f6
094b53
0c3eba
08a3de
03c12b
04602d
0902b6
0a700c
080f4e
079167
092e0f
08c2cb
06e14a
06d891
090417
0aedab
0a538a
08cdbc
097206
0a3163
0854b7
07541b
094cbf
0a9d71
0a4021
0a3ba0
0a0307
099327
0a5c26
0aedca
0a0132
09413e
090ae9
08a166
098505
0c3726
0d60af
0a6101
0662a3
074591
0c554d
0d9afd
08a61f
057327
08fa95
0d0d22
0b2676
067c37
06236a
0a3286
0c009b
087fdd
04f857
064603
09094c
08577a
060c34
05cb31
06995b
06908f
05d2a4
047439
034bc6
03be14
0454bb
035161
023acf
01e952
01581d
01126d
015696
008c9c
feba58
fd6ca5
fd494b
fdeae9
fd7e52
fb84a7
fb9eb5
fe3eb7
fd1ad0
f70885
f3f6f6
f77cbb
fbb519
fb861f
f81779
f4d494
f3e379
f4d587
f51bcf
f42cf3
f4cb73
f6bfa6
f5bf3c
f1e170
efeabd
f0d8ad
f24bf4
f330a4
f308d7
f2e94d
f4073d
f2fc1a
ee7f8c
ecf8b4
f0b94d
f3dfbf
f409f9
f3b6b0
f3ba88
f2d49b
ef7b3f
ecb8d6
f0ca79
f7c56d
f84327
f5362f
f49fd9
f3789d
f1cb75
f29828
f37fbe
f6a305
fe0fe9
ff00b5
f608e7
f0e8ab
f460a3
f8efd0
fc70d6
fe5b6d
fd6423
fca297
fbb52d
f8adea
f903ba
fdfc82
00e1ed
0138db
019be8
0025f8
fdc5a7
fd4930
fe904e
0269e5
067299
04e4d1
011b77
01bfcb
0376ff
02e661
0349d6
04cdd5
05c407
06fd82
070a15
055a73
053c2b
060e96
053225
05c461
098ae1
0b6072
085c5d
04b5fc
053d97
094572
0ba78a
09e0b5
07d197
09183b
0b2d8a
0a1e9a
07213a
06fb85
0afcfe
0e5b20
0cefbe
09a716
092a6a
0a7b2d
0ab90e
0abf82
0ba376
0c12a7
0c0f14
0c7436
0c0754
0afcf3
0bba19
0d1136
0c2d2e
0ae19c
0b962f
0cbf8d
0d6591
0dda8f
0c528f
0939a8
09ab91
0e6ac0
107d49
0c7eab
087e97
09d39e
0d2370
0cf8da
0a0ec5
09652d
0cb910
0f2807
0ba5fd
05e5dd
05a237
0a4f49
0ce3c9
0af4ef
07ff9c
076905
08bf47
084c7b
05354b
03f872
0657b3
081d8d
06c0c9
0417df
026b95
02a2c7
034512
029221
021713
02711c
00b2c7
fd92f3
fd03c4
fe2686
fe8160
ff1e6e
ff49ac
fc89b8
f8db08
f7d35d
f922a3
fa4489
f9951d
f7d119
f769ac
f84068
f75bf7
f46389
f2865d
f3ecea
f6e462
f73061
f33dc2
ef37b4
ef4fa8
f23c40
f48caa
f474d5
f2111f
efe943
f02a8d
f12cd8
f106fa
f0394f
eede39
ee25b8
f123fd
f5be1a
f56aff
f00db4
ec02b0
ed12e0
f1f704
f5d369
f45e44
f10c6c
f25d77
f5384f
f2a277
ee99ba
f1ae91
f92e5e
fb9bec
f77dff
f2f7de
f1bb4d
f36db6
f74b32
fb54aa
fcbcd9
fb9d2e
f997fe
f75abf
f6e4dd
f9bfdb
fd1997
fe3489
fe1db8
fdabaa
fcd935
fcc296
fdbbc0
ff5c71
013bc4
0118eb
fec4a2
fec396
01c38d
02cc06
01578b
0174b8
037279
045e25
02fe80
01b63b
03e69b
07037a
04d9f0
003e9a
020886
08a53d
0a7dcb
0626dc
02b712
03da71
0680d6
07622e
074663
078e6f
076132
06c893
06ed30
06fc5c
06bf35
081c02
0a2289
09f261
0827c0
06bd33
05fb20
06c052
09932f
0c1a29
0bd146
08ed99
0617a0
06715a
096448
0aec27
0a597c
0a1967
09723d
079648
07e3fe
0acf1f
0b5256
089d10
07c20a
0a0272
0b1f06
08fcca
067eb7
072f45
0a8066
0c1a80
09b30d
06711b
06256a
083993
098dc0
087e52
065767
05ee58
07c622
08b875
071287
05630b
055031
0515ea
0454e5
04c562
0597fb
04b412
033129
02fdae
0319ca
0236fd
01640e
01b6df
0209f3
00ca73
feb1e2
fe031d
fef4a2
ff5514
fe888a
fe3695
fe6e04
fd36e9
fa779e
f8a6d5
f947c6
fb42ac
fc873e
fbb342
f90632
f6d59c
f70b15
f82bec
f7d75e
f6c605
f69f0d
f69e8f
f5a3ed
f495b6
f50b7c
f6dd1d
f75b27
f4a17d
f1ac7c
f268dc
f4e656
f52c13
f47e1e
f5760b
f5ce13
f32104
f095db
f22013
f6767b
f90f20
f6e3da
f18472
ef4269
f3ce2b
f962d6
f95417
f68045
f61ac9
f6c4f7
f5a5d9
f3aa56
f43c5c
f9da5b
ffc419
fd950d
f65d12
f4c6ad
f83b17
f9ddba
fb5ade
ff2c50
009e4e
fd25b2
f88063
f794ed
fc81cd
02b78b
034bb7
ffdc83
fe63f3
fe4c24
fd4d5b
fddb7f
015e5a
050332
059f3e
02cd0b
fff40c
007235
0275da
030395
037d88
0577d3
06a3bf
04e2ce
025691
02f044
067e83
082f11
06018d
03ddbc
04de80
0739ac
07aa04
05c294
0521fb
082b24
0a59c2
07972c
04d4c5
06cf91
092324
07ef7a
069a82
07c107
0950fe
099051
090a55
08d0f3
08f263
086069
07a1bc
088b6f
09e797
097eba
0908c1
0a056f
0a3b18
094d82
098466
0a55e6
0a0aa0
093f81
08979c
088ecf
0a3522
0bcb92
0a9295
08b7be
09a91e
0b9ea0
0b2572
085f9e
066b13
082432
0bd7a3
0c1475
089c7e
07a6e9
0a83a5
0b3099
07a614
053a79
073fa8
0a3700
09fd53
079155
06587c
06d6de
0738a3
06c2cb
06385d
06491b
0657d4
0521d1
03588c
0313a4
041aeb
04cdc4
04d520
03e088
01f3f1
00d8d6
00b65c
ffb99f
fef426
002606
016072
0114ee
ffe2ba
fd3be5
f9dea2
f9b718
fd837a
004312
fd9b07
f7faf0
f68d95
face96
fd08b9
f93c7b
f5bcc7
f70c29
f9c162
fa1667
f729d9
f2f1f8
f2af81
f78481
fa27b0
f65570
f25660
f3d4f0
f6717b
f4bf73
f29005
f4a331
f65f5b
f35d76
f0cf14
f349d4
f75c62
f80333
f379dd
ee2e65
f0a8a5
f8c7b6
fa0c1c
f3e1a1
f17af5
f47e1f
f644c6
f5487c
f4062b
f53215
f93cd2
faf537
f766ef
f41d17
f4ecd2
f6fc38
f875c0
fa4595
fc7892
fcc4ac
f88d7b
f43a01
f7f83d
ff93cf
ffa2fc
fab4cb
faab17
fdb31f
fd4074
faf1b4
fb9367
ff58f0
023743
012826
fe7982
fdc35c
fe98bb
ff6fad
004640
016b36
033293
03e0eb
012a42
fed806
019648
04e7f5
0398e7
01b8fe
037a9a
05acaf
049018
0196b3
014c9e
051b3f
082df5
06df06
048dd2
044445
042bfa
03bc06
04f864
07ad2c
09185e
0724dd
03c47f
03e490
07bf21
094ff7
069cda
05340c
07b5eb
090f91
061db8
03f0ee
06ea43
0ae19b
0ab08b
07c68b
0578bc
0506a3
06c3cc
08dc61
094131
096616
095266
067ad8
0415dc
06fe1b
0affd0
0a3ac0
0726f3
05e669
066f69
0782a9
07bed5
06e6cf
07396c
08dbbb
0890ce
05dbe0
040e4a
04e806
06b636
073727
0678ab
05cc7c
05111d
0424e7
046461
0527a0
040c33
023df8
02ac86
04430c
041a32
02607d
0119a4
00dd01
00cbec
0084c7
008dae
00ccb1
0050d1
feb64c
fc9b05
fbeba1
fe5629
010964
fefc27
f9ce8e
f84d86
fb29a1
fcc257
fb19b3
f9718d
f9ce86
fa9c8d
f9b83e
f717a9
f51c36
f677af
fa2d16
faf5ad
f684cb
f27c68
f3ff1e
f77684
f7a8d9
f5ca28
f4eadb
f4e3d1
f49d59
f4049d
f3ffab
f592a2
f6fcaf
f50859
f1783b
f1e5a1
f68a34
f8f2b2
f5a2a2
f16c8b
f2281f
f624f6
f7d27b
f677d7
f55d4a
f5da42
f6ec75
f6f4eb
f50152
f3e332
f773cb
fc8532
fc6246
f80ced
f5affa
f65dd6
f7f461
fac670
fdecf4
fdbc16
fa9827
f96b96
fb7ed7
fd0617
fc520a
fc4da8
fed079
0118f7
fff925
fcfc7b
fc5293
fed4cf
018601
0248e2
01e765
01cbd2
0202d6
01a71d
00d192
011145
02ee8b
04c00c
054719
05179c
04c97b
044b90
03a992
037142
04e31f
080aeb
095f04
065a12
033c95
04f5ba
08bf41
0988f1
080f8b
075049
07783c
07c785
08371c
08aab7
092198
097498
0945c2
094411
09f862
0a1531
092e25
0936e7
0aa774
0b2f80
09e441
08f5b0
0a2934
0c257d
0c8b6a
0b270f
09964a
091fb8
0a2a64
0bd808
0c6aa2
0bbeb8
0af811
09dd34
08f3b2
0ab6a6
0dfb77
0dadce
097766
06cf08
08a0fd
0c09cf
0caae7
0a219c
08cfc2
0add9e
0bc695
0885ef
05c692
0774ae
0a3ef2
0a5b4a
08ea95
07d06f
06e008
064408
06b805
0745d4
06765d
0508df
04ac33
055b88
05bd92
04cac6
02cd54
0187da
023983
03b44f
03a43b
016992
ff35f5
ff2a5e
ffb9aa
fec1d1
fe686e
002b1a
004965
fd0177
fa30b5
fa0ba5
fb19dd
fc21b5
fc0f10
fabc46
f9e899
f9605e
f7ceae
f6f8f1
f7cf66
f7f57e
f7274d
f6dc9a
f65643
f56222
f5404c
f58090
f580ce
f56c08
f45a96
f2a1b0
f2c53c
f4b6ca
f555e3
f3b28a
f286b0
f39270
f425cc
f22c7d
f1896e
f4ceb1
f6bc19
f39b4a
efea17
f0b163
f56ecf
f8dbdb
f5fa44
f0cbdb
f205d2
f71bb1
f6fc0f
f3932a
f424c1
f787b7
f90d1f
f7e30f
f5a1c1
f4fd85
f71587
f97dd4
fa92b8
fab830
f9900d
f81033
f881ba
fa8eef
fcb3e1
fe08df
fd074c
fad3f2
fb5b56
fdd997
fe36c4
fd6acb
fec666
00e989
00c156
ff07b7
feaf38
004228
017f39
0177ef
01b9dd
02ae51
031b54
02c1f2
027280
02f561
0428a2
047623
03dce1
04b1bd
0623e9
051a2b
037402
04ce2b
07336f
078c74
06d0be
064245
05d4d7
0627d9
070056
072e93
075747
0851fa
08bfd7
07c969
06e10a
072903
0848ca
09463a
08f3b7
079d36
0776c6
08b216
08c72d
07d309
087c89
09f643
09926b
081a1a
075006
0710ec
07c962
09937b
0a043f
082e59
06df87
07d922
092b30
085851
05f8ad
057810
080a24
0a04f5
086e4e
058123
049d41
05fec5
077236
06d9e0
04fb83
04d478
065ef2
062fc5
03ef20
0300f5
0431fc
04cab3
03c608
02d412
02c5ea
02c2a4
023eaa
0182b6
013909
01b134
01bdf6
003a69
febd8d
ff08c0
ffb669
ff3167
fe3b2a
fdbfd3
fde3a0
fe24eb
fd2da3
fb8ad6
fb7986
fc2fb8
fb77ed
fa29b0
f99951
f9ddfb
fb4f1e
fbf103
f94f1a
f6a9e9
f77540
f888f0
f7905f
f72264
f7ee14
f838c6
f7d616
f6ddb9
f587c7
f531ce
f6007c
f6ce60
f6cf5f
f5b520
f4c695
f52fa4
f566d5
f57f28
f7684f
f824b4
f4d410
f2598f
f431ed
f6c0e1
f7fb3b
f82378
f6005e
f3c316
f5514a
f87945
f91955
f78bec
f649b5
f7191a
f8db7f
f823ad
f64155
f81a8c
fc2705
fcfcf9
fa8368
f7d937
f72603
f9904c
fd15de
fe4420
fd339d
fbb32a
fabf2e
fbc5fb
fe5bac
ff90b6
feee1e
fe58eb
fe20ff
fe2fc2
ff1517
0044de
010683
018b52
01b470
01564e
010207
01445d
020c5c
02dbca
037156
03be23
0342c4
02a362
03ccab
05cf4c
05ee6d
050383
04c0f6
043375
041e09
0610ec
078c28
06e943
06a967
07401b
06f9d6
067a16
069da5
073149
0865b5
08d876
076759
06b71a
083b80
098750
09a942
09634a
08595e
0771ed
08089f
08eb52
094a31
0a00b0
0a7f4f
09d86c
08b680
0807f2
089f8d
0a5efb
0b14cb
09a806
08036a
07f412
095eab
0abab5
0a7123
096ecb
0963b2
091992
07ebd8
07d185
08bb02
094df7
0a087c
09e3e1
07b079
06ad1a
0863fd
08f5ab
07632e
06b3ca
073b0f
07b2c2
07ca18
06d2f3
05aa64
0626ef
06d69a
05fdf3
0520e0
04e992
0486f7
0487bb
04b4aa
03ebbe
03562e
03e96d
040813
02df36
01589e
0065ff
00d486
01e2ff
01970b
0077c9
0050e5
005319
ff3e36
fdd94e
fd0450
fd2d44
fe68a0
feff50
fd4d61
fb1190
fae8cf
fc1549
fc0526
faa3ec
fa34ce
fafc51
fa8760
f824c5
f68994
f7e463
faa4a5
fb1d13
f8415b
f5a631
f62076
f75e98
f6d084
f5ed7f
f630ef
f6eeff
f76fee
f6af98
f4a418
f468bb
f6c166
f7048e
f43775
f3d094
f696e7
f70dff
f4b881
f44822
f601c9
f6bcfa
f670a1
f6283b
f563b0
f514ce
f67c3d
f766fe
f615d3
f56d7e
f79296
f9ad3e
f905e6
f716a5
f65212
f6fbed
f84f35
f9f00e
fb0d03
fa4ab8
f865ff
f85ef1
faacb1
fc40c8
fbec05
fb6ec7
fb6d03
fb8bc1
fc13ce
fc68c7
fc454f
fd7f9d
ffd736
000831
fe0341
fd0e74
fdc9aa
fee9e9
005c4f
01977e
017546
005931
ff92bc
004db8
02743b
0386c0
025edc
01da50
031dda
0377c5
024e47
01c4a7
0316e4
062e24
07fcc1
0502a6
01780d
037615
069b85
054d7b
04536b
06eb19
07eb89
05f77c
0513ce
05b3f3
067c1e
076ba1
077eeb
06ac1a
06b2b5
07292d
06e306
06b6ec
071e42
07c983
087cae
081034
06abd4
068203
076605
079c43
077227
072d8c
06e8ae
07e600
08b9b7
0706e4
056888
06265d
06bdc0
06d673
08085e
07d3d1
055e0e
04a93a
0611bc
060f4a
04f39d
053e0b
067999
067167
048692
0300dd
03e46a
04ffd6
042098
033e7f
037af7
033f65
029728
023a79
01c398
020adb
033f17
02f05b
0080d9
fe2e2c
fddbb2
00193b
027bae
0139a2
fe32cc
fdee96
fec7f7
fdbbdb
fcbc36
fce168
fce5bf
fd6080
fd8aba
fb4ef1
f97fe2
fb1b49
fcc310
fbfe61
fb0766
f9f429
f7a1e6
f696dd
f84e94
fa6b9a
fb8031
fafb61
f7bec7
f48066
f586dc
f88103
f89c1e
f72b48
f723b3
f74760
f6766f
f5ca3d
f59b6b
f61717
f78290
f87db8
f7d45e
f5c6f5
f2f950
f20e03
f5c9b5
fae1e1
fb7919
f7dc6b
f466cf
f3262c
f42192
f6ce1e
f9a01a
faaee2
f9584b
f74e90
f6599a
f5c266
f60307
f99589
fdc550
fd0d6c
f943c9
f739d6
f6976e
f750d0
fb97c0
009946
00b2cd
fbe569
f7b2c8
f8ad2b
fd25be
ffa397
ff1822
fe8f16
feb51d
fec455
fe9505
fdf360
fee213
0247ac
033cc3
007215
ffc8e2
0164f6
011a4b
019978
04ab3d
059375
03bd7d
0266da
01d224
0344cc
072594
083f78
052b1c
0357da
044f54
05c068
079e58
094cf5
08f99d
070c35
0552b7
05ae3a
0817ac
094ab0
089d66
096c93
0b0deb
09fb08
0765ac
066b7d
07e80c
0b2ea3
0cf28f
0ad3c9
0879e1
090567
09def3
098e27
09da6c
0af4bb
0bbcda
0b4457
0947e8
0836ae
09fd18
0bbe4a
0aad69
08d1a0
093310
0b5d8a
0bde61
09239d
06f5ea
086e13
0a7f6a
0a578e
097e37
08d3d6
0824e3
0849ea
085ecf
073bc6
06fac3
086ebe
08e51d
0784b5
060398
05526a
05d90b
06fd9a
06a4ee
04f721
049b2d
055413
0480f9
02cec7
031515
04aceb
04c6bf
03397e
01762d
002dd3
009c39
02c76a
0305f7
ffbe91
fd933a
ff7b31
01824f
000d75
fd8e6c
fd97a8
feed65
fde704
fb1736
fa81d3
fc7860
fdd6bb
fd9e73
fc166e
f94e26
f7db20
f9b2cb
fb8f43
fa815a
f8913f
f7c84e
f7bd65
f83b87
f8c434
f83fed
f754dd
f75577
f7912f
f6b6bf
f55710
f508c3
f5fbce
f6ea7e
f70fd4
f67327
f554ae
f4d3fd
f5e01a
f6dd78
f5ce4d
f3d03f
f34908
f4d836
f76bae
f8f1a4
f7a52c
f454ab
f219b1
f3684f
f76b4c
fa0ad7
f899a3
f5cd32
f564fc
f66348
f64dc2
f631f5
f7f0bf
fa7771
fb6d84
fa02d0
f73a76
f538b6
f60e5e
f9e9ae
fe2479
ff08d9
fbdb79
f820bf
f78770
fa2771
fd8591
ff32a7
fe785e
fd06cb
fcb0d0
fce0d8
fcfb48
fe2d1a
0003d1
007c0a
003f72
009efc
003f22
ff0910
ff7310
0176b1
030a5a
03a46d
02f9eb
016205
014f34
0358f7
050a85
053da2
0416f0
021412
021769
05a810
08d394
081097
04e528
029ea9
039620
06f3be
086190
0707a0
07086b
085a0f
072702
04effe
05a17a
0808af
09181d
08b96e
081dc5
07abf1
06f4e7
061e1b
06b692
0901f1
0a75ba
094eac
06d158
058a09
06bf65
08bb0f
08ca6e
075a15
06a4f0
071aee
081d8e
08ad34
075646
051993
04cccd
064271
074b65
0790b5
072b91
05c244
048839
04a20c
04e580
04723d
049fc2
05d0d7
05cbcc
03bbb4
021d3a
0280e6
0370c4
03b01c
036379
02e1c3
028850
01d732
004659
ffb415
014be3
029e5d
0205d7
0038e7
fe27d8
fe639d
013809
00d43a
fc815a
fc1c90
ffc3f4
fff40d
fda68e
fd538e
fcd604
fbb343
fc9947
fd5b5f
fc03c4
fb2f40
fb68e5
fb74e4
fbb29b
fb380b
f98ea8
f94c9d
fad0c0
fb7185
fa6a58
f8afeb
f7ab1a
f89d4c
f9ed9c
f9678c
f87786
f89fd6
f8aa7b
f82884
f80673
f84931
f8154d
f6e1ef
f62cbc
f80e3c
fa5963
f90d6a
f5b052
f4f8b6
f7a2c3
fa3e10
f97769
f63aa2
f51878
f7389b
f908e7
f9131c
f88259
f79407
f75093
f87daa
f8f119
f837ae
f8b677
f9936c
f8b240
f81f82
f980d1
fa5c5c
f99ee4
f9d4fd
fb9827
fbec6a
f9ebf8
f8a43b
f987d8
fb28d7
fd4634
ff0be4
fdb582
fac8e5
faaa95
fc4f9b
fd0486
fe3f8a
ffd634
ff247f
fd993f
fdf881
ff5df8
ffeaa4
ff3d75
ff02fe
012e6f
030fb8
013ae6
ff5319
00b57f
02125f
027efc
0419cb
043ed8
020b6d
022c40
0447d5
0478cc
047354
057d95
04e4b2
040e8b
05d4fd
076b4e
068171
05a5dd
066901
0760d6
074e1e
069294
06fd98
08dfe4
09c341
08e059
080f5b
07d271
080230
091186
09d055
099d3f
0a49b9
0b183b
097746
07c42c
095200
0b8039
0b3cda
0a303a
09efbe
09f7e4
0a48ba
0a7ff4
09ea98
09f170
0b5d00
0ba6fd
09c22a
08c10a
0a1816
0ae2c9
0984b9
0889e5
0990b7
0a775a
09e9d0
0975fc
097489
087834
073450
0771cc
08523d
0852e0
0831ab
08580b
0764b0
05c57a
05c1ea
06ceda
0676f1
056d29
056ae8
04f137
036150
03aac3
05c2e0
056b69
028c17
018721
02a47c
027d58
01006c
008f64
01447b
01ae8e
014ef9
0045e5
febf82
fd8adc
fde850
ff43c9
ff14fe
fd5469
fc8dbc
fc9dd7
fc3b31
fc77cd
fca17e
faf3b1
fa0add
fb176e
fa7df0
f8d795
f98ab6
fa5339
f9511f
f90cd1
f8d939
f711ff
f6b3e6
f87a86
f8d162
f73c9a
f5f70a
f5d1bb
f6be44
f79dc9
f73438
f663a5
f5cab7
f4d45e
f49b94
f5cca8
f68254
f63369
f61f8f
f5f812
f53852
f4847c
f44c10
f5330f
f72318
f7959f
f58d1a
f3e251
f45464
f5bc64
f7432d
f85800
f7ba9a
f56bc9
f3a1d8
f4aaba
f7ddcf
f9e861
f94771
f78ed9
f65cad
f69791
f7e15f
f841fd
f85240
fa4fec
fbbd75
f9f29b
f84e5b
f8bb3a
f900ea
fa3f14
fd8274
fe50b7
fb444b
f95974
fab01e
fccbee
fe4654
ff18df
feab81
fd0382
fc43b1
fe5c1e
00c3cd
0000a8
fed7d4
00a038
01d0b6
0060f8
004ae7
01c80b
020849
02cdf4
042e66
029cc6
00ea3a
037bab
061415
05431e
04f94a
05cd5e
044f1f
02da02
0561ab
08d337
087e10
05fa64
05b5e7
077af9
07fa38
076b04
07cd45
080e09
07bfc6
08d6e2
09e340
08743e
077eba
0943b2
0a3126
08e854
08ae69
096290
08ae36
08c586
0add74
0a6669
073bc7
07bf99
0b0dd2
0a74bd
07e2e6
085876
08f969
07d249
08511b
099e7e
08a120
078016
07e742
07935e
068d87
06f534
07db2f
074ec2
063f5a
063df6
062d21
04e9d6
044b13
057eb3
065361
057c36
044180
0323fc
02373d
02c75d
046f4b
042486
019328
009d27
02471e
02ad2d
00f882
006599
00c7b3
ffde01
feef40
ff55f7
ffaaf8
ff768b
ff2935
fe3264
fcffac
fd0e86
fe013d
fdf5c2
fc971d
fb8e42
fb9c3f
fbe93c
fc2f0b
fc4817
fb742c
fa6613
fa25b2
fa1316
fa268a
faa09c
fa02f1
f87702
f87442
f9fbd8
fae1dd
f9efb1
f76f6c
f60372
f7eb33
fa4117
f93b24
f6cea6
f6f2c8
f9261f
f9a328
f731c6
f54100
f69bff
f8d259
f8db02
f7da03
f78ab6
f74794
f6d23f
f6fc34
f797ff
f81c25
f86896
f80eda
f7843b
f80b03
f88214
f749c7
f6a52a
f881c4
fa3c47
f9e617
f8ffe3
f846f6
f7aa5a
f83549
f9d8f3
fb2bd0
fb885e
facc7b
f959b8
f8afc0
f9c2bf
fbc5ae
fd1653
fcc383
fbe4c4
fc198f
fc7d31
fbbf89
fbc8e2
fe2088
fff158
ff084e
fdcfe1
fe467e
ff1190
ff76f8
003f45
011339
014560
012d0f
011479
012715
020570
0388e4
041e9f
03129f
02cf32
053258
06e81a
04af59
0231aa
03eced
07c5af
098de3
0876d7
0627f1
05310d
06b546
089cc3
091514
09874f
0ac60e
0a6b76
07c34c
06bad9
092b02
0b5fe6
0bba39
0c7966
0c9d29
0a354c
081489
0892d3
0a4fb8
0c89bf
0e7ccf
0dcf33
0a9c00
0842f6
091410
0bb1d8
0cf491
0c1ceb
0aea29
0a3408
0a3e6e
0b1320
0b0f3b
09bae7
091e4f
09b35f
0a540b
0a8176
099854
08377e
082398
087eb9
07bade
073be6
07f320
086493
0785bf
05f958
053960
05ab1e
05d259
05367e
051f50
057ba1
04f1de
034c9b
01ba43
01b398
036a50
04f7a1
040710
00e1aa
ff1c55
00803c
01c5e8
00da11
001089
ffdeaf
ff45a1
ff75bb
ffb0e3
fe65ed
fde44b
fe7fe6
fd78c1
fc778a
fd7c53
fddb88
fcf66b
fc8ec1
fc005e
fb8e68
fc539d
fc583c
fab5e8
f9eecb
fad9fa
fbf627
fc033b
fa4e29
f84a87
f8d4a0
fb16da
fb73ae
f9b026
f84fc0
f8292b
f8f79b
fa2f90
f9f464
f83e36
f7b064
f84017
f80391
f83543
f96612
f8eca6
f71816
f6f22d
f811b5
f84b3b
f7bf7e
f73acd
f6d40e
f700b2
f852ff
f96c54
f7c399
f4d875
f56fde
f8c2d7
f9642e
f75c12
f686fe
f6d7d1
f6ea69
f77a9a
f83304
f7eb96
f78c3c
f805df
f86957
f7e356
f708e5
f6ddb3
f7e64d
f9967b
faa326
fa42f1
f8a97c
f709e6
f73cd4
f99094
fba9e8
fbb9e0
fab957
fa1d12
fa1ff4
fa863b
fb17cf
fbbe23
fc6dac
fcf1a9
fd29f8
fd0ebe
fccb4d
fce3be
fd5f0f
fe3ee3
ffd2bb
008a28
feff20
fdcf62
fef641
008ef4
022663
0385ef
01e041
fed874
ff9fe9
02f7e5
04b789
0514c7
048ac5
0298e4
017e65
0318e5
05a554
06b9ee
062701
0588f9
059cb7
055946
04c516
05648b
07624a
091e5c
08d4a6
06a731
05362d
061d24
07d32a
08ac51
08f6cf
095e83
08f730
06b07d
052b6d
07a144
0b07b9
0aaff2
0806bb
069390
072a78
08fae8
09b427
081b82
06cf98
07b4fa
0914e9
09043d
079929
06c7b7
07acbf
081357
06d6a5
065bf4
0712b9
0748ac
075528
0786a3
06c250
053f26
04742d
0517c1
06347a
06351b
058b0f
054ec0
04d377
03f077
0389e1
03b79f
04711d
0492d4
02b745
0164df
02c8b6
03ed4e
033547
02489c
012a72
006ac8
014981
019c6d
0087bb
009ebd
014038
001fa4
fe8502
fe4cde
ff9c84
0121f4
00028e
fcc9c0
fc3d78
fe3e13
fe16fc
fc9a7f
fd7136
fe97e7
fd4772
fb9523
fb1c64
faea8b
fb2475
fbc22b
fbab28
fb6327
fb3491
f9f7e6
f89eaa
f8f58f
fa4ca1
faeafb
f9974e
f74e8b
f77fc3
f9a245
f967a1
f78649
f74ccf
f7cdda
f7e40e
f7f916
f72797
f64e52
f7425e
f7da32
f665d4
f597fc
f6ca44
f7aff3
f6ee42
f5f670
f6794f
f7803a
f6b522
f4d926
f5270d
f790ba
f8981c
f77d40
f6c9d2
f6a999
f5e9b7
f66fdc
f8e665
f9a5b8
f7b5b7
f67f40
f75c20
f8e682
f9ef96
fa16e8
fa3e98
fa687e
f90e3d
f8098a
fa69cf
fd0549
fc6673
fbee3a
fd26ac
fc8404
fb6d80
fd5282
fedd28
fe36cb
ff3799
00b4c2
ff6796
feb268
00317e
00ce0c
018c35
036982
035ff0
023b5d
02bc04
03b011
0413a6
0416ee
03d5d6
050986
07175b
077466
078620
07af87
058f8b
043655
071137
0a4e09
0ae379
0a1ff5
08c64c
07c031
082700
0950dc
0ab1a6
0bacde
0b581f
0ab7fd
0aac79
0a4b42
099e48
09cc24
0b7340
0dbb9c
0df1e1
0b4399
08bb82
08ada0
0ae475
0d9206
0d6c73
0a84e2
0989b0
0b4042
0bb176
0a9746
0a3d99
09fe14
094542
09c6d9
0b5502
0b51c3
09328c
07981b
084215
0963bd
08db67
07d150
07e9e7
0806fe
074f6e
06e738
06de16
067202
06265a
06043f
0570f6
050b33
04ff3a
043c6a
034823
03fe15
0581e4
0478b0
014598
007cf3
024749
029e9c
01f600
01fd6b
00edb2
ffd38d
00621e
ff5309
fd3733
ff05d9
02015c
0079ae
fcbdec
fb5745
fc5c6e
fdd688
fe02bc
fcb27f
fb8ef7
fbbdf3
fc4e24
fb708b
f9e36c
fa21ce
fae1e0
f996e3
f84e46
f92ebd
fa8f08
faaa1a
f92f18
f70dd9
f5c7d3
f5a787
f74af9
fa082e
f99252
f61fa4
f54fdc
f643c7
f5187b
f4784d
f617db
f6ea50
f6778d
f61b92
f55ba3
f3f4d6
f2fe9f
f3fade
f63e28
f6bb5e
f529ad
f3c162
f2f559
f3a2e4
f64246
f70c20
f426e9
f225f0
f41366
f69686
f61026
f4464f
f4ddc2
f68322
f5a201
f3fd26
f575ee
f83373
f7a7e4
f4ee81
f52251
f7f9ed
f88ab8
f6f967
f725cb
f8e471
f9da2a
f95e10
f7f357
f78989
f95bc7
fbb89e
fc948f
fb7a5c
f9fb51
fa661c
fbbc3f
fc4131
fd7f29
ff1a32
fea6eb
fd5bb7
fcce4e
fd2160
ff3c98
012def
00be75
009eec
019f0e
01527a
009fb5
00c9a5
0191d1
0374ed
047e55
034e17
031b30
043345
043150
04d6d3
06a0a6
0665b5
0464d8
037c71
050c15
0862ba
09ef9d
079c50
051a39
05e034
084b81
098fa9
08d4f4
074038
075732
09838d
0a01b6
079e18
07b393
0b4f20
0b71f2
07ccfe
079265
0a4794
0aae00
0942d0
08b03a
09e634
0b55c6
09cd66
079312
08ff1b
0b2dca
0b23f8
0a39d7
07f66f
0658fe
08f0aa
0b8b2b
0a6b98
090541
0880c2
07bb5c
07cabb
08691e
08bfdc
0876a1
070c06
06f213
08c11e
08545a
064ab2
063e04
06a258
063513
05ae14
04bf2c
055fa4
076527
064cf5
03a927
042e72
058db5
043de9
014768
ffe930
02d79e
06aaff
0537ec
013c26
0127ec
02bbc7
00e60a
fdd6ea
fe54f7
00dcbd
013be7
00a0ae
00c419
ff8395
fe61fa
ff8d44
fe3ff1
f9e06a
fa1ac6
fef44b
003cb9
fcb86e
fa8987
fc4211
fe2f20
fd2162
fa3934
f8185e
f9332e
fc2cf3
fa65b7
f5c6ca
f9ce18
026921
fee2f3
f2c5c9
f0eaee
fa2c1f
fe82fc
f8d615
f4e917
f934ad
fc5897
f80168
f3f5a1
f6d6ee
fc015e
fb9344
f5d30f
f3c2a7
f80624
fa337e
f81479
f7b825
f9164f
f8fa43
f83012
f75378
f658d5
f6c5b4
f9d87e
fd1bab
faac53
f49e14
f570f7
fb5588
fbd58a
f987db
f963bb
f820fa
f83872
fc2ad3
fcf566
fa422d
fa75eb
fb551a
f9d8ac
f9c95b
fc0f3b
fd702a
fd181a
fc4255
fbef55
fd1442
ff5184
ff1ab9
fb27d4
f96346
fd2101
014726
02a695
019519
fdfbcb
fbe3f9
fe15e8
ffef22
005416
022e77
031379
017fb5
0043a6
0008c4
00db4c
027c4b
029d49
021ec1
035a25
048476
03ad73
021e3e
0277b0
04e11b
05337e
02f3f2
035fd1
059ca9
05870a
05e92f
078176
05d641
02df92
0383eb
065e68
08b0c6
099910
0784bf
03cd63
03a8f2
078889
09cdf5
091b61
08b6dc
080566
062144
05aa2d
06f816
09262e
0b0782
093c88
06c046
0887dc
090f61
0743fb
0a051f
0b4c33
0651c0
05ab17
090f1f
07e7e9
07f084
0c1b40
0cd77f
096bac
04e27c
02c807
071a87
0acfec
085df4
07a170
08da4f
06be65
0704b9
0a1d76
08d0e4
053acc
023483
fffccd
03d871
0b587d
0c893c
07456c
018e22
0075da
050ed1
057a2b
fe031a
fd9ffd
0738f9
09fd85
0457de
01c7ef
ffea19
fafba0
fb70e3
02921b
06a6ab
04db09
ff893e
f78404
f52161
00c9d2
0cad4f
04479b
f2b10d
f38df0
002938
fe1830
f715d2
013d62
08e957
f95b4e
ec0c00
f5a654
01f309
ff6c83
f77d64
f7cb50
fe68c4
fd641c
f3eb63
f104f7
f65ac2
fbd9de
00c8d1
feb951
f454dc
f26fd9
f80c8c
f4b326
f27674
fccab1
01c4d9
f7dbea
ef5268
f3801e
fcc871
fd4a4d
f54992
f2a237
f68851
f7436f
f6c5a2
f920e4
f9aa22
f7f848
f81cb0
f940fd
f835c7
f4ef8a
f3da69
f6f78b
f93eab
f91789
fa4683
fb384d
f92cef
f6c54f
f66162
f8a88c
fbddf4
fa6220
f45595
f2ee77
fa54fd
01fec2
00cfa9
fa485a
f6bc77
f5fccf
f69c40
faa312
fdd962
fc9fd4
fc3596
fd648d
fc9cd5
fc957b
fd1c8b
fa5b86
f8f1c4
fc9172
ff7469
ff56bc
ff505f
fe6306
fc843f
fe34f7
01cad4
00b632
fcdf3e
fbbf30
fd285f
01df4a
07b6a8
054b61
fde226
fda41f
001491
ff5340
027be0
06e429
04c4bf
01d7f4
02422e
0384a1
054d43
048dce
01a5ce
025da9
0484df
05f43b
089d44
077955
039f54
04de1d
0653ba
04c403
05e794
06a8cb
05f917
0886d0
086c67
052b21
0711d1
087b0c
056bf6
06e207
0a99b5
0854dd
03c518
02dff4
074af0
0d2bf3
0c24b0
05840f
02a6d3
0541eb
08bbbd
0923c1
0686a6
04af0f
04866b
06d359
0bdb36
0ab5c5
01c68c
feb802
031166
06acf6
0b5e29
0c743b
0205ee
fa3af3
01dcaa
0ae472
07c3f3
ffb58a
fe0db1
03f0ff
0a869b
08e7ef
fdb70e
f6c1ad
fec181
07af49
04b339
024739
05829c
00f7cc
f8f447
fd30f2
0570c0
00956f
f69867
fc159e
0bf603
0c11cf
fa8eaf
f18925
fa88d5
028671
fc70a3
f8283a
057bb9
0fce2c
020f7d
f0241d
edeaaa
f893b2
0b4248
0d7522
f1b323
e97421
0a461a
178ddf
fc9aee
e977e3
efd9d8
ff1549
075ec5
fe919e
f8d80e
0777e8
0a8a49
f4b90d
ecaf70
fc6282
047a6e
fd6a0d
faa4e9
031dc0
086535
fda61e
eeada0
f268ef
06ad6d
107035
034cc1
f18f15
ee76fa
f97819
088866
0e81b6
02fdef
f31bf5
f3db0b
01ae90
04e2a9
f93a38
f839a3
07fda1
0afcdb
fc5d70
f48d47
f4788d
f9d75a
0b697a
1077c6
fc35f1
f1d10b
fa2a84
fe7c09
021fad
068962
000bcc
f9dc29
fc9580
feeb02
018a1a
045f2c
0000e8
f974ff
fa0848
01dd2e
0730e7
001a56
f7a122
fc9746
054507
068778
01464a
f78cb3
f5c20a
0273c6
0aa180
0481b2
fcc763
fab13e
fdf33f
031432
02e276
ff040e
fdf6fd
ff98a6
026461
04bc7a
03df32
fef828
fa22f1
fe71d5
06cb10
01b2d2
f9a12f
032f73
0cd22d
044d0e
fa8907
fb24db
ff1976
0298e0
043f8e
0423db
03399a
00c77b
015847
03e28c
ff884f
fbf01b
029eb4
068552
011071
ff96af
04287e
02dd31
fcd2ad
ff0e5e
074f7d
06233f
fdd913
fcaffb
015db5
030d02
ff68f1
fc9a3f
04d5ce
0ce094
00cf66
f3a27f
fd0849
083066
0335fa
fca747
fd43f6
001108
02181a
040547
060750
01108b
f5ff77
f5c560
00ea9d
07ad21
06972f
fed7a7
f73007
fdd531
090566
0473b0
f6d792
f11795
f9fbef
0a6b1b
0e0356
016b41
f71c9a
f73e9b
fe1eac
0157b9
fa3324
fa48cb
05a957
046ba1
fd7126
01acc3
006195
f92776
f9d673
f7ba48
f80cc7
0611be
0bb3c2
04ca85
00d20b
f61837
ec4c88
fab6a1
0ae566
045357
fb5374
fe9f92
027e78
feced7
f82196
f7f1fc
ff964f
060693
044afa
f9e419
f30595
fef354
0cb2e0
00985b
edcb81
f636d6
0b84be
0e864a
00290e
efed9e
eb62a5
fc2102
0fc5e7
0b6eeb
fca3c3
f8ccab
f878e9
fbbba5
02afca
fae905
f3aca3
054e50
0f7aba
ff16e9
f6ebe2
fcd6e1
fa4547
f5a6ac
fb9b6c
06d035
0ae5ec
021b25
f974cf
f7f6d3
f70969
ffc3d6
0b5168
fdedce
ee4aa2
fe6fb4
0f7d87
0628b8
f9891d
f8a8a7
fa970b
f8ff89
fc612d
0ccd33
108ffe
f74339
ec4d2a
026d34
0b09f5
fa5725
f519a8
037b4b
10111b
0a8832
f75e33
ef8c85
fa2b0f
0206d2
035427
0b9922
100ed1
ff0d97
ed5cca
f7cc2d
0a7bc9
07b05e
fe9d89
fecd17
fdd16e
002ff3
0aadcf
0ad80c
fe79ee
f78d33
fb1f49
020bb6
0467d2
03f9a3
074eea
051e72
fb22b1
fc2124
05fbb9
0723ca
0230be
fcd022
fa9ac4
02f2a0
0a0467
02744f
fa16dc
ff0a6c
0b7bcd
0ce898
f98241
ed33e6
00d768
12e33b
04d036
f43afc
fc6676
0b2e45
0abac8
fef7bb
f6dc75
f93746
0144d2
05757b
03c3aa
044a24
03ae03
f93779
f701e2
059cc9
06b100
f9e590
fec8a7
088d8b
01162a
f9e5ea
faaccb
fc8e48
04a94f
092f7f
feb654
f778ce
fe3962
04947f
036a06
ff925d
fb409c
f8c1f0
fe1e31
06bfda
0396e4
fc00b1
026b41
07ad9f
fd9225
f7c33f
f9484d
f6df81
feb26e
10be2b
128df2
0150df
ef96ea
ecdbf4
fe424c
1041cd
0bf35d
f96353
f0a55d
fccd35
0ecc8c
0e0bc4
fe76d3
f4b930
f3cc49
fa11cc
081c25
11dcd4
09b963
f3698b
e9ce03
fffcc2
17a841
0e8eca
f5df7e
e9a423
f5e0f7
13e7a6
166de6
f38136
ecf4e6
0aa7c4
0bde5d
f72ab1
f92b8e
01262a
00c38c
08aaf3
09fed1
f56a01
eba7b4
01ae5a
1541a5
092edc
f44734
f50b49
034508
04e648
f87609
f9579c
0d7d52
0f8e6b
f8cd08
f21646
fa7c5e
f99d51
04ae3b
17ff34
07abd2
ea8944
f3bd22
09e1bf
042af1
f6add1
ff4b98
0f7cb6
0a0b5d
f87578
f6f6a5
fbb560
f71578
00a00f
193cc6
1284eb
ec61e8
e696fd
0ccf13
1a9d05
fa5698
eae453
0182cb
0cdbf7
031e6e
04abd1
0b48b6
fee843
ecbb09
f2ff2c
10be2c
1eb49b
0641eb
eaa0f4
f147dd
06c9d0
0ab8c0
06b362
0a8a02
046f3a
f22e06
f742d2
0fa75a
0d8e13
f62a67
f30614
0652ed
165cb3
0decbc
f19ec0
e905ca
017105
155ea9
10a741
fece39
efa018
f55863
07ba5f
0b8c54
050aec
ffab4d
fa4006
ff717f
0705e8
fd231f
f806a3
0462eb
05d204
fd8aee
fe3bcc
fcdd23
fb338f
082d93
0f5399
fbb76e
e78052
f2f9b6
0d57b6
1067e1
ff1ea5
f5ad0e
f736fa
fbf67e
042dbd
0948b8
0284fa
f1b6f7
ea01fa
ffc3a0
16a3ec
04cc27
ec6bfb
f9977f
086145
fd8003
f77941
fc3173
fb2b6d
fc99e6
0131f5
ff002f
ff3faa
0389c3
fc934a
eff29e
f2a5de
043627
0da125
ffa79c
ecb717
f40d92
0c0301
0d0737
f55cd3
e81e6b
f4e1b4
0b546d
0f0c42
f90f4b
ede47c
ff1943
0487fc
f61b31
fad2f7
06b273
fac42c
f1b6bc
fea2f3
0911b7
0563a1
f72d33
e9cd73
f6e5ec
119e8b
0aa0f0
ed8dfb
f0d6c3
0b65ca
09722c
f20e88
f08376
fed7df
032926
046e03
03f07b
f8c20c
f41d78
fca354
0144a1
03d737
043027
f80236
f18374
fb86d1
03981f
0a6160
0ecd0b
fbbfed
e4c8fa
eefa80
0a29c0
140a73
07baca
f41bdd
f0121f
013f66
0e7551
06a719
f7913d
f42c5d
fe4a13
092251
09417b
ffa86c
f90a71
febaf6
05611c
03c468
0694d6
061360
f1afea
eec8db
10fff4
1a9112
fc740c
f79197
09f31e
0184f5
f3fff1
001fc8
0abb20
084e89
098d02
070b9b
fac850
f7c4a1
045649
0f8439
08482b
f2df63
f254d7
166335
283bdf
fe2ac8
d825f2
f642a1
1efc2f
0dc165
f4c8cb
0caeb1
1a8cf3
ef7ef8
d9bde9
0c8656
31648d
0ae1d1
df86e4
edc740
10ad05
18c92a
0a2161
f88441
ef4041
f900ba
10cb69
15b5c1
fc9f93
ee6449
ffa7b8
0ca69f
04ecb3
014b7e
057913
fd5f6e
ed9d80
f4e046
16ad05
21041f
faa74a
df8469
f7c139
0eab8f
04c698
017427
09c581
fbd4ff
ebbb6e
ff9a16
15ec5c
01cebc
e9c181
ff3578
1a9de8
07850c
e571c2
e76b44
02bc31
145ea7
15b335
0bd6ff
f24194
d98df9
eb493f
1c34ac
24fcde
f9d248
e00400
f67c2c
14abe9
149b3a
f9c4aa
e58cf0
efecf0
08ee2c
16f028
134ce2
fcc60c
e1f190
e5fe5f
0bf491
2490a8
0e6b8a
e71696
e4232f
072408
1b3184
048bd1
e7e441
f1bffc
12e16f
14f177
f746cb
f2a35e
06621f
fe35e1
ef5fad
06f106
174f26
fcc507
ed0ff2
ff61d2
0ce50b
0838b0
f97500
ef4645
01d352
140200
f8c2a6
e272de
07fe1f
2aa0a9
0b503b
db2822
e0465a
0e4ae0
1edfa3
fb311c
e4d7c6
03e7f4
1c4b8c
025f27
e966dc
faefa2
0cff88
f89cf4
e8e564
0ad83c
2a340d
081628
d5233a
de67ee
0e66b6
21d8c0
0e612b
f7bd95
f0cdd0
f28a4c
fc1c62
0a7314
07f95d
fb4a4a
0454d6
0e26ee
f7dab5
eb12e1
048128
0e31e7
f71306
f8103a
139883
0ec001
eb8a23
e62f2b
08d2d3
1fb161
0dd45b
f0610b
ea7a2c
f70227
028a04
0fe88f
1a4df6
046d51
df73e0
eca5e8
1c0ea4
161c59
ea072e
f1d845
15b7b0
061d53
e9ef8d
024e3f
199b46
faabae
e765d8
102c4c
26a711
f24e93
c9367d
f597c6
2b71ea
1b57eb
f826ea
fa2259
0160fb
f6ef40
f436f3
fe505d
0375ce
04ab38
0c2150
10a98b
013222
ecaf6b
f103ac
00e95d
04bfe6
0afea1
0f0cbc
f9bd85
ec8c25
02d50a
0f5628
ff8442
f81956
fbead3
fde769
0a422c
1344d9
fcf7f1
e14d27
edea5e
154c43
1e1cca
fd22cb
ec05c0
03d627
0dda76
f3461e
eab192
04530f
0f41ed
03df3e
048a5e
0803be
f6d4b9
ec99aa
ffc2bf
0d2718
ff2151
f7888d
054c15
0850dd
fb6dfa
fcf4d9
0533ec
f966e2
f18714
03ace6
0dca75
03fe62
00e776
f92e35
e8dc19
fb865a
1cf04b
09a34e
e5696f
f73da1
17388d
08a14e
e9743a
eace03
059c29
11daf1
00e1b7
f6431b
05d805
06f77c
ee66fa
ee6cc7
089381
0b9a9f
fc7cfe
faa8fe
fb9885
f8f104
00713d
066598
00cfd4
fe2709
fa99fc
f17140
f9cb16
0a36dc
fefd87
f2c2a6
099130
12f396
f10b8f
e5e880
03a702
04d821
ef548e
02996b
1c1182
0215b4
e0c9f2
e9a8f6
079dea
191209
0848ce
e5bd91
ebafe3
0f6f59
0ba6b2
f2db1c
f8c1ab
0213a2
001dc3
088192
ff8f91
e5d89b
f8a85f
1d1bf3
07ef68
e4d0c9
f709b4
0fe9c8
02b9da
f8ba30
04b66a
004145
eb8c36
f61731
1bf57b
1b2c27
ec9295
dfb8a4
057fd7
0ef74f
f57598
0018d6
1aaae6
0473f4
e5b301
f57379
0cec1a
07cef3
fd3782
fd44a5
0195ab
061b1d
06c3f6
ff7650
f34795
f4caa3
0f55f3
1b3978
f90cd8
e30127
049d1d
1cd16e
022a2d
ecbdd7
f9f169
08e8c2
0bff13
09d45c
01bf78
f969aa
f65292
fb1d8e
0bcf01
1396de
fe5b52
eef311
01f175
112104
0634f9
002d8a
017e95
f644d1
f33088
06b9ef
14142f
0ecf67
03fb4f
f570e9
efb878
041867
1435d7
001771
eedc8c
060e25
1c3466
0aa4a1
f02c1e
ebf7ef
f73e61
0c0e83
20a5e7
19eecc
f57207
d9bead
e9937b
145b9b
21c087
0665b9
fa4f34
0974ab
0015ae
e6fafc
f32dc3
10962c
143817
0b0f9b
01e531
f5d675
f705b3
01e468
01a539
048da2
108c80
063dda
eb4dec
ed80c8
10a44d
2475ca
05cd92
da7d3b
e9b176
1bc572
19187c
f5c3c6
f8d9f9
00f977
f335c0
05a81f
1df04c
fafe64
dfc928
02a198
1505f0
00b4df
001cb4
ffb961
eb985c
fa4589
1d9711
0fb332
e90f01
e66119
014cce
197376
13b66d
edd635
de7028
01feac
1c2f16
08ccd8
f33c44
f3913d
f7b6d4
fe3243
0a46b9
0d7e73
00accb
ee06e5
ebad67
05ba39
192d6c
014131
e52d43
f58b87
104508
0c2e63
fe4af1
f68723
eeb155
f71fb2
0d5e85
0d13ee
fd7a9c
fe54a8
fc2f80
ec54e8
f8ad43
183cb3
0e34ad
ed739c
f1a13a
03b629
004c97
01419e
0849ac
fee8c9
fc438c
03c639
f63f1a
f10fbe
0d58f6
0f86b8
ee876e
f4c7bd
1857d3
0e85e5
ead658
ed5f8a
062dcb
088ef8
ffdf29
04b447
06c340
f8a709
f3b604
03c672
0d95c4
0246fd
f43229
f85773
0b05e5
0ce80c
f50759
ee792f
09a242
17ecd8
04849c
ee1558
ebda38
00ed7c
17dcf9
0e186a
f5696a
f79aa7
006751
f8f7df
00701a
12cecf
0728be
f16e19
f77f60
06a78d
09695a
031cf9
f4fc9b
f3c22d
0d4c0c
159b38
fa643d
f094b7
ff82a8
feb4bc
00be73
12e3a9
05624c
e71c70
f87313
18f8e1
08e793
e9bc11
f413ff
1621ef
16f822
ee4d15
dff59c
0ac037
1d3e86
f43c05
eb8f24
186259
1676db
df7a98
ddb9e8
18e1f0
2835b4
f3c2e6
d96506
03d18c
254b49
03b4af
d7eba0
e7214e
16acb0
2646fc
10dcde
f222c0
d5a549
d8d56a
0f84cb
346f3c
0e3c1e
e70557
fada2d
0705c7
e9dd22
e72bdc
0ebb4c
1cc503
ff7abb
eff38d
01469f
024034
eba58d
f4f014
16cacc
13411f
f68c10
ed4e66
ec5d68
f35333
1435a6
23bb19
ff6c95
ded43a
edf0b3
07c488
070f7f
f89eb3
f8d9cb
0ba6e2
111e89
f56cde
e11672
f89f8e
1464e6
0a3a81
f77018
fa633f
fe87f2
f81210
f87ce4
01f8be
077f40
05a1dd
00a34d
fc727f
f56360
ecc468
f9bead
1826c4
143869
f1992e
f27d5f
0810cc
f60ae1
e8d113
0d84e8
1a45ec
f66c8e
f51f3d
119dfe
fe7e4f
da082a
eee931
24134d
2a2267
f0d8de
ce81ba
028402
2ab7ba
f48f50
d65b0f
136992
269363
ee3b53
e571c3
0dcb2d
102aea
f7fd41
ef0aa2
f6f0ca
0fad26
1db5a6
fe0fcb
dc5321
f4fcc8
1ba54c
063aae
e437e5
0660c7
2c381e
fe9658
cc6aed
edf2bc
20d6e8
1a4a12
f5f281
eb4a27
07b720
1746a3
f43ba4
e1bf9c
08b4a5
19871d
f85160
edf9f1
09da11
188858
02be0a
e25174
e92e16
1403a9
1ef9cf
ff7f24
ea8f97
eeaf94
03f8fe
1e24af
124d8f
e7b0ac
e5b754
087bf1
0d2144
fded47
080b4c
102788
f7b4a4
e7fb6c
fcf3f9
10ece8
0c8b7b
0163ba
f73c7f
f509c1
07b077
15e725
00ba2e
e644e0
f2b8ee
150c88
1cc3d8
027d9f
eadc84
f0626e
090faf
15296c
02099b
f0a3cf
049618
130aa7
f927eb
f02201
0a91a2
0fb79a
038c50
01c68c
f4ba2a
f05fab
104372
1b56ff
fc2fae
f106b0
04baab
0c9b0e
ff6d97
f30341
fdb69d
13c51e
11a5e5
ff33e8
f669bd
f46329
ffb7ad
117eee
06213b
f754a5
0cd148
12e2b6
efc299
ea185b
0cd610
11f06b
fb03f0
026b68
15802e
fc3f7b
dc281a
f8c9b2
26975f
1bc470
f42f57
e88c8d
f83415
0809c3
062601
042715
12ccad
042674
d9bebc
f2f660
34c56c
19a1e3
ce3528
dc3ba3
1a7891
202886
028b47
f67c3e
f720e2
f89011
fe8187
07997b
08a19e
fca7d7
f36e57
fc2e94
0c784a
0d4f07
f845af
e844e5
f9f18d
15dfcb
11759b
f50272
e3dcae
edbe02
0dd01c
21eb48
0be95c
ec92f6
e921ec
ee581d
f7f7b6
1534be
1cadcc
f64d22
e2a8e0
01232d
15dcdc
fb754b
d9e5a9
eb80ab
250b12
2b0219
e9c878
ce6733
fb7dcf
15b559
0669b6
fef7f4
fd9976
f6cc35
f55616
f5e4ea
ffcb04
120bd4
09ddc4
ef828f
f079ec
051890
076260
f2b744
e8c931
0613ae
208e42
064758
e84f72
f40ca2
ff1b40
fb5da0
009d5f
033a1f
041143
0671ce
f476b3
f0bb08
141717
10a5a5
dee447
e75ae6
1ccc2b
16e281
eb0624
ee0c2b
10935a
12aeae
f5180c
e9dec3
00601f
11a702
034574
f1b555
fcfe09
0fbe01
080670
f6a0f3
f75b98
002978
05be44
03f700
f5e2cd
fac2c1
1bd3bf
15d090
e316c1
dce3c5
085928
1b259f
0db99f
0084e0
fa7989
fad0c2
fa7b6a
f74756
fe6253
0d589d
13fce2
084b79
f112d7
f0ced2
0937f5
05653f
ed8feb
ff22e1
20f22d
137cf4
ecad98
e5a35a
ffae23
0d416f
ff827b
03154b
1acc25
0889d3
da088b
df2f0d
12cf1a
2bd9f6
0d2f73
e0fc91
e5f1cb
0fdb1a
176ead
fc46f5
f03723
f4e161
003026
129df2
14b1c2
fccc8b
e48df8
e7bc8c
0b6ce4
228f44
048e9a
e3dfc1
f49cbb
0c6f76
0583e2
fd3728
050b45
032099
ed2399
ea7eb4
0dbc9b
1cd60c
fd121f
eaf9ca
fa7f4c
0455eb
035654
fd19c0
f3f0f1
fd7f10
0b038b
03bba2
ffeb0f
fd411f
ebe314
f5b893
131e41
062c58
f0c30e
01e4d5
06d77a
f39c34
fad195
08fab4
f8651d
ee6937
06ff83
174b72
ff369b
e58cd7
f34220
095a39
0259d2
fd00d3
0d341e
05032c
e123e7
e94c84
1ca5e0
1be2f6
e3725d
de908b
14655e
1c9f9d
ef51bb
e4309d
05d973
14201e
fc8602
eb3adb
fc7422
0c4f6c
fbeb01
f5c57f
10b4e2
0ef2a8
e3c9dd
e1afd2
123b0c
1b8fa8
f525b5
ee6b9c
067ff6
04f3c7
fc78f6
054e0c
fab0e5
ea9289
05ae89
1dd183
fee22e
e1afdf
f66018
15fdb1
17b676
fab84a
de7562
f0b98b
1f2573
1d7c30
f07ca6
e71aa3
ff1279
014fb0
0399e6
1bf88f
130a7b
e6b63d
e13705
03d85d
123d6f
03d0c2
fafc0b
0be703
1a6540
fdc2dd
dd7502
f07128
0ce425
0f754c
114de3
072310
f3ddeb
003dfd
077049
ef2f04
fa4702
1ac4e4
08c259
f53a8f
0c2cbb
08861a
e4a4df
f38e80
28e177
21b244
e18f1a
d9c053
16719d
25d6bf
f9ff13
ef7b47
07b420
07d8f1
f88aaf
fe3668
15a7d3
123579
e800cb
e6eb9d
227c04
24e9ae
e14903
dc5819
1aac3a
27d9e7
fb1fe9
e7bc31
01e7c8
0f8183
fc524b
fbe220
0d0ef0
014441
fbe131
122c75
04e33c
e821d6
fe1169
13c4d5
0091a7
fbde67
0d0db3
087fab
f3681c
f167c9
099ea1
12be1b
fa6417
f8f3e5
11ac1d
001e13
e5eea2
04fc07
1b3a14
f95177
ec295f
0d6ad3
15ba9a
f58b3b
eaee05
049b74
0b2058
f7c52f
fed17d
139a4c
04cc9d
ec8706
f41c18
0af6d1
1275f3
faec1e
dde672
f6144e
2c08c2
204285
dd88b2
d23835
0d8b31
2a5324
fde05d
d77b11
f3b751
1d33a7
13c378
f4927e
f4fa4c
ffbf47
f03d7d
f0e6fc
1b5d95
1daa2a
e46e26
dd709d
0ef515
12dee4
fb5408
0258fe
f8a641
dd797c
fbabe8
316871
1d4efd
d632ec
c82a32
07a79b
3021a8
09efbd
e4a163
f75baa
08ae1d
fbaf57
f6ff43
ffd414
0245af
ff0c15
fc11d9
053c07
12af14
f84eb8
ccf26a
ed6f3c
3b7335
2e1236
d68a1a
c8519a
0759a1
1ed1e9
04cc31
fdfffe
028036
ecfa72
e33d89
0d768a
2f8153
05a89e
cd7b7a
e47fda
1f385c
1ba884
ed3796
e8c50c
0eb2f5
186a4d
f52507
dfda6f
f7da05
163e0b
15f2b9
fd8e75
e93f30
f06c52
098db1
12e040
018ee0
ec3965
f32fcc
12a6cf
125a74
edb92e
efa514
100354
034af1
ed423f
054141
11e5d4
f899e2
f0738a
02c951
0fad77
048369
e93f43
f148cb
1b87cd
10f548
debaac
ee212b
22e7ef
16feb6
e5b955
e531eb
0a52d0
0f46e1
f60cbe
fe17f0
17a6c6
00d2a0
e0c566
f53aae
1140a0
0e3dad
019025
f32b21
f74c9d
1255a5
074c22
dea9ec
eeb0a6
217914
2026fa
f500ff
e087a3
f67182
108660
06a517
f5483d
01776d
0c7bdb
02785c
fa0f03
f9d3f9
005c6c
ff2509
edd709
01f445
319deb
10b251
c70d22
dbedd8
1a01fb
1d711e
106e98
033184
e1940b
e67c74
111a21
0fc764
f61c83
027dc0
16ca09
09b4ba
eb795c
dc58a9
f30cd8
208f1e
2bb6be
005558
dac173
eedaf0
119edf
056462
ebca2d
015d18
23aa29
118005
e3bdd2
defd17
009863
109674
075e64
078d6a
0ab176
f91842
ebf07d
fa5b44
05f11c
fb153c
f8aaf7
0f9f0a
1cc86a
046851
e0dedc
d99acf
f68a84
1ee03b
2687d4
029d12
e49249
ea75d9
fc6ccb
0abb79
0b7520
f5c730
f0357b
0d0a13
13a886
f78b4a
eebff5
f8c96b
f86d5a
01d666
1630d1
08c4b8
e49137
ebd4a1
15332e
13d694
ef4b6a
ed1c85
00f3b5
02a1d3
06adc7
0b4841
f7811d
ebc13d
fd0070
0aad2d
08fff7
fed605
f38c2c
fc9cd2
0b48ad
fd34f8
ecf846
fb7d7a
105e34
11407e
fe7c00
ebc64f
f60599
0c4e3e
03dbec
f1afad
fea253
111010
0756e8
f752e5
f9d4e2
0302a0
039748
fc927b
f59b34
fc9e75
12c14c
16756e
f65d93
e1e6d1
013d2e
246b02
0994a5
d7c0d4
ea2611
263425
23710d
f23570
edd69c
06e186
0162dc
f25fe7
ffac84
15b1ee
10a3d6
fe119b
023361
00611f
e2d71e
f4b6e5
2f789c
19cf12
dba995
f7ff30
2d3953
0a6caa
caf5da
d9e528
33259b
54a898
f3abb3
af3246
fd0f53
37959f
feaa09
e0d4bd
0ecf1f
298119
0c9e4b
dbcaee
debc58
20900a
2ad33e
e6fd00
e1ca0a
2192b2
223574
e929ff
e1216f
10472b
252e5f
000221
e03fbc
f9c388
1d7cf0
1327ef
f4a392
f0c104
01046a
084bcb
098f2f
0be160
fd8fdd
ef7b53
027a45
0ecd08
f8eab3
f9621b
110364
045f56
f1c2f9
060b79
0f40ac
f7ed92
f49707
054102
ff6431
f56348
084fce
16854d
ff6f2f
eba89f
ff058e
100338
f6f910
e0e152
01061f
27462a
11480a
e6c523
e7060c
00eee7
120e74
09c512
e7f167
e6c4b5
189a83
211c02
ed99fe
dcbf04
ff4015
185040
0a0f96
e85689
ee72ad
120e09
012276
e961ce
126418
17b741
dc38c9
e0f4c4
1807bf
16b62b
f5bd6f
ebafe3
fb077a
11abff
0283c0
e25fd3
fabea9
1f94cf
04f4dc
def633
eeac35
153781
16a654
f23a8a
e7b616
04b987
093ddb
f57551
fd4dad
0c8295
00fdf4
f0f94d
f61f6a
0c8eb3
120f51
f3baf1
e0f905
faa10e
19032e
1a53f9
fe9d96
dbd15d
e5429b
18c9e9
21e18e
f112a2
e32326
0e6539
172d1a
ec78c8
e73dba
09a9c7
0d5a5c
06b056
0f7471
faefc6
df5e45
f00f39
0740cf
0f0c5f
1a0101
0daf7e
ecacb7
e52d23
f28cd7
033231
14e932
11a6ff
fcfe0c
f3aded
f80caa
03c87a
08715c
f9f6c1
f24dfe
fc4bf9
081ea9
18fce2
136852
e30c74
d652f7
0c8277
21e750
fa6f8a
ee1908
0b7c7a
0bf727
efc45f
f96243
14fbd0
fb42b3
ddebc2
0471d2
2566b6
075b6f
e9dcb2
edffec
036a5f
17984a
013bb6
ddd391
f9e9a7
21178f
0d8937
f9091f
f9e700
e817bb
ea41b5
153e2f
2040ba
fe1df0
efa7e6
fcd388
ffb94c
fa6726
015335
07eb66
f9ab43
eb6473
0521c8
2cdcdf
10dcbf
c778c3
d1256c
23458d
2e5a8e
f7d022
ec309e
fcacb8
f967f7
fbdfe0
0a4830
0da094
fb9cf2
e416da
fae1c1
29383f
0e7d8c
d4ea75
e94343
178728
0f5997
f66d46
f6f530
09721e
0f5d2b
f73463
eb2263
fcc83b
013ffb
005e16
0c0d09
08df2c
04613a
0415ce
e918fd
df7226
03e27a
1759a1
115405
0beaac
f842e5
ef2d1e
fa6494
f1c132
f45c1f
151ac8
13f5d3
fe9a27
05e799
00da2c
e5ea8b
e6cbb9
02d2b5
1d27aa
1ba2cd
f854f9
e65a9d
f999b1
01df23
fc5f87
07f4e0
12e516
041b4d
e9937a
ea0ec7
0f59d4
1e37fc
f8e4e2
e3ff88
015908
165321
0508c7
f1747c
f80a34
074aa4
029f79
faf3bd
08f842
0cdecb
f55070
ee278f
013c96
0a4df2
0a7c20
0c8343
f87dae
dd6656
f6355a
2b99f0
237eee
e78d6d
d46c0e
fa511f
1fac3f
1bb068
f35ef8
e10a71
060c62
1f3f27
0314cc
ee63d7
f88712
fc088b
00f12d
141817
1244fd
f609a8
ec2dd7
002aa1
098851
fd5dfb
03d809
19eb9c
0784ca
d7c690
dd1e53
22693c
40fd41
fd5374
c29b4c
f3492f
298047
07b08a
ed2278
09dd32
0aa3f2
f369d6
ff4242
102f72
057c7a
f44d68
f3ba11
09be98
133bbe
f96f2b
f3541a
0ef4a9
0b4b56
f13c29
fab589
0f8ec0
0683d2
f52741
f76e19
06715d
0e4772
0764ba
f939ec
f18aed
ff45c6
15f6ce
0eea1c
f00bf7
e8335e
fd0896
1147fc
156425
095c95
f9c867
eff548
ed9ca8
002bed
19922c
0da131
ef0689
f5c93e
0f5b18
0adeb4
f60fb0
f58a3c
01b2f0
000319
fd9a3a
0e9643
102466
f0df36
e834b5
0550ef
12fe95
06b59b
fac5e1
f4a5a4
f9ea83
0647b7
0597f4
01af47
07edd3
01b75d
ecd150
f06936
112037
1a35a5
f972b4
e892e7
ff707a
096273
fe9a20
0627b4
090fca
f2d74b
f399a1
0cc5eb
082d0d
f1c75f
f86224
0f97e4
0fbc6d
f6e279
ebb5ba
029751
10b16c
f8b5e6
eec026
0ece7e
183e06
f14d13
e4b81e
0d6ce0
1bbfe8
f2194b
e0401a
06b8f7
1e4c95
05773e
ee75db
f67004
06d14e
091eff
fabab6
efc392
ff3392
15cf7f
0e5b0e
f3a21e
ed94ee
ff8f24
087608
fc495a
f98326
0d9a97
137ad4
f9c30a
e3d70f
ecc80d
0e097b
245adb
071e6e
ddefbb
f2649f
14009f
fea200
f3733e
0f9ca5
076cae
ecb84c
fe8a33
0da343
fc048c
f713d2
fc45b3
fa71ca
046462
0f555f
09b4b7
fa601c
e51ff5
ea72a5
16bbf1
1c1061
eae367
e7e2b4
15ce91
185399
f766fe
e7ec0f
e56185
fa513f
25de17
2000f1
e56dab
dc7f4e
0d178f
1546f5
f1af20
ecdd09
03bb43
0c5c42
0900fb
fdf4f0
eee17c
f4ddc9
066fe5
060e86
02a17c
0417a1
f7867b
f369c4
0695bf
05e847
f24e99
fba56f
0ed035
03ab66
f46a82
fcef71
0973fc
01b950
ebce8a
ed8141
1129b7
1e560d
fedd3e
ec499f
f88a1b
fe06ca
fbc38d
feff54
01f9a2
0c7bdc
15dae8
fcf0ef
d86688
e818e2
1fa051
24d3a3
e9155d
d8b0f3
148fee
275380
f5a2a9
e96d55
ffa0f2
f3d3e4
f4a76c
1c043f
1db9c7
f3a952
e498a6
fd876c
10da1d
fd5c68
e700eb
068496
2ad42e
0a0ab7
da9d99
e13ca8
0431d2
1f9607
181a99
ebad1f
e619c2
1695af
152c16
df7d2a
e4452e
199214
1df710
f60235
e9d742
05da2a
163755
fc3094
e2aad1
f60b3f
13e5c6
0fe12e
fe083a
f9b855
fbcd2f
fe38c4
00dc6c
fd2aa7
f8b0ff
0001b8
0d2723
0e1997
fa91d2
e53ebe
f0c3b9
13ba9f
16ecf4
f8ad38
f2df4e
06cdd9
019ec2
eb7c92
f44a7d
122fc3
176721
01b9e8
ef3210
ec9dfb
fb5d7b
126163
0f661e
f17a41
ef5fd2
0b3a28
0bd3ac
f7f33b
f98cbe
029014
018af6
ffb394
fe4e98
035912
0547ea
f1bf5e
f3b5f7
1a5dde
138699
e23c5a
ea5007
15c571
14e761
01c5d2
f7f24c
e7b074
f009ae
18b41e
21a433
fe5674
ea153b
fb938a
0d6319
ffff7f
ebbef4
fb35f3
19d93e
138a4c
f9fdae
fe62d7
062d78
e81906
de3d3e
1b5851
41e5c3
04e0c9
ca91fe
eca27b
19b2d2
0cddc1
fbe444
066285
092cd7
fccb8c
f8e9df
050d37
0fc4c2
fdf08e
e3565e
facc08
2a5cbd
1b8e75
e9f418
ecc437
086dd1
02da99
fa5152
05542b
086d82
026fd9
0457af
0c9a42
0b7592
f0ead4
dc840e
fd258b
24c3e7
14ceb4
fb0f21
006e1c
fb67be
ecbf35
fe97c3
12be06
015a0b
f4722d
0b69ca
14bb3b
f79576
e9d8f3
005b5d
0c0e6e
00c9cc
fe324d
05b2c3
028146
f3e27b
f3a3bd
1043a7
1ac1f8
f2b7fc
dec6ee
03abda
12a7e8
f9bff4
fbc886
0d9ff9
01f3b5
f0b64f
f37f1a
02e7c9
116de6
04b044
e787d6
f141b7
134361
0c4e4f
f08dc2
f867e4
0ae6b2
01ccee
f6f3a3
f84369
f083d1
f7eb6f
1fb19c
1c405a
db70cc
d777a1
1e9d5d
1e611d
da69ab
e3730f
2027ac
17ebdc
e7e003
e208f5
0359c0
2158a5
0fd8fd
deb360
e2826f
0fde83
0bd646
f48df2
08527b
0dfdfb
ed983c
eb8ce1
0a39fb
140c61
01bbcb
ec2b62
efbe3a
0914f5
0d06fb
fd3ded
fdf2af
02cb9e
ffed80
013848
f808b6
f2e69e
0d9f18
105981
e9edc6
f2eeaa
1f7eae
1001f1
e8621c
efb23e
02b911
09885c
107ee4
0182ab
eb180b
f9f28c
11deb2
09cf30
f63ad0
f2ef14
087d8a
200461
048c33
cff8fd
e4071a
2a7da0
2baca7
f07803
e498ae
077587
0b804e
f686ee
fa7c19
07164e
022c84
036130
0a1277
fd0e7a
f690b6
074dc1
06fce1
f6d57a
f9df4a
ff7be1
00fdd1
126109
1179aa
f189f3
edb298
027460
feb12c
fc29b3
0b6c86
08984d
035a75
0b7a1c
f8cb62
dfbd17
f57e4f
137d7c
0e8141
03c7d4
032433
011fcc
fa6a0b
ec577b
f0b3a3
13c69d
12c123
e696fc
f788bc
31e65b
0fb6cc
bf68e2
d705d9
2840da
296fb2
f18799
e38c0c
010369
129125
08bab5
f61d78
e863a9
eb7034
08c454
225bdc
0d5e80
e8bd08
efe5c3
05fe4a
f84929
ede694
0aca42
1a1d9b
fc0249
e4d823
faaf17
16e5c2
04ae10
dc8da7
ec75a3
2543cb
1f3f4a
e23f96
d8d32b
ff6fd6
1093ed
14bbbc
0f3c6b
e8773c
d7fe77
01e27e
1ab115
040162
f4fc58
f83d52
fce52e
069adc
06673d
fb9085
fb5e90
f4127e
e834cc
0495ff
255aeb
0a406b
e80e8d
f74ae7
0271eb
ef1a2d
f3360f
11c93e
14e276
fc5db9
f4d770
00b048
feece3
ef99e6
f191c1
0b20b5
1da591
0b91c7
e84840
e9127d
074d5d
07fe89
f76501
04fd4d
10ae2d
ff0953
f67659
f7e70d
f6a7ed
0e2d4a
18d8d0
ea4d31
de704e
1f4ca0
2af3b4
e4016a
d4a6c2
121880
26c4af
fb0b82
e3bb1e
014a5a
172ded
fd71f5
eae32c
0b5e1f
232594
00c08c
da1fe0
e87921
1560cc
298af1
0e2ed0
e593b8
e3798f
058267
1b0e64
0e20e5
f92298
f95566
02f9eb
fb6836
f4e3a5
0b6f86
1c3aed
0531d5
f1ac73
005aea
051ff2
f3025e
f98962
13ecd5
10fd2a
fd7026
ff26db
0650fc
0102e2
fcb352
f8c068
f7655e
0ba0a0
1df0de
0a2de4
f06ba3
f781bb
0355ec
fb8c44
fcb231
14b7a5
1d9df9
fd93ff
de7354
f16ae7
186890
18f920
fd3c5d
f319f6
023ba9
0fb02c
03c173
ef2550
f9c62a
151bff
10980a
f6dc28
ee9a58
fb048f
150900
236d1e
ffdd7f
d1dc3e
e5a24b
1cdac6
2575db
04fa19
f22fcb
f84b4d
fe6414
f94b3d
fe5956
13e262
0fbe04
ebd6fb
ea75d2
1431e0
1a0348
f1cfe0
e95a45
0ac540
1222b9
f43203
ea03cb
0676c0
1bcf2c
09b375
ef2af4
f328ba
006427
f80590
f80747
146627
1b85b0
f8cd52
e19c1f
f17853
0ba43c
13759e
00779f
ec18d8
f9f5f7
1020b0
048c5d
f55145
ffbf9d
035d3d
f6cf45
f6831f
014ca1
098be2
0c2bbd
fdd5e3
ea58ff
f53b56
0f38d8
094fe0
f3a6d5
fbc790
0ba6a1
fbba64
ec1ded
fd90b2
0c38cd
0680e6
086643
05acf8
e9d251
dd6270
fb95e5
1fcf3a
21525d
fc7cd5
dd6835
efc557
0c7c4d
02d70f
f96350
06fa9e
065ec5
fdb849
fdcb52
f34d49
f62d35
136253
0bb123
e649aa
f324d8
1697c2
0bbbd4
f5132f
f88011
fa3318
f7c148
071cde
13aaee
016142
e7709a
f02a1b
12867e
1c2ccf
ffc064
e214bf
e38897
03d8c1
2245cb
1aee09
f8a184
e47c98
ec044f
fefca8
0b52e6
0d4c3e
0c6412
040319
f26a9d
ee3a48
f8974f
fe056f
0d19c6
21f734
09959c
d56856
db0118
19c301
30d8ba
f884d3
cb972d
fd6a57
37b9db
0b1214
cf1ae4
f27795
20189c
05b3c5
e9dabb
ff730b
1aa111
0d932b
e406a9
e51735
19752b
18285d
e0b6c8
f0779c
2a1d88
1284ed
dc54c8
ebba0d
15a0a4
12e9a2
f07a44
e837df
0eb16f
21445e
f8482e
e3985a
0586f3
100de9
f9b564
fbfafc
057ca0
f94b42
f8d68f
0db55a
12156d
fae36b
e9b905
f85a10
0dcb8b
092c3c
fd8a24
0124eb
003da4
f63927
f983d3
07fd1b
0e779e
049704
f279f7
f166cd
04c916
0b61c2
fe5ee5
f94bed
010ed2
096409
0a29fc
fac5cf
ea926f
f2febb
059235
0eb2ff
140b01
08b771
eb2c86
e9b5fe
043fcd
031107
f4facd
0b812c
201b88
00abc1
da4821
ea9824
1a4d95
1cdd4b
e949c9
dc94b1
1338a8
21d2a8
f2f4cf
f1fb32
0e478b
ee8343
db6abd
191794
37f451
fc3b12
c99912
e05287
18cfd8
2c2dac
002693
e061ce
015b6f
0e42e9
e5e661
e9ce80
1c01a6
1cbcaa
f6540b
ec06b7
fb0d74
06c540
01ce5f
f0ff4d
f30885
0c01c0
17090f
0774c1
f080e0
e6ec81
f6b71b
0d268b
0d4a3b
fed3e6
f6a8ca
f941af
02a180
04fda7
fe957f
ffa768
fccf5c
ecf147
f56e32
171075
18e29f
f5c5c9
e023de
f1aec8
18fe88
1fa900
ed9d30
cf8268
fc1a69
282f24
15ad5a
f21699
ebfe8f
fdb697
095d21
f61a78
e88ee8
0eaf84
29dab7
fcd7ec
d82e23
f9bbd7
16afb3
05144a
f75033
f95c01
fd6e6b
12210a
16aa4e
e6bd49
d17553
0ed9f4
37d035
0cad65
e88784
f39d6d
f34da2
f2fddc
14e672
1f77a3
fb999a
f0caae
0ac807
0c7149
f50943
f0f72e
024472
0fb271
0d8847
033eea
00a07d
01c36b
f74d6d
f277c8
0b5a94
24b54f
1214c9
e7c1bb
e14752
03a37d
1948a4
0e94a7
064974
096da5
ff93bb
f17851
f77401
08550c
12b7fe
0e3b93
f90121
f0ea63
0b50b5
1c8598
0650ae
efa08b
ef587b
fad427
14d031
2219bd
00f288
e9783e
09ec42
14eea2
e5913e
df1aff
1ca760
301ec6
019035
f0369b
041242
f8aac5
e76131
032b9c
1a498d
0a5e4a
02f087
077821
faada6
f670bb
fdf5d8
f61357
008e58
1ecb01
09cdca
e090fa
f87e93
1bb413
052bf9
f08420
0074e3
03c7e5
f67c59
fa2824
09626e
0ea128
032dcb
f2ffba
f10ee4
faa2de
0701b1
1473ae
0c9529
ebbe45
e14fb1
fcd9ce
15f771
132075
f60ecc
e08a43
023fad
2b8f70
03ea2e
c816d2
e15318
191a28
2000d6
129008
fc39fc
d5d1e1
dd7f27
18bcf6
252a43
f4c7d1
df1c58
f91695
12741a
13a7e2
fe4b74
e31440
e42ea9
05d0d6
1c22c1
0b997f
f237f2
f0d2e2
f97a06
fe2082
0995b8
07f065
e81b3d
e3f235
172e2d
30282b
0375a2
d13eb8
ce833e
fa52cb
2ebd92
2bbbe2
f8886f
e26a32
e9d4e7
eb4053
06c6a5
2953e8
0748c0
d624d1
f5ed20
27cd52
0d29ae
d5fdcd
db0d17
13298b
31e5cf
14063c
e343ce
d0de8f
e834d9
19a78d
3185e0
0bab5b
e19457
ee1cc1
073aa6
00223d
f383b7
fbbe69
0cc0ee
0e75e8
ff6420
fdc8b9
065ae0
f2d8d5
e2e234
08ad60
27b006
023af8
daebad
f528a0
203672
15c60c
eab5d0
e65781
084b07
1199ee
01e000
013ef9
ff1501
f037ad
f55543
075541
0ec877
14783d
08c291
e6e3ea
e68238
085b7c
0b3ea5
f83577
ff5bab
116e8d
16ad4e
0a96ee
e1f74f
c7d860
fb661f
3e298d
25c566
e3c021
e4f612
07c513
fdce48
ed8da4
0a2599
2251dc
077247
df6e44
e10838
0ce70c
2996b4
0a6e81
df3511
eac53b
0c75cf
0b4550
fe7541
01aafd
fdef1a
f5a335
05a856
15553d
fb7494
dcaf53
f334a8
1b4c7b
12b547
f5396b
fa1e0e
08b85f
fc64aa
edbde2
f8448f
0b7cb2
0a4d4f
f794cb
f7a2d5
0f8c97
10b951
f125ef
e14758
f54f1e
137a0f
1df21d
0223f1
dae28a
e6b8bc
1e1f0b
2986df
f2be18
d22dec
f808bb
1b9138
061d6a
ede32a
fc33f0
0edf8f
11a379
04cd9a
e44b59
d9fc47
02d7a2
22297b
139d19
fe65e9
f0cc78
ecdaee
009f51
089202
f6462d
fff08c
179341
038c63
ee752a
fe0bfe
f933f4
e251ca
01d02b
389717
250c2a
d79e36
bf677b
fa1e0c
2d759d
1a73d5
edf299
e6db85
06a8a4
1cd86c
012552
db1c1f
eea5c4
1747ad
0e6826
fabefd
085fa6
049247
e48881
eb3a42
16724b
1d9c01
f80fcd
e296ef
f8433f
13d925
11af59
fc793e
ef088e
f39d15
02ce49
0983ef
02ee20
02dcb5
08b2a7
fb0fb8
e78bb9
f8a911
1e3fc0
170378
e53119
dbc706
0edca3
27fcac
014e0e
e2c891
f6a11b
0f5e94
0ad80b
fd2079
fa7a73
fa7f0c
f8ce13
06a17a
1885c1
05ec23
e6f25e
f74c4b
155ad5
032c3f
e91dab
fd9ee0
1c3d00
132f6f
f19bf3
e7038f
ff0888
12d4d1
0ea0d9
063974
f5b47a
e0fa8f
f8b7e0
2a2f13
21f965
f0c082
e649e5
fb57e4
05d6c3
0816b1
01d293
f431f1
ffcd19
227535
204399
eaa91a
cda167
f8fcb2
272462
115813
ea2b7d
f8fb02
1c005e
14245a
f3b5e1
f0351a
0026fd
f8ae35
f25d88
166602
291915
f8766a
dd4b01
09d2ed
1be0a0
f32a04
e8cf08
05a5b4
0ba978
05edf2
0f66b5
0c3c39
f3f2db
e633f8
f35f77
118792
2246ec
0a3490
e7665a
efad6a
0e8ebe
0a490a
f282ce
f8a9f6
10908c
1546bf
04060e
ec6eac
e83a99
036db7
167e64
07b2f4
fe5ad7
07ed94
00ffd5
f037d5
f32ade
010af2
0ef023
14b2aa
fd9fd4
e530e4
fecd19
24da70
0c629d
d52b05
dbcc61
18e370
2c5409
03a9d8
edc8d4
fcb935
fa6238
f1a831
089c38
15b9a7
fb0557
ec1802
00ffb5
133473
0c29f9
f45710
e467ed
f81993
1aa287
17a61c
f65574
ebc27f
fc4628
01188c
f89f75
02ebb6
15e898
08c4c0
ece0b1
f2e172
05e219
fcea28
f68c76
0a9961
0d08d7
f5918e
f5cf8b
0a04e2
049cc2
f0371d
f2ce62
06af30
1001ad
04b225
f38c8e
f4d91c
00e5d4
fb35e7
f5dcd7
0f7faf
1f4b52
f8e1fa
cf8493
e68314
1edb3f
2735e3
f7bd5a
dcbe2e
f9ba13
12887d
03e2a5
f89f40
fbde02
f29577
f32fce
0f6a69
1c52fa
06332a
e974dc
dbd5f1
ecbff3
158297
25c630
0b191e
ed4e2d
e8c0f3
f77489
054fba
001682
f73e01
03745c
11c774
0c6bb3
fc59de
e5eb62
dcb160
0171af
2b7bf2
16d20c
e8a419
eab184
045ae6
fe82f2
f0c41d
0427b5
1886b8
02ea1c
eb7708
ffff8a
0dc6ee
ee0b7f
e576ad
10f98f
1e0459
f6d1ce
ed784f
0f9118
0ec88a
e152f7
dc8643
15fa66
2cb471
f6c127
da2bf1
0b00e5
2461cd
f416fc
d54cff
f7ce97
1c1b5a
14e357
faa582
f416d3
0219a8
00c532
f03b09
fcd05f
162dbf
0582a8
eac40e
fc2d9b
13a717
06c4db
f28079
f2505f
01f754
113260
06346e
ee88b7
f98291
12a2a2
04df0a
f03952
002e4d
0af1b8
f6abf8
f350f6
0d7611
1518bf
ff8d1c
f15cad
f3ecc6
f728cb
04027e
1c10cc
124e32
e35415
df93fa
159ba5
23f683
f5b5d8
e56672
01498a
05f5bc
f7bffd
04e273
17d02d
08df29
eda203
edf19a
0042ba
0104d1
f8d52c
0b0d53
20a0be
079d07
de0283
e40fe6
082943
11b02a
0390a3
007704
0837ab
0367fc
f10f04
ebd1e9
ffb5c7
12cd81
0d55da
fcebf9
f8f5fb
fdaede
f8cb49
f2e5bb
05a716
1a7dbf
03849c
e5120f
fdc4d8
1a5aa9
f7dba2
dac58a
053473
2b7e1b
0b6b1f
e11b4a
eb9c85
0c41dc
0a5b9c
f16ae7
ff371c
272903
0f3899
c9f3ba
d737df
2b3444
33b33f
ea31e3
d327fe
091c66
2979c3
065cfe
dc8ae2
ec4a40
1a1341
1a4f75
f074a2
e78314
0ab4c1
1a247e
01c279
f137fd
009974
0ad6c7
f63715
eac286
0831f9
1f7514
0ad9ab
f7cfd3
02229a
fe53c8
e6dc4b
f17567
1a8506
218cf8
fcf887
e8aa2e
01c2c4
1aa07a
050c15
df3bba
e84d2e
19178c
2a92c9
05e131
e480ad
eeee68
079393
0f4e6c
0d0835
027672
efff6b
f1f84c
0b7a7e
13be1a
04ba0d
fa6a5d
f5006f
f9a54f
156267
188887
e674df
d5e56d
145e51
37a1df
02d673
d5bd70
f1892f
1502ac
09f99c
f6d6e8
01e6e5
0f7fca
01a71d
f081f9
f602ab
0303ff
0aeb66
0f0720
0123fd
e87043
ef4f48
123a7d
1a5ebc
feedab
ed0f60
f6edeb
01bc9c
fc7860
fe1dd8
1275aa
0fe6b2
ebf01c
ebc6c4
176426
10fa95
d7d0b0
dbe1c1
2024e8
360f6b
05f4b0
d8e4de
da7220
fe274b
1c3b8e
152d59
fb2ac7
f0cefe
f46f87
fd2cd0
0a6963
084ad4
f507aa
f72c1c
0d993f
07a2d3
edddb0
f4dfe0
0c16fc
02dc97
f3b4f6
05b949
11d57c
f93d6b
e95aa3
fb9299
0c824f
09f05b
fe8609
f3b516
fac7d7
0c9eeb
0373c2
f057cd
ff4d25
0c91fd
f859a9
f9ac14
13a6f2
01a036
e264d2
ff2e04
204cdd
ff7adb
db6259
f8a192
2897b4
202f5c
e5e39a
caec55
fb7192
2f1e12
1837eb
e86395
ed8147
0a7e8d
088caa
fba134
fe8c37
fa97c2
ef004e
073e27
32abe0
1abe47
c75a4a
b886c5
0d5edc
489311
278a3c
eee68f
d86225
e20e8c
0120d5
1a2327
130138
00d2ae
fbbbad
f9c957
fa9f0e
045ea9
013471
ee1433
f5d849
1e39e3
24819b
ee143c
cce412
fbc10d
2bbc46
0cef91
e06fc9
f55d2f
17d8a7
06bf76
e9b749
f3c896
0fcd40
156c05
ffa116
e95c3f
ed587e
0382ee
0fa3b7
0b17b0
ffb746
f34949
f00f8a
ff6b31
126308
0cff9d
f15846
e70ec2
fe8a65
0f3ac3
01b839
fa7710
0654f3
034de3
f5dfb2
fa6862
fdc0a4
f26bfd
f7f9cd
0dd9cd
106d9b
03f96c
fce2ed
f1a251
e4e8f7
f245eb
143586
1e5733
000b98
e373ef
efcf91
0bb877
0d8f55
fdbd96
f1d4c1
ed0b8f
fe1986
1d4cbc
130c5a
e10047
da3cb2
0c49e0
24ef63
07367e
e6faec
e4d193
f96c16
12ad72
15b2eb
fdbf06
f06981
fdd780
001b6c
ebc29e
f15c63
195d30
2173bc
f70480
e0706b
f912cc
073837
f7c2af
fa37fe
141ca3
1502aa
f63d3f
e5a443
f59311
077045
076f1e
04dd23
05019a
f9ee43
effbca
ff2485
1337b8
09a8c0
f04aa8
eca850
01d3ec
109c9c
050e77
f51c72
fc8fb2
0936c5
01322b
f8d65e
0123a7
026636
f6d703
f86d2d
08eaf5
1024d9
031317
f18135
f61ca7
089177
028203
f31ba0
07b4ac
19fec0
f5aaa9
da9477
0507aa
29d811
0647eb
daefb2
ee168b
1bb3d7
1ba4f0
ee91e8
de594e
090894
244073
ffc04d
e173dc
fb66c6
131404
04b342
fbfe4e
03fe74
fb99fb
f08ef0
02c7db
1781ec
09d4b5
ef8da9
ee2f00
021711
11f02d
0de37f
f74a47
e88128
fbd085
1ada87
184509
f7bced
e349e8
ed7e46
09b324
1e3a5b
1262db
f2c6a3
ec04aa
017577
08c1b9
fcf50f
ff5fd3
0a1e39
009193
f7a1db
0c57b7
169326
ee6459
d1076c
03be5a
41778f
1cbc79
c93908
d228fc
265a01
349ea4
ec84c2
ced2e7
0140ec
2619b4
163433
fe6dce
ed14c6
e3a072
fd880f
1fadb9
117b99
f5ed3a
00db84
06500d
ef03e4
f59452
134a27
06ebb8
ef055a
0791eb
21b6a0
0514b4
db5cfa
de679e
0aceca
318d42
207083
e425fd
cf54c0
ff6a06
2893c8
144448
eb7179
e4b04b
022a2b
205047
17ff7e
eea836
de1e9a
fd63f3
15c6cb
047042
f4b0b8
080d4d
1bdb64
09fa82
e2db6c
d7533c
fc9886
2665b6
1e24a9
fa5408
f057e9
f6edff
f953f0
09ec05
14ae94
f39ce3
dd3325
07cb8c
2965aa
06300c
e6b49e
fb511e
0b34e7
fce189
f6f398
005387
03dbf1
015555
ff798d
038047
0dae3b
06f0f3
ea49af
e7005c
0b9f83
1913e7
f85c16
ec6975
0e2574
1bea16
f9939b
de3dc2
ee953c
10e785
1e19a5
077d24
e8473e
eb7d7b
068994
0c7be8
0257af
03177d
0220f2
f7ea3c
f4e2f2
f7d462
03ac0d
19c93e
0bc1cd
dae4d2
e5346c
234d27
1be583
e4b967
f15dc7
138da0
f6eb7c
e3bc21
0b2a85
1e3934
044d20
f079fe
eb6a64
f64f89
137667
10cced
eccc5b
f589d2
194a62
fda7fe
d08f2b
f710b7
37005c
2271df
deeea2
d08b65
f95e3a
19bd30
1410d0
fa7ab8
ed1d78
fad072
0e4d5a
0844cd
f35866
f54283
07ca7e
027168
ee188b
f95b61
196bad
1521c2
ed612f
df9afc
fe286b
16286c
08b3ac
f73c43
fde96e
04ac9a
f748c3
ee0a80
ff666a
18e4a1
1802f0
f68537
db3afb
ec15c4
1035e1
17162c
0976bc
04dd0d
fab0bf
e359bb
e5068a
0cdd9e
2c63aa
185774
e3139c
d1645e
011a73
2a2c41
0b295f
e0a44e
f5f787
1c8b57
0d3ca2
e35ad4
e161dd
0ef964
2f72e4
0c4f63
d42a01
e1df75
192a54
17deb8
f04535
f3bf08
10f5c9
0df755
f5a6bc
ebc355
fa3d10
13cd8d
13737a
f02ea3
e27be7
06d212
229250
09e4cf
e5051d
e7a2c8
08ac18
17c906
04666c
f52fbd
ffd85c
ffba8c
eb172b
f608c5
220b05
234408
ece4ab
d2fde7
f71319
176bbc
0e1336
004c17
ff6a32
f69ca5
f377d7
096242
129319
f82b2d
e94a91
fbfc3e
097645
073e2e
08cf6f
03fead
f43ebd
f0c693
f954ce
009644
0ad9bb
0dcafc
fea44c
f562e3
f88e1a
f5538d
fc27ac
11c56e
0adad7
f1c7de
f8ce87
00f8d0
ecb201
facb45
283a3f
13002b
d450c3
df7438
15551b
1097e4
f162d5
fbb16e
0e5031
057bb9
f91e11
f0e44f
eac36f
fe3b3e
1c55f6
130657
ee0a87
e1c240
f58a82
136ba3
212110
01bca3
d43303
e0b17d
132007
1bec4b
051fd6
fef04e
f77eff
e8b167
f7ab1a
12f540
0d7878
f91d35
f50683
f90fba
ff0df9
07e5ac
0a075a
06050b
fdad50
ecf223
ebd83e
0af8cb
1ccfc3
033a3c
edfc15
fbb3f8
097e7b
070372
04a1b5
fb666f
e99d5d
f0f7fc
165fa6
296136
0e4c73
e65d7e
de2ff0
f8f4bf
175125
1c0852
027889
ea4b9a
fbe7fa
1b75bf
05dda3
e05d05
01dbd2
2dbf84
0213a1
d2e5ef
fdb99e
282844
0d405c
f50d76
fd8ff3
014a40
01a33a
feb557
f719b0
0f252a
2a7380
02eb89
d10d68
eb694b
1c0512
1eb26a
0b5f18
f902ac
f2423e
050f3e
0a20e4
eee554
f44ba6
1f6fbe
2320ac
ff7653
e8d2e5
e2a12d
f6b772
26d386
2b30da
f39e46
dcd907
faf3af
0d213a
118a89
100787
ed5d73
e0c4b1
1a6da6
2ed297
ea8a53
d24a2b
092494
18e921
03d10f
103e1f
0661b5
d58d1f
e81af5
2e6435
2584a1
dde59a
d06ead
074a2c
313634
1e85d7
e74cea
d10ee1
f65348
195897
0d9673
fc132f
02a4d3
017164
f1ca06
f9034b
0f4d61
066185
eb09f8
ef1978
08ca7d
1194e1
0bf987
fe0a05
e567e8
e651ff
0ff861
209adb
f8e628
e09c8a
fdb287
134c45
01ee21
f649db
fe5b82
f8b1e4
efe568
070c84
1e3c95
041b03
dd751b
e9f81a
10d5fa
0e430a
ee4a4c
f7c69f
2222c8
150183
d44bb1
cec528
0f44b9
29a192
07ac2d
f095f5
f5902a
001c85
056264
f4a526
e8581c
0f0aaf
2ba71a
f6f54d
c93d82
f78198
2aa641
12f1b3
ebd7b2
ee65c9
011519
04185c
fb03f7
fafad0
0a54eb
0f32e8
fc4e1e
f03f7e
fad0ea
ff3748
f70050
049285
1feef0
0eb46f
db5ee6
dc3e43
124e1c
1f7d94
fb9b47
f3026d
03e45e
ff741c
fa57ac
06a192
04277e
f7a250
fcdeb1
019510
fe3dc3
079897
07091e
f03008
f983f6
1f4155
0e829a
d6320d
d996fa
14b0c3
320be7
15be8b
e23495
d2a576
038611
28d7e7
0109ef
e079ad
087593
20180c
f9a4c5
e1cd89
f35a42
0ac07f
1b5884
0fec3f
ea90d7
e86108
099e82
0d61f9
f9e622
f7b21b
ff9e4b
0c26ec
12673f
f5daa8
de1755
fe7cda
1ebf49
0b6cd8
f6790a
faa49e
f71d8b
f0a6af
ffc958
162c40
18cda5
ff02d1
e14706
e9d9a2
0feadc
1a4b7a
fbbb3d
e37080
f6e9ba
207c90
20a780
ebca1b
d1d501
fb4704
1e922e
0ce49d
f93418
fe6093
fc2694
f39f18
0045b9
121232
0903ed
eec6ff
e73831
016614
21342b
1950cf
ec6964
d6df7e
f6cdaf
1b840f
13bff8
f5eeb4
f3bfda
0bccf8
0db7cd
ec0a98
deb064
06c456
27b7da
0b15c4
e3a20f
f23000
14558d
07d0bc
e352ef
eea794
1c56fc
1cc8d7
f40a25
ea7522
fb1cef
f916e6
fc8184
14e9b4
13ed82
f66c8b
ea1de2
f4f783
0418e6
0ac3bf
000b32
fa9ac3
0a37f5
08f569
f0ebf3
ee3aab
f9d9ac
ff3fd8
14a8ae
1e099e
f0dcda
d33a1c
ff8cbe
234b48
00e49f
dc79b9
f36cf7
20b770
20fcf5
f12107
d64ad4
f3ac36
130d76
0bc0a4
fba1d3
fb617b
016a17
0348f7
fb3668
f2526a
fcdf7f
0fb48b
0b36b0
f1c6b1
e53564
fa4c98
193cba
139c46
f1cc37
eedbf6
08f37c
05d178
ecc1a4
f2a3f2
0b4d22
0b80f8
fd5eac
fdc127
07cbe3
08c132
f7dd91
e1cc7d
eaa260
1691d6
27c896
fd4220
db8dcc
fe3132
2a3a50
0cf381
c9c6f3
cbcfef
1bd4ca
4754c9
1524e0
daf635
de2443
f8d91b
0aa81f
18206e
0d1223
eda52e
ea6aed
064fa5
1ad88a
138f2d
ee76c5
d9d406
094b72
31e571
fc3010
cae99a
032ad0
3a9abc
0cdd95
d301ba
ed91c7
26847f
1981ad
db214b
e1813a
2cba3e
307d67
e2a92d
d1a56c
0adc2b
225246
0de5b4
fe0a8a
f6b749
fc96fd
07938d
f84205
ee6bf6
139030
2e5963
0d7f74
e630fb
e4bd49
f5d70d
0b3f61
1c602e
141a4f
fc357a
f3f58f
faebc3
027e9d
0ba798
0f47f2
0151f6
f07c2a
f256c8
058556
1a60d0
199241
fc27b4
e912f0
f7feb6
02bd14
0009bd
140470
1fb2a0
f5a771
d68f80
fb851b
220125
14f5aa
fb831e
f26ae2
f4c517
03a9ec
0e0c81
025405
f9d890
05dd4a
0aa9c7
fcd658
f73633
ffc202
ff2b2c
f9832a
074c25
176236
081f96
ecafa8
e9d899
fb776e
0e277c
1259f8
ffa47b
f35cd0
047640
09743f
ef8e50
ecc1e9
0af15e
11208a
fa96e5
f80a42
0c65a5
09fc1c
e6b4f3
dc14a9
0a85a9
2d8b32
0c33e0
e08686
e64086
0210a8
0f5094
06d577
f1a44e
f18364
0964c5
0b351f
fa724a
fc6d60
fb59dc
ecde48
fae2ec
12d303
03ae08
f146d1
fe2ef8
027488
f82dc3
013a08
05b48d
efe46d
ede495
0a9207
105555
faa722
f3ce05
fb6460
ffc02d
03c61f
fba30d
ea7910
fafc50
1d86b4
0dcf59
e34e8b
e74652
0468c0
0ad314
09d09a
04eea6
ef4a94
ea3441
02af15
0d424a
00c3b9
fd4ffe
055631
037c2e
f06d1d
e2dad2
fcd425
24a0d9
16f882
e8b1c8
ea2f86
0a1f5d
0307a0
ee15b0
003a70
12d1e6
fc2588
f0cd28
12c0c2
1884fc
e162f3
d2bf5d
17e14e
371d90
f3ca77
c82767
007f50
35f50f
10d2f0
d4eaf5
dfac2a
1acd62
2ded22
fdc28f
ccbf2b
e2ce21
259ac6
33ec58
fb4182
d85647
f79bc4
16c888
0908ae
ef1f11
ee3041
0a0f31
1f46e4
090c02
ef74c6
005c00
06842b
eaa180
f59205
1a8bc7
09d57d
ef238c
092dff
1ce395
037e87
e6a0cd
dd662c
f77dc1
2d503c
2db391
ece4ae
da936c
09636f
114644
ea9431
efb92f
235abe
2acc1f
ec97e2
c7cc26
fdae36
344e7e
0def21
d6c652
f2ae02
28de78
1cdce3
e8294c
d61b85
f56579
1a08fd
1d6722
0a2e7e
fb8136
ee4e8e
e5ec2a
fcdb08
1ce2ff
112124
f1360a
f3f540
029869
ff1a43
069b45
113417
f5de77
dd5539
fc9025
219332
12aaa3
ed000a
e3209a
fd22d5
17987b
0e5dbb
f62d00
f06f8e
f11061
fb5e6d
184775
12add0
e6457d
e6d4fc
0b7ddf
0b18f8
02d4a6
08acc2
ec3228
da58ab
0cac31
277a5b
fa226f
e4fe72
fcd7cc
004d3c
ffc59d
12737d
04c62c
da7dd5
e138c7
18cc4a
2a91b7
fe1843
dd1fbc
ef9ef1
048da6
021e65
08357c
0f76d8
f8e5ad
e3f460
f6121c
1107cc
0c7df7
f33efe
f13a31
13ef82
1deba0
e4363d
c04195
037bc0
479615
1bb089
d2e74e
da7259
043322
10df7f
13581b
0b95fa
ee13b2
e77f27
00e714
065188
029ed9
181603
141b0b
e36c43
db40f5
0f21e7
233357
fa6010
def343
fe4fb9
297f1d
1bf840
e659df
dd82f7
0772f6
11a370
f56187
fb0ff4
1b1f5c
12d928
f3f922
f9ad1f
09c999
f2a386
e102be
0b1d90
32f1ee
11423c
e27671
f38bfa
1334ed
00c7c6
eb7c8d
07de66
1fb969
fe4c01
e16e19
05c484
287865
067988
e14d3a
f6ad3f
0f8141
061d29
05089a
104fc2
0265f0
ea4df8
ef340c
0f4b25
26593a
0f4bef
de772e
deb437
149313
29c0aa
03b6be
e3cae2
eeded3
0ba43f
18d1ab
0d9274
fd6697
f4eccd
eb4698
f19472
18842d
2bc20e
0395fe
dab051
e94598
123d70
1f7895
fe95b2
db3ad7
f6c4fc
2cdf51
1b1abe
e00596
e20d10
09d1ff
1044d5
073770
01a588
f12d01
f29df6
1088ce
179725
014a09
f0a708
e460fb
ed41d1
1fba44
31c594
f6dc29
d2da75
f62306
0b09ce
000e25
0af573
11c109
fc7287
f718b4
fa550a
e950cf
ef558b
158c8b
200daa
0a12e2
f78ff4
ed49fb
efca6b
fa1e39
f83402
00da0b
1e5a80
1a8450
f23040
e459f8
f62995
03fedd
0460f5
f6a788
f438be
167e7d
264c1a
f7844e
d040c5
e98b74
14cac7
1b1c58
fcd9b5
e7a52e
0320f4
20727c
ff9b9f
d68f4f
ed687f
14f878
14e36c
07cf5a
ff01a4
ea88be
e25ab2
06439f
2d02a4
14cc59
d6f25a
d07ad6
0dfaa8
321d5d
0a4d1c
db6a0d
eee3d7
19b43d
070105
da9fba
f78a27
334505
17bea4
ced68e
d6ab39
177b88
246f07
fd2da6
ecc6aa
016b2b
093f92
f1f1f7
e966cf
0aa0d1
2539b1
0a3fd2
db83b4
dc24eb
0dcff4
289d3f
06b94e
e24ff1
f10567
0ffb70
0ecb4b
f6a836
eaeb49
fbfdf7
11cffc
0a9774
f99f2f
ffd9fa
030d97
f08d30
f20cf9
0ddab9
0e2ab9
f17b12
f4204f
1810d7
15c5a8
e3cf09
da8a41
1194fc
2799f1
f8f259
dd3ca7
fb8a89
17fb9a
0e2553
f53a85
ee711a
02ed03
120bfd
ff7c15
ebf300
f9f380
0d610c
06d930
fadd11
0368d2
0dea50
fce24f
e538f2
f16141
120748
18e77b
064e29
f4af9f
ef6973
fc6871
0e7c77
07d3eb
f22b0b
f4eb08
0f773f
195dbf
fdc404
e09e20
f54f5f
1e2fbb
0c8246
dd64ab
f366b6
2e81c0
1ee44e
dc5bea
d5d216
0b8d07
25784c
085383
e709e9
eeda00
123c83
1c36ff
faf4d9
e20c95
fb9f27
1cf5d9
0b49f9
e5be4b
f198a6
189117
0f1e1a
e9ef88
f8d62e
1ff85f
0970d9
d8d52c
e99cf9
1c4ffa
1caa86
fa7b2a
ef885a
fad584
0506fb
07294a
fcc860
f0e4cd
fafcec
12141c
149213
fee6d6
ec476c
edaab5
fe3856
0d8aee
0a6a2a
f9313f
f6031b
08b8ad
120082
fd5bae
e428f9
e97b9b
0978d6
1c5813
0aff22
f0d2f2
f09ada
007d3e
03ac91
fa0d0e
fa398f
0b343a
10b945
f5446d
dfa132
f96677
1a261c
0d8fa5
f23b48
f5bc6f
05b480
027541
f53dd0
f6a762
04d1d0
074197
fddff0
017912
07a01b
f5ca76
e87276
0101b3
1a2321
0b5803
ef9b83
eca690
fcc714
0add7e
0e2de2
03bbe6
f12cb6
ef2f5c
09b02b
19945c
fb2140
db25ff
f68dc2
28b6d4
20d699
ea45ee
d7b0ff
fbb3c3
187884
0e183a
fcffa4
fc1cc0
fdcd29
fbbe66
01cc08
0dadf8
089488
f1ba30
f06ca8
0d75ef
130ee4
f53ce8
f0606e
0d42ac
1670ae
068be4
f931e1
ef3869
ef6c59
0443b1
181c10
16b55c
03ffb8
edece7
ed652e
076478
17f8d7
0afbbf
f5e4ac
f037e5
fef108
0e14fd
073c9a
febe32
0b7472
11c0f3
fe30c6
ea6c6d
ed141f
04bd05
176d3b
0c7496
0279d7
119732
0625a3
db094a
e2ff7d
1ce731
2de6f9
065226
e031a2
e3e603
0df991
27a177
0c161e
ef4517
f89565
ff3c44
f54ef8
fd82c2
131869
17f669
08a605
f298be
eaa696
fae48e
0c6481
0b2081
0509d9
078084
04a71d
f30951
ed765a
078ed6
18b12b
00fa96
f0f058
094a68
13b97a
f14c41
da7762
fdeba5
31ce86
25dc51
e0fce3
ce3394
06d183
1e6c14
f9ce07
f56f70
14acf0
0e9d02
f19955
ebe07d
f3f751
0246da
14c756
136692
00f14d
f16879
e3ce7c
eb7269
16b057
2bca92
038f6a
dc8db0
ebda8c
0ac838
08b5b0
f39721
f7d81d
14c603
156123
f25d23
e633b6
f87fbc
fee0ba
02e781
0f6901
017ecf
eec62f
063842
15eb08
f3825e
de5fb9
f3d24f
05e61b
105d8a
1b9105
0827d4
e5fd68
e7f564
fbf620
fd519a
ff6c03
0cafd6
0d08b1
03b8b6
ffb4a9
f4af9f
e9850f
f812e0
071ee1
fbd1bd
046355
27cd99
13be9f
d3aa18
d4b7d2
05bd78
0ba460
0543d0
1ac98e
12f721
ecc856
e71483
f5b789
fbc2b5
09f898
111508
007ad3
fc4d9c
06a564
fcce4d
f01f5b
fa546c
073836
0b08d6
092c0e
f86fae
e9843c
fe5b14
1e760a
104eb3
e3d305
e56a9e
179a98
21ac07
ecbdb8
d4259b
0278b4
2cc88f
1b5efa
f06d2a
dc476f
edac30
12a438
1d21f9
fc52de
e52bec
fe2f47
1a91d8
0e2e77
f5d55c
f33d01
f7e41b
f65562
fbdc76
0d4294
1a488c
11da11
f724e8
e3fffa
e8eee2
fb2406
1092df
2155dd
12e984
e5c097
d72717
06de56
2ef4e3
0af856
cf2a35
db155b
20b37b
3aaf99
051f45
cc424d
dd5a75
18aab3
20441d
f0d194
e64b16
118e2a
218d43
ff9744
df46ad
dd73a9
fe6e1f
29ea4b
20acc0
e86947
dbae1e
05be73
15fe1d
faf451
eba2a6
fec129
1459b4
0a1748
efd3ea
f09d36
03d769
0135d9
f29cf9
fbf976
188d79
1f4191
f673c4
ca49c0
dfd620
194fe1
209314
ffc464
f73b1a
042deb
03be8b
f13b28
e48a1c
fcedf2
1ed352
0682e5
d93f2d
f73c89
31ee8f
18e87a
d49b2e
d3cc6f
0627fe
16e246
0401b1
feb5b7
056273
feead8
f95e28
fe5910
f8b39e
f25d50
0260e4
0cd775
0050b5
fef6cc
0ab82a
03eeb7
f2cd42
eb1a15
effd76
0cab2d
29907d
10c40a
de4d7a
e01c7b
0827bb
174485
0e539c
0127ff
eb1b17
e4fe29
093a84
29af79
11ad4d
e58b0d
e6b3fc
0cb66f
1b35ae
fccb1f
e00a8f
f6978f
2508df
2303f7
f31357
e20756
007be1
129bfa
062de8
fad9a0
f54ded
f66a8e
12f39d
2e7910
100863
d4ded9
d1eb81
0c648c
349880
166e66
debb9b
e49acf
23406c
30b600
ef87ef
c800af
f2ceca
27b48b
25b699
035cef
f283f8
fed268
04a248
ee5b56
e7915f
0fda49
31daf1
1b4493
eedb55
e11fe0
f08af1
020cca
0f26af
19c65e
0f4766
ed6580
e6e4c8
0f9684
22e868
fd08ef
dff840
f54cbd
119c48
1274e4
02b262
f5cbb2
ffb729
18df81
0cd3bf
d55136
cbd23c
19d423
51e6c9
173f3c
c4ba96
d6b127
1a710a
17e1c1
e528f2
ebdd65
25fd4e
2d0436
ee784a
cb0fee
f1ba4b
1ada4e
0fae2b
f6e5ba
f9912f
0c216b
12c973
fb8126
dad90c
e6493b
155fb6
1e0f1e
fda1db
f77c98
07eee4
fcf3f3
ec01f2
f9274e
045cb4
fb0f2b
005d37
10f70e
085867
f859b8
fcb3d1
fb12c1
ea42e6
edc9da
08227a
1c1bac
1ca2e7
fef7bd
d1b9bd
d58e4d
155dec
35bb76
06714c
d3942a
e5cb49
16ac27
189fc3
f22ebf
ec1c04
0c56a0
0da9c7
ece3fa
ef5769
11576b
0e70bc
ef1eff
f2a321
0d2281
06ba0a
eeff95
f80171
0f2cda
073db1
f5652b
020c38
10c553
f4648d
d17e09
ef46b7
347258
38f45c
ee23fa
c1ed1d
ef971a
287852
19dfcb
e0a995
d3be6e
0cb4f1
3cf072
18d13f
d5ef0f
d87275
0d13cf
1a425a
f7f3c1
e49924
fe38e6
21f2ee
1c726d
f5e44f
e7189f
f41081
f4d94a
f9fb45
1d3417
270d87
f3d66e
d12da6
fac9f5
2a6810
10248c
d9e2b4
e39d19
1d784c
293299
f7fa40
da18ce
f66090
1a9d0f
13bdd6
f05e7f
e85785
0b789c
1d6d21
fae433
e5fe03
06cc98
14ba44
efec4c
e754eb
12ec99
277fb1
086303
e0b52f
d5183d
f8e8d7
33ee08
32d3e5
e6eca6
c155a1
fc2228
319241
0ff78d
df8bae
f3e053
1c8f57
0b7372
e42ff0
f26cb8
1ba94c
1531c5
ecd650
e60de1
02e6af
132158
0af2e0
017365
ff48db
fc38fb
f5a6c8
f48686
011750
0ed3ef
088c75
fb81c4
058c7a
12dd3e
fb967a
dab8be
e87224
15c9b7
26168b
0b7d54
ed1bef
ec052b
000ab4
0b53d5
065e24
0043fb
fda656
fbcfdb
fbf54c
f97254
fa7b95
0e5d7a
1ca731
047431
e7ede4
ef763b
fc77e3
f7bc06
011779
199007
181ec8
fb95ca
e8923b
ef1b7a
0095df
07374d
018e4e
00d143
058f1e
044763
ffc914
f786bf
ece581
f8fca1
15328f
1169c2
f76a3a
f88823
feb430
ea0667
ea3496
13de84
2512d4
03ab07
e729d7
f04ae9
02cdeb
fec4f4
ef8ce3
faf97e
19e2b7
139081
e83cc0
e17501
0c5e64
1c7a20
f63de3
dc5223
f5eca8
1393f3
0cb154
fd460a
ffec79
fcaa22
e9a2c2
ed1af4
10f5a0
1f3e5c
fb1f01
db837e
f3f784
193f94
09a6c3
e3a51f
f09341
1dc9ea
1c1e35
eaa65c
d5b530
f8c0be
1aefa6
0f308d
f314e5
f42b83
09b724
0da236
f8748f
e6c9cf
f23503
0e63d5
1799fb
08127a
f85b97
f0481a
f0e1e9
04617c
144def
02e073
f1567a
007c28
0b7c08
ffdfb7
ff6d07
049efc
f6fb79
f41ea2
0b8cce
137ee4
0017b2
f4a176
fc4480
065a06
09b722
060673
fe4b55
f8a0fb
fe62af
0ef8f5
0d4f05
ef0ade
ea2795
1536f2
28745c
04a9d1
ec022a
f7cdc4
0039b5
ff3c3f
ff8a57
fe7e2e
1159b0
2f1fad
15add0
d36fd8
d00c4a
0da25b
24ea99
054f71
fc887a
1705bd
1456cf
ebadb7
e1b0eb
093d1e
1c3610
00f499
facf38
1a4033
12df2c
dcb4ab
d85def
1a61f0
39f1e4
096e86
e157d9
faaa02
13dbfe
f9eb06
e3bc97
0447a8
2debe4
1ddc6c
e756a4
dd249d
0ef1ad
230c19
f23e2b
dba1e9
116bfb
30fc7b
01dd70
dbbddd
f6ab54
16ac6b
0d7e98
f5474d
f02716
061acf
1fa004
11fb30
e3bb13
da4286
084749
21fc91
02f89c
ef5995
0abf73
157e52
f2f788
e1ae6d
fe9d9b
1514da
030b6e
edf539
00559b
1d17c6
089b5a
def95a
ed15b8
12fe15
05a4a6
f257ad
08dac3
057bb2
e28a8a
f869b9
2664e7
0e5895
e15f1b
e8fb60
fcb43a
00b0d8
0c3db4
0ccf16
f675d0
ee9640
fb5d53
05992a
08e4fb
fa6f8a
e191e4
efe32c
1de7dc
1fcbc0
f051fa
d697e4
eca8bd
117937
1d9421
ff46c9
dcbc39
ec1b23
1092b3
0c8c91
f8a8c5
018edd
0557d8
ecb0f6
e6d9f8
00005c
0b0466
03921d
04dd0f
088788
028eb3
f5778a
e0445a
dc6cc6
0863e2
342431
1dc6c7
e9dacc
debe01
f3e111
017f0e
02057e
000b7c
040472
08e2fe
01207d
fbcdc3
078236
017c54
e22b60
e745eb
16026d
211a3a
fedcee
f137f9
febc20
00e886
00788f
095a65
fcab6c
e15449
f2c1d0
274db4
286954
eec478
d8fa99
039d52
1db55f
ffd387
e58e05
fa528e
18134f
106559
f45835
f20f79
09a7d2
12a3f4
00d1ef
f0cb03
f624f1
06123e
0dcd89
08beee
ff8a8a
f96cc3
fb0ccf
05ddc5
09bc8c
fd23cb
fba283
0e0b12
0c83e4
f4c31b
f29f32
00462a
011ddb
07a96d
16072d
0af343
f4a27a
f59ed3
002916
02bdec
018ed7
fafb75
fb8530
10abc3
1b883f
044919
e9d88d
eb745f
04a624
1700d9
036f8a
e784ba
ff1de3
281ba8
14bab6
e3d768
e0f67c
000399
12aedd
12218d
05c9e9
f7b7b3
f4b62d
fbfc9a
07573e
0c81c5
fef184
f05a83
fb32ae
0e6848
0f70c4
0155e8
ed3275
e6f006
03cf04
20da4a
0fd424
eea98c
e9ee88
f4ce9a
02490b
166de4
1570d2
f1fb70
e00182
fcc6f0
119366
fb131f
eddfd0
0a128c
198975
fef1f3
e835d1
ed2e7a
fbea63
0c518a
0ac4bf
ee958d
ee2e00
173f41
19609c
e8c6b4
da6a96
fadb0d
10799d
0d27a4
fd55dd
ef70e1
f8379e
054ffc
fe0292
fb9f1d
009aa0
f39ab3
f5d3cd
14948a
0da54c
e2ab7e
e20b0b
055601
131e76
0d5bab
0201e8
f16027
ed5e13
f55761
fa055a
058bd9
12a5e0
0b236c
fc555f
f27fb1
e842d5
f4d445
1470b7
0de359
ed68a3
f99f13
1c0862
0f7617
e950f0
e1525d
f4828e
09577c
154c64
13c39f
08f66d
fc9e05
edff8d
e3452e
f0ae95
167526
2ab3ef
0e5a67
e7dbd0
ea303b
025ca8
097ffe
0750ad
05ad09
fd3c52
fc7e4a
09abb5
0988fe
f8d14b
f2a0cd
ff56a8
15f441
1f5e55
0054a3
daeb10
ee6bbb
1a3f9b
125d51
f2e28b
ff00c1
1cd223
148edc
f340c6
e51b8f
f76b9c
109911
0dc44e
f9e80d
03b83e
2074aa
11ab7e
e16791
df4abe
10657c
23da88
0015c6
e4efb5
fd739a
253359
1f214e
e91c2f
ce72bb
0079ec
370fb8
1d6afc
e50b62
e319d8
ff31bb
0a1871
15c5a4
1b4dde
f6b7f8
d6e722
fbc195
2b2c43
11f71b
dfc4c7
edb208
1ef83d
1aa08d
e76dc8
dc7312
0d4b95
2dee89
10c4b8
e3e221
df3927
ff22e3
1a410a
138f51
f9765c
f21344
004862
0686b2
02e374
049394
000311
f22153
f6644b
0bb47f
1057c5
02c216
fb53ba
fc28d5
fb337f
f87c6b
f9015a
02e3d0
11fa2e
1313f3
00cc5f
ec070b
e35d4c
f07784
11a2d5
261be6
1364bc
f0d823
e099e6
e99e2e
0627e6
1c4fb4
08dcca
e57e9a
f4c7de
25a217
1c5023
d5a232
c1a3a4
0b3127
43e84b
1789d1
d4a5b3
da9fa6
068f98
16f1dd
1034ad
feec26
e5e0f1
e8907d
0ef35f
1fcd4a
02e84d
e5f15f
e8cd64
00a23d
17dd9a
167d61
f7db39
e02aea
ef3eb1
10a047
18ae4f
ff4b9d
e8c9a1
f27e1a
0acfed
11e36b
04c2f9
f14f9e
e721ac
f714d6
169c39
1e3bbb
03ac25
e5b009
dc2ef5
efcadf
1b798f
31d045
0b56ea
d71390
daa5c8
00ad7c
0f5a55
0c8985
0e3234
0373fa
ed5b99
ecfdd3
00fc37
08eed5
00a33b
fda953
0614e8
07453c
f6ad58
ef4dac
04e16f
0fb65d
f57506
e977dc
069df7
1693bd
04b0c2
f9e861
f98ffa
f0d5a2
f3eba6
068c99
09b04d
02acbd
085447
080d4b
f46428
ea1fb8
f74679
05dcfd
0a0a9d
0abbea
062898
f7990a
ec7975
f5aeb2
0aeac6
12c441
046cdf
f324b5
f4ca10
015c4f
ffdcaa
f71312
0197e4
11d178
0b391b
fdc075
fa5676
efd5a2
e7cabd
ff6249
1e0074
1a1582
fdf241
ea90fc
f1870d
08b113
08e0e6
f24b05
fd31c1
1d3898
06f0fd
da2877
f25bb5
273648
1c3b7b
efe1c6
e5deb6
f04e5c
fc1f6b
185987
298b00
07bea0
dc2082
e2c64d
027da7
0ccb81
106c72
17021c
0408ee
e7aa48
ef0834
064bb2
05f6d6
00c95f
0b33d9
0f5e0e
ff99f8
ebed5c
ed0d41
0b0571
20fa17
088850
e48774
eb3bb8
0a711f
14b627
0a0487
fefbd4
f72bc6
ef58d5
f2f7bb
0f25b9
255611
0709ee
d6eaa6
e295c7
175931
2274f8
fe53f7
e8e86e
fa859e
0d8bf6
fd469e
e74a91
ffb7b5
255a09
127ded
e3c3de
dff4a3
fbdfdc
0cbf52
1198de
0e7308
fd974e
e915b7
e413cc
fc6b81
21b02d
1f0656
ec79d5
d3aa90
fab0af
21d85e
1008bf
e8821d
e8c904
08c142
0f9b77
f97911
f8ba58
0d16d5
06d273
ebf45b
e7b6d3
fa99a0
0ece96
1b764c
12b11a
f274fb
dc1be4
e9689f
07bdc7
15d556
0d62f3
013b3b
fbc662
f7bf7e
f7588b
fcfe20
fd4bd9
fb68f0
085f1c
16618f
09980a
ed1f35
e3c538
f9d288
1952ac
1c1ead
f8ae5d
db1dec
f0143a
227cc3
2e34aa
f9a24c
c70e50
dfa0a0
20b88d
32673a
0d34d3
e959df
e2a9e6
f3e155
0c813b
163c83
0e2aa2
016a3a
f50c67
f3a83f
0466a7
0d9a34
fde698
f0ca0a
fe5754
18a996
1f656c
ff8298
d9242c
e3fc20
12e831
24eee9
0e61a9
f4d8ea
ed676a
fa2a12
0dc743
0ed0d1
0081de
fcbb60
02a487
01a9b0
fbe843
fcd76a
065696
0c9b33
0642cc
feb8e9
fd82a6
f82034
f7f540
0c0f9c
19404d
085268
f3113d
eeeadb
f686d2
06e658
1486f0
1048fb
03af72
f880d7
ef3324
f70eb2
0d7206
104eec
fd1abb
f4b53b
01bc39
12ad35
0f1ca6
f165af
dfeef9
f9b8d8
1d3361
1fcbcd
042b82
e3fdff
e0bfa8
0405fc
1ed851
10a15f
f92ce1
efbec7
effbdd
039c40
1afd9c
0c8210
ead091
eb73d3
072f72
10ac49
fe15fb
ef479b
fec329
14d7ea
0b64f2
f2bebb
ecdf2b
f57971
048794
13968c
0a780f
f39d6e
f3b4e8
fe4dfd
fe05b2
0395a3
09188e
fd494a
f8f878
01a8f9
f9256d
ed25f6
ff128a
1df49b
1f7d67
f24b15
c42319
e07f8f
26ed2b
290ea3
fa72fb
fb1bdf
0926d0
e75ec7
d340ed
fa92a8
25de63
277f21
025b58
d90890
e29cd2
132293
1d270d
fb3eb0
e74b20
ec6f41
fe85c0
192c8c
1d8b03
001179
ea06f0
ee8766
f848b5
fee15a
050102
0a8478
10b85a
0b74b4
f3aef5
e4b949
f183e1
05e8c2
10d660
14b183
0ebf00
f96039
df3b59
de72d1
06dc33
2d2165
1a658c
ed245a
eb2e69
061e28
008713
e79e67
f61531
22ab0c
2b00f5
fc8299
ceb81b
d7cfde
0deb2d
339f2c
1be1d4
e751ed
dcf3e4
fe8018
0fa7db
047133
017a39
0881ed
0215d5
f072fb
eb27fa
049920
22e786
0ea2a9
e1b085
f18b73
1c518d
fff3ee
d3d0d7
fd7802
33d406
13edc0
e05a3b
e93a07
04c1de
065af1
0490fa
0b8a77
05a594
eedc13
e5a649
00ce13
225ddc
18c74b
ecaaa4
d8a65a
f712b5
210124
1e2006
f16417
defc55
fef4be
0f86d4
f6b757
f60ab1
1a3d14
191d4a
ea6207
db347b
ffddc5
1c1ee7
0b40ec
eaf1a8
eaeedd
09f9da
141e6a
fc6797
f70650
0c6ab1
05497e
e5f4ce
ead112
0b5744
12cc1e
04ec53
fa7105
f0bfc9
f377e7
0f5682
1fdd0e
03e778
da79ff
d41587
f7998c
224746
2833e4
06ff2b
edb991
f3ce71
f86fd8
ea3d7d
ea635a
094414
214af2
13f438
fa29d4
f4835a
f4b088
e7a73f
eac2d9
120de8
2b2d63
0a74a6
dc8f63
dec6a7
03a145
19c1d7
110940
f92319
ebd3ef
f7548b
04fc49
fad989
f24a75
0aac85
238300
0f6525
e1b640
d0c46f
f17f34
21ab98
275dbe
fe2b78
e760d8
fd49df
083585
f0eafa
ea579f
0a7a07
260537
173dd0
eb5671
d4ac7d
f0f5b5
1af1a4
206a5e
07f52d
f07d4a
e97c33
fb4770
1461cb
12520e
fe489c
f727ba
f66dba
f5a33c
05699a
1924df
138e4b
fc9d05
eeb13d
f584f3
080835
09abca
f707a9
f9734b
173b98
1c8e0e
fc2f0c
e6a1dc
f6c612
110719
0eb140
f37c3b
efdc06
11a8da
21d236
05574a
ebdc34
f49ce9
04ba0c
04e33a
007e2f
094e55
151033
053579
e514dc
eb1dc7
152db5
21e08d
06ed6e
f8c0d0
fe2d60
f209e5
e03cb8
faa3d0
333589
3978ca
fa64a2
cb7adf
e3764e
0d301b
12a797
060fac
04c821
0ab659
045a4e
efc232
f06bd7
14d34b
1f7cc4
f0cb6f
d65e6d
fd1026
1ef067
10c68c
fe160d
ffe051
00cc41
f5afd4
ec1e71
fa4ae1
1a1439
1ce058
f85274
e27f31
f1ffd6
057e22
0f4915
12bd4c
0536d7
f258a0
f37f52
fc7b31
f8f914
f65dfe
041739
183cd0
1bbb66
00cc8f
de6c60
de0cb2
fd65ea
154642
161e8c
07cea5
f2916b
ea2ec6
fcb9cd
125464
0c7891
f45348
eca4c1
015863
1243d8
008c91
e96460
f8dd7b
144ccb
0b20bf
f49412
facf58
082fba
fdb421
f08206
f815bf
053561
075236
04f855
04fc35
02f9cd
fe2b1f
fac0b3
f462a4
ebf951
f91b9f
1de563
264328
fa5b82
daef6e
f54744
0f40af
fa55ea
ed6ac1
10b610
26dd6c
0231e8
de021e
f0d6f6
0f0765
055e44
f17159
fe52a8
180022
13dc52
f46cde
e6c633
016b4e
16b061
fa7ee7
dfcbaf
054b77
314ae4
12d1e2
dab603
defe19
0af3f9
1d0c62
0c53e3
f72020
f5dfe7
0319c3
01595a
f2afb9
fc49df
19a0d1
1d23a2
001f0c
e5526d
e3f824
fabdc0
14a7ce
1957fc
0d1001
0326ef
f7f238
e6568b
e77780
0a7ccb
2a51e5
1b4d8b
ef6f13
de4c58
f40d41
0bb7b5
1085c3
0c0609
027777
f6330e
f5bcaf
01d547
08182e
02e68c
fb11e2
f7d479
018b42
123036
0def38
f47fda
ebfd3c
fc62f7
069467
03a13f
032b85
04bdc7
0622f1
084975
fb8f55
e3e315
ecc9c9
17c31d
21d7df
f974e5
e4df3a
ff96db
10dc53
02087d
f8b0d1
fd3c9d
fbdb72
fadd26
02aafa
071fe6
05a6cd
046005
fe49d9
f4e056
f79136
055319
071fb7
f943f5
f844f3
0b59cb
10106b
fade14
ed716d
f7bd30
079f99
0faf0b
07bccc
eee178
e4d5b1
032bab
23e18d
14942f
ebce2b
e4252b
fc6135
071e3b
004fd9
042647
0eb967
0acc21
faa58e
eac28d
e74ebd
fbdc9c
18b999
1c9f08
075c9d
f2a350
e847af
e9f5f1
fc4c1f
115e90
142ae2
0a386c
02db2d
faa2cf
ecfd97
e51481
ef9184
0bc691
239cc8
1c3b1c
ff1061
ec64e0
e67eb3
e3e5a3
f41a4c
177676
27c348
0ee506
ea1300
e572c9
ffc5ab
0a17d2
f79a76
f2d06d
07519a
10b244
0414ea
f5ace8
f1e979
fbcdc2
09699c
09bea4
ff5cdb
f6c208
f4e3b5
fc49b0
051eb5
04fcea
02f1b8
023d29
fd6041
fdac93
02c6f5
faef04
f09d73
fa2e57
0b33e0
0f5ba5
07cdda
fc6a64
f55326
f7706d
fe90f9
03fad0
0218c2
fd4461
02165f
08e442
0452e9
023598
03d406
f42b28
e73be0
fd4603
1a93cf
1ac709
073dd8
f0ac2b
e59265
f72804
11b58c
122158
03620c
ff67e0
ffe445
fbec0e
fa4f25
feabbd
0a5311
159647
087294
e7ada7
e42fcc
0cd06a
29959d
112830
eb560f
ef5669
0a2940
095bd9
faa700
019c6c
05e200
f75ff4
001ea7
1f5aec
1db697
fad42e
e1e06d
e349e6
fdf34f
19e892
14cb9a
05dc51
0fa4fd
108517
f47c5b
e6f4c9
f67bdd
07367d
0c60df
0346d4
fa8037
0e764b
256a98
0dbd92
e42b52
e33326
fe2e6f
0a8f46
0672e9
06522b
0ef8a7
103ef7
ffd6ad
f34264
fdbd14
087b4c
feb2f5
f5a23e
fdc8db
076f29
093c89
0904b5
07132a
047a79
030d14
fc56fe
f1fb68
ef32ad
f6e6fe
0a5786
23601c
237d56
fd01a2
d77134
dc8b53
02354f
1caa47
13bff5
ff8837
fdf6ef
fefce6
f1318c
f09aba
08eb2c
14fa3a
04e09b
f54a47
f87543
014f7b
ffaaa5
f93375
ff12df
0a5115
048cd3
f736b4
fbd6fd
0735d6
fffc11
f3117c
fa5bcc
08cb01
0253d8
f3b637
fd0dee
1295f7
0dced1
f14f87
e3dee5
f5833a
0f4a55
11e497
fac95c
ecc07e
ffe27d
164bb4
094fd4
ea3e6d
e68d9a
008082
101234
03d59f
f6f01c
fd2906
06b5ed
06b16e
027823
f9f96b
f0b3a5
f4a73e
01852f
070559
051b40
01c832
01aadb
06ad4f
023806
f253e1
f31ec8
03b96e
055da9
fcc99c
fb5bf1
fcd588
088171
19e075
0d9153
ec8b44
e402fa
f0a402
fe0daa
12500e
1fb5ae
0ef143
f135c9
e5f8c4
f6528d
11232d
152097
fd52d2
ecfd84
f557ee
05a6b2
103679
0ef6e7
02db1d
fc5b55
009ef9
fb769f
e9bba6
ebdbd3
0f456a
2ac9d9
1aeaf9
fa3ed1
ed20ef
ec76f9
ee098e
fbaf87
0f3a1e
179411
14a3bf
090383
f61a2f
ec09b3
f4ae81
024884
08d43e
077ca7
ffafc1
ff2237
0d4d30
0e2cb8
f58f32
ec4716
018f0d
0e74ff
07d052
01c290
fa14bf
f2d040
fc636e
0c3152
0f7f71
07fd77
fcac40
f9e9bc
02051c
fe572e
f10109
f6f002
08d024
0fa04c
0dcba5
054a15
fae7e5
fc5550
fd01e2
f1cac2
f28264
04f9c9
10cb5b
0f5bd4
068e61
f9809b
f3d5c9
fa1911
ffe4e4
fef9fa
ffa4f1
07c6cb
0bc955
ffc024
f1e3ea
f31125
fd5687
0920e9
0f46b3
05f186
f9e1ff
f8cea7
f728cc
f5bbf8
febaac
047e6f
029954
05dbd0
0863ad
03bc0b
fc9ceb
f0cb62
ea9b33
f87791
0a4be6
0f8543
0b32ea
fd44d5
ef9d55
f4a31c
03b55a
06c6d7
fa7b02
f0f8ea
fed2bb
120348
05639d
eb6468
ef0239
063b96
117689
076577
f0494e
e9b63f
009062
0e9ba5
ffedd8
f5c444
fe9f59
03442f
fae982
f5aee8
ff8db1
0ddd2b
0b8e70
f6ed4d
e6f429
f0e99e
097465
0e9a00
007012
fe5f55
04b25b
ff3c8e
fb01bd
fc0c4f
f46644
f3bb35
0495bf
0fdff5
0eb159
06adee
f30d43
e72b7d
fa78d4
12ee19
0e540b
fa4db8
f699cd
040a7b
08cc9a
fb123b
f1501c
fea5ce
1431ac
13b704
fc7e34
f0a38b
fb385c
00addc
fd2b02
04bd57
0e8e2a
0ad8df
008f6b
f8b6a3
fb4d98
05d08b
0468e8
fc2df9
00f1a8
071f9e
07565d
0a61bd
02c144
f325d0
f7a455
05bd0a
0a6cf7
10a01b
0e0421
f84b0d
f09eb6
ff6893
035fcc
fc0df3
039a6c
1691f2
192e7a
027154
ed3a90
ef6726
fafa79
037218
0bf360
0edb9d
0af3c9
05deed
fc856a
f75cea
ff7559
0436d9
003594
00917b
024c04
03ed76
07e417
00fb7f
f77f76
02e413
130cc4
0fbb2e
fd8bb8
e6b973
e0ef94
fd89bc
1d689d
204b4f
12059e
fd8cd4
e82b44
e80614
fc8442
08ba60
05e9e0
04549d
08ed3c
08ed3a
ff3c48
f853d0
fb9245
fd504c
fa27fe
fd2152
06816c
0b927f
044cf8
f5b565
f48ea3
04c79b
0a2ab6
fbcdcd
f63f23
026a3f
06d3a7
fc6e48
f91998
010a14
01a7fb
fbdd6b
fea11a
032580
ffaccc
fd2289
fe02ba
fd5d3f
ff39fa
00e4e7
fcb47c
fc45de
01c61e
006012
f9c128
faa3a0
02e91c
0797c6
0135bb
f7d5bd
f9dcb5
01106a
fd22e0
f53bb7
fbace5
0b4d09
0e13f2
fff431
f379cc
f35032
fb0cad
069b47
0a800d
fccae7
f1b3f6
faba24
0527e0
05cbc9
067510
0385e3
fb1fdd
f76b2d
f5e5ea
f7db24
05f834
0e809e
02addc
f88cee
fda3b3
03e202
036657
fe5894
f9b6a2
fc26e0
007dc9
ff9573
fff587
042f18
068d3b
05efaf
000953
f76dfb
f988c3
0304a8
022405
fcac43
021fe4
08c6d3
036aa5
fbc021
fcc862
0190b5
039442
020eed
fda03a
fcc442
04533c
06523b
f98d2c
f59733
07cb48
118fbe
023b3e
f5cbc7
fac825
0110d8
023dc2
0067d5
fc15de
00e07b
0db331
099f2f
f589f6
ef357b
fc3fa0
0b88a4
1052a2
036166
f21c7a
f5d76c
0519ed
05db39
ff5f72
00944d
01b241
fe29ea
fddd4b
03200d
06a222
ffc1de
f484ca
f6ae12
056452
0d8ad5
068e0d
f887cd
f49437
01a55b
0acd55
013f26
f7da85
fb4c24
012c0b
04439e
0312ca
fd24ec
fd97cf
04e538
04240f
fcc4e2
fa8a91
fcbc72
ff8202
02277b
032502
023b31
ff6b59
fe95ff
03cb8f
0431d7
f85858
f274b1
fee646
0c8bd3
0a1ffd
fd41a5
f7457b
fe0f53
040c48
004ba1
fcb848
ff0a56
00ac31
ffee46
0060bf
01a943
004b21
fc0146
fbdc04
029e66
05a164
ff6cd7
f997ee
fb70bf
0211d1
05ac1f
00c2b0
f9b017
fa73a6
001cea
026d0e
0132e9
008e48
00f236
fecf4d
fbaa08
fcfb71
fe0322
fa48bf
fc2805
05dd12
08f7c5
01408d
f930de
f9def3
00c3bf
ff7cd7
f5d9d9
f765f7
0313c8
0773a7
073af0
058416
fb0050
f2c71a
f86395
ff0973
fdc1be
fcb0eb
0282ff
09a64d
055d35
f963d7
f7a9b9
fc9a1d
fc048c
fce8fc
006709
00010f
02070b
039762
fcc7f7
f9eab0
ff1b31
00c4a5
00962f
ff70fc
f91df6
f8c9ba
028299
0883b4
04d5fc
fab051
f455f0
fc0c48
04fb3c
042516
04ea9e
0331bb
f6bae3
f30a83
fd318c
043fc6
092d52
0ace06
ff99ff
f56613
f81f0b
feb293
0519f6
064bfd
fd4273
f98a86
020c8b
073d61
0565f8
01d322
fb54ab
f6e2f6
fa9031
040d97
0d1859
0ad0e8
fda950
f826e3
fde0a7
00c56d
ffb1d7
010b0c
045f6b
07d978
07e14c
0212cf
fac9c3
f7a499
fd444e
088807
0b9690
0437bb
fec0b1
fdff5d
ff0365
034d9c
074348
06ba67
038d86
ff0840
fbe8fc
fced28
0076ce
06c3ea
0c0143
08044e
0191cc
026eb3
024992
fb66c3
f799f8
fe512f
0a4227
0d750d
050bb5
01004a
046e1b
02a477
fee274
fe40d8
fb1e91
fdc9d9
09607a
0a79d7
02101a
0294df
04a48a
fdd509
fb2f2a
02885f
064dd3
ffa1fb
fa62fe
018e78
0a7704
069808
fd0cb7
fae2bf
00724e
05211a
fff5a2
f94b57
011112
09eeb8
01e197
f99ced
fe41ea
02f9d1
0297e6
ff12c5
f97eb6
fc5b37
056d77
04663d
fea5d7
002dd8
00f4f7
fbb80c
f7f346
fb4e23
03d862
062a04
fedf89
fd0c88
01d675
fe0aee
f78161
fcd448
065475
052b71
f92423
f105d8
f957de
079bd1
0b208a
0634c5
feb330
f5d23a
f2e7f3
f79f9c
fdbcc6
04ec78
0984cc
04b7b9
fc8b9d
f8b8fc
f99294
ff6c20
034b9c
fd5bfe
f7acc8
fbdb5d
025902
052c7e
0499b3
ff70d5
fabc5f
fbdd31
fcf9a0
fb2af2
fd60da
038b5d
0586f1
01cd0d
fd163f
fb32e8
fe4ffe
0271fc
ffaac0
fa92f3
fe9c55
053f8f
01e2f6
fc0de5
fe59b5
02c219
02444c
fec255
fc6dc6
fdd7f5
000907
005cb4
02ab84
042397
ff246c
fd0db6
02889c
01f869
fa60dc
fa5233
01f416
06fcf8
056878
fed411
fb99a1
01086e
041f21
fd5220
f8d53a
ff2b8b
06d580
06d09e
01dce1
fdae8c
fc289f
fd5e81
00671c
02915d
02bff0
01b947
ff6d46
febed5
0267fc
03401c
fcf4a0
faea0d
021c0b
0583f8
0041c7
fd5ba5
012240
047653
028867
fdce65
fba96d
fdffad
011bea
01d68f
01c52f
02fce0
03b5d5
012234
fd3d04
fc5bfa
fdc55d
feba9e
0060a3
02f3ac
041485
03cfd5
01c719
fca890
f96d64
fd32bf
02bb49
03a4f8
016030
fe5067
fc6707
ffc0c8
05afe7
046033
fbc9cc
f7fed0
fe2e09
04b72c
0263b9
fc2f43
fc6ec4
020346
03da4f
005c9e
fcffac
fc6d1d
fdaaa0
ff5784
0079e6
005ee8
fe140f
fbb971
fee191
059455
051c4a
fbc542
f51eb9
f88852
00c0d8
0546c2
03fcfb
001528
fc0528
f9f4c1
fc42f3
fff5bb
008bfc
ff7e6f
fdb9a8
fb2853
fdc65e
04745b
02c2c5
fa61c0
f96192
fd9263
fd7170
fde458
0354ef
05bd38
0034e9
f80b8f
f519e5
fb0090
040da8
069fa0
027bfd
fe4fac
fbe554
fa16f0
fa6b3c
fd54fb
00c400
03a366
049b12
01b6c0
fd1d8d
fb2c39
fb2e6e
fa74de
fc05dd
030789
096fda
07075c
fe1aab
f80bcd
f96bbf
ff3039
02f115
00ab61
fcb06b
ff2317
06578c
0799e8
ffbdd6
f81f4c
f97b35
015330
05f716
02c3fa
fd9be8
fda273
01aa3f
049e8f
04774c
00c327
fb1b9e
fa11fb
012e54
088341
06e69c
ff5efb
fb586b
fdb04b
01914d
026b4c
0245e2
05282c
06e672
00d4ea
f92fd7
fb2841
03051c
0544f8
0236cc
01fab3
056880
05a66d
ff77c5
fa5e57
fe7be6
0548b4
03daca
ff6d8d
01d22e
0598e6
0316af
fed61c
fe6819
019cef
0648cc
066495
ff295e
fa2ec4
fe6ebb
04a3a2
0660ea
05126b
01a1b2
fec95a
003b28
01c0de
006513
01d39c
0497f9
00eb86
fc7f48
009e79
068a6c
05453c
0088ed
fe086f
fe6b80
00e7a4
02ea4e
02a5fa
01da7b
00bd02
fe9d34
febac3
020e21
03f8c6
02e282
00eb46
fe2bd6
fc1568
fe5318
032db5
051394
02f498
ff827e
fc734f
fb5f92
fe4e9c
03b946
05db7a
01d671
fcdcd7
fcdae6
ff5a7f
fefeb7
fda982
ffc4c1
028a90
00ff40
fddcf6
fed9c8
02377a
01d9e1
fd2cf6
f982c5
fb1c26
0050bb
03014d
00eb4e
ff743f
01ab3c
020666
fd2999
f893f7
f9c4ea
ff4024
0328fd
01ba76
fe9ebf
ff6618
014ee3
ff4710
fc350e
fbebec
fd1df6
ff6344
01ceb4
008990
fd5ad3
fde017
004e0b
004d7c
ff6147
ff28c0
fe6fc0
fd6359
fd02e3
fe483f
014a4a
025558
ff9b28
fe189c
ff975a
ff74f8
fdbc3d
fe0bb8
ff3c78
ffcab3
00b7a5
00f7f1
ffa631
fe7108
fe0a74
feb951
00a20f
012896
ff69aa
fe89f2
ff3265
ffad2a
001fcb
fff647
fed4b9
ff4bb2
00d57d
0000be
fe5c2c
fed436
fff990
00e9ce
019ca5
ffe8eb
fca380
fbfb5f
fee742
031b16
04d42f
014739
fc8711
fc2e89
fd9835
fdc542
fff70e
03d19c
04bdfc
0210be
fceb48
f8707d
fb14f8
02b038
04bc29
0096b7
fe55fd
ffff29
024213
0153af
fc415b
fa56f1
ffec4f
0373d1
005d04
ffb997
027cd7
015e19
ff0252
ff5242
fe9569
fdc5de
0042cc
0206fd
012628
00d640
008e74
004c47
02286e
024aa3
fe999e
fd5ad9
ffc256
00b22c
019149
049e36
04baa5
0024b9
fca3ac
fdc660
020625
058379
042c0c
ff3a45
fd2c83
006712
042258
0407f2
01c0e9
014619
024109
014d8b
ff0039
ff2dfe
0251b3
054188
0511df
01e948
ffedae
018226
025343
ff8959
fe275d
01b320
0636c0
074ab5
04663b
ff8a30
fca231
fe232c
01dc28
040b17
039147
02657f
030503
0445d7
028595
fe8082
fce582
ff3280
02a732
047ea0
04431e
0328ab
018862
ff4c27
feac0e
004e33
00934b
ff8cd9
01616c
0423a1
0393b7
0203a6
00c01a
fd06e2
fa4eae
fe0e10
0426b2
060bb4
03d463
ffc880
fc01c0
fb879b
fecc9c
028610
02db61
ff0994
fc2765
ff195f
035e81
023548
fe1c7b
fc8a35
fd1742
fda2d0
fe5b56
ffd425
0157e6
011c8e
ff45fc
fe4d11
fdc836
fc126c
fbaf83
fd621f
fdff27
ff04f0
02518a
027d5f
fe445a
fba79a
fa81be
f8d143
fb8006
019447
027c5f
ff246a
fe5a56
febd30
fc7fee
f91ee3
f88910
fd9579
04266f
035bcd
fcd793
fa3717
fb55c8
fb6994
fcec32
008cdd
019411
ffced8
fd665e
fa669a
f9c576
fda78c
0181be
01bffa
ffb8b1
fccddd
fb1d34
fcf191
002e81
01a72a
00a568
fd1340
fa7ce6
fe3a59
042a79
0358b2
fddc86
fbf838
fe429f
00deef
022446
01455b
ff7df6
fffab3
01c060
012dda
ff1978
fead5c
0077e0
03b18c
061435
03f395
fedd00
fd861d
00a150
027308
026be4
046a6d
06e067
055949
00ad31
fdc071
fff897
05984c
084a83
052f6d
012cdb
00b5ec
02f627
06501f
085815
05ae32
00d393
005ddc
046ba3
078b53
073759
04ec01
03626d
040dc0
0534aa
0552dc
05da93
06efc7
06608e
044a70
0318c8
042e16
06cd68
084d3d
072cb5
056fa2
0496a1
04186f
04f607
075a9f
082b35
06be13
0597ff
04cabf
03e48a
049bd6
0680dd
0788aa
084731
091113
07801f
02f639
ff52fb
014c3f
081dec
0cb986
0ab477
05c4cf
0289dc
018003
02a57c
05b1c6
0847e5
08a2d3
06f175
044543
0266c4
022008
0341cb
064fdb
09432b
07e2d9
03b2b3
01bd76
01b87b
01c637
034a4f
05cc9b
073329
06f982
038a76
fe3acc
fea04a
0584a1
08c9d3
047d38
ff521b
fdb717
ff29d0
02a874
05edfa
067fcb
03e14f
ff3815
fc4aab
fe1731
00f526
00af3c
0023a4
01e64f
02ab6b
005ee8
fd7025
fc9645
fe6e5b
00b0d9
0059b8
fe0235
fc1157
fad46d
fad59d
fd71ce
012778
02a1d8
ffdd70
f952e1
f4200f
f68b75
fe097b
013839
fd5749
f85cef
f7556e
fa1966
fd1a2b
fcce04
fa03f2
f82610
f705a6
f55007
f5aeb6
f96073
fc742c
fcb4f2
fb17f8
f6f630
f2051e
f221cd
f71838
f9df12
f8c1e1
f7b101
f76a55
f69984
f59123
f4b643
f4c358
f64f5e
f7392a
f64ade
f5c0a1
f5f13e
f554ea
f57df0
f71acc
f6c21f
f3e566
f2f0fa
f6175a
f9edcc
f928fe
f399ba
f0da5c
f621ae
fc86e0
fae901
f40492
f13ff0
f51aff
fa038a
fb5b44
f9f368
f7dca2
f5ea7c
f697ad
fb09a3
fd9c0b
f98d02
f48bd2
f67d96
fd61ad
00f172
fdca3a
f95767
fa4ba4
fe5519
fdc512
f95d5a
f9b7b7
00acbc
05d045
02e218
fc8a61
fafe94
fe5527
013e0f
032491
05445b
045dec
000125
feb0cb
030464
0714bc
065209
039975
03776f
0523c9
053f0d
057ce8
08d1d2
0ab35b
06d0ff
02f64a
05002e
0942b8
0ab5e0
09e5b6
099768
0ac37e
0ad875
07c139
059fa1
0888a5
0ce667
0e56b5
0d1ad0
0a3076
07e8f5
098079
0caf3c
0ce31c
0b48a0
0b2471
0c5719
0cc280
0ab0a6
08958c
0b5525
0fcfdd
0e3210
093973
090820
0bba2f
0b61b5
096c00
09dccb
0caa70
0e98a5
0c9a87
080b2b
058f88
069ea7
09694a
0c51c3
0d0653
0a1209
061d5d
04ac34
064803
08d593
09069b
065ee3
04b29b
05a4aa
068bf9
064716
0550cc
034bd7
01a88e
023e44
039187
0443a8
04cbf4
03d5e4
005571
fd19ed
fd2583
ffee31
0250c8
01ca67
fff1b3
ff8439
fe47a4
fa288f
f8554b
fc7c32
00710b
fe3e9b
f9da6b
f9999e
fc3849
fc4249
f8fea2
f63c49
f5f86f
f7d66c
fb53a2
fd7007
fa51f9
f43d1e
f1a105
f3ec77
f6d995
f76068
f70be8
f807db
f7c681
f335dc
ef1de5
f1b5e8
f6a5e4
f628c7
f254a1
f1c3c5
f45035
f4c54f
f160c0
ef3fa9
f32c37
f7a48d
f3c5b0
ebc0d5
eb9d05
f37b59
f87991
f5ac3c
f009cb
ed84fa
ef6010
f2bf41
f42a8d
f31bfa
f1a74b
f13bee
f17d61
f20948
f302b7
f39e9a
f2fa9c
f27684
f3b3fe
f5327d
f4b5dd
f30bf7
f298ed
f46586
f745fa
f82176
f54730
f285a9
f53081
fb200a
fc90f2
f85aca
f57ee6
f6ec49
f86982
f8bc66
fb1a48
fea6e9
ff49f2
fce902
fac5ff
fadfe5
fc95d5
fdea61
fee3af
01410d
0330fb
0181ce
fecdd2
ff7fc8
02becf
057557
05afd6
030986
014296
03d29e
072b47
07d0c6
087037
096f89
07a477
04f4c8
059f12
094219
0d25f5
0e8fda
0bf73d
0848f3
078544
09cf41
0df3ec
118e9a
10aa54
0cd3ea
0b5b40
0b5612
0afad7
0e7a93
14992b
1495a3
0e53d4
0adbd5
0d9034
11fba1
12f4ad
0f836c
0d0760
101103
13ee1b
12d0d9
0f9950
0eef9b
101c72
10b2dd
0fbd22
0e9e27
106dac
13ce88
12f1d0
0e00bd
0b7b98
0d1b7b
0f3497
10401a
10c2e2
106481
0eff8a
0cc7db
0a40da
0937b4
0abe27
0d7ab0
0f9080
0f6101
0c2742
087126
075414
076239
06a010
073a9d
0a2849
0bbd42
09d044
06ba1a
04d7e5
03b3c4
021fe1
01830a
0452f1
07c445
05e8ff
009b26
ff663d
01f4e1
01eaec
ff2d16
fe1c69
ff0b0c
ff7cb2
fe4c9f
fc3e35
fb8757
fcd0b2
fdb5fd
fcf716
fb93cf
f952a8
f657da
f58e33
f85e2a
fbbfcb
fbf91a
f8a1e8
f4d018
f3400b
f33a3d
f3c722
f5e0b4
f7c8c3
f5f0fa
f267a8
f1de75
f2fbf8
f1d73e
efb2b5
eff3fd
f1ef17
f27b48
f152f9
f0cdb2
f082ed
ee4843
ec770f
ee2787
eff42c
eea26e
ed9b98
ee900e
ee5fa8
ed33e1
ed6e48
edd2f6
ed57a7
ed148f
ec8748
ebc855
ecd2b4
ee8680
ee0684
ebf9f8
eb116a
ed39e3
f1564e
f1a898
ec5473
e9670e
ecdeb7
ef021b
ecd6cc
edd19e
f389ac
f647f8
f2225d
eb7d1b
e988fa
eedf2b
f59788
f70f2b
f4b5fb
f270aa
f0bebf
f0789c
f294fb
f5f2a6
fa1d37
fd196c
fa28cc
f30a0f
efd3b7
f2a778
f8712d
ff668b
0332ca
ffe0dc
f9e8f0
f6fed3
f76434
fbab0d
0287be
04d0b5
003b10
fb91d0
fbed8c
00d215
0676f4
077e8e
04769c
035668
0327ef
004b80
004c4e
06deb8
0c2efb
0aff50
076a09
056244
064a99
09e983
0c84ae
0bf013
0a0749
07b9e3
06d251
0a7df6
0f8f5f
105412
0e680e
0ccede
0afd46
0b09fa
0e4ea9
102a72
0f1bd9
0ea887
0debdf
0b1ee0
0af568
10a405
172a24
173342
0f16ea
069ea0
07bddb
100336
141fcb
120e82
104161
100924
0f30de
0e6fad
0e0e0a
0da603
0f066d
11ac5d
111769
0c8998
095163
0b3ab3
0fbc06
11c4ed
0ffc8c
0ced03
0a5e68
090120
0a7aac
0ddbc7
0e8977
0b5dfa
0882fa
086547
09ce31
0b0c4f
0aa0b6
08d58c
084f00
08ef6c
0797a1
051197
04f485
06cb2f
07dadb
076b60
056a5d
02b787
021824
03fb48
0534d6
042858
0270b6
01be2b
01e2ad
010de4
feb168
fd9c49
ff7604
0178c7
01702f
0069d0
fedc3f
fc588d
f9dd2b
f9108d
fb0416
fe6afb
fed52c
fb2701
f88867
f8f7e5
f8a3a3
f7acfb
f90dbc
fa34f4
f86f9f
f66160
f502e1
f317e1
f343c2
f6b2df
f8cfb1
f7c28d
f5de9d
f244b0
ece957
ec257c
f2a565
f89307
f73b0d
f1fa95
ee9b31
eda756
ed7068
ee1c05
f00d56
f21ce7
f2a701
f0e96e
ed9ef8
eb6635
ecaf32
efa3d5
ef8e6a
ec8850
ec2364
ef833a
f0ca38
ee0024
ecbcf1
ef8ded
f13843
ed950c
e8a9f7
e9b18a
f0d607
f5cded
f39b60
ef1a83
ed26e7
ec7e2b
ed331b
f146f9
f5c648
f6df3d
f52656
f0c14c
eacb72
ea7930
f383dd
fe030c
01178c
fc28ae
f3498e
ec0aab
eb9704
f2a726
fd88c2
06225a
05ef3e
fc950a
f265aa
efebb1
f6b1e0
011d02
0681dc
04469d
000916
fccadb
f9d8d0
fbba98
047659
0a5763
071af5
018543
ff839b
00d962
05844e
0a56dc
09e261
067a3e
05a565
069a84
0787e8
09481c
0b53ba
0d1064
0d949d
0a1dd2
05d56c
0845e7
0e8272
100973
0e8329
0e356d
0cce5d
0b56e8
0ddf4d
109aa8
0f4df5
0da9b0
0e1c16
0ecffc
0fe7a3
10ff9f
10728b
1002d3
104f50
0eba69
0d4864
0f800e
124850
128580
118f60
0f28ee
0bea88
0c3cd1
100c6f
12945a
12da64
118d44
0de1a0
0a8d5f
0b60d5
0e7277
100dee
100872
0f2b63
0d8066
0b5f2b
09c5b1
0a8202
0d63c0
0e7012
0c6ba6
0b4cde
0b4eb4
089c56
054a07
064681
0a07aa
0c4f54
0bc374
0868e9
047ec9
03e9b4
062efc
06eeea
04a501
0217fe
028124
0531bb
06160d
044ec9
02e193
01bc78
fef217
fd0e82
fea4cb
00fd21
0159e9
002fdc
fdc0c2
fafabf
fae0f9
fdb314
ff6a81
fd316f
f8a094
f60e92
f7c8e2
fa4cc8
f9eac4
f95ed4
fa5801
f83959
f2e995
f134f3
f450cf
f75dbb
f86793
f70165
f27159
ee3b0e
eed282
f22aba
f3501f
f21545
f14d82
f12230
f009ab
ee7b9c
ed7040
ec8982
ec6f72
ee4045
efd115
ee5497
eb78de
eab6a7
ebe65a
ec7f81
ec0707
ebf118
ebfc2e
ea727e
e8aec3
ea2a81
ed4ab5
ec81d2
e8b090
e85b1b
eb8c2b
ece440
ec837e
ed05b9
ec51ec
e989ba
e7fef9
e89a8b
eb07f7
f082e1
f56138
f2b990
ea1f9d
e4ee00
e82bb0
f05448
f6e703
f85d8f
f4cc75
edc1c3
e78501
e8dae5
f3065a
fddfe0
00d2b6
fb318b
f1fa46
eb411c
ebcf82
f3af44
fd973e
04734c
059baa
fec92d
f2c731
ecdadb
f49205
02c92e
0a7081
070719
fee2a3
fa6605
fb352f
fe0564
01feed
075a19
0a4ac5
07750c
01fbd5
ffa772
022a95
072ac3
0b5d21
0be7cf
091876
075ae8
0838f0
07f913
06c003
0925dc
0e47c9
1173d7
1151d7
0d7563
06d33f
04033b
0990b9
11c77c
14c22c
1263e6
0f41c8
0db906
0d674c
0d29c6
0c9909
0d7d55
1102f3
13e201
12f76c
100c30
0dd9b6
0db000
0fec18
11d6c7
113f09
10aa51
10fde3
0fc0ee
0e0f3f
0e4b27
0f34b3
101a16
11c382
12dc6c
11b109
0e879e
0b126f
09db39
0c5ba5
10f0c5
13d126
11f179
0c5270
082dab
0954f2
0d5b1a
0f4d08
0ea061
0d6f81
0b1354
08028f
083a75
0b1f34
0bb400
0a2348
0984d3
097801
08ff41
08385d
0775c6
077e9d
07530c
0597a6
0482a3
0544d3
05b0de
05b739
062f5c
058f78
03db58
02cf33
01c347
ffa7e6
fe7c08
00b87d
048db1
04f66a
01202d
fd85a8
fc5231
fbc0c5
fc02ca
ff2155
027fb8
fffcf6
f89f7c
f55953
f8c6c3
fc541e
fca9f3
fba009
fa0da1
f8671e
f681f7
f3acb6
f325bc
f7957b
fb7651
f8b062
f27309
efd9c0
f20364
f48477
f4b705
f37dc7
f219a8
f189c7
f12502
ee97b9
ec5938
ef469f
f3d96b
f34ad2
eec803
eace69
e95eb0
eba3c9
effc35
f1df1e
efbc40
ec5522
ea6c32
ea061a
ea1379
eb2fb6
ed92e6
ef0fd5
ee8873
ed203b
ebe2dd
eb8a32
ebc12a
eb4142
eae03f
ec6634
ef173b
f0d25f
f05c19
ee2c86
ec1e4e
ebf71a
eef759
f3b118
f48850
efc297
ec529b
eec216
f30add
f57e8a
f6e034
f770bd
f60486
f39f02
f2c871
f33f0f
f44c48
f8a7c1
fef54e
ffbda7
fae43d
f77f12
f6d7f9
f7dec2
fc8d26
02369a
037b9b
00f1f0
fdb2e4
fbb2db
fd090c
00f6ec
04335c
061e2f
071b0a
05615a
018b55
005ea5
035bc7
06b165
08d4e9
0a9213
09a0e6
061506
053c21
07d246
09c405
0b059b
0cbb54
0ca28a
09eb91
0776b8
0846d1
0be61c
0e8a69
0e7367
0d74cf
0c976b
0c182f
0c4571
0c0e8b
0c2e68
0e830d
102843
0dfa1d
0b4d70
0becbd
0e566c
0f84a3
0f7ee3
0fdf07
0f5a4c
0c143d
097f60
0b54f8
0ee2ea
107dec
101e38
0e85fa
0c6bd7
0b4d5f
0c6700
0ea9e8
0e9dd1
0bea30
0aca6c
0bfdbc
0c623a
0c052f
0c2193
0c2a02
0c84cf
0cd6a7
0b5a9c
0930ae
08f393
0a5afc
0ae847
09232c
072f8a
085f8a
0b9c8c
0cb42b
0a310c
068557
04ba7a
053c01
06b6a1
08142a
07afdf
05c9e0
0571f6
05db88
04b186
0528cc
072926
04e206
00af8c
00c51e
021bb4
012d52
0109bb
02ecc0
04b35d
0453ba
004e0c
fb0fff
f9cff3
fd2001
00b711
0167a7
ff1e9b
fb8830
f930e7
f9bb4b
fb3088
fac07e
fa004e
fa9dfd
f9dd6d
f72b2a
f5c893
f66394
f75fd2
f6da1c
f39468
f13735
f3d996
f7ae3e
f7264f
f2a5be
ee0aa1
ed232c
efea09
f219a1
f1e7d7
f0e2c1
efae2e
ee9fd2
ed3f99
ea98a5
e9c2f6
ede92c
f2a58e
f15633
eb1439
e7577d
e9325c
eb877f
eb29ea
eb75a4
ed54d7
edc63c
ec9075
eb954e
ebbf87
ebf110
e9fe76
e7ea64
e9b753
ed8435
f058dc
f2bc7c
f22615
ec2404
e6a460
e896af
f0450e
f694f8
f6eee6
f2a0fd
eda71c
eb04cc
ed2b21
f44638
fc0afc
ff2664
fb4f56
f2d0b7
ebbd4a
ebcffc
f4fb70
026195
08f729
03a8a6
f9ed98
f3e873
f361dc
f85c7e
00c112
07e4f2
09dab9
04db0e
fcdb59
fa1b8f
fec26f
05c02c
0a0a55
096130
0681f9
05be04
057513
040f7c
05e369
0b78a3
0effb9
0dba62
099c27
061ecc
068ba0
0ac25c
0f4efe
1118be
0f81f9
0d0e9c
0c84a4
0cf511
0c3075
0b7918
0d84aa
10f7ae
122762
11ae1f
1133cb
0e8b69
0b4fe0
0d09ec
11232b
119e68
103462
0fd74b
102498
10f321
1075d6
0e0a73
0ddc71
108e79
12167f
11c0e6
102332
0cfed7
0b488e
0d7a14
111f74
129985
111434
0ec0c6
0dda56
0dc5d6
0cfe84
0bac4b
0b8f6e
0e2d81
1108f4
103f46
0d5827
0b92d6
0ab331
0afbc7
0c8d5c
0ca2ac
0b54f5
0bdfd7
0d05bf
0b0225
07b7c5
08b705
0d05a5
0d7d08
096e56
06d332
069fd6
06b4fc
0873f9
0b8318
0c3dd5
08d9f5
03325c
01331c
05b6ee
097c69
076025
05124e
05e559
05fa13
03ea75
01a521
00c516
02357d
0497c6
04e4d0
01ed0b
fe6560
fec86c
027cc3
03aaf3
0054a0
fbe273
f9d00d
fbe643
ffbe62
0042c2
fd31e2
fa3b23
f96e91
fb3c2c
fd0636
faa109
f6066e
f5016a
f788f3
f91228
f85d3b
f784f1
f68224
f414c9
f307b2
f56dcb
f67d91
f2ee92
ef1cfb
ef5410
f2b339
f5179d
f366c4
f04d34
ef86f3
ef50ee
ee5ebf
ee918a
ef5034
efb467
f0aec1
f056d7
eceabc
ea12e7
eb83b7
ef25f8
f0d4a2
f093f3
f08753
ef3b23
eb6d39
e8a10e
e99b06
eddb53
f3e8a0
f72681
f398d0
eca1db
e827f1
e92973
efc191
f704f0
f8fb54
f5ea45
f106f7
eca199
ebfb85
f08952
f74729
fc2771
fd17c4
f9c53a
f30536
ed141b
ef2c85
f99730
027373
029543
fc7878
f69337
f5af08
f8b7b0
fbe395
0036d0
0527d6
03f0c1
fcf98b
f9a76b
fca864
00dc79
03cd05
05ef3b
0639de
03a085
00e644
01c5f9
04862f
057ca3
05c524
076449
08e3ee
082192
056b1b
044fd8
06f3da
09d1f5
0ad75f
0c24ed
0bf368
080af2
051b83
068c79
09df01
0d10ba
0ee35c
0dd790
0b4f3a
0975e8
08b252
098f3a
0be9a7
0dd4ea
0e4ff4
0db604
0b8324
087465
090ac7
0ea491
126f5c
0f89f2
0a6dff
088606
0a3051
0cb654
0d16b8
0cec2c
0f2d0c
0fccc4
0c535d
0aa2a8
0b9bab
0ac19b
0a8196
0d181d
0e3b74
0d322e
0cb917
0c62a5
0b7e73
0a37bd
090c9d
0a9c85
0e7ad2
0ee6a1
0aad16
07a517
08c814
0b2194
0c1b16
0b9795
09e2fc
086364
08cb34
09e345
09c963
090948
088dc6
08e95b
0985c3
07944e
047b5d
058f34
08a717
086a20
075bf9
07d498
068e4e
035711
019f07
0345e8
06c412
06cbcf
028705
011c37
03f843
04aac7
025968
00866a
ff7984
ff2686
0003b8
00e22f
009fd7
ff046c
fd3234
fd328e
fe51ab
fdc92e
fb6419
f9939f
fa2af8
fbe5d4
fbd97b
f9d6a7
f828ce
f7c321
f7e654
f7a8d2
f6f371
f62ac4
f51461
f4c215
f6729a
f692d7
f278e0
ef9f7b
f237f0
f5c317
f53a64
f1344d
ede0cb
ee18e5
effa0a
f1839a
f35981
f36bb1
efcbd5
ec3ed6
eb7f6a
ec1bdc
edf172
f0a755
f219b8
f20204
f0a1e5
edb9f3
eb5f8b
eb0a0f
eb91f7
ee1570
f408a4
f82776
f453fe
ec1402
e7a764
ea2881
f20ba1
fa3d94
fb2d54
f46d64
ee052c
ec6cda
eeecf9
f4b04c
fa5589
fc8c6e
fc274f
f8b3cb
f24c94
efa230
f4c90e
fc8e41
0174c0
0242e1
fef65c
f9886b
f69c7c
f95f94
ff6f84
038340
041edc
032026
017c12
001a4a
002fa9
01cd18
04ba65
071c2b
069a06
0569e7
061e82
06b512
06b7a9
080457
0992f2
0a1cac
09d6fc
08b0ee
0851a1
09a434
0a867d
0bc6f5
0f19a4
10152c
0c00b6
082973
08a936
0bceee
0f0432
1058bb
0f41f4
0e11f1
0e06c2
0cf86a
0af0a3
0ba6bb
0f61b2
11fba2
117da4
0edc67
0b83a4
0a0436
0bba9a
0f3577
131ffe
1481e2
0febc5
0a05f3
09cda1
0c022d
0c1839
0deb64
12a501
147748
110f94
0b3986
06ad01
078c48
0dfafe
138fb0
12e1cb
0d6f7f
08a3a4
08c4f1
0cc895
0f27af
0e28d5
0d9259
0d8a05
0ae909
084f9c
0988c9
0be8a4
0d302a
0e86b7
0e20b3
0a6ee1
06b51b
05dd1f
087b96
0d7eae
0fcf71
0bcd42
05f4ef
04331b
0692d0
09a379
0a8270
093a02
081745
077c42
060013
047c2e
04c1cd
05db38
05d700
053c68
051525
04718e
03229f
026aa6
01dcb1
014adf
02228a
02c35c
00a1f3
fe2d61
fe2e63
ff23ce
fef121
fd616a
fc5501
fd4c20
fd537a
fa5fa2
f8e456
fab50a
fac0a3
f78b89
f57520
f69e0e
f8c888
f8d764
f666bf
f3ff34
f2c9ac
f2080f
f27039
f3f9a7
f3dc60
f17013
efcbde
f05f7d
f119f7
f0716c
ee92bf
ec2ce6
ebedfd
ef91af
f22027
eee11a
ea8f5f
eac4c1
ed2073
ed9805
ebd5f6
ea4b69
ebd1c8
ee6153
edc5a7
ecb1f7
ee3f27
ed9406
e8fee3
e76273
ebd320
f1e070
f4ba1e
f21371
ebe076
e7edc2
e9542a
eef033
f66059
fa9205
f700cb
ef5aec
eabea0
eb0e4c
efce57
f81410
ff137c
001bb2
fb378c
f30355
ecee91
ef19ae
f89688
02c301
07c3dd
038cec
f8cdb9
f2c0d8
f7344b
ffb38d
0566ee
06ff15
046238
ffb4a2
fe12b2
00d338
03cfb7
05077d
068cc9
07f14a
06dfe0
051455
052aea
06a20a
090dcf
0b62e9
0acd82
07f45b
0636c9
06d61c
09f377
0da202
0e0606
0c3ac2
0bc5e0
0b06ad
0900d3
08f005
0af198
0ca188
0dc847
0e10a0
0d4b5d
0ce332
0cde93
0c2d35
0abab6
0928a8
0a2e0b
0efcad
11c4de
0e39f7
0997d2
08e55c
0a8fed
0d2066
0fdcf0
0fd59d
0c6f55
08a8ad
06ba1e
07d035
0c3aad
1156c1
133e81
0fffbf
08bbc5
027a9d
033373
0a9c01
117d02
124ddd
0e78d2
09f726
06c2dc
05fefe
084bc1
0bf5dc
0e42df
0da1e0
0a7190
07e563
087544
09d199
09ffbf
0aae08
0b75ec
0a37b3
082f00
07194a
077639
0a1454
0cb9d0
0bb663
08487a
058c82
0489b4
06255b
08d3f1
094f38
08e6f6
099c2c
08c3e9
0565ab
0298eb
025e58
04a54b
0722cd
06e52a
055d72
04f264
03ffbd
0273e8
026a27
023bd2
00b39c
0060c4
01454e
014d06
00bc5e
ffc230
fe4c34
fdcc5f
fe1dac
fdc884
fd1976
fc3573
fa8e10
f909fa
f89725
f9425c
facfb0
fb85fa
f9c977
f6c8ed
f46b9d
f33cb3
f33349
f43e62
f6670e
f7ecd7
f56b35
f07843
ef467d
f1ee88
f27dd0
ef9f5d
ed7701
ef32b3
f37329
f48258
ef8ec4
ea31a8
ea37f6
ee166e
f17584
f16fed
edc4f0
ea5cc4
eac97f
edd2bf
f13260
f35552
f19342
ebe2d2
e6ec23
e74418
edf5f6
f728b2
faf4f3
f54133
eb56ac
e5a3bb
e8404f
f1de79
fc1c42
feeba9
f8aa41
ef921a
ea01cb
eac46b
f2d771
fee56f
05e442
018335
f5d55d
ed3d0d
ee9f1a
f80a9e
021da6
073fa3
057543
fdc8fe
f65d29
f600d5
fc3366
0432ea
0a15d8
096477
0244d8
fd13ff
fe8a8f
029d06
063390
08d6ae
095543
087bdd
07593e
05a05b
05d260
08999d
098ec3
0966f2
0bbe5c
0c3b53
08b660
083fec
0bb47c
0cc11f
0c1c16
0d2753
0dd5ce
0cc691
0b01cb
095039
0a4a02
0e608b
10b099
0f5c2e
0dcf6f
0d34e5
0c7876
0be368
0ba4a0
0c2411
0e5628
10ca4f
10c07d
0df861
0a7cbe
093cbf
0bea75
100b57
11afef
105e7b
0d6e75
09a2d5
07553f
098e73
0f3deb
134dcb
1208f0
0ce54d
089e7d
07fab9
09d67f
0c6976
0f15a1
10376b
0dc486
09618f
0786f4
09aea6
0d0287
0e717e
0d18b5
0a26ea
08585a
093768
0ab918
0a6f62
0980d0
0a14f9
0b4ab0
0aeba8
08f68a
073ee0
070c7d
0820c1
094441
097010
086391
069375
050fb9
0520fc
06df46
086bb9
07de36
05cccc
041214
02f541
020d8c
0245b1
03ded3
050076
0486a9
031992
0138e3
ff68aa
fec02d
ff58c5
005631
00c4a2
ff7de6
fcf4b3
fbb3c8
fc4dc2
fc94de
fc0f8e
fbd768
fb64a8
fa0406
f89221
f7c042
f78b38
f79178
f6bf5a
f541f0
f54539
f6dc03
f6f6d4
f48e43
f1c3f0
f00178
efda63
f1f3cf
f41390
f2ed08
f00a57
eec61c
ee5fa9
edc80a
ee2da5
ee60e1
ed14df
ed0a31
ef0079
ef63c0
ed875b
eba317
ea08cd
e9436b
eab94f
ed5095
eef63a
eec8fa
ecb362
eafd07
ec4afd
ee1432
ec1223
e85dfa
e91cb3
ef6092
f545ef
f50d08
ef4d23
e95b26
e86753
ede0ef
f524fa
f7cff1
f5ea10
f35288
f06158
ed4500
ee4311
f5d654
ff6bb3
023b36
fa4292
ef805f
ed9f52
f504b0
fdc0c3
032c71
03f33b
ffdb53
f9e63b
f6739f
f85ac9
ff69eb
06735c
07f2b7
04a869
007a9b
fe0f4b
ff6742
03a24f
070ae4
086b75
08793b
06e6b1
051c6d
059ab1
076304
07f946
0827df
0a2fdc
0c92e4
0b409e
075459
0715d2
0b88e1
0e9811
0cd806
094459
088c50
0bc618
0ec75e
0e47b3
0caccf
0bbe3c
0a50d2
0a2339
0d0ad6
0fe13d
0f9880
0cb31d
09e779
0ac369
0e304d
0ee14a
0d51f2
0d775a
0d7f1b
0b956b
0ac4b6
0c1224
0e06f6
0fdf55
0f62f7
0c1400
09cc0c
0a1bc0
0b594f
0d8d48
10566b
10d625
0d51d4
07d2f2
05ef9d
0af55f
113a79
1139ab
0cc426
0a29fb
0a5f86
0a955c
0a3e01
0b6416
0e0376
0e7854
0b5cdb
087df8
09214c
0c4bff
0e746c
0caaff
08b1f8
07394e
08ba39
0a8013
0c11e0
0d4595
0c68d8
093e1b
05d380
04fb0a
076ee3
0a4007
0b4683
0b16cc
08f7df
05309c
03e01a
05fd01
079fff
073d84
0602bc
04a6fb
03e37b
03cdef
043eaf
0550a2
04f1ae
022e4c
00593a
000b98
fedf34
ff100a
02145e
02f84b
ffb6d0
fc447f
fb2850
fc19c8
fd2962
fc038e
fa196f
f9e3d0
f9d8f7
f8dc39
f8716e
f8a437
f8689d
f6dc5b
f38601
f14ad6
f33669
f69212
f73303
f4c70b
f11ac4
eec0e7
eefd2a
f003a8
f0e9be
f203e8
f1815d
eeb583
ec2bd6
ebb005
edc058
f0fd11
f16bb6
ee62e1
eb4635
e92262
e8f282
ece7ab
f1718a
f18810
ef4db5
edc527
ec188e
eaa345
ea63bc
ebccbc
f09291
f63aa1
f5a25b
eed2dc
e9cf1d
eac077
efec70
f688c8
fa6cb5
f831cc
f28197
eeb325
ee4c3c
f150e2
f87d7e
ffef09
00e1a4
fb3d04
f49ebe
f16f36
f4526f
fbf86c
025f79
04938a
02cc79
fc5ad9
f6dc35
fa8167
022083
04b46a
0520f0
05d364
03028e
ffc3a2
00c33e
031016
057ca4
08a897
08d0ee
06835e
062273
05df4d
050ae8
0773b6
0a4db3
09ab62
09692e
0a36f4
0817df
06363d
087c6e
0ad59e
0b03a2
0ba34e
0bf71f
0a8df3
09605d
08b195
07dfcf
091cef
0c1e86
0d4776
0cc169
0c124c
09a3fd
06c05b
07b52e
0b7691
0df13d
0e1a8b
0bcb7e
084c23
070c44
07ec90
09b8b5
0e3b7c
11adc5
0d63ed
069424
059e4d
078848
09590d
0dcdf3
114ac1
0e53ce
08a2ca
05b9dd
06c126
0b5114
0fb349
0f7eb7
0bf2ac
0812ab
05ad7b
07c379
0d9020
10ef07
0f7bda
0bc1ee
078d13
056618
08213d
0d7464
102b2a
0e6d08
0a7a3a
07ff9a
08907b
0a3082
0afbeb
0b9b51
0c731d
0c3c98
0a180e
073b0b
064585
0829a4
0abea8
0becf3
0b697c
08f7b4
059f34
04be20
06e17f
07eb75
061572
04af3b
05d940
076460
06803e
0341fd
00d6e0
01baae
03d181
0373a7
009aec
fda5b2
fcdf47
ffa102
0304cd
01b371
fc5456
f87847
f80e85
f9b04b
fc2836
fcd094
f9ec25
f659de
f51e92
f58b74
f63319
f65cdc
f5655e
f3a41f
f1e70d
f09192
f05fa5
f16d86
f227af
f16ef4
efe71e
ee4b94
ec96ad
eb1755
eb27e0
edb80a
f069ba
ef238b
eaad24
e8b42b
eac545
ec533e
eb4d03
ea171e
e9976c
e9abf6
eb8c8c
edfb62
edf4bc
ec3292
eaaf6a
e8f3df
e7d1a0
e9c15a
ee56ea
f29761
f3bba9
f08bc4
eafcd0
e73bc2
e8e216
f0d7b7
fa0378
fbf8e3
f58383
ed9c9b
e9ee02
ec7078
f50335
fe999a
0206ae
fdc7ce
f5fb54
ef80a8
eea23a
f66a9e
03c4a3
0b4cb0
04cc28
f84abe
f3cc35
f87dbe
ff4217
05c740
0acc6b
097dc3
015aa6
fa3b37
fbea25
04b92e
0bbe1d
0c6f01
097dc9
054dc5
018d42
024c99
082bd0
0dd89f
0ef69c
0b4ad7
05d93f
043f59
08bce2
0de43f
0e2ae3
0bad3f
0b178c
0b7b41
09d780
08e01d
0c57dd
106e53
0fb8d2
0bbbdb
088869
083744
0bea84
10e79b
115418
0d19f9
0a45e1
0b25dc
0c603b
0c92aa
0e3d60
105e28
0da86f
07ded0
087e73
1041b6
14838e
10d52a
0b8e45
08dcad
078b67
08c849
0f2554
164570
1597ca
0d3061
06614b
064934
0a27c6
0f2081
13529b
13c443
0fa30c
09d477
0692a7
08b8ff
0ea914
1346bd
12f89e
0e0397
08d637
08a767
0c1506
0e0b81
0efc58
1035df
0e335a
096e70
0813d3
0b454e
0ebdfa
0fd3fa
0e07c4
0a6156
074ef6
06bd40
096703
0d52df
0e3dcb
0bfe32
0a1741
08236b
04e48b
03ea89
070031
0a4fc9
0ac73b
08703e
04ad0a
025e82
035509
055ab5
054e55
0352e9
01fbe7
0206fa
014443
ff498a
fef668
00b041
0114dc
fed13c
fc13e8
faa556
fa7385
faf7a5
fbdd45
fc265d
fa60bf
f759ca
f5a4ef
f56690
f529a0
f5ad0b
f76df2
f7a121
f45261
f01cdc
eebccd
f01b09
f1aca4
f2f942
f42632
f284ff
ed3e25
e91c84
e9de55
ed9440
f0f5ea
f248b3
f0e15f
ed49b7
e8f939
e69ef3
e8d928
ed90b0
efbc36
eef438
ee02a6
ed0a54
eb914d
eae003
eb602b
ebe79e
ebc53b
ec7703
f04255
f4c4cb
f4104a
ee24a5
e8f15e
e80753
ec5f6a
f5815a
fd7902
fd149c
f4bbbb
eb03ce
e6ede2
ec6d6f
f8a4e3
0321b6
05127f
fd8545
f21168
ebf3e5
efb900
f9c8e4
042b5e
096d13
0508cc
f9c529
f256ed
f560cc
fee874
0747f8
09a5a5
0589e3
ffa4e2
fd28e4
fdf7a2
009966
05d272
0ab1ac
097522
0389df
0019b4
0254f0
07c64b
0b5145
09d0d0
06b9c6
05cbb2
04c0c4
041d46
088448
0dfdca
0cf1c3
088291
06bd9f
06701b
06af03
096a37
0cd4a8
0d2e29
09d4ea
061316
06c1b9
0b61a8
0d7ec3
0bb3d6
0a6b41
09a3b8
07d589
085a5b
0bdb74
0d96c8
0c5e70
0ab8f5
091b7b
083efd
0a1ba1
0d8be3
0f6696
0e1120
09dac2
060212
06d406
0bb92a
105965
121ec7
0fa8d8
097a7c
054457
07a0e3
0d38b7
10f625
116030
0e0b09
090e4d
07a417
0adddf
0e8169
1028a9
0ff427
0d8b57
0a1bd0
08badb
0a83d9
0d9a83
0f8443
0ef94d
0cacd5
0a7192
099db8
0aa6d9
0cf65d
0e64a9
0d34ed
0aac21
08bb5a
0754e7
07836d
0b3c70
0f279d
0d9497
084ec5
051783
047e9f
05046d
073f20
09e1da
09d305
06c9ad
032da9
016429
01f930
03761a
04b301
04e8a3
029660
fe928a
fc75bc
fd546e
ff2548
001bf8
ff74d4
fd87d2
fadce6
f79152
f61ddd
f8d8dd
fc13b8
fb51a6
f80aa6
f4ccff
f24808
f1cb39
f2ff68
f3e79d
f4adf2
f5073e
f2e855
ef1f90
ec5e2b
ec0013
ee6916
f10c97
efb38e
ec1b6a
ebc73d
edd73a
ecf3d6
e9070b
e74c7e
ea5c5a
ee9f86
eeff95
eb5951
e80d92
e795d8
e82cbb
e8aa5e
ea84a6
ed41b5
ee90fd
ee9782
ed313f
e8e0d0
e521f8
e6f035
ecae1a
f2c379
f6a798
f42da8
eca4ca
e7b789
e80f45
ed571f
f78329
fe37af
fa333a
f2bda1
ee5e59
ebbf5a
ef13f9
fa4799
033045
036877
fd7752
f4bb24
f0a145
f620a9
fdf22e
02ef20
072780
061494
fd8b4e
f8c6c2
fd53ef
037054
06f917
08bb2b
06e32a
03006d
02468b
04815b
06c672
097812
0ba397
0a2acf
06e16d
066fbc
087d0a
0a6d4b
0bef8c
0c517c
0b7008
0b381d
0ad3c6
095ea6
0ab6f9
0e5ba2
0dffea
0b1eb7
0b96f4
0d2d28
0cd883
0d0d26
0d866c
0c1d07
0ad3ed
0ba043
0d821e
0f0e77
0f1150
0dbd73
0c56ca
0aa8e9
099e88
0bd969
0fd7cf
111c62
0eeed9
0bd236
09ce48
09bff4
0bb5f6
0f592a
1279e3
110078
0b058e
06ddc8
08e276
0e777c
124212
116606
0d8714
0abf95
0b0f3d
0cd606
0de6c4
0e579a
0efedf
0ea1d9
0c5c66
0aec56
0c85c1
0f6068
10f0eb
0f9508
0baaef
09808e
0b6eb4
0dbe0b
0e5354
0edb4a
0e8144
0c58bf
0acbe2
0adb1d
0b96f5
0cc5a7
0cf29c
0b2397
09c25f
0a1fea
0a6828
09e24e
098be0
09c12d
09d501
089105
061246
0479ad
052d85
07277e
083eac
06f607
0409b8
018fc0
00715a
007f75
015fbb
023007
023f09
013878
fe814a
fb0c46
f9c8ef
fb703a
fced68
fbfdc7
fa2a4a
f8f95d
f729bc
f4e5f8
f525fa
f778a7
f7b931
f4d7ba
f14d25
ef5a74
efe3b0
f16d35
f1ca82
f11d4e
ef9121
ed1088
ec0718
ece9a5
ecc852
ebe202
ebb0a7
ea876e
e8d998
e9450c
eaca3d
eb3296
e9c3e5
e75f30
e78e8b
e9f89e
e93513
e74f57
e9b5d5
eb3f4f
e79810
e55ba6
e7349c
e92606
ebdf80
efef91
f098bc
eb4a3d
e35164
e1080b
ea70f8
f6a7d3
f7f411
f15cd8
ecf861
ea030c
e81d7b
ee2a50
f97ebc
fdbb9f
f9024a
f35eeb
eeebce
ebb140
f0c27d
fef9da
0840b1
031807
f7d226
f26ba4
f4b47b
f9c5e5
ff7707
072375
0b7118
038336
f781ee
f8ea6f
03c595
07c874
065da2
07c904
07ea71
03fa98
02828c
056fe0
086c0d
0a211d
0b0396
0998e7
0666b7
060f8b
0a67cd
0df0a0
0c3b28
092b75
09600a
0ab021
09badc
08f085
0c779a
107b3d
0d79e3
07a869
08e23a
0d1268
0bd62b
0a703e
0d8a00
0e07b8
09f867
08689b
0ac6ab
0d2d78
0e2964
0d8af0
0b4ae0
08a702
07a06a
09c4ec
0d66a0
0f0f25
0e9360
0c9653
080bac
046324
07cccd
0fe5d2
12f561
0d76b9
06f74d
06d3a8
09b6ca
0a782f
0ca338
10e99b
0ef576
0771a9
05ccf6
0aee7e
0dd303
0cf6bb
0c4231
0bb833
0a5b0c
0925c3
0973e3
0c0040
0eceec
0e4cb2
0ad04e
07d5a9
07092b
09052a
0d571f
0f5ecb
0bf5e6
08117b
081a88
08c68e
08841b
0a68ca
0c3453
09c2fc
06e819
07939c
082270
064cf5
057ffe
07a206
0a049d
08d48d
03ef5f
008244
01f704
04fca3
0624dc
05b438
037647
ffa727
fd9e88
ff04a9
00f7af
00fd62
ffd427
fe80b7
fcce17
fb444a
fae06d
fac5b3
f9dcfe
f92ba0
f96215
f91351
f77346
f60954
f6704c
f71318
f4b8db
f0f6a1
f0e736
f3a0db
f3ccc2
f17c2c
f028be
effaaf
efaf8b
eefce7
ee2413
ee0af9
ee1c1e
ecb37f
eb3eec
ebddc4
ed2972
ed4ee8
ec33cb
ea27ab
e8e443
ea396e
ecbe70
eda98e
ec4dd9
ea7d69
ea1018
ea0354
e98b43
eaf3b3
edba13
ee5297
ee1cab
ef861b
efa8b3
ed43c3
eaeaa1
e9f6f9
ed0d2c
f50822
f9def5
f5f73c
ef9942
ed42bb
ef677a
f4d13d
f99236
fadf55
fb890b
fa4cff
f32976
eeb30b
f74a30
0411dc
06c64f
00d7b4
fadfcc
f86b48
fa0a9f
fe2601
02715d
0759bb
0a3329
055a54
fda5c9
fdfe13
04b870
08e8e0
0965ae
083e31
0680cf
072d99
0913c9
07f10c
07566e
0ae9b3
0cb7f5
09fc2c
087b46
0a5216
0c6c1d
0ca305
0ab8f0
09daa4
0c6b9b
0df45d
0ba5a9
0a5faf
0c7ac0
0e22b0
0cec6f
0a7c87
0a7579
0d3f9e
0def56
0c0f41
0cf3f5
0e7b75
0b3a07
07e6cc
0a0d8f
0e4021
107177
0f147c
0a2843
075439
0a30f3
0cc576
0c58d5
0dc179
0f8cc3
0c5198
076d8d
0720cc
0b1819
0fae05
10cced
0c53c9
0733e8
07867d
0ae40b
0cdeb1
0e7728
0f4d3e
0c678b
083db8
073d89
090408
0c7e0b
10173c
0ed578
0956e4
079129
0a5c30
0b6fdb
0b024c
0c6110
0ccc15
0a0059
076967
0807b9
0ad291
0c7c3d
0b171b
092645
092213
088549
063881
064656
091ab7
0a2e19
08e0ce
0781ec
059808
039e3c
045960
068134
068056
04fa47
03c7b6
022523
00b05d
01b1fb
0402b8
03e596
009d47
fd4e34
fcc854
fe06b6
fe7972
fe4a9d
fe81a2
fd8e60
fa6786
f7ab9d
f7f108
f9f0f1
fa6434
f883a5
f6a75f
f5dae9
f489e7
f30d2a
f3e4ca
f63e41
f6281c
f26009
ee47db
ede9d2
f0ca47
f238de
f00d3c
ed9fe2
edb909
ee7d74
eda01d
ec2833
ebd05e
ec40a8
ec942c
ec6930
eb3655
e99c04
e93cb2
e9a5e3
ea2a6b
ec3198
ee42e4
ec7f92
e8b74b
e7af30
e94333
eb413e
ecc4de
eccc3f
ec0753
ec027a
ec3d6a
ed784b
f0854e
f13a50
ed5ebf
ea3738
ec12ea
f1fff8
f7ea4e
f7ab6f
f19b3a
eef0fa
f1eb81
f3c915
f503a0
fa353a
feeb4f
fcef9d
f608a1
f0d91f
f3b08b
fdb0e3
05225f
04b9c0
00dbb5
fc8139
f89cbd
f9bc85
006468
06976d
09580d
082362
0249f5
fda6df
00c87f
069652
080f22
081d2b
09b47c
098daa
066af0
034367
03e2bd
09dd90
0f4451
0cd82f
07186f
0607ab
078f97
08813a
0b2281
0dc429
0c67da
090af4
06e711
06b9da
09688d
0d2a8f
0dc79b
0b146d
07fd21
06660c
07ac24
0b0641
0cdf8b
0bb8cb
09684d
0761e1
066e40
07dd76
0b863d
0df619
0bd122
071f94
04f442
065407
090ef5
0c15e6
0da44c
0b7d68
077719
05749a
068a14
09d21c
0d4159
0d62ed
0956f3
054b50
05b808
0a3681
0e7833
0edcff
0b6037
072903
05bd9e
07d398
0b18db
0d571d
0ddea3
0ca02a
0a69a2
088c32
07df18
095223
0c7750
0dfe00
0c4b35
09faee
08e9b4
08eb98
0a6f20
0c99d9
0cc0fa
0a6e70
07dda3
076cc4
097677
0b367c
0a7acf
0955b1
0971d8
08b938
067215
0519ca
05f9ec
07fe57
095b64
086ea9
054c1d
025ee5
01f038
03d045
05a4fc
051947
0204c6
ff2da1
ff7140
017872
01ada5
0041cf
ff3478
fd4920
fa4db2
f9e4f6
fc76f1
fddc29
fc6cd3
f9af28
f6faa0
f5b757
f6941a
f816bf
f85cf2
f6c562
f40cd9
f20449
f1c0b9
f28158
f32b6b
f35094
f2a9f3
f0de7a
ee57d4
ecd2bc
ed65b9
ef2941
f0b6ff
f09ff5
ee45eb
ec3d4c
ec31a1
eb2aa4
e92143
eaf20e
efc5c3
f17d66
eeae71
ea64e3
e87666
eb4efb
ef1163
ee8b90
ecb1ee
ed6075
edae74
ec9803
edef27
f26540
f64eec
f4bff5
ec3ba8
e5a852
ec15cc
f9fd4f
feec19
f81f6e
f1b1d9
f19323
f3072b
f44dec
f83ecb
fda13a
007a3a
fe45a2
f6bb5b
f113d0
f72eeb
03f61b
08b9ff
03e58c
fe11e8
faf3b8
fb3af6
fef9e4
03eb2a
092ac2
0bbbe8
05bf78
fd5424
ff7419
07891a
08eac5
075c69
09e1b3
0a63b6
05dd22
03c84f
06ac1b
0a27cc
0c3f88
0c2970
094f87
0696ce
0680e7
084727
0b120a
0d47b2
0c8331
09ea05
0783bf
05730b
06ee3a
0d18c6
0f9d9a
0a9070
06c346
07fda9
081ac3
0750dc
0abda9
0ee2d3
0c6772
04ba59
018d06
07e736
0f743d
0e944a
093bc3
0726c1
06c009
053dbd
05ad83
0a084a
0f4ed7
0ff2bb
09521f
01f5ca
02ed43
0a47d9
0ec5f8
0d6701
0a13cb
07f54f
0709b9
06fd26
08fada
0cff55
0f9df8
0dbc3a
08e48c
05adef
06cbeb
0a69be
0d123c
0da40b
0cdf3d
0bd11f
0abc99
08951c
072711
0ae754
105817
0e87c2
07ed36
065501
097d68
0bc72c
0d00ab
0d6493
0b5283
07e54b
057ed1
06224f
0a3fe6
0d1f85
0afe89
07f3cb
06fa96
0557d9
041395
066bf8
092a77
084d56
053b6e
023bcc
01255d
036856
05dea8
0465d3
0125b1
ffde83
ffae49
ff0935
feb5b2
ff3e64
ffcac3
fea030
fb4fb1
f926f4
fa8cea
fc01ee
fa5be6
f86334
f84411
f77545
f5210f
f465b0
f62e0d
f758f5
f5c0f2
f295e7
f00287
ef93ab
f156fa
f2d376
f1c749
ef8fc9
ee42d6
ed852a
ece702
ed1fd2
ee20fc
eeccad
eda568
eab9eb
e91996
ea87ab
ec76b2
ecacc6
ebaec2
ea54e4
e993b2
ea0854
eb41fc
ecc0ec
eca289
ea1efe
e9ddde
ecf513
ec9de1
e9841e
eb1278
eecd70
f00e39
f1885b
f1361b
ec81d6
eacca4
edd69d
f01a03
f4e5ed
fb1d8a
f70127
ed8048
ee1f2c
f4adf0
f788b5
fa76f6
fd5db0
faf4c2
f78b6e
f6ccd0
f60f9f
f89195
0039e1
049280
02635a
ff6cc2
fc82df
f9f06d
fd7e48
050a88
07545d
04f544
039415
024b30
01c524
052068
07c467
0639db
05ffc2
07e138
0721ec
061625
074b4f
078a86
08161d
0acb08
0a6c59
06e662
06ce8e
090277
094772
0966e2
09e3e5
098385
09e279
097da8
06e48d
07dab1
0c7abf
0bd5c2
07396a
07522b
096d78
08d05d
09f9de
0c85c4
0a524b
06859f
06a818
0869a3
0a7b35
0d0b45
0c23ea
08772b
0714d8
06b63f
0706cd
0c0165
106adf
0d1fec
07e0d9
064f28
06584f
09a154
0fc73c
107cef
0b5760
082230
07e743
08f359
0c4593
0f44c9
0f4610
0dccdc
0b0a3d
089422
0aa54d
0e2865
0d4439
0beecc
0ed847
10adc3
0cf51f
08a275
099d33
0e6655
10cc3c
0e9ea3
0c0d3d
0bae3b
0b1db8
0a5380
0c537e
0f4ec5
0e838f
0accf8
08c5f4
09b848
0b96b1
0c0576
0a58ee
08cf9e
0918b4
090425
078ebf
0759d0
088c83
088a70
071be7
04dbbe
027984
02d94d
05c0fc
06043c
02f6b4
00cfff
0014e4
ff89f6
004aa8
014a4e
ffe1e8
fd116d
fb3091
fab275
fb83bb
fc562e
fb097f
f8bc7e
f81b16
f8228d
f6bda2
f55b63
f59354
f5af86
f445ea
f2b8c2
f24d37
f26511
f22d7c
f19c35
f0b8d0
ef3824
ed9a8b
ed6973
ee8e02
eeda55
ede3a4
ed49d1
ecefc6
ec056c
eba2f6
ec13e9
eb87d5
e9d5b7
e932c7
ea9c54
ecb6dd
ede9a0
ed71f5
eb48ae
e92852
e973d5
eb3dd1
ec04d0
ec86eb
ed982d
ed73d1
ed096f
eecfb5
f0ec33
f0fa52
ef2493
ec0a91
eb51a6
f0a498
f7485a
f8c4d6
f5a838
f0cff2
ee8258
f34cbc
fa27ca
fb1a45
f97314
f9cc47
f88b11
f563f0
f5fbff
fbda34
026a7b
0389e4
fedb57
fb824c
fc261a
fcb837
fe3ef9
02fc61
060d82
04b077
0257fb
0167b1
02700b
0444bd
047eef
049bb9
0618b5
06711a
064277
06d07d
0526c7
03e92a
0808fb
0b3f58
07dfc3
0476b1
05d5fc
08ab26
0965bb
072259
05d240
0913b6
0ab7e1
06a8aa
055c95
09d0fd
0b6ee3
081dc1
057b93
05d343
0876bb
0adf3d
0a8782
09991f
090532
060e4b
046d22
091b13
0dac17
0bec55
090182
0887c5
078247
06eaf8
098d3c
0cbb94
0dc101
0cd1e1
096758
05fe3a
080ad2
0dcc44
104d92
0e7bea
0aed9a
07a547
08baca
0e0b4a
104db6
0e84a1
0e4872
0e229c
0b5f78
0ac52a
0d6195
0e5fcd
0e2635
0f0976
0f87f4
0f369a
0e0638
0b35f5
0acead
0f4643
11d1f4
0e6972
0af3eb
0b248a
0c7384
0d9fbc
0e7fdd
0dbf11
0bbb60
09e807
08b705
08fe91
0b065b
0c70c1
0b401b
088e72
0646d3
05599a
0620a0
0791a4
075f17
053430
037147
030b2f
02756a
01a5ee
02111d
025696
0026f5
fd458c
fc8be0
fd36fe
fd6a97
fcf1fc
fbc805
f9fc73
f86a8e
f7fdf0
f898c5
f82dc6
f51ecb
f25081
f33be5
f58cec
f5a21a
f3d09d
f123aa
ee98c5
ee3aaa
ef6b2e
efbb61
ef2ce4
ee1404
ec72cb
ebf1a3
ec57c3
eba1b6
eacfe7
eaaddb
e9ffff
ea0ce1
eb00fb
e9a3c3
e76ac8
e87192
ea734f
ea104f
e8cd7d
e83881
e864a2
e91586
e8d61c
e84a78
ea15a9
eca8c9
ecb21b
eaf06b
e95319
e866a9
e90d4a
ebd76e
efdf8b
f2fdea
f2bb42
ef27ae
eb584b
ea945c
ee462e
f424db
f7fec1
f8ead9
f72a89
f203ce
ee86bc
f3202b
faebb2
fe0bdc
fe2193
fd5192
f94e6e
f51b6e
f710e8
fe7d3a
04c177
05709c
0279c4
ffdc18
fd8e3a
fc3691
005357
07c874
0a15ab
06f383
04b0d3
043fa2
03c94b
0450f4
06a36c
09a9ad
0b64ad
0a21bf
0746c0
0603f1
070612
09493d
0bde4b
0cac90
0a08d3
0672be
06a99f
0a94c0
0cb907
0b52dd
0a9b50
0b432b
09c46b
07656e
0810ee
0acb91
0c67b8
0c1f51
0aded4
09e392
092b9b
088b6c
09db53
0cac4a
0ca276
099900
0832b0
096bd2
0b423e
0d1946
0d7cb5
0b290a
08a56a
08b46c
0abd36
0d2811
0eb070
0dec4a
0b1808
092c3f
0ac917
0e1696
0ef7c0
0da1eb
0d7a54
0dc91b
0be5fc
0a8f00
0d7741
11410c
110af6
0ea66a
0db35e
0d6514
0cd4fb
0d89ab
0f07ce
0fba37
10742e
10c730
0e6cb9
0bb705
0d2305
104aa3
0f8aa3
0c60ca
0ca9a9
0fd61f
0fc9f3
0be185
0a13d8
0c2737
0d49a6
0bbd32
0b19e0
0c282a
0b7847
08a462
0784fe
08c804
08caf4
07215c
06d40a
071dd8
058af1
0418d4
04932d
047ae9
028cae
00b7fc
001fbd
003fec
0017a3
ff3105
fe48f7
fd2408
fb2563
fa705f
fbb93e
fb57e4
f8b0be
f761e6
f7081d
f4fa83
f324e1
f4331a
f65007
f6665a
f40304
f0afec
edff07
ecfbeb
ee2e93
f067de
f12dee
efb771
ecf654
e9d22f
e86466
ea7920
ed630d
ed2b3f
ea64e1
e8052f
e714bf
e76a32
e90098
eabb73
ea9a62
e8d3d9
e795de
e6b69a
e53f49
e5ff80
e9f201
ebfa13
ea7cbf
e9cd25
e9c9a4
e7b17d
e69ca4
e92efc
ec040e
ecba1f
ec7969
ecb962
eeed36
f142bd
eeef17
ea1bbe
eab380
f0bbb9
f583ce
f6dae7
f59728
f22f69
f05c17
f3259d
f73935
f9912b
fb559f
fbede0
f9bf9b
f706fb
f6faee
fab6d8
009b87
0388f7
01509f
fed4a9
fe51c5
fd59f7
fe7f00
03e39e
073dff
05cd90
047f06
03cc19
027267
04109e
077247
07593e
06a404
08ddec
09428f
065e80
059d30
07e950
0a1a6e
0ae0b2
092bdf
066446
072a92
0a8ea5
0b7d94
0abf47
0a8111
08b1ea
06a40c
0803f8
0a4f9d
0af96c
0c04a8
0bec80
08cf06
07721e
097670
0a58ed
0a71d3
0bc8c5
0b0b9c
082c37
07e8cb
0a6db3
0cd7b2
0db353
0c0058
09afe8
096e8f
091128
084ec2
0b593a
101062
10459a
0cd63e
09b8e8
087774
0a7eed
0e6c55
0fc058
0e0c74
0c35fc
0b8b1d
0c7687
0e3f78
0f1643
0eefaa
0e3552
0d062c
0d3989
0e83ad
0d99cf
0bd9b8
0d655c
107b0f
10ef80
0eb1c8
0bec2c
0abf9c
0bdaaa
0d722d
0e6c34
0eaf89
0ce09c
0a445c
0a6f40
0bb6ee
0af146
0a76fe
0b1c94
09c211
07e5e3
084a07
081187
069059
07430b
083001
05b348
031677
036a43
03ffa7
03363b
02546f
01ba66
011205
ffce8d
fe0efd
fdb6fe
fe72f4
fd73fb
fbb7c5
fb96f6
fb06e2
f8ff83
f82291
f878ce
f820a8
f738ac
f5db40
f463be
f3faf8
f38f98
f27427
f2af22
f352a8
f1a283
ef5a12
ee8190
ee0a26
ee76c4
efda81
ef153b
ec3bd4
eb0531
eba772
ec0878
ec01b2
eb9b11
ea90f9
e9e723
ea13cd
ea104e
e99b60
e9ac04
ea9d98
eb8857
eb2149
e8ff51
e6eec1
e7ba3a
eab1a9
ec375a
ec7034
edaf44
edb076
eaf981
ea00c2
ebbea8
ebe6b2
eba42c
eee3d5
f303da
f43181
f33845
f13edf
eec19b
eddcdb
f0abe7
f65a76
fa6ce1
f9b60c
f711b1
f59064
f4ffe4
f79bd3
fd8c42
ff84f1
fc6ae3
fbdca8
fd0b63
fb4b59
fc4f1b
02dee8
067980
04223a
0120aa
ff8b6f
005abc
0458a7
07817d
07b034
0757b2
063354
048ea1
0618e8
091b99
094c15
08b372
08cd96
07d479
08694e
0b9847
0bf49a
097d83
0908ce
08fd34
07f103
09c6eb
0cd0e9
0c544b
0ad3c4
0ab871
09b77a
08d59a
09b15b
099af4
0901b7
0b0a15
0d546e
0c5bf4
099467
07b58e
0853d9
0ab8ce
0b6085
0a24d2
0a791c
0adf16
08b936
0821e5
0b7650
0dd418
0cbd67
0a4f8e
07c97d
072df9
0a262d
0d38e2
0d837d
0d3bb4
0cceb3
0aa9a8
095834
0b26b7
0d4926
0da347
0cfb32
0bbedc
0b3a51
0cf58e
0ef4a9
0ef035
0e0ab1
0d3a1c
0c54e6
0c60e2
0d7309
0e0a73
0df398
0dd160
0e1355
0ef99d
0ed140
0c7318
0b0596
0c61fd
0d9902
0da1b7
0da418
0c627e
0a6ba6
0aacfa
0b9545
0aca93
0aa953
0b6fb4
09e30b
072f83
06c660
07d305
0814c3
077247
06c2fb
063adf
04ba14
023c2a
018e8a
032513
0385a2
02109b
00fcba
ffc733
fddde0
fd06da
fd36db
fce877
fc50c1
fbaf50
fa88dc
f92fde
f81efa
f7af7a
f7c3a2
f6e330
f4e6f6
f3c3f9
f3736b
f30307
f390fe
f451e1
f298d3
efa34c
edea11
ecf173
ed378a
ef8cc8
f0fe94
ef76e1
ecc7bb
ea54e9
e9111b
ea59ed
ec663b
ec482c
ea828e
e90cd3
e92bfa
ead9c5
eb4f1c
e95500
e8ba1b
eab730
eae3ef
e84181
e6e3d0
e86566
eaee43
ecc88e
ed237e
ec4654
eb59ba
eaf128
eb3069
ec0952
ecb7fb
ed01fa
ee0555
f0294a
f1e126
f23ce0
f287bd
f31d50
f22a45
f02fe2
f030f5
f2d45e
f784d0
fd5635
fe7527
f73ea0
f110aa
f5244d
fd1438
ffd68a
ff2965
fe90a4
fd370d
fbb0dc
fc7c30
0013bc
03f955
04d636
02ef41
01a9dd
01c47e
026e80
04981e
06ef0b
06b737
05afa2
05d923
0595ff
059abd
07c571
091b55
07c276
0752ad
08dce8
093c06
0806b3
07062f
06b5b0
078965
094979
09e091
08ecce
088df8
093ce1
093e74
07c3f2
063006
066d6a
07c5ef
07dfd3
0825f0
0afb2f
0c0d71
076f99
036915
054da5
080150
08498b
09c65b
0b3e81
085e55
042bd5
042b49
085a78
0cedf3
0d7856
092aaa
04e974
0452c1
068a26
0a936d
0df521
0d247e
0a6370
096949
087ad8
07831d
09cf28
0d5a81
0df4c2
0c7013
0af57e
0a806a
0b7e71
0c933a
0d690c
0ea487
0dc8ad
0b33cc
0bd784
0db992
0c33c7
0c1340
1001bb
10b324
0cdff3
0ace30
0b06e6
0be268
0e3413
0f874d
0daa91
0b3159
09a73f
0962a7
0b90bf
0da4a6
0c9641
0a7cd7
08b0a3
068701
068410
091afc
09c865
07ef46
06e88d
0643a9
047a2c
033309
035314
034cf3
026822
01bbae
023290
025c7b
0030d8
fd3415
fc5ec8
fcea6c
fcbd47
fc6f0a
fc79e5
fbabef
f9f81f
f82ff9
f69c7c
f63788
f748ff
f79adc
f5f370
f42507
f3919e
f3ad3d
f35d1e
f1b9b5
eff39b
f082b3
f203e3
f14acb
efa3a5
ef0682
ede2bb
ec5d62
ecb512
ee28ab
ef518e
ef9703
ecd5fb
e87e28
e87b70
eccad5
efa9e6
ef666a
ed5eb2
ea7479
e9078c
ea1bab
ebd63b
edaf36
eedf1b
edc520
ed1412
eef3c5
ef8bd8
ee0cf1
ee322a
ee8abc
ed2a4c
ee345d
f25517
f509bd
f6231e
f6b33c
f43f91
eff0b0
eef6f1
f29a71
f86dc6
fd5127
fdc52c
f9e2a8
f612d1
f54b31
f80f48
fda14a
01e2c7
015af1
fe97d0
fc3b42
fa0a67
fbacf7
0399ad
095e85
05ed93
001cff
ff13d1
004ca8
0252d8
06be32
09f52d
08401c
049627
02add8
031d28
059bd2
08ae78
0a35db
093988
062024
043dfb
06b7c0
09a44c
0862f3
0683c5
070851
06ca65
064dfb
0891a4
0a21d9
080cbb
05d015
057950
061de6
075af2
076961
0639f9
075bb3
092985
06dd20
03ffd9
056dff
076d4b
072870
075ee2
07bac3
060ab2
046d54
0553d8
07e08e
09bbc3
0910f5
0717fb
064561
05bed0
05552b
07c7c2
0b26f2
0b1545
09b245
093255
0706b9
0589c0
094e82
0d999a
0cbb0a
0a40a6
09bd4d
09965a
09b6c3
0b632d
0d75c1
0e3cbf
0cf668
0adda5
0ae030
0c7ad1
0c78b4
0c0e70
0d825e
0e4c68
0d5024
0d0dc6
0cf4c8
0bdb37
0c1332
0d34ae
0c5a23
0b5a0d
0c6c26
0cdaa8
0b7f62
0ab2ef
0ac309
0addcc
0b00c5
0a1b3e
081511
0733a1
07f236
08b4eb
08b26e
07a9d3
061817
051b31
0441bb
0345fc
035cb9
038565
022b42
01637c
020a5f
015748
ff2757
fda736
fcb504
fc51aa
fd1835
fd49b0
fbc429
f9e524
f8849d
f809ac
f878e6
f80b85
f677bf
f5a1dc
f51bfe
f3fec1
f3ae0f
f3c629
f2a64d
f18c00
f12dd1
f04b8a
eff9a6
f11062
f0d721
ee2e68
ebebb2
ec0969
ed9e2a
ee9827
ee010f
ed0922
ec44ad
eaa79f
e96cfb
eb0a0a
edc6ac
ee1d3c
ec1b95
e9b266
e83ccc
e91d55
ec330e
ee9fa7
ee404e
ec5226
eb5e78
ec2876
ed4209
ed43fe
ecceb1
ed6093
eedb1e
efeb7f
f050e6
f10825
f273ed
f39d97
f33734
f11222
ef1707
f06ae5
f5eb76
fb8888
fbfdf3
f7a7f2
f3e764
f40d37
f76956
fbe15a
fe66c3
fd976e
fc54e1
fc4b82
fb6d09
fafb6a
fe4831
02722d
032adb
01c3ca
000b44
fe7d6d
ff9769
03627f
05f0fb
05a44e
037203
0127e0
023be4
062633
074165
051560
043a59
053135
066a05
076670
063a0a
03d4a2
0494d7
07100e
06efe4
0641cf
07b286
089e53
073731
04c4b7
031f67
047161
07ca20
090df6
084567
084851
07bf97
0566dd
0427aa
054ae3
074c05
096c02
0a2178
084220
0664cf
066307
06e0e9
0848db
0b1632
0bf1ea
098106
07033d
0677a2
07f7e8
0b23ca
0d7007
0d9af3
0d5dd2
0be5c1
08709c
07ab81
0b820c
0efd7c
0fc656
0f5d84
0dce61
0c43e0
0c9bcc
0d9fe8
0ec4db
107ae3
107007
0e9b75
0e7811
0f5cc3
0edfd3
0e981b
0f9226
10b326
1186d6
10737c
0d7956
0cf891
0f580a
0fc469
0e2f2a
0def88
0eb4b1
0ef62c
0e06c4
0bcb47
0abc12
0c0fa7
0c86c9
0b1a73
0a4bf2
0a04c0
096304
0934c7
088480
06a5d0
05d956
066c06
06384d
053153
040ed3
028364
015af1
01535d
01828c
013ffe
0042f7
fe5d07
fcda98
fc89b2
fbf951
fafeb3
fb1de6
fb4dc9
f9c167
f7ec0a
f75719
f6cd28
f5bfcc
f543da
f54924
f4daed
f3ec68
f2f493
f231eb
f165d4
f04fb8
effa6a
f115b7
f1b86e
f03aa3
edf737
ecccf6
ecfbcb
edc707
ee25e2
edc553
ed2024
ec42fe
ebbe7e
ec78a9
ed69df
ed89e3
ed51e7
ebcf6b
e9100f
e918c9
ecc1cb
ef6ab8
ef5938
ee53e7
ed01d4
ec9626
ed9c95
edf81e
ee149c
efb254
f03cf1
eebe2e
ef27a2
f22274
f4ff61
f6d013
f5ce8c
f1452a
ee22ff
f01682
f53a7c
fb4866
fef253
fc0cbe
f5b489
f36a2c
f602f0
fa2de1
fec282
01d5fb
009cc1
fc26ae
f871c0
f91762
ff0039
0589f7
067eae
0286c2
fedf30
fddc4b
ffe153
042a29
06825c
05411f
04554d
040f79
02086d
02866c
07bf84
09c645
05cffc
0370bf
04a83f
054d62
05e58e
0787d9
07ce7b
066a63
050b8a
04f797
0729d8
09330b
07e78f
058da5
04a57a
041b5d
04f549
07aba9
08eb20
090a4a
09d580
078c5f
025947
01b2da
0666ee
0a1e47
0aa1b8
09583d
078773
06892e
060c16
066cb3
09b125
0ca331
0a9ecf
07754d
0770c1
07f392
08faeb
0ced55
0fc45a
0dd464
0a46d2
081f13
088597
0c6c2a
108175
109d75
0e590d
0ca7c0
0c393b
0d9a4a
0f7ca0
0fea97
1047ae
10e0f4
0fb5b1
0ec21a
0ffef0
10374b
0f2142
105022
12373b
11a1d5
1023e8
0f75dd
0f9158
109981
10bd94
0f0bf6
0e7337
0f6fb4
0f63dd
0ece9e
0e9bd2
0d915b
0ca624
0ccd4f
0c2f7f
0b60ce
0be5ff
0b68eb
0941dc
085964
0878c4
07c8ac
076b3a
07ce2f
072dd0
04fe39
023f2d
00cf06
021736
03e40d
031021
00874c
fe92b6
fd3ff7
fc6cb1
fc7a78
fcc547
fc486e
faa98d
f8951c
f775f2
f797ef
f7bcec
f720da
f5e520
f45b60
f313d4
f260a2
f23b8c
f29223
f278de
f10874
ef7b7d
ef349c
ef425a
eea199
edf0c1
ed88bc
ed0ac8
ec9d15
ec711b
ec23ce
ebad12
ebd487
eca6ab
ecb748
eb992e
eae072
eae66d
ea6800
ea1b2b
eb6ed4
ed14f0
ed7263
ecfd7d
ec3ea2
ebf120
ed4260
eeddc7
ee9bc5
edea16
ee9f03
ef371f
eefa0d
eff39a
f2c9de
f5df26
f74c06
f5658f
f0dfe7
ee5119
f185db
f8a2d4
fe2d8d
fe6939
fa8adc
f6cac4
f5c235
f7c5bf
fca0d3
01c7cc
0318b8
009324
fd79af
fb609a
fc1ce3
015c00
073051
089e72
066272
0224c4
fdf262
ffdd47
07bb8d
0b9ad9
09034c
06e16c
05f6e3
0455ec
0599f1
0992d4
0b825b
0b21c5
08ddfe
051391
0549d7
0a3a3d
0c5109
0ada3c
0a5923
08e580
0670c1
07ddfc
0b5b67
0c4d6c
0b3b5e
08650a
0575d1
073d70
0b623c
0c542c
0c5211
0c7b41
095966
05ee00
06641e
086b67
0ba3a3
0fb579
0eb54d
090ec7
06a2f0
0871ec
0b3808
0e8515
0fb716
0cfd8b
0a26d8
092732
09852e
0ce6ec
11712b
1284f4
10af59
0d9b61
09ce75
09c62a
0f247b
138306
138c43
11e15b
0f7405
0d69ae
0e897f
11c5ee
14063d
141cb1
11efc0
0fce16
10447a
1138e4
115240
130f2e
14cf3e
130db9
10bef0
10b999
10c1cd
10e36f
123a34
11f7a6
0fa138
0ec3b4
1006b6
114db8
10d9da
0e0429
0bb471
0c97f8
0d7357
0c2a29
0bd878
0c3fca
0ac326
09524b
08d124
071932
05f8e6
07225c
0744db
054573
0359c1
01d77d
0163fa
026b98
0219db
ffea3e
fe7c85
fd2d86
fb6409
fb6db5
fc0cf3
fac090
f9c49c
f9da6c
f7ff72
f52d14
f4b9b8
f5b4f7
f57f1f
f3ceb8
f21fb4
f1d7fe
f1f112
f09a98
ef53a1
efd013
f01998
eeed61
edde0f
ed38dd
ec271b
eb5258
eb5e81
ebd7a4
ec7e1b
ecba56
eb6684
e958fd
e94b7b
eb3015
ebcd38
ea7b04
e9af8f
e9f4c0
ea6437
eb49e1
ebc04f
eab7b4
ea5a78
ebf3e2
ed4bcf
edb03d
ee1238
edeb30
edbf99
ee64d1
edec06
ec9c4a
ee766d
f36f3d
f72871
f7a515
f56faa
f1f1bb
ef831f
ef807b
f2f25e
fab5c5
020fbe
016a7d
f9baf1
f3405d
f30ffe
f93d66
01f762
065eb4
03dd0e
feb8d0
fa8298
f93ae4
fe31e7
074cbb
0c181c
096969
034187
fdad47
fcd4ea
02eedd
0a8020
0d5dea
0c0516
077d5f
014720
007e14
07743f
0d5ee6
0cbc7c
095c9e
067f6d
053bff
06b18e
08d0bd
09bec5
0afc84
0b2eed
07ac3c
04468f
05f277
0ab50f
0d1076
0a009d
048445
034997
06aef4
08ffdc
0a3456
0cc277
0c056e
05b635
0154f6
038ccf
083571
0b4231
0c17bd
0abd6a
07ad62
045cdb
040140
09298a
0f68f0
0f1b0b
08ac24
031fbb
02f165
08645f
0f6cc8
119248
0e6409
0b4dc9
097940
072e21
076b75
0cb030
122406
11b9ed
0ccef1
0a5ef2
0cf874
0f58bc
0ea96d
0ef1bb
10a5ff
0f5040
0c8759
0d63b9
10755f
11a4e9
10afa7
0f23e5
0e8ce9
0f2844
0ef624
0e1562
0f1408
10c451
10054d
0db0c2
0c3a4e
0c660c
0dac06
0df556
0c7d3d
0bdc29
0c48bd
0adec4
08c7f8
0927b2
0a3530
094c6b
07d70f
071dbc
060906
046d45
03fa2f
0555b2
063295
041485
0077a2
fec672
ff40de
ffeacf
ffb292
fe6868
fccdd7
fc5bc4
fca2cb
fb75c9
f8bcd1
f7096b
f7a5c7
f87483
f76385
f5f5ed
f5c5ea
f4f3d4
f2da2a
f274a8
f3c250
f2c298
ef9098
ee923e
f06809
f16472
f023f5
eed91d
ee8052
ed7f65
ebd6b5
ebdff1
ed58eb
ed72eb
ec2e05
ebb456
ec352f
ecb68d
ec983c
eb99be
ead836
eb6b8b
ec2cd3
ec2b2c
ebf740
ebce34
ec60ae
ee20e7
eee602
ee0665
ee4143
ef3f11
ee9fc9
ee8b0a
f0ba65
f19d36
efdcb8
ef9480
f36090
f8b0db
faaffe
f78d63
f284c9
ef4ab7
efffbd
f6ce71
00de43
057968
0151ac
f92e68
f2b22c
f37e4a
fd2400
0717e0
0974c1
05f6cb
ff61c5
f89515
f955f2
03439e
0d035a
0f81fe
0a746f
01244a
fbbfd8
000eca
09100d
0f57b5
10626b
0bc412
04ccfa
022132
05740c
0b2a0d
0fb01e
0fbf6e
0af451
065131
05b888
07fa21
0b5e46
0e93db
0ecefb
0b531d
078e05
06b57f
088687
0afc53
0c68d7
0bd2ef
097100
073098
0710b5
091603
0bc3dd
0d2fec
0ba109
07852a
042432
0480bc
088327
0d252f
0e8868
0b1681
05c77e
03d851
07475c
0c81fc
0e66e1
0b86ed
06c165
043e92
0656e7
0b99c1
0fe815
1026e5
0c59de
076048
05538d
07dc2f
0c6a65
0fb861
103e50
0da47f
0a1689
09778b
0bfc47
0e50b5
0ef987
0e5daf
0cc31c
0beab9
0d4fa3
0ebf3c
0e2fcb
0d79af
0e16d1
0e89df
0db283
0c5877
0bdf9b
0d0b2f
0e84db
0e3db2
0cd05a
0bdb9d
0afe75
0a2101
0a83c3
0baa73
0bcb1b
0a9ce1
08da64
075c72
06f4b3
075f3b
07f215
08464d
070060
03d534
01c504
028942
03b9b1
038db4
02c14c
017d1f
ff51b6
fd195d
fc64b0
fd9104
fec6e2
fdff58
fbc3c8
f9b78a
f81251
f6eb73
f708ad
f83a56
f9020a
f7e238
f5062a
f27c09
f1aa33
f204e1
f2b81a
f30d6c
f25ac5
f1019b
ef75aa
edc12f
ed3e07
eec290
f05197
efe1f8
ed7789
ea7871
e96237
eb1684
ed2a48
ede1cf
ed7d96
ebe477
ea10e5
e9f2de
eae15c
eb4d4e
eb8df7
ebfdfb
ec8b5c
ecc27e
eb4729
e99231
eb6d80
ef27a0
efaba4
ede08f
ede9b8
ef825d
efff0a
eef0cd
edfbf2
eeab3c
f0f5b2
f3e252
f6b7f4
f888bf
f81c84
f4ad84
ef8299
edbc4f
f3d456
fe1a28
03fd3f
01c841
fa7af6
f3d60f
f2d41c
f8d08f
0299b1
095534
070250
fe247b
f7cdaf
f918aa
009552
0901f7
0bacec
081bf4
03b1bf
ff66a5
fc84db
01ca06
0c156c
0eda0d
099480
047173
01b57a
02e4b5
086d55
0bd6ec
0ad48e
097f70
0704f2
034872
03add5
07d991
0b1624
0c2d2a
0997f9
048a0a
03b098
06a81e
076b72
07b6d3
0947c8
0738d3
031dab
03eb66
07e527
093e3f
07cbcd
05d186
04a55c
047c69
040a2b
040c29
06e5cb
0a2689
08f3ac
048476
0223ce
03f610
07fb93
0a5a27
0877c8
04dd57
043ae9
06278c
078558
09265b
0bc16a
0b770a
075407
04d722
070569
0a8dca
0c122a
0bc9e4
0b46b8
0abaf6
09bc4a
0a14cc
0d089e
0f17a0
0d3721
0a5de2
0a3b26
0c92fe
0f31fe
0f9dab
0dcb93
0d23b1
0e496e
0dc119
0b9e93
0bc16b
0e978c
106414
0ec123
0c3e9d
0cab76
0debe2
0bd01f
09ba84
0c3ab2
0edca9
0cc336
096781
08a76f
093836
0961c0
092f66
09313d
0977db
0873ed
057244
032200
036c89
0473ae
0471cc
03da74
03517f
02bae3
01315f
fe36fc
fc1835
fd42fc
ff61dc
feb6d3
fc13e3
fa4819
f9728c
f8c43e
f8a288
f91d73
f8f7db
f71412
f456dd
f318d7
f39f91
f3efb5
f3bb58
f3cb56
f30dfb
f114ca
ef895c
ef12b3
ef926c
f0dcf9
f0a25f
edf0cd
ec6ab0
ed5be9
ed4a45
ec5c8a
ee0d87
f08b26
ef2244
eae02f
e90f29
eb7b50
eecc08
ef8d1f
ede766
ec027d
eb7259
ec96b6
ee877d
f0118c
f0de33
f0762b
eedc0e
ee267a
ef9696
f164dd
f23e44
f28406
f23161
f23d17
f4f105
f946c3
fad5dd
f7fd98
f347ea
f00965
f1fa1f
fac8eb
041254
04cfe8
fe2f15
f7d815
f4f621
f771c6
0025ae
077c76
0725ee
03516a
fe925f
f981f5
fc3a42
07211a
0cc0e4
09d596
061271
01dd9a
fe8820
024fad
090e50
0b7e25
0b423e
08ae24
03feae
03fd2f
083e80
09c0b4
0a2170
0ae280
07c727
046ca6
05f111
07e5c2
08b5d5
0af64b
0acb52
06fdc7
058b47
06e6f2
076626
075456
06d4c8
05ea9e
065f70
06beb7
05cca1
072417
0a3989
095eec
04d1c9
018cf4
018252
045456
08571e
0a79d0
095cc4
05faac
02ca1b
035021
072705
090929
0730af
054660
054ae0
068969
084ffd
091d24
08887b
08c3dd
096dc4
07c47a
061332
0869af
0ba300
0ae495
08aa2b
093168
0b623b
0c8396
0c2f28
0b4dff
0ae850
0b0e44
0b19ff
0b88e1
0c9b32
0d30e8
0d59be
0dd58a
0da42e
0c4ee8
0b1729
0a98ca
0b80ab
0e2941
0f9c88
0d6111
0a6223
09d9ee
0aa373
0b2075
0ba922
0c2e66
0b7fa7
093e0a
073f45
074fed
082a56
08144e
08273c
08bbc5
07a1d3
04cf4f
02a305
01f0da
027678
03ac11
03c4ab
025940
01492e
0079d4
fe3ea4
fbffda
fc3987
fdd14b
fe1463
fc6091
f9ccff
f82108
f86255
f910dc
f877e6
f79528
f6fbb1
f50f99
f2a837
f2c3ff
f444c8
f3dc88
f256c0
f1c8d6
f16ef1
f0a108
f012ac
efaf42
ef527f
eef984
edc7b5
ec89d0
ed7320
ef081e
ee2572
ec5d7a
ecc7ed
eddd81
ecfb39
eb7b36
ebbfae
ed27a7
edaf48
ecf8d9
ec32bb
ec567a
ed447f
edf6ff
ee0de9
eed88c
f0c321
f136ba
eef936
ed5370
ee7d40
f041ab
f15a3e
f32f18
f56fa5
f6676d
f646cb
f5cd07
f4ae4e
f2f693
f20150
f43299
fa9ab1
015510
020e54
fbe215
f50ee1
f44ced
fa3c1a
013d87
044f0c
03e2aa
016e3e
fccb9a
f986a3
fcddf5
04b4b4
0a238f
0a11a7
0516a0
feb1bb
fd7fff
02d222
07e299
094822
094388
071203
02ba32
026a9a
0784c5
0acda3
09521a
071dff
05e328
04b07b
0418bb
0516be
081f8e
0b9425
0af3cb
05edc8
02e93e
049d8d
06b331
068aae
05986e
0558d5
062473
067866
053c60
0579df
084591
083fc1
03d1c6
010ec1
02601c
046ee0
066606
08c113
0922ce
064fd8
02f18f
02463a
04c5c4
07916b
07c478
063c89
05b7a0
06a698
077677
076c73
07b45d
08fac9
09410f
078cea
06e784
08f2ff
0a9620
0a1a56
09f934
0b69b7
0c0c5a
0a77f9
0954ea
0b6d78
0e5723
0e0d31
0beb3d
0b7620
0c3515
0cd6aa
0df465
0f1d55
0f5bf2
0ec0a6
0cdab1
0ac09d
0bbe5c
0f419b
10fbcf
0ff93f
0e11cc
0c0ac9
0ae343
0b6b4d
0cade0
0e0a67
0ec6ae
0d0b98
09ff58
091332
09fa02
0a6d9b
0a7e58
0a0ed0
0887cf
075713
071df7
068d11
05a9c1
04f28e
043046
0460a4
054b92
03deb6
001533
fe08fb
ff3830
011644
00da6a
fde8b9
fb16e5
fb4295
fc4a85
fb5508
fa1dc1
f9d7cb
f856bd
f5c4ef
f4e39d
f5dc64
f6c070
f663df
f4b4ba
f2ec23
f22dd4
f1cf9b
f129a7
f0d13e
f0c64e
f07aa8
efd20d
eee01e
ee65ac
eeeff8
eed814
ed7638
ed5684
eea6a8
ee1e0e
ec30e7
ec64db
ee29ed
ee6fcc
ed0cc4
ebec57
ec59bd
edf6d7
ef2a06
efaed0
f0980a
f11819
ef7c3e
ecc411
ebfd6d
eefb14
f370de
f4c1b9
f3887f
f4cef1
f79e23
f6aea0
f2bdbb
efeac0
f043dc
f5a02e
fd93e4
00a734
fe1cf3
fad1f7
f676e0
f3038b
f83863
02c55e
065413
0214b8
fd26ae
f9c0c2
fa321f
008af9
070097
0872bc
06cef9
02ad57
fd0f3d
fd3694
04c45a
0a5a1f
091c03
05fce2
04653d
035a22
03389c
05b5b1
0a1afc
0c3c2c
08d21f
031cb9
0104ee
032814
06b836
09e8a9
0ac85d
090eb5
07398a
054ce7
02a08d
02f62a
06ae98
078da8
0526f2
0559ea
0773c3
06e616
053892
058fb1
067024
052744
021f51
013476
04ee3e
0941f4
08ec3c
057f91
038e88
042b46
05b39c
064fef
05f546
063bba
065547
04ba9d
049703
087840
0bdfc1
0a4e00
061042
043f21
06befc
0a137a
0a2575
09494a
0afe84
0bd723
0966f0
088d9f
0b57ec
0d6358
0cb080
0b475a
0b0736
0c7b57
0d90b6
0c7865
0c315b
0eb9e4
1002aa
0dd7c7
0be46f
0c94cf
0e1cf4
0e1525
0cd2fe
0d7f3a
101b40
0f7713
0b406e
0a4533
0da847
0f1285
0ca6c5
0a3993
09bc27
0a68d8
0b4253
0bb093
0ba603
0a58c6
070eba
04603c
0581aa
08918a
08ea25
05c9c2
02c1a2
028fb5
039556
02e725
013927
00d084
008e28
fe86b1
fcab33
fd47de
fe25e2
fc4260
f95dc7
f90b11
fa6a61
f9ef90
f78e6a
f5cd67
f4ecc8
f3e728
f39fd6
f4ce6c
f560db
f36d5a
f07049
ef2b5e
efe340
f09d94
efbe61
edf121
ed7363
ee988a
eed894
ed2eac
ebba97
eb99d5
eba488
eb5279
eb7bd0
ecdbed
ee50bc
ed490a
ea1e0f
e859a1
e92e22
eb7a94
ee86bf
ef9c3a
ecf47b
eae84d
ec763d
ee7783
efbaf2
f08f4a
ee47f5
eb2da9
ed4029
f1ab3f
f3638d
f58670
f8cce5
f7b9ff
f267f8
edf14b
ed3d54
f2899e
fca96a
03ad75
01e6a9
fa0c61
f29c79
f187dd
f83bc4
0128b7
0617e7
058f0a
00a54b
fa5db9
f7b90b
fb90d2
03fcf1
0b8312
0c4aeb
05a18a
fd8e77
fb20e4
0059a8
088fe8
0c8d1c
0a4163
05dcdb
0330a9
031406
054463
08947f
0b3baf
0b50f3
077da4
0289b8
01f243
05d406
0988c4
0b0133
0a5bdb
07dbc5
05c5c1
057da3
055158
04eb8f
057b7e
0636d1
0680e3
0727d7
07c1ef
0777b9
06904d
05802f
04a6aa
03b822
027fba
036d37
07bee6
0abaf5
084807
03b734
024439
04b070
07db70
08736c
06b7a8
058360
056190
053888
05f0bf
08b581
0be13f
0bf703
081295
04cbc5
0611b5
08fc4d
0a7b20
0c0e63
0cfbdd
0b1867
094797
0a41a1
0c22d9
0d93d2
0e0ddf
0cc409
0bc614
0c71be
0ccee4
0d82ca
0fea49
10b9b6
0ebf82
0d691c
0d3408
0d316e
0ebbe2
108246
0fe845
0e9184
0e20fa
0da144
0d767f
0e43cc
0ec93a
0e4a4a
0ccc05
0b2433
0b6f2e
0cfc35
0cb416
0b5639
0adae7
098b8e
077ad4
07b269
0921b3
08c9df
07608d
05d6bf
03f2be
034b40
041406
039f96
01e59f
01111b
009cef
ff4750
fdf71d
fd7819
fd3fb0
fc6d7b
fab8fe
f94fbf
f91a7d
f8eb80
f7fe00
f6ec0a
f563bc
f378a7
f2f93a
f3e0e6
f4145f
f2f9c9
f135c8
ef7d1b
eecbea
ee9c42
eda1e3
ed3df4
eea3f8
ef2b54
ecfff2
ea7dfa
e9c8fd
ea462a
eacb8a
eb01c7
eb7025
ec5640
ec0f02
e99a2b
e78557
e809da
e9566c
e9db45
eb4abd
ede07d
ee6273
eb9c15
e90d5c
e9ff18
ece0f5
eddb69
ecc76d
ecef06
eef86a
f05068
f0b90b
f2c5a9
f63412
f5fd9f
ef650c
e98a49
ee05e4
f948fe
ff7105
fe4716
fabbac
f5bc7c
f1c03d
f435a5
fb9aaf
02a662
06511d
01fb13
f78844
f4b9fe
fd8341
053384
071205
0898af
06f4c3
ff47a3
fab4ac
ff3c12
071a63
0c0b39
0b6223
05ba8e
01e4f5
0463ce
079707
07d1e2
09d8cf
0d029a
09c609
020be9
006e44
07054f
0d1889
0caedf
099e9b
096cd9
0949d0
04cafc
01cc4d
066fdd
0bcf1e
0a6bd1
065373
04f873
068ae8
097aca
0a3e59
0784c2
05d2b4
05ca86
034acd
01c80f
06cb39
0c8f06
0af3c9
050c05
0315c8
063338
083cfc
066ec9
057d8f
07502e
070f0c
03f612
03d706
090967
0e5b86
0d20c0
062964
022da1
04bbcf
07d2a1
08cb83
0aba6f
0cd66a
0c7783
0a10d5
070bdc
06b4b8
0b196c
0e3f96
0b7fad
090a4c
0b3103
0cafaa
0b3292
0b3b35
0dc74d
0e8113
0be35b
09f1db
0b6759
0d166d
0c8eb4
0c8955
0da18c
0cb294
0ab026
0ab928
0bc12a
0c8b7f
0d43d8
0b8e93
07b98a
0794ed
0b2b11
0b82dd
08954b
085019
096d74
0742ef
048181
0594ba
07db7c
06b70d
0321f3
0153f1
02650f
03a1db
02edee
00ce9a
fee352
fe87f9
ff1630
fe0f9e
fb9638
fabf1f
fb7cc5
faeb16
f93abd
f877e4
f84fa8
f74c8d
f56780
f3f93a
f3c32d
f3a49e
f2f7e3
f2c382
f28a20
f0efa1
ef4521
eef8c4
eefe6b
ee7ddf
ed91d4
ec5866
eb8bb1
eb80ce
ebdd6d
ecd7f2
ed8d7c
ec4423
e9c036
e7e11c
e79661
e97ccf
ebd9aa
ebde93
eaf909
eb3662
ea7928
e857e1
e82d5e
eafbe0
ee95dc
f001b5
ed7717
e9e9d3
e9adac
ebc58a
edb8c0
f033bf
f343bc
f547e9
f51869
f215a9
ee0af3
ecb0d0
ef7852
f61d90
fe357c
0085ba
fa1c32
f397de
f42abd
f87ce0
fc4654
ff5b87
0152cf
01530b
fecabb
fab379
facd46
026909
09aa90
092ede
05816f
0373c7
00f14f
ff9721
03da49
0a7d55
0d81c4
0c2ecf
086042
0585ba
06d826
09a8fc
0acb80
0c4465
0cf8a9
095ad9
05dc58
07b305
0bc6a3
0e9d81
0f5a5e
0cbe77
09b4d4
0975d5
087bb0
063836
0865b6
0d73c5
0dfe62
0a546e
086a10
0a3a20
0c2c94
0a5f74
070914
06c643
07be4d
06f702
07b657
0b60ea
0ccd27
0960c1
055e66
058f8f
08f9ff
0a8160
0899f2
065acf
056d55
05e802
07e741
09cebc
0b091a
0c33c0
0a590e
0529ca
0398ba
07550d
09f38e
0a0ae1
0abdab
0b67b8
0aa248
091ad6
082667
099d54
0c470e
0c3d90
0a6213
09e9ff
0a0ec2
0a91dc
0c9b6d
0dcf12
0ce1c1
0c2b67
0b877e
0a65e3
0b3d36
0d1402
0c9e2d
0c0390
0d7b02
0d6b7a
0a95ad
0954f3
0b5b91
0d6194
0ca382
0a3d9e
0994bf
0aeafe
0a9156
089ad4
08eeeb
09dc3f
0791ef
05cca3
07ecf7
08f7ea
066672
04900c
04490d
0306ab
024169
036255
03a826
01a666
ff7ec0
fe77c5
fd9f40
fcd723
fda140
ff34a2
fdd4e6
f94d61
f64522
f69df7
f7981b
f7a208
f762ad
f6cf99
f5212a
f2b089
f13851
f16356
f17d29
f091fb
efc358
ef563c
ee5b26
eccc35
ebb310
ec4f8d
edd2fc
ed03bc
e9ce8e
e8680c
e9d9d4
eaad35
e97120
e86254
e95ad5
ea5eb3
e86e8a
e630a9
e82c43
eb396e
ea1c4d
e76d7e
e7883a
e97fdb
ead73c
eaead4
eb1131
ec14aa
eb41cd
e85ec8
e91b2c
ee543b
f21499
f29f36
f1c57e
ef975e
ed8267
eccd27
edaf21
f399a1
fc9feb
fd8413
f5b622
f20e54
f50030
f704d8
f8e008
fddba5
0162ae
ff6a38
fa5d22
f7a226
fbbf60
03fb94
07ad43
056bd0
0341c6
01ee48
ff441c
ff22b5
045438
0a1a1c
0bbe93
0946a7
059d15
0545cc
0875fa
09aff7
08b921
0a5323
0b8407
079214
047f7f
084d35
0e09ad
0f5d11
0c88ac
096c3c
08ddc1
08def6
06cf87
0691db
0ae0b0
0d9533
0ad18a
07dcc1
08b61d
0abd05
0aa8e4
08a7d7
074023
071027
05e22e
047188
06a82d
0b8ced
0cfce9
08def4
0453d9
04711f
0735f6
077993
055dbc
04d6ff
067123
078f73
0735b3
07260a
08a447
093855
069997
040bc1
04c7f8
066001
06b6e3
075a2e
09047f
0a8ae7
0a10bc
06fe5a
055cb9
080ed0
0a2e27
086b50
0784ea
09a308
0abf8c
098401
08ca3e
0a7a68
0cb4e0
0b656f
07a299
0796ec
0adc7b
0ba73b
0ae5b6
0bfb04
0c18ad
09d020
08daf3
09e968
0a99d2
0ab6c6
0a85e2
09c489
095743
0961fd
091db6
0909c3
090f48
07f1ee
067329
060bad
0660f3
0737c5
080b91
06874f
030369
016b3f
024722
02a747
0265a1
02e36b
02e316
008523
fcac5b
fab286
fc5419
fe9127
fe5a81
fd03c8
fb4cc5
f7dac3
f4cf41
f52eba
f76e20
f8fac0
f8b7a8
f5cf3e
f23455
f0d8ef
f09b10
f04553
f19573
f3580e
f1af1e
ed5925
eb15bc
ecd31d
ef2681
ee42de
ebcb3d
eb3e98
eb5d88
ea2a54
e9b20b
eb22f1
ec3cce
eb661e
e9473f
e80654
e9420f
ead242
ea022a
e932a8
eb3408
ed1fa4
ebdc79
ea1da4
eaf45b
ec09db
eafe6c
eab91b
ed7dc6
f07ae1
f1d14b
f2a57d
f2242c
ef2a6d
ec3f86
ecde4f
f27ce5
fa5641
fd1c7e
f84bff
f325c1
f2cdb7
f51331
f961db
ffd24d
02ea48
fef429
f83b63
f55fe5
f9fa51
036dc6
097a6b
088377
053143
01d4b5
fd9265
fcd6f1
0319c8
0a9b0a
0d592c
0bda55
082fff
0554a7
06b3ab
09fe25
0aef30
0b3e82
0c6343
0ad6cd
0717a3
0735b1
0c9e03
11c196
1168f0
0ccac6
09ccc3
09e6d6
08ff42
07eb4d
0b6748
103ed9
0f80e6
0af7f0
0947eb
0b86a3
0d9240
0c5a76
09651f
07e37d
07d59d
07fa4f
09474e
0bc311
0cfd33
0bb65b
08e5ce
06b164
0705a7
083fa1
070ec1
05151c
0645e0
090c54
096c78
0885fb
094699
098f95
06634b
02d50c
034f4f
062a53
07a69b
07f6f1
087aac
089054
079e1d
064d50
05d6bf
06fb9c
084210
073028
04ae97
049b30
07e42b
0abf8c
0a8531
0936a0
088de9
06eee7
049f0a
051dc8
089e28
0afeda
0a3ad2
088dfa
0842a9
08b09a
085635
07f884
08665d
081c33
071165
077817
08b52b
089d84
07f10c
07e203
07d84f
075810
05f263
041737
045edd
06cdca
074a1d
05006c
03974b
040587
03ea39
027bf7
00f0de
00a286
01cc98
0229d8
ffaca1
fd11fa
fde707
ff8121
fde65c
fb7dc6
fb8470
fb839b
f94e4b
f750ff
f76713
f84905
f857aa
f76a85
f67bfa
f55fd8
f29d09
efb890
f02843
f308d2
f41bb4
f1b071
ee27b4
ed4d1d
eefcf3
eec15c
ec4e8b
ebca31
ec6f6c
eb3b43
ea38a0
eb0489
eb742e
eacece
e9e544
e96455
e9d88b
e928e2
e63821
e5bc49
e9b874
ec9ebc
eb7ce2
e966cc
e89ce3
e8e73d
e8e7a4
e7b60e
e78045
ea62ce
ee3cef
efed80
ee98cb
ebcce7
ea6289
eaf5e7
ec7d0a
efa503
f3229f
f33507
f1327c
f10119
f1c2c5
f26837
f4cafc
f8635d
fa3c6d
f893c4
f46d8e
f2c180
f71378
fd55af
008716
010d55
00217d
fdaa3d
fb2fe8
fb25e1
fe42b2
026ec9
04c7f7
055c6f
05a236
0552a9
04ab48
04a188
04e638
05f3a0
07ddab
08177b
06fd42
07cc98
0973c8
0a3752
0bf1be
0d3b7f
0ac9ec
079f1e
07bafd
09715e
0a9918
0b6de9
0bd528
0bce7a
0c3a84
0d14a9
0cdf8b
0aaf46
086d94
0844ad
08e7a9
094a16
0b2a1e
0d6e5e
0c8d96
09dd26
093067
09dc7d
09342b
07acee
0770a0
083749
07cafe
06f252
08a30b
0b7325
0b444c
087bd2
060a91
0499bc
0438c0
051ae5
069395
083f9b
0947c2
082c45
06360f
05e95e
066433
05cdee
04bdec
044a60
04dcec
065aee
075b2a
0717cf
06ecd6
0721ae
05fd04
03e725
03c664
05f033
072146
05fd25
051000
05b48b
066e48
06cfd2
072e99
068670
050e51
0438ae
03cbe4
040594
0605bd
07c95a
071213
05bc98
04fbb1
03a56c
02e12b
03f81a
04fa39
04db78
04936d
03f91b
02e35d
021115
01c88a
028be7
0404e7
03bd8a
012fbb
ff1713
fea769
fefda0
ffe37b
01044f
012815
ffa667
fd517c
fbcdf8
fb625a
fb3965
fbef5f
fd67b4
fd04c3
faae95
f912ee
f85565
f7e865
f8906c
f9170b
f833d5
f72800
f650f7
f592ea
f5a1ba
f5528f
f4688e
f4cefd
f4ed4e
f335b1
f2ce48
f39be9
f27f0b
f18c46
f2798a
f2df1b
f2a1f9
f19ee0
ef1e21
ef482b
f26c10
f24eb4
f09797
f1d7a8
f1916b
ef388b
f06225
f1907f
ef6633
f02567
f34f40
f2332a
f005e5
f17254
f30349
f2fc95
f2e70d
f233ee
f184d8
f20995
f2a575
f3e9e9
f6a480
f7bad7
f5c287
f3f782
f4333a
f55028
f668b3
f73515
f7c14f
f89860
f9a10b
f9e708
f96518
f95154
f9d4bb
fa0870
fa8c7b
fc03cb
fc81a6
fbb125
fc6b13
fe65f9
fe8f70
fdb3c8
fe379b
ff1116
fefb3e
fece77
fef81e
ff6658
006b27
0178d9
01d8ba
01f88a
01f79d
014e48
00a4f3
01060f
01e762
02a485
036f98
039603
02b769
0293de
037f48
038ff6
032a4d
039be1
038d57
02aee2
02c4d2
0398d5
046a96
056e27
0529fc
034c56
02a6bc
038b79
03ce17
03cf47
046a43
04da9e
04e49d
0441c5
032028
039889
056c20
057eb2
0400e0
03855c
040305
046ef4
04bd45
04f647
0546d4
05832e
053534
04df09
04b9b9
0464ff
04a9b3
05820d
0594d3
05c099
06e137
06d4c5
058df7
0596f3
06328f
058386
051782
063f74
07b75b
085aa5
07c3eb
066f85
06085d
06b1cb
06cedb
06b57c
07b005
089565
080886
071889
06c0a1
06c3aa
075c83
0860f7
0870eb
07527c
0634b9
05e387
06d7b2
084f2c
081082
067bad
063955
068f72
0580d7
04caf1
05da4e
06b91f
063a74
04eaa0
038b62
0375a8
048468
04a249
03d1b9
035982
028c1f
013c7b
00e669
01af48
026fb8
02403d
00c372
ff161b
fea62e
fedb5d
feb1ad
fe7cad
fea0ec
feb408
fde66d
fc34a1
fb2a58
fb8c51
fc1615
fc0d51
fba2aa
facf34
fa3b52
fa111c
f940c8
f889cc
f93408
f9d9a0
f98d4f
f908a7
f7d725
f67b37
f6ca03
f7b7a7
f7f450
f8a0df
f8bea3
f6dd15
f59681
f6200b
f61f7a
f5ed4a
f73659
f85fb3
f7e556
f69e75
f59b7f
f5ac95
f6a21d
f71ce1
f72bfc
f7887b
f75757
f67e67
f6815c
f7845e
f85d1a
f88c10
f825e2
f7a395
f79898
f7dd7f
f821a1
f8a470
f98b30
fa4f69
fa27b5
f927c8
f8a86b
f981dd
fac95e
fb361d
faada6
fa5865
fb096e
fbbfb6
fb8a3e
fb923b
fc5fa2
fc99b4
fc54f1
fcbb8e
fd2fa3
fceadb
fca0b6
fcbe5f
fd542a
fe71e1
ff3642
fedd4d
fdf3ba
fd36fd
fd3fc8
fe67d2
ffb7dc
ffe776
ff3a4f
fead16
fea560
fed3ba
fed1b4
ff0bb6
ffdb92
0043aa
ffbb21
ff3539
fefc1d
fecb2d
ff369e
002d84
006810
ff924d
fea1f6
fea6f9
ffd1b8
00c67f
004f70
ff68f2
ff267a
fee582
fe99a3
ff3a86
005c2a
00c232
00622f
ffc6a3
ff446d
ff3a41
ff973d
ffc568
ffd56c
0057c5
00c6ab
0064ed
001b41
00b7fc
011487
0087de
005188
00dbb1
0141fe
017aee
01d3ba
01f8a0
01def3
01b353
01a4f9
0244fa
035c18
03a938
032172
02b727
0277eb
027894
035d7a
04d052
05a798
0522e9
03ba8f
033c70
04594f
05191e
04a8ed
04b8fe
0583be
05d1c6
05e634
05ddd0
05040b
046826
051c08
05bd09
05913d
05c9ce
065328
05f143
04d1fe
042efe
049437
0568cf
059d5c
05361f
04fe95
04bd8a
03ca6c
02d701
03124e
044c26
050b0e
043a88
0283b4
016a64
01721b
02209a
02cb16
02a305
019af9
00ae56
003f0d
fff0a3
fffa33
0058b1
001c21
ff2f12
fea948
fec1ee
febda8
fe5b1e
fdcd72
fd54a3
fd2721
fd1235
fcc0c5
fc860f
fca94c
fc98fa
fc15f5
fba83a
fb4c8f
fad7ba
fb1052
fbebcf
fbd638
fa6d34
f94877
f9985d
faf76e
fbe851
fb4c8e
fa1d4e
f9c61a
f9a3d6
f94214
f9d90c
fb00c9
faf3a0
fa3c44
fa3763
fa657e
fa55f8
fa9ae8
fb0070
fae86a
fa71d1
fa1ecf
fa610c
fb2aff
fbfa5a
fc94c1
fcaf27
fbcdb8
faaccf
fac185
fbf943
fd1ed4
fd7f7a
fd1310
fc84a7
fcb330
fd6d54
fde110
fdefd5
fddc7e
fdce02
fddbb2
fddc2f
fde81a
fea7c0
ffc775
ffdce4
fed13a
fe122e
fe4942
ff1197
ffeeb4
00599e
fff8d8
ff4709
fed371
fea2ed
fef5b2
002ba6
015393
00cbc7
ff030d
fe23a3
fecba7
ff9265
ffbddb
ffbcba
ffb28a
ff77d1
ff1449
fe97b5
fe5b6e
fecc47
ff79a3
ff7b1f
fe9d26
fd8192
fd43f7
fe4f88
ff4089
feb85a
fd9877
fd5596
fdc287
fdf8eb
fda853
fd2fdc
fd421b
fdcc3d
fdd750
fd3269
fcba51
fcf3c0
fd95d5
fdef4c
fdaa88
fd4b68
fd1d95
fce418
fd2154
fe10a1
fe6c2c
fdb9de
fd2fa8
fd62d1
fe237d
ff379f
ff7509
fe4b0a
fd813e
fe29b9
fef3fd
ff23dc
ff7b25
002034
006ac8
fffc88
ff370a
ff234d
0013f7
00f953
012e73
011be7
00d80d
006dd6
009702
01660e
01e5e1
01e1a5
01e978
01ca70
01296b
00b4b0
014078
026adb
02ff04
026833
017d80
0131bb
01350f
0131af
01ac14
023b60
01dd1d
012526
00d84b
006aec
0026e4
00f91d
01dc44
013479
ff6dc2
fe2c5e
fe890c
fff31a
0098ca
fffa00
ff3bbd
fe9566
fd818e
fc9bfd
fcb915
fdbc43
febaeb
feae9e
fda76d
fc6503
fb532d
fb3494
fc04eb
fbf0b0
fb4022
fc4b98
fd4d62
fb64c9
f9762f
fa3ebe
fb0a5e
faa619
fb01a0
fb6ec1
fa863c
f9a9ad
f9cf6d
fa64ec
fafecd
faf56a
fa5620
fa64f8
fad668
fa6845
f9e7f4
fa6911
fb296a
fb90a2
fbcfba
fb94fc
fae563
fabc80
fba625
fcea78
fd57d9
fc8f9e
fb9586
fbba77
fd0794
fe51bb
fe9720
fe01f4
fdb566
fe6964
ff4091
fedfa9
fdee70
fe7e53
0078ee
017d43
00d4ea
001bb9
001d36
0079ad
01279a
0204f0
0277c5
023358
019241
01765d
024dbd
031a35
033a8f
038a42
03fbd9
0359ed
024aef
027729
038194
044356
04a144
0472d8
039bcf
02ffcc
0347d1
03ec14
042b6e
03fb4f
03f03f
041fec
03a374
029217
0293d5
03b411
03fc1e
031d78
02a5fd
02d56e
02cb8d
027af7
0253fe
025287
0208bf
01590c
012774
01dd0c
021ad0
0147c1
00d0f2
0102dd
00ba6b
005b17
00a5cd
00a2fa
fff3ad
ffa7e3
ffda62
fff488
001b9d
004ab7
00090a
ff6421
fedf4e
ff0be9
ffe317
002421
ff4081
feb6c2
ff73de
0049b0
003d2e
ff97c4
ff055c
ff2bf7
fff869
007565
003da4
ffdb9c
ffc113
00148c
008437
008243
007a05
00ff05
013ff5
00c2c0
006fd1
009543
00cf17
015011
01f20a
01ecb1
015799
00e43f
00f0df
017758
01f2ca
020828
0200fa
01a379
00b9e9
008bc9
01a0d4
023b54
019707
011d93
014d62
01260f
00826f
005bd4
00ee99
010101
ffed89
ff2ede
ffcf1b
007478
00260f
ffb52c
ff5c34
fe8cb3
fdb336
fd93c1
fe005d
fe64c5
fe79d5
fe3fb6
fd943a
fc7474
fbaf84
fbec2d
fc6b64
fc78f9
fc5c42
fbf938
fb180a
fa8cc5
fac1d5
faead3
facabf
facf9b
fab789
fa1891
f95fc4
f939f5
f9c588
fa71ae
fa7194
f992a2
f8c27c
f8f8b3
f9a911
f9bb7f
f96f44
f97667
f98e8b
f99eb2
f9d529
f994dd
f90e41
f99250
fa927e
fa7c07
fa0c67
fa5392
fa8ed5
fa7f9a
fabc25
faedb9
fb2840
fc0b5b
fc7c0e
fb65fe
fa7d24
fb9330
fd9808
fe69b4
fd991d
fc80f3
fc7740
fd3d82
fdea32
fe7b03
ff2874
ff6a87
fefe66
fe8b17
feb6ea
ff8071
005c9f
00c33e
00b5a5
0096b3
006984
001b98
004bba
018509
02d837
02b64c
0167c7
00e323
01be02
0277af
024c9b
023ee8
02b226
02bfac
024ea9
0268e7
032618
034de6
02756b
01e4bd
028359
0335eb
02dbbf
0256aa
02a8fa
0302eb
0289c0
01d68f
01bb68
023d2c
02bd93
0285b3
01d3e5
0191a1
01816b
01015c
00e687
01cc75
026322
01a049
004a61
ff9a8c
000de3
0109f0
01493e
00a210
00473e
007264
fff4dc
febea0
fe7ad2
ffd22b
0122eb
00f930
ffdde6
fed98d
fe448c
fe6a9e
ff3e74
fff598
00192b
ffcb50
ff41d7
ff012b
ff33ca
ff2cae
fefd56
ff4e28
ff9e4a
ff9f3e
001623
005af3
ff501d
fe7a75
ff4791
0054dc
0092dd
008c52
00354b
ff8c4e
ff78cd
00095e
0089a4
00c554
00ad35
006d5f
007ff1
007d5e
0005ef
001a17
010b4d
017b6c
00d9ab
0015c3
ffef95
006251
00ccb5
0098b1
0052ba
00b1ba
010dda
009014
ff9ca7
ff0b77
ff2ea6
ffbc8b
003261
0065bc
004619
ff8c32
fe8988
fe2382
fe6ad9
fea09d
fe85ae
fe5fed
fe51a7
fe3407
fdd195
fd5e5f
fd474b
fd6497
fd2457
fc7cc4
fbeb3f
fbe5e6
fc7229
fcdcf8
fc7dc6
fba188
faf218
faba05
fb0ae8
fb8664
fb8ba9
fb1689
fa8ebb
fa0315
f9a318
f9dc0a
fa8b12
fb2249
fb31b4
fa7e0e
f97114
f8edbb
f94306
f9f009
fa5e34
fa5fb6
fa559b
fa7d53
fa3d3f
f99049
f9ab26
faa081
fafe37
fa849c
fa4a37
fa8847
faca20
fb22f9
fbb814
fc279d
fbe4d2
fb11b6
faf1fe
fc47c1
fd933d
fd3bc2
fc2edc
fc29a8
fd29a7
fe3aeb
fed431
fec885
fe425b
fdc2f4
fdbf95
fe78f3
ffd7b0
010e28
012279
004d0e
ffbb8c
fff38f
007925
00fc03
01a337
02568d
02c039
02a470
0200d1
018418
023550
03b365
0446a5
03706c
029ef7
02f584
03ed8a
047800
046e2b
0464be
047198
041fe4
03b267
03edfe
04a223
04ffc8
04ed20
04b5b2
046aa9
043466
044972
0492aa
04c8d3
049440
03ed78
038601
040181
04d02e
04c44e
03c613
030f88
03575d
0396db
02fbad
02c31b
03d93c
047ab9
032f15
0192fb
017aac
0235d8
029e9b
02da61
02f30a
025b2a
0158b5
01011d
0180e5
01d25e
017efd
0141ac
01845d
01a917
015cee
010297
00cf82
00ac3d
00bbf2
01141a
016867
015ed8
00ec28
007428
005fb4
009e36
00f6d7
016671
01abae
015b46
0098fc
ffff2a
00077d
00d283
01d84c
02329e
01c7ef
011861
004a85
ffce97
0071d8
01b626
023616
01c8a1
0131a1
00af68
005cc3
008ff9
011c98
017755
015bcf
00e2fc
006eb1
005058
0080a1
00cef9
00d0ee
001d83
ff5765
ff862a
004110
0079e6
001e1a
ff6315
fe74d7
fe2063
fe9857
fee59a
fec7e4
feb48f
fe55e1
fd8539
fd0ca4
fd2f4f
fd6474
fd3254
fc7063
fbce5a
fc3483
fccf0a
fc3af4
fb3d00
fb1ec6
fb331d
facc80
faa456
faf8b5
faef43
fa2b64
f95ef1
f96775
fa1637
fa491b
f9b539
f95d91
f9860a
f946cf
f88bfd
f86239
f914fe
f9a98e
f96b88
f8e3da
f8cbc6
f8ee92
f8da52
f8b79c
f8d3cc
f93e99
f9cb60
f9ec2c
f9526f
f8b668
f8dca9
f98806
fa5010
fafec7
fb133f
fa613a
f9bc46
f9f477
facf72
fb752c
fb82a2
fb8ae4
fc36d0
fd0e64
fcf023
fbd986
fb41c2
fc3a45
fddbe5
fe8528
fe2648
fe016d
fe7627
feab70
fe4f00
fe36d7
ff0167
ffe7a5
ffe8b9
ffaa63
0054d6
012636
00d310
001a8a
00343c
00b557
0109c0
0194f8
024430
0263ba
01f231
018c67
018103
019f84
01d368
025314
02fbc5
031f0d
02a660
0234d3
0201b6
01f1ba
0247c0
02e76c
031808
02b44f
024d0a
0217f6
01efad
02042e
0286fa
03013d
02c1b9
01df5c
0134bd
0137b3
01adcd
023fb9
027b25
020026
015834
015188
01a07e
0162ad
00aeff
008ac7
01642d
023d1a
01dd45
00ae7b
0035a5
00dfae
019326
01524c
007c61
005e01
014cd7
01da73
0121ad
006253
00b536
01647f
01a010
019008
014b18
00ba23
006e56
012a03
0284db
02eec6
01bd40
00815b
00c9c4
01ecd6
0277e2
023ce6
01e998
02098c
028183
0267fa
017310
0103b3
022476
039328
037e97
021a07
01319a
019ddd
0253d1
02509f
021800
025708
0293b8
0232eb
018943
014462
018f1a
01d993
018856
00ee31
00d6cf
012f41
015771
0130b8
00c2c7
ffecf0
ff2150
ff3b23
001d4f
009d6f
0009de
fefcf4
fe6c5e
fe596f
fe2525
fdf2f2
fe6552
fef9e2
fe63c9
fcda5d
fc1ee8
fcbdd4
fd66b2
fd477d
fcd7ae
fc6ee4
fbfb60
fbb273
fbbc14
fbe34b
fbeb54
fbb725
fb6b94
fb5ad1
fb5691
fb094d
fadff9
fb38e5
fb6c91
fb012f
fa9290
fab00d
fb4054
fbc797
fb9572
faa820
fa1dfc
fac446
fbe1b1
fc372e
fb8e9d
fafda3
fb782f
fc5301
fc4f09
fbaa6f
fb8c60
fc2078
fcd117
fd44b7
fd51b8
fd044a
fcc28d
fce927
fd6a3b
fdec70
fe28df
fe4441
fe8900
fed1d4
fec5b5
fe7e25
fe8da1
ff5cdd
004be9
001be3
ff2212
ff5a99
00f8cb
01bd54
00d7d5
0007d0
00445b
00c549
012fb1
01ded9
029447
029445
01c867
010e84
0150c2
025c08
03194d
02f3d5
026020
0220b4
028411
032478
034c90
02de15
0288e0
02c756
033d7d
034a8a
02ce6e
026732
02cf44
03acc3
03cc7a
02f061
0232a6
0252e3
02ef5b
03694e
034571
027a2e
01f531
02820c
032d34
02c4f6
01fe3e
020a86
02789a
0269d4
022030
020eb0
020cb3
01f16a
01d186
01bb42
01b8a7
01d140
01ea48
01de97
019f59
015922
014a4a
0155ee
015515
019b33
0227b3
02194e
0125e5
006746
00aabf
0176e4
0223eb
026ff5
021a49
013f2c
008fb2
007f9f
0100ad
01ea44
02d1b1
02dc69
01c25b
00935d
0080e8
0140f3
01cc13
021619
0284cc
0287bc
01a1df
00bdfa
00d083
0174aa
01fea4
024264
020873
014c1d
00caaa
0117b2
01ad0a
01a63a
01020f
009a33
00dcae
0128aa
00e6b0
007feb
007a9d
0087c3
0021cc
ff890b
ff7b95
0016af
005f41
ff966f
fe8902
fe54eb
febd53
ff00b7
ff02a2
fec556
fe22ba
fd6705
fcfdf8
fcec1e
fd297b
fdac28
fdfaec
fd9327
fc8f0d
fb82e9
fb18fc
fb7edb
fc2a15
fc7b45
fc5fa5
fbeab0
fb2c3f
fa8cd3
fa79dd
fac0e4
fb0028
fb2922
fb2cc9
fae310
fa557c
f9d0f0
f9cbbd
fa7188
fb12c2
fae9ec
fa5a36
fa2d08
fa2a7d
f9d53a
f9a700
fa4758
fb43e3
fb80b0
fab0e8
f9da1e
fa1292
fae1ce
fb15ae
facf46
fb0444
fb8410
fb7c04
fb3d1a
fb800d
fbd860
fba2e7
fb752a
fc1e55
fd1683
fd3520
fc70fd
fbdfd5
fc4a55
fd589d
fe1ea0
fe13fa
fda3e2
fda648
fe38df
fe8b64
fe273a
fdd8f0
fe9ab1
000535
00a5e7
ffe04c
febc19
fe9bc2
ffb857
0110cc
0190ef
01071e
00453c
003e8d
010571
01c351
01c57c
016dd6
01a68f
026850
029f65
01fe35
01a1ef
0238dc
02e93c
02e5fd
029ecb
02b57e
030ece
0347c0
034aca
0338bb
030391
0296f8
026e84
032d02
043dec
043cc9
033b58
02b179
02f86d
03177f
02e88b
031e78
03929f
0390fc
0323c4
02cc3b
02b0f8
02c55a
0300ae
033af7
032070
028ef0
0202ac
02287c
02df65
03493a
02f8ab
02574a
01e72e
01daaf
022398
0289d2
02b8b9
028630
02203f
01e702
01f294
01f05f
01e53c
024868
02eaaf
02d53b
01e157
012344
015247
01fa8d
029108
030231
030d71
025a13
01658e
012e62
01d2d5
027738
02a47a
02aca8
02b719
0270ea
01dc07
01866b
01c500
025631
02cb70
02d10b
024c99
019c1b
017c4c
020438
025fd4
021410
01b48e
01ceba
02081a
01d28b
015385
011ed9
015086
016cbb
01210b
00d740
00f67c
0126ed
00e35d
005097
ffefae
fffa89
003e56
005287
ffe345
ff2dd7
fef087
ff7273
ffdebf
ff4309
fe1890
fdcf93
feb9a8
ff66f7
fea9a4
fd442b
fcc87c
fd6df1
fe0994
fde3cd
fd75bd
fd5395
fd39c4
fcaf9d
fc08fa
fc0e09
fca63a
fce6d7
fc90ac
fc475f
fc3d05
fc12b9
fbdde4
fbec79
fbef5b
fb9ce7
fb75e1
fbd728
fc2fe0
fbf7fd
fb9b28
fb9b20
fbb680
fb979a
fb88cc
fbcf6f
fc28c9
fc47f7
fc1ce0
fbb4f3
fb5da8
fb802e
fc22b3
fcd895
fd3f40
fd2b55
fcac9a
fc0e9d
fbba7f
fc0cc4
fd0c2c
fe2b47
fe8f00
fdf407
fd0fbe
fcd809
fd932a
fe9988
ff03bd
fe8269
fdc3fb
fde600
ff0dd9
000c73
00187c
ffbd1c
ff7ede
ff2f53
ff176e
ffc084
00abc4
010558
00ffc4
0118be
011971
00bd2d
007409
00e698
01ea60
02701a
01f09b
01496f
0165a8
01fb60
025751
025edd
02532f
025b9e
026d7e
02690a
025f7a
026168
022f03
01e142
024023
035a17
03cab5
02c337
018380
01745c
022541
0272ad
02531b
026c53
02cadd
02c829
01fe97
011c45
012ee9
020942
026ccd
01f17e
01694d
0160d7
0196fb
01bbe8
01b5d3
0177c9
010f35
00b796
00c116
014029
01c08d
01b63a
0129c4
00a0b5
008314
00c219
00f6db
00e26e
00e2b8
015485
01c3ad
016785
004ea0
ff9b4b
0036a8
019229
02307d
018f4f
009d61
0060da
00d0d3
012b50
010d83
00eb46
012c3a
01653d
013022
00d793
00c006
00eb63
013740
0160a6
0124b0
00bf5d
00aa8c
00d5a6
00dc5e
00c299
00d041
00e075
009339
004352
00875a
00c467
0017cc
ff5971
ffccdd
009eac
005103
ff6717
ff3947
ff9d2e
ff922b
fef408
fe7ba2
fea9f8
ff1de8
ff23c1
fea89c
fe226a
fde3ed
fde9b1
fdec0d
fd9d17
fd4377
fd7745
fdf5cc
fdd620
fd05b3
fc497f
fc0af2
fc532e
fd110e
fd9129
fcfa95
fbca21
fb48de
fba7cc
fc13a9
fc2b54
fc357e
fc5ec0
fc495b
fb7fa4
fa95c6
fad824
fc1a18
fca1ee
fbde99
fb16e7
fb2898
fbb036
fc01b3
fbd1a1
fb6d57
fb5cc1
fba011
fbeaa4
fc2f6d
fc37c2
fbd50c
fba3d3
fc1802
fc70e5
fc1cf3
fbf531
fcc15f
fdacd7
fd59ad
fc0f5e
fb8f3e
fc86c2
fdca79
fe629f
fe6277
fdddb5
fd0115
fcc153
fd9df4
fec6ff
ff4f0d
ff2b07
feb9d8
fe48f0
fe2dc6
feaadd
ff9fc9
0071be
00a0e0
0031fa
ff7caf
fefafd
ff471a
007b35
01a79d
01d73e
013527
00a44b
009ba4
00edc2
0150af
01b4a0
0202bf
01f880
01a71e
0194bc
01fcfe
027e91
02b6ee
02944c
022921
01c485
01d730
025950
02df67
03354e
0337cb
02a34e
01e1d0
01e345
02a461
03385e
032e27
02a291
01e371
01cdcd
02bcda
0374b4
02fea4
022828
01dbb3
020a27
02802e
02e4d6
02b34f
0220e2
01cfef
01ddf6
02360f
02aff2
02cb3f
02752c
0216f4
01bb1f
017382
01cbb1
02a1ad
030c28
02c421
023329
01b370
019d69
021519
029f8f
02beaa
0293c4
02753a
027c56
027549
0238ee
021923
028349
03220f
032a1a
0290d3
0228bb
027474
0304eb
032e56
02e6d4
028fe8
0259b2
025f60
02ce00
035a52
033af1
027439
022006
029b49
02d6bb
025632
021738
0287b6
02bd03
0243f2
01bbc6
019efa
01dd30
0233e7
023755
01bd0f
011666
009b3c
009212
011e70
01a1d1
015faa
00a617
001874
ffbacd
ff9c4c
0004a7
006dec
001828
ff599d
fef9f7
fef134
fed82b
fed95e
ff3286
ff542f
fe992f
fd90a9
fd5650
fde6cd
fe4fb1
fe41ee
fe2a5e
fe0b8e
fd7491
fc9c9f
fc7145
fd2142
fdb639
fd909f
fd22ec
fcdf3d
fcc875
fcc0fc
fc9db2
fc66a9
fc8aa7
fcfd02
fcfc3e
fc7451
fc3afe
fc8fca
fcd139
fcb366
fc93e5
fca127
fc8dd5
fc4530
fc4443
fcb91d
fd0e69
fcf078
fcc248
fcbda4
fcb4bf
fcb752
fcf669
fd456d
fd4201
fcdd54
fc934d
fcfa99
fde564
fe6bb5
fe08f0
fd3917
fcc47e
fcef0f
fd978f
fea34b
ff8aa5
ff378a
fda822
fcb0ad
fd8a12
ff1a92
ffda9a
ffaf28
ff2b3d
feabea
fe6dd8
fea8ff
ff5db6
002132
0056e2
fff81f
ff9d7f
ff877f
ff961a
fff16b
00a535
011745
00d290
0026a9
ffae48
ffe446
00d602
01c40a
01be26
00e451
003df8
003727
0085f7
011baf
01cee8
01c347
00cce2
0037b1
00c7bd
016ef4
013487
00c736
010e5b
016e3a
00d85f
fff559
005f69
019db2
01a374
005e49
ffc089
006b4f
012811
011ace
007e78
fff1c7
ffedd9
003dd0
0058f1
00505d
008621
00c413
00898e
ffcfa4
ff2c54
ff40fb
000136
00c64e
010ade
009e96
ffb44d
ff0e8c
ff39a4
ffc815
004a5e
00dd80
011478
002cfd
fef5b1
ff161c
0055cd
00e891
0059d3
fff3d8
003f38
006500
001780
001100
007606
0092fc
00395c
00057c
003324
006e12
00910b
00b3a7
009b49
0011aa
ffa66c
000e1b
00e496
012196
0073e7
ff87fd
ff4ad4
ffed60
00a3d3
00bf58
0077d2
00126e
ff7459
ff0309
ff4e13
fff7ae
003d23
000c68
ffac47
ff3d26
fee09c
fec027
ff037e
ff9155
ffc310
ff2127
fe3efe
fe0597
fe97df
ff4d2c
ff53cc
fe8a41
fdd208
fdd4b3
fe0b6c
fdfed6
fe37c3
fedf97
fef29b
fdee65
fcf1eb
fd0727
fda366
fdefcc
fe15a0
fe3eb4
fdf9ad
fd54ef
fd0bd9
fd5cd0
fdcd49
fdd079
fd5994
fd0106
fd3b7f
fd9a30
fdb3c3
fdd488
fdee7e
fd770c
fccfab
fce805
fd8e21
fddacb
fdb777
fd9e27
fda672
fdb088
fdc8e0
fde6f2
fddba1
fdb6d9
fdb635
fdcc5e
fde2a9
fe1fac
fe7cd3
feaa81
feae7b
feab01
fe7911
fe2f65
fe4d21
fecddb
ff24ad
ff37d9
ff684a
ffc77b
fffdb6
ffc0ac
ff3ba0
ff0c55
ff9823
0070a0
00e5e1
00e7b6
00bbb9
006c27
002535
00822b
01853d
0225d4
01bbc7
00f05a
00c6ce
01639e
021f56
0268dc
026adc
02744d
023643
019f7e
019cfa
029dad
038044
034521
02677e
01ef0f
023730
02d0e1
031672
030508
030ea4
032a12
02f25b
027bb8
0221bc
021fd4
0281c9
030bae
036749
0356f8
02b517
01cf0a
018327
0206cd
027559
02503e
021d18
0245a3
028116
02564e
01a89c
0108fd
011816
019222
01c0bb
01a59d
01a04b
019b4a
015a85
00fe18
00d2cd
00ea72
011159
0117ef
011727
011d36
00dec8
005c6b
004ac6
0102fb
01ae29
0160aa
007130
ffe011
fffedb
006602
00db03
0163da
01968d
00df5e
ffbc37
ff8653
007972
0148db
0116bd
008264
00504c
007399
0084f8
005d42
002c64
0042f9
009593
00c95b
00ac8c
004029
ffc3bb
ffbddd
002249
002e80
ffd2d0
ffc5b6
001834
00506a
00418a
ffb6ca
fece33
fe90ed
ff50d9
ffcf4d
ff788d
ff2dc4
ff43fa
ff1abe
fea7c1
fe7e49
fea4cf
fe9a91
fe4616
fe2090
fe5f23
fe8b9b
fe5821
fe1671
fdf2ba
fdab33
fd4296
fd33e5
fdb9df
fe576e
fe4343
fd5fbe
fc83d1
fc7865
fd0ffa
fd8fc8
fd946b
fd52f8
fd2623
fd07a6
fcc53c
fc99e1
fcd486
fd0b38
fcbfc4
fc7188
fcc566
fd4cee
fd62b5
fd299a
fcebbf
fc987d
fc4760
fc35c8
fc7dda
fd3726
fe149c
fe1c50
fd0b03
fc2887
fc79ac
fd4c5f
fd9163
fd4a94
fd23c2
fd80d4
fdfe8d
fdec88
fd84db
fda148
fe1c60
fe0d34
fd8baf
fd8664
fe31b8
fee5e3
ff255e
fef832
fe9f0b
fe455a
fe2590
fe96a6
ff8197
00276b
fff7bc
ff3ce9
fed5ed
ff4927
001eda
00720c
003274
00145d
003f34
004bc5
003ebb
008927
0115f5
014ddd
00f423
008634
008bb3
00f6aa
01766b
01cbda
01bb6d
014b3f
00f390
0102e3
015ad9
01ce51
0217a4
01cd5f
013277
01116c
0181a5
01e4ae
01e9e3
0193e1
010315
00ca78
0155c4
0200d8
01efb2
0158b5
00f504
00eb7b
00fd52
00e9de
009d04
008386
01200c
01e6d5
01a35e
006367
ff8b0e
ffe5f6
00bfb5
00feed
0074ca
ffe59a
000865
00a816
01035f
00c45d
002ab7
ff8923
ff1f40
ff529d
005c25
016404
0119f4
ffc94e
ff3ca0
fff1ab
007c2e
0025df
ffc26e
ffe145
0045d1
009c82
008d8a
001336
ffcf25
001626
00653e
0071fc
007883
0072a5
0035f1
ffff1d
001857
00716c
00b3fc
008630
00075c
ffdc66
0045b0
00bb16
00b892
00411b
ffb404
ff8aab
ffdfba
002791
00148a
000b13
00325a
001c4a
ffab0e
ff3dd6
ff0ea6
ff1d90
ff57f8
ff8c5b
ff958a
ff5bed
fecd2d
fe5dba
feb5e8
ff52e5
ff04fe
fe0836
fdb2cd
fe38c0
fe943a
fe547d
fe1581
fe4410
fe5aeb
fdb625
fce02a
fcfd53
fdef27
fe718a
fdebae
fd140b
fcce5f
fd311e
fd9c5c
fd9211
fd4081
fd0886
fcfc23
fd1899
fd5c43
fd83c4
fd5825
fcf557
fcb60f
fd01b8
fdafe9
fdce30
fd1866
fcb5b2
fd4ee6
fdf258
fdd54e
fd64c0
fd32db
fd5a34
fdbf6c
fe10ba
fe129f
fe0eeb
fe38e2
fe2d98
fdce21
fdcb08
fe9a3c
ff60c4
ff062a
fe1837
fe2e2f
ff5e86
000f7d
ff8ff8
fef543
ff1baf
ff91d3
ffc7c6
fffe31
00859a
00e7b6
0097a9
0010c1
004107
00edbc
012140
00f04b
013f51
0200d5
024ff6
01e839
01671d
015e75
01d9ce
0288c7
030a9b
031500
02aec4
025dde
028d27
02f7ef
033f89
0378f5
03a48e
0381bb
032e91
02fdf9
030dea
03869c
044716
046337
038ebb
030d48
03a75a
04200b
037558
02bed0
034882
0454b7
0452e6
035d3d
02e331
033a55
035465
02e99d
02e041
035e94
0384cf
030479
0253dd
01d2a2
01d8c0
02aa1b
0393c0
035a7f
01f794
00de15
0114fa
01daa6
01f27f
0194e0
01bfbb
022ea6
01cc9e
00c6ae
0063d4
00ed00
01725d
015a4b
00ed6b
008a58
004e28
00651b
00f692
018d5d
015a24
005e41
ff9fa2
ffb8a4
00361f
009f93
00f8be
010f8d
009a04
ffe9d5
ff9dd6
ffe533
008527
00ec95
008c0d
ffca99
ff9d5d
fff31c
0012a7
002dfb
008f2b
006dcf
ff9cf3
ff60f2
fffb26
00080a
ff49ae
ff295e
fff93d
0052f3
ff9601
fee167
ff276c
ffaf38
ff56fb
fe77d9
fe48c5
fef08f
ff7c79
ff5cb2
feccf4
fe38b2
fddb0c
fdc4b8
fdf6fd
fe5884
fe8bc7
fe4c73
fde58a
fdaf55
fd66df
fce692
fcc53b
fd5ae4
fdff72
fde41c
fd140a
fc5822
fc4c73
fcc4a7
fd28b2
fd2241
fcb17e
fc1667
fbe03f
fc560f
fcedd1
fcef44
fc5d28
fbc751
fba988
fc09a3
fc7d9a
fc9bde
fc4cf0
fbcee6
fbab4b
fc1323
fc59b3
fc13d2
fbf382
fc4bad
fc5b36
fc097a
fc1664
fc45d1
fbf4a2
fbbb28
fc5270
fd1640
fd17a5
fc6875
fbdb00
fc1453
fcae83
fcc87b
fc9e70
fd0d02
fda593
fd6ef0
fcccb2
fc9eac
fcd5bf
fd3d08
fded07
fe6a16
fe1f17
fd767d
fd559c
fddd67
fe88c3
feee79
fed9a8
fe5f81
fe1afc
fea7f1
ff7cc8
ff8f0a
ff29e2
ff6700
fff142
ffc075
ff57d9
ffd62f
00af55
009f2b
fffb48
000b48
00cf5c
01320a
00fb5e
00f1ec
0138aa
01409d
01240f
0150bb
017520
014b2d
0165d4
020960
028d55
025910
0193ac
01040f
016e1b
026059
029b2c
022d89
022d72
024a56
01a400
013167
021d30
032a0b
02c0bf
01acb3
017ac0
01ed58
01e4c2
016445
016b93
025b3b
033c7e
02d77e
01617f
00631a
00ab05
016e9b
01e0b8
0241aa
0293cb
02291d
012687
008d02
00ad2e
012acf
01d92a
0240e1
01c299
00e36c
00b211
0122ba
018a2e
01b66a
01a4b3
0153e5
01171a
011313
00fc3b
00e75f
014084
01e558
022179
019c0a
00d1d2
00a7ec
013859
019598
014acc
0119de
016b9e
01a28a
01765d
015939
015fc3
01322c
00eec3
00ed4f
011376
0125e5
013803
015d54
016bc1
0144f4
00f070
006e1d
000b50
00597d
0129e6
01702f
00cfc0
003c43
00641b
0099e3
0021ae
ff6b74
ff70b2
0052f3
010ef6
00a3dd
ff7ed7
fee67f
ff34a4
ff97b5
ffa14e
ff96e4
ff8023
ff2c4c
feeb35
ff0650
ff1904
fee47c
fee65d
ff3f47
ff27a7
fe537c
fdb836
fe13e8
fedc35
ff3397
ff00b8
fea549
fe5057
fe01bf
fdd670
fde6a3
fe1414
fe4484
fe8b98
fed5c7
fed412
fe64d9
fdc352
fd6800
fda2ee
fe3954
fe9f39
feb243
fe92cd
fe30f7
fdda47
fe386c
fed9db
fe9005
fdb258
fdbd8b
fec04b
ff6785
ff1376
fe3f26
fdbff9
fe2fdd
ff35e9
ffb81b
ff595b
fec465
fe8579
fea2c4
fefa9e
ff5223
ff8791
ffb15c
ffcf46
ffd186
ffc897
ff9bae
ff4789
ff7480
006534
00ea9d
0040cd
ffb554
007084
015011
01069a
006310
008b80
00fc3f
01042e
011fb3
019290
01a0e6
012927
011430
01a70a
021ff5
021f03
01fc76
01e5d7
01b7c2
018af0
01b0be
023a41
02ae35
029250
023999
024d22
02aa90
029406
01eb3a
016eb8
01cb74
02cfcf
03799d
02ff00
01e41b
0179d5
022465
02da8e
02aee4
020538
01cbcd
0220e7
024fcb
01ebcb
019330
021d64
030d2e
02d98b
016938
00a587
017eeb
025a6f
01ebfd
014967
01acf4
0266f2
0250f8
019715
012ceb
014cd5
015da6
012578
01503c
020c59
0260b2
01d6ba
0144b4
0135a0
014ede
016479
017f4a
016d27
015503
01b0a0
0230ca
0210a7
0159be
00d36f
00eba1
0166cc
01d4e4
0206cf
01f441
018c95
00fa0f
00c165
01224c
01b7bc
01f173
019585
00f10e
00c1df
013878
0168b3
00cf31
0065f3
00f0c7
0185f4
011c21
003fb8
00171a
008492
008065
fff0fd
ffdc84
00747f
008ba9
ffbfc1
ff2fa3
ff573b
ff7158
ff3f98
ff5354
ff957c
ff5661
fe9735
fe186d
fe4f78
fed6ee
fee260
fe4f20
fdd849
fdf841
fe3907
fe1282
fdaf16
fd6dba
fd68bc
fd87ef
fda32c
fd8475
fd3685
fd1fe3
fd6294
fd716a
fcec5b
fc7840
fccb8a
fd5fed
fd4357
fcb75e
fca159
fd0367
fd2ab9
fcf4d0
fcce67
fce540
fcf9b7
fccc1e
fc9a71
fcd559
fd554a
fd7072
fd303f
fd4150
fd8d5a
fd4d61
fcb2b7
fcbd66
fd830a
fe1bb3
fe2393
fe0282
fdece0
fdb038
fd6550
fd9da5
fe7b8f
ff2f13
ff0039
fe5ff2
fe0f57
fe0efa
fe5a52
ff51d0
008019
009278
ff622a
fe6433
fe8e69
ff59cc
0004aa
008d20
012a6b
01799f
00ce4a
ff9a25
ff5d1c
006fe1
016bf7
019108
01bafb
022a51
01e754
00f15d
00897e
011f03
01ffba
02bd12
0328d6
02d74a
01eae8
0153ef
019154
024b2e
030400
034141
02cc79
026bbb
02dce0
0338a6
0274de
01a5c9
024520
03846e
03c004
030380
0257eb
023f2e
02b016
03316e
030f03
027c19
0266b6
02cd87
02db6c
0286a7
027454
02ab50
02b392
0279d0
026535
02ac2d
02de0c
026d0f
01ce3e
01f990
02a7ee
02cad3
0275ce
026f99
029216
027844
025a95
02334f
01d406
01e6d4
02ce6e
036c73
02e7c6
023300
02378a
027f13
02769f
02607a
028d71
02e1e9
032487
030f93
029c33
025728
02bdd0
035b07
035ca6
02cf14
026584
027ad5
02ef94
037f76
03bd88
035c94
02a8ac
02495d
028cd6
033fab
03bfdd
0365ab
02644c
01e5da
028be6
037756
0378ef
02ad85
021ce1
023f03
02888f
025e22
01e9ff
01c21c
020b4b
0253af
023d6b
01d1ea
015162
010ed8
013003
01625c
0132e5
00bf6e
006f84
0057e9
0085e1
00f927
011c2c
005866
ff2e6a
fea7d6
ff192f
fffd5f
007493
ffecd8
fee2d5
fe62ec
fe9982
fee425
fee8d4
feb31f
fe6a20
fe53c3
fe79fb
fe6652
fde3cc
fd82d0
fdd18e
fe724a
fe7fa7
fdc9c0
fd3950
fd7d51
fdfbe1
fde26e
fd6e60
fd5c09
fdb078
fde65c
fdcb23
fda691
fdae5d
fdb938
fd99e2
fd8800
fdc736
fe1b17
fe1848
fdeba3
fe0d4e
fe4375
fe080e
fdd4f2
fe7071
ff2c98
feddeb
fe2b52
fe7c17
ff3e34
ff0c9c
fe7782
fef07c
fffc36
00242b
ff981a
ff8933
ffec7a
ffdf9a
ff7cac
ffacd2
00a44c
017f63
015538
00763c
002d2c
00d241
014c54
012006
013035
01bb7c
01eb55
01a9da
01a919
01df1e
01cfa8
01a940
01e54c
02720f
02cf7f
02a072
021ad9
01d8b0
021d3e
028c18
02b24c
029b2f
029ef0
02cc7d
02b9a6
0242da
020593
026de1
02e845
02beea
0231c9
02109d
028693
02da8a
0286fc
01feb7
01da90
01f356
02047c
023b0a
027f41
02430a
019567
013a7a
018bc1
020948
022053
01c903
016c70
01503c
015dca
017234
017770
013d14
00f698
015ac2
022177
01dfdd
00991e
00234b
00f266
018d15
018974
018d7d
014a36
00a309
00c8fb
01a9b5
018cac
0087a5
008251
0194a6
01f034
012d41
00af5f
0130f7
01cfae
01a241
0106c1
00c9ad
00ec90
012cce
01a9f3
021999
01cc7b
010cc1
00ddb2
014b18
0182f7
014419
010ac2
0131c6
0194e9
01c6c2
017f7e
00f35c
00b21a
010f99
01a848
01a96b
00dc8d
0013f7
002c61
00f60a
019060
0196e3
01467c
00ad70
ffc363
ff37c3
ffe604
013323
016267
0022ee
ff369d
ffc7c2
00c385
00b023
ffb310
fedae9
fec83e
ff6cd3
0018b3
000ac1
ff83ea
ff55c4
ff60a0
ff0679
fe930d
fe9944
feeb44
ff4822
ff9de5
ff7cb5
fe9cef
fdbd7a
fde44e
ff0410
ffdfaa
ff73aa
fe4c36
fdbac1
fe148d
fecf6f
ff6a92
ff5858
fe7f6e
fdef18
fe5dc8
fef056
feeb35
fedc2c
ff2157
ff3894
fedbac
fe6c63
fe7589
ff22b4
ffdd4a
ffd56f
ff2330
fea712
fedac2
ff7c6d
001912
006b58
004682
ff9a36
fee133
ff0239
00329e
0153af
01342c
002a07
ffb34b
008591
016a72
00f5c8
ffe3da
001fda
0199b2
025e6e
01b147
00cd8a
00af71
0132ef
01f5b5
027fdf
0235b1
0158fc
0118cb
01ca55
027570
027e2c
024566
022579
023def
029c23
02d090
025790
01a786
01b7dc
029ce7
037264
036dcc
02a44d
01f48d
021960
02d1f9
0326fd
02979f
01e71d
023590
032263
0348d1
0298e9
0247f3
02841c
0287cc
02468c
024764
028770
02aac5
028151
023854
02337d
02676b
0269c6
023e3d
023c9a
024d0c
0244b3
0230cc
01efb8
01a690
0201d3
02c9fa
02b995
01c9c1
017acb
022a89
0287da
020378
018f59
01c77c
022ab9
025267
026057
0256cc
020dfb
01c10a
01c8d8
020c8f
022dd1
021cab
02175e
023770
02557c
025384
0229c6
01eaf6
01e5a1
023851
0265b9
021cfa
01d8f8
01fe4f
02439d
027a5b
029eca
0262e8
01aa79
010dfb
014333
024db3
0331c7
02da06
01a210
00f8aa
01369d
019106
01d1ae
022a23
02343a
01b734
012673
00c697
009a4b
00f50b
01d9d2
025182
019c15
006b13
ffe475
001b97
007e2d
00f46a
016d8d
01480c
005f89
ff9be0
ffad21
00183c
001426
ffcd7f
000d5b
00a06d
00678a
ff647f
fee997
ff42b5
ff8c28
ff9231
ffad90
ffacd2
ff6b57
ff36bd
ff27e9
ff2217
ff1674
feeafe
fee2a3
ff5747
ffbac2
ff4470
fe7ea4
fe8ff4
ff5896
ffa49e
ff068d
fe7a34
fed572
ff76b7
ff7152
ff06c4
feec77
ff2c80
ff5e26
ff4811
ff205e
ff5591
ffac8f
ff78f3
ff042e
ff3c69
ffe174
fff02b
ff868c
ff903b
fffe2d
fffab9
ff9912
ffd55b
0087a1
0071a1
ffacb7
ff8775
002e61
00c4a3
01022d
00f898
00a07f
004612
002657
003dcb
00bb34
0163e2
01717b
010d43
01080c
013139
01017e
00d2e0
010976
017a68
01ca45
019eaa
011f80
010705
017070
01b2b1
01b90b
01ddef
01e3b0
017a72
010ca8
0138df
01d1fe
01fbfd
0189f9
016e8a
02070d
0261e5
01d3c1
00e5ad
008a0d
01353f
023d79
0262c4
01b16a
014892
015867
0157ee
015070
015245
014188
01550d
016b0c
012e51
011b77
0184e5
01a35a
012ed2
00cb36
00b20b
00cad4
0114b4
013315
010982
011f20
015004
01036f
009a4c
00afbf
00df99
00c97c
00b95a
00c457
00bee4
00e575
01521b
01709a
00dc5e
0038f2
00434e
00ade6
00e44d
00f23f
01117b
0139d6
0154bf
011cc4
0081d0
00277d
0074d1
00f9a8
018af1
0205fc
018472
002784
ffc678
00e9af
01deab
01aab1
012728
0106b0
01045e
00d3b2
00c598
0121b0
016ff5
014eb2
012d97
013ef9
012257
0105aa
012432
0103ce
00cb87
0127e8
018ce2
0137f2
00c82e
00c5ff
00d8d2
0103c9
014d57
012c7e
00c010
00b4a8
00da39
00b781
008928
0096ae
00c9fc
00e88b
00b5ff
00683f
008064
00c4db
0095d0
001af9
fff3b7
003261
0076d6
0065ad
001a75
002d78
00ac1d
00bea5
0004a9
ff4aa4
ff45c9
ffcc9c
005495
008d58
006fe1
002315
ffe22c
ffcc01
ffc952
ffa179
ff8103
ffdcca
0085bf
00a91c
0011fb
ffa4ab
ffeabd
003413
ffeb58
ffbdf3
003f00
00b4e8
007600
001f1e
004432
00738e
004b1f
003058
0080fc
00f5fa
010c9e
00b997
0079bc
00965c
00d826
010b9d
013b29
0154c1
0133d7
00fa57
00f3c6
014eb0
01c620
01cc9b
016f67
015bac
01a925
01cd61
01ac44
01a612
01ddae
022765
022f3b
01e4f7
01d7a9
02451a
026772
01fd52
01e7e9
024a57
024439
01f2e3
022ab0
02bcc3
02f1e4
02a4dc
020d52
01a2ce
01d256
023ae5
025c82
029748
031491
030545
021c64
013e0b
015388
0244d1
03015f
029821
01a9e9
019402
023d5a
027b13
0222f4
01d683
01b742
019764
018136
019fb4
01f171
0218e9
01cc86
0172fc
018594
01c15a
01a288
01293a
00ce02
0118cb
01dd6e
022469
01926e
00e495
00ad04
00fd37
01af79
01f22c
012fd9
0074cc
00e1f7
01ac5f
01a2d6
011033
00d49e
012f95
01b8f3
01bff6
011d04
00986e
00ddc0
018ff1
01f941
01d5be
015dc0
0102d3
011b88
019156
01df15
01bdf1
0194b2
01ca65
01f6fa
01b0b1
015fe4
017834
01d3f7
02272e
024144
021fb7
02119c
020a42
01b862
0196e9
022084
027ff0
0218d3
01bf2e
020b32
0281cd
029d82
022951
0188b4
01a8e8
02550c
0257cd
01d8a1
01d64a
021009
0200a4
02064f
022075
01d31a
0160ad
015e7a
01bc2c
01eccb
0189c0
010299
01242e
01b0d2
01c6f8
01599c
00e231
00848f
006a94
00b7a7
013313
01686f
00e8f1
0007a3
ffe23a
007eea
009f2b
003519
002801
00484b
002e33
001944
ffd016
ff52b4
ff8a3d
004c82
007964
000c3e
ff860d
ff13ca
ff3153
ffbfe2
ffd81e
ffbf1a
000311
ffdb95
ff3106
ff2dcb
ffc9da
000ea6
ffdc2e
ff7eeb
ff7924
000224
000d00
ff4de4
ff60fa
007159
00d6ad
007934
000cd1
ff54d1
ff0d02
000c43
010568
0123f4
0132d3
00c753
ff8176
ff3505
009450
01b2b7
0173cd
0095e1
00218a
00c08d
019c3f
013128
003b09
0079f5
01718b
01b4f7
0136f7
00af25
00c2c2
0157ab
016e2f
010cda
013b7b
016ef5
00cc0b
008776
014000
01a6f3
017105
016060
012199
0081a5
005015
00c0d9
015242
01b81c
01936a
00c72b
0001af
fff6e6
00b70c
019968
018878
007b8e
ffba24
fffb20
00c06d
014a08
00f8ee
000543
ffa4d2
003056
00a750
00a5c1
0072e5
0016bf
fff146
003a53
003f81
ffe1eb
00000b
0088b6
00aa6b
005121
ffd0d4
ff6edd
ff9d9c
005db5
00f79e
00d5aa
001988
ff9c89
fff256
007135
006f6a
005616
004bcf
002eeb
00910e
0122b4
00bfaa
00254f
008633
00d934
00853e
00a85f
01010f
00d3c4
01004f
0176e8
012157
00dc21
016c28
0172bc
00db00
0110c2
019415
016cef
015e5b
01b8a5
01e52c
01fdaf
01f89a
0174a7
010995
015133
01eb11
0273b5
027909
01b001
0146cb
020f09
027dc1
01c101
01846a
024e6a
026bae
018117
012797
01f22f
02bbb3
028f5b
01c579
015d9b
019dc2
01d4ac
01a999
01b373
023146
025894
01a452
00f0bd
0128c3
01c1e3
01d87d
01b66c
01cf72
01af2c
013adf
0102d8
010591
010cc4
0183a8
022a20
01df64
00df6b
008536
00e60f
0151ce
01bf8d
01d3e3
011399
00822d
010876
018c2b
015466
01462d
018ba6
0179c1
013f01
011bc9
00f556
014f6f
0201e0
01d330
012dbb
017ecd
0200c4
0182e6
012af2
01c2d9
021907
01d468
01e3e0
0237f6
022617
01d181
01a549
01ce44
02409e
029150
028338
026736
025f85
022e45
01f27a
020e2c
02715f
02c0f7
02e50d
02e187
027a60
01c815
01b460
02a5f5
036472
02ecc0
020ffc
01fd8f
0298d3
02e288
024880
0197f4
021d77
033857
02fe21
01a3c6
011fda
01f475
02f8ca
030a7d
01dedc
00c63c
0154bb
027352
021184
011a1b
0180ef
0270b0
0240dd
015cb1
00bb44
007f4d
00c4eb
017850
01f09d
01e07b
0180f0
00d340
0007f1
ffe654
00b76b
018fe8
019d7c
012c81
00ba06
003479
ffc318
fff088
00a5c1
0142ab
016a90
0111da
0050f2
ff978d
ff7417
000607
00edda
017a8d
012d68
005054
ffb8ae
ffc1a5
002f5a
00b4e9
00f76b
00b855
0070fa
008ab6
007290
fff437
001120
00e6ec
012368
009dc6
008d31
00ea93
00ab3c
000811
000ab2
00c296
016574
015cf6
00bb08
00384d
0071ad
00f508
00fb43
00c60b
00efaf
010d37
00a25e
005f3b
00e5ff
017216
012471
007a6d
006ece
00fdd8
015a1a
010447
005595
003634
00e8f8
017477
010f92
00753a
00832e
00b90f
007b27
005f95
00e31d
013a2f
00b517
0001e5
ffd877
001bfe
00ab5c
0130bc
00d244
ffd896
ff9a33
00266b
00735b
0043df
ffe864
ffa37c
ffcfcb
005625
008b51
00011e
ff388f
ff3f9e
001d18
006b10
ff9d0a
fed476
feef05
ffcfe4
00b11e
00716d
ff487e
feae26
fedac7
ff3b3d
ffdec7
004802
ffccc0
ff2716
ff083b
ff1ff9
ff6637
ffe58b
0019c6
ffdc3a
ff7a29
ff0ebd
fec5c7
ff29cf
004e56
00d927
ffced3
fede2e
ffa0ab
007bdf
fffc48
ff69b4
ffa627
fff097
000af4
004913
0092c2
007ea8
fff63a
ffd75a
0096f0
00d851
000321
ffb993
00a3fd
014f3d
00fc62
007f31
009a8b
00f97f
00e36b
00a44d
00c215
00d2a1
00d617
0175f8
01f7e0
0156fa
007899
00945c
015460
01e8ea
01df04
012bce
00a3e4
013789
020f90
01bb0b
01258c
01cde1
025d8e
015aae
0064e4
00f2a7
01f1ae
025d81
024055
01bc47
014fe0
0169a7
01ac4e
01915c
010ef8
00fa85
01e6fd
02a2bf
0227b0
0173cd
013bca
0105bf
00ec8e
013369
01b87b
024590
02035c
00db45
007ae9
014c40
01b08f
013d7e
010302
016fa0
01b4e1
00efb6
fffc4a
00580a
016fea
01f5f9
01a6a2
009b8b
ffdfc3
007752
01153c
00ce19
00adcd
00b6a2
009445
00d693
00d6fd
006324
00acd4
00e90f
001db6
ffc8be
004c4e
00a8c9
00f101
00f78a
00a384
00b9f9
008c51
ff9544
ff71bb
00610a
0111ca
015ec6
011982
004983
002608
008691
0061a3
006102
00d207
00d358
00894a
00911c
00c71f
00e550
00ec6c
0126c8
015d0a
00a8c8
ffa1be
fff5a7
0159f8
02262a
01a7ad
009a01
008239
014127
0101d6
004543
00fb61
01f566
016187
008157
00a50f
01244b
015b77
016f32
016b58
010ff5
007f4d
006c50
00c1fd
010af2
01b8ae
021712
00c57e
ffaec1
00b951
01768c
00b48e
00ba09
0133c9
006972
fffb32
011d1a
01c5e2
00f35b
00078c
ffdcc9
001b2b
007e06
010b94
013ead
00942b
ffe24f
0007ff
00578b
005546
006c02
008801
0084e9
009fdc
007436
ffc843
ff7d71
0026db
00f958
00e4a2
0070d5
00c7bc
00e180
ff9d5e
ff12f6
0065c1
013c58
00ee50
00d939
00a97b
006fd2
011128
015ae9
00a45d
00559e
006a77
00761f
0146ab
01f16b
015e1b
014ce4
024559
01e1d6
003903
005115
023f93
02ef40
01cb9e
00de8d
00e37d
01a8ba
02a21e
029225
02cce2
046e77
03b2de
00ce9d
00623c
fef17d
fc7d7f
03e7f8
0df3ec
07e66a
fcd243
fee44c
02a3be
002dba
022dc7
054a71
025c1b
01bf0c
044203
03309b
028bf4
038784
022a31
02358d
03a7ff
016098
ff6db2
014ff4
032943
049647
059144
03adcc
01594e
00c8ac
008c2c
0116ed
01d4d6
019f2a
02affb
0433e2
033c42
01a37f
00f517
00af38
018934
020339
016098
01ac4d
012f61
001fe3
02af78
03deec
ff23a0
fe4c88
042119
04a35f
fec41b
fd0d97
00b41b
02f896
0190a2
003290
017858
01fd2a
ffc531
fe9f3b
ff998e
00d32d
027fa6
025a86
ff1e18
fe2f6d
00a4e8
00f1c1
ff75c1
004409
01fbe1
012318
fe50bc
fe0698
014138
02340f
ffa24b
ff201a
004a71
ff8235
fec9d3
ffee0a
01bcbe
020d05
fee38c
fcee66
005b53
018b09
fe348b
ff41e8
029909
00dceb
fe2ee7
fd9689
fdc5e7
00ce4e
0374ce
00fc0b
fdfbba
fe3598
ffdb22
000e00
fc6265
fb7bcf
038346
07a02a
ffa445
f9b7e0
fcae01
ffc6eb
ff9c6a
fec94a
00007a
0223c1
ff8087
fc001e
ff132c
01758a
ff4ca8
ff6e5a
fe66b0
faed7b
fe4264
02fe8b
002765
fdd697
ffc13b
00f2fe
014727
fd7877
f7a98c
fca1a4
05d8a5
0251e3
fba42b
ff5c0e
0330dc
ffe4e3
fccb6c
fc887a
fe180f
0192f0
025af3
ff0ea8
fdd116
ff976e
00c152
01da25
022276
ff6434
fd4909
fe756e
ffd156
00f239
0311fc
03c7d6
017118
fd649f
fbd577
01aa5c
08f64e
053a37
fb353d
fb3033
02e92f
03fded
00bebf
035891
068329
030c51
ff55b2
ff0cad
ff0491
01b2cd
05f13b
04eafc
022d6d
02556d
01c6bc
02afae
05a4fd
0255ec
fd17c1
010413
07a19e
0662fc
00b4db
ffaf1f
04b915
06334b
016ff0
0223f0
068e13
024ac2
fd928f
020c5b
05882f
041923
03e351
040587
044c57
0557f1
02c8f0
fec063
fedb52
014f08
0438c8
0701e8
0620dc
02d8aa
02abd4
03daa9
00b9a4
fd5bd6
017f78
064893
02664c
ffb95e
0608b8
084a98
00c1c2
fc9262
014241
0526fc
020fb1
ff190b
02ddce
056b80
01424d
ff64b9
023880
034d6b
0378cf
02b30c
ff0a99
fe93c4
028f8e
03db55
0177b5
ff7c25
016294
0561f9
0368c8
fdd8a9
fea7ad
01c547
01cd43
02fd8b
02932a
fe7328
fea7aa
03507f
053f77
0286f1
fd2ce4
fc403b
02668b
051e3c
013f57
ff56f6
002502
010b92
0285ae
01616f
fe546d
ff27b4
025597
02ee86
009e3e
fe60f0
ffbd0f
024428
00d99d
fef6e7
00a92e
016045
ff7901
ffb1c9
01da77
00ff2e
fe2086
fed6bf
018f4b
008c97
fe3d4f
ff227f
010076
017ea5
00a55b
ff1874
fead73
fe29d8
fd5f6c
0089c6
035dca
ff8506
fcb4d1
ff629c
0087d4
000b85
004b48
fe9114
fd8049
feecf4
ff2bdd
ff92dc
0096b4
ff3cdc
fefa7d
00c8ed
ffebea
fee5d1
ffc4a2
fdd467
fb8a04
fe6b38
029237
0312bb
00f92a
febae9
fe272e
fec019
fe605d
fe2f6d
004036
01cbb1
004c11
ff40b1
00c071
0110e0
ff69fe
fed6da
fefa44
ff7ff7
014808
017755
ffabae
ff862f
001b97
00711e
01d909
013338
febe96
ffdd8e
01ac48
000139
ff222b
004d51
01350e
02a000
027f12
ffa19d
feb6af
003b30
0129a2
01cf94
01200f
ff1950
001c05
032102
02f454
00aaa8
ffa678
ffcdf8
006748
011aff
01c9a1
0271ce
01f742
004888
ff9532
00a330
01cbb1
020b7e
01f8e9
01bc9d
007779
ff419b
008b01
02de3d
02b242
00af28
0009e1
016d67
028b07
015ecc
ffd95b
010c44
02bcb1
0138e5
ff0eb0
00560c
032d59
0357c9
00f16a
ff6975
002ab8
014f71
01511e
01026a
015771
019e17
00f4ad
002af1
00457d
009f78
00d6d2
01702a
01625e
002996
ffdb9f
00b211
0088ff
ffa505
ff9136
0079ad
01d342
01a1a8
ff18e7
fddfcf
ff937a
00a245
000673
fff1fb
003234
fff420
ff6362
fe56cf
fe20f2
ffc4b6
00e1a3
0036b8
ff245d
fdc63e
fcffba
fed80f
012f2f
00a2db
fe6813
fd0b03
fd1df3
fe78e1
ffe7a5
fffbfe
ff2db7
fe37a9
fd46d0
fd634a
fe9959
ff0889
fe6aa2
fe5804
fece4b
feb15f
fdff39
fd645d
fdc0db
ff3548
ffb638
fe038c
fc99ae
fd7b75
fef6e7
ff3331
fe7f0f
fe0a8b
fe9af8
ff2c84
fe33ca
fcec4d
fd7cae
ff26f6
ffc942
fec513
fd8b73
fe232b
ffd041
ffacbe
fdebea
fd7da5
feb268
ff477c
fe99a3
fe5d8f
ff8a17
005f4a
ff6172
fe2fe2
fe66ef
fefe72
ff10f0
ff3db7
ff9b56
ff875f
ff2932
ff66ac
002a95
fffecc
fef0fd
ff0266
fff512
ff93bd
fea25f
ff6807
00f2f1
00ebc1
ffbe4f
ff84a2
004b10
0011c2
fedf9f
ff0e60
007812
00c854
0043fb
0050c8
006ec2
0071d2
00b577
004e79
ff1f36
feca9b
002693
0213fd
022797
ffbd72
fe42af
fff735
022a95
022cb6
00412a
fe4d4e
ff00f3
018676
01a959
002ca3
00be11
01905c
00444a
ff3d68
002ad6
019c0f
015c00
ff5cde
ff5a6f
020a77
0211cb
ff3c3e
ff43d9
019cd7
02089c
00b36b
ff483f
ff404c
00f91b
017e04
007771
0123bf
01ecc1
003a34
feee98
ff9a9d
00a97f
01ad87
017af6
000e21
0068f4
0188b1
0032fd
fedc67
0026d9
01d633
01d627
fffc9c
fe74e1
00a041
035500
00ed87
fda1e6
ff61a8
022ddb
01b139
001788
ff8d2c
003c61
00f524
0020e7
ffd6ae
018486
015dda
ff3762
ff7146
00cca2
007adf
004c87
00acff
008d15
008f45
000c95
ff9e0f
011c4f
015b33
ff05f6
ff2c25
015190
00de30
000b05
00f194
010666
00517c
ffe1b6
ff9a55
00745d
010734
000345
0077cf
01eb45
01110f
001b15
006f32
0030db
00d1f8
019ffd
ffa93f
ff1925
02b00a
043440
0112c6
fe5374
ff46a6
021e8b
029540
00f32b
021666
039e13
005ef6
fddb3f
010606
041bdd
038e02
023f5e
01859b
01322e
01046e
011fdb
027d8c
03642e
028e01
02e937
03a867
019565
002f5c
02295d
03c37c
038b43
02face
0299ad
034297
03b642
02311b
01290a
02345d
03fb90
0596ac
04936a
0119dd
00fccb
04023e
045b6f
036992
041350
03a53f
01e876
01e64a
03ef8b
05c114
048325
019ac1
0212dd
04505c
03bb3b
032189
04596b
03b46e
0238a4
030067
03f948
03aa2a
035073
034cf2
03b591
03b7f5
02610d
01ab90
02ddc3
0431c4
04a22f
03ac42
0167d2
00ec8e
03343d
04346e
02a4d7
01db92
029b0d
028623
016f44
014de8
028c4f
037e4d
02be27
00da4f
ffe7bc
00c4dc
01c40b
01b8a0
015bd2
00d769
005c65
00bbf3
00e840
0021f5
ffdfe7
ffdd07
ff2f78
ff21cf
ff844c
ff6b47
ffc03a
ff7619
fdf560
fe1b2d
ff0278
fdc651
fcdfee
fdb872
fdfd83
fdd3c8
fd379d
fbaa91
fbe865
fd8b8e
fd4976
fc6edb
fbd9c0
fa6318
fa5f0c
fbaa48
fb14f4
fa8ea9
fb691c
fb0be6
fa5340
fa3dd3
f9712f
f937ba
f951ad
f82df7
f8e709
fb4ac8
fa560a
f78f72
f6ee64
f7a8a2
f8ed13
f9a04b
f87d70
f7d6bf
f808d3
f71f0b
f7104e
f857bc
f84416
f77103
f6d346
f6ea44
f9acdb
fb507d
f76479
f40b5c
f69571
f9f8cd
f989c7
f7072c
f73004
fafef2
fbc6d6
f7a361
f6a8cb
f9f509
fb5459
fac4ee
f9c9fb
f88594
f9bd13
fc19b5
fc97de
fdb67c
fe6bdf
fb7909
f98f28
fbf390
ff1f5c
006e80
fe51dc
fb7ffb
fe1255
020fc0
017795
016ace
02b3ed
ffdf5c
fd8104
000f47
02d9a7
0443f4
04e383
03ea59
03e1e2
0430f2
026b04
0321ff
06a156
06b07f
0514ff
04fd70
047107
059fc0
088880
08022c
06da6c
0820d9
06e438
04c91e
07240c
09e11f
0909a4
06ca12
05aac3
0831e7
0bca23
0a172b
06b243
07cadf
0931c3
0877bd
08bfde
085697
071264
08e1d0
0b52eb
0ac307
095d8f
08405d
079061
08aa63
09ca63
099c92
097e52
08ae5e
081c3e
0a72e8
0be05a
099e4e
08edab
0a5da0
08f94d
072a84
093a07
0bef6c
0b9cff
09cdae
09a841
0b0f41
0a3195
07b1a1
0988ff
0daf7d
0c3b69
07a900
0799dc
0af110
0ceaab
0c531b
0a2b39
08fe44
09c3ab
0a25e0
09cca9
0a6104
0b2059
0adc18
09e76c
091101
09675d
09f616
090268
087cac
09b358
09948d
078e1b
06f3c0
084322
091d9c
084e9b
06aa6b
05cca3
05a6fb
056033
05a1e2
06520a
05f6e7
048781
02ce6f
0210ef
03577f
0434ca
02b514
019557
018664
fff6c0
fde3f0
fdfbf1
002b00
022360
00af70
fcb264
fab0e6
fa4ad6
f9e572
fc2205
fee306
fcaaa9
f7c58e
f55eb7
f69bb2
fa1213
fb571b
f8adb8
f64393
f47815
f205be
f2ceeb
f5efcf
f672c9
f6283c
f5f334
f2e71e
efcdd1
efb3f6
f0f99a
f2f7fc
f3c6ba
f1aaba
efe6d8
efa527
f04dd7
f36716
f43339
ef0930
ec5c8b
ef46a4
f068bd
f04101
f2c27e
f447af
f22557
eef544
ef0758
f33c18
f4c32f
f1d385
f271ae
f4f69c
f262d2
f1002a
f58f05
f91e65
f91055
f82497
f749c2
f6b95d
f4ae50
f3940e
f9d9c5
014df0
0001a6
fb6a58
fa2320
faaa01
fcdbf9
fe7bf5
fe6491
01b1ef
044aac
fefae5
fad21a
ff6c49
05d02c
08354b
05c853
01efec
0293b0
02d25c
ff2274
02dbce
0c5962
0b6a1c
037adb
01b500
056b0d
099124
09be1c
055133
0458a4
0622a1
03a8a5
047d16
0be314
0d5a0f
07ef1e
04112e
027446
04880a
08f6df
08c8e9
077610
08973d
0581c6
01a3ac
0516ab
0a403d
0c29fe
0b07d3
04e30b
003162
035110
0674b0
071c3e
0ac0e2
0c5c6b
085b14
05331c
04aa1f
060490
096c7c
09a380
06f7e0
08000c
098e2f
07ddb6
0831be
0abc06
0ba55c
0bd43d
0a30a7
06ee0a
079f3c
0af993
0c022b
0cd63b
0d5172
0a881d
09427a
0c6996
0e708b
0d67ed
0c2668
0b658e
0b2d29
0af0d4
0aeb5c
0dfbc2
11b623
0fa8c2
0aa8cf
0983e3
0acd74
0bd26a
0d891d
0e97a6
0d7a99
0b96b0
09cc29
09464e
0b296e
0cec0f
0c65ba
0af634
097086
085a07
08c45c
090f32
081d9b
083005
091ea0
08390e
0678f2
066350
07055c
05ffac
038fe5
027f9a
03f285
054850
04a83b
038e6c
02a5b7
010cf0
ff8ef2
ff6e07
001b46
009821
0096ae
ffe3e5
fe9495
fd34c3
fbe19b
fab29b
fb34e9
fde254
ff0240
fbd959
f80054
f76dd1
f8c252
f99929
f9cfd4
f96c21
f81137
f6186e
f4cdea
f540ec
f6b9f9
f7896f
f6aa31
f42459
f20ee7
f29ff3
f41c15
f41f45
f3d838
f3d09e
f239c7
efec8a
f01752
f2ec75
f47ff9
f1d972
ee36c7
eec115
f256cc
f3f2f2
f1a918
edfd2a
ed7448
f0be0c
f308c8
f2914f
f21623
f16a75
ef9cdd
ee977f
efb642
f35fb1
f70281
f4f1c6
ef7423
ef43fc
f40f97
f759b2
f6f67f
f3f144
f28081
f5a605
f8bbf0
f908d6
f8d4ad
f64fc1
f37978
f7e754
ff8bef
00b138
fc2717
f713f1
f63aa7
fba712
001ed0
003078
01c76e
01ec82
fbffbb
f958fc
fecdb3
04ae26
0649ad
035d26
ff7821
00189a
00fa71
ff39fa
038993
0aec21
083c36
fff83f
fe2cbc
02ec21
086b50
0839bf
02a8a7
014ca7
03dcb7
0336bc
04b1ae
0a4ec7
098397
029204
ff6473
01fbdc
06ab4e
07acc0
037741
02a748
06dc62
070321
049c04
060063
06c929
039ec4
00eeec
02fa22
09739b
0bce30
049cd5
ffcec8
05b2d3
0b09a5
093139
075d96
082877
078acd
046ed9
033b30
08af10
0f23ff
0d44b5
082b60
08f650
0bbfe9
0b2ebb
09bd28
0a6119
0cf0b3
0d9bb6
0a6911
0a5060
108475
13b868
0f9873
0b5764
0be5e1
0f5234
10817b
0dab1e
0d5007
120235
1341b5
0edfb1
0d324d
108259
13749c
12816a
0ef3ce
0d4b21
0dec3d
0d0f04
0d7c87
125cb0
1491d8
10a45a
0d9201
0d701d
0ca4fd
0b918e
0b96e7
0ca2e3
0dc5b4
0c56c2
0a0f3f
0bda66
0e8b1b
0c7df1
0884a6
066a49
057d8c
05767e
068395
08cbfe
0b4693
08f14f
020a87
000b57
04bcc5
07282b
048062
0110ff
ff43ec
ffbf45
00bdb0
00022e
003b36
027e4c
020178
fde163
fa9bba
fa56b3
fc3a1d
fd9d3c
fc4a2e
fa6bab
fa1fc4
fa2b97
faf09d
fc4639
faacdb
f6ab44
f49c07
f527de
f6aedf
f7d55e
f7661a
f6b103
f68040
f4b297
f2c59b
f41801
f5b062
f386d7
f04fd3
f08c75
f35778
f39ac9
f07d5a
efdf85
f35304
f4da76
f268de
eeddc4
eb6a0b
ea78bd
ee7733
f3e4d5
f5e77a
f3355e
ed75d9
e9f2af
ec3864
f08393
f287c2
f1eacc
ef8eaf
ee07f0
eea323
ef2a2e
f05d17
f3b4ac
f4ecd5
f21fb5
ef7a12
eef53a
f06324
f33c00
f558b1
f7d2a3
fa751f
f567a6
ea602c
ea6a48
f9e162
07131e
039c5c
f4be1f
eb0a8c
eea078
f75518
fe4f69
05b72b
0802a5
fcdd89
ee6d72
edfa62
fba165
085ce2
084d41
002a9e
fc3bc5
faf1aa
f60594
f74c2d
057fa3
1065a4
098f78
f99a45
f22ec2
f9ee7e
063717
097f8f
05c615
02855c
fdaf6d
f874a9
fc3621
07ddb7
0ddde7
06dff7
fb56fe
f95326
00b07a
044c35
027dc1
04297a
067f1e
02c63d
ff202b
01dca6
0633d8
062332
026f32
00d049
036bbb
0439d4
016c6f
0309d8
09f5da
0c3dc7
0717e6
02a1f6
0400aa
06e634
05cae0
041d90
07e752
0cb7d0
0ba9db
08b9f1
09d40b
0c5625
0bb98e
08c70b
07c8e7
0a7d18
0d3755
0d916b
0e3ccd
0f8a76
0e5a3f
0bccf5
0c70d5
10a882
12fb9b
0f86bd
0afc89
0b4be9
0e0274
0fb49d
11f14e
13f994
132857
105e0a
0d0c39
0b379f
0d4fdf
10105d
0f65a7
0e4290
0f526f
10597b
0fd8d6
0e4296
0d1455
0d2c5c
0c29eb
0a0cf3
0a6f34
0b969f
0aa4cc
0adb7a
0c7b9a
0be274
0a903f
09b058
072ba7
04d98c
048f81
04d189
067d7c
08de0e
07b987
04806f
03c321
048ef7
040c02
01c467
ff948f
0035f0
01d58f
00aae8
ff7aae
0181cd
02fffd
00bfaa
fcbefe
fa9b02
fc9779
ff83cb
fdddc2
fa14d1
fa194a
fc689b
fd0a2e
fca7e8
fc252c
fa3a28
f7410c
f5fddd
f7c7cd
fa0f79
f9df13
f7b88e
f5f7c1
f62571
f7a03e
f7a9eb
f5d811
f50b21
f50b90
f318b5
f0ff1c
f2ac5c
f69dbc
f73f11
f36d94
f089f0
f159bd
f22984
f181be
f171b3
f138f8
f0a73a
f17808
f1d979
f0cdc7
f0d019
f0cd42
ef7f15
efc9b4
f14779
f1797b
f0fc10
ef40da
ed8527
f0a8ee
f5a377
f50865
f13f81
efd4a4
f046c3
f10737
f1e61d
f3f3a8
f75fc4
f761cf
f3b7a7
f47f8f
f80ee8
f4df89
efb33f
f38a72
fd4fc7
01d2e4
fc5552
f3fe52
f3df01
f9bd30
fbbbbc
fc6afe
00f49b
01b245
fa3086
f4b40d
fa2f2f
0483af
06bd8c
008251
fdb9f9
ff6ea7
fc607d
f8dcca
ffbe63
0ae15c
0ba630
00f0a5
f81d6c
fbd60b
059f0d
082e04
03da6c
016c85
0168da
ff9b01
fe1bb5
02e0d5
0b42a1
0ae89d
008213
fb6e97
009af7
04438f
030521
0393c7
05fbfd
05c786
02973a
00f49b
04d95c
08b43b
057999
0168fe
033b4e
050c46
033c8b
033b38
078370
0bc1be
0a4c08
04dfd4
04c6a5
095a99
080624
034537
0580ac
0b6e67
0cca26
0aa63a
09e45a
0c9877
0f0a03
0c0464
079eea
0838ea
0a83b3
0bb3ea
0f09ac
12ec42
126287
0ddadf
0a187e
0b7540
0fe7b6
10d7a5
0f12e6
0f4fec
0eb7af
0bb224
0c4804
11b752
15a3f1
13bb65
0d9344
097d46
0b4ac4
0dfba5
0d3d3a
0d3fcd
107eaf
11c0ac
0ddc7e
09f44c
0b3395
0dab06
0b7174
080bbe
08e062
0ae49f
0a3408
08a47f
08c423
0a9cea
0b0c43
071b22
03237c
047214
0660fe
03dcbc
01dcf2
048e5a
06f599
04a9fd
01a4db
0282ce
03aa05
007a72
fcf7b5
fda626
ff4f39
ff3953
ff49da
ffff5d
0030d3
ff2d95
fc750e
f9ebde
f9c737
fa7cf6
fac78d
fbae81
fc3efb
faed81
f9131c
f8a782
f97149
f905ab
f6898d
f5b66d
f81f42
f8b909
f551cf
f2b47e
f3d24d
f6b27f
f855a1
f6d719
f3c53e
f21858
f0af46
ee4c8c
ef2bac
f53339
f94354
f4f382
ecf5ce
eaab69
ef210e
f317dc
f23a3a
ef7f81
ee72ab
ee5f99
edc3e6
edf607
f02334
f1f371
f08c9d
ecb574
ea4565
ec2a55
f04386
f1a8ba
efff47
eed8b6
ef17ad
ef52c4
ef0f5d
eee324
f0007f
f16293
f0fbf9
f1a62a
f464c8
f29ec5
eddecb
f17442
faf431
fbfcb8
f29441
ea8d83
ee3157
fae4ac
01f0db
fd408e
f7a899
f63951
f42abd
f4adcf
fba43a
01f413
0163b8
fb9bfd
f6f897
f9cd44
ffc93f
005df9
fffc89
035c40
024861
faf560
f7f64e
fd93b3
05e275
08b445
0357bf
fe1dcd
ffac0d
02313b
01d684
02b976
045b27
02c1de
fef86b
fe26f4
043b1a
0b17ba
07c1fb
ff6c84
ffe2f4
04df54
031aa8
ff5312
01c363
067eb6
0740c3
053f58
04da5a
05fdaa
04ee38
027d5a
0315f9
05b9a5
060985
047fed
0501e8
085233
0a46b8
083d2f
0690a0
08ac3d
09dd97
06afdd
03f048
06576e
0b85dc
0dd3ad
0c45ac
0b6fd1
0c9030
0c18f2
0a8293
0abf7c
0bb895
0c4bf5
0d11b2
0d7e85
0e5f3c
1034f0
103693
0eec3f
0ff6a8
111e10
0e7603
0a9da2
0a9d4d
0f61c5
145dd8
14377e
10b600
0f0f59
0eb19e
0dccb9
0e8ef3
109c0e
1005a3
0ccad9
0ba36b
0ee9c5
11e729
0fefad
0d49e0
0e5fe6
0e3efd
0a2f30
083daa
0abce4
0d2e1a
0ccacc
0a574c
08f9d8
0afbca
0c863f
09da03
06c871
065112
05526b
037550
04e78f
090578
09bf60
05b432
02d32b
03d966
03f101
013e0d
003eaa
01b049
01d881
00a7a4
004cc9
00ab48
00eb88
00768d
ff0123
fd9af6
fcb05b
fb741b
fae21e
fc256c
fd6960
fcf014
fb9b42
faaee1
faae02
fad946
f940d1
f6ae1e
f68670
f805f0
f79d1e
f6a655
f7ed01
f90645
f73493
f456a2
f34ce6
f46d61
f516aa
f30bc0
f16700
f38321
f57579
f36668
f0e23e
f1344d
f27b9e
f2828a
f0e86a
ef0b26
eeea54
efdb4a
f06aad
f14a29
f1d5fc
f061c9
ee562d
ed6d30
edb557
eff76f
f2e8c6
f22df6
edb1d1
eb451b
ee4f4c
f30a69
f41a63
f1f32d
f00a03
ee671c
ed9f3c
f156f9
f735e1
f743b7
f1a135
ef86f6
f499be
f884bd
f3f63a
eea6d4
f428c9
fe5dc3
fe7549
f622dd
f3084b
f786a4
fa16da
f81f74
f9f623
00aad5
00c4ca
f87558
f56ffb
fc738c
02cbe2
01d105
fe135f
fe0d73
00b479
fecc11
fa10bf
fd2d1a
05c350
077fc7
02f182
ffdd32
ff18a9
001738
029499
043408
04b806
031a70
fe8c94
fe69e5
05f600
0a577f
0614f3
01909a
01c2c2
031b88
0261d9
010b85
0340a4
078331
0720da
03a4f4
041ec8
06fa88
0701c7
04902c
024d78
02a592
058bbe
0710a3
06e1d1
082d66
08c8af
06740f
0595c1
0856c1
0a679b
089457
050355
04938b
084a36
0b43fa
0b77e7
0c39b3
0d2e02
0b061d
07c809
07c1ae
0a60ab
0c08fd
0befbd
0c905f
0deec3
0cc8f7
0a5def
0bed7f
103bb5
1063ca
0b7e0e
0824f5
0a5ac2
0e436a
0f25b9
0e3960
0dfd2a
0d6b40
0c6431
0c9b2d
0d145a
0c26a8
0af8e5
0ad3a5
0b6d7a
0bf9ab
0be096
0bece3
0cc376
0c3dcb
091eec
06a6b9
078acb
09b4f6
0a2338
08cfe4
073d42
068d35
076cfb
08d78f
084bfe
05b7a2
037f72
023f77
020d28
043c7a
06e70e
061e46
02a6b3
0039c7
00885a
02a08b
02b77e
ff292a
fd6144
002527
015ceb
feb068
fd71b3
fead2f
febf5e
fda856
fd2a6b
fc8a21
fae736
f9bd73
fad8fd
fc6b05
fb58f5
f9cb08
fb1e87
fc1b1b
f9401e
f5ceea
f55177
f715ae
f946cd
f9d128
f7e20f
f5dfb7
f55dca
f50e4c
f4c00b
f532cc
f5b35c
f59017
f45af8
f20886
f14146
f37bf3
f4c67f
f30cae
f1eeca
f2743c
f1e593
f07f7e
eff052
f084a9
f25589
f2c3bd
ef822f
edcd4f
f175db
f3a3cb
efff24
ecc51a
ee5a14
f19963
f2c59f
f1aba5
f0d8a6
f0df39
ef8659
eeb186
f11fae
f2a931
f1cd81
f3e224
f6f945
f47a01
ef81ec
eebb52
f2f693
f9b710
fcbdb9
f6c441
ee9d39
ef8a24
f8a6f9
ff9dbf
ff044e
fa94bf
f68ab3
f2f51f
f37b05
fcb5f9
05dd7e
02e535
f97d86
f661f8
fa2e19
fef535
021aad
03ad41
03516a
fef02c
f85c32
f7f073
002a18
08a3ad
0a3573
04f318
fdcd47
fb70d6
fef038
03ab09
06dbd9
066576
013bb4
fd50e5
003c97
065ece
093304
06aa27
0298e4
020172
0271c0
007b98
0129bf
05b7a4
074e9d
06239a
064301
05e564
054cd6
05e835
049cc8
02c328
0416c7
05a4c0
065fdc
0902fe
0ae0ef
0966ff
06de0e
054933
06cc8f
0a6c02
0a5eb4
07cc54
083024
091dd9
092954
0c1ed7
0f1847
0d9b87
0ac8fc
09c587
0aa6b7
0c7716
0c920a
0c18d8
0ddc69
0e6fb1
0cce2c
0dec52
10bfaf
110fe8
0f2e2c
0b8aa6
08fd83
0c2036
10d180
1176b1
10ad06
0f8db1
0ce5b5
0bffa6
0da348
0f093b
0f91e0
0dab5e
0a34b8
0aa578
0d979f
0df0ac
0dfb3b
0eb1b4
0c954a
0978f5
084d95
087d9c
0a3449
0b8914
0a2e4e
093fc2
0988b9
086465
080250
08d69d
06f600
044af7
0442ea
053a2f
067a68
071a89
050cd8
036987
041fa0
039e9b
02547c
022864
00dfc8
ffd66f
016f17
02236e
00f3eb
00774f
ff8e48
fe56eb
fef405
fefb93
fcf573
fbd8fb
fc7265
fd8a5e
fe03bb
fc3e88
f9d7d5
fa1d04
fbc3d2
fbd2f5
f9e5de
f78f82
f74a52
f83bc5
f764d8
f72534
f96473
f91f06
f57abf
f3ba4f
f42ba9
f499ea
f523a1
f4bfad
f3acac
f366c1
f227ba
f0a95c
f26150
f45872
f296a7
efca10
ee9cc5
ef2f06
f0e62c
f16286
f0b544
f04011
edae1b
eb7d00
ef8b49
f3b334
f05466
ebfacb
ec3c53
edac72
ef6dee
f1bbbf
f2833c
f1afc3
ee1778
e8c57e
ea01f1
f2e70d
f97d03
f8c25d
f1c1c1
e89da1
e818c5
f34ff7
fdb69e
fdcd23
f4c4e8
ea004a
ea2137
f6b8fe
000f5d
ff6b35
fbccfd
f5dc76
ee90ac
ef6d5a
fa0128
042cc0
04c561
fbb270
f489c9
f75e75
fba361
fc9296
0190ac
067e2d
00c348
f72412
f5cf11
fc75b1
04640b
079531
04ff38
00d936
fca619
fa1119
fdf28e
043189
04ae99
029a19
01f8a2
0055ca
ffa36e
0177c7
026377
041d3c
071378
044335
fd373f
fb4a40
ff5011
055dac
0a5e30
09baf4
043bde
ffd3a0
fea661
015f77
06d43c
085508
04ada6
0296c1
03f898
06ddd0
09ed1a
0948fa
05aeb1
056947
070819
06564c
071d01
0a292d
0a184a
07fc7a
08c976
0be073
0db579
0c7fe9
0a2e2a
099285
09120e
088734
0c715c
119408
0fdd0e
0b2acd
0b4125
0d75e5
0e2257
0ef5d4
0f54b1
0d3257
0a2774
09da03
0e3c5c
13204d
11d78d
0cb450
0b1eb3
0c9be2
0d1bc9
0d2a28
0d76f2
0ce988
0beec7
0b7bc7
0c09a1
0d47ca
0d417a
0bb7d6
0aa7b5
09d1f1
089c3c
08b68b
09ca0c
09f15f
099f33
092acf
08438a
0827a2
086783
06c8b2
047c11
043dea
05c6f9
0713b2
068974
045fb8
02fd3b
0375aa
046520
049a2f
033111
006a68
ff4259
00df12
025413
0211f2
011bb2
000ef6
ff8862
ff7a2a
fe56c5
fc8199
fc723e
fe2db5
ff3623
fdffb2
fba8f5
fad4a9
fbe5f3
fc2044
fa52b2
f8dd11
f99f7a
fac3fa
f99722
f78afa
f7bf80
f869f3
f6e064
f5f81e
f77ee0
f7d2b5
f57473
f36027
f37d53
f4c666
f4ddc3
f35b4a
f2d334
f3a836
f387c7
f27eb7
f15324
f00f38
f0529f
f1a5ec
f1ad55
f1e251
f248bc
ef9a0f
ed14ab
ef44f1
f1f869
f172a0
f00900
ef99d6
f09cc4
f10f1c
eebaf4
ef0ad8
f41954
f402f4
ee49f1
eeacfd
f4013f
f5195b
f351aa
f27df9
f24fbf
f2c81d
f3f87f
f80a42
fd4fae
f89454
ec0c31
ec416b
faf5f8
049a56
020aed
f98d0e
f1fca3
f1eaae
f7bad2
fe15a8
05d663
07c9d0
fb26be
efc605
f69ec9
039a75
073375
03b57f
00060a
fed0a4
fcaa33
f82df3
fc5ae5
0a5cc7
0e4a67
03530c
fab346
fa9b1b
feb239
0552e3
08cadb
0631cb
0267b5
fe441e
fc550b
02b3ae
09d9e0
082457
03f16f
023c18
ffd4bb
ff238a
02490e
05d1d5
081ae7
070961
02f8d3
030cf1
0674a4
055568
030587
04fad6
06af80
05d00e
04d5b1
0509c9
08c447
0cd322
093fbf
033ffa
05882c
0aef48
0ac713
08aba0
08f784
096aff
0890bf
0907e4
0d439e
112312
0e8d89
09b959
09bb29
0ac994
0998f6
0bc68b
111ec1
11e2ff
0d7795
0a590c
0c4176
10bff6
11f234
0e3dc6
0abdfb
0ab605
0c8018
0e878d
1015a2
10a6f5
101068
0d4c43
09ed81
0ae5d2
0edd76
0e8e7b
0a8eb3
0a04e2
0cae8f
0ca138
0a3e6e
0ac95b
0d956b
0c6ccc
076e7d
05d76c
089bd3
097ad6
07c779
07bf62
08a075
07a291
0634cc
0631ac
067c26
056973
031bb0
020840
03d541
05b5fb
043e10
011dcb
006f56
02a04b
03faef
01db14
fec313
fe4c3b
ff2735
fec6ec
fe5b94
fed65a
fecbf0
fe52f6
fe1efa
fcf4e1
fac45f
f9c4d9
fae942
fc9a47
fc1b5d
f8e766
f72b04
f9d310
fc42c6
f9cb6f
f5ef6f
f58e2e
f731d6
f7801a
f66bf6
f594c1
f564cf
f4da3c
f3d66f
f416df
f5909d
f56f2f
f324d7
f0f2d4
efc815
f00f38
f25372
f4409d
f35ca6
f0d81c
ee6196
ed6b08
efa9d8
f24330
f155ab
efcae5
efb101
ed7658
eb2698
ee37d4
f2d8d1
f2f67a
efe93e
ecd181
ec0da8
eef5c7
f220c0
f2a8a7
f1ac72
eef541
ec648d
eebc90
f33ea3
f51a18
f6780a
f63c2a
f0e4e2
ec8bbe
ef3a63
f669d7
fdc741
fdef28
f35ac1
eb8011
f1a312
fcb95d
023390
00942f
f8d095
f1b4d7
f24a59
f897f8
01aff7
07d9b1
0120e9
f4f823
f52d93
fe58dc
036654
03bfa7
014392
fd91dc
fcaec1
fc34b1
fc48c8
02e3e3
08bd3b
04b56c
ff684c
fec24f
fe69ec
000dd8
036fb3
0345b6
025f02
02038e
ff6329
006ff5
056313
049596
01e72b
042309
03aae3
ff5ae3
ff0aa6
014b98
037e5e
05efe7
052cd5
0411bb
06bf63
05c613
0063ee
00abe0
04ca80
0592c0
0562d6
0611ae
06d758
07db7e
065ad9
04a5be
089c37
0c0d08
089da4
053aff
05773c
064774
08f1f5
0c7e32
0d8ccb
0da041
0c1804
083c98
07ec69
0b7816
0ce967
0d000b
0d63f9
0be8f8
0a4314
0aaff2
0d27a7
121631
144805
0e8d76
08061e
076269
093ebb
0c8a92
11d873
13c591
0faf6c
09e610
07c9cb
0b79ee
0fb487
0e70de
0b4f99
0a70dc
09a389
09a142
0b91ca
0c37de
0c1c79
0c8ca3
0a3324
06deae
073531
08551b
07d5d5
081e62
08897b
07eb69
07a7e3
077c72
06d3e7
057836
033bb0
038b2e
06e9ca
069a6e
0269ad
017eb4
03272b
031fb1
0311a5
03ad0b
02e9dc
01334f
ff7dae
fec91c
ffd3fd
003057
ff0876
ff54d2
007070
ff446c
fcf693
fc1011
fce4c2
fe00c4
fd22bb
facb61
f9f145
fac005
fb8ca5
fbb634
fa97d7
f8f8c2
f8ac8a
f8d0c5
f827a2
f7a47c
f74809
f6946f
f64c23
f69d6e
f6dac6
f64a8e
f51190
f4f355
f530ae
f31548
f1605d
f36372
f5488c
f45989
f2cde6
f16925
f13798
f29c62
f1eb63
f0a041
f36a00
f49d0d
efb17b
ed15b1
f0b6db
f39d91
f2c67e
f11a61
f1260e
f2bd63
f21a53
efd01c
f1e461
f5b80f
f3f6eb
efe701
efc112
f2eb17
f7008c
f8fda7
f71bfd
f426ff
f1ac87
f1a5ee
f88a23
ff76de
fa6fc7
f0955c
f0b829
f97dc2
017de7
0310e2
fd267a
f5fee6
f3b3bf
f5b9e6
fcafb2
063b40
072d42
fd2e71
f4e003
f6c71f
ff9f39
06b2ce
062c0d
0219ac
feca45
f8e6b0
f5202b
fe1961
0ba214
0ccd76
0354b6
fb50e3
f98c21
fd368b
0301d0
06c43e
0693bf
01b6e0
fb24ce
fa8eed
017b55
07efbc
082af1
03dde5
ff7b94
fd8a3b
fd3fab
fe96e3
03400f
0776f0
054212
00548c
009586
045a65
04d847
02552c
01b2e2
029560
016984
00bbd6
0549f7
0aca86
0965fe
03121e
0043e7
03c96f
08b4c1
097de9
06ce1d
0523c4
053345
057774
078fbe
0bc3ba
0db594
0b36a4
0767a7
05c106
06bb0d
090da1
0bdde7
0df55d
0c8ece
083d0b
070eea
0b8f58
102156
0f4fd2
0a6852
06b9c0
075869
0a28fa
0c883f
0ebd77
0f4f9e
0bd3a1
0785d5
073e2a
0a5ac3
0d5ead
0d252d
0912a5
0611da
07f537
0ab14a
0a995d
0a0031
0a28f3
093f1b
06eebf
04e01d
0500c5
0730b7
088bf6
07dc54
069e73
055cf7
04d509
05dc1f
05d713
0362ba
0228cb
036b07
0400f3
035307
02dce9
0285f5
026178
029d64
02080e
00483a
feea5c
ff625e
011077
011fd9
feae45
fd1e43
fe69da
fff9d2
ff98d5
fded53
fc404e
fb798b
fbd2f3
fc8ca4
fca8d7
fbacf5
fa6d6f
fa3a94
fadbb3
fb5b51
fb0378
f911e6
f70e77
f785b7
f885e3
f7750d
f6b375
f75d2c
f748c6
f74745
f7d2cb
f63527
f38d66
f2bb3c
f2710c
f30c5f
f67776
f85fc6
f4bfcb
efe2bb
eeeeb6
f18f2d
f47aca
f4aef3
f2dfb5
f2048a
f18005
efa469
eee2f4
f1595f
f47d05
f474fd
f0ebe2
ee59f5
f02f98
f34d00
f42cce
f3dc99
f27b72
efe19b
efd557
f31884
f5456a
f594db
f5d78d
f53cf4
f4827b
f4fed7
f45d70
f3e05e
f83fcb
fc7758
f84303
f26175
f5f4ab
fde9b8
ff3026
fb2181
f8c576
f8b59a
f8fb37
fabdd4
fef3d4
0275d5
00b910
fa9aa2
f7b0b0
fcde3b
044212
04ee52
001b0f
fd8894
fd991a
fc7404
fdf0c8
04a072
0769b4
02195b
fe24b4
ff5037
000989
00e7c9
0402ab
04b1dd
01c69e
ff074f
fdb2ae
ffb723
054c89
0743cc
030bbb
fffc54
00bb3a
0136e5
00f397
01c0fa
0348dc
03f1e7
0253df
00cb39
033bdd
06c2c7
06600c
03ce92
01e6d2
00ac41
016a3f
044d2e
072f65
099c53
09ed60
05ac86
015cac
032789
0877b9
0b4f24
0a4cfc
0762f4
05709b
060db4
0860c2
0b8655
0dcde2
0c8808
09a0ca
094f56
0a3376
09d500
0a5ac1
0c714f
0d632b
0c90d0
0b61c9
0b7234
0dddd0
0ff377
0dec5a
0a22a6
094297
0af0ae
0ccd7d
0e50cb
0ecfd5
0d7a60
0b5191
0a84a5
0c05fe
0d9504
0c5f26
09cc01
0932f0
0a7f37
0b7b02
0b3c2e
0a90ed
0ae3ad
0b4f65
09892c
07644a
07c395
084ba2
075c48
07f86f
0999c3
0887f3
064b11
063a99
070ddf
067ee9
050e65
0491dc
058949
05df1a
044cc5
02ddf7
02f061
03a7f7
047817
04674b
02ea8a
01b14d
00fc51
ffd235
ffd017
011959
011451
00827d
00cdc4
ffc538
fd6bc5
fcba1b
fdec40
ff588f
ff332c
fc6433
f98105
f959ac
fadd52
fd2173
fee3e6
fc627b
f719d4
f55cf5
f743fd
f8ea80
f9e838
f99b81
f68aa7
f348dd
f3b678
f78c47
fa1960
f71dde
f151c7
ef4482
f1a341
f47619
f5ff32
f5f165
f3bff3
eff353
ecc0a7
edd29a
f3ac28
f7f6ba
f5a636
efb14e
eb03b4
ea7014
ef40e1
f5e053
f76689
f278e2
ed218c
ece600
f02790
f25faa
f4239c
f63bb2
f370d7
ec5bae
eb9e0b
f354b8
f98b85
fa1b1d
f7fed0
f310ca
ed2613
eea3e8
f95ce6
0121b2
fbf091
f188c9
efd7e9
f75211
fe647f
002dcb
fddc37
f95084
f4f5aa
f4cdb8
fb33a9
037a4a
048780
fcddd1
f5fc12
f82060
fffc97
03e4ba
020acd
0126eb
001e8a
f91a40
f54999
fe6c9b
07db12
061ffb
01f8e8
004d70
fc642b
f9fd3a
fe1206
041af4
063b20
01952b
fa013f
f9d277
015975
063495
058a38
025476
fe14a9
fc7c5b
fdb29e
fe5ba6
016686
05ce1e
037037
feeece
0186be
048d0e
02279f
0117eb
030d00
02b738
fffd80
ff7c57
04d973
0b8e31
0971d0
017be9
00b119
06551f
08cc6e
07c57b
06b9ee
05f51f
05eb78
06acc5
08908e
0bfa4c
0d5455
0ae6f2
092007
093ac4
088351
085a0b
0ace71
0dc5a8
0e5c4a
0bfe29
09c97a
0b5e99
0e703f
0ea160
0cba95
0b514e
0aa79c
0a4314
0a9936
0d1a38
103e20
0efada
0a7a7b
09b33c
0c15ad
0c07ec
0a46a6
09e7e8
0a9284
0b25fe
0a999a
095e24
09b14c
0aa34e
09d6ad
08b311
084102
072f56
0620eb
063e96
072f9e
0864e9
0837a4
064ba5
0568d5
0580e0
040e03
02f72d
047618
05cd14
04b803
029326
016869
01ffe2
0308b1
034c59
037d3f
02bf1a
ffd4cf
fdaf62
feb921
00a7e9
013f02
00607b
ff0afa
ff1dbc
ff9051
fd9156
fb6e4d
fca950
fe8d26
fdbace
fb9e6c
fa7c65
faac3d
fb86ed
fc4318
fc6993
fae579
f7aa6f
f62ad7
f7e07f
f916d7
f8955b
f8bae5
f87e17
f65470
f4f816
f5af46
f60c1a
f54afe
f4ab97
f48c6d
f48a45
f3e214
f280a5
f21715
f36624
f4a9a7
f48df2
f31a8c
f0b230
ef3a5f
f09b6f
f30112
f3767f
f287c5
f1cf3a
f0f552
f03255
f14b6f
f4044b
f50a0d
f29c87
f014c5
f0e874
f2d2a0
f2e0a8
f35320
f5cf25
f77717
f6bacb
f4fc14
f3499b
f2bc77
f49b09
f8eee6
fd2c1f
fb7cb8
f38853
f144b6
fac41e
02d127
ff6169
f8a635
f6b38e
f82474
fb2070
fe9367
01363a
024c46
fed893
f8927a
f99bba
0212e1
04d5fc
00208c
fe8623
00685a
fed34f
fc407a
ff531d
05b9cc
07298c
01a589
fcb90d
fe3d18
01ffa5
02b7e3
028570
03a639
0298b9
fe5e52
fd35fe
02702e
078a01
060274
011524
ff786c
013e65
01decb
00cea5
01c2cb
04aeba
053628
0352aa
0320c0
0489ac
04b9f9
04116e
03cde5
03892f
030283
03290f
061e68
0b2d5e
0bd672
05b8b5
0113ad
03d8ad
097408
0c2597
0b0560
083c3a
06ed3a
079511
08c7df
0af697
0d3068
0cd34d
0b69fb
0b0778
0a472b
0a264a
0c3eba
0d5556
0c0e11
0b474b
0b732b
0c7cb9
0f5a05
10b683
0d84d9
097cb3
087b61
0a1fc9
0d1c8a
0f3a2f
0eb343
0ccad5
0a815d
08b115
0a5564
0dd000
0cc899
08ae19
0853cc
0a3914
09c4eb
094ed5
0a63ad
09d6a9
082cdf
07c420
06e21f
05bc50
075702
0943fb
0769a7
045764
03fb10
0568d1
062c69
05a994
04cafa
043090
02f013
01a5c2
02b81a
04489f
02b649
008333
0123a8
023150
018f4a
00b3a6
001da1
ff8715
ff370e
fe7155
fdb452
fec5f8
ffed42
fe5f17
fbff9c
fbc408
fcae3f
fcd98b
fc772e
fbf960
fadac5
f9384b
f8b855
f9faac
fae28c
f9e2fc
f8617c
f79031
f715b5
f732d4
f7b25a
f6f91a
f54bc4
f49183
f4bca9
f521af
f61456
f65b86
f43c9a
f14cf4
f0b573
f2eb8a
f4d173
f37554
f12275
f1a926
f2a36b
f0f50a
f0051f
f1b81e
f28ba5
f1eef9
f1763e
f02815
ef1b74
f066f9
f1eaba
f21174
f22626
f1f7c2
f18e4a
f2289a
f2dad6
f29fa5
f214d6
f1c952
f2d73a
f4b5b5
f4e493
f50e29
f75060
f77e2d
f41ff0
f2e9f1
f6c6c8
fc29e1
fc2e56
f48614
f0706b
f8e4ef
02160c
00c715
fbcf0c
f8e2ff
f6a737
f76771
fb8eff
00a89a
05634c
03053d
f8ad4d
f5a0c5
fe245f
031a62
00f25c
010f4e
02dc29
000f48
fa4168
f98650
0169b5
07c4b4
0380e5
fdc0a4
fed3f4
001f4e
ff32f0
00bb82
03169e
02c027
ff3afd
fb4201
fdfc6a
052c78
04d1ce
ffc929
009789
02228a
ff502e
fe5ec8
00350e
01a82a
030211
023bb8
00c645
037303
0534b5
01ea0a
00f43b
03b726
0385cd
015519
01fe6b
05ffcd
09e1e1
07dbc1
01eede
0236ce
080f80
0a3a12
08e522
07d973
05ce40
047a08
077bba
0c556a
0e0aff
0b66d8
082fc9
08947a
0ad194
0bc023
0ccdfe
0ddf8e
0c0ad1
08d4de
085322
0b78b2
100ac7
120349
0faa13
0bdbfc
093636
08afe5
0af3a0
0e0d63
0f6c97
0ec4e1
0be9d3
0933d1
0b05f5
0e8787
0dad97
0ab507
09ca2a
09957a
0949ab
09edb0
0ac541
0b10ab
0aa19b
099ca4
09204c
089c7f
06f169
061494
070b3c
07e0b2
07e7af
071850
0577b7
0570e9
07340f
06c6d7
03f585
02bf27
03be7f
042a9f
030bfb
0274c9
03b3bf
044a6f
02a0a0
0167cb
017963
00c7af
002c6b
00993d
000860
fecd15
ff1496
000b6c
002a46
ff53c6
fdb499
fc7ff8
fca31d
fd1066
fd0d55
fca0d1
fbb1b9
fb20e4
faf1bb
f9ee34
f99f95
fb76bb
fc0cf5
f943bd
f6adc6
f6bd14
f75ac7
f70776
f741e2
f8b54b
f8bd15
f5d91a
f37172
f4379e
f5cf1b
f5f81c
f5133b
f34809
f1b976
f29056
f4aad5
f53656
f43283
f2bcb9
f15329
f11dcd
f26c3b
f364ae
f2b219
f17931
f1b614
f2f5f9
f27c67
f0e547
f269f2
f628d8
f632c5
f25736
eff0be
f09967
f29c7d
f53248
f73934
f7d5ac
f7813f
f58dae
f25a06
f22d20
f72804
fcabcc
fca320
f6df2f
f28f6a
f57eca
fb6c11
fe2387
fe9791
fd76bc
f9617b
f6d48f
f958f5
fcff15
ffcc45
016fae
fe1ff5
f92b57
fb45c0
012e9b
026f52
00d4a5
ffce2c
fd8481
fb59fe
fce249
00a4c0
02dee5
0291d2
01a071
013505
ff7582
fce7af
fe23e1
0275cf
0363c8
0022dc
fdf95d
ff3845
019e85
0273e1
01af74
0178dc
01d496
00b06e
fed11a
feda9c
00956a
01f67a
02a792
039747
043091
02db8d
01057c
01ece9
04092a
02de8f
ffea8c
012bf0
06cbb8
0a13ff
0798a4
038526
02146f
032313
063dd9
0a5fa6
0b42d7
074ec3
03356d
03518a
078e7f
0cac12
0e0686
0af8c1
07fcf1
07130f
070610
08f6c5
0ccf92
0e0f3e
0b1927
082c0f
08871b
0ad85f
0cbdcb
0da4b5
0d5929
0b05e8
07ce9e
06ff3a
099f62
0d1ae4
0e5209
0c61ac
097ca4
084e21
08dbf3
09b872
09fee9
0992db
09a47a
0a2ee7
08e1ad
06ad40
0709dc
08b14a
08de21
08aa19
082aeb
05f503
04172f
04d1f5
070891
08b027
07cadb
04811f
02be32
042911
058326
04c6da
038c3f
03bcea
04c549
03f7d5
01a214
0165f3
02f79b
033854
02b413
025d04
01128d
ffbf3f
ffa6a2
0020e5
012935
01bd1d
001520
fe3220
fe3044
fe43dc
fdd70a
fe4249
fecae5
fe381f
fc5713
fa2c81
fa7a52
fcdebf
fd0592
fb1d13
faaf83
fa52ab
f7be65
f618d7
f845f6
fb46f0
fa3d88
f5f673
f4411c
f6291b
f71447
f642c6
f5be00
f466af
f2ae55
f32d9e
f45d37
f42516
f3b037
f2c493
f0f4f1
f0ea56
f325fa
f416b1
f1d4b0
eee3cd
eeff8f
f16d89
f2364b
f24828
f3de2b
f21fbf
ec2129
ebfa75
f3eeee
f83ae1
f4312e
efd775
efa5f1
f05143
f08207
f32e1c
f81826
f943a9
f4c2c0
f12e1f
f21cbe
f406da
f68c07
fb2139
fc6242
f692b0
f13b31
f4b695
fda64b
01866e
fca71b
f6d773
f72c40
fa30f6
fb94f7
fe430f
023b18
00d223
fa4232
f86e2d
fe964a
033e12
0084a8
fdc5e0
004f47
016823
fdc373
fcc7dd
00c63b
033e82
0247c2
014024
011164
00cb36
ffb4f0
feab45
006ca8
03972c
032ad8
004e54
ffcf2d
013a55
022b73
02369b
0197c3
022bb1
036aa2
00e1b9
fd451e
001827
05993c
05cacd
0390e0
035f33
02e0fb
019bf4
024751
049be9
05b91d
03f361
0291c6
062e89
0a57a5
07c1d1
031fef
045444
0840bc
0972d6
090256
08ad16
07f69e
0721d1
07d422
0b1ea1
0df7d8
0c58a2
0940ec
09b6e9
0b760f
0b65bf
0bcabf
0d5403
0d37a1
0b5fda
0a974d
0c7bf9
0f53c9
0fc501
0db39c
0bc03c
0a94fb
0a8f56
0cec8f
0f6bf6
0eefe4
0cce82
0b1b4c
0a62db
0bd1bf
0dfb3b
0d2c08
0aa72e
0a4658
0b062c
0a98a0
0a1472
0a6171
0a7af8
09e9e3
09510a
094268
091d02
07fe34
0737d7
0808f9
083a51
0666eb
056996
06df03
0836ae
07318c
04a819
033699
04454a
058e7c
048f6c
030381
03275f
03ab5f
03322e
025907
01a8ef
0173e0
01c64a
01a4d6
009582
ff2bdf
fe361e
fed565
0082b0
00729c
fe4c7a
fcb5ef
fc5f9c
fc8ca9
fd57c6
fd67be
fb3c0e
f934af
f9ffc1
fb76f0
fa5396
f84791
f8eb93
fa447a
f80b9a
f4e6f1
f5b975
f7b24a
f693ad
f4c65d
f4a8e8
f46f6e
f3a58c
f3a318
f44b68
f4592a
f2a34c
f0443d
effe56
f0fd44
f0cdb6
f0f25d
f21548
f17088
eff304
f00d13
ef7913
edb1e2
ee4f0c
f08cb5
f0d867
efbcec
eed088
ee1023
ee4b22
f02807
f2c5c9
f3fbea
f11b7f
ec652b
ecd676
f1fe84
f3ee17
f227cb
f2c866
f57169
f591d7
f33674
f16fdd
f2a1a5
f6e1b7
fa4913
f8a616
f38c7d
f1839a
f6e1b6
fef9bc
008a7f
fb3e37
f6f2e5
f5eea8
f652a2
faadd2
021a0e
041156
fde694
f7b856
f8cc9c
ff09b9
025fc5
006f3f
ffaa3b
016fcc
ff1423
fa4dc2
fbca2b
01fce4
05243f
03fffe
013a35
ff610b
ff9b5c
ff4ba6
fe9056
01c4cf
0537e3
01bc2d
fd16ee
ffda32
04fda4
04fb7b
021441
00d93b
014b51
0112cd
ff99b1
ffe338
038f23
067bc3
059712
03e401
03fd75
0412b9
028d48
016226
02e808
05bd29
072795
07b583
08507a
073e9e
052dd2
05704f
07bbae
0971c4
09ff71
096b84
0821c7
07a3ff
087733
0ab122
0db96b
0e1828
0b1f76
0a0aad
0bbdda
0b7ed5
0a676c
0c465b
0df95f
0ca201
0bf7c5
0dd823
0f2adf
0e868c
0d56d3
0c28e2
0ab0f2
0a1209
0be386
0e7041
0eaa82
0db4dc
0d9420
0c4a62
09b28f
0969e6
0aebf8
0aeccc
0a7387
0b1f5f
0b4afb
0a3b26
091c74
08ae96
08ed0c
089f28
076eb5
076fef
082106
06cccf
054af6
062948
070a94
06d980
0715a6
060749
030810
020320
03988a
044625
03a1b7
0383a8
03c528
03042c
012815
00a228
0291c1
02fbdf
ffec4e
fe2aaa
ff886e
fff4b2
ff05ea
ff6d94
00150d
ff4250
fdf064
fcf196
fc4894
fbaa7f
fae1d2
fb5ae5
fd36b5
fd3826
fad641
f962c5
f940c7
f8749e
f78f18
f7e26a
f905f8
f969ab
f78ea3
f4dabb
f464d1
f57efd
f5acc2
f551ba
f4bd68
f3a53d
f3e711
f4ccad
f27c7a
eeefbc
efb1b6
f36bbe
f4d491
f2e988
f01002
eead17
ef6bc8
f08ad4
f0efc2
f12f45
f0d421
efeee5
f01a09
f08b21
ef9922
eeea1a
efc36f
f0a18f
f16155
f31744
f4964a
f3bb90
f06d42
ed71a9
ee46a8
f2dae2
f79561
f96d03
f7b117
f48d5a
f2fc71
f29629
f34e84
f89bf4
ff0249
fc70ef
f390d0
f263f5
fadddc
016498
ff9e1c
fa9a56
f93798
fad2f7
fb46c9
fd2ab4
02d171
03e6eb
fc98c3
f8542c
fdc32f
0493d9
05898a
027fd4
001607
ffc0c2
fe523c
fc6031
0109aa
0987c1
08cf63
000cc6
fd668a
0290d6
053249
02799a
012813
0456bd
056cd0
003404
fdb759
047ba3
0a18f9
0653ea
018a68
02972e
0422e2
020d31
0052fa
02f09a
070906
071167
049317
058c3f
0840f5
06a71b
02caf0
029869
053b5f
062d33
05d47e
087a6d
0ce4ed
0bb098
04f473
02d52a
080bce
0bed7d
0ad826
09b632
0a5d54
09c834
07c2d0
086a39
0d2911
109686
0e5ad7
0a5924
0945a6
09eafb
0a95d4
0c18f8
0e66b9
0fdb40
0e72ee
0a945a
094ded
0ce8b4
0f7871
0d59d6
0b4ca5
0bc996
0b4478
0981c1
0a87d5
0e5b42
0fe242
0c5224
07c586
074b31
091fed
0955b5
09b668
0c02f8
0bd1fa
0761e0
049381
0695a4
092a74
08d187
069d11
04a7ad
044327
0531b7
05964d
052192
055959
059295
03bfd8
010b78
0073e3
01e6ae
02b45f
0211e4
01a73c
01b76c
00b9ec
ff3a7b
ff2f11
ff942f
fe6439
fd1540
fdd751
ff4bb5
fee015
fcb86b
fb26fc
fb82b2
fc656c
fbf753
fb0e03
fb2470
fafddb
f94cb7
f7e9eb
f88e4b
f9e510
fa2bcb
f90a5f
f6fb52
f5af2c
f64826
f6f8b4
f675eb
f60dda
f5a225
f459c3
f4026e
f51273
f5259a
f3f64a
f29835
f14a17
f18525
f357e0
f3ece8
f31527
f1ef0c
ef960f
ee7159
f16330
f40155
f271f2
efc4da
ee5be0
ee7861
f0d60a
f33393
f3095a
f17876
ef3f43
ed7139
eeaa6e
f1c965
f42a5d
f4fe69
f2397d
ee3367
f017f4
f572b9
f64e8e
f4388d
f2ac33
f124c7
f2365e
f64d93
f97e7d
fb3eca
f97234
f2b1e6
f12995
f97caf
ff2c6a
fc7610
f872d2
f6b875
f8e06a
fe6fa4
00793c
feb771
fe444c
fc20e7
f93e8c
fd599d
03b815
033673
feecec
fcce29
ff2797
041d73
04406e
0107f5
033468
04626c
fdd43b
fc26f4
03f25f
08668d
0638d5
02a5de
0012db
0273a5
06a292
044f53
01975b
04b3b3
041b56
ff07c6
0104a7
07d58a
09423a
057fdf
0234c7
02db39
051676
0335d0
00e59e
04ea27
0869f5
04dca6
029638
06d98a
0a3609
07a63f
039dff
03b7cf
06196d
053104
03e161
088051
0df0ec
0c5872
07311b
04b450
058b52
087d92
0b45f3
0c1af1
0bcce1
09f6f8
06e2bf
076656
0c95d9
0feb0b
0dbd33
09ceb4
08c887
0aca26
0c21ac
0bb576
0c954c
0dfbd5
0bcf4f
08b4d2
0ab5b0
0f78fe
0f7a2d
0a4b83
071efb
099b90
0c9e9e
0b936f
0a09cd
0b83e8
0c4c1b
097d75
071e4b
085149
09ba9f
086ad9
07374e
0873d1
08ef8a
068431
050f5c
073151
08b7a9
05cbfa
02138f
028b9c
0541d9
05d884
04b96e
038fa3
0227cf
01efa3
037a50
0358f3
0115e8
0051f8
004a43
fee058
ff5188
029d53
034c9f
ff9ade
fcbc64
fd995b
ff1ecf
fe8417
fd7852
fdfb18
fe2751
fc6cda
fb51e1
fc8d69
fdeea0
fda6bf
fc83c7
fb5022
f9b173
f82ce6
f8e5ee
fbb903
fca4e3
fa498e
f892fb
f92452
f91cd9
f7ed24
f7b7bb
f808a2
f71a6b
f5d1bc
f600bb
f72508
f7a08a
f713a9
f5d743
f48265
f42ad4
f48a1a
f427bb
f38f32
f3c8e9
f3cd02
f3bca0
f47690
f3de60
f1977d
f167d6
f357de
f3a429
f256b1
f14e2f
f0c4da
f1fc83
f4c635
f521ff
f23980
f05eb1
f114db
f1fd5a
f31aa8
f5916f
f6bc41
f44d53
f1dbb7
f307e8
f569ff
f61518
f6016c
f670a8
f754e2
f819ca
f7d10f
f74fa2
f81781
f96030
fb4d8c
fe1028
fcf45d
f72eec
f5f659
fceec9
03605f
031dfa
feb714
fb0025
fb5e07
fef0af
0262df
04fa4e
04e23f
ff868d
fafce4
fec956
060d21
089e23
06f434
0410ad
00b1ee
fe5ed7
ff8cfe
04fe1c
0a9916
09d120
0381cd
ff74c7
00c43e
049460
07ec82
0866db
05ac2b
021269
ff5882
ffdc7e
0595f7
0b2b75
095ff4
02f848
ffd83a
0183f1
041842
050c0c
05602e
05b3cd
03d147
010db2
031e06
087127
091e93
0546d8
02ddbf
022f63
0196e7
0371ef
0843fd
0b77d3
098edd
04f90b
028b5b
03654a
05f5e0
098dd4
0c10d4
0a4023
058aef
02e699
04c3b3
09d766
0dc91d
0c9e07
08593a
060972
06e601
093540
0af789
0ac7c1
098351
0822fa
06de84
0897b7
0d65b9
0e2b4c
09304a
060270
0689d3
0690aa
07484e
0a7fa8
0c5781
0a91e5
076c94
054af0
0548e5
065903
06b581
07472b
082f54
06c855
03dc71
03752d
058459
069187
053e4b
030b47
0238c4
030eac
0375b6
029948
01fe29
023918
0285f4
027e68
01e7d8
0091e4
ff3819
ff0598
ffe014
0053e3
ffe6ff
ff9ade
ff71a7
feabea
fe37fe
fe90e8
fe021a
fc8fac
fc6516
fd2873
fd056e
fccbaf
fd682c
fd14f7
fb1ac0
f9fbc5
fafd11
fbcc50
fabd4c
f9bd34
fa9031
fb02b0
f8e7b4
f70161
f87609
fab57c
fa3420
f856e6
f70c0c
f584b1
f47dd9
f5e0cc
f85a30
f94133
f7ce00
f4a75c
f230b7
f2e859
f579de
f6a666
f5a773
f3b0b5
f22a56
f23957
f3bad1
f53275
f4d890
f2928a
f136ea
f25db7
f3439e
f2aafe
f331ab
f4c210
f47e62
f2932d
f1484e
f1b208
f38e71
f56e63
f5f8bc
f52a95
f40d1d
f4728a
f64955
f6a4d8
f5930a
f5f4da
f6ab50
f68a03
f84540
faff07
fb766e
fb3e43
fb0a36
f8e595
f7d658
fadce5
fe193a
feb476
feda58
ffe856
007990
fe91b8
fbd6fa
fdb026
03632f
05904e
033fa9
01105b
ff8138
fed706
01ee1b
072980
091d20
06017b
01aa11
010594
036fb2
048f3f
04ba06
064e0e
0729f5
057e5a
0323fd
02b080
05f53e
09a16d
07491e
0229b1
0257b1
04c518
03e9e1
040aa7
079bb6
0920c7
06093f
022bba
021bc5
057f4a
06af4f
0495ee
04a114
0604f7
041d5e
02fdc9
0683b6
0915b4
07db0c
0685cf
05614d
036d86
0314f8
050741
07dd22
0b3d68
0c9ecf
08fd72
041715
0409ae
07aec1
09f4a9
0a4d87
0ab691
0a5709
0841b1
073d02
098a02
0c8e9c
0cc46a
0ab6b9
09443a
097236
0a0570
0a131f
0a9dc5
0c608f
0d0693
0abe19
08cae4
0a3d48
0be223
0acba6
09a76b
09b6b3
089bd4
07a480
09e66a
0cacd5
0b92dc
07c4bc
05545a
05cb3b
07805c
083cf0
07e34f
074cdf
0611c9
04d200
0595e8
06e5a2
057858
02f775
02b84d
036310
035304
03e4e0
04408c
025e01
00c373
01e476
02e85e
01d4d0
00b740
000fd5
febcf6
fe3d18
003ace
0276ba
01b1df
fee81f
fdc826
fe4ce3
fda9da
fcdbf2
fe193d
ff111e
fdfd55
fd4938
fda590
fd3ee2
fc580e
fc179a
fc46c3
fc32f7
fb3876
fa19e7
fa9c79
fc2e87
fca048
fb6587
f97a4e
f89175
f8f6c5
f8cc40
f85757
f9292e
f9105f
f73337
f714b6
f833bb
f750aa
f643c6
f6abb6
f5ed9d
f3fcbc
f3ba5e
f56822
f63f55
f482c3
f339d2
f4d1ec
f4b065
f14dbf
f12bb0
f413ef
f3de12
f25c4c
f2537c
f16fd6
f18386
f3ee82
f3e9b6
f19a39
f14530
f1f97c
f25024
f275a1
f1e549
f30e5c
f61323
f5c5f3
f3776b
f39fdd
f32ec2
f20123
f529b9
f93d93
f8a2f6
f64a1b
f5eb61
f7b761
fa07e2
f9bc9b
f89a24
fa5983
facf29
f8417f
fa3d55
00b4fd
022d51
fd126b
f899f7
fa3cfe
00647a
040df7
0311de
01c5d1
ffa9e7
fb6a78
fbd01b
0333d9
08d86d
077c76
03251c
00d851
00f830
00abc8
00c505
04aebf
083be3
05a424
01c310
026588
04f526
06832c
060742
02f013
010d87
027d46
03385c
03828a
06ee1b
091de9
05584f
00c945
01290d
04401f
057a3e
0476ac
04211a
04d5c4
03d70f
027333
04d869
09020a
094a11
059577
01fa74
010312
02e78c
066bd6
09cc10
0b4f85
0961a4
052ec2
0343e3
05a829
093106
0a8e59
098b56
07ca9f
070a5f
0787bb
08b912
0aff04
0d345c
0c5d07
092f3d
078890
082d1b
09a7ee
0b64e0
0c2112
0b4b99
0a920b
0a36a1
09df42
0b332e
0cebc0
0b20a2
07d1d5
07b7e2
09448f
098095
0a364a
0beb5c
0b6366
086cce
0684a8
0699dd
0707b8
07c3d3
08ce2a
083178
05f1c0
04d7c8
059ad3
069c74
06dae7
05c5cd
03e77a
02ecc1
02cd38
02ea8c
03dbfb
048b1c
037b80
0243ca
01f668
01a271
015f88
00e36e
ffd09a
0024f9
019a44
01199e
ff817b
ff2ff5
ff301e
ff17af
ff7495
ff24ba
fe15cf
fd68b9
fd331a
fda23d
fde129
fcf69c
fd1b01
fe71b2
fd2360
fa722b
fa6f25
fb5d33
fb6891
fc041a
fbd78b
fa07ef
f9aa5d
fade05
fa6c91
f84212
f713c0
f80f84
f9362a
f8b502
f83e90
f82ded
f6399f
f49dc9
f64667
f78546
f65a2c
f5c7e7
f546c4
f35b62
f29f42
f3e587
f54bba
f5c85b
f49bae
f2fc1f
f2c6a5
f28304
f209ac
f30e73
f34346
f230a8
f357b4
f448a2
f242ac
f2826a
f54a55
f3f603
f0bcae
f1eea5
f4ae52
f4dc33
f50c21
f6e102
f6fe41
f43f0b
f33322
f5f996
f7e65d
f781db
f90f2b
fb39ea
f9449f
f67296
f8361b
fcaa29
fea0cd
fc0f86
f8b2e9
fab471
0087ab
022782
feb40e
fc81c0
fdb376
ff8e60
012037
03a034
058660
02ae2f
fccff1
fc8114
03a09a
094b1b
07f01a
041496
028b7c
01bd78
002b6d
01e84e
082900
0b141e
062742
0077ad
00aee0
04ec22
086751
081f32
0543f4
0377e0
02293c
0085a6
03442c
09d899
0b197c
055429
00d5c6
017c55
03f15e
054a3e
06066e
072216
0654c0
026483
00dda8
0549d2
09b06e
093f20
06c49e
04974a
0272fd
020072
04eb01
098783
0c2638
0a5e7f
0605cb
03dcbe
05ddfc
0921fe
0a38dc
098589
0903d6
080796
0682dc
081445
0c897d
0daa08
0a5610
083615
08e96e
0992fd
09d16f
0a819d
0af238
0aa066
09c7ea
097713
0ae62d
0c5214
0ac86e
07f5ff
0799b7
08ed6c
09005f
084275
08e06d
0a157f
08e493
05f770
06048e
08b8e3
07d772
040085
040cf9
0659a7
04f4d0
03389b
054cba
067388
03d579
019886
01c1a6
026257
02076f
00f7ae
00bac7
0140c5
00c595
006442
01316f
00a127
fed444
fe508e
fdb969
fcf573
fe8566
ffbdf5
fdfcd6
fccc6a
fd3f18
fd2ff7
fd7dc2
fdad62
fc053d
faf4d7
fb3ca2
fa9a67
fac652
fcab57
fcd5bf
fb830b
fb357c
faa4ad
f938b0
f8684a
f871ed
f9a8f8
faf794
f9c591
f82563
f8fdf8
f95a66
f7d762
f766cf
f74cfd
f5b3cf
f5112f
f677cd
f7aac1
f7e0ea
f73ab8
f578e2
f36be8
f28f73
f41256
f682e1
f5a701
f24b27
f26116
f4b4ca
f35429
f16a00
f3fbfb
f5a5a6
f24c21
f0237d
f27523
f41085
f27a15
f1124a
f214e6
f3f6c4
f429c8
f2d84a
f2a177
f3cfa4
f4246c
f37f1e
f3c85b
f57c59
f6668b
f430ec
f207f3
f5c044
fbaaee
facd3f
f5df36
f5b0f3
f8bb06
f9613e
f94869
fb6e73
fdaa18
fc4ba2
f88da6
f94903
004680
04ab6b
00d91b
fb05f2
fa2893
fdf257
022162
0422b0
059420
05a026
ffad47
f98988
fec014
093c35
0a9b84
054d0c
0289d0
01c674
00e12e
01b886
056c6a
0a1816
09dcb9
02cb0c
fe9853
036650
08b6af
080aea
0561bd
03bd8c
029b45
027efc
03eb5b
06a3be
08cc29
072439
02dc41
011613
030823
058f50
064768
05829d
04e6e5
0421e4
028fe9
037bcf
07e821
09b50d
063332
02a82c
02546f
03aef5
058b64
07d21f
0a3b2d
0aa346
065fa7
014cde
031f42
0a05ea
0cbb91
09950b
06aac6
066464
066674
0715cf
0ad42f
0e5bf4
0c1442
06db89
05c3e0
0872ef
0abc9d
0be7bd
0baaa7
099a06
07ef05
084898
09ef02
0c0f17
0ce36a
0a95fa
06fbf8
059220
072e9c
09d9da
0b2926
0acc00
09a9b6
072633
0432bc
04e922
08c6f6
09ba55
06afeb
0461f2
044682
046b1a
04e3b1
067a8e
074f5b
050a9c
0126ff
ffdbf2
01ecc1
03deb1
0408db
03741d
021fa4
003ffa
ff8d75
003aab
014eec
0248d5
014293
fdb98a
fc48fb
ff2108
012689
ffdc99
feed55
fed15a
fd46cb
fc720c
fe1a7e
fef065
fd5536
fbd6a8
fbc916
fc99b9
fd9dd7
fdac61
fc9a6a
fbcd9c
fb62e6
faa0f2
fa6b06
fb4cc5
fbb2a2
fa8f69
f972fa
fa2d98
fbacb2
fb2a8a
f8acc1
f7414c
f7fa66
f8baf6
f88cb5
f8c738
f94d1b
f82d3d
f5e2e0
f57468
f73416
f844b2
f780da
f5f1d5
f459c9
f401d4
f5c73b
f75593
f681ba
f4fc00
f456e4
f3d207
f3f424
f5b1bd
f6aeb6
f4db45
f30f1c
f43dd4
f608e2
f5872f
f474c6
f4cb3f
f5432f
f5843f
f6cf16
f802a0
f77d0c
f654cb
f58ab5
f51ab2
f67529
fa26b5
fcb426
fb0833
f7bde3
f7a941
fa7533
fbf34d
fbfd92
fd3d69
fdda6e
fb66d6
f9f468
fd9478
02aff8
0360f7
ff65a2
fbc7aa
fc80c3
0012b9
0360ed
05b582
054339
00533b
fbe91b
fe44b5
04e573
08c7f6
0764b0
0355ad
008d6d
0025c5
00dd9e
0374c0
07a62d
08429e
0375da
ff7a22
00eede
053730
075c5b
054d66
01f3a4
00fb71
0166d4
01be8b
03a4aa
064c76
065ba5
038f8e
0012b3
fece4d
019e35
04f458
04cd3e
038863
02c7ff
009226
ffc81a
03b500
075f43
064653
031228
0098fd
ff94b4
010143
04ac26
08beed
09dafa
05634a
fff9e3
00c94a
058cb9
07e58e
0801fb
074c33
050031
03a5af
057ba8
080c9b
0984a2
099cd3
075c98
04fff6
05f8c5
08546c
0920e6
092b44
089830
06ffe2
069f96
08352a
098559
09bf46
092c04
07a0b5
064951
062c22
067997
07069d
084e57
09563c
08d4e1
06abca
0459aa
0406e7
0520f2
058205
05f25f
06d66e
059bc2
0314aa
02b06d
039e47
041618
0467d3
035fec
0153b1
0158bc
022e50
0170fe
019557
02a420
01650a
ffc2e3
002791
00480d
ffeeb3
0037e1
ff5893
fe5262
ff8749
fff90c
fdf9b8
fd838c
ff4a5e
ffd31b
fe8a15
fd13c4
fc4e08
fc7aee
fd094a
fdc1c4
fec1c5
fe63ac
fc1ad7
fad5d4
fba723
fc612d
fc7a28
fc9acb
fc0c74
faa5b1
f9a2a8
fa0537
fbcc4b
fd16ed
fbaa4d
f8b743
f76f4c
f83b1e
f92020
f973c4
f9f3ca
fa534e
f90e8e
f6704a
f566f7
f7472c
f91f10
f7fa55
f5a000
f5a74a
f715fa
f64596
f48ae8
f5abed
f777fb
f63c25
f48ee2
f529c4
f5a5b7
f4b053
f4237e
f4fab0
f67c27
f63e43
f37ed8
f333ca
f77b3c
f96268
f61752
f41e13
f5bacc
f717a3
f71836
f686f0
f69ad0
f8b921
fa20dc
f8d9b4
f9481f
fc19c8
fbcff7
f8a6c8
f79104
f9f689
fde800
ff1deb
fc9f41
fd0e43
010a47
0026e6
fc0189
fcdd21
ffec0f
008d0b
015edd
028e4b
029c5c
01d6d0
fef3bb
fe0786
046233
08d1d4
03ef93
00876e
030fb0
026983
ffffbc
026b93
05cc8d
06e621
063c00
024219
ffa9d7
038722
0640e7
02fb0f
017f60
0407c7
044c86
020b96
01a96d
03fdfc
063c91
04bae2
0089c6
ffbc66
0308c8
047984
02be6e
025505
03ea3a
03a042
019993
029c3d
063818
06140b
020b78
00bce9
02e32b
03c4b6
03ed85
069e45
09300d
072fa6
02c515
01c7c3
04f1d7
07cbf4
07f6a0
0756f6
0775bd
075a2e
06a3f6
072b1a
093b7e
09c687
081a45
079684
08ef2c
09f1aa
0a7449
09ea7a
07cfd6
07c0ea
0a94ef
0b71ab
0a8e46
0b310e
0a477a
06fcf4
070058
0a237e
0b4a14
0a941f
09b648
0888cd
080f30
081287
07945c
082df4
095987
082776
063fbd
068ac9
07381c
06756a
059801
05e0a6
06a155
05e60c
03ca05
037bc1
04e9d7
048f95
0335cb
037f0c
039b3c
02617b
02136f
02af2f
027eda
01d57e
0110e3
001f9e
002217
013549
01ad42
00d032
ff671c
fea0f3
ff038b
ff6f65
ff13cb
ff2954
ffa68c
fe62ef
fc45be
fc8e21
fe4bc3
fe6431
fd9dfd
fd5e75
fc4a58
fad6f0
fb55e9
fcb246
fca5b4
fbc49e
faee91
f9ff3f
f96423
f9375e
f94a85
fa30f4
fb3771
fa73e3
f80205
f5c8a4
f558ce
f6f5d6
f8fa0d
f9a88d
f8a7e2
f57b78
f1a4d7
f23def
f7b20d
fa6ba2
f6c7f5
f22ab1
f0cb51
f1aa14
f41283
f795a1
f8bcd4
f4e37f
ef63ed
ee2c5b
f217d5
f6853a
f762b0
f4b96e
f1af3f
f12551
f2b3c7
f46656
f611ad
f740c6
f5a9eb
f1e484
f0bad0
f480f4
f8fc31
f9021d
f66363
f69c74
f84f01
f6c779
f5a563
f987a2
fc1b84
f85b73
f60375
fa8d48
ff03d7
fdb866
fac1dc
fa868a
fbb00b
fc51bd
fd603d
ff42fd
001146
fedc8d
fce8b6
fc4e78
ff240b
03462b
028395
fe5056
ff1d39
02a3bd
001e53
fc7443
00152f
047158
029f9a
007a82
01b68f
0200b8
0066a2
ffcf8a
01014f
0287d6
01ea2f
ff7188
ff8c1e
02bc9e
043e8e
02d5bf
00d3dd
ffaf27
0095ee
01dc18
00aa64
00cb1d
04a2fb
04a131
ffc876
00a490
0617cc
04e107
007608
026a4e
050e77
01e2e9
00e710
069d17
0a0e42
0703b2
043dd7
045fec
04098a
049991
082cc0
0a1ec3
0856f8
07a8ff
087154
074453
074e78
0ae9aa
0beb3a
08b3c2
0863f0
0b781f
0b4935
08d080
09fd84
0cb944
0b72bd
08e549
0aaaf5
0dab65
0c41b1
09c37c
0ad23c
0b351b
085f14
08499b
0c0bc6
0d0292
0ad477
0a1805
099521
07a70b
076725
089442
081480
07d043
0969bd
090859
063afe
05e8f9
077ac7
05e5e9
031582
0446da
069e11
04efaf
02bc38
0460eb
05a55c
032975
014b87
021288
01ebb6
00b018
01117a
01f77f
018ba3
00c989
003865
ff5895
ff06fd
ffd304
fffc18
fe5813
fd382b
fe8420
ff5dd8
fd9da7
fcb6fb
fe0248
fd8172
fb8164
fc577b
fe3445
fcea74
faab86
fab742
fb5683
fac3ad
fa9ac5
fb9bc8
fb8415
f9a4c2
f8d85d
f98cf5
f91614
f87035
f93702
f857ad
f61317
f73372
f99e79
f871ed
f69d91
f6e93d
f62132
f40a58
f40f4d
f60be3
f7246a
f5ed6f
f41a09
f43cdb
f4ff65
f46917
f481bc
f4fa1b
f30262
f19e17
f38f61
f4c7cd
f453f9
f51417
f4b844
f2206a
f2107c
f4b6d4
f59e09
f52636
f5896e
f5398d
f32215
f236b8
f517c9
f8c4f9
f8cd35
f75115
f7cd1e
f75e62
f50a86
f60e57
fa5241
fbc825
f9ebd3
f891cf
f8f86b
fafac2
fdd307
fef8e4
fd2c2a
fa9169
fa149f
fbf05f
fe514e
00b6d1
025a6c
0048d2
fc4434
fcf092
015582
0262f3
00eb92
01c846
0268ae
ff9d80
fdd479
00e90f
04cc0e
049f4a
0277ad
023617
0260b6
011f5e
011d48
0305d4
03b86e
02feec
028ac3
023e08
02d7d4
04a323
04da65
02f208
020745
02c731
034820
031698
03490b
049f24
05a4e2
04860b
039f54
058182
06bc9c
04bdb4
035515
0465fa
0515c9
056b22
0791a5
09ceaf
0949aa
06d7ca
05119f
0567ec
07b614
0a2520
0a8bbe
092d1d
083360
085f0f
0938f2
0aef70
0c77f5
0b9d39
094a8f
089c4c
0a0da2
0be2bb
0ca1cb
0baee5
0a454c
0a0cdb
0ad96f
0c33b2
0d5bd6
0c3d50
099780
08d11e
097134
09b550
0b191b
0c6f1a
0a7652
080f76
08bec2
0956c5
080bd7
07ed2f
089463
072103
053dbe
05cb5c
075b85
072c46
05d793
057d72
051337
02b232
01142a
02d84c
045643
02eecb
0218cd
02b5b3
0177df
ff80fe
000844
00df81
ff5e0d
fdeb5c
fe8cda
ff6276
ff1058
fe737f
fdce6c
fc9813
fb9ac3
fc2c4e
fd82e1
fd7bfd
fc0ebc
fb0cda
fab547
fa113d
f9e690
fb2386
fc1062
fb19a3
f9a18f
f90ff7
f8c093
f85847
f8930a
f93916
f90202
f7d0e1
f77c03
f8bf5a
f90c2e
f6e7b0
f4fe72
f50dc3
f5acc3
f6cc2d
f86e66
f7b16c
f47272
f2fb35
f4600e
f587d1
f52677
f44bc3
f3df9e
f3d1bf
f36850
f31a52
f3b28e
f3bb65
f2ec76
f3b644
f4d60f
f2ed67
f039d9
f06c6e
f2826b
f4ca24
f5cb1e
f3722f
f08b61
f1c1dd
f455d2
f431ff
f4310a
f5b77f
f49494
f143ae
f1a47a
f5d7ce
f83675
f76849
f7231f
f7ed9d
f6c7d4
f4b4c5
f5ec5f
f9ab24
fb3746
f9b8aa
f83c51
f90eed
fc4230
fef822
fd9d06
fa1589
f9e773
fcd95d
fe4a9c
fea612
00d742
01c24d
fde76d
faf673
ff5d59
054555
03a60c
ff0366
009551
03c2c6
008160
fda9af
02d698
0786a7
047580
00f849
0208f8
032c22
030c82
03930a
03a2ae
034e1c
03a76a
02fa82
021b29
0436ba
06b05f
04ffdd
01b112
02193b
050bb2
04cf11
01c740
031054
07d428
06aa3d
013976
024f32
07adeb
07be6b
04b79a
042a8f
03fa04
03747c
05612a
088cb1
0a42cc
0996db
06047e
027874
040d39
096916
0bb7cf
0952b8
07b195
092ea5
08e271
061f4c
086d32
0ebbef
0da16c
06a324
0696f6
0bb3a9
0bc323
0a4443
0ca297
0c6f55
082628
084955
0ccaf1
0dde7f
0baf50
0a70ee
09497c
083fe5
0a24f5
0ca064
0b2cfb
08a771
09d4bf
0b2db1
083a68
05f024
08d669
0ab7b7
075e44
05aec9
0847c6
07bbd3
03faf3
04ed3e
085a9b
067c90
0290da
02e937
046ab1
03641d
029dd0
03712b
036cb2
02124f
00cfc3
ffd80d
ff6cde
00789e
01abfa
006ceb
fe2ee8
fe6027
ff39e6
fdc848
fd07f4
fe9a25
fe28b7
fbc3a9
fc4c3e
fe32e3
fd1a56
fb1190
fb011d
fb7fcb
fb6ec8
fb59a5
fb7544
fba953
fb3f21
f9f45f
f8f852
f8c845
f990b7
fb7c53
fbb349
f8bea0
f719f5
f84175
f81bc1
f7b599
fa0b33
fabe34
f778c8
f5aa19
f6bc6c
f6beb4
f63560
f7c30e
f95a1c
f7d2a5
f49b02
f3b6c6
f59005
f6f40c
f70523
f677df
f42f5c
f21d9c
f4b948
f92c23
f8c87c
f472c5
f14f36
f11cb3
f385bd
f7264f
f907f0
f769bd
f3cac4
f20e03
f41fbf
f6bac6
f72114
f6c8d0
f5a8ce
f3bfd7
f5346c
f94f39
f99171
f7406e
f79cc3
f813b1
f6d84f
f8827b
fc2c11
fb9f6c
f7d230
f73b40
fb1c10
fe8fe3
fe66c4
fcbd7d
fba0a1
fac2f2
fbaf7d
ff12b5
01065c
0016c0
fefb4f
fddb74
fcf13d
ff0fce
026e43
02d19d
01df83
023be4
01acd1
feda78
fd91a7
015158
061de7
04fdc7
00c49f
013d6e
038525
0214db
01bb89
0466db
039829
006d2c
00fd94
02da38
031626
042800
05141f
03a395
0247f2
01bc85
006120
00ab63
048515
074ebd
04c882
0071d1
0098b6
049162
066b4a
052415
03e04b
022cad
002c04
0268e2
0836aa
0a5924
07395e
03a337
01f62a
028093
05a482
08c5e4
0902ae
07d223
071687
060930
056fa3
075317
09bc99
0935e1
073a62
077008
0929bb
099372
0921aa
098a85
0989ba
07e7e9
07397e
09347d
0acf35
0a2d2c
09bdb6
09db95
083bbc
06879c
07b477
0995b5
097816
08e196
08808a
06e748
05a6da
06efd8
084b29
070227
053cfd
054dde
05c190
057353
054be6
04dd20
033cca
0218bf
02cf46
03a5db
0332ec
02685b
01eac4
01435b
00793c
0017a7
001dd6
ffd82c
ff1ec0
fee6b8
ff39d2
fecf29
fe101c
fe5805
fe6182
fce0de
fbcf70
fc430b
fc6876
fc0326
fc57fc
fc8b82
fbc50d
fb5b7d
fb8a94
fafb39
f9fd10
f9ba0f
f9e383
f9f7d4
fa45b1
faa2dc
fa6eec
f9bf87
f9296d
f8c538
f83482
f7be32
f830f6
f9015c
f8d323
f8122f
f7d16c
f78321
f70bec
f78340
f7f70d
f6b029
f5484b
f5e78a
f72234
f70790
f641fc
f588df
f49090
f45b8d
f60cde
f7a787
f69d37
f44f0e
f37ee9
f3de0c
f44f0a
f52af1
f5b879
f4f6a7
f48d65
f592cc
f603f2
f53ee8
f4e7c4
f4dfa1
f471cb
f49f32
f57278
f62667
f76e7d
f8b28c
f7f5b3
f64a88
f5ba50
f60d9e
f80285
fb2ab5
fafa3a
f7a5d8
f73b1e
f96030
fa9c1c
fd5e8d
fffae3
fc49d9
f775a1
f93e08
fcbffa
fe2ed5
0130e8
02c876
feeda4
fb38a4
fb8d45
fe0792
022bda
052c8b
0379ea
002bcc
fe371a
fdb79c
011bff
05c169
05056f
020105
0184a9
00aa05
01303f
060196
07106e
01c212
ffdb7c
024d6d
0287a2
031ac9
06b2aa
07a5da
03ef08
008c5e
00ab5b
02ca8b
04344c
0513a7
066244
057176
021fac
01ed3a
04c802
0592ac
057eec
0619a7
03e7a4
0169b5
03de3f
06e4b3
067f10
0725bf
089db0
05e5d3
029a8e
045888
0791fa
084e8b
087ebd
0882c1
06b8a5
05733f
0788d1
0abd0e
0b4313
0953f1
07b7fe
072491
075131
09b78b
0d1be1
0c6d56
08abb8
08569d
0a7c3a
0a602b
0a989d
0c8e45
0b2d2b
07cc0a
08cca1
0be914
0be1a2
0aa57c
0a7e16
09a4cc
085ef7
0941da
0b672d
0ada70
07b76f
06f228
08e120
08be8c
07bb16
0953e5
094396
0570b1
044c1e
06be0f
06eee3
055b93
05782d
059a0f
042946
02fbad
034f9e
04448e
042bae
02e4ba
01b74e
008ab9
ffca59
010794
023259
00f84e
fff88f
ffd9af
fe427c
fda23d
ff8a03
ff76d1
fcfb85
fc6622
fd0d15
fcc473
fce2e2
fd4a74
fc86e9
fb8f61
fb209f
faabef
fa79c4
faaccf
faa14b
fa1deb
f97bfb
f93cc0
f9606b
f985ad
f9db1a
f9b2be
f797fb
f521d1
f58b0d
f81bd0
f9a8bb
f92532
f748c0
f53ce2
f4541c
f4da3a
f6143f
f7090c
f689a7
f47fd7
f32a0b
f43b06
f5a7da
f4f70f
f3d39d
f45125
f46b6d
f30fa0
f2d6b3
f3d872
f3ae43
f30da0
f33cac
f33fea
f31fcf
f38c0e
f4013e
f45f40
f44eca
f345ea
f2825e
f2a02b
f3005f
f459f2
f5e3be
f5da39
f61fdc
f6fb42
f532da
f323db
f4d50c
f6f054
f71adc
f7e147
f8ae00
f87410
f901c9
f96749
f8c166
f91d76
f9ca50
f9f8cb
fb9b9c
fd0905
fc3aa3
fbbb3f
fbafc6
fb73ff
fe0188
00bce8
fecfe4
fd4d73
ffad3e
ffb82a
fd6012
fea14e
0112c1
00ab14
008fa4
0232b2
02b4a7
01cf17
0138fd
00e93c
006e16
00db51
02cf52
03efe4
02f6dd
02fe9e
045ebd
0347a3
015fc3
02cf22
045b58
02cf12
022cf2
04553a
0589b7
048a62
03a86c
0439ba
05712b
056a31
040b2e
03908e
047e2a
05634b
0635d5
071aee
071392
0625ce
054b35
053c7f
069814
085c4f
086816
07444f
070e34
07756b
079051
0829c5
0953aa
09d807
098a87
08fdee
088ae7
08cb35
09bc4e
0a2be3
09ca22
09a23a
0a2378
0aa9b2
0aa03c
0a4290
0a603c
0ad31c
0a7915
098081
091c8e
0924ae
09878c
0b278b
0c9a93
0b1a95
07dd7c
06ad53
07e2c8
08f443
0937df
097fd0
09136b
075db1
06686b
072615
071d95
05c8d9
059e64
060b98
051b24
04a9de
05a778
05360c
032e42
025d7a
028b92
02377f
021a42
02a2a0
029d11
0158a7
ff9a14
fed141
ff490e
ffc199
ff960b
ff1fc0
fe6f65
fdcb36
fd74b5
fce9e4
fc3b04
fbea25
fbbd76
fbcad6
fc099a
fb7c77
fab60b
fadf59
fa72f9
f8c5c1
f81455
f88efa
f8e706
f997cd
f9e1de
f887c7
f768ce
f70149
f57f3a
f4e6f1
f72720
f8a46e
f76512
f5ebd9
f4f0cf
f439d5
f4ee68
f5ea55
f56c44
f479a3
f3a067
f2d4f4
f3e0a1
f64550
f6306a
f30222
f073d1
f14d94
f45c0c
f60c5a
f50775
f3289c
f159fc
f01a56
f1ac2a
f52dc3
f6613d
f4cffb
f2bf9d
f126f9
f1d9ce
f4dd70
f5e16d
f44b46
f3bbb6
f3b50f
f3335e
f4f4d4
f80852
f87adf
f6e773
f5602c
f447e0
f4f512
f73a49
f8fee8
fa5e5e
fb3138
fa1bc3
f8e340
f90659
f90fcd
f9f205
fcccf1
fe7a77
fdd110
fd10a6
fc6ed5
fc35cb
fdc6e2
ffb4e3
00c35b
01a245
012928
ff9afc
ffefd0
013ae4
0141ff
01ed2a
0387a5
03f3ad
04077b
044279
038822
038817
04c852
04c001
044817
052f11
059d8d
057700
0669e1
070c4d
06d82f
072066
067d37
04c947
052262
072da8
085cfa
08f6be
08b52f
06c1ce
05a061
071471
09161e
09a01d
085091
06a08e
072c6e
08f266
090c23
08f7dc
09ecbc
08ed0e
06ebb0
0847f0
0aeff6
0a98df
090be3
08c5f0
08df96
09194b
09b2b5
09f918
0a621d
0b29e5
0ad335
0980cc
090a1a
09a1f1
0a58bb
0a91a1
09fb81
09759f
0a2e94
0b4eda
0b6115
0a7e1e
093db2
082dfd
0846b5
09b4e6
0b0edb
0af451
09a754
08745c
07c396
073e8e
07a518
0958b9
0a0ff2
0832cf
061394
05de03
0661b9
06753d
06b643
06dd79
05ba92
03ecb5
036705
046a47
054a85
04b489
02f524
01767a
014617
01cf45
020a18
01f899
017c90
001e06
fed993
feb93a
feeb6e
fee632
fed743
fde9f7
fc8d13
fca3d0
fd3121
fc4444
fb5bf8
fb8bbd
fb0e50
f9ed35
f9c97c
fa1e68
f9fa6a
f9941b
f8d1fc
f7f872
f7b3f1
f78872
f746bd
f7a710
f7d19f
f6a500
f56a67
f56956
f5d43c
f5eb76
f5b722
f4e0d5
f3ba88
f3b2c0
f4f663
f5b51b
f4d13f
f333e6
f2131a
f1ea7e
f2d447
f42c6a
f48c98
f366a9
f1d265
f144ff
f1eb47
f2e151
f38feb
f3842f
f221e3
f07b36
f0b525
f26093
f36daa
f3b8d5
f3997d
f2677f
f0e062
f0fcda
f3227d
f57208
f53455
f27d8b
f12f38
f2d1d4
f48ea3
f5675a
f668f4
f65f78
f4d982
f41dc3
f4f0a1
f667b6
f7ef50
f8675c
f77c8e
f6f451
f7c331
f91eba
fa3da7
faf51e
fbab4d
fbb9e9
f9ce3c
f85589
fadb29
fed1c8
0008cf
ff67e5
fe7f4f
fd3d2b
fd2251
ff0317
012c35
0250e5
021378
0125f5
011b83
0182dd
01b715
03674e
05d3e9
05d507
041fb9
03135c
03109b
0487f9
0690b0
06f39b
06cf03
075098
065f94
04d875
05d663
07ffe5
08d9ef
08ade2
07c75c
06bb1f
06cd8d
079a73
088f6a
099f43
09a3dd
089d95
08066b
0804ab
08945a
097ae5
08efca
07ba0e
08990c
0a1e2c
09fbb0
09a164
098fed
088bdc
07b0d2
0850e7
099518
0a4956
09fce3
099de7
09bc17
08b918
074379
089533
0aee40
0a65ab
08cbd6
08c620
090094
08ebbd
092c37
0923dd
08f533
090a25
089b34
0816ee
08937f
094fa6
09468d
0889d0
07b661
07905d
079a24
072e20
079b54
08e938
086fe9
065533
05a7df
06ad53
07405b
069a0c
0599fc
0578b1
061a8c
05e654
04aee5
04010f
0426b4
0429d9
03ec4e
03e97d
040171
03613f
020c41
016cde
01bf5f
017cd9
00be28
00f07f
016af7
00adda
ff62b9
ff05df
ff6e80
ff37c5
fe0081
fd17f8
fd2f25
fd827a
fdb79c
fdace4
fcbe7b
fb8c90
fb30ef
fb0040
fab597
fb32ac
fb762d
fa6137
f98ccf
f9bc99
f9779e
f8ed97
f95d1b
f9e8e8
f958f3
f80d9f
f6fd34
f723d3
f87694
f929dd
f87c90
f7ac68
f7139d
f687f7
f6fc92
f7fbdf
f7b9be
f6c4c4
f69c2e
f6bd25
f6db35
f76a5d
f78b0a
f6f1db
f6c1a2
f6b24c
f63036
f65abf
f74a68
f79c5d
f7550a
f711f4
f6beca
f6a3e7
f6e832
f73ae8
f7b1a3
f808b4
f7a5ca
f70d34
f6d609
f6f3ea
f7b7c5
f8d05b
f922d0
f8cf14
f849eb
f77aa1
f76185
f886c3
f953aa
f940f7
f99485
fa3f6b
fa4326
f99c7b
f9079e
f97811
fae02b
fba5f5
fb2c91
fab2d2
fb03be
fbcc6a
fc8530
fce3da
fd0d86
fcf592
fc80fd
fc850e
fd6212
fe5b47
ff57ae
fff723
ff4129
fe7516
fef7d3
ff7f9a
fff9fa
0195ca
027ea0
01662e
007fda
00b04c
0160f8
02ff14
044857
03a6d0
02ceb4
02ea06
030e03
03a5b2
04afdc
04c7f0
048e42
04e230
04c2d3
04a322
059aa7
0671b7
064766
05a35d
04a679
044926
05a84c
074d59
07a3c5
072a25
062e73
050776
0523ed
067273
071c7d
06c1a8
064175
05c6c9
0598e3
0658c2
0749e3
070f4a
05f3aa
0525bf
050384
058d5f
066322
068244
05ecd6
057dbe
050b8b
04bf79
058027
063f03
059860
04bdcc
048ced
0453d4
0470d9
04fdb0
04de23
0495a8
04ee60
04bb13
03c6cb
037a48
03fac8
046907
0414a4
0316cc
02fc38
04151f
045e7a
0393e7
03082c
0286cf
0264fa
036d10
03cf46
02ab8b
0216c8
022b3c
01d4c4
024bf9
035de3
02d441
0150e6
00cd5a
0119ea
019bf4
01fda3
01a04e
00f24d
00a4cd
005619
00147a
005b5e
00bc36
00ce8e
0085ae
ff900b
fe6455
fe400f
ff44ed
004eca
002893
fec1f4
fd960c
fdca07
fe78ff
fe6f60
fe13c7
fe22cb
fe1eac
fd61d1
fca166
fcde4f
fd9167
fdb33e
fd6270
fcf555
fc5e53
fc190b
fc93a8
fd3b11
fd4090
fc6265
fb6721
fba381
fcc20a
fd0832
fc78e2
fc5269
fc6ef5
fc521e
fc4058
fc10c8
fbc5b1
fc2765
fcefc5
fd0313
fc6a1d
fbf05a
fc3455
fd3997
fdb8bb
fca450
fb6909
fbc2da
fd0267
fdc4db
fdb906
fd0636
fc660e
fc9f77
fd3e4b
fd7a43
fd6433
fd08c0
fcad6d
fd1fb0
fde26b
fdbcd9
fd3cf2
fd4f59
fd675a
fd5344
fd74ac
fd54b8
fd3afc
fe07ed
fe7873
fd630d
fc9f0b
fd5180
fddf32
fdaefb
fdc33e
fdfdf1
fdda79
fdba66
fdb972
fd9290
fd826c
fdc87f
fe2408
fe43e2
fe25d6
fe0aa1
fe21f2
fe58bc
fe71fa
fe15a9
fda078
fe382d
ff9f2c
ffea28
fec920
fe0f3e
fe7557
ff053d
ff317d
ff4a0f
ffc040
0053e9
001e23
ff5525
ff604d
000d92
00106c
fff50e
009f42
00fa71
008335
008731
01323f
013c63
00a9b8
00a7cb
015d3b
01c595
015cd9
010db6
01ad53
023a4c
01b494
014a51
01d422
022013
01db52
021214
025f89
01f6b2
01b446
02047e
023266
025eca
02946f
021555
01a3df
0258e6
02f0ea
027249
021a7a
022e5d
01d207
01b9ca
0276be
02f1dc
02e530
02d223
02432d
0177ad
0196e8
024da9
02c437
0325e8
031a53
0250a2
01e3c9
0212a9
020073
024561
0358ce
03c8c0
030af7
022fad
01aa30
01b85a
028c18
036d26
03dc72
03cfaf
02d3a0
01acfc
01eec2
030175
0383f5
0389bf
033203
02a432
02a856
02ea22
02d4e8
032671
039a39
03194c
02757c
028b18
02c2e5
02ffee
031f50
028aa3
02357a
02e468
034217
02b589
0228a4
01d475
01bef2
0220e0
0270f5
025e97
023369
01ed1c
01af71
017652
00ebda
00cf9c
0199d4
01e7f4
014655
00f6c0
00eaae
0088d6
005bd2
006f03
004f80
00596e
00abef
00a325
001916
ffb121
ffeb58
001723
ff64b0
ff029f
ffd079
003cc6
ffcbdb
ffc5e6
ff908c
fea83e
feb45e
ff9cb2
ffa223
ff4404
ff5fe6
ff4e26
ff10b3
ff05ed
fed885
fec81f
ff2ff0
ffa7e5
ffbce8
ff114b
fe0f25
fe2d9d
ff4ae9
ffb110
ff5751
ff0ffc
fea3cb
fe4ecf
fec5f5
ff9100
ff9f50
feb6e8
fde776
fe4eb8
ff0810
fee6c1
fee347
ff6afd
ff2df1
fe4b3a
fdc7c3
fdb4ca
fe604d
ff7836
ff5b67
fe4d31
fded3d
fdf375
fde7ad
fe681e
feda91
fe7983
fe042a
fde7ce
fdd068
fde4eb
fe4c3d
fe93bf
fe33f2
fd8085
fd9426
fe51ee
fe750d
fe24a4
fe0966
fd990a
fd3b38
fdfff6
fee110
feb35f
fe1979
fd9d5b
fd93e2
fe3e39
fea725
fe596d
fe3747
fe440a
fe31c5
fe6959
fe8e4b
fe7381
fef2e1
ff604e
fe82ab
fd983c
fe2b4e
ff65cb
ffb20c
fefc19
feab24
ff2ed5
ff4eb6
ff1f5c
ff696a
ff1b44
fe77bf
ff4284
fff57b
ff3279
ff7178
007fc5
ffcb9d
ff0a7b
ff9dba
ff2b13
fe6b9f
ffa3fb
00d69e
008d65
002551
ff601f
fe5182
fef1a9
00a1f7
010d6d
003460
ff2a07
fe9a97
ff36ce
00647b
00a2e1
ffe8b1
ff70cf
ffc89b
00232e
ffc28c
ff480e
ff599a
ff9741
ffd7a1
0028b4
004299
002ee8
ffbbf0
feee0f
ff29ed
004011
00089d
ff4dcf
fffa47
00500b
ff623e
ff8669
00643d
ffd841
ff24f9
ff9b12
ffeffc
ffe137
002f37
0028c1
ff758d
ff33d4
ffe292
0078ae
000451
ff4891
ff9535
0056af
002c7a
ff8638
ff93d2
001e77
002ada
ffbc83
ff9fa4
ffd248
ffc0c7
ffe126
008120
005b7d
ff5b49
ff4a3b
001c38
003d5b
ffc455
ff9d19
ffd3c6
00264d
003ed7
0012c8
0010a7
fffe7a
ff8224
ff7896
001cff
004f2d
fffd9e
000d2c
00552f
00455e
001e04
0036d0
004b82
0004b6
ffad81
ffe62a
009881
00ff8e
00d374
0081bd
005cf9
004d05
005792
00a94b
00f302
0102bf
012ac7
00e222
ffdcce
fffbb0
01be7f
029685
0221ab
01b59e
00123c
fe2ced
005649
047d69
0427af
0078df
ff283a
00aa61
02425d
02c9a5
0265a2
01b9c6
00f5f3
00531c
0110e6
027572
021f1e
017029
0284cc
02cafb
00c5da
ffd232
015366
02b1a5
02727b
015263
0094c3
00f355
01b802
0208a1
02177b
01b120
00a64d
003ce6
0106ef
01af91
017ec3
013a7d
0137ed
0102ed
00b50d
00d998
01479d
01819f
0165c2
00a9b5
ffa8be
00117e
01c23e
02298e
011014
0085be
00926f
008581
00ea92
0158d0
012782
010559
00d32f
0037b7
0068db
016b8c
01d982
01ee61
01c4cb
006c4c
ff714b
00978e
01d85a
019636
0172dc
01cfc9
0141b9
00779e
011206
02454f
020971
007680
ffca59
00e2bc
01f891
01f98f
01caf4
01ad81
012165
00ab84
00b1d2
00b574
00d273
016210
019efd
0107bd
0080c0
00c147
012a04
00fc9e
009207
00737e
003fbe
ffcaf4
ffe8a0
00a9c6
00fa75
00a03f
0021b8
ff88ec
ff24d5
ff6cd8
ffcea0
ffd287
ffd6d9
ffaa14
ff0c2d
feb73b
fee015
ff2171
ff9375
ffa85c
fe9848
fdad19
fe3ac5
ff01a4
fecd05
fe5b97
fe4ae6
fe5e77
fe67a4
fe371e
fde2db
fdd37a
fde1b5
fdcc00
fdebde
fe3532
fe0d3f
fd89b0
fd4555
fd618d
fd9d0d
fdd65e
fde820
fd99dc
fd2ad8
fd3923
fd832f
fd47d1
fceed4
fd4bad
fdcc64
fda232
fd3d4e
fd25a8
fd17bc
fceef4
fd041d
fd6d0c
fd9d55
fd2220
fc92f4
fcd8ef
fdaa67
fdee42
fd5ede
fcbc11
fcb1fe
fd22d4
fd7d0c
fd7428
fd2e29
fcfed9
fd2f80
fda7ce
fdfeb5
fdee66
fd70ed
fceafb
fd0b8f
fda3ba
fdeb13
fe1031
fe5ecb
fe2fd0
fda335
fdc82f
fe7968
fed6c5
fead73
fe2778
fdea09
fe9332
ff4531
ff3d94
ff534d
ffa632
ff4fc0
fed781
ff3cd6
fff1e6
003aef
002ae6
ffde7a
ffa76a
0010d2
00f6ca
01724e
00f03e
002d7f
0051ee
0114ab
0160a1
01448c
014e96
01749c
01b41d
01e9a6
01a5aa
015728
019b20
01f910
02169c
02427a
02437a
01e44d
01c93e
022f38
02784c
02525b
02146d
023094
029340
0294d3
021cb4
01f5dc
024588
025fc8
023660
024d46
029bae
02936c
0215ee
01d3ce
0238e0
0277b4
02032c
01cac4
024b2a
02895a
0230b0
01fab4
01fd24
01e213
01dfde
02170b
0232aa
0202da
01b66d
019879
01c400
02053f
02262c
021db7
01ef49
01b1ae
016bd3
011778
0123bf
01de1a
02726f
022381
018cc1
0147ce
011a75
0115c6
016cca
01a376
01786b
0142a1
010b73
00e4d5
0120ef
01761a
017132
012b5c
00a87d
00233c
004a62
00cfc7
00dc15
00cd43
00ef2e
0098cc
ffee5f
ffbc7e
fffda1
0066b8
0092d6
fff704
ff2781
ff261e
ffb5f7
0032fb
003e93
ff84fa
feb133
feace0
fefbee
ff279d
ff72f6
ff6f61
fee05e
fe641c
fe18b6
fe10ee
fead6b
ff4ca2
ff165c
fe3bd7
fd6873
fd8f45
fe8b03
fe8257
fd8ac2
fdaa05
fe3260
fdbfd2
fda34f
fe21da
fdd4eb
fd72c7
fd988e
fd2a84
fcd62f
fd9b88
fdfbd5
fd6f79
fd5c68
fda645
fd7025
fd16ca
fceaab
fcdf11
fd35df
fdc725
fddcab
fd3e2a
fcb19b
fd00c2
fd929d
fd7843
fd48cb
fd9c4c
fd9b89
fd1101
fce61f
fd4199
fdbc11
fe2f5a
fe424c
fdcaa8
fd4409
fd19f5
fd7514
fe3c45
fecbb3
fe9c93
fe0c53
fdd9c6
fe3fc2
fea8bd
fe97b1
fe9c5d
ff2785
ff582e
fedbef
feca74
ff57b5
ff8c5d
ff8b96
ffef9c
001d7a
ffcdea
fff10c
00886a
008c0f
00447f
009a13
011154
0106fa
0111e2
019072
01d0e6
018783
01610d
01c30d
022145
02173f
0221cb
029d5e
031a89
0318cf
029995
023eef
02b6be
0365bb
0354e4
0348d5
03f1f1
042699
03746c
030136
03286d
039a65
0444ab
04a5e4
04834f
043ec3
03b11d
031b2c
037dea
0494fc
052bbe
04d58b
03faa4
039b63
0401fb
04105d
040199
04eae9
0544c2
03e92d
030938
03a0ad
044231
04a7ce
04d6af
044913
03a0b2
036a4e
038479
042824
047ce5
03b326
03435f
03bcea
03d97e
03dbcb
0402ea
0364ab
02e5b4
034ecf
034e7d
030b72
0384d4
03a31d
02fac0
02ae2b
02c28e
02dd6c
02f9c1
02b7c6
02734e
02798a
02289b
01e167
0241b9
028353
025b60
01e6c2
01028d
00f526
020662
01f4c1
00f21c
00fc57
00f98a
0034e7
008780
01510f
00c2e8
fffe6c
fff942
ffc5f3
ff6bc2
ff9db5
000de8
000837
ff4838
fe677e
fe50f0
fedfab
ff1e81
fed5da
fec78b
feeb11
fe1039
fccf2c
fd1403
fe0e58
fe4507
fe7f27
fe2bc8
fcbc8a
fc9d9e
fd75e3
fcfd98
fd0dce
fd8543
fbfc74
fbf7e4
fe4a06
fd8f1d
fc18ca
fd533d
fc4686
faa86b
fcec3c
fccdaa
fb3712
fead6b
fe5619
f94350
fce771
ff725e
f66ee3
f848b4
066aca
01ff8e
f2fe3e
f6dfd1
00c0a6
fee8ad
fda381
fe482f
f8ce35
f8a97c
001bdd
ff1567
f90d12
fc0c54
00a362
fd311c
f9c883
fba73b
fd6004
fe3c80
ff6367
fc9026
f8a158
fc2f34
018702
feb7a5
fb2177
fdc9f8
fe600e
fb2f64
fc455b
ff91c0
ffac65
feb9f0
fd572a
fbc79e
fd761d
ffdff4
ff5659
fedc06
feb63f
fd39b0
fe092d
0076e7
ffa820
fe9386
000c59
ffde3e
fe3e27
ff0f02
00b2ce
00dca0
006f3a
000cd5
0017d1
006ccd
006890
0119eb
021842
012e68
00232d
013bf0
022479
01e84c
024c94
02824c
019c83
013c3d
021bd1
034929
039765
02b5f8
024827
02edcf
02ed1e
02a06e
03a285
0474dc
03bf46
02fb03
02fdf3
035864
03d593
042196
0442d2
044951
03c611
037783
042a6c
04858a
03f0a7
03bdc0
041fb1
045dbc
0459ad
040c38
03f984
048cc3
049e79
03d5f3
03aa7b
04468f
046df9
040545
03d4c7
0414ee
042f84
03deee
03fd14
048d5a
0437d1
035cab
0345b4
0363a8
037a25
0442cf
0494dc
03995d
0307da
036579
036d33
033462
033064
030744
0301d2
035f98
038cd6
035dcd
02c84d
01d7ec
01c575
0304aa
03a4ec
02b4f5
01e4f6
01fbcd
01e1e1
01896f
01dcc2
0262bc
022841
01972a
014a43
010c12
00f671
0149dd
015cf6
00c27c
0051c4
00a24d
00f0e3
009304
0035ff
00934d
00b889
ff89e5
fe5df2
ff3255
01061b
012fe8
ff7101
fe03ef
fe69e3
ffbea5
0040a9
ffa4ed
fee398
fe5275
fdfaff
fe831c
ff9392
ffa58d
fed461
fe9cd9
febd82
fe33a1
fdf344
febd03
ff254b
fe990d
fe61da
fe9147
fe5028
fe4fc2
ff1712
ff6ae3
feab6e
fdd039
fda948
fe38f8
feff78
ff5e59
ff4a25
feea1f
fe2857
fdb6b8
fe69e1
ff5c56
ff6073
fee20d
fe84fe
fe457a
fe76a5
ff1c76
ff49b0
fee244
feda09
ff2204
fede23
fe687c
fe9e91
ff2182
ff4009
ff29b2
fef845
fe95d3
fea930
ff4e4e
ff7ff6
ff25b0
fefbbf
febf12
fe5834
fea557
ff774b
ffd282
ff98a8
ff1281
fe96f8
fea8c4
feffa8
ff209a
ff7f3e
fff2bd
ff8a09
fec75b
fec5f6
ff2eb8
ff683a
ffb511
000877
ffe7a9
ff5038
feeb1b
ff59f4
0024ff
002d08
ff97e4
ff89ae
001691
0069b1
00403e
fff391
fff01d
005326
0098c8
0052d2
00159b
007397
00f164
01073d
00f603
00df86
00ad33
00aa94
00f38c
013190
015bde
016f6e
013366
0118ed
01871d
01ca33
018619
016e80
019c83
01a126
0199e4
01a2ba
01a053
01c08f
01fba7
021be2
02277f
01f2fd
018262
0187c0
01fcdf
020a74
01d3d3
01e900
01fdff
01f293
021dfe
023949
01ed51
019f31
019809
019e99
01b4c0
020930
0239d3
01e80a
01aace
01ef46
01ed96
015cb7
013b10
01af2e
01cae9
018ce0
01a4ac
01fc44
01fbc2
01690a
00d182
010411
01bb18
01ec68
017321
0107fc
0122a8
019376
01a813
011a40
00b265
00f3bc
015354
0170df
015a1a
010b51
00b0e6
0091a0
00a62f
00de2f
011d5b
012761
00f4f6
008d19
001a77
002b0b
00ba41
00f045
0091ef
00325b
000b5d
0003d3
0026e9
007c7b
00b97f
0060c3
ff8efe
ff305a
ff9a92
00188a
00453a
003c48
fff121
ff812b
ff384b
ff34d3
ff7e38
ffd0f5
ffcb93
ffb0b7
ffade4
ff4a27
feb32d
fece2f
ff89c5
0001af
ffd3d5
ff3dca
fece95
fed7f5
ff128a
ff41ba
ff8630
ffa0e6
ff33da
febe0d
fefa76
ff9055
ff8cb5
ff01a6
fec851
ff0d41
ff76cc
ffc938
ff9481
fed195
fe7c47
ff0028
ff98dc
ffe25f
ffdd46
ff5fda
fed6b1
fec920
fef900
ff541f
ffd0a2
ffdd7d
ff9f62
ffa4cd
ff5c97
fea4ac
fec167
ffba6f
002daa
ffe24d
ff77b7
ff103a
fef232
ff7a35
001e5c
0015eb
ff7d70
ff09f2
ff17a4
ff61ac
ff8b97
ff9b91
ffd75d
001e8d
ffdd4f
ff1ce7
fed1e6
ff5f86
fff7e8
ffe378
ff50be
ff18f2
ffb84b
004495
ffcf61
ff40b7
ff8b76
ffd36a
ff89c9
ff6f3e
ffa970
ffc071
ffc473
ffe005
001006
003a8b
0015e8
ffbb64
ffa63e
ffc424
fff15b
00583f
009928
0061ba
0038e8
005756
008320
00d2d0
00f79e
008057
00289c
00a687
013575
0131bc
011349
012ae2
0151cf
019b38
01ed43
01baad
0118ff
00e740
015f5f
01fa58
02672f
027770
022cda
021c43
02631a
024510
01ea90
021a6c
027ccf
028539
0282e0
029d9d
02c342
031723
033e3a
02d68e
0265d2
025fe5
02a06b
02f9ee
0329fc
03112b
02fc63
02f953
02f647
03336f
03627e
02efa8
02606a
0277f9
02f0af
034fed
03790a
033db2
02bd0c
02923d
02da8b
02fff0
02cdd8
02badc
02ea64
02f571
02d54d
02b3df
027370
02528a
02b7ca
03134e
02d03a
027a9f
02732e
02542d
021a93
021bf4
02469b
02659b
0273fe
027c58
026f08
021a86
019492
0149db
017ba5
02056b
027849
024c9b
01a416
013364
0117e8
010ebd
014e01
01c64c
01db81
015a61
00a715
00505c
00ab5c
014da3
016ad3
00ee8a
0066e3
0038d9
005167
0063cd
006b07
0079cc
0046bf
ffe3b2
fff98c
005129
001fae
ff9bbe
ff6361
ff758d
ffaf89
ffd4b0
ff9955
ff5de0
ff8e5e
ff9aae
ff04c2
fe7617
feb7df
ff82fb
ffdee4
ff5357
fe7f91
fe3c6b
fe8fc5
fef3c1
ff26f9
ff2eab
fee288
fe3dff
fde239
fe3e58
feceb9
ff16bf
ff0e3f
fe8871
fdc9f6
fdad16
fe2651
fe8b8c
fed14a
fed5e4
fe4d6c
fdd5ea
fde2e2
fdf378
fdf918
fe4f07
fe7b36
fe23ba
fdd9bf
fe0a7c
fe5c5d
fe365c
fd8fd1
fd3788
fdbde6
fe5b30
fe2f5b
fdb106
fdb214
fdf7d8
fde1a5
fd8eb7
fd7171
fd8f97
fdc01c
fde250
fdb995
fd5e80
fd51c9
fd9501
fdcdb9
fdfb85
fe0068
fda80f
fd4d32
fd3873
fd3e3c
fd8f79
fe3aaa
fe7930
fe0454
fda0fa
fd9f7a
fdbd91
fe167b
fe823d
fe65a2
fdfc42
fe1aa7
fe873b
fe8dc1
fe87e3
fefa6e
ff5e66
ff3ca4
fef271
fedeea
ff11fb
ff74de
ffb1f2
ffc1a8
fff542
002f3c
003f50
006c32
0099a2
007287
0066ef
00a5de
00ab52
00caa0
017f3b
01e4a9
0184f8
016d75
01c337
0176c5
0108ce
01d5a9
02fa06
02aa98
01912f
0171f2
023397
02d6a9
030b45
02a7fc
020d29
0238b3
02da6c
02d9df
02985a
02af0f
029c95
02825f
02f5dd
03426f
02e030
029a19
02bfa3
02ced0
02c53c
02ddb4
02e8ed
02bc5a
028f19
02aeb3
02fedb
031d59
031836
02ff24
0276db
01f11e
026a37
03377e
0310c4
029958
02c59b
02dec4
0281a9
027843
02a964
026af1
024edb
02c508
02e5c0
026758
02288e
0258ee
027d2d
027c57
025cbb
023945
0241d0
022e04
01dc80
01f79a
026559
0225a7
017ae9
017fb6
02024d
02256a
01d9b6
0175fa
012c2a
011b28
013e36
015a49
0142c8
0124b8
0139ea
0119f5
008bd6
005f5a
00cb49
00cd94
003f84
0003e2
0032d4
0060fd
007532
004be0
fff798
ffbd84
ff6c61
ff2046
ff6960
ffef48
ffff1e
ffcaca
ff7201
fedefd
feb449
ff1e71
ff4555
ff2627
ff5b96
ff530a
fea12c
fe646e
ff02e2
ff396f
fed44e
feea36
ff2938
fe9ea2
fe2ba0
feb1c6
ff2516
fecce1
fe82c1
fec733
ff353a
ff3f4e
fe96c8
fde48f
fe3db2
ff2bfd
ff5500
fece88
fe9287
fec5de
feeed7
fed80d
feaab1
fe8ccb
fe9584
fede1f
ff3121
ff0f1a
fe9789
fe6aef
fe9833
fed778
ff1009
ff07da
feb880
fe9904
feb9d9
fec1fb
feac5e
fe9b43
feadf8
ff0bf5
ff4736
fedb46
fe5584
fe7b91
ff082f
ff48c1
ff05cd
fe9bc5
fe9f5f
ff229e
ff86ca
ff55d1
fee11b
fece13
ff3553
ff98f4
ffbdf1
ffcfe8
ffb263
ff512f
ff281e
ff9feb
006bbe
00c525
006137
000473
004737
008409
006988
00c185
017cae
018d59
00eb48
00923c
010006
01d3ca
026a6e
027fc1
023a75
01c62b
017da4
01b571
0242ab
02f40a
03926a
035c86
027254
023d50
02eee8
0366ce
03738c
0373f0
035372
032f83
0339f7
036322
03bfd1
04110a
03dd2f
037ddf
0383d4
03c8c7
03ee59
03c61c
037d51
038029
03a0c4
03c04a
0452c0
04a3ab
03aa20
02b20d
03261a
03d8ed
03d183
03c63a
03d399
038bd8
033710
032092
03404f
038730
03a329
036393
0308e6
02bb92
02b581
032462
036bca
02fa86
028004
02b665
0304b8
029ebe
021165
02436e
02c116
02a690
023776
01f92f
01c9e3
01be4d
021268
0245d7
01d643
013ff1
013261
017788
0177f8
014f57
01464d
00f67a
005a58
0055b1
00f606
014627
00e6f5
002445
ff87c0
ffb265
0042b5
002f9e
ffb95b
ffaeee
ffd1a2
ffa06e
ff42ed
ff27fd
ff4d0d
ff2689
febb9d
febc6f
fee2ef
feb305
feb4f3
fed3e7
fe9e88
feb820
fed58d
fe137a
fdb595
fe0bf2
fd6f3d
fd4416
ff14da
ffc618
fe645e
fe3b2a
fe6007
fc596e
fb8c36
fe2362
ffe97b
fec29d
fd6b0d
fd7cd5
fe7b6c
ff1ec9
fde06e
fc540a
fd569a
fecb2f
fdd474
fd6468
ff20cd
ff08ef
fd1d12
fdbace
ff52e4
fe62b0
fd811a
fe1db2
fd8231
fd0f49
fef2ac
ffb5c0
fe508e
fe6e88
ff21e4
fdc6ec
fd1cab
fe8726
fee0d3
fe1199
fe5305
feb990
fe78ca
fed680
ff36bf
fe568c
fdb6e1
fe5dfa
feac3b
fe4d86
feae1a
ff22b1
fe77e3
fe24c8
fef202
ff2497
fe91cb
feb2ac
fefb6d
fea146
fe8f93
fee752
fef283
fefed5
ff47d5
ff6ea8
ff788d
ff5f08
ff132d
ff19b1
ff72f7
ff96bb
ffb627
000d5b
001b69
ffd435
ffdacf
005300
00a270
008051
0068b9
0083e1
0071f4
008963
01278f
019685
01812c
018262
01920f
0161e4
014ee7
0184df
01dc0a
024241
027e0c
028383
027334
0239a7
023cb9
02c154
02dfaf
027b86
02b5d4
03481c
033e34
03000e
02f0fb
03012b
0367dd
03a82a
033b19
02f86f
035738
03a970
03b08a
037c9c
0332ad
03616e
03c654
03a7be
037893
0394b2
038321
037a14
03ab94
038dab
035f30
0399fd
03b369
037598
0352f0
0344f2
0347b3
0399e8
03e5fb
03b98b
033f2c
02e3d1
02ddcf
031c6f
036394
038756
036f79
033d4f
032920
031644
02e17e
02bfa0
02c6d4
02f15f
03267c
02f3f8
02758d
028a14
030cb9
03066c
029125
024e74
02342c
021ce9
0229cb
025e13
028390
025a2f
021844
020e56
01ec27
01965e
018a50
01b7f0
01d6ab
01fd59
01c9f5
01261a
00f17e
013969
0160d5
019aa0
01ac1f
010194
007a2d
00c30f
010765
00f7eb
00e793
00ace6
0074c5
00b0b8
0108e6
00fe9b
0077c7
ffdba7
fff8b9
009c33
00b423
006524
00637a
006bb7
00484e
002aba
000c99
0022d2
007703
006b12
fff542
ffc42c
000455
006b71
00863f
0031a7
000966
002f8b
fffb7d
ffafac
ffef07
0044fd
005761
006460
002d83
ffbea4
ffc16b
002e7e
0062a2
001fcd
ffb519
ffc4df
003eed
0041c3
ffdfa8
000771
005995
fffa4a
ff815e
ffade4
fff634
ffe10d
ffe3d6
002eb7
002cee
ffb8c1
ff5d8d
ff55f3
ff8e3b
fff6c4
0012f3
ff9869
ff2a0a
ff38d0
ff80ca
ffcc4f
ffd586
ff7125
ff1ae3
fefee0
feebd6
ff3292
ffa6b0
ff85ff
ff3877
ff475f
ff1636
febfcf
ff04f4
ff538f
ff1943
ff050c
ff3bae
ff24e8
fedd1b
feef6f
ff60af
ff9a8a
ff34c7
feb1f3
febc6c
ff2595
ff8646
ffb1a1
ff78b8
ff1f85
ff317e
ff732c
ff6820
ff5fe9
ffbd57
00107b
ffd269
ff6a08
ff7c30
ffcdf9
fffa3c
002fdc
0038e7
ffed64
0009f0
0080b7
0052fd
fff0e3
003cde
0085c8
0076cf
00b9dc
00ee46
008837
004adc
00a5ea
0107fc
011120
00e3de
00d3b7
00fc66
010ab7
00eb3f
00f2a9
0134a7
0195bf
01c3e4
013ffb
0099b2
00f7bb
01d243
01de3f
016a11
01461e
015e4a
018c16
01e023
0209eb
01bd6c
014f8c
014ed3
01c4e6
021f64
020109
01c43a
01cefe
01ee60
01da88
01c745
0200c6
0249c3
024198
01fb18
01b5f1
01aadc
020a0a
027340
025e79
02249b
022bf7
020d31
01c3ae
01f8c0
028286
02865f
01f481
019e7d
01f5da
0263ef
0250fe
021ce5
022446
021f5d
02032a
01ebc4
01bc84
01c303
0232d6
02584f
01fa3e
01c92d
01d616
01cdc6
01dc14
02036e
01e6af
018ec0
0154a5
018e36
0210f9
0220e7
019a1f
0152c2
017ee3
0187c7
016303
01621f
0173f6
0177ca
017d21
0180ba
016486
011b03
00da4e
00f50d
0157f6
019878
017653
00ff46
0082c8
007cc4
01039d
017ad7
0146b1
00b521
008399
00b399
00bd51
00a452
00a87b
009ca7
008aad
00b9aa
00c562
0043f0
ffdb93
003773
00c101
0093b3
000450
ffe3f4
00128c
0007ce
fffbf8
0035bb
003b1c
ffc6c6
ff5d66
ff8158
ffebf8
fff6ef
ff9470
ff5b3c
ff7d00
ff8f45
ff6796
ff2ccf
ff0c57
ff4095
ff8b44
ff4b56
feb0d2
fe8b54
fef201
ff4950
ff3263
fec9c1
fe6f08
fe566e
fe78af
fedc42
ff28f0
fecdba
fe23a5
fe09ae
fe71a2
feb24f
fe9586
fe5bd3
fe5e73
fe8a01
fe7ab5
fe5658
fe66e6
fe63d6
fe5181
fe94c0
fecf72
fe8362
fe336e
fe73fc
fefd6d
ff2d53
fec4e4
fe5d15
fea361
ff2d25
ff4b22
ff2bd9
ff1b88
ff106b
ff3784
ffa652
fff738
ffd6e8
ff73d4
ff58d4
ffd556
00559d
00395d
0009c9
006018
00bbc3
00af8e
009388
009027
008e43
00bec4
012841
01607c
0150f5
014b0a
016795
019163
01b25e
019df5
018197
01d0e6
0242c7
022803
01c53f
01e5a1
028520
02fb2f
02d300
023de2
01f18d
024ca6
02e81d
034103
033437
02e874
02bb86
02e623
033978
037215
037596
0354e4
035602
037510
036097
0343e2
03889d
040efa
0462a7
043643
039d9a
0350cc
03b958
0425cf
04207c
0435a5
0492a2
04962c
0420d2
03d014
04078f
047305
04939c
048184
048ae4
048fbc
0465cb
044198
044b37
047106
048489
046caf
046421
04a51b
04da48
049162
03ebd5
039503
040008
049de2
049e67
044c1e
0435a9
0404ba
039c85
038dc0
03c111
03c650
03c551
03bb95
03674d
03188f
032825
035614
034c1d
02e9af
026e55
0256ae
029efb
02b5b9
026e50
021ebc
020de2
021999
01d69d
014a0f
0117c9
016220
018911
015e79
012d7b
00e790
006ef9
0027f3
004c78
006e99
003954
fffdb0
000f4e
001aba
ffaed7
ff0392
fec037
ff238f
ff9fe1
ff847e
fef549
fe9a08
fe8914
fe6307
fe21c4
fe0bd9
fe47aa
fea2c6
fe9946
fdff13
fd6a00
fd5ff7
fda862
fdcd2f
fda40b
fd4da6
fd17ef
fd3dbb
fd9b0e
fdad6a
fd2f8f
fc9b0c
fc9198
fce430
fd044a
fcebb6
fcd9cb
fccb20
fcbaf0
fcc410
fcc5bf
fc868f
fc4b33
fc7d12
fcdbda
fcd62a
fc894d
fc6bb7
fc79e2
fc7ef7
fc9682
fcd23c
fcf8af
fcdb92
fc9db7
fc8658
fc9f21
fcc601
fd02a8
fd516e
fd62d1
fd2838
fd0f49
fd3f86
fd6d46
fd7612
fd8c3c
fdc03d
fdf394
fe193c
fe3bdf
fe42c2
fe2086
fe2aa6
fe9b32
ff0ccf
ff1829
fef03c
fef6c6
ff3328
ff7d12
ffc3e6
ffecf0
ffe350
ffd177
000b98
0079a2
00a155
007d3e
009067
00fb16
014a24
01421d
0129ad
0142e5
016f79
019760
01e195
023d7d
023cd8
01ec8d
01ec05
025765
02af9d
02c627
02b7bf
029570
02a4ad
0305d4
03457b
032500
031f88
037625
039fd4
035a8d
0333f6
038e04
03ed67
03deb8
03bc88
03e9ef
04231d
041c4a
040671
041701
043597
044468
0454cc
047271
048a25
047e7c
0454f8
044de3
049d2e
051658
053d43
04cd0c
042ed3
040773
047a9c
052688
0576e2
052201
04a189
0498aa
04c431
04a052
04867b
04c804
04ed6e
04bdc3
0493da
0488d6
048b6b
04abe6
04b664
0474a4
0416bc
03da86
03dcb1
042a94
048013
046740
03e1cd
037139
035f2e
037602
037d90
03806d
0371a4
032a3b
02d11d
02b4ef
02d6fd
02ef2e
02bc3a
024ddc
020e5f
0224bb
023577
0210fe
01de4b
01a2bd
0162d0
0153b6
017886
017dcc
013a07
00e34d
00bfa2
00b9ae
0093d9
0065b2
006eb2
0085a6
006605
002c73
fffe15
ffc85c
ff9dab
ffa3d6
ffb092
ff93fb
ff806c
ff92b6
ff8390
ff2e05
fee616
fedb15
fedc80
fecfde
fed47d
fef403
ff12d2
ff03e1
fea136
fe1cba
fdee26
fe2ff1
fe8768
feb4ea
feabc3
fe600e
fe09ae
fdfa8e
fe11da
fe01df
fdf297
fe198a
fe3af3
fe2b4a
fe1ae4
fe1076
fde3b3
fdc0a7
fde869
fe18ee
fe02c8
fdf01c
fe2efd
fe66ab
fe3f5a
fdf75e
fddd86
fdf8b3
fe411f
fe9ce5
fed144
feafdf
fe4c52
fe16bf
fe7657
ff222c
ff6819
ff2dba
fef101
feec79
ff13ee
ff723b
ffe1b3
fffa12
ffbcbf
ffbc9d
0031df
00a1b5
00ab15
00792a
0057f2
007a3b
0103da
01b9ce
01f96c
019453
011a6b
013f0c
0216b8
02dcba
02d152
02430e
02037f
0234a8
02a395
034ff4
03e68b
03e921
037700
02f349
02ab60
031e61
043db9
04e375
04763e
03e075
03dbe7
03fa39
03f7e5
043f90
04cdac
04f89e
04997a
0449d4
045a37
047690
047299
0499c6
04f9e8
05241e
04dc03
048510
047f21
048ee8
046d9b
0466ad
04c84b
052dfd
0513b2
048d1a
0426fe
0453a5
04bebe
049f5c
042515
043fe8
04be27
04aed6
044178
0436fa
045741
04204c
03d254
03e5e2
04470f
046dd9
04092d
039648
03aa70
03ea5a
03bbb2
0362f1
036a7d
03ac95
03b07d
036f4e
032c10
02f516
02c33f
02cdbd
0317c0
032bc4
02d5e4
027950
025f63
0264bd
02506b
020ec2
01da04
01faa4
022cba
01fd27
019762
015aca
01415f
013989
0148e7
013e57
01064d
00d6d1
00aac1
006dc4
005694
0079dc
0086a1
0060b6
003fc4
001346
ffb345
ff7316
ff94f7
ffaad9
ff7189
ff5f2f
ffa699
ffba38
ff4a8c
fec506
fea2f5
fee505
ff163c
fed4c9
fe6e9e
fe84de
fefb54
ff2be1
fed78c
fe41cc
fdd5d9
fde663
fe5912
feb4e2
feb3dc
fe6367
fdfe85
fddc97
fe142e
fe48a4
fe3776
fe12a2
fe046b
fdf2a9
fdea2f
fe197a
fe4a33
fe1cb9
fdb5b4
fd9de9
fdf3cf
fe4ba3
fe4a35
fe0d63
fdf35a
fe067d
fdf0d4
fda7ad
fda3c6
fe15a0
fe84a4
fe9954
fe77c2
fe3677
fddd38
fdb148
fddcd1
fe294e
fe7cf5
fee5e5
ff1285
feace6
fe2234
fe1d2c
fe779f
feb2eb
fee037
ff29c8
ff3f94
ff02fc
fed74e
fef989
ff4790
ff93b7
ffba0b
ffae81
ff93c4
ff9997
ffd55c
002272
003bc6
002a9c
00497e
0093d2
00c066
00d773
00fa61
010854
01022f
0118af
015730
019c19
01be91
01af62
01b863
022429
02a13f
02a6e4
023c24
01ecc0
0231b6
02f351
0377e1
0341e1
02c29b
02bf85
033e95
03a3e2
03b200
03bcc4
03ca44
038bb7
03471b
038b30
0404b4
04293d
043ef4
04877b
048b8c
04112e
03a2b5
03cb2e
046cd6
04e5bc
04ca4a
046e2a
04402b
0443c6
0472dd
04c4b1
04e90a
04bae7
048c28
0487e5
048c8c
04940e
04a691
04c1b6
04d899
04dd03
04c095
049898
04a2d2
04ecae
04fd5d
04889d
0433d2
047e02
04ccfa
04c04b
04d591
05096d
04c83a
0438e6
03f318
04229c
0492e2
04c826
0479bf
042e57
0446d0
044691
03f4d2
03cfc0
03f1f8
04025f
03ddd0
03ac9c
03ac10
03cbbb
038dfb
030c59
0304d8
036751
036fdc
031851
02d8f3
02b467
02900b
028aa4
02a114
02a516
0277ab
022f6d
0201e5
01f885
01f330
01ef76
01efc1
01d285
01947c
015c04
0149f1
016dea
019f15
018b10
0133f4
00e531
00cf49
00dd70
01016e
0133fd
014c13
01001d
007ffa
006624
00aa6b
00bbd7
00b0b7
00da02
00e2d3
009d0a
006ce6
00614d
0063c9
00a090
00c867
007a76
003dfd
00764a
009ba3
007e6a
007d40
007a5b
0039b3
0012f9
004d5d
00a62b
00af2c
0050df
fff7d9
001351
006535
006595
001f49
ffff2e
00297e
005034
002ee7
fffa40
0008a4
001e55
ffe8d3
ffb3cb
ffcd43
000455
001c45
000b65
ffd118
ff90cc
ff7f2b
ff9f54
ffcbe9
ffef29
ffe0d7
ff900c
ff4522
ff603b
ffc6ae
fff4c1
ffb46d
ff6068
ff4b7c
ff6592
ff9738
ffdb59
fff0a0
ff9dc2
ff3569
ff4919
ffcc64
00109a
ffd036
ff9cc4
ffcfdf
0004c8
ffe9c8
ffbf9e
ffc6bb
fff988
003e74
006c8b
006ea1
005db2
005258
004d30
005aa4
007c81
00ae90
00df6c
00ef22
00f3d4
01208c
013b1c
00fc8e
00df14
0148c9
019c85
017b6e
017d41
01c4a0
01c25f
0197a5
01d194
021bc7
0203c0
01e2c4
0209cc
02431d
027103
02792f
02311f
01ff4f
026c76
02f110
02d540
0285c2
02953d
02ab47
028c96
02ad1a
0309d5
031605
02d205
02c00c
02fbe0
03240e
0307c2
02e46f
02fc7e
0334e6
033f15
0311fc
02f535
03172c
034581
034f2d
034adf
03492d
0321b5
02e239
02edcc
035501
03b119
03a33e
033e56
02e937
02d6cc
02e55f
0312aa
0373b8
03b19e
0373e2
030e32
02e648
02e142
02e074
02fabf
032364
033125
031424
02de05
02c166
02de93
030b1f
0307c4
02c304
026966
02454a
026d03
02a8e9
02dc94
02f3eb
02ae40
022fd7
01fc3f
021094
0215c4
022766
0260c0
026c73
0229cf
01d872
01b23f
01d17f
0212af
021236
01bcd0
0168e2
014e72
0171c9
01ce7b
020e19
01c894
013dd2
011256
01409f
0138f2
01013e
011f65
017cf6
018685
0129ef
00d8ef
00cc65
00e065
00cf30
00a58c
00d533
012c55
00e782
004a1e
005547
00d359
00dc42
008360
003c9a
000e9d
00163d
00555e
007328
006bd0
005656
fffea2
ff9a72
ffc2ff
0034e6
00336b
ffc65c
ff766d
ff6d56
ff898d
ffc3c8
0014bd
0023cf
ff9e84
fef33d
fed6b5
ff3039
ff8144
ffb898
ffc76c
ff871e
ff4027
ff34f8
ff278d
ff1274
ff4460
ffa22b
ffb682
ff647e
ff0e08
ff14e9
ff70d8
ffcb80
ffec6f
ffcc25
ff86a8
ff588d
ff6c46
ffaf61
0006a1
004b77
00420b
000cab
0008e0
00359b
006768
009716
00a6ef
0090cc
00a943
00f535
010c12
00f744
01328b
01ac37
01bee6
016085
0146f1
01b8be
021b71
021a21
021f9a
0259a2
0281f6
027581
0255af
0272a0
02f384
03681b
035e4b
031d2e
02e8c9
02bb31
030d19
03fb08
0474ca
040afb
0397b3
03751c
037ce8
03fb24
049fc4
04922c
04342b
044416
044f28
042c90
049282
05214d
04d29a
0434bf
04676d
0508dd
053c47
051bf6
04fb1e
04c514
048fd9
04ae0d
052f1a
05c948
05ea01
053f32
047182
048357
054d80
05cf30
05ba20
05731a
053930
051cdb
051d20
053844
058eab
05f8c3
05ccce
051909
04d712
053d13
058639
058106
058a8b
0586de
0549e7
0526b8
054134
055496
054638
053407
051eda
04fcaa
04f43c
050d54
0513ed
050616
0518b3
0519d3
04a5b7
040daa
04058e
0487df
04f2e2
04e71f
0478e8
03f4c8
03bead
03e36b
03fa12
03c91e
03967a
03a616
03c0cb
038e1b
032721
02fb08
032988
034cbf
030f32
0295ed
024415
0247cb
027e63
02a9aa
029c7f
024fa0
01e4d9
019173
017d5d
01a5f9
01d8b2
01d2ee
01781d
0101f6
00db93
0118a2
014ecf
012206
00cbc6
00a049
008046
0041e0
00288a
00747c
00c878
0095ab
fff1a1
ff84ca
ffa4ee
000183
0025fd
fff5b9
ff8fd8
ff33a9
ff3681
ff8e27
ffb677
ff7616
ff35ed
ff3240
ff1bca
feccd4
feaec3
fef652
ff3b94
ff1b1c
fecbbb
fea677
feaa7c
fea7d9
fe9287
fe7c7e
fe7886
fe802c
fe88b0
fe9403
fe8d00
fe6075
fe3d66
fe4ca8
fe5935
fe416d
fe38d2
fe4448
fe3f9f
fe4c04
fe7530
fe6dfd
fe2880
fdfc41
fe1968
fe5ae1
fe7f29
fe6314
fe3efc
fe515d
fe69da
fe57a2
fe5c4b
fe98d6
feb6cc
fe901f
fe6d95
fe80ef
feb97b
fef54d
ff1163
fefd39
fedb75
fee282
ff1db5
ff64e7
ff8859
ff7c3a
ff6100
ff67bc
ff9715
ffd60c
001a9d
00578f
006926
0048c9
00147d
ffff6c
004e4f
00fc95
017aef
017150
013148
00f5a4
00cd70
011760
01df33
0268b0
025111
01f09b
01998f
01a2c1
024911
030325
032aa5
02f338
02ab3a
025c06
026eb0
031997
039f9d
038b02
035a65
036706
038056
03884f
03726b
035abe
03a183
042b41
042e9b
038eca
0341e0
03c8c9
0468c4
045fe1
03e32a
038904
0382c3
03aa0d
03e2ee
04203b
04388e
041068
03d1b2
03908a
032e6d
02fce8
03856f
0453f5
044c99
037509
02cdbd
02c269
030fa7
036e46
038239
032426
02bb23
02946c
02a046
02db0b
031143
02c864
022fb8
01f553
02117a
021dbc
023d1f
02781b
025c81
01d60c
015749
01269d
01447d
019995
01e132
01cfb7
016f90
00f8b9
009d57
00927b
00df24
011828
00ef66
00b1ff
00afda
00a3df
0060d2
003ec6
0059fc
00498a
fffee1
ffeb13
002e08
005c35
0021dd
ffbbde
ffabe9
fff041
fff86c
ff9eae
ff68eb
ff955b
ffc437
ffbc7b
ff9b97
ff6f88
ff4d72
ff730a
ffc0f0
ffb5a6
ff40df
feebf8
ff1331
ff7fad
ffc228
ffa0ae
ff4a6d
ff28d2
ff449d
ff3a74
ff103c
ff389e
ffacba
ffd8f7
ff7f9b
fefb85
fecdc9
ff2893
ffa308
ffb941
ff8f57
ff86ae
ff6ba5
ff2407
ff30dd
ffa009
ffc0c4
ff78ec
ff6d46
ffb5df
ffcca9
ffa4d6
ff9ab3
ffb2d7
ffb20c
ffa209
ffb911
fff318
0013cc
000563
fff441
fffae1
fffc33
00022c
0035c0
0072ed
005b55
000bae
0008d3
00768d
00e580
00e415
008f71
00672f
009529
00cb1e
00e32d
010d5b
013b9d
012ded
010a0a
012765
016ad1
01869c
017b65
017242
0195e7
01f5dd
0240bc
02155d
01b3fd
01ba92
023259
0290fe
02a0e9
02a032
02b6ef
02c8ce
02bd2d
02b302
02d05e
030812
03415b
037b17
039fff
038afe
0367d3
03837b
03c762
03ec5f
03e5f2
03cea6
03c691
0404bf
04763e
04a8c2
0478f0
04420c
042e48
0434a5
0471a8
04c7f8
04bffe
0463a2
045490
04c0ac
052370
0508e8
0493fd
0444d2
046293
049ed0
04a067
049637
04cdb8
050355
04cc25
044d9a
03fe00
040c2f
0445d2
047a78
049bf8
04898d
041781
038cb9
038044
03f243
04308d
03ec46
038e38
036986
035f24
03493d
03314c
032e1b
03421a
033826
02e1c3
027593
0258f7
0291ee
02cb82
02bffc
025dd6
01e517
01b597
01da18
02093f
0221ad
0205a8
01973f
011f3c
010d5b
013e6c
0153cf
015b12
016246
012dd0
00c3f7
006faf
0051ea
007a4e
00d2bf
00e4d7
00831e
0034d7
00374d
0015f7
ffcbd3
ffda4d
0031e5
0057b8
0032f9
ffd5c2
ff4925
ff0986
ff7f97
001dd3
002c40
ffd453
ff7c0b
ff20fe
fee44f
ff166d
ff776c
ffa2e6
ffb08b
ffb4da
ff647f
fee278
fec92e
ff2fce
ff85a6
ff8170
ff53f6
ff2c26
ff1687
ff3533
ff7d86
ff973b
ff5f46
ff2234
ff17a7
ff35c3
ff7777
ffb8a7
ffa5bb
ff4a45
ff38c3
ff9faf
ffe734
ffa580
ff49b7
ff638b
ffc96b
fffe18
ffe56d
ffba28
ffaaf3
ffc406
ffee58
fffa97
fffa97
001dcb
0038e1
001424
ffecf4
00039a
00264c
0037ac
0062f6
008c53
006e62
002fb1
003d21
008417
00a128
00816b
0067ca
006e28
008ca8
00c524
00fe14
00ef50
008ce6
004a0a
008868
00fe5c
011da1
00ee92
00e49e
00ff21
00edb3
00c328
00ceaf
011041
0141f4
01256b
00d71c
00d866
015489
01a5ef
015dae
00f4fe
00dc17
00f8e5
013b7a
019728
01b23a
017a7b
014a0f
013d74
013c2b
015fe9
019f31
01b048
0197fe
018ee4
018b4c
017a38
018375
01b14e
01e294
020777
0202f0
01ad97
0156ff
017fe6
020178
023cb3
021a0a
01fca2
020bf7
021655
01f14c
01c078
01d6b9
0232eb
02663a
0248a2
022c88
022f8d
0225c9
0211bc
020e00
0221ac
025086
0277b3
0260dd
022ad4
0218f9
021cd8
02237a
0242f5
025c5d
02429a
022818
023c05
024120
02091c
01dc66
01fc29
023384
0230d5
0203b3
01fd23
020e02
01e300
019269
019b3f
01fbc8
020e51
01a4e4
016ac9
01ac50
01caac
0169ed
01193c
014809
019c8f
019ab4
014a5b
0103bb
00fa71
0117f0
012a14
011673
00dd0e
00b18f
00cc13
00f6a3
00de43
00a80d
009eae
00a93a
00a22c
008281
0046c6
002f1c
008310
00e138
009fda
0003b0
fff0fe
00761d
00b935
0050dc
ffdf09
ffff0d
005e4d
007204
005f8e
007862
007908
001fc1
ffde3f
0021d9
008f86
009c5d
006696
005ff1
008781
009841
0080f1
006618
006e8f
00a086
00c5ba
00c23f
00c6bc
00e65d
00e8b4
00d940
00eae9
00f305
00d0d8
00d7c3
0135a7
018039
01591f
010542
010499
0150ad
017dfb
016825
014923
013cc1
01433f
0166ca
019a4d
01bf31
01c8b9
01946d
011ee4
00e506
015286
01f1f8
02008c
018df9
0141bb
015e20
018ed6
01859f
0157f1
013bbe
0145ac
016710
018639
018e3c
017a40
013cac
00e837
00d499
012077
0168bc
015d7d
01264f
00fa82
00e7c4
00e57d
00cd28
00a873
00c8fd
0130a4
0150cc
00dafa
004255
001fe5
0081bd
00f092
010571
00c4d3
006dbc
003c8f
00569b
0092db
009d73
006b99
004bcf
0071c3
009c8e
006ac2
000910
000f23
008730
00c959
008983
002b4e
00142a
0040b0
00679d
00542a
00380b
005b0a
0095a5
0098b5
006ea1
0046cb
003120
0039d1
005eed
00859b
00a34e
00a670
007364
003d0c
0050c8
009dc7
00c906
00b84a
009419
006fba
004663
003ee4
008fb6
01066f
012b7f
00db45
007276
004d83
006c70
008fe7
00a69a
00d7f8
010450
00d9d7
008434
0079b2
00bf44
00ea41
00beef
006a76
005bc6
00a7c0
00e4a5
00db05
00ca35
00b8d0
007e3e
005492
0074f4
00a44c
00ac5e
00a938
00abc6
009777
005fec
00339d
005c6b
00c4f1
00ddc9
00718c
0007b5
00162d
005d93
007b6e
007d56
00793c
004f1f
00222c
004238
007d54
005175
ffdded
ffcaa3
003c13
00a544
008b4c
001dbb
fff049
0016e4
001e16
fff15b
fffe83
0046ee
0063a6
00402f
0010f5
fffbd2
0005ca
000a29
0000ce
002ed1
007b4c
005d26
ffe5cb
ffc932
001873
0047e1
0042d9
00506f
00593f
0020b8
ffec14
001bcb
0073a8
0070d9
002a36
00191e
00471f
00600f
0051d9
0052ab
006bf8
006766
003a31
0032e1
006d35
00906a
0070df
0042cc
003347
005163
0099bd
00bbc6
007982
002955
003119
006ce8
00889a
00775b
00608f
00664b
007967
00741d
005e74
005205
004eee
005a7a
00701e
006ddd
0051f9
004ac9
0055b0
004f09
004a6a
006077
00705f
004a6b
00045f
fffd60
00521e
0096d7
0077bd
002c22
0001e1
fffd1a
000e1e
003bb9
0069b5
006344
00226e
fff560
0011cb
003928
00297e
000005
fffb12
002b6d
006585
005035
ffe88e
ffc237
0012bf
004537
001780
fffdb4
0023d0
002960
fff6e6
ffe697
001206
002b29
000e7f
fffb43
000569
ffee85
ffd31c
00140a
007431
0049be
ffa948
ff624b
ffce8c
006782
0084fe
002b90
ffd377
ffbdb8
ffd41f
ffef1a
fff1c8
fffb97
004413
0085fe
004363
ffb45f
ff86d5
ffe3bb
0047e0
0051cc
002f57
002f81
0036d1
001831
000e85
0038bd
004291
001d62
002c74
00733f
008603
004b55
00271a
005530
009774
0095b0
005e59
0047c4
006835
009f58
00d5ef
00d812
008042
002eca
005e03
00ddeb
011b52
00f18e
00aa05
008474
0092df
00c35d
00e2bd
00d8d0
00ca48
00d8a0
00f109
00f0a8
00cbdb
008c7e
00774b
00d400
01512d
013f9d
00a45b
00471b
0087b8
00e894
00e5bc
00aa8d
00a7d7
00dc70
00d487
00779e
004358
007e38
00c8bc
00b7b2
005aa6
0021be
005a06
00bc72
00b61c
003a6b
ffe16a
0010fb
0063c0
005421
0010e4
001b3d
004ea3
002f3c
ffd55a
ffb94b
ffe9c7
0017f7
000e13
ffde85
ffc429
ffc1a7
ffaf95
ffb23a
ffd6e1
ffcbaf
ff8c04
ff82a3
ffa7b8
ff9dba
ff8181
ff8fa1
ff9a2f
ff6ec0
ff38b8
ff362f
ff6eef
ffa060
ff8b52
ff44b9
ff183d
ff222a
ff35cd
ff2396
ff071a
ff2b1f
ff73c5
ff77e0
ff11e2
fe9b12
fe8a35
fef530
ff5ec0
ff5111
fef56b
feb67a
feaa4d
febe11
fee6dc
ff047b
fef736
fec126
fe84d4
fe8518
feca02
fee9a4
feb920
fe9437
feadd9
fec29e
fead19
fe8226
fe5b03
fe630b
feaaff
fedf53
feb4ab
fe688a
fe5944
fe8344
fea77e
fe9eee
fe73f9
fe4d7e
fe4ca5
fe733c
fea418
feba8f
fea275
fe7096
fe519b
fe5314
fe5aa6
fe6803
fe957b
feb895
fe97b7
fe5d69
fe4fb4
fe63b7
fe84a6
feae4e
feaddc
fe779d
fe57d0
fe7033
fe964a
fea706
fe9896
fe8787
fea372
febfa0
fe9bb2
fe87c5
fec434
fee547
fea541
fe7156
fea5a3
ff0fe7
ff42f0
ff0254
fe96e8
fe890b
fef407
ff6075
ff5cf7
ff0c48
feee6e
ff1cfb
ff4379
ff48af
ff59d8
ff6678
ff601c
ff771d
ffb38f
ffd036
ff9f70
ff4e28
ff4ef4
ffd821
005adc
003164
ffa513
ff8fa9
0016bb
0079fa
002d39
ffc282
fffaf0
007a1d
008227
003de3
002c3f
0040a1
0059dc
0086d8
00b1ad
00a61b
005cc6
001a47
003ca0
00ad2c
00dba0
00a38c
0072f4
0072d4
0071f2
007186
008ebe
00a5dd
008473
004e88
004fb6
0075d9
007230
0052eb
006265
008847
006bbf
0017dc
ffeb27
0012b6
004f6f
00516f
002266
fffee6
fff6b7
fffb31
000337
fff928
ffdc0c
ffc7cf
ffb686
ffaf14
ffe107
0019a0
ffdac0
ff5b74
ff5744
ffbcba
ffd847
ff8efd
ff615a
ff8874
ffc09b
ffbaea
ff77b4
ff3b20
ff3ac6
ff6ce1
ffa110
ffb0e0
ff8c40
ff4b0f
ff2975
ff4d6d
ff869d
ff8c77
ff6b84
ff5ae4
ff5511
ff3867
ff2454
ff4d8e
ff9e1a
ffb620
ff6563
fefccf
fee71b
ff2882
ff7642
ff8f62
ff6694
ff2e59
ff2761
ff36d8
ff1ebe
ff0b59
ff3abe
ff6a21
ff45d1
ff0a21
ff11ec
ff37f9
ff334e
ff0db8
ff0079
ff194e
ff3390
ff2bb0
ff1e4f
ff373e
ff4007
fef52f
feb246
fef3b7
ff6742
ff7724
ff2d53
fef7c6
feff4f
ff2a9e
ff4b8d
ff4342
ff1f65
ff0741
ff1bc3
ff5b6b
ff861a
ff6df6
ff3ea5
ff36e1
ff4121
ff4247
ff5a20
ff8fb9
ffa71d
ff8593
ff5c28
ff4f4d
ff62ce
ff9443
ffc10d
ffb102
ff8dc0
ff945c
ff9e56
ff8bfb
ff90d4
ffa660
ff9824
ff9b00
ffdf40
000cc5
ffd1a4
ff6a72
ff4f6b
ff9c5c
ffeb06
ffdce4
ffa617
ffa6d8
ffcf38
ffdc71
ffcc69
ffb02a
ff7ce9
ff5c3e
ff8ca7
ffe18b
fff6e3
ffd3f8
ffc313
ffc4ca
ffa642
ff6cf9
ff51c7
ff82ba
ffdbd2
fffefa
ffdd8c
ffbcc9
ffaef8
ff9fca
ff95e5
ff8574
ff7a7a
ffb12a
000df7
0016b1
ffc1a2
ff72c7
ff673d
ffad64
00092f
000eb3
ffc283
ff91f3
ff9d01
ffbe83
ffdd5b
ffdba3
ffc24d
ffcd5d
ffe9d6
ffcb4d
ff9a30
ffb348
ffdc3c
ffbd41
ffa9c4
ffe83d
fffc25
ff94ee
ff4528
ff8594
fff469
00069e
ffb86a
ff67d3
ff583b
ff7794
ff8f80
ff9607
ff8a26
ff6b16
ff677c
ff874c
ff79e6
ff240d
feee26
ff1cb7
ff7268
ff9232
ff6066
ff0884
fec5ac
febb52
fedd7d
ff0a15
ff2d14
ff3d9b
ff207a
fecc27
fe8106
fe7cee
fea1c7
febbd0
fecf6e
fee015
fed32d
fe9a21
fe5d7c
fe5d2e
fe9405
feaa4c
fe7926
fe3f3c
fe38e8
fe5e21
fe8310
fe7d9e
fe4abc
fe12b8
fe0935
fe3faa
fe828d
fe6b76
fde46e
fd8335
fdae70
fe0c1f
fe5290
fe7e6f
fe3a2c
fd8b5c
fd5426
fdbb80
fddfa1
fda876
fda5a9
fdaff3
fda1a5
fdc10d
fdbef9
fd6414
fd508b
fd956b
fd8237
fd3368
fd279e
fd3351
fd3ee7
fd7db3
fda8c8
fd6906
fd03f5
fcea79
fd241d
fd52a0
fd2997
fce19c
fcef02
fd4b8a
fd8463
fd66f6
fd2db2
fd05c3
fce741
fceed2
fd32e9
fd624e
fd4bce
fd43ef
fd6381
fd602b
fd3ae9
fd2e99
fd4669
fd7bf6
fda0eb
fd7a7a
fd4589
fd6277
fda276
fdad55
fda1b1
fdb4bc
fdb816
fd879a
fd7760
fdc8b2
fe0c2a
fddc98
fd97f4
fdaa58
fde3f2
fdf768
fddf7a
fdcb67
fde4ca
fdfaa9
fddde7
fdca72
fde311
fdebfb
fde090
fde21b
fdea99
fdf938
fdef1a
fdb1ba
fda83d
fe0276
fe27ee
fde313
fdab65
fda1ab
fdaa77
fddccd
fe144e
fe0240
fdc7ad
fda99e
fdad74
fdc3ae
fdd388
fdcdda
fdd4d7
fe05c5
fe1e6b
fdd84a
fd8781
fda8d9
fe00a6
fe1537
fe0a8f
fe183a
fe187b
fe0fd3
fe1e07
fe1f33
fe003c
fdf1c1
fe18b3
fe7d83
fedc2f
fec1fe
fe4284
fdea93
fe0dc9
fe9b76
ff13f0
fef9ed
fea801
fea7b7
feb86a
fe9e32
feb57e
ff097e
ff377a
ff210b
fef00a
fee1c9
ff0b77
ff3b0c
ff5b01
ff6dd9
ff35dd
fecd12
fee5b8
ff8c25
fff130
ffa84f
ff2ee0
ff1fb2
ff6d21
ff8566
ff516d
ff504d
ff93be
ffbc9b
ffb486
ff921f
ff702b
ff735a
ff7c96
ff60b3
ff69ce
ffc32b
fff73d
ffba82
ff5f48
ff390a
ff55a4
ffa448
ffec8c
ffe875
ff9a65
ff58b0
ff6110
ff873f
ff8835
ff6e62
ff7c24
ffc174
fff626
ffd5c6
ff7aba
ff2243
fefeac
ff3e2e
ffbf0d
fff8f8
ffb7de
ff60b7
ff4171
ff440d
ff511f
ff62b7
ff62b9
ff516e
ff4a56
ff4ff2
ff3d51
ff2021
ff339a
ff53bf
ff35ad
fef7bf
fedba0
fedc6a
fef4a6
ff1a11
ff14f8
fedb60
fea54e
fe984d
feb805
fedafc
fec00c
fe8230
fe627c
fe60d4
fe7189
fe88e2
fe6758
fe3254
fe51bd
fe7d43
fe3b7d
fde3e4
fde801
fe165f
fe2ce9
fe2290
fdf093
fdca7f
fdf39f
fe29b9
fdfdfd
fd93ff
fd6f1f
fdaf1b
fe057a
fe1cc9
fdd553
fd7872
fd6b17
fd9703
fdbbe8
fde0b9
fde825
fd93db
fd3d0e
fd5ce9
fdb47e
fdd173
fdacab
fd81ea
fd82bc
fd9003
fd7685
fd72ea
fdadd2
fdb2d0
fd593c
fd2716
fd649c
fdbcd0
fdcaf7
fd8fa5
fd5f0d
fd5873
fd45d8
fd2b8c
fd3f46
fd85a7
fdce0a
fdc578
fd5058
fcf5bc
fd147e
fd5846
fd8335
fd9055
fd4b74
fcf7bd
fd2dbc
fdaf22
fdc977
fd5da7
fce731
fceb61
fd52a2
fd8be9
fd82c6
fd7e8b
fd6587
fd45fe
fd5495
fd60de
fd60c9
fd8eb9
fda9f9
fd7878
fd4587
fd536f
fd9aac
fdd46b
fdc13e
fdb365
fdcb6e
fd9d35
fd6d3e
fda32e
fdb2cc
fdb81d
fe4196
fe6262
fdb5eb
fd8fb8
fdfd3e
fe0754
fdf552
fe08e2
fe04a9
fe378f
fe5212
fdefd6
fe0b6a
fe9d78
fe608e
fdea96
fe23d4
fe2be3
fdfa81
fe7035
fee5b4
fea549
fe41c0
fe11ab
fe1468
fe62e7
fe9262
fe6f4e
fe79f8
feac1b
fe90e6
fe4914
fe4e70
fea8b9
fec18c
fe5f8b
fe438b
fea7d2
fec625
fe91a5
fe8394
fe716f
fe7d74
fee364
feea47
fe7b50
fe7486
fea1cc
fe7143
fe6955
feb643
fecf6e
fecd3f
fee4bc
feca9c
fe6d5f
fe2126
fe3f38
fec44f
ff0649
feafe4
fe57bb
fe67de
fea108
feb04c
fe6292
fe0f9c
fe5084
febd22
fe9472
fe187a
fddc5e
fdfaf9
fe5cbd
fe8058
fe2554
fdf9b1
fe1386
fdc57e
fd741a
fdaccc
fdd14f
fdacc5
fdbbc9
fdc80b
fd9ce8
fd8593
fd4a4a
fccf52
fcc417
fd3693
fd70f5
fd569a
fd20fc
fccab2
fc7e59
fc8c36
fccd33
fcc9d8
fc802a
fc6c02
fc99b7
fc8b41
fc473c
fc35e2
fc32f8
fc22c9
fc3f15
fc4e51
fc2443
fc0d36
fbebc4
fbc049
fc0510
fc5293
fc007f
fbc262
fbf95d
fbeda0
fbc724
fbfccc
fc00f2
fbccef
fbefb9
fc08ab
fbe99d
fc0576
fc0da0
fbdc5d
fc15a6
fc48fa
fbcf1e
fba8d3
fc4fb4
fc996d
fc45e2
fc1fe9
fc1a66
fc0736
fc47ff
fca015
fc8b07
fc48c5
fc41e1
fc60d6
fc8774
fca67a
fca799
fca3ba
fcafae
fca37e
fc7eac
fc9344
fce06b
fce625
fc9d01
fc9f51
fd0d11
fd4e9c
fd1857
fcbef5
fca75e
fcda92
fcf77e
fce0dd
fd1dc1
fda1aa
fd8c37
fcff3b
fcde68
fd09b8
fd1de2
fd6155
fd9bd3
fd6a62
fd3e7b
fd5012
fd6b65
fdc674
fe1b70
fdb87d
fd182b
fd1d26
fd9f4a
fe25e3
fe64c9
fe1cce
fdc73a
fde257
fe021f
fdeeba
fe1dcd
fe719c
fe6a41
fe3351
fe3e0e
fe862e
febc9d
fec367
feb160
fe99ac
fe8d48
fe95cf
fea992
fefafe
ff8642
ff84e7
fed12c
fe9854
ff1bb3
ff52ca
ff4bea
ffa0e3
ffa0d0
ff0549
fefc1d
ffb291
ffeb1a
ff7dbb
ff685b
ffbffe
ffd30e
ff909b
ff60a7
ff8495
ffef66
002456
ffcb83
ff6d10
ff9ad4
ffe9b6
ffe212
ffcd71
ffe123
ffceb4
ff8621
ff79a5
ffcb0f
ffe556
ffb071
ffbe94
ffd615
ff783f
ff4aa3
ff9090
ff8742
ff50ae
ff6e3c
ff73da
ff4f89
ff3d9e
ff0e37
ff2901
ff8928
ff0772
fe2e57
fe79c4
ff0850
fee290
fede49
fee871
fe7d92
fe3053
fdf5ec
fdb247
fe1783
fe8498
fe2184
fdd2ec
fdde66
fdb70b
fda4f4
fd6863
fcc850
fcf75e
fdc5c5
fdb00b
fd081c
fca834
fc89fd
fceb8b
fd24f9
fc691b
fc1a25
fcb848
fc9fe1
fc0c9f
fc36a2
fc56e3
fbf3ce
fbe20b
fc208b
fc3205
fbeefe
fb6e95
fb5bcb
fbdb67
fbeadd
fb732b
fb6111
fba3ae
fb963d
fb5695
fb5d53
fb8b2c
fb4cb2
fad370
faef16
fb6c85
fb9517
fb859e
fb5505
fade0c
faa9f0
fafe86
fb59c9
fb784e
fb51fc
faf18d
facd9e
faf010
faff4b
fb51f3
fbcb55
fb5a86
fa6e57
fa9f6d
fb7b4b
fb6e94
faeca2
fb18e2
fb6856
fb38a6
fb2d6f
fb7970
fb5740
fae20d
faf0aa
fb62ca
fb8d06
fb7482
fb6c15
fb7b9b
fb7b72
fb3ae8
fb0dfd
fb7d80
fbf19f
fba393
fb59ca
fba17c
fb9ed6
fb4fed
fb8f0b
fc1015
fc2c17
fbe405
fb6b30
fb3cef
fbaa2f
fc3d8a
fc7815
fc398c
fbcac7
fbcba1
fc201c
fc3b64
fc40d4
fc248a
fbf801
fc7bb3
fcfbec
fc5a3c
fbf590
fcc147
fd30cc
fcabac
fc498d
fc9ab4
fd1b81
fcec6f
fc9bb4
fd516d
fddecf
fd4521
fcf447
fd1dc9
fd0afc
fd93db
fe42b5
fdcee3
fd5995
fdb664
fdf877
fe06a1
fe39cd
fe7409
fe7dac
fe1351
fdf304
feaa1c
feddbf
fe613f
feb588
ff5a5f
ff4b28
ff1386
fefdd1
ff17e2
ff54cd
ff052c
fed98c
ffb919
004229
ffc794
ffa577
000afe
00059b
ff8b2e
ff7449
0008e7
002e54
ff9f38
ffc51f
004d21
0029ae
00862d
014da2
00b5c3
ffcc40
ff9479
fe50a8
fd6ab9
008b80
0490c6
029cb6
fcfd44
fd29c1
029e7d
024928
fc0435
fc7edc
035f83
029b13
fbd955
fcf864
02b08c
01ec36
fee1a5
fecb5e
fde0ad
fdd28b
002292
feafce
fc6676
fffab9
023702
fe6363
fc6986
fe877f
0009a2
ff46c6
fcd48a
fc82cd
ff3ee0
fe3e77
fb2398
fe684a
02687a
ff27ac
fb6fd8
fcd1f6
ff0f85
fea68a
fbe3b3
fa96c4
fd8077
ffd02b
fe4018
fd0404
fdbe7a
fe8e6c
fe8513
fc2cf6
fa4e61
fd6a86
ff742c
fabd79
f89313
fed319
0305e6
fecae5
fa08c3
fb1e50
fe55c1
fd4aa8
f8a40e
f8d8a3
ff9428
01b700
fbd597
f901a7
fc9461
fef931
fe1402
fba7f8
f8f7f9
f9ee7b
fd5805
fd15ba
fb3d47
fc982d
fe24b8
fcd1c7
faa310
fa7eb6
fc8f9a
fcd44f
fa7659
faa77d
fc6872
fb0797
fad0b5
fe544b
fea7d5
facad9
f96f86
fb995f
fcddbb
fb5676
f9e46b
fb7b6e
fd46d2
fc5a9e
fbf9fe
fd14ef
fbf218
fa2d4e
fb9023
fd23e1
fbd9e2
fac95d
fbf7de
fcb7a2
fbf7fc
fbed02
fd002d
fd4365
fc3d21
fb5970
fb79ef
fc032c
fc54dc
fcc2e8
fd1304
fc900b
fc1a15
fc9ef0
fd5197
fd343d
fc0bf3
fb6294
fd002a
fe3e32
fca5ec
fbce8f
fd172f
fd5ff1
fd5daf
fdfd5a
fd2e57
fc93ea
fd8203
fd3054
fc8753
fd722b
fdd083
fdfb8d
fee78e
fde279
fc3312
fda2fe
ff8de1
fe482e
fc3e11
fd0890
ff603b
ff62d8
fdcbe8
fe406c
ff2c73
fe2f0f
fe1ff8
ff4492
fe64ad
fd401d
fe99f8
0005ac
ff7d8a
fe9e35
fec6d6
ff6730
ff723b
fec290
fe2d4c
fe8790
ff7a85
ffb575
ff29d2
ff3841
ffa4da
ff7c80
ff5982
ff3dbd
fe9335
fe64c8
ff32aa
ffc53f
ff71da
fee9c2
ff347c
ffb7ea
ff229d
feb3b6
ff4019
fedc00
fe18e0
fe9da1
feb68c
fe7bc8
ffb9a9
fff805
fe029c
fd7552
fec432
fed2ac
fda3a6
fd66c1
fe55b0
fef6e2
fe833d
fd71f7
fcd550
fdfaf5
ff7a7b
fdecbd
fb8c01
fcc2e1
fe8320
fdad73
fd037e
fc92f8
fbe15c
fdbd90
ff3c8f
fcb1d9
fb3e53
fcbcfc
fc2bc8
fb0423
fd5476
ff1c8b
fc58ec
f9566a
faf514
fde64e
fd3d07
fc0740
fd0915
fbc2f9
f8c605
fa3cc0
fd7d8e
fd0f31
fba24e
fb63fe
fb25a1
fc2acf
fcc285
f9d31c
f88fef
fc4908
fd6f7d
fa3b27
fa2794
fc0e1f
fb14ab
fb5c80
fce153
f9f0ec
f7d92e
fb6fcf
fc9c6c
fa177c
fac76c
fb6a48
f96cc5
faaf5b
fcdab4
fad225
f9630c
fa0c5a
f941ab
f9fe33
fc9528
fb715c
f8f2f7
fa1af0
fb6a73
fa39ca
f9be8b
facc3e
fb34e2
fa2069
f89b81
f926e0
fbc689
fc351d
f9cec8
f95c82
fb2d40
fb274b
f9940c
f91977
fa1141
fc1489
fc40a9
f84b66
f6dc46
fce34a
007824
fa7ab0
f5418c
f8fdca
fe0db2
fca860
f8c570
f9725e
fd1cbe
fcb4a0
f91cb0
f9bb67
fd42d3
fcbec1
fa13fa
fa6e14
fbaf1c
fb4888
fb47aa
fc3267
fc793b
fc56e4
fc3282
fba765
fb44f4
fb7267
fbef6c
fce6e9
fd5c53
fc1c5d
fb6ace
fce133
fd6311
fc4803
fce362
fdeed9
fca829
fbc970
fca06a
fcec23
fdcffb
ff4e6a
fdaa20
fb4e15
fd4bda
fff9cf
fe8a6c
fc0755
fc6b91
ff1310
002558
fd3af9
fb67d0
ffc1b1
03479a
fee767
fa0fa2
fc9982
015503
018534
fe8190
fcc771
fe8cce
01627a
00e56c
fe3113
fe3233
005c58
005293
fe92b3
fef81e
010de7
00e28f
fea1a0
fed275
0165ae
0137b0
fecb6f
ff6167
016e8e
00519b
fe7f13
ff6627
00d6e4
011676
00d183
00041f
ffaaec
0079e8
0046ce
fece01
fecd24
00735c
01b11f
015a91
ff6c7d
fe3417
ffb9c6
01444a
001f98
fea532
fedaa2
ff9c72
00502e
008741
ff7f6f
fede75
fff7a2
003654
fe2919
fd1ce3
ff34e1
01693f
0076be
fdda05
fd67f2
ff57fb
001986
feb58b
fe1c79
febea8
fe7c79
fe3733
fee006
fe4609
fd6122
ff5fb3
00e9c4
fdd93a
faf680
fd1a3a
001558
ff393a
fcad60
fc6269
fe5e1f
ff7bc9
fe1d1b
fc92a8
fcde6b
fda2bc
fd87da
fd1378
fcc217
fcd85e
fd7919
fde99a
fd94bc
fcc899
fc2a6e
fc6569
fcedde
fc62d8
fb9a39
fc5ccb
fd62c3
fceaba
fc2c80
fc1f8a
fbf2bd
fbd50d
fc2afc
fc1fdf
fb8bd3
fb09c3
faf7e7
fc01bb
fd5da0
fc9476
fa78b1
fa8db7
fc4114
fc13da
fa1f8a
f98afd
fb835a
fd5829
fc3bdb
fa38e7
fab3eb
fbbd4d
fad792
fa7c9a
fbaeb5
fbb3c8
fab341
fa8d49
faa9db
fb138e
fc5488
fc7b5d
faffac
fa4e56
fac9f8
fb14cb
fb564e
fb9fa5
fb7300
fb744c
fbeea8
fbe928
fb61c9
fb62e1
fbfd01
fc3acf
fbc1ba
fb4d52
fb867e
fc47c9
fd0f1a
fcff27
fbfc6f
fbd020
fceebd
fceff9
fbfa54
fcb25c
fde7aa
fd723d
fceffc
fcdd6f
fc4f30
fd3c2f
ff16fa
fe2163
fcab3c
fe4203
fef11f
fd0e5d
fd83e9
ffc043
fed83f
fc372c
fc3be4
ff78ed
02c07d
014da7
fc67ca
fc0f2e
fffb7e
ff7a01
fc5211
ff0c36
03e51a
01ec48
fc4076
fba4bb
003b5b
02d8b2
002c17
fd502b
fef2a4
015c72
fff685
fd77cd
fe6549
020502
03694f
ffa0c8
fb8135
fdb095
027a4a
01c998
fdff33
fe3802
010215
00ffa5
feb10e
fe3eeb
0058da
01545e
ff78b1
fde35e
fe6532
ff3e2e
000d82
00b0e5
ff7790
fe53b6
ffe84d
0079f7
fdbe02
fceeca
ffc995
00df69
feac7c
fd6b07
fec429
004f8b
0015ca
fec25b
fdfd94
fe070c
fe2dc2
fe407f
fe246b
fe5d18
ffba7e
009b9e
fee61a
fcb021
fd1b35
ff0046
ff4406
fd828b
fc7731
fe26cd
0005ac
fee270
fd5f08
fed199
ffebe5
fd5e08
fac92b
fc02f8
ff15d7
0051d4
fed1f8
fcc494
fce66e
fe8f13
fe7a96
fcc069
fca565
fdf568
fdb1c5
fc8fff
fd3b1d
fe6591
fdceb5
fce0dc
fd0bf4
fd4a27
fd39b5
fced74
fbe6ae
fb8ed9
fd42fb
fe731b
fd02bc
fb73ab
fbf6ef
fd15bc
fcfbbe
fbe30a
fb35ec
fbab8e
fc385d
fbedea
fb9da6
fc0b91
fcabc6
fc813d
fb172a
f9b9b2
fa6971
fc3475
fc35db
fa9f2f
fa463a
fbcc7b
fca033
fb070b
f9515a
fa42c4
fbba87
fae369
fa1481
fb2122
fb35c0
fa16dc
fab497
fb9e5c
fa9b7a
fa65ba
fbaa9c
faf25a
f930d2
f9ed99
fb7425
fb5b44
fb492a
fba528
fae623
fa5d79
fb724b
fc0ee2
fafad5
fa1903
faab0b
fbcc4e
fc3d0f
fbd95c
fbd116
fc9ad1
fc8247
fb1a3c
fad662
fc495c
fcf3c9
fc4dea
fc20d1
fc9114
fcae52
fcc2f8
fd65de
fe0954
fd7758
fbf897
fbf118
fdb44c
fe3005
fd131a
fd7157
fedbfd
fe952a
fda682
fdf412
fe5459
fdf4a8
fdd5f3
fe360c
fea80c
ff1f28
ff578d
ff28c6
fef48f
fed119
fe9738
fead22
ff6f3e
001f54
ffd190
ff0a49
fef579
ffb498
007412
0049da
ff60c4
ff40b8
002bb2
0056d8
ffa39e
ffd66a
00a84b
00a794
002073
fff3d0
004d81
00c9cf
007399
ff86f2
ffa0cf
00a7cd
011f54
00e8cb
007a74
001958
005dc8
00bd7d
001a24
ff8db6
005c89
00ff8b
004352
ffa619
003d6f
0101cf
00f209
003a02
ff7cf7
ff493b
ffa76b
0015b1
0049bd
002d42
ffb42d
ff7ed2
ffebac
fff74b
ff787a
ffa755
ffcc40
febb8a
fe49db
ff71a2
ffe38f
ff25ab
ff074a
ff3d1c
fef050
fed840
fece32
fe53a1
fe6b44
ff1602
feb73e
fdb518
fde98e
fec762
fe9a58
fe14ca
fe7ba8
fea397
fd9085
fcc82e
fd684b
fe5ba5
fe8038
fdc8b7
fcfea1
fd298d
fdf066
fde42d
fd182e
fcf163
fd7552
fd4798
fc7092
fca40d
fdde82
fdeb52
fc9039
fbf3d6
fca2e0
fd2421
fcb8aa
fc2160
fc6f3a
fd1436
fca942
fbfc64
fc577d
fca898
fc410b
fbd453
fb7399
fbbd50
fcd2bd
fc81b2
fb2f5a
fbba6a
fc94f7
fb87b8
fb01a1
fbea03
fc06ad
fb7151
fb1cce
fae9de
fb6524
fc0dfd
fbc89c
fb62fa
fb342f
facbfa
fb0fd2
fb8c59
faf1c9
faa06b
fb726e
fba07f
faee3e
fac09f
fb5a3e
fbc90f
faf793
f9e4cc
facb76
fc543c
fbc1d0
fa6136
fa5d48
fb3811
fbed81
fbafdd
fac0d0
faef89
fbdb24
fb7c00
fad5f1
fb8745
fc2ed2
fbb63d
fb2e7b
fb5157
fbaec6
fbf1ba
fc4271
fc4922
fbb766
fbc49d
fc87f1
fc302c
fbe2a2
fd353c
fd124e
faf2fa
fb6595
fdc94b
fdc8e1
fcadba
fd0727
fd8de0
fd1a52
fc3ba3
fc4b72
fde5e1
fe9382
fd1b7c
fc8a54
fda35e
fe4b71
fed40a
fef693
fd625d
fc77a6
fdd22a
fe9ed9
fe0e7a
fe4903
ff4d23
ff60c8
fe3a1d
fda39e
fed4b9
ffa651
fe975d
fe2f27
ff528e
ff7598
fe66ba
fe498c
ff8bce
009f0b
fff5a0
fea557
feeba1
ff78b8
fec6a0
ff05e6
005a02
00472f
ff9d37
ff7935
fed1f2
fee2a4
0086a6
010bad
ffdf15
ff272d
fefbf9
fefbf5
ffa600
005874
008989
005cfc
ff80a4
fec33d
ff6651
004458
ffef2f
ff777a
ffdffd
000a8b
ff2c3e
febb19
ffc810
00b87a
003741
ff4b04
fec543
feaa30
ff5847
003516
003fff
ffe9f4
ff6557
fe5ba3
fe028d
ff2a03
0065a9
007cfd
ffa9f1
feba3b
fe670d
fe7f8d
fecbd5
ff9b98
00076d
ff47cf
febdac
fecccb
fe70e4
fe7aec
ff6244
ffc0db
ff8a0b
fefb50
fd8940
fd1713
fef204
00414e
ff9736
fecfdc
fe529f
fdf55d
fe3963
fe41d9
fe3085
ff3aa6
ffb5f3
fe603e
fd6573
fd9458
fdffe7
fef225
ff782e
fe6c9d
fda168
fdde2c
fda6db
fd87a0
fe66df
fef4c9
fe78f9
fd8adc
fd0f3a
fde63e
febdd6
fdf2e8
fd65cd
fe2d4d
fdefbf
fcd15e
fd2310
fe15ed
fe4b98
fe3f83
fdbf64
fd079e
fd6ba8
fe0404
fd4fee
fc9615
fd3b00
fe55d8
fe825a
fd71f3
fc7385
fd36d3
fe9b86
fdeb08
fc153b
fc5ff6
fe2d2c
fe6182
fd5a65
fd4bc0
fdb181
fd503a
fce81a
fd2daa
fdb96a
fe028c
fdadc7
fd1c27
fd1467
fd6603
fdd722
fe778e
fe2db3
fcc40f
fc59d8
fd68a4
fe35a5
fea1e7
fefe2a
fe2938
fcbc35
fcc70a
fdb2e5
fdf5bc
fe684f
ff7428
ff374f
fd9b09
fd0ccb
fdcfb4
fe405d
feb882
ffba70
ffa60e
fe23da
fd30af
fde042
ff68ce
001fd9
ff52d8
fed921
ff6d43
fed289
fd9f1d
fee3f0
00fe1b
00acff
ff2461
fe6474
fe9fee
ffd6a3
00b4bd
fffd6d
ff575b
ffda51
0036a7
ffbe93
ff0723
ff489d
00da9f
01425a
ffa3b0
ff4503
005ccb
ffdc99
ff1b30
0084e8
01a40e
0061e6
fee042
ff31c8
007783
00b974
000ab0
000f37
005325
ffbb46
ff8949
002adf
0033ca
fff1e9
004b08
00594e
ffac83
ff2e60
ff76e9
fffd7d
ffd94f
ffb372
008b69
00b70f
ff25b4
fe7506
ffc42c
007396
ff657d
fe8f59
ff4a1e
006c1a
003569
ff43c4
ff4c68
ffa402
ff21af
feaa83
ff0ba2
ffd37f
003b4a
ff5433
fddc22
fe4289
002974
008b81
ff0aeb
fe321e
ff037b
ff9c63
fe8f36
fdb77b
fefe1b
002f24
fef9b8
fdc341
fed286
ffd056
fec441
fdd1c1
fe8351
fef43f
fe0633
fd7d88
fe751a
ff60bd
fec170
fda5cc
fdea43
feca24
fe386b
fd192a
fd75dd
fe4e7e
fdfe9f
fd48b0
fd409d
fdf49e
feb487
fe082e
fc479b
fc2b47
fdc977
fe0eed
fcbe9c
fca51b
fda691
fd1b97
fbb68f
fc7c64
fe3c28
fd8732
fbb04c
fbf33c
fd0b8e
fc71b5
fb7185
fc4407
fd923e
fcb37a
fb237c
fc1392
fd61d3
fbd29e
fa7a30
fc21ec
fd8f76
fc92bd
fae130
fa4829
fbd5f2
fdd669
fcdf73
fab1f5
fb21a3
fc45a6
fb9e53
fb2cac
fc1de7
fcd7a0
fc2dc5
fabcac
fac819
fcdf33
fd8aab
fb435a
f9f7b3
fbe7a3
fd967f
fc6ea8
fb200b
fbffb9
fcbb06
fbb8d7
fb474d
fc744e
fd5c48
fce12f
fbc6da
fbc147
fd1061
fd16e6
fb910b
fbec4b
fdd8d9
fe018f
fcd2d4
fc391e
fc7daf
fd8e42
fde405
fcac17
fcc393
fe9f51
fe7973
fc6c3f
fc7bf2
fecda6
ffb1e9
fdf0ca
fca0c3
fddfcf
ff4e28
fed8aa
fdc770
fdbad3
ff3ae6
00bbc9
ff6b68
fd531d
fe802b
004580
ff5a2b
feb98d
ffd103
0050f2
fff43d
ff67b2
ff5ffe
00b2f1
012b63
ffa758
ff6847
00c614
00ebaa
002bfc
fff540
00d857
029e79
023a03
ff84ab
ff71c7
01889b
0187d7
013d14
023493
01faca
01665e
016bda
009312
00f7f0
033bd6
03059b
01099b
014522
024725
026b4f
026cf8
01af6a
01970d
034c6e
032cc7
014b53
020d38
0382c6
028c8a
0202ef
02cebf
0322fc
036cb2
02cab3
015271
029353
04c0c2
037b01
01fd40
0307f8
03998f
039476
03be18
027a5b
0207af
03e291
0447cf
036deb
04035b
03dc90
02bb55
0341d6
03d3d4
033ef7
035d90
03c40c
040962
0477b3
035521
023bc8
0435f8
057313
031830
01a7ff
02e0ee
03db94
0451b8
0490cd
03837f
024238
02abeb
03dede
037d93
01c569
01e903
03ed76
0419a6
0294f0
01f802
01a72d
01ce0a
0349e5
035de9
018e10
0106f7
0115c4
008b69
01b27e
034185
0220ea
0086fe
008a13
003c6c
ff65a1
ffdbc8
014f08
01cd0f
008341
fee959
fecff8
ffa814
ffefce
ff7e7f
fee5be
fec7f7
ff1303
feff6d
fec47b
feae8f
fe40a1
fe3251
fea3f5
fdbf53
fc8c0d
fd9110
fefe02
fecc0b
fe2978
fd0cac
fb9b03
fc0eac
fd9f4e
fe03d9
fdfea2
fdbc16
fc7df4
fbb8af
fbe2f9
fc625c
fdd04e
fe0b9e
fb6ddb
faa915
fd44c2
fdbbbf
fc0b1b
fc7471
fcee6d
fb210d
fa2aae
fb8d5a
fd6e7c
fe60f6
fd6d0b
fb3211
fa063a
fa9f8e
fbca18
fc8d2a
fce8a8
fd0d2d
fbf72f
fa1666
faac83
fd16b2
fcdd6f
fae039
facf42
fbd6c0
fc3f70
fbcf22
faa714
fb07ce
fd3c66
fd1305
fa331f
f923b7
fb1cae
fd5b79
fcf7a6
faa0e8
faa633
fc717c
fb68a6
f9a730
faca51
fc5951
fcbcfd
fc050c
fa466d
fb1000
fd0754
fa63c2
f865d3
fc369d
fdd681
fb49a5
faaca3
faa307
fafadd
fd3081
fbae56
f8ead0
fbd9c4
fd797f
fafa0e
fb213a
fa6689
f94000
fe07ad
fde07e
f7a4cc
fd0678
027845
f74b0b
f4b334
035cc9
026aab
f1fc88
f1b9a9
0011ee
07d065
0460f9
fb2341
f54725
f7ea28
fb8ec1
fc524d
fe9121
0098a2
ffdcbe
fef417
fe40bf
fdd7ae
fe21f0
fc86d5
fae8ed
fd8dc6
009b70
002364
ffcc66
016f30
01bd08
ff5b42
fdb447
ff6987
007e88
fe15eb
fe0155
01dc8e
02ba1e
00e964
0172bf
01a88c
fff352
00092b
00837d
fec859
fe53b5
009d3a
020197
016ad4
00f0a0
0099dc
ff0df5
fda3f5
fe492a
ff66a4
ff6ef6
ff35f8
fe3030
fc68cb
fc4a5d
fd6968
fe75f3
ff74a8
fcf112
f7b9f3
f8e9da
fe3b49
fb7bfa
f55d7a
f864b2
fe5f3e
fc5974
f73463
f65103
f703ab
f64b6e
f662e4
f7548e
f66e86
f560a3
f67894
f6b428
f53aff
f4b09a
f36b76
f1841f
f351ae
f55dbc
f2c598
f13b05
f408bb
f5b0eb
f4030e
f0d5fb
eed205
f0bc84
f2a09b
f0e0df
f1c5cb
f5d8ce
f4382f
ee82e3
ed2d7f
f02ffd
f384ec
f3f4dd
f10947
f00b45
f1961a
eff35f
edef47
f133e1
f51f82
f4a914
f1b3d2
eeb90a
ed3b39
ede6aa
f0b501
f4dbaa
f59165
f14ff8
ef524b
f0d081
efd3a3
eee42d
f124dc
f19f86
f08048
f1baae
f2d4fc
f1af47
ef8886
ee350c
f04bf3
f2ae72
f0852b
ee7f4d
efdcdd
f0de81
f1d930
f1661d
ed79c7
ee7ff1
f389f8
f037fd
ebc5fa
ef75db
efbaf1
edb8cd
f359b4
f33053
ea627f
ebfddd
f1aa92
ed9b39
ed7b9a
f327b7
ef20a3
ea1a77
eea7b8
ef959b
eb372e
eebf63
f4a752
f03fdc
e8256c
e900c9
ef768b
eff33c
ec2a92
ee0a07
f238f2
ef8f3a
e9c0be
e92dae
ee30db
f1a756
ecd4a3
e72e16
eca72d
f3df2e
efdbc1
ea9c53
ec8662
ed87e0
eb7ae2
ea1a69
ea345c
ef1e88
f43972
ef37c2
e8464f
ea6e25
ed5d97
ecc480
ee192d
ed784d
eaaa03
ed6b10
f02018
ec87f5
eb0af2
ed3fd7
ed50e9
eea321
f04b4e
eb2b13
e6f942
ecfbf1
f342ed
f0fd75
ed4e26
ecfd62
ebd9de
ea38a8
ed9fed
f462c7
f4f013
ecd50b
e7485d
ec52fc
f38678
f2f069
ef3ae2
f07473
f316c1
f0640c
ec1a6a
ee80fe
f59106
f6cf22
f05df7
ecd594
f20e1f
f81bea
f6e384
f20668
f1e465
f5f423
f52594
ef5a2a
f16f10
fc479e
fead6d
f58106
f1ce12
f794a8
f9f884
f59569
f27836
f596fc
fceb85
01692d
feca18
f99192
f612e6
f3f668
f56f1d
fb65ca
ffc703
ff4920
fe2be6
ff00e7
feb2b3
fa7714
f595a7
f65f0e
fcdec8
0299a5
037bf2
00e2ad
fe67dd
fd76e1
fbaabb
f9f5a4
fd1e75
016929
ffb47b
fd3808
006b87
038336
0206c6
ffac4e
fda900
fb7711
fc0371
0021b0
04015f
042224
0134c4
fee6d6
feb7f8
ff9f89
017eeb
02dfc9
016bce
ff4e99
ff4386
000670
012f5d
0346f5
046be8
034c5f
00d5c5
ff625c
00c4a4
021bb4
010303
016d59
0427e5
049b4a
02e912
00ebad
ff5602
01cf1b
0601d6
04e189
0266ea
02f5d5
012671
ff405f
02a44f
0435c5
023883
049cf8
080390
05c84e
016738
fe08b7
fd6588
012e8b
0489c3
0523d1
06967e
06c40f
03e1fe
0115be
fd6a3b
fb37c4
00103d
0542f7
05356e
061f73
06019b
ffef5f
fc7876
fec465
ff7cd1
ff7906
01089f
0162f1
029539
043d77
00d118
fc19f2
fc883c
fea36d
fede52
ff03ff
ffa524
ff235d
fcd45a
fc06e5
ff5742
012b8a
fe0f58
fbd829
fb3793
f8fc04
fa0bcd
fe8216
fdfaa9
fab721
fbf72d
fdc18e
fbb4a6
f91d3d
f84ea2
f8d184
f93e2c
f8436d
f88351
fb5a25
fbab42
f86518
f7569a
f8066c
f56e65
f3756a
f7a24b
fae596
f5e5fc
f0d04a
f42948
f91118
f78116
f2d5d8
f15ebf
f43057
f5f59a
f1af1b
edb14e
f15d1d
f555a2
f31e3a
f14497
f1fe73
f0dcd5
ef1f79
eddbbb
ecf0fa
f0759f
f4668f
efd2bf
ea5d97
ee944c
f332fe
eedecd
ea4b95
ed0d44
f0ef76
effb6c
eda818
ee2da2
ef7142
eec4bd
edb4e4
ee1d40
f016a4
f257a8
f208c0
ef716a
ee537b
ef11ac
f0f894
f4a063
f5d2a5
f28468
f20303
f5961c
f5cec1
f4338f
f5f5c8
f76ab1
f7246a
f8b39d
f9e45f
f99d12
fc55d0
ff7468
fd007d
f983f0
fad83b
fd675a
fef7ec
034611
0829d3
065b46
ff311e
fbed52
00dde3
08e927
0b5adc
068b3d
03c4ce
0824ee
0b12c6
08578a
084c41
0c3be6
0c2efe
08e89d
08ed2d
0c232b
0f3be5
0fbf28
0ce3f8
0b41e9
0e22c3
0fdfe2
0d1063
0c4698
10eed6
13e786
0ff15d
0ac1ba
0b9d57
1031b9
1255b2
125b0e
12e29c
11f6c5
0e6633
0bfbae
0d5376
103707
123931
13a508
1435f6
11c092
0da000
0d5074
1158a5
13e5da
12c69e
10c011
0f39cc
0fa240
13aff4
1721e6
145c38
0f1f51
0eb78a
121407
13ecdb
13fe76
1495a5
155393
14cda2
13567e
12561e
129f11
13c0ae
14f784
16253b
16cc9b
15fc1d
149d20
14b416
1572b1
14f1b4
147f21
155bfe
156d13
14cbd4
164de9
17c668
159f1a
13a79d
14ef56
1481ab
116d94
122d46
164c24
16d8eb
13eeff
120d6e
115197
10dd08
113c77
114da3
1088b3
1076a6
10b4a5
101bcf
0f9a55
0ed196
0c10ba
093a12
09596b
0bfc3b
0f65ef
111799
0d3fb8
059f36
021f94
049ea2
075a7b
087cfb
0a116e
0a8430
081ce4
04ce54
01bcfe
ff23d9
ff1257
01d113
049888
05c3a1
052882
02feb7
00c114
fed830
fbec93
f9b8bf
fb955b
0001e2
033ee8
03e71f
00dc24
fb0586
f7df6e
f94fa4
fa4a40
f9a0ee
fba853
ff6604
ffa7a1
fc67a4
f9141b
f72516
f6e93f
f7ad37
f822a0
f92190
fb079e
faea0b
f88bd6
f7a44d
f7cd5c
f5cfb2
f3a969
f48102
f6554b
f73a91
f80da7
f7cefe
f53b30
f2a682
f23feb
f36487
f4aa08
f413b9
f13343
f08198
f49084
f7118d
f2c835
eda084
ee8ea5
f1fa7c
f15edb
ee545b
ee5134
f1107e
f1c9db
ef7d70
edf2f2
ee596d
ed9250
eb5460
eb8438
ee8b0e
f03cd6
eef6ea
ecb09b
ea5f19
e890d8
e95ef7
ecdff1
efb7ef
efc9ea
edd6b7
ea8c4d
e6f4be
e6098f
e90b66
ed03f5
eefcc6
ef4642
eed7ec
ed61b0
ea9c0c
e74720
e5de71
e93fb8
ef8813
f22991
ef64ab
ed2a81
ee8400
ef00b8
ec30dd
ea52ba
ec8f39
effb54
f0caff
f05531
f24db2
f50bd2
f30c7d
edf3a9
edda77
f2cea2
f4c740
f31335
f3c5f6
f62a9f
f59cd4
f430d4
f5c235
f83d3d
f851e5
f62e98
f423e7
f545fe
f9b3dd
fc4467
fa2458
f8465f
fa6a99
fc748f
fa7ade
f7b32a
f8e676
fcfc25
fea6cf
fc58a4
fa9187
fc3bd8
fe7ab4
fee782
fe8cdc
fd71cf
fb54b1
fadfcb
fd5823
001727
015c85
0122d4
fef397
fcd03c
fe001a
00b1bf
00d38a
feea47
fd8994
fdc136
00444e
036cf2
03a704
01b97e
00c7e8
ffe136
fe7d47
ff6e26
019208
0180cc
01b109
043538
04dd23
02afc2
021deb
031d3b
02ba38
01eb03
0180d4
011016
034f9f
08088e
08b5a0
0475e2
027320
044b27
05092e
0415a4
046b61
060b5d
074ec1
072ece
0591c2
04a8b1
061c7c
07c987
081be9
0854ca
07d3b0
0532da
0365f2
05aa01
099ea9
0aea98
08bf9c
05e393
05bb0b
081a19
08fadd
07124c
05fd7e
07499c
083503
079465
0722d8
07be20
088bad
07e37b
054dd7
03f89d
0643dd
0864a7
075165
06afbe
07f3f3
06cd15
0384f2
030912
04ee4b
05dfad
06153c
05d45c
0499da
043ef4
050cac
044c49
02698e
02115a
02c38c
0345a0
03d01a
038558
021d13
0170da
0195f4
0115e4
00d3b4
019d30
01da78
011a37
0051c6
ff0664
fd9179
fe37fa
00651e
00f49b
ffcade
ff0beb
fea7be
fdc454
fcd3aa
fbd60a
fb1629
fc559d
ff2e04
0031f3
fe24a6
fb7b27
fa652f
fab3fe
facf47
fa28a2
fa834d
fc6113
fd0d21
fbef5c
fb6153
fa6967
f76911
f686a5
fa4783
fcc8ca
fa5a1d
f82137
f9374d
f9c90c
f867d6
f82f06
f931b9
f88ad5
f66fb7
f59ad6
f73c37
fa1907
fb2d0b
f87543
f4a53b
f3dddb
f5376d
f58e65
f59d27
f724c3
f890be
f7d685
f55438
f2bbcd
f1f0af
f35c1a
f4bdce
f46dca
f3b915
f3ed5d
f4a464
f53442
f47907
f1849b
eea69d
ef469f
f24699
f40655
f46314
f4aed9
f357a1
efc286
ede080
f00ecb
f28d0a
f2292d
f1efcd
f4a900
f6479e
f2ae28
edffbb
ee627c
f24417
f48fd8
f52b8f
f66e58
f7a8f7
f6ca3d
f3ab75
f0d3ba
f1bdf0
f6244b
f9a199
fab0da
fbd02b
fc7a7f
f9f59a
f67a3b
f6a229
f9f8c1
fcf239
fea2ca
0000cc
010f96
01299e
0018d9
fe9e76
fe8b97
008d35
029296
0386ae
056eb0
0807b9
07cf76
058446
05673e
06a873
0623e4
05f31a
086a43
0b090f
0c363c
0cf848
0c9101
0aa116
09adca
0a9eee
0b98eb
0bea2f
0c4e3e
0d64ac
0f9b55
1191fd
10b055
0da19c
0bc78f
0bf28d
0cb133
0e187d
107c0e
123405
11e6b7
106354
0ed12b
0d9f69
0d57f5
0e55ce
0fe7ef
10f8c7
112245
10c01f
1036b0
0f6a92
0e762d
0e7123
0fe4e5
1132a0
10c7b0
0fcf54
101702
10c0ab
0fbce4
0db366
0dd678
113708
144889
13565d
0fcc2f
0dad52
0dd856
0ebf12
101f6d
11f404
12d8a1
12762e
11ff92
117732
102674
0ed2e4
0e7082
0f11bc
10efeb
132e58
1371bb
12196c
121f80
12cd4c
10bd54
0d70db
0d5c74
0ff767
1185e3
11aac2
121627
12a3f3
124dde
10b55a
0e3756
0c7aa7
0d07d4
0edb90
0fdd33
0fa71c
0f1912
0ebeda
0e7a04
0db65f
0c71f2
0b7fad
0af43a
0a3ddc
09fc8c
0ad9f6
0b915c
0ae60f
09a1d1
08b31f
07ebf2
075aed
06f7a5
05ace9
039a16
03628a
05dc70
078465
05b929
02c2dd
01951e
018a48
00ae4b
ff6341
ff8bda
00c5c3
006322
fe8f14
fe5f0b
ff71bd
fefb11
fda4c2
fc54e3
f98f5f
f7a2b3
fa2ffe
fd9087
fd49d5
fbdc31
fb02ec
f8d692
f73ac9
f879fc
f92208
f73e10
f624fb
f745ce
f8a0bf
f8fe25
f822ed
f6f0e6
f7383b
f7a698
f51e2e
f1a6f1
f22c7e
f60284
f856e9
f7ba45
f61106
f47ae9
f36b13
f345df
f34f4b
f3233b
f395b7
f3fcfc
f2fec6
f24264
f3a5e3
f4ff51
f40b9a
f25096
f183c2
f120ca
f0ea28
f1743b
f23a14
f23cfb
f1e051
f224bc
f29f4a
f24b6b
f1c842
f20b86
f1c629
efa3b5
edebee
efdd5e
f42f31
f62d7d
f45c9c
f1fd32
f16077
f14df5
f101e1
f1e016
f40a9c
f5243d
f41b1b
f38532
f579f9
f70c3d
f5506a
f3c33d
f5e7cd
f81aab
f6f069
f59ddb
f71b7f
f9a7f2
fadd6b
f9f70c
f875ab
f999f8
fcc3f5
fce4ed
f9a16a
f8ca7a
fc374f
ff5208
ff6cfb
feb43a
feb7da
fe5b11
fd7833
fdb2fd
ff7602
011846
011c0a
0035c4
00badb
02a93b
02def1
010587
005ae2
00d881
004fc9
007946
02f830
0507d9
04b96e
03380f
0195a5
00b640
011bb6
01c848
0267a9
033263
0327df
028f97
0309bf
03ced5
035d6d
02503a
015e07
00cb8a
0141b0
0262c3
036f23
045853
0452d5
02f10d
01b55b
019012
01df32
022059
023e3f
02e820
04a943
05b139
047d69
028d0e
0146b1
011f4f
02b30a
047052
04ada3
054b48
068ce8
059a3b
035d6a
028e15
021e08
01cbf7
03a14d
06ae36
0890c0
0886a8
05e285
01ff64
00a821
02774d
04e1e6
069caf
070150
060e91
059139
05a6fd
045705
0224d7
015cb1
027b61
04db92
07447f
077f89
04fe7a
02214d
00f2d5
011717
016786
01cd10
031c51
0525fd
05a9b9
031f58
ffb482
fe7c85
ff264f
ffe6fa
00bb6c
016497
00b78d
ffeb28
00e371
01b196
ff8945
fbe6a7
fa6f7a
fc141c
fe8b8a
ff7b16
ff3786
ff4240
fee8c4
fc714f
f92206
f87e24
fb133e
fd06cd
fc0092
fb344f
fd0a24
fdde99
fb1e42
f8320e
f7c01c
f83c0c
f8899a
f968a8
fb4647
fcf702
fbf00b
f84b6c
f60b38
f67a75
f6f76b
f76337
f8ebc4
f9fc17
f9b354
f929bf
f83995
f67777
f4cac3
f470f1
f635ac
f89d0e
f8f799
f7fa72
f77f71
f64b89
f45840
f42c8a
f54d68
f5a652
f60b77
f71d9f
f73353
f5b075
f3c53f
f2a266
f31bdc
f4f034
f65469
f5fafd
f4be02
f3cd8b
f2c457
f1804a
f1bdae
f3f194
f59a0f
f531c1
f3dd1a
f286da
f1aae7
f20b4e
f28ebe
f1d7b8
f19e75
f3106f
f45114
f48b00
f41542
f27652
f14657
f22d26
f2b941
f1e89c
f2abed
f4f392
f5eab7
f53cd3
f42963
f40faf
f546ad
f56250
f3f9c1
f49ec8
f72b19
f79446
f67392
f79fa8
faa583
fba0e7
f92fd2
f66a5b
f706e8
fa53a2
fc5103
fc1bb4
fcd452
feb67d
fe3723
fc2d76
fd117e
ffb9f2
ffe4af
fe7ec1
fe6a89
ffa453
0153ee
0296d1
02cade
032a55
041a35
037058
00f0ac
fffae1
024ad6
0525f6
05c03e
04e698
04767e
04e98a
05d95a
0620af
055caa
04c3ab
042569
02ecae
03564c
05fa1e
07f1eb
08935a
08bf45
074ce5
049b64
03263c
0355f9
04b1cc
0740cb
0925f1
08b4f5
07b3a1
07cf27
07a6ac
06b8bd
06830e
06cdc8
06f281
082c97
0a2fca
0b3970
0b55fe
0a9129
092064
092c54
0a48be
0a373a
0ae4c6
0db442
0f4b51
0e6db1
0d7c55
0d7ef1
0e1074
0e6fac
0e831b
0fbcb5
11a7be
11e288
1111cb
114534
1223dd
12ebe0
13808e
1388bc
13593d
13777e
1367b5
1303b9
13469f
14d1c7
16a4fe
171e67
15f919
1466cb
13a392
13ea88
145db8
145fb9
145a30
148e0f
14fad6
1598f5
1574b7
13f5cc
1241b0
116999
118bfc
125938
12a381
11bbc7
10bac8
10744d
106a77
106491
1057e4
0f6634
0d3b57
0ba8e6
0c4137
0daf47
0ddfe0
0c848b
0ab19f
0a5c3e
0b8f0d
0b1f82
08f1a4
088020
08d23f
0770ac
073016
092c5f
095692
072a27
060d03
064932
05f76b
04f5b0
049352
05ac90
0715a8
068250
040dc9
02a7c5
03ce09
054221
04b77f
035d3b
03318e
038d93
02f72c
02215c
02a412
03f964
042ff4
02f937
016e93
002b8b
ffd1d1
00c252
01d54a
020c5b
01de16
016da6
00488d
fef50d
fe4218
fde423
fd92b7
fdd409
fe40a3
fdfc85
fe4017
ff6996
fe4a3d
fa22ed
f710f4
f75044
f95c06
fba953
fd0c41
fc6ce9
f9ab8c
f5d1b4
f344b0
f3bdb8
f61aaf
f82bfd
f84c28
f63a60
f41b70
f33513
f25ba8
f1e9a5
f2bfbd
f31363
f2434d
f211cb
f27232
f213db
f11240
efeae9
eeda4c
eeabbf
eff0a7
f16687
f15ed5
f0d411
f14478
f11dfa
ef0bef
ed1bf6
ed7b08
f0295f
f3314c
f3b1f6
f20269
f1b1f5
f2b3f4
f18225
ef3ed4
f0ad70
f4f947
f69b23
f4faea
f488a6
f6791b
f787a0
f5e131
f456b9
f677ec
fa3383
fac723
f962a6
f9ff02
fbdb32
fcb7a2
fc5d73
fb6597
fba850
fd6359
fe0aa7
fe97c2
01bb5f
0469ed
02fd38
ff9fa5
fddd63
fed2a6
017bb3
03a92f
04dd41
066e75
0781f6
0592f2
01ec92
0189b0
04b256
05f1a6
04abe4
05a44f
08482c
088869
06e099
057b31
051f2e
0639dd
0717bc
062c02
05e0fe
07c5b4
09438d
08898f
06c746
05a212
05b9f6
067bfd
075293
0899e6
099ea2
08c09f
06fdf5
0670d7
0624dc
057e1e
06ff8b
0a35ac
0b0e5c
091221
06d537
0596ca
063338
086315
09c867
09bbe6
09549f
086f3e
072f9a
071f2e
08b531
0a0864
094671
07f8c9
086148
094ffd
0977f1
096d75
08d0e2
081bac
0863c6
07f0f5
0711f6
08c4ba
0ad5f6
09d228
08134a
07906f
0722bf
06c115
06a967
071924
084cb5
081114
060324
05e3b5
076431
06936d
049cdb
0457e6
046c77
040df9
044141
041dfc
03999b
0437d7
04831a
02dd97
010418
ffdbfb
ff4843
004770
01a585
01b039
014e82
00104a
fdc806
fd4d74
fe08e9
fd525e
fcc9f8
fd2bbf
fcd1eb
fc5d66
fbf9ae
fb6b1a
fbd82e
fb6a0b
f965c1
f98ea0
fab40c
f90a60
f76466
f807f7
f8c13e
f9026e
f89447
f75b8e
f793fb
f86498
f70241
f51c0b
f4a7ef
f474c5
f45549
f550e1
f7337f
f86e97
f74078
f4454f
f23a6a
f20cfe
f26bc7
f2b94f
f3a0ab
f50f75
f5d8ce
f571ad
f3f5d8
f1fc0a
f1347b
f1adea
f199ec
f1a168
f2e7b5
f3becb
f37b53
f3007d
f26c94
f20ca0
f17ce4
f09824
f111f3
f1f2aa
f150aa
f170d4
f290fe
f255d6
f22b0d
f24f12
f0fa6f
f03fb0
f0890e
f00d8c
f10e42
f31b92
f26765
f104cc
f1ad11
f239f1
f19fa2
f070c2
efaf59
f10a73
f2b91d
f27178
f24546
f2f43d
f2a3fe
f1ce02
f1c8eb
f2ad62
f39f59
f30792
f1ab9a
f23a72
f4d086
f70acb
f6a031
f42647
f36855
f521f6
f60327
f613d7
f78378
f8c497
f7cdf3
f666a2
f7914a
fb0245
fd124b
fbe1c1
f9a1b9
f94dcb
fb73b2
fd7033
fd5076
fd3f19
fea1cc
00093c
016761
02565b
01cc2a
013069
004316
fed27a
018a11
077d43
08e0ac
06033a
046223
046f27
05c71b
07ecf4
08e986
096a05
092cf3
06c09c
06408e
0a3897
0d6c00
0d05c2
0bae93
0ad9fa
0a6528
0a363c
0ab020
0c6b8a
0dc1fc
0d491c
0d2728
0e4801
0e7a88
0d241c
0ba492
0b47a9
0cb311
0e9db0
0f40cd
0f1712
0ee593
0def5b
0c6149
0be44e
0cf01e
0e2383
0e4896
0dcf72
0e5a3d
0fb2c4
0edb50
0bc99e
0ad7ea
0c6e17
0d06bd
0d6e04
0f43b0
0fd32c
0e041f
0bbf0a
0a4159
0b46ca
0e53f2
0f1e5e
0d373b
0c0fc7
0c1b7b
0cbf1b
0db064
0d590c
0c6fbc
0c6257
0baa18
0b6b9a
0e1af3
0fbda4
0d31be
0a8b68
0a692c
0b92d5
0d7803
0ea0ff
0dfb57
0d336c
0c9ee9
0bb5a3
0bb1f9
0c2774
0c1a7b
0ce6c6
0e1298
0de274
0d3817
0c9802
0bf681
0ca3da
0d6a23
0c5055
0b705b
0c5bb3
0d6b18
0db309
0d5375
0cd791
0ce317
0c4646
0ae374
0af451
0c2b77
0cbeea
0cf140
0cc358
0c299b
0bfe04
0b117d
0903e8
08fd40
0b5c17
0c6947
0b340e
0a0d4e
0a022b
0a2a9a
09236e
06eae9
06158f
081256
09c533
08f9a9
0833d3
082845
064b45
03aac9
032fde
0466f1
05cc13
0607a5
04c119
0443a8
048dc9
02ddd8
007b54
fff533
00c6f4
023106
0287c0
00e6ed
0048af
00c6d4
ff7449
fdf485
fde9da
fddfb9
fe3219
fed309
fede5b
fec8f4
fd370a
fae038
fb9675
fd1713
fc8a0f
fd1b7e
fdc26b
fbc8f9
fac57f
fb64b8
fb1b08
fb4c0b
fb8ba6
fa8f08
fb1166
fc8a1a
fc0fbd
fad757
f9e3d2
f94020
fa03d2
fadece
fabd05
fb05c3
fafba8
f9e836
f9be3e
fa6803
fa2878
f9594e
f90fa5
f9629b
f9cb6e
f9e4b6
f9d54c
f9ec2f
fa380b
f9ee1d
f8878e
f78467
f7caad
f8a555
fa3ff4
fb40e8
f9fad9
f92dfd
f9d7b6
f8e03f
f7524d
f78d16
f8af3c
fabe9b
fc49fb
fb3683
fa6db0
fac5ea
f99485
f8cf2f
f9afb4
faa1b3
fce1c4
fe55e5
fbe12a
faac1d
fd5721
fee8bb
fe16d8
fc9e4c
fc0cf5
fe41f7
001272
fef088
ff761e
0224fb
022d84
fffcd9
febfe7
0055ee
0403b9
04918b
01a1ae
019599
0393ed
02c6f9
025189
056359
082292
073b59
045c6f
02ff76
03e3cc
04e99e
058802
06c4fc
082ec2
08c6be
080a35
069662
065b61
0760db
077847
064c1d
05f6d2
07e803
0a554a
0a6889
092f73
090057
08f84e
08423e
0798b7
0775ed
08d6e5
0af329
0b0707
0a2369
0adea0
0bb3bb
0ad558
095eb1
0928f0
0a82c2
0b51a6
0b124f
0c2cab
0dc814
0d76d3
0caf94
0c8072
0c31ab
0c357f
0c2ed4
0c5f84
0e34ee
0f6a6d
0e85bd
0ebc37
0fe75d
0f3096
0dbf13
0d517e
0e273c
0fa1b4
0f6637
0ea220
10b3db
123e60
0feec5
0e0c3b
0eae97
0f43c8
0f8aa0
0f9901
0f0a86
0f6196
0ff2d6
0ee2aa
0e254d
0f3018
0fb675
0e5ee7
0ca971
0c7da4
0d9703
0d83df
0c1734
0bed63
0cea65
0ce381
0be404
0a9161
0927f3
08b383
090d02
091917
093eb2
094f10
081df6
06cb80
069e95
064ec0
0553c8
049814
044835
047622
047eb1
0306bb
01bdad
02d01c
03a269
01ffaa
005982
fffa2e
ff89bc
feea98
fe6116
fe18f7
fecd01
ff497b
fe6c49
fe1422
fe2a95
fc2209
f94ee7
f8d4d6
fa8a43
fc8ea3
fccf9f
fb0b36
fa3ca4
fad65b
f9ccee
f7bc7a
f72385
f765ca
f7d3c8
f89037
f9116f
f95eec
f88671
f5dd8c
f463c1
f53c18
f5bde9
f61e98
f717ba
f699c2
f53c22
f4a6b2
f3711f
f21657
f2fd72
f4ed77
f53ab3
f3b961
f22ef2
f20170
f22f13
f1992f
f13523
f140bf
f10dfd
f0e9ef
f0cf08
f0c39b
f1117a
f058d7
ee775f
ede8ed
eed5bf
ef6f0c
efa620
ef93c8
ef01ea
ee6efa
eda7dd
ecada8
ed0c04
eecdd0
efc4a7
ef4cf5
ee9de6
ed9e76
ec4c31
ed2bdf
f01d2c
f09ac1
ee78c6
edeacb
eed889
ef9ea4
f1306b
f29605
f24280
f10380
ef1d4e
ee6840
f1e040
f65fbd
f6fa0a
f53566
f43340
f45739
f5675f
f621d4
f5e6b9
f71076
fa3482
fba142
fa0cff
f97c8c
fba1c9
fc8257
fafb0f
fb2361
fdbc4f
ffdfde
0093d3
ffd602
feec43
006af3
025a54
016e17
00948e
028b65
0427bd
039fd8
038e8c
0548a6
06c41a
05d79f
037872
02dea5
058d9e
08e5f4
0912ce
06f3bc
0685fc
072330
0665c2
068151
088441
09ca57
09b70b
08aa8f
07794b
08daab
0aa10d
088c04
06ea40
099e91
0baebe
0b2feb
0b61fa
0b816d
0a39fa
096cc4
09e260
0b69a3
0d507c
0d76aa
0c2db6
0c0c24
0d2d63
0e4c92
0eeb30
0e6a09
0d3ea3
0d2258
0e694c
101cf2
11839c
11f3a6
1143cd
102ecd
0fb1f4
109bf7
124cd9
12f021
12d507
1387e3
13c11b
12c45f
130837
1432b6
13abe4
12f02d
13b34f
147aa5
1522f5
1584c1
145740
13b332
14b4eb
1402f2
120882
1256c8
13f712
14d1f4
14c9d7
13b485
12d075
126f67
10623d
0e9081
104d18
12a379
12782d
112abf
0f7a0c
0dead5
0da149
0dac33
0d84e8
0d6ffe
0c455c
0b1170
0bc14c
0c45b9
0b8181
0aef3b
0978dc
0731ae
071016
083cab
089b5a
08cb17
07cca5
057575
052a5d
0660d3
05f37f
055a5d
05a64a
050d14
0456bf
03ea4a
026ee9
020fd8
044dc7
05b6dc
050776
043f8c
0372a8
0284b8
01f982
01633d
01b83d
03a638
04b68b
0417e2
03d8e9
040390
039958
02dc47
020a39
01f53d
02fab7
036798
0331e2
042cd8
0578d6
05274a
0376b0
01c5fe
01d8d3
03782c
03961a
026c1c
03228e
044da6
035304
025c35
0313c2
039cb1
02b205
00a8c2
ff394c
0032c0
01e7fd
01fc2f
018d9f
015b87
00794e
ff7173
fe67ee
fcfedf
fcfb57
fe7a3e
fea590
fd7f46
fd1f7e
fd3dd2
fced3a
fc16c3
facdac
fa3ae7
fac0bc
fab6f9
f9ef6f
f9b333
f9da08
fa4e30
fb116f
fab5a0
f96a56
f90155
f8b28f
f7c17d
f84090
fa12b5
fad58a
fadecd
fb21d1
faf04c
faecb6
fb65d8
fa9bdd
f97d77
faec6c
fdd4c2
ff4ff2
ff0ec2
fe1aae
fde6fa
ff46a3
006355
fffbdc
00412a
024acb
03cdd1
03659f
029cdf
034db6
051da9
06080b
05caba
067ded
08616a
08bb31
06bcef
05b070
07cb72
0a7c2f
0b20a5
0b276e
0bbea7
0b3211
094926
082198
08fabe
0bcdf0
0e80b2
0dd159
0b4392
0b6342
0cb9fc
0b46a4
095ad2
0a535d
0c2660
0c85f3
0bdaa4
0b2273
0be006
0d5e39
0c271f
093166
08d01c
0a1065
0a208d
0a3fc5
0b183f
0b829e
0bbef5
0b36ff
097d4c
08e728
099ea5
096da5
097e87
0aee3f
0b5817
0a51be
09e008
0a221e
0a80ca
0af058
0b0e88
0b208c
0b91e6
0b9708
0ae830
0a8b18
0b2b93
0c4e29
0d165b
0d6dc0
0d8147
0cf32f
0c9423
0d9842
0e4de8
0d3e76
0cab17
0dcbe6
0ed255
0f4bf6
0fb6d9
0f97db
0f6c6d
0f679a
0e4f8d
0d2df8
0e46dc
1058ea
1115ab
108e3a
0f971f
0efef6
0f24fb
0ed395
0df161
0e2bc1
0f062e
0f324f
0f986f
10095b
0efbca
0d44c4
0c1a65
0b45a3
0ba04e
0d6b4a
0e7ec9
0de424
0ca701
0b7294
0a8883
09b6d8
08eafc
09154f
0a05c6
0a59d8
0a488d
09f3f4
08670a
06a619
062b2f
0631df
0644a8
069626
068281
062f49
05e323
04d093
03afe1
03a744
037481
02ac18
02d7fc
0373dc
02f2c7
01f6be
0176e9
013e02
00f897
007470
fffa77
002a40
007730
ffe3fe
ff056a
fed662
ff072d
febce5
fd9b7d
fc6530
fcb0f4
fe85be
ff8f6c
fe4d70
fbeb1d
fa382a
f9f177
fadc31
fc0ee2
fc956a
fc391d
fb4ea2
fa2737
f903de
f86b9c
f8ba8b
f925a1
f8cfbe
f85e36
f85567
f7f80a
f767de
f76141
f719e6
f5fab0
f4def1
f43363
f42748
f528a7
f627aa
f5b0fc
f43a5c
f2bb9d
f1a721
f15c1d
f174e0
f19b1a
f26dab
f330b1
f24b42
f09a67
efc2d9
ef8954
ef6d11
ef4a54
ef0009
ef8ca2
f0efff
f0c572
ef1dfc
eeca62
ef2f35
ee14c8
ed23ac
ee7458
f0b955
f1e4eb
f1188d
ef2af5
ee720d
ef3f50
efeb52
f0ba33
f21e16
f2b2d4
f290b8
f2b585
f27a4c
f248e8
f34845
f443f2
f48620
f5591e
f6816f
f7075f
f755c5
f793e0
f7cf4b
f86882
f89936
f8733e
f9ee2d
fcb69b
fdbded
fc25b8
fa7d42
fb63de
fe07d4
ff3ab1
febe26
ff13b8
00061e
ffb757
ff0390
ffade7
019146
02f866
0252b4
00f53b
019106
03435f
03de9c
03e47c
038fa8
02a203
02b710
03c01b
04455d
056d44
0725be
06bc60
04fcf0
044686
042e4c
04bf99
06347a
06cd4f
06c817
077f8e
07e321
0819ca
08e277
081949
0604c0
061f22
07ea16
09264b
0a43e1
0b0663
0ae64b
0af76c
0ab693
0992c2
099990
0afeb5
0bc934
0c18dd
0cad15
0d618a
0e3892
0e4216
0d310b
0d0c9b
0dfc0c
0e29d3
0e4e51
0f4aba
0fbb10
0f7f70
0faab7
1047a7
110501
10ceb3
0f56a5
0f293d
10c966
111ae7
1019d8
1040b3
1126d0
11a20c
119abf
110428
10fd9c
114b3a
0f8ae2
0d8101
0eedaa
11ca92
129316
118cc8
0ffb26
0f3c87
0fa607
0efdc3
0d98eb
0e4110
0f975c
0f4f90
0eb9a0
0e93fe
0e5e46
0e5e09
0de2ea
0cee6d
0ce3d8
0cd8c2
0bf395
0c0141
0cc2d8
0c627a
0bbd27
0bdba6
0c15d2
0bdcb5
0a9e58
090104
091209
0a127c
09c97f
09357b
09a91c
09fdf4
09830b
0868d0
06f6a6
066c79
06b523
0630df
05d5e8
073cbc
0859ab
071658
04b342
032ed6
034a40
03f447
0382ca
02fb13
03c7bb
03ee13
027198
017461
016359
012cf2
00cc40
ffde47
feced9
ff0c80
ff8b4f
ff05d1
feba94
fecb2d
fe45ac
fd7224
fc6550
fbb3b4
fc13bb
fbb70d
fa6caf
fb04a4
fc89b9
fc1ad6
fadcd9
fa1093
f924c5
f8b7ec
f8d75e
f8f98f
f9a6f3
f9e8b0
f8c329
f8122a
f85f0f
f84bc1
f857be
f8ccc6
f8b49e
f868b7
f816ac
f73ff5
f6f9e1
f7fbaf
f91762
f9a4a1
f9b354
f94dc0
f8f007
f8cc9a
f8c4f6
f928c7
f98eb4
f98c3a
fa54ee
fc2071
fce6da
fc2790
fb8b98
fbd06c
fc873a
fcd68a
fc5b87
fcddbc
ff5135
00e2a2
0065ec
0049cc
006535
ff6797
ff5075
010b7e
032801
04d12c
044cc8
01ec65
0240ac
0526d5
05d81c
051530
05663d
0565e7
054b81
065bd1
07b8c4
096544
0a0d92
0709e1
03e083
059868
0996f4
0b87f4
0b6f32
0a74c1
092efa
07bbb3
06af38
0828fd
0bd7e7
0dadb0
0c07a9
095aaa
083b71
094a9b
0af591
0bd20f
0c55de
0c296a
0a9912
0993e2
0a8039
0c04df
0d3736
0d797c
0c0eb9
0aa4e1
0ae0fc
0b8f9c
0c8dc3
0eb42c
0f959e
0da43f
0bf728
0c2e60
0cdba9
0de790
0ecbd2
0e89ee
0f3770
10ce21
0fc9d8
0dfde7
0efb8e
0fdd7d
0ee36a
0f11f0
108a89
11c20a
127073
118ef7
10653b
10d494
10567b
0ee401
107d5a
136e8c
13a164
122b5d
10ec30
106bd0
11133d
115a17
10a81f
10d012
119826
11aeb3
117924
11466c
10fd93
100e33
0e0663
0d698b
0fd6c1
11b448
10b9a7
0f36b0
0e6e56
0dc556
0d0949
0c29b2
0c108e
0d68cc
0e5018
0d8a17
0c68a7
0b8ba3
0a9bc0
0a34e8
0a6db6
0a64a8
0a251b
09f5b6
095e7b
08ee83
097842
0986d2
083867
074146
0721a4
06ea57
06f6ce
074959
0758f4
0767fa
06a5f5
04f813
049bc2
05627b
05627b
057595
05dd8a
05329c
042fb3
03abd3
038161
042117
046c9b
036eeb
03165e
03af3e
0396ee
030dae
02644f
01ec0c
02a941
02e0b0
0179cc
016cd3
02efd8
02baf1
012098
0068c1
008c11
00b9cd
00b59e
00e981
018431
017310
0059b1
ff6287
ff0dac
ff2245
ff2206
feb9c1
fed965
ffd147
004a23
ffe614
fecf51
fd0031
fbf373
fc5135
fcd43b
fd9c07
febd52
fe91e9
fd532e
fc6282
fb4950
fa2d24
fa58ec
fb5e43
fbefbf
fbd05d
fb274a
fa35d5
f9af01
f9d036
f9c9ae
f9798f
f999b5
f9491a
f7b9a9
f6cece
f79efd
f8daf8
f9c2ee
f97966
f77099
f6001c
f67fbb
f70760
f6fa6c
f6fbcc
f6bffc
f6b16d
f73f06
f7e0b8
f8332f
f78544
f6267e
f5dbee
f65121
f69fe6
f7e045
f953e3
f90696
f7e26d
f76a2b
f80d2b
f9813f
fa199b
f9a516
f96c5e
f8b103
f82339
fa3d9c
fd1a28
fdfff0
fda835
fc085b
f9ee8a
fa4959
fc2981
fd5ecc
ff0b06
006a15
ff48a0
fd8455
fda658
ff2638
006bde
006fd7
ffe3e3
ffcc60
ff420c
fe917c
001fac
030606
03d225
027170
01004f
ffceec
fef176
ffb332
01c0f5
03090f
03190c
02ad4f
01b072
009ec0
00a0f3
01a85d
028fe6
021317
00ae04
00ad7a
01d04d
020212
022227
02dce1
025695
0102ed
00cd80
01a369
02d2dd
02e639
01577b
0115e1
02cebb
037db1
032bb5
035151
033cc9
02fd44
02bbc3
026323
0383d1
0572bc
058463
0491f1
04594c
04940d
0528bc
05840a
05b853
06eefd
072734
053859
052b12
07ad6b
08bbee
083cd4
07f338
078693
0775c9
082929
08ace1
08d9a4
08a074
085cb0
0986fd
0b18f2
0abbc9
097ee2
0902d8
088587
0833ea
093147
0a75de
0ac15f
0afd6e
0b6ca6
0aa5b2
08fa05
08232f
083df4
08a647
0944fd
0a0e89
0afb01
0aea2b
08d7d9
0724be
07afc0
083ad8
07ef2b
083e18
085300
07906b
0706c7
06bfa2
06e67b
0757f2
067c91
053019
054c28
059fb9
056690
055be5
0505a0
0466a4
03c32f
02b528
029177
0400b3
04ba73
03ce57
025cd2
01842f
0201d6
0238af
00e1c3
008427
017eaf
014b0f
0137ff
025e15
01fbc7
002c9a
ff516e
ff17bd
ff2e54
ffebc4
007c53
00ddb4
010956
fff984
feb7e5
fed947
ff4a4d
ff3e63
ff9e3f
00132b
ffa083
fef68d
fee616
fee6b5
fec9f6
feedb5
fed924
fe643a
fe63a4
fec495
fee09f
febfce
fe3f0e
fd6c57
fcb017
fbc6ab
fb6b95
fd0868
ff076d
fec9b0
fcaee5
fa85dc
f978e2
f9b83f
fa3c3d
fa61d7
fa6975
fa43ed
fa1d4c
f9dae6
f8bbf8
f75c50
f692a6
f616a5
f67f20
f7b330
f7f2dc
f75315
f684c0
f50dca
f3ef28
f3a76c
f38b1b
f542a4
f80437
f74fbe
f45c04
f33e25
f2d8cd
f2dec2
f51314
f6cf6b
f62682
f5684c
f52a80
f56dd9
f748ff
f88e68
f751e3
f611db
f62a48
f6c0dc
f8b3c6
fbe420
fdb7da
fd342b
fb5dee
f99220
f9b779
fc34b7
fee50b
00b3fa
021a24
02263c
005d9b
ff84cb
01b93d
04a200
04fe6f
039b1b
03d1e7
0614bf
07c025
080ede
084f93
08aed6
08ce68
08a76b
085ff5
09651a
0bd8b6
0cea59
0c4faf
0c4e1f
0c2f4b
0b511c
0b992d
0cdc33
0e2b34
0f910e
0f31af
0d39fb
0d0aa1
0dda04
0d8d13
0e2902
0facec
0fbc63
0f572c
0f393e
0ead76
0ef38e
0f7f8a
0e5c0d
0d864d
0eac46
0fe3f8
10a4fc
115429
10f0d1
0fb14f
0e5c1b
0d458e
0e1f4e
10e91c
123b2b
112dcd
106fe1
10d8be
111109
10bd87
1099ce
111172
115ca8
10b197
107b1d
124548
144e85
145b22
133d77
127416
12004e
11d0ca
12270b
133f5a
14e0ec
158db4
14ae41
144f34
151d4e
1509f5
13d672
134e58
141fce
1581f6
15c66b
14aae3
14c4e5
1684aa
16b37b
14ca2d
137a7b
13a588
14507c
149d5c
147cdf
14bb18
14eddf
13f35c
12ca16
129fec
12f17b
132ba0
129e07
112757
106433
10912b
107274
109da3
10f879
0fc514
0dea64
0d4d4d
0d5742
0d4daa
0ce979
0b9b91
0a7b6a
0a9bea
0abf5f
0a561f
0a1abd
0963a0
078e38
05d113
056b3e
063723
06bf25
05d0f7
0488a9
046eb3
047441
035055
021010
0194c5
013e0e
00c397
006fc5
0075f9
00c12c
007cf1
ff6481
fea9b9
fe7085
fdbbe2
fd085f
fcd2fa
fc9530
fcd5a0
fd81a3
fd1785
fc203d
fbd3de
fb3fde
fa7844
fabd8b
fb1915
fa619e
f96389
f92c18
fa1be8
fb200a
fa7b31
f8e6de
f81e60
f7d811
f7b8fa
f7f451
f8180a
f84185
f83cdf
f7208f
f63a8b
f6d5af
f74076
f6d312
f66a82
f56177
f484e1
f5809c
f62074
f50b6b
f4f48a
f5c0d5
f52e3c
f4aabb
f50eee
f458d4
f33687
f363ad
f3ec1f
f48488
f5a067
f60375
f56f47
f495da
f32ec5
f2b9c8
f4cdfc
f691d5
f5d358
f52001
f60ccb
f73d7d
f7d7ae
f780b0
f666d7
f600c3
f6cef2
f7f372
f92f47
fa6db1
fb09cd
fac628
fa712f
fb4398
fc849d
fbcd8a
f9d65d
fa3aea
fd5bc7
006c4e
01c269
011130
fefe81
fd3d49
fcfbe7
fed1d9
0251dd
046fdf
0318af
00f26e
00bfa6
01bddc
02c16d
039cdd
0419f7
04489d
040452
0337ed
031f92
04465a
0519e1
04a678
03b627
03790d
04bd7f
066dea
067e4a
058061
05147c
04701f
032934
03356b
050daf
069a3d
068f9e
05e270
05dd07
05f2e1
050ade
04530a
051d3f
05d56a
0555a5
051940
05d228
06a805
073abc
075c93
06eafc
0624c0
04fb01
0428a4
0579cd
089635
0a8146
0955d1
065284
049b81
05b882
078e80
085cbc
098f71
0b0ca0
09cfd3
063950
04e3cb
078e40
0a906b
0a60f4
085621
07da34
091481
09dfa9
09d32c
09776f
08966e
078751
0750e7
085719
0a018d
0ab83f
0994c7
082234
07d594
07f30c
07d868
07cff8
080a05
08a10c
08a3ed
071e06
0630e7
077805
07fbe6
065221
059e24
067acd
0661da
05a411
05cd08
0615dc
059dda
049de3
038a9d
032c43
03b6d6
047862
04fde5
04a390
030abf
01a2a1
01680a
016281
0181fc
0266b1
02bb06
018862
005940
0045e7
0073db
001e15
ff9c28
ff63f4
ff20fa
fe9115
fe9dff
ff6960
ff4677
fe1076
fd8f09
fdb7cf
fd31ed
fc5982
fc403d
fd036e
fdf9fa
fdd292
fc31e8
fadeae
fb0bbc
fba4ed
fb9fcc
fb5bd7
fb88c3
fbf387
fb6e0e
f9edd8
f96765
fa5dce
fab5a6
f9d48a
f98052
fa23ed
fa65be
f9de55
f93ea4
f8bfc5
f81477
f795bb
f80289
f8f561
f96f44
f97be1
f916f5
f77858
f56b6c
f51908
f6ac2a
f842d2
f8afec
f7ff59
f6adb5
f59586
f5887f
f6310f
f64e3c
f5ccfe
f5d2c8
f5ffbe
f54998
f51df8
f6a7c8
f79175
f659a2
f50718
f4deb9
f4fe94
f51da5
f5ad65
f6c870
f7ed5f
f7efd5
f6dc8d
f67c8e
f6ec4b
f6dfcd
f72ae4
f8bd10
f9bfa9
f910d3
f844bb
f8c4b7
fa8901
fc9358
fd1a94
fbc84a
fac2af
fb1af3
fb93e4
fc27ef
fe3ed7
010d87
0234fb
0118c9
fed419
fd547a
feabeb
01dcce
0375e2
035cbf
03b7af
0380ee
0200a2
02168a
046276
062a8f
0686c0
0595dc
0389f9
02e557
04a521
062b33
070a5b
085f4e
081aa6
058acf
03f5f8
049e5b
060f13
077a01
07dac4
06b336
0581d2
051495
056d7e
07189d
08a120
07b298
05950f
04a11b
046fa0
049a08
062053
085bc9
08f3af
074a89
056611
05181e
06164d
0764e4
0831d0
0792ba
064e70
066a01
07c9e0
09542b
0af1b3
0b5431
096ead
0796df
07aa0b
08ecc3
0b1ff1
0d6d5c
0df11b
0d5e28
0ce139
0bd4dd
0bb62c
0df6ce
0faf7f
0f7e8b
0fb539
103557
0fe1a3
101e1e
110d58
11c04d
12bee3
132fa1
121283
118a15
1279c3
131199
135d42
13ff07
141eb4
14146d
145015
13d205
1316b0
1343b5
13904f
139ae1
13e28a
13c76e
13177a
12dea4
1326ff
12e666
11b7d5
10c4cc
114f74
11df60
10aac8
0fd081
10e1a1
110c9c
0f2870
0da0d2
0d448d
0d71e6
0ddaf6
0d642e
0c52ab
0c52f2
0c8115
0ba671
0ae046
0a2be3
08f06c
086e0f
088785
085ee0
093417
0a41a4
08d5e1
068d36
062248
0627f3
057294
0536db
05a552
06405b
069720
05ba0d
046bfb
0446f4
04673a
03bb53
03490b
0398a9
03ec19
03d14d
034a22
02e9b2
03206d
032017
025a21
01aabd
01d9c2
0299d2
02c35f
01cc0b
01281e
0185ee
01156b
ffa7e1
ff78f4
00a47f
0192a0
01ab97
00a2ae
fef5df
fdfcd5
fd8be9
fd3711
fdd64c
fed64e
fec864
fdfa29
fcf5e5
fc1631
fbfc82
fb7e8d
f9ddcf
f97d01
fab16f
fad238
fa38c3
fa3684
f9420a
f754b2
f68564
f6cdae
f7409a
f79b28
f73fd2
f676e1
f5ceb0
f4ac2c
f3d4fd
f48b5d
f54e1f
f4e6b0
f44af9
f3d11c
f3d8eb
f4c1e3
f49fde
f2dcb9
f225a9
f307ca
f3b782
f43c5a
f50998
f59983
f577d9
f42db7
f2f1ee
f41635
f62b3a
f67891
f64e18
f72e39
f7f67b
f82a17
f7f25a
f7af33
f8aaee
f9db51
f9a41e
faa1ed
fd881d
fdd936
fb6d75
fadca5
fc853f
fe4a4b
ffd4f8
0091f3
005d1b
002080
ffc17a
001123
0256cf
044870
03a077
020810
015e9f
0252da
04dea2
069977
064c7d
0617b4
05bc4d
03bb1f
02f5cc
0581b2
081dee
083ba7
0717b5
06928b
06e4db
0682c6
057dc2
06858f
08f13f
09102d
078cf5
072db6
074cb9
071704
0719b9
073c96
08238a
09c5c4
099ef9
07d7bc
07a619
08d2e9
08f937
082ab6
077c4b
07cb43
097359
0acddc
0addbe
0aff99
0ad55f
08f966
076cde
088f21
0b05f8
0c4cef
0bcabe
0ad8a0
0afbaa
0bbe56
0bdf77
0bbef5
0bdc55
0b8f89
0aea93
0af317
0c0851
0d8fc2
0e3664
0d3509
0b9519
0affe1
0bd917
0cf347
0cd870
0bf671
0bdcd6
0c202f
0bca75
0bded6
0c7328
0be1f5
0aaa84
0a681a
0a8ba3
0a54c3
0a3105
0a3a69
0a5292
0a1f49
08e9e4
0784b8
0773d2
0819c6
083b7c
080b15
07954e
067c9f
0529b2
045955
04ab97
05ef64
065b20
04d866
02e490
0204c5
01e1fe
01f87e
0273b6
031f2b
02df61
010f9e
ff0f80
fea341
ff76ed
001a76
ffda18
fec439
fdcd9b
fdb7ab
fda187
fd3a54
fd8083
fdaeb0
fc6d5c
fb1539
fade4d
faef33
fb085b
fb50a6
fb3d06
fb107f
faf285
fa0f9a
f90a2c
f8da88
f871c3
f7bc89
f83cea
f95b6b
f9a803
f95163
f85fb2
f6f310
f672ef
f6eb58
f6ee03
f69f4f
f6b0b7
f6a8de
f69588
f6f501
f72480
f66e29
f5289c
f41eac
f41509
f5023b
f5bdf6
f59afb
f52e76
f4c9dd
f422c8
f3a59b
f3eff2
f4381d
f38aa7
f2c94e
f310cf
f3b7a2
f3d88f
f39455
f30828
f2699a
f23991
f22744
f21176
f2d13c
f3be63
f2e97f
f1146e
f0f218
f2b1ba
f3e2df
f30f1b
f176f6
f14b37
f27d91
f327c5
f31313
f35b0d
f37961
f29cac
f2142e
f34050
f52902
f5dff9
f4e671
f3aa39
f3be5b
f4ce32
f5784f
f5e802
f74b0d
f8d590
f88388
f72468
f758ef
f85f84
f7a1ff
f6b54f
f92119
fdb76f
ffbe0c
fd413b
f94c05
f84a26
faa3cb
fd47c1
ff5b80
01866f
016c78
fdd139
fb4c4d
fdc0ce
027b59
049435
02c9b9
001a8f
ffcb00
0142a8
0289f2
04369d
061648
05a606
033cc4
01f769
02e5c4
05303c
074bf5
07405c
05e19f
05e92b
068c99
05a4a0
04ebfa
068ee2
08ac94
08d7d8
080180
08373d
08a58a
074eb7
05fb58
07d003
0aadb7
0a752b
087cc1
086e78
09faaa
0ac819
0a516a
0976ee
08f1c1
08d1ae
093719
0ab656
0cd564
0dc384
0c5c7f
09543f
0738f7
089249
0c0cc3
0dba07
0cf267
0bf14a
0b4392
0a8f26
0a80d8
0b3d53
0be07a
0b9dfc
0a8c2b
0a3f6d
0bba3a
0d0d3c
0c38e0
0a4550
091373
0947da
0a85b0
0b82d6
0b5485
0a833a
0982a4
0876bd
086fa9
09b170
0a7312
09793d
0800c5
07d9de
08bb7b
08c030
07b092
076a9e
081354
07c6de
0690eb
065d37
075c57
07fdfd
07bb51
07480a
06be4c
05b654
04ec83
05574a
064a4d
07155d
081239
08662d
06cf11
04b7b6
0443e5
053d47
0677c3
073ec5
072cff
0695b0
0637a7
066329
06d13e
069a21
05aad9
058ef5
065c84
065e9a
062618
07049c
07637a
06216e
0508ee
05340f
05f586
0682c2
062e1e
056d46
056778
05844f
04e9a5
047637
04764c
045d3d
04755c
048e91
042de9
03f430
03bd57
02b8f9
01d0dd
01e7dc
026bdd
0317b8
033837
01b869
ffefc1
ffe0cb
00dac0
016be0
0137c7
0055ee
ff7eab
ff23a6
fec9dc
fed046
ff8cc9
ff9a21
fe96cf
fde842
fdd452
fdef23
fe4d9b
fe7c0b
fe31c8
fdb2ec
fcb6c8
fbed51
fcd06b
fe3922
fe2e83
fd6f8b
fcff97
fc94e1
fc7089
fcb2ca
fcfb15
fd6c40
fd7834
fc757d
fbce6e
fc8bd9
fd8697
fe115b
fe1cad
fd214b
fc08c7
fc3e6a
fd14c7
fd9bd4
fe003e
fe1563
fde41a
fdfbd4
fe0945
fddc41
fe1caf
fe8a65
fe7892
fe59ce
fe97f6
ff185b
ffcec1
0035f1
ffe3e7
ffbfa8
004e4f
006fb2
ff74bb
fed240
006a94
03614c
044ff5
020857
ffa1af
ffca21
01772b
02e312
04199e
050e66
043996
0155a4
ff8532
01b3e6
05d02e
076b13
05a4d3
030d2e
01cc5e
0256c5
03f0f5
056d0c
062d7d
05ec82
047222
02c471
02fd5e
057d69
078558
064bff
033990
0267df
046346
05a29e
050b01
052d8a
066792
062dd2
04520a
03711e
04373c
04c4f9
04866b
04d2db
05d75e
063cb5
05b157
051bc2
04ff27
054a1f
057cf2
04e860
041b97
04aa30
066c79
077b5a
074f70
070e25
06b979
0546be
03dc68
052e6d
085f92
095d41
078a7f
066266
0717e7
07bbf4
07d719
0867b9
08ef8a
085baa
074adc
07552c
08c461
0a1bbb
0a1f82
09260e
082a79
080eea
0932b3
0a863d
0aacf2
09f681
09407d
087d75
081eb2
091545
0aae00
0b1d14
0a2bbf
096e64
0990a9
09477b
080a26
07bf8e
0951a4
0a8735
09c487
0885b0
08680f
08c973
0855f7
074817
070d59
07e534
085863
07a29a
06a533
06704f
071690
076957
063cf8
049b7d
0467b5
053686
059c6b
058e78
054bc4
049ecd
03a5b5
02b04b
0249da
02c344
032808
02b7e0
024d97
0242a2
01e482
012c55
005c01
ffa7f9
ffba79
0026cf
ffec80
ffaead
ffbd5e
fee540
fdad29
fdabfb
fe2231
fdaad5
fcbbb8
fc7060
fd2ad2
fdd5ed
fcee9f
fb5153
fabc3d
fa9e5b
fa5b5b
fae26b
fbdf55
fbf8b4
fb0245
f96126
f80892
f83252
f9295c
f97dcf
f953cd
f8e5ce
f83eaa
f824d4
f8411b
f7803b
f68eb9
f64741
f662f3
f6cdc3
f706b7
f66177
f5b7a9
f595b8
f54b05
f51cee
f51db5
f442fe
f34ce5
f39a1b
f43c81
f46915
f4711f
f3b252
f23f75
f18c66
f1c7fc
f25473
f2d495
f29887
f1fba8
f1f812
f1a222
f0bb25
f118f9
f2264e
f1825f
effd29
efd937
f120b9
f28b0d
f2e8b6
f21b2a
f141e8
f08989
efb935
f050e5
f2a289
f42f2b
f3d909
f2e6ec
f2399e
f23a79
f31e80
f43873
f4ef04
f5090d
f48424
f47bf7
f5dd50
f77ca3
f80424
f76dae
f62bca
f5b41c
f788e1
fa83c4
fc3c58
fbfaf7
fa5900
f8785b
f7f362
f9bf27
fd4c2a
0052c7
0009a8
fcff5e
fb4443
fc852a
fe4d13
ff0de1
ffbbc4
009846
00712a
ff1e7c
feb5d1
00babb
031590
02e4f7
01037a
00025f
001d67
0099c4
01d225
039da2
047ad9
039f92
020f89
01481a
019c37
02655f
032b31
03b517
03cad3
0389cf
032d0a
02da8f
033266
047714
0522c2
03d809
024312
0301ed
0539c2
05e683
04dde8
047a9a
04fb00
04ca5a
047586
05af12
076d00
0745c3
0597a2
04e948
05f7c6
074b12
081fe4
08beda
08b093
07abad
071c36
080510
094f38
09e906
09f1fb
099fda
0946d1
09a705
0ae6b9
0c1400
0c17b5
0afa04
09f4ae
09f50e
0aedf5
0c987d
0dff48
0da2cd
0bec3d
0b056a
0b8fe2
0c6c88
0cbfef
0c6718
0c0094
0c4a16
0cb693
0c7677
0c0af4
0c07f9
0c1ef5
0bc0c8
0ab2df
09e92b
0a8cf2
0b662d
0ac28a
09c888
09db39
09f721
0935aa
080c7c
072c6b
07345e
07c830
078eef
0695bb
05f3bf
059a7b
050452
044f05
03e179
040faa
040c0f
02b72d
017edc
01e2e1
01d6fd
001952
ff53c5
00ab69
0185a3
004888
fe4ca8
fd4ec6
fd3c37
fcfb8b
fd0b7f
fe4292
fea2ad
fcad23
faeb1f
fb3e6d
fc00c1
fc013e
fb9386
fad7cf
fa6d06
fadb3b
fb4705
fb1d43
fae76c
fae698
fab0be
f9d902
f90d9e
f9d564
fb7178
fb67fd
fa44fa
fa6509
fb100d
fa7ade
f98471
f9cd89
fb024d
fb7143
fa8471
f9f1aa
fabd51
fb2882
fa89ef
fa9a12
fb5823
fb2330
fa1306
f94a87
f975f6
faa28a
fb9ffa
fb51e6
fa718a
f9e231
f9a3ac
f9b62b
f9be48
f9561d
f91f44
f9524c
f97379
f9d984
fa5d61
f9bb60
f85a38
f7d54c
f82716
f870fe
f89421
f8c015
f9250e
f96d0b
f8cc62
f7d790
f80243
f90c9e
f97c08
f8ed88
f85062
f89721
f97488
f9f380
fa6e9a
fb6012
fb4b70
f99c5c
f8d6a2
fa8614
fcd7e0
fe0dbc
fe3960
fd6a2c
fbbdd4
faf510
fcf04e
009af0
02bf09
021787
001bb8
fe5b67
fde01d
ffd894
03cdbe
06adb7
061397
035c65
01b64d
023c3f
03e45a
05e9d1
07b531
07f477
0699f2
059b95
0627b3
076f35
08775b
08e1e2
089c29
07f3b6
078433
07db50
091e88
0a9825
0b228e
0a4408
088d47
075a0e
07e1d3
09bc8b
0b24d3
0b2282
0a626b
09acc3
08db3f
080daa
08917f
0a92b9
0bbd6e
0a9205
08a6ca
07c9fb
081239
09361c
0ab72e
0b5a54
0a3d67
082025
072841
088489
0a6499
0a7925
0941a5
084e93
07fc90
087275
09bade
0ada6c
0ac0e7
092e1c
0738dd
070cd8
08f147
0a756a
0a4e2a
097e30
08e5e9
08d18b
092d2f
095aad
09888c
09e418
093027
07a7fd
07b701
09951f
0aee46
0a98ac
09329e
080e5d
080127
083d4a
084aa7
08fb0e
09b52d
0955c2
08d05c
08803f
077b9d
06cbf5
077cc2
082d29
08376e
084a6e
07e8aa
06deb0
065bee
069380
069df3
0627f5
05a45a
05cbbb
0650b3
061a92
058121
054679
048845
034ec1
0362be
048254
04b191
03c80a
030081
02ed57
031793
029677
01944c
012666
0143b1
016c12
01dfb1
022bb3
0186fa
0086f6
ff9989
fe7bff
fe22ff
ff559e
00ac04
00aad8
ff9108
fe601d
fdcf35
fdc8cf
fdb208
fd8b42
fd8faa
fd7117
fd2426
fd21f0
fd784e
fd91a4
fcdf04
fbc181
fb2d98
fb2c35
fb5019
fbe752
fc8bad
fbf76d
faa053
fa03db
fa0c47
fa1cf5
fa43c6
fa4ef1
fa054c
f98559
f8cd64
f86209
f8c784
f901e0
f8390b
f756ef
f7269e
f76b1d
f7c3a0
f7a8d0
f6e4fd
f608b3
f5490c
f4ca1b
f53df5
f6140a
f5d645
f4e792
f48807
f45fc1
f3c320
f3262c
f32961
f3aefd
f3fb58
f3b1eb
f35c46
f2fd09
f1e52d
f0f5ba
f1e150
f3f5b3
f4d372
f3a8b9
f1b32f
f0a574
f12235
f280a6
f3e9c7
f4b9ab
f42a60
f287d6
f1c117
f2db59
f49f3c
f5a3f2
f57437
f434a1
f33347
f431a6
f67d4f
f791a0
f71d27
f6ba90
f679aa
f604be
f6cda3
f93d51
fad986
f9ec59
f805a7
f7b928
f98133
fb69ee
fbe8cb
fbc292
fbb5e2
fb519c
fb4d65
fc8f93
fd9f47
fd48fc
fcd6d5
fd1f7d
fd9833
fe5682
ff4298
ff46b5
fe466a
fdb8d7
fe9178
ffcd75
ffd0d2
ff0e83
ff429b
000da9
ffe234
ff6cbc
ffe1de
005459
ffe1c4
ffa7f7
007cb8
011584
002c2c
ff1037
ffac81
010cd7
01756c
01a26a
01e502
009859
fe8e87
ff04c9
01d68c
03b527
0351a8
01e36d
008891
000bb9
01492e
03a7e5
04c848
03b819
025c89
01e48e
01c797
02e7ca
05ca27
075e75
059d4e
035d1f
034c1a
04716f
055b53
062b32
070cc5
074eae
068e07
06066c
06c059
078b65
078e01
07a2fc
078f1f
06e9f7
07480d
08a0b6
08aec4
07f342
086cf7
0922ca
08b890
07e3fc
072ca2
06c593
074f6f
086d6e
090dc6
08bb78
079800
06aacf
06c90b
06d01d
060831
05e5fa
068dbb
0630df
051497
050d78
05b20b
053eb3
03efd9
037f32
03f6c3
03a37a
0263c4
0209c5
029ffc
02515b
01406a
01287a
01dfe0
01d3d5
00d2ae
ffcc56
ff0f46
fe7c6d
fea3e7
ffb9e6
004f7a
ff6b0d
fe4f45
fe1b39
fe1890
fdbebf
fd8b75
fd8060
fd4559
fd404c
fdbf36
fdee6b
fd238c
fc5456
fc8261
fce6c8
fcab8c
fc6d7a
fc7b15
fc7b13
fca06f
fcab0c
fbec0e
fb305c
fb5c0a
fba938
fbd84b
fc70f4
fc7378
fb06de
f9ab8f
f9c425
fa9c92
faf36e
fa90c5
fa2088
f9da7e
f9364b
f87c7c
f88a9e
f8c8b6
f82e50
f73a48
f6c311
f6ea21
f75ea3
f74aee
f63e08
f50026
f42ac6
f3c965
f41f52
f4aa8d
f4447b
f340a9
f2ceef
f2e272
f2a69a
f1c713
f0da73
f0a2fc
f0c955
f0de51
f1863b
f24774
f18f37
f02ca3
efd53f
efb6e7
ef4199
efe6de
f1a10c
f2da2d
f3129f
f240ce
f08f40
efa469
f0f1b8
f39e2f
f594ed
f587eb
f44b89
f3f982
f4ff00
f63598
f75121
f82834
f805d1
f7e663
f98707
fbdeb9
fc840c
fb9736
fb41e0
fc92c2
fe8b5f
ffd3ea
0064c9
00a42e
0055e3
002cb4
01d45c
04a58a
05c2a4
046d2e
02ecf0
033148
052369
0775ca
08a8fd
08400d
071b6d
064929
064636
07460c
0921b3
0ac2e2
0a8567
086618
07247b
089cba
0a34b1
095472
086c84
09ba0d
0a6ffd
08f2f7
086dd9
09d1cd
0a036b
08b624
0881bd
0946ab
0943cd
08e330
091559
0940c4
092b12
09a55d
0a2f6d
093f4e
07ca56
08442c
09e606
0a48c1
0a57be
0b5f5e
0b1e6e
08ce46
082421
0aab8e
0ce59f
0c9349
0b8d80
0b7a10
0bb8c4
0bf9fd
0cf374
0dfcbf
0da053
0cd01e
0d7dfe
0ee654
0f726a
0f764b
0f2dfe
0e5c72
0e61f0
100ca5
116c64
1115b8
103506
10089b
105866
109d7e
110260
11a24a
1175b1
102065
0faad5
110d2e
11de2a
10d639
0fe28f
0feaef
0fc8e5
0f5848
0f55d1
0f9bbf
0f763a
0e93db
0d7fb9
0d196a
0d44f9
0d2d4a
0c7683
0b5c0a
0ac765
0b622c
0bc980
0a5905
084adf
07a49f
07eca1
07dea2
07a3ca
0780b7
06b5b9
04e6f3
03862a
04111e
0532ae
0498bb
02e4ba
01d7bb
012fb5
00a8a6
010dbe
01a248
00e66f
ff75c5
fec320
fec12b
feab06
fe5204
fdf842
fd8d0c
fcd947
fc5e21
fc900c
fcb0ea
fc4926
fbeeb1
fba01a
fb10cf
fae72d
fb1acd
fac2a9
fa2197
f9ed7e
f9e3d0
f9fa63
fa3628
f9ce83
f8ed16
f8cdfc
f95dd8
f98879
f9073b
f82a86
f779a4
f76ada
f7beb4
f81dbd
f88c96
f872eb
f76226
f65110
f61fda
f683fc
f6f220
f6cb8f
f5d4bd
f51a95
f56a1d
f5f9e9
f611b2
f5d375
f53bb0
f47cbc
f43084
f4363d
f415ca
f41bcb
f46e93
f46f98
f3f73b
f3c5fc
f40ecc
f3f5f4
f34918
f32fd5
f3ef4f
f4154c
f3543c
f33bd8
f3fc00
f42100
f3d1b8
f479d4
f5a242
f579d0
f3fd5c
f32e67
f43a76
f5fe72
f6c616
f691ed
f69b89
f73579
f75ab0
f6b16a
f6bdd9
f84e2d
f93b95
f83903
f81b1b
fabc7a
fcc7b4
fb7575
f956f0
f98183
fb2d8a
fc7f28
fd5b9c
fe128a
fe0cd1
fd18dc
fc8ccf
fda80e
ffbe3a
011e11
00940f
fe674e
fd0ff8
fea5e1
017341
02ba6e
02c26a
025813
00c113
fed511
fefe5e
018b13
044085
04a159
02512f
004357
00e2f7
026933
02bb1c
02e80a
03794d
02e102
013721
00b209
022f93
03e275
03beaf
028a25
025875
028707
01a72e
01319a
026054
03b951
0442be
03ced1
01ca6b
000938
013913
03990e
04307d
040480
043edb
0347e9
012059
008116
0285f5
04e5a3
0511c3
03b20d
033277
0381ee
033901
033521
043be3
049db6
03d0f8
0360dd
03aad7
0437f5
050fe4
056d2a
04b84a
041c0f
0414e3
03be0b
037b89
045f47
05a29f
05ce96
04f10f
0412af
03b2d7
038eaf
0391d8
042847
050a28
0529fb
045398
033670
026fca
02ad3d
03d0ad
0434e0
032a2f
024898
0270ef
028f02
023852
023919
028151
021116
00c92e
ffe216
005f2f
018941
01e7dc
012bba
00167f
ff3cab
fed12c
fed167
ff0d2a
ff6514
ff8911
ff0dda
fe5338
fe1384
fdf751
fd5bba
fca838
fc9cea
fd50aa
fe0060
fd978c
fc4936
fb99c5
fbbc67
fb7dee
fb23ba
fbb00c
fc48e0
fbb780
faa5f3
fa3570
fa59d6
fa509b
f9de61
f9adc5
fa1a23
fa48dd
f9c0a2
f933b8
f8e766
f895e3
f87f53
f8a4f2
f897ab
f87732
f839b4
f776a3
f6f1b1
f7a69f
f8a6ea
f8723a
f7158e
f5b351
f54b85
f60480
f71616
f7b4b1
f783f8
f66fb6
f51e03
f49ead
f510b8
f5cc03
f6408e
f60031
f53531
f4db43
f52be8
f55236
f51d87
f518d1
f53f28
f4f97d
f44787
f42315
f51149
f5f019
f5b54c
f51796
f4d341
f4a14f
f4b244
f564ef
f6283b
f6650d
f5eced
f4e66d
f4bf2f
f673f8
f80f13
f7a641
f68c9e
f66ebd
f6ed84
f74cad
f78e00
f834c0
f95978
f98e87
f81f43
f783b4
f97b45
fbad2e
fbb2cc
fa5cb0
f97537
f9a3f1
fa6474
fb4c47
fd22ad
ff3af5
fe4b71
fa859d
f938dc
fc5b2a
ffbb35
003e84
fee292
fd79e4
fcccdb
fcd739
fdd434
0049f5
0276b5
014d61
fdd2f6
fc5b1b
fe4902
0121cd
023c6a
012b36
ffd50a
ff9c1b
ff8636
ff7c96
010920
030a25
02a801
006350
ff0046
ffb0f6
01a332
02fc52
02d8a1
027410
025c85
018a97
00bbaf
01abc1
03829a
044bf0
03ee11
036f3a
037a49
03ca7b
03c9e9
042a58
058d29
067206
05d02f
0502ba
050c59
05ecd3
07ac74
08ff37
086c22
074cd9
076b12
080dd6
087eed
095143
0a5040
0aa526
0a3ba9
09cdd1
0a60a8
0bcc26
0c5c1c
0b8912
0ace4c
0aee73
0b8494
0c5b8d
0d160a
0d55a5
0d477f
0cd059
0c0025
0bef53
0c9d54
0cad62
0c6314
0cdc55
0d2ca2
0c683c
0bdc6d
0c585d
0cbb5e
0c52bc
0bac7d
0b37c8
0ad8d2
0a7b2d
0a72f6
0b1146
0bc267
0b7338
0a24c2
08f46b
089663
08dd2c
095d5b
09a383
095532
087565
076313
06c54b
0732e1
082871
0867c5
07b6eb
06e14c
062a22
056be7
050883
055c37
06196a
06a1cd
065511
0547aa
049129
049dc2
04794c
03d4be
03a789
041def
043dff
03c4ae
037da4
03cf35
04001e
0352e6
0235fd
018fdc
018a38
01edd5
02958f
0305f8
02bec8
01da85
00ba93
ffd899
ffd1ea
00882e
010526
00cad3
003852
ffcb64
ff9a76
ff4b0b
feb4ac
fe549b
fe49f4
fe1fb1
fdee5e
fdfa5a
fdc99e
fd44e0
fd0ad2
fcef0f
fc5623
fb8553
fb2478
fb4a1c
fb8d7c
fb7d61
fb2f58
fac304
f9cdda
f8b711
f8ce1c
f9bd86
f9db8a
f91bcc
f86c50
f7d4c5
f7710e
f78fa9
f7a4d6
f75278
f702e1
f6c0a2
f682bd
f6a7bb
f6c80c
f61ead
f52c07
f4fd1c
f58d73
f5ed91
f5a6e7
f56546
f5a21f
f5984d
f50cd2
f50e4a
f58042
f528cb
f48285
f4d4e2
f5bfb2
f6821b
f71c2f
f71e76
f62248
f5177b
f508c9
f5fb50
f78824
f9220e
f9bc0e
f8c1fd
f75187
f72903
f85716
f9aa6a
fae7e2
fc0aeb
fbbec3
f9e6ee
f9472b
fb8eae
fe756c
ff0b5a
fd80c6
fc32f4
fca0e0
fe4615
fff717
013740
01a341
00a241
fee6b2
fea524
00e122
03c678
04df4b
03fbe3
02bf1b
02340a
02508d
032d2c
04d52b
064cf7
0674f7
057608
047521
04665c
0579bd
06f06e
07a42b
075b58
06d590
0655e9
05cb47
063122
082015
09ab3c
08d937
06f2f1
0666eb
0758b7
086631
08dcb2
08ffa8
091766
089b3d
0747f4
06b389
0845e0
0a5e06
0aa706
0956f6
07efd7
075734
07d385
08e3e7
09be29
0a1820
099a82
086491
07dc31
089b6c
0983cd
09de21
098baf
0868f0
07a568
08491a
091f56
095d38
09b531
098114
08118a
0711cf
079498
087821
08f4d6
08edf3
0846c8
07858f
06fe1d
069e96
070555
080325
0808e5
070823
0632b2
058ee4
053687
05ae9a
061184
05bf8f
058a51
05326e
040b8e
03426f
039cc7
040cde
03e3de
032aaa
020bd4
016205
018ad4
01ccf2
020260
02140f
0105f9
ff39a4
fe5ca1
fe8f07
ff111b
ffae70
ff9dfc
fe4792
fce32e
fc93eb
fce275
fd0bb3
fc9cd1
fba610
fb03c9
fb04af
faec4d
fa9ab2
fa6f69
fa35eb
f9d7d5
f984f8
f8f627
f84149
f805ed
f80de3
f7db2f
f7be00
f7c167
f76b01
f6ebd2
f69c11
f64a9c
f6134d
f62141
f5e8f3
f54960
f5031d
f533ce
f54ef4
f53cfd
f4ff3f
f46c32
f3ed73
f4047c
f467c8
f471fb
f3c9c8
f2d3e8
f2ae02
f38f6c
f430c4
f3f3c0
f371e3
f2b941
f1e489
f1e487
f29ecf
f2f5ec
f2e938
f2c0db
f21ff8
f19b46
f1f743
f26da3
f25dca
f22474
f1a1e2
f0f2bc
f10b4b
f1d20b
f25b83
f27969
f24085
f1d02f
f1780b
f0de8c
f03cab
f112b5
f2e0c0
f32a6a
f2210e
f1cddb
f1fe36
f1d4a1
f1f114
f2a1cc
f332c0
f30736
f23103
f1e8ed
f31718
f4813a
f4fcd4
f51f14
f4f354
f40e47
f38326
f43903
f58257
f6a2e6
f7194d
f6df2a
f73209
f86547
f8b9c3
f7bc13
f7457e
f8527e
f9f463
fae0d0
faead4
fb16b0
fba8a5
fbadc7
fb903e
fcaccd
fe5338
feeea0
fe5fa8
fd612b
fd436c
ff01b2
01078f
017907
016f7b
01fe2f
01f673
011d30
011fca
02a860
044007
0422aa
03064f
037452
05386c
05c671
055fb8
05d06d
065aaf
06099b
05900b
052f80
056375
070987
08b7c1
08c4de
0855b8
083aef
076dc6
063a97
063724
07bf56
09942e
09e1c3
08b85f
0856a4
08d383
082dbd
07691c
088b3f
09b6b7
08d986
07868b
07874d
0879e1
093a28
08fa5e
0846fe
08275e
07edda
0700e5
06c68e
07bcad
08569b
07dd84
070217
068455
06c0dd
070cb0
06a44d
064d54
068b3d
064da9
056c3b
050a28
055619
05a37f
05922b
0544ea
054f26
058d11
050842
041e0c
03e99f
03eda1
03a76c
03dc79
04923c
050c6d
052324
049626
036f48
02cb22
02f422
03399d
03b726
046885
0488ff
0431aa
03d44b
0374b6
038342
03e28c
039df2
0330d8
0388db
03b7f9
035e19
03b46a
04853f
04857f
03ba44
02d24c
02531a
02aded
035e09
03ad50
03c7cc
0373ef
02655e
01b0e3
01fe69
027662
02abcb
028d06
01b2a1
00bc61
009fd5
00c56e
007d8c
004a82
006693
00626f
fff77c
ff2fbd
fe8657
fe43c7
fdea12
fd8383
fda717
fdca6b
fd4846
fccab0
fcb5ac
fc78e5
fbf994
fb6c65
fadb9f
fa9828
faa074
fa99ff
fabbbc
fafcd4
fa98e8
f9a5bf
f90e43
f927da
f9950e
f991ea
f8d1f1
f87524
f92860
f9abcd
f9690d
f91f11
f8aecc
f8060d
f82780
f8fc42
f97c26
f9b62d
f9a826
f8e4ef
f84454
f8a2eb
f96cb6
fa1ecc
fa735d
f9fb04
f96656
f9918b
f9ebad
fa2fe4
fabfad
faf938
faad1f
fad7e4
fb4836
fb4e77
fb845f
fbe3bf
fb99e8
fb5323
fbdb59
fc96ea
fd37cc
fda3ba
fd2227
fc43cf
fc7b2f
fd65cc
fdee2e
fe3c6a
fe827e
fe81d2
fe683f
fe5228
fe495a
fed115
ffeced
009223
ffefbb
fe8f2d
fe365c
ffef88
020e93
025f5b
014678
003034
ff662a
ff7a26
014835
03a9ef
04463d
02a898
00b5a7
0054ff
016040
029efe
03eca4
051208
0494d3
0283a1
01421f
01fbf5
03d307
05a302
060413
0497c0
03412d
031c3e
036c04
04800e
06877a
074626
05b412
03f413
03a52e
048a55
05f8e4
06fc18
073404
070580
060b9f
048d65
04ba81
06c248
0812fd
07ee7f
077248
06b75c
05f61d
060bf3
06d26c
07f9f6
094091
091b16
07266c
05e8bd
06cbbc
082afb
08c0aa
08dd98
08b807
082fdd
077d09
07488a
0827e3
095d04
096d9f
0879b3
07e857
0810d2
085102
087482
08ad12
08e8d9
08cf76
084e6f
080643
086423
08d5e3
08a4ca
07fa61
07a019
080ba5
08920d
085c4e
07fad3
081d14
07e2e1
06eefc
06b8d3
07bc30
0863a1
07ab5b
067d64
0635e0
06d25d
06fe76
066a1d
06489e
06792c
05aa75
0493cf
04ec09
061001
064524
056093
04535e
03c86a
038248
02f1f2
02a92c
038437
0484c7
041c6b
02905c
01241e
00a71c
0110f4
01658e
00fed5
007a91
002e58
ffa404
ff1798
ff0cd3
ff2723
fedc57
fe0cee
fcf2da
fc520a
fc7405
fc969b
fc633d
fc24c1
fb9cff
faaadf
f9f8c2
f9d8fc
f9f1f9
f9e3c0
f9789d
f8d9c0
f84758
f77dad
f69ade
f69f14
f78f20
f80a1a
f756e0
f62959
f567e5
f52737
f4c6c0
f42d3c
f42e90
f4d3c0
f4f76b
f45885
f3ea6c
f3f794
f3c314
f2f35f
f23c5f
f234a8
f24733
f21003
f2713e
f36cbc
f36744
f21049
f0f31b
f0da04
f14787
f19e44
f1a7d5
f1b817
f1ce13
f157c5
f0e9af
f15f04
f19bed
f0d392
f067ee
f0ed99
f17d63
f1ca16
f185f8
f0bd80
f0c98f
f169a5
f10a60
f0ca13
f1cd15
f227cb
f17a15
f186b6
f1d19a
f1accc
f20126
f226c2
f1b689
f23a38
f30fee
f2fb57
f38891
f43ec9
f2f71b
f1f401
f326c6
f41b88
f4ad9d
f63528
f65249
f4bfcd
f49916
f51883
f4fb5c
f6616b
f83adf
f7febb
f7b1ce
f80f71
f765cd
f7dca2
fa02e9
fa0e64
f91013
fa0b3a
fa6d8a
f9e17b
fbb4f1
fd8b8f
fcc37c
fc7b6e
fce5d9
fbe81a
fc365e
fe86e9
ff70ac
ffaa0a
0065c5
ff5c62
fe260e
ff89d3
00ca35
00fcd0
025d0f
02a402
00ba3a
00b742
02527b
027313
0300da
045bae
0388c1
026f77
038692
042298
03c926
048cc4
04f1ef
043523
0467ab
04f064
04cdcd
056496
060d52
058817
0564e3
05ab7a
05081d
050b3e
0638fd
06695f
0635bf
06fccc
06ed18
05a7bf
056fb2
06348b
06ac59
071cdc
0768cf
070ebc
06ab18
06a1e9
06cdea
074b07
07bc35
07a95c
0747f9
06da77
06f493
08102e
08d6dd
0823e0
076574
079fbe
07e20d
07fe8f
087573
08bf71
087af6
082dcd
083d1a
08934e
089b2e
0833fc
086664
091811
08cc30
0812d2
08597e
089737
081b61
083218
088912
07fb8c
079e39
080114
07d2d6
0714d2
06d1e8
06ece3
06fb66
06b426
05e7c1
05670c
05a639
059ed8
050660
046ad1
038d66
02cfe4
0324bd
038550
02c01a
01dc4c
017bf0
00cb6f
fff26d
ff9c96
ff7192
ff2296
febb68
fe1d28
fd77df
fcffb9
fc7339
fbeeb4
fba1ae
fb304c
faaa39
fa69c3
fa079e
f9601a
f91130
f8f75c
f89308
f83a90
f8159f
f7b7f0
f74c90
f72ed3
f71428
f6cc3f
f69df6
f6b28f
f6db13
f6bfa1
f64ecb
f610eb
f6411c
f669ca
f6721f
f69dba
f6ad72
f67c19
f67da5
f6ca94
f6f178
f6f3db
f729f6
f76607
f74a34
f71bd7
f76f8d
f80baf
f83c02
f820dd
f840cf
f847b4
f7e586
f7e443
f8be38
f98cbb
f977c6
f8c5ba
f84660
f8810e
f9396e
f9a9d9
f990a3
f95bbd
f930e0
f8f54b
f8f4db
f96e0e
f9ed87
f9de9a
f94e99
f8edc2
f93cb5
f9c746
f9d1dc
f99e63
f9a3aa
f96c94
f8f001
f94553
fa75b8
faf510
fa50b1
f9b0fa
f99adb
f9b4bc
fa0fff
fab98e
fb4e8c
fba38e
fb9929
fb00c8
faaba8
fb7c7d
fc969a
fcc90a
fc940e
fcbe03
fd0c0e
fd657e
fe0b3e
feccec
ff4e2a
ff3841
fe98c8
fe8fcb
ffd610
013d3f
01d106
021f19
0217f6
01659a
0162b3
02c3d0
03f768
044513
047f33
048caa
04572d
04e4bb
060474
068007
069576
06ceab
06b0cc
067219
06f303
080bbc
090543
094c95
08a453
07f50f
085638
0921f9
098381
0a0171
0a6dfa
09e7eb
0941f3
099929
0a13aa
0a0fb3
0a7aa2
0b4d05
0b445d
0a6131
09c68b
09d2e6
0a28b5
0a878b
0aca59
0acbc7
0aa493
0a83ce
0a77ed
0a7b1d
0a78db
0a404a
09c2c0
094f78
0968a8
0a2235
0ad9b6
0ac769
0a0ef6
0992cf
09640f
08e58f
089750
094bf6
0a0992
09b0e0
091b6b
091269
08edba
08ad94
08f124
0909e7
085d3a
07e5e7
083bfb
089f1a
089f81
086b57
0807ef
079b5b
0779f7
079e3d
07cb0c
07bf57
0769cd
073212
073a08
06eebe
065ffb
066ed6
06e0c7
06b71b
06398d
06285d
061bd1
05b736
057b89
056c11
051556
04ca67
04e5d2
04edb9
04c081
04bdef
047f74
038c47
02ca28
031b38
03af48
037ebe
02f91b
02dde9
02db2b
024f13
01838c
012cbe
015096
017365
0179af
017e24
013735
008288
ffec64
ffc8ae
ffaa54
ff69b1
ff5f9c
ff6cd3
ff30c8
feeec7
feef9b
fec15b
fe2f3f
fdb3c5
fd6541
fd1659
fd33b0
fdc5f9
fdc2f7
fcdcc8
fc3178
fc3449
fc2d88
fbf14a
fbe3a5
fbdeae
fb885a
fb0cc4
fab3dd
fa88bc
fa82a4
fa908d
fa9cd5
fa5f7d
f9a80b
f90257
f91a74
f97953
f95a59
f8f017
f8814b
f7ece1
f7a872
f819b8
f87d2d
f8369e
f7b162
f732d9
f6a37c
f65401
f680eb
f6d100
f6db93
f6952b
f6443f
f60334
f59bb7
f54ebd
f595ff
f5dfaa
f58653
f53199
f5354e
f4eec9
f4a215
f4fc85
f55fae
f52888
f4b4b5
f456fc
f454e7
f4d63e
f51b28
f4d322
f4b9a6
f4a897
f43ca3
f45ea3
f52220
f55201
f51bd7
f50f95
f4a6cf
f47ec5
f56a34
f5f357
f56040
f52db4
f57efa
f584f7
f5e0d1
f68c54
f688fb
f6538d
f65beb
f61534
f64263
f749c9
f7af1b
f777cf
f7cfc4
f7d693
f74077
f7b892
f8d3d3
f8fa8c
f8e2af
f92f68
f91b54
f90955
f98f12
fa059c
fa6d4d
fb0782
fb0937
faa2fa
fad87e
fb550c
fbba01
fc5edd
fca501
fc555c
fca191
fd6d78
fd8d35
fd8370
fe0d7c
fe7b7f
fe8825
fec09e
ff257f
ff79fc
ffbe8e
0000df
005d7f
00b106
00cb05
010b1b
01878e
01b158
01c2aa
02432b
029f59
028dec
02c199
033b63
0373b9
039cfc
03e246
040bb9
041c94
0436db
049094
051abe
0518c8
048920
04b034
058332
05b5e1
058ace
05cbed
05cfe9
056f65
058178
05c7f9
05cf77
061ae6
067ef3
063bb6
05be81
05a692
05bdc1
05db89
0602b5
060962
060032
05e6ba
059f69
0588b5
05c35b
05a8b1
0535c1
052bea
0570bb
0575c2
055a65
053bf7
04dcef
048d1a
04b780
04fc01
04dc37
04959a
0480f8
04694d
042844
040a12
04167b
03f7cc
03dd75
040ed7
041a77
03bafd
036bca
03545c
032637
03024a
0323c4
0351fe
034908
02f950
029d9d
0293eb
02acb8
0275a3
023364
02201c
01eb3e
01d29f
022617
0220d0
017bad
01294d
013b9f
00f8f6
00ad01
00cb0c
00cd97
008077
00406d
fff39d
ff7ac6
ff2fc0
ff3a46
ff5a48
ff3b2f
feb12b
fdfeec
fd9ac5
fd85af
fd834b
fd6fb3
fd0ff0
fc6852
fbed63
fbc5df
fb8e2c
fb1b9f
faa7da
fa53b3
f9fd57
f998c2
f94e33
f911b6
f890b5
f7ddf1
f75f78
f70405
f69adf
f660f7
f63dbc
f5c5f9
f53aa6
f4de6d
f459ab
f3c5f2
f3905b
f34fdd
f2a054
f21538
f20689
f215d6
f2018c
f1ae52
f114f5
f0856e
f02c8f
efdbe9
efb27c
efcc3d
efd3b1
efc8ef
efe9ed
efd7d4
ef5ef8
ef2002
ef438e
ef3fb8
ef239c
ef5464
efa25e
efebd5
f05004
f0871b
f06b07
f069de
f09ab2
f0c70f
f146b9
f22546
f29c2a
f281a5
f292aa
f30dc2
f3ac2b
f449d2
f4c040
f51000
f5a4e1
f66ae3
f6c5de
f6c418
f6f0e1
f779ae
f86748
f9959e
fa6090
fa8677
fa8748
fab1e4
fb18b6
fbebc1
fccda5
fd418d
fdaaf4
fe5f46
fee49c
ff0ed3
ff4d32
ffb884
002ebd
00ca0c
01835a
021043
024056
0245ec
02a3be
035f69
03e179
0414e0
046ddd
04c5fa
04e199
05432c
060dcc
06a42e
06cfc0
06cfa6
06d931
072839
07b6c3
082eb5
0893b6
08fc16
092e40
0940ff
097def
09d71c
0a5537
0ae0ec
0ade0d
0a8ba9
0b0087
0bf265
0c4b31
0c49c1
0c8d0c
0ccac0
0ceae8
0d3ade
0d9c88
0de929
0e1aed
0e118d
0e319f
0ede9b
0f6b0c
0f5472
0f3a57
0f7bca
0fd60f
103536
10530d
0ff991
0fe590
108711
110e51
1111ba
11215d
113d7e
10fc98
10b667
10e6b4
115535
118cf5
1172d7
113eaf
111f03
110693
10ecef
10f9a1
111741
10fd28
10bfe4
109be9
106e33
101626
0fcff7
0fc176
0fad8a
0f6c9c
0f1e22
0ecfb0
0e7b58
0e4790
0e2dd1
0dc657
0d0833
0c853f
0c6ad4
0c4863
0bf5a1
0b9bbe
0b1de0
0a5298
099111
0965fb
09a8ac
0972a2
087319
077d14
071047
069e97
0608da
05e3d1
0604c8
05a06f
04b15a
03b48e
02f002
028501
026d43
024f84
01e880
013c49
007363
ffe582
ffa9e4
ff5a25
feb49e
fdff73
fd857d
fd4c6b
fd2736
fcc211
fc0cc2
fb66b1
fb0b67
fad032
fa8278
fa11a6
f991f0
f932e3
f8ebec
f88462
f80940
f7ae87
f784af
f7787c
f73da7
f68c45
f5c508
f5907c
f5cfcb
f5d91c
f575c3
f4e764
f472d2
f44031
f43111
f41a2d
f40a98
f3f010
f3890d
f311dd
f2fd38
f31085
f2e50c
f2ae45
f2ae62
f2b2bc
f28bac
f24d35
f22190
f22ada
f24866
f23865
f207aa
f1edeb
f1eea8
f20d03
f24c3d
f25b98
f20d4f
f1cbf6
f1edcd
f241a7
f28ff1
f2bde9
f29cca
f24f05
f253c4
f2c7e7
f33713
f34232
f317c9
f3298c
f390bf
f3e10c
f3dfed
f3f80b
f46356
f4a362
f487c8
f4a941
f53daa
f5ac8e
f5bc4f
f5d6ad
f61a69
f654ac
f6a787
f72e6b
f796cc
f7c175
f7dea8
f7f562
f824f5
f8cf60
f9adf4
fa0f60
f9fbcc
f9f09d
fa1580
fa82c3
fb3a1f
fbe781
fc5ff4
fcb3eb
fcb548
fc8a45
fcc99c
fd659c
fe0058
febcc8
ff5650
ff4036
ff1ab0
ffa4f4
002b4a
003a91
009006
014191
019a6d
01b0dd
02010d
027bde
02e613
031da9
032423
035bad
03efcf
04695e
04881b
048ddb
04b06d
051767
05c3d6
063558
0625e6
06122d
063fa7
0663ce
069263
071e4e
07ae92
07b61f
07745d
07784c
07bec1
08178b
087e1c
08adcd
086a02
08322c
085f0d
088629
08a592
092854
098b9b
092d52
08a904
089b09
08baa0
08e243
09135a
0910ef
08f7ba
08fb08
08d659
08a51f
08b572
089444
082921
081bcf
0832b7
07e895
07e38b
084c22
082559
07794b
0719f9
06c4a6
064be9
065e23
06d906
06d617
0659e3
05efc2
059ba4
053aa4
04e0a4
04aa92
04a037
049010
044bbc
03f45a
03a415
033e62
02dec1
02baa1
029ec9
023e98
01d3dc
01b01a
0189cd
00fd0a
005ce4
0016af
ffeb74
ffaeb2
ffb294
ffb4bc
ff1bdc
fe45c1
fdd58d
fd8f9d
fd2efa
fce41f
fcb4cc
fc948e
fc8000
fc196c
fb60c8
fae890
faaaac
fa32bc
f9bf0d
f98831
f93cd5
f8fe3c
f8f762
f8a486
f7f4dd
f7771d
f722b5
f6c4c3
f69d39
f685af
f629bb
f5c3f0
f572ad
f4f8f7
f4a3e3
f4b250
f4a13f
f43149
f3cdb3
f392ef
f34a27
f30bc4
f300d4
f2ff9a
f2d078
f281b9
f242d2
f21851
f1f814
f1fbca
f21ed0
f21518
f1c83d
f185c7
f188df
f1b482
f1c3cf
f19e59
f18c8d
f1b4ed
f1d23b
f1d36e
f1f679
f2163e
f200b7
f200f6
f23525
f25dff
f28207
f2ba1e
f2d7f2
f2eaa8
f32049
f3503d
f35d45
f381d0
f3db6c
f43782
f4500e
f4252c
f42b6e
f4a0ca
f51055
f5341c
f55a00
f588a0
f5903e
f5b509
f60cb5
f636c6
f63c69
f67d2f
f6cc67
f6cd06
f6ba8e
f70c2b
f7a03c
f7d47d
f79197
f78357
f7e321
f8243e
f83688
f886a4
f8d46d
f8a915
f8774e
f8e29f
f997e6
f9e59f
f9d983
f9e503
f9fbc5
f9fa56
fa546a
fb1ed8
fb7db9
fb4256
fb6081
fc039d
fc692b
fca1f5
fd2ff6
fdbc47
fdd32d
fdd0b8
fe328d
fee150
ff80f2
00195b
00da16
01477c
012241
0169ec
0286a2
033e13
034aac
03d822
04ca32
0533c2
058b64
066529
071214
073cc4
077557
081d0c
091127
09d50b
0a26d8
0a73f4
0acdac
0ad3da
0b430b
0c9d22
0d6957
0cf718
0cdb6c
0d8cb0
0ddf6e
0e02de
0eb28c
0f33c0
0efb61
0eb6f4
0ee0d4
0f4992
0f9f21
0fb61b
0fbfb1
0fc38f
0f6ac7
0f04f4
0f3caf
0fa9f1
0fa41f
0f5eda
0f0ac4
0e9bb7
0e73bf
0ea649
0eaa85
0e6371
0dfac6
0d683e
0cfc56
0d1bce
0d6c4e
0d5a04
0cc692
0c0049
0b875b
0b6b75
0b50a4
0b5661
0b9f49
0b6d51
0a7ea9
09cc67
09c077
09c202
09a8ed
09a90d
098a0c
092c4a
08cbac
089013
087678
086325
0832df
07f62d
07ba91
076e1e
0746c0
076e3b
077e5a
0739a9
06e10c
06862b
062a61
0615e3
062d28
05f755
058f91
056e40
058117
0562d5
0500ff
048ce3
042f08
03e34f
039fe6
036793
0337ad
031c92
030f45
02b6d2
01dc40
011182
00e489
00fb2f
00c850
005c42
ffeff2
ff6496
feaa79
fe1895
fe0e93
fe2eec
fdbce6
fcd7cb
fc3107
fbc523
fb4ec2
fb0e7e
fb0e0f
fac01c
fa01cb
f93fe7
f8bded
f87923
f857ed
f82809
f7c531
f733c2
f69c5e
f648ef
f6314e
f5fc01
f5a01c
f55836
f50a8f
f4a928
f46c36
f449b1
f417a2
f3ec3e
f3cb77
f3955b
f36c50
f36527
f35677
f33833
f30ae7
f2c6c9
f2aad7
f2e3d7
f32cee
f3569d
f3646c
f33581
f2d7ab
f2b528
f2f48f
f3595f
f3b30e
f3f162
f4057f
f3f4d9
f3e884
f40bba
f45f38
f4aa0f
f4cdbe
f4fa39
f54dc8
f5b0f2
f5fabf
f61f9a
f64858
f685e3
f6adea
f6ee40
f7a259
f86a1d
f88fde
f84f39
f85f10
f8ddb3
f99012
fa3e30
fab8d4
fb0ba5
fb3f9d
fb404f
fb748b
fc2bde
fcef81
fd80c0
fe2a32
fe8919
fe40cf
fe4839
ff4ad4
007596
0101d5
011ec4
01370e
019bc1
023632
02b32f
034a06
041b94
048b7b
049b89
05038c
05a017
05f400
066461
071a91
079275
07d07a
083851
08a441
08f1f4
0945ca
099b1c
09f229
0a5878
0ac4bb
0b3e6a
0bace0
0bb0b2
0b68f0
0b7221
0bf5ab
0ca858
0d37e9
0d46c6
0ccfd1
0c769d
0cb5e2
0d4d36
0dbe77
0dca94
0d98c6
0d6825
0d2d91
0d005c
0d3e33
0dafe5
0db119
0d5a4c
0d12ee
0cd9d7
0cc54d
0cf34d
0d0ab1
0ccec5
0c6a89
0bf359
0b9554
0b9775
0bb4ff
0ba537
0ba666
0b9075
0ae8fe
0a2013
09e604
0a00af
09e205
097828
0914bd
090afb
09219e
08d349
084b24
07f122
078065
06e215
06a897
06dbe5
06cf34
065a37
05d8fe
056c5e
050a1a
04bfd0
04996c
04783f
040cea
036697
030442
02e286
0281fc
0212fa
01f711
01b2c9
00f5b1
006011
0053cd
0054ed
ffee23
ff27c9
fe6a68
fe223e
fe181b
fdcf28
fd4d65
fcd13e
fc59e4
fbf9e1
fbb5a3
fb4a7b
fabf86
fa5561
f9f21b
f97a70
f9159a
f8b3b0
f84655
f80422
f7cd46
f74d7d
f6b3f4
f6521e
f60d5d
f5c31b
f564e4
f4e10d
f469ab
f437a2
f420f5
f3f302
f3a0cc
f31803
f29b7b
f28107
f2769a
f21eaa
f1cc48
f1b5a7
f18373
f12e50
f0fa35
f0db0f
f0c5c9
f0c7b4
f0b807
f0829e
f042ac
eff5e2
efb34a
efc7bc
f01330
f02d0d
f00d05
efd856
ef98e9
ef8310
efb790
efee87
efe1b7
efa3b9
ef699b
ef6e39
efc4a0
f01f50
f03082
f00b87
efdb1d
efaa02
ef9b95
efe182
f05e85
f0adab
f09add
f04c3d
f01b6c
f04865
f0b506
f0fc34
f10024
f10363
f119b2
f12b0c
f15d46
f1c892
f20dd4
f1f33a
f1d0d0
f20590
f2878b
f2fe50
f32520
f32d43
f36a54
f3b2c4
f3e16c
f44efd
f4f87e
f540df
f51eb3
f52dfb
f5ac9a
f6687c
f71260
f76ee5
f7aae1
f8110b
f8699a
f89d35
f91ff8
f9ea90
fa7726
fad837
fb4fa5
fbac14
fc0221
fcb80b
fd9fcc
fe410c
fe9061
fecb61
ff27a7
ffad64
003543
00d650
01b99d
028065
02c65a
02f055
0364b5
03dd20
04379d
04c726
057831
05cc87
05ddd6
064b5d
07220c
07c249
07e642
07e0ec
07e1da
07fdb3
08708a
0917c4
097347
097f3a
098cf6
0990c3
09918e
09de0b
0a43b9
0a436b
09e3e6
099310
099f05
0a0423
0a6859
0a7ec0
0a4e4f
09d1bc
093018
091a58
09a995
09e65b
09762c
091279
08f0af
08ae4e
0884b7
08c2f8
08f142
089f6e
08110c
07b8e9
079b02
077eb4
0767d0
079362
07ed2e
07e9d4
0755cb
06a86c
066246
0690cf
06e3af
06fc98
06d987
06cdb5
06e7d7
06c7e8
066836
0637f3
0654da
0671d4
067c08
069a91
06bc13
06b5d7
069605
0679de
065f0e
0653d0
066c59
0681b6
066b1d
065b4a
067ce0
069806
067a63
0656fd
064aac
061b41
05ba51
0580d4
05b588
061f49
06312c
05b28b
051997
04d380
04c11c
04b959
04bb5d
048983
040e5e
03b531
0394cc
035c12
0326c3
031bd8
02ce0e
022058
019baf
016031
013c76
01392c
01240d
00aab0
0007d4
ff999c
ff53d2
ff2c05
ff0c5d
feb2b8
fe3286
fdd904
fda45a
fd7b1b
fd5af7
fd101d
fc8eaa
fc36e4
fc1ef1
fbff00
fbc80e
fb7cd6
fb1b52
fadd09
faec38
fb0789
fadc7b
fa7eed
fa32bf
fa1151
f9f350
f9c579
f9b2d0
f9c626
f9cbd7
f9bfa0
f9b4e8
f993e3
f95353
f92bc2
f941f4
f96853
f94ba7
f8feb1
f90330
f96a25
f99ced
f975f5
f95845
f93ee7
f907f7
f90c16
f9509c
f9719b
f979c5
f99140
f98e03
f97886
f98c2e
f9a993
f9bb72
f9d924
f9ce68
f999c2
f9b33f
fa0c98
fa29e9
fa3319
fa6fa8
fa8157
fa46da
fa3c0e
fa7b8c
fabe17
fafd2f
fb2ea1
fb1a32
fae9e9
faf899
fb4775
fbc0dd
fc3c60
fc42f6
fbd821
fbc89b
fc462f
fc9b61
fcbbe5
fd2cda
fda16f
fd853f
fd38de
fd6ba9
fe1333
fea858
fee434
fef1fc
ff10fb
ff3cf6
ff7747
ffe961
005732
007626
00aa75
014961
01bfa9
01b907
01d0e1
0255f1
02c069
02dc74
032f76
03ddcb
044061
041c93
043b76
04fd1e
05970e
059d2d
05b351
062bf4
0699db
06d64f
0711f6
074b84
078a0d
07efd8
085e95
089744
08b094
08f019
09593b
099516
099da9
09da3a
0a3c2b
0a51fd
0a5506
0ab820
0b1436
0b08b4
0b15cd
0b7d6e
0bbbc2
0b9f0b
0b9171
0bc11d
0beb65
0bea39
0bfa46
0c425c
0c7425
0c5089
0c3758
0c66b3
0c7bf0
0c4326
0c2045
0c47a1
0c6da9
0c5f77
0c3916
0c2b99
0c3c6a
0c3a50
0bfcf4
0bb446
0bb003
0bdb3b
0bd329
0b8838
0b46cc
0b293f
0b05c9
0adf04
0ac8da
0aa5d9
0a6e27
0a4b96
0a3c58
0a0608
09a357
094a22
0911ef
08e465
08ba06
089f5e
08741d
080fa2
07ada3
078b38
076ba9
070b0d
069c19
064a49
05f65e
059fe2
056589
05441b
051c0a
04d309
0466dd
03e342
03594b
02f3e4
02dfba
02cbc0
02540c
01bc94
016c37
01391a
00f05e
0094fb
001270
ff8763
ff3406
fef426
fe96c1
fe4132
fde816
fd65ff
fcee22
fc97c9
fc4354
fbfdc4
fba74d
fb1033
fa820a
fa347d
f9e82b
f994be
f95c2d
f8f6a7
f84ef2
f7b6fb
f74de2
f71529
f71adc
f705d5
f67721
f5a4a0
f4f77c
f49ef0
f4908e
f4812a
f44ee0
f416a5
f3a590
f2dfc9
f258d7
f25602
f25197
f20ef1
f1c429
f178f8
f12f80
f0ec52
f09942
f066ae
f06e2e
f03fc5
efd6b0
efbfe2
efcfaf
ef8a75
ef42d5
ef4647
ef3765
eeffba
eeed82
ef07b5
ef2a96
ef315a
ef044b
eecd73
eebd00
eec83d
eef7cf
ef3b57
ef4794
ef3d9f
ef807b
efcb1d
efba62
ef8d7d
ef9b7e
efe32d
f049db
f0a259
f0df71
f11fa1
f1421c
f14112
f18394
f1fa1a
f224b7
f24313
f2c90a
f353af
f398a9
f3da8f
f41092
f43e38
f4b4db
f53336
f567cc
f5c912
f66e5c
f6ba5e
f6e5c7
f77dfe
f80532
f821bb
f85bba
f8d4dd
f94df3
f9e420
fa833d
faccb4
faf51b
fb460f
fba47f
fc2113
fcc620
fd32bf
fd6ae3
fdc996
fe2268
fe638b
fef992
ffa526
ffca18
ffdf95
006ed9
00e6fa
010bb8
01879c
02385c
025484
0228a3
027ef8
032b6b
03b47f
0425f6
047356
046894
04544e
04a2fb
053335
05b873
061dbd
065c3c
067626
068492
06a5cf
070ab9
07a299
07e85a
07d22b
0800b9
086549
087203
08a37e
096ecd
09d17f
094f87
092357
09c192
0a2619
0a352d
0a96b2
0afcdd
0aeba1
0ad25c
0b0566
0b36e2
0b4c90
0b806c
0bd61e
0c0f95
0c0277
0be076
0bfd6e
0c3ac8
0c4de9
0c51a9
0c5b8f
0c35ee
0c1218
0c5aae
0ca736
0c5d83
0beee5
0bf827
0c1a3b
0befd8
0bd3eb
0bd648
0b72e8
0acea0
0a997b
0ad213
0aeaca
0ab476
0a449b
099d4d
08f887
08b329
08b57e
088fb4
0814eb
078ea1
072a4e
06ae94
061763
05cdc8
05bdbc
054287
046509
03c9e7
0372fe
02fc57
02879c
024634
01ebcc
014fd0
00b4e1
003a63
ffcabc
ff5f4d
fef375
fe864a
fe1ee2
fdad06
fd31ad
fccedd
fc905d
fc5548
fc0529
fb9515
fb148e
fabb82
fa911b
fa4e9d
f9f5a6
f9d621
f9cafd
f96f33
f8fb7c
f8e138
f8f0a7
f8ccb2
f889df
f856a6
f82a9c
f7ff60
f7ddcb
f7d092
f7e417
f7f312
f7cb1b
f77d72
f740b6
f73834
f7637a
f77d1a
f7499a
f7185b
f725e1
f71657
f6cfb2
f6c580
f6fc54
f6fdb4
f6c427
f6a02c
f6a7f2
f6b88a
f6a49b
f667ef
f63c5a
f6338d
f632e0
f650a0
f67c54
f659db
f5ff04
f5de07
f5ec52
f5ebf1
f5f503
f606c9
f5f17d
f5cbf1
f5d1e4
f5f3d4
f5f7fe
f5d361
f5c6bc
f6074d
f6584f
f65c3c
f627c2
f607c6
f62952
f68ea5
f6f74a
f71d7d
f7136f
f7145c
f72ea7
f76fbe
f7da9c
f845d5
f8915a
f8cdea
f8f88b
f90211
f91205
f9846b
fa6c8f
fb37f4
fb50e8
fb19b7
fb502f
fbe46c
fc7271
fd0605
fda1ce
fdf4ea
fe0458
fe3c2a
fed6a8
ffac22
0060f4
00c2d3
00f517
012108
01632b
01eb6a
02ae40
035938
03d3ed
043044
0458de
0480d1
0519e5
05f5f7
06777b
0691aa
06b3e9
06fec5
075074
07c5f8
088707
093a0c
096079
093336
09516f
09c5f6
0a2def
0a79c2
0ac375
0b0134
0b3d7a
0b8726
0bb8e7
0bd88f
0c1b3b
0c60f5
0c6912
0c60a3
0ca299
0d1468
0d4cfb
0d3891
0d1d1d
0d2aa3
0d52c3
0d8440
0dc361
0e0607
0e1857
0ddcf1
0d95fb
0d905a
0db931
0de8bb
0e2320
0e4487
0e1b60
0dde99
0dce0f
0dccf1
0dd4b0
0df848
0deab9
0d84d1
0d4a34
0d85d9
0dc29e
0da085
0d429f
0cf68f
0ce672
0cf855
0cf457
0cc53d
0c8843
0c4ea4
0c0dec
0bc606
0b9b78
0ba900
0bc03f
0b9800
0b2c81
0aa600
0a3d72
0a2384
0a27d7
09e7fa
097e89
093fe3
092440
0905a5
08d03f
086322
07e874
07a531
075f9d
06ed70
06a655
069c84
0686b3
065e12
06143c
058050
04f2b0
04b9b6
048d29
044481
04085e
03ca57
038666
035a92
032132
02bd4a
02648c
021ce5
01c444
017cb8
015ab8
01362c
00f8ab
00a56a
004c96
000bc3
ffdb36
ff999e
ff5aad
ff3165
fefcb6
fea769
fe4086
fde755
fdb7ec
fd97e0
fd615f
fd3975
fd2471
fcce05
fc3920
fbc13b
fb77db
fb4ab8
fb4378
fb355e
faec03
fa89b1
fa2e5a
f9d13b
f975c3
f9178a
f8b21d
f87c92
f88346
f86e36
f80c1a
f79086
f72f79
f6dec4
f68aa8
f645c9
f61a1a
f5e390
f59515
f556f8
f518e8
f4c47f
f48f2c
f47b99
f440c0
f3eec1
f3af5e
f3527c
f30326
f3231d
f35797
f3285c
f2d056
f28f01
f25c63
f25ad4
f27269
f260cd
f24e4d
f25145
f22bea
f21772
f258a0
f281e8
f26259
f262a7
f283d7
f286c7
f2a13b
f2ea69
f316aa
f315cc
f32087
f357fe
f3b858
f40f8c
f42a7f
f4253c
f43ec4
f486f1
f4f8ad
f570d8
f5b656
f5cdee
f5ea4b
f62382
f6834e
f6fd7d
f7624a
f7a0e8
f7d4a9
f809a8
f859ba
f8dcaf
f958b3
f998f3
f9c8bb
fa1c67
fa8e7f
faf1a3
fb1d6f
fb50d7
fbfe13
fcc808
fcf4b9
fcce44
fd1277
fdadd1
fe3c9f
fec0ae
ff29f2
ff53f6
ff7285
ffc511
004f7a
00f054
017163
01c320
020e4c
024b52
026803
02b4eb
03618f
0408c1
046a6d
04b1c9
04e42a
04f761
05442f
05f1d3
068896
06b3d9
06c49e
071389
0775a8
07ae29
07e85c
085277
08b844
08ecca
090e9a
0931bf
095197
0986c9
09ddff
0a2440
0a3092
0a1c92
0a1eaa
0a4eec
0a953f
0ace31
0af0ab
0ae834
0aa737
0a68f9
0a6301
0a8169
0aa737
0ac668
0ab1e6
0a617a
0a2524
0a2283
0a272f
0a0fcf
09d4d7
0978a0
09237e
09039b
091004
0914af
08de33
08798a
082b79
0800a4
07c23c
077eae
075ec7
071e3a
069a52
063eaa
0647c0
0660cf
06446d
05f689
057bc7
04f2e1
04a311
04a50b
04b5c3
04935b
044e0a
04037a
03b24b
036d69
036103
037e05
03705d
031ad1
02b09c
026b62
0252a8
0246b7
0237cf
023119
021c69
01ea86
01be1e
018e9f
0133b5
00e75f
00f631
011770
00e4da
0082de
003b50
0018d8
00084b
ffe72e
ff9daa
ff4639
fef7a3
fea40e
fe56c9
fe1fb2
fde83b
fda2de
fd5af6
fd0083
fc7b2e
fbe345
fb6a32
fb2397
fae808
fa74f6
f9d7c2
f962f5
f9163d
f893f8
f7d259
f73928
f6ea02
f68902
f5e044
f53c83
f4dafc
f47ec4
f3ecb0
f354ec
f2eb33
f28744
f1ef67
f13ac2
f0b254
f07279
f05bd6
f034e3
efd430
ef389e
ee9c91
ee3e45
ee181d
ee0726
ee02ee
edf450
edba67
ed72da
ed6082
ed8737
ed9bb3
ed715c
ed4493
ed617c
eda95b
ede64e
ee31c7
ee9756
eecb0d
eecb9c
eeeeac
ef3f50
ef95f0
f0086a
f0a2aa
f12e23
f18896
f1d51a
f237b1
f2acca
f31b34
f38e60
f43188
f4ec80
f5735f
f5c004
f6133f
f69d80
f7541b
f7fcaa
f873b3
f8dc79
f95f29
f9e334
fa5bec
fae371
fb7b77
fc0747
fc75d7
fccd5d
fd3a46
fdd4be
fe5dee
febdf9
ff373b
ffcb6b
002f8b
007846
00e7f1
015a45
01b37c
022449
02b620
033956
03add1
0417cb
045cea
048c60
04e40b
057010
06112d
06ab42
0716ff
07455d
077714
07f36d
088eee
08ff08
096342
09df55
0a4526
0a818b
0ad3d3
0b61a6
0c0c0d
0c9199
0ccd01
0d012c
0d79b5
0df1f9
0e312f
0e97cf
0f41b2
0fb5cd
0fdc26
100c4b
105f47
10cd9c
115404
11b1e3
11c523
11dc16
122e49
128fe2
12d625
130024
1328eb
13635c
13919a
13a7af
13c5a2
13e0d4
13dbc4
13d84f
13f952
141f65
143867
144214
142070
13d619
13959a
137e9c
139560
13bb54
13b074
136ab2
130f26
12a7fa
125294
123c3b
122d4f
11ef3b
11b468
118391
1115d2
1090d3
10431f
100b60
0fb958
0f5655
0eeba5
0e8d53
0e50bf
0e08f0
0d9592
0d1d7c
0ca817
0c1a67
0b9120
0b3c6d
0b0fcf
0ad86c
0a6bcc
09c802
091caf
088f70
0825ec
07db52
0787c0
070a80
0684ff
061c39
05aff6
051f59
047cd7
03faf0
03b2c4
03651e
02cd55
022cd8
01c6fc
01533b
00b986
004d26
fffbaa
ff7296
fed9d8
fe6673
fdf55e
fd755f
fcf927
fc7772
fc0253
fbad48
fb4802
fab9c3
fa2f60
f9b7e0
f94235
f8d3ab
f86e4b
f814bc
f7cf8d
f7787f
f6ec3d
f65acb
f5e954
f589ca
f53b6a
f51213
f4ed4a
f49d5c
f41a40
f39997
f35af8
f3552c
f32de6
f2b927
f238d9
f20b32
f2308b
f242a5
f20345
f1b2a6
f19296
f16aa4
f10ff2
f0db9f
f1196e
f17640
f16b6e
f10a88
f0e469
f11719
f13bf3
f13ed0
f15b6b
f17121
f15694
f14cd2
f18950
f1e5c2
f2376b
f258be
f24e3f
f26369
f2acde
f2e453
f305c3
f35559
f3b964
f3efa7
f40721
f438ec
f492d2
f4fa8f
f54f55
f590aa
f5d0bf
f60cff
f65110
f6b4ce
f7207d
f76442
f783b1
f7bf34
f84798
f8f28e
f96253
f9936a
f9c217
f9e6fc
fa07c1
fa78dd
fb2cfb
fbb81b
fc170c
fc67f6
fc8b75
fcbd92
fd4a95
fdd3e7
fe1885
fe6f2c
fee435
ff355a
ff8406
fff68e
005baa
00ba62
013bea
01c2b9
022e47
027163
02884e
02c270
03578d
03f7a2
0463fb
04d965
054820
056d6d
059206
060e7f
0694b3
06d4f8
0710c5
078561
07fd51
083eed
086fb5
08c181
0915f8
093da7
0963c2
09c481
0a4193
0a8d37
0a9b70
0a9649
0a9f1c
0ac644
0b110b
0b636b
0b9801
0baab8
0badae
0b9ac4
0b77be
0b683a
0b83c2
0bb3d8
0bdb8a
0be5d8
0bc234
0b8286
0b4c3f
0b2dce
0b173d
0afd28
0af1a1
0b0326
0b06b1
0ac30d
0a51c8
09fe6d
09da33
09cc80
09b631
0974a9
091942
08ea19
08dc0c
08a918
086064
082af0
07e65f
0781d9
072b32
06eed5
06bb0e
06966b
0680ad
0661a1
061453
058c50
050320
04c398
04ba73
04a532
046fbc
041bc4
03a7ba
033f6c
030fe0
02f336
02b013
024f1e
01ffeb
01c51e
016f7f
00f246
008b6b
005f37
004721
001db4
ffc5bf
ff2620
fe8a7f
fe4e48
fe39f9
fdedb3
fd8be7
fd3a46
fccd95
fc4944
fbe2f1
fb9a59
fb5e5f
fb239f
fac059
fa36c1
f9bf4f
f95e32
f8ee47
f88a7f
f84fb3
f8170c
f7bbfc
f74838
f6d1fd
f66ca5
f6109d
f5a3a3
f53ccf
f5078c
f4d434
f45f2f
f3e5af
f3b57b
f3950a
f334d2
f2bb49
f25cda
f21376
f1d9b6
f1be09
f1aaa3
f177d8
f11bc8
f0bd2c
f08a67
f084e4
f07bd6
f0521c
f01875
efed02
efde86
efe6b3
efe827
efe318
efe8a4
efdd28
efba06
efb597
efdf69
f00724
f02098
f04242
f059e7
f061cd
f0842c
f0cea6
f117f3
f13f9e
f14acd
f15d5d
f19245
f1e17b
f24945
f2b356
f2df95
f2d7dd
f30209
f36e9f
f3cd0b
f41391
f46161
f492d1
f4a58a
f4da94
f54c71
f5d61d
f63238
f63e04
f63d39
f67cb6
f6e191
f73c2a
f78b4f
f7c064
f7efa0
f847f5
f88f04
f897f7
f8c810
f94281
f995e4
f9c12b
fa0ebf
fa571a
fa7a2a
fab6f4
fb13e5
fb63f2
fb997b
fbc43f
fc2219
fcc4ed
fd3a11
fd5a07
fd934c
fddd2b
fdf3f3
fe488c
ff1a3b
ffd396
0036a2
00867b
00beb5
00ec7a
015fad
020334
02a61f
035512
03dae2
041088
04559a
04ea74
059d30
064c32
06d491
0723db
078612
081c5c
089bfe
090f2b
09acf4
0a3f5c
0aa85b
0b2945
0bb5ee
0c0ad2
0c3d51
0c89ad
0d01a1
0d8fcc
0e0d10
0e6c17
0eb07e
0eddbc
0f1167
0f5c6b
0f7b6d
0f7140
0fbb1c
104d51
1088ed
10616c
104a78
105844
106cdb
107f87
1081f1
107753
106d05
104b2e
10162e
1003ef
100cd6
1006ab
0fe772
0f99de
0f28e9
0ee2d8
0edcfc
0ec4da
0e8015
0e434c
0e17ca
0de280
0da171
0d5074
0ce1e0
0c77c4
0c4d05
0c4593
0c18f8
0bcfca
0b8e4f
0b3614
0abc12
0a6789
0a484a
0a29ac
09fa94
09bbdf
09683c
091655
08d619
088d72
084c2b
0826b2
080265
07d04e
079673
073fe7
06e169
06a5fa
06778a
064c14
06341d
05f6f5
057ca3
052fed
053187
051600
04accd
042c81
03d577
03b529
039acc
0359f8
03136f
02c026
02420a
01df06
01bf36
017f41
0107f6
00ac88
005d2a
fff6c3
ffa3ee
ff540b
fee5ba
fe91e9
fe542f
fdda06
fd3acb
fcbdc4
fc6599
fc2c3d
fbf404
fb7bbd
fada67
fa58b6
f9fa6f
f9b880
f97f12
f909fd
f85d66
f7d3b0
f7815f
f741ac
f7051c
f6aed8
f639bf
f5d11a
f579d5
f526b7
f4e062
f48bb2
f41fff
f3dc36
f3b01e
f3654e
f33608
f33126
f2ec4b
f27929
f250aa
f25a02
f24494
f21551
f1db7d
f1b1b6
f1ca33
f1f13b
f1ddca
f1cf78
f1f047
f1f853
f1e111
f1f1a7
f21578
f21f26
f2419b
f2a0cc
f2f0c3
f2fa81
f2fa07
f33dca
f3a7a7
f3ee87
f40681
f42cc5
f49069
f5193d
f582af
f5bd6d
f5f961
f6499e
f69be2
f6f63b
f7693e
f7e837
f867c7
f8dbe1
f92c0c
f96b56
f9d498
fa53ab
faacc0
fb0c14
fbb474
fc6459
fcc51b
fd0461
fd6958
fddc24
fe4ff9
fedcba
ff4efb
ff9367
0013ca
00e4cc
01762a
01b0d2
01fe76
0261d4
02bce4
0349f6
04034e
048ddb
04dfb2
052bfa
05923f
06231f
06a7f9
06eabf
074cce
0804e0
0881de
089ac2
08ed7b
098a4c
0a0149
0a6919
0ae576
0b257b
0b3abd
0b99ea
0c3e0c
0cbd67
0d08a8
0d4249
0d6f9f
0d9d77
0dfbd2
0e7ad5
0ec4c9
0ed0b6
0eef31
0f38a1
0f828d
0fc51e
0ff300
0ff332
0ff615
102717
105362
1059eb
104ed3
104458
1055db
10841a
108060
10518e
105804
106c83
102665
0fccf2
0fb53d
0f9272
0f52fe
0f527a
0f6f2c
0f3ec3
0edc32
0e87f9
0e2718
0dbcb9
0d7999
0d42ca
0cf644
0cc6cb
0cb910
0c6f59
0bdb97
0b50a1
0aee06
0a9e9d
0a5466
09ef02
0977d2
092d84
08f81e
088a35
080382
079701
072746
06b2f2
065164
05e563
057096
051d98
04c04a
042e82
03ace1
035454
02e808
02657b
01f796
01912f
0114dd
00934a
0025ea
ffb854
ff2bed
fea70e
fe59fb
fe0b1a
fd7af9
fced41
fc8667
fc0471
fb748b
fb0fcf
faa11c
fa1b38
f9c74e
f988e4
f917ac
f8939d
f81435
f77c9a
f6f2e7
f69fb2
f65fc1
f61d9c
f5ce50
f55c5a
f4ebf5
f48e53
f40453
f373b6
f35a15
f36f75
f3131b
f27e1c
f224c4
f1e98e
f19e6e
f16316
f13426
f101db
f0cd77
f08c8e
f0378d
eff1af
efd7eb
efd818
efc0df
ef7586
ef1d8c
eeedc0
eee930
ef04b7
ef268d
eefe46
ee8935
ee3b01
ee4c15
ee8109
ee9612
ee777f
ee4ca1
ee550c
ee76c7
ee640b
ee46e6
ee57c3
ee5a9b
ee517e
ee839b
eeb590
eea436
eeb10e
eef4c1
eef54e
eebe3e
eecd5e
ef285c
ef8493
efbe18
efc7ce
efc4ad
efdfe7
f00207
f02a61
f085de
f0e434
f11251
f1546f
f19fb6
f19714
f18cae
f20e61
f2c515
f32c4a
f356a3
f3688f
f3815b
f3e95c
f49404
f52015
f57ad7
f5c20a
f60047
f654c6
f6d4ba
f76430
f7fe9a
f89485
f8f31d
f93c9c
f9b67c
fa3b91
fab1cf
fb562d
fc11b6
fc9ab7
fd1b9b
fdbc97
fe44e8
feab58
ff1d51
ffa79e
005c93
013888
01f06d
027020
02e140
033cd7
039ee2
04528c
05222e
05b677
0635a0
06b6d0
071616
078356
082413
08ad64
08fbaa
094a27
09b1bc
0a2e71
0aa0c3
0ae539
0b2a62
0b996a
0be295
0bf18b
0c140b
0c49cf
0c7136
0cac56
0ce5c9
0cf547
0d0751
0d1879
0cfe76
0cf4df
0d109d
0d0789
0ce273
0ccc20
0ca61a
0c81c4
0c8907
0c823b
0c4a29
0c0ecd
0bdaf6
0ba8cb
0b7f17
0b3819
0adc1f
0abfd9
0ad0a3
0aaa41
0a565d
0a053a
09ad36
096295
094c62
094d81
092dfe
08e80d
088c94
08321f
07f877
07ea88
07f1e2
07ee2a
07d40f
0797da
07274a
06b657
069328
06b3d2
06cca9
06bed5
068e6d
064c34
061a6c
05f0bd
05c0aa
05a8d8
059e3f
056b8e
0538bb
0523dd
0500aa
04e083
04eb07
04c97b
0446dc
03cac2
03a5cd
03c0d9
03dc64
03af08
033c8d
02d666
028b90
024290
021b08
0207c6
01c7dd
017ca9
014785
00f8a5
0091ac
004207
000158
ffb243
ff58d8
ff0871
feddc3
fec8d5
fe91e1
fe3c58
fdd393
fd42a7
fcc733
fcaa24
fcaca7
fc90ad
fc6cb7
fc1d25
fb8fdc
fb23eb
fafd1a
faebe5
fae95d
fad1e0
fa76c8
fa0a52
f9c104
f998e9
f9aaf4
f9d777
f9b755
f9557d
f91187
f8f626
f8ee0b
f8f2eb
f8e175
f8b325
f88a7f
f8771f
f89221
f8d2bc
f8d93d
f88572
f83faf
f83dbf
f859f5
f87e68
f8935c
f87a05
f856b7
f85e74
f884d2
f8a628
f8b4a6
f8bb58
f8bc94
f898b5
f8562c
f85402
f8bac6
f932a4
f96ee0
f96636
f9184c
f8c141
f8c311
f9163f
f96a52
f9b63e
fa01a5
fa021e
f9a241
f96e23
f9cfcb
fa6337
faa361
fa95b8
fa77af
fa731a
fab909
fb4573
fbb2b3
fbb887
fb7ff6
fb73da
fbcd71
fc5ab3
fcc126
fcfcd7
fd26b7
fd32d4
fd415b
fd8fc2
fe0d4d
fe7d39
fecbd2
fef711
ff1d10
ff64b4
ffbae7
000d0b
007b9b
00e9ca
0123b1
016018
01c2fe
021424
02473b
0292e7
02fc4b
035ea8
03b119
040f3a
048d3d
04fcaf
05191e
050edf
054612
05c7c2
0650b3
06b24f
06f2b1
0742cd
07b1d2
07e88a
07cb8a
07deec
086a62
08f8a8
0930a0
0951f0
0996ea
09c9a5
09d40c
0a0d32
0a838c
0ac318
0abcc8
0ae21e
0b341f
0b537f
0b520d
0b784e
0bba80
0bfb1f
0c3106
0c40fb
0c31ae
0c2eff
0c3e4a
0c662b
0cb055
0cea34
0cd689
0c93ec
0c71de
0c94dc
0cec6d
0d393a
0d3970
0cf3a5
0ca884
0c82e1
0c8e5c
0cc706
0cfbaa
0cf46e
0cc206
0c9b29
0c7619
0c3ee8
0c33e9
0c6cc1
0c7d03
0c2adf
0bd191
0bb5a4
0bb463
0bad12
0b9f48
0b71fb
0b20d4
0ae13f
0ad400
0ad815
0abcf6
0a7b70
0a26a9
09ce0a
0977c8
093ea4
0942a0
096922
095ab2
08e8ab
084e75
07e039
079f4d
076ea4
0747b3
071ea2
06e401
069265
062ef7
05d4ce
059fb9
056719
04f6bc
046ba9
03f485
039d0d
037177
036059
0325ad
02a83a
0214fe
018f59
01267a
00db6e
009853
00425e
ffd76c
ff669e
ff04f3
feacbb
fe3a96
fdc056
fd7032
fd2796
fcbe76
fc56ff
fbf447
fb75d1
faf370
fa8e4c
fa3dcd
fa01d6
f9ce75
f97f57
f90d72
f88655
f7e75f
f751bb
f6fe41
f6f613
f703b2
f6d82e
f64d35
f59ac9
f5046b
f49d55
f474ac
f470ca
f438c9
f3c59e
f3616a
f307d1
f2a595
f27270
f2696c
f22c55
f1ad44
f134b4
f0e763
f0bb4d
f093d3
f07066
f0586f
f02a57
efcebd
ef8272
ef5e60
ef2c14
eee661
eeb031
ee979a
eeb07a
eedc4b
eeb460
ee5121
ee39ec
ee5479
ee309f
ee0c51
ee45ca
ee8378
ee6f52
ee4fc3
ee65b2
ee8c5d
eea655
eecc12
ef156e
ef6a89
ef8f94
ef7bab
ef783b
efc0d6
f037f3
f0ae1e
f11a38
f15cc3
f16e0c
f1a79c
f22389
f27f97
f2b179
f31d39
f3aeeb
f41a78
f476c6
f4d802
f52ab7
f599fe
f628a3
f68a4f
f6db69
f76516
f7e872
f832f4
f88eeb
f91a2c
f9ab08
fa3230
faa72f
fb0565
fb56cb
fb9766
fbe3bd
fc8e02
fd6c10
fdde31
fde01c
fe1d54
fed31d
ff7e79
ffb72b
ffc977
0026f4
00abf6
010de0
018aa3
02405c
02ba42
02cf30
02ed8b
034b7f
03b4a4
040789
044e8e
04b037
055a02
06001c
062b0d
060a19
06382b
06c4bc
07476d
07965c
07d529
081e0e
086771
08b20f
091098
09743d
09af5e
09dbab
0a40cb
0ab589
0add1c
0aebe8
0b392c
0b8696
0ba1b1
0bdbe5
0c5684
0cc3fa
0d03ac
0d27c1
0d34e7
0d3761
0d4579
0d670f
0dae0c
0e0948
0e45e2
0e66cf
0e8d0e
0e94bf
0e7a79
0e7ace
0e8332
0e62cf
0e4b37
0e6ff1
0eb0cf
0eda4a
0ebd92
0e5efa
0e0bd9
0de586
0db992
0d8eee
0d8aad
0d7b58
0d339a
0cd5d5
0c80c2
0c2d9c
0bd4a7
0b770c
0b2415
0ad960
0a6eed
09eb9b
0988ed
0941d3
08e572
0852af
078f3f
06d4b4
06684a
064150
0617c1
05b5f4
04f574
03f74f
033576
02d00c
02848b
023963
01d841
013cf9
008f7b
00042a
ff77be
feee8a
fea310
fe6b53
fdf8f4
fd64a6
fcd489
fc543b
fbf98b
fbbb85
fb6b52
fb0d7a
fac91b
fa904a
fa4770
fa0008
f9b763
f93f84
f8b4f0
f88884
f8a8b7
f88dea
f83de0
f81822
f80bfb
f7f85a
f7f13f
f7c267
f74b5a
f6d119
f660f8
f62142
f697ad
f775e5
f7aeb1
f732f3
f6867a
f5be59
f54852
f59834
f60552
f61308
f6305b
f62e65
f58d9c
f4f0a1
f4ff53
f5563d
f5931a
f58de3
f51531
f47def
f4482b
f44521
f44d57
f49d7e
f4fe37
f4dd11
f44ad3
f3d619
f3cc6f
f3f4b0
f3f18a
f3dcaa
f3fca2
f41ffc
f404f4
f3e3f8
f3f0ac
f40c49
f41c7a
f41d1e
f41172
f41f01
f45cd6
f4ab8b
f4dd81
f4dfb3
f4dc46
f50d7b
f55bd1
f5a1c2
f5f46c
f63ece
f6675b
f6c225
f7544e
f78606
f75c58
f7912a
f8462f
f906a3
f994e2
f9e389
fa1b9a
fa802d
fae620
fb237f
fb94d6
fc50a5
fce45f
fd53b1
fde636
fe6ed5
fed871
ff4cf9
ffb4ce
0011c4
00ade3
01561a
01c1e1
024819
02fe03
037212
03c23a
0453be
04e01a
052f39
059853
0623a2
06914f
070e70
07b7c5
083ec3
0885c4
08c23e
0915f1
09901e
0a21ed
0a855b
0abd10
0b1a19
0b8f7f
0bde0e
0c2325
0c7d9e
0cc521
0cfdff
0d4c75
0da6d9
0e0201
0e49aa
0e5e45
0e6492
0ea090
0ee917
0f11f8
0f4d2d
0fa334
0fda5f
0fecfd
0fe92a
0fcdae
0fd1c0
101520
104b3b
105459
1068fc
108472
107970
106568
106335
1064fa
106484
1051f4
102500
10140d
103fe1
105ac5
1031be
0ff476
0fc4c8
0f901e
0f63d8
0f50ed
0f42e8
0f2a5d
0f1011
0edfc9
0e89e9
0e3a40
0e2705
0e25b2
0de25b
0d6b10
0d1a26
0cf8a8
0cd127
0c9d4d
0c73b6
0c40a7
0be9f1
0b7a1c
0b1e88
0aede8
0abbb0
0a5fce
0a0165
09cb35
09a52e
0969c4
09104e
08a4f7
08479a
080199
07ad64
074ced
070cb8
06ddbe
068f10
062f96
05d60b
058038
053be2
050626
04bf51
045c2e
03e273
03697b
0331a9
032de7
02fb5a
029285
02332d
01d56b
017390
0134a6
00f7eb
00967b
005026
003143
ffeef5
ff8245
ff1fd1
fede82
febef8
fe8d17
fe1409
fd9a16
fd70c8
fd62ff
fd2df4
fce136
fc8f78
fc33de
fbd054
fb7458
fb50dd
fb6125
fb32a2
faaa33
fa3b0f
fa08f2
f9dfbd
f9beef
f98dd7
f91486
f891d6
f8579a
f84285
f83290
f820ba
f7d03c
f7478b
f6da94
f68e25
f652be
f656df
f66dac
f620a7
f58c7a
f51ad6
f4e63a
f4dd5c
f4ec3f
f4ce11
f466cc
f3f1cb
f3a73a
f38d59
f395bf
f395a5
f36445
f31784
f2db24
f2b04e
f297a6
f2a695
f2c676
f2ac65
f25390
f218f6
f22469
f24306
f25340
f26308
f268ad
f2627b
f25c15
f25812
f2676c
f296c2
f2c26a
f2cbff
f2d10c
f2f175
f3332f
f38e2e
f3cb22
f3b3a9
f38f5a
f3c4a4
f4429c
f4c36c
f52cbc
f55add
f53733
f510a3
f5462a
f5dc04
f69dd2
f72e01
f74457
f71fec
f73d3e
f79924
f8010e
f888a9
f90b62
f93a50
f94d92
f9aa68
fa2daa
faa732
fb1835
fb59df
fb72ce
fbb4ff
fc25d1
fca72a
fd4663
fdc2ee
fde394
fe144a
fe8845
fede7e
ff3b7d
fff9fe
0092d1
00a7e5
00c564
012e50
01a0e4
02245c
02b4be
030e76
035bc3
03d283
043192
046b4f
04c58e
0538e0
059fc6
0600a6
064c53
06920d
0701ff
077c1c
07c42b
0805eb
085f24
08957f
08a5c9
08df44
095316
09b8fb
09ee65
0a1527
0a491b
0a7a4e
0a9eb0
0abc6c
0ac8da
0ad621
0b08f3
0b416a
0b52b9
0b5cc7
0b72e3
0b719f
0b5dc9
0b558b
0b5a79
0b6851
0b6906
0b371a
0b03fc
0b0980
0b102b
0adf1c
0ab288
0aad88
0aa59c
0a80bc
0a2e2a
09c376
098ef7
09938e
097cac
095068
0938e9
0908d8
08a4d8
084cbd
0818f8
07f7f6
07d3f6
07907d
073fb1
071403
06f258
06b19e
06897b
067fce
06395b
05b890
055a00
053588
052875
051ccb
04fafb
04bf2c
04791e
042565
03d433
03af20
03a50f
0380bc
0337dd
02dcf1
028fdc
028085
0293c1
0262a7
01dbb3
016e3a
015819
01501f
0106c7
009807
004302
000fcd
ffe98c
ffbcbb
ff70ff
ff090b
fe9fbe
fe3892
fdd405
fd8f5b
fd5d01
fd0733
fc8d6d
fc16ba
fbb73d
fb6c63
fb1b01
fa9613
f9fc51
f987c4
f9281a
f8c39a
f8630c
f7f640
f781d7
f7242a
f6ab24
f5f8b0
f56b9c
f52e8b
f4e21c
f47293
f40a43
f391b9
f30eb4
f2af89
f25c17
f1fa08
f1afb5
f16bdb
f10d73
f0c0f4
f08eca
f0385e
efd359
ef9bb0
ef7bec
ef659d
ef68ac
ef5b54
ef23be
eeee20
eec321
ee975a
ee9a63
eede6f
ef2387
ef4c2c
ef55c9
ef1ceb
eedc7a
ef1528
efae19
f01a7b
f03f27
f05448
f064f4
f08694
f0dc7e
f154bc
f1d533
f23b87
f252b1
f253e2
f2c18b
f37673
f3e71f
f42330
f478b6
f4d888
f539af
f5a470
f60353
f671c2
f7169c
f7af0e
f7f770
f81a2a
f8512b
f8c55e
f98003
fa3469
faacb0
fb179c
fb7105
fb918e
fbccfb
fc75bc
fd2eec
fdb877
fe3ac9
fea70e
fede8d
ff313d
ffcd91
006d3c
00e7a9
01565a
01c722
023e2f
02baf3
033fe9
03d339
0464a0
04cf2a
052ea0
05af07
06325c
06b13a
0761bf
08139b
087578
08c9bc
095aab
09dc74
0a4308
0ae715
0b9f7b
0c12a2
0c6e23
0ce708
0d63d2
0de82c
0e83e8
0f08eb
0f5ffc
0faeae
101c57
10b4bf
114725
119d1e
11e9de
125b86
12aa74
12cf28
13326d
13c5bb
142c56
146fa0
149d32
149e98
14bbe0
152857
158a05
15a180
15abe3
15ceea
15f8b5
1615d5
16267a
163b20
16408f
160d24
15d8c7
1604ce
165d41
166696
161819
15b955
158368
158013
157d76
1550c5
152b58
1528f8
14e677
1443da
13d26c
13e495
13f798
13a04a
13318c
12e8ff
128597
1207bb
11c2dd
11a0d8
114ef0
10d004
104d48
0fe8a0
0fb8e0
0f8b34
0f1ac5
0e8b14
0e107e
0d8fcf
0d02cc
0c8d44
0c3f70
0c19fa
0be6dd
0b453a
0a71c6
09f560
09a554
091926
088fa9
084917
07fe83
076f03
06c5c8
06495e
05ff56
059c7c
04f580
044bab
03d89b
0393c2
035b87
02e7ee
021e29
0170e7
011f13
00caf1
0062e5
002c56
ffdf85
ff263f
fe612f
fdfabe
fdc9c6
fd8901
fd3405
fcd3f0
fc5e55
fbd305
fb5f8a
fb27e5
fafc88
faa520
fa3406
f9ca65
f971fd
f9360b
f90a08
f8cbe6
f88241
f8347b
f7c945
f75f6d
f73353
f736e5
f7214b
f6dd7a
f6900b
f65469
f60e6a
f5baf6
f59c60
f5b6cb
f59939
f53557
f50561
f51d9c
f516ed
f4da25
f49df5
f47474
f461bb
f45c07
f44705
f43fb0
f4675d
f472ce
f41783
f3b22b
f3c1cb
f42127
f4637f
f45da0
f40fe9
f3bb06
f3bfbf
f40d02
f43bda
f45725
f4930f
f4ab4d
f475f3
f43f44
f4476e
f49e10
f52099
f54aea
f506ff
f50dbb
f58f16
f5dc93
f5d4fe
f5e817
f6122b
f63b3f
f68919
f6d4c2
f70a80
f762b4
f7b31e
f7bf65
f7ea1c
f85a7f
f8aec4
f8ed76
f9458b
f97cdd
f9a3bb
fa1ae8
faabba
fafee9
fb418c
fb8f16
fbcd5f
fc208d
fc9d0e
fd1556
fd7bd4
fdd152
fe0d29
fe6c8d
fefafb
ff629d
ffa103
000dcb
0098ef
01028e
01528a
0191d2
01d2db
024e0a
02e82f
034aaa
039b05
040d5f
045406
045c69
04afc4
05676c
05f279
060dcf
061855
06637f
06cf9f
071d6e
075777
07ad95
080428
08254a
083490
086def
08b6de
08f443
092c53
094bee
0951c0
096bdf
098cc4
099f47
09dff4
0a491d
0a5770
09fe7e
09d5e4
0a0ff7
0a4696
0a41c3
0a3ba7
0a6c96
0aa100
0a7886
0a149e
0a000b
0a3eec
0a6544
0a5bfa
0a3aca
09f402
09c32b
09feff
0a52d5
0a3984
09ccae
0977aa
096d4b
099b17
09ae3e
097ced
095440
095056
09264a
08e2e2
08dc7d
08ee3f
08cd72
088923
0846ae
0814d2
080cae
081370
07f354
07b48d
07796b
07376b
06e3b4
069df0
068e7a
069eac
067058
05ee0e
05884b
055795
04ff7b
04ad3b
04b09b
049061
03ee0f
035adf
032b01
030002
02a8f6
02444b
01d8a4
01740a
011761
00aa5a
0043e5
fffae3
ffa750
ff3835
feb5a6
fe30e7
fde759
fdcabe
fd4a85
fc73bd
fc0392
fbfd14
fbd1e5
fb7834
faff92
fa55a2
f9d300
f9ab6d
f975b2
f921a0
f8f156
f8af7e
f83398
f7cf22
f7929b
f75555
f73431
f72655
f6e6ff
f68664
f63aa6
f610df
f60d4a
f60cb5
f5d2d4
f58887
f5845a
f5a533
f594a5
f55333
f5146b
f50299
f51519
f523b4
f52b1a
f53e5e
f539d4
f50d10
f4ec19
f4eaf0
f4ebf8
f4ef1b
f50097
f515bd
f51e46
f50a7c
f4eac3
f4f067
f51107
f50d4b
f4eabb
f4d28d
f4c2a6
f4c347
f4e600
f50f2a
f51318
f4e7e9
f49677
f45db2
f47636
f4ac64
f4b8cc
f4b1ae
f4a990
f482e4
f45673
f44476
f43cc9
f44215
f471d6
f4a16c
f48f83
f44e6e
f4284c
f445fe
f48bc3
f4ad74
f497c1
f48f17
f4b6b5
f4eb2f
f5224b
f56578
f58abc
f572ec
f572dc
f5cb74
f63c47
f69569
f6f5ea
f74805
f75bb0
f77a75
f7fac6
f89df1
f90c4f
f94cfc
f98904
f9ef7a
fa9b68
fb544b
fbd405
fc3481
fc930a
fcea90
fd6230
fe291a
ff116f
ffc651
0026ed
006a39
00e14f
0183ac
021805
02c62f
03b096
046a56
04c411
052ec7
05d21d
0658ab
06b4f5
0733c7
07f051
08c006
0959b5
09b926
0a2dd4
0ab912
0b12ea
0b5a23
0bd661
0c67b7
0ceb22
0d65e0
0dc538
0e2533
0e9dc5
0ecfd8
0ec61c
0f2d27
0ff65f
105b5b
10608b
10893a
10c478
10eea5
113040
118959
11d6cd
12049d
120cc9
12257d
1270c8
129da6
12940c
12abb5
12d650
12d313
12e974
133dd5
136ee3
13625b
135294
134a00
135523
136c17
135653
133bd3
1378bd
13c143
13a7dc
136ac0
135c27
1364f2
135ad7
13305b
130d58
133306
13606f
132abd
12d4ec
12c61c
12bc73
127e79
125548
1256ea
124c08
122019
11e319
11a33c
116565
112581
10ef7b
10ce2a
109cb5
104bf1
1013f3
0ff0f4
0fa50f
0f32da
0ec4ea
0e68fc
0e2f50
0e07ca
0db3a3
0d3c32
0ce67c
0ca603
0c3905
0bb51a
0b5009
0b02e2
0aa0b8
0a292c
09bbc1
0965d7
091522
08bc9c
084d67
07b047
070fe9
06b786
0691a5
064b3b
05d030
054194
04b5c5
043adb
03daa7
03988f
036296
030709
02729c
01d7f3
0171c7
01332e
00edbe
00817b
0009ba
ffbe46
ff7f50
ff07a4
fe8bb1
fe5704
fe2deb
fdc141
fd3cf6
fcdbd7
fca15e
fc77c4
fc3919
fbe36c
fb9f4a
fb577e
fae184
fa8804
fa7e9e
fa66e4
fa03a4
f9a63a
f9882d
f972aa
f922f0
f8b4d9
f884fb
f89f35
f897b1
f84677
f7ffa2
f7dd97
f7b3f3
f782bb
f7639d
f7645a
f77f18
f775da
f72ec5
f706aa
f72318
f71c4b
f6e143
f6ddbc
f716fd
f72d21
f71a68
f72144
f74e32
f766e0
f74efe
f73e8c
f777a3
f7dc9a
f819a7
f81f8d
f8219e
f84447
f87e6f
f8c0b8
f91db2
f997d0
f9e8b1
f9e736
f9dc49
fa2607
faaee2
fb26fa
fb7eca
fbf3ab
fc8062
fcb938
fcab87
fd03f3
fdc27c
fe38bf
fe6dcd
fee9ea
ff9510
0014f5
00787d
00dccf
01485b
01b4be
0202d2
0264ec
032356
03e417
0453dd
04c739
054355
057501
05b506
0658bc
06fd9b
079853
08487a
088c75
087a8a
08fb63
09dc3c
0a4ccd
0a954f
0b1932
0b65ab
0b82fb
0bf660
0ca2c0
0d2985
0d743d
0d7d13
0d95bd
0e16e4
0ea126
0ee750
0f3f2d
0f9848
0f9694
0f911a
0fdf25
1038c7
108f05
10fb73
111e4e
10e4c8
10d88b
112748
11867e
11c779
11c6c0
1188c2
116edc
11b161
120be9
123922
12265b
11ece6
11c346
11b52b
11a7b6
11bc64
1207b1
122140
11c8f5
11624d
11427e
113e3b
112f2c
1126a3
11159d
10e1fe
10946b
10469f
1017c5
101ad2
101dfe
0fccf7
0f3aa7
0eccfa
0ea684
0e9c12
0e8637
0e5012
0dea89
0d5f23
0cd356
0c7ec0
0c79a4
0c753a
0c136e
0b74d2
0ae920
0a792e
0a2c92
0a1544
09f340
098346
08de51
083489
07b460
078cbf
078b28
073f9f
06a59d
05fc27
057417
0535c2
05201d
04d30a
0459e3
03e6f2
03517a
02bcf5
029dcc
02a535
024940
01d2b8
017958
00f56a
008205
0071fa
005256
ffdc67
ff77db
ff33b7
fede37
feac95
feaa71
fe80f8
fe1704
fd9634
fd3402
fd1bf8
fd1fb3
fcee68
fcb659
fca922
fc65c8
fbc900
fb68eb
fb910b
fbce77
fba866
fb23d0
fa9ffa
fa6cc9
fa77c9
fa7ca5
fa5d4d
fa1f37
f9d192
f981fa
f941f0
f92bdd
f9373b
f91c06
f8bc16
f85737
f81f94
f8096e
f806d4
f7fd01
f7c380
f75a72
f6ee18
f6bd65
f6d97c
f6e47f
f6a1ef
f66b71
f65358
f5ee9d
f57ee9
f5911b
f5cb15
f5ba3b
f59d2e
f56fe3
f50f6b
f4fba1
f5464a
f54d61
f51a65
f5158c
f50427
f4ec32
f53657
f594ac
f59b85
f59972
f5a7b6
f59364
f5a241
f5febc
f659cf
f6a8ac
f7011c
f72777
f72c59
f774f9
f7f07d
f84075
f867bb
f8ac7b
f92c72
f9bb81
fa1bfa
fa4ff1
fa8e73
faf4a3
fb74c0
fbea61
fc49a2
fcbbd5
fd2f42
fd59b2
fd89a0
fe352a
fee862
ff1d55
ff3c49
ffa0cd
00139e
0081c3
00ed3b
013ab7
0180ec
01be21
01ce1f
020f64
02c372
034f44
035eca
03658b
039120
03c2ae
0412e8
04608a
048018
04b955
0505ef
0515cf
0525c6
0571af
05ae4b
05d54b
06021d
05f627
05dc68
062391
068864
06ba86
06eb95
070e11
070133
070db5
073275
073a61
0783d9
08139f
082e8a
07de03
07efc6
086119
08af97
08edae
092ac9
0916bf
08da6c
090245
099b68
0a378f
0a8075
0a64c1
0a2776
0a3153
0a9394
0afd49
0b5536
0ba962
0bc4f5
0b919d
0b8217
0bd788
0c4c0c
0cabda
0ce1d5
0cbc87
0c77f8
0c916e
0cec34
0d38f9
0d89d3
0db3cb
0d6fda
0d246a
0d39ce
0d715c
0da3f4
0dd26c
0db541
0d54ae
0d3ba7
0d73ef
0d91f7
0d75b1
0d375a
0cf798
0ce02e
0cd996
0cbd77
0ca826
0c8fa1
0c3d24
0bd6db
0ba71f
0b9996
0b85fa
0b5e00
0b164c
0ab6cf
0a5740
09f7ee
09be2d
09caf6
09ca79
096380
08bec1
0843b3
08214a
08381b
082d5f
07c3e3
0726d5
06ad7e
067d50
0678c9
066198
0626fa
05e937
059a6c
051a18
04a4cf
04861a
04a212
04adb0
047c9b
040249
037089
031e6d
0323c4
0346fd
033d43
02f60d
02a0d7
025b0f
02185f
01ed51
01edda
01e373
01a695
015d3e
013448
012e48
012cec
00f261
007951
002a4c
003c5b
005b7f
00376a
ffe1a2
ff9a6b
ff7d5b
ff553d
ff0565
fed52a
fee32d
fed63a
fe86d4
fe3351
fdf386
fdc755
fdbcbf
fda7e0
fd60eb
fd0d71
fccdd8
fca22a
fc953d
fc87d2
fc4300
fbe50d
fba216
fb7bc2
fb6411
fb4a2a
fb1582
fadb0c
faaa2a
fa6842
fa2e53
fa31af
fa3554
f9f15c
f99b84
f975d3
f9655c
f95237
f94459
f93388
f90e53
f8df04
f8b08c
f89187
f8a083
f8da30
f8e599
f8914c
f8409f
f84a1d
f87307
f8909a
f8b82e
f8bb7c
f88ecc
f88de8
f8af0d
f8aebb
f8cc45
f91e46
f937e0
f92cd7
f94faa
f969fb
f9880a
f9ed82
fa1fea
f9f2b1
fa1f91
faa287
fadafa
fb0d7b
fb77b8
fb9006
fb72c1
fbafac
fc0fc9
fc73bc
fd171b
fd8a67
fd82e8
fd8d77
fdd268
fe0e6b
fe8576
ff328a
ff884e
ffaeea
000604
004a4d
007ebc
010689
01a083
01efd3
022427
025761
028e91
0318a7
03d4ac
043b99
045ab2
049578
04eaa4
054b16
05c857
06357b
067972
06d0e7
073861
078749
07e367
084d48
087bca
08a045
091984
0995f1
09d7bd
0a3fca
0aac32
0aa00c
0a90d4
0b072f
0b885a
0bccf5
0c2f51
0c76e4
0c59d3
0c531c
0c9f8e
0cf5ef
0d56d1
0da1f5
0d855b
0d663c
0d9cc0
0dbea9
0dcede
0e2b8b
0e6269
0e1f66
0de5f8
0dea2c
0e05b4
0e557a
0e8a90
0e3959
0de41c
0de8e0
0dce0d
0d8ddc
0d9b5e
0dcb0b
0dbef3
0d7f36
0d263f
0ce046
0ccde1
0ca6af
0c5103
0c1fa7
0c05b8
0bc98d
0b9f22
0b88dc
0b409e
0ad935
0a776b
0a03e5
09af2f
09a945
099620
093ff3
08ebcc
089b0b
0818db
0799ed
076b7c
07616b
071c24
068953
05f400
059e8d
057b63
055af6
050df7
048435
03f144
038bed
033fb2
02f777
02bf41
026ad3
01d848
01478d
00f3b1
00c467
009074
002c30
ff8484
fee877
fe9ef8
fe76ad
fe2f03
fdc7d1
fd4ca1
fcc766
fc57c7
fbf82d
fba6c2
fb7a66
fb4225
faac5c
f9f459
f99d95
f99455
f95e6a
f8dc76
f858ba
f8022c
f7c1cd
f78533
f740c9
f6e2cc
f6746a
f6277f
f605e5
f5cdaf
f567f1
f51031
f4e309
f4b6d8
f47b17
f43c6c
f40365
f3db82
f3bddf
f38987
f34a34
f329e3
f30993
f2c30e
f293c0
f2aa0f
f2bf87
f29b59
f262b6
f237ca
f21dc0
f21886
f2173f
f209a7
f2015b
f1fe59
f1f798
f1fa2e
f1fc87
f1e77a
f1d359
f1de66
f1efae
f1f3ea
f1fbb6
f207bb
f20f14
f20674
f1f001
f1f8f2
f23017
f254cd
f2550b
f25f13
f2611e
f2442d
f252e5
f29c1b
f2bbde
f2a88a
f2aea5
f2d713
f307be
f333b7
f33aeb
f33056
f35be8
f3915d
f38b13
f3a7de
f418f3
f45519
f43a37
f44d80
f4a421
f4f854
f548e2
f57de6
f57526
f58bec
f5f823
f65dc4
f6a892
f71c57
f78842
f7b373
f7ea37
f83e40
f8849b
f8f54b
f9a206
fa1bdc
fa564f
fab8a9
fb3a9c
fb9f4e
fc0dd0
fca4a9
fd38c9
fdabd3
fe0616
fe6614
fef68c
ffa74a
003404
0098f0
010edc
018ee2
01f318
026421
030ed4
03c0f2
043008
046470
04a494
051fe2
05c083
0639ef
067d76
06dddf
076326
07b3a8
07d4b0
081b32
0878b4
08ba0d
08ef25
09230f
0957df
09a6dc
09f162
0a03c5
09fd7b
09fa8d
09f86b
0a206b
0a68a2
0a76ae
0a5b9b
0a56b0
0a3fb8
0a1bd4
0a3354
0a42f4
0a0904
09e0bd
09e2f5
09c507
09a522
0999f3
096578
0925eb
091899
08ff83
08c29e
08a0aa
089a6a
088571
0848c7
07d88a
0785b8
07a790
07e38d
07bbeb
0759d4
070103
06bd72
06a62a
06af95
06a6fb
069330
066fc5
061c95
05cdd3
05c021
05caf7
05ba79
058ce2
054b99
051df9
050db9
04f6be
04ded0
04d332
04a1ec
04527e
0428cd
0412cf
03ee71
03e3ed
03dd10
039c9b
0340b6
0307fb
02f160
02ec94
02cff6
027b5d
0226e5
02029f
01e410
01bf33
019e62
01547e
00e1b5
008ead
0069cf
0059d5
0053d5
002423
ffad15
ff3739
feebcd
fea56c
fe7565
fe721d
fe4e04
fde4f4
fd8311
fd3dc4
fcf0d7
fcb4b2
fc9416
fc5d66
fc06f3
fba42f
fb4439
fb1625
fb20c8
fb09a0
faabab
fa4d71
f9fa3b
f99f85
f97747
f97c4d
f95b66
f91dfc
f8f07a
f8acc2
f85b80
f83fa8
f82e98
f806b3
f80126
f7ef4d
f78de8
f74db2
f77079
f76be4
f71f0e
f6fefa
f71836
f73093
f73031
f6edaa
f68ae9
f68c67
f6d9df
f6e218
f6c2c7
f6d732
f6e63e
f6c682
f6b0cc
f6b0f9
f6c29f
f6fb0f
f71bfa
f706a1
f7132c
f734bf
f71664
f7126f
f771fc
f7ad19
f79622
f7a3d6
f7cbf5
f7dccd
f80621
f82fbb
f83842
f87359
f8c2ee
f8ba3e
f8c22e
f92238
f944da
f934e2
f98293
f9e4e4
fa19d6
fa6227
fa6af2
fa3217
fa8452
fb200d
fb420f
fb747b
fbeb99
fbe382
fbcbb4
fc5b73
fcc3e9
fcc181
fd139e
fd6641
fd7259
fdeae8
fe6947
fe39a8
fe46e5
fef105
ff4ab9
ff732b
ffe97c
0020c5
0020f6
006f1a
00a51b
00cbe1
017f7a
0217e1
01f68e
01fc28
027bfa
02c112
02ee04
03654a
03bb11
03dda4
042249
0452a1
047b28
0509d6
059e89
05b23f
05c267
0626f6
064f1d
064048
06aef2
0766e7
07c048
07dd81
07fd24
080a61
084772
08c4f3
0904ba
092da5
09ab77
09ed48
09cbb3
0a0d37
0a7a83
0a7d7e
0abcba
0b596d
0b777d
0b6022
0baccd
0bd5c4
0bdcc6
0c40c4
0c6df5
0c4c50
0cb139
0d2d0b
0d0677
0cfd7f
0d478f
0d2d11
0d161d
0d8741
0dd2b5
0dc373
0dc31c
0da746
0d8586
0dcaa4
0dfbf9
0dcfe7
0dd8ee
0df712
0db276
0d7e3e
0d9b51
0d9aa3
0d9235
0da8da
0d7285
0d1053
0cf7f5
0ce78d
0cb78e
0cb626
0cac37
0c5967
0c162b
0be8db
0b970a
0b5b35
0b4234
0afa22
0aa69d
0a8695
0a568b
09f5e8
098a42
09205d
08d62d
08bbed
087d92
080446
07a13a
07584c
06ede1
067f3c
063a8a
060113
05a3a4
05270b
04af4f
044ee8
03f551
0397af
033fa3
02ef87
029d4d
02309d
01a469
0126c5
00d1ab
0088f8
004312
fffff3
ff935c
ff0085
fe80d3
fe226b
fde1aa
fdb4a1
fd681b
fceeb1
fc78cf
fc0abd
fbabab
fb75f5
fb3346
fac74c
fa6c90
fa122a
f99131
f94322
f9338b
f8f3a0
f87f27
f80491
f7893d
f73ae1
f71cfa
f6d353
f6713f
f636e0
f5e929
f578d8
f51f63
f4cdef
f47718
f43ad1
f3fb21
f3afe5
f3736b
f31711
f2a4fc
f278fb
f261ae
f200df
f195e1
f16334
f14116
f116e3
f0db01
f08a9f
f04a1d
f01549
efd6ad
efbf31
efd311
efca14
ef9951
ef474b
eedde8
eebf5c
ef15b9
ef5ece
ef4ba9
ef157f
eee75d
eed710
eeee4e
ef134f
ef4c24
ef9a92
efb60e
ef91ed
ef888e
efbfcb
f01dee
f08033
f0b29a
f0c89c
f11603
f17b06
f1aeec
f1e75e
f24d30
f2a440
f2f077
f359c0
f3c571
f42164
f486c7
f4efbf
f55b13
f5c1d9
f61157
f6792f
f719da
f7a40b
f7f4b8
f84215
f89853
f907d2
f9c044
fa7ac5
fad331
fb0172
fb4d4a
fb98c0
fbffcb
fcaa3f
fd6514
fdfc85
fe59d9
fe623d
fe6632
fecb5c
ff6fca
001926
00b091
00fe86
0110fd
0141cf
019681
01faa8
02956e
03230b
034464
034889
038d11
03f80e
047eea
050b08
054a90
055658
058aea
05ccc6
05fccc
06658a
07028c
077c6a
07b6b2
07bd86
07bb16
080622
089d91
090efd
093e5d
0976e1
09b749
09e756
0a3e5a
0abe0a
0afe5c
0aff48
0b3076
0b9189
0be1cc
0c2f51
0c74e4
0c80c9
0c9764
0cf761
0d418b
0d5124
0d87eb
0dcfad
0dd0ea
0dc03f
0dd63c
0df052
0e29b1
0e7d7c
0e729e
0e0b9a
0de212
0e0456
0e1428
0e185a
0e1611
0dd362
0d6e8f
0d2c75
0cfce0
0cd3a5
0cc05e
0c97a1
0c3b49
0bd023
0b5770
0acac6
0a6a0e
0a447a
0a05f9
0985cb
08e58d
085187
07e647
07843e
06f668
065eb5
05ee76
057cec
04ef3e
045a0e
03b24f
030f51
02a56d
024793
01bac0
013346
00b71c
0010f4
ff6778
fef1bc
fe88ae
fe1d94
fdc7c2
fd5a2c
fccbd0
fc52ee
fbdcf0
fb50c2
faf9f2
faea80
fab159
fa2bdb
f9aab9
f94681
f8f4b2
f8da61
f8db6e
f89226
f809da
f7b30b
f79472
f76b53
f73bf1
f71cb1
f6f20f
f6c734
f6b7ae
f68b05
f622a1
f5dece
f5ef60
f5f59d
f5cbb0
f5b352
f5b070
f58f36
f555a5
f5136c
f4d590
f4d5a1
f50e60
f52095
f4e991
f4980b
f44e9e
f43344
f44bf3
f466cd
f471fa
f46413
f41293
f3b292
f3a47c
f3b2db
f3aced
f3cbe0
f3eace
f3c899
f39b2d
f36bbf
f32a40
f32fb9
f36c2e
f37314
f387a0
f3bbe8
f3805d
f3255e
f34d93
f37bd8
f37ad6
f3d075
f40ac2
f3b35f
f3b939
f447b6
f44967
f3f37c
f436be
f4a130
f4cd10
f53eb3
f5a043
f563d0
f54c83
f5b692
f5de6e
f6114c
f6e72e
f76e75
f73783
f746fb
f7a536
f7d5ed
f85f44
f917c9
f93db3
f96d5e
f9ec0f
f9e1e4
f9e52a
fad5b3
fba893
fbe114
fc3d41
fc4f9c
fc061c
fca4a9
fdc97c
fe2d56
fe5766
feb675
fec8cf
ff0566
ffb218
000052
003a83
00f899
0176da
01718c
01a98c
0208b5
026280
0301c9
0368f1
033b10
035780
0407dc
048850
04cce4
0539a9
057784
0552f4
056bbe
05ea04
063915
0661cc
06d04f
072d92
0741da
077cbf
07a81d
077b13
07aeb3
083afc
083982
082f92
08cbfa
090c91
08b703
08ca39
09030f
08ea22
091695
095801
09415d
09728c
09baea
095645
091461
097608
097b4e
093209
0967fb
098f11
093f98
09195a
090fce
08db78
08e934
090d92
08bff9
087077
08652f
082462
07ddc2
07fdcd
07f31a
0776b1
0734d9
072ddb
06db41
067de0
06551e
061944
05f09c
05de06
055e4e
04ca88
04b68e
04835a
03fcd7
03de45
03d17f
034d3e
02eb53
02a9a6
020ac5
01af8f
01bc3d
015d2c
00e5f2
00cc37
0050c9
ff93f1
ff698b
ff54c0
fef10b
feafc8
fe537f
fdaf0f
fd5f76
fd2f60
fcb117
fc7a34
fc7ec2
fbf4d1
fb47aa
fb1490
fae539
fa8942
fa5688
fa08cd
f98043
f940da
f9272a
f8a92b
f82614
f80cec
f7f1bc
f7a071
f76a9c
f72816
f6a172
f63bfe
f61096
f5c963
f58c3c
f57b85
f543d1
f4e6c5
f495e2
f429e5
f3d232
f3cd57
f3aa38
f34a74
f31cae
f2e30b
f25911
f1fe52
f1ecd4
f1c134
f198a4
f17572
f11708
f0b335
f076d5
f02732
efd54a
efaaa9
ef8199
ef6246
ef4f4f
eef2e8
ee616b
ee1c03
ee1d3a
edf993
edb4f0
ed9114
ed816b
ed434e
ecd4cc
ec7501
ec5040
ec6231
ec7b39
ec5fb8
ec25bc
ebfadb
ebb6b3
eb51b7
eb32d7
eb72bb
ebad8c
eb9ffc
eb5d10
eb24d6
eb14b1
eb144b
eb25c3
eb54c9
eb6797
eb51d2
eb4b49
eb4be3
eb5af2
eb9002
eb97e0
eb8638
ebdbaa
ec2810
ebfef2
ec17be
ec6f87
ec64ab
ec8b07
ed17a6
ed1b30
ecf3b1
ed581d
ed86af
ed83d9
ee1aa7
ee92e3
ee7fde
eec9b4
ef23ba
eefd4a
ef240e
ef9c7f
efd5a7
f05b63
f0ff04
f0e548
f0dd32
f172f2
f1ad67
f1c278
f277fe
f30063
f30149
f33c36
f39213
f3c4df
f44fff
f4f65a
f54793
f599be
f5f15f
f62714
f69629
f71925
f754dd
f7c0cc
f87d5d
f8e383
f90b97
f986ac
fa22c3
fa90d5
fb002d
fb7670
fbc561
fc21c4
fccab3
fd68d8
fdb11c
fe067c
feac92
ff3410
ff81ed
ffffe3
008779
00db57
014eb4
01d95c
0224d4
0274f6
030873
038d89
03ee55
0445c8
0487a7
04d56f
053b86
057843
05c44e
0666d8
06dafb
06d3f6
06d4c5
07097a
0734e2
078724
08093c
08387a
081962
08286a
085409
085369
08692d
08ad11
08b6da
087728
0846c7
084c15
0886e4
08bf10
0897b9
0840ec
08191d
07e210
079b17
07bfe6
07fd2c
07bd2e
0749d4
06dde1
0671e5
067234
06cfe0
06c93a
065c89
05f06f
056b90
04f7c1
04e074
04df98
04d85c
04cc7c
04697a
03ea5a
03c543
0383cc
02f582
02c6c4
02d910
029ce4
025ea9
0244f9
01e6a6
016805
011a92
00dedb
00be19
00c417
008d87
0014cc
ffb948
ff853e
ff4aaf
fefc74
fe9247
fe39fd
fe1699
fdeba5
fd91f9
fd3f9b
fcfc19
fc946b
fc1667
fbabba
fb6109
fb097a
fa9268
fa3dff
fa1479
f99b77
f8dde8
f86ead
f83b76
f7d49b
f74737
f6a3d1
f6033b
f5b547
f57093
f4c7da
f43c4b
f402e1
f37a9f
f2b4e9
f2267c
f1a31b
f135ae
f101bf
f087fd
efe136
ef8469
eef299
ee1d23
eddd4a
edda83
ed5f8a
ece517
ec864f
ebfbc3
ebc21f
eba77c
eaf828
ea792e
eaa2f6
ea7737
ea02af
ea0ff0
ea0bf1
e993aa
e94d81
e9324d
e9003a
e91a36
e95a9e
e945e9
e930b9
e9554e
e93df2
e8f297
e907b8
e96fba
e9aa25
e9caff
ea1111
ea3350
ea1c36
ea3585
ea84d1
ead06d
eb37cf
eb872b
eb91f1
ebe52c
ec7011
ec7d1a
ec7fda
ed0d1b
ed8d2d
eddb45
ee4c31
ee751c
ee7a1d
ef0cce
efa284
efbefa
f00ede
f09f2c
f0fd23
f15d79
f1adcb
f1c42a
f2272a
f2c33d
f316d6
f389be
f4279d
f441d0
f44708
f4de2d
f56a2c
f5aabf
f62f82
f6bf58
f6f5e8
f7395a
f7a95d
f7f6ae
f85781
f90099
f983f9
f9b2c9
fa075b
fa9559
faf6de
fb43b4
fbca54
fc4968
fc9781
fd01e5
fd85ad
fded49
fe6aba
fee826
ff1418
ff4881
ffebf2
009ee9
01209e
018d76
01c70b
01e699
025979
02ed18
034d75
03c050
04596d
04b726
04e32d
052274
056f2d
05dd95
067a1c
06ebd0
070f1c
07237c
07415f
078ed6
083d05
08de0e
08f213
08c8e3
08d434
090f32
09650b
09c3eb
0a04b8
0a298d
0a2f93
0a13fb
0a2736
0a7a95
0a9549
0a6f41
0a89ba
0ace64
0ac2e6
0a905d
0a8a98
0a8097
0a59b3
0a5594
0a70e5
0a7047
0a59b9
0a289b
09af8c
094460
0965c5
09a88f
096c7b
09077b
08da63
088d48
080b7e
07c8f3
07c5a2
07a313
075a70
070432
0699ff
064146
060e97
05ba03
053361
04d831
04b387
046de7
040ab1
03adb5
032d58
029f12
026a46
025f46
01f771
01497b
00cc38
009795
0055cd
ffd87e
ff5bf2
ff1761
fecc46
fe52a6
fdee4d
fdc53a
fd9205
fd02eb
fc2b54
fba6ed
fbba82
fbc89d
fb710e
fb0ceb
fa9ba3
f9f5da
f98b31
f979e9
f963ac
f937d4
f8e224
f84c0c
f7ea4c
f7e250
f7bb9d
f7713b
f73bc4
f6f5d1
f6b505
f692ba
f654ec
f617fd
f60b5f
f5de08
f58a39
f563a4
f54e14
f527aa
f51f46
f5259b
f5089b
f4d0dc
f498c9
f47912
f477f9
f4761f
f46d9c
f4728f
f486a6
f48af1
f450b0
f3fffc
f4197a
f48400
f4a91a
f48d37
f4785f
f45c77
f4539e
f47b56
f49793
f4afe4
f4f6bc
f528e4
f51eb2
f518d7
f51efa
f51c9d
f54b9a
f5adc5
f5da59
f5ad87
f5a69e
f6208c
f69d6e
f6a519
f67ae4
f6624d
f68372
f70d17
f77b43
f751eb
f74e40
f7ca21
f7f6b2
f7d582
f80f18
f86c06
f89d7a
f8cd3f
f8faec
f92b00
f95f9f
f96155
f97062
f9d96e
fa38cc
fa673b
fa9d9e
fac037
fae544
fb32b1
fb5a52
fb7201
fbc84a
fc173c
fc50e5
fc93dd
fcabe0
fcdd42
fd6b21
fda9b3
fd9b8a
fdf85c
fe56b4
fe4e3d
fe8e51
ff2a82
ff87d5
ff9216
ff88ab
ffd5f6
008b34
00f7a1
01124d
014623
011fb2
00ebbe
01b0b7
029182
029e91
02dcd0
035371
0314ac
03092a
03a6ce
038fef
0337fd
045521
059652
04c738
0391fc
04ac2c
065043
059725
046608
053d13
060045
055c96
05797e
0626bb
05cf0b
05d593
0694a2
06311e
0598eb
06154a
061191
058066
05e074
0630cf
05b446
05b120
06060b
05df39
05bbc8
05907a
0509fa
04e037
050226
04c875
04b667
0506d6
04eccb
045a4a
03fb1a
04023c
0410fb
03a84a
031660
032437
035e38
02e8c8
02714d
02ab37
02c5ce
0237b5
01a378
01705d
016dea
0152ad
00f764
0092e7
0086ea
00a9b5
006429
ffa163
ff1a7a
ff3b3b
ff59f2
feed6e
fe7ae9
fe5c7d
fe1951
fd8e2a
fd2aa2
fd021e
fcd145
fc9942
fc7533
fc3404
fb9b12
fafaa4
fabdac
fa8a6e
fa06f1
f9c530
f9cf81
f94eb3
f88f0a
f8812d
f87b11
f7a8be
f6dd04
f6a953
f676e7
f62443
f5e3e6
f56def
f4db9a
f49097
f456ba
f3fce6
f39d3b
f300e6
f22ba5
f1c2c2
f1f367
f20cb0
f1995a
f0eed4
f085de
f058e0
f01367
ef93bf
eef6d3
ee9cca
eed5d3
ef195f
eeac6e
edfc01
edb117
ed8b42
ed7d79
eda985
ed6d10
ecbcc2
ec987e
ecd748
ec9d60
ec588b
ec8d3c
ecca06
ecde2d
ecbf1b
ec2d62
ebb73a
ec078c
ec895a
eca881
ec8e64
ec5a5f
ec57c0
ecc6f8
ecfd19
ecb0df
ecb17e
ecf725
ecddfe
ece4c8
ed460e
ed39b0
ed1a8a
edb941
ee3cc9
edf30e
edb3ad
edc1bb
edb89e
ee1414
eede8b
eeff84
ee6ea5
ee4846
eed44d
ef710c
ef9638
ef4e89
ef3fd4
efa0ca
efb883
ef8ded
effe99
f0b849
f0d854
f0cc78
f0fa2a
f0d57c
f09cdb
f102fd
f19ece
f212ad
f2aa08
f2e16d
f26e35
f27ac8
f33618
f375a7
f37fbd
f41fa1
f4a638
f4c73d
f51fd0
f566f2
f5a3b3
f6915a
f76306
f741e8
f74081
f7b64c
f7e839
f88bc3
fa00b4
fad468
faa692
fa8a1a
fae204
fbb5d7
fcf03e
fdb819
fdd304
fdf428
fe45b7
feb27e
ff8dfc
00c09b
01b1d0
01f4a6
01df73
02477e
0308d7
035a6c
03b4b6
04c1a7
05a986
05e7ce
0616aa
0673a2
070d83
07dc6c
082a51
0805da
087445
095380
09c957
09ddfe
0a0aa2
0ab0f1
0b77fc
0b5de7
0ae717
0b724b
0c469e
0c5506
0c6924
0cc1dc
0cb48a
0ca92b
0d02ed
0d7266
0debd9
0dda22
0d0078
0ce15e
0dc4ed
0dfd24
0db10e
0dfa1b
0e1471
0dac08
0db735
0de223
0d9b44
0d8554
0d8c56
0d2213
0d151e
0dc8f6
0dfd70
0d405a
0cbeed
0ce013
0cc5d7
0c43fd
0c195f
0c63fd
0c7cb8
0c1bbd
0b9f23
0b8112
0ba917
0b73f6
0ae59e
0aa72e
0a7f27
09e901
0984d4
09cb0b
0a077b
09caa4
093578
0864ac
07f904
083eb5
082db7
0753c6
06c7d5
06e716
06de2a
0663a7
05d73f
0575fd
054e90
0520ae
0496a4
03e928
0386e6
0358f5
02febf
029712
0280d8
025e46
01846f
007c8c
0052be
00a1ae
004a39
ff8467
ff0f1c
fe9f2b
fde65e
fd744d
fd92e5
fd9ff4
fcfd92
fbf1fa
fb5322
fb5a0d
fb4999
fab126
fa09c3
f99a79
f93103
f8e858
f8d1e5
f893e8
f81007
f755a6
f68a13
f64c2b
f6abb6
f691e8
f5ac91
f4ffbc
f4f4ab
f4f773
f49c86
f3fe85
f3ac01
f3c5b1
f38745
f2eb97
f2c0f1
f2baa2
f25617
f24651
f29cb4
f26855
f1ca66
f15da5
f127c6
f165ae
f1fe97
f208d3
f176b9
f12b05
f14ea7
f18504
f1a311
f1a3cc
f1afc5
f1d346
f1f275
f23615
f27bc5
f24e7d
f234b7
f2e360
f37e86
f342a3
f33501
f41057
f4d960
f4c8b8
f470e3
f49ea8
f548ff
f6040e
f6a7e8
f736fc
f79d23
f7aaf6
f770b4
f79dba
f8af0c
f9d244
fa3427
fa7ddb
fb1fcf
fb5967
fb4100
fbce6b
fce508
fdb76b
fdffc6
fdfe67
fe5f77
ff79e6
008530
00d3b4
00d2b2
00f9da
015380
01f6be
02eaee
03fa66
04b48e
049fac
042f1e
048945
05cb1f
06d10a
06f33d
06e82e
077907
07f12d
07aa4f
08120e
09d84c
0abf94
09ec1a
0987f2
0a1fad
0a5f79
0a9f8e
0b7a47
0c2169
0c4ac9
0c3704
0bf0a7
0c2dea
0d1000
0d52a8
0ce0bb
0cc735
0cf892
0d3d94
0da947
0db5bf
0dba6a
0e7076
0e8076
0d23af
0c8d5f
0d8bfe
0e0584
0d82f4
0d8d6f
0e1755
0df908
0d419c
0ce456
0d1cec
0d2dd1
0ca790
0c1f22
0c0dc6
0c4b8a
0c9dec
0c8f1a
0be7b6
0b55c2
0b177e
0a99a5
0a3abd
0a893a
0a8d7a
09a989
08ef67
09162e
0987d8
097e38
08b481
07a347
06f17b
069bba
066d70
066a2a
065eef
062cc8
05de64
0546b1
048eab
03f697
0329c6
02829f
02d613
031473
02037e
00ff8e
013616
01775a
00d5c6
ffa633
fe6fae
fe0788
fe7e9c
fe79e1
fd9664
fcd908
fc799d
fc26c8
fbd939
fb4929
fa8e24
fa24c0
f99e9a
f8e19f
f8d866
f8e8e0
f7e637
f716cf
f78503
f774b2
f61b0d
f52df1
f54815
f542e3
f4bbe7
f43ce6
f3ff71
f3c0b1
f334e7
f2baed
f2e26d
f2f6ea
f1f174
f0b1dc
f0b5b5
f16a6b
f1795e
f11d1c
f0df86
f05626
efb2a8
efae65
efaa19
ef2a7a
ef5ba7
f0215f
efbd05
eecd1a
ef1979
ef9710
ef0445
eebde4
ef36e2
eef21c
ee4038
eed921
f06067
f0cbd2
ef7449
ee202b
ee9df5
effeb6
f05a95
f02b19
f08f2d
f0d1d7
f07b2c
f04c36
f09b85
f177dc
f2834d
f24d62
f11888
f16749
f30ba6
f3651d
f2f4b2
f3c797
f4a9dc
f43244
f3f74a
f4ee23
f59f01
f57135
f576de
f65740
f78695
f80d41
f7b510
f7918b
f87070
f99b77
f9ec08
f97ff0
f9bdc0
fb4094
fc29ef
fb506d
fb5290
fdbb9b
ff2b0f
fe0311
fdbf6f
ff544c
ffa925
ff001f
0020d5
0220e9
02b0ad
026149
02ac02
03b114
04b871
0507c4
04fbf5
0569cc
06055e
0668d4
071652
081f57
094d55
0a739e
0a5f44
0917aa
0951ec
0b6b87
0c2248
0b3130
0bb030
0d7b43
0decea
0d79f8
0e2e35
0f3e79
0ecc32
0dd64f
0e780e
0feca4
1025e0
0f9650
0fcab7
107f4c
10d653
10cffa
10a696
109bf0
10b68c
107650
100049
102af6
10cd00
11061a
10a1a2
1012f4
0ffddf
10442b
0fb855
0e9c95
0ecd72
0fad48
0ef947
0d93da
0da564
0e5022
0dff39
0d1f88
0c6fd6
0c1b56
0bf469
0b6a3b
0abe80
0abe79
0ac882
0a2319
09975a
093ef3
08808f
080d92
081198
07693f
06901e
06a1c1
06aa25
05f7f6
057b5c
053560
048738
03e7d7
03a81c
037e22
0360db
030b36
026454
02007d
01babd
012824
01088d
015f3e
00c950
ff8b17
ff2a4d
ff7248
ff7098
ff34c0
fecd2e
fe51eb
fe3605
fe0769
fd2e11
fc8982
fcb830
fce49d
fcaa30
fc62e6
fbf4ff
fb68ef
fb2492
fafb2f
fab9f6
fa957c
fa3d14
f98890
f94cf6
f9a3f3
f9815b
f8caa6
f85147
f8215f
f7e489
f78ea9
f73019
f70bdd
f7186d
f69b12
f5c1b8
f59c6f
f5cfbd
f57641
f5236e
f50d8f
f47472
f3d7c9
f3cdde
f37fc4
f31f9e
f3bb49
f416ea
f2c24d
f1574a
f1af0b
f2d3ab
f2be05
f14abd
f077e4
f16f13
f28d39
f21586
f0a1d6
efaa04
f01d40
f18755
f1e668
f0be5d
f00b6b
f056e6
f0a837
f13dff
f1b6b5
f0f7fe
f034ca
f0acd0
f13a9b
f15c70
f1b0cf
f21634
f27819
f27eda
f1c980
f1ea71
f36a65
f3d810
f32322
f389c5
f44da9
f480ac
f55507
f5de6c
f536f1
f5b297
f761ab
f7990a
f6fba7
f76106
f810df
f8a1ce
f98ed1
faa9de
fba1ef
fb6d25
f9f4f1
fa7da6
fdaf01
fecccc
fce5cb
fc76ad
fe700b
003a78
00f7b6
00d1be
0088d2
012449
01b20b
01de6d
0332a5
0483ed
041bef
041091
05447d
05f874
069f58
076618
070443
070b97
081dce
07c261
07973d
0a3c03
0c1513
0af7d8
0a2c48
0a5c7b
0a4faf
0b43a4
0cdbae
0d51fd
0d151a
0caa32
0c875f
0da00d
0e8533
0e48a0
0edb77
0f8925
0e6cb0
0da10c
0e58d4
0f2a5c
108521
11a145
103640
0e9e57
0f7097
105780
104239
106b76
103a5c
101d2c
110ad4
1108f8
0fdf02
100bd7
10e1c2
10b51f
1080eb
1079ff
103122
10610c
10641b
0f9360
0f9c9f
108c5e
1094b4
102536
1016d9
0f9f05
0ee850
0ec207
0eefa0
0f4bbb
0fb2e1
0f8b57
0ef6b7
0e5165
0dc3a3
0e0bd8
0ecb34
0e6904
0d7d5b
0d764d
0d6f17
0ceb19
0d16bb
0da525
0d96c9
0d154c
0c1a51
0b205d
0b5d14
0c1174
0c2a86
0c5ec1
0c3226
0ac0af
09e7e1
0a7cd7
0aaa0e
0a68dc
0a81f8
0a0223
09381d
093bf3
0933b9
08e372
0919b4
08f0bd
07e23f
073403
074837
0783a7
077d3c
06ea58
065fdf
064a99
05dc94
054ab8
053e37
04b3b6
03da1d
042eab
0489db
03877e
029815
029865
02832b
01d243
00c129
004a22
00fb37
0125a6
ffcbc4
fe9353
fe401b
fe404d
fe6e30
fdf947
fca734
fbf8d9
fbefaf
fb8c2c
fb406f
faceec
f9dcab
f9d790
fa2cfa
f8de0c
f76517
f751b9
f75f46
f78c7a
f7d613
f66f95
f4af94
f5110c
f59460
f4c32c
f4a7ba
f4e6e0
f3a021
f23e84
f2864f
f37a4b
f37980
f28c1c
f24abb
f2a598
f171c4
efed05
f13274
f2e78f
f20d69
f13b71
f174c2
f09a9a
f061c1
f1e358
f19838
f00b6a
f149eb
f35845
f27121
f08ef1
f09b95
f1da46
f2b203
f3012f
f37621
f37013
f2233a
f1e4bf
f42f04
f5794b
f46504
f47d7c
f5df8e
f5b94e
f50ddb
f5aa44
f6be7e
f7b703
f82e4b
f7cc84
f7f582
f90f24
f9b685
fa1957
fac294
faf139
fad9d0
fb2680
fbe736
fd69ed
fe8d6b
fde3f5
fd8f94
ff2e7b
006adc
00684d
005765
ffdc77
fff684
022c68
0403fd
0414fd
0497d8
04ac32
02a8ae
024fcc
05bb9b
088121
07d833
064886
06327b
070b29
07ba17
08b3c0
0a3d25
0a707f
0906ee
08e684
0a36b3
0a792b
0a8158
0bab71
0c2ba4
0ba913
0bb8e6
0be29e
0bb284
0c243c
0ce320
0d1654
0cdcca
0c74dd
0c7dfc
0cd83a
0c6b6e
0c7fb1
0e24f3
0e2a02
0bc36c
0b2d38
0c93d0
0c7f01
0be72f
0cc647
0d2634
0bcc62
0a9046
0acf6b
0b8856
0b10d2
0a2217
0a78d5
0ad91b
0a0056
099e89
0997ea
08809f
0830e0
093a1d
08dc34
0796d8
078d3c
077189
069116
065e05
06c24e
072be9
071254
054ded
039448
047307
059eee
04c330
042a0d
04af33
0433b5
02f8fc
02a31b
02bdec
027d76
024286
026132
026651
01b3ab
00b077
0069c3
00b648
009eca
00248e
ffcbac
ff99fe
ff430e
fe7f44
fdad3a
fdae64
fe4172
fe1b30
fd1d44
fc45bf
fbd4d1
fb54f6
facd4f
faae1e
fae3a2
fab98a
f9bf3c
f873d6
f7a83b
f7861f
f79784
f76403
f6ac7e
f58c24
f492c8
f45c4f
f4ae82
f46664
f316be
f1e261
f16acc
f0eaf1
f087e1
f0c3de
f04f63
eee30f
ee7d64
ee9e17
ed4ee5
ec30ac
ecac63
ecb5e8
ebcd1e
eb4d64
eaeb54
eab00b
eac821
e9c459
e89667
e97fb1
ea6495
e9415e
e863dc
e89c91
e88f04
e8b9e0
e8f485
e825fa
e7ff96
e98a9f
ea308d
e8d629
e817ff
e9647c
ea82b6
e9cbcc
e9a245
eb7af4
ec4279
eb374d
eba919
ed2942
ed4277
ed7679
ee6122
ee6aa9
ef14ea
f107a4
f19bef
f17a6d
f2a4e5
f31b0b
f293e7
f3d361
f5fb67
f6d630
f739f6
f7a9c8
f7ee1f
f90a87
fa9e37
fb30ce
fb95a5
fca42b
fd13f1
fcfcc9
fe7f68
013803
020000
00d18d
014792
032614
02dd79
026e8f
05a762
084f3a
067644
057e2a
085235
09b059
089f12
092375
0a6cb8
0a8f03
0b84e9
0d56ec
0dd179
0d6323
0d474f
0dbbbc
0ef767
102c5e
10cda8
114a08
10b016
0f7be6
10f53b
13e848
1422c9
1363f9
144bb2
13fb94
1240cc
133cad
1620f7
16db30
15e896
15da7e
1639b9
15ab45
15a008
179a32
18ee7a
1796c0
16d998
17ca1c
17107c
162ece
186bf0
1a1e74
18d788
186ae1
18f363
17a0c0
16b77b
1815cf
1913f5
18a601
1824eb
180814
1832be
17f35b
173ef0
17a525
185513
16f501
15723d
1640f3
170492
161256
15987d
1643a3
162a26
14cb42
13b593
13bd01
138baa
127d57
126442
13519b
12f821
11d758
117c88
10694a
0e7494
0e4818
0f928e
0fcc67
0ea5b3
0cfed4
0bcbea
0bd3b2
0c1570
0ba036
0b20be
0a449a
08a63f
0789e1
071603
06e1e5
07c5c5
0858a2
066c1c
040bcd
033ae0
029ad1
02140e
027ace
029761
01e628
00e1a4
ff4c75
fe1116
fdf27f
fdd20b
fdad74
fd8564
fbb283
f99f00
f9eb30
fa829e
f98f34
f8e59a
f88475
f76315
f6a4d5
f61a84
f508df
f4b956
f4cb16
f3e374
f347ff
f3424f
f268bf
f18a60
f15cf2
f0dda8
f055d6
efecc4
eeed23
ee839c
eef7d1
ee580e
ed7142
edea39
ee0f01
ed31b6
ecb47e
ebf41e
eae3fd
eb56bd
ec80fa
ecb3b8
eca622
ec1f86
ea9648
ea5bee
ec0b0f
ec7e2e
eb1dc3
ead6b7
ec7367
ed8c5f
ec7dd2
eb18bc
ec4d70
ef0031
ef1c1b
ec8c0c
eba6c2
ee4819
f11515
f0bde5
ef4840
f04916
f1ff31
f17d00
f14054
f3059a
f3b016
f33f8c
f4b323
f654d6
f5e697
f5edd1
f79297
f8a40e
f8d661
f959e9
f9f6b2
fa0d71
fa46f7
fc0f78
fe85f6
fe97bd
fd2b36
fe201d
001bc4
fff535
ffe322
01ab0e
02caa8
02b2ae
02ed83
033dba
03950a
048f88
05ea33
0749bb
07ac15
0664e1
05d528
073aa1
07eeee
07c801
0970b7
0bd04f
0c05de
0a2f40
07faf1
07cdaf
0b3110
0ed69e
0e74a0
0bb1fa
0a86df
0b3206
0c3a3a
0d82b0
0f11a4
0fd3cb
0e93a1
0c4048
0bbfb7
0db311
0f4bc0
0f807c
104678
110adf
0f154b
0c3171
0ce03f
10427f
11be51
10b340
0f9185
0ef5e6
0ec604
0f7409
0ff402
0f85f9
0ff9a7
113c60
10260a
0d9fed
0e3669
10c582
106aec
0e4a94
0e9008
1007db
0f6e27
0dbaf9
0d8d6a
0e8af3
0e958a
0dca4e
0ded5b
0e0c26
0c6014
0b36ae
0c6d76
0d1d92
0c2350
0be4e7
0be05e
0a8c13
0975a6
092c43
08d35c
0973fb
0a9c0c
09be7e
0775fc
06171f
05d492
063da9
06cf6e
06c06d
064b32
051294
029cbf
01978d
0370cd
045026
02b043
01ee4d
0221fd
00906f
fe9a1d
fed8bd
fffd2a
000506
ff3e97
fe3a10
fcaf08
fb4854
fbb133
fd54a8
fd2a0e
fb1834
fa46ec
fa7a93
f916ce
f7dd34
f930d8
fa32bb
f8977d
f6f49f
f6cce7
f6b191
f66cec
f65f6a
f5dd03
f51057
f4aa30
f46a3a
f41464
f3914c
f2cb4e
f2a1c5
f34aa2
f33790
f21855
f11a80
f04933
eff857
f0f770
f16bb1
efc2ce
eeadaf
efbd8e
f038a9
ef181e
ee2fb6
edcd7f
edc4af
ee8344
eea70d
ed82d3
ed5b64
ee34e1
edad41
ed05e0
ee0795
ee3b34
ece4d4
ed1553
ee5619
ededb1
ed58eb
ee6414
ef314f
ef0505
ef3ba0
ef5ee3
eedb2d
ef182e
f05e79
f151f1
f1e3ec
f26d58
f1f9af
f0fc5c
f22d52
f5429a
f61d8c
f46253
f46747
f671fe
f6c7b5
f60dea
f774b0
f9d9f8
faa0f1
fa1971
f9be89
fa9e15
fc5fe3
fcecc9
fc5926
fd5baf
ff6914
ff9adb
fed5b6
ffc16c
01b5a6
027803
01afae
012661
0261ec
042b42
04a250
0489b0
04bb81
046194
045102
063072
084e74
081a8c
066d44
05bbc3
0686e6
075d84
07c359
08ee5f
0a5108
0996cd
077cf0
06fcf6
0863ae
0a109a
0ab6ea
09ccdf
08e89f
095c24
093f18
086302
09ad6d
0bdcee
0b55bc
099e0f
094fc3
096b6f
098977
0a559a
0b083a
0b4dff
0b28cc
09fdd9
09303d
0a6764
0be6f6
0be494
0b281e
0a7eaf
0a4350
0ac23f
0b4d28
0b8b7c
0bf944
0c58f2
0c4366
0ba933
0ac2eb
0ae815
0c3843
0c796f
0bee17
0c9442
0cdc8d
0be03b
0c275d
0cd7e9
0bb183
0b6df2
0cfb29
0ced01
0bf412
0c4bfe
0be6fe
0b0d32
0c676e
0d6380
0bcd9b
0aed2e
0b566b
0a9d7d
0a3d31
0b63ba
0b7e57
0a50cf
0a052b
0a22c9
096844
087695
083886
08bb40
090f39
08377f
06e892
065a6b
065729
0647ab
06065d
058545
050a81
0463bc
03216b
026a42
0325f9
03907c
0255ea
00d97d
004a4c
00352e
0003b3
ff8d1c
fef19b
fe461a
fd7bf2
fd121a
fd4537
fcfecb
fbc56e
faa43b
fa24af
fa1cea
fa683e
fa533d
f955c2
f7fb05
f706a8
f733d6
f842fa
f7f7a0
f5d529
f4c90c
f58c00
f5856e
f4a18b
f4c8b7
f551c6
f49e38
f30764
f1ee72
f214c7
f2de31
f35d3f
f3979e
f2f532
f0f04e
efd69b
f11b6b
f228b3
f1fb9a
f22a6b
f184fb
ef6cf9
ef8282
f1fb1d
f2188d
efed43
f03c68
f2bdf1
f2968b
ef6776
eea6b0
f254a6
f47546
f1887b
ef92e7
f25b93
f43583
f24abd
f162b8
f2f792
f40bea
f4880b
f4ef66
f4025d
f33c52
f49aa5
f5ed29
f5e312
f6e741
f89029
f7850b
f53510
f62c0a
f95ade
f9d7ce
f857cd
f9bef9
fcae86
fb78fa
f8332e
f97b9d
fd314b
fd737e
fcc79f
fe785f
fe4cb1
fb9f96
fc875f
00599e
01282d
004bad
012b2f
00e031
fea50b
ff1866
023400
039eef
0377fb
03dc1d
038525
021182
028837
054ef9
063524
03d8bc
031002
0657bf
087f12
064882
04bb52
06b372
07ac23
068706
078fd0
0a0c75
099b4e
075d26
06ee63
082e32
09be7d
0b2538
0b8f02
0acfad
09f4ca
09d10f
0a84a3
0b84b1
0c4df0
0d12cd
0d0f35
0b9814
0b5476
0dbd07
0efc90
0db8f7
0e0dea
0fe9c4
0eeaa6
0c4860
0cdf0d
104c74
1257a2
117670
0ff68f
0fee51
105148
100ee5
108a74
11e25a
128bfc
12b405
1250e9
10ed9c
112655
13a2c3
13ea90
11fafe
12bc23
146784
126cf2
107b5f
12fb31
15bcbf
145554
120581
12ec00
147f22
12a228
103007
12106b
152966
143f1f
11f5e1
11f47c
11eb52
10c112
10e68d
11f1ff
11cd85
10f2b8
1042a3
0fcf53
0fb819
0f61de
0e9455
0e7334
0edecd
0e71b3
0d2393
0bbfa5
0b210d
0c105c
0d0b08
0bcbd3
09d095
096c55
094452
083458
07c91b
07ff66
075f10
067627
0623a0
05bf90
050cfb
04423d
033085
025cbe
025557
02583e
01d14c
010d53
ffff92
fed8f4
fe6f45
feca2e
fef05c
fdfd31
fc123d
fafc2f
fbb8e7
fbe612
fa0377
f9084d
fa7a2c
faf4fc
f8cfef
f6ccb7
f671ec
f68c00
f6a6d0
f72b0d
f78377
f64df9
f3884b
f213ca
f42c35
f6cabb
f5d084
f2ae29
f12e1c
f1ae3d
f29647
f30255
f2eb3f
f30b72
f31d40
f1b832
f0004c
f05d4b
f1ac4b
f1fbbe
f21f1e
f235c9
f152cd
f09e31
f118cd
f20f67
f334ab
f328e5
f0bc17
ef876d
f22fdd
f447a8
f32b6d
f2bcc1
f40bdb
f41487
f332a9
f352b0
f3e48c
f4916e
f56cf1
f572a1
f4f292
f596e9
f73200
f81dfb
f79118
f66671
f6454e
f7722a
f8c714
f9d16f
fa2928
f96131
f945d3
faf3e7
fba0ad
fa8b45
fb46e2
fd636b
fc6e7a
fa0b33
fb9366
ff54a1
0000aa
fe976d
feac08
ff2141
fe5759
fe33c4
ff5e34
005325
01855a
0300b1
023918
ffda1d
0018c8
02b9be
03dee9
0386ed
03b30d
03509d
01b597
01db5a
04dd78
06c8f3
056d5c
04587a
0591cb
05e99c
047583
046418
05e414
06a430
06e36d
0716dc
068192
068003
07ff14
086c5a
06b9ac
05d15a
073f2b
08b508
08062f
06f066
084bd1
0a5099
096c83
0771e6
07a2df
086ace
085071
08bddc
0944f1
08f8ce
093568
09cf09
09639c
08e45f
08fc18
08fe0d
091fff
090d57
08954a
095cb5
0a7f81
09654e
08497d
0970b0
09bdcd
088583
08c729
0926cb
07c2ce
07947f
093833
096f37
086d7f
083648
07de3b
06b6cd
064526
0725a1
07dd6e
07056a
05afeb
05c6c9
063d10
055549
0491b1
04e9c0
047e1d
0339b3
02b789
02c0ba
02f06e
0337fd
024dcc
006503
ff63c3
ff3e61
ff6f46
00413f
fff4e2
fd77c3
fb8c8b
fba7a6
fc4f54
fd1822
fd1671
fa826e
f7a423
f7a21b
f89267
f86203
f86cfa
f867dd
f6a4a0
f4b2a8
f47b3a
f4b399
f428fa
f3c4e0
f3bbc2
f2d4b8
f14672
f12397
f2830a
f26a13
eff1ca
ee9233
f01604
f10da9
eefe66
ed0472
ee2476
f01cdf
eff8e0
ee8302
ed29e1
ec624b
ed5550
ef5d24
ef5218
ed50e4
eca21a
ed72d5
ee290b
ef5a16
f075f3
ef204e
eccdb2
ed66d9
f003d4
f07730
ef5f61
f0b245
f2cdca
f13144
eebe04
f0dc3e
f46fb7
f47aad
f2f213
f2208c
f1d3c4
f3fcda
f7e80b
f856ee
f5a5a8
f5394a
f6cf80
f71266
f735d4
f91949
facc40
fa62c1
f9953a
fa856d
fb7d4f
fafd4a
fc2f9c
ff5a0b
fea1ef
fa9a8d
fb383e
000ad4
01a9dc
003695
001167
00a9c3
009e01
00e771
0183bb
024213
036f6c
03b023
02a204
02e6e1
0520db
066027
05f520
0625f3
06857b
04fa8a
03bd8e
0642c3
0a1f32
0afb89
09a577
088c19
07b354
07e2b6
0a1c32
0bfde5
0bdd2e
0bd7d6
0c2cdd
0aefd2
0a5d95
0d39c5
0ff9a5
0f4132
0e0a6d
0e4a54
0dc4c7
0d2b26
0f3a7d
122ac4
12962c
10c91b
0f44c6
0febd0
123a61
13758b
12d58a
123a74
121b92
120bfd
1298c1
135bbb
13f999
1518be
151cbc
12ef0b
122452
141281
14ded2
13faf9
143c6a
14bc7b
13c9e3
132321
13f717
14d7e2
147814
136776
133114
1354f4
122d91
11a27c
137728
1401d5
11acd5
10c2cd
11cfe9
117fb6
10eda6
115129
0fd377
0d59f1
0e08fd
1059cb
102285
0e153f
0cf928
0cf531
0c9575
0b8346
0b0454
0b4f78
0ae966
0a23b6
0a32e7
097860
0781ad
0762d9
089c49
075b3d
051ba1
058119
067aa6
054944
03bb71
034b59
02fa78
029cf6
028d73
023fb0
013903
ffc259
fee5e2
ff4238
ff9372
fedd28
fe2db1
fdd245
fcd3a2
fba056
faf975
fa9b66
fafce9
fbed8a
fb385d
f8ca43
f792c1
f847a2
f8bd87
f8161d
f75a79
f73003
f6feec
f5f7df
f4b616
f4b805
f5f018
f6acd5
f5bf5f
f3c18a
f2a166
f3591b
f44361
f3dd5e
f36cac
f41651
f46b51
f3556e
f20635
f1a948
f25975
f4216a
f5e241
f4f795
f18d03
f02eb6
f305d3
f6106a
f5f8a1
f4a9f2
f42dff
f3c7aa
f3826d
f483f7
f63856
f7543c
f7b990
f760e6
f620ea
f505a5
f5ba6e
f859b0
fb0c17
fb9b37
f98f91
f72c8c
f77f07
fa63e1
fc82bf
fc5189
fbee13
fc8137
fc6f3d
fb68b3
fbb254
fdedfc
ff9ede
ff154e
fded44
fe1922
ff0f94
ff9cc8
fff5af
00611f
0087f5
00864e
0072fc
00660f
016ee4
033118
02d693
00a375
00b668
02f308
032469
01fe77
032497
04d131
03f700
02de14
03789c
037608
02ac1f
03e4f5
062183
06408e
052104
04bfa7
043b3c
03dc3f
05b0bc
07cbfa
06e3b8
056178
06742e
0746a6
05daff
05d218
082243
08edbf
07fc40
083346
089957
0757c3
06d48e
08ee9d
0ad63d
0a0315
087463
08bc09
09b93e
09c9ea
0a3688
0b5550
0ac81e
08f9eb
08fbd0
0a44a5
0a98b4
0ad350
0b6894
0ae4d0
0a33a3
0aa325
0a557a
08f69a
096aba
0b458d
0ae340
08b16e
0866bf
0a18b3
0ab0d5
09b26d
08dacd
080cf8
06d9b3
06fa36
087517
086bda
0703ea
071aa6
079fb8
06183d
04a74a
056d29
05cf71
045ecf
03b65d
047f97
045e84
03630b
03803c
03b6af
021025
0076e6
013d28
020d78
00e79c
008350
01b1bf
00dd67
fe513d
fe378d
ffcb6e
ff7ee4
fe5fa5
fe6e5f
fe1ba1
fce1f0
fce440
fde543
fd9411
fc548a
fc4230
fcadaf
fba8e8
fa85b6
fb4a61
fc1a9e
fb04f7
fa27b7
fac127
faa755
f9a3dd
f99ecf
f9d542
f8da2c
f8330f
f8fdf3
f98b41
f8b770
f7a772
f75918
f76dac
f7d063
f87ed6
f7bde6
f510fe
f43e4a
f715e6
f8edd0
f6f83c
f4fb81
f512e4
f4e15e
f464cd
f5b5f8
f74f67
f6571b
f3ff19
f36fad
f4a278
f570e1
f5a020
f5caff
f55ba7
f4dd39
f53fd2
f4ea96
f3f790
f5abd9
f8886f
f7cac1
f54a49
f52a4c
f5e727
f633ef
f8034d
fa3ea4
fa0c80
f80e38
f6c34a
f7be9a
fa06b8
fad01b
fabf48
fc820c
fd6c8f
fab799
f8fafd
fb9eca
fee790
ffe911
ff4d12
fdebc4
fd3aa4
fdf7fc
ff2628
0114ca
031a80
021fd6
ff938e
ffd7fe
019fe5
023549
02f22f
03c59e
0353b3
030293
02f68a
024b81
0329f5
0563c9
053ba0
03894e
038e17
04403e
0418d3
03d01c
03de23
04e01a
06510f
05c823
03ece3
035783
032814
02dc4d
047712
06cf6d
06f690
051b20
02af77
017e5b
02ff1b
0521ca
05da6c
06480e
0594db
02b73b
01818e
03968b
053a28
057310
0591e0
04ca00
03d3eb
03f22a
039eb5
0389f5
05c956
0762a0
05a3a5
038304
03496c
04300d
05cbe5
071561
06d132
05e0d2
04f298
0406cd
0484b6
068dc8
079da5
06e1cc
05edbe
0579aa
056746
05f43b
06e3bc
074d2f
06cbca
05e9fb
054de3
05679a
06684f
0759bc
06f1b6
060dd8
05ed8a
05a64e
050785
056672
05e3a1
055147
055731
062943
056cb6
03ad09
0367a0
04472a
04b00d
045572
03899e
02e705
02d69f
02cd9f
026b95
02102d
020275
021cf7
01bd3f
00a661
0009c6
006aaf
0054aa
ff57e9
fef4f8
ff976d
ffed13
ff0b32
fdaf6c
fd3297
fd4c29
fcdc79
fc9eee
fd3a2f
fd2063
fc12d4
fbada2
fb807c
fa9d9c
fa39f3
fa9e7b
fabcfe
fa9e49
f9f487
f87da8
f83b12
f9b58f
fa0b62
f87a07
f74106
f72f0d
f7c238
f88a43
f8807c
f75b89
f6217e
f58dd8
f623cd
f78e79
f7dbba
f6b95b
f5df88
f5484c
f4cdad
f5f30c
f7a6cf
f7270f
f5643a
f47188
f452e3
f57b8e
f7b2ae
f86219
f6eb43
f54b4c
f4476e
f44fe3
f6556b
f925a2
fa1a7e
f8210b
f524c1
f4fbcf
f7f965
f9adb5
f9122c
f99a31
fa7de4
f8d0df
f73f3e
f8e19d
fb7ec9
fcd0ed
fd14e1
fbf681
f9f7c7
f9cf82
fc35c3
fe8510
ff253e
ff0b98
fe422e
fc8b1b
fcd006
003fe8
01f7ee
ffe1cf
ff0820
00ad42
00b4ea
ffdbbf
01453f
03173e
033450
029a85
019d4f
00bd30
018cd8
03567f
0439b5
041f75
039fea
0347e8
035481
034349
039240
04aafa
047cc7
02ea39
035cf8
056541
053741
03ecea
04b2d5
05a5d2
0451c1
0324ca
046a6c
05d8db
0554fe
04ca07
05a925
05e0b5
04dd8c
050d2a
06312e
05ed86
053f46
05fd49
06b6da
0660e7
0667c8
0703d1
06fbc7
06a108
070a76
07dbf2
081975
07e1ea
07cbfa
07e520
0852bd
092d18
0986d7
0906cf
091a47
0a0cbd
0a2a66
096621
098995
0aabb4
0b6c05
0b77ff
0b43d5
0ae8bc
0a9ddc
0afa76
0c033d
0cc082
0c9168
0be9fd
0b6fe8
0bc17c
0d056d
0da795
0c7b8c
0b900f
0c9778
0d70bc
0cb415
0c5ead
0d2212
0d3bc3
0c7e99
0c3369
0c6bee
0ca34e
0ce9d8
0cf083
0c2fed
0b697c
0bc349
0c7dd4
0c1f87
0b3fb2
0b24b6
0b4c4b
0b1fb9
0b24ef
0b0728
0a347e
09c12d
0a2186
09fdd6
093679
08ffa3
091c7e
08be15
084f17
0823df
07dce4
078fa0
078065
075071
0692cd
0586b5
04e74d
051e88
05b0da
05ffdf
05d3e1
04b460
02b4c0
01932f
025d6c
038d37
039efd
02bb0c
015fd1
0041d6
00288b
00875a
00992c
0096ca
000f4d
fe8566
fd79ad
fde1e3
fe5536
fe1c1a
fdc591
fd0dab
fc1fdb
fc302b
fcc4f8
fc1a3f
fa6dca
f9d693
fb080b
fc15a0
fb3b55
f9ae7a
f9690b
f9d24b
f97ffe
f8ff4e
f92ce1
f976cc
f93c24
f8d17e
f8ab25
f8b606
f8bf78
f8d52e
f8cd46
f87149
f84b3f
f8a8dc
f8b228
f85e14
f8c131
f97aef
f9757f
f925e2
f9002b
f8a9f2
f8c09c
f9bc1f
fa5b9e
fa0e42
f9e790
fa2595
fa35fc
fa5dff
fad434
faf02d
fab5ef
fb22b0
fc0a3e
fbfdf8
fb21cd
fb3658
fc3658
fcb1f7
fcc926
fd0da4
fccb24
fc4ffc
fcc467
fd7725
fd931d
fe0f08
fe9c3a
fda008
fc8dd7
fdc1bf
ff79c2
ff59e9
feee9f
ff3995
fe6d59
fd5b87
fec349
00dc92
009041
ffa743
00222f
0043ca
ff94c5
ffb94b
005bc7
00c628
0189c5
02059d
018f61
014cc1
018814
018835
01d398
026a36
025164
025196
0347d9
03da27
03601a
0318ea
034fc6
035940
0378cb
040aaa
0492cc
04b90f
049e62
04659b
04516a
04b3d3
055424
05829e
05131e
04a431
04ba1f
051f6a
0573d2
05be39
05f2bd
05a3a1
04ea97
04972c
04fe73
0584c2
058c44
052aa7
04fb1f
04f5a1
047ffd
045577
055fbe
05c2b7
041aa0
030c2b
04022c
045dec
03b017
04215d
04c4f0
03ba64
027409
028757
0336f5
038823
033658
027f48
0207de
01f786
022878
029013
028689
01c186
013262
0139bc
01270d
00c593
0092af
00e075
012e96
00c190
00446a
00700d
fff925
feb3bd
feb13e
ff7007
fedfb4
fe7466
ff94cb
ffcdd3
fe1766
fcee5f
fd30e0
fd3801
fc73a8
fc1ee9
fcd7a6
fd4db9
fc4f8e
faf35a
fa78ee
fa6047
fa7f1f
fafdb8
fa8bb3
f893a7
f70847
f76bb2
f8d9d6
f96d3b
f84de1
f6b588
f60cfe
f5b19b
f51bb2
f519cd
f54762
f4e813
f4d7f1
f4d343
f38972
f260ee
f2ccdc
f2f707
f24138
f2b58e
f3b738
f2ad79
f04a96
ef7868
f0d3fb
f26be7
f2c0fa
f2527c
f1d8e6
f0dc60
efbe21
f00e14
f18e2d
f27c9f
f2a429
f2c604
f2c37b
f23061
f1671a
f19571
f365fe
f53f2a
f5206e
f4060c
f4057b
f4b4e4
f4e58a
f56df5
f70bea
f863b8
f8507d
f76c2f
f674f9
f661a1
f8a9c6
fbdf72
fc502b
fa84de
fa263b
fac212
fa812e
fb5807
fdc91a
fe9522
fd8892
fd5443
fde8ca
fe6070
ff61b3
004c9e
0030b1
fff2ab
ffc54a
ff5dae
005107
0287c3
032742
024429
02452a
0273e6
01c68c
020c8a
036d0f
03f339
0414ba
04b69e
048274
03c3a4
04a145
065079
064e39
052f36
051bdf
05c541
060020
06d802
08d35f
09770c
07f1f3
07311b
07d88e
07dc12
0839e5
0a5b6a
0bbde7
0aecb1
0a1297
0a589f
0b1c2e
0bbf80
0bacc0
0b9531
0caf69
0dcf5c
0da4c0
0d52b9
0d710b
0d798a
0dfc42
0f09fb
0f6b90
0f1d29
0ef216
0ee36a
0ecb95
0f1f58
102eaa
111e5a
108a15
0f2dcb
0f2799
0ff352
0fd720
0faafa
102edc
10144a
0f7749
0f9597
0fabb6
0f0c9f
0ec50d
0ef35a
0eb4a0
0e3240
0dd5ce
0db7e9
0e0890
0e14b3
0d0f91
0c0a8f
0bf32e
0bfcf2
0bf4e7
0c0bf2
0b330b
09b923
099158
0a4027
09ff93
0959bc
091d74
088e49
077f45
06991c
0667e5
0714d8
0788cd
06aedf
0586fc
04ec6e
04436a
03d6fa
041fb8
0423d2
0391dd
02f12e
0236ba
01ec87
0262a3
022289
00dc21
000758
ffc321
ffc523
006539
005a32
fecd5b
fdb022
fdbcdd
fdb65b
fdecb3
fe5a0e
fd3dd7
fb5d9e
fb1aaf
fbbd3b
fba89d
fb6997
fb5ac0
fb0194
fa6e14
f9821b
f87690
f880bf
f96b7e
f99e2d
f8fdd3
f825d4
f72ba3
f6e9fb
f7c6b8
f8477e
f7c482
f70914
f61662
f52da2
f59717
f720e6
f80b17
f76e27
f5da1f
f4b8fd
f5170c
f640ae
f6ebf7
f6eaa9
f6a837
f67fe4
f6640d
f5f3f5
f5ecb1
f777db
f93c63
f8d3a9
f6f11e
f63aa8
f754c4
f8d0c1
f9b76d
fa5908
faa57e
f9eb2c
f907b7
f98bb7
faba95
fb4ea3
fc1d5e
fd5a2f
fd59b0
fc259f
fbb843
fce7bf
fed715
ffd3b5
fedc60
fd99ec
fe2429
ff9236
007603
013be0
0191d9
00c747
005e38
010ca8
012e82
0127bf
02881a
038949
02a763
0227e6
02f6f5
032f4f
02f8ec
03bf96
046540
038fbf
029d8a
034094
0486eb
04a32b
046993
0559b0
05dd7e
048892
03823a
0402bd
047d71
04fccf
0658aa
07288c
066c36
0539eb
04958c
04e077
05ee45
06f2e6
0785bc
0758cd
0628bf
0560f4
065954
07cb69
081a29
07891a
07172c
07572a
07ab48
0756a1
076cf9
086384
089890
082ab2
087649
085837
0778f3
07e587
08f1cd
086d3f
07ab7b
0837a5
08ac6b
085c0f
08333b
080e21
076c8c
0702ba
0780ec
08034d
074289
0626a5
067813
0732cf
068dd9
05b6c5
05c36e
054bee
0445f3
0448a8
04be8b
045109
0399ce
033fd5
02e895
028085
01feed
016bd0
013e97
0128a3
006345
ff7479
ff4ab0
ffa191
ffa506
fec710
fd69a4
fcb8f7
fcc887
fcce36
fcfa31
fd08f7
fbef86
faa5fa
fa8e1f
fa8ca4
fa0ee9
fa2870
fa3fe8
f971e2
f8fc23
f94886
f9090c
f858f0
f82f98
f81e04
f769d3
f6d408
f76ea3
f85cce
f7fa66
f6e54f
f6aa16
f6c1be
f67551
f68390
f6d85d
f66d70
f59679
f59f0a
f6b7d7
f767df
f6a79d
f5d7a4
f5f2f5
f58d27
f4cd51
f5b65a
f72b68
f6ec6e
f5fe35
f586f8
f5197f
f591b1
f71323
f774a1
f660b6
f56f7b
f4e18a
f513eb
f6b924
f83033
f7d316
f6ae61
f5ceea
f565a7
f6393a
f7eafb
f8a727
f81eef
f74aaf
f68dd6
f686c4
f7ed10
f9f8b4
facfcf
f98c74
f7a72b
f76db7
f8bc45
fa0233
fb5dac
fca3c2
fc26fa
fa51c1
f9752a
fa6c71
fcbbef
fece77
fe7b21
fca00a
fc09cc
fcd9df
fe4175
004091
014420
0041ba
ff2229
ff0088
ff572d
007dc9
023b56
034153
033fb8
026a05
017c78
0217e7
03e243
04b922
045d68
03d427
039b0d
0452ee
0595b7
05f580
05d142
062f11
064c4c
05ad14
055254
05dbb9
06f00c
07a088
073f4c
069bef
06c576
076a3d
0807f3
0847dd
079288
069e54
06c2cc
077dd7
080958
08cc2c
091ba7
082984
074858
074a5e
075e6e
07c984
08c1eb
08bbc8
07a7b7
074278
07a3b2
07f466
083863
080868
073da0
06ec7b
07394a
074115
0757c1
07cb91
078d32
066014
059eca
060609
06dd1b
072ec1
06b3c1
05a18e
049366
049034
05b04b
064c9a
057b78
0476ae
03fc8e
0387f7
0367b2
04151d
048a2d
03d1c5
02b066
024039
025a1e
023bce
021092
0243aa
01ed04
00b587
006535
01595d
015ed9
003524
ffb694
ffbdb8
ff4e67
ff1ed6
ff6f97
ff5007
fec640
fe5ddd
fdf030
fd81d9
fd96c6
fe307c
fe4c27
fd0e3e
fb90e0
fba214
fcb748
fd26bf
fccc70
fc1228
fb2e44
fadcf9
fb0626
fac534
fa8923
fadcf2
fad281
fa2eae
fa0121
fa51cf
fa284d
f93517
f83734
f8236f
f8cda0
f95568
f994d4
f952b3
f7fa74
f6a5c9
f6f963
f83be4
f8a14c
f7b1d1
f622df
f5803b
f6c591
f85333
f80da7
f6ad7c
f5d432
f54f3c
f4fb68
f5dbd7
f75ba8
f76100
f60955
f52b33
f4f198
f505e1
f62c22
f79a7c
f72482
f55a9a
f49b3e
f535ab
f63c02
f746de
f796b8
f6ae2c
f5b78d
f60119
f73662
f822fc
f840e0
f7ed3d
f79dbc
f78a69
f81010
f9362a
f9f23b
f9917d
f92fe4
f9e80c
fb068d
fb8377
fb5efd
faff30
fb3761
fc8597
fd7651
fcd5dd
fc7edd
fde128
ff29e4
ff2d75
fef241
fe9fc3
fe614c
ffbbec
01a907
013a37
ffd8ad
00dd6e
02765c
01b3a7
00cf55
01f689
03138c
032d8c
0379b9
0345fd
023f59
0264d4
03cc46
04a8ee
049f3f
03d5cd
030576
03d085
0518bd
04b0d9
04467b
05090c
04b152
03bad9
04910d
05980c
051b4a
04e072
05421b
04dc36
047a24
0548f1
0654b8
064834
054de6
04c76b
0528ab
057abb
05f62b
075c11
07e345
061ae5
047120
05219f
06ea8c
081ba7
08705c
07c6b7
06652d
05b7b7
06cc29
0889e7
08dbe4
07d437
076ddc
080d72
0854fc
0838a4
089ae5
08edb6
087459
07f4f2
082049
089ea7
092c58
097ee7
092b8c
087c1b
07e9d8
07d280
08b68c
09a680
0904ff
07e81e
07ed5f
0807d3
07d31b
084ee7
087d35
07ad97
07577f
074cd7
06ac5d
06bcb2
079862
0785c0
069751
05e62e
05d891
0652e6
062f3f
054224
0565c9
062594
0561c9
044c75
04ad27
053ba7
04f119
045828
03cfed
03ca5b
045a2d
0498cf
040e29
02f9b9
025ceb
035765
047c6b
03c630
02a94f
02bc03
02b969
026965
02bd08
02d6f8
026114
025b45
025b9c
01f034
01fd06
026a79
0262cb
01f12b
01342b
00b000
014e8f
02212e
019e50
00c810
00fca4
015494
00fce4
008c1a
00367d
ffcc85
ffb902
002f4f
008656
0044b5
ffdb7d
ff98f1
ff0e23
fe6d99
fea138
ff3041
ff17ab
feef5a
fedd14
fe22dd
fdd404
fe8995
fe5b9f
fd33ca
fd1ef5
fde802
fe6081
fe759a
fdd3f5
fce2ab
fcafac
fccf17
fd10bd
fdff89
fe9453
fe3965
fd928d
fc69e2
fbc94f
fd4204
fedcfb
fef23e
feb76b
fddd45
fc84d7
fd202c
febe3c
ff0f16
ff41eb
ff5195
fe25f2
fdf029
ff1739
ff3dc0
ff7656
009e8f
002398
fe921a
fefa38
005983
00539e
ffc457
0058e3
014d9d
00b2ea
ff5c19
ffecad
0143c6
00c8f7
004ad0
0131ad
00ad7e
ff3563
0070b3
025dac
015f23
0006f7
006ee9
002d6b
ffa96e
00e349
0183d5
0079e8
005339
00b1b9
005014
00791f
008915
fff2ed
00b5df
015022
ffea6c
fff752
0184e5
00de64
0048d7
01c0a6
019c12
0034d1
00cb17
01e33a
01d7c9
0195ed
01caa6
02e7b8
034eb7
01c351
01cab8
03b902
033019
025f46
046beb
04ebc9
0358c1
041584
0508bb
041732
04646c
05485b
04ea79
0584df
0669b6
0576a2
04fa4a
059b52
055566
0593e3
06f9eb
06b091
05306c
0528d1
05a985
0582d5
05dbf1
0638ad
0534db
042e98
04abb9
0571a3
051ffc
042fc5
03a203
03a21b
036074
02ba87
02dbd7
036e97
02e7bd
01f3a4
016ab6
007b23
00124b
013455
019400
002397
fef524
feca56
ff1e2e
ff58f4
fe8592
fdad26
fe0b92
fdac21
fc534a
fc8fc5
fd714a
fd13bf
fcc6ad
fc859f
fb25f7
fa5b96
fb2687
fbd271
fba518
fb2cb0
fae3a5
facf77
fa424d
f9b257
fa3b1c
fa9d9c
f9f3bc
f9cf52
fa0ef5
f979ca
f93fe5
f9b806
f956e6
f8cc7a
f96b38
f9f523
f92a13
f7c015
f72f3d
f8473f
f9ae14
f967ec
f7ee97
f6df76
f6b33f
f76ed1
f84f59
f7f0f4
f6b07c
f5e6be
f5c98f
f6558c
f71c8f
f6d817
f5c47e
f4fa87
f457be
f4727d
f5bb1e
f5e3d3
f45b3b
f3cc64
f424c2
f3bf04
f3a76a
f4189a
f3fa16
f3f1b9
f3b4dc
f2690e
f214c9
f342b5
f39d2b
f3721c
f3d2d3
f396f0
f2fad2
f2df16
f2a752
f302f4
f45482
f495f6
f39e78
f34f43
f41798
f5a49a
f697b4
f52a52
f34b55
f3feeb
f644c7
f7ec17
f8335c
f71600
f64e1b
f723e3
f7d156
f7d622
f91652
fac153
fa7c77
f92ac4
f9167e
fa41d2
fb7361
fc3913
fc6bff
fbefc0
fba447
fc4f0a
fd42f4
fe012f
feadcd
fe9b2c
fdbbbc
fd8789
fe7413
ff9dfd
005630
0050e3
0002ca
fff3b4
ffff25
0088fd
016879
0143c5
00ff26
022af0
02c83b
01b426
016456
0269be
033941
03be8b
03e5c3
036124
0342ce
040e0b
04ea84
052b4e
04d66e
04d507
059860
063680
068d43
06f89e
06df05
06d9bc
07caaf
084f9c
08230f
089a48
08e01a
089f12
099dec
0b1b69
0b0d09
0a4e22
0a1ba5
0a7ab6
0bba59
0d089f
0cb7ae
0b89ff
0b94df
0cbfd6
0d78a9
0d9472
0de1c9
0deb12
0d47e4
0d455a
0dfa88
0dd8c5
0d7ce0
0e4698
0f02b0
0ebdb5
0e2926
0d68f3
0d2042
0e2136
0eb2fa
0db32f
0d27f4
0d9b0d
0d5132
0ccc9d
0d3e28
0d64d3
0c9f9c
0c2e8d
0c0554
0b5dd4
0b0ed0
0b998f
0be42a
0b500b
0a5c0d
09b139
09b791
09d4a7
0949db
08de44
091840
08e68a
0816f2
07a5b7
076759
06e12d
067d80
0664f0
06768d
069dfc
063f92
053eda
045ecd
03d5ff
03a881
0425d6
0472d6
03a995
02de98
02e468
02a4ef
01b43d
010275
00e9d0
013535
017466
00e481
ffbe65
ff2f52
ff5937
ff7d56
ff375f
fe6c51
fda0bd
fd6237
fd22a9
fd0e4b
fdbedf
fd7527
fb9b29
fafcce
fb97ec
fb2f54
fb30bc
fbfc89
fabee7
f8e89f
f9655a
fa1ba7
f9b455
f9ae82
f98b29
f8f622
f8c0f9
f81796
f7911d
f8a019
f92c51
f824ce
f7e05d
f865b5
f81cf2
f7649e
f70129
f7b2c0
f95dc9
f9da2b
f87d60
f6f73c
f67a4f
f81cea
fac795
fa879d
f82de3
f86df5
fa4595
fa5f10
fa09c0
fa442e
f9c40d
f9f24a
fc5c8c
fdf38a
fc2c36
fa6843
fbcf3d
fd7d26
fd2bd3
fd7d46
fecc75
fe8344
fdab4b
fe8270
0001d2
0079d1
ffa1a5
feeb5e
0001ef
013554
00d404
010f67
026810
027bb0
01a1c8
014725
01774c
028031
039ecb
03a7bf
034c58
02b26f
022b09
035d66
04d17c
04521a
03bb91
03dd45
038d07
03fcb6
050e09
04b47f
0404ea
047210
0516ec
056b17
051d1e
04a7a0
055c7d
05dba0
0516aa
054c34
0628f1
05bbe2
05c67b
06fa93
071d6b
0633be
059779
061070
07cf47
086937
06bda6
06375b
07abc0
082d7e
07f5c7
0854f4
081acd
075a38
07ad71
08cfd2
092674
08716c
084fdf
09176e
08d668
07ed1b
088422
094b20
08cdfe
08c688
091b07
08465d
07d5ad
08acec
08d9f6
08245f
07da31
07cd2b
07acab
07bd68
078eb6
0700e3
06c1cf
06b7a7
065e0b
060bac
05bdc7
052868
052b2d
05be68
051b35
03b28b
0376e3
03a6c6
032cd3
02f866
02d599
01fc37
0153f7
013834
0129dd
0130b4
00ae66
ff72df
fed40e
fef564
feec0d
feb5d2
fe1239
fd08f0
fcbbdd
fcf227
fcacfb
fc54b1
fc25f2
fbaa35
fae202
f9e5f0
f95978
f9f398
fa9016
fa1b46
f96691
f8cf2b
f82187
f7df52
f7d9ee
f7a80c
f7b6da
f7c186
f71b07
f64792
f61e21
f6af46
f72b67
f68c41
f55017
f4e56e
f55aff
f5d346
f5d109
f5541f
f4f4de
f4fc83
f4eddb
f4d177
f4e766
f4e026
f4d6ef
f4d9c9
f4725a
f43c7c
f4eae3
f57fd4
f5170b
f45b9a
f44b68
f4f5cc
f56288
f522aa
f505df
f56e0b
f5eb3b
f5ed2a
f5370c
f51a63
f66ec5
f6ec4d
f5cf89
f5c796
f709cd
f7d815
f861a5
f81d93
f6b73a
f69c53
f80e7a
f90266
f9b0d2
fa0f38
f99064
f9ee51
faabcd
f99c3d
f939d6
fb8b6d
fd48e7
fcdb61
fc570d
fc60c6
fc5598
fc7e96
fdaaa1
ff4f5e
ff5e41
fe7b43
ff3c17
0012e8
ff5693
ffeb28
01964d
010a36
007945
024a9c
03289f
01fa40
01deae
03218e
03bfa8
03b639
040044
04611b
043654
04698b
05a479
0605aa
04e0ff
04991a
05e18f
06fd24
072d7e
06ba56
066d79
070a5c
07aa07
077896
0750d2
076812
077420
082335
094033
09775e
08a7c6
0810d1
088461
092b49
092007
0936c4
09ba42
099b26
094bc6
09b9a2
0a1001
09e4ef
09c157
09aa3e
09baa0
09e77b
09dbf0
09f2c0
0a18d9
09e37a
09db77
09a908
08cdc0
08e337
09f915
09ea3f
0907bf
089cda
0844bb
083712
088a0e
084f6f
07fe71
07cbe1
06dead
066c33
070cf6
06c1a3
05e5c4
062104
05f993
04d0bb
04a118
051794
047d3b
0383e3
033ead
034367
02fba3
027fd5
0255c7
0273cf
01f67e
010719
00ce60
00e6e1
0063c2
ffe907
ffc511
ff4939
ff0606
ff7610
ff7343
febf8e
fe277d
fd9a1d
fd5fdf
fdb86c
fd77e1
fce36d
fd4310
fd320b
fc07e4
fbdc19
fc59af
fbf369
fbd642
fc04f9
fb1b40
fa90ae
fb398a
fb0e4a
fa31f0
fa23d6
fa390e
fa0ce3
fa20f2
f9ebb6
f966d2
f937dc
f8e7ee
f85476
f83bd3
f891ab
f8d8b1
f8af66
f7b177
f6b582
f6e620
f76a2e
f740fc
f72db4
f726a7
f61e7c
f50ff3
f5781e
f65f7a
f64652
f57775
f4feeb
f51a2e
f4f3c1
f43054
f4163b
f525a5
f5b3e6
f4cb03
f36d29
f2e6e4
f3b522
f4cf6a
f4cec7
f4352d
f3f7f0
f3e568
f4111f
f45109
f3fa10
f42224
f556e3
f55cb8
f4047c
f40a7a
f5781e
f62a66
f5fcd6
f5d82c
f60e47
f6ab37
f73fb3
f7205c
f6b2d5
f7215b
f88d8c
f9ab33
f9ba6f
f96186
f946a7
f99f95
fa4a37
fafa51
fc1605
fd43ec
fcb020
fb47f4
fc4140
fe831f
feba57
fdee5c
fe9c61
ffdb76
fff97c
ffad0e
003a89
00d664
00ac5e
0126d2
025ff9
024b16
01c1f4
029421
033c28
02f7dd
02fde6
032475
03c519
0504cc
04961d
032415
03dc80
0532bb
04ce4e
048a6b
053eda
058136
0519f4
04d23d
058ecb
06a4a2
06038d
04ce91
0555d3
061a4f
0619f5
069443
06c1c4
067aa7
072ff6
0752bb
05df02
05a4cf
072f24
081238
07fdd0
07d4c4
07a4b7
075a54
073daa
081382
09570e
08def5
0758ea
07b949
095667
099d6e
091381
09285d
093cc4
08a2a5
08596c
095715
0a88d3
0a5622
093cf5
08c3ce
092449
09b40a
09e95f
09af5d
096985
0942f3
09189a
08fb72
0912f0
096515
097367
08a29e
07f215
089298
0914c7
08357e
0788ad
07d196
07be06
073768
073072
076ad4
07335d
06aa27
069420
06dc29
062c2c
04ee45
05543a
068b88
05f161
048db4
049bc9
054520
055d24
051834
04624b
03a203
03a4eb
03e27a
03eed1
043a39
0444da
03bb66
035f97
02f852
026145
02c69e
03a0f1
035c82
02d12c
02ecdf
02ba9f
02433d
0244a0
022750
01d442
0200d8
0267f9
02618f
01fdd5
01b85d
01e0a2
019ff6
007dc0
0032ae
015c9d
01e601
0148d0
00d8ea
005dc4
ffa68d
ffd72f
008cc8
005c13
ffac10
ff8294
ff78a5
fed0f7
fe2943
fea58e
ff992f
ff44a2
fe0cf5
fda6f1
fdd09a
fd84ae
fd40c1
fd8918
fdacd1
fd364f
fcb3d0
fca634
fcab47
fc6aab
fc6fde
fccd43
fc720c
fb69ac
fb5afa
fc8c28
fd1dbf
fc14bc
fadea4
fb1841
fc42f6
fcb2ee
fc1d9d
fbc6c1
fc4074
fca888
fc6604
fbf95a
fbf56c
fc62f4
fd0891
fd9ac7
fdcf48
fd8f54
fcfb02
fca72e
fd38c6
fe58e9
ff1bd7
ff3b8c
fece4f
fe1606
fdfa2c
fedd53
ffba4d
ffcf1a
ff9fd7
ffd16f
0065e0
009c9b
ffeacc
ff78df
006c99
0165fa
00d9ff
000375
006a16
016810
01c820
015d5c
00ae4c
007c67
00ffdc
018892
01899d
013f5a
010800
0101ac
012a86
01544b
015a6b
0158b2
0168fb
018234
0175ff
01265b
0111d6
019f9c
01ecaf
016650
0154f5
021524
02143f
01a262
0274d1
036f01
02a35b
0165cb
01c272
0332e9
042bb4
042862
0393bb
03207a
0348da
043dca
055a8e
055e81
048853
0465a9
051c14
05cf6f
064f76
064272
05b3c8
05e27a
06c6b3
06e523
069a47
070cf8
075930
06bbd7
068501
076166
07f0e5
075c43
06ba99
06f76a
07449d
06ed76
06c212
072271
070450
06375a
05ee78
0638bc
0606ab
0594a7
05ad05
058cca
048f9d
03eb2c
044d8b
047e3f
03d287
032bd3
03124e
031099
02bd79
022537
01770d
010588
010aa9
01249d
00ae24
00028e
000694
003c3f
ff90f6
fea429
fe8d8c
fea969
fe381e
fdf7e1
fe2f9c
fe0278
fd6187
fcfb7f
fcd598
fcc33e
fccf2d
fccc0d
fc879f
fc23ab
fbe1f5
fbef28
fbe475
fb4ac7
facd33
fb2b21
fbb694
fb9fd4
fafc32
fa4c88
fa3448
fa839f
fa4251
f9ce81
f9f3a0
f9c5fd
f90c08
f90f2a
f97a32
f93698
f8c6d7
f86201
f78d51
f726f1
f7d804
f841ad
f74776
f5f161
f5bc48
f64298
f63793
f5da1e
f5b297
f4f025
f3d3b5
f3c6d0
f436a2
f3f36e
f38945
f33d6f
f28f7a
f1f2cc
f1f5b2
f23d99
f23624
f1b42f
f1343e
f0ef3b
f074af
f0442e
f10f23
f15eff
f03322
ef58e7
efeeed
f091f6
f06e9e
f05a9a
f0b41c
f0bbc0
f04144
f03891
f0b61d
f0b576
f09efb
f17fd4
f25a4b
f23387
f235ba
f2d1c8
f2b145
f204e9
f2b024
f49b3f
f58f4b
f4dfb7
f43134
f49e04
f5acc0
f69e06
f722cd
f74e70
f76d0f
f7b208
f8348e
f8bef2
f90ab0
f9782c
fa3d6a
fa8999
fa4eb5
fabe18
fbc288
fc2791
fc04b8
fc4b12
fcfb00
fd5610
fd4395
fd9262
fe5f43
fead5d
fe815c
fecbf0
ff36a7
ff3fb8
ffb3b3
00a531
00ff21
00d37b
00eba4
012030
011e0c
014783
021bb3
033494
0365b6
02bd0a
02f2d4
04519d
04f83a
04723d
0433ff
04b74d
056db5
063141
06dd22
073113
07463b
075381
07ba38
089db0
092ad0
08ea5f
08eb02
09d200
0ade48
0b65e7
0b7868
0b7787
0bb7c1
0c0423
0c3cdb
0ce433
0dd771
0e10fe
0dac16
0dcdb2
0e9363
0f1ee3
0f19eb
0f0fcd
0f624e
0f81ff
0f2b75
0f5124
10264a
107b6b
1045ef
107761
10966c
0ffed4
0fa12c
0ffb6f
103a19
10094e
0fe444
0ffd32
1009cc
0fc3fb
0f781a
0f98c0
0fa3f2
0f142a
0e8623
0e603f
0e35c1
0dfc73
0de0b6
0dc8e1
0dd561
0de669
0d5c8e
0c624a
0badc8
0b65a9
0b8a0d
0bf081
0bd22f
0afd1a
0a25db
09b33a
09a6dc
09c374
096b22
08afee
083df4
07fbef
07a0cd
0762dc
071458
068a3d
060fd6
057294
04d34e
050787
0562e8
049ada
038e1c
033564
02aa0a
01cf73
01ba21
02290e
01f7ac
00fd46
ffeb04
ff7032
ff6f2d
ff31f7
feb9af
fe4bb9
fd889d
fcd23f
fcfa3b
fd0213
fbda71
fad3df
fafaeb
fb256c
fa756a
f97e31
f8f7d1
f90d17
f91918
f86f60
f7a047
f76ae1
f7713f
f715af
f6347e
f57183
f5d386
f6a0a6
f60341
f4bc84
f4abde
f51969
f4e784
f499ed
f44a8d
f40c25
f48df7
f4cc25
f3a352
f2f587
f4529c
f5d478
f593f6
f447af
f37657
f3df2b
f50e10
f5c902
f5a39a
f56110
f5a2ae
f63ff6
f69f97
f69610
f6e21c
f7af89
f7ecab
f7a2ab
f81146
f8e289
f90a02
f93640
fa1a2c
fadc07
fae35d
faa2a3
fab47a
fb7144
fc8200
fd2073
fd1ee0
fcd3ae
fcd507
fdb054
fe996e
fe75d4
fe5719
ff4e0e
000161
ff97ab
ff5483
ffd178
007bf2
011f8b
016cdb
00f576
006874
00c721
01da9d
02a4bc
02aa87
0258b9
02642e
02c22a
02ecb3
02fb7d
032d5c
0335eb
034709
04047b
04e9a6
04f478
048cd1
049d1c
05095f
054ee4
056c74
059b15
05da63
062dd9
06e4f1
07b268
077e92
06b033
070b5f
083bdd
08760b
0832a7
08ac81
091474
090204
0997a2
0a6c20
09e85b
08f0e3
099bad
0b37b3
0b8979
0ab54d
0a755f
0aea43
0b2193
0b43f1
0bc030
0bd20a
0b1e4a
0ad470
0b5f56
0b9153
0b3ea3
0b65f9
0bb377
0b42e8
0ab4c6
0ac08a
0ada8f
0a90f2
0a3915
0a0212
09b44f
09458b
092d90
097ef9
09673e
08c26e
084efe
07cec5
06d674
067fe4
072b9e
073964
061987
0543d0
055119
0543c1
04aef6
043d0d
0414d1
03902e
02b990
024f7b
02365f
01dc83
0186d6
0170b5
010942
0037bc
ffaafe
ff71f1
ff0354
fe9c12
fed2cb
ff01da
fdfeda
fc7a6f
fc39da
fcf1d6
fcf48f
fc37d2
fba5c4
fb3244
fae361
fb138a
fb19b7
fa583e
f987de
f93c5d
f917f1
f8ed1c
f8eed3
f91ee1
f8fc96
f80aff
f708f9
f706aa
f774dc
f77c95
f771b7
f70456
f5a4c2
f4dffa
f60c27
f74366
f6663a
f495dd
f4098c
f4bc17
f537d5
f527ef
f4f497
f449d3
f35eb8
f3738d
f43f5a
f42e27
f37e27
f3507b
f32945
f2c4c0
f34189
f42d17
f3bdad
f28103
f25e03
f329ef
f38e98
f31b53
f25926
f28f88
f3f83e
f4b46c
f3e517
f2f6d6
f2e763
f3e7e7
f5716c
f5728e
f3d20b
f3a15c
f555f0
f65e65
f65cbe
f66dc4
f69790
f6e4af
f73ec2
f78fa3
f87d44
f94c5c
f8cc1f
f88b6d
f9b89d
fadb2d
fb8953
fc17f9
fbbe90
fb560b
fc6d11
fde8a9
fe693d
fe4172
fdf1e6
fe73a4
000e96
00d754
007031
00c4e8
018647
0180e0
01b6d3
027859
02e875
037d9b
0420cd
03d8e3
03a6af
048ae9
0533d9
04f450
04b36e
050dd8
061ae0
070278
06b2ae
0626a2
066cb7
069026
069a66
0757e9
0774d1
06b2ee
073d2e
08aa8d
08b867
07f1eb
07bedc
07d0dd
07ce02
07e9da
0864b2
093b1b
094df5
08459a
080dbd
091941
0978fa
09056d
08bc70
085fca
087e18
09a77a
09fa97
08df3a
088c6a
095218
09a323
095a38
08cf44
085922
08b56c
096429
0995a9
099a8c
08fb4b
07d870
084248
097a82
08d8ad
07d464
0859df
087974
07c2a9
08146a
08ad03
082265
0741f7
06e3af
072821
079339
071d32
0669fc
069634
06a285
062c5c
064bea
065e1e
05a4ed
054af1
055ec2
04ff96
04cba7
04d979
046fb8
04330b
04607d
03fd20
036aa4
036b84
0369f9
034066
0303be
0212ab
014e2e
01f15a
029064
020227
0175c0
011510
0040d4
ffdd2e
003fad
006a13
000c2d
ff5382
feabff
fecab4
fef8ca
fe5db5
fddeda
fd9261
fcb53d
fc6a15
fd2a63
fd1d56
fc2a5f
fbd491
fba437
fac725
fa180c
fa2e70
fa7807
fa585c
f9bec9
f913fd
f88a3a
f8340c
f877d8
f8cc60
f7f9dd
f6bc28
f696c5
f6d0d3
f67a27
f66ba5
f68856
f5ac92
f4d148
f54ca3
f5d986
f51df8
f413c5
f3dc7a
f4429d
f483d4
f42f4d
f3b884
f3ad80
f3b429
f38336
f3536c
f31140
f30d9d
f3b888
f41710
f36867
f2c839
f2f73b
f369da
f3d52f
f423c8
f3fea3
f3788d
f346b2
f40974
f53b2d
f5a689
f53466
f4b080
f48694
f5214f
f6603e
f6e56b
f669c0
f67ca0
f77dc2
f822bf
f8017f
f7fb86
f89492
f945e5
f96a10
f94f5f
f9bcdf
fabfd9
fb93c6
fbc35e
fbbd96
fbcd61
fbce39
fc4d62
fda413
fe74bf
fe010d
fdb335
fe4077
fec2ce
ff093c
ffb758
00811c
005cdf
ff9900
ffef69
014bbb
01afd0
013b02
01923f
0237a4
021d03
01e456
02250c
029496
02e93d
03252f
0369b0
038590
0369f2
03c6f9
0469bc
045189
03f493
040b97
0410da
044927
053c14
05ea45
05dc4d
05d329
05b7c6
053648
04fdeb
05bc49
070329
079327
06f63b
0665e3
06c840
076384
079516
07cad3
0848dc
086353
07c829
07afb8
08c21f
097952
0930cd
09219a
094933
08fe98
0926a3
0a213a
0ab474
0a5a2d
09c74d
09bce6
0a48e9
0abf3c
0ae45a
0b0e9a
0b01ff
0a9101
0a580e
0ab114
0b5802
0bd101
0b9b5a
0af739
0ac1fc
0b202b
0b7629
0b4fb6
0ae6ca
0af72c
0b775b
0b88c8
0b4023
0b53e7
0b5502
0ad016
0a977c
0af407
0af86f
0ab25c
0b02f4
0b4cc8
0a8edc
09dced
0a54f6
0ad730
0a5ff7
09c542
09d179
0a1660
09ddcd
094d0b
09450b
09a9e2
097a37
08e711
089c33
084a55
0813df
086387
0867b1
07c8cc
07873d
07a246
074aa7
06bb2b
067dbc
066f7b
062341
05838f
053517
059be2
05ef7e
05898c
04a5f7
03992b
030c77
038cf7
0402b5
035105
0285aa
02a94b
02d555
0233b7
01308c
008b01
00d150
0188cc
0150aa
0014d4
ff1a1d
fed5fd
ff27dd
ffc800
ff9ddc
fe6889
fd8289
fd450f
fd2114
fd7db9
fe0a68
fd6674
fbf17d
fb48ad
fbc3af
fc6f86
fc2946
fb0476
fa686a
faa77a
faca46
fac1b0
fa7f62
f98cf2
f9339a
fa4fcf
faaa51
f90b75
f7caf6
f8766f
f9ac18
f9c21e
f8b91f
f80c25
f8a1bc
f91394
f8659e
f8169d
f8adb3
f8a2fa
f80c9a
f82f1c
f8a747
f8cd81
f8ddf8
f8a6c9
f8539c
f8cdb3
f997fc
f97046
f8ae48
f87b4a
f945ca
fa84d0
facd25
f9b316
f8fc34
f9cf31
fb0c7c
fba4ae
fb783c
fabf91
fa9504
fb8ac2
fc3565
fc1107
fc6895
fcee9b
fc77d8
fc2768
fd2a1f
fe47a1
fe543a
fdce82
fdb622
fe555d
fef8a8
ff23ab
ff1bde
fefa8b
ff3969
005968
00f05e
0027df
fff2bd
01000d
01c2c4
01e8cb
019d44
00e5a2
010dc6
023129
02ec72
037a85
03c50c
02d862
025cff
03831a
042954
03e79c
044026
0467ca
03e8f6
045dbb
059f46
05efd4
052be8
047720
04b625
05ced5
069f20
066eb6
05c685
0583b5
05f27d
06af11
06f6e0
0676e1
05e61c
062ca6
06edf5
072ef9
06f934
06c5a4
069ff2
06a9e3
06e1aa
06f919
06f1db
06cdc7
068e20
069973
06ddd6
0710cb
072c83
06c5e8
063592
06b2b6
073f8a
0672dd
05d70a
066298
06aee8
069009
067eb2
0620c7
05fb04
0659b8
065786
05fb90
05b024
056818
05a560
062555
05b971
04f206
04eb63
0516ef
050b98
0528fa
052d1d
04b135
03edab
03610d
03879f
042e2f
044e20
037bc0
02843f
0235d1
026da5
0292c3
024756
018aea
00d50f
00a5d0
00cb51
00a92e
000b6a
ff4bc5
fedc5b
fea287
fe392c
fdd05d
fd926b
fd28e0
fccb1d
fc9e6c
fc003a
fb10cb
fa7b6e
fa1fa7
f9fee8
fa2112
f9a5f0
f892c8
f7e8ca
f7a8fb
f79374
f79bc3
f703dc
f5d2ca
f54050
f56a29
f57493
f4f7ad
f40ae5
f36b8f
f3bde5
f412fe
f3576a
f22ce9
f1a03d
f1c5cd
f23625
f257ca
f1ae1f
f09ad9
effd51
f020c6
f0cc2f
f160c8
f0d1af
ef5898
eeb6d2
ef4611
f002b7
f0bd34
f0c1ce
ef3163
edec4f
eeabd1
efcf3f
f028fc
f073db
f05c8b
ef850a
eef0c7
ef3453
f034f2
f176e0
f1d088
f10bd0
f02ee0
f00e5d
f13138
f2c066
f2e04e
f24cd6
f2e942
f388e6
f324f1
f3743b
f4b3cd
f54b5d
f52689
f4fd28
f55e25
f694df
f786b6
f79d43
f802c9
f885ed
f85dd0
f8b801
f9a905
f9fac1
fab2b7
fc2944
fc247d
fb0204
fb6a71
fd288f
fe5fc1
fea954
fe4dd4
fe0937
fec14e
fff5b2
0094c4
00ba55
00edad
013afc
01875a
01cb90
026e8c
03c599
0485fe
038a99
02e23a
0465f1
05c468
055621
054e05
063e7d
06623b
0667e8
076009
07fecd
07dc41
082006
08da42
0920fc
08adc4
08c768
0a5f6f
0b897b
0afe3d
0acc98
0b6227
0b4bf4
0b950b
0ccdb9
0d4498
0d3da3
0d8c3d
0d61d8
0d69cf
0e9125
0f6480
0f2ad1
0eab61
0e7625
0f5840
10d05d
10e302
1021f8
104eb0
108a0c
105958
111089
11ef30
1167c7
10bacf
1138f6
11b73a
118ea9
11b376
1211ab
11db07
116651
113e0e
114162
116d84
119737
116778
1118d9
10dbe3
10a389
10adf9
10bd15
105d2d
100a8b
0fe41c
0f3e56
0e9989
0ed3dc
0f504c
0f0a1b
0e008d
0d1577
0d0e08
0d5927
0d0e93
0c7710
0bdcbe
0b2254
0ad993
0af3f9
0a790a
09c298
09a48e
0963d8
08772b
07ca1f
07cc63
07bff4
06fb23
05dd91
057714
05d227
05a46c
04a5cb
03f2ad
03c064
037943
030bf6
025102
0147fc
010eb8
01d89f
01eb71
009a4d
ff4240
fecad7
fee6ef
ff0088
febb04
fe5d73
fe17c7
fd53b1
fc42f6
fc0d3b
fc8659
fc90cc
fc0d8c
fb41c9
fa809d
fa8c74
fb0f4e
fa9c5c
f97195
f926e3
f9af56
f9a468
f8f1b1
f89f5a
f8b4da
f86919
f7cf49
f7925c
f7b03f
f7cb4b
f7b1dc
f755d1
f6f391
f6c624
f6bddc
f6c5f2
f6ab1f
f65574
f64af9
f69135
f65a78
f5e6bc
f61932
f67dc6
f667eb
f61c26
f5d6f8
f5b96a
f618f5
f6bb92
f6fb91
f68419
f5caba
f60191
f74ec2
f7f016
f72af4
f6aefb
f742ef
f79235
f76616
f81d40
f93864
f90b29
f888b6
f92b02
f98c69
f901bb
f95e9e
faa0e4
fb2ca8
fb48c8
fb8edf
fb8c1f
fb5aed
fb800d
fc5071
fd9cc1
fe36ee
fdc8d7
fd73a5
fd7aab
fde711
ff40e3
00428e
ff9b41
feee3d
ffabb9
009f2b
00d391
010224
01a406
01c193
00f166
00f071
024edb
02e5fc
02855b
031051
039c56
02dff2
02c013
03d111
03e295
033fad
041b57
05699d
04cb25
0371a6
03cb43
053f6f
0609ee
060122
05716f
049402
04448a
05328d
06d7c7
079cba
06a188
058276
05b157
061e50
06686d
0772f2
07f5aa
06d683
062dee
07260f
07fb2e
07d478
079e35
07980f
0772d3
079ac3
083588
083fd5
07a83e
07ed9b
08e873
08cb66
07d9f7
07ae3d
0836ba
088b46
08915b
08824e
083a54
07a04d
0792db
089bff
09330a
0843d5
075978
076bfe
0788ba
078f89
07ea8a
07d9d7
0700a6
067dcb
0702a2
079698
072d18
063687
05ac93
05ca47
0643e3
0679c7
05e1a3
04f721
049af7
04e437
055253
054688
048169
03ac2f
0373d5
03a0d1
03ab3d
0380f5
0358e6
030f7f
02835c
02404e
02479b
01d440
015b74
018a89
017a85
0107ff
01242b
010d2f
001575
ff93ae
fff5cb
001655
ff9d47
feed23
fe8a2a
fedf12
ff2c98
fe9abd
fdebd7
fdce38
fdb9ed
fd76d7
fd42a6
fce511
fc7f55
fca34e
fce9a3
fc89bc
fbeb01
fba953
fb764c
fb34c8
fb3a5c
fb5247
fb0dde
fa7d6b
fa173a
fa45cc
faabbb
fa7a76
f9b7ee
f8f8b2
f8c198
f98e1b
fa9762
f9fabb
f80b06
f764b5
f8c02b
f9f69b
f980d5
f845e8
f7b8cb
f8044d
f88d12
f8d299
f89e53
f83d3c
f81bdc
f835c3
f894ec
f91042
f8e07f
f826c7
f80fd5
f8c3ab
f977bc
f9bc49
f95003
f88550
f8b162
fa377b
fb6fa0
faf84b
f9aff1
f945dc
fa256e
fb948d
fc85a7
fc3b0d
fb6a49
fb8069
fc55a8
fcec33
fd6155
fdcb32
fd9880
fd1ce4
fd55df
fe8262
ffacf1
ff8776
fe9420
fecd4b
fff731
001d1e
ff9909
ffe0a7
008e1c
00f76d
014cc3
0128b9
005d25
001289
00f4a4
02202a
027682
019f55
007427
00694e
0194c5
028af7
0273ab
01935b
009445
0064ae
0158be
025fa3
0258f2
01596e
005a5f
007aa0
01b665
025b57
016157
00394d
008ce6
0191b0
01b14f
01387a
0118c6
01063e
010004
019261
01f126
0176c6
01415b
01a996
01f03b
025676
02b644
02128c
017a78
027262
03bac3
03cd46
0362c2
034b9d
036666
03d8e4
0497f8
04e5ee
04a7b2
049327
04f93e
05acfa
06499a
0645a0
05e0e8
060459
06875e
06c12a
070513
076213
0759d0
075c66
07b17b
07a07b
076532
07d14d
0840b1
080858
07e1cf
081baa
080792
07bc3d
07f7d1
085698
07d731
070a39
073d18
07de0e
07bb9a
0768b6
0773c1
06f373
05eb7c
05c403
069e0a
070da8
066474
0568bb
04fa71
0507af
051bec
052101
04e863
044410
03b653
03a73c
03b876
03abf8
0379d2
02f4a1
0280ff
02866d
0265ea
01eabc
01caed
01e5e2
01a625
015d35
014fa7
012404
00ce79
00864c
00637c
00766a
00715d
000250
ffae4b
fff7fa
0040cc
ffccb2
ff20c5
ff0e20
ff4ec7
ff40ee
ff18c7
ff1028
fec436
fe5a8d
fe7a92
fede9b
fe9f98
fddb8f
fd89dd
fde4cc
fe28c8
fde92c
fd7408
fd21b9
fd0b2b
fd0d35
fcd0c7
fc7b9a
fc78c7
fc742d
fc1427
fbd12a
fbd7d1
fbac64
fb39a7
faca0c
fab3de
fb1594
fb13bb
fa150d
f95e3f
f9d2e3
fa384a
f9da86
f99bbd
f97c07
f8efbe
f89818
f8cc00
f8d0f0
f88af1
f892de
f8f10b
f91809
f8905d
f7c765
f7c89e
f86f0e
f8bb3b
f8ce29
f90916
f90014
f8d014
f8b39c
f85bbb
f893fc
fa1169
fafb0a
fa0b56
f930a6
f9ad83
fa41d9
faa30b
fbb9bf
fc976e
fbc9a2
fa8aad
fac540
fc0e23
fd5ce0
fe5d16
fe2cc0
fcc421
fc1708
fd1532
feab2b
fff4b0
0009ad
fe83ca
fd7ca8
fe9109
fff96b
00697c
00c25e
00b5c5
ffb343
ff4918
0040db
014887
01c0f2
0197ad
0081f7
ffeace
01261c
024b7a
01d049
016322
01db98
01f8e2
01af83
01c40e
0216f1
0273a3
02a829
028006
02849a
02cf16
02c6e0
0310ed
0411cf
043ca6
035a7e
0355b5
044e3c
04c615
04d6a2
05431f
05bd0d
05e207
05d8af
061784
06de42
075c21
071946
075350
088cc6
095ea0
093f81
08f213
08edcd
09b63e
0b189e
0b7a2e
0ad1bd
0b0d28
0c2417
0c837d
0c7bc6
0cebd7
0d3009
0d0e7e
0d8584
0e840b
0ebdf9
0e3231
0e20d0
0ea727
0ef5e3
0f26be
0f94a0
0fc4cd
0f6d1a
0ef9ae
0f0138
0fb6e6
103a25
0f9d89
0ed2d7
0f220a
0fc6bc
0fa90f
0f28d7
0edf49
0edb09
0ef558
0ec2a7
0e4873
0e37a9
0e7381
0e1689
0d6893
0d5dcf
0d97ac
0d48c5
0cd9c7
0cbb3c
0c7cea
0bfe4b
0bb56a
0bacac
0b9e1c
0b7736
0b32b6
0ac0e0
0a1e22
0990d2
09b6d8
0a5c84
0a3317
08f7cd
080de9
0830d7
08a7b4
089de7
07e855
071144
06bf56
06bf8a
069b72
066d34
06288d
059cfe
05228a
04d69a
047b85
04404a
04093d
036570
02d146
02c759
02ac6e
023094
019b4a
00e6ee
0081f8
00a531
004d6b
ff4acd
fed4bb
fee73d
fe8c0c
fddad0
fd3de3
fcc5a4
fc9ca6
fc759c
fbe937
fb46f0
face3c
fa858f
fa893f
fa3638
f923de
f89012
f8f95b
f8e3c9
f8083a
f7cfb3
f835d8
f7e5c5
f6d081
f62db4
f6a8d7
f76c8a
f7280c
f622a0
f5edfa
f699bc
f69e17
f5d2c0
f598e1
f6471e
f6fbf7
f730ac
f6cb76
f5fa4b
f5ab21
f69155
f7e496
f85a75
f7c458
f6f979
f6dc53
f7aadc
f8deaa
f9b45d
f9cb8b
f923c8
f8392c
f85150
fa1972
fbcff7
fb612e
f9db8c
f9b556
fb1b44
fc7e9c
fcb8f7
fbc221
fb11da
fbc6db
fc9bfe
fca83e
fcf09d
fd4f7c
fcfe4e
fd0c64
fd9b0f
fd3eda
fcbab9
fd1ca5
fd3a3c
fd5122
fe76d6
fec7ab
fd3706
fc41b5
fcdc5a
fda7aa
fe4aac
fe6909
fd67b1
fc97c4
fd109b
fdc31d
fe0124
fe0486
fdb1c3
fd5798
fd76e8
fdb191
fdc81a
fdfa8d
fe423b
fe8694
fe9615
fe4926
fe449f
feec9d
ff62bf
ff6fef
ffd0c7
0018d2
ffa48e
ff88ec
00a3bc
01e2ca
021e83
019cd2
0136d9
017353
027345
03c25f
0450d0
039bb5
02cc89
035df7
04c5b1
057bc5
058e00
05b499
058aa7
0507b2
056d05
06baa3
073ae1
06ab04
067240
06b6e4
06b3fd
06e82a
079cc8
07880e
069264
067f0a
073d2e
0711eb
067999
06cb63
0701c3
064844
05de21
05edd3
057ff1
054a10
05c21a
0566f8
041d16
03c200
045dda
0459cc
0396b1
03095e
02b68c
0220db
01a3c3
01e68a
02350a
017699
00740b
004d94
003c9e
ffb6b7
ff9819
ffb186
ff19cf
fe7460
fe8ab2
fe8edb
fddb54
fd2b07
fd46ee
fdc493
fda285
fce361
fc6dfd
fc5250
fc278c
fc3400
fc521e
fbe1b5
fb5a66
fb6db2
fb8644
fb44a0
fb324c
fb3acc
faec56
fa9cc2
fa92a5
fa6956
fa3018
fa54bd
fa7108
fa0ecb
f9caa9
f9f638
f9b5c0
f9195b
f9460f
f9d81d
f980b8
f8c0aa
f89f87
f8b5d2
f899ae
f8a246
f8a894
f85d19
f8230a
f811a5
f7c00f
f76213
f796e6
f81e3a
f80f74
f7427b
f6a5ff
f6e1c9
f776ce
f794b1
f71fe8
f6b635
f6daec
f73be8
f71d0c
f69fd8
f6b2ec
f77d2f
f7e3b7
f74b41
f6ab11
f6dd0f
f75450
f7b905
f86b3e
f8f1e8
f88c5b
f7caaa
f79338
f82655
f98867
fae92e
fadd14
f9a36a
f8ea84
f99137
fb4fac
fce997
fce524
fbd0c0
fb903b
fc38ae
fd1152
fe6bc5
ff8a23
ff07d0
fe072e
fe3914
ff210e
007b34
02510c
029ab8
00b397
ffd6b4
0175e5
0310b1
038bee
03e601
03ed26
0387d8
03afb3
043d51
049ace
055142
0613d2
05de76
054fe5
056d0b
05e3c8
0682f8
075c56
078e78
06bd90
062290
066efc
070f3f
07d6a6
08b318
089805
0759d2
06a527
07320f
07f88b
08ae1a
093b55
089d26
077faf
07e9ab
090e47
08f351
088d43
08faeb
0916ee
08a457
08d90f
09a227
0a0e69
09ef97
0998dc
09857d
09c0bd
09df9d
0a1efe
0ac386
0b12bd
0ae344
0ae955
0aea53
0a9fce
0ae934
0bd51b
0c1fec
0b8e3e
0b300c
0b92ff
0c35ec
0c6fac
0c3ca5
0bf9d7
0bc6a5
0bd6e4
0c5566
0c8bca
0c12cf
0bf227
0c5917
0c0381
0b4b3c
0ba32b
0c3d04
0bb124
0b08ce
0b3d3c
0b402d
0ab984
0a968d
0a9e95
0a3787
09e67e
09d78d
097517
0906b0
092500
09565d
08e4e2
07f2e6
073c43
07503b
07c929
07c623
072912
068d24
063920
061598
05dd47
057a7c
055fa7
05aa50
057b02
048b5c
040261
0464f9
049fd5
041741
038f67
03903a
03a1a1
0370e5
03365c
02f7d4
02bda2
02d1ed
02f301
02878f
01ec2c
01f059
0252fb
024748
01d432
0190ff
019e76
019be7
016889
013a28
0108f4
00cbb2
00b6a5
00a2b3
00714c
009195
00c3c7
001a83
ff36d4
ff6eaf
0000cb
ff9800
fee3b4
fed8b9
fef728
febb40
fe6055
fe0bbe
fddbd1
fdd90f
fda9e0
fd3cad
fd064f
fcfe22
fcb43a
fc5188
fc35e8
fc2e13
fbdf55
fb6670
fb1789
fb0708
fb037a
fb0367
fb07c4
faaa15
f9d94a
f97acd
f9cfd4
f9f3bf
f9cb77
f9d19f
f99ee2
f91e5a
f8fddf
f9160d
f92c61
f99eeb
f9a0e7
f8868e
f7f609
f8f1a6
f9f279
f9f49e
f97473
f8e5d1
f8bd2d
f90ea9
f977b1
fa3603
fade8b
fa24d0
f91329
f9a071
faabde
fabf2f
faea74
fb591c
faf598
fa89cc
fb1a84
fbdf66
fc228c
fbf8ce
fba1d5
fbc660
fc667b
fc8987
fc47ee
fc9844
fd3ad1
fd469f
fcb827
fc59d7
fcb8c8
fd557f
fd6e5f
fd64a5
fd9791
fd5435
fcaed7
fcc76e
fd7997
fdc9c7
fda02f
fd2db0
fcbd4d
fcfa48
fd91e8
fd831c
fd2aee
fd352e
fd1e2f
fced49
fd57ca
fdb687
fd39c6
fcdb05
fd6c06
fdfc3b
fdb506
fd3f9c
fd774a
fdf846
fe0c4e
fe1f73
feb085
feeac8
fe5fed
fe2fdb
feed5e
ffc0ec
0017af
000fe3
fff29e
0011b8
0067ce
00ce32
016754
020055
02291d
020c9c
01fd9a
0238fa
030946
03dadd
03d759
03bdcd
042e85
0446b8
041d47
04cb6d
059e69
0578e8
052773
057714
05d4f5
05eb07
0613cc
0652c8
064baf
06145a
06302a
068e51
06967d
0666f2
066014
0650b1
065122
06862b
06543e
05d443
05ee84
063b83
0606af
05ec46
05e914
054ccf
04db61
0547c4
05a242
055d4f
04e380
047480
04758a
04e044
04bd83
0421f3
042155
045399
03ed06
03b47f
0403da
040218
03beee
03c95a
03b8f8
036459
03625b
0399c0
03a56c
03b0c0
03b4c3
037875
033e91
033224
03577a
03d273
042704
03b9c8
03208d
031a2b
036dbd
03d72b
0416d2
03af09
0315fd
0327e7
03838f
039120
03a272
03a9cf
033570
02afd4
02c4e6
0334ba
033934
02a36c
0228aa
023f29
02558c
020a97
01bc10
017edf
0128d2
00f374
00c172
003e4b
ffcd58
ffcc14
ffc9bb
ff5cde
fe9a16
fdd04a
fd7c53
fdc22b
fdd386
fd08fb
fc2031
fbf293
fbc5cb
faf22c
fa70a1
fab8cb
fa87c5
f9abf5
f956de
f9447a
f8988e
f801cf
f7fef5
f7ef9e
f7dc38
f7cc7f
f6f330
f5e830
f63317
f72ea5
f73c56
f6802f
f5a812
f50f68
f586be
f6c3ac
f6ff49
f6190b
f58709
f575b3
f59e8a
f655f7
f6f2f0
f6dccc
f6d39e
f6a048
f5ea4c
f66508
f81496
f84c31
f76212
f7aede
f8461e
f7e4eb
f7f8f4
f8bf0a
f92627
f9abf1
fa33ef
f98294
f89333
f91eef
fa7133
fb4efb
fb8c71
fae651
f9d323
f9ffdf
fb971d
fc93ac
fc182b
fb72b2
fb561c
fb5135
fbdacd
fd3478
fdae68
fc7c88
fb85a4
fbf947
fce2ae
fd9584
fdf862
fd9f80
fcf687
fd075c
fdad81
fe02a9
fdf124
fe0ad4
fe883b
fef081
fed5af
fe9ae4
feb8f3
ff028f
ff75a1
0039d5
00a26d
00255d
ffbc7e
004843
011e8d
019174
01e42a
020439
019903
016b42
0274c0
03cff5
03e50e
0317b5
0300d7
03b629
043d0a
049faf
05280c
0549a3
051706
055078
059347
0575f1
05e59f
06e36e
070b8a
067f14
067a00
06c193
06c50a
071114
07b8aa
07d474
074b71
06ff43
07395a
078110
07cf66
08297a
07c5a6
06b240
0697b6
07c213
08602d
07bca9
06d2fb
066319
06a07c
072318
0723cb
06dc4c
06cc1f
066f96
05d82e
05d0a0
060223
05e6c1
05d0d8
059fc1
0536af
052cac
0538d5
04cb06
047f2d
048610
044ab8
041ff3
0439ab
03f418
0390f4
03ab41
03a8b5
0317ad
02a29c
02aab4
02dbf4
02e1a3
029fdc
02364d
01ee41
01d7f9
01c1ab
01884d
014105
012a47
0131d6
010327
009fcd
005d39
004099
0007fb
ffad90
ff75db
ff7379
ff620f
ff121a
fe9ab1
fe14f5
fdb446
fdbb7b
fdf205
fdb64a
fceefd
fc3be6
fc039c
fbfbda
fbd91a
fbaa34
fb4deb
fa9173
f9d4f8
f9a523
f9dc37
f9eb2d
f980f1
f8b264
f7ec59
f7a0a9
f7c135
f7c0a9
f76a51
f72d1d
f720b2
f6927d
f584b3
f51e87
f5cabe
f691c7
f68f5c
f5bb43
f4beb8
f45613
f47fc8
f50d4e
f615b7
f69f8d
f58533
f3f70e
f3e721
f54344
f6d9ed
f777fa
f668d1
f4decb
f4d254
f657ba
f81dc9
f8d51e
f7fba0
f6ef5a
f73199
f82d26
f9386b
fa4fa0
fa78fa
f9cdc8
f9ecaa
fa93e6
fb0e0a
fc2ed7
fd00fb
fc3132
fc100e
fdc76d
fe874a
fddcc7
fe1588
ff0345
ff8d1e
ffece4
ffe7a4
ffd6c8
00c2d9
018d29
014f18
01a628
027699
0213ab
01cb3c
02fa84
03bc27
036d85
03aaf4
040d73
03c48b
04183c
0522eb
054e98
04e772
051e2f
058c3d
05db00
0674c1
06dccb
068280
064ef7
0703f4
07afea
077fc5
077b5e
088502
094836
08ccc1
08870b
093a4a
098903
09686b
0a2da5
0b3a4c
0b2cd2
0aa891
0ae688
0bba89
0c4e2e
0c4a08
0c3a1e
0c9d21
0cf214
0d1084
0dabaa
0e468d
0de4ab
0d82f5
0e1c65
0ea1be
0e9224
0eb3f0
0ed5fe
0eb19f
0f0528
0f637d
0ed5a1
0e6c88
0ee9a5
0efe4e
0e9487
0ed08d
0ef8ad
0e4e78
0df979
0e15d9
0db3f5
0d5f59
0d67ed
0cf687
0c8305
0ca678
0c5863
0b861b
0b4057
0b12f1
0a6f8d
0a21fa
0a1bf3
098209
08b8e9
086f16
085657
07f615
074cb3
06bf8a
069575
065d09
05b1bd
050944
04c403
04a730
046e5f
03fd35
037d04
031d9a
029fee
020f91
021d24
0280b7
02157c
011016
00a1a5
00c426
00b1d5
006dfb
003c35
ffde08
ff6864
ff5dd7
ff85cf
ff4fef
fee58c
fe8821
fe2acf
fe2687
fe63ba
fe09d3
fd7345
fd94b7
fd96b4
fcb4a9
fc5e10
fcfe1e
fcc91b
fba746
fb6a9f
fbea4d
fba162
fae69a
fab951
fa7dd5
f9be95
f95e44
f97c87
f9416f
f8e08e
f8caf1
f8472e
f731a8
f6a51b
f6c3df
f6b4ed
f6768d
f63c44
f58165
f46de2
f42efe
f4ba8b
f49276
f3a933
f36806
f36e85
f25b13
f160de
f2316b
f347f1
f2c21d
f198d3
f11b0b
f0e72a
f0ba3c
f10dab
f1c393
f206e5
f17c72
f0ac5c
f05de1
f0ec18
f1f367
f26c8b
f20021
f19170
f1860a
f1a205
f28d1c
f42ae0
f46989
f309e1
f27fc4
f397a1
f4cd06
f57674
f5ec32
f63732
f60d84
f58d5f
f5e539
f7a960
f8f5ed
f880b0
f80c0a
f8abb9
f92a31
f960e2
fa235f
faed0e
fb241a
fb1f4f
fb13fd
fb3e1f
fbfb82
fcc6da
fce99a
fce015
fd2bce
fd1cff
fcad8c
fd64bd
ff0e26
ff16d6
fd9665
fd6f7d
fe6e89
fe806e
feb435
ffc7ea
ff9914
fe5b9c
fe58f0
fefa9c
ff5230
002705
004ec6
fee7fc
fea253
00061e
0025c4
ff8361
005074
00ce6b
ffd2c0
ffb64c
00aa75
00c1ed
00854a
00ed27
012c59
013255
0161f1
013edc
013c86
020a88
0285ad
022183
021b07
027d5d
025e2a
027f77
0382d1
03f534
032e7d
02d7af
0398a0
040d17
03f2da
043fae
0469bf
03e0d3
03f73a
04d919
04eb35
047b53
04a9fb
049283
041bb6
04ab0d
056215
04c10d
042903
0493d5
04a98b
04491e
04528a
042f80
03be8b
03fa7e
04598f
03e3b1
03617e
035382
030308
02b7fe
030a1f
033265
02b247
02318a
01e2c4
01abd1
01cdd2
01fcd4
01b119
01504e
01226b
00c8f1
00771c
007353
006662
005da6
008cd8
005ed2
ffbedf
ff75aa
ff83a6
ff7053
ff6f1e
ff8628
ff4e66
feebe8
fed057
fef469
ff03a9
fee191
feb64b
fe882c
fe41e0
fe3120
fe6a64
fe6e07
fe4cb4
fe5fd5
fe2029
fd7600
fd6bc7
fdfdf1
fe0b30
fda920
fda3e1
fd823c
fccaa9
fc84b0
fd2de4
fd880a
fd1562
fcb9ae
fc601d
fbd056
fc0f69
fcc789
fc509f
fb59bc
fb5bd8
fb8d5c
fb6a5f
fbade1
fbb82e
face77
fa08f5
fa2a06
faa415
fafb2c
fae38d
fa523a
f9ccfd
f99fa9
f9c457
fa23f8
fa3f73
f9bff4
f939da
f954e7
f9f49f
fa7196
fa2a14
f9699c
f934f0
f9b2a4
fa1139
fa26db
fa6a4e
faae62
fa6eb7
fa2a57
faa793
fb4cee
fb329e
fb077d
fb9b68
fc1e3e
fbfdcf
fc1198
fc991f
fcdf77
fd0422
fd785c
fdbaa3
fda6b3
fdff09
fe9447
feb3ea
fef69c
ff9308
ff6ce8
ff2577
002d7a
010e4a
005fbc
000a88
00f278
016c46
017f05
01ecfb
01bdc2
015829
021b41
029d5c
0210ad
027ad5
034d90
0264af
01e942
038ef6
041f0d
02b338
02905c
0385fa
033177
02e484
03f0a2
04477d
035264
03130a
03adec
03cc84
03cc5f
04484f
0444cb
03a438
03b4af
0433fd
041992
044976
0523f9
0518ed
044fe7
045e30
04e056
050d9f
0571b1
05de3e
05bc41
057d5a
057292
05c077
06a3cc
07340f
06bd10
0688a6
072725
073978
06d91e
078182
087ac7
0852ab
0804e6
088210
08ab13
085d75
08a883
092187
0956c2
09d73e
09ec28
091329
08ed5d
09debc
0a4ea8
0a3c7b
0a4486
09d4be
096b1c
0a00d0
0a8b1d
0a37d0
0a09e1
0a3117
09dcd6
0988bc
09d2b2
09ede3
099940
099439
098453
090817
091ed0
09770f
08ac66
07f01a
08ad8e
090ff4
07f326
07315b
078451
07b55c
076bfc
071afe
06d5e2
0680bb
062627
05fdf9
05ed06
0593a4
052bd4
05089a
04ef96
04c83a
04687a
03c724
03a5a8
03dff7
0356c4
02b6fb
02f686
02bf61
01bf1a
01b49d
025d68
01f96f
00f21c
00873b
00784f
0050af
005909
006859
ffd8d0
fefbc0
feafdc
feb635
fe8727
fe6751
fe3deb
fda154
fd0c69
fce519
fccb1f
fc8d46
fc430e
fbf1d4
fb90ee
faea1d
fa62fd
fa9794
fab90f
f9f555
f94c29
f940b9
f8e589
f843aa
f81bb8
f8149a
f79b3b
f6ff1c
f6b42a
f68f8d
f63204
f5d1c4
f5bc06
f55fcf
f48c3a
f4510b
f4d532
f4a20b
f37cbd
f2d656
f31fda
f39536
f3c77a
f33abb
f1e9d0
f170f3
f26362
f2dd93
f25ade
f23a77
f2153b
f1530f
f1734f
f29a63
f2e852
f247d2
f1d036
f1900d
f1c45d
f2d9dd
f3d290
f3a036
f2c11b
f2500c
f2d8e8
f416c3
f4fd80
f4d0d4
f44b3c
f475fb
f4e551
f51609
f5d53a
f72a53
f780b7
f67d79
f5d209
f6a3bb
f82b4f
f91d78
f94849
f91681
f8a9e2
f895e4
f971a1
fa6691
fae6b5
fb765c
fb6b22
fa8dab
fabba3
fbff7d
fcab8f
fd2df8
fd94ff
fc78f6
fb7f5c
fcdea8
fe894d
feab68
feb4d0
feede1
fe2c35
fd7071
fe4efd
ffcd90
0043b8
0004d9
ffed7c
ffbd19
ff9fa0
004b63
011342
012b1a
0148f2
01a633
017320
010f33
01a493
02d2dd
033799
02dfad
02f748
033a5a
02ef07
0350fe
04bc1a
052dec
0493cf
04b6f0
051b08
04f3e6
05703b
06b4fc
0742b5
06c8f1
06512a
069cb6
076491
07fd0e
0872c5
08c800
08987e
087b72
08ffe0
0969ce
098d99
09f76b
0a3812
0a116a
0a4d19
0ae991
0b1bff
0aec54
0af652
0b3608
0b606e
0b9986
0bc6da
0b8503
0b701d
0c0378
0c3684
0bbf9a
0b901d
0b8ec5
0b9151
0bf42c
0be0ee
0b2b5a
0b30b4
0b866a
0b0602
0a9c31
0ab138
0a6859
0a264b
0a42d5
09f4da
094999
08de52
089adf
085c19
083a88
081e2b
07b597
06dca8
062b19
061aae
0600ba
056a5a
04d85d
045b23
03d0a5
03a4b4
039397
02c971
019f79
012b4d
0143fa
00dee5
00126d
ffa7c3
ff5069
fe9aac
fe1619
fdddd7
fd50b3
fc717a
fbbef8
fb9726
fbbd4a
fb34f6
fa0dbd
f983f0
f96d6a
f8f603
f8929e
f8404f
f7715a
f6da31
f6d3a9
f696c8
f63566
f5f0da
f52c2f
f44238
f444d7
f4bb55
f46ea9
f38ed0
f3020d
f2c46a
f29c16
f2c702
f2ce20
f20b3e
f1632a
f1a702
f1ee41
f18434
f0ebce
f0d1d9
f14576
f176c9
f0f4bc
f0b6ce
f0f86e
f0c919
f09645
f11b1f
f1726d
f11866
f0e04e
f13e98
f1d718
f20296
f19d8b
f16999
f1dcf5
f2a17f
f34d4b
f35dff
f2d8e5
f2a10f
f32a39
f439ea
f5370d
f52733
f46d5e
f49977
f58c25
f6214d
f64ac4
f664c8
f6eeb4
f7d6d3
f7e184
f774c5
f82a67
f8f3c6
f8b3f6
f914ab
fa4ffc
fa956e
fa0b2c
fa1277
fad7a0
fbc006
fc24cc
fc01af
fbedde
fc3920
fceaa9
fd82d7
fd8016
fdb7a9
fe503d
fe0b80
fdea15
ff429f
ffe14c
fef926
ff3e07
008be6
005f1d
ffac6e
007aa0
01abee
01c26c
0172ba
018812
01b83d
02175a
02d26f
0345d7
037029
03c967
037a36
02dd4e
040567
05d9e3
05a500
049165
04a87c
05550e
0615fc
06e44e
0723d1
06e1a3
067e5b
068158
07a521
08c398
08714c
07f278
084c0e
08baea
092f02
098a7d
096c6b
099ed6
0a045d
09bc33
09da7c
0aae70
0a9e05
0a2bdc
0ac89d
0b66ed
0af840
0a59e6
0a6715
0b084a
0b8eb2
0b761d
0b0f7d
0ac9af
0ab722
0ad2ed
0ae101
0aca18
0ab052
0a7387
0a4d60
0a7f17
0a581d
09b94a
097b5b
097269
0925e3
09164f
0929b1
08b34f
080140
07aeb1
07be17
07bfce
073e0d
068be8
064842
062bdf
05db1e
057449
04f71e
04991c
047677
040ca1
0373c2
032547
02cc6a
02569f
0223cb
01d042
01328c
00c692
005c62
ffde28
ffc0e4
ff9aed
fef338
fe553d
fdff1d
fdb844
fd809c
fd1933
fc6914
fbfcde
fbfac5
fbe60a
fb678a
faa8dd
fa24b6
f9ed3c
f9b09c
f99ba2
f99e0b
f905b6
f83edc
f81f98
f80797
f7866b
f74b96
f74712
f6f596
f696b8
f655c3
f621ee
f6046e
f5d56e
f5ab1d
f597b9
f516ec
f47e67
f4bedd
f54949
f5427f
f4eaf7
f45788
f3d156
f42ba4
f4d99b
f4db08
f4b45f
f4ab18
f4398d
f3f415
f4a887
f5a61f
f5ac73
f4bc45
f452a5
f5421f
f63b27
f65a7c
f66870
f67bfb
f63303
f66ccf
f76902
f8045c
f80886
f8314d
f8a3e0
f92516
f99165
f9cac5
f9d778
fa337f
fb4086
fc396b
fc3652
fbf660
fc5699
fcd21b
fd76d6
febf1c
ff91b8
ff1738
fe6c7a
febec1
0024c7
01b739
020f61
016a64
016e7c
020f9a
023a58
0297f9
03dc3f
049e9e
042154
04138c
04ebb3
04eead
04ab24
05e4ec
06d2db
062999
0638b8
06cb96
0627cd
06ba5d
08e019
088ef7
06f086
07a68d
08251c
072802
087bdb
0ae0f2
09d7b6
078d43
07e0af
092cae
098a08
0a06f5
0a8977
09e63f
0914f2
094ceb
09bd04
0a0e27
0ada43
0b1170
0a116f
09c1fb
0a69ed
0a5355
0a5510
0b6da1
0b832b
0a49e6
0a15a1
0aaeee
0ad68d
0b583c
0bcfa8
0aeeb6
0a1f33
0aa73b
0b1812
0b259a
0bc4f7
0baec3
0a5933
0a2fd4
0b5d06
0b5b0f
0aada9
0b0903
0b17ae
0a556e
0a8ecd
0b4b4d
0ae4b1
0a34dd
0a3c2a
0a5001
0a37db
0a2f22
0a0a99
09d1a7
09aa8c
099233
098ba5
0954ee
08e3f7
08c463
08d77e
088319
0811df
07fa8b
07dddd
0787a6
074e4c
072dc5
06d708
065a65
060b5f
05e88f
05b757
057020
04fcea
045eb2
041d9a
043eed
03e044
030d75
02b6ae
02a13d
022908
01b616
017431
00fa1e
009ad2
007499
ffdc16
ff0c79
fed71f
fece08
fe588d
fdddb5
fd6e4d
fcd621
fc7a15
fc3ee4
fbaf4f
fb537a
fb48a2
fa9ca7
f9ba6e
f9b384
f9ba16
f8ede4
f831f4
f813e1
f81973
f7fe90
f772a6
f65e39
f5bea0
f5efae
f5f214
f59212
f5685b
f50f4d
f42767
f3b7c8
f42707
f42f17
f3731e
f30788
f2ef58
f280e2
f25ad6
f2bf6f
f2ad5d
f23544
f1ed7f
f1688f
f11903
f1d83d
f26130
f1c412
f14926
f150b4
f10fa7
f108bc
f1ad22
f22e8c
f21801
f19825
f119cb
f14641
f222ac
f2d237
f2bfdb
f234dd
f1fdad
f26620
f2f2f9
f38bb9
f40b51
f3ab1e
f30ae3
f39cbe
f4a637
f4e2ce
f4c0e0
f4a53b
f4d409
f5d115
f67a17
f5e941
f5b367
f6599c
f68787
f6bb38
f7bf13
f82045
f7699f
f72a6b
f7c977
f89b94
f941cc
f907cc
f814b4
f82e14
f97a83
fa0a61
f9e10c
fa1d7b
f9f4ab
f96bc5
f9f9ec
faabdf
fa564b
fa7fba
fb289a
faf54d
fb0b40
fb93be
fafa94
fac7e4
fc18ac
fc3a31
fb3171
fba881
fc97ce
fc44a0
fc1f71
fcd3d6
fd22f4
fcb8de
fc7d2a
fd11a8
fdc404
fdc7b4
fdc928
fe0229
fe0078
fe8b98
ff4130
fe8dc9
fe1bbe
ff8c73
006450
ffe0c6
003d08
00b7fe
fff92d
00009b
017f04
025f62
021152
01a714
01ad5d
0248bd
032690
0388df
0364ae
034460
0362e2
03de11
04b165
052ce1
04e659
049b18
04d0dd
051c19
057e09
060520
062785
061e59
064841
061a8f
05f019
067da4
06d90e
06b1f0
06e879
06f2bd
0667c6
065911
06ba76
070167
077424
075bfb
06500d
05e5cb
0687fe
06d95f
06b289
069ce5
066106
060806
05fe54
062e1f
06168c
05a79c
0581ec
05b2fe
05872b
0525f5
050ce3
04f71f
04e47c
04f184
04a96a
04437f
043496
040433
03dc12
043a85
042fbb
0352c1
02e822
0335e9
035bae
034405
031354
029eec
024a70
0272cc
027e09
021612
01eb6b
020fe7
01c11b
01732d
01c55a
019e72
009d34
0047ef
00e836
01354f
00d500
004736
fff0bc
ffdfee
ffb11c
ff6a1d
ff670c
ff4fee
ff0651
feec0a
feb29f
fe42e9
fe20bc
fe0e26
fdde70
fdc4fd
fd53ca
fcb566
fccde3
fd114e
fcc64c
fc7483
fc45c7
fbfa2b
fbb8ca
fb797d
fb4af9
fb49c9
fb3348
fb4bc3
fb811d
fad9c1
f9e34d
f9e761
fa7275
fb0678
fb6ca3
fa93f0
f930f7
f914fa
f9cd97
faafb0
fbc619
fb6698
f93e7c
f84886
f9977b
fb3f18
fbfc91
fb6514
f9dc3a
f9436c
fa65ad
fbadd1
fbf663
fba6d3
fb19cb
fa8522
fad027
fc124e
fcd8b5
fcab22
fc57d3
fbd68d
fb9181
fc93bb
fd9224
fd4ad2
fd53c4
fdc19b
fd1609
fcbeb8
fddaaa
fe7e99
fe6767
fed3f1
fecb8f
fdc3d5
fd9ff0
ff0632
002278
ffd48a
ff4140
ff3a3f
ff16ec
ff53f4
00a7d6
012aff
002d88
fff108
007086
006f3c
012caa
024dd0
01c8b6
00e8c2
014100
01c3a1
024835
0305cb
030f5e
02e3b9
0311e1
02c531
02e75c
045593
04ea19
0424f1
044f03
05172e
04e61f
05019e
062a1d
0671d4
05c4f2
06199f
06f1e2
06ebfc
07241e
080b71
081807
07a2ee
07eef1
085ba2
08acbf
095bec
0987f4
091fe2
095c23
09c1c9
09ab74
09ee74
0a5efe
0a4cd8
0a5fea
0aaaeb
0a7a83
0a59b7
0ac805
0aeb0a
0a8dad
0a9a81
0af54f
0aada5
0a48e0
0ab06d
0ae1fd
0a3cb7
0a22a3
0a7c1b
09fc62
09a19f
0a2287
09f4f9
092b8e
09247d
092b6c
08b082
08af3e
08e7fd
087712
07db3e
0791bb
075e5f
073c89
072eb4
06fc76
06a72a
0649aa
05dd91
057c8d
055bbe
055b5a
052416
04b32f
042bd5
03b3ec
03aa3d
03d43e
036e0c
02b619
02603e
021bcf
01c3ad
01cf85
01d617
01349e
0052f6
ffcb14
ffb826
ffdea1
ffe0b1
ff957c
fedc36
fdbbd7
fcffe5
fd2a2a
fd9d58
fdbd06
fd2382
fbc70b
fac12a
fac133
fb0d4b
fb340a
fae595
f99fd7
f87419
f87e23
f8be01
f8991a
f8805f
f7ce12
f66959
f5caf7
f6325f
f68395
f65ce7
f5c1a3
f4bdfd
f40075
f42431
f48e20
f433b7
f3820f
f3b0dd
f40511
f312e0
f1e8b4
f216a1
f2fc5e
f37dda
f345b4
f27f18
f1db71
f1a13d
f1cfe2
f2de1c
f3ed32
f3509f
f1fc4c
f1d0bd
f2751b
f32d19
f3f07b
f44a22
f3f8e9
f34b2a
f2fdcc
f3e5a0
f524fa
f55609
f54d74
f5a125
f550e8
f50849
f5db66
f6ba99
f7351f
f7c03b
f7776e
f6784e
f6b54e
f86872
f9ae8a
f98391
f8bb61
f8673b
f891e2
f93c35
fa8e6c
fb5f22
fabe98
f9eac8
fa209b
fb07b1
fbbfba
fbbd36
fb9407
fbe5bf
fbe64e
fbd1e9
fcb9b6
fd4d14
fcda80
fd1c20
fd988a
fd146e
fd2a33
fe1e53
fe52d5
fe8ccc
ff5270
ff203c
fe5f40
fec613
000810
00db7c
00bc2f
003a01
0037d0
00b031
019f9f
030ac8
035de4
0217f7
01b580
032875
0470f8
04cf97
04e70e
04b11c
049f8b
05833a
06ba07
073bf2
0743fd
0747aa
075416
07d5d8
08db09
096985
095880
099871
0a1a4b
0a619a
0abe34
0b1285
0b224c
0b83e3
0c0aaa
0bfbcb
0bec90
0c4093
0c809c
0ce7d1
0d6757
0d11af
0c5186
0c5e04
0d0184
0d5bd2
0d2cde
0cc4b1
0c8f36
0c71ed
0c4bdc
0c8e0d
0ccc15
0bf8ba
0aeed5
0b14ef
0b7135
0aec27
0a85a1
0a8ae7
09f446
093f90
09426b
08f9f5
0814e0
07d105
07e818
074bd2
06917d
0639b7
05c72d
056c23
055ccd
04f0c5
0400b0
0327f7
02eb70
032665
02e9e2
020558
01752a
012587
006a47
fffbed
003230
000156
ff4f78
febdfd
fe429f
fdeb71
fdbdc9
fd45b9
fcd79c
fcece4
fce0b2
fc353b
fb5fbb
fad6a8
faebfd
fb78fb
fb6ac5
fa4cad
f93463
f904ac
f959ae
f9a923
f9ca2f
f94982
f7fcb9
f70ead
f77b43
f846a9
f83271
f79192
f6f238
f65f64
f62a41
f66f4c
f69b81
f65a77
f5d3cf
f56260
f557cc
f57ba3
f55e46
f50e8d
f4c6d4
f4b4bf
f4dfe3
f4cfcd
f4631d
f4376a
f45f73
f47eac
f490fc
f45500
f3e6fc
f42d23
f4c77b
f49487
f4214c
f43ee0
f47ded
f4bc6c
f51fc2
f52c4d
f4d7db
f4c57f
f5277f
f5b399
f610b0
f62e34
f631f6
f60ba2
f5d7bc
f63f89
f75e19
f84893
f82a31
f75c5e
f7252b
f7d729
f87721
f8e92f
f9b7f0
fa2210
f99942
f9204b
f95974
fa096f
fb2f09
fc1cb2
fbbd7d
facccf
fae4e8
fbc0ef
fc502a
fcf3b5
fda572
fd125b
fc076a
fcbc43
fe33b9
fe7652
fe871d
feea31
fe5b88
fdb69c
fe8267
ffbd70
0046d0
00518c
ffd4d3
ff4865
ffcbe8
01009e
018c81
016c8a
01528c
0116e2
00e245
01b28f
030587
0341d2
02bbbf
029035
02a5bd
031168
03c702
040594
0451a7
04f3f6
0488ea
03d7c3
04dbef
05f902
0584b6
055bd0
06375b
06557b
05ce99
063f82
0756a1
078dcf
070225
06e6b7
071d5a
072f19
07c4d4
089da4
0886b3
07e707
07b436
07e1c8
0864a9
08d79b
0897e6
083981
084df1
086cc9
08791f
088ab0
08962d
088d67
07fb4e
074ea3
07cedb
08aec6
084ed7
076f78
07297f
072424
070be4
06e44e
06bddc
06a0ae
063647
05bef7
05c2f5
05a746
052903
0506b9
04ec44
0446ee
03ab26
0381eb
03aa98
03c753
032d45
023dcb
01f688
01fbf0
01ba4a
017d3b
01505f
00fcb6
007658
ffdd55
ffb728
fff93c
ffc365
ff1245
feadde
fe9d53
fe5e4f
fde928
fddca2
fe3ee8
fdee15
fcf658
fcb37d
fcbf9f
fc41ed
fc55fa
fd1c36
fd0352
fc0453
fb2536
fad973
fb6810
fc2b4d
fc0603
fb5a75
fae426
fa780d
fa5735
fafcb4
fba9ae
fb38f7
fa0ac2
f9b7ad
fa7bd4
faee0d
fabc38
fa9f29
fa5f8f
f9e654
f9db7c
fa39f9
fab710
fb00de
fa7cfb
f9da7e
fa3488
fab779
fa875d
fa6c6b
fac07f
fb2962
fb54a4
fac8b4
fa465c
fb0cef
fbf6f4
fbbc63
fb962b
fc08e2
fbf77c
fbc95c
fc5e85
fcf384
fcf8af
fce831
fcf855
fd4a48
fdef8b
fe4989
fe4669
fe9fe7
fee858
fe6622
fe700d
ffefb2
00e009
003b4f
ffea21
006dfa
008fe4
00dc04
01b7b1
020635
022f4d
029f84
0207ad
01711c
02d3c0
04106c
038b37
039550
043715
036f71
02fda3
0495ae
05af6a
04e420
04400b
049b6e
04e22d
052af9
05efbf
0625d4
0571f1
0522c5
054100
05385d
06294e
076abb
067fe3
04f988
059712
066e9e
060fb9
065d44
06ef14
0646e5
05c054
06047e
0625d3
06a537
074e20
0682ee
054b9d
05baef
06aa3c
069f3c
06bc39
071264
0609d5
04f7b4
060990
074c3a
06c774
064a32
067e61
0608a0
05b2aa
065ba1
06c540
069162
06757f
064c78
062805
065a75
067e1a
0665f2
066464
067e63
067b1c
065e73
06756e
069e9c
065f90
063abe
06ae33
06b96c
061e59
0621ee
06bb10
06cdef
0665de
06203d
0621e2
064353
064f68
0652ec
064d68
0604ce
05cc19
05e1f9
05d9f4
05af04
05a111
057e61
0544b2
051828
04eb6d
04e055
04d22f
04794d
042197
03fdb1
03e1ba
03cdb1
03701c
02cc85
02b058
02ca21
023b7d
01bc36
01d968
01be58
01314c
00a89e
002e27
ffe953
ffd9ff
ff9771
ff3602
fef7a7
fe9153
fde84d
fd8b47
fda218
fd70fb
fcc126
fc6841
fc5434
fbbab8
fb5265
fbafea
fb7ff2
fa8a6a
fa2d70
fa2ff3
f9e63d
f9ed65
f9fe93
f95811
f8ca55
f8d275
f8aece
f885f0
f8bd98
f89bca
f80a07
f7db0b
f7ecc8
f7c0f6
f7b979
f7f5fa
f7de70
f76701
f738fa
f784fd
f7b373
f78031
f77db2
f7be6d
f79149
f739f2
f770bc
f7a3f5
f776e9
f7b090
f83ad8
f83deb
f7c930
f75a28
f775bf
f84f32
f8d75c
f875f1
f84892
f876a6
f800b8
f7bcaa
f8d214
f9e02d
f9745e
f88e20
f84fb5
f874ca
f8e725
f9bdcb
fa076a
f97044
f904d6
f8ec12
f8da7b
f98a83
fa6977
fa0ead
f96f74
f98947
f93cba
f8cb80
f99790
fac086
fabeb1
f9bacf
f8bd65
f8bfa8
f9a4c0
fa64a0
fab75f
fa79d5
f961e2
f88277
f8efd8
f9fff0
fae153
fb0173
f9e1e7
f8a6ba
f8ea8d
fa260a
fae4c1
fad5ed
fa5a33
f9a3fb
f91c4f
f9b404
fb3da9
fbbe4c
fabde3
fa4746
fac3ce
fab863
fa8e3b
fb5a07
fc1449
fbd0b9
fb8bb7
fbe4be
fc2b41
fc27bc
fc62c3
fcc584
fce66a
fcec2d
fd12a9
fd68da
fdf52b
fe45b5
fe0e8f
fdf79b
fe4de7
fe91a5
fedad9
ff57cf
ff7ada
ff38fb
ff4ce9
ffda18
005d60
0086e3
00569b
00073f
00125c
00bb29
01600a
0148a2
011110
015633
0165bf
0130f8
01850c
01e14c
01c35a
01f5c2
0239cc
01ba2b
0189dd
025099
02a732
0252a3
027082
0282cf
01edca
01f06a
02e5fa
0340dc
02bc0f
02842f
02853b
02426a
02847f
035d51
0380e9
02e146
02aba2
02d6a9
02cf24
02fd4a
0372fd
036cac
02fa13
02e826
032e52
0353d8
03684c
037629
0349e0
03181e
032a2f
0349fb
035eca
0397ba
03a8f5
033ac1
02cdf7
02e37a
033e85
03a3be
03c988
034ebb
02a9dd
027e5f
029a25
02fd5b
039c51
03735b
026b34
01dde0
02181e
0281b7
02f0f5
02e9a7
022255
017bd7
016d1f
01ab89
021186
023c67
01de84
0148fc
00bec9
009968
011fce
018e43
0163f3
010e63
007cdb
ffec0f
002f21
00a6e1
0081ed
008a2f
00d02a
00452d
ff4971
ff2686
0018d9
010e51
00cecf
ffa99a
fefb29
ff1291
ff8ad7
005237
01015f
00c5ef
ff80fa
fe72e9
ff064c
006385
00aabd
005667
005a5d
ffda39
ff1aaa
ffa511
00c80e
00d790
002149
ffc3d5
fff63a
004c22
0067d6
006c3c
008471
0082c1
00381a
ffd195
fff6ba
00ca47
011395
00554f
ffcb90
ffea0f
00168f
005def
00a449
007215
fffddf
ff88d5
ff5ef7
fff6f7
0090f9
004574
ffcc0f
ffab8c
ff57b8
ff01f9
ff5545
000e2a
0038a2
ff8520
ff0ffe
ff7e6a
ffa76a
ff26af
ff1d68
ff7b42
ff9942
ffcd14
ffe4c6
ff7874
ff6107
ffd602
ffe526
ffc434
003216
0081fd
002d3a
0029be
00cd45
00f9ca
00a9db
010c0e
01a958
0178d0
015a29
01e848
0229b1
021599
02717a
02e140
02fd43
030d57
031cb0
034be8
03bca8
03fb25
03ef34
0413c6
046031
048935
04acdf
04e007
04ff29
04f937
04fd10
052f6f
0558c1
0560c5
057f16
058ecf
058099
05ab2e
05bc40
0551f0
0539be
05c22e
05e817
05906f
057f8e
056a92
04f879
04e7d4
05730c
05bc4e
0569c6
04f1a7
049dde
04777b
04a4d9
04fecb
04fb5a
047bfb
0412c6
04190c
044598
0448c5
042804
03f7c2
03c355
03a176
039898
038fd0
0379d6
035c59
0346f3
034076
0330ae
02f4f0
02b037
02a184
02bc2b
02b1da
0273a3
02454a
022972
01e619
01b9f0
01ddf3
01c838
014ead
01248e
013972
00e62f
0075c0
006110
00512b
001b66
ffefdd
ffab35
ff1c86
fe99f9
fea6fa
ff1636
feec8d
fdd4e7
fcd364
fcc35a
fd541c
fda17b
fd202d
fc25bd
fb578a
fae7e9
fb1253
fbc086
fbc4fc
faaab4
f9aac0
f9728e
f9958c
f9d294
f9dbfb
f976fc
f8efb0
f86e53
f825a8
f87419
f8cec0
f88f6e
f82ec2
f802f6
f7dd66
f7e004
f7f64a
f80d4a
f879ed
f8b396
f80536
f7612f
f7de26
f8ed63
f9702f
f9115f
f885dc
f89540
f90379
f98327
fa40ab
faa3e9
fa2364
f9935e
f9b615
fa830d
fbb3b8
fc6396
fbfad7
fb4add
fb094f
fb3eca
fc375f
fd85c4
fdc723
fce7b7
fc5bdf
fcbb03
fd3953
fd75a1
fdf6d8
fe7e7c
fe2606
fd40ad
fceb3e
fd99f4
fed8ce
ff3be6
fe32be
fd702f
fdb6ba
fdd1d5
fdec32
fe829a
fe6631
fdc308
fdd142
fdebf8
fdc79f
fe1f24
fe2813
fd6748
fd1f0e
fd88b1
fded6f
fe4116
fe45cc
fdc721
fd463b
fd488a
fde72c
fe7a3b
fe4705
fe0718
fe6395
fe91d3
fe6fec
feb1f3
ff2699
ff7981
ffa74d
ff9112
ffa68a
0024e8
007b91
00d40d
01792e
01af2e
018cc9
01eaf5
026d48
02a63c
03072d
0386e2
03cf5e
041089
0463da
04b4db
0527df
05ac8d
05c127
0578e2
05c864
06b9cd
071ed9
06f909
072b09
075d50
074464
0780f4
07db2b
07f49b
08353a
084e19
07f255
07eb5d
082c5b
08141f
08123a
08340d
07fa37
07d8b5
07f1ea
07a76c
074a0c
0754d2
074695
06e7be
06a9e3
0694df
0659c7
060afa
05f407
05c0c7
050932
049b05
04f983
04f01b
041b87
03a8e2
03929a
03207b
02d46a
02dc13
0297fe
022144
01b8a3
01477f
01134e
010d1a
00adf5
003dd2
000a0a
ff9d8d
ff1dd2
ff299e
ff537c
fee9ba
fe27f2
fd97bf
fd7918
fdb69d
fdc8f5
fd55c4
fcb1bd
fc2735
fbbef8
fbca24
fc442e
fc649e
fbb7cf
fab6ca
fa0cea
fa2576
fac9d3
fb0d33
fa811e
f9c1a9
f94385
f902d3
f927e1
f98b05
f9869d
f90331
f878b5
f81393
f7fdfd
f86b7a
f8dbe6
f8a6ea
f803e7
f76f79
f72b60
f78e91
f85ea6
f8965d
f7f4a3
f75c43
f73eca
f755f9
f7c836
f8b1b1
f90ec2
f81f93
f70584
f724ec
f8421d
f97d94
fa1b11
f9588a
f7f68c
f7ef8c
f92a4c
fa14e6
faa843
fafe44
fa5b34
f97fb2
f9b17c
faa878
fbebe0
fcfc3d
fca455
fb4e86
fae5e9
fbaf71
fcd7b9
fe17ac
fe8ae4
fda3c7
fcd40d
fd2ad7
fdc3ff
fe5286
ff64da
000013
ff0eb5
fdf45e
fe4cdf
ff7932
006c1f
00be8f
000ac9
ff0c94
ff3e98
003b8a
00c38d
00e65e
00bf52
002b0d
ffe0d9
003965
00b7d1
014514
017bc2
00bc30
ffd2d9
fffac7
00f8c5
01c328
01b9da
00f10c
002e40
003579
00eeb8
0185fd
01950f
019eec
01a47a
00fe25
006640
010b5b
021bba
026130
021ead
01b29f
0165af
01d31d
0282cc
02a0f5
02a5f0
02d7e4
02a77a
0265e3
02c7f5
036e62
03cbfa
03e73f
03b66f
034cf6
035752
040d1d
04a736
04af16
0479e4
0436c6
042d77
04ba9b
05267b
04de4f
04c9a8
051a09
04e77c
04a255
04f984
052c43
0500b6
04faba
04d4d1
0494e7
04bbeb
04c692
046025
044816
0469e9
0416f5
03ba5b
03c77b
03c71b
039179
0358fb
02d6a1
02484e
026f27
02cfc7
026d3b
01c1b6
016d2e
010f9d
00e354
013116
010d61
0052af
fff66c
ffc7a0
ff54df
ff2c90
ff3338
fee3f2
fea8a5
fe98f6
fe374d
fdbd8b
fd874f
fd6744
fd3b5c
fcebde
fca296
fcb9eb
fcd6b4
fc7787
fbfbb5
fbb167
fb695b
fb5c0c
fba354
fbbbd4
fb7b14
fb08f8
fa6967
fa1d4c
faae4c
fb5bf9
fb2034
fa46aa
f9b129
f9a86e
fa0479
fa63b9
fa7a17
fa5501
f9eced
f95d9e
f95d6f
f9e9b8
fa11c1
f9ea0c
f9fbac
f9c543
f94c36
f976c6
fa15df
fa6320
fa3d54
f9bd34
f96dc0
f9ca85
fa4767
fab838
fb3361
faadc7
f98b87
f9f656
fb5ef2
fbbd1d
fba702
fbb578
fb2bfb
fb1aef
fc48e8
fcef3f
fca8fb
fcd98d
fd0e45
fcd466
fd7414
fea961
fee331
fe919f
feb08d
fed170
ff10de
001e92
013581
01635b
010e32
00b35e
00acd2
01a467
033185
040623
040123
039a78
02d67c
02a112
0431d1
065a93
06cfcd
05b806
04f3a9
05176a
05cb9e
0713dd
082a1b
07f30e
0734c7
0703ae
070258
078880
08f820
097271
0870fe
082782
089555
086038
08bbb3
09d059
099c4b
08c445
08cbb7
08b4f9
08959a
099148
0a26f0
093d91
0882ee
0876c5
086010
08e5c3
09b450
093af7
082f46
0814cd
084bbe
0848b4
0887aa
08775c
07b911
0789af
0807b3
07efeb
078f7c
07aaa3
0771f1
06ce18
06f3e5
077938
072e65
06b8b8
06ca7e
06ae93
066219
068e6b
06a67f
064564
063bb4
0669c1
05ecf7
057f3b
05f3b6
0648cb
05f224
05ad63
056d89
0504d5
054820
05f95f
05cfce
050bfa
04a482
04928e
04d631
055c0c
05457e
048d2f
042764
041e17
041eb9
046245
049723
042f19
039c1c
03633c
036003
037de5
038de4
0339f9
02c6e0
02aa40
02abd9
027ac9
023e1d
021e56
01fcef
01b9a1
015dc2
011578
00f0d5
00e39b
00dc55
0095be
fff3d8
ff7aec
ff8130
ff9b6a
ff661c
feec3c
fe6f86
fe3a9c
fe1ca5
fda673
fd418f
fd60e0
fd55f6
fcbb1c
fc3540
fbf412
fbb069
fb8f53
fb7755
fb1d6d
fad471
fa9dfe
f9f67c
f96288
f9a89d
fa0857
f9a5d8
f8f507
f869bb
f7fbd4
f81e54
f8b8aa
f8974f
f79af5
f712f8
f74a82
f77d31
f76673
f70971
f69f55
f6d3e0
f74bda
f6e0f2
f62194
f65571
f6d6f3
f6c40b
f6b757
f6d2cd
f678e3
f6320d
f69a5f
f7156a
f749cc
f75f59
f70555
f69d71
f713c8
f7caae
f7efb4
f82a8d
f86a02
f7d89d
f78d88
f89c8c
f98ea6
f95560
f90380
f94da0
f9c0de
f9f3e7
f9f182
fa5738
fb2001
fb15e3
fa76b3
fafe20
fc2a38
fc3b3d
fbb85b
fbb28b
fbe657
fc7f1c
fd89c0
fdd36a
fd237d
fc9995
fc9251
fd0dae
fe33c3
ff0d4f
fe9dc6
fdaa42
fd3608
fd5b6f
fe1f3e
ff3334
ffa990
ff063d
fdccef
fd1ff1
fdd240
ff24e9
ff8d36
fef8ff
fe7691
fe32fd
fdd419
fdd554
fe9b92
ff4fa4
fef70c
fdff2d
fd7328
fd80d5
fdffcb
fed3b2
ff0e84
fe17de
fd37db
fd5e65
fdb945
fdfa0b
fe6d5e
fe5df1
fda375
fd48f1
fd6e28
fdb70f
fe52d9
fe8d07
fdc066
fd2f8d
fda0e3
fe1b73
fe4b49
fe6a51
fe2adb
fde792
fe1679
fe2cdc
fe3679
febc27
ff0050
fe9f51
fe6f73
fe6e13
fe666e
ff0ddd
ffceaf
ff5ab9
fe8ab6
feb435
ff4b55
ff9d11
ffb3ae
ff792a
ff2cfe
ff40e3
ff8192
ffb54d
ffd9ee
ffbf8e
ff97f7
ffa771
ff9887
ff7b26
ffb7a5
ffd3aa
ff86be
ff795f
ffb10b
ffb834
ffaf92
ff8fa6
ff4073
ff4e8c
ffa3b3
ff7c37
ff2301
ff2ef4
ff4aa8
ff4d4a
ff554a
ff205e
feef63
ff2f20
ff4a7d
feed93
fec368
fedea3
fedd77
fefca5
ff3499
ff0e73
fec491
febbc9
feb909
feb08a
fee2e3
ff2c90
ff367d
feeb86
fe8349
fe6e06
fed19e
ff4202
ff59f3
ff178c
feb5ef
fe95e7
fedaaf
ff2b40
ff3190
ff13db
ff139f
ff0fed
fecea2
feaf06
ff2280
ff91d1
ff4969
fed00d
fecaa4
fefbd2
ff30df
ff440c
feefa8
fed6c6
ff6a3d
ff85a7
fec5a6
fe843f
feffdd
ff4fcc
ff7e9b
ff7ca4
fee5e3
fe9b39
ff2f93
ff8b44
ff57cd
ff4139
ff3b0f
ff6606
fff088
ffbea6
fed7bf
ff281d
005fb1
0060f7
ffc114
000eeb
0078ce
002c38
ffffbf
004de4
00d0b9
01797f
0195aa
00b9f8
0051c0
015032
023ff8
020f63
01d787
022aae
0228c1
01dac2
021ec0
02c260
035090
03c7d2
036b15
02230a
01ecb3
037d79
04c2d3
04aeb6
03f15b
02dd86
027976
03cd6a
051b27
04b9e1
041fde
0417a3
038b51
031a9a
03dad5
04cd7e
051545
04aa17
036c08
02ac95
03a8ea
048113
03f1e9
03b662
040a8c
037e36
02ec88
035041
038749
03735f
03b8da
034ee0
02273d
02230a
03388f
03a8c0
034229
02b692
02387b
023027
02af97
02ec1e
02b884
02ae53
02b88a
026a80
0227e5
028414
03249c
0343f5
02d0f1
02648e
027c2f
02fd70
0353d0
032acf
03103c
036549
03908b
035d70
03673a
039f05
03a991
03e758
04285c
03d83b
03b88a
046334
04b447
044537
041cfb
04544c
0474d7
04b270
04c9bd
0467f1
045de2
04d2ba
04d4d2
0482c0
049368
04aea6
0493d3
048f76
047bf3
044693
044855
04568b
042dad
041e2b
04236c
03f619
03c9fa
03ba9d
039761
0377fd
03655c
0329d2
02f521
0301fd
030c50
02e769
02a7db
025469
0230d2
026622
0274ed
0204db
019741
019096
01b017
01b6db
019d99
016641
013814
011e29
00ea06
00bac9
00df1f
010624
00b17f
0039b3
003662
0069ce
0055f4
002429
001481
fff9be
ffab7b
ff5c81
ff4abb
ff6a1f
ff747d
ff5458
ff11b4
fe9736
fe2488
fe3f84
fe9c54
fe7a6e
fe04b3
fd9e46
fd2192
fceb99
fd46c8
fd35de
fc76b8
fc4a6f
fc96a6
fc2022
fb74f0
fb71d9
fb4ae5
fac19f
faae8b
fada2a
fab74e
fa7cdb
f9ff50
f93f17
f92b76
f9a20a
f98999
f9387c
f94d22
f90094
f835be
f8127c
f89662
f8e3ee
f8e73b
f8b53b
f843a3
f8157f
f8465f
f84354
f86f7b
f94417
f97bcc
f88169
f8355f
f92cc9
f983b5
f942f6
fa000b
fa91a3
f9a710
f94d81
fa84f8
fb4799
fb3de6
fb79c4
fb5301
faede4
fbaf1b
fca116
fca192
fced70
fd5125
fc96ad
fc6dc6
fdbead
fe49b9
fdf88d
fe7745
fead7d
fdee20
fdf8c3
fea3b4
fed153
ff5fcc
fff2a3
ff3805
fea63a
ff27bb
ff06c9
fecb3b
ffeb80
005ba9
ff16b0
feae7f
ff70d6
ff715d
ff5937
ffcccc
ff684b
fe99f4
fed01e
ff206b
fef536
ff5e14
ffa778
fecc1c
fe55bb
feebcf
fef325
fe9b6a
ff1fd3
ff5ec2
fe974f
fe62fc
feecbc
feeb96
fefba2
ffa1e6
ff8f90
fee0fb
feec46
ff2b47
ff4225
001db1
00c0d5
ffe97e
ff68bf
0037a5
0086e4
006366
012410
01991f
010ff7
011b7f
01ac01
01ac2d
01fb58
02b7a9
0291a0
02399a
02c9c7
032ca0
031c4e
0398c3
03ef4c
038181
0392ef
0439c2
044872
04415b
04bdee
04c1ee
044ba2
047902
04f9fa
05066a
050085
0513c7
04e047
04c61e
0517b7
052e8f
04e32b
04c6ed
04cdf6
04a4db
049ad8
04cb84
04be32
04654f
0412b5
03cd6b
03b7f4
03f902
040e84
0393d0
030983
02db3a
02c938
02a5c2
027c97
0253e7
023617
01f14b
0159d0
00ec34
01037e
011572
00ce70
007e3d
000bbb
ff637b
ff2bd4
ff8570
ff90f0
ff0b4f
fe7679
fdf918
fd93bf
fd93f2
fdd79e
fdcd33
fd3ee1
fc69b3
fbb010
fbacdd
fc68a5
fcbc8a
fbd401
faa1e7
fa5316
fa84c0
fa88a8
fa9516
fa9e4d
fa1c39
f95455
f8ef16
f8f46f
f92b8e
f94955
f8f31f
f872f8
f84721
f82c86
f7fd94
f81149
f81ae0
f7c508
f7a9a8
f7e003
f7b33f
f7503a
f772ec
f7dd80
f7e7cc
f775d0
f701ef
f75ae4
f8680a
f8bbe3
f7e454
f74e16
f7c190
f87631
f8c456
f8c86c
f8d78b
f92c72
f973be
f94497
f9242f
f9b60d
fa87cb
fad17c
faa3d5
fa97eb
faf885
fb7227
fbbaf3
fc011e
fc47db
fc4e2d
fc8660
fd3c63
fd8b24
fd2fbc
fd58dd
fe2a00
fe62b6
fe1d15
fe8d02
ff5f1e
ff54ab
fea667
fea25b
ff8e99
0065f7
006639
fff767
ffd0d7
fffc79
00299d
005b10
00c5fa
01358d
011365
006945
003bdb
00f3cc
019138
01658d
010633
00f82b
010850
012239
0161f1
019b3b
019d28
0185c0
0171ae
0147cc
0125c1
0186fb
025a91
0297d6
01c43b
00f7c4
013559
021262
02bdf6
02e0e1
026fb9
01e96b
01f293
024463
026670
02bf70
0369ca
03718d
02a51c
023696
02c0a4
0389f4
03d8b3
039a39
032cbf
030e5c
035d07
03b9ce
03eca6
04078f
03f8cb
03b3e9
037135
0370af
03c774
044975
0461d2
03d220
0350c6
036bac
03c49e
03f91f
03fd56
038af7
02da68
02dc2f
037528
037d3b
02f355
02c8fa
02d282
02701e
020fde
021e3e
022944
01f6ad
01bb21
016aa1
010a47
00e8be
00e471
00ae47
006c10
002581
ffb7b1
ff7873
ff9490
ff6f8e
fef055
feaaef
fe74a2
fdeb29
fda493
fddea1
fdd93b
fd6598
fcf363
fc7ca8
fc227f
fc439f
fc5a1a
fbe651
fb6cf0
fb281e
facc96
fab844
fb0987
fae562
fa1fa2
f989f2
f96ca9
f98a0c
f9b283
f98c56
f90fb0
f8b701
f890e1
f84e95
f82d05
f84eaa
f849f4
f8065d
f7d103
f7a055
f755a9
f72d0b
f75b0d
f7a132
f77fa0
f6e9c7
f69abc
f6fc55
f753c6
f710e8
f6d079
f6f9ed
f6f68d
f6a8c7
f6d49d
f77091
f782d2
f70149
f6f14d
f776b7
f7adfc
f76ec8
f79842
f8522a
f89c25
f81ee6
f7e7d8
f88be7
f945b9
f993db
f9c395
f9cef6
f9b0d8
f9f7f5
fab67e
fb4c0a
fb84aa
fb9407
fbcb7e
fc8b47
fd4f16
fd369f
fcfe2a
fdacc6
fe70f0
fec272
ff7d34
0052f6
003853
ffc8dd
fffb42
00db45
024326
034366
02e5c3
02540d
02bc1e
0339a1
03b1c8
04fb16
05ed02
0588ab
052489
054fea
0582c4
065ec6
07b1f5
07f7cf
078476
07685d
0749c1
0799a9
08ffeb
09c2f4
0909f1
08c224
0938ef
090b45
092047
0a70be
0b2bbe
0a4c15
097195
09a7bf
0a67d1
0b1c0d
0b4721
0ad894
0a867c
0a8af4
0a8a45
0ad8e9
0b8c05
0b96f1
0ae627
0ab9f1
0af82d
0abb69
0abefe
0b7158
0b77d7
0abd23
0a9f65
0acdd7
0a91fc
0aafeb
0b021a
0a9e91
0a48ed
0a6041
09f448
09c0ef
0a81c8
0a72ff
095654
09386b
09a84e
093d4c
0909f1
095512
08c9d9
0826b7
086905
086c74
07f14d
07d00d
079745
072cc7
073540
070351
065b98
065b4a
06900e
05f553
05719a
0573b9
051c3a
04bfcd
04d996
049883
040ecd
03eb26
03a686
031d24
031b95
033e5d
02b98f
022223
02036a
01e900
01a8cb
018353
015b87
00e3d3
0049ba
0022d3
006bf4
005979
ffc2ec
ff5bcc
ff38a9
fef2fd
feac21
fe9300
fe6d91
fe1adc
fdba5a
fd87cc
fd8eb2
fd549f
fccd98
fc9903
fc877d
fc07d6
fbac7d
fbc418
fb8493
fb1b58
fb34c9
fb1409
fa3ce6
f99c2b
f9a054
f9d97d
f9f02e
f97871
f89b72
f844d9
f85172
f80dcc
f7f68b
f82fb9
f7be30
f6d2e8
f68875
f6af81
f69aac
f66ae7
f65c66
f64a98
f5dd5a
f51802
f4ea06
f5a599
f5efc5
f53556
f4a828
f4b286
f4b289
f4c86a
f52e5b
f5515e
f4d6bf
f41d71
f40978
f515c8
f61a2d
f5c7ea
f4ead8
f4ab12
f4c305
f53d27
f66206
f71d21
f6b9b1
f62e43
f61cbe
f6728f
f75434
f83ea9
f8650a
f82d8c
f82f8e
f85e00
f90196
fa1b2d
faaaf7
fa714a
fa3f0a
fa4f31
fab948
fbf399
fd4d82
fd69e6
fc74fb
fbbfe4
fc28d9
fdcbd9
ff9f0b
0001d8
fee2dc
fdd35f
fdbf23
fea7d7
005ea3
01ae50
0136df
ffc8f4
ff4254
ffd875
00d167
01d42d
023a87
018abf
009dfe
0066c4
00dff8
01b21d
023677
01e69b
01705b
016381
011783
00bd48
016939
0246e9
01d432
00d331
008dd9
00c119
011a8a
018905
016aa9
00c34d
005e99
004c27
00623c
00d90c
0118d4
007fe4
000037
004564
00692b
002233
002979
004eab
001af0
0014c2
00605a
004ba4
ffe2d3
ffc652
fff887
003ec4
007074
0033c2
ffc3a0
ffd3a8
003604
004b98
002bf5
0002b1
ffca0b
ffecb2
0065fa
00642c
ffe681
ffb5d1
ffd35f
ffe0c5
fff24e
ffeae7
ffb0e3
ff98e4
ffa241
ff8389
ff7007
ff6b71
ff2228
fedab1
feec85
fef753
fec579
fe8a13
fe526c
fe3686
fe3ff6
fe1630
fdbaaa
fd81fe
fd5a7e
fd3bb5
fd4a45
fd286b
fcb550
fc8097
fc8864
fc47c8
fbf8d0
fbf2e6
fbf619
fbdf39
fbabc2
fb4485
faeac6
fae02a
fafe06
fb21c1
fb2041
fab1a0
fa26ea
fa076d
fa322c
fa5855
fa66ef
fa3789
f9e6d9
f9ba3c
f99aa1
f98d0c
f9c05f
f9d415
f9917e
f97db4
f997e4
f95fab
f9125c
f92127
f96179
f988b3
f96d3c
f92144
f908a2
f91934
f8f7c8
f8ef55
f93941
f954d9
f93012
f92571
f8fec3
f8b9ef
f8d552
f92f26
f96223
f96f6e
f92bdd
f8b808
f8df42
f98586
f9bb3c
f98925
f963a3
f92e2b
f925f9
f9b7b0
fa5f51
fa7b86
fa1e1c
f99fbf
f9ab9a
fa9f85
fb6e84
fb25cc
fab5b2
fb13e0
fb8daf
fba501
fbe88c
fc527b
fc6c3e
fc9e6a
fd457e
fdc5e0
fdaf29
fd6a9a
fd881a
fe5e14
ff89bf
fff493
ff9515
ff8703
ffe6e5
002be4
00d204
01d3a1
020557
01ad95
020df2
029aaf
028923
02a67e
037204
0467ab
05063c
04a818
038334
0371d6
04e5ee
061243
065901
063b85
056487
048cce
055f8e
0708cf
077b82
06ce4e
060991
05ab0e
061844
06f388
074685
072a19
06ede0
064068
05d44c
068652
0739a9
06f1f2
06a02a
06a4f7
064265
05d6be
0610cb
067288
06a949
06c35b
063cb8
056372
05784f
063cf7
067b7c
0648bc
05fccf
056e56
055b34
06468b
06c718
061272
057c7d
05ad55
05f2e1
064984
06b9cb
069a32
061991
05f8c6
0634a0
06abb4
072987
06ee81
06535e
069460
074547
074dd1
0721d4
0730dd
0711d5
071a0f
07983d
07c400
075c3f
072a3c
0766b1
07a50a
07ad65
0777e3
073b3e
075187
078a79
0762ff
06f63b
06ce18
06f91c
06fe39
06c77f
069f3e
065aff
05d83e
05b7f1
0622bb
06182a
054b7e
04b407
04b761
04cefb
04c042
04884d
03f4e3
03466f
03109f
0347c4
035533
02fa74
026496
01e5d7
01b736
01b405
0187b9
013e31
010af9
00d578
00794a
001126
ffc9d0
ffc619
ffe1c7
ffb2e9
ff33df
fecd14
fea229
fe9657
fe9d96
fe839d
fe0a5a
fd8393
fd77ec
fdb11d
fd95e3
fd4dd3
fd29a3
fcb9c3
fc16df
fc307a
fcabdb
fc6837
fbc65e
fb8a36
fb5abd
fb1a63
fb1471
faf63f
fa9d9c
fa6754
fa3945
f9d5b7
f97e4f
f96148
f950fa
f91b2d
f8b6da
f8499e
f808ff
f801a0
f806d7
f7c763
f72072
f681e1
f6783c
f6dac9
f6eb8b
f65612
f5acd7
f5802b
f58cc1
f57831
f58bd3
f5afa0
f534ed
f4767b
f484b3
f5196b
f54ab2
f526d5
f4c9e7
f45b3e
f4cabf
f5bafe
f57e45
f4a629
f4d3e2
f57f4f
f5faf3
f6864d
f67516
f5c037
f5ed23
f6f455
f77d47
f789fd
f7a3d9
f7dbe6
f864da
f8ff07
f92208
f91996
f9582e
f9c19d
fa81e2
fb9c11
fbfb4f
fb246b
fa9630
fb6db0
fcd7c6
fddf5b
fe084d
fd2784
fc9728
fd969c
fec940
feec2b
fed4b6
fef76c
ff1c20
ff7db1
ffcd07
ffb2a1
ffba1e
00063d
004bbd
0096e7
00bcd8
008eb2
005426
0053c8
00d40c
01866f
0169fb
009d52
004b49
00cfe5
019615
01bced
012277
00dd00
012d03
014bb7
017198
01b607
01644a
013a3d
01e1cd
020f9d
018571
018423
01f6af
024589
02a0da
02bb68
025150
022455
02906c
03063c
036671
03ca01
03b613
034e77
038b12
0440ba
048014
04776a
04931f
04c2e8
054b87
05d3b2
058c38
05357b
05a3fc
06218f
066999
06c24a
06b65b
06737a
06adef
071055
07374e
0758a8
075b24
07450a
076891
079710
07930b
079201
07a0ed
079711
078197
077f0c
077839
07516d
073b94
0765ab
077d19
070e06
06615f
0643a5
06a9d1
06b9e3
06582c
06046c
05a26b
053b60
054a24
0562b3
04e9be
04571d
041fa5
0415ba
03f2a1
037d75
02ff31
02d45d
029474
021d68
01f115
01cd1f
0137aa
00b7b4
00ab81
00825f
ffe3cf
ff509b
ff1f87
feebdc
fe96e3
fe6905
fe14d6
fd5e2a
fccd8b
fc86ad
fc5da4
fc5e83
fc1839
fb5fda
facc2d
fa6893
fa14b8
fa0f01
f9e940
f96f5f
f91d89
f8bcb9
f80c2d
f791b5
f76c08
f7859d
f7bf65
f75cad
f662b7
f5ae34
f57a7d
f5c683
f63953
f5cd23
f4d004
f48531
f4b17f
f49786
f47ed2
f4ab76
f49aa8
f3d10c
f31938
f39eb7
f49a70
f4940c
f3e758
f36c4f
f3555d
f3b5db
f426ca
f46904
f4a084
f441db
f3acaa
f446c5
f52bbb
f4f1b9
f4cba2
f56520
f59f7e
f585ef
f5e083
f67996
f6b8ef
f67897
f66d3a
f74312
f83a98
f877ce
f83e90
f81103
f853dd
f8f1ee
f9803e
fa407e
fb0025
fab279
f9ef20
fa1ff9
faeee9
fbd924
fcdfe8
fd1692
fc4537
fbd3c9
fc3de3
fd02c9
fdf955
fe9d23
fe6968
fdf3ee
fdc7af
fddee3
fe9208
ffb121
fffa5c
ff5972
ff1153
ff47ca
ff8b85
003116
00c93f
0083e0
002835
0050d5
0070e7
00c486
017adb
019727
0136c7
014757
015df5
014d21
01d864
028d0d
02825d
02422d
0258f5
0270e4
02926f
02ecd9
033cec
038c4a
03cfff
039064
034676
03dcd3
048b03
046bc3
047767
04fd09
04e3c0
048315
04fccf
05b893
05dffa
05bf6c
05b2d8
05d104
062064
065b5d
06691c
068658
06a9c1
069a60
0680cb
06bc73
0727e2
073d0d
070292
06ded3
06bace
06af4e
07107b
075e76
071769
06b668
068b15
067d18
06a1b4
06a2ec
0659cb
06503c
063da2
05a23c
055714
05b37a
05c053
05547f
04e4ab
047df9
044960
043ab3
040b05
03f1e4
03c8de
0328a3
02ae68
02a65a
02624f
02080e
01fcf6
01a7f3
01056c
00b9bd
0097d8
004d6d
fffab2
ff9a5e
ff402e
ff127b
fec398
fe30fb
fdcaa1
fdb16b
fd73c4
fce8c2
fc80d1
fc648c
fc2fe5
fbcd2c
fb4f73
fab8f3
fa6c66
fa76a6
fa37ce
f9bfdc
f98337
f9239f
f88499
f8374d
f829dc
f7fec1
f7cbe4
f78455
f70159
f66eee
f62d69
f656ba
f669ed
f5f418
f564dc
f53ae7
f5325f
f4fbc2
f4c3aa
f4ccc9
f4d21f
f4635f
f3e68f
f3f760
f43a1f
f44ee0
f469ca
f4595f
f3c369
f32de1
f387d2
f4afb5
f53f28
f49eb3
f3c91e
f37522
f3e745
f551fd
f67592
f5f5dc
f4d49c
f469c2
f4f8a8
f675ee
f7a56e
f74e8c
f6b7f6
f70534
f75ecb
f79e0f
f8720c
f9738e
f9c519
f96f2d
f94775
f9d2f0
fac5c3
fbacd1
fc14e4
fbf496
fc0c7e
fc69f8
fccedb
fdf6d3
ff1ba4
feb54b
fe3c42
fed47a
ff2bf9
ffdacf
017a14
01d71b
00ef18
00cd15
01432b
020b28
0353d5
03c894
0349c7
033120
037fa0
03dc67
047c02
052f80
0599f4
0563b2
0504b1
058318
063bca
064a89
067491
06e0ef
070daf
074278
07441e
07234c
07b0bc
083921
081cff
0849ad
087b4c
083b0a
088f0a
093f5e
0942cf
091145
0940fb
0990ce
099b18
09530b
097781
0a2b95
0a73c0
0a51c2
0a4638
0a11f0
0a0468
0a6589
0a9f10
0abece
0ae3b0
0a9c0c
0a5155
0a8615
0ae2d0
0b1be5
0adf8d
0a6070
0a7141
0abbce
0aa3d7
0aaadc
0a9f07
0a256a
0a12ea
0a5c9c
0a4951
0a2551
09f912
099387
096b67
095fab
0933b8
095bf5
097261
08d42a
0843f1
084ed5
084d6c
080006
07e6ab
07fc0d
079680
06ddec
06bfb7
070d2b
06e559
0669e1
06068b
05b143
0580f1
057d05
058104
056043
04c688
040b9d
040a19
0459bc
040865
03720c
03405a
0324b6
02bc17
02599c
025da6
0254ca
01c28c
0131ae
011c92
010cae
00b46f
0056c8
0011f9
ffcc0e
ff6262
fee895
feaf6c
fe9cc2
fe57d4
fdecfa
fd7a02
fcfbb4
fc95e2
fc693c
fc58c1
fc0d27
fb596d
faadc3
fa77ef
fa7077
fa3574
f9bfa4
f93ebc
f8e3fd
f8997c
f835c6
f7d9ed
f77819
f71b07
f72196
f7211d
f67d91
f5c764
f5901b
f58d51
f58d84
f56925
f506e0
f4b13d
f46a0a
f40f72
f40dd8
f47357
f49ef7
f45a69
f3e395
f377c0
f3507b
f3964f
f42ba8
f4930c
f46ccc
f3fe4a
f3ad9f
f3c7f0
f4977d
f54b97
f4fb03
f49f6e
f4f2b8
f50ff2
f54f33
f66633
f6e8b1
f649dc
f6179c
f694e2
f7253f
f7ec2f
f8528f
f7f49c
f7faa4
f894b9
f8fe24
f9a930
fa6445
fa04f2
f980b8
fa3edb
fb2224
fb490b
fb9183
fbdc93
fb92d3
fbb3c6
fc9fa6
fd10ba
fcf0f6
fd1af9
fd09fa
fcad47
fd44a8
fe49eb
fe4dba
fe0568
fe12ca
fdc490
fdbf87
fe783c
fea5d4
fe890f
ff0054
fec5f5
fde075
fe25ce
fee301
fed52b
fef571
ff3672
fe9426
fe0c45
fe7596
fee7cf
ff0150
ff05f6
fec06e
fe70f3
feac31
fefb13
feca09
feb8fd
ff0fde
fef3a8
fe9f64
feee0a
ff2d5d
fef72e
ff3068
ff7486
ff1842
ff0d22
ff6c93
ff6cf9
ff865b
ffccae
ffa2a8
ff9056
ffddf4
ffefeb
0008b2
00503b
00261f
ffd874
001952
008c09
00b5de
00a75e
00848e
006661
006d3a
00a1c1
00d4ad
00d95d
00d3ff
00cc0a
00ad63
00abaf
00c2be
00c07d
00bf3d
00b10f
0087b8
009f85
00c023
006c0c
0028f3
005c20
0083fe
00662c
002334
ffcf0d
ffbd9b
fff066
fffb53
ffcbda
ff99ab
ff6c88
ff4ca2
ff54ea
ff5fad
ff2732
fedd65
fedd3b
fee12f
febfdf
feccd7
feb222
fe393b
fe332b
fe8d6b
fe5d23
fdf959
fde670
fdd443
fde202
fe0fae
fddd73
fd907f
fd782d
fd4caf
fd4259
fd6cbb
fd4447
fcffd0
fd2936
fd5264
fcf061
fc60b1
fc57d1
fcc440
fcd4aa
fc938d
fc90e5
fc4fdc
fb9ef3
fb9ace
fc4ae7
fc77d0
fc02fb
fb9959
fb6d27
fb830f
fb97a5
fb53ef
fb23b2
fb6e4f
fba19f
fb4f9f
fafe36
faed03
face4f
fae3b3
fb5b44
fb667f
fad8ce
fab591
fb07b9
fb1c2f
fb2ed4
fb55e5
fb266a
fb210d
fb8e19
fb92bd
fb55cb
fbb65c
fc1be1
fbf4b9
fc1348
fc97e3
fc9b00
fc58ec
fcba40
fd6d09
fda5de
fd9782
fda704
fdb25d
fdff01
fed557
ff5350
ff18d0
ff2ea3
ff8d6d
ff7834
ffbcd0
009312
00ce0e
00e2bd
017faa
0158f2
00bd36
016d4e
025c55
025480
02a736
0311a6
024835
01ed81
03040a
039c29
037ebb
03d8dc
03ab26
02ce8a
0325e4
041c22
03f829
03cb38
0437e6
03d235
03419d
03cfed
041248
039c82
03fddc
045b1a
03819f
0326d5
03b81c
039e5c
037376
03f6d6
03c190
030c53
033a2e
036161
03043f
036c40
03f093
03437f
02c3ca
03410b
034c57
0307b6
03871c
03c7c1
033785
032be3
039b5e
0392c6
039c2f
03e5e8
03ca94
03caaa
043554
043534
041f14
04a5b4
04e2a3
04804f
047f08
04d646
050af0
0580ce
05f44e
05b23e
054a2a
056221
05b6ab
063449
06ae12
068c8e
062980
0633a5
0656c2
0671cc
06ddf1
072bbd
06f84d
06b360
068412
067e36
06e8ed
072f8a
06e991
06cc6d
06d2d8
06673d
063a86
06acc1
06d1c0
069420
066b4a
060073
0590ed
05d396
062813
05ef63
05c3b9
059dc7
0508a1
04c2e3
05163a
0517f7
04ce70
04cf3a
0499ce
041bd0
040bae
041bdf
03dd2b
03c951
03c2c5
0367d2
034131
034f23
02fc84
02bb08
02ddc1
02bc28
026c11
026982
02415b
01ce96
01ba0d
01d93a
0189bf
01256d
0143f7
0178c6
012115
00708c
000b04
001c24
004658
002b40
ffcc26
ff6045
ff0744
fed844
fedbd7
fecace
fe5bab
fdd594
fd95e9
fd7a48
fd4940
fd08f0
fcc783
fc77a8
fc0bdc
fbb3c0
fba999
fb9d79
fb1cd0
fa8ae1
fa6b29
fa6784
fa2153
f9cd87
f98932
f95006
f92f1b
f8f5f2
f8a1aa
f895d4
f89819
f82918
f7e227
f82b27
f811c4
f773a6
f779ef
f805db
f81326
f7d3c5
f78d89
f6fc84
f6f7ef
f80fe1
f8d361
f858cd
f79481
f74f67
f7c0d8
f8cc07
f9521b
f8e209
f8a6f6
f8d747
f8be40
f917eb
fa388a
faa3b2
fa2e79
fa2cff
fa62a7
fa44bf
fac43f
fbdb0d
fc1c64
fbb052
fbb2bb
fbe921
fbfd2f
fc6ae2
fd17c3
fd7957
fd8ab1
fd33fd
fca781
fce026
fde80e
fe717d
fe4ab8
fe4672
fe293b
fda7b7
fdac85
fe720a
feeed9
fee72e
febb5b
fe3d0f
fdd61f
fe4d98
fefa37
fefbb2
fed6a7
feb11a
fe2d75
fe1414
fec084
ff0019
feb1cf
fec824
fec7f0
fe3464
fe3374
ff0805
ff6e79
ff19c4
fea4e5
fe5ccc
fea968
ff7693
ffca50
ff8bca
ff6bf1
ff4718
ff1cea
ffbc8e
00b8c6
00ca26
003a20
001d68
00676e
00d4ee
0176a4
01e015
01b4da
017fc2
01bbe1
0237d9
02aadc
02f53d
030ac3
031e39
0357ca
038533
03a647
04181f
04b359
04ce5e
04852d
04944a
04fb9d
054111
057ef5
05d36e
05d676
0593c6
05b18d
063435
0681df
067146
064744
063128
064549
068265
06c410
06ddd0
06b0ec
065875
063f26
067aac
06a0d3
068568
0668ac
065b44
063763
060d67
05fc81
05e495
05a992
058499
05a623
05a7e3
05352a
04c1a3
04b298
04ae0e
047e85
045ccb
0436f7
03e28d
03837e
0331bd
030753
030e2a
02dee0
025bcf
02178e
0200e9
018d8b
012a16
01204e
00cca1
005613
005910
0029ba
ff57d0
fee7f3
ff1911
fef572
fe63c6
fdf68f
fdaa3a
fd54d8
fcf645
fcaa5d
fca90b
fc9cef
fbeeae
fb2245
fb02ac
fb13bd
face53
fa9738
fa6722
f9dbac
f95848
f92ab8
f9018c
f8fb9e
f94447
f92246
f846bd
f7a01b
f7ac2c
f7e4c7
f80439
f80554
f7a851
f73fdb
f76f25
f7d25d
f7ad0a
f74124
f70770
f70dbc
f77457
f803c5
f823d6
f7f124
f7bb74
f757f5
f76a8f
f891eb
f978c1
f90eee
f889a5
f890b7
f874a0
f8c25f
fa1675
fb1b2d
fae999
fa3ba5
f9a8c8
f9bb43
fae2a2
fc0d95
fc37e8
fc1ce5
fc2ff5
fbf1e5
fbd05d
fc653f
fd25e7
fdae10
fe082f
fdd7a5
fd411e
fd2fab
fde30e
febb64
ff2afe
fefaf8
fe8328
fe78de
fee03e
ff364d
ff705a
ffa851
ff920b
ff34ee
ff4610
fffc80
00706a
00014e
ff77d8
ffa6b4
001a71
0044f2
005f2b
0075e3
004849
001e42
005663
00a05e
00b111
00b9fe
00ccf6
00bcab
00a78a
00da1b
0131d2
015849
0167bd
018470
017f67
017004
01a072
01dc8d
0200a6
0249da
0284cd
026e19
028448
02db67
02de7a
02c1e0
0316e0
03842e
03b717
03dcaf
03d206
03a42b
03d4ef
044763
048d3d
04b992
04b155
0460f4
046d20
04f60a
0536bc
052ecf
055b6b
055494
04e3ff
04d14f
0552fe
05a3e6
057ee0
054ee3
054262
053b27
05318b
052a71
052187
0521e7
052a34
050698
04b444
047ef7
047389
0473d6
0492d9
0493b7
040f13
037dfb
038fa5
03c442
038178
032316
02f7c5
02c877
0291e2
026525
0237f3
021a47
01dd9c
016407
011912
011748
00db6e
007e4f
006240
0037af
ffccc1
ff87e6
ff55f8
ff0278
fecf08
feae3a
fe45d0
fdd4c5
fdb25e
fda0bb
fd673d
fd09c4
fc8f5e
fc3ac9
fc42a0
fc437b
fbd92d
fb43ad
fae52e
fac5f4
facb8b
fac3f6
fa7c05
fa09e2
f9a68e
f96725
f947b1
f940de
f922f1
f8d56a
f8987b
f895d8
f88e55
f84bdd
f7f665
f7ba6c
f7a00d
f7c1d0
f8143f
f827b5
f7ae8d
f71501
f702af
f77aee
f7f6be
f81e55
f7db59
f75099
f71840
f795f8
f84158
f88e0e
f89d48
f876a0
f81469
f80231
f8985f
f96bc1
fa088e
fa2054
f9a2c3
f95164
f9d21b
faa5df
fb4f59
fbcf17
fbca2f
fb5302
fb76c3
fc692d
fd3820
fd93ae
fdbb9c
fdaeba
fdb8e4
fe3305
fed865
ff726a
000bdc
004b9c
0022d0
0036fa
00ae34
0114c5
018e0f
025eae
02de10
028891
0233cb
02c2aa
03ae24
041f88
04399f
045a75
046425
04735c
04df0f
058436
05f17e
05f192
05bb34
05d5be
06714e
0702e9
072060
0701e9
06e60f
06ff93
077fee
0810d3
083707
082062
082424
08487d
08848d
08ada3
08b1f3
08eeff
095e51
0968fc
092e7e
094ad5
0991e0
09b92a
09f8b4
0a33d3
0a19a2
09ea6f
09f650
0a24c5
0a615f
0aa26e
0ac4f6
0aaff2
0a7496
0a5f91
0aa584
0add82
0ab33d
0a9a99
0acc55
0acc17
0a9914
0a9dab
0aae44
0a90c6
0a87f6
0a8edb
0a5507
0a06f2
0a09d5
0a324a
0a1d93
09e044
09bf10
099ccc
0955b6
093105
093e6c
09149c
08b27c
087dec
087214
085680
083b44
081890
07bbd0
075efb
075683
0753cb
06ed5d
067d54
068cc0
06ba78
066618
05e88b
05c6cb
05a8a3
0553e9
05399c
054892
04fd6a
048507
0455b2
045aed
045314
041f60
03c31e
037fa3
03643a
031db2
02c26e
02c505
02f67c
02b7ac
021b41
01bbd6
01b920
01a810
01648a
012d19
00fb0d
00a2a0
0060e5
004e52
000caf
ffa305
ff72fb
ff5458
ff0716
feab28
fe51b6
fe13a3
fe00a4
fdc1e1
fd54d6
fd2f11
fcfd12
fc5751
fbf5b0
fc2558
fc1610
fbaddd
fb4bd1
fab9ce
fa4a26
fa8b13
fac5fb
fa6520
fa02bb
f9a758
f906d6
f8e528
f979fe
f99d6b
f90763
f89642
f87861
f864c0
f8883f
f8df1b
f8f344
f89918
f81668
f7dffe
f84ebf
f91383
f94488
f8be68
f87e5c
f8fad1
f9559e
f93696
f97575
fa0706
f9e24d
f96dfe
f9fad9
fb234b
fb910e
fb46c5
fb0e77
fb232d
fb7858
fc1599
fcdd69
fd686b
fd524e
fcead5
fd1e14
fdf0ed
fe6d29
fe8f0e
ff0728
ff5989
fedcde
feaa19
ffb4d3
00d0ab
00ceba
005058
00353f
0078cd
00d9b6
012131
014ce3
01afec
01fced
01826b
00fe90
018d0c
024ced
022133
01db0c
02060e
01e4aa
01a814
0203ad
025667
0216e8
01e0ee
01e30e
01cbbe
01d072
01fc13
01ea9f
01bdfb
01b1f4
018e9c
017569
01a3de
01b9e4
018b67
017f8a
018cd7
0163be
01395b
014dd1
016780
015d64
015115
0160ba
0181a7
017b69
014618
013027
015555
01718a
01830e
01ae46
01a333
013a41
0117ea
01a0be
021960
01e35d
01842f
018772
019885
0176d8
0198d8
020cc7
021ad3
019b78
01603e
01aff7
01dc44
01b105
01a61f
019e4b
0151eb
0145c9
01a852
01af58
0141a8
011b57
0124ab
00ef54
00d387
00ef56
00e8e3
00cec2
00ab17
0046ba
0008a7
0049cd
0065e6
0011e2
ffd534
ffb6e0
ff8105
ff7a2f
ff9f94
ff8a5d
ff4230
ff010d
fed78b
fee3a7
ff00bb
fed34e
fe8cd1
fe863c
fe961f
fe83f5
fe664b
fe48be
fe27ba
fe0b3b
fdff00
fe18ab
fe3d46
fe2d27
fdf337
fdcd89
fdbb6b
fdadcc
fdb990
fdde51
fdfa1a
fde3d4
fd8f2d
fd6481
fdb302
fde855
fd9dd8
fd61bc
fd8433
fd9e12
fd96c2
fd9c37
fd905c
fd70e5
fd6772
fd65c0
fd6724
fd814a
fd8933
fd7217
fd6e46
fd6e5c
fd512c
fd3e75
fd4e87
fd75f7
fdb2bf
fdc884
fd802d
fd2be9
fd3155
fd77b2
fdc69a
fdfe1d
fdfc3e
fdceec
fdac35
fdae2b
fde484
fe4ee7
fea15b
fe9f34
fe76f1
fe5cfe
fe6c66
fee0f3
ff9114
ffce0e
ff8d99
ff824e
ffa9e2
ffa705
000c24
011dbd
019dbd
010398
00a0c2
0125f9
01c8af
022e0f
029178
02c21c
02b326
02bacb
02f1bb
038023
04569b
048f63
03f800
03e318
04adad
052662
053439
05a568
05ee5c
0575c5
0543c1
05f723
069a00
06a867
069494
067bdf
065939
0683b1
06e941
072735
073f56
071a62
06abeb
069396
070492
0734a3
071383
072ce7
07160e
0699b3
068cf4
06dc8b
06ba1c
069b96
06e24d
06b5dd
062212
062304
06729a
0669e7
065cc5
0647ae
05dc22
05c4f4
063920
063a25
05bb49
05c594
06318c
062456
05dd61
05e1ee
05e3e4
05cdf8
061664
067699
064869
05f24a
06214e
067752
067dd6
069441
06ded0
06e811
06a316
0680f2
06ce36
0773fa
07dba2
078c96
071dbe
0746f1
07aaa2
07cd7c
07ef22
081d9b
080cf9
07fa7b
0824f1
083c70
0828aa
083ae7
086c52
087567
085fd8
085a89
08618b
0860b3
083ff4
080306
0808f6
087ac5
08b030
0828a4
079741
07a651
07d013
07abed
07ae9a
07dca5
07a28e
072279
06e60d
06eb45
070c2b
0731be
06f70d
065812
061374
065eb4
067a87
062fdb
060ce8
06121b
05c8eb
056094
0556f8
05884b
059116
05683b
0522d2
04dadf
04cfc2
04ef4d
04d575
0491b4
048d89
04a810
047010
0404db
03ee15
0437d9
045c3b
0410c0
03ab18
037b08
035de7
034eee
03751f
0394c7
036051
030a1d
02cf13
029268
025b23
02554f
025ad0
023571
020d6e
0202ce
01d826
01863f
016f68
016af4
00df21
001ef0
001187
008e37
00e452
00ebf5
00749c
ff6ad5
feb37d
fee932
ff55a2
ff787b
ff6b41
fede2c
fdec3f
fdc49b
feb2e3
ff65b9
fee412
fdaf51
fcd4b0
fcd055
fd705e
fe4ae6
fec9b4
fe5e95
fd63f6
fce3ed
fd1507
fd78b3
fde000
fe0ef6
fdb027
fd46d8
fd864a
fe3727
fec315
fed487
fe5254
fdaa45
fd9b4a
fe4b5e
ff3fef
ffcedf
ff9fd0
ff2839
ff0ee7
ff572e
ffe17d
008909
009c95
000f89
ffdf18
00405b
00af89
0153e2
01fd00
01cc5e
013952
0149ad
018170
016f7e
01c299
02558e
025885
0215a9
020a1d
02201f
02a196
0361ec
033fed
023611
018a78
0194e2
01ff9f
02d0d5
0385d0
0371f3
02f346
0283ed
021d45
0215ec
0253f1
02116b
01c986
027254
0322ad
02ea3b
02b5d4
02d882
027425
01c0b3
01841a
019957
020983
02ef5f
035e11
02e937
027852
02643d
02530f
0269a6
02a824
02a50b
028880
02a959
02f2b4
036573
03effa
040516
038186
02f294
02cd56
033484
03f3a8
046d68
0463a1
0456d2
048f90
04bf44
04bc07
04ab9f
04a3ae
04adb3
04d5f3
050d57
055392
05c49d
063603
062b71
059db4
054189
05832b
0600f8
064350
06404c
06193d
06021c
062f51
069270
06e034
06d2e9
067451
061d4e
05fc1b
05ff3c
0644b7
06aeed
06bcd7
068c32
06abd4
06c266
064525
05b391
059bed
05cea1
0606a6
060a3a
05ce29
05d604
0630ce
06016b
053568
04b8c8
04b9c4
04a9c0
04902c
04b87d
04efb5
04ca9b
044563
03c9ff
039942
036a7c
0315f1
02e768
02e88a
02c1fb
026c06
023069
021cf5
01faa4
019b38
0113c1
009e10
006303
0058b5
004113
ffe341
ff6c1a
ff3c57
ff467a
ff33a4
fed384
fe1e91
fd61a1
fd168a
fd3881
fd6556
fd5924
fcd759
fc1533
fbec8a
fc5a68
fc3c41
fb674a
facef7
faa5fa
fa8684
fa7fce
fab459
fae553
fab938
fa326d
f9d750
f9dbdc
f9a580
f928be
f92d40
f98928
f97b98
f96044
f9d133
fa650b
fa5c05
f9709c
f859ab
f871c7
f995c6
fa2bc1
fa197c
fa6bb7
fab36f
fa48e6
fa0a17
fa6539
faa7ea
faad74
fab265
fac501
fb5781
fc43a8
fc6f3b
fbf85f
fc12cb
fc7d41
fc6280
fc5ad2
fcf9e4
fd9794
fdc51a
fdbf74
fdb93c
fe0239
fead5b
ff070a
feccb4
fea450
feb402
fece79
ff6573
006461
00b9a4
002f18
ff9a29
ff8187
001e91
013cae
01b811
0119dc
008e46
00b40d
00e376
0119ca
01cb6f
02568c
021586
01a4a7
01b377
0207b9
023011
02093a
01dbe6
022216
02c4cd
031047
02fc81
032417
035745
02eb41
025dce
0293d2
0336f3
039f80
03fa2c
043d6f
03f1b5
038d11
03daad
047904
04891d
040a97
03ae9c
04034a
04e8a5
0592d2
0590ec
0546b4
051404
04e627
04cb60
050075
057b02
05f110
0632a4
0630dd
05e4b0
0591ea
05ab58
060aca
0625fd
061be0
063eb0
0642be
061ff2
06455f
066ca6
063e4a
062aaa
0632ee
05f090
05e188
064066
064958
05fa45
05f0f0
05d978
05896a
058c51
05b3e5
058b85
055d32
0532ea
04de99
04bc6b
04be6f
0473e6
0451ed
04b4e4
04d5ee
044c0b
0390f5
02f4a3
02a163
02bf21
030c24
034aae
0353f7
02cb8d
01f327
019501
018e55
013066
00a7be
006823
0087aa
00f069
011b04
007220
ff8c53
ff46db
ff2cb8
fe85e5
fddb55
fdea08
fe75a7
feb581
fe5082
fda573
fd3ac2
fcf627
fc6948
fbc57f
fbac21
fc0fd4
fc3dfb
fbf9d6
fbab14
fb7b6a
fb2f41
fab917
fa3829
f9d476
f9d082
fa31ed
fa7eba
fa5457
f9dc15
f97289
f95286
f962e1
f9393e
f8cfd7
f8ab05
f8e7d3
f931af
f97b7e
f99a78
f914bd
f828af
f7d08a
f88149
f9b523
fa467e
f97663
f82f83
f81204
f90e71
f9e5e4
fa2392
f9f5a0
f993bc
f98df8
f9fd8d
fa482d
fa64e8
fa9b78
fab8d5
faf008
fb7a4b
fb928a
fb5430
fbfb61
fd0375
fcf5f4
fc6893
fc5d7f
fc92a6
fd4f7c
fea4fe
ff2c0e
feb55a
feb794
ff1782
fefbed
ff21c5
fff561
009159
00d33f
01456f
01b69d
01c77c
019ea8
01c34a
027ff3
03205f
02f7c8
02e380
03b30e
0483a7
0494a9
047319
04990c
04ee7c
053221
05417a
0588c3
0637c0
067002
06173c
0665fa
0748d0
076e9d
070546
070dbc
0754f9
077df8
07d80c
08438c
083a84
07f56b
081533
08b25c
0930ea
08f7a4
086d75
087313
08d291
08c599
08aebc
094193
09d3fe
09a687
093ed2
0906be
08c70d
08dce9
0974d5
099b63
091e49
0900f7
094585
094085
094093
096c11
0932c0
08ace5
0859a2
084958
08a5d1
092f18
092431
08cae9
08b5df
084b1f
078465
0767f9
07ba49
07c39c
0804eb
08737a
08211b
076089
06facf
06ce72
06c4a0
06c8d9
06708a
0639e4
06b341
06fc86
0691b5
06477d
06382e
05c2d9
0527b5
04ec25
050479
054151
056a0a
056d25
0566ef
050da0
04426f
03d28f
041501
04400a
04099b
03de1e
03b18e
037042
034ce5
031f59
02d552
02e3f8
032269
02ce3f
021e18
01dbdb
01dc06
018512
0109c4
00f067
012a31
01587a
0139ef
00be0b
002121
ffadf9
ff50f3
fee2f3
fe9a31
feb513
ff080c
ff18ee
fea5dc
fe101a
fdc434
fd6046
fc7beb
fbc9ac
fbfa0e
fc85c7
fcc04b
fca45a
fc2b4d
fb55f2
fa9a4d
fa4fee
fa4096
fa1a73
f9f24e
fa1792
fa6859
fa418a
f9abc0
f95044
f92033
f8afd6
f84697
f837ca
f85d0e
f8be08
f93c26
f94fd1
f8f2a5
f86e2e
f7bb0b
f7636c
f80d06
f8cd06
f896b3
f84553
f8b45b
f92092
f91613
f919f3
f91d6f
f8e0dd
f8e726
f941a3
f95459
f95c04
f9e849
fa9829
fb0dfd
fb6224
fb2f69
fa65a1
fa2f0b
fb1474
fc1b08
fc81dc
fc5e0c
fbfb27
fc0d2b
fcf527
fded28
fe3068
fdf006
fd9939
fd8a77
fde6b5
fe2f9c
fe285f
fe6534
ff35d2
0047e4
00f2a4
006a51
ff1c55
fea21b
ff17f5
ff7cd1
0020bc
010682
00fff0
0082e0
00e4e6
0145e3
00d204
0081fe
00513d
ffaeb7
ffb7d1
00cbd2
0182d0
01a0ca
01b218
0124dd
00179b
ffc87d
001a0b
0028f0
003e98
00b71b
00fa60
00a12c
001f1b
001174
0058ad
0041c6
ffc898
ff8db7
ff97e8
ffa168
ffcab3
ffde6a
ff9459
ff8d8b
000b1e
001f08
ff802c
fedcb7
fe72e8
fe6ae7
ff17c7
ffd895
ffdf83
ff8b45
ff43d9
fed50a
fe84a5
feaef6
fee62b
fed5b5
feac9b
fe9715
fec8c0
ff3a72
ff5d1f
ff0dd2
fec15c
fe66fd
fdd56a
fda168
fe123a
febb3f
ff5bc6
ff825a
feb3a2
fdb79e
fd9d64
fdecd6
fdef4b
fdf33a
fe2193
fe2d36
fe235c
fe16ce
fdf5c1
fded8c
fde808
fd8eae
fd2c94
fd2a8e
fd479f
fd58dd
fd8bad
fdbe35
fdcca8
fdc0b8
fd5d15
fcab83
fc5fd7
fcac78
fcfc41
fd24c7
fd501c
fd4088
fce4ce
fcb85c
fce02c
fcf274
fcd045
fcaba4
fc7f8c
fc4939
fc4f2b
fc8dc0
fcbf9b
fcf370
fd30e9
fd0fba
fc8dd0
fc3565
fc19bd
fbf68c
fc0371
fc785a
fcee9a
fcfd4d
fcbd02
fc8eef
fc9c5c
fca94f
fc7004
fc08d4
fbbb19
fbc61d
fc4d7b
fd0439
fd68e6
fd61b6
fcf72b
fc3999
fbb2ad
fbcbf8
fc2219
fc786f
fd083c
fd7f77
fd6668
fd1598
fce3de
fc9280
fc46ac
fc8761
fd1394
fd4002
fd4b06
fddbba
fe6602
fdfc9c
fd2fcb
fcff28
fd2fca
fd8405
fe61bb
ff38ed
ff24f6
fea477
fe5e2c
fe2ffc
fe6359
ff27ec
ffb5ed
ffc603
ffd165
ffb8e1
ff86ac
ffe6f3
00975e
00aadd
0065b6
009428
010498
013459
0157c1
01aa9f
01b564
014fda
0156c3
0206be
025cc2
024ffa
02bbe6
031be4
02b88a
025e70
026622
025d7b
02c3c3
0397c7
03a920
03492f
037b8b
038e61
0332e0
03477d
035eb4
02ff46
033aee
03ecb6
03d7e6
03a6be
03fb65
03b3a7
02f044
0312cd
03b1c3
03c121
039e79
0398b0
037624
03731e
039983
03885a
036349
036bc6
036890
036676
039826
03c1ba
03c61d
03dad7
03d09a
035c7e
02edb4
032666
03dbf2
046ff6
049725
04814c
045f4e
0413b5
038cb7
0353f0
03f8b5
04e973
0543b3
05307a
051e93
04dd3d
04a8f2
0519a3
05a6e7
05711c
04e76d
04e97e
0577d7
06217c
069670
06b4e3
066f52
05d2b9
05567c
05ab64
068938
06fc35
06ed36
06bde9
065f6e
0620b3
06875a
072105
073911
06f352
06a094
06707e
068fe8
069f42
0652b0
065d1b
070c50
076ad5
06fb90
0666de
061b69
06032f
061a2d
062d94
05fdae
05e1de
0639c0
068bec
064922
05c81b
0582ba
05485a
04f637
04f87b
055488
05723b
052732
04f2dc
05115f
052530
04cc19
042e2b
03d532
03f023
0437f2
04661d
0451e4
03e490
036b0c
035ade
039208
0395e7
034cff
0305ed
02e1a7
02b2d1
026ffd
02523c
025716
024794
0239a1
022d8e
01c68a
0146df
014709
0158f5
00e432
007fda
00897c
006ad5
001884
000dce
0026db
000ad3
ff94d2
fec245
fe321c
fe7106
febefc
fe6db3
fe1ad5
fe1a9d
fde2be
fd66b5
fcfc11
fc9506
fc5093
fc6c57
fc9ed8
fc8746
fc3712
fbd8b0
fb81e8
fb36e0
faf3c2
fad34a
fad90b
fad41d
face51
fadaad
fac38f
fa88ae
fa6a80
fa37b4
f9c52b
f974b9
f98526
f9e33c
fa95b5
fb1fa5
fac884
f9f1ed
f98433
f97a90
f9ac58
fa5196
fad180
fa8a18
fa5fee
faf151
fb23a1
fa9c7a
fa9637
fb196b
fb2077
fb12d7
fb9bdd
fbdbee
fb859d
fbba3b
fc6573
fc6421
fc0408
fc1b34
fc6461
fcaec2
fd35ac
fd8221
fd3333
fcd242
fcac1a
fcba5b
fd58b1
fe452d
fe897d
fe21a5
fdbdba
fd7ca4
fd6c58
fdb674
fdfca7
fe124b
fe5743
fea566
fea04b
fe80f3
fe459d
fdcfc2
fdc58a
fe40fb
fe5a9f
fe43f2
feb259
fee47d
fe6aba
fe563e
feb024
fe7912
fe0bd3
fe0bda
fe105f
fe4331
ff1f62
ffb4c0
ff37c9
fe8af8
fe64b0
fe60e1
fe6bc2
fedc7f
ff6a31
ff8df8
ff651c
ff6f77
ffb05d
ffcfdc
fff02d
00315e
000dbd
ff8968
ffa8a3
009b0f
01636e
019981
018988
01565d
014d12
01a2c0
01ee16
0202be
024266
02a2e2
02e232
031ace
0341d2
035163
03bbca
045fcf
04817c
04482c
045f7c
0488ec
0459a0
0450ec
04ee05
05dbc3
068c04
06ae2e
063ad3
0594a5
055057
05a2b8
062ad5
067197
067d09
06ac48
0709ca
073730
07147b
06e224
06b5e4
066493
060026
05f3c9
067083
071b72
075ebf
070ef6
069354
063f0b
05ec74
059ad7
0585ff
0596fb
05a526
05ca03
05ca06
0551df
04d0d7
04bdbf
04b544
0469e4
042166
03e5d3
039313
034116
030797
02fb36
0326bc
03238a
02a46e
02042b
018648
012952
01156a
012404
00ed31
0099f8
00634a
001197
ffc7be
ffc73c
ffabad
ff42d3
fed21d
fe3db1
fd9e54
fd9bf4
fe2cef
fe8005
fe3e15
fd9393
fcc963
fc446d
fc2305
fc382b
fc8228
fcad94
fc43b8
fba9c9
fb6aa7
fb516d
fb4c28
fb7b0f
fb5f5d
fac9ae
fa713b
fa95ef
fabf72
fac81e
fac896
fabc24
fa8f06
fa1949
f9929b
f9bc21
fa7e03
fae3c0
fac6cc
fa8e81
fa2081
f9b5e5
f9e47d
fa6aab
fab6fc
fad784
fac24a
fa6ddf
fa7cd4
fb0d5b
fb5459
fb2be9
fb2244
fb4b89
fb75a9
fba4d8
fbca48
fbe298
fc0baf
fc3693
fc7bf0
fd0182
fd5818
fd2de9
fd0c1b
fd37f0
fd52d0
fd77de
fde9c7
fe4743
fe75ae
fee398
ff5c30
ff61dc
ff304b
ff2404
ff37d6
ff7201
ffb01f
ffb83b
000c37
011fcc
01fdfd
01a6ec
00c628
006a02
008366
00c097
015235
022044
02909a
0273ce
024219
024ac9
024a61
02196c
02036b
023544
02873b
02e68f
0342ef
03565c
0324c1
02ffa2
02ef0e
02d887
02e01e
030e25
03455b
039e10
03e981
039f01
0305ed
02fff4
037c67
03caa0
03d3d0
03bf0f
037a00
034fb6
03964b
03efd8
03efec
03c063
03a39c
03b46f
03fa1f
042bd1
040813
03c3f4
03a15d
03a93b
03e713
042588
0419df
0403ce
0436bd
04564c
040b68
03a847
038e1d
03a897
03b5bc
03bcc1
0403ac
045f55
043637
03a086
0351af
0344f6
030c0b
02ecf7
0326df
03431a
031abd
030170
02eab6
02ad1c
026dfa
023030
01d310
0173d8
0147ae
015ef5
0199eb
019e89
013246
009475
002a8a
000431
ffe71a
ffa6b6
ff6a3b
ff6790
ff67e7
ff0a8a
fe707a
fe0116
fdcedd
fdd165
fdfd5c
fdfe45
fd8d77
fcf145
fc7e54
fc2fc0
fc1931
fc535e
fc75f6
fc1fc5
fbac9c
fb8902
fb8b74
fb6bb7
fb2e71
fadadd
fa8473
fa63cd
fa8aca
fad14a
fafeb1
fadacd
fa6062
f9f349
f9db0a
f9eb31
fa049c
fa32de
fa52cf
fa3442
f9f802
f9cfcc
f9c67a
f9d2fc
f9f95f
fa384c
fa5fb0
fa2cff
f9c1e7
f998f1
f9ccc1
fa1326
fa52e1
fa85b7
fa7791
fa42e2
fa552e
fa92ae
fa6954
fa0a36
fa38a0
faec54
fb4d1c
fb0ff4
fac435
fad9bb
fb4682
fbbdc9
fbd412
fb7702
fb3091
fb6330
fbe67c
fc8761
fd06bb
fd019e
fcb0a9
fcb59b
fcf053
fd1357
fd89bd
fe4e0e
fe8bba
fe459e
fe58fb
fed851
ff390f
ff77b1
ffe197
006aea
00bc5a
009d29
006d18
00d5a1
01d742
02b2a6
02d29b
026e98
027073
0340b2
040fac
0444d4
046f3d
04c1bf
04d0f0
0500ed
05b167
0622bd
06224b
06925e
075adf
078fec
074f2c
0745c6
07809d
07e086
08639b
08e387
093dad
0952e7
090d32
08c942
0904ad
0994b2
09f057
09f28c
09d858
09e46f
0a1bc5
0a356d
0a05f7
09d016
09dc84
0a18ae
0a4a5d
0a525a
0a3da5
0a2b45
0a1f17
09f6ca
09a2cd
0960e7
097765
09ba6c
09e043
09ff56
0a148d
09bfa3
091aa1
08c1e3
08c15c
08bd54
08dac4
093c3f
097a32
0959e9
090d98
08b09e
084b33
08161c
0834c5
087e08
08af69
08a686
0888e7
0881ef
087bef
084a1b
07f758
07ba5b
07cf69
082a44
087014
08754a
084cd5
07de4e
074f97
0742db
07be16
07fca9
07cd68
07aca1
079e73
075710
07077b
06ea78
06d408
06affb
06a267
069ea5
0680be
06620d
064a41
05f909
056ca3
050105
04d368
04b5d4
04ac79
04bd4b
0497aa
041cbf
039b47
0334e8
02c8bd
02703e
023c86
020006
01d4f7
01f265
01dd88
011a5c
0031f5
ffcc4c
ffab73
ff82e2
ff713c
ff47cd
fed2e5
fe6f80
fe3a06
fdde29
fd86ac
fd70e2
fd2014
fc7a09
fc2c83
fc4340
fc3b52
fc1ba3
fbf3da
fb84d8
fb0eca
fafd7e
fb0786
fad3ed
fa86dd
fa4e62
fa4529
fa630b
fa54a4
fa0606
f9d004
f9cd2f
f9e2bf
fa15fd
fa256d
f9c159
f9458d
f917f2
f91bb6
f956e2
f9e16a
fa46c9
fa2807
f9cb19
f978e1
f948b2
f95993
f9846b
f97ee3
f96f6e
f9b3ee
fa3cd4
faaa39
fa9a5c
fa142d
f99d1c
f997cb
f9d4ac
fa0ea4
fa3c3d
fa68ef
fab5cd
fb14d1
fb218b
fac05c
fa6cf8
fa6d9b
faa632
fb0246
fb57fd
fb5d7a
fb291e
fb2621
fb8b85
fc1173
fc2bd4
fbcf24
fba285
fbdc7a
fbf637
fbee61
fc463e
fcc60d
fce887
fcd90f
fcee92
fd15ac
fd2ae6
fd2867
fd26da
fd43d1
fd5f63
fd6f89
fdc27e
fe418d
fe6dbe
fe6c65
fe8dec
fe6b2a
fde8e2
fdc4e1
fe42cf
fed763
ff2e42
ff4c80
ff3f57
ff25ad
ff0ae2
fed2a4
fea770
fedf3f
ff55ad
ff88b2
ff63f8
ff4202
ff4549
ff46ec
ff4f2c
ff7344
ff6f9a
ff1c7a
fecd8b
fed29f
ff17ea
ff677e
ff8545
ff56fe
ff134b
fee05b
fe9acb
fe706a
feb78a
ff19ff
ff1426
fedd55
fed05e
feb909
fe7056
fe5667
fe90cd
feb53f
fe9def
fea29b
febb84
fe8c53
fe5274
fe80ca
feccee
febdac
fe93c0
fea757
fec4f0
feb313
fea3e2
fec894
fef61e
ff046d
ff2034
ff555d
ff538f
ff1643
ff0ee6
ff3ae1
ff3ead
ff3cfe
ff791f
ffcd37
000c02
00282a
00074b
ffceaf
ffacac
ff7ac4
ff5629
ffab1e
004790
00a6e2
00ca03
00c1f5
005574
ffbbb1
ff7e77
ffa149
ffe0fb
0038eb
009b0a
00be39
008059
0026c4
fff781
ffe5f8
ffc7a3
ffa719
ffa108
ffc957
001f76
006710
00461c
ffc0e0
ff461e
ff28c7
ff6692
ffb60a
ffcce3
ffab66
ff7c7e
ff611b
ff6635
ff7027
ff514e
ff3120
ff4a8f
ff80e4
ff96b0
ff7eba
ff4f18
ff3f4d
ff56d5
ff4df2
ff3ba5
ff8f2e
ffffe6
ffea1a
ff7fb4
ff4c8a
ff688f
ffb2bf
fff6c3
fff563
ffde0d
fff7bc
001420
001a19
00386c
004436
0007db
ffd4b1
fff947
005956
00bdc5
00e624
00aece
0051c7
0014f6
001774
006f8d
00d737
00b8a2
002f12
00064c
007803
00e6a7
00db3e
007382
0005bc
ffce06
ffdd04
001d1a
005711
004375
fff100
ffc8b1
ffe857
fff258
ffb24f
ff5f39
ff2e91
ff33ce
ff8303
ffd207
ff9498
fedbaf
fe6cb9
fea6cd
ff24e4
ff72ea
ff6c4b
ff0f95
fe9c3c
fe7604
fe930e
fe96b6
fe8ee5
fecd0f
ff2efd
ff5490
ff3df0
ff1301
feeba8
fee672
ff018a
ff10b4
ff2026
ff5c4d
ffb449
00116b
0078ba
009a63
0030ea
ffb4b7
ffd259
006c02
00efa2
0134c1
016f8e
019bdb
019655
019885
01def9
021913
0216a5
02474e
02c2e6
030096
02e95a
02dc13
02fd90
03622a
03fe9c
043fbb
03f25c
03b97f
03e43a
041dee
045e62
04a3e6
04a131
04733a
049765
050bb1
056b56
057a85
05341d
04d202
04a6b9
04ccf4
053022
059e2e
05d678
05dab6
05ccd5
05948f
0543a9
0537d4
05699c
058e1d
05bf44
060e17
061c36
05d609
05b616
05e31d
06028b
05f75d
0606bf
0624e2
060b78
05efdc
062472
065db8
066347
068750
06bdb9
068fd5
0635d5
0639d0
068f02
06e39e
0703be
06d1f0
06942e
06a9db
06d363
06cf59
06f017
073e74
074416
06f767
06abf4
067f97
068686
06d1f7
0727c0
07307d
06e18a
068366
0658d4
064e54
063d4e
0647a5
0661c6
06283b
05b12b
058a66
05a703
0587ba
054aed
0532fc
04ee38
04685a
042ca9
0451bf
0459be
04220a
03cb32
0347af
02c9c0
02aa72
02b23f
0292b9
02741a
0257cd
01f8fc
018628
01464a
00f7b1
007b82
003a81
0063c7
009db4
008d76
003465
ffbcd7
ff3bd7
fece49
feb06b
fec8ea
feb809
fe9f0e
fec84f
fed5e0
fe6501
fdc988
fd5ac7
fd389c
fd7923
fdc3a5
fda974
fd7880
fd78a8
fd432d
fcc262
fc6e1c
fc6b20
fca092
fcf656
fd0785
fc9c8f
fc35e8
fc38fc
fc53d5
fc2c0c
fbdb06
fbac1f
fbc90b
fc0709
fc1c0f
fbfc55
fbb9e0
fb704c
fb3e36
fb1f15
fb013a
fb1d7a
fb6ac7
fb68b6
fb0a30
facf95
fac77b
faada1
fa93f9
fa7fd5
fa4ffd
fa419d
fa82d2
fab139
fa79a8
fa14e8
f9d23f
f9c9b8
f9e2ae
f9ee08
f9f5d4
fa15c6
fa0fc9
f9c4ff
f9a0c9
f9c7b7
f9d518
f9bacb
f9bb42
f9b016
f9820b
f99f40
fa2554
fa7b24
fa3894
f9beeb
f9acb1
f9f652
fa1e3a
fa2759
fa7785
fad64a
fac2f7
fa83e1
fa9994
fad6c3
fafa64
fb3a5f
fba0c2
fbc987
fb971d
fb77ca
fbc27d
fc22e0
fc3c33
fc60c6
fce957
fd6b1c
fd76e1
fd58f6
fd6d62
fd992a
fdae38
fdcc52
fe31e8
feccd0
ff3edc
ff8983
ffeb21
001824
ffd46b
ffab54
ffe3ad
0021ff
008650
016009
022a55
025c79
0242f8
02328d
022bfa
024c4a
02a30d
030aee
0373d8
03cd90
040819
0447e3
049ae0
04c803
04cae4
04e28f
051e52
054c6f
05699f
059fa3
05eb35
061e80
0648ba
068df7
06ba7f
06a853
06a67f
06d3a6
06de47
06c06c
06c5c1
06ef76
0720bc
075353
0771c6
0772ab
076776
073c73
06efdb
06b90d
06a0a1
06a137
06ebb7
0756b3
07564a
06d632
064a8f
06031c
05ffe7
06112b
05fab7
05c776
05a9a8
0578a4
05265c
0513cb
053c6b
04fc35
044703
03d360
03c8b3
03b959
03aa4b
03b72d
0377ac
02dc13
0271a9
025b5a
022fba
01dbc1
01995a
0183c4
01844d
015832
00db37
006091
001ee0
ffe838
ffc5b0
ffe17a
ffe0c6
ff6cfa
fee6a7
feab80
fe8b03
fe6001
fe4ca2
fe4d70
fe2303
fdbbc1
fd58c1
fd36f8
fd3df3
fd3858
fd16e9
fce017
fca700
fc8e1c
fc8477
fc578c
fc1842
fbf147
fbd0c1
fbb0af
fbbd87
fbe8e7
fbed6e
fbb7be
fb7a27
fb5837
fb3195
fae455
faa3b3
fabcf6
fb18cf
fb6fa4
fb95fd
fb73db
fafe8a
fa6e0d
fa212b
fa4371
fa900b
faaf38
fabbaf
fb025e
fb437c
fb18b6
faadf3
fa6121
fa2efb
fa1022
fa3997
fab19f
fb3133
fb649a
fb1e5c
fa996f
fa5297
fa7672
fad6ca
fb379f
fb4b98
faf19e
fab110
fb0c29
fb92df
fb9b24
fb5741
fb554b
fb8042
fb8a36
fba3d9
fc0a50
fc58c1
fc2088
fbc0fa
fbe241
fc640e
fcb9f4
fcdc4c
fd0603
fd0bd4
fcd307
fccd5b
fd3af2
fd9600
fd8596
fd855a
fdeffd
fe4438
fe2faa
fe321c
fe8139
fe9a00
fe65b6
fe7c51
feedb6
ff42b4
ff6bb6
ffac64
ffd8d8
ffa6b4
ff509b
ff6ee0
001535
008436
00570f
003bb2
0099c8
00d78b
00baed
00d709
0134c2
013d8b
00edb4
00bcb2
00e84c
016258
01e929
0232d0
0220eb
01bab2
01414d
0130a3
01a133
021ba9
02575e
025d86
0224d2
01cae3
01adc4
01e71e
0242ca
027f38
0265a7
021ad0
020417
0207bc
01d728
01b3ef
01e902
022e36
024099
023921
022397
01fbb6
01d28c
01b166
018bc5
015ed3
014888
01764f
01d785
02138b
01f6db
01a3ca
014484
00f654
00d481
00e870
011db7
014cb3
014753
012145
0117e8
012575
011392
00dc21
00a166
007d40
0085d8
00ac0a
00c2d6
00bfa1
00b79d
00b4f0
00ac30
0092d3
0070dc
005fbd
0057ee
004079
002bcd
00355b
004d91
006875
0081ad
006b88
001ef1
ffe99f
fff5a8
ffff22
ffd27f
ffa1cc
ffaf6e
ffea39
00119c
000648
ffd889
ff93b0
ff464f
ff0dc6
ff05bf
ff318f
ff7063
ff8740
ff5637
ff04f3
fec2d5
fea801
fec4e9
feed2b
fecf4f
fe74f0
fe41c3
fe4cb1
fe61e7
fe7e67
fea3ce
fe90e7
fe3177
fdd954
fdc2b3
fddef2
fe1610
fe545f
fe6323
fe2b77
fdde1f
fdc097
fddf34
fe10da
fe31df
fe4a75
fe5a6c
fe4511
fe1671
fe1241
fe4bf5
fe864f
fea4b6
febf45
fed4ff
fecd94
febe77
fedcf5
ff1897
ff3f0b
ff5ffa
ff9c8b
ffc2cf
ffa0d3
ff839d
ffb923
000e45
00441c
006d5d
008965
0080f3
007eb6
00b18a
00f503
011f3c
0121ee
00f33d
00c6bb
00fa1c
017e6b
01f536
02318c
02205d
01ba76
0151a3
013f28
016aa0
01afb6
021d44
028e88
02b200
027e75
022f00
01ec6b
01d27e
01eb1e
021352
021e27
0223a6
026a80
02ddef
0302fd
02a30d
021e5e
01d97e
01e3bf
023b08
02b604
02f1f0
02c552
028803
0286ab
02a749
02acac
029559
02a292
02ecc4
03252e
03051a
02cbc4
02d0bb
030734
03433b
037634
03923c
0379f3
0335bd
0323d1
039517
04227c
041b48
03a5d7
037bd5
03b5ab
03fc4c
045183
04abb0
04a3e1
043093
03e027
04083a
046c2d
04ac92
04b15e
04b3ad
04d0f4
04ca82
048973
046f3a
04a635
04c95c
04a9a3
04a4ec
04d7c2
04e377
04b792
04a691
04b444
049d83
04740d
046a67
046ef8
0461d2
045aaa
04705b
048e6e
048dc2
04526a
03f446
03ac99
0397e1
03bd9f
040ae1
04387e
03fd92
0390eb
035c26
035a16
034eae
03494a
0367e7
036efd
033425
02ec0b
02c2da
02a829
02ae33
02f1b5
032747
02f687
029342
025d33
024f4d
024414
023935
0227ab
0214b5
022061
0245ee
026520
026ac0
023cd7
01d432
016f36
0147fe
015344
0181f8
01c741
01fd7a
0206cf
01dcd7
017b1d
01079a
00cc2a
00daa4
010ff3
013c04
0136a1
010906
00e957
00e527
00e713
00e307
00bb99
006332
001c79
00228d
00432d
0046b6
0040bd
004216
003003
fffa84
ffc047
ffa662
ff9f99
ff8577
ff54ff
ff2a17
ff071d
ff016a
ff3744
ff69ec
ff44fb
fee1d3
fe8d9f
fe46ee
fe008e
fde21d
fe10ab
fe69df
fe963c
fe5b8b
fde084
fd7206
fd3144
fd23ea
fd4549
fd6489
fd43cc
fce93d
fca12c
fca59c
fcca6c
fcae21
fc6155
fc2dbf
fbfc37
fb9f32
fb6612
fb8658
fbaac0
fb909f
fb61f6
fb3631
faf04e
fa8e4b
fa40f3
fa30cb
fa4d54
fa53b0
fa222e
f9d679
f99941
f97bb3
f96780
f9350e
f8f864
f8e251
f8cdf6
f89052
f864df
f86e6d
f865b0
f82df2
f7f3c5
f7c68f
f7a3e1
f79728
f79700
f78ab2
f77244
f751d6
f7330c
f72770
f7256d
f71eab
f7132a
f6f46f
f6d3d5
f6e4ff
f70eba
f70492
f6e0ba
f6faae
f73cac
f75171
f72e38
f71030
f70952
f6f124
f6e5bc
f74db4
f7fcb7
f843fb
f81418
f7e43c
f7c85d
f7a572
f7add4
f7f421
f84e71
f8bb9e
f924b7
f94d4f
f942d7
f92bbb
f90168
f8fcdb
f95026
f99bf3
f9b0a5
f9fdc2
fa8db8
fad34f
fac658
fac8c4
fac0f1
fa906d
faa450
fb36cf
fbca02
fbfe34
fc07ff
fc221e
fc26ef
fc1a5f
fc53d9
fcd7e4
fd3bdb
fd4a71
fd2f1a
fd2adf
fd6aeb
fde54c
fe47de
fe7485
fe952a
fea950
feaa0c
fee587
ff6c30
ffc449
ffbaa3
ffb669
fffbee
0060b7
00b84d
010906
0156a3
0185fe
0187af
0187da
01bae9
021668
0281e0
0302cd
0371dd
038a5e
0364b9
036331
03a794
041f72
04a1bd
04e807
04e17a
04df63
051732
057211
05e458
0652b3
067014
0632f2
05fc12
061a68
0684d9
070bdf
077268
079045
078322
077367
075915
073bc3
07535d
07ad1a
07ff0e
0809f0
07e8ad
07d01c
07cb59
07d55f
07e953
07ece9
07ccde
07a7c5
0798a9
078a1e
07754b
076495
074e71
072c07
071165
0706d8
0700da
06ec56
06adda
06416d
05dc77
05aaf3
05a194
05af55
05c64b
05bf0b
05895a
053448
04c465
044aa0
03f420
03d275
03df69
040965
041a8d
03db31
036d47
03135c
02d9bf
02b0ba
028ca3
025d99
022ad4
020875
01f18c
01dfbc
01dfb1
01d6b8
019550
012f53
00e48b
00cdd9
00d0d9
00ca65
00ae52
007c68
0051d1
004a71
005161
00405d
001c9b
fff20b
ffb042
ff649a
ff4acc
ff5c39
ff6463
ff66c7
ff71cc
ff5967
ff19fe
fee431
feb95c
fe877c
fe6c1c
fe6fd3
fe79dc
fe9215
fead1e
fe8ba7
fe2c17
fddcb8
fdcbbc
fdee2b
fe1ae8
fe10f2
fdbea1
fd76fd
fd885a
fdd362
fdf78c
fdcfe7
fd978b
fd704b
fd483c
fd4096
fd85e8
fdc473
fda95e
fd8855
fda838
fda549
fd6102
fd6866
fdd8b8
fe14e0
fddf1f
fda994
fdc319
fdf4cb
fe1135
fe402f
fe811c
fe7f1d
fe33bc
fe2a76
fea1da
ff0feb
ff0a72
fee2cf
fef5d0
ff1fbd
ff3949
ff68fd
ffb272
ffce85
ffb447
ffbd4e
00051c
003dd4
004553
005352
00812d
00ad8d
00c059
00c36c
00cf0b
00e424
00eefb
011232
017bbc
01dcea
01c653
017c90
017118
01719c
015414
017eac
01fddc
024eed
025a92
026ea6
026d9e
021a2d
01c0c9
01c2c5
02061b
0248be
02765e
029ce0
02c216
02d325
02b161
02677a
0231e0
02312b
024de8
027233
02acba
02f987
031ccc
02ec01
02951a
026363
026956
029cb9
02e1a4
02fdc2
02d912
02b0f4
02b1e9
02c423
02e04f
03035f
02fccd
02c6d0
02b4c9
02ddbb
02f75c
02e926
02e0f7
02e8c6
02e269
02d490
02e1f2
03047b
031519
02f9df
02d0e6
02bccf
02bad3
02bba8
02bd50
02cbca
02e174
02eafb
02d90d
02ae10
0277cf
024b23
0240a9
0260a2
0289da
0294d3
0268ea
021a83
01eb47
020335
021893
01e29f
018800
015554
0158b0
018066
01aa0d
019e40
014cc1
00d9b7
006de6
003960
005a8d
008e47
008a70
00660a
003385
ffd9a9
ff7a50
ff4e49
ff3f14
ff2c25
ff1de1
ff02ed
fec048
fe7433
fe450c
fe2684
fe0c4b
fdebb5
fdb7d4
fd7b0f
fd4dbd
fd2e3a
fd0a7c
fcce8b
fc7e58
fc4016
fc3455
fc3bb6
fc2916
fbfd28
fbcfe8
fba58b
fb6c98
fb17fe
fac1a8
fa9855
faa8e4
fad5cd
faf80c
faf5fa
fac033
fa5fd3
f9feb0
f9cbe3
f9c7f5
f9dbf6
fa03ad
fa3933
fa45db
fa1aee
f9f001
f9e598
f9dfcf
f9e61d
fa0715
fa0fbc
f9f4bc
f9f625
fa2e82
fa784c
fabef5
fae729
facbdb
fa9746
faa3ae
fafd7e
fb672a
fb9ef2
fb8c29
fb6805
fb947d
fc22fa
fcc67f
fd2857
fd139e
fcb075
fc7d57
fcc8df
fd5e1c
fde26b
fe3a74
fe76ad
fe9fe6
feaf44
fea794
feb071
fee4be
ff3013
ff81d4
ffd1b5
fff6f0
ffdf3b
ffe32d
005167
00ddac
01000a
00b11e
006140
005aae
009e3e
011672
019109
01b7a2
017195
011f40
011e4b
015301
01742f
016e38
0161ef
016cc3
0180b1
018310
01868d
0197cc
01874c
01491e
0130bd
015429
015f89
01425b
014063
014e2a
01308c
010b4b
011bc4
013027
010e78
00e2e7
00e6ec
00f72e
00e121
00c546
00ccf4
00df4e
00d7bb
00c8cd
00c771
00c059
00a77f
008b53
0079c9
0089c5
00b80d
00de67
00ea6e
00de03
00a4c1
00521a
003bfb
0075c8
00aede
00c1a8
00dce8
00fb87
00ec03
00b768
008dcd
00769e
006328
006e1a
00a90f
00e96c
0108f0
0112b4
010f48
00e30c
009dc9
007612
007111
007fa9
00b281
010bc4
0152ca
0159fd
011d74
00c150
008212
008412
00b5b8
00fc13
01408e
014fc4
012080
00f4df
00f915
010b1b
0118e4
012885
01293c
0122f4
0139ea
015be8
015c72
014b12
0145a8
014324
014a62
0175c6
01a8c0
01ab89
019200
018543
017409
01574b
016014
019707
01c6e0
01db43
01dd96
01bb34
018a70
0178ae
01794e
017429
018c37
01b907
01b3a9
0181d3
016c64
017671
016a1b
014792
01315c
012c3d
011f77
01015a
00e6e5
00e45b
00eac5
00e21f
00c95a
009531
003ec8
ffff26
000cc2
003b19
00449a
002388
ffe454
ff91ff
ff55ae
ff4765
ff46aa
ff4605
ff4c11
ff2d0b
fed602
fe8ebf
fe82b4
fe8147
fe73a8
fe6d2c
fe5c3b
fe3178
fe09e0
fde35e
fdaba8
fd887a
fd914c
fd94f5
fd81b7
fd7b15
fd7da7
fd69c7
fd428c
fd0f94
fcc4eb
fc7fcc
fc751c
fca9e1
fcee9d
fd1d2b
fd1ce9
fcd976
fc5fec
fbe913
fbae89
fbcfe8
fc3071
fc7ba5
fc7868
fc3d34
fbf588
fbc08a
fbb374
fbc034
fbb4a1
fb7f7b
fb4ae2
fb3ab6
fb56f7
fb8c63
fba59b
fb87f9
fb4cbb
fb1189
fae56e
fad721
fadcf1
fad68d
face50
fade8b
faf4a3
faf4c1
faeb76
fae233
facec6
faafd8
fa93f9
fa829d
fa8445
fa9c3f
fac500
faf069
fb13b4
fb2bb5
fb2873
faf85f
fab912
faac3b
fae7f9
fb3ece
fb805c
fba795
fbb899
fbb964
fbb921
fbcba8
fbefd8
fc0d11
fc1cd9
fc340c
fc6282
fca5b3
fce7f5
fd1944
fd3c87
fd5984
fd6151
fd4e96
fd50a4
fd8a97
fde86a
fe5207
feab79
febb83
fe7c8f
fe5247
fe89d8
fef1a8
ff390e
ff58af
ff745f
ff8b38
ff98bc
ffb231
ffdda0
0000c2
001961
003b8d
0064c2
007e09
0091a8
00b146
00d8e0
00fd53
0113fd
011d80
012c8b
014dfd
0176b5
01aa93
01e613
0208cf
01faf9
01eacd
0210a5
026061
02a75f
02cdc6
02dbd3
02ddfc
02e142
030a1f
0363a6
03ba27
03e1cc
03ee14
040700
042991
0443d4
045b31
0481f8
04b33f
04ea78
053a60
059fbc
05dd1f
05d0b1
05ab97
05a07a
05b54a
05ec7d
063dcb
06896a
06c38a
06f8d8
071d1b
071667
06e91f
06b488
06a035
06c87c
071df5
076e6d
07962d
0792c6
076a16
073074
0700b0
06ee90
06f8be
070fd5
0719e3
070ab7
06ebec
06cbe0
06a957
067e73
065a8b
064aa0
0637c1
060db0
05d98a
05ae06
058a91
0567c8
053ad4
05037a
04d035
04abfc
04932f
048534
046b11
042508
03c52d
037363
033c50
032cc3
034e50
036805
03365b
02c7d0
02646c
0237b1
023ee2
024fef
023af6
01f8f8
01b1ba
018f7e
01958a
01a731
01a5b9
01820a
013f73
00fd63
00d648
00cb7c
00dc43
0106db
011d7c
00f468
00a6f4
00678f
0043b5
0044de
00696d
00857b
0072a3
0046d1
001e36
fffe4c
fff0e7
fff39b
ffea40
ffc67b
ffa321
ffa15d
ffb179
ff9e4c
ff5c63
ff2b4d
ff2c3c
ff2f2e
ff1665
ff0242
fefd26
fee14c
fea9d7
fe7e6e
fe6733
fe4a40
fe310b
fe414a
fe5bc9
fe4f4c
fe2d44
fe07e4
fdbe1d
fd5ee6
fd307e
fd50a4
fda0f0
fdedee
fdfe51
fdc3e3
fd677b
fd100a
fcdb2a
fcedbc
fd34ef
fd6c66
fd844b
fd8fa6
fd8067
fd5905
fd5e05
fd90dd
fd9bdd
fd69a8
fd4f78
fd7c86
fdc331
fe00c3
fe3b17
fe6604
fe6422
fe39af
fe1ebc
fe4acc
feb116
fef9c0
fef92a
fee70f
fef466
ff253b
ff8037
fff4d6
0034c1
000faa
ffc480
ffa662
ffd087
00332f
009bef
00e582
011031
0118a5
00fee7
00ee7a
010cbe
0139d6
014cd5
015574
0178a7
01ab4f
01cbbc
01d507
01e49e
020381
02139b
0201b7
01de29
01cbf9
01e083
021518
024c77
026be4
026017
02352f
0215a9
0212b3
0212ed
02167e
022b07
023c5b
023179
021bd6
020d07
01fdf6
01e94d
01d84c
01d8ba
01ebb0
01ef24
01c912
01998f
017f4f
016e0d
015db4
015479
014500
012574
010922
01055c
010bd7
00f16a
00a3e2
004884
001312
0011fe
0029f3
002fe2
00077f
ffc1ee
ff7d62
ff419a
ff0eaa
fef066
fede4e
fec45f
fe9731
fe5b6a
fe14ee
fdd0c9
fd9ac6
fd7735
fd64a1
fd5019
fd2677
fce9a6
fca2b7
fc4f78
fbfab3
fbb3c1
fb8b28
fb858f
fb8e6c
fb82dc
fb5d5c
fb2499
facb37
fa5724
f9f7bf
f9c911
f9bead
f9cdce
f9fc59
fa2071
f9f64a
f98062
f9144f
f8d8bd
f8b5a3
f8a71e
f8bdf5
f8dfcd
f8eac4
f8e10b
f8c20c
f89114
f86860
f85460
f845a5
f8453c
f85df8
f87515
f87b2d
f87823
f8676f
f85180
f85637
f875a5
f8879c
f88978
f89e35
f8c299
f8bfb9
f8932d
f8824b
f8a91e
f8dc1a
f90ac1
f93f36
f960ed
f9596d
f93a2d
f91e9e
f91f10
f94fed
f9a3be
f9e88f
f9fd80
f9f04d
f9ed36
fa0e86
fa3c2c
fa54c1
fa6209
fa7a22
fa9e08
fabd43
fad463
faff59
fb4f8c
fb9a80
fba94e
fb8a13
fb769b
fb9765
fbf6f9
fc6e9b
fcbd21
fcd7ce
fce1f1
fced1f
fd02ed
fd363c
fd7c05
fdc303
fe167a
fe7078
fea8a3
febcd1
fedb61
ff182a
ff5c5c
ff984e
ffd66b
001c1c
006371
00a6d4
00e870
012cc6
0168f2
019150
01b2a2
01ed78
024e5b
02b0df
02efe6
030847
0305b0
030bdc
0348de
03be5a
0432ba
047e14
049624
047cf9
0459ca
045ee7
048ec0
04c937
0501e0
0537ac
056b92
05924b
0595cd
05777e
055318
0534e6
0523d3
053a0f
056c9e
058b2e
05907e
059ac9
05a1e2
05840b
0542fe
05027f
04df51
04d9bc
04e4f4
04fd94
05100f
04f5cb
04af94
047cce
04815a
04916f
04757a
0438d2
040297
03dddc
03c6ab
03cb96
03e738
03f124
03e444
03d272
03aec9
036c9d
032dd3
0311a7
0315ff
03336d
035a41
036dc7
036131
033adb
030dfa
02f39c
02f02b
02f59c
02faed
02f014
02d3ca
02d483
030217
03254c
031a38
02f446
02ce31
02ac80
029ab1
029d06
02b8d8
02e466
02f89a
02d4a1
029645
026d51
0265ca
02744b
02875d
028df1
0272bb
023f76
0219a2
021405
0214c6
020669
01f5bd
01e83a
01cbda
01a0a3
018891
018df9
018eda
016bc3
01351d
0109bf
00efb7
00e290
00ed8c
010052
00f46e
00cfb6
00a0d8
006c77
004883
004f24
0060b2
005c5c
005098
0048a9
0035c6
0022a0
001c0b
001d20
0021f8
002773
001d7a
000cad
00041b
000125
fffef3
0008b0
00296e
005b8e
007e58
0076f5
004afe
0025e7
00249f
003d6c
005384
006026
007e88
00b75e
00ebb8
01011e
00ed22
00b566
00789d
005c88
00701a
00b2f1
01122b
015286
014db0
0121ad
00f248
00c744
00ac95
00b419
00d14e
00f4ef
01105a
01115c
00f63b
00de55
00d831
00d4aa
00c61a
00adfd
0099e8
0097b1
00a1dc
00aae2
00aa56
0094f9
006d80
0051a8
005727
0071f3
007f87
00722e
00503c
0024dd
0004db
0006f8
002d64
005241
005b5b
00476e
00207c
00048c
000630
0018cc
002da9
00437f
004610
002464
000762
0016bd
004143
006bc3
0085d8
007be2
004c79
001b56
0017bd
00504f
00a100
00c8f2
00adf0
007b8c
0065e6
006e03
007cff
008f3c
00acd9
00be60
00afe4
009758
009320
009885
009134
008580
007f59
007bfe
007c8b
008164
007aca
0069b4
00560f
003c4a
001818
fffc31
fff80d
00041f
000991
ffefa3
ffbaa5
ff85e7
ff5dce
ff4177
ff450d
ff62b3
ff5f0d
ff22bb
fed581
fe98b4
fe6db3
fe5979
fe5e92
fe660e
fe5711
fe3d38
fe1a48
fde7da
fda8a8
fd6ed1
fd488d
fd3e9f
fd4376
fd3a1e
fd2a6e
fd27a0
fd1eb8
fcfd85
fcce0a
fc943d
fc553b
fc3417
fc4b64
fc7a18
fc93b6
fc9038
fc7286
fc4575
fc281c
fc27f4
fc2eae
fc240f
fc1a09
fc205d
fc27df
fc2755
fc36e2
fc65df
fc92c1
fc9ac9
fc84cd
fc6648
fc4dfd
fc4cb4
fc7024
fcafc0
fcef3e
fd2153
fd4024
fd437d
fd3340
fd3186
fd4e36
fd7051
fd884a
fda145
fdc3c2
fdf353
fe2edf
fe6b03
fe9590
fea81f
fea54e
fe9ca2
fea204
fec0c4
fef8a2
ff46d1
ff8cca
ffb6a0
ffd157
ffe5c6
ffeaa1
ffe632
fff0fc
00122f
004ba0
008fdf
00b6dd
00b227
00b099
00d7f3
01136b
01379e
013eec
01386d
0127e9
012190
014429
018691
01b86e
01c667
01be45
01a9c5
019a37
01a64b
01c3c0
01d7af
01d7e8
01c3b4
01a78a
01a5a2
01c14f
01d9b5
01de4e
01d1de
01b263
01891f
016bd1
0162bb
016517
016f15
017923
017002
0148b5
011196
00e8d5
00d860
00d44d
00d5ab
00d261
00b816
008db2
0072e0
005bec
002d90
fff685
ffd91e
ffde19
fff569
ffff62
ffeabe
ffc1c0
ff832b
ff2bbe
fee690
fee7fc
ff19c7
ff3f84
ff3c70
ff2048
ff00ab
fed5f9
fe961b
fe5ff6
fe571a
fe6d46
fe8128
fe8a28
fe8518
fe7167
fe5c09
fe54fa
fe5192
fe3f0b
fe1fbe
fe0ff5
fe19aa
fe29a4
fe318d
fe4134
fe55f3
fe56e3
fe4062
fe2689
fe219c
fe3a6a
fe5a2e
fe5d61
fe4aec
fe4251
fe4bc1
fe644d
fe8eb2
feb673
febbe8
fe9c6c
fe7a9e
fe748e
fe8e2d
feb543
fedb7a
fef425
fef4cf
fee4d9
fed7ee
feded4
ff0430
ff37aa
ff4341
ff1d7b
fef8d4
fef7e5
ff1abf
ff501e
ff787a
ff7a33
ff618a
ff4ab7
ff42c6
ff524d
ff6b15
ff727b
ff6d27
ff6999
ff6b26
ff781d
ff941a
ff9cc2
ff822d
ff6371
ff6193
ff761f
ff8d86
ff9600
ff8bf2
ff8044
ff7cb7
ff7bca
ff7c06
ff7cc5
ff8358
ff91f7
ff9f90
ff95c9
ff7b43
ff6c64
ff6b97
ff7b08
ffa3a3
ffcb20
ffc8e1
ff9d41
ff7573
ff64d8
ff6df5
ff9251
ffc9b8
fff1fe
ffed6e
ffcbd0
ffb1c3
ffa4cc
ff99f5
ff959f
ffad76
ffdada
fffd1f
000322
fff9ad
fff138
ffe8a6
ffd9ca
ffc2f1
ffabb3
ffa572
ffbc43
ffe370
000445
0009e3
fff406
ffd14c
ffb07d
ff8d5c
ff6b60
ff6643
ff7c9c
ff8a99
ff7fdd
ff69c7
ff5ad1
ff5618
ff49c8
ff2312
feebe6
febd04
fe9dcc
fe89d6
fe83f4
fe87fa
fe9572
fe9e91
fe85cb
fe3fca
fdeca0
fdace3
fd88f7
fd8da1
fdae0a
fdbe64
fda3f9
fd72db
fd47e1
fd3233
fd32ca
fd26f4
fcf85b
fcbf6b
fca353
fcaa17
fcc865
fcee25
fcf634
fccda9
fc966d
fc7c8a
fc7daf
fc7fc5
fc7e4a
fc8759
fc9a98
fcafb6
fcba54
fcba26
fcb0ab
fca372
fca141
fcb56d
fcd35c
fce420
fce429
fce8e5
fd0182
fd1eaf
fd2e6e
fd3033
fd3547
fd3f76
fd4bff
fd6a7c
fd939c
fda561
fd98b6
fd91b5
fda152
fdbc1c
fdda08
fdfaf7
fe12e1
fe17d9
fe11a0
fe1689
fe2616
fe2b13
fe2bc6
fe4419
fe74d6
fe9966
fea238
fe97c5
fe867e
fe80fa
fe9f5f
fed4cb
fef73a
fef93c
fef7bf
ff01cb
ff0dc5
ff1876
ff2c77
ff4f69
ff76f7
ff99d4
ffb621
ffd2d4
ffe5f3
ffdec5
ffc973
ffd1d1
000ef2
0064e0
00b5ee
00f444
010f35
010482
00f876
010667
011d0d
013a24
017cf1
01e7a6
024819
027b36
028b39
028e10
029272
02a551
02cc37
0303bc
034009
0379f7
03b14a
03e467
041616
043d24
044fc4
045755
0460dd
046bbc
04871b
04c45b
050dc5
053714
0537f0
053167
05422c
056417
057c5b
0581c5
057fbd
057abc
057196
056e3a
057f9d
05a3cc
05cea1
05e14d
05c36f
0580c7
0544dd
053456
0553a3
057a89
057e05
056267
054295
052792
050fe1
04fef8
04f547
04e900
04cfbc
