000000
000000
fffff6
ffffe4
ffffda
ffffd0
ffffb2
ffff7e
ffff4a
ffff20
fffed4
fffe5c
fffdd8
fffd46
fffc9e
fffbe6
fffafa
fff9c2
fff86a
fff6f8
fff546
fff34c
fff124
ffeeae
ffebd8
ffe8a6
ffe52a
ffe162
ffdd3c
ffd8aa
ffd3a6
ffce32
ffc82c
ffc194
ffba88
ffb308
ffaafa
ffa24c
ff98fe
ff8f28
ff84ca
ff79cc
ff6e2e
ff621a
ff5580
ff4820
ff3a1c
ff2bae
ff1cda
ff0d88
fefdb4
feed5c
ff24ac
ff3ecc
ff0ab2
feeb3c
ff6392
fffcdc
ffb422
ff4556
000f64
011278
0118bc
01042e
011cda
0109d6
01dc12
0348a6
0357c2
02d05c
03795a
041eec
03e218
0435bc
0535f2
0596ea
05419a
04cdf6
04a304
04cdc0
04bf38
04a578
054176
05bd36
0516bc
043df0
0420c0
046b2e
04883c
03f6e2
033818
035dd6
03591e
020bda
0190de
02ef38
037f08
024820
013e4e
011f8c
018cd8
021b30
01a294
0050f6
000b30
00b058
008a6e
ffbc6c
ff7144
ffd5d8
007512
00c118
00aff6
00b36e
00ba7c
00b138
00fe8e
01579c
015590
01993a
020e74
020274
02294c
02edc6
031616
028b5a
028378
02e264
031342
036616
03bce2
0396ba
033dc0
0318fa
031264
0312f4
02fdb0
02b8bc
028f3e
02b542
02c19c
025954
0230b4
0302aa
03c900
0347e4
02a19a
033cfa
0419d0
042628
03f218
03cec8
03cc50
044664
047de4
03d404
0380d8
03ea56
03d880
037940
03998c
03918c
034d36
03925e
03c0fc
035814
0337a4
033bc8
029082
01fa9c
021924
02044a
018efe
017d28
0195ba
016caa
015ff4
0147aa
00b5c8
006546
00cb2c
00d26c
002506
fffcfe
006b64
00793a
008e66
00f3c4
00ac68
003c78
010adc
01d976
01323e
009f38
014276
01d704
01bbbe
018680
018564
01ea74
024898
01a1c0
0086d6
0051ca
00b3be
00e0bc
00ada0
ffd75a
fee0e2
fee514
ff5bf2
ff0ea0
fe6a00
fe44de
fe8240
feb122
fe4e74
fd6624
fd000c
fd5616
fd5c68
fc9e0a
fbbdc8
fb8790
fc3072
fcb65c
fc4940
fbe126
fc1af0
fc047a
fbbfda
fc4228
fcb84a
fc232e
fb3fe2
fac86c
fae7bc
fbac02
fbf872
faece2
fa0f1a
faac60
fb9cee
fbdca6
fbe278
fbee96
fc0918
fc8200
fd1452
fd3f32
fd58be
fddf00
fea1ee
ff2e9c
ff2f4c
feb52c
fe693c
fedb6a
ffc8be
008270
00b0ca
007bd4
006066
00a392
00f19c
00d4b4
007bda
0096e8
0120e6
012620
0075cc
003bce
00b904
00c09a
0067a8
00d622
017210
012b86
00ff76
018ad8
0176ba
00b210
00a0c6
0105dc
011944
017ce4
01f3c2
0120ee
ffcb4c
ffdd9a
00d1b0
00c6a8
ffb29c
feec72
fefeec
ff2cec
fec24c
fe19f4
fdbff6
fd764a
fcf8a0
fc82ba
fc26a2
fbb068
fb0af2
fa4918
f9d8aa
fa267c
fa8982
f9fcbe
f8fe18
f8d050
f96b52
f9a424
f8f9bc
f809e4
f7b96c
f83b56
f8c5b2
f87f9a
f7d5f2
f7c862
f80ec6
f7ce4e
f79202
f819ca
f881b4
f810b6
f7a2a4
f7ac98
f7adb4
f7d8c8
f880c6
f902ec
f8fc4e
f8bdc4
f86d5e
f8501e
f8c5e6
f968d4
f9a12c
f999f4
f99a12
f98984
f9805a
f9f8b8
fb0ec0
fbd374
fb4dd6
fa69ea
fae0ae
fc514a
fd0ff8
fce5c2
fc9b92
fc5366
fc1152
fc4a7e
fd1520
fde252
fe4704
fe6530
fe41f2
fdca72
fdaaba
fe79c2
ff5b96
ff7c60
ff405a
feb7a0
fde620
fe22be
ffbdba
00c360
005ea8
ffdc8a
002022
010b6c
01f06c
02165c
021a3c
02d5ee
034abc
02ccd6
02970a
03234c
03cacc
048fa8
0506f0
048ac2
04320e
04dcb0
0582ca
05b56e
061b98
065450
05f1a2
05b390
06080c
067bfe
068660
05d178
04a674
03eb18
040328
048aa0
04f890
04e500
0461fa
03ea7e
03b962
03c87c
0428cc
049550
0487ea
042084
04112e
0469d2
046846
04076c
043d06
04d4f0
048d6c
03b198
03530e
03157e
02bcf8
02d68e
02a44e
01a222
0144bc
01a9fc
012b0e
0060c6
00d3d0
016d40
00e72e
fffc72
ff42fc
fecfbe
ff0a8c
ff957a
ffadb4
ff8416
ff5c76
ff26d2
ff3a1c
ffa73a
ffed2a
0012f8
003ab2
ffe664
ff27de
ff02f0
ffc4b8
009a74
00f040
00e804
00a29a
0056ec
00a400
0162fe
01720c
00e548
00e7a8
014620
0136be
013296
0179c4
01ae5a
023a58
02d9be
0252ae
017d28
021d1c
0354aa
0393f0
033efc
02faf6
02eef8
035fec
03d1e8
03c520
03d4a2
041980
03fcd8
03ffb0
04a9fa
055bd4
05cd52
062074
05f35a
057238
056818
05cff4
061cdc
0617f8
05f166
061e3c
06827e
065246
05d088
062d48
07248c
077c74
071e2a
06aace
06a052
074d96
0849a2
08cd96
08d578
08a346
083bea
080048
082286
083ad0
0831f8
080fe4
0770bc
06ca92
072844
07f2b8
07dec4
07533a
074a36
0794e2
07a704
072858
060cd8
05367a
05592e
0562ee
045aa0
03400a
031618
033cc4
02dce0
01fc60
013c46
014068
019a88
012b98
003b86
fff31e
000652
ff9616
fef23c
fe739e
fde54a
fd9c22
fdb1ee
fd66ac
fcec82
fd2a52
fd7fe0
fcfb12
fc82da
fcca30
fcd234
fc4ce6
fc2822
fc77c6
fcc2ce
fcff38
fcb120
fbcca8
fbc9a2
fcdaec
fd0abc
fc2124
fbce08
fc3394
fcbff0
fd98fe
fdddac
fcd728
fc2364
fc996c
fcce7c
fc77a8
fc57e6
fc3780
fc578a
fd31e4
fdaaa8
fd8ffa
fe57c4
ff531c
fef432
fe77fc
feed86
fef71c
fe59c4
fe4966
fe8852
fea6b6
ff3068
ffcc5e
ffd7ac
00164a
00d660
00e12e
fff98a
ff7c40
fff680
008690
00a066
008f04
00767c
0051b2
005280
008208
00b474
00bcb2
0025b6
ff137a
fed9cc
ffafb8
00088a
ff9e2a
ff6d50
ff1f14
fe4c8c
fddc9e
fdf448
fe1d8a
fe9a24
fee61c
fe27ac
fd65a2
fd77be
fd6518
fceecc
fcb1c0
fc7dee
fc8646
fd10b0
fd0256
fc393c
fc1c16
fc70cc
fc4e8c
fc6b3a
fcc8a6
fc39de
fb4cf4
fb36de
fba5a6
fc2548
fc85aa
fc01d6
faf8de
fb2e7c
fc9e76
fd65ee
fcf616
fc47e6
fbc240
fb5d0a
fb8c26
fc219e
fbfcac
fb205c
fac186
fadcfc
fab7a4
fab370
fb0098
fada56
fa737a
fa75ba
fa6a1a
fa3c8a
fa81fa
fa9e98
fa1988
f9daa6
f9d2dc
f93730
f8eb86
f997e6
f9d97a
f93738
f913de
f9bb66
fa46f6
fa80a2
fa7c5e
fa2f1c
fa00ce
fa0c82
f9c94e
f9663c
f9a960
fa57b2
fa8c18
fa3e8c
fa042e
fa2126
fa7290
faa06a
fa7692
fa6df6
faf8c8
fb9d58
fbb6bc
fb64ce
fb377a
fbacc4
fcb3ac
fd566a
fcdf36
fc01f8
fbd992
fca82c
fdfae2
fedfb2
fe8fbc
fda11e
fd5fb8
fe0988
fefea4
ffd9fc
003998
ffa9b8
fe9250
fe2726
fece3e
ff89ce
ff85ca
ff102a
fea40a
fe8d5a
ff27e6
ffdbbe
ff9f04
ff0686
ff1d2a
ff3110
fec828
fedd3e
ff464e
fee56e
fe3794
fe3aa2
feb894
ff4846
ff989e
ff299c
fe562a
fdef30
fe0fa0
fe7c70
fecf96
fe602c
fd6532
fcb388
fc680a
fc78b2
fcf292
fd2ad0
fcde64
fcc912
fcd4bc
fc7e76
fc7e62
fd29b2
fd8c64
fd7c2e
fd7afe
fd5820
fd5bbe
fe2ed0
fefd70
feceac
fea760
ff7074
003d10
006b7e
00bde0
01732e
01ea64
022b7e
02908a
02d6c6
032a4a
0418fc
04cfe6
04563a
03d9f0
0488f2
054b76
0526ae
04be80
04a2ea
04d612
054a08
0590d0
058a6e
05c1c6
0627ce
062ba0
060956
0618da
060318
059a06
0531b6
051a30
054864
05484e
04ca0a
042f94
03e1c6
040994
049b00
04b81c
03bdf2
030966
03cb48
04a1b0
0449c6
03b56c
03ad76
03b9f8
03a902
03b96c
041230
04b06e
05043c
047b8c
03b054
03a490
045752
0519aa
056796
054804
0542fa
0581a0
05b2fc
05f0c8
0663fa
06a5e0
069e9a
06b3f0
06c4b8
06a212
06bd20
0723f0
075974
076192
076750
0710d0
067afa
068da8
075de2
07b4c8
06e856
05f062
05e0dc
065fe0
06706a
06004c
05be50
05d792
05a536
04c440
03e25a
03d948
043d2a
03ee4c
02e49a
023bc6
0282b6
03137a
034206
03453c
037f14
039da2
0347da
02ff82
032f80
034de6
02d4d2
022e3a
02091e
02627e
027f62
01e0bc
013c84
0190ba
02478a
01ff16
01154c
011a12
023074
0308a2
02fcb0
02a8a6
02df8c
03a96c
043a5e
04237a
0419c0
04a73c
051726
04d2b8
0493ee
04f9ae
05681a
053678
04e9e2
056042
0648a2
065d4e
05616e
04c5ea
05749c
066ba8
068552
061cb2
060dbc
065e66
0691b8
0696c8
06d3a4
073962
070a16
0647b0
06080e
068736
06ad44
061430
05a2d4
05c714
05d2ec
054266
049576
048804
04def6
04b23e
03dde4
0316d0
02c0c6
02ab98
028b50
021cfc
017078
00dc8c
006a16
ffdcf6
ff4c20
fed496
fe4a3a
fda7ee
fd0d94
fc7908
fbf80e
fba2a2
fb36da
fa8494
fa0d9e
fa2ece
fa4030
f99fc4
f8d460
f8a6d4
f90c28
f98c5a
f9f050
fa1bde
fa01ee
f9de6c
fa1b54
fad08e
fb4e02
faccb0
f9de92
f9b276
f9f168
f973b6
f8915c
f85c04
f8a892
f8b82a
f886e8
f86ccc
f855b6
f7e87c
f7243e
f6812a
f63334
f5fc4a
f5d394
f5cf3a
f5d234
f5e65c
f5fda4
f5d13e
f5d95c
f6b2f0
f789d6
f76516
f6d3d2
f6ac30
f70a44
f7f100
f90174
f972d4
f95022
f94530
f978fa
f9bdde
fa1b1e
fa9492
fadb22
fa78fe
f9ce6e
f9ff78
fafd10
fb9b5a
fbca72
fc0378
fbe880
fbac68
fc0436
fc8a32
fcff82
fdbd04
fdb9e8
fc665a
fbc222
fccb40
fddb16
fe14ce
fdc05a
fce5d8
fc7944
fd5076
fe0f82
fdcf9a
fdc1ce
fe1e32
fdbad2
fcc6a6
fca29a
fdd1a8
ff3c06
ff2af0
fd9252
fc84dc
fd468e
fecc9c
ff89f4
ff1982
fe755c
fea47a
fefed2
fe835e
fe52de
ffad38
00f2a2
00261e
fe8144
fe63d4
ff71fc
ff93da
fe9a20
fe217c
fe9ef0
ff2492
fee53e
fdb2be
fc9ed6
fd3a48
fe6e08
fdb424
fbc260
faca94
fa65d8
f9e8fa
f9fc70
f9e63c
f8c6be
f7d6ec
f7676a
f657ee
f56e48
f5dd7e
f67fd6
f6183c
f51e64
f4484c
f3fd10
f46490
f5379a
f60a50
f62610
f54cf6
f50b9a
f673a0
f7f33c
f881e4
f93bb0
fa2792
fa4670
fa444a
fb1048
fc5f9a
fdc12a
fe532a
fd7416
fcfef8
febd66
00b664
00a46c
ffd5c4
00265c
010f2c
018266
01824c
0182fc
01d778
025dbe
029200
027788
02d272
03b596
03e3ee
02c6b4
01fb0c
02e6fc
0413be
036d90
01bf6e
014450
02534e
037b78
039eec
0313dc
030f56
03e148
0461b0
03f49c
03b320
04706a
0526c6
04b658
03e4f8
04457a
05ccfe
0710e0
076e36
0765da
0784ca
081518
08eca8
095980
0977d0
0a34b0
0b0d30
0aa846
09beac
0a014c
0b1e84
0bbe78
0b95d0
0b0a50
0aa40e
0ab408
0ac52e
0a786a
0a30a2
09eac2
0952ca
08ae94
081ce0
0771b4
070b10
06d7b2
062136
053876
04bd8e
041580
02f8f4
021f82
019828
011f06
00f9f6
00d5a6
001cda
ff507c
ff1772
ff4b80
ff8b54
ff4eda
fe5a2a
fd7820
fd537c
fd8020
fd8f22
fd7c94
fd5d58
fd621c
fd7dba
fd7a48
fdacda
fe2960
fe37b4
fdb9ce
fd55c6
fd43be
fd9a9c
fe3752
fe3d2c
fda55e
fda5b0
fe4c04
fec18e
ff1d78
ff75e4
ff7de6
ffad76
003198
005e8c
00867a
014270
01a598
012f0e
0113dc
01f712
0309b8
037de4
0343e2
030bd8
037fac
041c66
042634
040a44
045cbe
04c0b8
04bd38
049746
04e4fe
05b06a
06609e
0693a2
06776e
063104
05e088
05a412
0540b6
04ec7e
057276
064da6
062024
052fea
04c9e8
053e24
06028e
06512e
05d416
055c44
0554c2
04e6be
04601a
050698
062e58
066792
05fd2e
05890a
052e20
057b52
0639a6
06364a
057042
04ca7c
046df8
043fa0
045260
049c40
054b60
060bbc
05af40
045ebc
03d120
047186
050004
04da8a
046af0
042032
040360
03d976
03a362
03ac14
03c494
0385ec
0324f2
02fc88
02f4ac
02ef5e
02e59c
02a34e
022c64
01d7ee
01c8f0
01b634
017e90
016210
0164c8
0116b8
008eae
004f7a
000c34
ff55fc
fee9ac
ff301c
ff2a72
fe7cbe
fe05da
fdeda4
fdc010
fdb104
fdcb90
fd71ca
fca6a2
fc32ee
fc65a2
fcd7ce
fd1d82
fd12b2
fcd134
fca710
fcdd66
fd4e22
fd7014
fd0332
fc6c94
fc3f34
fcb018
fd5246
fd6bcc
fcf69a
fcb88a
fce98a
fcf29e
fca6ee
fc7a86
fc8452
fc5534
fbba20
fb192c
fae08c
fae154
fab06e
fa67b4
fa5b38
fa7616
fa674e
fa17ea
f9f3fe
fa7866
fb32f0
fb25cc
fa6820
f9f8de
fa221e
fa7808
fa968e
fa4a8c
f9dd12
f9e756
fa6576
faeb86
fb4258
fb53c8
fb50ee
fb8ff2
fb9ff2
fb28f6
fb35fa
fc64f2
fd45ee
fcb712
fba752
fb61ae
fc1238
fd28ea
fdd594
fd9e48
fcdc52
fc3ece
fc0d78
fc532e
fd1b10
fde346
fda1ca
fc4c6a
fb6e00
fc0fac
fd5e94
fddc7c
fccc30
faf1c2
fa1e52
faabd8
faf146
fa7088
fa1d98
f99c8c
f87c5c
f83bba
f95da0
fa1e4e
f9cbae
f93e54
f88b24
f7ca50
f7e8f2
f8f6e6
f9ddfe
f9b026
f86570
f74ee8
f7f056
f9819a
fa03cc
f985ec
f95ad4
f98260
f98190
f9a074
f9df2c
fa0cac
fa7aae
fac216
f9ff1a
f942d2
fa3308
fb64be
fa9a0c
f900d4
f8cbe6
f95e68
f9268a
f84f64
f7fc02
f8c742
f9c806
f9348a
f78d04
f79368
f993a0
fac8be
fa28a8
f96462
f9b934
fadc40
fbc086
fb9d0c
fb5dc4
fc569a
fd6fea
fd011c
fc5cfa
fd7e38
ff4d10
ffa0ca
fea05e
fdf9e0
fea098
fffda4
00aafa
006e82
009f3a
019d76
02139c
01e390
0253f8
033df4
0397d2
03868e
035728
02fbc8
03146c
03942e
033c4c
0279a0
02c40a
0365f6
033f92
03397a
03e17e
0469e4
04c6ca
05140a
04d49a
047b78
04a9c4
04b1aa
0452f8
04246e
03cf4a
0336ce
0373c6
044df0
042f54
032df2
02a8d4
02ee04
039558
0412be
039e60
02b738
0305e6
043e4c
0483c2
042348
04927e
05172c
048c48
03d3e0
03cbfa
042f7c
04b92c
04a712
036e54
02a5ae
0362d6
03ddf0
034008
02ecf6
02f190
029aa8
02830c
0269d4
01912e
0121d4
01828c
010b8c
fff1d4
ffd028
001990
ffca1a
ff64b0
ff2b40
ff03ba
ff2efa
ff2d20
fe8e64
fe34a8
fe7eca
feb9dc
fee0fc
ff2a3e
ff5fc2
fff47e
012a44
01e226
01a348
018dc2
020db8
025d50
026584
02b742
0322d4
032ba8
02f8ce
02eb3c
032d10
03db5e
04a328
04e1a8
04e710
05716a
060ce4
062192
065552
071454
07b8fe
07d864
07876a
074520
08008c
0969c0
09d2e4
0922f0
08e2ba
09435c
097d10
0984b0
096d24
092c82
090fd6
08f902
08b7e8
08d56c
092c82
089736
072762
062ec6
06164a
060e08
0543fc
03c408
027df6
0229a2
024e10
022e3e
01d5f0
018ce0
011bf0
005b1c
fff034
0052fa
00a372
ffe7a6
feaa68
fdfc80
fe1ed8
feba64
ff1f26
fed81e
fe780c
fe87ba
fe943e
fe8d92
fecf86
fee524
fe678c
fdf0a4
fde85a
fe139e
fe3a6a
fe2dea
fe1e4a
fe8546
ff079c
fef778
fe9d04
fe844a
fea356
fec420
feb59e
fe88f2
feb936
ff3160
ff5b82
ff49b6
ff63ec
ffa712
fff244
fff6ae
ff9a64
ff9c56
004682
00b500
00a8fa
00ad72
00c96a
00e5e6
010108
00c4da
007754
00a780
00bba0
004ada
0014fc
003b0a
006136
00bd9a
00f850
00b770
00dcf0
0179d6
018248
014f3c
0196c2
01ad2a
016f84
017b9e
019596
01bdaa
024004
0247ac
01a996
01d6ac
02fb26
03d33a
0407d6
03c1e6
034392
037ffa
047624
04cc14
0477ce
049972
05201e
0559ae
054cec
0539ea
053dd0
055e9c
055c38
050b8e
049aa4
043790
04013a
04076e
041d28
03fb74
037146
02b870
0266aa
025cda
01d528
010896
00a4c6
00497e
ffa1ce
ff43bc
ff1d2e
fe81e2
fd919c
fcb95e
fc3e26
fc4eb2
fc17ca
fac47a
f98cb2
f9a84a
f9f23c
f93164
f80aa0
f784fe
f7ea7a
f89ed6
f88e00
f7e504
f7f0c8
f8a43c
f8ba50
f80de4
f78f10
f7d4f8
f84388
f7afa6
f68574
f6b4ec
f84702
f93ac4
f90824
f8c9fc
f8fb60
f9736e
f9d310
f9b934
f9b8ea
fa5f42
fac75a
fa4636
f9a4b6
f9a4cc
fa5696
fb1e1e
faba4c
f95908
f91442
fa381c
fa87c0
f9570e
f85fc8
f89be8
f9328a
f8fdaa
f81e26
f7d0e8
f86f06
f8cf84
f8331e
f726bc
f6a79a
f74fd2
f84642
f7efd2
f6a688
f6466e
f71096
f7c9fc
f7bc82
f7183a
f6bd3c
f70e82
f6f302
f616d8
f5ed1e
f69004
f6ada6
f67708
f69864
f6d70c
f7b5ee
f95df6
fa3e66
fa1f84
fabb52
fc25f4
fd249a
fda760
fe2780
ff0120
006842
015f0c
0122d0
0125b4
028bb8
041ee2
049a48
042336
037e04
03b5ae
05030c
061342
060fa0
05ef32
0686e4
0725b6
06fbc4
06a914
074c78
0847c8
07f216
066d76
0551ee
051c72
051ad0
04a6e2
0391c2
027784
020afe
01d2ec
01322c
0096b2
00716a
009b16
00c370
00816a
ffe50a
ff7d1c
ff2374
fe97f6
fe8b6a
feeaca
fea42a
fdec4a
fd8cde
fd23ee
fca48e
fca68a
fcb4b6
fc590e
fc47a0
fc9172
fc8368
fc5d48
fcbe12
fd8bea
fe68ce
fede9c
feaa3a
fe5696
fe79ce
feec10
ff6372
ffb3dc
ffa74e
ff5fe0
ff3fae
ff73aa
001eca
011630
01b116
01bd5e
01b7be
01da36
021e0c
028376
029d80
023b0c
0216f6
02865c
02c880
026c5c
01eddc
01cc22
021250
026444
023fe4
01a432
011b62
00feac
012bf8
014918
012b24
011e32
015d36
016e3a
010f4c
00fe68
01a4a6
02360a
021a6c
01e9de
0244b2
02d3ee
03135a
033204
03881a
03e4ac
0415b8
044b28
0489f8
048172
042fca
0400cc
045366
04eace
051636
04f29e
055c08
05ea86
058e50
051a6e
05ee98
073bb8
07953a
06f566
060b1e
05da20
06e754
07d100
07907e
075fae
07b84e
075e74
069542
06d78c
082534
093d54
08bc00
06aa46
057ef2
0685c0
0775d0
06f558
066e38
064a38
05d84c
05345a
046450
040436
0511d2
05b716
040528
0259ca
02b8a6
0346c8
02ef42
0278ee
01fdac
01f646
0259a0
0170ce
ffe9aa
004ed4
018b44
014e36
005780
ffb7e6
ff6d58
ff96e2
ff458c
fe3f2a
feb272
00587c
00049a
fdf8a0
fd1a1a
fde404
ff0094
ff2700
fdea48
fd0120
fd7976
fd969e
fcf99e
fd5638
fe6d8c
fee4fe
fe9e88
fde0fa
fdc120
ff201c
002a68
ff8328
fefd12
ff902a
0025c0
009be6
010984
012f9e
01a850
0217f6
0190b4
016e28
028c48
031ba2
02a36e
026a76
027bc2
02bb78
0347ba
0343b4
02e23e
034730
03a3e6
0340a0
03472c
03be7a
03adb6
034ff8
02d748
025b98
02a7c4
032426
02a818
02344e
028a6e
028ba6
020b32
01c318
01bc48
023c92
030afc
02e5b4
02498e
029d54
031528
02c03a
026578
024db4
021eca
01f2c0
0198d6
0138f8
0186cc
01d25a
0120d0
006316
00930a
013092
019590
014412
006f14
00584a
00dab2
006194
ff54c0
ff21e8
ff3a10
fec056
fe18c2
fd844c
fd2acc
fd5914
fd8446
fd2c62
fccf32
fc9ab6
fc3910
fbd930
fbc7e6
fc0b1a
fc67dc
fc2d70
fb11d0
fa12ac
f9fe00
fa6b16
facfe6
faf74e
fabf4a
fa57e4
fa2d4e
fa68a6
fafba8
fbbd1c
fc5846
fc6162
fbd33e
fb6ca6
fbc8b4
fc3ca6
fc0f8a
fbd912
fc172c
fc4e2c
fc3b36
fbfaf2
fba22c
fbb90c
fc59ce
fc908c
fc3506
fc1ac6
fc08ee
fb7ade
fb1d64
fb5b24
fb853a
fb30e0
fa72e0
f990e6
f929ce
f946c2
f9210e
f8c196
f8cdca
f8e954
f8476a
f7523a
f7199c
f7856c
f748b2
f61584
f567aa
f5d9c8
f5fce4
f52e6a
f49574
f4d7b0
f59cce
f640bc
f5c89e
f47e9e
f473a6
f5d2a6
f630d2
f5264c
f4f7d8
f62e50
f6cfe8
f5e8f8
f52d8e
f66176
f83db8
f84894
f7552a
f8126a
fa4750
fbaa0a
fb5cd4
fa47d8
fa62f8
fca7fe
fe8f18
fdcea4
fccdac
fdb40e
fe3efc
fd24a6
fcc7f2
fe53dc
002392
005854
fe7d58
fcc186
fe1d8c
01746e
02ea8a
01e6d8
00d61a
00d75c
00f5be
004734
ffa1aa
006a2e
015dfa
fff63e
fd38de
fc5f9c
fdc586
ff63cc
ffe77c
ff4f68
feb860
fefe6e
ff37de
fec0b0
fec99c
ffd3c2
00a988
0082e6
ffd584
ffa05c
0081c8
019cfe
01c4d8
017f26
01bf00
023ec0
0258a0
01e582
01a43c
02bd06
04854e
050326
047b3a
04af7a
05994c
0668b8
071086
076ed0
079cee
07d822
078a5c
06f148
0771d6
08958c
08e0e4
08c692
08ea20
08dd82
08f0e8
09576c
093ed2
08e108
08d95c
0876e2
07b018
0786ba
07b212
077b6e
0726ae
06dc76
06ae4c
06b92c
06545c
0564a4
04e39a
046846
02ffc2
01e6f2
021cb0
0246dc
018a52
008a1a
ffb60c
ff9bb8
007e16
00e74c
ffdc2a
fed16c
febde0
fe8e78
fdf36a
fdeee2
fe759a
fe9360
fe2c40
fdde1c
fe2cd0
ff2772
ffd508
ff4b7e
fe82cc
fedac2
ffbd36
ffee74
ff79b4
ff27ce
ffb8c8
00d4bc
00fc74
005fe2
00d922
01ba3c
01193c
004232
00c902
014fae
00ef6a
003a46
ff6434
ff903e
014872
01fdec
00cab4
005a84
01322c
01c8e6
0237c6
0217b6
00c6ce
00022e
0038cc
ffe09c
ffeaa0
00f2e6
00aea8
ff7cf6
ffa3a0
003978
008c80
01abd2
022980
010488
0050ee
0058da
00265e
00d85c
01e0f8
016174
00acd0
00d100
008304
00a5ce
023b88
035272
037f7c
03c2a4
031d18
0233f4
036842
053d28
055fc0
053222
057b6e
05368e
051088
059bb2
05f834
0661e4
0711e0
06fc50
06674e
065a08
069c90
072dbe
0842b8
08d0be
0886be
08699a
086e62
081a14
082abc
08c87a
08eb42
087d20
08432e
084040
082a34
084038
088252
08824a
086b0c
08986e
087c4a
07bbb4
0706b4
068620
05ba04
04fd5a
04a8da
044364
03d40e
038ace
030592
028e3c
027f86
02224c
018090
015f2a
01030c
fff75c
ff5bf2
ff2f98
fece48
fedfee
ff146a
fe54e8
fdab72
fdf3ca
fdeabe
fda24a
fe426c
fefc3c
fef8b6
fec6ac
fe7206
fe24d0
febafa
ffa774
ffb84e
ff359e
fead4a
fe3c38
fe445a
fe8fb4
fe905c
fe9d7c
feb114
fe0dfc
fd4508
fd8234
fe7e92
ff3f3c
ff454e
fe86ac
fda008
fd3b44
fd1858
fcd064
fcb4b8
fcd27c
fc5f68
fb0848
f9e820
fa18ee
fb16d0
fbb106
fb8e7a
fad5f6
f9fa7a
f9dae2
fa7224
fa9e9c
fa5a70
fa9c76
faedb4
fa0542
f868e0
f7fab4
f9392c
fa795c
fa2040
f8b9f2
f7fc72
f8a0be
fa0604
fb2364
fb9eec
fbfcc8
fc3d10
fbda94
fb8768
fc69b8
fdfb9c
ff1928
ff4082
fe4dc8
fd5014
fdfa5a
ffc288
00e7b2
01271a
00a5e0
ff7302
febf56
ff40be
006924
01f288
028ef4
006e74
fd8efc
fd4c62
feb77e
ff7a1a
ff8822
fea4be
fcaafc
fb469a
fb1150
fb2cec
fbc032
fc1518
fa9ab4
f876ce
f76a24
f6ec8e
f716c2
f83b72
f82198
f5e524
f41cda
f3e298
f40346
f4218e
f3f146
f2f480
f2064e
f181a4
f0c25c
f0a942
f1e03e
f29864
f205a6
f1eada
f2f8fe
f4101c
f47134
f42d20
f3e0ce
f44768
f4f92e
f52538
f51070
f51ae2
f501c0
f4fc30
f58852
f68c50
f7d84a
f9235e
f99b8e
f952dc
f9ba6e
fb5994
fd0c78
fdfe28
fe5b9a
fe68d8
fe6c12
fec384
ff6756
ffffac
0044a4
ffe74e
ff1ab4
fef7f2
ffdc42
0078ea
004e16
00ca9e
023348
02ae3a
01c7c2
015cfa
0243d8
034066
033fa8
027fae
02047c
023d20
0231ce
014ed2
00d32c
0187a8
025d46
028348
0235d6
01d8ec
020b64
02e850
038ee4
04103a
052544
05de02
05727e
052bc4
05cef6
06cb24
07ec48
086296
075d36
06840a
0740f6
080b2e
081edc
08a10e
0959c4
0977ec
098070
09a54c
09d386
0a9d2c
0b665c
0b2a0a
0ad602
0b1732
0b00ac
0a9a78
0a8a80
0a5bc2
0a223e
0a65ea
0a387e
090c9c
080e4a
079ec4
071ffe
06baa2
069164
063a34
05cd0e
0523d2
03cc48
02d96a
03514c
03d7b2
032c4c
0259e4
021b62
01c5da
013140
00984e
ffe5d0
ffb0ce
002310
ffc356
fe4ba4
fda31c
fe2cb6
fe715c
fe32d6
fdf7d4
fdb77e
fddefe
fe952e
fedd00
feaf94
fefdc0
ff9b4e
003844
00fe96
013360
00a4d0
008bce
00de22
00bbda
00ccfa
015f7c
015092
007474
ff8216
fef468
ffa05a
014fe8
020432
012b58
004e4e
003f14
00ceb2
019820
020164
024388
028c92
01b08c
ffef86
ff827e
00808a
0119ce
00cf58
ffef34
ff0772
ff2a16
ffe328
000fbe
00a5e4
0241a0
031cf4
0278c8
019f3a
019088
027fb6
037ed0
033af6
02932e
02d288
02e150
023ca6
025d74
0358de
043e04
051bf4
058cd8
051fc2
04f098
059272
066f86
0797d0
08c96c
08f678
083af6
0790ea
07865a
084e46
0926f4
090fa8
08a53a
08906c
083868
07db4a
083e18
08c1ea
08d7a8
08b840
084abe
0808fe
088cca
08ca50
081bae
07bab6
07f03c
07af32
070282
068550
0612a0
058c34
052800
05141c
053852
04ee70
03f070
02ff3a
0284ce
02463a
025a44
0286be
022ad2
017374
00d66c
006ab2
006854
00a54e
0083b4
002f58
0017f6
ffec9c
ff9274
ff5474
ff5e96
ffd5e2
004648
ffeca6
ff7be6
ffcf22
00198e
001524
009b9a
013dee
01444a
0145ae
015cf8
013624
017c3a
021e4a
020f56
017b34
0109e0
00ae84
008612
008368
00497c
002054
ffebfc
fef672
fdf690
fdd434
fdb784
fd4590
fd224e
fccfb2
fc1ba0
fbfafe
fc0ee4
fb6c4c
fadb02
facd20
fa57d4
f984fa
f92260
f93016
f94f3e
f910f6
f8601e
f83582
f8fe3c
f98c94
f97274
f9a792
fa2908
fa2202
f9ec8c
fa4ba0
fae13e
faed7e
fa8d7a
fa8622
fb3656
fbf53e
fbc714
faf5cc
faf644
fbf27e
fc5890
fbb690
fb6574
fbd32e
fc1bca
fbfb60
fbaff0
fb7162
fbbfb0
fc3dde
fbd1fc
fb18e8
fb697a
fc13b8
fbe594
fb38f2
fab2a4
faa198
fae1b8
fa5c10
f8fa92
f882ee
f920f4
f8e9ba
f7b940
f71e56
f73fda
f722c0
f657fc
f5736a
f5a1d4
f69c1a
f64858
f47f96
f3a38e
f43304
f462fe
f3df8c
f38c9c
f34428
f2ae42
f219e0
f1b702
f1d09e
f2b7be
f3a596
f3b556
f399da
f42bf8
f503ec
f5cff2
f6f102
f83c16
f92c60
f9ac00
f9ce0a
f9f9a2
fab8ca
fb9190
fbda54
fc1d56
fc8a9a
fc5440
fbf68a
fc92a0
fd9ca2
fe7aa4
ff9ec0
008b4a
009482
00dd2a
022f2a
037dd0
04255c
046cc8
043e1a
03b864
0374c6
037b76
036b68
033182
02db14
027b72
022e6a
0205b8
024872
030bce
039cd2
036f6e
031782
034014
039530
0392c4
0380ba
03b224
039510
02da78
026746
02946e
028ef8
024bfa
02386a
01df36
017662
01cbe8
020ec8
01a1f8
01f26e
03302e
03ab36
035478
0351ee
03b68a
043b2c
04adde
04d8b6
053fa4
05ca96
05529c
0469c0
048ade
0505ec
0501f2
0517ea
04fada
046eaa
049914
04ef0e
0431b8
03fd04
0538c4
0595f2
048076
03ea32
042214
045aea
0451b6
03bea4
03218a
031afe
028ed8
012a2c
0075f8
00623c
fff2d4
ffde78
002212
ff96a6
fef000
fef912
fea3f8
fe1aa8
fe90f4
ff28ae
fedabc
fe8130
fe4f2c
fda592
fd4246
fd9c60
fda8f6
fd39e8
fd2c24
fd47d0
fd0f2c
fcfe58
fd7d3c
fe64c6
ff5226
ff9290
ff2bf0
ff6e5a
00d418
01f756
021d20
026b64
03982a
04bbb8
051e5a
050e0c
0526da
05e114
06c7c8
06caf4
068cc4
07626c
08131c
072c12
06513c
07267c
08c0fe
09d7f6
09b764
088b58
0834ce
0961ba
0a1e46
09f78a
0a6f44
0afc62
0a2324
088f8a
07875c
077ba4
083686
084d00
06f0fe
05e744
0648ae
067c54
05f734
061e0c
0705ac
077714
06c040
053604
047942
052ae2
05300e
03d4d0
0343e4
036412
024d7e
00e442
00ab4a
010970
01869e
01ebf0
018d72
010fee
015c40
01c88c
01fce6
027954
02eec2
030e1c
03068a
02ac3a
0262fe
0301b4
03d7b0
03ec28
03ebf2
0470f0
04f024
0542ae
0587c0
059d4e
06092a
06f668
07323a
06a888
06c21e
07390e
06b48a
05c3a6
05954e
05db4e
05ccaa
05589a
04ea20
04c1f8
04a022
0462b4
042398
03b4a0
0323a8
02bcba
02210e
010a98
002302
fffa46
002d86
ffe2aa
fef6b4
fe6da0
feb04c
fecfc4
feb0fc
fef9c2
ff331e
fef734
feb0f4
fe4454
fde762
fe560c
fea650
fdd964
fd3546
fd82f0
fdb69a
fdd756
fea4fe
ff57b2
ff6eaa
ffaed2
001d2e
007df6
015420
0237b0
022be8
01b5c2
01912a
01956a
01d9b6
021ff8
01e344
01ebb8
029656
029e36
021e74
026c12
03251a
03689c
036880
0354ba
03365a
02ff60
0241cc
0150a8
0103e8
011a6e
00de36
00115e
fed1d8
fdf170
fdec2e
fdf81e
fdc104
fda1c6
fd2964
fc47ae
fbc676
fb69de
fad3ce
fad8f8
fb4140
fac598
f9ccbc
f9459a
f8d13a
f8855c
f8c3da
f894c2
f7e3de
f7eee0
f7eec4
f6ce94
f61422
f66264
f65a3c
f63748
f67680
f5eff6
f4df86
f4750e
f420a0
f3cc04
f45a10
f4dce2
f44646
f36ffc
f2df34
f268fc
f2900e
f3104c
f2f2be
f2b852
f2f008
f28bcc
f1968e
f1cf4e
f30f2a
f3ac10
f3c4c6
f3d544
f352be
f2ee3e
f3809c
f3e5d0
f3eade
f4abbc
f5007e
f39236
f20eec
f1deb2
f24eba
f2f304
f37186
f32360
f2ceba
f358a0
f3e72c
f42070
f4f76e
f63f4e
f71948
f79658
f79f8a
f74624
f7e240
f96dd8
fa0922
f9f160
fa8b96
fae4e8
fa7d84
fab07c
fb3d20
fb7dce
fc9b70
fe2f1c
fe6924
fe23aa
fef1aa
003a60
014802
0221a8
029b64
03154c
03d562
03e9d4
034bf0
0391ca
04d96a
056af6
04d89a
045d4a
049516
054630
060ea6
066682
0694d6
075480
07de68
0744b2
06c474
076fb0
084e72
0884ae
082250
076c52
071cb8
077e68
07756a
0684d6
05d29a
05da9a
0586d2
046f42
03c7c4
043756
04df0c
04f3c4
049056
0463bc
0501c8
05b14c
055958
04dcd8
055f98
05d8a2
05650c
04e390
04cf00
04c368
0486ca
040a0e
03aa14
03ecba
0453f6
042bc2
03d7e0
03f022
044a90
04822e
047cd6
044856
0405a8
03c5be
035a7a
02cdc2
02a66a
02d362
0286d6
01bdac
00fd8a
004f5c
fff442
001a38
000232
ff8122
ff5fea
ff8380
ff64e4
ff34e0
ff2f52
ff5156
ff7302
ff3448
fec8f8
fec806
ff0992
ff2fa4
ff352c
ff133c
ff0bf4
ff5e66
ff997e
ff8a28
ffb674
0024a0
0052ba
0040c2
0062c8
00dae8
015d2c
01d490
025326
02a828
02d5ce
033012
03a2e4
03e45e
0417ae
046af8
04a854
046ae4
03d3e0
03b956
046746
0564ba
0671ca
072eae
071e80
07081e
07d578
08e0be
0982fa
09d91c
09c23a
09256c
084bca
07905e
078614
0819f2
083f2e
078dca
06a1a2
05f1b6
05c114
0617b8
06a9a6
0765b6
080ece
07e00e
06da76
0636d4
069a10
07244c
06f48c
0673ac
062790
05b538
04f8b0
047afe
04a808
0567aa
05edee
0565fa
046fa8
0432c6
04985e
04ed8e
05004e
05038c
053b22
054726
0491be
03b4d4
03b63c
045718
04a592
045eba
042d6a
047c82
048c14
03e056
038242
042caa
05288e
056912
04ce46
046d02
050a2a
057ef0
05067e
04f5ba
05ed7c
06acbe
066c96
05940e
051316
059f90
06628e
05f430
04e35a
0494d0
048a9a
0399e6
0265ca
022f0e
02b698
02f076
025fbc
015a5e
00f72e
018c12
01b634
00f5ac
00a03e
00e8b6
00c828
0020b6
ff5c60
ff1506
ffb784
ffeefe
feb096
fda322
fded74
fe42ba
fdfa14
fdc878
fdfed2
fe811e
fee770
fec8d6
febd20
ff8238
006542
004870
ff7dc0
ff2bfe
ff8222
ffc662
ff96ca
ff2348
fed4e2
fed9c6
fec80e
fe6ba6
fe6f5c
ff0224
ff6836
ff43ba
fed588
fe9d6e
fee57a
ff14d4
fe9954
fe23c4
fe4a48
fe6122
fdaa4c
fc8880
fc248c
fcbe88
fcfdae
fc25e4
fb47e4
fb41be
fb9b94
fb8134
fad172
fa6f38
fac996
fad5b6
f9ff7c
f92086
f8d3d2
f8e696
f8eec2
f8982e
f834d2
f82aaa
f7fbac
f75ada
f6ff0e
f75e34
f7e75c
f7c3ac
f701fc
f69916
f6ecfa
f755cc
f77b9e
f7b642
f81d90
f83b9e
f7b798
f71668
f73cc2
f807be
f8649a
f7e356
f752c2
f763b6
f76c42
f6d690
f6bb9e
f7a036
f8036e
f73d7c
f69a5c
f6fac6
f7d1a8
f82530
f7f492
f848ac
f8ee4c
f8857e
f79d4e
f7a6b6
f82dac
f84020
f7cd1e
f700ca
f69722
f6f2f6
f7064c
f67b44
f65dfe
f6ab86
f6b1ca
f6cbc2
f73e8c
f78028
f7a078
f82f90
f8d798
f8f3a2
f8e690
f94a48
f9caf6
f9c1ca
f94acc
f943ec
f9ff42
fa4b0c
f9786e
f9194c
fa1394
fae494
fac27e
faa252
fb22fc
fc3894
fd6e4c
fdfa32
fe2b28
ff0130
fffe88
001440
ffc042
001892
00e45a
0121c0
00b0c8
003362
ffffaa
0018c8
0054b0
005d5c
0076d8
01221e
01da2e
01f900
01d76e
021376
02d532
036796
02e186
01fbf4
01e2d0
01d722
012bfe
00d756
010110
00ca2c
00469e
000c54
002120
0045f2
0030e4
fff8fe
001d0e
009fe6
00ee8a
00a914
000e6e
ffbe5c
ffe4f8
00227c
0040d8
0044d6
002360
ffd394
ff63a6
ff3ba8
ffbb78
008206
01027a
0145e0
01601a
016c24
01bb1c
02433e
02d392
0389fc
043974
047826
045b3c
0471c4
0515b6
05e620
065938
06a808
071472
073a74
06ff3a
06cb02
06dcd0
07516a
07dfde
07fe7a
07c446
078e1a
07700e
07803c
07b3ac
07f458
087a26
08fd16
08b844
07d8a0
074c06
075578
078516
0785de
0776be
075390
06b65c
05b930
05150c
0532d2
05fa66
06b5c6
0683fa
05badc
056a50
05985a
05c8fe
05fa3a
063ff0
069af6
06c138
061dd2
0503b6
0496c4
04f1fe
051680
04933c
03fe16
03d704
03db12
03ac5c
038dd0
040952
0511e0
05a18a
051242
049be4
054260
05bade
053574
04e40c
053482
0569ea
053e54
04a2d6
03f960
0429ea
04d496
05006a
052038
05c2d6
064c4e
065bb2
062b14
05f666
061692
0679a0
06658e
05be4e
0555d6
05593a
051d9e
04a408
04713e
047722
0474c6
044242
039090
02d3ae
02de96
032b58
02effa
02bb58
02ec6a
02f650
02bb2e
0283f8
028592
02f5f8
037f42
03857e
0359a6
0382c4
03a8f2
036450
0327dc
036e76
03e534
040258
03c9f2
039fec
03d452
044346
0475e0
04872c
04fb2e
0573f8
0579be
058394
05dd70
065d58
071270
0790d4
075c8a
07118c
0715e8
06e0b2
067602
064de6
065d6e
0661ac
061bc0
05a0ac
058564
05d0f0
05e766
05d0cc
05e718
05f53c
05c42e
0586fc
05609c
0539f2
04f510
04870c
03fbcc
036c3c
02fa54
02a30e
025a64
022e44
020198
01bd4c
019c5a
019b96
0172c8
0140e2
0130e2
00f0bc
005d4c
ffc666
ff67e4
ff39ae
fefec0
fe79ea
fdc112
fd1334
fc7d2a
fbf5c4
fb9eea
fb787a
fb225a
fa7e94
f9e600
f96950
f8fe6a
f9004a
f92fc4
f8c0b8
f7f016
f766c8
f6eec2
f664f2
f61126
f5d254
f57e7c
f51f9e
f499a6
f41088
f3c730
f3b18e
f3e89a
f4544c
f4409e
f3b58a
f37f16
f3923e
f382f8
f39746
f3f432
f450c4
f488fe
f464ee
f3f9a0
f41914
f4e14e
f5565e
f53948
f51b24
f50808
f4fae8
f53fd2
f59bf4
f5eb5e
f66806
f6a114
f665a2
f671a6
f6a736
f69a78
f70b68
f7ca16
f7a29e
f752f2
f7e912
f85626
f81f34
f83f3a
f8ac62
f8e7a4
f90cf2
f8e278
f87548
f8985e
f93fc8
f99da2
f99cec
f993b0
f99af2
f9b6a8
f9b0dc
f979a6
f97810
f9c810
f9d9b6
f9641c
f8f640
f90a18
f93eb4
f93632
f95c98
f9d7fa
fa256a
fa2ade
fa404c
fa82d8
fb2f94
fc2e82
fcbda8
fd0414
fdd1ac
fe7f80
fe6b9c
feb1fa
ff70a0
ff49b0
fea030
fe8514
fe478a
fdab9c
fd953a
fdd282
fdf79a
fe5966
fea9ea
febf46
ff585a
001d0e
004a74
008f86
013c32
017f7e
016664
016ac4
0155a4
013016
011d04
00af6a
000740
ffd37a
ffdf16
ff9e12
ff8b4e
000ca0
003e16
ffb1b0
ff7b3c
00039a
004fe2
0035fc
0031b8
ffe91a
ff4e22
ff16b0
ff16c0
fede4c
fed52c
fee56e
fe811c
fe0318
fddf52
fde0e4
fdfdca
fe46dc
fe732e
fe92be
fed76c
fedf3c
feac50
fef09a
ffac02
0035a4
007284
009eb2
00a842
00ab3a
00f8a2
017396
01d42c
02344c
029f08
02d08c
02d5e8
031f1a
03ab32
041f44
048960
04fb96
0540fc
0578a4
05b5b0
05b03a
05d644
06acc6
0761e8
074eba
071828
06ef50
069066
067868
06c956
06fb56
072168
074280
0706da
06f684
078f68
082d8c
088cf4
090684
094a40
091c4e
08e9aa
08d054
08bf56
08fb98
094d12
0919da
0871f2
07d856
07930e
07b522
07fd88
080244
07d94e
07c38c
079f06
0764d2
0773ea
07f72a
08918c
08d212
08b6ba
089b6a
089826
0899e0
08c48c
08f220
08b990
084ace
07e6f0
075404
06d3f4
06e5ae
07314e
0767c4
07a7e8
07b1b4
07821e
079308
079572
07435e
074fb4
078f74
06feac
05fc40
056c30
051c82
04fc32
053e2e
054486
04c22a
044efc
040000
03b42e
03f86e
04c8c0
055926
05748c
0564d4
0545f0
053bee
0542d4
0511a4
04de46
04f8aa
04dbda
041fe2
037ab2
03823a
03c090
03bcc4
037fc2
031778
02acee
027728
024f34
02420e
02bfa4
0359f8
032720
028718
0259d0
026254
024ac4
025f2a
028984
0272e2
02403c
021f98
021c0c
024896
027832
0281f2
0292ec
029b18
027e6a
028df6
02cac6
02d4f4
02d696
03129e
03370e
0319f6
031452
03531e
039b76
03b580
03b72c
03ca64
03be28
035a82
02d07e
026722
023b72
024d72
024130
01d2aa
0178c4
018778
0187e0
015106
0145dc
016846
01613e
0116c0
00b4c8
009550
00ca56
00dbe2
0088ee
002750
ffddf0
ff75da
fef71a
fe96a2
fe606c
fe4c72
fe4c9c
fe39d4
fe0110
fdd650
fdec86
fe02a4
fdb8a6
fd3a7a
fce504
fcaf4c
fc6f58
fc3622
fc0f98
fbf7ba
fbd978
fbadb8
fb9d7e
fbb6cc
fb999e
fb2df2
faedb2
fb09da
fb2b66
fb2956
fb2198
fb0a1c
fabeec
fa630c
fa3676
fa252c
f9f728
f9c86a
f9a5fc
f953e2
f8fd18
f902a0
f92c8a
f93dce
f9575a
f94930
f8f858
f8d7da
f8fab4
f90bee
f93380
f96d6a
f948b2
f90452
f90c4e
f916b6
f92392
f98ecc
f9e364
f9bf6c
f994d0
f97d9a
f943d6
f9557a
f9b27c
f99af0
f936de
f92130
f8f2fe
f8885a
f8a838
f91b8c
f8eb62
f867ac
f8496a
f840a0
f8104e
f80c70
f8160a
f7f814
f7f98c
f80c7c
f7f8f8
f7feec
f82648
f82214
f81a54
f844f4
f86e04
f88f92
f8c290
f8baf6
f875c2
f86be0
f8a13e
f8b9fc
f8cd14
f8f666
f8dafe
f878ea
f84e08
f86948
f879ca
f88a7e
f8925e
f84e82
f820ca
f87e14
f8e080
f8fb16
f94ea0
f9ba18
f9b980
f9a9b6
f9c7b0
f9b07a
f99df6
f9cf14
f997ec
f8d17a
f83da2
f80d76
f80802
f83b22
f877c0
f862f0
f82eae
f83df4
f8a4c0
f95106
f9f0b8
fa0dd8
f9b866
f98d56
f9c4ac
f9fc86
fa1ce8
fa5fc2
fa6332
f9d84a
f95d08
f95788
f9a2da
fa7602
fb7d12
fbca34
fbdd64
fc8d98
fd0d06
fd33c2
fe17c0
ff3926
ff9d1e
ffdca6
001ddc
fffee8
0065d4
017bc4
01ef02
01ee98
026a7e
02d4e8
02fcfc
0390be
044052
04a9dc
053662
05af02
05c4d8
05f8e8
065738
066afc
067a4e
06ec36
0785c8
07f81a
082636
080c26
07def8
07e2b8
08267a
088c44
08f00a
0944c6
095484
08fc58
08be2e
08fef2
0950b2
098a6e
09e002
09e46c
0981b0
0962b4
096488
092828
094260
09a322
095d88
08b278
0844bc
07d468
078c7a
07cbcc
07fc60
07d32c
07adf6
074ac6
06ab9e
069546
06ecac
06faea
06d7e6
06ab8a
0645d0
05eab0
05c912
05af02
05c070
060944
061078
05bc0a
057fe0
0590ea
05cd32
0607be
062084
062972
064078
065f8c
067daa
0690dc
06a11e
06b370
0698d4
06593e
066588
06b2b4
06aadc
0655fa
061702
05e9f6
05dace
05f37e
05e51a
05c298
05d8e0
05c7fc
056004
0543d2
059450
05cf88
05d16e
05880a
04e46a
04588a
043660
0439f8
045744
048a3a
0472e6
041354
03d37c
03c25a
03d0ec
03fc36
040244
03bf14
0370b2
034d30
0358a2
03840a
03c264
0415b4
04640a
04837e
04901e
04b1e6
04d3e2
050026
0547c2
057ece
059952
05a65e
058812
056b7c
05a99a
05f88e
060f7a
06405a
069738
06c42e
06d746
06d094
069432
068b1e
06e65a
07210c
06f74a
06a906
06684a
065228
0667a8
0680c8
069b88
06afdc
067eca
06275a
06028c
06135e
063bcc
065cc4
063f3a
05f61e
05ac60
053cf6
04c9d4
04afe0
04a108
04303a
039c62
031972
029a5e
024b08
021260
019456
00fdbc
009578
002688
ff94c4
ff0418
fe8670
fe34b2
fdf8ba
fd8884
fd03ec
fcbac8
fc8916
fc3dc8
fbeaca
fb8e02
fb326a
fafae2
fabd4a
fa6898
fa49bc
fa52b4
fa1f88
f9c02e
f9937a
f9a74c
f9d0a6
f9eb8e
f9f014
f9ea2c
f9e0c8
f9e7cc
f9fa1e
f9dec0
f99ad0
f96e62
f93e7c
f8eb1c
f8be2a
f8d498
f8e972
f8ecd0
f8eac4
f8e25a
f8fd86
f92e34
f92958
f911fe
f91440
f8f646
f8d318
f8efaa
f8f1fa
f8b90a
f8b0ec
f8c7ba
f8b88a
f8cb64
f8fb48
f8e242
f8cb56
f9159a
f95526
f94c0a
f93f58
f9291a
f8f960
f9173a
f990b4
f9e1e8
f9e1ee
f9cdd6
f9a6b2
f97898
f9ab94
fa55b6
fafa0e
fb31b6
fafdc0
faa53c
faa534
fb4ab6
fc4ed2
fd14a8
fd3a40
fcde9c
fc84be
fc93c4
fd17c0
fdeab8
fe94b2
fe85ae
fde4a8
fd529e
fd1094
fd4282
fdf978
fe8678
fe3f72
fd7750
fcb70a
fc40a0
fc6222
fceb8a
fd16b8
fc9e96
fbdc18
fb382a
fb0cac
fb3b92
fb25d0
faba40
fa61c6
fa153c
f9ac80
f95186
f8fe40
f8a08e
f8664a
f83c5c
f7e7a0
f79df0
f77c2c
f72b42
f69c24
f653b0
f68ece
f6f756
f73f2e
f75c2e
f75236
f73a26
f72ce6
f70b6c
f6dc96
f6df3e
f6d24e
f622ce
f4f8cc
f40a46
f3b930
f3f97a
f46218
f48d0c
f4b74e
f509d8
f50fc0
f4fe0c
f598a0
f6a960
f77050
f7b28a
f74d2e
f6a45c
f6bd18
f77a62
f7d85e
f8011c
f876b6
f8c662
f8d840
f9484e
fa2a8e
fb4e18
fc8804
fd3988
fd2fd8
fd38fe
fdcc0c
fe851e
ff2d5e
ffd6e6
005ee4
009a8a
009dee
00b922
01314a
01e794
026b3a
029060
02a624
03119a
03c7e6
047322
050b60
05b5b6
064346
06782c
067978
06992e
071d62
07e946
087004
087daa
08803e
08a5dc
08b6a0
08cd8e
0928b0
09a51a
0a0de4
0a3512
0a01a8
09dc8e
0a3cc2
0adf60
0b427c
0b660a
0b670a
0b3686
0afe7a
0b01e4
0b4cc6
0bcf16
0c39de
0c1620
0b7cbc
0b039e
0ae3c6
0b0030
0b49d6
0b80ba
0b60ca
0b1bec
0aea14
0aca28
0ae216
0b27d4
0b295a
0adf8a
0a9952
0a33b0
09a790
0960e6
095e9e
0955a0
0956e0
094b4e
08edc8
087630
08287a
07d9a0
07a888
07ca1c
07e246
07a0f6
073626
06b4be
063ea6
0636c8
067726
0676aa
064548
0619e2
05c770
057de4
059930
05c744
05bb0c
05ab86
056bac
04c776
0450dc
0454d2
046460
047580
049426
044648
03c6e2
03b5ea
03b968
038068
038fe0
03c1ce
038742
033f3a
0323b6
02faca
031d72
0389ac
037686
030f14
030e44
032a18
032fae
037c06
03bf22
03af14
03d5dc
041d76
0408fc
040f6a
0475bc
04a902
04995c
048fc8
045744
0412e2
042a98
045374
044e8a
0463dc
046566
04113a
03d254
03e1aa
03fa46
041b32
043f68
0412ee
03a1d0
03450a
030e92
02fe6a
031996
031f1c
02d20c
026064
021f18
022916
024a70
025a22
026d1e
026f62
0239f8
01f9da
01ccfa
019c5a
0192f2
01b1d2
017302
00e97e
00ad32
00912a
004b72
004ffc
00acc8
00ebda
01182c
012bbe
00e994
00c990
0111ac
0126fc
00fb8c
010448
00ee3a
007f62
002bae
fff430
ffc6f2
fff3f0
002b32
ffeab8
ff9f60
ff9026
ff671a
ff5440
ff95a2
ffb140
ff6a04
fef0e0
fe66c4
fe18b2
fe31c0
fe4600
fe186e
fddaee
fd906c
fd50d8
fd4238
fd3ba8
fd421e
fd8392
fd9afe
fd4d3e
fd0c38
fcf8f6
fcda8a
fcccf0
fcc62e
fc8920
fc4a9a
fc2f9c
fbfb3e
fbd17a
fbe054
fbd5e4
fb8c0e
fb3cb2
fb06d4
faf968
fb1172
fb040e
fab430
fa52ba
f9fcb6
f9c332
f9be22
f9c488
f99380
f93006
f8d32c
f8aafc
f8cd6a
f92672
f9662e
f92bb0
f899f2
f84408
f85104
f894ea
f928be
f9c68a
f9c556
f96332
f9402e
f96158
f9f5b6
fb1446
fbc408
fb95fa
fb5d18
fb306c
fae214
fb4110
fc2b5e
fc53fc
fbc4ea
fb351c
fa8f9c
fa556c
fb0c8c
fbaff8
fb928e
fb4320
faaca2
f9bb0c
f9624e
f9a062
f98c42
f943ca
f8ebd6
f82150
f78c12
f7b402
f7a92c
f71772
f6c296
f6847a
f5ff08
f5a518
f55698
f4b072
f43d8c
f41fcc
f3bd1e
f35e4c
f36828
f340a6
f2abc8
f21c82
f198ca
f1498c
f19dae
f22a1e
f23dca
f1eab2
f16df2
f1219a
f19fa2
f2b6f2
f3a382
f45148
f4b354
f47eaa
f44c62
f4dd94
f5c93e
f68456
f701e6
f6e122
f61548
f5948c
f60bfa
f72390
f86268
f96a9e
f9df4e
f9d396
f9d7a6
fa5c92
fb6872
fcba4e
fdd636
fe2a58
fdbfec
fd6c02
fdbda2
fe63f0
fef71e
ff6150
ff859e
ff7514
ff64c0
ff67d0
ffd258
00d65c
01cff4
023636
025226
0248ca
02332c
027456
02e370
0331a4
03c4e2
046022
04246e
038dce
038f4a
03d712
040f32
0473a6
04c76a
04e876
051ab0
05222a
050d10
059d5a
06a0fe
071408
06df68
068404
064ae4
067128
06d4e2
06f522
06ffe8
075008
076978
06fc54
06aba4
06e57a
075eec
07daec
084958
087d18
08a022
08ee7a
09013a
08a76a
089ff2
0924ba
096ac6
093912
090890
08e75c
08ec82
0956f8
09baa4
09c96a
09f832
0a15f0
0982ba
08cc8a
08c94a
0920fa
09438e
091ee0
089ede
07fa9c
07ae1a
07b450
07ca40
081ec6
089cce
08aa4a
083532
07d576
07b622
07963e
076db0
073364
06d25e
068f94
067818
062df8
05f42e
0657a0
06dc54
06f33e
06e04e
06ae94
06402a
060c1e
06206e
06202c
065f58
06f4f6
071510
06ceb8
06e7ec
0743b6
079a2e
08384a
08e706
09127a
08e9b0
08d2b0
08d292
08fb68
095438
098d0a
096df4
0908ec
088b00
08394e
0853e0
08b9b2
090bc2
091912
08e59a
087468
07fa88
07c806
07d7e6
07e928
07d4bc
077d98
0702be
06c136
06b0f0
0690e2
067ffe
068c38
066f80
061cc8
05b50a
054d36
05324a
056530
0564cc
050d10
0497e2
041b30
03b6e8
0363fc
02ef5c
02aeee
02caa0
02805a
01a308
010498
00c7fe
008d1c
0065dc
003b3a
ffdf18
ff9e48
ff6ec4
fef890
fe8596
fe5dbc
fe30ec
fde30a
fd8610
fd0d02
fcb9ca
fcbd54
fcc19e
fca99e
fcb640
fcd178
fca83e
fc4784
fbfe48
fc0484
fc412c
fc573e
fc1ac0
fbc2b2
fb9312
fb87e0
fb6d1e
fb4fce
fb74f2
fbb492
fba5ba
fb6474
fb54b6
fb7f82
fbc2e0
fbf3de
fbde92
fb9f0c
fb7b4a
fb575c
fb274e
fb3d22
fb9bfc
fbf008
fc114c
fc00be
fbfd74
fc6e6c
fd17aa
fd6660
fd909e
fdee64
fe09de
fdae12
fd6ff0
fd968e
fe0020
fe7eb6
fe946a
fe1a60
fddc84
fe44d0
fec476
ff1186
ff4910
ff4e3e
ff2620
ff05a0
feedce
ff04ca
ff679c
ffae66
ff9150
ff5348
ff3352
ff3c88
ff74ee
ffc48a
00097e
0024e2
fffab0
ffb0fa
ff93c8
ffd410
006ada
00d344
008752
fff7f8
ffb644
ffa03c
ffc2d8
002824
002534
ffa4f8
ff5370
ff06ae
fea0ac
fee158
ff6eb2
ff42b4
fecc42
fe7f5a
fdef0e
fda83e
fe27ce
fe68c2
fe1ffa
fe044e
fdb0c2
fced36
fcbd84
fd08b0
fcfa9e
fcdd0c
fca3d6
fbb4f8
fae644
fae2a4
faa624
fa108a
f9ed92
f9972a
f89f06
f7faf6
f79506
f6e724
f697f4
f67844
f5a4ee
f4e7b8
f4b984
f3f558
f2e720
f2a8b6
f286f6
f212ae
f20a9a
f1ee9c
f126c2
f0a30a
f08246
effc52
efb006
f0211a
f04d8e
efc382
ef24fc
eeb9f0
eec06a
ef8d3a
f07424
f09a42
f069ae
f0526a
eff7b2
efb598
f06ddc
f1a678
f2889e
f32350
f32bb8
f29c1e
f2fa6e
f4a180
f5f96e
f6c940
f773f8
f703fe
f5d5a0
f576d6
f5aaa6
f6393c
f7cbae
f8eb26
f83702
f76266
f7d24a
f8fed2
fab414
fc98fa
fdb1b2
fddc92
fd5c9e
fc88e2
fc699c
fd6de4
fed3cc
ffaeae
ff3bc8
fdd814
fd12c4
fd6b04
fe8cc4
007e18
02495c
02e290
02daae
0276e6
01f636
02e8aa
050b8e
064f12
06b120
068ddc
054e6a
0475ba
0569e2
06ac28
07a1ac
08bd70
08a986
0760ea
070d6e
07da38
08ef8a
0a9164
0be6b8
0b829a
0a36e8
098d72
09a658
0a24c4
0aeebe
0b9560
0b68b0
0a8f5e
09e748
0996a0
09a96c
0a939c
0b743c
0b362e
0ad828
0ac904
0a39b4
0a052a
0a9c74
0a88b0
0a20a4
0a2f06
095ec4
0835da
08703a
08bff2
08690a
08c24c
08f986
08449e
082364
083cac
077c9e
072f42
077a5e
0712e2
068bbe
0650b8
05a9d6
05104c
04f60c
04d4fe
04d732
052d82
0575b0
05b1da
05c81c
05b462
05fbb2
065c14
066a50
069950
06a540
06282e
05ec22
05f536
05c274
05fdc8
068234
0672c8
067b86
06f97c
0728cc
07656c
080038
083c3e
084898
088b38
086c2c
080a90
080152
08026e
07c912
07782a
071eaa
06f2c2
070274
07219a
073550
06f0ac
068186
068ee0
06b8c8
069b22
06c7ee
06cb48
060a1e
059458
058406
050124
04d8a0
053386
04cae6
0428b0
0419ea
03ce9c
0397b6
041d24
045bec
043b0e
045884
040346
036256
037aa8
03c126
03b5e2
03cbea
03b136
0346d0
032dbc
0334dc
032236
0354da
03aec6
03f8e8
041f4c
03cfe6
0372a0
03977c
03bc76
03c08e
03e2ce
03a13c
0314c6
02d65e
02860c
0241d0
02a3ae
02d2a2
024fae
01f3a8
01bd82
015246
0121fa
00f694
008a22
005c8c
0035ae
ffad90
ff5136
ff3090
fef7a2
fef870
ff12e2
fee1e2
feb87e
feaea4
fe8f54
fe8996
fe9062
fe8ca6
feb05c
feab74
fe61d6
fe6192
fe6ab6
fe023a
fdb61e
fdab5c
fd89ec
fda9da
fde62c
fd9fee
fd5132
fd71f4
fd923a
fdaafe
fdf234
fe1be6
fe0e2e
fde416
fd91aa
fd5df2
fd71ec
fd7e9e
fd6924
fd368e
fceaf2
fcc272
fccb12
fce8c8
fd41a6
fdadc0
fdc420
fda4e0
fd9810
fdafb6
fe10e2
fe80a2
feaaf8
fed0f0
ff039c
fef70c
fef246
ff2548
ff251e
ff04cc
ff1156
feffca
febc3c
fe8fb0
fe772a
fe7cb8
feac3a
febeaa
fea724
fe9598
fe73ec
fe3b26
fe1c40
fe0622
fde2d4
fda950
fd2e6a
fc9728
fc439a
fc179c
fbc612
fb6bfa
fb213a
fac1b8
fa466e
f9d548
f98e20
f96afa
f94ac2
f91a40
f8d36c
f87c40
f835a8
f8078a
f7d0ca
f79d4a
f77fe2
f73f8a
f6bb30
f637b6
f5de1c
f59260
f55e62
f54904
f51248
f4ae2e
f488a2
f4a8ac
f4b434
f4d214
f5282e
f5457c
f51ff2
f51382
f4de3e
f49014
f4cfec
f524be
f4d894
f49768
f4a556
f45c6e
f42596
f462c6
f468fc
f47534
f4fa6e
f4ecca
f43c4e
f44ef0
f4dcaa
f50174
f55542
f5c326
f5883a
f55f86
f5a30a
f57acc
f563c4
f613ee
f66f60
f5fa42
f5aaa0
f59384
f58ff2
f645e0
f76348
f7fc44
f861ec
f8e638
f91322
f92bac
f9c6c0
fa7e5e
fad49e
face92
fa4048
f94df6
f8c4ac
f8e050
f92df4
f99eba
fa29b0
fa4bee
fa1686
fa3b5e
faea6a
fbf7ca
fd2d7e
fdd678
fd89e0
fcf9d6
fcd64c
fd1548
fda0ec
fe4346
fe877a
fe5eb6
fe01f4
fdb42c
fe027c
ff0ffe
0044ac
013a96
01b4d8
018776
015e74
01d4e2
0288be
035614
04361a
0464e0
03e158
039b8e
03a6a2
03f69e
04ee9c
05b7c0
057f02
05216e
051b08
051ec8
059dae
0692d8
07375c
07be28
081b36
078b82
06edfe
0777ae
0853aa
08b608
08dece
089400
07ed8e
07c168
07dd98
07ca34
081d42
08d1c0
08e898
085ca6
0803da
081936
085cca
089fac
08a3d8
085440
07fbd8
07cb9a
078e86
0760b8
07b048
083c30
086872
084df6
083c9c
084062
088a5e
08ff9a
093318
0950d8
0993d2
098cee
093540
08fae0
08e7dc
090c50
096946
0980a6
096a64
09b990
0a232e
0a3846
0a4cea
0a8416
0ab6be
0adada
0aaf64
0a414e
0a09c6
09e5ec
0993b2
09630a
0947ee
09045c
08e356
08d3ec
088918
0879d4
08d91a
091bde
093ff4
097250
0953f8
08f2e4
08c7fe
08a82c
084764
07e098
0785b4
06f0ae
06318a
05a740
0552c8
050904
04ebcc
04e810
0498c6
0434da
042422
03fc8c
039606
036b72
033eb8
02a6c2
021578
0190d4
00cdd6
004d68
001a76
ffa2f6
ff4fd8
ff6f04
ff4866
fef7ee
ff2282
ff5714
ff5790
ff96d4
ffaed0
ff4084
fef4de
fef3cc
fec15e
fe7e86
fe5e36
fe2068
fdd014
fdaa2a
fd8ea6
fd5d9e
fd4d06
fd69d2
fd61fe
fd2d80
fd3140
fd4c54
fd0fca
fcd992
fd06ac
fd111e
fcc4ee
fc8e10
fc5e9a
fc2e9e
fc5322
fc7c3e
fc57f8
fc6c3c
fcd50e
fd0d8e
fd26c0
fd52aa
fd6462
fd79f0
fda756
fda7a4
fd92f2
fdad52
fdbde8
fdb2d4
fddd1a
fe41d2
fea81a
fef5fc
ff338a
ff7aea
ffcf2e
001d66
0067a2
00a3fe
00c880
00da50
00cba0
009f7e
00a304
00de52
011b86
0177ba
01ee04
02268c
023d5c
028a8a
02f72a
03724c
03f402
04306e
041ba8
0400b0
03f496
03f17e
03fb74
03f87e
03e7b4
03cf2a
0389ec
034304
035474
039b36
03de56
041de4
0431da
040d26
03edc4
03d7a6
03bfc4
03cb1a
03cd9e
03794a
02f910
0286d8
021882
01bff8
018e3a
016334
0114ca
0095e2
000e5c
ffb40c
ff81da
ff54a6
ff184c
fea9b2
fe05b0
fd6f16
fcf7b8
fc727e
fbd644
fb34ee
fa9366
f9f58c
f95e32
f8d034
f85e66
f7fda2
f789de
f6fef8
f671d2
f5ff44
f5a92a
f55066
f500ec
f4cda6
f47c6e
f40b46
f3cc20
f3b5cc
f39e38
f3b260
f3d02c
f3a592
f37b92
f39310
f3a4fc
f3ac56
f3d406
f3d90a
f39c86
f36080
f329f2
f318de
f3753a
f3effc
f41d32
f432ea
f4571c
f45ed4
f47a0a
f4d2b2
f516da
f52c8a
f538da
f51eea
f4f1ba
f4f44e
f514b2
f542f4
f59718
f5c936
f5b860
f5a9a4
f5a21c
f5b4c0
f63684
f6d582
f71bce
f7367c
f729a6
f6f954
f72378
f76530
f74096
f759ac
f7b99a
f76d98
f6fcae
f747e2
f7a94e
f80dfa
f90d06
f9e698
fa3dba
fae06c
fb99c0
fc1cbc
fd1d5a
fe37ac
fe78d8
fe4ff4
fe2422
fdca70
fdc7e6
fe4da6
feb6d2
fef182
ff33da
ff5de6
ff96a2
00221a
01024a
02002a
028fd4
02865a
0273b6
027af4
027716
02a416
02d414
02c32a
02a54e
023b88
017ee8
017450
021fc2
029a54
030704
0357c2
02f5a0
02b482
033b3a
03abdc
03f668
0488bc
049ee2
03fce6
0370a4
033400
035f16
03e4dc
04024a
03aa72
037a50
034cbe
0319ba
034b42
03b648
043bd2
04b5ec
046d7c
03ae68
0390a2
03e82e
044502
04cc36
04e7d2
0453d6
03ec3e
03c110
038850
03dbfe
049336
04dc0a
04de5e
04c92c
048e82
04d354
0595a6
05df9a
05da2e
062554
064c22
0630a2
066cb6
06f07e
075e1c
07cc80
080da4
07c99e
077858
07a3d6
07e140
07cc9a
07d1cc
07ffe4
07dbe6
079fba
07a570
07861a
075eb4
07a434
07b998
0751da
0740fa
077908
075100
072fd6
074482
070d0a
06d364
06d280
068360
062412
06418a
065dc0
0636b2
063954
06279e
05c89c
05a848
05bb9c
0586a2
05645a
0595aa
0587a4
052d4e
051498
051988
04f628
050b58
054b14
052676
04df88
04ed38
04e69c
04c1b0
051964
059fbc
05adc2
059370
0583be
053ebc
052864
058e9c
05e572
05fcec
05f504
0585b8
04e40a
04c8e0
051726
053ff2
052b46
04b612
03cc60
030d26
02df4c
02f3ca
0314a0
0334ba
02fb14
0255b2
01bf70
01932e
01cce4
023088
024b0a
01da62
012f7c
009b3e
001f98
ffe382
000ae2
002bb0
ffc9f8
ff13a0
fe7a88
fe389c
fe4ad0
fe9a12
fee464
feddc0
fe7706
fdf224
fd9816
fd83d2
fdab44
fdd082
fda096
fd2776
fcb610
fc6368
fc3578
fc444c
fc6ff6
fc7d7a
fc69e0
fc3b2c
fc0a5a
fc286c
fca178
fd0ba0
fd26f4
fd1a7a
fd0f36
fd172c
fd3878
fd7446
fdc6ac
fe1dbe
fe5294
fe6144
fe74d6
febf56
ff37e2
ffaba0
fffcac
003712
0062dc
008314
00adda
00e544
011b70
014674
015066
013448
012e1e
0161f2
019de4
01aa0a
018b70
01741a
017c06
018126
016e7e
01631c
016d04
016732
0130ac
00dd60
00983c
006a40
003970
0000b8
ffda10
ffc172
ff9ac6
ff59f0
ff04e6
feb390
fe7bd4
fe40b8
fdea26
fd8ef4
fd390c
fcd364
fc59de
fbde66
fb8cf4
fb7870
fb59c2
faf5de
fa8daa
fa62f6
fa57be
fa5506
fa5aa6
fa5084
fa2e9e
f9fecc
f9acfe
f93e3c
f8f376
f8de9a
f8baae
f870b2
f84084
f83122
f7ffa0
f7c8f4
f7d012
f7ddfa
f7d6b4
f7fa38
f8128e
f7d9c0
f7c5ca
f802b2
f81e84
f83642
f870e8
f8598c
f8203c
f858f2
f899bc
f89ca6
f8f4b8
f967f8
f96b7a
f99b3a
fa282e
fa4d6a
fa4bfc
fab6e2
fae92e
fac0f2
fb001e
fb47b4
fb09ba
faff30
fb391c
faf99a
fac59a
fb1a04
fb11e2
fa9e36
fa9bf6
fa9930
fa2dee
fa3228
fa7fce
fa33e4
f9df60
f9fe36
f9be70
f94116
f96a1a
f9b170
f9781e
f95b12
f98534
f96a8e
f94126
f961f4
f974f8
f95c38
f96998
f9840a
f975a0
f97b62
f9b24e
f9cd6e
f9cebc
fa191e
fa929a
fae83c
fb3efe
fba9ec
fbe30c
fc1c54
fcaeb8
fd3640
fd5fe0
fd7296
fd5c7e
fcf59c
fcb6e8
fcdc70
fd0742
fd2c54
fd5eb8
fd438a
fcfcc6
fd3d6c
fdfe80
feadf4
ff39c0
ffa9f2
ffac8e
ff6e98
ff7a16
ff9f12
ff8e7e
ffad6e
fff1f6
ffac26
ff2704
ff239a
ff55f6
ff7c18
0003fc
009abc
00b166
00c002
00f090
00de28
0108c6
01cd74
025a5a
026c88
027d08
0270f0
02524c
02b91e
037988
03fcac
04539a
049e5a
04bc04
04d0a6
051e4e
05b01c
066d32
070c94
076654
079e84
07d624
08263c
08a5e6
092a44
09895e
09b342
098002
09249e
092924
096ec0
09987e
09c65e
09d672
097fb6
094814
098392
09a94a
09a72a
09c03c
09a096
095122
094ec0
096182
094e68
096e5a
098d5e
09397c
08e288
08d374
08af34
0882aa
0878ce
0836b8
07c148
07805a
0757e2
0717c6
06f6f0
06d45c
066508
05fad4
05da9e
05b756
057ce6
056428
052f0c
04b490
04539a
04091e
038206
03133c
0308a2
02e230
0278e6
023caa
021368
01cb10
01bd80
01de9a
01ca5e
01b0c2
01abac
01641a
011cf6
01351c
013c82
01112e
011b00
0105e4
0075e6
0001ee
ffe2e8
ffa0de
ff66c4
ff7a84
ff6e2a
ff1fb2
feea00
fec70a
feb8ca
fee332
fef440
feaef6
fe6d44
fe4622
fdfd9a
fdb9ac
fdaa52
fda28c
fd8160
fd5ace
fd3cda
fd1b90
fcfff0
fd17fc
fd62b8
fda12a
fdce48
fdfb1e
fdfcbe
fdf226
fe345c
fe8372
fe917c
fea778
fec482
fea0b6
fe8416
feaab4
feccb4
fefa18
ff4cf0
ff6f5a
ff6166
ff8422
ffc2ac
fffa18
006c76
00f9d4
013d50
0156f2
0182ce
01a9fe
01dc9a
0239b6
027c6e
027adc
027408
028d10
02b30c
02e50e
031d2a
034074
0359f2
0373b6
0373d2
03605c
037156
03aace
03ccd2
03be72
03a7b0
0393a2
037746
0367aa
036ad8
0378d8
039bac
03c152
03b8d4
039226
038940
03a726
03c7ce
03c126
03842a
0338d8
030622
02d3f6
028e54
02562c
023a72
021118
01b910
015d3e
011f88
00dae2
008736
00596a
00246e
ffb52a
ff567a
ff143e
fea468
fe3ce0
fe0e80
fdcc3c
fd64ea
fcfb6c
fc71b0
fbf498
fbc802
fb91da
fb240a
face68
fa79dc
f9ea54
f971ac
f941ca
f917a8
f8dd2a
f8a734
f866b2
f81d8c
f7e0a6
f7b4f0
f79d5c
f783da
f75260
f712e8
f6d85e
f697b4
f65ce6
f651fc
f682f0
f6aeb2
f69340
f66594
f675a4
f69876
f69610
f6a77c
f6c5c4
f6acf0
f69d00
f6d7fc
f704fe
f71f0a
f77c2e
f7cf7e
f7e00e
f81ed8
f880f6
f8a582
f8d188
f9251c
f95064
f97d6e
f9cc42
f9ea08
fa00d2
fa54b2
fa84d8
fa8a5a
fad43c
fb2ca2
fb51b0
fb8e6a
fbe6e6
fc1a50
fc46bc
fc7c3e
fc9cfa
fcd00e
fd2e8a
fd7e8e
fdbd36
fe1b8c
fe79a6
fead9e
fef776
ff7a3c
ffda04
ffe6da
fffaca
003eec
00744c
0095ea
00d5ca
011c02
013692
01327e
0130cc
013c7e
014f8e
015502
014fe0
015516
014aa2
011782
00f7a4
0102ec
00ec58
00abde
008060
0042da
ffde3e
ffb66c
ffba4e
ff7ddc
ff38f8
ff1b8a
fed680
fe99ca
fea940
fe87d4
fe2568
fe1ad4
fe3d06
fe22ee
fe2266
fe4842
fe1966
fdb0b4
fd6014
fcee7e
fc61e4
fc122e
fbcb4c
fb4f36
faead4
fabe18
fa9a0a
fa9b98
facbac
fade3a
fae53a
fb199c
fb4064
fb5290
fb9120
fbca0c
fbd05c
fbec0e
fc082e
fbe5d0
fbd5fe
fc01c4
fc1d3e
fc337a
fc8184
fcf76e
fd8452
fe2934
fec024
ff3340
ffa292
003222
00d30e
014b7a
019c70
01f806
02405c
024e8a
0268a0
02bebe
031ffe
036f68
039f20
039240
0386d8
03d3f8
0456bc
04c726
05213e
055218
0547bc
053e34
056396
0597ec
05ca3a
05f58c
05e6f4
05a27e
057630
057810
059424
05b878
05c114
05acfa
05a922
05b196
05b356
05c464
05e0c4
05ef80
05fa8a
05fade
05ed8c
05ed90
05f0f2
05e4b8
05f7e2
06356c
06605c
0666b2
066b66
06847a
06a6f4
06bada
06c524
06d9ce
06e1d6
06e042
06ef08
06fc2a
0700ac
071c8a
073abe
074146
073c14
071c20
06e76a
06d4f0
06ddae
06ce96
06aea4
067ec2
0628ea
05cd14
058c38
055954
052356
04ed2c
04bcbc
049ef8
0485da
04545a
040a5e
03d3cc
03c98e
03c090
038cbc
033d00
02d850
025894
01edb6
01b7a4
01854c
012f9e
00c88e
00710c
003900
001d58
001108
0005fa
ffec1c
ffbb66
ff80cc
ff3c44
fefabe
fed530
feb596
fe77f0
fe3638
fe056a
fdda88
fdb894
fd9c90
fd7582
fd5e6a
fd7254
fda040
fdd034
fe0040
fe2d6e
fe50c8
fe7658
feb626
fef63e
ff14b2
ff1e98
ff3100
ff53fe
ff92a0
ffd3f8
ffec1a
fffa1e
00231a
004218
005138
008184
00c016
00dff6
00ed40
010500
012f3e
016804
019a62
01c070
01ce30
01beac
01aff2
01b612
01c70c
01e5e0
01f39a
01ca42
0192ce
01743e
015696
0135d4
011ef0
00f4ea
00bcba
00954e
0067b0
002bd2
000f9a
0007fe
ffd6f8
ff8970
ff4e5c
ff16b8
feca70
fe7c72
fe2fa8
fdd50a
fd877e
fd4ef6
fd0b6c
fcc4ca
fc8df2
fc4dd6
fc1c66
fc2792
fc3d4c
fc2176
fbee00
fbbee0
fb9000
fb6950
fb59cc
fb5464
fb1d0c
faabbe
fa6470
fa7418
fa7bb4
fa5f42
fa57ac
fa4cf0
fa0b0e
f9c802
f9c9c0
f9f352
fa00be
f9fefe
fa1300
fa14ce
f9f274
f9e7ec
f9f93c
fa0b74
fa3a88
fa5e7e
fa3d72
fa3c64
fa8f4c
facc3c
faf242
fb4654
fb8572
fb83ae
fb9306
fbc78c
fbeb44
fc0636
fc3460
fc65d2
fc7996
fc79b0
fc9824
fcd1fc
fce744
fcd400
fcd82e
fcf5dc
fcfc18
fcefe4
fcf344
fcf740
fcefde
fd0526
fd2a1a
fd1bce
fcf240
fce77a
fcd792
fcc088
fcde58
fd0a16
fcf6da
fceaa6
fd1f76
fd4056
fd3b5a
fd797a
fde7c6
fe1b52
fe4422
fe9f2e
fed586
fef22e
ff6e24
fff07c
fffd4e
000a8e
005b48
00808e
008a66
00c8c6
0110c2
014a60
01789e
017184
015316
016044
017a16
017d96
017cc2
01759a
015c28
012f6c
00f768
00ee0a
012c4a
01572c
0137b6
0112d6
011182
010cb4
010760
012976
0143ea
0114c4
00c6ee
009064
005e14
0044f6
0060f4
005614
ffe456
ff62a8
ff26fe
ff2558
ff39a6
ff44d6
ff2bea
fef6e2
fec2b4
feaf62
fec8e0
ff0118
ff4408
ff6ab8
ff572a
ff344e
ff2b1e
ff2ba6
ff40dc
ff79be
ffa85a
ffacba
ff96e2
ff86d6
ffa78c
000108
005954
00947a
00c27c
00da5a
00d01c
00b7c6
00b666
00dffc
01119a
011556
01022e
010520
010838
00f686
00fb14
0136e6
018cfc
01bd5e
01b812
01a61a
01ab7a
01cf42
02156e
0257fe
0262f8
023956
020216
01d844
01d0f4
01f620
0233c0
024ed6
021862
01bc64
0199dc
01afd4
01c150
01c142
01b2a8
019278
0171ae
01574c
014756
015ec6
017d98
016ad0
014260
012f3e
011866
00fce8
00f5c4
00e3e8
00c14e
00c8f4
00e2d4
00cae4
00a11c
008a7c
00730a
0075be
009f82
00bb54
00c82e
00d010
00a1f4
007ac8
00be78
010c08
010374
00ebaa
00c39c
00574c
0018b2
004ac4
00787a
0071ce
006caa
004f02
fff8d0
ffb508
ffb8a4
ffca9a
ffaee6
ff7676
ff2044
fea24e
fe4e94
fe5802
fe6e9a
fe695a
fe7134
fe6620
fe2f1a
fe1c12
fe2c0e
fe1d20
fe183a
fe4452
fe5072
fe1aa2
fe05e0
fe4530
fe91a0
feaf34
fec1f2
fefbe2
ff3c00
ff495e
ff3e10
ff5920
ff9a9c
ffe298
001b26
002954
00193e
0041ea
00b872
0121f4
015e86
01aa36
020c0e
025626
029192
02ea6e
0355d4
03a1e0
03d3a6
04113a
0444aa
04530c
047480
04b01a
04c2f6
04c42c
04d6c2
04ced0
04cc66
050794
052f7c
051b36
0514c6
052234
053e86
0589c4
05b304
057952
054fb0
057822
05a0ac
05ae56
05bb1a
05b2f6
0594ee
057b02
05682a
056748
057e62
057a76
053474
04db44
04aedc
04a02a
04851c
0460a6
0426ae
03bb16
033cce
02e7ca
029ce8
02340c
01d716
0188f8
00ff8a
0061b6
000f56
ffba4c
ff1680
fea2d2
fe7918
fe0238
fd5e14
fd0a88
fcb774
fc36be
fbe542
fb9de2
fb1f82
fac208
fa875a
fa1064
f99e08
f99018
f9907c
f95730
f9231a
f8fa16
f8a610
f85df2
f854ac
f8253a
f7bb96
f799a6
f7a162
f764d6
f747ea
f78d8c
f7b1ca
f7a298
f7abee
f7a8c4
f7a11c
f7d9f2
f80d58
f7fc54
f7efe0
f80c04
f81ed2
f8184a
f82574
f85d5c
f88f1e
f8acca
f8dd6a
f90dfc
f93a96
f9a154
fa0446
fa1e76
fa5ff4
fad2d8
faf842
fb1c38
fb82d0
fba528
fb9f56
fbed6e
fc2d8e
fc37ca
fc7638
fc9b02
fc8c44
fcf50a
fd9278
fdc0b2
fdfdca
fe8ad4
fed4f2
ff1636
ffb3ac
00207c
0057be
00de7e
013bea
012222
014e28
01c01a
01ee24
023656
02b3bc
02e46e
030c86
036e0a
039d18
03c7ba
0444f8
0488ec
0479a0
04bc14
053e54
057c6e
057172
055c62
057134
05aeec
05cb94
05b924
05a398
05a2f2
05c926
05e136
05a120
055cc6
056412
055b06
051e96
04fd9a
04ec0e
04d4d8
04cae2
048d24
040c82
03bbd0
03aa08
037e24
032e00
02d67e
02738e
021916
01e1fa
01ba26
017488
010902
009a7a
003be4
ffe91e
ffaa16
ff73ca
ff2c2c
fef030
fecdc0
fea1d6
fe7b66
fe8a54
fe9c9c
fe7544
fe4f40
fe5e88
fe751a
fe81f4
fe9824
fe9eac
feae7e
fef894
ff3f02
ff55d4
ff9ff6
002276
00685c
006aae
00687a
0074ce
00ada0
0100fe
011e08
0120be
01531c
01932e
01bd0a
01d2b2
01c52a
01b57a
01d79c
01f4a0
01d89a
01b894
01c088
01c178
019776
017a82
017b9e
0156d6
012f28
014190
012f0e
00f1b2
01106a
012840
00c144
00926c
00b4b4
00632e
0014d4
0053a0
0063ac
0029fa
00397a
003734
000a34
002d74
0047fa
0021d2
004cf6
008d70
006f56
007aa0
00c84c
00d374
00e41c
013942
0159ea
015216
0180d4
01a330
019636
01afe4
01f03e
021158
02173a
0232de
02613e
027164
026b54
02870c
029394
025ce8
023ffe
0252e2
022598
01df0e
01d93e
01c92c
018fc6
016ffe
0147e0
010358
00e848
00d2b4
008f92
0058b2
003e12
0017a8
ffee4c
ffb6ee
ff638c
ff1c04
fedb38
fe8122
fe339c
fdff8a
fdb9ee
fd6ea8
fd3392
fcebac
fc9cdc
fc62fe
fc2f00
fbebda
fba570
fb6ab6
fb3b9c
fb010e
fab7fe
fa7e66
fa5f34
fa4962
fa29ee
f9f8d8
f9cb18
f9d1a6
f9f988
fa04c8
fa0662
fa2952
fa56b2
fa877e
fac1b4
fae068
faf8b8
fb3fa8
fb8744
fbc4a6
fc31e4
fc8e10
fcaa44
fcfa92
fd6f0c
fd9cd6
fde602
fe6db2
feac04
fee208
ff60da
ffaca8
ffd782
004078
0083b4
00a84c
011c50
0174e4
017f2c
01c52c
021900
0223ce
0241a0
027e84
02a794
02dde2
02f980
02ec7e
030fe6
033ac0
033616
034fe4
037544
03653e
035dc4
035fde
034892
034ad4
033eb4
02fc36
02e242
02d8d2
0285ec
02557a
027c74
0272d6
021c8a
01d582
01b5b4
019d04
016c5e
012fc6
011120
00f256
00c15e
00c210
00bc56
00592e
001878
003a10
0016ee
ffa8fe
ff830e
ff6924
ff1234
fedc04
fec28a
fe6cd0
fe10a6
fde2f0
fda3ac
fd46c0
fcf20a
fca992
fc6748
fc2208
fbd3d8
fb8db2
fb467a
fb192e
fb39c4
fb5022
fb094e
fae84a
fb1bf8
fb2856
fb236e
fb4328
fb2e8a
fb0d9a
fb3d50
fb69a6
fb80a8
fbb848
fbd596
fbee9c
fc3350
fc40b8
fc41d4
fcbfac
fd3b40
fd52aa
fd65e0
fd64ec
fd62d8
fdc2aa
fe046c
fde030
fdf9ee
fe17b6
fde5a6
fe1eb2
fe80d8
fe2840
fdeaec
fe58dc
fe5d1e
fe03cc
fe2ae0
fe436a
fe0d82
fe5d32
febf76
fe8360
fe88fe
ff1556
ff3b76
ff2e72
ff724a
ff8cfc
ffaca0
00434e
009608
007bc4
00c394
01228e
012bae
017a04
01e896
01e26e
01ec9a
025220
029406
02c25c
030a2a
03356c
035f2c
039674
03a73a
03ba80
03d562
03c1f0
03c01a
03dfde
03c946
03b158
03dd20
03f896
03e6c0
03e09c
03d924
03d158
03f64c
040ffa
03e14a
03ce48
041206
043270
04247c
044c34
044b90
03f28c
040638
045484
04106a
03d3f4
03f524
03a7fc
036f76
03de8e
03d74c
0360b6
03adca
041d7e
03fbd8
040dd2
045174
0452bc
0479ae
04a544
047c74
04854a
04bdd8
04ac24
049e20
04a8da
04825a
047890
04b688
04e952
04ece2
04c240
049d6a
04d356
04f80e
04b798
04a3f2
04c822
049536
046c1a
04a6be
049338
04358a
044fa0
048984
044b3c
0418b2
042ae8
0409e2
03fa90
042ff4
04020e
0392bc
039700
03a4e2
035c44
033c20
03257e
02c64c
029474
028d0c
024808
020a40
01f2c8
01b8a4
017bac
0148e0
00e156
0084e6
008986
00ac4a
007d1e
0003f4
ffc2ca
ffcc94
ff9f54
ff7108
ff97a2
ff7a18
ff0c76
fefeb2
fefecc
feb7be
fec47c
fefd0c
fee074
fecba4
feb79a
fe6f64
fe8cee
feef3c
feeb5c
feea2a
ff259c
ff09cc
fecdb0
fee728
fef542
feddfa
fec648
fe7f30
fe37b4
fe39be
fe384c
fe1f68
fe30f8
fe20ec
fdd64a
fdc8fe
fdcefe
fd754a
fd23da
fd1296
fcc77a
fc7786
fc82a4
fc4ed4
fbca0e
fbb938
fbbd48
fb3750
fad742
faecfe
fad784
faa5d6
fa8cf2
fa43d0
fa1664
fa5ab2
fa94b0
fa8454
fa70a2
fa659a
fa6734
fa8878
faa270
faaa14
fac068
fade76
fad54c
faa4fe
fab48a
fb26f4
fb7160
fb7dde
fbcc5e
fc28f8
fc4eca
fcadd6
fd2f32
fd67ec
fdad08
fe0998
fe0ed0
fe13bc
fe7864
fed9f0
ff0670
ff2ff4
ff4ca6
ff5894
ff7bc0
ffc054
000b70
003712
00515e
007b76
009e56
00b31a
00dbe8
0101c8
011bb4
0152d2
018342
018900
01a01a
01d0ae
01eec0
020450
022378
024c48
027eb6
02a5c0
02ba78
02d5e0
02f1f6
030fb6
033e1c
034932
030ef0
02ef46
032228
03369e
02e3a2
02941a
028002
024b56
01f408
01a7f4
013d1e
00e96e
00f6d2
00d63e
004da0
fff6cc
ffbfba
ff665a
ff3b88
fef72c
fe653c
fe4484
fe46f6
fda39a
fd303a
fd46a8
fcece2
fc76d8
fc8756
fc4550
fba4ba
fba05a
fbc31e
fb5508
fb06e8
fb3196
fb1c18
fa9a5a
fa4636
fa5596
fa5172
fa0cb6
f9ef50
fa0138
f9d858
f98d92
f985e0
f9a738
f99a8a
f965cc
f946f0
f933ec
f8f1c0
f8b97a
f8e30a
f91164
f8de98
f8b2a8
f8de88
f91c36
f952bc
f9911c
f9a866
f9a09a
f9cdbe
fa09d6
f9f9fa
fa0736
fa8594
fad632
fadc16
fb3a44
fb88e6
fb4124
fb6ce2
fc4c44
fca18a
fc97a6
fd14a4
fd73ca
fd812a
fe10b2
fea4a4
feb936
ff354e
00050e
0036c4
00437a
00d026
014600
017c3a
01dfe4
022f12
0240f6
029daa
033b44
038ade
03b79a
043196
04bbe4
051a88
0578a4
05cc5c
05fbaa
06419c
06925e
06aa08
06af88
06d9f2
070d62
0721e2
07127a
070e2e
0751f4
079fca
07afc0
07bfd4
07d9f2
07c018
07b646
07f36c
080878
07cc68
07a322
07888c
0724b0
06c282
06d7de
06e7a2
0669d2
060656
061ffa
05e9be
056394
05564a
054ac8
04a812
0428f2
041448
03bb1a
032f54
02e5c2
02b55a
02630e
01f6c6
019776
017e12
015d70
00ed96
00c07a
00fb00
00d122
005de4
007426
00b2e4
00712e
003cee
007f14
00a7ae
0098c4
00b850
00ea4e
010dc0
015da2
01ba08
01ddf8
01f76c
021e6c
024004
026c36
02890c
02919e
02ccec
0312f8
0315d4
03148c
032b18
033b7a
036fd6
03942e
036c76
0374bc
03a818
037288
0337fe
03618e
036d42
03530c
0349f6
030808
02c538
02da82
02e0f8
02b89a
028b5e
023940
021b42
025170
021bc8
01ab34
01beb2
01cb64
017338
01481a
01311c
00ef4c
00ee8a
010be0
00e766
00c70a
00c0c8
00b3b6
00ccd4
00f41e
00f59e
01105c
014d4c
016782
0172fc
019fb6
01d9c0
01fa1e
020bd4
022cee
023880
021e7a
023ee8
027ce6
02656a
025d7e
02a52e
02976e
024956
025dee
028128
026b10
026cac
025bfc
022102
0227bc
024920
02322a
020ef2
01f064
01dd72
01f312
01cc46
015b0a
014458
017d18
015b3e
00f7c6
00c198
009c9e
0059d4
001d2a
fff582
ffaed6
ff6412
ff5420
ff2ff2
feb972
fe5786
fe1f2a
fdd146
fd9bc2
fd6598
fcebb8
fc9c04
fc886a
fc3ae6
fbf868
fbe5d8
fb8e2a
fb4b4e
fb5e40
fb13f6
fa9d66
fa9896
fa9176
fa7302
fa9e44
fa9d34
fa59c4
fa5ff2
fa7ed4
fa9c6a
faf7b4
fb23b2
fb206a
fb84e8
fbe938
fbe85a
fc1c62
fc984e
fce030
fd0524
fd2434
fd2c5c
fd31c4
fd438e
fd7dba
fdd95a
fe038c
fe0c5e
fe32d4
fe5c10
fe952a
fedb26
fecf1e
febd2e
ff0464
ff23ce
ff0a8c
ff32a4
ff5330
ff4552
ff7310
ffb170
ffce8a
000170
002528
0049c2
00bd4e
0104c0
00f52a
012f9c
017c14
015e94
01482e
0156e0
0123ba
00eac6
0101f8
012c4c
010dd2
00ab8a
00886c
00c970
00c89c
0086e2
00ad36
00d294
0083fa
00724e
00a18e
0067ba
002bb8
004c66
002dca
ffcdd4
ff9f70
ff6192
ff0036
fef438
ff0486
feb620
fe5bea
fe4bca
fe34b0
fdef84
fdaf2e
fd69a8
fd16da
fce1b0
fca71a
fc3506
fbcf62
fb9a28
fb653a
fb398a
fb1312
fabebe
fa807e
faa24a
fabb14
fa8bc0
fa6b52
fa78c0
fa84ea
fa85ca
fa7862
fa5e9c
fa6074
fa7bf4
fa8418
fa7bcc
fa9808
facad2
fad132
fad824
fb2594
fb5c8c
fb4b1a
fb6428
fb96ba
fb75ea
fb63ac
fb9ffe
fba6fa
fb83a6
fba6fc
fbc902
fbbfc4
fbeb4c
fc26a8
fc22ec
fc280c
fc6510
fc9b12
fcb71c
fcd636
fcfa6c
fd03c8
fcf854
fd202e
fd6d64
fd7dfa
fd86fa
fdf180
fe5a8e
fe803c
feca92
ff2b92
ff5e52
ffb0ea
001c66
0037ca
004f26
00b488
010204
0132b0
01918e
01cb9e
01cb02
0208be
0266d6
028d5a
02bd5c
02f9e0
0301f0
03259c
037be6
039ada
03aa7a
03f2ce
040ada
03f0a0
042122
04546e
042d8e
042578
046b2e
0493b8
048912
048944
04a04e
04bc2e
04c4dc
04bf62
04c0ba
04aee4
0497e4
04beb4
04d850
0489ba
044ff0
0473ea
0471b4
044448
045baa
047ade
046ee0
048ba2
04b438
04ab98
04beba
04faa4
051f54
054bc4
056502
05320c
0531da
058478
0584ea
056428
05a134
05bf20
05a4e4
05d17e
05daf8
059152
05a98e
05deae
059eb8
0585ac
05ba90
05a15a
058514
05a2be
057858
0541e0
056f56
059dbe
05a610
05b554
05a176
058876
05a456
05b30a
05a78c
0597dc
055fea
0521b2
050d3a
04f076
04d34e
04cec2
04a7cc
046c66
044484
040414
03cb0e
03b27a
036544
030560
02dfcc
02a578
023f5e
01fd8a
01d0ea
019c68
0172f8
013ba2
00fc66
00d82c
00b6e8
0090aa
00736a
00640e
0066a2
00432a
fffc8a
000bba
002dda
ffeadc
ffdfa6
00244c
0007ce
000516
006724
004cfc
00148e
006ad6
0075e0
0030a4
006b18
008432
0036ee
00365c
003976
000228
001076
000b50
ffc5a0
ffb47c
ff94da
ff6492
ff76a6
ff2c32
feb210
fee426
fed784
fe2b1c
fe0cd4
fe0bb2
fd7db2
fd70bc
fd8fc4
fcd8d2
fc60d0
fc9ab6
fc7276
fc0c10
fbef88
fbe8c8
fbf2be
fbd278
fb84f4
fba31a
fbb2f6
fb4d9e
fb7eea
fbf8d8
fb9f8e
fb5b0c
fbb036
fba324
fb81f4
fbd19a
fbf528
fc0fb6
fc7838
fcc6be
fd146a
fd6b3a
fd9032
fe0e68
feabf6
fe9aea
fe9e54
ff064e
ff02f0
ff384c
ffe87c
ffd39e
ffb6c4
00ade6
012d36
00cae2
0104cc
017508
0168d0
01ae34
02152a
01e8dc
01b66e
01d6d8
01fe3a
0214ae
01f530
01eed4
0263ac
028dce
02284a
024718
02de34
02f1ce
02e5e2
034058
035650
0308cc
0315ba
036432
03494a
0307d8
0332da
03676c
03357a
02fdfe
02fafc
02f660
02f124
02d550
027dd6
024ea2
0256a4
021bd2
01c03c
0198d0
016060
010ee2
00de64
00a9c2
005ff0
001cf8
ffe7aa
ffd2ee
ffa9de
ff3b5c
ff092a
ff2f48
feefb8
fe5d5e
fe3d1a
fe45e2
fddea4
fd6448
fd4ab4
fd42ea
fcf6d4
fcc53e
fcec26
fcd290
fc5b4c
fc5332
fc9254
fc4a9e
fbdff2
fbd740
fbd270
fbb172
fb8542
fb28c4
faebdc
fae492
faa0cc
fa576c
fa4384
f9f606
f99bc2
f99dca
f99324
f94aac
f9215a
f92430
f94e22
f96428
f90c52
f8ca88
f911b4
f935f0
f90342
f9069a
f920fa
f91576
f92a08
f958b8
f9739c
f98dac
f9c0e6
fa1268
fa3f48
fa3382
fa7314
fadd22
faeac6
fb12fa
fb76d4
fb797a
fbacfe
fc616e
fc99f0
fcc18e
fd8f5a
fde16a
fdcdde
fe72ce
fed85a
feb790
ff6082
ffe164
ff745c
ffdd5c
00bc7e
00820a
0099fe
018660
018e6c
017434
0245a4
027bfe
02356c
02e5d0
037442
033102
037bfe
040540
03cc02
03dc28
0488b2
049fdc
046fa2
04dae8
053fcc
053b60
05638a
05985a
058ada
05aeee
05f598
05d0e4
0595c6
05ab26
059e0a
056564
056d28
05734a
0545be
053b6c
052044
04ad3c
04684a
046a4a
043530
03eff8
03dd76
039598
030f5e
02d6a6
02c150
02456a
01cad4
01d65c
01c914
014708
0116e8
012bb8
00cd8c
00a12e
00f686
00a6ba
0002a0
004014
007340
fff71c
000476
006762
002dec
0028f4
00927a
008894
008c2e
010036
0118ca
0115f0
01659a
015ed2
013fa6
01a60c
01e814
01dace
02202e
025c38
024f04
027c8c
02acce
028be6
0297d6
02d89c
02dc4c
02d1ea
02ec6c
02ece4
02db66
02f2ea
031770
03170a
030fb2
031964
030f28
02fd0e
031204
031510
02d444
02ad9e
02b112
028eb2
026082
02507a
0232a0
021a08
0217a0
01f362
01c862
01c0ac
01bc2c
01bcf2
01c60a
01b16c
01b020
01d932
01efa2
020976
023fba
024f68
025e86
029922
02b238
02bbd0
02f800
0317d0
03103a
033450
03551a
035f96
0393d6
03b7e2
03a2b6
03a55a
03bcde
03bc46
03c58c
03c8be
03acde
039ff0
0398f8
0377fa
0363f0
035fd6
0346b0
032380
03073c
02fae4
030074
02ecd6
02c702
02bdf2
02ad94
0280da
0266ba
023b22
01e908
01c054
01a8f2
014ed2
00f3e6
00d510
00a644
00516c
000d68
ffc626
ff5d96
fef8a2
feb130
fe6838
fe0a92
fdbb2e
fd81fe
fd2de8
fcbdd4
fc6cb6
fc3884
fbf922
fbb186
fb6ca8
fb2976
faf7e8
fae0f2
fad286
fab69e
fa943e
fa8f58
faa7ec
faa9fc
fa9988
faac8c
fadb0e
fb0e14
fb539c
fb93b4
fbb760
fbdda8
fc0998
fc293e
fc58b2
fc96fe
fcc82e
fd0258
fd4698
fd74f2
fda084
fdd860
fe0c96
fe423e
fe7b74
fea346
fec8ca
feef1c
ff0d58
ff3b86
ff7ac8
ffa836
ffc5e0
ffd3de
ffdb4c
000f38
0053b8
0065e2
008ac6
00eb74
011cfc
011670
0135dc
016050
016dd6
018978
01a648
01ad4e
01ca90
01e616
01e1ec
01e90c
01f27c
01da4a
01cf6e
01d4e4
01b2bc
018bf2
019480
019b66
01889a
01851a
018fd4
017ec0
0156d2
0142fa
013d36
01186e
00df9a
00bca6
009088
004c32
001792
ffe892
ffa322
ff6a30
ff3da6
fefe70
fec678
fe96a6
fe48ee
fdf53c
fdb472
fd6b7c
fd1d44
fcd5b8
fc85cc
fc4268
fc0770
fbb0d8
fb6492
fb3e8a
fb09a4
faceda
fac012
faa944
fa7260
fa6252
fa7508
fa6780
fa50ac
fa597c
fa61e4
fa5eda
fa6652
fa6e46
fa5cba
fa3ca2
fa38f2
fa50b2
fa52e4
fa3482
fa2a8e
fa450c
fa5600
fa5264
fa573e
fa7098
fa9974
fac4d2
fadbc4
fadc4c
faea70
fb193c
fb50b8
fb71f2
fb8af4
fbafce
fbd986
fc002a
fc22cc
fc4272
fc712c
fcb60c
fceb22
fcfc7a
fd1920
fd5a20
fd9f88
fddc6e
fe19da
fe50da
fe807a
feb7c8
fef1d4
ff20b2
ff5566
ffa102
ffec92
001d28
0040cc
006f80
00a854
00e856
012d8e
015c02
016bbc
018bc0
01c412
01e8c0
0203d4
02374e
025834
02548c
026660
0294ae
02ad76
02b3be
02c088
02cade
02d3be
02e028
02e91a
02ef98
02fba8
03074e
030e86
031252
031cae
0331a0
03422a
034546
0345f8
033d3e
032a20
032ba4
0346c6
035c88
036cf6
03800c
038dd0
03b044
03f464
042d38
044abe
0470f8
0494ea
04a696
04bb08
04dd44
05024e
052f22
0554c6
055c44
05669c
058bce
05a4e8
05a9e8
05c0cc
05d49a
05c456
05b9fe
05c29e
05b238
058cc2
058144
0589c4
058b3c
057faa
056b0e
05606a
0569b6
056bf0
05630e
05670e
055ef0
053eac
05333e
05399e
051fc6
04faae
04ef48
04ed8e
04eb76
04e0f8
04b002
047090
04519c
043920
040b0e
03d85a
03a202
035bf8
032136
02fdb6
02d56c
02a254
027862
02478e
01f7da
01ab3c
018bb0
017c36
0165c8
015b5e
014af0
011b84
00f416
00ea9c
00e61e
00e994
00f000
00dd64
00cdc4
00e018
00ef64
00fda6
0123e4
01461c
01514e
015974
01608c
016ea0
0193ac
01abb2
01a7b0
019fa2
018a88
016768
015a40
015b04
0151b6
014350
0128ce
01072a
00f660
00d864
00992e
0064bc
003d06
000608
ffddb4
ffcafe
ffa3da
ff753e
ff4b28
ff1084
fee044
fec25e
fe89c4
fe3e6a
fe0844
fdcd4c
fd897e
fd67ca
fd5328
fd2898
fd0302
fce75e
fcbfaa
fca2de
fc9af8
fc7df0
fc4ec0
fc3b6a
fc3cf0
fc3b56
fc3e9a
fc4ec2
fc67d0
fc96c4
fccea6
fcf078
fd0548
fd291c
fd5ffc
fda7f4
fde510
fdfa62
fe0cf6
fe47d8
fe901e
fecdd8
ff1718
ff60ee
ff8d6a
ffb8a0
fffda0
003a7c
00574c
006a2a
008d20
00bc48
00e8be
010890
011cd4
012c9e
014200
016b10
019ce0
01bd7e
01d7f8
020562
0238cc
025c44
026ddc
0275a2
02869c
02a8d6
02c460
02c444
02c88a
02ea3a
030d56
0312e6
0310f0
031d74
032b7c
032d02
032706
031c8e
030b94
02fd18
02e816
02c886
02a85e
028ba2
026548
02354a
020698
01db2c
01aefe
018002
01492a
011172
00dfc4
00b00e
008140
004e52
000e28
ffc2b0
ff7dd2
ff4384
ff0cb6
fed554
fea14a
fe6c80
fe31d8
fdf33e
fdc09c
fd9ee0
fd76f6
fd38c6
fcef34
fcac26
fc6d80
fc3338
fc0032
fbce5a
fb939a
fb51d4
fb14f2
faddd8
faa372
fa64b6
fa2886
f9e8d6
f99f92
f95da6
f92df8
f9057e
f8d92a
f8b4f2
f899c4
f87b90
f8624e
f852ea
f8425a
f82c98
f8139a
f7f560
f7dee2
f7da20
f7d01c
f7b6d2
f7ad48
f7b386
f7b292
f7b974
f7e32e
f823c8
f8674a
f8a0c6
f8c746
f8e4da
f91290
f9597c
f9bdb4
fa3448
fa9950
fae1e4
fb1d1e
fb5d12
fbc2da
fc558c
fcdb44
fd2522
fd5542
fd94c0
fde6ba
fe4954
febaa4
ff2bc8
ff93e0
ffec08
002a60
005c02
009910
00ee9e
0157ce
01b8b8
01f280
02133e
023d08
0273f8
02ae24
02f4a2
034980
039bd8
03dfb8
04192e
044f44
049102
04df78
0525a8
055798
057a4e
058ad4
059422
05ac38
05c516
05cbc2
05ce30
05d960
05e440
05e5c0
05d7da
05b982
059da8
05863c
056036
052d7c
04f4f8
04aa92
045346
0406fe
03c8a6
038a28
034466
02ec54
028bd4
0240d8
020d4c
01de1c
01b034
01857c
014ee0
010942
00d094
00aec8
008ed6
0062ae
003d3e
002278
000e4c
0008b6
0013a4
002114
002efe
003b58
004818
005e36
0074b0
007b86
008bba
00af4e
00be42
00bb94
00d948
01175c
014cdc
016fc6
01851e
0191ea
01ad32
01d3f8
01eb46
020220
022b8c
024b92
024e3c
025588
027384
029334
02a39e
02aac4
02aeb0
02ad6c
02a4fa
02a460
02b99e
02d2ba
02d1c0
02c0b8
02b2a2
02a582
029a60
029e3a
02aa18
02ab00
029efa
02870c
026734
025178
024ee4
025080
025252
025464
0256c0
026168
028460
02b6b2
02ed64
03227c
034800
035efc
037c74
03a26e
03bdf6
03cf18
03e7e8
040e6c
0433aa
044da8
046672
048716
04a598
04bd04
04d462
04e7b8
04f812
050874
050ae2
04fb64
04f302
04efbe
04de9e
04cba0
04c8c8
04cb16
04cc90
04c834
04b300
049eea
04a5ea
04aefa
04a714
049c2e
04863a
045930
042900
04019c
03dbf2
03b4f6
038296
033fc4
02fb6a
02b974
026ed0
022a66
01e728
019402
013fe0
00f7a8
00a144
003aa4
ffe4ac
ff9f4a
ff5b66
ff0af2
fea5d8
fe4508
fe0b6c
fde1f4
fda28e
fd5d2c
fd23c2
fcee40
fcbc98
fc8fc0
fc62b0
fc4264
fc2fd6
fc24fc
fc2fd0
fc464a
fc576c
fc7732
fcac96
fcd09a
fce146
fcfb9c
fd1ba0
fd395a
fd5cd2
fd7718
fd8938
fdae3a
fddd2c
fe0518
fe320a
fe6110
fe7e3e
fe90a2
fea84a
fec04e
fedfbe
ff0cae
ff382e
ff5354
ff6234
ff6ee6
ff8c7e
ffba08
ffe3a2
fffd5a
001346
00307c
005410
007916
00969e
00b0ba
00d180
00fa04
011d5a
012e8e
0136ae
014fcc
017afc
01a14c
01b5c6
01be78
01bf6e
01c6b6
01e55c
02066a
021be8
023ade
026450
028a48
02a8c2
02beba
02c730
02cf26
02da9a
02cf8a
02b5ee
02a0c0
0283fe
025ca0
02379a
0207e0
01cb68
019f22
0173fc
0127ec
00cde0
0080c0
00367e
ffec0a
ffa24a
ff4528
fede88
fe8850
fe3370
fdd0cc
fd704c
fd17d4
fcc44a
fc7f90
fc3d94
fbed34
fb9a5a
fb50e6
fb12c4
fae9d2
fac3f8
fa7e1c
fa212a
f9d504
f99f96
f96fc6
f9487e
f91ea8
f8eb36
f8c210
f8a524
f8836e
f851d6
f82354
f805d8
f7fc5a
f7f6ce
f7e432
f7c87e
f7b7ae
f7b7bc
f7bca6
f7bd6e
f7c410
f7d48e
f7ebea
f8082c
f82658
f83b76
f84d94
f86eb2
f89bda
f8bc22
f8cf96
f8ea46
f91c42
f96398
f9ac56
f9f290
fa3a56
fa85bc
fad2d2
fb2aa8
fb8950
fbd6de
fc1a6a
fc6502
fcaabe
fce2b2
fd17fc
fd53aa
fd8dd8
fdc694
fe06f4
fe5008
fe9eea
fee9a8
ff3156
ff7d08
ffccc6
0017a2
0054b0
0089fe
00c39a
01018c
0135ea
0163c0
018e18
01ab06
01c18a
01e4b2
02098a
021f1c
023a70
026c8e
02a47e
02c944
02dee4
02f464
030ece
032a20
034560
035792
0357ba
0351dc
0353f8
035814
035d3a
036e64
03849a
0393de
03a12e
03b88e
03de02
040f84
043f18
0464b8
048466
049c1c
04afdc
04cea6
04ec7e
04f260
04f24a
05023e
05133e
051c4a
05225e
052474
052c8e
053fa8
0547be
0535d2
051ede
0512dc
0509d0
04f8b0
04dd7c
04c230
04acc4
04a532
04a57a
049a96
047f78
04641e
045a84
0463a2
046f6c
0465dc
0441e8
042382
0415a2
040746
03f364
03dfec
03c4d6
03ac1c
039cb0
038c8a
037aa0
0370e8
035b5c
032eec
030490
02e240
02b7fa
028db2
026e64
025204
022b8a
01f4f4
01b340
018066
016360
01452c
011cd2
00f84a
00e592
00e3a6
00e682
00e12e
00d8a6
00d1ec
00ca02
00c4e6
00c7a4
00cd3c
00dbb2
00f008
00fc40
010b60
012d6c
01566c
01785c
019640
01ab1e
01b6fa
01c5dc
01dcca
01fac2
021fc6
0238d6
0236f8
02342a
023e70
0243c4
023926
022490
020a0a
01ee8c
01d118
01adaa
01933e
018bc6
017d44
0156b2
012806
00ff32
00e032
00c3fa
009980
0061b8
003698
001514
ffe524
ffa4c8
ff64ea
ff3084
ff128a
ff00fc
fedfce
feb5f6
fe9164
fe6e14
fe4300
fe1422
fde778
fdc9fe
fdc6b2
fdca8e
fdc696
fdc7c8
fdd52a
fdedb8
fe1176
fe3f62
fe6a80
fe8cd4
fea764
fec13c
fee762
ff1ae6
ff4ad2
ff6f30
ff8d0e
ffb876
fff678
003e20
00787a
00a598
00ce84
00f74c
012306
014abe
01628c
016b7c
0175a4
018a12
01a7d6
01c806
01ddac
01f3da
021f9c
025704
027e1c
0296f4
02b992
02e400
03014a
030480
02ffac
0308da
031f0e
033552
0340ae
033c24
032db4
032364
032b3a
033940
033774
031fda
030072
02e33c
02cc3a
02bb72
02acdc
029b7c
02894c
027746
026066
023faa
02180e
01f390
01d728
01bbce
019d80
017b38
015bf0
0140a2
01223c
00fcba
00dc16
00c344
00a43e
0079f8
004f66
00277a
000026
ffea66
ffe12a
ffc768
ff9e0c
ff7708
ff4550
ff09d2
fed880
feae48
fe7e24
fe4bfc
fe15c0
fdd55e
fd96ca
fd58ea
fd19b2
fcf00a
fcd8d8
fcaf12
fc6aa2
fc2474
fbe370
fbad88
fb82a4
fb50b2
fb10a0
facd5c
fa8dd2
fa51f0
fa1ba2
f9e2d8
f9a382
f9698a
f934e0
f8fa7c
f8c150
f8944c
f86c64
f84790
f824c4
f80af8
f7fc2c
f7f056
f7dd74
f7c07e
f79f76
f7825c
f77c30
f797f2
f7c2ae
f7e06c
f7ef32
f8040c
f838f6
f88dfc
f8ec2c
f93c9e
f97e56
f9c164
fa0adc
fa57ce
fa9d56
fadc86
fb2074
fb7138
fbcbea
fc26a4
fc787e
fcbe90
fd06f2
fd60be
fdbb0e
fe00fc
fe3aa8
fe772a
fea99a
fed310
ff03b2
ff3c98
ff74dc
ffb49a
fffce4
004dd6
00a480
00eefc
012e5e
017eae
01e300
024168
0290ee
02cfa0
02f688
030eb4
032e30
035204
037632
039fbc
03c5a8
03dcfa
03eab8
03f0e2
03f074
040362
0430a8
044f42
043c2a
040a5c
03dcce
03be72
039f42
036f30
03342e
02fa32
02ba32
027120
022ff2
01fe96
01db02
01c826
01b5f0
018c52
01563e
012aa6
010b76
00fca8
010526
010ae8
00f5dc
00d6f6
00be2a
00a76e
00a2b4
00aff4
00b126
00a23e
009a36
009c00
0097a0
00960c
00a142
00b638
00cde6
00de48
00d75a
00c418
00c67e
00e78a
010940
01169c
0118a0
011844
011784
011c66
0127ee
013a1c
0154ec
01655a
01556a
01391c
012f70
013568
013d02
014942
015426
0153b0
014ce0
0148b8
01453a
014268
014346
0148d6
015316
015308
0145b6
01351c
01213e
010f26
010adc
010e62
0108bc
0103f4
011210
012918
014212
016506
0194f2
01c2e4
01e1e6
01ee02
01fd3a
0220a2
024840
026226
027d5c
02a3ea
02cfd8
02f63c
031122
032994
03539a
03923e
03c292
03d59c
03e26a
040108
042a80
044ddc
045e24
045d5c
04608c
046bbc
0474f8
047b46
0485a6
048f1e
0491b4
049566
049d32
04a616
04ac10
04a91e
049c3c
048562
046688
0452a0
044fa6
044588
042140
03f4c0
03c6f6
038ed6
034b52
030958
02d0d8
0299c6
025b0c
021198
01c656
017d34
01341a
00e9f4
009eb0
004f3e
000386
ffc676
ff8c00
ff4910
ff0594
fecf74
fea4a0
fe7408
fe40a4
fe1560
fde82e
fdb006
fd81e0
fd6bb0
fd616e
fd620c
fd6b86
fd6dd4
fd6ef2
fd85d8
fda582
fdb1f4
fdaf2e
fdaf2c
fdbbf2
fdd68a
fdedfe
fdf952
fe0c8e
fe30b0
fe53cc
fe70e8
fe900a
feb144
fed3a6
fefb3a
ff1e10
ff412a
ff6fa2
ff9986
ffb2ee
ffccea
fff482
001bcc
003ede
0061c8
00789e
008d74
00af5c
00d46a
00efb2
010946
011f3a
012fa4
014b9a
01752a
019866
01b962
01e02e
0203dc
021e7c
022e24
0234de
0241b6
0265c2
029214
02b5ba
02d3c6
02f13a
031520
034284
036a70
0387e2
03aae0
03d16e
03dc94
03cc54
03c0b0
03c5aa
03c540
03b172
039a3a
038f90
037d70
034bd8
0308bc
02da12
02c1ca
0299d8
024736
01e4d2
019996
016172
011f58
00cc36
0071ee
00196e
ffc3a2
ff6870
ff06c8
feb288
fe769c
fe3ae2
fdea44
fd90a8
fd3ef8
fcfd14
fcc1e2
fc8644
fc4120
fbeb5a
fb94d2
fb5472
fb2216
fae2b6
fa9834
fa5174
fa0564
f9b7e6
f977f0
f93e6c
f9014c
f8ce7a
f8a5e6
f87780
f84b40
f82c12
f807ec
f7d4c2
f7ab92
f79c52
f7a3fa
f7b086
f7aaf6
f79348
f78678
f7918a
f7a780
f7c15e
f7e22c
f7ffea
f813a2
f82d5c
f85528
f88808
f8ca0e
f9143e
f94eaa
f97a5a
f9ab5a
f9e3b2
fa2a78
fa82c0
facd96
faf310
fb0f36
fb3a20
fb66de
fb9886
fbd62a
fc16dc
fc57a8
fc9ba4
fcd4e2
fcfb76
fd256e
fd66d2
fdbeba
fe1134
fe4252
fe6028
fe8abc
fec122
fef46c
ff27a8
ff59e2
ff8224
ffab82
ffdd04
000cb4
0039a2
0069e2
00a37a
00e778
0128e6
0151cc
016634
018528
01b5b2
01e6e2
0204be
020c54
0211a8
0227c4
023eb4
024d8a
02604e
027d0e
02a3ce
02e296
032d68
036556
038f60
03c594
0401f6
043684
046846
049946
04c284
04e60c
050ae6
052c18
05459e
055a86
056cc8
05806c
059970
05add8
05a8ae
0593ee
058b90
059198
058800
0568cc
054af8
053f80
05455c
054b86
054cfc
054eb0
05459c
052aae
050fe2
04fc30
04e28e
04c2f0
04a842
048a74
04647e
04395a
040cf2
03eb38
03d616
03bd7a
039856
036f9a
033d36
02fb18
02bf30
028e72
025ad2
022740
01f1a8
01b000
016d38
013744
010318
00cfaa
00a2e8
0076d0
004a56
002474
000a1e
fff44c
ffe3fa
ffcf22
ffb6bc
ffa4ce
ff9550
ff7d48
ff68ae
ff6784
ff72d4
ff7e9c
ff8edc
ffac96
ffcad0
ffdb90
ffe4de
fffcbe
002b38
006450
008a0e
008e7e
008fa0
00b37c
00f21c
012888
0149c6
0158dc
015bca
016894
017e40
0187d6
018a62
0192e0
01985a
0198c8
019532
017f96
0161f8
015858
0155b2
01430c
01265e
0105a2
00e2d4
00cdf0
00c2f2
00a4d4
007290
00461e
002178
000094
ffe572
ffce04
ffb548
ff9634
ff6cc0
ff41e0
ff238c
ff0bc4
fef282
fedebe
fed674
fed19a
fed532
fee134
feee9a
fef25e
feed80
fee7f8
feeacc
fef4f8
feff7c
ff045c
ff05a0
ff084e
ff0d68
ff17f4
ff39f4
ff7966
ffbe5c
ffebe0
0004f6
001aa4
0038f2
0065ee
00949e
00b014
00c254
00dc6e
00eb76
00e278
00e37e
010498
012dd2
014a3c
0167ec
0194e8
01c73c
01f8f0
022f16
0267b8
0295e2
02b0a2
02c804
02e50e
0306d2
032956
034ca4
035dc4
035cc6
0367ac
038284
039054
038c22
0386f4
037bd4
036cca
0368d6
036efc
036b44
035bae
034342
032600
030dec
02ff00
02ed42
02dcb2
02d84e
02cf1a
02b41a
029246
027b9e
027018
0262b4
024a6e
023442
022a2c
022122
020b22
01ed20
01d518
01c8fe
01c5c8
01bb6e
019be2
01731c
01510a
0132a6
010ee6
00e5b8
00b118
0072f0
003932
000bd0
ffdcb6
ffa0d6
ff5b20
ff1a86
fee9f0
febc4c
fe788a
fe2792
fde656
fdbbc0
fd8eb6
fd502e
fd080a
fcc43a
fc87ae
fc494e
fc0708
fbc4ca
fb827e
fb3f12
fb0374
facd90
fa965c
fa5bc2
fa26b6
f9fe28
f9d80c
f9ad52
f97bf0
f950dc
f9320e
f9177a
f8f820
f8daf4
f8c5fa
f8b626
f89a7c
f876fc
f868a8
f87d88
f8a29a
f8cbe4
f8fa6e
f9293c
f95058
f97dcc
f9b2a0
f9e8de
fa2096
fa58d6
fa8eb8
faca44
fb108c
fb4fa4
fb869e
fbc190
fc0590
fc47b0
fc8904
fccba2
fd0aa6
fd4522
fd7e2a
fdb1d6
fde03e
fe1174
fe4192
fe6cac
fe93da
febe32
fef0ce
ff2cbc
ff6c16
ffa7e8
ffe246
00193e
0049e2
007b3e
00b658
00f042
011906
0132b4
014a50
0169e4
019074
01b90c
01e1ac
02084e
0226fc
0240b2
025972
026b44
026c1c
025ffc
0250d6
0246aa
024072
02322c
0214cc
01ec4c
01be9e
018eba
016298
01412c
01256c
00fe4c
00ccc6
00a0c6
007b3e
005324
003472
00211e
00081a
ffea5e
ffd6d4
ffd272
ffd82a
ffe2ee
ffe3b4
ffd672
ffc51a
ffb1a2
ff9d00
ff9630
ff952a
ff83e8
ff6d68
ff6f9e
ff7e82
ff8510
ff8740
ff8b14
ff9882
ffa788
ffab24
ffad52
ffc10a
ffdb50
fff222
000282
00056e
fffce6
0000e8
00126e
002484
003026
003256
00291c
002c78
004162
0054e4
0060fc
0070ac
0080fa
0088ec
00828a
0078d0
008bbe
00c05a
00e6a6
00ddb0
00bd7a
00a706
009b5c
009882
009f82
00b164
00c634
00d6f6
00e2b0
00ff66
013522
016eea
0197c6
01b9bc
01d5d8
01e41a
01f496
022056
025d62
0288c2
029c7e
02a2a2
02a53c
02b158
02d8fc
030a34
032f0e
034796
035fd2
0375ce
038892
03a320
03be88
03d1d2
03da06
03dd28
03dd3e
03e354
03ef6e
03ff94
041ac6
044006
045754
044eba
044038
0447c6
045860
045d08
0454c2
044488
043350
042810
0422c4
041166
03f1ea
03cf46
03b26e
039a56
0379f4
03453e
030424
02c498
02838c
0249ee
0222b2
01f4c6
01a020
0136aa
00e958
00c618
00b2d4
00937e
005d04
001f4e
ffe648
ffb3ea
ff881e
ff59d8
ff1e06
fee19a
feb284
fe83bc
fe4934
fe14e2
fe01b2
fe0a9e
fe0f98
fdfc90
fde384
fdd964
fde328
fdfacc
fe094e
fdfba4
fddcce
fdc9c0
fdc982
fdd514
fde672
fdee9c
fde998
fde366
fddd10
fdd594
fddffa
fdfc48
fe1e84
fe46be
fe69f8
fe763e
fe8394
feb004
fee798
ff1166
ff2e78
ff41de
ff52a6
ff69dc
ff838e
ff9fd6
ffc4c2
ffe36c
fffbe4
001e38
00487e
006bc8
00952c
00c0be
00dc98
00f6cc
011d6a
013e8c
015a46
017fb2
01a6e4
01cef8
020402
024116
027c48
02b9ac
02fb54
03404c
0386ac
03cb82
040dda
0444c0
046844
048a70
04bd56
04e9fc
04f46e
04f3ac
04fcc0
0503ae
05067c
05032a
04ecba
04c82c
04a87a
048e9a
047488
04503c
0414ac
03c1ce
036e94
0323ea
02d8c2
028710
0233be
01e4b8
019de6
015c2c
011574
00cca0
00849a
003940
ffe574
ff8916
ff2010
feb63c
fe677e
fe25b2
fdcfbe
fd6980
fd09d8
fcaba4
fc4ec4
fbfa1e
fb9b96
fb2a0e
fac86e
fa8c96
fa526a
f9ffd4
f9a7c2
f96014
f924b8
f8e69a
f89ea4
f85acc
f83004
f81736
f7f55a
f7c568
f7a254
f7961c
f792ba
f78d26
f78f62
f79d6e
f7a950
f7b20a
f7c59e
f7e90a
f8165a
f84894
f879c2
f89ff4
f8c032
f8ed86
f93502
f989b4
f9cca8
f9f7f6
fa2caa
fa74d6
fac290
fb0ee8
fb56f0
fb8bba
fbb656
fbf1da
fc2f5e
fc60f2
fc94ac
fccd9a
fcfcd2
fd2f66
fd6566
fd82ea
fd9afe
fdd0b6
fe1322
fe3f5a
fe606a
fe8b5a
feb83a
fee722
ff1518
ff352a
ff4f6a
ff7ae0
ffb898
fff19e
001e00
003dca
005b04
0082b6
00aaee
00b9b4
00b812
00c014
00d7c0
00f81c
011a38
01341c
014bda
016a6c
018dde
01ad32
01d978
0218b6
0258f0
02902c
02c06a
02e8b2
03070c
031f7a
033704
0350ac
037676
039b68
03b288
03bcda
03c55a
03d206
03e4e4
03fcf8
040d3c
0408b0
03f856
03f424
03f51e
03e244
03c392
03b806
03b596
03a642
039302
0386ce
037a9a
03735e
037414
0365ac
034422
032064
03006c
02df28
02c090
02a398
02872e
026b46
024ed2
023ac0
022802
01ff8c
01c94e
01a734
019132
01673c
012a44
00ea3c
00b21c
0087d8
006164
002db0
fffcb2
ffd85c
ffb3a6
ff8984
ff63ee
ff38e2
ff0858
fee748
fedeae
fede82
fed9c2
fece70
fec684
fec900
fecce4
fed030
fee4e6
feff08
ff0698
ff0796
ff1908
ff2ff2
ff465e
ff5f52
ff6fd6
ff79ea
ff939c
ffbbf4
ffe0f8
fff9b2
000f26
00275a
004758
006b28
0083d2
00955a
00abc4
00c71c
00e26c
00fab8
010b00
011540
012184
0133d2
01462a
014c90
014200
012f80
01240c
011caa
01084e
00ebfc
00d5ae
00c668
00af26
008edc
006d88
005226
0039b4
00212c
000a8c
fffbc6
fff2d6
ffe4b6
ffc660
ff99ce
ff6dfe
ff4ce8
ff3686
ff2ed8
ff39d0
ff4672
ff42ba
ff3d9c
ff4618
ff5e28
ff75c8
ff78fa
ff68b8
ff6404
ff76e0
ff8748
ff8644
ff88d8
ffa102
ffcec6
000024
001728
0012d6
001d30
004938
007ef4
00a870
00beb2
00c1c0
00bea8
00c66c
00cf1a
00cbbe
00d05c
00eb00
010db6
01258a
01318c
0146be
01772a
01b5d6
01e4ce
020218
021ec0
0240cc
026446
02863a
029fae
02afac
02c436
02e554
030208
03125e
03255c
033904
033d64
033a7a
033b4e
0330e2
031a3e
030c6c
030270
02ee46
02ddee
02d76a
02c8c4
02ae06
029728
028928
02800e
0277dc
026592
025034
0246bc
02422a
023980
0230be
022aea
022b00
0231f8
022ed4
021a8c
020f22
021f90
0233d0
0230e6
021bca
020372
01efda
01e100
01cfde
01b874
019eb8
017f9e
015b24
01343e
010de4
00e90c
00c8ac
00a8b8
008522
0060e2
0037e8
000d28
ffea90
ffc914
ff98a4
ff652e
ff35a4
fef6f6
fea714
fe5eee
fe2b72
fe068e
fdde2e
fd9f44
fd4bba
fd017c
fcc77c
fc98a8
fc6dec
fc3a3c
fbf184
fbadb8
fb8ac6
fb76a0
fb4e32
fb0d72
fac44e
fa86c0
fa5fc0
fa3f40
fa1736
f9f29e
f9d974
f9cdba
f9d162
f9e264
f9edc0
f9f576
fa0288
fa0ef8
fa16c4
fa21f4
fa338c
fa4a98
fa6720
fa8726
faaebe
fadef2
fb10ce
fb4462
fb7fba
fbbbe2
fbf1ee
fc28f2
fc62fc
fc9d1e
fcd66c
fd0df6
fd3dd8
fd6524
fd89ee
fdb34a
fded52
fe3820
fe7ec4
feb958
fef2e8
ff3484
ff7e48
ffcd42
00088a
002230
003342
0059d8
009804
00ded4
011854
013a8e
015c96
01926e
01d224
0207be
022946
0236c2
024536
0267a8
028724
0289aa
02743e
0262dc
026188
026140
024b08
0227dc
0215ba
02189a
021178
01f254
01cd22
01b5dc
01a97c
019bf6
018248
015968
012d50
0117f2
011448
010346
00dde8
00c01c
00bdd4
00ce02
00d79e
00c69c
009ff6
007d9e
007284
007b9c
007ce2
00644c
0042ca
003454
0028dc
000b58
ffedbc
ffde08
ffcc2a
ffb322
ffa1e2
ff975c
ff8690
ff7a76
ff7904
ff7730
ff74f2
ff7040
ff6418
ff557a
ff4e56
ff4aa2
ff3f5e
ff2c86
ff141a
feff18
feef76
fee632
fee350
fee3d0
fee1a8
fedfe0
fee676
fef068
fef0ba
fee86c
fedd7e
fed4f4
fed0d4
fecf2a
fecaf4
fec53a
fecc02
fee654
ff0a42
ff2fcc
ff56fc
ff7fd4
ffab58
ffd798
00059e
003676
00662c
0090c4
00b250
00ccde
00e672
010a1a
0136e4
015ae0
017518
01959e
01b776
01d4b4
01f15e
021082
022d2e
02496e
02584c
024eca
0248fa
0262de
028388
028dfe
028c46
029368
02ae68
02d94c
02ff16
0315cc
03256c
0327f8
031e70
031bd4
032026
031860
030780
02fa86
02e96c
02d32c
02c2be
02b916
02ad32
029902
027288
0241b4
02167c
01f4d2
01d8aa
01bffa
019db6
016ad0
01303c
00f2e8
00b6cc
0081d4
0056f6
00391e
001e42
fff654
ffc342
ff96fa
ff6d6e
ff428e
ff234a
fefc9c
febc78
fe7fd0
fe6098
fe51c4
fe4742
fe4008
fe3a0e
fe3c46
fe47a4
fe411e
fe26aa
fe1540
fe0fda
fe0974
fe050a
fe0792
fe090c
fe046c
fe01b2
fe01da
fe01e8
fdf7d2
fde19c
fdd048
fdd1da
fdde54
fde5c0
fdf020
fe0378
fe18c8
fe2e1a
fe4d76
fe70de
fe8862
fe9f0a
febfde
fedfe8
feff34
ff23cc
ff41c0
ff6022
ff8bfa
ffb95c
ffd460
ffeb12
001582
004ac4
0081e8
00b404
00d62e
00f076
0113f0
013bae
015bcc
017d64
01aa8c
01dc5a
020de8
023b4c
026b98
02a9de
02f838
034db4
039668
03ce6a
0404ca
04479a
048cf2
04c8dc
04f966
052d9c
056b90
05a742
05c9c8
05d926
05e962
05f282
05f190
05ed90
05db84
05b46c
059440
057b06
054db8
050c50
04d0c4
049c0c
046420
0428f0
03ec70
03b68c
038932
035856
0316dc
02c8ae
0273b2
0221d0
01daf2
0197fe
014bd6
00f55e
009e74
0054fa
000ed6
ffb5e6
ff530e
fefa2a
fea21e
fe48cc
fdf614
fd9ed2
fd3aee
fcde4c
fc8ace
fc355a
fbdad0
fb751a
fb071e
faacc6
fa6bfa
fa2ea2
f9f5b0
f9c610
f986ac
f94776
f92a5a
f91a4a
f8ef46
f8b53a
f88d24
f883fe
f88ec2
f89372
f8940a
f8ab88
f8d0e8
f8e82c
f8fc5c
f91c76
f9427e
f96580
f98086
f99ba2
f9c6da
f9ff38
fa37ca
fa729e
faadbc
fae23c
fb1e28
fb6290
fba384
fbe118
fc195a
fc4960
fc7f38
fcc2f2
fcf6a2
fd1d5a
fd4e2c
fd8424
fdb45e
fddfe4
fdffca
fe1628
fe3506
fe5d78
fe838e
fead58
fedae6
ff034a
ff2a98
ff58dc
ff8a24
ffc082
fff3fc
001da8
004a92
007ebe
00a53e
00bd1c
00d76e
00ef44
0101a8
0117a8
013458
0156c6
0183f4
01baf0
01f9c4
024084
027f34
02aae0
02d692
030854
033734
036b38
03a66c
03dad6
040286
04227e
043fc8
045c6c
04796e
048fda
04a4b0
04b7fc
04c7bc
04d7f6
04eaaa
04f8dc
04fc8e
04f4c0
04e26e
04cf9a
04c642
04bb5e
04abec
049cec
049052
04851e
047d3c
046aac
044d62
04344e
041c66
03f99e
03d8e0
03c622
03b154
038e6a
03614c
0333ec
030932
02d710
029374
024d4a
021d7c
01fdfe
01cdbe
0183a4
01339e
00ea9a
009f84
004e4e
fffae4
ffb536
ff7f38
ff45de
ff0318
fec8d6
fea50a
fe86a6
fe639e
fe3ce8
fe167c
fdf654
fde566
fde0ae
fdd92c
fdccd8
fdc5b2
fdc7b8
fdcbe8
fdc940
fdcbbe
fde066
fdf83e
fe034a
fe0c90
fe1d18
fe30ea
fe480e
fe618c
fe7668
fe90b0
feb970
fee9ae
ff1774
ff36ce
ff47c0
ff5f56
ff8296
ffa190
ffb84a
ffd3cc
ffea20
fff34e
fffe60
001260
002952
00413a
004d1e
004d04
004fea
0054d2
0051be
0048b6
003cbe
0026d4
0007f8
ffe928
ffd666
ffd6b0
ffd702
ffc158
ff9aae
ff71fe
ff4b46
ff2d84
ff16b0
fef7c2
fed0be
feb498
fea752
fea2e2
fea940
feb56a
febc56
febbf8
feb854
feb25e
feb410
fec168
fecf60
fecef6
febd28
fea4f2
fe9b54
fea64c
feb9d8
fecbf6
fecda4
fec7e6
fecdb6
fedc16
fee90a
fefb96
ff10b6
ff1a74
ff1fd0
ff21d2
ff197c
ff19d4
ff32dc
ff4b9c
ff5d16
ff6c5a
ff766a
ff844c
ffaa04
ffce94
ffe20a
fffa6e
0017c8
003224
005484
0078ec
008c66
00a3f4
00d6a2
010c74
012c74
0142aa
015a16
0173c2
0188ba
019902
01b2a4
01cda0
01d802
01cfca
01c902
01c8ae
01cbd8
01c882
01bfb8
01bd7e
01bfdc
01b3d6
01a172
0199b6
0197aa
019b4e
01aba0
01b7ac
01b078
01a508
01a15e
019e84
01a17c
01ad4e
01b9f6
01c876
01e3d6
020714
022630
02332c
023104
0234b6
024b3e
0265a6
026fe8
026700
0251f2
023db8
022d4e
0220b4
0217e2
020bd2
01f17c
01ceda
01aee6
018f96
016fe0
0148ba
011718
00e5f4
00ba3e
008eec
0066f6
004346
0017ce
ffee80
ffd142
ffac0c
ff6bca
ff1b68
feccdc
fe8912
fe55f8
fe2882
fdf8a0
fdce3c
fdae44
fd8dac
fd6760
fd3648
fcfb54
fcc470
fc8b92
fc43aa
fbfdb0
fbc896
fb9656
fb6de2
fb5734
fb423e
fb34f8
fb3d52
fb4446
fb39d6
fb36f8
fb40ac
fb44ea
fb47b6
fb4e0e
fb51f0
fb5b64
fb736c
fb8e12
fba958
fbc344
fbd6e2
fbeb36
fc0950
fc3036
fc5ff4
fc9294
fcbc26
fcdabc
fcf764
fd1232
fd3230
fd6074
fd980e
fdd414
fe1992
fe629c
fea740
fee68c
ff249c
ff617a
ffa03a
ffdcec
000ba4
002c76
004a72
0071aa
00a62a
00de04
010c4a
013804
016b42
019812
01b780
01dc90
020e56
0237d4
02531c
026c30
028720
0297ec
029c9c
029736
028ec0
028e3a
029aae
02a51e
02a68e
029ff8
02905e
0283c0
02831e
028276
026fc8
02590e
02504a
025178
024c96
023c9e
022c86
02214a
021ede
02223e
022966
022a4a
021ae4
02032c
01f316
01ed9e
01e5b8
01d45a
01c478
01c40a
01c306
01b262
019c12
018b0a
01763c
01599e
01362a
010bd0
00e78c
00c950
00a710
0085c4
00735c
0065d2
00541c
003b2a
0016f4
ffef72
ffd896
ffce54
ffbca6
ffa480
ff82e4
ff55c4
ff331e
ff2de4
ff3714
ff34a8
ff219a
ff07e2
fef284
fee178
feccbc
feb452
fe9d42
fe8986
fe7f20
fe820e
fe8858
fe8504
fe8218
fe929a
feb48e
fedbf6
ff02d8
ff2b42
ff593a
ff90ca
ffd4f6
0014ca
003d52
005396
0065a2
00787e
009838
00c8de
00f180
01022a
0114e8
0135c4
015bce
018010
01999c
01a876
01beac
01d64c
01d55e
01caf0
01d30a
01e1b8
01ee08
01ff00
020daa
021d08
02331c
0243f2
024b92
025b02
02703e
027f48
028c20
0296c6
02933e
028888
027ea0
026a82
025b2c
026198
0267c8
0254b8
023662
021bb8
0204b4
01f556
01e38c
01bc50
018598
015160
011fa0
00e752
00b064
0082d0
006186
004d7a
0036a0
000cf2
ffe162
ffbfe2
ffa462
ff85d6
ff5e36
ff2c76
ff038e
feeb6c
fed306
feb956
fead50
fea4e0
fe8efc
fe769c
fe67b4
fe5734
fe471a
fe4852
fe4ad8
fe3ba2
fe22a8
fe0cdc
fdfe38
fdf9b8
fdf750
fdeafe
fdd4ba
fdbd78
fdab34
fda1e8
fda08c
fda020
fd91a2
fd790c
fd655e
fd5390
fd3ea8
fd34a4
fd408c
fd515e
fd581a
fd58c2
fd5b58
fd62e0
fd755a
fd8acc
fda13e
fdbdb8
fdd44a
fddbfa
fde8d2
fe05e2
fe2834
fe50da
fe7cd8
fea242
fecb2a
ff00a0
ff2bbc
ff3f8e
ff5828
ff83a2
ffb60c
ffec82
00261a
005df0
009c12
00e99a
0135a4
017846
01c294
021ba0
027288
02bc66
02f84c
032e5c
036e9e
03bc2a
040618
04417e
04786a
04b4f0
04f224
052b0c
0558b6
05782c
058d80
0592b8
0585e0
0572fe
055d1c
053b3e
05156a
04fa9e
04e4da
04ce1a
04bd5a
04b092
0499b6
0476bc
044790
040b2a
03cd78
03a56c
0386f0
0355f2
030a56
02af08
024ef0
01f6f4
01aaf4
0161d2
011778
00c6c4
006e9a
0013de
ffc268
ff761e
ff1ddc
febd80
fe60e8
fe03f4
fd9c84
fd287c
fcaabe
fc362c
fbdcaa
fb8c1a
fb3066
fadb6e
fa9816
fa4f42
fa01e0
f9c9de
f99e1e
f96792
f92b26
f8f3ce
f8c57a
f8b11a
f8aba2
f8940a
f8794a
f8715e
f8723e
f874ea
f87f5a
f88996
f89ca2
f8c97a
f8fa1e
f91b94
f936e0
f9520e
f9752e
f9b04a
f9f766
fa3296
fa65de
fa9b4e
fad1f4
fb11e4
fb5f24
fbaad2
fbedf6
fc23a4
fc4cee
fc77e6
fcafa0
fce734
fd1db2
fd5c26
fd9aa4
fdd23e
fe0406
fe2610
fe3c6e
fe5836
fe7e7e
feb354
fefcd0
ff3d04
ff6308
ff8ee2
ffd5a8
001770
004346
00613a
007d5c
00a3be
00d774
010594
01282e
014a4e
017b0c
01c272
020d94
024084
026852
02a50c
02fac2
035b80
03bb56
03fb50
04207a
044fe0
048f98
04c9aa
04fb28
05281c
054d90
05788e
05a826
05c35e
05d240
05f0d6
061822
06302a
062ef4
061a8a
060af0
06172a
062936
062b1c
062bda
062f6e
062cd2
0631fa
0640e6
063c8e
0623f0
060f04
05f8bc
05df0c
05c6e6
05a342
057218
054d52
0536da
051ba2
04f696
04cca2
0497b6
0460b4
042c88
03f420
03b866
037648
0322ac
02c57a
026ba0
021410
01c1b0
017370
012034
00c8e0
00766a
0021ba
ffc8c2
ff7c6a
ff3ea0
ff0356
fece7a
fea106
fe6de8
fe3510
fe0b7a
fdfa16
fdefe0
fddacc
fdbfcc
fdb7e0
fdc902
fddb30
fddd66
fddca2
fde8e6
fe032e
fe1f7c
fe2fd4
fe313a
fe33ae
fe3f3a
fe54e2
fe72ac
fe8a9e
fe8cc4
fe8924
fe94c8
fea8b4
febcf6
fed098
fee2a4
fefb1c
ff230a
ff4774
ff5568
ff60f2
ff7d0e
ff97c8
ffa228
ff9a30
ff84ea
ff7860
ff7f98
ff879a
ff8366
ff8304
ff8474
ff83b8
ff8cd8
ff9cd4
ff98ae
ff8066
ff68fe
ff5576
ff3dd6
ff271e
ff0f50
fef86a
feeb6e
fee558
fee02c
fee4ee
fef39a
fef62e
fee8a6
feea02
ff0740
ff2f62
ff4f66
ff5b4a
ff590c
ff5caa
ff721e
ff8370
ff7da0
ff72aa
ff7890
ff8f52
ffa4ee
ffa968
ffa2be
ffaff2
ffd804
fff4f6
ffe7c8
ffca76
ffb802
ffa976
ff98d2
ff9314
ff9740
ff9656
ff8d5c
ff8954
ff953e
ffae1e
ffc2f8
ffc9d0
ffc8a0
ffcd72
ffdf46
fffe1e
0019fa
0024e0
0023d2
0026cc
003cd4
005fec
00801c
00926a
0099d0
00a054
00aef6
00c3ba
00daaa
00f3ba
0107f4
010d5e
0103fc
00f4d2
00e5e6
00e138
00e5d2
00e7ba
00dff2
00d17e
00c35e
00c29a
00d536
00e838
00e3a2
00ce7e
00b8ce
00b19c
00bdee
00d2c4
00da24
00d81a
00e1a2
00f9c4
011780
0134e2
014ee4
01678c
0185da
0199d6
019884
0195e4
01a4f6
01b6bc
01c038
01be6e
01b262
01a70e
01a86e
01ad7e
01a444
0185bc
015ae2
0135b6
01252c
011d44
010dfc
00f04a
00d026
00ba86
00af68
00a1ba
008a74
006586
002ae4
ffe682
ffa65a
ff6e62
ff3e88
ff12c4
fee206
feb440
fe9562
fe7860
fe4c2a
fe1aa8
fdeaca
fdb884
fd86cc
fd5392
fd15c2
fcd954
fcac36
fc8a60
fc64c2
fc3f52
fc22fc
fc0bb4
fbf672
fbe72a
fbd9ce
fbcc54
fbc6b6
fbc6ee
fbbff2
fbadb6
fb9e34
fb9b66
fb9a4c
fb8ce8
fb7738
fb6934
fb66dc
fb6f36
fb7b42
fb7d06
fb7a88
fb88c4
fba3c2
fbb188
fbac22
fba794
fbb3ec
fbd530
fc056a
fc31a2
fc53e8
fc7b46
fcb7c2
fcfd70
fd3c5e
fd7194
fd9f20
fdd50c
fe1e6a
fe6a4a
fea2b8
fec6c6
fee378
ff0ee2
ff5610
ff9c14
ffbc00
ffcde4
fff5c6
002bb4
0064bc
0099ec
00bc4c
00d8ee
0107da
01291c
011ec6
010de4
011e80
0144a0
017052
01939e
019a8e
01972c
01b178
01dc78
01f634
01f9b0
01f6f6
01f70a
0202f6
0218b8
022f5c
0242e0
02544a
026b9c
0287cc
02a0e2
02b1dc
02c0be
02ce82
02d726
02dfa6
02e404
02dd42
02db56
02ed3c
0303ea
030762
02f4a0
02d99c
02cd48
02d69e
02dd96
02d02a
02b152
028e0a
027142
025ce8
024bf8
023b6a
023332
022644
020b9a
01f320
01ddce
01b098
017270
014744
013110
0115c8
00ea62
00b9d6
008d1a
00681a
0049da
00364c
002c6a
002126
000a7a
ffec5c
ffd4c8
ffc5c2
ffb640
ff9940
ff76c2
ff61c6
ff5c46
ff544a
ff48d6
ff4dea
ff6b8a
ff90b8
ffad7c
ffc1d8
ffe2d2
001c6e
0059b4
0083b0
009e68
00bee0
00e726
010c42
012a46
014d42
017240
019144
01b65e
01eb96
0224f8
025096
026b78
0273aa
027532
027720
02727c
026358
0254b8
024ba6
02452e
02575a
027b34
0292be
0298fa
02a0ee
02aa98
02b400
02bc2a
02bf16
02c4c2
02d334
02d268
02b75a
02a00a
029972
028f8a
028554
0280c6
0271d8
024e86
0222c4
01fd8e
01dddc
01b7a8
017fee
01419e
0112ae
00ee1c
00c1dc
008fe8
00632e
0042aa
00244e
fffa0e
ffc8e0
ffa6ba
ff9392
ff7a5e
ff5814
ff34aa
ff1018
feee5c
fed36c
febc3a
fea7ba
fe9be4
fe91ae
fe8d10
fe9402
fe987c
fe9074
fe87e6
fe85c8
fe8912
fe92b8
fe94b4
fe8204
fe73a4
fe7686
fe6da6
fe50fc
fe3b88
fe3540
fe3122
fe2522
fe0d3c
fdeb6c
fdcfb0
fdc302
fdb966
fdaece
fda13c
fd8daa
fd781a
fd6788
fd5cf0
fd5650
fd54ac
fd4c08
fd3662
fd21be
fd201c
fd2e86
fd3ffe
fd4e8c
fd5b30
fd6df0
fd8cd8
fdb9f0
fdee42
fe0fd4
fe12ba
fe0bfe
fe1bac
fe44d0
fe7282
fe98d0
febed2
feed94
ff232c
ff5cae
ff9a2a
ffddbc
002d70
008764
00dba6
011750
014878
018a34
01e19c
0235c6
0270c6
0298b6
02c2ac
02feba
034bf2
039c6c
03db3a
040374
042222
044354
04681c
048688
0496aa
049d88
04a82c
04b09e
04abe8
049b12
048e22
048816
0483f0
0474b0
04595a
0441ea
043854
042e8e
041492
03e850
03aec4
0371de
03318c
02eebc
02ae58
027752
02409c
02001c
01bfb8
018a54
0157d8
011c2e
00d036
0076d4
001cea
ffca5a
ff7a10
ff20ea
febeca
fe548e
fde922
fd886a
fd2a44
fcc996
fc703c
fc2520
fbdf24
fb8c32
fb2c2c
facefc
fa8982
fa5baa
fa2e66
f9efa0
f9a348
f96444
f94284
f933f8
f92096
f90550
f8ea14
f8d6d8
f8ca96
f8bf42
f8adde
f89962
f88dca
f8911a
f8a052
f8b470
f8c77a
f8db76
f8fb5c
f92a36
f95704
f977d8
f997bc
f9c8b4
fa08c6
fa4800
fa7d74
faaf2e
fae53a
fb24a4
fb6678
fba2c4
fbd49a
fc070a
fc441c
fc7ce6
fca17a
fcbce4
fce538
fd158a
fd3bec
fd5870
fd7a28
fdb026
fdf47a
fe3436
fe676e
fe9134
feaf9e
fec5be
fee4a2
ff115c
ff4406
ff74b4
ffa17e
ffcc78
0003ae
004a32
009a1c
00ef78
01435a
0190d4
01dff6
0236d0
028c74
02d3fa
03086c
0337e2
03796a
03d514
0426f6
04541c
047296
04ac70
04fcb8
053d7c
0564ca
0582ae
05a230
05bd5e
05d140
05dfdc
05eb3e
05f466
05fa5c
05fb26
05f7cc
05f64a
05fba4
0604d6
060ce0
0619ba
06315e
0646cc
0648fe
063be6
062c78
0619a6
060162
05e5a2
05cc58
05b26e
058adc
05538c
051a66
04e75e
04b360
047a52
044524
040ebe
03c90a
0374f4
031d68
02c84c
027792
022f1e
01e7dc
0195b2
013b8c
00e65c
00a00c
006290
001eca
ffd6ac
ff9a28
ff6c2c
ff3da8
ff0996
fed8ea
feae92
fe8886
fe6bbe
fe6832
fe7adc
fe90b4
fe9db2
fea5d2
feab10
feaf68
febcd8
fede60
ff0608
ff15d4
ff08ca
fefdec
ff113e
ff38c4
ff5a82
ff6b84
ff71d0
ff7270
ff796a
ff91c4
ffb386
ffd0ba
ffe36c
ffe8a6
ffeb70
fffcd0
001dd0
003a78
0044d4
0044ec
0041c4
003768
002fdc
003f2a
005c54
006a64
00655e
006448
006b28
006800
0056d6
0056ae
00718a
007b70
005766
002a68
002178
002b98
0021d0
000024
ffe198
ffd52a
ffd3de
ffd6b4
ffe2aa
fff5bc
000aec
00203c
0030ac
003c3e
0046e8
004eaa
005086
00557a
00638a
006fb2
006ef0
006948
006db0
00812c
0096ba
009e5c
00960c
0086c6
007988
006f4c
00681a
0057ec
0039c4
00159e
fff57a
ffda58
ffc534
ffbe0e
ffc1e2
ffc0b2
ffb47a
ffaa3c
ffadec
ffb88a
ffbe14
ffb986
ffade2
ffa628
ffa654
ffac5e
ffb348
ffb512
ffb0c0
ffa64c
ff99b8
ff9900
ffaa24
ffc224
ffd402
ffdeba
ffe748
ffe8b2
ffddfc
ffd128
ffc838
ffbe2e
ffad0a
ff9dd4
ffa292
ffb142
ffb9e8
ffba88
ffbd2a
ffbcd0
ffb484
ffb148
ffbd24
ffcf1a
ffd930
ffdd70
ffe9dc
000382
002062
003388
0040f2
0048a8
004bb0
005710
0075d0
0097fc
00a698
00a8a6
00b726
00d926
00f8aa
0109ba
011350
011d70
01251c
01205e
011136
0108a6
0107b0
010354
00f294
00da6e
00c4e4
00b2f4
00a99e
00afe2
00bdb2
00bb12
009cf8
006b64
004448
002e9e
001762
ffef88
ffc40c
ffa8e8
ff9714
ff7b8c
ff5342
ff242a
fef83c
fed36a
feb2a8
fe8eea
fe6e28
fe5156
fe2c66
fdfb4e
fdc204
fd847a
fd4ea8
fd337a
fd27e8
fd11f0
fcef7e
fcd590
fcd010
fcdaf2
fce72c
fce0b2
fcc580
fca58a
fc99c2
fc9f1c
fc9898
fc7430
fc4adc
fc3694
fc2c50
fc1b0e
fc08c8
fbfe7a
fbf518
fbe5a6
fbcf20
fbb588
fb9dde
fb8928
fb7660
fb6888
fb62a4
fb68ba
fb7ecc
fba1de
fbc7ec
fbe4fe
fbf61e
fc084e
fc2690
fc48ee
fc666e
fc871c
fcb500
fcec22
fd228a
fd5140
fd794e
fda3be
fdd396
fe06de
fe419e
fe81e2
feb0bc
fecc36
fee558
ff062c
ff32c0
ff631e
ff8452
ff9068
ff956c
ffa36c
ffbb70
ffd384
ffe0bc
ffe11c
ffdea8
ffe56e
ffff7c
001ee4
0033a8
004ad4
007076
009c96
00c238
00df64
00ff26
013082
017080
01a328
01bc80
01ca8c
01e154
0206de
02322c
025142
026226
0275d8
029854
02b7a0
02c6bc
02c8aa
02c56c
02c7fe
02d664
02e496
02e494
02dc54
02d6ce
02d304
02cde8
02c47a
02b7b0
02aa80
029ae4
0286d0
026f3a
025d18
026062
02670a
0246fc
02092c
01cd94
018d2e
0155e4
0146a4
01476c
012e34
0100e8
00db7e
00c3ec
00a91e
007d0e
0055b0
0042fe
0024f4
fff28a
ffc2b8
ff9d7a
ff7bcc
ff61aa
ff530c
ff47f2
ff4b60
ff6a58
ff89dc
ff92ea
ffa774
ffdc84
001026
00395c
006024
007290
0080a6
009b6a
00b3f0
00d542
010866
01386a
016e58
01b138
01e71c
021e12
025520
027256
028dbc
02b060
02b458
02aba4
02b358
02d186
02ff32
030362
02e232
03049e
0348b0
03487a
033b02
035448
035f54
036b26
0392c6
03ad40
03b588
03baa0
03aa8e
038452
0364e4
035a3e
035364
034858
035208
035076
0317ae
02d59a
02a630
028268
028a42
0289b6
0241b6
020d34
01f82c
01aca4
016588
014eca
011670
00d85a
00c282
00aae2
009e72
009130
00540e
0016f6
fff2ee
ffcef4
ffb8f0
ff9be2
ff7cbe
ff936e
ffaaf8
ff9e58
ffb77c
ffd360
ffa5fe
ff7c34
ff8408
ff8980
ff7e86
ff731a
ff723c
ff78d6
ff62ea
ff367c
ff267c
ff34d6
ff258c
feee9a
fedffa
fef998
fed27a
fea19e
fec5fa
febc84
fe5d40
fe4a20
fe7314
fe5c20
fe1a46
fde57c
fdefc6
fe1d1a
fdff76
fdb6e2
fd9152
fd54c4
fd273a
fd4cb8
fd7344
fd86da
fd8582
fd5444
fd7014
fdc1fe
fda216
fd8152
fdb4c2
fdb17e
fdcf7a
fe42c6
fe508c
fe33ca
fe5c86
fe69dc
fe98d4
ff1a78
ff6ae2
ffb31a
001c40
003974
005dae
00d10e
0113b2
0125a2
015fec
01c0b4
022a14
024422
022ae6
027a72
02d9ec
02bf66
02d1ea
0344a4
036ea2
036ad2
039364
03b86e
03e0e4
0412d8
040562
03df90
03f276
03f112
03d25c
040470
043a4e
03fff4
03e67c
0421de
04200e
041804
0446ac
041618
03c950
03ce20
038680
031a86
031c18
02fa28
0297bc
0275a2
0240bc
020212
01f582
01a0f8
015464
015e94
00e880
003c28
001b48
ffc1de
ff21dc
fefe04
feca3e
fe388c
fdbcc2
fd4ccc
fd0d7e
fcf69c
fc8f42
fc3c5a
fc0188
fb42e4
fad46c
faf8d0
fa9418
fa1848
fa2e08
fa135c
f9d856
f9adb0
f93564
f9227a
f95ab6
f8f41c
f8cfa8
f91c3a
f8adee
f83fc0
f86e7a
f8772e
f88fe4
f8908e
f81a2e
f857ae
f8f9fe
f8b146
f87c7e
f8b3a6
f88ee0
f8de10
f97e18
f96f44
f96f96
f9afde
f9d24c
fa5dfe
faaaea
fa6310
fa8c7e
fa994c
fa659e
fb0164
fb69b8
fb3ec2
fb8c76
fb9be0
fbbf1a
fcab28
fc8832
fc1f4a
fd2a60
fd49a0
fca922
fd78d4
fd88f4
fcdca8
fde9d4
fe7398
fddf2a
fe9376
fee294
fe51ac
ff0cb8
ffb8da
ffe324
00bca8
009990
000ad2
010268
017692
012264
01a5c6
01b5ec
01b3e4
02b2b4
02ec88
02cb80
033390
02c3b8
030200
0483a8
0457c8
03ec26
052dd8
053d22
0454ec
04cd36
053524
0526a2
056ab8
050484
04c2f2
055a24
054038
050004
056b84
056dc4
057ace
05d0b0
057e32
057134
05c7fa
056f64
057934
05d6ac
051bd0
04b848
055a2e
05427a
04f2e4
053690
04f772
04923a
04adfc
0461ae
03d044
03a0bc
036bb6
031900
02cae0
029ffe
02e1e6
02c2e8
01f344
01e1fe
020c0c
00c910
ffe008
00aa3a
00883a
ff0cd2
fef844
ffb0fa
ff2caa
fea33a
feea58
febfb2
fe5a40
fe8064
fea61a
fec278
ff029e
fed390
fe81c2
feb0a8
ff0ab8
ff28d0
fecda8
fe6af4
fefe2e
ffad24
ff658e
ff8750
00398a
ffd3e0
ff22b0
ff48c6
ff7b42
ffdb6a
007538
003430
ffc9ba
001986
0078f6
00ae64
0060fe
ffe402
01052c
02a262
02e9f0
047010
07bed2
08e940
06c86e
031362
0030ee
ff8ddc
fd7026
f8b708
f77642
f8973c
f7662a
f94712
fddfaa
fc55d4
fb4e52
041daa
0def8e
13aa6a
189836
14abba
0688d0
008d8c
076f6a
094ef2
ff9e8a
f7cb5c
f9e664
fe49ac
fec7c6
00c766
05ca38
03d7a8
f8965e
f1e2e6
f8cc48
fffb78
f77e72
ee783c
fd2b22
1051f2
08d914
fbc2c2
0447fa
0b5c2a
018732
fe16f8
04b5fa
04d1da
03427c
061de0
07650e
09a914
0a924c
011fec
f8dc42
fab60a
f702b6
ed2f68
ef487c
f8bb4c
fc31b6
ff9166
05f7ee
06a634
02d340
02fa72
057f12
0367ac
fec5f8
ffd396
044bea
025590
fd9574
007916
060fcc
047804
fddfe0
f7ed42
f5efb2
fa208c
fee812
fc5f7e
f76fb4
fa3854
014e6e
00bac8
f9a398
f9eaf4
01f73a
02947a
fc150a
ffa43c
0ddd9a
14c948
0d717e
04666c
062aa0
0c534a
07a376
fc62e2
fa7140
fe4df8
fda6e2
fd5f18
fdef82
f87798
f5669a
fa93f4
fae16a
f5b950
f856ae
fcf736
fb0f2a
fdf82a
07f5ac
0af20a
074fe4
05ba5a
035f7e
015012
05a84a
07ee86
00ed10
fd0746
02bbdc
05d65c
010dae
fcf024
fdedee
ffa9d0
fc530a
f654ac
f7eac8
fe07cc
fa3746
f4193e
fc39f0
05a8d0
03e264
088e84
15cefc
13bc74
06212e
045c92
09399e
05007c
fd302e
fa37a8
f98b62
f9533e
f9a370
f84bf2
f6d938
f8e6e0
f91fda
f221da
ef97cc
f9a690
fe9aa2
f64518
f6f3fc
0689bc
0f57ce
0eea2e
11f0f8
127ac0
087276
faf6e2
f2412e
f1e2c2
f49338
ee22b2
e447c4
e78e0c
f1c75a
f7486c
ffa818
0a8214
09784c
007216
ff8a90
07689c
0c7afc
074038
fdebe2
fcad82
fffa00
fc6f08
f6bca0
f562be
f1fb16
ec6d1a
ed521e
f3e838
f8ac22
f94600
f8b28e
f93f34
fc683a
0527ca
0b8734
01fb74
f7fa50
016488
06c4fa
fba660
ffa736
0cde9e
fffa6a
f0ddf8
fdb274
0743d0
fc271a
f63bc6
f9e2e2
f9342e
f709fc
f854e0
fbe982
fff1aa
ffaa1c
fe7746
053f6c
0c2580
075dca
ff5f86
fd3416
f95e42
f2ffe4
f3cc82
f4cd5e
eaa3c8
e78428
fd22c2
10b778
08f304
01df4c
116bb2
17f5a4
095188
07a76a
141068
136314
0f11f0
141e2c
167300
15be3e
12c652
07667e
01d8a0
04f6ea
ffadba
fbcd88
017f66
00ddc8
ffcba2
0496d0
ff7ee6
f96e70
fe702e
fd2094
f53f2a
f563de
f8b5e6
fb62ac
fdfae0
fd5d28
fd8c3e
fe6230
fde07c
ff9cb0
fc1c4a
f667a0
ff84fc
09245c
055c62
08c54e
11461e
0b2d92
04f3ce
0b57aa
0df3c2
047f0a
fb1804
fa9522
f9bce2
f28e38
f157be
f5cfe6
f48aa6
f05ebc
ea37f6
eb9528
02401c
0dc3d2
fa9f26
f453fe
010ba2
00dcf0
fe9372
00d48e
ff8340
062b8a
07a4e2
ff7334
0e511e
1fff98
11dc72
02eaca
05074a
09bdfa
0e98a2
0927c4
fefde6
ff6038
fa047a
fa3e18
0ed78a
0c9568
f8dc30
fefc02
00e63e
f64598
010896
02bad8
f146c8
f6a264
006be4
f9863a
fd94b8
0242d0
f22236
ec759e
0d548c
310814
1e17b8
f5e9c4
06144a
2247ea
0bce34
ffe3ba
108b94
022344
f020c4
0154f2
0e8bfe
057d52
f63afe
f0793e
fb73ca
f87626
e421fe
ea6238
fc1156
f91aa8
f9246e
01754c
092566
16825c
15b632
088e4a
0a053a
085c3e
01c5f2
0e5ad6
146194
08fdcc
0613a2
02e042
00063a
0be73c
0c8e1e
fe56c2
f9a80c
f78188
f986a2
043c5a
ffe1b0
f5b88a
fd725e
05fe4c
0649d4
02ac9e
f5ca48
ef08f4
f71d8a
fb1d52
fa6e5e
fa5be2
f4cc72
f1479c
f31a02
f4ec36
f8644a
f5a4e8
f0052c
f820d2
fd07b8
f520dc
f96d18
01cc96
fe6a64
04ca78
0ebe60
0759d8
055eb4
0e9382
098868
012952
07ba9a
0b5624
00daf8
f77742
fa04ac
01b7e6
03c29a
ff507e
f8fd60
f7dfd8
00bcac
02a03a
f47730
f56a00
0784dc
ff4940
ea75ba
f7afa0
0dd0fa
0a2c1c
039c38
04f6f8
055dc8
107b02
1b4c0c
0cd32e
fe7f76
0973be
0feff6
036972
004900
08fa02
050886
fb4284
007410
08ed66
031280
fbe258
00d2cc
0523d8
000512
fdda96
037a84
03de04
fc3ef8
faefde
026aaa
0603c8
063694
0b1154
0c3842
03cd66
ff2320
02bd02
024126
fbc518
f8f730
fa6fec
f9ed7c
fa5dc0
02b5ba
0997a0
005a94
f32dca
f6f32a
000908
f9eed6
ef61d2
f1aa42
fa915a
ffbe06
02c65e
05fc02
07541e
0670ec
069afa
08adf8
078f8a
02bf32
ff3c30
f94132
f26bfe
f925d0
0157ca
f58c6a
edc058
f6d4a6
ee164a
dd6842
e82792
eef1e6
e4eb48
f4e358
0703ae
f5ced0
f48074
0ea770
06e190
ecde7e
f41fcc
00fcce
f77c86
f2b178
fac26c
fb637c
f63096
f723ee
f56146
ec99b6
ee9426
f6c766
f11b1c
f0c446
00386a
feab6e
f37e76
fe1efc
06b490
feefe4
ffb102
01102c
fa7504
017766
0b4afa
03f086
fd0942
ff41d4
00461c
fff8bc
ff2fb6
ff901a
0196b0
fd1e3e
f79658
fa1918
fad2e6
f8f86e
fbd72a
fa485c
f4bf40
f8916c
ff7cf8
fd1408
f637f0
f54b04
fb0a8e
0155a2
082132
0ecfc2
0dfe34
0efeac
1b2508
1d455e
111b38
0df868
0db996
078600
0b2b1c
0d3514
fe4396
f587f4
faaba0
fdf13c
fff7e4
fec7dc
f99d58
fd7634
012c62
fa562a
fd08a2
09777e
0af37e
0a9bcc
13cbda
17a598
0f65e8
072536
074e8c
07e6f8
fdb862
f528ba
fd8c60
04a202
fbcf52
f830fe
029a3c
04420e
f79b1e
f385fe
fdc798
01715c
fd1844
06ba72
177eee
143c34
03f090
fe559e
037a2c
08630c
053b40
fb465a
f99374
0215ba
05db62
0621ac
073146
ff6b64
f5317e
f65e82
fb6cac
fd4f5c
fd85c2
f9fe90
fa8608
01e6ec
ff93de
f77a7a
faab18
fe5036
fdc9fc
05ee20
0803fe
f98bb8
f57efc
02926a
0a565a
0a0806
07ebf8
01965a
f9c934
f4e02c
f6c772
fd6dfc
f67634
e630a0
ef8a7c
093b12
056f6c
ee383a
ef8ff4
020d36
04cd6a
fc6ec0
fbad7c
fe43da
00404a
083b34
0af028
fe420e
f6ac94
fb6640
f9dde2
f8f318
0255ae
017966
f9843e
fef7d2
ffb0d8
f4bf4e
fb0d30
090806
033b10
fe1f62
077e74
068044
fbd8fe
fd6996
04275a
0428d8
02cbb4
ff6b06
fa3808
fd3786
02a9e6
ffc7d6
fe2a42
feeac4
f808ec
fa140c
0bd8fe
0d07f6
fea83e
04060a
0e9504
031b36
f97b70
ff453e
00f68c
00adce
06a5f6
08cede
089f68
0c4a96
0ad320
00eaec
f9ef82
ffc2ae
0a06d0
055326
f9c528
ff5586
09cc52
059cde
0144da
04dd7c
03b6ee
fcb91a
f816d2
fc6d8c
060210
03f6ca
fa985c
fd3df0
026d7e
003ebc
039502
0aafec
0d0d90
0c322c
049de0
013f92
0de7fe
1270f6
07c152
08529a
0e5d58
0904d4
033626
ffc8fa
fccf9e
fdcf12
f707de
ecf4f8
f2eb6a
fa4908
f8106a
fde112
067a46
045c2a
025ae2
059742
0896be
07672c
01d3ec
0732c4
171f38
14b174
030578
fcafe6
ff42a2
0517f6
0b0010
fffc9e
eff342
f3fed8
fb0cf2
f5af14
f4f2c8
fa658a
f927a4
f6f9d4
fd261c
03ac5e
febb00
f6a564
fa3376
ffdb2e
fd9572
fe3a76
013d78
fe8a70
fdd79c
ff6792
fca64c
f97f86
f393b2
eccf3e
f33794
fc903a
f8062e
f3ee6e
fb089a
0204fc
0381fa
01c078
008710
023904
010142
fed2c2
027180
023d44
fcf2dc
0093d6
050732
fe7962
fab49c
fd9398
fa8182
f898a6
00eb38
02f5ac
f74cf2
f49176
013f40
039bbe
fa25aa
fec160
07158a
fb9866
f303ea
fd1340
fdc746
f3c024
f8b7be
0155ca
fc62a2
f9e8be
00991e
02821c
feb3dc
ff2820
059c66
07765e
fda490
f6af08
fb3cfa
fb2b7c
f727b0
fc53d8
fc0d98
f4342e
fc368e
0547de
f93c2e
f40d34
012566
01f1c8
f7b3ba
f9184c
fdb714
fa2b80
f6d704
f80fa4
f92b38
f87af8
fa8e5e
006530
018ade
ff223e
0318d8
05285e
fe9702
00ff4c
0da5e4
0d42ea
02859c
01bdf6
03b4ba
fc14b8
f88eb6
fe681e
fb55ae
f15df0
f49650
fc0346
f56d9e
eddf9c
f3834a
fb6dfc
fc5e14
fc1402
01004a
07f062
09624a
08245c
09b924
08c244
05d0a2
0748c4
04f84a
faaace
f4c74e
f6e546
fa8908
fc8370
fa2d16
f7bfcc
fd5bc4
055736
04aad4
fd12e8
fa918e
018a56
0522a4
00ed7a
0369fc
09a274
06a660
05c588
0bb564
0986c2
01fe5e
ff174a
ff0746
00a63c
fcfc92
f43a5a
f84050
002d02
f8946c
f6f640
03c43e
027db2
fa2726
024638
093b28
031958
00ab06
027576
008354
019b26
05c800
03c1b4
feb6b6
fffb9a
03dd28
00f314
fb2214
fc0088
000604
fe9ea6
fa4996
f9e128
fb9286
fa5344
fb55fe
0408ae
08f85c
02ad3c
ff9340
04c826
03da2c
fddc42
008f42
0561bc
ffcc6c
fb1926
0307da
0886bc
02fa5a
044522
0c23de
071e46
ffb6b6
05a248
08aa9e
024026
fff302
003172
ff7112
0114f6
000632
ffbe04
071382
0a3bc4
075102
093622
0844ce
029742
06003e
0aa186
056ac0
02e246
047a92
fea7d2
f9b6b6
fecbba
02266e
fd326c
fb443c
025000
0811dc
0526c2
020876
0582c2
06a0c2
ffdcc0
fcd904
03118a
048eee
fd711a
fddccc
051c1e
0251d4
fcaa8a
00ecc0
007242
f6c9c8
f9273c
047ee0
01992a
f7c878
fc34c4
05b744
026ce2
fd42c4
03f730
0736f4
ff731c
011a9a
08b33e
fff72a
f989aa
074708
0a09fc
fb5e6e
fdd554
086f08
fde32e
f2a1f0
f9f574
fd4f64
f41910
f18a3e
f97f7e
ff19ce
ff45f0
017004
062d66
0637a4
037660
056306
06cb1a
00cc5c
fb017e
fdb986
037850
016646
f96a8e
f8500e
fc70d4
faa658
f93e44
fc17b0
f6fd8c
f1cf4c
fb801e
030ec4
fe4278
feffd8
040842
01443c
01a1fa
06aeb4
01ab0c
fad682
ff7f62
03ea9a
005d2e
fe7182
fed7ce
fbc840
f9d8d0
fc948a
ff1efc
00572c
020a74
0262de
0200d2
0342e6
04d852
07395e
0a7baa
092b6e
04ae1e
05318e
078e98
04b7a8
0282fe
0563b0
0495f8
fe1170
fda858
0321fe
007c48
f98738
fc5d9e
019cd8
006778
02cb62
08a120
07bdf8
069fc8
0a4ff8
0af1ee
0985c8
094778
06202a
042ac0
07a48c
089b46
046928
0232f4
04282e
05e710
03bd4c
001e8e
00062c
017c52
01156e
0119b6
018226
00223a
fff64c
0276a8
027470
fdf3ec
fb8e56
fdb1fa
fce150
fac9f8
00f8de
063962
003f1a
fd797a
02f3e6
013bde
fabd40
fa3750
fa1450
f8c9de
fa2fb6
f9c51c
f82326
f8519c
f7d402
fb5150
02562c
00cf40
fc5aa4
014918
04c91e
ff1946
fb7112
fc77a4
fc030e
fb0586
f9ce24
f5a6c2
f0cf52
efc990
f2769c
f38344
f26312
f62136
fbbd74
f90208
f471b6
f69db8
f69158
f45c36
fbbbac
03739c
ff1362
fb8726
00cbb8
030e24
00a6c6
00ff18
ffd406
f95bb4
f60722
fb0128
ff784a
fade24
f48e02
f60caa
f91102
f7e380
f8a0b0
fae1c0
f9fc6e
fb87d4
01ae02
04f08a
0384ca
021158
036886
05aa62
0407a4
0087bc
009612
0093fa
fece58
002378
0193e6
001bd0
000a06
006f6c
01fd74
08ceac
0b5f20
049bc2
029960
070daa
0642c8
048602
08420a
09e5f2
078988
06b816
05b9d4
025f74
000724
feebdc
fd9c4a
ff3c66
029e2c
0192e4
0112e4
07819a
09e624
04eef0
081b3c
1079ce
0ef0c8
0bab9e
0dbd8c
0af134
0797a6
0be2ce
0b8f84
02967a
fdf316
ff0fd0
ff943a
007a1c
01c988
00222e
fc28ce
fb0ff0
ffc128
0470f6
03693c
013e44
019478
00d51a
fecb8e
fdfc3a
fe3112
ff9b0e
0181ea
029f28
054dc8
07ec2a
042998
fe22ce
febc46
009f0c
fbfd84
f81408
f9ef56
f9d34e
f865e6
fc7d44
fdfa22
f8670c
f8ea78
fda0f0
f773d2
f090e2
f7b424
fed168
fb9996
fa02b8
fcd98a
fdac38
00406e
03eca4
003086
faea9a
fe7a0c
0356c0
0156d6
ffe0b2
01f38a
007a3e
fdc94c
009cd4
042e58
02e29a
ff68dc
fcccc0
fc6f3c
fd3fee
fbdd5c
fab3b2
fbd32a
fa1130
f8d652
ff6e1e
03d300
fe8a86
fc9de2
03922a
0892e6
081502
06b6fc
05efe2
049114
0171f0
ffb338
01d47a
00a492
fa8d52
faabf4
ff5cbe
fc8f30
f87c3a
fd29d8
005e5e
fc267a
fd0d60
044776
0545d6
039396
08b48c
0c74cc
09b74e
094d2c
09b028
049594
008bc0
ffddec
fdc22a
fe9528
0320fc
0290c0
fde3a4
fc5692
fd33ac
fdec14
feccfe
00229e
00d994
ff66a2
ff60f4
046b56
086bfc
07acc0
07e232
0a3d8c
0b7630
0ad6f6
07b0b0
04ce66
059624
06339a
048ec8
02c162
00bb52
00c5ac
01cba2
fe05aa
fba2fc
fffae4
00aacc
fce048
fd2cb8
fdb3da
fdffe8
034b0c
0658b2
04c59e
04eedc
02f628
00e416
071372
099e50
005de6
fb9f5c
ff8ce8
004b4a
00d8be
052c24
031efc
fbb7ea
fbd02a
0047e0
ff1a4a
fdafd0
0019c4
ff2562
fe4530
03da4a
058e34
0193be
050c96
0a9306
06c7fc
02de00
033a4c
ff9168
fbc1de
fdf374
0040d8
ff8354
fe4998
fde202
ff8230
00e95a
feb6ce
fc691a
fd2db2
fdeaac
fd3a58
fd0ac6
fd9e44
ff650c
0381f2
05daf0
018794
fc9bcc
feb088
029092
03adfe
04b518
029c5a
fd788c
fd1b06
fe83ec
fd6822
fe9940
fce24e
f53e9a
f47804
f8d4d4
f91c6e
fd1760
00f3ba
faee1a
fb9dc4
054996
010000
f7e52c
fdba94
022128
fb31d6
f8fd4e
fc5304
faf444
f82604
f91fc4
fc07f8
fce372
f93c62
f4ca16
f4e630
f866fc
fb844a
fd73da
fe469c
fb6ea6
f4e526
f2fb66
f8e2ca
fc34c2
f8be04
f659d8
f8423c
fbe320
fcbbce
f7bee6
f54fae
fa242c
fa38c0
f4431e
f397b4
f4b532
f3918c
f6f6d8
fa9310
f83d56
f5c0ec
f2e84e
ef26a6
f381cc
fb56fe
f95006
f3c3a2
f6d98c
fdfbec
ffcb8c
fd5536
fcb9f2
fd387e
fa8a80
f7e162
f79916
f568de
f49888
fa1fde
fd2856
f8edec
f794c2
fb1c62
f9fc30
f5112e
f561b2
f90fb6
f8d1aa
f8731c
fcdd86
ffc3b8
ff6448
01e54c
041aea
029538
029aec
014180
fb4a5a
fae20c
ffdee2
fe4792
f9a4c6
fa026e
fb1942
fb203c
fc2bc4
fbfad4
fc329c
ffe80a
0307f4
03bb80
067218
0ad6b2
0b918e
09bac8
0b8050
0ebdb4
0c8652
07f180
06f704
076672
06e188
04c8c2
007184
ff6328
03df94
065c86
067da2
08ed9e
099760
07ea6e
0987b0
0bf1ec
0c00ac
0c3ff4
0ba594
091232
074eee
06b496
068c88
06c47e
068cf2
067db2
05f872
043dd8
046cc6
050c3a
0246a2
01f6ea
066ea8
06f860
047682
06aa0c
092c6a
074540
075888
0af90a
0ad1b4
070cc4
073bfc
0950f2
05db50
025d30
05e9a0
07b738
0277de
0029f0
03a574
04ecb2
030980
021350
023fe6
027b4a
02a00e
02c65c
02dfe0
02df3c
03495c
03f2c6
04d116
0630e6
059a5a
02bfc8
0241ca
03ccf0
041fe2
057f50
080f04
080e9c
052c58
00d79e
ff4020
02f356
03e712
ff7abe
fea802
0035ce
fef4f8
ff04fa
fe6c56
fb3ab8
fcb57c
fe9676
fb3e36
fcad72
013040
fedf98
fefa3a
0534d8
051190
00c0a8
007edc
ff0436
fb63ca
fbb444
fcd5ae
f9b1ea
f68112
f766ea
f814b8
f6d9f4
f8cc28
fa0c52
f5360a
f494d6
f9c280
f71aa2
f2ad36
f7cc9a
fa5b6e
f67c10
f82358
fab6d0
f6cdd2
f41e94
f58ca6
f74328
f85654
f6ef28
f4f9e0
f75382
fa6ab8
f820fa
f33bbe
f38724
f87586
f7ff9c
f35d7c
f4f6e4
f601b6
ef587c
ee86e8
f60272
f86208
f7b8ba
f9949e
f9053c
f7df90
f9caec
fbc626
fdadd6
fe899c
fc58a8
f9f082
f6bfe2
f326d4
f3ff34
f49386
f1e776
f3f292
f6acec
f2905a
f0af74
f42fe6
f5efbc
f845d6
fbf39e
fc47d8
fc0e92
fc3d72
facfac
fc7438
017fe2
0489ce
04438a
ffcf56
fb1dcc
fdf976
02973c
01ac82
029966
05a154
020f72
fe1e56
01e81e
0595b2
043e10
04243e
068312
070d4a
0670a8
0718be
07a07a
074fa2
07a7f6
08a7c2
09f36a
0ab082
08d32c
0778e2
0ad7b8
0dcc36
0ce4c0
0df3b4
108b9e
0fa168
0f3644
11b636
11136e
0ca96e
09fad6
0a96d4
0d4996
108ec4
10ec90
0dad8a
0cd8f0
10a9fc
116c26
0e9b2a
11254e
13fdf2
0eece0
0d466e
127194
10c216
0dbca0
141a52
167b26
10135a
0dec84
0dd43e
0aae7a
0bd686
0eb802
0ce76a
0b7138
0a98c4
07a1d2
082ad8
0adcf6
091252
077d4c
09b2cc
095a02
055f7a
0320d2
03f834
05f980
073f1c
06e1be
053504
01bf0e
fdc1aa
fda97e
00b742
0080c6
fcfd96
fc05de
fd9df4
fde9c2
fdba66
fe9d48
fdad52
f9f682
f80d54
f96e20
f8e8a0
f52c82
f3acc2
f4a9ec
f40f0a
f4ca8c
f8a104
f8f830
f5eab0
f5ed58
f6727c
f49d1c
f3fa28
f2661e
eed9d4
f04280
f4aec0
f4ac28
f2ef94
f19e66
ef029a
ef598a
f23042
f17c92
f0858e
f24a76
f20f36
f17cc0
f475b6
f6bb3e
f59a8e
f39ce4
f2db72
f36dd0
f1d0e2
ede702
ee0c7c
f049e0
ee173a
ec4514
ed7ae4
ebd244
ea6ec2
ed9d70
eee524
ed78be
eea2b4
f00438
efdd40
f09ac0
f0cf30
f0c72a
f2cf16
f3a484
f23294
f24ba4
f32214
f2f93c
f3537c
f20fc6
ee1b5a
ed18da
ef4fba
ee1ad4
eb5562
ed64c8
efe08e
ed014e
eb1140
efcadc
f5a4d4
f73f40
f6a6e2
f681f8
f6512a
f61cfa
f89514
fdb3d0
003294
fee6b4
fde42a
fc2e72
f8a27e
f7d3c8
f85cb0
f5a476
f46756
f7cbba
fa26c8
f9392e
f7cdea
f8e442
fe3112
02b8a8
02077c
01af2a
040d6e
0403f4
023240
0182ba
0118b0
019002
025a34
021b16
037244
05d66e
06a740
088018
0b2406
0c3e12
0fa1c6
144a62
139ffc
115162
13a8ee
15e660
1313dc
10c936
1513ca
18754e
11aa5a
0b83fa
11733a
16e34c
1420aa
152f30
1a3b30
1a5fd8
199cf2
1a1e16
18b85c
194392
1b41b4
1a58c4
1a62cc
1adeac
16e274
140230
16247e
183dbe
199c58
1a8608
186f56
16d27a
1865f6
194a08
19aca6
1bba60
1b8c14
17c330
1581ae
15d0ca
148ab0
11cd4c
117b38
136e90
144682
12da7a
113528
121aa2
1427b4
12f6ae
10adc2
1253fa
1449e4
129cf2
110ac0
1092ca
0f2614
0ebcba
0ef6e6
0c72e2
09459e
098bd8
0b2862
08925e
03ad42
04ca70
08b3dc
048b36
fe75b4
014be0
04d370
01f572
006110
026c32
03c222
03fa0c
02312a
feb0bc
fcf01e
fc40c6
fa83a8
f8aa4c
f7d2f6
f8d78c
f9a9e6
f70770
f48102
f52128
f477ac
f1b9e2
f057e6
efb556
eeedd8
ee50ca
ee1374
f04d88
f399b2
f4334e
f3fdcc
f414e2
f16a48
ed89a4
ec03c0
ecc4a8
ed8d28
ebf238
ead464
ed3e28
ec5048
e73926
e8965e
ecacac
e8fdf8
e57650
e7e18a
e646f0
e0db96
e1cbb8
e61ae6
e5bbce
e3e94a
e4a3ac
e31c04
dfd53c
e2c958
e636e2
e02a98
dc4f4c
e328fc
e57174
e04904
e289c0
e9051c
e949b6
e8cdac
ebba30
edc24e
ee2b5c
edc992
ec2378
ea4408
e99fba
ea2e32
e8bea0
e5523e
e7c2ce
f049ba
f4d572
f51210
f66320
f6e8dc
f7ccb0
fc64f8
009aa2
034a20
066206
034810
f7e298
f0fa00
f5bfd8
fc248a
fc5298
fd43f6
029d36
024b9c
fa3458
f7abf4
0098ae
0d5778
157a2e
14b398
0eb356
0b0932
08cb9a
0637ae
0a14f6
14baba
1a04fa
12c07a
076506
04bf22
0967e2
0bc992
0f08fc
180812
1cafa6
17c5c0
1176d8
0dbf7c
0edfb4
183754
2182ac
21534a
1c0f38
17c940
142aa6
117f36
129172
191212
201ef8
1f5570
186f40
152618
1862ee
1d3ce4
1f1b72
1f4c72
21c14a
22092a
1aa944
1462a2
175ff4
1cbaa2
1dc1ba
1b5e5c
17d282
162e14
14c226
0f07a2
0b1c78
0fd84a
161622
16e39a
14ef64
1351e0
1316cc
135516
12517a
1309ca
15cf12
1313c2
0a8a10
0550f0
05c992
07619a
07c3f4
070326
067b3e
069896
054968
0323f0
034626
059642
07c29a
07c222
053a6a
034e6c
030b98
010570
fe68f0
febbd6
feabb2
fc4abc
fbb1c8
fb90f4
f825fc
f5b988
f7db56
fa6e8a
fa7542
f8c000
f62398
f45bc0
f51e02
f7c2d6
fade52
fcd30c
fc0a48
f92aa4
f6cc32
f673bc
f6f9b0
f6f098
f7e390
fa8d5e
fb419e
f8755e
f504de
f21fea
f11ad2
f39a7a
f48252
f02fcc
edbde6
f021ca
f07870
eea6f6
eff316
f2aca0
f4e718
f769bc
f67cf2
f1c93e
f0541e
f19704
eea2b4
e9d6a8
e9047e
e8d51c
e4f1bc
e1641a
e29752
e4845a
e12ad2
db9250
db7750
e0a9dc
e46396
e36756
e0ec6a
e232b6
e5950a
e33568
ddbdda
dffbbc
e63a7c
e731dc
e85380
ec67a2
ea091c
e29f80
e0d400
e4aa2a
e8df2e
ead92c
e9565a
e88574
ebc80e
ee4d6c
eed160
f18660
f5ae0c
fa034a
fdc820
fb9324
f4919c
f18d92
f28520
f386e0
f740ee
fc8834
fd3630
fa2638
f87b6a
fa2f5e
fe2dfe
01d43a
05e556
0d29c2
11e330
0d2a36
06fa5c
0921ee
0d1490
0ada20
07919e
06f8c4
04515e
00072c
ffbb36
02b4b0
06ada2
0d4b78
1336b8
133110
1327ea
196758
1e39fc
1d101c
1fd3fa
26995a
220694
141308
10eca8
197672
1cad9c
17bcb0
122670
0d6402
0bdd98
0f4e80
12a4f0
17431e
20fad8
252f52
1ed0d8
1ce10e
23b958
25fa32
22a2ac
230f90
259498
23e3ec
1db9d4
1732f4
16ff80
1dc714
21ba74
1de596
1913d8
1837b6
18eb4a
1929d2
1acaf8
1f3532
226970
1f80e8
19c0be
17b9c6
18fed8
19915a
181c8c
14e582
11857c
0febd6
0f82a0
0f9108
114c3e
13d012
138688
102df4
0e67ec
103a8c
107cfc
0b357e
051612
037304
036d5c
fffaac
faf200
f9abfe
fbcf2a
fccb14
fcb15e
fea3f8
018092
0295ba
01e150
004988
ff4452
feed74
fc5e5a
f82122
f6cf1c
f83132
f81d98
f4c0cc
ef7fb8
ecf2c8
eea844
ef0a56
edc092
f0d268
f4dfb0
f4706c
f6032a
fd174e
01a324
0000ce
fc6f5e
f9d218
f809c4
f53fb2
f17cb4
efbece
ee603c
e9eb52
e7048e
e96908
ebe3b4
ec858c
eec084
f0e894
f0fcc0
f23b28
f3f348
f29e74
f21d60
f6368e
f8adb4
f49b1e
eef5ba
ebc7fe
e94292
e77736
e8225e
e8890e
e4c42e
de9d36
db21b6
db95d6
ddf25a
e12846
e30776
e131fe
df5880
e0bcda
e18b1c
e27f96
e97a16
f181a0
f15532
ebcda8
e7d11e
e61b84
e52c44
e3fcec
e4100a
e8907a
ed631c
ea316c
e17358
defc68
e67668
ee2c6c
efeaca
f2af0c
f74eb8
f238a8
e79ae6
e9ded4
f5d212
fab112
fa407c
fbea0e
faf2dc
f6d24e
f6419e
f823b2
fa9712
023b88
0a8e72
07af42
fe7424
fd8032
0152d0
fed264
fc7918
02ec32
08e154
049e80
fbe046
f89984
fd9328
057118
086d7c
0811e4
0c6fd4
125a86
1007b2
0aef0a
0ff24a
1a8660
1d5f88
1a2d6a
19671e
185c9c
11c4fa
0a199e
09013a
0fafe6
17685a
16c77c
0da6ea
0881a4
0eecaa
174c40
19558c
1d5160
25f5c4
245d48
176c6e
12fa0a
1aaaba
20b4e8
23bd1c
2660ae
22aa2c
1b34d6
16df90
126f04
1094be
197852
230220
1f17f6
152c06
124320
15723c
18ad38
1b7e42
202458
2381f6
1ec944
1419c2
0d9f78
0fa3ce
160a14
18ee20
13e8c2
0eec20
105a26
0eefe2
0900ae
0b6846
12a18e
113b08
0cbb7c
0cdcca
0bfd70
09724a
08d0c0
080588
087d4c
0b2312
096550
03d89c
02461c
0486c4
0601ae
04b1f0
015672
0070c2
015128
fd0658
f766fa
f8bcca
fb7bc4
f9ffb2
f90360
f8a76c
f5cb66
f35fb2
f1e39e
ef9998
efb726
f2534e
f3810c
f50632
f8964a
f9a814
f7117a
f651f2
f9f3e0
fd0e1e
fa6848
f47498
f05b74
ed35fe
e98834
e8d552
eb9d4e
edad2e
edb6e8
ecdb74
ec8fc0
eed75a
f0de50
edebee
eb0232
eeb2d8
f24720
ef386e
ed0a94
efb970
ef1af4
eb05fc
eb2bf8
eb1114
e445f2
de1a8e
dc2004
d8b068
d7779e
dc1fa0
dcd7a4
d8bb86
db2986
e02eae
dcdc36
d804a2
daad78
e079ca
e63bf6
ec4916
ed2a48
e816d4
e678a6
ea76c4
ecfd6e
f0535c
f90aa0
fa6aae
ebe424
e02ef8
e47364
eaabbc
ecbf94
f36ed8
f79790
efe590
e74c28
e53320
e6d508
f11878
00fece
0641c4
0214d8
01de8c
02e282
00b566
04b9fc
1076d0
1721a4
132dee
0b8a70
0678dc
053cee
083a20
0d35aa
0e449a
0a7c48
074202
053d14
02efc0
05bd16
0f5342
17120e
18d72a
19475a
1acb6e
1c3baa
1d2842
1d71a4
1d7060
1e20c2
1f35e6
1e7356
1b4adc
1a96de
1e8a86
1f17ae
19168e
171abc
1b711a
1a2f8c
12819c
113068
1966a0
20e8ae
211602
1f94ac
22a412
24b558
204394
1bfc86
1c7a50
1d33c8
1d3cfe
1e8e2a
1f6c24
1ee092
1bf220
161762
13765c
179e98
1b2ed2
181e0c
113ed8
0d766e
117036
17e75a
191202
1925da
1c4624
1b8c92
1543d8
1018fe
0dff18
0def80
0e7942
0ce21c
0b464e
0b608e
0934d2
068cf8
07c51c
08e50a
085104
0815ba
047200
ffbbea
01afc2
0409d8
0061d4
fff022
0475c8
036268
fe1cea
fd7a42
fff05a
010f2a
017f3e
00f34a
fdb2f8
f9d044
f88a90
f85554
f67820
f53296
f5b0b4
f4a99c
f31546
f38994
f30854
f1e328
f322d8
f229ba
eecada
f16114
f61be4
f510e6
f63986
fc9008
fc52f8
f6e9a8
f78316
fa4360
f8d140
f6e876
f3b0d8
ec866e
e8c5ce
ebf932
ee6730
edd854
f02e04
f3f430
f28a1c
eec784
ef9bfc
f269b4
f2fc4a
f46e8e
f68588
f5577e
f370ee
f12354
eb0a4e
e83cfe
ec23ca
e9bd2e
e01f84
dd4106
dd0280
d5e66c
d30fa6
da7c9c
df2a22
dd0b26
db6db6
d9ade2
d607a2
d7b7ea
e1aea6
e9e0fc
e9f1f4
e99928
eae962
e5be02
e187ce
eaf0fc
f5b110
f586a0
f3b860
efeee0
e2445a
d857da
dd9c5e
e78744
ee44b8
efbed4
e764a2
dbbf04
d84716
de1612
eba276
fc0a54
035804
ff914a
fa5a4c
f8083c
f82b4c
fd1560
080c3e
121272
0fc38c
03de1c
fd505a
fca4e8
fb0016
fe8b18
05fad4
03f014
fc6b22
fa5ef6
faa228
fdcf6c
083490
11af3e
15dbee
1a04e6
1c2d08
199a22
171c46
16b1f0
17a312
198e74
190d4a
167fae
173cd6
1a0cd8
18b6a8
13c1b2
12c310
189050
1d36a0
1b8830
196408
18a880
1546f4
143a78
1bfefc
274a36
2cab46
27f6ac
1e6e44
1aa3c6
1cc098
1e1c2e
212cd6
2766ce
28dbec
22b240
1980b2
133550
15b0e6
1cb94c
1d6542
189260
1420ae
0ea1d2
096b92
0a8816
12f63a
1cb936
1eba7a
18a5a6
147e40
13bf10
1216de
13f864
1866d2
175d66
13a2e2
0ec99c
054aa2
019d80
091d1a
0c149a
062074
024b78
0073e8
fd36c4
fbe8de
fd0dd4
00d322
05bed2
050e76
00c9d4
005cb6
013d44
013f7e
031eea
042772
02bf8a
004e14
fa6c26
f48236
f542a0
f772f0
f528a4
f2403a
f11880
f1aee2
f37742
f20026
ef52e0
f25c40
f60506
f45428
f482cc
f97a00
fbdb62
fa1488
f88a30
f93fce
fb5a64
fb7534
f870da
f5e20a
f41924
effb72
eae914
e876a2
e990c2
ec73dc
ed3b98
eb6dfc
ebdcdc
eecab6
ef62ea
eeb272
f1b092
f76c40
f9d540
f510cc
ed4f8e
eb6aea
ef773e
f05852
ec14b2
e92488
e7db02
e31138
dd11f4
dd66ca
e1f282
df72b2
d56fc2
d14234
d60d7c
d878de
d69c76
d99afa
e2ba32
ec6166
f29b10
f2e9d8
f0efe4
f405f6
f9e85c
fbaa14
fad404
fa9610
f7c944
efe70e
e7946e
e6178a
ea0370
ea5b10
e71d7c
e79aa0
e9e3ae
e917b0
e887cc
ec9864
f7b502
071798
0dfb96
096cc2
085c64
0db6b4
0dff40
0b1e94
0d1c76
101134
0d4770
0373f0
f8c64e
f81064
ff343c
01f89c
01050a
0287f0
02ecc6
0061e0
000c38
062582
128574
1c1c78
1b4de4
19be46
1fa59e
23c60c
211a64
1d74b8
1a5bb4
17c444
164eae
1339b6
11c266
170824
1b14c8
168600
122538
170ba4
1f2598
1f398a
191a0c
18500e
1b2f10
175b82
140998
1c4aba
2615f6
272216
248b5c
212bd2
1dd17e
1fa376
22f67c
22329e
23d1aa
2737d4
1f85b0
10d194
0e10da
17248c
1a4ec0
12c8fe
0bece0
0aeec8
09dd24
074c3c
0a4a32
14b0a0
1d079e
1ab63a
1405a0
163c40
1e2e94
1c9b4c
141934
1316ba
145bf6
0b82c2
010724
006720
03bff4
03e0fa
019e30
fdfa12
fb696a
fc61e2
fda160
fe01de
01fc98
083abe
090d02
03ab5a
00c566
04b6d2
072b7a
01dff2
fcb948
fce19c
fb0bbc
f55c8c
f273ce
f32100
f42018
f32c72
eed578
ebf4ca
eed7d2
f14ec6
f01492
f04eb8
f16568
efefd6
ee4a5a
ee8e56
f13dbe
f4c742
f3dfd0
f086fc
f1d0aa
f48dc6
f46726
f4a0fc
f47ed4
f1dec4
ee14e6
e72334
e096ba
e2e9be
e80348
e7d382
e7f1e0
e892d0
e5987e
e5c7f4
eac122
edc992
efc87a
f04458
eb32ae
e5da2c
e3e288
e204de
e22d94
e47bc8
e3de58
e1414e
dd8422
d7cd2c
d6c1b8
dc5660
e008f6
df6272
dd8722
dab338
d83188
d7bae2
da6d30
e238b4
ec01f4
f1fab2
f1c158
eabd58
e4c330
eaedee
f61270
fb1fe6
ffa38e
01a662
f5ff3a
e81866
e8d1f2
f07e0a
f432ac
f5a1d2
f47a4a
ee6376
e73352
e4e338
eb5ea8
fa733c
0ae926
11238c
095a6e
005234
024cfc
09896e
101940
1972a8
1ef516
179c62
0b2714
026250
ff7916
060dbe
0e81f6
0bdd78
04e038
0336a6
0118a0
ffc6c6
08db36
16f794
1d8608
1b8840
192d46
1c77ac
218e5e
219922
1ea0e8
1cfa3e
1b4932
17d494
133da0
11e61a
184d16
1e6d1e
1a8b2c
1524be
16ca06
17ca5e
15477c
166536
19ee76
194818
149390
112a22
146d08
1d4016
229c74
1f695c
19e184
1a1332
1de59e
1dcce8
1bde1e
1e5c16
1e6d90
14e2fa
0c8dcc
0f4a24
14d626
134f94
0c6a3a
06d2ae
05aa52
06428a
05fe60
0798c6
0d829c
138826
1285ce
0c3d36
0cf62a
15c648
17a9cc
11830e
105b8c
107a56
07acb4
fd3caa
faa222
feb8ba
041962
030e5c
fb72e6
f7bea0
f9a6c8
fa262c
f9f418
fcf94e
02147e
04501a
ff8b34
fb735a
0171de
073e08
022f66
fc0bfa
fb572a
f9a132
f59a0e
f2e546
f41c28
f96066
fb3722
f5e926
f25fe0
f4fb68
f84a1c
f8bb10
f6504c
f50e5a
f7af9c
f77f7e
f3bb54
f6cc78
fe51c0
fe5262
f8cc3c
f6d6dc
f9a81c
fc9e2a
fc1c7a
fb566c
fd2672
fb47ce
f42d0a
f070d0
f29d7c
f63368
f70634
f29ed0
eeed70
f238a2
f5702a
f4cf30
f785ae
fbae94
fa6016
f671c6
f33036
f13286
f29586
f40d4a
f0ba0e
eb56ec
e80c9e
e722e8
e69f32
e53064
e57f78
e6d28c
e2fc14
dd83d6
de8288
e1188e
e0094e
e18d88
e98436
f41dde
f9fad0
f50940
ed3a88
f05e0c
fab758
0139ba
0314fc
ff2e00
f47550
ec5c4c
ec0bf0
ed2d02
eec772
f28ab0
f1566c
ea736e
e8660c
eac518
eb07ea
f22f8c
04afac
1005da
0c04de
07a4f8
07b53c
071ace
0bf3b0
151f50
13f42e
0a34d8
045c7c
feccd0
f6b1e8
f86632
031b1e
050e10
fe38a0
fd126e
ffd72a
00793a
06bb2c
11b998
15a34c
15f742
18eef6
180296
17191c
1e29f4
2050a4
1753b4
12ce0e
13585a
0d44f6
08d47c
0f1168
156f40
16013e
162c1e
151560
117b4a
11f48a
16ef6e
18476e
1552b2
138bcc
11b566
0f540a
1396f2
1d0f12
204c92
1d265a
1b5822
19b658
174600
1974c2
1e3976
1e2758
19dad6
15cec8
135d7a
12db36
131ce8
1125b8
0c377a
07352e
05d40c
0822c2
0a9176
0c7a7c
0fcfde
12954a
12b6ac
12a19a
12ebe6
11b83e
103322
0ed834
0bb94c
07c418
0448bc
007780
fe4fc2
ff6f40
ff5910
fb290e
f76d3a
f84712
fb2c44
fc1f8e
fcd00e
001650
01b532
fe8306
fc9454
fea8de
ffac4c
fec158
fc5e6e
f60aca
f073d0
f10942
f2850a
f16796
f1066a
f0b5f4
ef080e
edf7ce
ee24ee
f0a76c
f4cdf8
f56548
f2b11a
f098e4
ed9522
eb35a0
eda05c
f0a0ac
f14ea6
f2c54a
f2e018
f0719a
f107fe
f4d31a
f77380
f7ccc2
f4e678
efed8e
ece6e8
eb9052
eb106e
ecdd08
edff2e
ec22c4
eb635a
ecdb94
ecedb0
ecd7ac
f0b944
f5c030
f5468c
f1c8c2
f2c51a
f453ac
f07cce
eee1a6
f1f566
eea192
e6b06a
e4f6b8
e3431a
db84d2
d976c6
df656e
dff5ee
dc1dca
ddf18c
df96a6
dd4810
e512de
f71c94
fed91e
fa6a06
f96cca
fb98fa
fc516c
033d5c
0cefce
0a212c
fccae8
f23642
ebf106
e74e02
e83eac
edfc04
efe672
eca7ae
ea3dce
e8621a
e80808
f33d76
083576
1584b6
15b412
1134b8
0c4f38
09b576
0d10a6
137670
15c214
0f0eb4
02451c
f95456
f74952
f86018
fda986
042906
035d5a
fe9a76
fde42a
00b736
06c332
0f5a9a
151e64
169902
14f4a0
129ff8
15f1ae
1ba8c0
1a0698
153db4
13b9c6
11b092
0fccb8
1154b4
14fd08
1bd462
219ce4
1dd550
15900e
110ce8
0fd462
136e36
18c188
161f34
0ef558
0be34a
0c1f98
114a0c
1c4b76
23de7c
22de7c
1d7fc4
19d590
1ce5ec
22bfa4
23c01c
229264
20830c
183c4c
0eaa04
0bf332
0cedba
0cae56
09883a
03c1ca
009b64
02408a
05a88e
0b834a
1241a2
14c02e
1541d4
15b50e
1282e8
0f7726
113ca6
117d96
0d0abe
08ccae
03d08a
fbbfe2
f7e37a
fca006
006f12
fc1c74
f7d5b8
fa2f1e
fcd550
fdb712
02f994
08f49c
0709b0
01a3ac
017ab6
0479f0
04e550
0320a6
0172f4
fefc74
fae202
f785d0
f74204
f8da74
f95a22
f82114
f6ab40
f51f7e
f40986
f6b6f0
fba0fc
fc31fc
f97d08
f7ff4e
f4e45a
f12452
f303a0
f6c880
f72bc4
f87642
fb1b1c
fa7cae
f8544c
f8541e
fbd3b0
0127ca
010ec2
f9cdc2
f3b3fc
f15f90
efa1de
ef8dc2
f0ee48
f15c2e
f11616
efa072
ee2514
f081a8
f597a0
f99060
faa0f2
f8e7a8
f8cfae
fa85a6
f72b64
f2d04c
f47874
f324e0
ebf5fc
e8cb2e
e56b6c
dcdfde
da8582
dec2f4
df1efa
debaf2
e0aaec
deebb2
dc9892
e29bf4
f0beb8
fdc02e
0002c4
fabde2
f97f88
fc7146
fee9ee
03e6c8
092b40
0628f2
fa97fa
ed8794
e6fad0
e9702e
edacd4
efe704
f30c78
f2f59e
ecbbb4
e8b98a
ecdb60
f9871c
0acc1e
12bfe6
0ceeb0
089b50
0ae846
0b75e8
0ce628
12db9c
14ee32
0e6e9a
037fde
fa5e70
f9aa6a
00b15e
06847a
0634fe
0236d8
ff3b0c
fede3c
ff501e
042424
0fcbce
1507c4
0d3d76
0a30c0
131bc0
177b0a
13a6c6
1372b2
15cab6
138440
0ff008
0efa96
0f8ff0
1381f0
1a7658
1ae470
11dd2a
0c3ee0
0e682e
0ca5d0
08424e
0bd670
0e25c4
06269a
01e522
081450
0e5316
141a9a
1b1046
1a8a2a
15c0ee
183c2e
1bcb8a
188d72
18194e
1ca548
18479a
0adfe6
0313a0
01d83e
ff3848
fd5348
fd15b4
f93e18
f60762
f93f38
fd9cea
01af36
096bfe
0efa72
0d4ae6
0af40e
0ba382
0b55e6
08bbfe
063fae
04ccec
013c50
f90cee
f1f114
f255c6
f6602c
f72f84
f45da4
f273f0
f4e1ac
f90bce
fbf7be
001328
03f632
02f742
00ca08
016026
01d63c
02199c
028122
ffe412
fb8cca
f804a6
f5726a
f5f1b4
f7fe46
f87898
f99eda
f86b4e
f23994
f20ca0
f9416c
fa58f8
f78996
f8e9f2
f76fca
f267be
f2c7da
f6b1dc
f9dd46
fe25e6
0208be
02c438
012ac2
ffaba4
00addc
026d2a
0289cc
01b85a
fcd3ec
f42d6e
f1293a
f38ffe
f41408
f4f2f8
f56240
f1362c
ef9fda
f2b7c8
f3b9e8
f65ef8
fc335e
fd6884
fc70c2
fd1b78
faf0fe
f91d9e
fa19a8
f6b388
f0dc7a
ee324c
e96990
e204e2
df555a
e10338
e258b0
e1e33e
e07f48
dfd452
ded436
de403e
e4d94e
f1f494
fa4fc0
f9303c
f5662c
f6ef32
fdd76a
03e73a
079268
08911a
011ed4
f53008
ef412c
ea7c86
e4a080
e948ca
f0c00e
eb1456
e53a32
e8c98e
e70152
e63f72
f998fe
0ef8b4
0f7498
098864
09d5e0
07b684
07c5d0
11a2b2
16062a
0e75a2
0900a0
038f44
f6e11e
f3a2fc
fed0a2
01bcca
fa3552
fa6a1a
fe4c04
fc8d1e
ff9728
095a0a
0e5b4c
10f680
158b3c
14eb0e
1340da
18fa48
198046
0f617c
0dcad4
15a914
135770
0b6d32
0d53da
135576
16e2c0
19253a
15003c
0dc594
0e7214
111270
0e7abc
0f4c1a
134e02
105bc2
0be042
10aaee
19f186
1de266
1c5dec
1aaf46
1b9576
1e93cc
208f96
1e5b6e
1c16d2
1e9314
1d2168
120926
0addb4
0d6450
0c9976
062290
03298c
03f2ce
0560f2
070674
0896fe
0d2108
140a56
16b8e4
160af8
1615cc
14800e
111f18
0e0a14
0aef86
09c178
083a96
fffab4
f75ef6
f7efcc
fb0612
f8c960
f6751a
f8ca56
fc0a24
fd41ea
ff2b12
028800
032bb6
021536
03f482
05d21e
04f9d8
048168
01fd0e
fb9a78
f847ce
f92a30
f8e5e6
f7b31c
f675da
f57dc8
f6e9bc
f714c8
f43b2c
f564f2
f9332e
f79632
f44dd2
f4ac4c
f44342
f1c0a6
f1b02a
f44d54
f61178
f6f430
f9db9e
fc9188
fae020
f94944
fbd492
fd6ae6
fd0a90
fc7074
f70ec6
f018e2
f02226
f22748
f05990
ef3186
ef38ca
ef64fc
f2230e
f3c110
f22262
f30448
f68350
f8e2e0
faa306
fb3ecc
fa5bbc
f86d60
f39cba
f02dbc
f28f98
f20b8e
ea46f2
e499b8
e2caea
e00238
dfac1a
e3ad10
e68b48
e5d33a
e36198
e18390
e3e1a0
ee4544
fca7e0
00e9ce
f7ba82
f2fad8
fa2166
00aa10
05f49a
0d3128
07f784
f6a55c
eea762
efcf14
ee3994
f0a3fa
f7b3e4
f5f4ee
ee0ef6
eaf3ac
ebad86
f18d76
016468
11b9ca
14e6d8
0cbce4
04b76c
0471f2
0cb59e
16efaa
1865a2
0f1a50
04c940
fe3f8a
f8be5e
f92282
02476e
070a72
016254
fd1d5c
fdcc36
fe82be
038736
0c9c98
0ff0e0
0e534c
0e3b96
0e2242
0e2b8a
107f04
110e72
0e8104
0d0670
0db14c
0f6818
100922
0d8766
0c7c1a
102d64
11874a
0c7b70
068ff4
04027e
0538e8
07a854
067882
030966
02a402
049f9e
088112
105d24
16d172
15227c
0fc864
0f4f56
14079c
17448e
15c83c
12f722
101840
0b7eca
072990
03da9c
00154a
fe7442
fda7d2
f953a4
f83242
fe92b4
0383ee
0684b0
0d52ba
114810
103a4a
11e5dc
1286b8
0debfc
0c9cfe
0e01d4
08fa10
0179be
fe7e12
fcb82c
fa4878
fa4fac
fb35b4
f9129e
f66504
f7b0e8
fafd66
fddae6
01cfe0
03fc42
023cd4
02f5a4
05c1d4
04132c
0367e6
066cb4
02b78c
fad02a
fa3418
fc4e9c
fb7906
fc3c0c
fcc3f8
f9bd80
f7a8f2
f7728e
f707b6
f7fba2
f97372
f91f32
f76d26
f4ba26
f2f32c
f4416e
f67e5c
f80892
f995b2
fb120a
fcfb86
fdf41c
fc4fb2
fcbd1e
007454
000070
fac93e
f67a1a
f35d72
f1b1ee
f1f9d8
f06852
ed98b0
edcd92
f01866
f2288a
f27036
f13a98
f3871e
f81e10
f81b60
f78412
fb106c
fd2892
fdea52
fef50c
f8cd2e
eeedac
ed4ba4
eef19e
eb67ea
e74eb8
e3c6dc
dd4e90
da2406
e00b0c
e761f0
e72036
e3496a
e504ea
ec753c
f54be0
fcfb0a
fde030
f838cc
f89da2
026d42
0a277a
0a1ee6
03eb2c
fa00d0
f2cce4
f08712
ef2cbc
efafc6
f2197e
f1a2fc
efca7c
ee33f0
e9b0f0
e8e474
f5656c
0752e6
10515c
0f2bf8
0b4c94
09a0b6
0c1c02
128abe
173794
14b306
0ede52
0871fa
fd9a1a
f5879a
fa9784
02eba0
034a96
017988
007b0e
fec7ca
020524
0a11f8
0fc0ca
12c56c
143b38
132694
12cf58
154a2e
176eca
15d11c
11f446
12fb88
187de4
182010
138810
13975a
13d95c
1237f2
14649c
135fac
0a5476
059a7a
08dc50
0a83ce
08a766
07af9c
0a53b2
0ffca6
1528a0
19b3d6
1c305e
180cdc
15216e
1ba90e
20bdc0
1e8eae
1cafac
18614a
0f545a
0a6708
08f962
0610d8
04e882
03d5b0
fff9fe
fe5b8a
0018f4
03b606
0a280c
0f45ac
1099cc
11c5f0
122a10
10bc36
0f0816
0c1252
0af7a8
0d2860
093918
fee850
f9e4f8
fa07ca
f9a9dc
fa8922
fbab74
faecce
fa6dac
fa7b80
fcfe84
03c0b2
08491e
077e54
0648f2
04f472
031432
03eac8
054072
035e42
00141e
fd9666
fc5eb0
fb2c2c
f8a9b4
f7a41c
f8b866
f826a8
f71678
f72dd8
f643f8
f6b158
f92ade
f86ce6
f61ba4
f6028c
f52332
f4c446
f7d81c
fa5712
fc3218
001188
013292
fe3f28
fdb52a
00d928
0199a0
fbc3a2
f4321e
f2cce4
f49942
f32a94
f130d8
efcde8
ed7d38
ef1336
f39a3a
f3fdbc
f2d4c0
f45302
f71430
faf4de
fc4d7e
f9346e
f9872a
fcd2aa
faeb08
f6aff2
f26776
eb5c4c
e7ada2
e82cf2
e41496
de140a
dc647a
dcab7e
de9012
e07d52
dde144
dacddc
dd2d44
e5c1ea
f32a96
fc3f02
f9ea7a
f48c14
f4a484
fbab5a
080368
0d1aa0
027cc6
f43700
eb73a8
e63bd8
e5b048
e6dc96
e5ddae
e6e3d0
e630f8
de640c
da1b0a
e0e37a
efe654
04223e
110fe8
0dcc6c
0785f4
070c08
091668
10f692
19ab50
158c78
08ff0e
fdaf9c
f378d8
efbc8e
f63120
fcd3b2
fca80a
f8f8fa
f65482
f6d73e
fa4dd4
020bb2
0d3886
13569e
12e668
13cd34
14a3aa
12cb60
14f0d4
1902e6
173b2c
1424d8
148d66
147d14
12bc4e
1180ee
122f08
15456e
16d442
131970
0d2c60
08bf16
068c12
07f1c4
0bde22
0daa52
0ddd2c
1238e2
18f8fe
1aff04
1a9086
1c7bf0
1dd99e
1fdf4e
24c4d0
237914
1a71ee
14795e
10a61c
0ab588
0894f6
084578
033b98
fdb980
faccd0
fa8296
003b36
083240
0c99c6
0f895e
118f26
12a22a
14605e
1383fe
119146
12ee00
1077b8
07c6fe
019d38
fdaf86
f9f428
f9de5e
f942fa
f6ee18
f7d968
f6f426
f3f03c
f80ddc
fe9c32
018e00
0637ca
089172
040ac0
017b48
022a2a
01793e
02c20c
03cb14
ffa256
fb7c1a
f9be7e
f7ba72
f6fc54
f6d4b2
f5c55c
f655b2
f6b874
f4b604
f3d13e
f3e692
f30418
f3c244
f58fb6
f583de
f4b86a
f3e04a
f357fc
f5ab96
fa2028
fd2660
fd5c62
fba78c
fa36c4
f95c34
f75f00
f5b39a
f4eb44
f14c40
ec767a
eb91de
ec518a
ebd6f4
ed685e
f18392
f41594
f3d36c
f2f7fe
f36c1e
f4c9da
f6dbbc
fa80cc
fcc7a0
facada
f87974
f75070
f37008
ef7e36
ef1770
edabce
ea1a06
e828d6
e613c2
e30c22
e374b4
e6f924
e8f3fa
e77e92
e42914
e34f9e
e91336
f4f7e0
ffab64
ff953c
f8ce60
fb5618
07e2e0
11c3b8
1567fe
10c79a
028d84
f84bc4
f7fed6
f5b1fa
f26bde
f4c1f8
f2ef26
ebbfdc
ea0aa8
eb439e
edf402
faf662
0cbc3a
152a80
1485a0
121f1c
117ea0
151eec
1d0f88
21eab6
1b488e
0ecfc4
078c84
01a07a
fae486
fdacb8
046bb6
01f724
fd667a
fb8c84
f90a6e
ffd24a
0e7678
12d7b6
10a442
125148
11bfc8
120e2a
195cfe
1c682a
178400
145fac
1559f8
18376c
18d9ce
13e6c6
1068e6
12272c
12e18e
117ba4
0d739a
04e8b8
ffd396
0204fa
045110
05a5c4
086590
0bf0b2
112bde
1545ec
16bb2c
1a4eb2
1ca892
1ae060
1d95b8
216eec
1bbdd2
142692
10dc5e
0ae7d0
048936
025118
ff4faa
fbf742
fa8ff4
f72916
f5a9ac
fcbe7c
05cb24
09f2d0
0c87ca
0e900a
0e4b68
0f5c54
1216c0
10da00
0d2068
0b1bda
06e688
002852
fc78cc
f9ead4
f6c392
f746d2
f8b610
f786cc
f74c0e
f76b00
f89a14
0093ae
08c9d0
0822ce
04e7bc
04c46c
0544ee
059368
04dfd8
0418ca
04c26e
023cd4
fd43a6
fbca82
fa8e2e
f8fdc0
fb4266
faf1ee
f746cc
f8db7c
fac9aa
f8dfda
f9f224
faa988
f82222
f91f2a
f9fea8
f8affe
fd10ee
010e88
feadf0
ffff1e
041720
031b00
01f068
00e96a
fbfdea
f83582
f55bce
f03626
edbcdc
ed16d8
eabaa2
ebe9cc
efc56a
f00188
eff576
f2d63a
f57bec
f7392e
f8a6b6
f97dfe
f99840
f77080
f41218
f1f8b8
ef8c2c
ec4a94
e8f838
e3396e
dd2c4e
dc117a
ddb3f0
de29cc
ddba5e
dcbe42
dcde9a
ded3bc
def5d6
ddab98
df7f32
e40418
e9de04
f141b4
f5b8b6
f48d78
f48664
fb8f9c
050a42
089c28
037a7c
f85e84
ed8714
ea3a36
ece1c6
ebcaa8
e6ec66
e56002
e42074
e09782
e2b8d8
ec1aac
f78f9a
052b56
10d9d2
1345aa
114bc6
1286fe
15b3d0
1911aa
1ae0da
16993e
0c6288
00c4fc
f7c9de
f50860
f7d5d6
fb2200
fc5918
fb827c
f95f2c
f913cc
fe4f84
090666
135aca
17b438
18f052
1a8f06
1a20e8
196a54
1b0486
1a4194
18f480
1c2a24
1bd60c
14d9c6
112264
103068
0d89c8
0e8b60
107694
0b79cc
04eb72
0286d8
031310
076eb6
0da55a
11dc3a
156d20
182ef8
19497a
1ae9fc
1b7446
1b3844
1eed8e
2244b8
1efeb2
1916b6
13be38
0e72a6
0a8efa
06dc34
02a2a8
ffa788
fc51ee
f9e420
fb569c
fcc4e2
ff8f20
08b444
0fa058
0f13e0
0f8142
10a380
0f700c
1284aa
160cfa
115a4c
0bbc02
09a9ca
044c12
fd5a9a
f99dda
f6ef3a
f6534e
f86194
f7eb56
f579da
f5bb2a
f84a98
fcb608
02e4be
069044
065336
05a6d8
04d258
030fe2
031a8e
04ec52
04a55c
01bcb8
fe1202
f9df16
f5e2f8
f3c8f0
f3ebae
f59714
f6ed3a
f663ba
f54052
f4bbc0
f4a94c
f5bb2a
f7865a
f8833c
f8dc70
f8af5c
f93580
fcbd74
004706
014310
032476
038f7e
fe1526
f96f58
f9092e
f66136
f2428a
f04266
ed3e68
eb0b64
ed923c
f0be00
f2037e
f33bee
f49fc4
f6d9bc
f8f162
f93730
fb59ee
ffb948
006bd8
fdccbc
fb1fec
f7302c
f33e24
f12518
ee365a
e9ff4e
e64568
e2f338
e1ac8e
e39a1c
e5655e
e4936e
e2c876
e24428
e350d2
e5754c
e9767c
eede5e
f32610
f65120
f9420a
fb7384
002b0e
096e46
103ad6
0e9640
06baea
fce442
f5d998
f4d224
f6a844
f6d1ae
f37444
ecd3a4
e778a8
e7c4d8
ecf7d2
f64cba
02a080
0d41d0
13c2ce
160712
13ffba
1391f6
1a05c2
20665a
1e9f10
16eb6c
0d0574
022fba
fad6ce
fa2e56
fc21c8
fc48a8
fbf9fc
fbfbe4
faa688
fb8d98
02a606
0aaf6e
0f4fd0
140dee
184338
184de0
17fb7c
19ef3e
1b44be
1d543a
2076be
1ede34
194622
154056
116252
0dd96e
0f607e
110b8e
0b24de
02f17c
ff6bc6
febbd8
00a8a2
070608
0d0c16
0eff4e
11369c
15ec24
197282
1b46a0
1dfaae
207f00
21701e
21b284
1f349a
17bf84
0f5998
0a4c0a
080df6
069494
028698
fb27c6
f70c76
f91ec2
fc479c
00360c
06bd20
0b9fa6
0e515e
117144
11ed8e
10e9f6
13c8c0
15a894
110b26
0b95e6
08b5c6
04d0f0
ff0c70
f92a16
f47f76
f2d0bc
f3fff0
f4a874
f2616a
f10bb4
f576da
fb0f00
fcbe44
ff21d8
02e94a
0298fa
0110d0
01acde
0126d2
00bd62
010402
fd9410
f99856
f8be76
f6920c
f337da
f12238
ede3e4
ec490a
eef776
efd60c
ed8ffa
ecc974
ed0ac8
ed576c
ef2620
f22a50
f58b18
f83dbc
fa5c7a
fd3056
fea406
fe3adc
fed880
fdab5e
f91cac
f657b2
f3d060
edbc5e
e90548
e77ca8
e6ffb2
e9cf48
edb648
edc4ce
ed22cc
ef7356
f3b8d8
f8182c
f9c976
fa83e6
fe7058
00f36e
fd2ae4
f7c988
f47fb8
f19848
edd2ae
e9b2ae
e68c12
e3b216
e0dea4
e15286
e293ee
e06a92
e1a522
e77f24
e776be
e49b9e
e79ea6
ea1bac
eb59f4
f47dae
fe50fa
fdb46e
fb97b4
01dcd8
098eb6
0b5d8e
09ad26
05073c
fbf370
f51226
f43ffa
f20cce
ed6e58
ec2500
ea77c0
e6c3c2
e79a98
ec1fe8
f383d4
01ca06
0f4bc2
14be5e
180a44
194694
17940c
1c5cf4
2310fa
1d7b70
120afe
0b183a
03ca34
fc7fbc
fad044
f927a0
f5763c
f7d61a
fc37b6
f8bbb4
f78c28
02fbd2
0cdecc
0e02b6
141560
1c1526
198f26
17bb30
1d19c2
1c3c76
186716
1b5f02
1a0da6
1172cc
0df07c
0d5166
0980cc
07999c
066f7a
00cc96
fb027c
f9e484
fd7aec
047390
0a1aae
0ba1a2
0dacbc
12eece
16f9e0
1881e8
1bd4b4
1effc6
1ca006
1970d0
1975de
15f35e
0f6436
0c73ac
0899b2
01f0e2
fe64d6
f9aafa
f2bdd6
f45f28
faa400
fb07b0
fc34a8
0213e8
06260c
0a623c
0fc362
103438
0fcb7c
145080
1622dc
107316
0b79a6
0c1c5c
0ac0d0
018bbe
f83b14
f691cc
f7357e
f475c4
f1b53a
f23840
f5762a
f9df82
fd9784
00b12e
03a6c2
05ccec
07f10a
08d3ea
06720a
056be6
07aa2a
067b84
01eff8
0022f4
ff1bae
fbfca2
f9b8c4
f8b6bc
f7865c
f66bbc
f4a198
f37366
f54136
f6c3a2
f61fd6
f7fc68
fbafe2
fbe472
fcbfca
03bf1e
0945a2
0754e4
05f020
08a75a
07e834
0399bc
015bc8
fe05c8
f783e8
f3b408
f23da2
ee3102
eb8172
eed92c
f2f8ce
f2ba42
f13e32
f2cfb6
f704c2
fb6f94
fee8aa
01552e
023836
00d180
fe1730
fbfdbe
f9ad58
f56b50
f1553a
ee70b4
e9c12a
e4ec6c
e47b68
e5911c
e4b522
e45a2c
e3d43a
e15500
e15566
e4f24a
e84a2a
ed5ff4
f522b4
f9524e
fa66c0
ff3106
05f1ea
09cb74
0c4642
0c71f2
05b4e4
fbc5ce
f65b52
f3dae0
ef7822
ebcc68
eadfbe
e8644e
e47c5c
e5b516
ed18ec
f659b4
00e1e2
0cbd2e
14cf94
15d67c
1509fa
184890
1ccdec
1cd3e6
1894e2
12605c
09c61a
00e512
fc59c2
faf794
f8417a
f527a2
f469cc
f46a1e
f50dcc
fa10bc
02220a
081e04
0d257a
13e35e
18bd26
1a05a6
1b9b68
1e0ff8
1f0410
1ec8a4
1d85e6
19c012
13b0ba
0decd6
0b4810
0b0e86
090220
03e410
fe8636
fb9ff4
fd4de2
02a38a
073cca
0a6e36
0e3318
115ac2
144524
18ff76
1c9422
1cd622
1d3142
1e845a
1dc6d2
1a5fe4
15d90c
112f56
0ce5f2
0985ec
06be56
022c06
fba4e0
f807f4
f91322
fac076
fbee18
fe5c50
01dab6
0686d2
0b5920
0cfdce
0d1734
10330c
13cfd6
12ce0c
0ee132
0bb1ea
07fa2a
01def2
fb1932
f52b0e
f0a48a
ef220e
ef43f4
ed540e
eb2430
ecb78e
f0db84
f5357c
f8d36a
fac6f8
fc9954
fe9d16
fdfcfa
fd1594
ff4138
ff8e02
fbc5bc
f94210
f7c4ea
f3d6de
f00f08
ed841c
ea20ae
e94372
ed0cb8
eedc96
ebab78
ea2a24
ece096
eeea6e
f09526
f532b2
f93634
f9e358
fabba8
fc39d6
fd0876
ffb50e
033e26
02d280
fed112
f9aa28
f46732
f22450
f33898
f293ba
ef7cee
ee6c04
ef1d10
eddec8
ec2820
ee2274
f36316
f8efb2
fd4e0a
fed5ec
fd63ea
fcd80c
fee2b4
008180
ffb73c
fc2408
f5f53a
efd086
ebaba6
e970be
ea0460
eb5f72
e89ac2
e39756
e2ad9a
e5741a
e76260
e909d8
edd1b6
f48404
f9bd8a
fe346a
024d40
0444aa
08187a
0fedf6
125a54
0c580e
072b8e
02b244
fa3da0
f4d92e
f4a194
f12908
ebce8a
eab308
eaa5f0
ea8066
ef1496
f7c6bc
012eba
0a9e9a
118792
13ee70
161bf6
1b4a0a
1f11d4
1dd7ea
1a63b0
15f564
0e3172
04ded0
fe7e60
fb89e6
fa2b34
f90e22
f74354
f5e0b6
f75236
fc84b8
03d94c
09df50
0da894
11d94e
15849e
158768
1561a0
18e2da
1b929c
1a9d5a
1a02de
192916
132230
0b2faa
085402
08a2de
06b846
02bebe
fe0066
f98364
f8f5ca
fcc826
016fe0
064e8a
0aeb8a
0d5f16
0f695a
1252a4
14fb9c
18b702
1bcd7a
1a408e
1805a8
178e00
12fc9e
0be184
0902b4
07936c
03eb7c
ffdd88
fb4748
f7fb26
f964d2
fb9fa2
fbb9ce
fe0b62
02a362
04ff46
05eeac
0801d2
0a2dea
0be0fe
0e46c0
0fed92
0dc25c
09610c
06d0d8
0475c8
ffa798
fb6100
f8eac4
f5d572
f3c8b2
f4c596
f5ff12
f68f74
f816ae
f9eaba
fbe88a
fe77c0
ffdaf8
003e52
011f84
00d500
ffdc90
015bf4
02162a
fe154c
faae8e
fb4e00
fa2884
f60c10
f47696
f52602
f4b60a
f43430
f4934e
f483f2
f41b82
f4c5ae
f78016
fad712
fcea64
fff350
0459de
053d24
03b7cc
051562
067816
049ffe
0273b4
ff9a0a
fb1eca
f86798
f7048a
f4af44
f34c2e
f316cc
f34ec6
f4e298
f580e0
f461ca
f56056
f7a8ca
f8e98c
fbe95a
ffddd0
ffecc2
fc67c8
f9227a
f8a9d2
f9c018
f7f454
f3bae0
f11844
eefcba
ece34a
ec4004
e9584e
e5281a
e6ff44
ea6f5a
e81296
e752c0
ed7960
f413d2
f9afc0
006f3e
059732
0a28c8
101caa
12324a
0ee814
0adf8a
053332
fd12c6
f7b21e
f48b2e
eea4f0
e89abe
e68658
e77b4a
ebbdea
f33df2
fad4f6
0308bc
0d3bec
14924a
165c1a
17fbb2
1c9b36
1ff70a
1e6e12
1996ec
134bc2
0ba208
04c6da
014566
001268
ffc4a4
fef7b2
fba850
f9c452
fddf0e
030462
068b2a
0caa40
115e58
1070d2
111dc6
14ae42
157848
16b472
198404
1841bc
15b012
14fa92
118834
0cf304
0b8ea8
0abade
09839c
06b240
fe4b0a
f70224
f8dcdc
fc71ce
fd2852
020cbe
0890e2
088604
077b94
0c4d3a
11b9aa
1464f6
17ad34
198b78
160492
110eb0
0e1a8e
09efa4
05257c
03ae78
01ce50
fb1038
f42b94
f175c4
f17224
f3f454
f85f66
fb2a12
fcdbe6
ffcb6c
023888
04b754
09bcca
0cdd1a
0ab75c
080078
05c956
00cba0
fc2d32
fab3c2
f85644
f43a10
f197b2
f0d1dc
f133c4
f16d1a
f0fd7e
f41f60
fa762e
fbfa7e
f9b236
fb4aae
fdb8ba
fc8780
fcb614
ff2e42
feeb46
fd5ce0
fdb760
fce414
f90010
f64a76
f70b7e
f6c528
f300b6
f08e58
f1107e
f009fa
ee4330
ef9dba
f191b4
f22c30
f4e0b4
f9e266
fd405e
fe032a
ff1472
026bb4
0529b6
044646
02be4e
0242f2
fe884e
f7592e
f22e0a
f16f1a
f38d40
f4a61a
f1bbb0
eee88e
f07c1a
f2d99a
f3fe16
f67478
f8fbf8
fae6c4
fd7a10
fc20f6
f675bc
f64ac8
fba782
fbedfe
f7dc5a
f5794e
f185b4
ebf490
eb4684
edb45e
eddb8e
eca49e
ea2790
e61c3e
e579d2
e90cca
ebe26e
ef2e96
f62154
fc4b60
feb4c8
027e6e
0a21dc
10fe7a
141b38
13c5ee
0e9b38
057a8c
fdcfaa
f8eaf2
f42b5e
f06f94
ed69fa
e8ea2c
e74350
ebcc18
f2386e
f9e958
041228
0c064a
11f93e
18f77a
1be47c
1b6a8a
1f5a2c
21bae0
1a4c96
10e152
0b1c58
04d890
ff3ae4
fc7ed6
f9d252
f84170
fa14ba
fca94a
ff0018
033922
098e1e
101e56
148f28
16b466
187d16
199738
199264
1a60f2
1b41dc
1a4714
185644
1480ea
0e8810
0b721a
0b5562
088894
04ca5a
043f56
037a9e
007ad6
fef56a
008384
0409a8
08011e
0ae6b2
0dd8fe
11ade2
148990
16e410
19f286
1be456
1cf836
1dcc42
1af38c
14ca92
0ff78a
0c3904
07fff2
04c548
01da94
fe348e
fb32e6
f97e8c
fa9738
feb43a
0124a6
01f030
069dac
0c8ed4
0e1d54
0e2f0c
0fd512
10f73c
0fdfee
0bae68
05fd46
025fba
fed82a
f8a09c
f3c6c6
f28582
f223be
f2081e
f1db5c
f157a8
f389f6
f836bc
fb5fb6
fd3eee
ff34ea
007d14
01627c
00cc96
fe1c6a
fd2292
fd7432
fa89d6
f75a36
f71ba2
f49d98
eef1b2
ec8620
edea4e
ee0cbc
ebfdf2
ead914
eb82ae
eb925a
eb7c74
eee300
f42dac
f73544
f99496
fcacfa
fe095a
fe4a82
fe8490
fd1e5c
fbb9a2
fbae68
f95164
f3e756
eedb8e
ec0edc
ecfc6c
f01e36
f0350a
ee451c
ef75be
f224ac
f39f6e
f5cf66
f8798e
f9b502
fa16a0
f97f04
f79450
f59be0
f3c698
f22b62
f16f4c
f0163a
edbd2c
ed01d4
edc4b4
ecd568
ea28d2
e98890
ec29ac
ed7842
eba840
ec8800
f17892
f59e04
fac5f0
02cf44
07835e
09d288
0fb34a
137938
1145fc
0f8b00
0ce17c
05a06c
00a436
fe57ac
f7e73e
f1ae72
f1154c
f2594e
f51560
fa78a6
ff5afc
05d9c6
10fc4a
1a7894
1e29e2
20c45e
24a090
2692e6
248dee
1fc41a
19e812
12f76e
0be248
0770a0
054d96
03554a
0206f0
01b2a4
024e34
050554
08b2d6
0cd248
136790
191110
19fdac
1a3ff0
1b4520
1aa966
1bb226
1def28
1bc4fe
1849cc
16163a
107b66
0b2e62
0b649c
0afa94
080786
05dca4
01408a
fc9c94
fe1578
ff9a14
ff082c
03cbaa
087398
0622c8
0608ec
0b0218
0d5a84
0f5802
140434
153636
12353c
0f3800
0bc2da
084c58
06bd6e
04fe12
010cf4
fbd2c4
f6e870
f3efde
f34824
f478a4
f71364
f9512a
fae1fe
fddcfe
01b1ce
05040a
0894a2
0b19ba
0b3f3e
0a4894
073836
021c4e
fee212
fcc172
f8bb9e
f515f4
f29240
f02526
efd38a
efc66e
ee5ff8
f15948
f70436
f72960
f63558
f961f4
fa81c0
fa34f2
fdc0ea
ff72c6
fd0c56
fd0d1a
fdc048
fb3e50
f9138e
f731ba
f3871a
f1b8da
f1b04e
ef2128
ebe794
eb4186
ebdd18
ece168
eecd2e
f10f50
f34704
f54866
f67cac
f73eda
f92064
fc4624
fd4860
fa7008
f837e8
f8a3e6
f701a6
f2c4e6
f0a19c
f0e98a
f14498
f0ace6
eeae52
ee0fbc
f0c658
f26036
f1d720
f3f304
f70716
f6c186
f53038
f3cefa
f289ea
f428c2
f693d2
f42554
ef8100
ee136e
ee4f26
ed8898
ec58b4
eb3b1e
ea3d8a
e9e978
ea818a
eb6a1e
ebcbce
ed1444
f1857c
f78e36
fc51a4
ffe588
0357ca
07a93a
0cb1bc
0f09a0
0ce266
083f5e
0219b2
fc448a
f9f772
f90948
f647a4
f3b506
f20eb0
f1c2a0
f6c10e
ff204e
056416
0b9060
12e4c4
177b7a
1ab428
1e55d4
1ee2de
1d7a8a
1cb524
195112
13b0fc
0f5f8c
0a3ccc
042174
018cc0
02972e
053e08
084f76
09082e
08e77c
0c8266
123374
16ea92
1b037a
1d01aa
1cf04e
1e09e2
1ed074
1d4c68
1d4076
1eec80
1d671c
187b50
13d092
10b1ca
0ea730
0d559e
0c2624
09ccf4
068784
05641c
0657be
0655a8
07b7f8
0c68ea
0ef280
0f282a
12a272
16668e
1737d8
19b916
1c8cd8
1aec02
184eb8
15f3bc
10ea6a
0cc350
0af796
073f70
033cbc
00c65c
fcda58
fab584
fdacc0
000536
00a5d4
0428a4
08150c
0a46b2
0e0762
115fc0
11341a
10f534
10eca6
0ce668
06f75a
03b346
015762
fcf7b2
f84f24
f55efa
f3ac4e
f398cc
f54b28
f62a2a
f65a6c
f95ba2
fd3ece
fe34d8
ff2136
01be7c
02b9ae
02b8c6
02e27e
0010f2
fbe894
fa1d4c
f7c0cc
f3bd26
f12f34
ef2d98
ed6d66
ed3f9a
eae39c
e71100
e901c8
ee07e4
ef4120
f03554
f3528e
f4ab22
f58bf4
f78c86
f725f2
f5ec60
f70a42
f65064
f1e718
ee6212
ecf6e6
ebb3ee
ea9344
e9fa42
ea959e
ec8556
ed245c
ebf8ea
ecb142
ef6e1a
f0a122
f0c788
f1df8c
f18f4c
eed0e6
ed9a5c
eef8b2
ef7b0c
eed77a
ee92e6
ed6454
ebb3ec
ebbba8
ec2070
ec1646
ed2744
ecbb7e
e9041c
e6ef9a
e879a8
ea7b7c
ed5302
f1a4d0
f5efd2
fc32f2
03d364
07210c
083136
0d0cd2
11650a
0f5056
0993e4
031e0e
fbf89e
f5dee6
f1c930
ef5c98
ef2f22
f0eca6
f41bb0
f94446
ff028e
04339a
0ac66a
1337ec
1adb4c
1efa04
1e3c30
1ae1ae
192dde
186970
14e3d2
0f895c
0b7172
08f6ee
06ce60
04021e
0218c4
03b958
07128e
088546
092c90
0b0e9c
0d7d80
10302a
12e5e8
155d1e
18b96c
1b0278
19956e
194548
1d3222
1e2994
191d88
14c268
135898
124156
11dbde
10c628
0cc20e
098544
0914c0
076460
054c48
078d5e
0b4adc
0b6916
0a8628
0c8d1a
107cdc
151c60
1a35a8
1d8860
1dc30c
1cb17a
1b14a0
17de5c
139276
0f1556
0a2972
05712e
018b24
fd5844
f93f30
f83cf2
fb53d0
ffb3b2
02013a
029f3e
058dbe
0b5b86
0f0220
0f5a24
10ac12
127e88
10cb86
0c9bdc
08515e
03b16e
ffd958
fcc2a8
f78b40
f1f76e
f07bf6
f1159e
f099a0
f192ba
f5184a
f7fc22
f97cdc
fb7fb2
fe72a0
012902
01ce82
0039ce
ff2d16
ff522e
fdd5a0
fa9fa4
f7d8c0
f4a7ee
f058d0
ed0932
eafea0
e8eb88
e79f00
e6ef6e
e55190
e50acc
e8c30c
ed3e5a
ef349e
f0efdc
f407e0
f5d262
f5524a
f50544
f5a2dc
f4f7dc
f23e08
ef463c
ecfb1c
eab4ae
e907ce
e91618
ea022c
eaf0de
ebeadc
eb2092
e77dc2
e4faba
e722b0
eb04c4
ebe3b8
e93d20
e5de5e
e47ebe
e58d06
e77e60
e95e8e
eaaffa
ea3234
e81e84
e6869e
e5dc42
e5b04c
e72064
e94ba2
e85dce
e4a77e
e369e6
e6279e
ea47d0
f06206
f904f2
ff7f34
02163a
055bde
09a818
0b227a
0aaf20
096274
044f98
fc365a
f4f47e
efda6a
ee7f16
f119c0
f42e96
f85c30
ff7196
0473e0
0752da
0f92ec
1a68d4
1fd8c8
2203d8
226882
1e8aea
1b7ad0
1b779e
17da96
1223e6
0ff7f0
0d4720
08910c
072056
08f6c2
0d1f6a
132190
14a544
1320c2
184bc8
1ef8de
1e0508
1d9544
21ca5c
217090
1e8226
207baa
225232
214f0c
2192b2
1f552c
18f51e
16da8c
199f60
1a7500
19a08e
17e380
13197e
0f37e8
0f1578
0f03ba
101076
13da2c
13b530
0f9916
10d886
162c9c
192958
1d9f22
232046
20b8b8
1985ba
163af0
1312d2
0d591c
0aba66
09e65a
06784c
027960
fdf802
fa42ba
fe4394
0631b0
07e1fe
06d624
0818da
082e32
0a16ea
0fcf18
104f5a
0cc5e6
0da046
0b74c6
018a68
fbe548
fc4b6a
f9d344
f690f0
f4efd2
f184d0
f0e74c
f5b4b0
f84420
f898f4
fc3298
fee46e
fda788
fce46c
fcf206
fcc7b4
fe26c0
fd9ce4
f8551c
f4afa8
f5f910
f63cd2
f2fa74
effe54
ee90ea
ed23ea
eb701e
e9c8ee
e86e56
e836d8
e9244e
ea299a
eb7188
edf13e
f140e4
f4a716
f75cce
f785ae
f522cc
f30d70
f1f7e6
f09462
ef0616
ecc27a
e964be
e7cfea
e8ac90
e92c7a
ea9922
eecf8e
f16606
ef439a
ec5308
ed1952
f1a0f6
f4f9ce
f2d1ee
ef5a9c
ef6e2a
ee1c56
e86ec4
e563da
e79410
e92f12
e78656
e43820
e1a92e
e306a8
e71206
e85562
e721ca
e83cca
eb0522
ec46fa
ee4b2c
f52d32
ff05f4
060b06
08dfa6
0b2e4e
0e5c4e
0f0558
0a6bd2
0338e8
fd8124
f7c66a
efb63e
ea6afe
eb2788
ec33b4
ecf248
f35112
fbe56e
01201a
07b24a
10fc56
17a30e
1c9452
2041f4
1e3c94
1ab866
1af024
17a914
0ddbea
065d7a
039374
0059ce
fc3ef0
f9b404
fac6ca
ffcf30
0362d8
029df2
050dac
0e87d8
167a8c
17a0de
1840a8
1ca14a
1fbd44
1e420e
1d48fa
204282
220652
1da836
154608
0dc86a
0aafbc
0c3b90
0e7692
0d9928
0a5ba0
07c57a
0703ec
0701cc
087972
0e21fc
14ad64
1594e8
145e86
17a8ec
1b5f5a
1c732e
2036e0
2490f4
21d7c8
1aea50
15c7cc
110d36
0bb7cc
07a50e
04fbe4
0357c2
013754
fd04fc
fa7ffc
fdbcb2
03c210
0837e6
0ab1f4
0c6efe
0f3f14
138c96
16b5a4
175a6e
16c1be
14ed20
109a8c
0a1fe2
040094
0078b4
fda326
f84b46
f2d662
f19afe
f32c3a
f40cd4
f4e5da
f7dc6c
fc53d0
ffe2b0
01f2da
0427bc
06d5ce
08922c
086142
055d2a
00b5bc
feace4
ff0a7c
fc6028
f6a07a
f2482a
ef4580
ebebc4
e9a016
e92f88
e9edaa
eb58da
ec60f6
ecf5fc
eebb50
f241ae
f66d5e
f97eea
fa01d8
f879ce
f617e4
f344f0
f14784
f0765a
eed642
ecb8f6
ebc368
ea3d72
e71df4
e4d0f8
e45a82
e4db4a
e58be8
e51e22
e3bb62
e34e00
e44052
e666b0
e95894
eacc26
ea10d8
e8a896
e6c5a2
e622d0
e8d232
ea3636
e62af4
e20a52
e26056
e2e11e
df9a08
db7174
dae3c8
ddb7bc
e0c1b4
e4a4aa
ebf41a
f4b240
fc6a26
03a75e
0944ae
0c7548
0e9f06
0ceb94
04c69a
fbd458
f670b8
f1daee
ed2cae
eada98
ebe236
efe48a
f4e56e
f968d0
ff61ae
079052
0ff520
17ba5a
1d623a
1ecac6
1d24ca
1a6d76
1817c6
1734a2
143294
0cbafc
069efc
044c98
01ec36
015f8e
04a9d4
07979e
0a9f6a
0fc648
1289ac
12e0d2
152096
170ae4
17833a
19af52
1b8730
1ba928
1d74f4
201026
214c3e
21434a
1dcd2a
199cb0
1b5ecc
1e57c2
1b36ac
16b058
1404e4
0feb7e
0cb59e
0cf9ae
0dcfd2
0f7170
12a4d0
13e620
13814a
158e0c
1aea48
2265c0
290c20
2abe4a
281c0e
23f040
1ddac2
177300
14c866
13fa1c
0f938a
0820aa
024984
ff1012
fdfdf4
0168ee
07e3ea
0aabb6
0a0c56
0cd7ca
11ea4e
142008
1572a0
17a900
17ab06
149c40
0f1804
07de82
02a752
008a20
fe506e
fba0a8
f8ed2c
f596be
f4cb08
f76556
f8c948
f9eb4e
fe233a
0117ec
0073e2
008426
012974
0019be
ffa32a
ffc4a6
fda444
fa6326
f801cc
f5f896
f3e564
f1817a
ef056a
edff78
edde04
ecc72a
ec5192
ee497e
f07f96
f14a4e
f29416
f599ea
f8493c
f856b0
f617ce
f3da94
f3b976
f4d778
f325f6
edac78
ea1706
ebf7b4
ee06c6
ead7d0
e5d3fe
e5afd2
e9b116
eab792
e793d4
e722e6
eb1202
edc0a8
ede556
ed7e02
eb7c60
e8f708
e8574a
e6d6a8
e39660
e2db90
e3d31a
e287da
e09312
e00312
dfa404
dfca48
e0c9fc
e14af0
e2718c
e6d694
ee9624
f75e08
fd79fa
ff845c
0172c0
065a78
0a74d8
08132c
fef430
f4889e
ed2ba8
e777f4
e240d0
e1387a
e52e7c
e955b2
ecb2a4
f2e258
fbf1fc
054e34
0e91a6
1711e0
1c628a
1de868
1cc906
18e9a2
13215e
0eb88a
0b40b8
045ef4
fc28b0
f90d7a
f931a8
f7f388
f92f02
00149c
076566
0b9388
0ec586
125b42
163b76
19d092
1b7fbc
1b2c78
19ccec
1808b0
186dca
1b7ab6
1bd8ce
176226
12b0a0
0ff534
0ee3f4
10eecc
136498
113faa
0d676a
0cfbc4
0d760a
0c406e
0d43be
128da2
173296
168396
1346d2
144374
1a4c38
1fe004
22dfda
249864
22d972
1cbff0
17244a
1415ec
10cbd0
0d31f8
09b710
03fc12
fd6976
facd8c
fc8a10
001bac
045696
081be4
0b1b1e
0e670c
121cba
16637c
1b0954
1cf0ca
1acdb4
1742e2
11bc56
089ffa
00b556
fd7d70
fac728
f60238
f1d766
efc4ea
f07764
f4e0e8
fa8140
fe32da
010768
0452b2
063434
05f154
060fcc
077d98
073efa
03b84c
ffd47a
fda0e0
fb27c2
f707e6
f22aba
ed59a4
e9caba
e8bd18
e8f9a0
e95c5c
eb3680
ee77ac
f0f4c6
f2e664
f66796
fae098
fd4a6e
fc0570
f8a4dc
f618f8
f53b92
f419aa
f1394c
ed9510
ea95b0
e87a6e
e750ce
e71936
e7178e
e6c33c
e6a898
e7cd24
ea7f98
eccc22
ec141a
ea5f2a
ec40a0
efea14
ef2084
e9e456
e5d430
e57068
e665e0
e585a4
e29ce6
e14292
e31488
e45226
e26508
e00864
e071f0
e3dac4
e89092
ed2c16
f2a596
f9e0a2
ffbfa4
01b9ae
039118
08f6c6
0da1ce
0abf06
00cc2e
f5de88
ed80a4
e862a4
e7bbe0
ea8f4e
ed56d8
f046dc
f5f774
fd1c22
0415ca
0cc428
16be5a
1e1178
20f78e
1ffede
1c17d6
1815f6
1631dc
13fa10
0e902e
07f2de
02f968
fea4a0
facc94
fb73ce
01bbae
085ee8
0b95ba
0d47c2
100178
13e452
17676a
18f2ec
197640
1ad07c
1bc652
1afc82
1aa5fe
1c671c
1dda3a
1b812a
15a15c
1160b8
11b9a4
11fe5a
0e4ee0
0a445e
090810
0921b2
09d38a
0bcdf8
0f33c6
130e2c
141b9c
120f4c
13171e
1917d4
1e1356
202388
21765a
2002c0
1b3270
171a10
148274
119e32
0e58c2
09733c
02d416
fe8276
fdac6a
fd71ea
fe26b4
01b5ba
0686f8
0a3210
0c36e0
0df87c
11dc5e
172ab0
19df22
18d186
1576ae
0f80a8
080860
02ead2
00ae74
fe57ae
fab35e
f63a7a
f298fa
f34694
f857da
fd0878
ffb944
02ac22
04c990
0491d0
0552e4
08562a
09918e
07b9fe
0546a0
02935c
ff6bd6
fcd780
f994f8
f4cbc6
f19fb6
f0cba8
eed70c
ec7aa0
ed7528
f010d2
f16a32
f3bf3a
f7ee5a
faa224
fb82cc
fc8c70
fcbe18
fb59ee
f9c1a2
f76f3a
f3dcda
f16f06
f0fb82
f08fbe
ef8d16
ee77f8
eda594
edfb3a
ef6248
f06ec8
f0aa7a
f00c00
ee60ae
ecbca8
ec4b88
ed28ec
ef015c
effb78
ee3f02
eb5fd6
e9788e
e8d1a0
ea233e
ebdd78
e9e842
e5f320
e4ee80
e50b60
e37aa8
e38b48
e6fb84
eb9218
f0e946
f607b2
f8c61e
fba24c
01f7a4
0929f6
0c9bb6
0a7a3e
036b9e
fa4206
f1ccd8
eaead2
e6371a
e3cce2
e2bec0
e39c78
e707d6
ebffec
f3bc6e
ffb3be
0bcae8
13585c
16abf8
16d550
14e95e
137e8a
11af8a
0ca14c
062366
005e1c
fa3d92
f4f000
f252c0
f167fc
f3ada2
fa6bdc
0034e0
025b1c
05bcc4
0af50a
0e61ac
114c16
148e86
14eeea
131314
126e44
1354d6
14f3d6
15636c
1259ce
0e81ec
0ccbba
0ad432
08a812
08eeba
085224
048188
025a28
03258e
0424ac
079654
0dcfa2
106d00
0e6aa8
0e1ca8
11e010
16cd0e
1a90c0
1cd632
1e578a
1e94de
1bdde2
17a20c
14c2f6
120c58
0d9724
08e4ba
048170
ffad34
fcda1a
fdeb9e
0014fc
01e3fc
05cc50
0b8602
0f9d8c
124806
167f76
1bacf2
1e72a4
1d9ea6
1a635e
15cdac
108cfc
0b9b46
071c54
01b466
fb68f8
f72e50
f66a42
f6e154
f80d54
fbfc38
0128a6
040868
05cb72
0989fe
0e2940
10d660
10d87a
0ed910
0c343a
0a3c1c
081ca8
03e3e0
fdfb00
f8d18a
f51894
f1384c
ed6cba
ec6d74
ee4522
ef95b6
efa94e
f128ba
f4720e
f75a50
f986fe
fbab64
fc4e76
f9ddf8
f65446
f4f00a
f555e0
f44a0e
f0cac4
ed3a9a
eb7990
ea7e1a
e8b862
e7042a
e704b6
e7866c
e61e46
e3b752
e36464
e57364
e74ff6
e7bd40
e81d10
e94014
e9db78
e9660e
e8ed3a
e8101e
e5fc40
e41ed0
e2f1cc
e0f6c6
df43ea
df7660
df8b46
dfbdc4
e46f78
ed50f2
f5a416
fcb050
0381f8
081cc0
09efae
0b5d0c
0c4262
092f52
00716c
f57748
ed98ae
e908d6
e4cc0e
e31904
e783a8
ee8fb6
f435d8
fa91bc
02ed7a
0b5254
134b2e
19c6d4
1c3a5c
1b601a
18cb70
1418d0
0f4cb8
0c7bf8
08fb58
0346e4
fd6272
f8185a
f5abfc
f9636c
ff4c06
020eea
047d8a
08a08a
0b723e
0e80c4
143114
18109c
1829e0
1846ae
188786
180776
19c400
1c9168
1b30c4
162554
117652
0e83a4
0e4856
106da4
10a58c
0cfcc6
09a146
09ad10
0b53e2
0d0038
0f70ea
11f878
12446c
10fdb6
12095a
16cde2
1c8c8e
20caea
232a9c
233b6e
208fec
1c79c4
18bace
154fb8
116a3e
0d2580
087ba4
031be2
fe828e
fd28b2
ff5010
037d66
083998
0b8cfa
0cdb9a
0f175e
144a16
1997f4
1bb760
1b31be
191992
14470c
0cbc14
061666
030520
00c684
fbb3f6
f5a6f0
f2b358
f33f6a
f5aba4
f8fad4
fbd9de
fe0df2
017032
05fafa
092034
0a3f6e
0aa7ea
0a5bec
08e658
06d8f8
04925e
01dae8
fe7392
fa3016
f59e10
f1d5a2
ef46c0
ee6a4e
efdb44
f246c8
f3ce92
f54be4
f7f22e
fa45f4
fb6562
fcab88
fdb2d2
fc762a
f9eaf2
f82d74
f5a9a8
f0eeb4
ee09a6
f07140
f40bce
f36c08
efb7c8
ed022c
ecb1ae
ede5de
eea040
ed75ae
ebfb1a
ebdb60
eb7158
e99662
e801dc
e75a4c
e6a586
e6397c
e63ffe
e4bf62
e0eae0
ddb97e
de4990
e1671a
e39712
e426e8
e4d5e6
e720d0
ec7bc0
f48c26
fb83e6
ff6566
025114
04eeb0
06136e
05abca
01e254
f91fae
ef9782
e9185c
e3c01e
df5df0
df16ac
e3136e
e9cd16
f2098a
f99066
010e2a
0b10b0
14681a
189f5e
196ac4
18ae06
156f7c
10b420
0b935e
05c910
0118fa
fda7c0
f8cb9e
f43c5c
f353f6
f4f6b2
f8e06e
ff71fa
042164
056486
08664a
0d4e34
0fd484
10fd12
12300e
1202ca
129868
154a18
163acc
155f2e
15c14a
148064
0f658a
0b2fc2
0a3d02
09e138
0918be
0776e0
04644c
0295ba
03b014
0548f8
074360
0b05e4
0d96b2
0d4d94
0e38a6
123834
16ab74
1a8b80
1d8cca
1dc1b8
1b1a72
17050a
11d7e8
0d15a2
0a713e
07fad0
03fec2
002860
fd7076
fc1a1c
fdb6d2
016996
04c332
08718c
0c9540
0f7af8
1317b6
18602a
1a68d6
183e72
1682ae
143068
0e060c
0727d0
0241be
fe295a
fb8bd2
f9f9b2
f717f6
f59bec
f89230
fce82e
00ab92
048c4a
06a77e
0794cc
0ab412
0dba08
0d9298
0c97c6
0acbb8
060a18
015dbc
fedd50
fbd82a
f7ffc0
f42e18
ef936a
ed02c8
ef1d88
f20484
f33f42
f5377e
f81246
fac402
fd930e
feac7e
fde19e
fea902
ffc576
fcdb50
f79eba
f3904e
f0cf1a
f05cac
f2430a
f25b18
ef3f54
ecb8a6
ecf5ec
eea074
efb386
ef1f00
ed562a
ead88c
e81818
e79dd8
ea86d0
ed28c2
ecbb84
ea8e92
e89b4c
e8517c
e8b350
e67354
e3c178
e577cc
e70406
e2ba7a
dedede
e19f5a
e80950
f005e6
f84e8c
fcaf58
ff144e
0410c0
07e902
08b644
0b37b4
0c1454
047124
f91884
f07bf6
e9de6a
e6ccf6
e92bcc
ed055a
f11be0
f76bd8
fe0a88
0531c6
0f750a
182752
1b14fc
1c8544
1d388e
18f046
129092
0ea5fc
0aa8a6
04caa4
ff4632
fb78fa
fa9dd0
fc6704
fda8de
ff991c
05d480
0c74ec
0f001e
10eaa0
144088
15f378
15a4e4
143ac8
117e3e
107b74
13022c
151400
151626
14f518
12d100
0deeba
0b8af8
0da238
0fe95c
0fafb6
0d7f40
0ab78e
09317e
08c6fc
080e68
089332
0b0b9e
0b306c
070216
0421a2
0826c8
10d594
172140
17d460
16662e
15d680
144e46
10fac8
0e1c94
0b6fc2
074226
02eaa6
ff44e4
fb1d4e
f8628c
fa258e
fdf5d4
ffbba2
0093a8
038b66
0859b8
0d448e
119c66
14b18a
15b4c2
14a80e
116d4c
0be986
0615f2
023d82
ff9188
fc08e8
f7ebe8
f5202e
f532a4
f7e042
fa91a0
fc2a6e
fed6e4
028a38
048c24
05e7d6
08a2ea
0a19ee
08dc28
07bcd0
06c45a
03f806
0116be
ff6134
fc8e04
f8372c
f4b3de
f374b4
f49698
f67602
f7185e
f7e366
fa8952
fd4286
ff1d66
00ef06
016bc8
00386e
ff50c2
fdabe0
f9fb28
f78d62
f77d56
f649c0
f4255c
f43dfe
f5c59e
f69384
f70d30
f7b9aa
f81b8c
f741c4
f4c1f6
f2bbc6
f2e0ea
f2e10c
f18e02
f10eb4
f0562e
ecf6f0
ea2664
eaf128
eb90fa
e8d17c
e5c7fa
e5923a
e646b0
e4b80a
e266dc
e48d9e
ec57c4
f51eda
fba4d4
001b6c
029ce2
04d53e
097e22
0e24f0
0d8148
0719d2
fd7ff2
f28710
e8ed00
e2dcdc
dffe82
e081d0
e4e232
eb0a0a
f131a0
f860d2
02024e
0dd594
1874ba
1d10ca
1c6d6c
1b16d2
17f1da
106c26
08e91c
04b270
002c0a
f9be7e
f3c5bc
ef7f6a
ef1cb4
f4000c
fa0f5c
fed0f6
046764
08fe7c
0a2030
0bdba6
0f9f56
10f3b8
0ff4ee
0f21fe
0cfe12
0aec36
0c9b16
0f37ea
0edf8a
0caa4c
092fb4
059354
05df02
08edbc
096dd0
07a1ae
063e22
051c76
04fe0e
06569c
07473e
0820a4
092266
07a288
05d802
096e38
107498
1540fc
16e0d0
15d8ce
137116
12be72
123f36
0e2aca
091204
0614f0
02d3c0
fe6d12
faeb56
f8ca56
f93fdc
fcea46
ffe00a
00564a
0206cc
069d0a
0c6e78
11f6ca
14d0a2
144876
130346
109960
0ac57e
04b24c
01cd0e
ffd244
fcbd82
f9015e
f516ca
f3d20c
f779ba
fc39b6
fe9ac4
007512
028dd2
03d86e
059916
07f5a0
093ee2
09f982
097c8c
04fe20
ff1eea
fd293e
fd03da
f9583c
f31842
eee15c
eeb146
f10ed6
f2d868
f2eb34
f3bfa6
f72b9a
fba744
fec764
ff1776
fcf268
fb306c
fb683c
fad5de
f6efaa
f19d1c
edf752
ecac4a
ecd54e
ed96bc
eee7e0
f0dba4
f21872
f184a8
f0e804
f2460a
f45bf6
f4e65e
f36b5c
f07a04
ed6a0c
ebd90c
eb2b1e
e99b16
e7dd9a
e72888
e5e2da
e329ee
e13d04
e11c62
e17772
e2e93a
e6d1ca
eb769c
ef3ece
f42920
fbabb4
03e8a4
0ad242
0fa5da
12223e
12ef8a
115376
09fb20
fdb41c
f39ab2
ee6fc4
e945b2
e312bc
e1419a
e55a3e
ec123e
f4885a
ff8866
0b9ffa
1640ae
1d8648
213fba
230256
22f0b6
1f584c
191f84
12d2f8
0c1878
03dc02
fbdd48
f6c544
f5bbb2
f7b4c8
fa92aa
feafb4
05654e
0beb9a
0f68c6
127892
16f4dc
1a2bfc
1aec82
1a05da
176e3e
15537a
160a62
174236
177752
17d9b0
15a610
0f5c5c
0b7d90
0d28c6
0e8c1e
0d3c7c
0c33c2
0b66e4
09e398
08cb2e
08235e
08c194
0c1644
0ebb8c
0dba50
0d2c92
10579a
150d9e
19bd8c
1d5d1a
1da6f0
1b9682
194a3c
1537d4
0f1d16
0a0d7c
06e1a2
047cb4
01ce46
fce2b0
f797c2
f8162c
fe044a
0291da
04e1ae
08f2b2
0e8874
131722
15b90e
163ad4
159ade
142bb2
0ef8d6
056b0e
fc6690
f6d154
f30e7e
f01e0e
edec96
ec839c
edc766
f228ce
f678e6
f9b548
fe0c2a
02aa58
04f97a
060858
07bf86
0894ac
06b9de
034af8
ffdfde
fc91ee
f95f16
f6b5b4
f3f8ee
f03e74
ecc066
ebb6d4
ed2550
ef4332
f0ca76
f1bdd2
f38a5a
f7ac16
fcf4d8
00946e
01c30c
01a2ee
00c97a
fedc56
fb1e0a
f5d972
f1b2c4
f03b32
eea268
eac5e4
e8259e
ea391c
ee00c8
ee53b4
eb6126
ea7d20
ee9c12
f341d2
f2b8ee
efe11c
f187b6
f5b8b6
f51aae
f02948
ece1c0
ebf0b8
ea4f40
e76032
e39612
dfc4c4
de2356
df1a12
e11bfe
e49502
e9fa40
ef8b2a
f54be8
fc8af0
03bc8e
09b168
0fa36c
13c392
11fb58
0a4b9a
ffeff4
f607dc
eeeffc
ea1c8e
e5920c
e32a78
e5c8c4
ebd66e
f3381c
fce472
08b0e8
137928
1a5724
1d1de4
1daa84
1c4658
1770ce
116aa4
0dcfe6
097ac6
00a104
f840a4
f5a48c
f6762e
f852c8
fc41c2
022384
08ee0e
0ee062
1125f8
116f6c
1446e0
17a3f8
16f36c
140b8e
11df46
100898
0f9bac
11c488
144914
153774
13e6ba
105376
0e1736
0fdc1c
11516c
0f4214
0d1014
0bff6e
0994ac
06ad06
058d3a
05c9c4
067d42
068bce
053112
0545e8
094cac
0ebab4
1313e2
16a5fa
1842c0
16bfb8
143218
120672
0ef8c8
0a840e
05cf10
01ecec
fe7b0e
f9dabe
f51ede
f4bc76
f96d1a
fe6f68
017e2a
051998
0ae30e
117950
165102
17f85e
17960a
161152
119f38
0a2332
02d324
fd0ad2
f82736
f547cc
f4a480
f447f6
f4b7da
f7d7d2
fbfa8c
fed7fa
01891c
04e054
06efd4
06c650
061692
05dea4
0478ea
0044a4
faaa64
f6c474
f57452
f4c802
f30b66
f0aa3c
eee420
ee5e52
ef82ca
f246d0
f50272
f60496
f61fc8
f67640
f65d56
f64c2e
f7d3b8
f945aa
f81044
f58060
f30bd4
efbcea
ecfbae
ed83f4
efa030
f05f26
f05808
efefb4
eddfec
eb610a
eb403c
edbf14
f0b4a2
f110da
ed4a54
e8bc82
e86b1a
ebca14
ee33d2
ed9e1e
eaf990
e7701c
e444bc
e26eca
e221aa
e39a8c
e5f5aa
e65490
e410ca
e2ef38
e66a5e
eeaf90
f9e5c2
03de08
083da4
08dafc
0ba8c2
10f616
130cba
0e857a
04b402
f8ff28
eed3ac
e74d4e
e23166
e2374a
e9864a
f35a52
fa5634
010836
0bc5b4
1885b0
230402
29bf82
2c37a4
2a438e
24f61c
1cf30e
12fca4
0a5e66
0522ee
fff970
f88870
f33a80
f40440
f8be74
ffa6d8
096358
129eca
1734a0
19625e
1c31b0
1dc790
1ce99a
1b0d9c
1883be
157cc0
12b588
100fdc
0f028a
1035ce
0eafe6
08a0b2
0588fe
08e37a
0c6a94
0cab00
0b8a16
099ade
0816aa
0870d4
08b310
090d18
0bd20a
0d0974
091792
06255a
09a818
1045f0
15b582
183c80
1716c8
1405f6
1074b6
0be8d4
08c7b0
0882b0
065bf6
005ab4
fa91f2
f6122e
f2c50a
f48c96
fb40f6
015472
0512d8
0819bc
0b602a
10ac32
16cc22
1916fa
17f55e
160ca6
103f1e
05abbc
fce594
f9543a
f8686e
f7ef88
f5db7c
f27344
f32d1a
f95ed8
ff27de
02fdfa
07a392
0b3b90
0c4d18
0e34a4
10d066
106cd2
0db6f2
0ac960
06c2f0
020fd4
fe95de
fbe89e
f95372
f7233e
f49e28
f27794
f3843e
f717b8
f94c8e
f9a558
faa908
fd0f08
fff038
023204
02c478
024eba
01c93e
fef54e
f8419e
f239da
f1a250
f39694
f273bc
eed0d0
ed955e
efca16
f1a292
f13ba6
f1362e
f30a48
f42ae0
f294da
ef988c
edd6c0
ef34e0
f22d7c
f1f2d0
ed89b0
e9db4e
e8b030
e6d55e
e49a58
e4cd3a
e56d06
e35828
e032dc
defdee
e0c734
e59bec
ec2cae
f287c0
f813ac
fc81fa
001c60
059e4a
0d9082
11c3e2
0c805a
00b5fa
f54cc2
ed4840
e7f76a
e3fdc6
e07eea
df172a
e2ecb6
ead940
f23202
f9ba8c
063df4
14f72a
1d38fc
1d7a74
1b5f86
19f7c4
186c70
151122
0de37c
0358aa
f9ab58
f3c008
f08dac
eeea4a
efe414
f4adda
fbbb74
014602
0453ea
080c22
0d9eb4
120272
1301a4
11745a
0f71f8
0e7b7e
0e1396
0dad66
0e955e
0f6fa4
0c6b4a
07cd4e
06fe92
0885e6
0937e8
0a6182
0a649e
0618ec
01d56c
01e2c6
030912
041cfc
071edc
0847e6
04e626
033d3c
07ca4a
0ee9fa
14bd6e
17fe24
17ec1e
15b7d6
133414
1120f6
10d3e8
115124
0df926
06e9e8
01cb0e
ff43a0
fc5d2e
fb950c
ff6018
0349a0
04a312
074314
0c911e
11603c
14f74e
183ea4
194300
168760
11d888
0c9f7c
072298
02f0de
007f8e
fd486a
f8e0b8
f73e32
f9f6b4
fcf704
fdbad6
ffad3e
05110a
09b9aa
0a260e
09b4f0
0c2068
0e9556
0c9646
06d902
017a3c
ff034a
feb7bc
fdb7a0
fa585e
f6e900
f6a36c
f87540
f91d88
f93e34
fb9022
fe673a
fe1abe
fbb7d4
fadf66
fc7116
feeb9a
ff6d16
fb6e8a
f5e0ac
f3f7f8
f3b38e
f0c9d0
ee82da
f02ae4
f16210
ef4218
ecf9f8
ecdad2
eed426
f19e66
f1d670
ef3e88
ee3090
eea680
ed149a
eb0f22
eaf8b8
ea8f40
e8e03c
e6ed24
e3d9ba
e0ed76
e0cefc
e0fbca
de98f2
dc2170
dba7b4
dd33f0
e195ee
e6ef12
eaf33c
f15b92
fc3288
057988
0a3cfa
0e88bc
12ae76
127aae
0c307e
0091a8
f3894c
ec19a8
ea5fd2
e65552
df145c
dda2a4
e52464
ef16da
f81ccc
03802a
11e21a
1d9fba
223dc0
22b5e0
248808
26703a
22e1f2
1a133c
10361e
055e84
f9b030
f23bde
f08818
f03486
f151c2
f6dafe
fd239e
0031de
03dc70
0b01a6
11da90
15835e
168050
153032
12af4c
112df4
11bdde
144854
16eea2
15ec1a
1070ae
0a8c96
0847a4
0a0a5a
0c96ac
0b964a
072e70
03f132
02fb32
010b1a
fe8e76
00a008
085498
0e6df8
0c7ad0
080562
0bcca0
16cb0e
1e9efa
1fea30
1eaf5a
1c298a
176ec6
11de3c
0d9a04
0b095e
07e7f0
01c9d0
fab0be
f5e9be
f360de
f4191c
f9db12
007776
0435e4
09458e
118276
17b6d4
1a60f0
1c2bea
1c8da0
1a5e40
15c4fa
0ddcde
0478a0
fdf536
fa2566
f680fa
f3bf24
f2c1e0
f33dee
f5f5e2
fa6476
fee4b0
03fa84
09a5c8
0dbcf0
0fc240
10bfc4
10c6fa
0f8db2
0c788e
07eefe
04ee96
03c5fe
00782e
fb4bb0
f8999c
f7ec28
f702c6
f74e58
f82534
f68e30
f4c9ec
f6cea8
fafe54
fe11e8
ffa6b2
0045bc
00ab3c
0179e2
014d9c
fed982
fc23ba
fbcbf4
fcf1b0
fc3d2c
f8183e
f30f04
f12cf0
f270b6
f2905e
ef8bba
ecb958
ed02a2
ee7406
ee9b44
eef11a
f16422
f45f0e
f4fcb8
f2ba38
efaace
edd890
ecac86
ea5c1a
e78398
e579c6
e2c9b8
de69fa
db3894
dba94a
de5da4
e1cf80
e71ece
ef8dac
f92fa0
001ace
04452c
09cd46
10030e
10013a
081830
fe35b4
f5b5fe
edca9c
e75cb8
e3e282
e30cac
e5039c
e9d496
f04d4a
f8188a
012d9a
0a6d54
139026
1bcee6
1f9fbc
1d9358
191988
14c988
10053a
0a13fa
0281d6
fa01f6
f4212a
f30148
f4214c
f5cee0
f9d90c
005794
0624ba
0992e4
0be938
0dae44
0d936a
0c1f70
0be224
0c4ae4
0b1516
0ad194
0dbf34
0e2d20
08e758
05d4a4
09b1ca
0d86ae
0cbe88
0af1aa
098efa
06eb3e
03e96a
01e03a
01e736
059a50
0913c0
0580ba
fe7d3e
fec130
070e96
0eb8b8
11c198
133dd8
151b68
14a250
0ffb38
0bedce
0d4142
0eed96
09ee7e
0130bc
fa7cac
f64e00
f5a916
f9b25e
fd7662
fde19e
ffaabe
049d9c
08b578
0c0dd6
117dfe
16953a
1712d2
12fdd4
0d5e5a
08e5ee
05dab8
029116
fdf58c
f87936
f48f68
f576aa
f92cb2
fa62e0
fbd046
036d12
0bd0be
0ccaae
0ae168
0d21a0
107a5a
0fb5b0
0af97e
04fbe8
00f758
ffadb0
fdb516
f96cfe
f5af00
f4aa2c
f5efc0
f7a0fe
f7ea76
f87f4c
fbe67e
ff20ac
feba96
fdd008
ffab64
023cb6
024530
fe3670
f7b974
f45d3a
f62392
f71a4e
f32240
eedb38
efd126
f38f4c
f31946
ee6c40
edaa92
f2ec7c
f610ce
f3ac9a
f13b98
f12b54
f18744
f1f3ea
f1a9d6
efc8f0
ee5db2
ed69a4
ea4290
e6cf1e
e696e4
e7b662
e6dc3c
e3e670
e05eca
de9f9a
dfd592
e227ca
e4b2ec
e91db0
f00046
f902fc
03021e
0a43d8
0d6e92
104c1c
137736
11de3a
099edc
fe84a4
f4ccd2
ee142e
e8d46c
e3f5d8
e28e82
e6292a
eaf9b0
f03de4
f9b616
06340a
116086
1b3b6a
23c340
27c378
270164
241412
1f5ae4
18ac02
109388
06817e
fba582
f3f32a
f0ab8e
f02de2
f2aabe
f836ba
fdcf7e
01b3aa
05ecc4
0bb86e
112018
143ab0
154d3a
155104
14f9e8
156554
1743b2
18b830
16cf8c
11fa76
0e38ee
0decce
0ee0ca
0d733a
092586
04c812
022650
ffdaa4
fd9320
fe7b1a
02f626
05828a
0389ae
023574
05ca8a
0c760a
13ba4e
1a2e18
1d46ec
1c7fe4
1a6f08
1817da
157638
13d058
11a6ea
0b0064
0063b0
f64a3a
efe398
eeedfe
f252f6
f5193e
f59858
f805ae
fdff08
04b3fa
0b3f66
126a42
191040
1cbeae
1b3548
154460
100a06
0e18fa
0b73b0
04d5fc
fc7b34
f65f6a
f45db2
f45ee4
f38e18
f4dd7e
fba5d4
0267ba
0414e4
05ddc2
0b9a20
101656
0fbc3e
0d1296
0aba0e
099fe6
08dd30
06409c
0272c0
ff9186
fd11f0
fb2ad0
fb781e
fc64f8
fc564c
fcc862
fcb1d0
f9e09a
f7d208
fa7f66
feec90
ffc5e6
fbe5e6
f6e954
f5d186
f8d264
faac6a
f91286
f7e5b2
f9fa80
fc1d40
f9e2b8
f583e6
f5766a
f8e9e0
f8bf50
f4b4f8
f1e638
efd15a
ec5bac
ea0c84
ea36c4
eb6d5a
ed096c
ecf50a
ea2a06
e94484
ec99e2
ef61ee
ee4054
ea6a70
e659bc
e4c06e
e414b2
e0b5be
df911c
e5e2b0
ec76aa
efbb10
f7d110
02d8e8
06fcf8
086212
0cb7e2
0c8c72
06750a
01d8e4
fc447e
f1f7d8
e97a3e
e5d512
e4ae0a
e78e9e
ece22e
f10426
f8543a
03e848
0c78d6
12f55e
1c1d60
2218ea
20c52e
1c0f1a
14466e
0ae88a
060dc6
023dca
f963f0
f232b2
f19efa
f1a9da
f11298
f3ff2e
f9b17c
004914
060d2e
082cb2
095b62
0ce7ba
0f0196
0e9c6c
0f29ce
0eeb00
0d7a7e
0e1f14
0c4160
04c9d0
0103ce
0483e4
075184
071d10
05a246
0178f8
fdeb72
fe8a8e
ff7e86
005850
0452d0
0720e2
051448
02c42c
03c20c
08c10e
10de34
15a9b8
146352
13b9d6
14b89a
11c088
0d791a
0d1178
0d48dc
09c0ea
020994
f84342
f28a1e
f3ffcc
f744c8
f939b2
fd0d78
02d7d6
07c29e
0b6efc
0ecc02
13d804
1b16cc
1ef1e8
1b49ec
14c3d4
101720
0c3440
07c206
02a59c
fd04b6
f90706
f81098
f7ffc6
f7820a
f92bc6
ffc974
08fce4
0e3894
0e78a0
103902
1487e4
149526
0fb5ce
0c2644
0b0b54
0912fe
05184e
ff86d6
fa15ce
f762b0
f723f6
f75c78
f79b78
f7a466
f7b2c8
f90498
faa072
fb4600
fce2ca
ff2b5c
fe4bc8
faac94
f80864
f6b218
f58ce4
f44f10
f22c18
f0a18e
f1e718
f286f6
ef097c
ebaa96
ec6132
ee69f6
ee9e0c
ec7d02
e940ce
e902f4
ec5a16
ec9178
e838fa
e6e3be
ea196e
ebf35a
eb79b2
ea4aae
e777a6
e53b76
e617e2
e63516
e30b94
df31bc
db97b6
d9db32
dd599c
e21c92
e360b6
e8458c
f5dc10
01a624
0354b2
023974
0691cc
0d09a8
0d62b8
059fa2
fc4b82
f6a9f4
f136c8
e8ef64
e390d0
e5d7d6
eba4ee
efbccc
f2d9e6
f8ac0a
02e1b4
0f4ccc
19b580
1f92c6
212c88
1fedd6
1cc542
17f5f0
11e2a0
0b3b46
04fdf0
006f36
fd68f2
fa3aec
f7cde2
f984c0
ff507a
0520f2
083500
09a9fe
0cd4e4
11e8da
146212
138fe6
14542a
1696b6
17280c
185d12
19b84c
158044
0f6212
0fc5b2
135170
131c94
0ff6c6
0bcdb8
07ea46
069008
061072
05821e
0830f0
0b13b6
087f42
05514a
076bf0
0becb2
10a684
157832
17eb08
18ee86
1a6bbc
19911a
16f760
1674da
151c86
0f7178
07e430
ffe2b6
f8ec8a
f6d690
f7fe84
f871da
f9af18
fc2aee
fe7482
032d8e
0a26e8
0efff2
12e89c
177906
186c6e
15b2fa
13d44c
125f2c
0f51ce
0a5ace
02289a
f9cc0a
f7313a
f80db6
f71d56
f671a0
f8dde2
fd1138
02001e
06604a
08e178
0ae134
0c448a
0b089c
08f45c
082736
07085a
054ca2
03d52a
01188c
fd7894
fc2e4e
fd19a6
fd3c98
fba0ea
f9f210
fa63b8
fc1982
fb9c2a
f9d1fe
fa9290
fba52e
f91d88
f6c05c
f8458e
f9010a
f5fd92
f4f6b2
f8e4aa
fb3e46
f7b426
f3d970
f492c2
f5e18e
f39b2c
f0afa6
f02eea
efd94a
ed895a
eb03d4
ea6dbe
eb5a38
ec292e
ec0506
eb5782
eb3f34
ec8544
ee24fe
ed9e48
ea0dda
e599d2
e274f2
e086f4
defcde
dd9192
dbf0a6
db2de4
df5d94
ea6388
f6b87a
fe7a16
0346fe
077b08
093264
09cc10
0c5ab8
0bffb0
033d36
f6be3a
ed0428
e705e6
e4c69e
e5270e
e5b47e
e87502
efaaa2
f79e60
feed02
095858
15b684
1eb424
230570
230faa
1e57f6
1733d6
11814c
0dc6c8
08d9f2
00555a
f77468
f3642e
f331f0
f39106
f6412e
fc59b0
01a04c
03943e
04c3b2
08af7c
0fc61e
15086e
13a79a
0f8baa
0f2b9a
118f96
12cb82
11560e
0cd068
083bce
077e38
084db4
075184
060d7a
04890c
0141c8
ff469e
00d1e2
02f174
03c668
03ce64
033ec2
03709e
04e30a
06208e
08805a
0dc618
125c8c
12d5a6
114b50
109a7e
10de16
1070f4
0d6910
07fa1c
01919e
fa93d4
f55d96
f53754
f7ace2
f86d04
f91cf8
fc303c
ffd6b0
03acb4
09c13c
10c500
14f628
154aa8
13a976
11d9f2
0ff552
0d64e8
09a646
03f8c6
fd9220
fa1568
f99e7a
f8be88
f91376
fec72e
05f7fe
0824bc
07f0b4
0af49a
0f739e
1136c6
106034
0eb730
0c5298
08a4fa
047222
0232fc
023546
0040f8
facf7e
f7bc2e
fa5dfe
fd7766
fd79b0
fdd1c4
000e5c
010ca8
0007b0
ffa3b2
00aa7e
00925a
fd6176
f9b682
f96230
fa4b5e
f7e946
f4122c
f3b3ae
f66af6
f7b7fa
f486ee
eec3ac
ececd8
f12080
f4a444
f31556
efff26
ed4126
e96c7a
e6b4b8
e7e822
eb42b2
ed9154
eceea8
e9f312
e87bbc
ea67dc
ec3c02
eac986
e6a9da
e16896
dc06f0
d78e8c
d5c1fc
d7eea2
dc22d6
e0b2fe
e8ce02
f4c106
fd8af6
007492
033b8c
0973be
0ff43c
104e62
0794d6
fcbf0e
f6a034
f0389c
e6a85e
e17c48
e1f002
e3a9c8
e98340
f24e0e
f7b072
ffdc8a
104356
1d5064
216f3a
244a22
249dd6
1e3f54
175ebc
122514
0b21cc
055376
019d64
fbd7d6
f65012
f4a3ce
f6276e
fbcade
02cb66
0519d4
06da22
0d323a
1211aa
1324b6
14c992
1525c6
14938c
184efe
1a815a
145e26
0e3b2c
0e4fbc
0f6fa6
0f8d72
0ee6ce
0ad594
05ecb0
046ab2
040d52
030cca
02e726
04176e
0717a0
093226
05d9ce
029202
075be4
0e8506
111382
12bd46
14c030
1414a4
131c7e
133d6a
121322
10b3b6
0e9e04
077d06
fd884e
f6d746
f4a06c
f64e4e
f9860e
f9d3a6
f8e918
fb158a
fe7fd8
0309a0
0bc08c
13ae58
15429c
14a1d4
144f0a
11da8c
0fb562
0f3648
0b533a
03f33c
fe17b2
f9ec38
f6d86a
f7e2c2
fcd2f0
019200
0431be
05efd6
08d4c6
0cb5a4
0f1ebe
102bdc
1155e4
104f08
0c6556
0a4a1a
0a897a
085186
03eb8a
01476e
002e18
ff3246
fed2be
feda76
ff3efc
007a22
00e820
ffe510
0063f4
031780
0405c6
011cc0
fdd6da
fe84d8
01b302
017d98
fdad98
fd0fae
000ac6
fe6376
f700f2
f2cd3a
f53a30
f79090
f44a30
ee9daa
ed9526
f14d4a
f20572
edcc66
ec7204
f0118a
f18ce6
ef3f22
ee0d30
eea60e
ef039a
eea280
eb919a
e56d1c
e0526e
dd8fe6
daca84
d94c3c
da5c7e
da6e0e
d9cd42
df0fd0
eaff5e
f64cd2
fcb93c
007894
03cbb4
065538
079af6
07b946
05b29a
ffb050
f5ff42
ebd0e0
e4901a
e1fef6
e3edac
e820fa
ec278e
f03e90
f6cc96
009d08
0b2308
136c00
18f838
1baebc
1a5976
15f036
114550
0c77e8
06f1de
029d4e
ff0c7e
f932b4
f3476e
f250c8
f5014c
f7359e
f95200
fcc980
004180
032214
06ca1c
0a8e3c
0b8312
0a51ba
0bf46a
10d640
12b590
0fd72a
0d6c38
0cbd8e
0b0fec
096edc
089664
05364c
ffd94e
fd067c
fc65fa
fb658c
fc33fa
002356
029440
013238
00db2c
048548
0869e4
0ac384
0e9e46
133cd2
14aa12
13e724
13664a
11d5ba
0fbd2e
0f124c
0c0a62
0362c6
fac13a
f83aa4
f9fb18
fbe3c8
fcfe5c
fdf938
ff5dcc
0182d4
0511fe
0a9986
10c004
154778
178df2
17d020
1675e4
14e96e
13ebb6
121790
0dbc38
0724ac
0171e0
ff9d94
000df0
0016cc
013c6a
0452fa
06e774
090e6c
0b7162
0baf40
0af704
0cbf90
0e0002
0c0c96
0b065c
0b405a
089018
05348a
04a764
03e412
0163b8
ffed60
ffadfc
fef1b8
fd9202
fbef28
fb1558
fb8a64
fb766a
f9bc16
f79a34
f69cdc
f843b2
fb9982
fc6e34
faa444
fa5ba8
fab8aa
f8a51e
f6491a
f54aee
f373d6
f13ea8
f07512
ef7eba
edc520
ed7716
eec476
efa8aa
ee5c4a
ea411e
e614a2
e6536c
ea6596
eca636
ead262
e88ff2
e80746
e69e4e
e34ea6
e0973e
dea5d8
dc551c
db4ca8
db1cb4
d91c12
d94440
e161c2
ed7690
f66528
fba762
fec118
00e35c
04af8c
08db3e
08512e
02d920
fc1b8e
f4dc96
ecb358
e5aa42
e2c5d0
e525d0
ea6332
ef0ec0
f37882
faa2e0
055bae
10f61e
19de1a
1f0c92
21d0ae
21e08a
1e9cbe
1a6e08
1609a6
0f21b6
07ae06
03148c
fec4fa
f9576c
f7206a
f913a8
fbf89e
ff35b4
0295ba
05c04e
0adb4e
109de0
126022
1258ca
15a392
19eed2
1bb9d4
1c6058
1bfcce
192bb0
159a0a
1341b8
11e664
0fbbc0
0a1b58
02c8dc
000614
01e34e
0297fa
021372
0323d8
03e40e
03cc12
05ca5a
0982cc
0d60e2
11f200
15b6fa
170230
17f534
193c54
1864dc
154f9e
117e66
0d463e
08a510
029ab0
fb6b00
f7a5da
f94002
fb5780
fb26d4
fb054a
fbd250
fd8946
01c88e
0828e8
0e356e
1281a0
1469da
149ad6
14a90e
1406bc
11c442
0e868c
096c4e
01fbce
fc0c40
fa5c26
faf916
fc2442
fd5916
fde13e
ff286a
02a926
063a0e
0801f6
08fa92
09a068
09e468
0a45d8
0a0592
088b14
0736b0
0631aa
03aade
0029d4
fe92f8
ff29b0
fee1b2
fca8e0
fb6232
fc466e
fc268e
f9953c
f7995a
f775c2
f72de4
f71c60
f93ae0
fb912a
fadab4
f91e32
faaa7c
fe6672
ff7892
fc6a10
f7f838
f5a0c6
f671bc
f6d954
f36862
ef12c4
ed353c
ec2c3c
ec4992
eecf2a
ee959e
ea97a2
ebb8d4
f27c56
f4e60c
f24378
f08d6a
eedf4c
eba96e
e7b874
e0e7c0
d9ca84
d9e2bc
de73ca
de9bca
db775a
dce114
e66354
f3a4dc
fc18c6
ff9236
05defe
0c14fe
09bf3e
052856
05eafc
04be4a
fce4ca
f2f122
e857dc
e07ea2
e13ac2
e554fe
e7666c
ed9f00
f7ed44
fe8f5e
04b742
0f467a
1884f8
1da6ba
20aa68
1f4b7c
1a3e08
157676
0f6b8e
088332
04adf2
00b602
fa0574
f5954a
f3afe2
f2c1ca
f80642
0123f8
03f8e2
0368fa
07d3b2
0d4d72
0f0c58
0fdbc2
10a658
116890
13ce34
14f362
11be66
0da58c
0c72fe
0dcf94
0e7dd0
0a522c
0314ec
fef866
fd7be6
fbdb6c
fd3984
009b14
ffc04c
fcaa08
fd16aa
ffe638
038df4
08a0a0
0cb986
0eebf4
1125ec
12acd4
135716
14a040
13d9fe
0f3084
0ab536
0745dc
0101a8
f93e08
f57a44
f706d6
fa347e
fae33e
f98c86
faa788
ff5002
048c3a
094b0c
0d7ec4
103cc2
125860
13d22e
126cb8
0fd5e2
0f655a
0df2e0
07f206
01a14e
ff52c6
fefc44
fe5eea
fe440e
ff0b48
00b9d4
03ea1a
0746ba
0850f2
07c6de
083f02
09160e
085fd2
0752c6
0739c2
067b1c
0471e0
029108
00f0ec
ff5d8a
ff0b5a
ff6f2c
fe77e8
fccde2
fc52a8
fc27b6
fb1b78
fad5fa
fcad90
fdc0f6
fa87ba
f599ba
f53f86
f93370
faa744
f7ca8a
f578f0
f559dc
f51442
f54d72
f76b0e
f8c2de
f7305e
f4e85a
f46cc8
f57168
f5507e
f1ed14
ee5bf4
ef7356
f22faa
efe8b6
eaaca6
e9e706
ee7456
f21b80
efde90
ea6cbc
e7890a
e544c0
df8f1c
dc0486
de2748
de40c0
db0eb0
dc2190
e0d290
e6fda8
f2754a
fe8418
03ed88
07b4a6
0ba3d6
0a5ab6
08e836
0aaca2
05a8ee
f97c06
f06298
ea07ba
e45a06
e36278
e516be
e806e8
effd0c
f83516
fcf3e0
05c2c8
1173e0
17fdc8
1d2c30
21f9e6
1f1cd8
199252
180b00
13f07e
0c7a86
073f2a
00cfc4
f998f4
f7c150
f6bb2a
f442e8
f7ffb8
fe2772
feef52
0163b8
09046a
0dfe58
104fb2
136e44
14bff8
1631fc
1a985c
1ca3d6
1a520e
17341e
138520
10cb50
10a658
0d4c70
0547ce
00550c
ff5270
fd5dca
fc8dda
feeaaa
0064be
001a84
019dd8
05c862
0a1234
0c6020
0e3d3a
1231e0
15ba32
15ec3e
156480
14944a
108e26
0c9382
0b9214
079c3e
fed1ac
f8aa32
f7a156
f7fafa
f93fd8
fb3560
fbc886
fcbef2
00d7e6
06ae58
0c25f8
102b5e
11cad2
12288c
12d082
131a50
12ccd4
11a6f6
0db33a
0846b8
055770
03eee4
019838
008308
015130
00f7be
003e00
022132
056eea
07baa4
08aea8
08db2e
0a08ec
0cb7d8
0d773c
0ae3e4
09175a
0a2d76
0a9b50
0790d8
033dae
0199cc
02b2c4
02c9a4
00deac
ff5aba
fdf618
fb6682
fa26d0
fb2b4c
fae968
f8acee
f7d34e
f91b7c
fa862e
fb2c14
fb35bc
fb0178
fad6f0
fa6b18
f9d5fe
f947e2
f7e1f4
f5c8dc
f4b42c
f491b8
f4007a
f32e6a
f2124c
eff768
ee581c
ee637c
ee2494
ed02b0
ed3048
ee2192
ed4bc0
eb1578
e8c38e
e5fc50
e34c0e
e15bf0
df2c58
dd73c2
de1b5e
dffa60
e1db3c
e5f64e
ed8974
f6c826
ff5b04
048f26
05b9b4
068856
088a9a
07fbac
034110
fc9a28
f4969c
eb92ae
e46b78
e0ff30
e12800
e471bc
e9b522
f01822
f7d25e
0057b0
0948e6
130ca6
1b64ac
1ec90c
1d740c
1a00da
15daa6
115dea
0bb542
03f306
fbfa82
f67534
f2f588
eff0e2
ee6440
f0b51c
f65146
fafa2e
fd02c8
003a6e
065724
0ba816
0e5dc8
1005fa
10ccf6
1161d0
13c38c
159a5a
129a1e
0cdb82
09e8a2
09c606
07f720
02fa12
fdd378
fb31e8
fa9d8c
facf7c
fc0670
fea744
015ede
0278ea
031824
063390
0b4a96
0ed7d0
109650
12ef9e
155cc0
15a540
13e118
11a50e
0fdc6e
0dcb6a
09bdb8
041038
ff0232
fb6fe2
f9d42e
fb21e8
fde636
ffbb82
00adf4
01fd48
052754
0ab774
0fdc28
12c96c
15b8ea
17de8c
15dc86
129aa4
125494
127884
0fe500
0b3054
05513a
00d58a
0062a4
019ebe
01c0a6
023f6a
040e08
064ce4
0883d2
09ce40
0ac9da
0d6ce2
0f8a94
0e202c
0bb810
0aa0c8
090524
0675e0
037f3e
ff9262
fce69a
fd849c
fdeb08
fbc0e6
fa3b78
fa988e
fa633a
f9ad32
f9e8ea
f98cc2
f71340
f4bf36
f53d4a
f762ec
f7f496
f65190
f55a24
f6cb2c
f7b4e4
f53820
f23e72
f1e5a4
f1190e
edb216
eb966a
ecbb52
ee76c8
eefff6
ed6b5a
eaa818
eb958a
f03754
f17d84
ee4d5c
eb8db6
e9e9f8
e972a0
eab6d2
e83796
e02786
dada3c
da6ac2
d866f6
d5dc10
d7a220
dbef24
e126b6
e8333c
ef832e
f74850
00e43e
08475c
0a866c
0afb0a
0a49a0
057cce
fdc460
f650da
f0176c
eba662
e86018
e47cc8
e17b2a
e324ea
eacc66
f6a5c8
0281e6
0a3ab8
0edb86
1516e6
1d483a
22dff0
2319e8
1f665a
1a066e
1364c0
0b73e2
04527a
007944
fe9164
fbd3fe
f98fa4
fa446e
fc30f2
fd6d2c
00e1fe
084cee
0f506c
11f730
121850
12eda2
1550d2
1964c0
1e2e00
1fad58
1b6c28
159c52
136a82
13a402
130414
11268c
0d2866
06a9b0
01b8e8
00b594
0107b2
021c36
0424cc
03b144
01c17c
045c58
0a9aea
0f7602
133b42
165bbc
173fa2
17d5c6
18d148
173332
13c5ca
1094a0
0bf046
06283e
00f252
fb7442
f7fe6c
f9728c
fb2180
fa0ae8
fa95e2
fd86ea
00c58a
066004
0c8d28
0e38d0
0ea4aa
11dfdc
13622e
118f64
114f74
11ff66
0ebff2
086236
031d94
005fce
ff39a6
feda2c
ff0450
fefeec
fedaa8
011a54
05e01e
08d264
093436
0ad8de
0ccc4c
0b7886
0949b2
09cb86
0ac56e
095046
067a2e
03ff08
01c0f4
ffe42a
00166a
01c57c
0057be
faf52e
f8182e
faadc2
fd4848
fbe72e
f86688
f663a2
f866d6
fb5e2c
f8a90e
f346a8
f4e366
fac928
fa9b86
f5f85c
f4c06e
f664d0
f69b3a
f499a8
f1c15a
f0a8f4
f19606
f12dd6
efee3c
f0f710
f143ac
ee141a
ec48fa
ee81cc
f0c2b2
f043ee
ec5744
e68336
e451b0
e59960
e2af08
dc42c6
d9fab6
da6616
d944dc
da1692
de97d0
e464e6
ed471e
f92c94
02121a
06b9fe
0a79ca
0c6692
0b8a32
09b40c
050dbc
fb19da
ef929a
e751cc
e2f818
e16bb4
e1a818
e37164
e7f812
efb398
f9b3a2
051aa4
1042d8
190b94
1f1d26
22bbca
234c2c
20fa90
1c8530
1606b8
0defa6
055014
fd8794
f8381e
f56772
f3c676
f41c58
f765ba
fb193e
fd5846
007f1a
061cea
0be6bc
0f7812
10c000
10afe0
10c45e
138d20
18fb8a
1a450a
129162
0a58a8
0b72ae
1007d4
0e41ea
07ec96
018ff0
fc41c2
fb3d00
fe1e88
fea786
fd25a6
fdf212
fe7eb8
fdbfda
010680
081fe0
0df4f4
118d4c
1331da
1335d2
13f710
1473c6
11e032
0e5aa2
0b59a2
06bec8
011f6c
fb434a
f4ba26
f240ca
f6947e
fa8bea
f9ce9e
f8d6ee
fa9cb6
ff7fdc
074fdc
0d7f1a
0f4d74
1093fc
120c44
10d37a
0ef0cc
0ec410
0e2224
0b041a
04a8ba
fd2b12
fae0f0
fe12ac
ff4c58
fde71c
ff20fc
01c384
0360f8
065384
09f838
0b0e2e
0aea3a
0bab8a
0c0730
0b10da
09bf66
0882c6
0662ae
0313fa
00ff9a
0181a4
01d9d2
00bc90
ffbe02
fdec46
fb4784
fbd422
feae32
fe2752
fac29c
f96850
fad3de
fbcf86
f90614
f4c3a6
f6b2b2
fd497a
fc88aa
f3aef4
ef196e
f2bda6
f72896
f654fa
f0da18
ed964c
f0d16e
f346c0
efd5ae
ee6440
f1ddb8
f1aede
ed0fae
eb7bcc
ed3318
edf68e
ecff42
ea9d32
e761b6
e39ef0
de5560
d9de3a
d9bf5e
dad072
d9b130
da15a2
dde63c
e25388
e89bc2
f3ede0
019ff8
0b6cc6
0ce3c6
07f870
05939c
092452
091f02
fed1a8
f18ee4
e92cfa
e434f4
e011ec
de3b4c
e0e322
e8ac00
f28be0
f9cba0
005652
0c65fc
1b1516
2332dc
24e168
25feb2
24bca6
1dfa7e
166e00
10fa8e
0a3164
025940
fc7c42
f75822
f3d680
f67ea6
fc6ffa
ff0ce4
00716a
056d20
0bdd0e
103e42
129d7e
14295e
160648
17ce80
184168
18ee24
19e872
16d728
110edc
0fe32c
1280e2
11b0b2
0c47f6
05a746
0109b6
00b532
01a010
00069e
ffbd58
027da0
024754
ffebee
031e3c
0abc52
103a52
1275f0
12f742
13e26a
16b7e0
1782a2
136f60
0f72e8
0df852
0aba6e
0457ac
fcdd56
f64244
f45534
f7b82c
faa44e
fac786
fbcde0
febe92
022da4
06c452
0cd1d8
1275d4
158ee2
15784a
136f78
110f98
0fd084
109ea6
0fb444
08378c
ff42a6
fd62de
ff8b8a
fecf5c
fd5238
ff2916
036808
07c0c8
09df58
09ccb8
0b3f80
0e32d4
0eae02
0d6ba4
0d2fae
0d0884
0c0b7a
09e2d2
05fb20
0381de
052ea8
071962
05d33c
02f218
ffd8da
fd8c46
fd7238
fe63be
ff1498
ff5e0a
fd3f4c
f8d386
f66348
f725e6
f91938
fba256
fcddd4
fb206e
f97a82
f9abfc
f8e65c
f70da0
f6ba70
f72084
f4efb2
eef2c4
e92b30
e90cc2
ebf23c
eae65c
e85ff2
eab70a
ee80a4
edd0ea
eb1226
eb12fa
ed9612
ee5bca
ea09fc
e30222
de53d0
dc56ae
dadbb2
da20d8
da6c86
dbd55a
e0ab1e
e9a472
f37bee
fba5ee
023ac4
06b164
07fd64
07b666
07a042
04875e
fb3728
f035e6
e8cb2c
e3f60c
e1ae50
e3763c
e5a4c4
e74d94
ee016e
f8b7c4
01b222
0ac412
156342
1c21f4
1d9012
1cf67c
1aa706
161c92
0fc65e
08af48
032102
fd2c6a
f3dea8
ede628
f059a2
f41e18
f68844
fba6a6
ff96ba
00de5e
060966
0bca60
0cbc6e
0fcd00
143c90
10678e
0bb584
104026
131ac2
0c0e18
066d66
09b712
0e5dea
0cb906
06bd14
02eb9e
01fb6c
007b6e
007c30
0349c0
0359ba
00ad9c
000170
fed1b8
fdf8ea
0569d8
102812
11b3ee
0d4c92
0d64dc
11ba6c
147040
131276
1050f4
0fc1d4
0e3206
072392
febc9c
fa37b0
f9a9aa
fcc698
ffe15c
fddb7c
fb59f0
feaa66
044108
09430a
0f7820
14858c
166680
16ca76
14deea
119714
11b344
13aaea
119386
0a87be
01e224
fd2974
ff69d6
02c420
024060
027662
05e560
08dbae
0a91bc
0bb4d0
0c3b90
0e4ad6
10397e
0d6b28
0933a2
08aefa
08d17a
068da6
036546
006f8c
ff6194
00ec20
016afe
ff717e
fd5c90
fbaf4a
fb9f04
feb50a
00b71a
fdd0d0
f929aa
f66e88
f61836
f6b20c
f54ede
f2870e
f25140
f422e6
f53d5c
f56c8c
f3cc7e
f21850
f4cb4e
f7103e
f16646
eaa646
eb7988
ee0c0a
eb7112
e7309c
e6d4d0
e9c9b6
ea0000
e58592
e4945e
eab160
ed67fa
e6b6d0
de9638
dc46e4
de3f60
de9452
d9fc84
d57120
d639da
d979a2
de4142
e79bc2
f1938c
f87908
ff8422
04d00c
053232
05dbce
06de6e
022618
fad7a2
f3d944
e8cf18
df5f88
e0e0a0
e693f8
e7f0e0
e98cd8
efa64a
f80744
01573e
0b6354
15b5c2
1e902a
226bae
218fc6
1f19e4
1a8b32
14a34c
10512c
0af6d0
033d32
fe12b0
fa7a5a
f558f6
f57318
fd64c0
03d22a
057104
075556
0a3c0a
0d430a
111624
13c6e0
14adc4
1601a2
1818ea
1a6f02
1b1f3e
16edfe
11ea52
134ae4
173f24
16555c
11c32c
0c2abc
067204
0441d6
05f7d6
077da4
07f836
06ff5a
0324f4
009fec
03cfc6
0a1404
106b6c
1555c4
164e4c
154f7a
162176
1676de
15225c
15540a
14e530
0fc984
085c76
0096f8
f8e32a
f69e0c
fb81f8
ff3744
fcc18e
f94472
fa481e
0025b2
07f046
0e2c0a
122fd8
152028
15ccb0
13058e
0fa3b2
0f4d0c
10ed06
0f2532
07a298
fff20a
fde8d8
ff16fc
fefff4
fed9fc
00f9c4
046922
072894
077b12
063954
07ddea
0cdffe
0f2ce4
0c73c8
08afcc
062648
053af0
05f3a8
04b16c
0048a6
fef818
01f7c2
01cb62
fde686
fd1d1e
fef660
fe6a40
fc14be
fa96ae
fa2642
fa4860
f9c370
f7b254
f54300
f4484e
f68acc
faead4
fb352e
f65000
f49420
f7dc32
f86f72
f59f6e
f43ef0
f3320e
f17040
f054a0
ed5c64
e93660
e94d36
eb587c
eadcbc
ebc9ac
eedf5e
eecaaa
edc5fa
efc462
f0128e
ec2588
e769ce
e29baa
df0014
df31c0
def0fa
db17ec
dabed4
e23308
ec259a
f5570a
fe379e
046d4c
0711b4
094622
0b49e0
09b994
0437f0
fdc5d6
f6ea12
edfbf4
e5b288
e2f404
e40c90
e5515e
ea138c
f41d7e
fd419c
0342c4
0a39b6
11c0d2
180728
1ee2f8
22b79a
1d7990
145bd6
0f0cd0
0a408e
02e8f6
fe33c2
fca1a0
f842bc
f2729a
f1e126
f60888
fa4db6
fed4f0
04488c
077178
078784
081664
0a0716
0acd6c
0a4596
0ae4e0
0d4cec
0ee6aa
0cb750
0823e2
06b0c8
0a53de
0e28fa
0d2836
078e7a
01158e
fd2a24
fcade2
fe65bc
00acc6
013edc
fe81ec
fac7ca
faa656
000514
082e4e
0d9d9c
0e0932
0de18c
103130
118a9e
10f008
115b30
1118ea
0d541a
075b00
ff0eb8
f5ef08
f39190
f814da
f9ff6a
f8c366
fa9828
fdb14c
000820
058726
0cc8a4
115e38
14d370
1705f6
145070
0f822e
0dd2c2
0e1cbc
0d4276
0a3a7c
055074
0138c4
0015dc
005286
00baf2
026370
05cf82
09ebee
0beb20
0ab56a
0a898a
0d5726
0e45ce
0c4994
0bd9f6
0c71b6
0ae144
07c772
043382
01e17e
0378b0
05f9f0
053d70
03b8a4
02ea64
00fda8
00355a
015a88
ffa858
fb74e6
f96120
f89ea0
f6da2a
f47f82
f229ac
f29c3a
f7de1e
fd06c4
fd359a
fa4220
f7ff9e
f9177c
fbe9c8
f9d446
f29ed4
edc036
ec5af4
eb295a
ea1c7a
e6dd5a
e2655a
e56f08
ecba50
ebb54a
e7ec6c
ec0848
efe0fa
ed0c38
ea254e
e73798
e25ddc
e12dd8
e0a2b8
da4c96
d66e0c
dbc074
e3ff1c
ecbec4
f635e2
fb0bbc
fdb790
062038
0f5956
0fe892
083c68
fd8832
f5b38e
f3a1e6
f05d7a
e7663c
e1d586
e4da3a
e93204
ec7774
f3dd04
ff77a0
0b4ca2
147f44
18c51a
1a297e
1df586
22a2ca
218fce
1a4068
116784
0944ec
0271e4
fe2418
fb7a86
f8a9ca
f79146
fa925a
fec1c2
0090ac
024baa
075f3e
0e30a4
12782e
117f24
0cf01a
0abf76
0d3d46
0fa1ea
0fbd82
105180
0f76e0
09bbd0
04e122
088832
110ef8
141414
0daf60
04355c
0008c8
01fb7c
0525ca
0680b6
04bdf6
ff5b42
fa24e6
fa37fc
00462e
09295c
0ec924
0ce702
09dfde
0deeee
13c7c2
137010
10c840
0fcde4
0ce656
077f4c
01ce56
fb043a
f5c2ce
f6c0f6
fa6878
fae75c
fa7390
fcd362
0148d0
07344a
0ea6aa
15177e
17ebfa
172ab0
13e798
102760
0ee4f6
0fb2b2
0d8f62
06d388
00e0c0
ffcd26
016db4
02ff22
04382c
05593a
0775a4
0b5d92
0f0f52
108106
1078ec
10636a
106f98
0f7690
0cace6
0a6108
0a49a0
08ba28
03a37a
0010f8
01937c
05979c
088152
07664c
026ef6
ffdec4
02d58c
053122
02ceec
fec64e
fad4fa
f6e4f0
f561b6
f68db0
f6e744
f59f9c
f587b8
f7bf8a
fa07e6
fa973a
faafb2
faeca8
f912de
f5a1d4
f42fe6
f38870
ef6cac
e8cd1a
e44c50
e4d27e
e8de46
ea38a2
e6fe62
e6c706
ebc648
edb662
eb6d28
eac756
e9afa4
e5bdb8
e39bf4
e27a6a
de9d90
dc0a26
dc5ef4
ddda22
e69ce4
f5b12c
fbe5e6
f99168
ffa320
0c52fe
100d1c
0b46e2
066a70
010842
fa02e0
f2e622
ea8c3a
e27f30
e0c3a4
e630d2
ec2e7c
ef2a8e
f4af32
00d9c4
0ca3d6
12af62
192426
21ce32
24e406
21c5ee
1d4234
163e2e
0da5e4
07b0d8
01bc30
fa47ce
f65718
f4efde
f23238
f26fb4
f83052
fe5a94
029a9e
0644da
098eee
0c1a0e
0bf370
098982
0aacbc
0e9cd0
0d6c42
092050
08dbf4
092d04
0673f6
065b2c
0ae26c
0e22a6
0c2e7a
0654ba
013d4a
00a91e
025332
023dae
004bd2
fcd2dc
f85c10
f6ab30
fa3102
00c326
073b3e
0b5a2e
0cbd3e
0dd70a
10a3e4
140a00
1594f8
13c780
0f8896
0a1e34
0319a8
fc2c70
f8b270
f6c9aa
f40ec6
f47b22
f8ca90
fb674c
fd059c
027024
0981ba
0f24c8
144a84
17378c
16a58e
163abc
15987a
106cd0
0a32aa
092266
096ea4
045ace
fd1608
fb46ea
ff25b2
02e3a4
03ef3c
0561e0
09ae36
0e266c
0f14d2
0d925a
0d74d8
0f199c
0fae7e
0ddd1a
0a7c74
0690ac
03226e
013806
00a79a
001f32
ff6edc
00251a
015ba4
ff4300
fb3614
fb7b82
ff87ee
00b708
fd9d28
f92446
f5ade4
f5a8de
f74a7a
f5ff54
f4c7d0
f77e98
f89e9e
f66a74
f70394
f8845c
f60d12
f41ac4
f446d8
f141b8
ec5f0a
e930de
e5eb28
e3e5da
e521a6
e458d0
e076de
e1de34
ea75b4
f040ec
ed01ea
e7f7fc
e919b0
eae97c
e6723e
e13044
df24a2
dc4fdc
da6282
daea44
d9e1a2
df1fd6
f0f542
fc7804
f8d424
fbca9a
093fba
0c8344
06f54c
054aee
00fedc
f7bd3c
f35d12
f03602
e7d036
e33a88
e7bcd2
edff8e
f2985c
f90098
030718
0df7ce
161308
1cb532
237dd6
2533f8
214d48
1eb252
1b1138
1184b4
09d262
0769bc
02489a
fc894e
fd8934
ffdc90
fff3d0
0450d0
0aecf4
0c6322
0cf9d2
122952
1632ca
145b5a
115ed4
116a78
11444c
0e0b98
0c5970
0f9456
115a40
0d0b00
09b396
0d8772
144bb8
176c36
145bbe
0d16a6
07e34a
07dc74
084c1e
05f00a
03a08e
0297f8
00d8ac
fee91e
000724
05c510
0d50e2
11be6c
122c48
11fffa
12da9e
13c270
138bce
10f1d4
0c8f7e
082afa
01ee08
f8c56a
f25250
f2df94
f78f2e
fc5d5c
fe2010
fc264a
fd9c62
07b762
123804
154254
14be14
142262
11d460
0eeb0e
0bfcd0
078b10
04cd9a
05643a
02a530
fb0a5e
f81976
fda318
03737c
046958
051e7c
08c992
0bfa00
0c97a2
0c7f04
0bc3e8
0a5c04
0ab7da
0ab11e
053e30
fe9b9e
fe206a
ff8a5c
fc2fe8
f91aa6
fc96c4
01d928
01e06e
fe4bf8
fccf4c
fefaea
01cf98
0125a2
fb902c
f5e45a
f570b0
f6469e
f2d03a
effbae
f2a476
f5718e
f527da
f4c274
f3cea0
f2385a
f3c5f2
f68a84
f55066
f1370e
ed9c46
eb2446
e8625c
e40cce
e37c64
eb4b40
f019fa
e83d80
e06000
e3ef10
ebe872
f0c1b8
ef71a2
e76f64
e1d788
e1da2e
dd6a84
d8b90a
df8a80
e7c3bc
e89a36
ed02b0
f56bd2
f9587a
fee348
07e0a8
0b47b4
0b4d8a
0a1b32
00e1ac
f64d24
f4219c
f1e040
eb8256
ea0244
ec6cae
edbe46
f1bcc2
f92140
01c74a
0d2c9a
180372
1dff96
216f96
2230f6
1f594c
1cc1b4
17f638
0d6a3a
059c9c
03ebfc
ffd4e0
fac3a4
fb4808
fcf5f8
fe95ae
04ab56
096852
091604
0c70cc
131510
12cbe6
0db1d0
0b9fd4
0b3a7a
09f142
0839cc
04f2c4
01a136
01ee30
04534e
061dc0
089456
0c7c7a
10257c
112514
0d807c
07c6f0
058216
066906
05abfa
020810
fcffde
f8aa8a
f84910
fc13ba
007ad6
0437fc
07ab72
099b3a
0acf98
0df298
122d5a
14070a
11922c
0bf39e
068554
01f17c
fb2722
f35646
f01496
f1cd82
f48382
f72d78
fa88f6
fed78a
04f25a
0c2c04
11cf80
149fb0
1552ee
14cb0c
131d80
0f7040
0a62fc
0682b8
041faa
011fd4
fcd9bc
f8e820
f87e74
fd70b2
03cb16
06c684
0849ba
0bda96
102d68
1252fe
1150b4
0f15c0
0e7560
0d8aa8
08c886
02bec4
ff2d76
fda60e
fe0744
ff0fd6
fdd080
fd3078
000a16
011334
febe58
fec138
014b54
033c2c
036dfa
fdfaba
f46fac
f13204
f4a4ec
f5ae96
f40e50
f2d75c
f10a14
f189f0
f51c7e
f58a62
f36f48
f409fc
f48636
f1ecda
ee4a94
e9ab2a
e5c2a4
e65256
e826ec
e60a82
e1ab1a
e0ba7c
e701ac
ee9fac
ec3f3c
e41128
e40a2e
e890f8
e66318
e10a6e
de79c4
dce9aa
dbd64a
dadef8
db114e
e3d5dc
f3a126
fc2682
fa44fa
fa127a
01fb68
0aeff8
0a5df0
00ca66
f9922a
f77f4e
f3a6d0
eea55a
eba36e
e97150
ec6172
f55036
fa5504
fcfa22
077dc4
13ce18
197c12
1db1b2
20e4ca
1e8d62
1b0c36
18de82
1463d4
0e3d0e
07923c
017432
007a94
024ef0
019a90
03e332
0b3078
0e44d0
0cfd4a
0ef676
12e7f6
159bb8
16d594
138ec0
0d7a3c
0ad606
09a3c2
06ac58
068e18
09b9a6
0a1572
07cad0
08b73e
0f1956
16dcf2
191e64
14e356
109988
0e8a86
0b818c
08b738
0820d2
05c88e
00825a
fd0cf4
fc99b6
fde742
029388
086056
09580e
07e58a
0b5f42
11f65a
14a9e2
12e9c2
102dfc
0d72e2
09b6bc
03d190
fc6ad2
f70388
f6772c
f985a6
fc57a6
fcb124
fcf5a2
014c70
09b14c
11fec6
160a68
14a5d4
11a4fe
116caa
11a366
0e8540
0b0bd8
09ada0
066b1a
fff8f2
fbde32
fdd7c8
0311a4
06a456
07423e
07f694
0bcfe8
11c364
151da6
131fee
0f684e
0dedde
0ca5d8
09e6a2
0755c6
037d02
fe22e2
fc4cb2
fd8f3a
fd68b4
fe6b26
01ec98
030fd2
02e8b0
04dfa4
054dd4
0313c6
01c3ae
003a02
fbdf74
f5524c
ef5e2e
ef3516
f352ca
f1f8de
ecb856
ee1f6e
f3a02a
f5b1f6
f641c8
f64b92
f42888
f23e08
f01b4a
eb5a48
e6959a
e3e9f6
e3e654
e65e22
e5156e
ddf824
da50b0
de17c6
e4dcf6
eae3ac
e97c0a
e17a04
e10154
e5ead2
e129c0
dbe554
e33590
ea7da0
eac99e
ed765e
f0c7ce
f23a1a
f97522
02d306
05619e
04081c
00b89a
fa48d0
f4bd32
f080c6
ed15d0
eeb9a8
f1a8b2
f09ba8
f16abe
f52ed4
f88d4e
0242b4
111266
18465e
19f2d4
1c99f2
1abbdc
178bb2
1a06e4
17d6fc
0d03aa
06594a
03b0ce
fd4956
f9d100
fd6402
013114
042506
07675a
081f4a
0961fa
0ed6b6
131058
123f38
0fb908
0da2b8
0b7ddc
0893fc
042cae
006f64
00de20
03d988
044e32
01a9b8
013aec
071b86
101b0e
1506d6
131e90
0e8e2a
0c893e
0ca9b4
0acf88
064328
0146de
fd1cdc
fb8cac
fcc346
fce768
fcf14e
01e69c
0736f0
069806
06e8d0
0dbedc
1367ec
11e46c
0c2ab8
071318
0606de
0604b6
0039ee
f85f7a
f74ffe
fa5474
fb02e4
fb57e2
fef250
05c984
0d39fc
10e8ee
10da52
113d14
1202a2
11b2ea
1137d8
0e7016
08957a
04f9f0
043c02
01b35a
ff7012
01d9f2
069104
099468
0a0b34
09e19c
0cd172
126cdc
152566
136c18
107a98
0d58aa
097956
055322
0165e0
fece7a
fe1e70
fd3e14
fb3824
fa9648
fca3f8
ffac48
023f86
03c70e
04277c
04b172
04fa14
013e02
f9ea3e
f59654
f597fe
f471b2
f12f88
ee15dc
ea39b2
e7f08a
ebfa2e
f28830
f498c2
f26f1c
ef80a2
eee276
f1c596
f268fe
ec22f4
e54ab0
e39318
e2a33e
deb8f6
dafb48
db3a7c
de5f5e
df944e
ddacaa
dc6896
dcc7e2
dde526
e02b10
e09522
de2980
df47fc
e45a4a
e83a50
edd59a
f506fa
f5a5d8
f467ae
fb04ca
01046e
fce2fa
f590ea
f21344
f1dcdc
f2fb36
f15204
ecbd66
ecc43c
f2fd7c
f7b9f6
f7b41a
f915fc
029906
0fe6e8
15726e
143f36
17013a
1bbc12
1b31b8
19b904
192092
12ee94
0a2d50
069508
04e4f0
01a140
01ca6a
066322
09e94c
0b3866
0d0c16
0f7d0a
12ad36
17c718
1b2414
1880ce
148794
14aaac
145c3c
0f1066
096bc4
08be36
0b725c
0b505e
05a3a6
02091c
07d884
1167a8
171604
18b322
1638b2
12395a
129b4e
1363bc
0ecc64
0bacd8
0c6af6
081642
ffe0f0
fd4096
00633e
053b10
096f8c
09d874
082028
098936
0db04c
10dcae
106d98
0c91dc
0ac1f6
0b762e
0538de
f91502
f5646e
fb66b4
ff051a
fd7734
fcb818
0042e4
0872be
10d1d6
131ba8
11a900
12d05c
148baa
11874c
0b5fc0
07435c
068234
05b058
01aa12
fd901c
ff3a38
04bcd6
07297e
06cda0
08b1da
0cd0ca
10a290
12c544
1162e8
0e7478
0ecb24
0f1e1c
08fab8
0111ca
ff32da
006166
fe4e6a
f9f6b0
f86b50
fb8bce
ffcca4
013cf0
0110d2
023cee
051892
080508
06bbf8
ff02ba
f7f50e
f7e67e
f8a412
f42b88
ef6692
ee68d8
ee473c
ee0a4c
f0006e
f383e6
f551f4
f429de
f27a0e
f32d98
f45506
f1569c
eb7714
e80b72
e6c4ec
e50986
e4a776
e3b1a0
ddd2c4
da93f4
e0143a
e2a316
dddb18
dded20
e11c46
df0572
e0fda8
e84872
e82f42
e93966
f5ad82
fbd488
f69668
fa1bc6
04eaf6
058086
fe88d0
f9560c
f5b7aa
f2e818
efb58a
ec7b8e
ed3712
efc4b0
f11e62
f3a636
f5c1ce
fa9014
0a7d1a
188e20
15770c
12667e
1b5656
1eb8e8
19c5d6
199b70
189694
11657c
0bd476
05a6e0
fd661c
fd3432
01b710
00e636
011896
0625f8
08500c
08837c
0be538
1001ca
13830a
1585f6
1285a0
0e4912
0e1086
0cf646
0818c4
057ac8
06140a
04c820
024ece
02a774
04900a
05d5ce
09254e
0f55ea
12205a
0de9e8
088064
075678
091d34
0b30ca
0b12ae
06099c
fed148
fcc9fa
01d7b6
076a48
077bf6
046c26
03fe10
05f41a
07717c
08f072
08efda
054318
02fb64
044aa8
01085e
f81b18
f384c2
f5595a
f7a284
f8fdf0
fa2574
fc3ab0
0247e4
09578c
0b3684
0a7f48
0be8f0
0cde4e
0a9d44
0651ba
029a3c
0278ca
037cb6
0019e8
fc3bb2
fe7138
026416
033f86
041c44
061974
07c7ba
0a6fe8
0d46ec
0dc69c
0d10a0
0ce12e
0cd6c6
0b983e
07a6b8
02f528
00a4b6
fe91b0
fbc77c
fc70fc
ff2c36
ff34c8
ff2746
00f9c8
014006
01fe00
061e0e
074798
01d5fc
fcab20
fbc868
fb4692
f8e564
f5ca80
f24338
ef599e
ef5386
f1455c
f28ade
f3e312
f5837a
f3fd5c
f0240c
ef88d2
f21b36
f2da98
eff308
eaf896
e6c5f4
e46d9a
e173a4
de9d80
df59be
dfcc2c
dba416
d748ca
d5f5f4
d73bc4
dc282e
e0218a
df3c50
e2c6ee
eed462
f7f53e
f9a3e6
f953d0
fa08e2
ff8fa8
073812
0420c2
f81da0
f184ca
eed212
e99cc4
e6cf58
e6f810
e74d28
eb46dc
f01e5a
f20e0c
f9282a
06436c
0f26b0
14c0b4
1b8ae6
1e3faa
1c54f8
1adf5a
18c7e4
15513c
11f976
0c9d58
063b68
024278
ff779e
ff50ce
043f04
0784b8
0679a4
0952ce
0f0c06
0f96c2
0f870c
13dfe8
155062
12b036
134c6c
13f0a8
0f092a
0b387e
0c8236
0d1c9c
0c5074
0c66c8
0990e2
053640
078c5a
0ec194
120d58
112cd2
105a9e
0f58d8
0cadda
09ce3a
09d192
0c6e04
0c9634
08cbbe
04ffde
02ce76
03fda0
0ad8ac
0f8368
0b2c10
0891ba
0de58c
0e0f60
05f77e
03de84
09934e
0b7b26
064ed8
fe70e2
f88ffa
f932ac
feb64a
01ef02
013466
00f990
043ae8
09e4fe
0dd0e8
0df9be
0e3230
1074a6
104666
0b7be4
060ac0
03cad4
055190
072b8a
048e0c
00853c
02f67a
0909ba
099926
06dab2
08a484
0dddc8
115c76
10f584
0d2694
0b436c
0ee8fa
10d4d4
0bc78a
0697ac
04cc1c
021502
ff2b10
fe3e30
fd3c9a
fe008c
0229be
03882e
00d558
00f0b8
033172
026a38
01e5f0
048a6e
040886
fd5960
f79e04
f765b8
f7b752
f5345c
f3d9e6
f49a7a
f2e02e
ef5998
eea104
efe4ea
f10c54
f2f62c
f39134
f02002
eba692
e983da
e8d9e2
e85228
e6982e
e26924
de6124
dd49d8
dc4448
d8f734
d75424
d961c8
da5380
d850a6
d91740
e0e854
ed7a50
f8ac9c
fc93de
fb66e0
fee0d0
070e68
08da08
02f8c0
fdd818
f98c2a
f1a778
e8a8ac
e2d3ba
e27500
e890be
f00280
f1cffc
f0f0a0
f6337e
027f36
0e24f8
152710
1b93c2
210d7a
1e75d4
17700e
16ac16
181b32
134b60
0d390e
08b97a
0162be
fcb222
003e58
043fb4
053c32
083a7e
0a9ec0
08f108
08c7b0
0ca304
0fdb42
104936
0f891e
0f678c
0f8f64
0d77be
0a1c22
09ee5c
0cede6
0f5c1a
0df438
06ff5e
001634
023b14
0a1dba
0d7f5c
0c5ed0
0a85a4
066700
022388
02e01a
06a100
091638
0963fc
05fda2
000f8c
feddca
04483e
08b4c2
08a194
0892fe
09dbc4
091b0c
062fd6
039cbc
029c3c
03e496
051266
007e56
f7bc86
f41be6
f7741a
faba26
fb8658
fcd55c
ff4b68
01d5a4
04351e
06c14c
0a4136
0d8568
0da412
0aa726
0717b0
0512b0
062938
07e5fc
04e8ca
ff9762
ff4e80
024316
02b1d0
02f880
05d92a
07ceec
080b5e
097d8c
0b091a
0af382
0bf418
0e3756
0cb02e
077a32
055c3e
06997a
045b48
ff7106
fe49f4
fed2e2
fc887c
fb4be4
fd64d2
fe41d6
fdc876
ff526a
006ebc
fec666
fd46aa
fcdfa6
fb8834
f9bc5c
f869aa
f64738
f341e4
f1a60a
f25378
f303c0
f1c842
efabc6
ee0b28
ecc41c
eb9408
e9a7b6
e6fc0e
e67ae2
e78c7e
e4740a
deee34
df3d06
e2f10e
e065ea
d877ec
d3f7a8
d67f50
db09ba
d8dc5c
d0587a
ceae28
d95818
e5744a
ed047c
f3fff2
f8aa16
f96b10
fe037a
06e57c
08cda0
018fac
f9ecaa
f462a8
ed0384
e45746
df8ea2
e161ea
e61e4e
e8b77c
eabfaa
f0bbc4
fa636a
05c2d4
11d424
1b43ba
200cfc
220df0
214ac8
1da818
1b017c
19aec8
15281a
0d7784
062592
01394c
015280
05923e
07d1e4
07e0de
0a97e0
0d9ce0
0d3eca
0d88ca
1129d0
146d8a
14a916
12e404
1212e6
13e10e
14b854
123df6
11a0e2
1508d8
164ae8
1312e4
0fd64e
0ea1d2
0f2bc8
11d25c
145b30
1352b2
0f4b86
0af8e8
074ec6
054910
06eee4
0b16fc
0ca016
09acda
070780
0920de
0e9812
137802
1582d6
14d280
12743c
0f5760
0c8cae
0b08b2
0a783c
09a0f8
06e05a
015ef6
fbcb46
f9e454
fb30a0
fd5fe0
ff2b88
ff4f4e
002c74
0563a6
09cd44
087e8a
097af4
10aa42
12c7ea
0b6bfe
04a226
0408be
06e260
09af0c
0868ce
033d1e
00dce2
03669a
05e08e
063940
069d92
07af66
07a016
05727a
03e4b2
062c1a
0a5480
0c1dac
0a1afc
05b82e
0326be
04d468
05ac9c
01ffdc
ff188c
ff9d8c
ff42e6
fe02b0
fe92a4
fedb86
fde308
fde93a
fd90ae
fa9816
f7484e
f60250
f5b71c
f4bcf8
f329d6
f249a8
f22b52
f1ef68
f2d214
f5585e
f59ef6
f1843e
ed10aa
ebc660
eca8ea
ed5a0c
ebb49a
e7b9fa
e4e144
e49836
e3c6fa
e1cae0
e1a5e4
e2157a
de7ea6
d80582
d3ee02
d2e39a
d2d0c2
d4c806
d949b0
de2ff4
e4bc36
eeb8b0
f6e930
fa9f46
019232
0d6cc2
128e02
0cac88
048b0c
fdcbc8
f646a8
f0ef30
eebdd4
eacee6
e6081e
e53b30
e74386
eba34e
f61246
03b90a
0d4548
133174
19de88
201072
2349a8
252cda
26233c
22c812
1b975e
162612
12a4b6
0ce3ae
0821c6
08d0de
0971aa
06953a
06149a
0893da
0941b0
09a3e4
0baef4
0cf4be
0e06e0
0f9e6e
0f990a
0fdc7c
120abe
124994
10dc96
11a754
12dbac
129526
12739e
1133d8
0e4e1c
0d4c52
0e95c4
0f8d8c
0e9286
09a98e
023440
fdabe8
fd8e0e
00076e
03c7ac
048590
000c4e
fcc598
001b40
077ad0
0e084a
10610c
0f2894
0e4fb2
0ceb14
085336
0584dc
08053c
09107e
0311a6
f993f6
f3453c
f3a416
f77580
f960aa
fa79b8
fd8d66
005652
012e66
018954
02b572
071198
0d7966
0db3c8
05b362
ffac34
0243b6
07e96e
08a6ae
03c48e
ff3976
ff1702
00b860
0128b8
01216c
01758a
028168
03ceb6
030050
014c08
02fdba
064cc2
06411c
03bbe0
01e212
0183c2
029a36
035c3e
01f772
00a8e0
017852
022686
0064c2
fd4a42
fbda70
fcd14a
fcaa60
f9a552
f6b6f0
f4f07e
f3a390
f4a22c
f61b4c
f31ba0
eed522
f0398a
f5617a
f79d86
f4e11c
f0d206
f054de
f186ac
ede570
e7f2b0
e7aa2a
ea940a
e8550a
e0840a
d9d7a6
dab28a
e120d4
e24ac6
db0cfc
d5447c
d41c3a
d14082
ce6488
d115d4
d6111a
da510c
e1a01a
ec30de
f3e8de
f6185e
f88780
01ef06
0cba48
0b0154
fcbe22
f1d8fc
f14b9e
f0f79e
e94816
e194ca
e3b284
eabaa4
ea1632
e56238
ec222c
fcb8d2
07b436
0baa98
10c1f2
15f2b2
18c520
1bc896
1ce124
198e8e
16a5d2
156854
10fb64
0b4f08
0a3df8
0c5c30
0d79d2
0d1d1e
0bd662
0a537c
0976de
08a182
0816b2
09975c
0b995c
0b1e9e
0a3f56
0cb572
10678e
112ddc
10cba4
138ac2
17d16e
192408
187c10
18f1fe
18e7f6
173db0
17ae7a
1a9c64
1a0378
136676
0b5326
05c844
037226
049e60
0815e6
09e864
082cf6
060094
072fd2
0bafaa
10c66c
14a6e4
17565a
18313a
157752
105dd2
0d7572
0e443c
0f2f4e
0c8628
0588da
fd2e8c
f95224
fb9cf2
fe33b8
fd9eb2
fe52de
032a28
075922
0629ee
033ace
06724e
0ecd2c
10f638
09e816
05c30c
0aa566
0ebe38
0bcdec
089bdc
0a0696
0c13b4
0b28ea
087c1a
0630ce
0562d8
061a74
06826a
047de8
01a58c
0214aa
058844
06aab8
037c12
00e508
038d80
090132
0aa714
06d1d4
03682c
0545a8
08fc0e
089456
04782a
019504
018748
01924e
ff4f0c
fac9ba
f625ce
f4ffa2
f7b1fe
f85fde
f368e8
ee973a
f012bc
f4d198
f64c0e
f3a856
f1677c
f21436
f23b4c
eeff38
ebd084
eb8bbe
ebe126
eb1b72
e8b8bc
e3dcbe
e03fae
e167ac
e188ca
db74e0
d4d456
d326cc
d36ac6
d188de
ce3982
ce4aca
d62f2c
e3d290
f001d8
f5b16a
f60366
f843b4
016d3e
0a2424
08cba2
004516
f820a0
f2596a
ee7b12
ea609e
e59820
e6c54c
ee42c8
f02b5a
ec04b6
f002a2
fd5914
08359c
0dfa4c
1234b2
1409c8
141366
15681a
16f140
15f0e6
133c08
110c90
0f0e94
0bfe68
0a8bb8
0e5e36
1435fc
161cec
13ead0
0fc126
0af910
0908aa
0a5f56
09b3c4
05cece
02a5ce
010e52
00c03a
033202
06cba0
096bce
0cbe08
1091fc
1273dc
14091a
1718c4
18e334
18bc7e
1998f8
1adb4c
1906ca
136c2c
0bf000
0529ac
015a8a
00845a
017432
034856
037d16
00b570
ffca6c
04f1b0
0b99ec
0e86c0
0fbdd6
111cd2
1045b4
0d470a
0add9c
09d81c
0a4ee0
0b2804
082306
00e000
fc4dcc
fd89de
ff76c8
ffb4fe
01cc08
05c18a
06f542
0451ba
01d15c
02d8e2
067fcc
086e98
057916
0072ec
ffb2c8
0458c8
088fd2
08ee52
0921a6
0bc2e0
0dd5f8
0d5112
0b7e28
0950b2
08173c
082580
0517cc
fde282
faa8ee
febee6
01d7cc
ff6034
fc5492
fcd88c
00c9e0
05698a
0689ac
056d14
073e64
092f02
056e94
00a9d0
01b8fa
04413c
008688
f81e0e
f3acfe
f6b2f4
f9df8e
f6524c
f0c53e
f056ac
f382cc
f5b654
f519ac
f225d6
f06f9e
f1621e
efb3ca
ea125a
e7bd30
ea29d8
ea4a30
e70cba
e5fef0
e70102
e4d03c
df790a
dd3f60
e092de
e2c32e
dc4450
cf534e
c68d3c
c8e098
d09e78
d34950
d2a9a6
d9e4c8
e7f4cc
efe744
efb006
f29d44
fdc944
08e93c
0885da
fb09ec
ed512c
eb64f4
ee663e
e93dc2
e0c2fa
e19e6a
e7a59e
e6d92a
e35782
ea1e6e
f9e44a
062b66
0ab9e2
0cc0b0
0f37c0
11bba4
1473a4
1614ea
145e50
107152
0cc602
097ea6
0720ae
080c92
0c894c
118394
13887a
11c22e
0f0672
0e360a
0dee82
0c339c
0aa938
096010
051ede
ffa04e
feed72
02c25a
054932
051b88
05f464
0a2b2a
1011f4
145590
1688b4
1989e0
1dbb72
203182
2078bc
1fffa2
1d91ec
17a6b8
0fdf4c
094744
061bf2
066a38
07b036
07a016
063f82
05141e
063516
0a4be0
0f6c60
13e7b6
165af2
141a26
0e98de
0c87dc
0f6082
11dbfe
116ae4
0e69c6
0920f8
055030
060ec0
077086
073954
09e110
0ee22c
0edd16
090be2
04c2fe
060174
096a34
097052
0474b6
fede8e
fde38c
015d22
060830
0a4988
0d4df4
0e4c24
0ed832
10de64
1282ca
11497a
0ede60
0d5de2
0b107c
06e030
03aeb2
034072
0322aa
00d502
fd4466
fbac48
fe42cc
02b4ae
04233e
0282fc
02f932
06a8ac
086c6c
0626e0
0418b8
0490ec
03e986
ff179e
f8d758
f670ca
f8c3f0
f9ded2
f50dc6
efb45a
f0dfba
f3e7be
f16ffa
ee4e42
f1303c
f46ee2
f0d862
ea1e92
e70530
e832be
e9ec16
e8c018
e57f52
e3b3ce
e2a4fe
dfbbaa
de3702
e0bad2
e1958e
dc6392
d52fee
cfe590
cce0b0
cde2e2
d39ba2
db0a04
e30bde
ec0626
f2cecc
f649a0
fc2f42
0642be
0c86d6
09a65e
0200d6
fb1fe8
f5f3c6
f155fc
ecb5e2
ea03a4
eb1dd0
ec471a
e9f632
ea5650
f3a770
ffa3b6
06654e
0b1258
1216e6
17c5e4
192eba
19ccc8
1aed28
1908a2
14bae0
12750a
1160c0
0f1cec
0f8020
14137c
16b5bc
1579e0
1489e6
13727a
10675e
0eb5fc
0ee518
0cd1ec
0837f6
044c06
02d892
04097e
0575d6
04c336
046278
066e08
08ae32
0b3dbe
106f54
15af5a
16e742
150e26
141418
162636
18d5b4
16fe92
0fd28e
075148
004322
fcfb98
ffc4b2
04a3b0
050590
029f82
02f526
04b53e
04fb02
075766
0e00b4
121772
0de4f0
070c92
0500e4
061b2e
065d9a
066c38
064b70
045642
025c12
02a134
03d8b0
057f62
09012e
0c9098
0c3dd4
083908
04a154
03c2da
041bc4
034746
002384
fb928e
f945a4
fc2e36
01baa2
0593c0
0780be
08f640
0a41e8
0c0458
0d985c
0d1350
0b8ccc
0a2784
062152
002e22
fe4cec
0085b0
0028f8
fbd22a
f867a4
f84a3a
f9bf50
fb2742
fc9b16
fe5080
ff584c
ff695a
001186
01895c
01c186
005494
ff03a0
fe3084
fc6ca6
f8fcf0
f58e3c
f51c40
f7b06a
f90bf6
f6251e
f1918c
f017fc
f242fc
f3a4da
f16524
edef7e
eb5482
e80320
e43046
e31d68
e5ae1c
e89e46
e75a3a
e1a4aa
de9a46
e2c0e2
e7363e
e4e1ac
dec102
da2a7c
d85e9a
d75074
d302bc
ce6e2a
d484ac
e4d79e
f0b0be
f277dc
f2c35a
f869fa
029306
0a7864
093cf8
0258fa
fdaa92
f99766
f1e84c
ea0896
e74bf0
eb0690
f0623a
ef7f24
eb15ce
ee1996
f7d838
001ef2
072082
0e1cf4
123932
1472d2
1503e6
11c0a6
0f696a
117eba
11a568
0da5f0
0b296e
0b8dc2
0d0992
0f48f0
10e62a
1186f0
1135f6
0d918c
080fe8
052756
03e388
029d62
02544a
011b7a
ff420a
00b066
024886
00e53a
02b9e4
088750
0af2f4
0b6d3c
0f249c
12f2b0
1438ba
14e0fc
15295c
15d3dc
169ddc
120eb6
077a84
ff5be8
fed424
030302
07153a
079bc2
056c86
04b3ee
061ec2
07f170
0b6a68
10ba8a
139504
11668c
0ce6bc
09ab1c
08ee9c
0a4844
0bb4d6
0a35a2
06660e
04f96e
066758
065074
0619e0
0b13a8
122c32
13a3bc
0f0e1c
09d418
080816
094e72
08d972
0414ae
ffe02c
006576
029b94
0373f8
04d00c
0881dc
0c9fb4
0e1330
0d0e02
0cfb5a
0efb90
1042c2
0ea282
0aa98a
06ffca
06912c
0801a8
06a47c
022b16
febd52
fea220
0144aa
041200
040c76
0289d0
02cdf0
0374d2
0272a2
016588
010802
014452
02be96
01e306
fbc44a
f6ec3e
f8f12c
fcf622
fe76ee
fe474c
fb9c48
f7006c
f54c0a
f74f34
f8bca8
f78250
f3d472
ee59b0
e9b3d4
e7947e
e5a2ce
e2725c
e20096
e6ac92
e944f0
e3b824
de9724
e23524
e57998
e02760
da560a
d98a3e
d7a030
d2d1be
d14960
d8b882
e88d5c
f4a0b6
f30020
f04cbc
fae656
07bb96
0919ae
04fe9e
02679c
ff61e2
fb22c8
f52776
edee86
ebfe9e
f11adc
f4fe9e
f370f8
f15010
f412aa
fc7864
059e4c
0adede
0e3e64
123268
1498d8
145bb0
128d8c
10b156
116364
1340ca
129a16
12ca5e
15ed22
1598aa
12fc46
1652da
1a95ac
16aa30
0f2924
0a03e8
067186
056358
0521d6
00ed68
fcebd4
fe469e
fff248
ff7a5e
0136d4
047da0
0761b0
0c5ce0
11a2b2
12cd52
119f2e
113da8
126df6
1600a4
18f92e
15fcf4
0e1ad6
063592
00fff6
00a0d2
0429e6
066746
0646b4
065410
0504e8
0207b6
02fe22
09d51c
1045fe
102ea0
0aae42
06d592
07ef0c
0830e8
04a8b2
0450b6
0942ee
0aec2a
0643ac
02dbbe
05d828
0c68cc
1118ec
10f42c
0e16c4
0c5b94
0baed6
09f6ae
073f90
040318
000356
fc975c
fb7e8a
fc783e
ff0380
033d26
077eae
098084
0a0c0e
0b325e
0c822e
0c7fbc
0ad67e
07b8d2
046aac
02aa0e
020282
00f4c8
ffa504
fe9dd4
fdebf2
fdc29c
fde770
fed99c
0191ae
036904
00e1d8
fcdbde
fc2d04
fd6d76
fcc646
fa8428
f93612
f90654
f78bea
f4776a
f37532
f6918c
fac796
fbb9f4
f7cca8
f2d048
f2ef5a
f6ae5a
f64252
f0e278
ec6f86
eae81e
ea272e
e7e08a
e3c166
e14176
e1a026
e036f8
dbf266
d99cb2
dba378
e07714
e194c6
d8199a
cc9a42
ce0026
d633e8
d685a0
d368e0
d86726
e4c7f6
ef8060
f0a51a
ee423e
f8b346
0a372a
0a6ba2
fb8b6e
f518b6
f8976e
f7c7c6
f18f30
ed6e70
ee343c
eff940
ecffca
e90478
ed6eac
f7f980
ff5624
0207bc
036040
0663c2
0c1bfa
1002e6
0fc79a
0fe49c
0f5c00
0a5e42
0711d8
0a2c3e
0e8f88
12614e
166304
170f2e
15f226
1716b0
1600ee
10c666
0d8b3e
0bb6b6
06475e
0002d4
fc9d4e
fb12b2
fac61a
fb2016
fc3a00
ffc328
0314c6
045fdc
09c7f2
13167a
16a766
159d10
18037a
1a9c72
198520
18f5d2
1785d6
10e5a6
09aabc
05d190
04307c
0693da
0ba5ca
0be1fc
07e506
072828
0926fc
09e96e
0c08e6
10df10
126230
0d519e
07cfec
075ef2
08e77e
093686
0a87fc
0c183a
0a499c
08081a
09c312
0de9a0
1307d6
18258c
1873a0
140e0a
11ceda
119130
0dfa96
091d7c
06f9e0
04fd5a
0110fa
fde1e6
fdb4e6
00d118
05ecc6
09aeb2
0ab40c
0b9996
0d4ec8
0da6cc
0d0034
0d3cac
0c7ff0
091082
05f6aa
050cc4
03a35c
00e7ce
ff49ca
ff4d5a
ff9d3e
fff524
00ce54
024ab6
035ee4
0224d2
fea7fc
fb6bd4
fa9f7c
fc31ee
fd2544
f9ef36
f41008
f117da
f29ee0
f4cf96
f5203a
f58e06
f7d75e
f8da54
f51ec0
efb2e2
ee6fd2
f1effc
f5245c
f1eb3a
e815d0
e0647a
e0a7de
e2be10
e12546
df40e2
dead12
dc9b4a
d96126
d74144
d795bc
da80da
db3014
d502ba
cd5a94
cb9c9c
ce5074
d36d48
de90ce
ed8a84
f4753e
efab9e
ee406e
fc3b9e
0d7daa
1093da
084126
0088b4
fc03f8
f8018a
f3a01e
f10fda
f48b04
fab09c
f8b626
f03bf4
efc618
fab97e
06f694
0e5c1e
118294
11dfbc
117880
11a030
125f24
1491d8
175c84
169d92
116a06
0da1aa
10e4d2
18cf38
1e625a
1fe58c
20d8d8
20e99e
1cbde0
16b660
142286
13b0fc
0fb484
0796fa
006ba6
fd9208
fd695c
fd9f9a
ff0cf2
02bfec
069262
08d6fe
0c33d6
12e092
196ac0
1b5398
19b640
195c8c
1be9ec
1d91a6
19f9fe
122afc
0b08bc
074290
068b9c
08012c
0a1d80
0b96b6
0c28f2
0aa4c2
06f6e4
05a916
09f2ea
0f2a2e
0e919e
0842e6
0244fc
009264
0148be
0211e0
044028
07c47c
09244a
078120
065616
099770
120bb8
19fc50
19e3fe
1357ba
0e5134
0cc8fc
0ae5ae
06f2a8
027fcc
ff1be6
fc0f8c
f8967e
f7be9a
fc20aa
0249cc
065ac0
087526
0881e2
067204
0545a0
071140
095d7a
0836ea
03beca
010038
01fd90
01ceca
fe4d6a
fc315c
fdb180
ff7b18
febcae
fc155a
faf1da
fce1dc
fd9d1c
f9f962
f579a6
f3fd5a
f51e9e
f5825e
f206dc
eda2cc
edd890
f028c8
efc4d8
ef1c1c
f0c9e6
f36012
f5707a
f47d5c
f0c8ce
eff48e
f17d76
efd16e
ed3e2e
ec1458
e7f616
e2ccfe
e23250
e3263c
e1e034
dfb874
dd5366
db8f06
dad1d2
d8ced2
d6b566
d60f98
d31996
ce86dc
cc6438
ca1c82
ca6b04
d77078
eb8114
f5afc0
f45c9a
f32bea
fa88d2
08b044
11740a
0d5ea2
059924
025eb0
fe446c
f54e38
edfbc4
eff23c
f8f05e
fc6e68
f5dd82
f23e2e
f8df7c
00c132
063618
0d31d6
124ba8
123650
106a2a
0e4db8
0d331a
0f9a2e
10f012
0daa82
0c11a4
0f11a8
122676
150ff8
19ebe4
1e82dc
1fb24e
1bb0ce
141534
0f1986
0e6b42
0c0412
0592c2
ff1102
fb1d50
f938b8
f75de0
f5b44c
f8dfcc
002e78
033bc2
02a23a
073f12
0f1090
123756
12a038
15155c
1897dc
1a4968
17691c
10a6b8
0b5cba
08ac9c
069f02
085cfa
0d3640
0d1e76
08d83a
088938
0b5d3a
0c23a6
0b6cae
0ada96
0a18a4
086e28
051b94
01c962
0054f2
ffbda6
013e24
05ce34
07a4e0
05799a
07a440
0f556a
15021e
1796ee
1a42d2
1ba93c
19890a
144ed2
0ede7a
0c9c0c
0bd60c
07f89c
01a4ea
fd16c2
fd7564
0307e6
08263a
07a990
066fda
09cb7a
0d653e
0cf7bc
0afe26
0a4364
0aade6
0a4fb6
07b9ee
052d22
0511ce
0583b6
04aa94
03cb60
040358
046d76
03a2b4
02c742
041c54
048e66
ffa6da
f9928e
f858a2
f96386
f7e4f6
f3c0c8
ef8e76
eec154
f13b08
f1f03c
efbf74
ef6e1e
f33b86
f81256
f87c54
f2fbc8
ef3fb2
f2b626
f4eede
ee4ce8
e5e4ba
e48a66
e75db6
e63658
e07790
dd8344
df2ab6
df130a
dd0c72
dd7efa
dd301a
d9325e
d4c3a4
d01246
cc3804
cda700
cf057a
cb4428
ceab16
e031d8
f05ade
f3d2ca
f2fa84
f7ee50
0313ce
0e4cea
11971a
0ace96
01ab46
fde5dc
fbdda2
f4a9e2
ef07ae
f48dc8
fb468e
f76308
f3ebde
fb00ae
027c9e
055752
0b5ec8
13c3b6
17b05e
16f702
132d3e
0f6cba
10e5c2
14476e
128694
0f59a0
114a22
15a1b6
17cd62
19089e
1bec5c
1f0520
1e243c
190d4a
14c054
134848
111492
0bea22
057b76
00679e
fdecc4
fc601a
fa51dc
fac700
ff4f34
02f39a
0353e8
059526
0beb34
10ec90
10d2e0
0f3680
119be6
172e28
188dfa
12a566
0be528
099426
09d68e
0b3eb2
0e0e62
0facd2
0eaeee
0cf380
0b277a
0a3290
0c093a
0e8c90
0de85e
0a3fa2
05af50
025f62
0129b4
ffa2a8
fe5274
018b12
06144e
05d63e
05eb3e
0bffb2
12e362
174da8
1c125c
1f0896
1c98e2
17c1d2
145908
127c9c
10d890
0daaf2
08371e
0266da
ffa078
01b196
05d24c
07b20a
07b564
0834b6
08a62a
08aa3e
08bfcc
089c0c
090376
08fb9c
055406
019238
037f44
063be8
03e930
01b59a
03c8f2
05c9e0
052eca
04550a
04dc72
0622f2
051e7e
ff3ab6
f7d776
f511f0
f6e87a
f769a6
f35c92
eddb4c
ead0cc
eb4890
eee030
f2a47e
f2fb62
f1fe4c
f29898
f1b238
ef183a
efa9c6
f1418a
ee7824
e98ed8
e5ce38
e2f054
e25b34
e35338
e1688e
dcec5e
d9b9b0
d863f0
d7f068
d76f94
d5b3de
d310c2
cfc138
cb9944
c91690
c9b800
cb1bf0
cdee00
d71faa
e58e70
eec598
ed8b58
edfc64
fc2e2c
0cbc1c
0deb56
048160
fed82a
fe257c
fcba54
f76c28
efcaa2
ee65ce
f53bd6
f77598
f126de
f038d8
f99d0e
02d75a
071da2
0a8de2
0ea1f0
111d2e
108766
0e5202
0d70d4
0e1df4
0e0a3a
0c9d28
0bf28e
0d9632
0f5002
0f1dfc
1151f4
184674
1b5d2c
14f95e
0db52e
0cc586
0d12be
08fc0c
02d22e
ff9018
ff7810
fd7fec
f84876
f6377c
fa10a4
fe3bd8
fffc9a
02564e
05b73a
07d0e4
08531e
089446
0ab38e
0fcf14
13e604
11614a
0a843a
071c50
08e188
0bbcf6
0ec6e0
124c0c
132782
110b4e
0fdb76
0f7cca
0e0986
0df7b4
0f54de
0cf428
067a0c
012456
fecc8a
fe5270
ffcb7e
0206e4
02ed94
04106c
07cb7c
0c67e0
108778
1692a8
1e1614
21e70e
209220
1da948
1b7ca2
1a75a4
19a62e
15eb7a
0f63fa
0afb04
09bea8
0862c2
075962
08f30c
0b890a
0c322c
0aca18
09729a
09cd64
0acf2a
0acc0c
09bb7a
07b17a
05e510
06e27c
08a7cc
06f742
04e55a
076fdc
0b0dc4
0a709a
07a4b2
075328
09f644
0b2ba8
064fec
fdec62
f9ae14
fad2e0
fb32a2
f7ee38
f39ff8
f00182
ed33b2
ec57ba
edc08a
efee2a
f1e0a6
f271ce
efcc90
ebd386
eb0d1e
eccd9a
ecac24
ea4922
e78322
e468c2
e1f0f2
e1a1a4
e1c346
e03e8c
deadc2
dee7d2
dea14c
db0f52
d62d32
d2df08
cfe8e8
cc6de2
c9f52e
c73ae8
c37522
c30dc6
c92188
d530dc
e48150
ed95ea
ec313c
efef0c
01db1a
0e6f98
08788e
00112e
020636
05ce32
024dfc
f904a2
f1fad8
f4b728
fc35d2
fc51f2
f7cc10
fb7826
05876a
0985a8
073274
0891a2
0eef44
12e180
129f58
11d5ce
10cdf6
0f0156
0e4a06
0ef7ea
11776e
16cce2
1abd04
19e192
197d30
1c0086
1b9fa4
17f4d2
16724c
16267c
128a48
0bbef4
056452
0355fa
05432c
0546c6
019442
ffd5ae
016cf4
01d234
025ce8
07de70
0e67d8
0e255e
08c732
068f20
0a4d60
102034
1348c0
117b2a
0cae34
094eea
091900
0be98e
12613e
1936d0
1a0ee8
15e684
13609a
12e2d6
112c6a
101712
10eef2
0f0f9a
084c34
00d370
fbe050
fa614a
fd7ece
023346
02d0fa
00e7ca
027396
078c4c
0d85d8
142d82
1a0f54
1d074a
1ce4da
199ce8
1639ee
17c54e
1a79fc
16b0a0
0f9ba6
0c127e
0b8446
0c6770
0dc3d2
0c10f8
08b7f8
0875d2
08c514
0658c8
04ebc6
062b5c
063954
036998
003fa8
0050d0
03eeea
060f1c
0446f6
037d28
05f0ea
070b34
04f984
040e52
070c66
09cd98
062a82
fe06ca
f9628a
f97f38
f953e6
f83478
f7a4ca
f56dd8
f0bec6
ed0712
ec8d80
ee7b16
f106f0
f1dc32
eeb824
e8a07e
e4eda6
e6ddb2
e9f100
e8cc50
e50cf0
e24d2e
e0e746
e0ec3a
e1fb4e
e17058
ded4aa
dd980e
df565e
e0c3d2
de0a52
d815ac
d2e410
cf93e4
ccb090
c9b7d2
c5d982
c1990c
c28a7e
cc3456
d92ba2
e2afe6
e8668a
eea506
f9b5b0
06fb34
0db818
0ca170
0b3274
0b048a
07c540
01f9f6
fcf01c
fa7902
fbe86e
fe17ca
fc2b40
f9fc88
fdbd28
03f31c
07874e
0a5d6c
0e0dac
10ac24
116b1c
10842a
0ee99c
0ee9ac
106408
10f7fa
114ee8
13aa78
178ec2
1afe7a
1c778a
1b8304
19a812
185cc2
16aca2
1332ec
0e34be
091afe
0509bc
01714c
fd7b7c
fac0d2
fade40
fc765c
fd2f14
fc119c
fad84a
fd3ddc
02cb84
05e4e8
04f312
038afe
03075c
034f46
04f1e8
05f378
04d73e
0349d0
0163de
001a66
041552
0bff34
1046a4
107af8
11ad6c
13418e
11c9f0
0dfc6a
0b60fc
0b9b18
0af03a
0505b0
fcef40
f83af0
f70ada
f833ec
fb13f6
fd0618
fe8914
02d6dc
07b3be
0abac6
10017a
183ed0
1cc470
1aac54
16d3e0
16be5c
1a10d2
1a9998
15d24c
121638
132ea6
1446dc
12ca94
11b890
11b140
1145e0
105450
0de000
09ae6c
06c440
0680f4
067d76
056614
045bf4
043114
04dcd4
0643ee
087564
0b1732
0c9856
0bf13e
0ae2de
0b437a
0bfa1e
0b60e2
095eb2
0612b6
01aa0c
fd4940
faacc2
fad242
fb7ff0
f8a252
f3b32a
f2459a
f2bfe0
eff1ea
ee0454
f2075a
f471ae
ee4e50
e746d8
e7bc2c
eae7f6
e8ece6
e34c7a
e0a018
e24f76
e38ebc
e0dec6
dcaf04
dc1e76
e03e72
e343d0
dffe14
dac8dc
d9e536
d964c2
d348d8
cb5f2a
c7df26
c7f838
c7b556
c7518c
cd1fec
dc63dc
ead6fc
ee1174
eeadc6
f995fa
095c10
109f58
0d0f8a
06cc5a
059d28
068b34
0067c2
f7516a
f88d30
00c2e0
018dce
fb8e74
fa40d8
00aa2a
0878e6
0b8308
0b66c0
0e9e20
13179c
11254a
0c1dda
0c8662
10ad22
12cb40
1220d8
111e1c
13c660
1a00d4
1d0c24
1c1a0c
1d4e46
1e2f10
18d6c6
124426
102d9a
0e829e
0927b0
022d22
fd83fc
fcf170
fd9820
fc3c22
fb923e
fe3026
00939c
00a162
01eec6
06dab2
0b6e06
095182
01edfc
ff5614
048c90
084916
05aea6
023134
012ecc
00f41c
0105ca
02f476
0853b2
0fbe18
143566
13badc
1164ca
0f2060
0dc85e
0f568e
11f1b2
109a76
0a6a56
027a18
fc21c2
fa034a
fbcd28
fe6396
004690
023068
043a9c
05e414
0873b0
0eccb8
17b0d8
1bf16c
1908e2
162404
17d6ce
1a4700
1a49da
18c716
179d66
188cc2
19b8a4
17411e
140bc4
155fb6
17bfac
155598
0faf00
0a924a
0763aa
06871c
05ba86
0291b2
002e28
020860
04d0d2
04aafe
04a7f8
08c18c
0d9a42
0d6632
09b106
086532
09c9a8
099916
068078
022d80
fe114e
fb4d9c
fa3b7e
fa19be
f9ec74
f851b4
f4a3b2
f11c8e
f04af4
f1ce44
f39f9c
f373d8
ef9aea
ea4f08
e84bc2
e96b14
e8a250
e49042
e1354a
e0bf4e
e0d488
df49ea
dceaa2
dbf518
de15c0
e1a2dc
e18be8
dc8e82
d883a2
d8a36a
d7c830
d270e2
cd5846
cc683e
cb7826
c60166
c144dc
c7bdc6
d961fa
e81374
e9b84e
e731d2
ef982a
00cd34
09f832
05d418
01b542
053470
06c046
ff6d74
f66644
f4568e
f9b61e
ffd4f2
ff63fa
fb7520
fd8648
03db06
06b914
08ea30
0ddd5a
0ff4f0
0e3f7a
0e0912
0ebf68
0e4560
0e32e2
0e8b40
0fef5e
13b0b4
15deca
153c34
1769d2
1b493c
1a49ac
15adec
1190fe
0e5024
0bf61a
0808a0
00b5d4
fbb968
fb3920
f9324a
f6a29e
f8c01e
fbea34
fc8bd4
fd3492
fed00e
01e0a6
05fce2
059476
00e710
ffd4dc
02412a
039e08
04ff5a
04a4fa
0001a6
fd0a00
ff02ce
029e16
08b1d6
0fb768
10cb30
0eb61c
101d8a
10fba8
0eae86
0eb50c
1103da
106f14
0bd482
042972
fcdf5e
fbd9d6
004396
0323f8
024c42
012d20
02ab9e
068d6a
0adbe4
0fe054
16ea74
1c2748
1aefee
16f44e
174fc8
1be8be
1eac42
1ca2d8
198fee
19c026
1b97b0
1b6858
19a338
18eae2
196be0
182af2
12bd28
0c43c8
09fddc
0a8bee
08a1a6
043240
012f74
0190c2
044f84
071ab4
093bf8
0b8d48
0cad72
0b7580
0b2814
0d926c
0f3a3c
0db596
09e958
04e5b8
00096a
fcb1d4
fb8dc0
fcef16
fdec60
fa78c0
f59ea6
f5463e
f7698e
f6ed70
f457d2
f268ba
f1b944
f0a58c
ecd8ca
e81e08
e6dc68
e74736
e47816
dfd6b4
dcfbde
dbe34e
dbe56a
dc28d8
db6a2a
da69aa
d8faaa
d6545e
d6c04c
db5ec8
da55ca
cf9776
c6cae8
c7a058
ca8972
c80744
c50c6e
cc5f76
ddb920
e91032
e5c030
e2e6ae
ef0d06
011684
088762
02cde4
fa7146
fab062
0045b4
fd24b4
f36e94
f4b920
007064
042316
fce212
f98340
013842
0bf988
0fbb84
0d50ca
0d8088
1143be
10f104
0c57cc
0b2348
0ea30e
115736
10c772
103cea
137210
18d4c6
1c5436
1e48fa
1ff79a
1e6aee
18e99a
13f3a0
11dc8c
109674
0d3d54
065f9c
ff0ab2
fc6f1a
fdb7ca
fd9cee
fbb84e
fc339e
fff960
02fb56
02c33c
02ef42
068174
09057c
06570a
0345ba
0591da
09fab8
09795e
0416dc
008982
01b15c
03b8c2
0575ae
0a0c3a
0f8bec
10f6d4
0faa08
0f3c54
0ee460
0e850a
10a0ba
13d980
12fa16
0c5b9e
048de4
00e96c
01ac16
03ac28
053bc6
05c59e
04d686
0456a2
067484
0a750c
0fca8a
164228
19ade0
172794
143506
163758
19a70e
1a2058
193d54
18e990
18f138
195b0c
18f334
177a00
183b12
1a3d42
1753e2
10c73a
0d595e
0bb9da
07991a
036570
019bae
01280c
021664
033fe4
028cee
02da64
06c988
0a3e42
098b2c
07028c
06675e
0817e2
07d6e4
022fc0
fb5c58
f939d8
fa0070
f966d4
f75594
f544b8
f46c6c
f5458e
f57254
f2f23a
efac34
edd0a6
ed574e
ed4526
eb391c
e5546e
deb038
dc62e6
ddee92
deb7ca
dd541e
db548e
d90718
d79314
d92eae
db497e
d9db0e
d7a09c
d845fc
d8e3cc
d5fa60
d0507a
caf07e
c97d32
cae4e6
c91782
c5a442
cac7c4
daad52
ea1e6e
edd0f4
e94812
ed1c40
fdce88
091a34
04be6e
fe4842
ff2e36
013b88
ff1018
f8dcb2
f58ba4
fefef4
0c2fd8
0a0072
0032f4
0284fc
0b8b36
0f12d8
11110a
13fb5c
13ce18
11ad3a
0ea4f2
0b5a02
0cec1e
11ed9c
135cb2
13ac12
17202c
19cc00
1b19da
1f5692
249da2
25cd5e
2131e4
18a1c2
1239ac
116ee6
0fc26a
0861c2
01356c
fece12
fda182
fa89d4
f6c5ac
f58cdc
f8b5c6
fc766e
fc5ec0
fc07f2
ff4b36
011f9a
fec48c
feeea8
04850e
08c14e
06933a
00f348
fdfd46
ffaca6
01b8e6
01d924
0484cc
0a0ab2
0bb664
093784
07cbee
06b9ce
04b630
05a20c
09259c
09dbf0
065024
00ef38
fd592c
fed2e4
031b80
05152c
0442f4
027578
0154f6
039378
07ab86
09d0ce
0cd664
11f5f4
120030
0d694a
0e87ca
151fe8
17f7ba
16a7f2
163344
1751c2
19aaf2
1c9c88
1d58f2
1c0d50
1bb506
1b0f88
16d0fc
110ede
0e3aaa
0d9eb8
0b4aac
072c6e
04bcd8
04c460
04cb22
046152
060fee
0a338e
0cec96
0b6406
08759c
08ae86
0b82d2
0c5f30
093280
04918a
01828e
000b30
ff120c
fed4e0
ff176a
fdfa70
fb09a4
f8360a
f6ab12
f54c4e
f2aa28
efa4c4
ee4a16
ecc090
e73952
e07cb4
de692e
df77ca
df95b0
e01808
e13352
dfa92e
dc6680
dad67c
db968e
de827a
e13a08
decb56
d8287c
d2aa76
ce5e8e
c9f036
c7fd92
c92902
cb52b2
ccd1c0
cd0238
d2257a
e2a3a4
f1a31e
f0959c
eecf16
fd2c92
0aa01e
06d850
ff51f6
ff7f66
01d110
02a5c6
ff8396
f8407a
f9fb3c
07fb02
0e15ba
07106e
06551a
0f119e
12eba6
124984
150b12
16d6ee
12a91c
0ce826
0a4096
0abe0a
0cb84c
0ed1e6
114416
15072e
197914
1c46b4
1cd392
1e8b92
226912
218220
1907a8
1289c2
12cad2
106e62
06d76a
fe7694
fc8bf0
fc654c
f9cb78
f6ab22
f654d8
f7b352
f74330
f66b46
f96536
fe15d8
feb7a0
fbece8
fb708e
ff972c
049428
049e36
ffaee2
fd37fc
007c28
025654
ffa148
00c190
088d88
0d7cfe
0b9396
091772
0846a0
075b10
081a9c
0a3630
09f322
07afda
051c4e
018152
ff34da
019090
063eb0
092672
09468c
07eb86
077402
082e18
08e4f2
0c1d46
12603a
147efa
10a556
0f9994
140682
16d774
15df22
159fb8
181a54
1b8166
1d978c
1d8e4a
1cdcfe
1d64d2
1e4026
1bd3b6
155328
0ffb16
0ed384
0cdf16
077844
03a068
0372ac
042012
053546
06ef5a
084a58
09d42a
0af5f0
09a6a8
07e1aa
087b30
09a70a
08cbda
05e8e4
026752
00404e
003674
016bf4
0272bc
009f52
fbb264
f87b9a
f82d9c
f629e6
f2c902
f1d420
f08186
ea6702
e26340
ded744
e0d61e
e1fca4
de2cac
dad51a
dbaae2
db7462
d8273a
d608b8
d762f4
dc4e4c
df8d8e
d7ec30
cbbfd2
cc07b2
d45cb8
d2405e
c67e40
bfab82
c2b848
c95976
cc5c54
cfb222
dda248
edfe44
ef4264
ead75e
f51a3e
059546
08e5ac
01747e
fbed1a
fcd326
fff592
fcf356
f58482
f86374
060d4e
0ac664
021d5c
ff5b0e
0a0050
1359f4
1330f8
11cb3e
140b7e
145baa
100c06
0c2810
0d00c0
10e2fa
12c926
114606
11ba74
182360
1f79c4
21c5fe
215c2c
21f820
207f92
1a1bba
145b54
140da8
12c11e
09c066
ff28ca
fb1b60
fb2da8
fa34aa
f7e930
f5fb1e
f5eeda
f6468e
f3f054
f34a8c
f9d18c
fff614
fd9506
f93ec6
fa3d9c
fe1e88
012374
008b46
fc9f3c
fc7332
012cd0
028612
01b99e
06ae30
0d1d4c
0db5e4
0b2b6c
089558
0659ac
06fdaa
0981de
0a1a22
08f134
05cbd0
003984
fdbf58
014228
04fc04
0594ce
054998
04f3d6
05159e
06b348
0997ca
0f0ab6
15e484
168610
104422
0e988e
152e20
19aa4e
172ecc
14b896
179a7a
1d66d0
20c7c0
1f4b9a
1cf6d8
1f1428
222102
1e1176
14c542
0fd29a
10c288
1035ea
0adda4
04f3c8
037122
06c518
0a0878
0936d8
07df78
0a56b8
0d20f8
0c2380
09ada0
08baa6
093296
09882a
074252
02c2f6
0027de
00b028
0228e0
02d2f6
008868
fc3f62
fb6608
fce83a
f9d4ac
f38344
efbd1e
ee1d76
ec6b84
e8de8e
e26ca8
decbc4
e0e4a6
dfa1d4
d8e898
d772f8
dc384e
debeb8
ddadb8
da6fc0
d7164e
d9d8be
df6d40
dc8414
d48be0
d20bb2
d1090c
cb27c0
c5c0ce
c528e0
c613bc
c7c1d0
cf3182
dd99e8
e9ab0c
eadafa
e8efe0
f17998
01f2f8
0b52da
062922
fba680
fa7f54
009e56
fd2518
f12eaa
f21f9c
022a12
0b28fc
052e42
ff85ac
04618a
0d18f6
113784
123926
14eb1c
16dd48
12bc18
0ae7b8
06c386
09117c
0e5d4c
125d70
148dac
16cd8a
190c38
1abfec
1dbec0
223520
24465a
211172
1a9354
1534bc
11cc48
0c7830
04bc7e
000122
ffd43c
ff4aae
fb84e0
f74af2
f7ace0
fcf95a
ff2d52
fb211e
facf86
016374
03117c
fdd02e
fddea8
04f9fa
0870f0
0444f2
fe9bb8
fe3fea
02cf7a
05f876
070126
0b121c
0ffe0a
1092d2
1083f4
129dd4
11b73c
0d877a
0c1e66
0dc968
0e1310
0b31ea
06646a
02eb44
0388c4
06e798
09d9ea
0ab828
09d0ee
096d2a
0a2a5c
09dfd6
0b21ae
122060
17e380
13d978
0d971a
0f63b4
13e4c6
131ab8
10870e
120a58
1727b0
1b2eb2
1a64d2
18b304
1d2dee
235902
205eca
166a06
0fdb1c
0df6e0
0bbe06
082686
051b3a
041af2
04c750
04dc52
045b44
062676
0a5f56
0d4050
0b31c4
04c25a
004632
022ab2
051016
02f5b4
fed6d2
fc3630
fa0710
f99d60
fc49d2
fdfd54
fca6bc
fb8ba0
fb3542
f85544
f29884
ee4576
eeeef2
f0e1e4
ebf4de
e072e4
d8772a
d8686c
da1c0c
d94e6e
d85996
d8b71a
d8c30c
d77f04
d59e40
d5576a
d8e6de
dd4988
db715e
d36588
cd6920
cc9932
cc0722
c9963a
c768e0
c58994
c4124a
c797cc
d48cda
e5d73a
ed9f9a
e93606
eaa1e2
fb78ee
097a7e
06f9ea
00b2e8
017edc
025582
fd1af8
f58bb2
f49e28
0008cc
0c0cea
085c8a
feaffc
0217f4
0c75c8
10c020
131622
16b824
15d0f2
104622
0a6a72
072696
0a1054
10d366
13527e
114a50
112cd2
1514a4
1b233c
20ee2a
254a38
280ee4
24e8e8
1a1376
12b7c0
1558ac
15b0cc
0cb076
0450a8
014dfe
fe4034
fa001e
f768f8
f8ff78
fed294
013be0
fb6ce0
f78136
fc89aa
013ed0
ffc2aa
ff3098
0320a0
05e7f2
0303ac
fd7d32
fcfb2a
032fce
07db38
06b326
06f8a8
0cc5d2
113c0c
0fcb64
0d69ee
0e737e
0fc812
0d6c0e
090180
065ada
05d714
04c680
01898e
fe945c
ffeab4
043848
05f20e
04d89c
059a44
086740
0a0902
0b45dc
0e4500
10c9e2
0fab5a
0d110e
0dd222
1115da
111dc8
0dbcf0
0d27aa
11bc78
17bafa
1b0ec6
1aaa0c
1a1972
1ca21c
1d3936
170d4c
113936
119be8
10c968
099a74
02dd6a
01a5f4
032730
043736
0479a2
0574ce
083d26
0a0948
0820fe
054d90
05385c
06f766
071bbc
03dc88
ffb2f4
fe42ba
fe22b8
fcbf30
fcd322
ff98d8
00bb78
ff450e
fe5086
fd54ea
fae328
f8f06a
f837f4
f66308
f184fa
ea2b34
e4bc54
e4c964
e524fe
df428c
d8b6ba
da3e0c
df098e
dd4aea
d6f5c4
d461aa
d79966
dc8854
dce90e
d5eea6
cf71ec
d14e98
d35152
cc7510
c5b3e0
c6bede
c825b8
c9b754
d578a4
e5dc84
eb78a2
e89492
ebef56
f946fa
06b9d0
0a2af4
03f06c
fd7c9a
fc9c80
fc5016
f7235a
f3ae9a
fbd8fe
085cd8
084406
feaeca
fdd548
068df0
0c8020
0f16f6
12afe6
13c9cc
0fae6c
08874a
02d4a2
05a1a0
0faa98
13eb04
0f5e42
0e8c36
160b2e
1d11d2
1fed82
23fb20
29977c
285fd2
1e1978
15a53a
1584bc
15347c
0e1308
058d5c
00cd0e
fe0eea
fa57de
f69912
f7d614
fe58f0
00a0aa
fa8f98
f69856
fbe4d4
02be66
028138
fe78be
ff94b6
05e322
075432
00d4ae
fcc078
012162
06e138
082742
08e09a
0d909a
12e6f0
12e9a8
0f3988
0e3632
0f9d8e
0eadf6
0b5be6
08816e
072156
05b63e
015434
fc89a2
fee920
062e8e
07e840
04adc2
05081e
08926a
0a564c
0be22c
10e8ce
16cee2
16707c
0fc6e4
0d542a
12f792
163d0c
120102
0eb6f2
121644
18704e
1c30f6
1b6c20
1b21ec
20122e
2340a8
1cefca
142a14
11eb9a
125b4a
0f0c40
094bde
056b5a
0535b2
06da5a
07baa6
088442
0ac1ba
0ca9ae
0c1948
09a7ec
072226
0639c2
06dcac
06b4c0
050840
031ad8
0039e6
fca376
fd1a84
02f9c6
0702ee
043802
ff9df4
fe7fd6
fe3244
fb5b3c
f895ea
f82614
f62ae0
ef1a9e
e6e6d8
e3010c
e1b834
deb31e
db3b7e
da7c9a
db28e0
da4254
d6d004
d2166a
d04074
d3ce76
d740c6
d4239e
cd66e4
c9ac76
c9242e
c7cd16
c4a488
c2fd3a
c571e4
ca7f7a
d1ba7c
dcccc8
e6004e
e642f6
e640d4
f1841e
ff6060
023f34
fd452a
f8da1a
f71e1e
f7af52
f61026
f0747e
f1e810
fe0b10
03bd7c
fcc5e6
fa4fd0
02ae0c
0996d2
0b7e78
0dea52
0f2d58
0c295e
0816ac
0669e4
0790d8
09ff54
0b2422
0b6406
0dda5c
1303c6
18f828
1e3a54
21619c
2206a8
20f916
1deb50
1956d8
15fbd8
13600c
0d9136
053be2
ff49b4
fcaf24
fab386
f8ad7a
f804ba
f96ef4
fb5bf2
fa98fe
f7e248
f8fbac
fdf9f8
feabde
f9f4fe
f96214
ff3218
0189be
fca5fe
f98d4e
fd9d60
023b26
02f992
057e24
0c4aa6
1127a6
118ee2
10c37e
0f8878
0e75c8
0ed84a
0d51d0
08d3c2
064388
04a6fa
00219c
fd7c26
ffe69e
023eb8
02e98a
035558
029d86
03dd2a
0940a4
0d2db8
0ecb7c
12719c
140f0c
106de0
0f394c
13f498
180a30
171adc
139a3e
139cf6
19ccca
1f39b0
1e9630
1e785a
2324be
256986
203ecc
1846ea
141e56
149aea
14148a
0ef1e4
09484c
06ea44
07275c
09a8ca
0ce63c
0da1c2
0d3b16
0e0e2e
0d429c
09be3e
07a32e
085134
0896c8
068f00
030aae
ff61ae
fd6cc8
ffcdc2
05c9ea
095b76
071862
02d25e
fff4b6
fe74d6
febea6
ff5a6e
fc8ea6
f63aca
eedc02
e873dc
e539a4
e45ddc
e2e164
e1cd7c
e155e8
dd962e
d8f982
d9c2fc
dc80aa
dab75a
d7fbd4
da40e6
dd3f8c
d71444
c91e6a
c355be
cc90c0
d4b6e4
ce0d5e
c250a2
c22c1a
d0a0b8
e25cd6
e9dfc6
e8336e
eba6bc
f80db0
00e7cc
fecdd4
f91c12
f97996
ff3b38
002cf2
f717a6
ed616c
eeae40
f8c3a8
ffdce8
ff3778
fe09f6
015f32
038c14
02eec0
071f72
0e0712
0d5ede
083c1a
073086
066e7e
023b98
015824
0750a2
0efd7c
132a7e
13b45c
15bda2
1c288a
207808
1dd26c
1a9244
1b3a0c
19fb50
1255d6
083440
01ca38
00f846
0199f4
fef478
fa8064
f8914a
f991d4
fb1e78
fb5482
fa93e0
fbe7da
ff720a
ff8d2c
fae274
f90d2c
fd3cc4
005510
fe9712
fd5416
ff6c1e
01b208
03b6e6
083dea
0e6bfa
12e7b4
14bf34
15154a
151c64
14d6a6
12e970
0f8fc0
0d2602
0bd280
0a1db2
08c926
081788
061b58
039350
038132
05fc68
090e12
0b1f30
0b38cc
0b366c
0e0dcc
11dcde
12a518
11636c
12160e
1594cc
182eea
15bb80
10c068
117164
1949b8
20215a
20ec18
1f1b62
1e5ae4
1dd660
1c1bee
1a08a6
185bc6
157f40
1095b8
0bf6ac
094ad0
07a0ee
070a4e
087872
0a7aac
0ae9b4
0a3608
09f294
09ca74
088c6e
074e30
07456c
062cdc
02602e
fe50bc
fbb56e
fad6cc
fda532
031770
05dc96
048c4e
027b4e
01974e
00edb8
fe3f3a
fa63d8
f9d112
f9cd4e
f1e616
e62d78
e23f9e
e46152
e3fe04
e11a10
de807a
dbaeac
d89420
d64c1a
d68a74
d90c7a
d9531a
d6089a
d2e6e8
cfeefa
cbd38e
c92922
c7e9a8
c64bd2
c5522c
c3eae8
c37fd2
cc5cca
dce610
e724fe
e76104
e72906
edc032
fa128e
02d40a
006b1c
fa41f0
fa269a
fa94b6
f411c0
ed92c0
f21da4
fe98bc
02f532
fa5ad8
f555ae
fcf7d8
04af56
063a94
091372
0cafb2
0b4324
067af0
023ddc
01f7a2
0692c6
097f6c
084aea
0a1dd8
0f6ada
12a198
163d86
1d7436
23db92
24834e
1e8d48
172ef2
15d15a
16f73e
11737a
0800b6
02ba02
014724
ffb5da
fcc0e8
fa9be8
fd0bf2
004fe0
fc7318
f61ef4
f80390
feedec
004bce
fb664e
f7ffbc
fa840c
fde242
fbdda6
f98e52
fe72fa
051cf2
05e568
054a50
0a082c
122efa
17ce2c
17b6da
141c42
11db94
112aae
0e7e3e
0a6570
07de92
05ee72
029f58
ffb3b2
ff496a
ffff4c
ffc46a
ff3fdc
002bc2
01e40e
02696c
02c1de
06889e
0ccf48
0efd2e
0b30f4
08bc24
0d337e
13dac8
14b7f0
102dfa
0f127a
1556f4
1adc50
1974d0
181980
1ca3c0
200b0e
1b972e
13fef4
10f2c0
12c68e
12e630
0d2c92
06b232
05978e
077d4a
085856
094e14
0b241a
0bf4c8
0ad464
081780
05cee0
06c13a
09056e
07e5a6
037038
ff3aba
fd2ff6
fd6cc0
ff67e8
032d5e
089f24
0c0c6a
0993da
048722
02c3da
042a40
052caa
03a930
fe9446
f65b10
ede510
e91518
e90c76
e94714
e5cd92
e27d24
e254a6
e0565a
db4234
d8fb1a
daa81c
ddecee
e176fc
df4a8c
d53cce
ce4e04
cfd81e
d112b6
cf2596
cdde58
cb2cac
c9e3f4
d34756
e2c136
eb1c3c
ec70c8
ef539c
f66310
fedf42
044a94
0345cc
fe458e
fbc86e
fd8186
fc813e
f4effe
f1a5ee
faa1a0
02439e
fd8008
f91220
fe7e76
043e4a
05b006
0880d2
0bdbe4
0b4428
07c230
04ac44
04c5fc
07dc4a
09bbea
098480
0b4156
100e88
1534a8
18df52
1b9d5c
1e890c
1f21ca
1aa1d8
158bc2
141744
11ddd0
0c82f0
079d0e
02f26e
fe28cc
fd370c
fe829a
fd5b6e
fcdc70
ff718c
ff559a
fb1bb8
fa3aa6
fee282
00e07a
fbe8de
f7bc94
fa501e
fd52f6
fb1ff6
f8761c
fa3850
fefd26
03e614
08077a
0d435a
13e250
165908
138f42
13368a
15f01a
14896a
104500
0da9bc
09cf72
045402
01c830
0126a0
ffba9e
ff7450
00445e
ff7378
fdfd8e
fe52c0
0059ea
034f12
078f92
0cadc0
0ee044
0b2602
07389a
0b3e02
12e9c0
135e92
0dc15c
0cd4f4
137f86
1a1dca
1ac290
186b84
1901fc
1b95fa
1a4b7c
155f40
12d9c8
1317ea
114f82
0dba68
0b978a
0a59f0
09c2f0
0b9336
0dc320
0d6e28
0c7a36
0c3c40
0aafde
082f9e
07421e
07b78c
070438
03938e
ff4742
fd4e68
fd5c42
fe9382
02ba2e
07b302
08ac2a
07f7e2
099a76
0a6e1c
07d27e
045332
01aad4
ff5228
fb1c8a
f3884c
ed0326
ea696c
e63b0e
e0709a
e06b26
e3309a
e0e934
dc7fc2
da1b24
d88284
d8d0f0
daa2c6
d9da3c
d6f4ee
d3c238
cf6fd6
cbc59c
c8f01a
c51a1a
c57b78
cd149c
d5a118
ddfe26
e63b2c
e6c4d0
e55948
f0e034
ffe3f0
0187dc
fd5258
fcb756
fbdef4
faf3a2
f8dc2c
f29a94
f4cd44
03525a
06debe
fa4f36
f5a842
fcea5a
012f60
035572
07a02e
0863be
057e4e
025ed0
ff39fc
fffb68
053f28
085980
0983fc
0ce2f0
105afc
140490
19d012
1e26c6
2076be
224f18
1eb412
164952
120a78
113196
0d6fbc
0893a4
047b1e
002c46
fdb608
fc657c
fafb38
fdc002
01dbee
fe2250
f7cdba
f9f616
fff174
00076a
fb5c84
f871d4
fab0d8
fdfc1a
fadd40
f52dce
f7c624
001f2e
044796
056910
0926b6
0e34ea
119b8e
130f9e
13785c
13f726
13160a
0ec9d0
0a2340
083df0
0655d8
02edd6
00f1a2
00397e
fe0f88
fbb58a
fb700a
fc2378
fc6bf8
fc94b0
fd90c0
0152a0
072ed4
08a9c4
037a7e
011252
077c4a
0dc81a
0c03d4
081140
0a3b72
1259ee
19aed6
199b42
1588c0
183f2a
2006b6
1f66de
160ad2
108e86
117364
110ed8
0d16ce
093f72
08159e
08b0f2
08ade8
08778e
09ec78
0b4b98
0ab33a
09d3f4
08eef2
06ce2c
0534e0
0524b0
0479a6
02449e
ff3150
fcb9fe
fe29a0
038198
076abe
07b724
07b734
087426
07a766
055fb6
043514
04cc2e
037d90
fc8264
f292aa
ece402
ed3c10
ed460c
e84302
e25d8a
e15f9c
e2b65e
e0db5c
ddb972
de0a7a
e03c44
dfd02e
dc1b22
d7b424
d48e0a
d25bb2
d08f52
cf4dd4
cce47a
c8c662
c9069c
d34196
e2579e
eb386a
e997b0
e5c2f4
ec1ddc
fb387a
04ad0a
0396ce
fffaa6
fe007c
fc66aa
fa28a2
f69b82
f753ca
01b40e
094790
0103de
f5722e
f608fe
fcaacc
013c84
0578b4
07d818
05103c
ff9f56
fbc220
fdc00a
060f9a
0d10d8
0eadee
1037b4
1363f0
1579c8
191aaa
20c7ec
2826b4
297b56
232f98
1a5c3a
1645c4
154106
10c758
0a7b52
06a3a4
03b942
00a6ac
fe6294
fd0b64
ff142e
044374
04a6f0
fe7a92
fbca3a
0086ce
04720e
022bc6
fe599e
fef6ee
01f6a8
00a59a
fc6392
fd5cfa
035da6
070ea8
07d896
0a1566
0e2e6a
120c78
146f14
157984
16666a
1643fe
134b8c
105e8e
0fdb38
0dbc98
086704
05092e
055440
04d784
01ed8e
ff7aa0
ff126a
ff15ec
fe4c1a
fedb90
03221a
085fa4
092520
0521fc
02bfd0
076652
0f43ce
115490
0d29be
0c8d3a
14002c
1badd0
1c2744
1944f0
1a9810
1e9816
1d52b2
162e90
110874
111740
1128b0
0d6642
08586e
05d276
05fb16
06e364
0848ac
0a2d9e
0a8a34
08f8bc
07d3d6
075b8e
06b05c
06e35a
06b9f8
03659a
ff1114
fd30e2
fd028c
fdfa12
00be38
032596
03b5ae
047f4c
05f69a
054eba
01bc62
ff0b6c
000f5a
002dea
f9a8c4
f087a4
ec7694
ecbf3e
ec1102
e85fa0
e32c84
e04d0e
e09fa6
df07a0
da6664
d87b9a
d9a58a
d88a30
d4d42a
d19aaa
cf3970
ccbd14
ca21fa
c88860
c7f90e
c67798
c6498a
cd8920
da472c
e3733e
e58c5a
e49c9c
e798ae
f237ec
fd1658
fe6fec
fa01c6
f8c238
f9b686
f76576
f2a90e
f330c6
fcedaa
051c16
004130
f6e604
f6185a
fad1e8
ff07aa
02ed66
0461de
021b52
fe7928
fa408a
f977d4
00ac86
093f50
0c9576
0eeb36
121c92
144c54
18eb86
201b32
24dd3c
26b350
24bcd0
1d1170
1635e4
153400
144476
0fd02a
0ad590
070556
0564f2
057c54
04814a
046df0
078868
080452
0355b0
00d0a2
03fd82
079b0e
06e948
02f9d0
00d78c
024054
02d3ae
01b2b2
03b4d2
086f88
0af2e0
0b2932
0c181c
0efa40
12f5f2
157b92
15b9fc
156f98
13e480
1041f6
0da580
0d1c84
0c32ec
0ac966
09073a
060dfa
040a1c
03a29c
01638a
fe6fc4
fed27a
0025cc
ff3d06
ff2914
020016
0438ec
02a9c0
ffdb6c
01d400
088f16
0ba568
084bce
076c84
0e58be
166994
18781a
163890
161810
196f58
19f300
147448
0f3028
0eb760
0f5b5e
0dc282
0a8560
07033e
05cd02
07cf44
0960f4
08af7e
08493c
086562
06cf36
03e6fc
0169b6
001f2e
ffb946
fe590a
fb5b04
f8fc6a
f82dd6
f8a1b6
fc0044
0116be
02ae3a
019704
03bd04
0710fa
04bc92
fef650
fca0f4
fcf86a
fab284
f4d082
ef1346
ed811e
ee74da
ebab22
e5ebbc
e4b268
e69e60
e42ece
dfba8c
df1c2a
df7d2c
dd6b20
d9f4ec
d5b438
d3474a
d4422a
d202ca
ca9666
c76b18
c9fb5c
cb0cbe
cd9fb0
d6c8ac
e03102
e53dea
e89d82
eb21b6
ef7e02
f9128a
006cea
fe6f1c
fb0e06
fd8082
feec2a
fa04ae
f654b6
fb7a86
03c2aa
03f3a6
fceef4
f95d90
fbda9a
ff1278
017efe
034504
02cea8
00ce16
fdac56
f97a1e
f9bf5a
011b4e
07e5c0
0a064a
0cef34
12823a
178ca2
1c0e68
2102c2
25061c
261c50
226c20
1b63dc
166854
15267c
139204
0f5d06
0a8160
07a108
06dce0
0580c2
033b02
040636
071982
05778c
ffabca
ff1f64
05176a
076608
01e22c
fcede0
fef4a6
038eb2
04e306
03fcda
052688
09b020
0e4dd4
0fa6a0
0ff88e
129e4c
151712
14f87e
14e92e
159914
14a914
125d16
0fca02
0d9ac0
0d7dc2
0d8dda
0ab522
08879e
096dea
0804d8
03723c
01ab88
02ec94
039a36
040990
04bf20
04e14e
0458a4
025a64
00bfae
049256
0bd5f4
0e8d56
0c8aec
0cad0a
1132c2
164634
1812aa
179318
193902
1c8460
1b9af8
164a56
12bb48
12d0b6
1313de
113ec0
0df938
0b9f9a
0bc158
0c9dbe
0c21ca
0b3d1e
0af3e6
0a720a
093aa8
074f32
047b5a
015734
ff3a78
fed774
ff2de8
fe5a2e
fd5a9a
ff8a6e
03de62
05c1fa
05c06a
079e60
098c6a
07421c
0212c8
feccc6
ff267c
0030f0
fd908a
f6c982
f0d62e
efd1be
f0d6f4
ee3894
e9007c
e80a28
ebddc4
ec1220
e4f748
ddf1ca
dd6316
df81de
dda6fe
d810ac
d3d3ea
d210e4
cf3324
caa9ee
c83b6a
c984c6
cc4276
ce5f76
d10684
d72722
df37e2
e34270
e3d318
e873dc
f1f0a4
f91a3a
f9e578
f66920
f433c8
f6c07c
f8a232
f497ac
f21732
f79c14
fcf284
facd6e
f673b4
f5d790
f7aefe
f8038a
f5fe62
f5e6e2
f971c8
fa4e34
f68208
f63712
fc5c04
0283ae
064b0e
0ad414
10e44a
16b292
19f882
1a0ea6
19cc6a
1a85c2
19b8cc
173fc4
14c7ac
10f96e
0bce22
083d58
067ecc
05db0e
073f74
080f54
05a2f8
0425ca
059bbe
046a7c
0005d2
ffa7b4
043224
06100e
01867a
fbfc60
fc584e
0130a2
0356d8
0231dc
0365e0
070db8
08dbdc
093148
0b2d80
0f015c
121730
121fd2
10b982
110f56
112f2c
0e7fc0
0c9330
0d96e0
0deb94
0c829e
0b5840
09d888
07fed6
0742b4
06474c
03e3aa
01e39a
00bfb4
ffcf0c
009fa4
03b94c
05c29a
0412a2
01c90e
04b93a
0c2044
0ff522
0dad1e
0d21c6
13227c
1951f6
18fe08
153a52
150dd2
189768
194f6e
1460cc
0f59e0
0f5d84
1146b2
104e52
0e574e
0eedee
10e10a
11ff20
121928
10fb44
0f484e
0e50d0
0caf3a
08dc8e
04b67e
017b26
fe8b26
fcc9b6
fcaeba
fcb250
fcc124
fe27ac
012c8e
04ffbe
0766ec
078a00
08ce0a
0b9184
099b6c
01ef70
fcbe0a
fde3a4
ffba24
fd56d4
f7f9e2
f310ca
f0b398
f05bfe
ef6140
ed23bc
ec538e
ecac70
e9e062
e408ae
dfecce
de8d5e
dd8f30
dbe70a
d9291a
d68620
d55922
d26d2a
ccb30a
cac7a4
cf25bc
d400e0
d6f178
da537a
debe0a
e29dfc
e40de8
e5c1de
edb15a
f7c2d0
fa7c54
f8daa0
f9021a
f81bfe
f664f8
f70526
f7b614
fa9e80
01c022
023bf4
f88930
f2545e
f45c0c
f73398
f8e09a
f917e2
f6d692
f57e64
f4eb96
f353da
f62ec0
fe9e04
05a66a
0a6e72
0f2400
117602
11f78a
1337a4
14fa4a
18180c
1a59e8
164198
0f7fb0
0d1226
0be4ca
08ce2e
072474
07167e
06e110
0731f2
06754e
03ff3a
0308c2
02e74c
00fe78
007b3a
033a0e
042d30
00810e
fc8178
fd0f8e
0185e4
04bf4c
0432c6
03b2a0
06c7b2
0acfb0
0bb596
0a8c1a
0bfb84
113a4e
156da6
146f24
113864
108722
117468
11342c
10adea
10f9ea
10be8c
0fed66
0f51d4
0da6de
0b1e7c
0a2890
09b1d6
07099a
042d86
03b08c
042d14
04c5d0
05d7ee
058fbc
0443da
06f1dc
0e3538
12e718
11768a
0fcb3c
131b44
17f584
18d744
1678e6
15e610
18f3fc
1ae136
16c8ac
1084aa
0ff04c
1495fc
177644
1620e6
13fc12
144532
16562c
1642d6
130122
10ed64
11b8da
1137d0
0d0a4a
074cc6
02a0ac
004988
ff228a
fdaacc
fd8dd6
ff5b56
ffed0e
ffa1ee
0204a4
05cf56
08319e
09fe50
0a7278
072dbc
02639c
ffef82
ffc54a
ff9406
fdd062
fb327a
fa0f1c
fa1e5c
f83cea
f3f2da
f06116
efb1cc
f040f2
edea5c
e73576
e061ec
ddacfa
ddd35c
dd69f4
dab0bc
d5daa0
d18fe8
d026e6
d0252e
cfc9a6
cfab5a
cfe3c4
d18a4e
d787f4
df8abe
e2cc26
e0f40e
e032be
e43920
ebb724
f1d1d2
f24702
f096cc
f34ab0
f74d82
f5a200
f23f88
f5ae50
fd32b6
ff49b0
fa7a32
f4ed5e
f26234
f29580
f4e3e2
f77686
f7afea
f5dcb4
f3ce5e
f25568
f3804e
f8cd92
ff43e2
03e462
076898
0a4e70
0c4058
0e1da0
101990
11ca1a
12e09e
114e14
0d2380
0b2588
0c34f2
0b7a70
087ff2
0753aa
0837f0
08269c
05d348
0393f0
04c4d0
06db3e
03abb2
fe15da
fefc90
04d984
062274
0177c6
fdf910
ff56f2
027f1c
04206c
04f418
064626
0722e8
077af6
086602
0909d2
092fce
0ac7da
0cf4e6
0ceda2
0b6150
0a53de
0a0a32
0b520c
0e9626
115c62
1102b6
0daa94
09f78c
0915ac
0a86e0
0a6bac
083f76
06991a
04e286
0267ce
0294ec
05de2c
0731dc
05a8c2
06399c
0a07b2
0cb552
0c0b7c
0ad73c
0c94aa
10aee6
12cf06
10b31c
0d9254
0d51cc
0f6f6a
10de32
100bac
0e5036
0e845a
11246e
12fb88
12415e
11673c
11eeb0
11ed10
10e1e8
107026
0fc43c
0cd5ba
08e01c
060860
0394aa
0080da
fe1ae6
fda22a
fdff72
fd8fde
fce058
fdf234
00b146
02a7ca
0308fc
0363f6
03c806
02559c
ff1b76
fcbbd8
fcdf10
fe850a
ffa2e8
fec9be
fc1de4
f9d1b0
f9adf6
fa224e
f8c35e
f64858
f46148
f25c0a
ef2da8
ebd1d0
e9f1f6
e973ca
e7b292
e2d2a2
ddd780
dcb682
dd8b8e
dc6dba
dab4f4
db1182
db52d6
d922f4
d7af62
dae7c8
e17382
e6ad48
e7697c
e50cae
e5be2e
ed0c06
f51a36
f7304a
f62ad8
f74512
f92c44
f90f12
f7da16
f8f160
fec9ce
049742
01ec34
f9d99c
f7196e
f93240
f96fbc
f9acfa
fc9380
fd9864
fa4b30
f672e6
f6ec8c
fdbb10
0625d0
0911ce
07e94e
0873b8
09f0f6
09fc7e
0afc4c
0e5a36
115568
10e22e
0cc2d6
088876
07b4a2
088f2e
082aa4
07e96e
095268
0a016a
07c144
04a166
048a96
074e46
0825ee
052288
023ede
02a4a2
04904e
04bcd4
02b9c6
021e4c
0542a8
079982
050818
027f34
04bc60
075bbc
067dba
0588c0
0718c4
0918e6
09ce64
09c9ac
0a234c
0aec0a
0b1302
0b148e
0cb02c
0e923a
0e64d4
0dc76e
0e2d86
0d618e
0b1c38
09ca36
091232
076dbc
05a068
0464f6
043dde
062fc4
0860c8
07ee26
06e51e
089f44
0b4bd2
0b76fa
094854
07e7e8
0a3ae0
0e9182
0f794a
0caf34
0c65a2
0feb98
1142dc
0e6ab0
0cc190
0fa068
1389ce
1450d8
12e00e
1282b0
139e1c
143dae
138cba
124380
111666
0f7b9e
0c515e
0872f0
062790
0568f2
04c0f8
03f32e
02b8d4
010ed0
00a61c
017eaa
019500
01c914
03b3a6
054f48
05088a
038d5c
00716a
fc9e7e
fc2ade
fff40a
030638
00fcec
fc26ca
fb7ae6
003bce
028458
fe344a
f99058
f92430
f9a5e8
f77bdc
f1f3fe
eb2dde
e886a6
eb2e16
ebdbf2
e6447a
e0a4a0
e09f4a
e1d7c2
deefbc
dbcdf6
dd4ad4
dee3be
dc411c
da982e
de778c
e45de2
e72f90
e50c56
e247e8
e75318
f1f850
f5a462
f1af2a
f13740
f5ce3c
f8b8c6
f85ee0
f735bc
f7f6aa
fb24aa
fbaf3a
f6ce52
f23d6c
f1fdae
f35620
f4839a
f67698
f93366
fa5bce
f738a8
f41778
f91330
01ebce
033156
ff6e6e
007f76
048910
04f146
034410
0439a2
07f5a2
0a677c
08910a
04d5f6
02ed48
028c52
024baa
0248f2
02e7fc
048184
055160
02f9fa
012bf0
047774
0846f2
07532c
059de4
0750a0
093630
079096
03da5c
02adc4
058406
079ba2
05674e
025f7e
01a1d8
0163f6
0120b4
02d76a
064676
08955a
079552
052274
061a1c
0aab5e
0ccc62
0a8254
095cf6
0bfce4
0d4cd6
0a271c
079c8e
0a0f7e
0d591a
0c59c6
089118
0568f2
043352
0551a2
06f9e4
0721da
073acc
07424c
04a11e
028458
05c130
0a223e
09c8e8
0730ca
068088
07b274
0987f2
0a9c2c
0aac22
0bef92
0e8452
0f27d8
0d598c
0c6738
0e0c68
109110
11ad98
116844
1108ea
106358
0f4c9c
0f1a56
0f2206
0d05fe
09fe16
090964
09242e
077ac0
045226
01c4fe
007d92
ffa946
feec60
feceec
ff346e
ff226c
fe2688
fcd14c
fd0586
006670
04150c
02fa98
feaa92
fde43e
01496a
032a7c
017a5c
ff6e30
ff040c
feaa66
fc4b64
f7f442
f42262
f3a4c0
f59a4a
f4d190
ef076a
e9daec
ea616c
ecf004
ec361a
e95384
e74b9c
e5f602
e447d4
e2472e
e0fadc
e18a96
e25678
e041d2
dd1b88
de7b48
e48c46
e8c1f2
e77f1c
e57444
e85ba2
ee6d24
f20514
f25ce0
f2b656
f46814
f670bc
f73282
f5bdac
f4e854
f8926e
fd9758
fd4dc0
f8c51e
f635da
f6bc40
f83a12
fb024c
fe2ce4
fe0bca
fb00e2
f9f7e2
fc4030
fe1888
fddc0e
fe7c82
01d0f8
050d14
04eca0
02dac6
02e0ca
05b3fc
083fd0
086258
06f3ec
057f36
04401c
02879a
00a2bc
0049e2
021b8c
046cb0
05e6fe
06f624
07fff2
08bf8e
09133c
09670a
0ae8bc
0da120
0e124e
09cf88
053ad4
0567fe
07b402
072e3c
04acd2
033d9c
031456
036ec4
043d2c
055632
06a7e2
07f772
08d56e
09e438
0ba350
0cbcd4
0cbcb6
0d8ec8
0fa1c8
109bc6
0f8a10
0e97ae
0f896c
110b60
10c9d0
0ea0f2
0c40fe
0b0106
0b53e0
0c62aa
0c72d6
0b607a
0a4d76
08ffe2
07ffc4
09ce0a
0d47f2
0d5fc8
09c298
07e574
0aab62
0f205e
10d1ae
0f4862
0ed51a
11959e
130350
101f96
0da184
0f82be
127cb6
12cd70
119a9a
10c59a
1016fc
0faa18
102afa
10950a
0f641c
0d4e94
0c026a
0b822a
0a81e2
080cf2
0486cc
01d080
014898
01db30
014598
fef14e
fd1074
fdb8cc
ff4798
ff8082
006d5a
036fc4
04ad8a
024f2e
0021ee
005074
015dc0
020f88
015584
ff1262
fd1162
fb2efc
f82a38
f5dcf0
f54898
f41cb6
f21be2
f0bf1c
ef42a0
ed6908
ec6358
ebb46e
eab1ce
e98148
e73a06
e4379e
e30c56
e3bc52
e33b48
e0aeec
dee72c
dfb712
e07bdc
df26c0
df968a
e44f10
e7f8bc
e6bed4
e4fe26
e7a0bc
ee0a9a
f2e4b2
f12d6e
ecf042
eef41c
f4c132
f55918
f2b4e2
f41ba6
f85be2
fab2f8
fa3530
f8610e
f7d5a2
f9a6be
fb6cc0
fb995a
fab408
f88b5c
f643a8
f64dd8
f86f2a
fb2c2e
fd8f34
fdee6c
fd3c06
ff2a04
02bb98
03ac1a
02db8a
039cb4
04acda
032d9c
001b70
fead50
ffa802
00f1aa
01a9f2
034f2e
061ef0
089f8e
0a4b18
0bae2e
0d57d4
0efe84
0efd48
0d5db4
0c92dc
0bf77a
08a694
04b77c
03fbc2
04a89e
03c252
024f40
01962c
0182c6
029e50
04904a
060a4a
0792ae
09e532
0b8d86
0ba772
0ba216
0ca3d4
0e5aaa
0fd232
0fe03e
0ecfba
0ece82
1004c4
0fdfce
0e73ac
0e6356
0ee3bc
0d50c2
0a85b6
085cf4
06cb56
0654a2
072804
06ea92
04b932
0366f4
04b4ee
06ad1e
06c7a0
058d8e
0656b2
0a3ee8
0d8262
0d0d3a
0b044a
0ab870
0c6084
0dcf52
0cf9d2
0ac33c
0a4b94
0bad92
0b9734
09bde6
098096
0b92aa
0d1434
0cceac
0c3db2
0c05a0
0b3352
0938ca
06760c
03c468
01b1cc
ff54a2
fbc8c4
f8d982
f8670c
f91138
f9307a
f9624a
fa65be
fc2ed6
fe0db2
fe87b2
fe131c
fee110
00231e
ffa5c8
fe4770
fd66ac
fd279e
fdef6a
fdcecc
fa5c54
f6e26a
f6dcb4
f72760
f56d58
f44108
f44c70
f3d0ce
f29ed4
f0cddc
ee99a0
ed6634
ed5ec2
ed614c
eca072
eac8e4
e91b90
e8bf8e
e829bc
e771e0
e8953c
e8aa62
e4e754
e2449c
e45064
e7773a
e9ac38
eb2766
ea9eca
ea3018
edaf4e
f2dbde
f586f6
f5ffa0
f6b340
f95902
fcbdf2
fd5d58
fc6f4e
fec6de
02d19a
0326ca
ffbc58
fbce92
f9abe0
faa45c
fcdd7a
fd04ce
fb4786
f97cdc
f89cf2
fa0670
fd3796
ff284c
ff46da
ff5df4
ffa7a0
fffdfe
00ea2a
01e376
023f02
0245a4
01f86c
014fa2
00fd8a
01a630
03405e
05442c
0754dc
093836
0a3b0a
0ace84
0cb34c
0edc0e
0e8262
0c89b4
0abdc6
0850c6
0630ea
0617ce
05aa8c
0361c2
01d494
0182ca
00bd48
0025de
0093b8
01ca30
03ebee
0586ce
056a5e
062da0
09370a
0c0e6a
0db9bc
0ef300
0f55a0
0fbbca
116f1e
13274e
13fd2a
14b798
14ba1a
13140a
10782e
0dea4e
0c5e9c
0bdf54
0a65a6
0700b6
03bc60
027d96
0336a8
0461ba
046098
04120e
051348
061698
065bec
07bcfa
0a0dde
0bdac8
0d8d8e
0e140c
0c3e3a
0b55ea
0cfa4c
0d66ae
0bb7ba
0b0e3e
0bd0b8
0cbf3c
0d816a
0d564a
0cfeec
0e303a
0f5660
0e984c
0d6596
0c627e
0ac650
093476
0797a4
04fa78
02b53a
01e778
0114fa
ff7ece
fe11fa
fdb280
ff1146
014702
023070
023046
02f74e
03a730
02fd74
01cb02
01010e
011f68
02486e
02cdd4
010e96
fec688
fe8b4e
ff95c4
ff4ae8
fd8e66
fc9d8e
fcba1c
fb7154
f8142a
f55c12
f57fac
f6f9a6
f62ac6
f2171a
ee626e
edeb20
ee6234
ed3216
ebc394
eb7e42
eba2fc
eb6c88
e9d4e8
e6df7a
e5c22a
e764bc
e74552
e48ce4
e4ca40
e8cba6
eb0754
eadfec
ecdb38
f10c7e
f419ce
f5cfcc
f71c36
f77070
f7be50
f9501e
fa0250
f82bee
f6ccb2
f822ac
f96ca4
f8082c
f57fd8
f44eb6
f4b8f0
f5f1ac
f78dd8
f8a9b6
f7d8e6
f5cb9a
f57d9a
f76cfc
f89d40
f7f8cc
f75b84
f78156
f81fae
f98428
fb08ee
fc52a8
ff19f4
02fef4
04a152
03da36
03de22
054318
06bac4
083146
091d6e
085b3e
0652ac
045bd0
03b138
04500a
03cefe
01225e
ff43c4
ff6e24
fefe4c
fd6288
fcbf38
fe4a76
01e31a
04700c
026768
fffa3c
033b5e
07c1e4
07e8ee
086b56
0c7740
0ed0fe
0e0736
0e0d62
0f4bd0
106208
115022
1117fe
0fb840
0efa98
0e8066
0d273e
0bce12
0af6ae
0a5c28
09cf8e
0838f2
05d16c
04dbe6
053874
053274
0515fc
051ebc
05565a
06ebba
08600a
07479a
063566
077026
087a9c
090692
0ab6e6
0b13f2
094542
0946ae
0b656e
0c0624
0b6924
0bffa6
0d4b64
0d1648
0ac8a0
08b684
08f210
095526
07b332
060704
05745c
046588
02e7f6
01bc54
008c74
0044d8
012a9e
00e092
fed0d6
fd32f4
fdd66e
012bc2
04a2c4
044ece
01f3e8
020998
02e9aa
019e2a
002fc6
ffd0da
ff5420
ff63e2
ff428e
fcd900
faf096
fc79bc
fe07fc
fd1732
fbdbbe
fa6904
f79a7a
f5f718
f6ff6a
f85e98
f8b1d6
f77424
f39226
efca4e
f0677e
f31506
f2f1b8
f139dc
f0c99e
f04b7e
ee8dfe
eca770
eb020c
e9ef08
e9e51a
e9bc6c
e87580
e6766e
e47206
e4ffc8
eac12e
f237aa
f5491e
f4056a
f293be
f2dfb2
f4e252
f81614
fb03c4
fbdee6
fa2234
f79a46
f6253e
f51b90
f4fe5e
f84778
fc3d3a
fb5276
f75284
f50308
f401a2
f43e5a
f7efdc
fc5008
fbcf24
f68708
f21584
f32682
f81d5a
fb87c4
fc4f00
fd67f6
ff5ca6
013cb8
02b5e0
0371ba
055ad4
0949fa
0a5626
073a80
05eb0a
06a230
054a44
04a7d2
0695e2
066840
039626
01654a
001db4
010748
04896a
056e58
024a56
008564
01a318
034fe8
058028
079c18
07d7e4
06a284
05ceda
073db4
0ae0e2
0d66aa
0e125e
102a0c
12ebf6
12bc4a
10bb8a
0ffd64
115c14
1430c0
153a9a
122afe
0ebe16
0e288a
0de4dc
0c8bc6
0bf5e4
0c6220
0cb684
0c0372
09ffce
0910cc
0b1484
0d1cc0
0c4c42
0a9f1a
0b188a
0d446c
0db59a
0ae544
08a904
0a2562
0c56f2
0c6e46
0becca
0ba5ee
0b55ac
0bc300
0bfb48
0acdec
0a524c
0b61c8
0b5ad0
097bd8
0793aa
06a910
0732fa
089b3a
08bdca
07aeae
07f8d6
09403c
08c7c8
07295c
073700
085192
07bc8e
056a94
02ebc8
010cb2
011a9c
031f18
036750
0049dc
fe57d6
007974
02afd0
015bd0
fef214
ff0b5c
007074
ff77f8
fcaeb6
fc0eba
fddd14
feea86
fe34b4
fc0958
f88918
f66160
f7a0f0
f91668
f7db52
f5f010
f54796
f55a82
f5d4d8
f61fac
f5180e
f368a4
f27806
f1b54a
eff186
edd96e
ed12c6
edcc8a
eeb0b4
eee074
ee46d6
ed0c5a
ec4582
ece76c
ed6b76
ebf1bc
e9b83e
e93ff0
eb37bc
ee8d96
f1209e
f1111a
ef0c30
ee09ac
f0613e
f52acc
f846c0
f70ad0
f43760
f399fa
f44416
f3cc2e
f3500a
f4bcc2
f70822
f7e09a
f67ad0
f3dad8
f22268
f35d80
f7b33c
fc74ce
fde4b6
fb429e
f80f76
f7f7b0
fb1328
fee86c
01093c
00bcfe
ffad92
ffa484
0002ce
0025f4
013736
02c486
02d0fc
0212ca
01eb42
010fe4
ff77de
ffa1d2
01899c
03228a
03db00
035c24
01efe2
01fd0a
0413b0
05bd5a
05d774
048dee
02686a
0255c6
05ea70
093f26
08d146
062790
04896c
0644a8
0a72a8
0cabde
0c0644
0c95be
0e4774
0d4386
0b0fce
0ba40e
0ddc70
0ebb56
0e37e2
0d8c10
0d2246
0c879c
0bd604
0c8fc8
0eefa6
106478
0f262a
0c787a
0aea04
0bc55e
0d59c6
0cf9b0
0b13fe
09e474
09db16
0a58a6
0a5e20
087ac6
05b330
04e2cc
05e4e2
0693de
06a0be
062a34
04d8be
03df08
045e46
0524bc
054628
060c26
07cb7e
083e0e
068700
05209a
059cc8
06890c
06adc8
063602
057e7e
04e5ae
03e5f0
01ee66
00d702
01c926
0257de
00e6cc
fe3ecc
fb6908
fb1066
fd96c4
fd3982
f9448e
f98b24
fe173c
ff4a76
fe00ac
fe9642
fed11a
fe29ea
ff4b50
000db6
fe847a
fd54fa
fd11c0
fc8608
fc172a
fae012
f87058
f76770
f83108
f83384
f6ba74
f4c5dc
f3c224
f4ecce
f6a1d8
f69b42
f630ec
f6d0f6
f73352
f6dbc8
f6b032
f6b470
f6106c
f44220
f2d05e
f3df18
f54ece
f32cb0
ef0d3a
edb728
eff58e
f2625c
f1b01e
eec954
ee335e
f103ae
f39390
f4581a
f46c6c
f40616
f42bbe
f5a7a0
f65c76
f5e638
f6b362
f7ed8a
f7771a
f7550e
f9215a
fa5644
f9d6b4
fa2a72
fbecd6
fc2848
f9ffdc
f88a74
f941ec
fabc50
fcba0a
fe6558
fcf656
f9f022
f9b578
fb3b30
fbd0c0
fcf080
fe7268
fdb38e
fc2310
fc83c2
fdefb4
fe8738
fde95a
fdc3cc
000c88
021716
0079f0
fed7ae
0089ca
023a90
02f772
04d592
052738
030058
03067c
04ddfa
04a4ba
0415c0
0481a6
03448e
01d68e
0324b0
047462
0383f6
02ea56
04397e
06018e
06f6aa
076904
0913b8
0c32ca
0e3d66
0e5d8c
0e6226
0ec95a
0f6b44
10bcca
11920c
114f66
11cc08
124ee0
1049a0
0e1d10
0f2084
10b688
0fce58
0e10f2
0d142e
0c55be
0bdace
0b4ada
0a0000
0972fc
0a7dac
0aa936
08f2f8
086eea
0a865a
0c4024
0be5ea
0be58e
0dc078
0f40da
0f09cc
0eabc2
0e8efc
0d5dfc
0be446
0c0062
0ce39e
0d1002
0d3d5a
0dc6b4
0d35de
0be16a
0bfc4a
0cebb2
0c30b8
0a7c2c
098cba
07f05c
051c48
04183c
04f3de
038c60
ffe2c8
fe6cc0
ff7d32
ffacfa
fedeae
ff5e48
0127ee
02a628
03368c
02dc34
01af00
007476
007084
011e5c
000d00
fd5100
fb93c6
face42
f9cdc6
f9b270
f9ccec
f850bc
f7ca84
f9556c
f93c78
f7feea
f8ef7c
f9bfca
f88dc0
f7e8a4
f7336c
f4de08
f3f8d0
f54fe8
f55826
f39366
f22fee
f1ec7a
f2a60e
f32a9a
f23130
f09912
ef0838
ecfa22
eba3a8
ebd14c
ebbd3e
eaf908
ead9f8
eb1da0
eb3d96
ebd04e
ed2f1c
efdf2c
f3a53c
f5d5a4
f5509e
f4d29e
f60984
f7c9c6
f9425e
f9f336
f8b5d2
f5a880
f31dd2
f37c78
f62ed4
f7ec9a
f732d0
f58d20
f48cc4
f507e2
f68e3e
f7192e
f7380a
f92366
fa5f5e
f84cce
f65684
f673e2
f67b54
f7991e
fae0e8
fbdb1c
f9204c
f7a3f0
f97882
fc1392
fdffc8
ff26e4
fee3a6
fd337e
fc3594
fdda88
ffa094
fe1b5e
fc21da
fd1fd8
fda2e0
fbb758
fb66fe
fcf502
fd92dc
fefb7a
013612
00a352
ffff0a
0399a6
07279c
0731a6
07a7ba
0925b8
0844fe
076b8c
0a9520
0eb31a
0f1442
0d49aa
0db3ec
100d0e
10f48a
109160
10d762
10af12
0fadb4
0fd222
0fbfaa
0d1fae
0b03b2
0bca88
0bfdc4
0a5294
0a17f0
0b2b36
0b263a
0c2230
0f33fe
0fab5c
0d4578
0e4cba
11cfe4
111c1a
0e2a0e
0e0d80
0e0406
0c33be
0c1fe0
0d014c
0bc876
0a9cfe
0b237e
0b0c44
0a4f32
0af7ac
0c03c2
0b72be
0a2740
09abe6
08e5b4
06bc90
051a36
0545b6
0528f2
03905c
01da06
0094b2
ffd456
00d6e4
031fd8
0388ce
01a002
012bc8
031dc0
038b20
01a1b8
00ad14
009746
ff385e
fdecee
fe1fea
fe727c
fe6b7c
fe71ba
fde53c
fd20aa
fd8eb2
fec292
fecfaa
fd5a84
fc0b9a
fbab0e
fb6d10
fb1912
fa98e0
f93bf6
f7c054
f73286
f6f182
f6ee3a
f75c62
f6af32
f502e2
f4c500
f5f464
f66c7c
f5054e
f21c54
f06a62
f243c2
f4cfa6
f445da
f29338
f39cb6
f6c632
f82b9a
f67802
f5033a
f68a1c
f89904
f82e34
f67d58
f55836
f4344c
f2ede4
f26c70
f293c8
f2e690
f347f0
f34338
f3421c
f477ec
f5b11a
f539d8
f541de
f7a6ac
f9bb5c
f98f68
f8a7da
f7cb6c
f6f726
f7464a
f8b7c8
f9eb4a
fa3fe0
f991bc
f839ac
f7aaa2
f8cafc
fabfcc
fbdbe4
fb2948
f9c0c4
f9493e
f8eb5e
f766d6
f6b272
f86196
f9a920
f85e9c
f6f2ae
f7656a
f85986
f90fea
fa4ae4
fbaaf6
fc773e
fcf96a
fd6f82
fdfd16
ff3f6e
01129c
01edd4
012d52
014f18
044466
06c6b4
059852
045a44
077590
0caf86
0fb574
0f958c
0ddbe8
0d097a
0e426c
0f805c
0f0eca
0e7bc2
0ec06a
0d98fe
0a6a8c
09312e
0bc962
0e77ba
0f8c26
113008
124c74
10dbf2
0f9d94
10d84a
131e24
15a3e6
17a18c
16c08e
1324da
103cee
106df6
127246
1337be
12101c
10c452
102b6a
107d50
11add0
11fdc2
10d816
102ba0
106102
104cec
0f7932
0d57f2
0aa646
0949de
088320
06dce0
05cb74
0643d4
06c060
0624c4
04fe2e
04af80
058862
05fb86
05856a
056acc
059ede
04d080
02d538
00e8f8
0091d0
020b2a
037494
027d64
ff6dfc
fdd3fa
ff6be0
00dec4
00086a
ff2d46
feb99a
fdacd8
fd3c94
fcb87e
faa4f4
f968c8
f96c80
f8003a
f6d54a
f7e9b6
f8857a
f7f67c
f7e8a2
f7a3ee
f75e7e
f82f88
f82522
f66726
f58c6a
f682f2
f7ddf4
f86b9a
f77df6
f683da
f84c04
fbec48
fdaeba
fd3faa
fd0b3a
fdd34a
ff42a6
00c33a
00743a
fe4fce
fd00c2
fc8902
fb10c8
f9e81c
f9b6dc
f7ea0c
f4e49a
f3bf80
f419e8
f3c902
f2e6c0
f232bc
f1b5cc
f1da30
f32ac0
f44744
f2ad2e
efe796
f0c792
f491da
f5e0e0
f4bb84
f4f3a0
f6686a
f7998a
f92388
fa9470
faad56
fa4824
fa52d6
f9e648
f8419a
f613ee
f47dfa
f42156
f48d3c
f48d3e
f366b4
f15272
ef7fee
efbdf2
f24cf4
f4c06a
f53634
f4962c
f4498e
f4857a
f50ea8
f5b522
f67052
f7446e
f80b9e
f8b0ec
f93130
f9b5c0
fab91c
fc3024
fe058c
007296
01d3de
00b5ae
ffafea
00c16e
0212a8
034520
043a26
023bf4
ff0162
ffc936
035b22
058c0a
0685dc
06b14c
05798a
050aa8
0732cc
0a2558
0b7594
0af786
0a5140
0a4ce6
09ef8c
094c1c
09f09e
0c0d7a
0e02f4
0e07f8
0c368a
0b24a4
0c6216
0e5b0e
0f5ade
0fa992
0ff028
0f4298
0c93a2
0a8b0e
0c6bee
0f367c
0e45d8
0b0fae
0922b8
09582e
0ae152
0b6adc
09b580
085b58
093b6a
0a9884
0a82b6
090d1c
08293a
08f3cc
093b16
07df0a
074b5a
07f6f2
083578
0862a4
08cff4
0860b8
07436a
06e28e
07e5f8
0949b0
096cec
08ba92
084b5a
077a56
062b7a
055174
051234
056eaa
0545d4
032df4
01a302
02c386
038c6e
0257d4
00cca2
fef5e6
fd73c0
fd9b3e
fd5878
fbe354
fbdd78
fcacdc
fc04d2
fb2664
fbe13a
fe49f0
00fc80
010c26
fef2fe
ff66ea
02389c
02a5cc
0178aa
02578e
034186
01774a
ff1c6a
fddfea
fce51e
fc64e0
fc66ec
fbdd84
fb4fa8
fb02bc
f9c5aa
f87db4
f8e882
fa47ba
fad8b0
f95c96
f6cef0
f6a350
f85aca
f7b358
f571aa
f4f2b6
f55360
f5725c
f5b6ac
f52f1e
f4a612
f5d892
f68406
f4e120
f39342
f3f13c
f3b91c
f1a7fc
ef50bc
ee8a0c
ee8200
ecffec
ead5c6
eb4060
ee2486
efeb00
efb4e4
efeb54
f09b0e
f078f0
f15d22
f3eec8
f48bc6
f24a08
f0a7c8
f1173a
f24a46
f327fe
f361b8
f3e396
f4afa8
f43504
f4387c
f7ad3a
fb48f2
fb74d6
fb7682
fcc8fc
fbe0c2
fa3538
fb5288
fc06d6
faa27e
fb20f6
fc6e76
fb4c26
fb163c
fd55fc
fed898
008410
033b9e
03e6f2
034962
0423ac
054cd2
05d064
05eff2
05d67e
0748f0
09b4a0
0a9210
0b456a
0c2bac
0ada0e
0a54d6
0dfb46
11ea96
1308c0
1296f8
114f60
1018b8
101212
10a024
114a18
118876
10872c
0f5fb8
0f0058
0e8406
0df1da
0e65d4
106db6
131e96
13b2c4
114832
0edf7e
0ec994
10d4b0
133bbc
12c146
0f8610
0e493e
0fdcca
104f8e
0f5b7a
0f4556
0f58dc
0ef11e
0faeec
1152f6
11337c
0ec084
0c9b3e
0c8b32
0cd1b8
0b5d0a
0963fa
089626
07dc4c
066052
0545fc
049b54
039ca6
02cb80
02314c
01385c
008708
005100
ff8cfc
fec6e2
ffde5e
01f876
01b882
ff7b66
ffca80
02bf78
044280
04b2b0
05aae6
055010
049ed2
0540e6
03efdc
014534
02463a
04483c
01b388
fcf1a4
faa2b6
faed76
fbe37a
fbc3d6
fa5bce
f94a34
f9a694
fa7126
f9cd56
f86cae
f8c194
f9807e
f81fe2
f6b322
f76a90
f8aa58
f8bbee
f75a66
f57c3e
f4a3e0
f5173c
f76952
fadf2c
fb16fa
f83062
f7b6c0
f8bc16
f75572
f62d70
f70222
f6d6c4
f5471e
f3c4e8
f1ea18
ef84c2
edb6be
ee049a
efc074
efd6e2
edf4b6
ec4772
eb3a06
eba50a
ee0180
ee8e10
eb7886
e95d4c
eb51d2
ee055e
eddb7a
ec9a08
ede258
f058b6
f05c1c
efa016
f1f67c
f577fe
f58926
f339a0
f39dce
f66ce0
f6c4ba
f4d8a8
f49b1a
f5f6f8
f6a908
f61bf0
f4dc5c
f4d8b0
f74260
fa5542
fbeb52
fb7498
fa6d8c
fb1704
fc6ecc
fcc142
fdaab4
fee574
fe1bfc
fc953e
fbf014
fc50c2
fe997c
00ceaa
00ae6c
00e04c
0230a2
023462
01d37e
0251ac
037026
05a7fe
06fe88
060d3a
0604ce
073008
072d1c
07c748
098902
095572
077352
06c3d4
08a13e
0c4c64
0e2286
0bfc06
097db2
0a1a54
0c3502
0d10e8
0bed58
0a0758
09f8be
0c3798
0d01ce
0b1b42
0bcf1e
101480
10d474
0dac0a
0dc046
108f26
10d840
0f1e3e
0e1776
0ec20e
0f9cee
0d847c
0ac99a
0bca68
0da634
0d6096
0c49ec
09ded0
081482
0a700e
0cb694
0b2700
0936ea
08189e
06b880
063e7e
067848
06a184
06716c
056f72
060a62
08ce60
09862a
08b6d8
09d594
0b32c6
0b7426
0b4628
0a58be
0aac7a
0c2dfe
0a7a6c
07420a
074ed8
085c7a
06e182
03da60
027182
05461c
08e250
07159c
02a1d8
0202c8
03053e
00a012
fd077c
fcff74
fefc7c
fec61e
fd8e3c
fd1f88
fb738e
fa2be6
fb94a2
fafe1a
f7cca2
f98d0e
000e2a
02d8e2
00699e
feacae
00192a
010156
fe5f3a
f9972e
f597d6
f51be6
f6f89a
f4a178
eff344
f445ee
fd548a
fa3912
ee5934
ec7dfc
f5854c
f97c7e
f367b6
ef288a
f34cdc
f67dac
f26358
eeb566
f20540
f7a2b8
f7a434
f24e76
f0a70c
f556fc
f7f734
f64dd2
f65db4
f80eba
f81cae
f74682
f621d4
f4a8c6
f472e6
f6d83a
f97f80
f6a150
f06514
f14fc2
f7895a
f88832
f6c4d8
f7158c
f61998
f63ba8
f9f8c6
fa598e
f7225c
f6da80
f768a0
f5dfd8
f6165a
f8f4d0
fb3720
fbf510
fc4d02
fd22aa
ff564c
027860
02ee6e
ff6966
fdd74c
0193ca
0587b2
068376
04e284
009844
fdb6d2
ff1254
001a08
ffc372
010646
0180a8
ffaefc
fe5c18
fe2934
ff149a
00cfe4
01022c
0087c8
01bf7a
02ec18
022c8c
00d892
019c9e
04a1c4
05b7f2
045206
059480
088d3c
0904fc
09b62a
0b5bea
0988a2
0646f0
0691d4
091664
0b1fb8
0bcf0e
098ee0
05aa60
0545be
08c904
0a9302
094566
082cd6
06bada
041608
02eab2
039f74
055ce4
070220
053e16
0319b2
059300
072cfc
06d702
0b6088
0e9dd0
0b9b32
0cc3cc
11a416
1182a2
120f54
164ab2
16bc1c
12c6fc
0d9b00
0ae5f0
0eb506
11f98a
0f1a2a
0de350
0e86c4
0bb1f2
0b21c2
0d5b7a
0b425e
070dda
03ac18
015e20
055c36
0d257a
0eac58
09afa4
042352
031c42
07b468
0817a2
009f34
004dc2
0a0dca
0d03d6
07876a
0503ba
030174
fdb14e
fd86cc
03d3d8
06f1e0
042506
fde06c
f50c16
f20aa2
fd49c0
08f9be
008ddc
ef0dce
f00b54
fcbbe8
fa9e42
f35ef4
fd149e
041fa4
f3d7e6
e5d7d8
eeec2a
fafb7e
f896b2
f1309a
f261ce
fa17e2
fa2e74
f1a27a
ef53be
f4d9b6
fa2aba
feac1c
fc1a9c
f14e64
ef3f88
f4ff32
f20e9c
f06264
fb415a
0096d0
f6c1a4
ee046a
f1d056
fab09a
faedcc
f2f0b2
f0a762
f53650
f6b9ac
f6ed5a
f9adae
fa2a52
f7f600
f73bfa
f7522a
f541e4
f13650
efbd84
f2e306
f592c0
f60ee2
f7e730
f95e7e
f7a630
f566dc
f512d2
f76e06
fadd94
f9d1a2
f45f18
f3a626
fbb3b0
03d8e0
02da5e
fc2dac
f83118
f6d08e
f6bd78
fa1a58
fcc5a8
fb2910
fa7a9e
fb7444
fa73e4
fa20c6
fa49c2
f726ca
f566d6
f8ce6a
fba8d2
fbb658
fc06ce
fb8e26
fa308a
fc5ca8
005980
ff92dc
fbf9de
fb1706
fccada
01e4f0
083c7a
06699e
ffa1da
fff4f4
02ca72
022b94
052596
090e86
062f0a
025690
01c1dc
021242
03157a
01d11a
feab72
ff6a94
01d702
03c11e
07108e
06b3b2
03bb56
05fa1c
0892f4
0842f8
0ab380
0cbd22
0d36be
10acba
111f5a
0e0442
0faa1a
107888
0c93cc
0d2834
102156
0d5eda
089cee
07d08c
0c91fc
12e71e
1248c4
0be922
091874
0b85f4
0e9b5e
0e7688
0b36c6
08bf84
0811c4
09f548
0ea62e
0d4166
042ee2
010e0e
055b5e
08ec5a
0d9322
0ea176
04286a
fc428c
03b83e
0c87bc
091d14
00adb8
fe9462
03fe6e
0a1700
07f832
fc473a
f4d744
fc60a0
04d462
0158ca
fe6f42
013ad2
fc5714
f415c0
f834c4
007f52
fbdd16
f24830
f85376
08cffa
097a06
f8648e
ef9d14
f899ee
004dde
f9b8c0
f4d788
019098
0b5a72
fd3202
eaff04
e8a06c
f340a6
05ee64
08176c
ec453e
e3fe32
04e846
12860a
f8371e
e6038e
ed912a
fe12e2
078d86
ffaec0
fa7c2e
092880
0bda34
f56980
ecbdea
fc00b2
03fca2
fd33a4
fb0d6e
045376
0a5a24
000d10
f10f3e
f44bc2
07b5be
1072c4
025e2e
f0031e
ecca5a
f8353c
082a64
0f54ae
050a8e
f62a50
f78892
05862e
086f2a
fc19a2
fa3010
08fdec
0b219e
fbd41c
f386f0
f32a32
f872e6
0a0fb8
0f3d58
fb310c
f11e4c
f9ecae
fed0b2
031374
08207a
02442c
fc9a0e
ff9f60
01fa96
04597c
06b36a
01b010
fa646e
fa348c
0161aa
063786
fec992
f61f24
fb0a76
03c412
050fd8
ffc496
f5e6f0
f3da66
002872
07d250
011eee
f8d910
f64828
f91c9a
fde4ec
fd8290
f9aa84
f8e416
fb1100
fea962
0207d8
0260a8
fece50
fb4cf4
00c6ca
0a070e
058978
fdc3d8
0758a8
10d60c
081b72
fe2e14
fec6d6
02ded2
068e3a
08559c
08335a
070974
041bf0
03ff66
05bf58
00a2a6
fc7c80
02f49e
0708fa
021d88
01720a
06f1ba
0688a8
01343c
03e204
0c408e
0ae100
0224a0
005c4a
045330
054694
00ea9e
fd73b2
051fce
0cafdc
0037f4
f2c070
fbf8c8
070a4c
020924
fb79aa
fc0f30
fec390
009a44
024280
03f624
feb642
f36dca
f31646
fe447a
054200
049028
fd4704
f619b8
fd3296
08c018
04699a
f6e194
f10cc0
f9bc3e
09e934
0d3efe
006850
f5e164
f5d1a8
fc8422
ff9372
f84820
f83a4c
03865a
0253fa
fb8d54
002864
ff658c
f8cc80
fa1c14
f88400
f9239a
072fe6
0c9530
053d9e
00c6e2
f5a4ca
ebadac
fa4ca8
0b1264
0551da
fd3176
014360
059be2
01ecfa
fabbe4
f99a82
000b82
053fd0
028184
f78968
f09b28
fce9e0
0b6496
003a74
ee5832
f77130
0d1098
100490
014f8e
f08cd4
eb655c
fb92e0
0ed060
0a4a74
fb8ba2
f7f1a6
f7f1f6
fb834c
02b3ce
fb1b0a
f40258
05c0ba
101142
ffe51c
f80190
fe3cca
fbf824
f785cc
fd66d4
08370e
0b9458
01cdac
f80c76
f581f8
f3c51c
fc1272
07a67a
fabd16
ebf5a4
fd2a34
0f3b4a
06a4e0
fa5e26
f96718
fad570
f86aa0
facc16
0a38c8
0d22d8
f3327c
e7ca04
fdabf2
064c90
f5df2e
f11946
0020c2
0d9452
091d04
f71ad6
f05dd0
fbd79a
043c6a
05baec
0de06c
11f9d6
00876c
ee7d76
f8ccac
0bac80
096006
00f33a
01c392
0144f0
03db1c
0e3590
0def7e
00f634
f96a1c
fc7fa4
032940
057c48
052eb4
08b456
06ad0c
fcc8e4
fdd094
07b98c
090fe4
047cea
ffb49c
fe46f6
077498
0f35aa
07f8e0
ff6fc2
03b130
0efbb6
0efdd4
fa34d6
ecceea
ffcb0c
11b038
03edce
f3f3f6
fcca5e
0c1830
0bdbd6
ffe722
f73220
f8a914
ffb7a4
02f9f6
0086b2
008688
ffa370
f521d6
f3130a
020128
0393f6
f76978
fd04cc
079404
00e890
fa629a
fb8cee
fd729c
053160
090cfc
fdb15a
f57f34
fb73f4
0157c4
0015f6
fc82f4
f8b9ee
f6dca4
fccfd4
05e7a0
02fe90
fb6a8a
01adc8
06c2bc
fc8dd2
f6bc0e
f848b8
f5e6fc
fdb666
0fa632
113a34
ffb152
edc098
eb0942
fcc40a
0f6b70
0c061e
fa83a0
f2d4ae
ffd848
124818
117878
016afe
f6f134
f52ec6
fab736
084f96
120316
0a2d48
f46f32
eb8c6e
026946
1a8be2
11aa7e
f8f6ac
ec708c
f820ee
157b3c
17591c
f3d5ca
ecc5ee
0a1186
0b0a8a
f647de
f8690a
00b484
00cb98
094014
0b1d08
f70226
eda47a
03e786
177a76
0b2be4
f5db68
f6142c
03ad38
04ab46
f7a262
f7fa2e
0baa06
0d6168
f66300
ef81bc
f7c7ba
f6d15c
01cd72
14f7f4
044e62
e69372
eef71c
042eaa
fd8ae8
ef4384
f760ec
0781a2
028e48
f20aa2
f2175e
f8a5ec
f5d624
00f8de
1ad720
14f25a
ef2748
e95096
0f4782
1cd060
fc6d2a
ed12c6
03ec80
0f9bb8
0645f6
0826c2
0edce0
0258dc
efdfa8
f5c816
13337e
20ec40
0851c8
ec9be8
f33db4
08bc74
0c956c
085dd2
0befbc
059bc4
f3529c
f8a340
1186f8
102ac4
f9a53e
f74914
0b1abc
1b4a48
129174
f59d06
ec2a72
03af2a
16d462
11a48e
ffb538
f0b7e0
f6be6c
0969fe
0d62f4
06c7ea
00ff5a
faf042
ff6f9a
066cc6
fc2976
f6eada
034ede
04d27c
fc9ed2
fd54b4
fbd618
f9e78c
069ad4
0d9e92
fa1ba8
e644ca
f25af4
0d6bea
1111ba
00131e
f688a2
f792ea
fb7230
028404
0675c2
fece2a
ed88ee
e5d3aa
fc0c9c
13c510
02ed86
eb7b46
f963c6
08a8fc
fdf582
f7d646
fc49c8
faf13a
fc1838
007bde
fe2690
fe57ca
02a8d0
fbc0f0
ef2af8
f1e03a
036e6a
0ce68e
ff14b4
ec5cc6
f3f672
0c3c96
0d9d62
f65436
e9694a
f658d4
0cc7ec
10511c
f9f862
ee44d6
fed2dc
03948c
f493ba
f8f220
04c274
f907c8
f06456
fde2e8
08ec34
05b44e
f7ade2
ea2300
f6b3b8
10ae3c
08f5e6
eb5588
ee617a
09257c
07df90
f18db0
f14f68
00eb74
0642fe
082da6
07e2a4
fc6918
f70d9e
fe9860
022604
03b39c
0328fe
f63958
ef240a
f8c868
00a0b6
0735ae
0b6de2
f840c2
e13812
eb4a88
0648ca
0ff87c
03717a
ef7ae8
eb0110
fbcf7c
08d4b6
010ce4
f23e48
ef6cec
fa70f8
067b28
07f6b0
ffb7b0
fa540e
010f86
0883a4
07702c
0a8946
0a1fba
f5b580
f2b192
14bcf6
1e255c
ffec84
faeb76
0d1e64
048580
f6f1a8
031132
0da0d0
0b1f3a
0c4784
09a20a
fd2344
f9d2a6
0608bc
10d0f0
093c9a
f3a958
f33254
178da8
29e950
00985e
db87d6
faa9fa
2459e4
13f198
fb8ffe
13c16e
21a28e
f64f34
dff204
11c30a
35699a
0d96e2
e0eb04
ede290
0f961e
16ad68
073ff4
f51c58
eb810c
f5091e
0cb2dc
1195be
f89c40
eaa982
fc5e4a
09f704
0304c4
00563e
05936e
fe8784
ef9f24
f76328
1958c8
2382b6
fc9848
e09640
f7d33c
0dc544
02fc80
fee4e8
069d30
f83b04
e7c772
fb65e8
119ba6
fd7bce
e57b0c
fb1694
16d4b2
043894
e2a750
e50dba
00bc02
12b34c
143b2c
0a5ef2
f0b368
d7f488
e9acd8
1a9922
2375ac
f87b04
deec0c
f5a4cc
14165c
145780
f9ef12
e63940
f11a0a
0a9070
18fa3e
159f08
ff1c3c
e3fa82
e78654
0ce8be
24e7be
0e2b0e
e6680e
e34960
0658d4
1a94b6
042a80
e7bf34
f1c78a
12fe7a
151f26
f79d5e
f34e5e
079424
00178e
f1fcf0
0a3790
1b17fe
00d8d0
f12d9a
03509e
1086ae
0b89aa
fc7ac4
f201a6
0440f6
16165e
fa5db0
e36232
08118a
29bcf4
097cb8
d89f0a
dd72ec
0ba0b6
1cb13a
f9a9ee
e3f8b4
03767a
1bdf1c
0185e6
e7b506
f81150
08e360
f3804e
e329ba
04dd22
24568e
02afa6
d06fe4
da7902
0b3a54
1f71ee
0cc6d6
f6fde0
f10602
f3d0fa
fe607e
0d7b60
0b7950
feea42
07b18c
10e7fc
f9d976
ec5d5a
053b76
0e8ff4
f7583e
f86992
140594
0f296e
ebcc46
e61c5a
08511a
1ecd28
0cb9f2
ef59fa
e9d642
f6f006
031a60
11237a
1c1ed6
069000
e19a8c
eeb112
1e13fc
183a10
ec46b4
f441cc
1857fc
08dde2
ec895e
047656
1b2530
fb83ba
e78ecc
0fcdc0
2604d6
f19f76
c886cc
f4d092
2a6a1c
19dd46
f60baa
f75012
fde870
f3137c
f06650
fb0422
010f3a
036040
0bf59c
117496
02aec8
ee8a5e
f2f26c
02cab8
06a070
0cf8ca
11325a
fc15f4
ef0828
05427e
11705c
0111ac
f8fd86
fc2b76
fda846
09bf08
12c8b4
fcc214
e170a6
ee47d2
159f2c
1e108c
fc7748
eaa6d4
01cd84
0b4ad4
f07bfe
e80a9e
0209c8
0d69f6
0279ce
037bca
071896
f5f3ac
ebda28
ff4f0c
0d2ce2
ffdcfc
f9331e
07f13a
0bc2ec
ff55fc
00e50c
08c568
fc59f8
f3c95c
054db2
0ef0e4
04ddbc
01af9a
f9f108
e97296
fba51e
1c5cdc
084418
e34454
f48e42
146ba2
062fc2
e7d5fa
ea63c0
067b76
13cc86
038dec
f93d90
08a846
09490a
f02206
ef9ef6
096362
0c4b64
fd52f2
fbb830
fcbcde
f9fb0a
0140a8
06d56a
00bc02
fd9c68
f9d79c
f0b480
f93ece
09fcae
ff11b0
f2e4aa
09652e
122868
ef5e1a
e3287c
ffcbca
000606
e9c9f4
fc9dba
15ede6
fc041e
dae7f6
e40fae
02799e
148d60
0480e2
e2dc2a
e9e980
0ee1d2
0c5360
f4a68a
fb62f4
0524d6
0343a8
0b72f2
021010
e7c81e
fa1118
1e2e02
08e850
e5d704
f8207c
10fe48
03a08e
f92cf0
047682
ff3398
e9b36a
f39724
19219c
18789e
ea76e2
de9a40
059658
10392c
f7a6ec
02df9a
1d9664
07146a
e7bd5e
f6cf7c
0db34c
0845c2
fdaee4
fdfa0a
02b45c
07bd78
08daa2
01c42c
f57d9e
f69a36
107f90
1ba270
f8bd42
e214b2
033b9a
1b15c2
000edc
ea385c
f70656
059d6c
0864d4
062078
fe3e2a
f670f0
f43e2a
fa2f0e
0c1d04
1523a6
010f74
f28466
0600e8
1570e8
0aafe2
04cad4
0631ac
fb00f2
f7e9cc
0b5250
185454
127b60
06d4a2
f73256
f0445a
03977c
12e426
fe2422
ec8796
0398f0
19b100
0806f6
ed6b36
e90368
f408c2
08b236
1d61f6
170ad0
f3313c
d856aa
e92198
14db5e
230244
0818a4
fc1b50
0b0b86
014360
e7b6b0
f38c9a
10b4bc
143cbc
0b2c34
024582
f6920c
f81a2e
0335d4
031014
05f732
11da66
074d96
ebfe02
edb91a
105ca4
23bf24
04cc56
d95ca2
e8a99c
1b1e72
1914da
f69072
fa9000
039362
f6804c
09522c
21aa50
fe85a2
e2e9b4
053eec
171c4e
025712
0176ea
00ffd4
ece716
fb9fd2
1ef832
11073e
ea3248
e737ce
01c140
19610c
12fb4e
ec743a
dc7e04
ff7f5a
1910ec
05089a
eed970
ee9414
f22bf0
f845e2
0437b4
07897a
fb0fd8
e8fee8
e76648
024890
168f2e
ff63f6
e3fa20
f4e3aa
0ffba6
0c1d22
fe66bc
f6d70c
ef360a
f7c38c
0e04fa
0dbb06
fe3188
ff1598
fceaa4
ed0b56
f95ae8
18ccc0
0e9a6e
ed9bca
f1564c
02c448
fea856
fefc04
058d82
fc0454
f995d4
01b386
f52f32
f1455c
0ecd20
11f8ee
f19672
f804a4
1b65b8
1122be
ecd5b6
eecab6
075744
09dfe2
019fec
070894
09b49a
fc1d60
f76b4a
075320
109b78
0487dc
f5818c
f89fa8
0a65d6
0b9be8
f32e56
ec1842
06d19c
14d4ee
01385e
ea9438
e833f8
fd50e2
1485b0
0b34e6
f31384
f5e6fe
ff6c3e
f8bf68
00f49e
1405c2
090240
f3d8cc
fa77a8
0a2bc6
0d5eb8
075772
f94fa2
f7f176
110ab2
18b218
fcbf94
f22ca6
005eec
feff30
00a810
128454
04cbb2
e66876
f7a910
180ac4
07d452
e89680
f2f4c4
1533fe
167dee
ee7a50
e0cfee
0c2a94
1f080e
f61c54
ed2a38
1963b8
16b6fa
df0f74
dcdfca
17e0dc
2765c0
f384d2
d9f3a8
05248e
2727a6
05c642
d9d8ec
e89d70
1781ec
26627c
10554c
f12364
d4555c
d7517a
0dd116
327166
0bdcea
e44b80
f7e12e
0403f2
e72fca
e5370a
0dcc00
1d15fe
011be0
f2a53c
049830
05c1c6
eeecac
f7a0b8
18b65e
147156
f73bd2
edce3e
ece540
f3fc0e
150e6e
24b644
00570e
df7d64
ee39fe
079794
066d6c
f79c60
f78192
09fbf2
0f20f6
f2fdc0
de0376
f4d854
0ffdcc
0543ac
f1fb02
f4acee
f8ecf4
f2d50e
f3be28
fdd858
041a74
02fc3a
feb32a
fb39ac
f4edba
ed186c
fae066
1a29da
172e04
f56140
f6d13a
0cb60c
facebe
ed6da8
11b9a4
1df33e
f98568
f7951a
135f92
ff8020
da4ac8
ee7852
23090c
28a6d6
ef13ec
cc9f5e
00c78e
296b84
f3e526
d66dcc
143fca
280e38
f01e68
e785ea
0fe908
122bb4
f9bcfa
f07f4e
f82ff8
10d51c
1edb1c
ff4104
dd9de4
f66af2
1d3784
07e6c2
e5e7b0
07f4b8
2d91c4
ff9d4a
cd0248
edf132
200fb8
189f98
f36322
e7e962
03a59e
12c460
efa840
dd6bb6
04d0f4
1641f4
f5ce12
ec377a
08cd38
182ea0
030978
e334ac
eab7de
16447c
21dfc2
02e19a
ee448a
f2818e
079148
211624
1448be
e8a492
e5b392
07926a
0b7bb4
fbd870
05c928
0dcb88
f538d8
e55992
fa1d5a
0dc58a
09047e
fd9bf6
f37f2e
f1aa9e
04f54e
141028
fff848
e691e4
f3cf74
169380
1e6f34
040002
ebdee8
f0afd6
08bc3a
147630
013a90
f0015c
046a40
137e3c
fa38a0
f1bc2a
0c9806
11f4c2
05b946
03aac2
f63dfa
f1835e
110f0c
1bceee
fc537e
f0dd74
04569e
0c083a
feac48
f2199a
fcbf10
12f470
114346
ff77bc
f76a32
f62896
024408
14b516
09c20a
fb162a
1069f8
1617fc
f2852a
ec83f8
0f1612
1432a0
fd7026
0514a4
186ada
ff6882
df6c66
fbdc9c
292958
1da5ec
f54742
e8bd1e
f75e3c
063200
037d18
00e31c
0f1552
0027fa
d5b36e
ef1c7e
314d52
169fac
cbab42
da24ca
18badc
1e9f9a
012558
f538ba
f60dbc
f7d628
fe5768
082e20
0a163c
ff02d6
f697ae
fffaae
10a50c
118ad6
fc47f6
ebd0a2
fcd40a
17fc32
12c0ca
f57fbe
e39e3c
ecccd2
0c2e68
1fbc6e
09649e
e9da88
e65ce6
ebd15e
f5f636
13d720
1bfc72
f64616
e32c6c
01f356
16b9c0
fc2996
da3f2e
eb53cc
24400a
299ff0
e7f4fc
cc5480
f95e20
13ba8a
04b0d4
fd815a
fc6442
f5c8dc
f4402e
f46a54
fdc2d2
0f5f34
06724a
eb5956
ebbdf0
000c2a
024f90
ede636
e47888
026f26
1da6c0
041ac8
e6d782
f3436a
fef4a8
fbbc9c
015e62
044e80
0576c0
0814ba
f63ec6
f2aa28
164606
132efe
e1d4ee
eaacca
2069c0
1aa092
eea16c
f142e4
13310e
1476c8
f5ce90
e97a1c
ff1ace
0fd68e
012d00
ef87e0
fafbe0
0e2b92
06ffaa
f61538
f73a90
00797c
068c44
054c44
f7c2ea
fd1bb0
1e7536
187db4
e59658
defe32
09d9cc
1bec8e
0dcf9c
001ea8
f9e7be
fa6ad8
fa8b0e
f7f57a
ffb456
0f36d6
163032
0a85ea
f30baa
f252ec
0a2f1c
05d84a
ed9f0c
fef60e
20b480
13534e
ecb372
e5f326
004f54
0e1a96
0081b6
0444d2
1c2752
09f370
db75b0
e0a814
144d6e
2d4e50
0e9caa
e27242
e77938
117944
19307a
fe3ab4
f258d6
f7195a
026240
14aa86
1671d0
fe204a
e55df8
e7e520
0acd56
212c5a
027bc8
e11a86
f12a94
088356
0165b0
f91f88
01253a
ff98a8
ea2402
e818fa
0bdfb4
1b6226
fbe8f6
e9f71c
f97ae4
0340e0
024b8a
fc4484
f374b0
fd8820
0bccec
0564a2
025dec
0047fe
ef38ae
f90e4e
162728
089f5c
f265a6
02a310
06bf66
f2c8ca
f96f6c
074dde
f6b4bc
ece89e
05c824
166342
fe99e2
e5343a
f321ec
095e64
026ed4
fd23e6
0d6a40
0546c8
e16b8c
e98c8e
1cc366
1bbdda
e2f308
dda356
130468
1ae2a0
ed69a2
e25ca2
045358
130452
fbd036
eac8f2
fc0f3e
0bc376
fb0524
f44ee6
0e9bd8
0c5c0a
e0eb30
dec52a
0f8c10
19503c
f36822
ed31ac
05b964
0477e6
fc1954
04f7ec
fa789c
ea8d08
05d744
1e2ec2
ff8f04
e2addc
f795f4
175e16
193ca2
fc5434
e01886
f26a76
20ef04
1f44b6
f20c6a
e85150
ffe66c
01a2b0
034d9a
1b1eb6
11d4ac
e55116
dfd140
02abfc
116d82
035108
fab6b8
0bd94a
1a7ef2
fde40a
dd9f0c
f0c240
0d6966
1029ec
122a34
081162
f4b342
00c6f4
078824
eeca4c
f96878
19854e
0766b6
f41b2e
0b8ac2
088c06
e56974
f50294
2ad9e6
2402ae
e40452
dc1998
188132
2796aa
fb6ed0
f0878c
085480
081eca
f886f2
fdf23a
153182
119fea
e76604
e66d78
2231e8
24df06
e18ae6
dce7d8
1b7bf8
28f192
fc9ef0
e9a5e8
041dec
11f82a
ff18fc
fef4d8
1041ce
0463b2
fed0f0
14d9a4
072a58
e9e320
ff4db6
14835a
00cbf0
fb9df0
0c69ea
077d1e
f20902
efc268
07cb50
10d6d6
f88bd6
f739be
100000
fe6d10
e42eae
032436
19440a
f73e18
ea05e4
0b59a2
13f3bc
f44aa2
ea59de
04bbe2
0beb34
f922d2
00992e
159cd6
06e668
eea202
f6242e
0cdb24
143132
fc6d64
def90e
f68436
2bc992
1f543c
dbe3a6
cff1d0
0aec4a
27bf96
fbb848
d60aac
f329f4
1d81f2
14b9c0
f5f6d4
f68e36
0123ce
f11870
f11eaa
1b0252
1cc818
e315b8
dbc5b4
0d1c90
10e8c8
f940f2
0030e6
f67c66
db6454
f9cb8e
2fddfc
1c2402
d5651c
c7be2e
078e56
302432
09d2ba
e44bda
f6caac
07dbe4
faa93a
f5fb86
ff0938
01ca78
feeff6
fc5bc2
05ca82
13453a
f8b84a
cd123e
ed3c94
3ae9f0
2d3bc6
d5a458
c7b75a
07371c
1f242e
059a40
ff569c
043ec6
eed224
e4e950
0ed906
308b70
064d16
cdc4a0
e48a8e
1f143a
1b5452
ecb57e
e81df8
0de0e4
1752e8
f3c488
de610a
f68790
154412
158352
fdd946
ea5c36
f2570a
0c18dc
15abda
0425dc
ee3ca2
f4692a
1303de
11e20e
ec9518
ee2684
0e82be
021092
ec84ea
051254
1231ea
f94fa0
f1804e
04011a
10e64e
05a85a
ea44ac
f23f98
1c966c
121532
dfb924
eee79a
237f00
175eba
e5d2e6
e50ee4
0a0bfe
0ee95c
f59a96
fd9954
1728ac
005400
e03784
f49830
10984e
0da642
011b1a
f2e6ba
f74b6c
12a4ca
07dd6a
df5178
ef3a82
21bae2
1fff46
f45504
df525e
f4d244
0eb1c8
04cbe0
f392ca
00088a
0b6c6e
01d276
f9c962
f9d8fa
009bb6
ff8bdc
ee3bd4
022bc6
319c30
107cb8
c6a186
db4c16
193986
1c9bba
0fa8d2
0298b2
e14614
e69248
119c76
10b214
f770c8
044108
18f0e4
0c2204
ee1836
df2664
f5fc00
2371c6
2e5a16
029bb4
dc9046
f01836
125204
05b9ac
ebfbec
01afd0
24675a
12e2de
e5e2fc
e1d20c
03de4c
14023a
0aa0ac
0a4352
0c7ba8
f9c5aa
eb8474
f8f946
03cfb4
f87f82
f5fbf2
0d24bc
1aabac
02b606
df98ea
d8b6e4
f5ea80
1e607c
261fbc
025828
e4644e
ea437c
fc3714
0a9008
0b4b76
f5892c
efc8ce
0c58f6
12bb6a
f67c30
ed93e2
f77ef2
f71bb4
0091d6
14e18c
073a24
e2b3ac
e9afa0
12ded4
117002
ecface
eb1502
ff6d0c
01c6fc
0688f0
0bc20a
f86dda
ececb4
fe2c48
0b8d52
095e8a
febb54
f31926
fbd730
0a325a
fbe322
eb7304
f9abd0
0e1e18
0e91fe
fb9328
e8e21e
f3530e
0a0934
024e06
f0f88a
feae36
11b95c
086f50
f89526
fadb8e
036828
033260
fb788e
f3ee0e
fa82b4
1077a2
14544e
f4ad0a
e0ca36
00c446
24a8ec
0a8de6
d95848
ec3764
28a7fc
2626ce
f4f8c4
f07a46
094ab4
037220
f3f0ca
00b1de
16305c
109e0c
fd9b42
01763c
ff7ff4
e1f3de
f40692
2f29c6
19f414
dc475a
f91482
2eb89c
0c3eba
cd016e
dc1472
356a3c
56ff18
f616ca
b1a5be
ff66de
39ab36
00606c
e2039e
0f46d6
29350c
0bb8be
da92e2
dd7f08
1f9f9e
2a7ab4
e76ca4
e309f8
23731e
245c6c
eb4584
e2f624
119e44
25eb0c
004228
e04918
f9d266
1da816
13775c
f5224a
f154e0
016b8e
086a38
097f98
0bbf66
fd7e38
efc094
035d7a
106700
fb1fe4
fbf67a
13ab9c
06c498
f39a70
0736e4
0fc3e8
f7e04e
f42f8c
04bfb6
fef1d8
f513ee
083072
16a39e
ffcf62
ec2f08
ff9896
10baf4
f7f33e
e20db4
023ff0
286714
121ca8
e70ec0
e682a0
ff7648
0fb016
06adac
e454f2
e2f23c
14e370
1da1ca
ea5e60
d9c6be
fc8358
15ab4c
075f80
e5960c
ebb2e8
0f6806
feb180
e73756
10867a
162b2c
daf2f0
dfd28e
16e73a
157e5c
f4611e
ea3f46
f99d86
104f9a
013594
e11fae
f97bb2
1e4136
039a00
dda426
ed74fa
143f14
162098
f2552e
e888a0
064488
0b63f4
f7f384
ffd944
0ee7ca
030a88
f27388
f6f6c4
0cf000
1232c0
f3bf68
e0f836
faba2e
19422c
1ab2d0
ff19b2
dc60d6
e5d8be
197990
22cc36
f24116
e48eb8
0ffef6
18d03e
edeefa
e84306
09f952
0cd070
0550e6
0d6880
f8927c
dd1e70
ee44a6
063b5e
0f191a
1b4028
1002b6
efce02
e8cb9c
f657ae
06d2fa
18178c
144a78
ff1a14
f537a4
f8f9d2
04343e
088568
f9b116
f189e0
fb0734
068044
172454
117386
e1330e
d4d146
0b825e
218234
fab0ca
eef590
0cbdaa
0d46e0
f0e4c8
fa37cc
156df4
fb48b4
dd9f48
03fc92
24f86e
072158
e9e68e
ee3896
03ab62
17bc7a
0121b0
dd6172
f92b34
2048f6
0cf244
f8edb2
fa823a
e96e7e
ec196a
17464e
221a84
ff64ce
f0147c
fc3ffa
fe289c
f81c18
feb668
0569d4
f7aeee
ea3246
04c092
2d2d52
11a9fc
c87ba6
d21624
23eff0
2eb32a
f7f4fc
ec49d8
fcdaa6
f9bbe8
fc4b72
0aab32
0de2ee
fba446
e3c32c
fa279a
282c90
0d5116
d3e492
e8b116
179ebe
1028be
f7e71e
f8fe10
0bcb02
11a3d0
f90d36
ec4d36
fd211e
00c8a2
ff3168
0a50bc
06cffa
0244ea
0218f0
e754a4
ddf8d8
02b25a
165f06
1083c0
0b4c7e
f7e612
ef1c6a
faa340
f24cb8
f5310c
16333a
153476
ffc168
06be82
014e06
e5fb58
e66e12
01fd74
1bf480
1a44f6
f6efca
e4f90e
f83fc8
0089bc
fb09ee
06a9f2
11bb08
03305e
e9167a
ea350a
104cac
2004c2
fb749e
e72988
04e432
19d8e4
080dd6
f39dda
f91b9e
072588
015956
f8c954
063d28
09fdd0
f2b518
ec2664
000592
09df14
0ab432
0d343a
f960da
de3718
f6dc08
2c19ce
23dd56
e7d7ba
d4b14c
fa9564
1fdd9c
1b9f46
f2d754
dfebd8
04437c
1cd02a
002b80
eb4714
f59180
f9a090
ff683e
1393de
12ba20
f74018
eddb36
0206da
0b4e66
fed7ee
04ec94
1a9ea4
07f514
d81f36
dd87ce
230c6c
41f94e
fea8a6
c43374
f50a58
2b4926
094fd8
ee62d6
0aa15a
0aecbc
f33f7e
feb5f8
0f6fba
04c4ce
f3cb7a
f38eb0
09f9e0
13d2ee
fa46b2
f44864
0fda12
0c0364
f1cf38
fb428e
102888
07362c
f60b9a
f89936
07db3a
0fd12e
08e08c
fa7a48
f27ef6
ffef48
164b6e
0ee0b6
efaf5a
e78dea
fc1796
1008da
13dbee
079ab0
f7ebfc
ee2cb0
ec205a
ff352c
194892
0e08d6
effd74
f7116a
10a838
0be820
f69bb2
f56a86
00cf74
fe7386
fb9952
0c5d8c
0de812
eeccf6
e65f24
03b766
11a582
05a05c
f9ed9c
f40a48
f9a4ea
068312
0672d8
032a2a
09fdce
0449f2
efae86
f33668
13877c
1bf05e
fa3e0a
e83a2c
fde2c8
06c014
fb3526
02685e
055296
ef722e
f0e5c6
0afc0e
074c94
f1b02a
f8e52c
10765a
10be56
f7e56e
eca3c6
036b82
1179f6
f98562
efab06
0fe2fe
196dbe
f2704c
e59d74
0ddeec
1b99ae
f15474
dee73e
04e988
1c466c
039168
ed07c0
f5bc24
06f1ec
0a1262
fc7d70
f2417e
022aaa
18e1fa
113a7c
f61978
ef779c
00b996
08dedc
fc02fe
f8af8a
0c636c
121156
f86182
e2b3f8
ec042c
0dbada
2499d4
07efd2
df3fd4
f42322
161b8a
00f276
f5d496
11f9f6
09a608
ee9c72
ffed78
0e6782
fc0f46
f647e6
fa94fa
f7fb9e
016e26
0c27ee
069cfe
f7b80c
e32cf4
e94be6
165d60
1c65b8
ebbc80
e8fdc0
16f4dc
195f06
f839d2
e87e48
e5c83a
fa9d94
2609cc
200898
e554a6
dc396c
0c9b5e
14a39e
f0f304
ec0dbc
02f136
0bba88
088d00
fd8cb6
ee5752
f4100a
053f1a
0454ac
0056b4
01724a
f4e08a
f11404
04c1d4
04ae0e
f1c0aa
fbc0ee
0f5732
044564
f4e218
fd29ac
095cd0
015f92
eb6c54
ed5d48
117afe
1f3218
003a6c
ee0c3e
fa7b8a
ffd2fc
fd192a
ffade0
01fe9c
0c0126
151962
fc1b92
d7b720
e7c5fc
1fb57a
252d2e
e97b74
d8ecc0
148398
270354
f51b7a
e8c21c
ff0eb4
f3b3da
f52c74
1d2a28
1f66a0
f5b0cc
e6b0a6
ff603a
123f7c
fe4166
e78016
06d28c
2b275c
0a9092
db77aa
e2710a
05a2d4
211360
197540
ecc1dc
e6dd8c
1718b2
158c16
dfdd74
e4c9dc
1a4e7c
1ee40e
f7063a
eacdd8
06a1c0
16c2f6
fc8038
e2bd6a
f5ea24
13aa18
0fa12a
fdcd90
f98360
fb92ec
fde65c
00655e
fc927c
f80c14
ff6a8e
0ca8ce
0daaa8
fa29ec
e4da74
f04ee2
1319da
161af4
f7afe0
f1ba5e
0596be
006d7c
ea4356
f2ee88
10b582
15dcc4
001a18
ed7a62
eaecd4
f9ecb0
1164a2
0ef016
f18136
efc854
0bd4b2
0c63ee
f83dd4
f95d7a
01cc72
004792
fe26d4
fcb216
01dfce
041a72
f0e712
f311d8
19bbe0
12c238
e13f68
e90d16
144702
135cf2
0070dc
f6fd24
e71970
efb6a2
1886ee
21758a
fdfa62
e9756e
fab88a
0c6b8a
ff1edc
eb3242
fb2106
1a37ae
14482c
fb0322
ff7fac
0722c6
e8c884
deb58e
1bb9a2
425928
059f18
cbd33e
ee7d36
1c12f6
0f9f5a
fee878
098514
0c4248
ffb410
fb92b4
0768ea
11cd7c
ffa04e
e49e4c
fb9d14
2aad8c
1b60d6
e962a2
ebfdd0
07a314
02398e
fa08cc
058fb8
09450a
03d5a2
06248a
0eaa40
0da88a
f319fa
de8686
fed86c
261d10
15e720
fbfe3a
01324c
fc0936
ed5860
ff303a
134c02
01dcc8
f4ed2c
0bdb7a
151daa
f7dcf2
ea0388
0077e8
0c1bb4
00af94
fdef42
0564e8
02397e
f39b56
f3621e
101db8
1ac71c
f2e672
df1758
04125a
13051c
f9e708
fb9bb2
0d194e
01195e
ef9552
f22e74
018ef2
1038d2
03a64a
e68648
f02bf0
120966
0acc88
eea746
f63134
088ef6
ff7eee
f4d902
f67c92
ef1394
f6b3fe
1e7f6a
1add62
d9b5b4
d552fe
1c1fcc
1bbf20
d7e15e
e14024
1e8b68
170bfe
e79940
e20d5c
036f96
215778
0f8e1a
ddfcb8
e16d9e
0e8e54
0a6178
f30338
06bc3a
0c56e8
ebd3a2
e9b096
086384
125f9a
005c32
eb4268
ef7036
0965a6
0dd1de
fe4c22
ff127e
03d602
00c85c
01e764
f8b6c6
f3ca74
0edb18
11f752
ebe14c
f510dc
2190ec
11bdae
e98fb0
f03ef8
02bbba
093714
101f96
0155a2
eb4fc4
fab12c
1316c6
0b4182
f7be42
f48734
0a182e
2181f0
060e22
d1c08e
e61792
2cac48
2de144
f2a7ee
e6a5f4
092df0
0cbc2e
f74c74
faf5fe
076afc
02769c
03b784
0a7b50
fd818a
f7055c
07b554
074664
f6fe7e
f9eebe
ff7e5c
011016
12a2a0
11f4ba
f2328c
ee740c
03423e
ff877a
fcf6d8
0c1fa6
0947e8
042792
0c6116
f9bdd0
e0b488
f65bee
14157c
0ebef2
039c36
027d74
00088e
f907fa
ead710
ef4b9e
12accc
1212ee
e65c2c
f7b970
326a9c
106bf8
c017e8
d7670e
2831ce
29085a
f0e386
e2b49e
001a0e
11ceec
083e40
f5e456
e867d2
eba574
090946
228a78
0d5f16
e88284
ef6cdc
054fd4
f77234
ecf92c
09dc1c
193310
fb12ba
e3ea98
f9ce3c
160e56
03eae0
dbfc16
ec24ec
253730
1f74d2
e29de8
d93d36
ffdadc
10e478
14c70e
0f04dc
e824b6
d79fda
016cb8
1a2442
036732
f44d10
f75caa
fbc64e
0556a2
051838
fa4052
fa3266
f349f6
e7e0cc
048ac4
25693a
0a4530
e7d946
f6a2aa
013254
ed42e0
f0eb0a
0f499a
1274d4
fa3bb0
f3294a
ff91e4
fe5ee0
ef71c4
f19776
0b3628
1dba2e
0b8e9c
e828fe
e8f0f4
073e20
0802f4
f78548
054ef4
113e0c
ffcfbe
f76190
f8ef60
f7ce04
0f5994
19d7d0
eafd28
ded3c4
1f701e
2ae686
e3de1c
d48bcc
122708
272158
fbccc6
e4e03e
02beb0
18c6d6
feffc4
ec4c8e
0c9aea
242f10
019248
dab488
e8caee
156eea
294672
0d723c
e4494e
e1b268
036104
18bcbe
0bdc3a
f73898
f80de0
0279bc
fba2c6
f5abbe
0c8fe8
1d7ed0
066afa
f2be98
013ef4
05d8aa
f39132
f9f41a
14428c
1141d2
fd8eb8
ff0950
05f9d6
008a94
fc3af8
f86b10
f75d96
0c1524
1eed0e
0b8378
f1e39e
f902aa
04c1be
fcb54a
fd9392
15871c
1e940c
fecb52
dfff8a
f35d7a
1aab76
1b4126
ff328a
f48684
0306e8
0fd266
0348c2
ee4a96
f8e66c
148b68
108046
f74580
ef7c7c
fc44e4
167818
24cfa2
00ff9a
d2a676
e61668
1d0060
25608c
04d930
f23518
f889c2
fede22
fa061a
ff4606
14d36a
108844
ec5dee
ea9aa6
13df66
1941e6
f0b494
e7f6c0
093222
108330
f2abb6
e8b134
055310
1ab9f0
088ce0
eddc04
f19e96
fe9b26
f612be
f61754
12b130
1a33a8
f7f2ce
e15338
f1ce62
0c6ed4
1464da
0144ec
ec8e1c
f9e9be
0f8184
03688e
f3d8cc
fe3be6
0218c2
f5fe4a
f637a2
017918
0a1526
0ced3a
fe94fa
ead490
f55240
0ef390
08cd3c
f30ba0
fb350c
0b318a
fb640c
ebd5f2
fd41be
0bd1fc
05f372
07a8a8
04ca1e
e8eaac
dc90fc
fadb6e
1f237e
20b592
fbe022
dc99ae
ee92e0
0ae5e0
010fc2
f7a4ee
056d1c
053340
fd31f4
fe0968
f42ee0
f77a12
14df94
0d1252
e74436
f3978a
16965a
0b7c3a
f4c870
f85210
fa5ac6
f87292
084de2
152b34
0310a6
e92ed0
f1c16a
13cd32
1d1e36
006ff6
e29444
e3d81e
03f854
22472c
1ad83a
f85dee
e3f9c2
eb4bd0
fe1ffa
0a6574
0c7144
0bc8a4
03c9be
f2a820
eef8d2
f9c472
ff6608
0e65b4
22f73e
0a1e5e
d550c0
da2d04
18342e
2eb5c6
f60a1e
c902d4
fafcf0
35b0b2
098e12
ce2016
f1ffa0
201400
060fea
ea8cae
006b72
1bce20
0ef7e8
e5aa0a
e6e250
1b3f80
19cc8a
e20fac
f16bca
2aae48
12bfe2
dc4c24
eb9580
159a9a
133352
f12de8
e95988
1029c4
22e1bc
f9d6b2
e4fc18
06b7fa
110004
fa5d22
fc6e38
05e870
f9c3e8
f95788
0e3cf6
129010
fb2136
e9a1ca
f80366
0d53de
08ab46
fd18e6
00d938
0028ee
f664fa
f9e6dc
087d1e
0ee8be
04c142
f24238
f0db3e
03f726
0a54b4
fd4026
f84d58
004a00
08e434
09f146
fac376
eaa47c
f2fd8c
0567de
0e6170
138d02
0803ca
ea61ac
e90adc
03ce5a
02da76
f50526
0bd080
209d52
0137ce
dabc06
eae8b6
1a6dc0
1cb43c
e8dc46
dc0fb0
12c624
218934
f2ea92
f24c96
0f0db0
efc264
dd0890
1aebe6
39d99a
fe0d3e
cb36fe
e1a0bc
19bb5c
2cb844
006054
e053d8
0115c2
0dedfe
e5a3fe
e9a0f4
1be132
1ca666
f64488
ebfd02
fb091a
06c0fc
01d17e
f12594
f3612e
0c7aac
1789ba
07f17a
f0e6de
e718dc
f68aea
0c8bb6
0c2ba2
fd30dc
f4a786
f715c0
0071a4
02f170
fcdc04
fe59a2
fbdeb8
ec3f5e
f4eb06
16ba7e
18af9a
f5a078
e00a72
f1b3c0
191a96
1fb472
ed7a08
cf1546
fb26c0
267b92
133b44
ef0f3c
e89118
fa2812
0614e0
f380b4
e6dc0c
0dd8b6
29acd8
fd1818
d89514
f9f6be
168b0a
049594
f69b1a
f89534
fcb4a0
11801e
160a5a
e5e9ee
d0365a
0d0170
354772
09905c
e527e4
f059c8
f07ae4
f0f3d8
13e996
1f881a
fc7a42
f22f6c
0c6814
0e0f40
f68cd6
f27512
03e6e0
11a0e2
0fd864
05eaee
03872c
04a948
f9e256
f47c8a
0ccfd4
25d170
1311ea
e8d398
e2ada4
0594d2
1bc892
116fbe
092f30
0c0bfc
01b22a
f307bc
f88c8e
0933a6
13b4de
0fa0de
fae246
f32f0c
0dd22c
1f08b6
0880de
f1350e
f03a32
fb27c2
14f000
226ab6
01ae62
eabbc0
0bd440
176270
e81b4c
e130d0
1dee5a
306ac4
00efb4
eefcd4
02a20e
f75336
e673a4
02eb44
1ab38e
0b2a58
03c318
080634
faccd2
f61c44
fd47f0
f53e6c
ffd474
1e6738
09dbc0
e104be
f9289c
1c489a
055b22
f027b4
ffa424
02b56a
f55bb4
f93c74
08f514
0ed2f2
03e3fa
f3f612
f1f436
fb3a9c
072d08
1421ee
0bcea8
eaae84
e0200e
fb9d54
14bf46
11ee2a
f4be2c
def6b6
0064e2
29748c
0199f4
c5b0f2
df0264
1700c0
1e3b5a
112e26
fb1fe2
d4be82
dc4524
175af0
23a89a
f32e7e
dd8c4e
f7be20
116daa
12f6d0
fddeca
e2c74e
e3d77c
0542e8
1b331c
0a3cb8
f07e10
eec3fc
f72e9e
fbe7a2
07c800
06bd7a
e7a244
e45926
1882f8
3244dc
060ecc
d3fe58
d10e1a
fc4a24
2fd96e
2be262
f7ca96
e10124
e81a94
e98fae
05668c
2873fc
06f018
d62dda
f620a8
27f2de
0d1802
d5bec0
dad842
133930
32707a
153a48
e517fc
d30a44
ea5f3e
1b6f02
327c56
0b9512
e094d8
ec891e
056e5e
fe8852
f288aa
fb9a44
0d5586
0f5bae
001de4
fdff54
05f0e4
f1ddc2
e19380
077982
271504
029500
dc5ba4
f78c20
2324a8
18aeb6
ed23c6
e8112e
093e14
11d88e
01b32a
010f08
ff3b8e
f0e60a
f680ca
08b684
100238
153dfc
08f196
e699e8
e60b2a
0806c8
0b5fc0
f927ba
014cec
14330a
19db9e
0dc1e0
e4cda2
ca1d92
fce3fe
3ec4fe
25a160
e3358a
e45f32
074f3a
fd79e2
ed4c76
09e510
21f36c
06d7d2
de9144
e00402
0bf092
28dcc6
0a04b4
df262a
eb16f0
0d103c
0bff14
ff2fa8
024876
fe4fe6
f5bbfe
0584ae
15099e
fb0ff6
dc2a76
f27cc4
1a5b66
1183a4
f3afec
f833dc
068d16
fa30a0
ebb3e6
f68460
0a2274
097e6a
f76612
f802cc
1059a0
11d7e4
f27a98
e2ac78
f69376
146ed0
1e7ce6
023400
da64b4
e5b822
1cdd12
2850e4
f1c1f8
d18c4e
f7e922
1bfe14
06e466
eeb52e
fcd12c
0f1952
11558e
03f022
e3074e
d8a7e0
01d0d2
21a796
13ab1c
fef846
f1ba96
edd2e8
014a46
08c686
f60c28
ff695a
16f47e
031f4a
ee78e6
fe9466
fa2a8e
e383aa
02f4be
39674e
25645c
d788de
bf12f8
f9d0aa
2d8320
1b29ca
ef6fd4
e8f42c
09023a
1f10e8
02d1d4
dbd1aa
ee2c00
15ba92
0c2716
f842ea
061746
02d94e
e3a9fa
eb5cfa
177dda
1f3850
f9c62c
e4042e
f93082
142c78
116322
fba6c8
edde98
f247f6
016978
0810c8
0159d4
0116d2
06b91e
f8ed04
e54df4
f65a42
1bf8b2
14faac
e393bc
da97c2
0e0f82
278a62
01206a
e2bd84
f6a24a
0f60ea
0ad310
fd17f6
fa8654
fab3e2
f91e26
06f1e6
18dc84
065eee
e77522
f7bc7a
15a898
035b94
e932b2
fd99f2
1c26fa
1324dc
f1bcfa
e75c22
ff9d00
13b14e
0fbd7c
076962
f6cb44
e1e9ca
f97be6
2ac076
226370
f12f9e
e6f492
fc5ed8
073444
09a1b8
035668
f581b8
00c2de
22fbee
206f86
eab19e
cdc1b8
f965d6
27f9c4
12a052
ebbe52
fa8142
1d15fc
148a3e
f3636e
ef4642
fecfc0
f73d0c
f13252
15cdda
2926ca
f900f0
de0848
0a6a50
1c01fc
f2b000
e7c562
043bac
0a2f28
04c01e
0ec6ea
0c445c
f498d0
e7410a
f47b16
126134
22b602
0a3aba
e7259e
ef61e8
0e7f0c
0aa43a
f352c6
f9e628
12161a
16bd58
04ff56
eca298
e79130
01f6b8
147cd2
058f50
fc7cee
06af78
00a526
f0c7be
f45c22
026abc
10158e
154bec
fd706c
e4290e
fd273c
230e0e
0aeebc
d46f56
dc07f0
1a2b12
2e70fe
061de2
f006f4
fe4fe0
fb06a6
f148fe
076b9e
141442
f9525e
eab632
002f42
130284
0c719c
f4d868
e4e6ae
f87480
1adf64
17f026
f6e9a6
ecd2e6
fde67e
0338ca
fb0c9e
054f92
17d264
09cf44
ecdf5a
f1e66a
042ac0
fad3e6
f485a2
090a3c
0c400a
f5a6d2
f6936e
0b26fc
05d778
f14b5c
f37f18
06dc8c
0fb6be
04104c
f2b01c
f3d0e8
ffbf40
f9ff66
f49446
0e11fa
1dad06
f71c14
cdb036
e4c1c6
1d49ac
25e090
f6a0fa
dbcf50
f8ec34
11c84e
0310b8
f7ac36
fae652
f1c728
f2ab42
0f4f40
1cc0ea
072a48
ead0d4
dd63bc
ee44cc
16c11c
26912e
0b6206
ed27b2
e856c4
f6fb50
04f8f4
0003fa
f770dc
03ccc4
1215a4
0c7de8
fc0b5e
e532b8
db9ca6
002604
2a409a
15faaa
e86342
eb1518
05615e
00126c
f29fe0
06084c
1a32f0
043ab4
ec57ca
00736e
0de772
edfd2a
e55202
10bb54
1d98a6
f62ee8
ecab64
0ea8fc
0dbb40
e0142c
db3174
14c0cc
2bae6e
f5f3d2
d9a06c
0ab9dc
245618
f441ec
d5ae14
f859dc
1cb4fc
156be2
fb0d08
f45c22
0234b0
00aa22
eff3fc
fc79e6
15df5a
054ad6
eaad42
fc3bd6
13d51c
070492
f2c28e
f28dd2
023054
1173a0
06a726
ef63cc
fae132
1479e4
07111c
f297f2
0270d8
0cc444
f7d6a4
f3caae
0d5068
1476bc
feb860
f0b726
f3b822
f77934
04dbb2
1d615c
13dbbc
e4d240
e0c8a2
1665f2
244a8a
f5a2fa
e51f1a
011394
0602ac
f81a0e
058396
18b1da
09e962
eea3d0
eeb836
00b0ee
011420
f887da
0a6740
1fb178
068746
dcf22a
e32bc0
078a18
115fc6
039350
00cc22
08c9e2
040e04
f19e90
ec224a
ff9f50
123ae0
0c48ac
fb7026
f7258c
fbb498
f6cafc
f0ef14
03c4f6
18bf78
01f8fa
e3c668
fcc5ee
19b45a
f79b02
daefc6
05b0d2
2c13c4
0bdda8
e139fa
eb2f46
0b0b64
084a94
eeb08e
fc21d8
240abe
0c6cb2
c7c988
d5d072
2a88da
33a80c
ea9384
d3af56
098334
2990c4
061e28
dc1238
ebb4d6
19771e
19cf74
f038ea
e79e00
0b26fa
1af28c
02f370
f2c5dc
026e00
0cd426
f839ba
ec9c06
09b1e8
207d7e
0b649c
f7eaf4
01f3d0
fe14ec
e6c1d8
f19e80
1b0444
226d94
fe2d14
ea031c
030eec
1bd354
062fce
e0573e
e97b60
1a91d2
2c78d0
08184a
e6ddac
f14d7e
09bc9c
10f67a
0e0392
02d690
eff67c
f1a6d8
0aea96
130c2a
04163e
f9e2ca
f47586
f8fec6
14abac
17dccc
e5f370
d5b8b8
14b772
38a534
048674
d7f080
f3f652
175c46
0bfb28
f8446c
029a98
0f8226
0125e2
efab6a
f4fbfe
01f4c0
09eefa
0e1c22
003c3a
e77f42
ee497a
112202
194cc8
fe00d6
ec5b42
f676b2
017420
fc4c0a
fe056e
12616e
0fba14
ebad50
eba026
17879e
116788
d86cec
dc9658
20d284
367520
05b8e2
d7c2d4
d860b4
fb5814
1902cc
11f1aa
f85a94
eec668
f35acc
fd064a
0b00b4
093992
f5c5d0
f75dc2
0d2ef8
069e96
ec36ae
f2b93a
09d2e6
00dc7c
f22540
0496cc
1102a4
f88fb6
e8a6d6
fab982
0b7b2e
08ca90
fd600c
f2b082
f9ff3c
0c1e62
0336de
f04df4
ff64d0
0cc1f0
f89b0a
f9f644
140156
022b58
e34014
005c34
21b486
00f4a8
dcc6dc
f9ca8c
29580a
20666a
e5a57e
ca7c66
fb1150
2ef8b2
1870fc
e91b0e
eec72c
0c4482
0a9db4
fdaeee
004d24
fbdd8a
efbdaa
077f48
328b48
1a69a4
c7195e
b8a356
0e059a
49d530
296698
f13e4c
daf5ce
e4935e
0351b6
1bc4b4
13ecc2
0106a2
fb5d76
f9173c
f9dcc8
03c264
00e0d6
ee2464
f65fc2
1f2df6
25bab4
ef6eea
ce4a90
fd1f0c
2d0676
0e20e8
e16c14
f5faa0
180a62
0689d8
e907e8
f28ef2
0e309a
13c36c
fe3efc
e874b6
ed0e14
03f24c
10d20e
0cdab4
01bf3c
f54596
f1c46e
00af2c
131a1c
0d2198
f0f788
e650d8
fd9692
0e2aa8
008d6a
f920fc
04cefe
01b2f2
f4564a
f907b4
fc8dc2
f1627e
f714a0
0d16f2
0fc412
035464
fc31c2
f0e16a
e41a84
f17616
137f50
1dcf40
ffac32
e328ca
ef866c
0b589e
0ceff4
fcbec0
f08118
eb8a7a
fc8836
1bc208
11b176
dffda4
d99950
0bf64c
24e1ac
076cfe
e76dee
e56a60
fa1014
13518c
1653e4
fe4c94
f0d274
fe1d92
004314
ebc81e
f14eaa
1965c4
21ae80
f76372
e0d21e
f960ba
075f96
f7a088
f9aa18
132846
13d93c
f51f7c
e4d074
f54228
07ca50
087b86
067eae
06fd0c
fbf4f2
f1bba6
005fd4
13dae8
09ccec
f02292
ec66f2
019d5a
108866
052cc6
f5690e
fce6ee
096bc4
012ed2
f8a18a
00da22
022f00
f6cc08
f89598
095206
10d85c
0400ee
f27574
f6e8d8
0922dc
02dce2
f3587e
07f8a4
1a663e
f6410e
db5eba
060066
2ada82
07165c
db5cc6
ee1aca
1b5750
1aebde
ed8dd2
dd3bf0
08107a
2392f2
ff5e26
e14840
fb51ce
12f134
0466fa
fb77be
03313c
fa8e24
ef6f0a
01c742
16c5b2
097e58
efb208
eeb3f4
02bb64
1272e4
0e0902
f6d2cc
e7412a
f9d0f8
185658
158e40
f52ab4
e13ac0
ec563a
09bb6e
1f7a5a
14a170
f5ad84
ef3750
0490ba
0b62a0
fed2a2
005e68
0a4e0e
00267c
f6e2ee
0b815c
15ca3c
edc864
d0b584
03b51e
41922e
1cd72a
c94a7a
d23282
265080
347734
ec5698
ced3a4
0196d4
26c6dc
172b76
ff9d10
ee5d0e
e4d908
fe81c8
2033ec
116cfc
f55630
ffe9ae
0538f8
ee00ca
f4dfc4
131154
074310
efe426
08d012
231440
064f66
dc4874
def980
0b1368
319452
204de6
e40110
cf5fc0
ffbd90
291e44
14e424
ec0fd4
e5389a
027a08
204296
178412
edc5a4
dcdf5e
fbd0b4
13f6c8
028c16
f2dfb2
067994
1ac60c
09a0d6
e343a0
d852e0
fe01b2
280fc6
1fda16
fbd406
f16d6a
f78c6c
f99f3c
0a152c
14cd0c
f3b534
dd4710
07cb7e
292592
057d6a
e575aa
f99196
091c40
faa5b8
f4dd1a
feb8c4
02f8e2
013050
fffd38
049154
0f160c
085bc4
eb7c2c
e7ff1c
0c8eea
19fef2
f92d64
ed1220
0eaee8
1c5c46
f9debc
de490c
ee5d8c
108b88
1dc552
07471e
e82a02
eb706c
0688ce
0c73fc
022ac8
02c558
01d478
f7d88c
f52e64
f88f44
04e00e
1b6c26
0da3b6
dcb344
e69920
240c88
1be7b2
e40fb6
f04996
12668e
f5ed94
e2fa0a
0aa184
1dcf2e
03c768
ef9e6a
ea29f6
f4c520
11d1f8
0f4eea
ebc0f2
f534e8
19cb3a
fedf0e
d22206
f89660
382494
22f42e
deaa24
cf9030
f7e810
180b4c
125064
f8c1e2
eb66c2
f9047c
0c50fa
05fff2
f0cdc8
f2a8ae
057788
00b87c
ed4812
f9b552
1b00d0
17c020
f0a17a
e2f56e
0116f0
18468a
09c15e
f7235c
fcd03c
02e59c
f52efe
ebfb62
fdb6f2
17c020
176e58
f67afe
dba41a
ecc5d0
110b94
1803de
0a6f64
05df16
fbcfb6
e4a11a
e66f1c
0e62a2
2dfcb0
19ea52
e48a72
d2b436
022520
2ac948
0b54be
e07662
f5728e
1b9e2a
0beff4
e1d914
dfddd8
0da2d0
2e74a2
0bcab0
d435f6
e282b2
1a4df8
1956d4
f1e74c
f564ca
1279dc
0f4418
f6c19c
ecc4f2
fb4076
14dbca
147c5e
f11700
e31be2
06e436
21d224
0847d0
e2b62e
e4dc7a
05c488
15450c
02ce62
f4d594
00cc10
01d830
ee125c
f97722
256f78
262452
eeed62
d417d8
f7599e
171cec
0d82d6
ffc9b0
ff27e2
f6ae26
f3dae6
09fdce
133966
f8aa3a
e98304
fbf26a
094d18
071bee
08cebe
043e96
f4eab2
f1f6be
faef34
026144
0ca42c
0f7144
fffdd8
f64a72
f8fca8
f55cf6
fbdd56
112ec8
0a0964
f0def2
f7ee24
002928
ebeb5a
fa0c8c
278f10
12718e
d3d500
deefba
14adcc
0fc778
f0723e
faa860
0d3392
0454e6
f7f6fc
efc5d8
e9bf42
fd5fa6
1b8b36
121642
ecd45c
e0431c
f3b9ac
1145ce
1ecbae
ff6842
d1f260
de933e
1141de
1a5524
03b1dc
fd8a26
f60cc4
e729e0
f610e6
11527e
0be132
f7b900
f3faf2
f86182
fead0e
07c29e
0a09a2
0604ba
fd7e32
ec6aae
eadeaa
099098
1b0a1a
0128c0
ebc75a
f9a314
07d5aa
05f08e
0444de
fbcd5c
eab636
f298c6
185508
2b71a8
103b7e
e7fe0a
df7c98
fa0d4c
185602
1d0950
038ca8
eb9286
fd643a
1d05d8
075a70
e1a3f6
02d406
2e7522
02b48e
d392ba
fe78c0
290a5a
0e66f8
f681ae
ff2fd0
02ed4e
033ecc
0053c8
f8c462
10e7aa
2c6418
051eae
d382ca
ee0924
1eaaf4
213478
0d8db0
fab376
f36546
05ad1c
0a496a
eeb786
f40188
1f472c
2345bc
000a28
e9e76e
e42b1e
f89d96
28fcc4
2d7048
f5b14a
de901e
fc4624
0e1444
122268
105440
ed7bdc
e0cd16
1a6d34
2ecaac
ea626c
d1d018
08326a
17807a
02082c
0e350a
045c34
d3edd0
e72ad8
2e367a
260d18
df022a
d1dd04
08b50c
324fd4
1f16f6
e7423a
d07cc0
f562d0
1837b6
0c73b8
fb0c16
01b1e8
00701a
f09808
f78bf6
0d8496
043fc0
e89a1c
ec82be
063a00
0f270a
09c6d4
fc3102
e3f9ba
e54916
0f4710
203882
f8d432
e0db6c
fe2b84
13d840
026d0e
f6974c
fe46de
f82138
eedb3a
058742
1c46f0
01e6ca
db2df0
e7a528
0e886a
0c22fe
ec6df0
f63872
20f960
1446da
d3f916
cee29c
0fd430
2a78d0
0891d8
f16742
f6351a
007f0a
057ce2
f48a70
e83354
0f0cc8
2be41c
f76536
c9d5a2
f82756
2b207c
131226
eb9f64
edf1e6
008840
039f7a
fada32
fb5c48
0b627e
10d934
fe4cb2
f24862
fca264
00a76c
f7f87a
0508e8
1ff90c
0e8f9e
db4270
dc3542
1250ae
1f864e
fb960a
f2d5a4
039438
ff1f12
fa1d2a
06a5f4
04a048
f8c0a0
fea48a
03c7a4
0088d4
09b152
08a9ac
f1198c
f9a3a8
1ec23a
0db4a6
d56b30
d915dc
1486ea
3227da
15f938
e24a4e
d24dec
02a6b6
2781f8
ff5cfe
deb6fa
070fd6
1f7bac
f9f97e
e2f568
f51024
0cafae
1d2978
114d74
eb4c1a
e87810
094aa4
0cf2ac
f9a136
f7c430
0012e4
0ce670
133bae
f67b5a
de414c
fe13e8
1ddeb4
0a53c2
f56b5a
f9e390
f6e0ea
f0fc46
008c00
172a7c
19dbba
ffec92
e1e208
ea2232
0ff3de
1a2cdc
fb97aa
e360b0
f6e29a
2061e4
205d68
eb2d1a
d0cb68
f9e1c2
1d0c04
0b8b60
f84d6e
fe1200
fc7cc2
f49956
01bc68
13b3aa
0a87f0
f000f4
e7fd3c
019e36
20fd5a
18e6f4
ebfd16
d69142
f6afa4
1b92fc
13e422
f60010
f391c6
0b4556
0cd820
eae952
dd7750
05a7d4
26e376
0aaa44
e3baa4
f2d46e
157322
094a58
e50648
f06666
1df6e2
1e3be2
f5569c
eb984a
fc0606
f9bcba
fceb7c
15201a
13ef8a
f639f4
e9c234
f48e9c
03c9d2
0aac88
0034e4
fb069c
0ae240
09c3cc
f1b63c
eee82a
fa5c24
ff80e8
14a00e
1dd91e
f0b52a
d326de
ff71a8
23124c
009572
dc1c9e
f2f176
2008c6
2021ce
f041e8
d5a066
f35f08
1320d8
0c1dd4
fc2834
fbe60a
01bd36
0345fc
facce2
f1903c
fbeefa
0ebc1a
0a4514
f0e41e
e464de
f9749a
182d2e
122fce
eff9fe
ecb354
068e60
03524c
ea6426
f0b3aa
09f2a8
0aae3c
fcf05c
fd94e6
07be6c
08b388
f7b814
e1817e
ea3ba6
162658
275f5a
fcdc16
db3c82
fe0294
2a276a
0cf1ce
c9c792
cbb4de
1b8b5a
46e648
14961c
da33f0
dd1c4c
f790c2
0936ba
169c7c
0b86ba
ec1e96
e90406
0526d6
1a0638
132b0a
ee9036
da6780
0a49be
333304
fd9eae
cc4e16
046dde
3ba25e
0d85b4
d341e2
ed92b4
268448
19af32
db914a
e2369e
2da952
318302
e38f32
d23f82
0b1e70
224ff2
0dc9fa
fe15b6
f73350
fdbbfc
096d80
fab3ba
f1496a
16a8e4
316d48
1045a2
e87bcc
e6937a
f75be2
0c7eea
1d43a4
149182
fc466e
f395f2
f9fa38
00fa56
09ce96
0d7adc
fffadc
f004f8
f309ee
076934
1d3a00
1d05da
ffd3b2
ec8cf6
fada5e
04b6a6
0129be
148344
1fc3ec
f5757e
d64c26
fb50da
21c732
1482a0
fabcb2
f1561e
f364d8
020a74
0c6f98
011b5a
f9402c
05f1d8
0b6c88
fe3ba4
f914aa
01de10
01436c
fb5bbe
08c7fe
188150
08e29a
ed1a8c
e9ff20
fb663e
0dd41e
11b220
fe974a
f1e5be
02b3da
079e04
edd470
eb4fba
09fa10
10cda6
faf834
f913fa
0de5fe
0b9e20
e8215a
dd0b64
0ae246
2d47f0
0b676c
df58ca
e4e10e
00a81a
0df4b6
059434
f087f6
f079dc
08432e
09ea12
f916a4
fb21ce
fa3a54
ec0b82
fa6e74
12adec
03bedc
f1702a
fe33f0
020486
f71e88
ff9668
03927c
ed55a2
eb1314
07c552
0dcee4
f886b2
f21442
fa0496
feaeb8
02f4c6
faf530
e9d03c
fa52fe
1cec84
0d4f30
e2e700
e6efe6
0418f4
0a819a
0974f4
047530
eea260
e96a8a
01e342
0c8704
0024a0
fce18a
0526d8
038508
f097be
e307b0
fce56c
24900c
16d98a
e89f78
ea4002
0a627c
038496
eece90
012a12
13d916
fd0ca4
f16cbe
1317de
189d5a
e14174
d28216
17c452
374662
f42ec6
c8b53a
013420
36c2ac
119960
d59896
e049fa
1b6cae
2e95c0
fe6b7c
cd55ae
e342f8
25df42
33f2d0
fb14e8
d81a96
f76efc
16c6b4
0964d8
f00802
efa7a8
0bf31a
21614c
0b11fc
f1235e
01971a
07447a
eae312
f568da
1a2a90
096fc0
eed226
08f214
1cc0fc
038564
e6d5ee
ddc0e6
f806a2
2e1b30
2ec332
ee39f6
dc3976
0b4af4
134014
ec7c60
f17ef6
24e84c
2c09ac
ed7b84
c85aea
fdf3e6
3450be
0db146
d661ba
f24b14
288fea
1ca7b2
e82eb8
d68f02
f6576a
1b5d0c
1f02de
0c18de
fdc886
f0e0ee
e89db8
ff8600
1f6c42
136868
f31204
f53812
031b2e
fed4a0
05aaae
0fc908
f431ea
dba87a
fb2114
208fea
1223b4
ecd3d2
e30f1e
fd06d0
176c68
0e1540
f5bb2e
efdf60
f07936
fadc0e
17f16e
126cf8
e5d1bc
e5f4f8
0a1c78
092988
0062b0
05f6d2
e986b0
d7e664
0a8394
25a5b4
f8a566
e3bb50
fb8fe4
fed83a
fe34e2
10ec26
035c8a
d944c8
e0485e
18272a
2a1aa6
fda024
dc6e2c
ee7a60
02d3b0
ffdb4c
059c98
0cc3b0
f64f3a
e1b504
f457d4
0fd4f8
0bb5c6
f2ca44
f1009a
13c500
1db32a
e401fa
c02c2e
037e18
479e62
1bc124
d30534
da8d9a
043256
10b3ca
12fd26
0b0fb0
ed7982
e6f696
00837c
060f2a
0285b8
184146
149892
e42dbe
dc26a2
1009d0
240fb4
fb39f2
dfc9a6
ff10dc
2a2d92
1cb0b4
e73248
de83b4
089c3e
12d7f6
f6678e
fbc424
1b8cb8
1313c2
f40794
f9a5c2
09e6d6
f329e2
e21892
0cb6c2
34d9fc
1336cc
e433f2
f4d106
13d868
00cd54
eb0f52
074cbe
1f6af0
fe8fc6
e2565e
074784
2a8fca
09068c
e40432
f937d8
11aac2
07e36a
068d30
11afce
03a062
eb5212
eff158
0fab74
26457c
0ec218
dd9134
dd9e06
13844e
28fb96
037ede
e44b70
f01362
0d6078
1ad900
0f9b4c
ff1912
f5fc2a
eb907e
f127ac
1792c8
2a8ed0
02662e
d9bb9a
e8a0fc
11dbec
1f400c
fe5b52
dabc72
f5d75e
2b97b2
19aa4a
de8d0c
e0b0e0
08d2c4
0fdf58
077504
025c10
f2283c
f3b0f2
117a7e
182eb8
017d24
f09658
e42c72
ed0480
1f9414
31bb7e
f6c38a
d27cae
f56152
09d75a
fe64c4
08e768
0f9262
fa8a8c
f5c764
f9aee0
e94af0
efe240
167d56
20fd48
0a9d42
f79366
ecd95e
eefbde
f907fe
f702d6
ffc182
1d6f50
19bcdc
f18104
e3b562
f56f82
03105c
03474c
f5965a
f36604
15fa10
26046c
f76f64
d05f88
e9bea4
14d620
1ae008
fc651e
e71d4c
02b1d0
204470
ffc91a
d72b5a
ee7578
164f7a
16417e
08f264
ffac32
ea963e
e1e0be
057a6c
2c1962
13f96e
d689ae
d0c480
0f0404
33c084
0c4c9c
dd7c2e
f0b476
1aecee
076486
da2ac4
f66f9a
31c8f0
16228c
cd5cf8
d591ae
16e7c6
246294
fd8eca
ed7a5c
025cbc
0a5040
f2ff48
ea63de
0b8d2a
260618
0acf2c
dbbac2
dbf750
0d493e
27d424
05c04a
e14882
f030b0
0f9afa
0ef594
f74044
ebbc0a
fcd79e
127fe8
0ad700
f93c34
feebf2
01d9b0
ef49f2
f0e3d8
0cfcd0
0db50e
f15aa6
f429c2
181ff6
15bcb0
e39584
da21fe
1123b6
275194
f8f0b0
dd7ed4
fbf488
186130
0e4c92
f4ea98
ed904e
018c98
1059b2
fdb75e
ea6a5c
f8f68a
0d24be
075bac
fbe2be
049da0
0f020a
fda030
e57bda
f135f4
119cd0
1870a6
05f5ac
f49770
ef9d92
fcce12
0ed8b0
07ed08
f1e49e
f446a0
0e8b3c
185448
fcda02
e01398
f547b4
1e9cba
0d3568
de2b9c
f40e8e
2edabe
1ee03e
dc228c
d5adfe
0bcd22
266116
0a10ac
e9937c
f1ec5c
157806
1f3f92
fd784c
e3d0ae
fc9c00
1d5a40
0b6be0
e604d2
f259d4
19f6a0
112398
ec6410
fb5e28
2228a6
0af872
d99488
e9a596
1bdd44
1c1b02
fa370a
efd1be
fbb076
064dd8
089eb2
fe159c
f1aaac
fafa42
1142c2
132de2
fd5b2e
eb06dc
ed08ea
fe58f8
0e6128
0bb81a
fa8404
f6cb90
088d94
10cab6
fb41c6
e1752e
e6a1a8
0702da
1aa89e
0a2ec8
f0c21a
f10382
00f376
03b0cc
f93b58
f87608
08af24
0dc890
f24366
dcf24a
f7686a
190400
0d288c
f24420
f5ea40
05c614
022f16
f4780e
f56684
033fb4
05890a
fc2280
ffdb4a
06369a
f48160
e722c4
ff9262
188d52
09a0fc
edd42a
eaecf0
fb4748
09c778
0da204
03c054
f1ab62
eff734
0a7dd8
1a21f6
fb3a38
dab556
f59bc2
276a64
1f7e4e
e93cb2
d7296a
fbb176
18ef76
0ef1c0
fe088c
fd06ce
fe509a
fbc7b4
018828
0d66b6
08906e
f237f0
f193fc
0f3942
15292c
f75744
f23a4e
0ebb8e
178100
074c44
f9e378
f02c76
f0d7e6
0626ba
1a459a
18d02a
059c2c
ee9d5e
ecf20c
05e488
15b934
086de0
f39cba
eec6f0
fea7bc
0eef52
08ffe8
012178
0e2d76
14790e
00915a
ec48f0
ee7220
05af82
17fcc4
0ca038
023cb2
10f640
053628
d9e2be
e1bea4
1bc6fe
2d3850
06512e
e0eadc
e53260
0f8866
291736
0d2a42
efc754
f86f12
fe7c04
f42e08
fc592e
123d56
179d2a
08dbda
f35520
ebc600
fc278a
0d8b8c
0bfefa
058b5c
07b580
04ba74
f32250
edb6a8
081466
1980ee
020290
f21f04
0a8c04
14f416
f27206
db8940
feebf6
32bf70
26bf1a
e1cd2a
ceea38
07646a
1ec850
f9dee0
f52f22
142790
0de3c8
f0c122
eb0d3a
f34f42
01dad4
14a0ea
1396f0
0172c2
f20ef2
e461ea
ebbc42
1686c6
2b2a56
028d0e
db335c
ea3652
08fb28
06db5e
f1bed0
f60ff8
130ffe
13ae30
f09c0c
e45594
f67d44
fcc85c
00d97c
0d8a4a
fff734
edb6c8
05a6fc
15c380
f3ad28
dec4dc
f43ce8
0604da
0ff6f8
1a9cd6
06a932
e3f0ac
e57720
f95a7c
faff3c
fda36a
0b79a6
0c563c
037d98
ffd0f8
f4e070
e986ac
f7c32e
067cfe
faf68c
037d5e
2715e4
1369c2
d3d4ea
d556aa
06a276
0c93e8
0602ac
1b2d10
12f51e
ec7086
e68274
f51b78
fb6b12
0a3606
120b58
0216dc
fe6b6c
092a7c
ff8faa
f2cc8a
fc9c28
08f3e6
0c3af2
09e852
f8c68e
e98116
fe20c2
1e4560
1054e0
e41334
e5e6a2
18617e
22bd70
ee040a
d57e66
03b8bc
2dd564
1c3c5e
f11d76
dcbe92
edec24
12c11e
1d2738
fc3de8
e4fd2a
fdf19c
1a56f0
0e09a4
f5d5b0
f36b78
f84800
f6e986
fc77da
0da9e4
1a5ec8
119b00
f6809e
e2f4fe
e7afe4
f9f760
0fad44
20df74
12f9b4
e65024
d81154
07e1c4
2fca84
0b84b6
cf7dba
db47cc
20efc0
3b481e
065edc
ce31ae
dfbfa2
1b25e6
2267e4
f23d90
e6c73e
1116e2
2057c0
fe19d8
de246e
dd35be
ff4caa
2bd7c8
236776
eb6f26
de4f14
075ac2
163a7c
f9d306
e98108
fc30e6
11fa1e
0885a8
ef86b2
f1aa34
05eb94
03c4be
f50cb6
fdbfb0
194d58
1edb46
f50146
c8198c
dd583a
16ea64
1e7f84
fe1034
f5dae0
030ba2
02b8e0
f01fa6
e329ac
fb47f4
1d18be
04df50
d7b2d6
f5b4f8
306856
1768cc
d317a6
d2246a
043a62
14b31a
01c01c
fc8b88
034ea2
fcdaec
f75070
fc55ee
f6b9d0
f05e34
005568
0ae4aa
fec044
fdf574
0a3af2
03dfca
f3230a
ebba20
f0af46
0d33b6
29d32c
10c708
de1fea
dfca5a
07cc6e
170966
0e4c22
014112
eb2ece
e4e9ee
08e3a2
290532
10c036
e4a0cc
e62620
0cc18a
1bfb6e
fe5e6e
e2544a
f946f2
27b0e2
2543b8
f4b414
e3002c
00dbf8
128fb2
061aa6
fb3900
f6563c
f7ffe0
14ecae
30c0fe
127814
d72c3a
d3ddca
0dffd8
3605c8
17cfc4
e021d8
e60e9c
24bff0
3222ce
f0a402
c89606
f2db6c
27671a
25544c
03375c
f2eec8
000f0a
06c956
f14060
eabf22
12c634
341a9e
1c94ee
ef2510
e08b5a
ef7444
00e1a2
0e5c08
19cb20
10578e
ef70ce
e9a658
12b286
25f978
ffac1c
e1d7b8
f62c84
116eba
115a1e
00db5a
f36e4c
fd14b8
1631ea
0a37e0
d2daf2
c9a0b6
17fbc6
5061f0
16095c
c3e320
d64472
1a66de
183600
e5f1f6
ed2e34
27b8e0
2eea16
f05846
ccce10
f323f4
1ba796
0fb8b8
f63b82
f8518e
0a68e8
10ba30
f94112
d88510
e3f2b8
131364
1bda6a
fb90be
f5995c
064e6c
fbb750
eb3ae4
f8c446
043a20
fb0fe8
00679a
10e160
07f0d4
f79960
fbdac2
fa73d0
ea0542
edf0b2
08a80a
1ce0be
1d583e
ff2e86
d112d0
d3eb4a
12eb8c
32cec0
03721a
d10750
e43b46
16648a
198c72
f3fd46
ee5f22
0e8c36
0f4f1a
eda864
ef36d8
107c46
0d0b68
ed61c8
f0ca9a
0b6168
051c7a
ed742e
f68034
0dc9dc
061a9e
f4a14e
01c3de
110f7c
f542c0
d2cf02
f0ce52
35ed8a
3a27f2
eee8ca
c23fce
ef9f24
287596
1a0378
e0fb7a
d4290a
0d2064
3d4394
18e4b8
d59b22
d7b4a6
0c2090
1969e6
f7785e
e4a3a8
fedba2
231364
1dbf5e
f708be
e7ef76
f494ae
f506ea
f9e280
1d132c
27362e
f478dc
d2475e
fc3c22
2c0598
11ac00
db0d9c
e44a24
1dba1c
29329a
f7e420
da23b4
f6c74c
1b7702
14eee4
f1b414
e9a376
0c928c
1e356a
fb4d8a
e60990
067eb4
141d9c
ef1d62
e6787e
121026
2693d4
07628e
dfbd90
d4508a
f86908
33c40c
3309dc
e7837e
c23918
fd1ab6
325300
104cc4
df710e
f36a34
1bd730
0a9ca2
e36a9e
f1e50a
1b6bce
1523ae
ecce16
e5e812
028964
128d14
0a4e1a
00eb20
fef5fe
fc314a
f5fd6a
f523fe
01ad82
0f05ae
081764
fa52b2
03c620
10d3d0
f9c142
d99864
e86a6e
16fd84
285912
0e60ee
f01880
ee9d34
01e0d8
0c40b2
0683e4
000290
fd75f4
fc1d4c
fd0272
fb400e
fcccb2
10cc6c
1ec8fa
060716
e8eaaa
efee02
fc7eb4
f785b2
00fc4e
19cc08
18a150
fc2abe
e92050
ef9e70
00fc74
0776ee
01cb92
0148a4
065584
053c8c
00c0b8
f86320
ed8f0e
f95f4e
15509e
116722
f77c56
f8d652
ff405e
eaabda
eab41a
13ea4a
24649c
0226ae
e4e990
ed9072
ffff6e
fc6888
ee17f2
fa9868
1a7146
14b03e
e96e5e
e23cea
0c654c
1b97f8
f48058
d9fedc
f368c0
113a38
0ab4f8
fbae3a
fea062
fb7ae8
e85702
eb8c9e
0f2a46
1d5fa0
f96d8e
da4b2e
f3681c
194aa8
0a1054
e41f48
f0c3c0
1d5aa4
1adae8
e88a60
d2ed04
f59e2c
17ca26
0c50e2
f0b2f8
f25c6e
0858be
0c6c02
f71e6a
e52566
f03510
0c1b7a
154132
060524
f6f640
efbac4
f12bd6
056148
15bf86
0465c4
f29d02
0155ee
0bdd22
ffdd78
ff4184
049a20
f76160
f50962
0ce1b4
14f67c
0152ac
f546c2
fc2278
057f9a
0874ce
04ce08
fd89e0
f8b39e
ff8c0a
1136e2
104276
f224c8
eceb16
17541c
29c9dc
054c1e
ec4154
f82346
0113fa
00c354
019400
00b684
1364a4
309b44
1646e4
d31b64
cf2272
0cb340
2483fc
05e17a
fe4fe6
19eebe
17fa00
ef7276
e4fbe8
0b93c8
1d5396
00dfd8
f9e41a
1901aa
11b30c
dbda98
d7ffba
1a7a36
3a483c
09cf3e
e1aa96
fade6a
14001e
fa3ff0
e4833a
0591c8
2fa8c6
1fe68a
e97514
df21c0
10b0a6
24891c
f38e52
dcf044
12e512
32b1a8
03b022
dd644a
f7d07e
170dcc
0cfb64
f3f096
ee4708
042600
1e1ed0
11687a
e453e2
dbebd2
0a9ba6
246302
04c5fa
f010ba
0a43dc
140928
f0f556
dfb2b0
fd4998
14d7c0
03f626
efc9c8
02a42c
1f4d40
0a23e8
df751c
ec70fe
116ba6
039524
f063aa
078de6
05186a
e2f456
f943e6
273b8a
0eb128
e0cf30
e7584a
fa2a8a
fdaa9e
093b06
0a4450
f4af28
eda954
fb20f0
05a45e
08b3aa
f999aa
dfdc88
ed3cc8
1a7eea
1c1a70
ecec1a
d3e6ba
ead852
108ba8
1d63e8
ff732c
dcb22a
eb509a
0ec2f2
09be80
f50f40
fd7b38
0141a4
e91d7c
e41f94
fe2a50
09ec82
02f79e
0461f2
07bc2a
011d5a
f34e62
dd973e
d996d2
05d562
325b0a
1d26b2
ea8088
e081a2
f66362
042b60
043d7a
016808
045eec
0847dc
ffddf4
fa6c62
0694d2
0178a6
e34bb4
e96bdc
18c0a4
23e28a
012b28
f2b4d2
ff5486
00cdf2
001bba
095c68
fda454
e38800
f6059a
2b2836
2c40b4
f1fa56
db02c4
042cd8
1cf5c0
fe5d0a
e4240a
f99fb8
1887e8
12214a
f7156e
f52d00
0c63f2
145c60
012ada
efca42
f4380c
03e474
0c0836
07da8a
ffafec
fa70bc
fc8b4a
0750b6
0a9364
fd026a
fa993a
0c847a
0b0c26
f3dcb6
f29db2
013324
02bb4e
0984b6
179470
0bb8f0
f46550
f477fe
fe8070
0128c8
00a0c2
fb1ef0
fce38c
13227e
1eb1da
079f74
ece1e0
edda12
063836
17c9b8
03bed0
e7bca6
ff78fa
28b47a
15a322
e508e8
e24bac
01547e
13e85a
134844
06eeb6
f8e7ee
f5fc6a
fd5f9a
08c0fa
0dbe18
ffd7a0
f0e0c0
fb60fc
0e5ae0
0f6136
018aba
ede6e4
e841fa
05b014
230dc8
11ff24
f06fcc
eb114a
f53984
021182
15d438
14cc62
f1903e
dfeebc
fd0994
11f608
fb2d1a
ed4698
088b94
1715b8
fbc8bc
e4bedc
e9f556
f981dc
0b250e
0af0c6
efe212
f02336
1940b2
1ac688
e8fcaa
d92226
f832e6
0cdf06
0914cc
f93d08
ebbda2
f53180
02ffde
fc3898
fa04a4
fecff2
f15e32
f313d6
116962
0a42cc
df4d62
deeaca
02a79a
10f630
0b9504
005752
ef94ee
eb4b98
f2ee66
f7531e
02b626
0fe00e
089f68
fa313c
f0c32e
e6e9f2
f3c7ba
137de6
0cddf2
ec5290
f897c4
1b25e0
0ecde4
e9125e
e1b12c
f58f3a
0afe32
176d5c
164600
0bc94a
ff9e54
f0eb5c
e5e6e6
f2fbe6
18654a
2c2382
0f350c
e8379a
ea399c
024efe
09a70e
07ee2e
06df12
ff0148
fec054
0c3c96
0c198e
fb0bac
f461ec
00ba6c
172520
208292
01a7be
dcafba
f0b5d0
1cdc70
14e5e4
f4e344
002838
1d0952
13f954
f23cb4
e4320e
f72338
114b26
0f853c
fc7bbc
06a02e
23154e
13732c
e1fb5a
deaffa
0efea8
223bc8
fedd06
e4a2ce
fe577c
273386
21d90a
ebf3c6
d0c756
01c926
3716ca
1c3680
e2fcde
e0d084
fd4ca8
08fbc0
158d2e
1bddea
f7d07c
d83b08
fd0a96
2c3092
129916
e01e7a
ee04ce
1f6cdc
1b2b20
e7f162
dcdd2c
0d8156
2dbad0
0feda8
e252ca
dd16da
fcba62
17df62
116e32
f7c3d6
f0f5b2
ffcf80
06a0fe
0369cc
055c74
00ea92
f308e4
f73644
0c67ae
10e5aa
031b70
fb6e6c
fc187e
fb1f4e
f87a24
f90afe
02ecce
11f9d4
12f6e2
00615c
eb02ee
e1861e
edd2d0
0e6dea
22a5ee
100a54
ee0b12
dec7be
e91742
071994
1ea830
0c2fe6
e92f50
f84bca
288bc6
1e433a
d66ff0
c165b8
0a2dc0
426386
15b8e8
d2b926
d8be1c
04c150
1520e4
0e49e6
fce68a
e3d99e
e6b9b2
0d89c6
1efa42
02b7d8
e65bfc
e9b2da
01c2ea
18edd8
173a6a
f81458
dfd3d4
ee7a08
0fa978
17c0f6
fe9e8c
e88474
f2a576
0b4378
12709c
053986
f18d78
e7187a
f6cc78
162f7c
1dceee
0367a0
e5bbc4
dca104
f0945a
1c6ace
32b22a
0c03ce
d78040
dad910
00b89c
0f6052
0cc302
0ed81e
049c30
eeeb26
eec55a
02db98
0acdf8
025b32
ff164e
0733de
082db8
f77fcc
f02560
05bcaa
107850
f60a22
e9d646
06a4b6
161a7c
03b4e6
f88ab4
f7f7fe
ef283e
f240e2
04e3e0
080436
010dba
06dc84
06c74c
f351a8
e94df0
f6ca24
05c0f8
0a4614
0b28a8
06808c
f7912e
ebe4f0
f48458
093904
10af1e
022c62
f0f4c0
f2d5e6
ffb296
fe6c8c
f5b196
0011f2
10083e
093682
fbb87e
f89cb6
eec6ee
e7aba8
0047aa
1fc9ac
1c6d8e
0062be
eca9c4
f2f79e
094e1a
08b2bc
f19ba0
fc7b92
1cf834
0772e0
db75b8
f44d4c
2980ee
1e6bc2
f18100
e6afa2
f05488
fb859e
176f9a
28bc80
076c4a
dc8716
e3f97c
045fb2
0f103c
12b4b4
18fecc
059668
e8d456
eff250
071cf6
06de64
0201f8
0cefbe
11ac82
026466
ef0ac4
f04f62
0e3968
23efb8
0b1d22
e6a628
ecd706
0b80a8
1533c0
09f270
fe6d66
f63f8a
ee3030
f1b92a
0dfb4e
24660e
0673f2
d6c646
e2f29e
183cd0
23cd7c
fff75a
eaac82
fc415e
0f0088
fe3242
e794ae
ff680a
2472ee
10ff7a
e1c504
dda538
f97baa
0a7c58
0f8d9e
0c901e
fbc9c6
e7654a
e28e5a
fb08f2
206714
1de72e
eb9d68
d318ee
fa5f46
21a452
0fb298
e7c232
e7647c
068fca
0c8f1c
f5a7e4
f4646e
08a750
02c59a
e8a9e6
e55fd4
f94310
0e6556
1bc546
136502
f32786
dc70a8
e92f72
06fd98
14bfb0
0c3844
002a3c
fae902
f72fc6
f72772
fd1542
fd73ce
fb6ea2
082a30
15f0a4
08f736
ec6efe
e34356
f9bf5a
19ca98
1d1a8a
fa159e
dcc878
f1d2bc
242af4
2fbbf0
faf67a
c830b6
e09f0c
21a99c
335da0
0e229c
ea090a
e2dd46
f37180
0b60d6
147df4
0c0c2a
ff566c
f382ac
f31492
050794
0f7a42
00cac2
f4279e
017d7c
1b0222
209a3c
ff89d0
d83b80
e29486
1191e0
243fe2
0ec9d2
f67a9a
f00896
fd404a
10a68a
10e77c
017896
fc7f92
0170ea
fffd4c
fa63dc
fc0d50
069aca
0dedb6
085d8e
0129e2
ffcac6
f9d744
f8df68
0c2894
18c84c
07c118
f2e424
ef71e4
f7c6f2
08a000
165e0c
11df22
04a3c0
f888e2
ee4700
f56f56
0b8f44
0eab0e
fc2b86
f4c542
02cd3e
146746
10f4de
f2e412
e0c1bc
f9adec
1c5a62
1e8a24
030cf6
e37a5c
e11fd4
055c12
2102da
13471e
fbb5de
f17cb0
f0745a
02ad18
18d7b6
099a82
e7c164
e8d70c
0587f0
104932
fef28c
f10d0a
00ec24
16d7b8
0cc7b6
f34296
ec8406
f4818a
035f78
12aeca
0a2410
f3f8ba
f494de
ff4e7a
fea818
0362fe
07c03a
faaf62
f538a4
fd1eea
f46570
e8cdfe
fb9746
1b8e6c
1e2696
f1c07e
c3f4b8
e03a6c
264982
27fe16
f90dc8
f99090
07b354
e63f06
d2946e
fa43ac
259a66
26db84
010db0
d6f944
dfe1ce
1007bc
1a2a5c
f8edb2
e61a22
ec919a
ffd96e
1b52d4
20082c
0259fa
eba706
ef58b6
f8720c
feb7b2
04fcae
0b27da
1254c6
0e04f6
f6e33c
e815e4
f47b2e
07f93a
11b718
1471ce
0db850
f8131a
de396e
de41cc
07c95e
2f26ae
1d2c4c
f02392
ede350
08386a
01ea0e
e85788
f65e6e
22e288
2b8b2c
fda1f8
d06c6e
d9d5d6
0fd2d2
34e038
1c01c6
e61fe0
da9fa4
fb7a7a
0c7f06
01b9da
ffb17a
07ecbc
02ad54
f1e1a4
ecdbb6
05eaae
2350cc
0df044
e00e5e
ef69cc
1a417c
fe83ec
d364c6
fe2fa2
3586ec
163044
e2941e
ead67a
0562a2
05fab4
038872
0a6ca8
0507a6
ef2994
e6fff8
02f056
24aaa4
1a7f1c
ed361c
d7c7e8
f4f046
1e16fa
1b2d10
ef3fd6
de51fc
000d5c
123e8e
fa8a96
fa2e1c
1dcc7e
1b5f72
eb05b0
da6874
fe33e2
1a4876
09ce62
ea3222
eae6c2
0a6480
148846
fc63f6
f65de4
0b277a
03ad68
e46e16
e9e888
0b87c6
14441c
07691a
fd6464
f39410
f5a4bc
1064e6
1f9c8c
029be4
d8ae4c
d24962
f626ee
216dc8
281042
077cd2
ee9f04
f4d47e
f94f96
eac258
ea80ce
0912b8
20ea70
13718a
f97b32
f3965c
f37fa4
e63fce
e933a6
105cc2
296400
08a6da
dac998
dd00ba
01c86a
17c6c0
0ee3fe
f6d84a
e97ed4
f52494
03229c
f97870
f16cc0
0a3fb2
235952
0f41dc
e15c76
d004de
f03dfe
1fdc8c
250834
fb7284
e4764c
fa5c6e
057628
ee8e72
e88588
09510a
25ad56
17d446
ecc6e6
d6b316
f33eb8
1d2826
2236e6
090d3c
f0c9ce
e92e94
fabd2a
13f79a
12545a
fef21a
f88ef6
f86ef6
f7e5ea
0786e6
1ad032
149fde
fd145a
eecb58
f5b5e8
08b652
0af9e2
f8e7b6
fbc538
19cad2
1f1336
fe6986
e8708e
f830fc
1237b4
0fde18
f4d874
f18cec
13b5e8
241918
0793fa
edc1a8
f5f496
0579b2
0521f0
0054cc
08ce5e
145444
0461e2
e44312
ea5a5a
14910c
2199c8
072892
f9849c
ff56d2
f363e6
e19328
fbc2f2
33e968
399b40
f9f1a0
caa114
e297da
0cc16a
12fb8a
073d2a
06b156
0d1434
06c586
f1cb8c
f1c21c
155cdc
1f5444
f02dfa
d59dee
fc7cc4
1eb0dc
10c68e
fe20f4
ffbf3e
004e2a
f4b67a
eab618
f8acd4
188a20
1b9f9e
f76706
e1cd28
f15422
04a424
0e1ef8
114060
03892c
f0c2a4
f25b26
fc05e0
f9348e
f71924
04fa76
18d506
1ba228
ffdad2
dcc616
dc09fc
fb7958
13de66
157e76
07f396
f3325a
eacc0e
fcbc0a
113d6a
0a1138
f0bfe8
e862d4
fd2220
0ed1e6
fe56ee
e88c36
f93478
1566b2
0c78fe
f5b8e2
fb76d0
084702
fd6fd0
f04a32
f84f92
061bfa
08e8e0
070214
0700c8
0465ac
fe829c
f9d004
f24ba6
e919ae
f5f012
1af682
240180
f8f898
da5bc4
f5482c
0f7de6
fa6cf2
ed14ba
0fe4a6
25bb5c
011206
dd45aa
f0ca10
0fbc3e
069dea
f2d00a
ff57b4
184676
132690
f2b484
e444fe
fe9778
142416
f8ccbc
df546e
062784
3348da
158b24
ddb1ba
e1cbfe
0d3fe8
1ebbe2
0d92dc
f83d76
f72440
04c3e8
03971c
f57810
ff527c
1c8978
1f9d78
01f4f6
e671be
e47bae
fae42a
14bd1a
19a2fe
0dc172
044bc2
f97572
e811e8
e94006
0c22e2
2ba9c0
1c46e4
f01ac6
dec442
f4656c
0c06ba
10e180
0c6b82
02c266
f63716
f56086
010e26
06d634
011ba6
f8cfa8
f55452
ff1196
0ff050
0c107e
f32ad2
eb476c
fc3438
06ba66
03f42e
0388d6
04f408
06023a
07bffa
faaa16
e2bd1a
eb7d32
1661c6
206e42
f80c16
e37902
fe3852
0fa2c6
0124be
f84c48
fd6ae8
fc99dc
fc1042
041d50
0886ee
06b22c
04d37e
fe0e5c
f40152
f63916
03caba
05bd8a
f84dd8
f7dc54
0b7c26
10a158
fbad80
ee45ea
f86c3e
081c28
0ffe2c
07ed46
ef1050
e524a0
03ab16
248748
15414a
ec5de8
e47fdc
fc8286
070cea
001ae2
03ebba
0ea58c
0b0ae8
fb552e
ebf0b2
e8f66c
fde1ec
1aec9a
1ec13a
0926ca
f3d94e
e8cc7e
e9c7b4
fb7fe6
102f06
12f4ca
095678
02896c
faf8b2
ede91e
e65678
f0ccb6
0c9fb0
23d6ba
1bc67e
fe1402
eb37f4
e5897a
e37d3a
f46c86
187a48
29312a
104b7a
eaf584
e56040
fe7982
079d90
f44b28
ef300e
03ebf6
0df796
023c0c
f4b112
f199dc
fbd96a
096f68
096852
fe74b4
f53950
f2d292
f9e9c6
02b470
02b8ca
00e9a8
007ac2
fbe34e
fc6b92
01c1fe
fa331a
f02c46
f9fb1c
0b3782
0f941e
083216
fcebb4
f5dfb6
f7f772
ff0ce4
046a32
026e9a
fd6d48
01ffca
087704
037942
00e8ea
02207c
f23580
e54340
fb92de
196d16
1a7152
07e09a
f22c58
e793e4
f9337a
13605e
13251c
03a402
ff0204
ff2cc0
fb5bae
fa502a
ff7b24
0bf3b6
17c864
0ac0f6
e99246
e53aa6
0cca44
28973e
0f9750
e9c93a
ee677e
0a4192
0a9036
fcaf40
03e654
07c2be
f85338
fff19e
1e38ec
1c1cfe
f96edc
e1589c
e41204
0018da
1d0678
182d96
08b930
11536c
10ab80
f33616
e4ce82
f43d3a
059d2e
0bf0a0
042b52
fc8092
11124c
2819b4
1021ea
e625a8
e4e3d4
ffe71c
0cb2d6
094642
09cc74
12b4ae
139c84
022cfe
f40d76
fcccd2
061340
fb79f8
f26ad2
fb50ca
06298c
093ad8
0a04f4
089a12
05ef58
03e9a2
fc6148
f15aec
ee4c6a
f62754
0a1412
23c304
24679c
fe0cbe
d82374
dc872c
014a0c
1ae358
116b0a
fd1e5e
fbfb6a
fdd808
f10ce6
f15f16
0a567a
16ad84
0677bc
f67dbc
f921f8
016f6a
ff5070
f87a36
fe12ca
0925d6
034cc4
f5e672
fa7bce
05e34a
fec1da
f1ee20
f94148
07a6a4
011bba
f27284
fbd376
11818a
0d019c
f0e03c
e3cc4a
f5af66
0f7628
11b682
f9ea92
eaffa0
fd4a78
13284a
0619f8
e77888
e4a0ee
ff9c9a
1011c2
0443a0
f73310
fcb11e
051d18
03dda4
feb55e
f5e734
ed081a
f1f118
000772
06a8e0
0571b2
022b8a
0178ba
0580fe
000934
ef7a02
f03de8
019444
0492ca
fd9bf4
fda5a4
0019d0
0c05c0
1cdac8
0f6f42
ed237a
e3959c
efbdec
fd5e14
12763a
211246
118784
f4ad22
e9be96
f9bfb8
139fe2
1651b6
fd38c4
ebef82
f3e97a
047e48
0fdfb6
0fc828
04e7e2
ff66b8
0423d6
fecda6
ec4934
ed36ec
0f4e70
29ae84
192052
f86950
ebe3dc
ec44b8
ef0806
fdac58
11b498
19e358
162b16
0961ba
f54698
ea58d2
f2bf3c
00d736
087bf8
0882f0
01ec46
020288
0ff942
0fc8dc
f583c8
ea7670
fe6760
0acf3c
04a720
ffe61e
f9f18e
f44b3e
feda50
0eae9a
110dea
07f922
faffbc
f724d0
ff36e2
fcb450
f17aa6
f9e2d2
0de3bc
15d530
13b5da
097a30
fc5db4
fac670
f8ebbc
ec5690
ed33f0
014174
0fa65c
1110ac
0a95c6
feb4c8
f8d56a
fdac84
014d58
fe217c
fd1bf4
0487fa
08e0f4
fdfe70
f1aa32
f43f34
ff601a
0b4352
10cd20
0673d6
f95f70
f79e02
f5da3c
f4ed54
fed79a
0599b8
0478b4
081080
0a6626
051b5a
fd25ac
f08e1c
e9deb4
f797c4
098c02
0ef6f0
0ab762
fc97a6
ee6f16
f2c1dc
012b46
03e506
f7ca70
ef0e02
fe1bd8
12a766
072b9a
edb956
f11468
073ff0
10ddac
0507a0
ec7998
e52ae6
fc2b1e
0b275c
fde1c2
f524ce
ff0428
03f3b2
fb0b5a
f49442
fceab6
09dada
06bdb6
f21c7e
e2ed36
ee3754
083c92
0e8ec8
00e9d6
fe97d6
03fec8
fd3f52
f7d16a
f82ff8
f0a2cc
f0d89c
032e50
10332a
108940
096cca
f5e036
e94d90
fb6e1a
12a2f8
0d1ae6
f8c14e
f56bc6
03cbc2
09c45e
fd2c9e
f4218a
01886e
167e84
14ffd2
fcaa12
efedde
fa1d70
ffc8a6
fd0862
05b012
10932c
0d9a7c
03868c
fb5946
fd3ad8
06efb4
04f31e
fc9b1c
01c91a
08c26c
09e210
0daf1c
066d8e
f6a6de
fa715c
078108
0b26cc
109aae
0dafc8
f81680
f0d6ce
001836
04462a
fcbc2c
03a0ca
15a830
17558a
0001ae
ead2da
edbeba
faa228
04a0f0
0e7d76
12456e
0e8c6a
08edf0
fe8c5a
f8454c
ff9192
041e1a
008af8
01c9a4
048478
06db68
0adfee
0335e2
f850fe
020a5e
10c0e4
0caa16
faaaee
e4f822
e0e788
ff5054
2086ae
23dce6
14f89e
feef0a
e777ae
e54fb4
f868ea
043370
020aac
01f73e
087148
0a2802
018d84
fad91a
fd756a
fe077a
f99222
fb8d4e
0495da
0a0c56
03bbb4
f653ac
f62fc0
06dbc0
0be8d0
fc7646
f558f0
ffe856
031972
f82ec2
f52166
fe0c18
001276
fbbf30
ffad86
04d26c
015bb6
fe4e72
fe640a
fcf5ac
fe4b7e
ffd56c
fbe412
fbedc8
01e984
00ca90
fa188e
fa867a
020e80
05f166
feff8e
f57a3e
f7c6e4
ff8a36
fc3bac
f4bdfa
fb30d4
0a5896
0c3d88
fd0de0
efb0d0
ef25a2
f7316e
03c554
093970
fd3e14
f39260
fd5044
079136
073326
06507a
01bb10
f80e70
f3dd00
f2d438
f614e4
05df64
0ff768
05241c
fb2646
ff74e0
043944
020842
fb95f6
f65380
f921be
fec632
ffc4be
02236e
07ed94
0b0c5e
0a407c
0362c2
f960ea
fa2058
02c30e
01d354
fd1a06
03dac0
0bf0a0
07b038
0072b6
010e04
04a65a
0509ac
01e434
fc4730
fb04bc
030edc
063fcc
fb08bc
f88e0c
0bc38e
15cc74
05f222
f85914
fbd492
00a85c
00cab2
fe8a56
fa7022
ffeec2
0dac22
0a632e
f6b100
f034d0
fc97c0
0aeace
0ead54
00ddb8
ef1982
f2d436
028c5e
040ed6
fe6786
004dc8
01d3d0
fe5b0c
fdcecc
02a18c
05a9c8
fe66fa
f2f5c8
f51f8c
03fed0
0c6414
05a926
f7d89a
f40c00
013eae
0a8b36
012878
f7f86a
fba4c8
01b974
04f032
03bee6
fdb066
fdedfa
0508da
042e06
fcd702
fac94c
fd4888
006322
033cfa
043054
02f58a
ff9ac0
fe1f3c
02ba20
02baae
f6d792
f15652
fe8238
0d0f5a
0b8614
ff5492
f9aec4
006fee
0612ba
01cb74
fdbd20
ffd264
0188e2
012384
02101c
03c334
028b0a
fe008e
fd326e
02ff00
04f2d0
fdd7e2
f78102
f95d60
0081c0
04f0da
00e80e
fa7dae
fb7d4e
00de3c
027220
00435c
fec44a
feb1f4
fca988
fa373e
fcb23e
ff152a
fc952e
ff41be
0922aa
0bc0b8
030d34
f9c6f0
f952ec
ff6dde
fdd65c
f45486
f64fce
0286e4
0753b0
0743ba
0564e4
fa7a78
f1c170
f6ea16
fd4232
fbde9a
fadb1a
00c70a
07efaa
0385b6
f74c12
f54aec
fa0d5c
f98400
fac6fc
fef576
ff7520
0268c8
04be50
fe6402
fb9aa6
008b38
01c7f6
013164
ffd37c
f98e8a
f989f4
03b130
0a0a04
066714
fbdb38
f4a7e6
fb3534
02e70a
010640
0131ac
ff7022
f37d44
f0b836
fbf6a8
0404de
09a0a4
0b8006
0025ce
f590ce
f7e0f2
fe338a
04a7a0
0640e2
fde126
fae054
03e7d0
093714
06fbe0
028c36
fae1a8
f53242
f7d8ae
00cc54
09f208
0860f0
fc5ce2
f82716
ff0198
028b3a
0175ac
022936
045f50
069002
058266
ff275a
f80cec
f5cee6
fcd48c
099fd4
0def98
07306c
01877a
ffd4b6
ff7516
025692
05512a
049aca
023bd2
ff63b8
fe703e
01963e
06ab8c
0d86ee
12324e
0cab0c
041d9c
02dd20
0120ca
f987aa
f601b4
fdd6cc
0b59c6
100e8e
089ca0
04b4a8
076d6c
0452ca
ff0db6
fd3170
f981a0
fc78fe
092088
0bc792
0501ea
06d438
0983b4
027fc0
fee6c4
04d4e8
07157e
ff265e
f92874
003276
097f6a
064c2c
fd64dc
fb90be
010078
051bc8
ff0ce0
f766ec
fe5b54
06cf9e
fee4d2
f74da4
fd0690
02f886
03ae30
00e072
fb7d88
fe026c
065746
04680e
fdd6e4
feda7c
ff8184
fa81ca
f73594
fb099c
03cafc
05e56a
fdefae
fb19dc
febed2
f9f2d8
f2d5c2
f830fc
02571c
024944
f78ca8
f0963c
f9a8aa
0823d0
0b5b4a
05c784
fd8a6a
f425f6
f12276
f6365e
fd0842
0505e4
0a36e8
058c88
fcee9a
f81fe4
f7a744
fc2c6e
ff0ea8
f8bd16
f365d4
f895f0
008634
04ef98
05c1d8
01869a
fd2966
fe18d0
fea6a0
fc27ac
fdc76c
03a078
05a1c8
023c80
fe05dc
fc9d7a
0004f4
0425ee
010c50
fb5fd4
feb3ee
04adce
00dc26
fae0ac
fd601c
024e16
028ad4
ffd22c
fe3076
0014e4
026e5c
029122
0464a2
0538b4
ff9524
fcfd12
02331c
01a4b0
fa4ce8
faa3ca
02ae78
07fe12
0670ae
ff95f4
fbcfec
008e64
030004
fbcaf6
f74a0a
fe0ede
068b86
079a7e
03c8b8
008b72
ff8bbe
00bb0a
032cda
0449ec
032548
00c150
fd4a3a
fbd324
ff2d6e
002ab4
fa5c3a
f8ff0e
00e732
04f020
002a78
fd9ab2
019c94
052652
037c7c
ff1ad6
fd5978
000c04
036656
042d6c
03ee80
04c4e6
04fd44
01e5a6
fd9430
fc73bc
fdd1a4
fee36e
00b77a
036fc8
04910a
0417d8
01ae3c
fc1a22
f86f06
fbe532
0155ec
0268f0
00899c
fe08c6
fcbd06
00aab6
0713b4
061aa0
fdb720
fa03a2
0038be
06ba54
044ffe
fdef84
fde6d6
03146a
046c9c
006874
fc951c
fbb578
fcde76
feaef2
002138
006c7c
fe7cea
fc5088
ff6746
05ca32
04d2b4
fae3f4
f3aa00
f6a138
fe9db6
0324ce
020f74
fe797e
fac13a
f8fd22
fb82c8
ff5628
fffbd2
fef824
fd4562
fad89c
fdaec6
049f12
032b8a
faf4f8
f9fd78
fe0ce0
fd9fde
fd9fda
027ef6
04484c
fe2b34
f58e4c
f25c5c
f83fc4
0184ca
047d88
00dbbc
fd32ce
fb31ba
f99b60
f9ea56
fc9532
ffa104
021a2e
02cbe8
ffde20
fb86b8
fa2020
fae144
faf618
fd3a08
04b130
0b42e0
08bca2
ff7eec
f90932
fa0bf8
ff9522
0345f2
0112da
fd35f0
ffb77e
06d832
07dc60
ffa056
f79ad6
f8ab26
006e84
0541ac
0279ce
fddcf0
fe6a3e
02d094
05ddce
0581fe
0161ea
fb3d3a
f9ccfe
00bde6
083802
0708ea
001328
fc916a
ff32da
0305da
037760
02a59e
04c4a4
05e0fe
ff7f24
f7f46a
fa6d92
030f68
0620aa
03b436
03bb24
06f856
069fba
ffa252
f9bf8c
fd5322
03fcd0
02dcc2
ff160a
02468c
06c318
04b02a
007e76
ffc18a
0268e8
067b6e
06287e
fed3c2
fa2634
ff0a28
060d12
0887bc
07b0c6
044f50
011446
01c268
024d28
fff80c
00a6a8
030a9c
ff67f0
fb5f5c
001a34
06b206
06043c
01afd8
ff5cd0
ffbb8e
021944
03fd22
03a9fe
02e334
01d618
ffc136
ffced0
02e6a8
0468ae
02cf26
005a24
fd4430
fb1a12
fd97aa
0303be
05b246
04664a
01a0b2
feef80
fdd2c8
004e2e
04f140
062582
013fdc
fb9c12
fb3e34
fdb308
fd896a
fc7e0e
fed0e2
019b24
ffd65c
fc4b9c
fcd104
ffce30
ff4808
fabb32
f7743c
f99a76
ff5d2a
027220
007a9a
fed770
00aaba
0093e4
fb6b74
f6db32
f874c8
feb224
0390ea
03124e
00a31e
01a2de
033972
006070
fc27f2
fa9e70
fab5fa
fc3af2
fe5b98
fd3f76
fa917c
fbc2a4
fedae4
ff6332
fecf96
fec26c
fe19be
fd1ade
fcd926
fe56b8
01a42c
02fd60
0080b2
ff19da
008a6e
0036ec
fe3da2
fe5676
ff72f2
001e40
015972
020c4c
013b72
0079fe
0060c2
0126c0
02eba6
031b74
00e714
ff8ad0
ffc2e0
ffe6dc
002324
ffe21e
febe8a
ff3b9e
00c82e
ffee5c
fe3e1e
fea6c2
ffbe38
00ab78
016ff0
ffe784
fce6f2
fc985c
ffe7d8
047a24
067d2c
031940
fe593a
fdd5fe
feeec8
feae54
006308
03bf40
04369c
0120d8
fb9ca4
f6c71c
f90e3a
0044fe
01e66a
fd5a0e
fac8f4
fc4eb4
feac28
fe1ddc
f9ae3e
f89862
ff15be
037452
010322
00beda
0395ee
024b30
ff9b62
ff8cf2
fe82aa
fd8870
000180
01dd60
0118ea
00d0d6
00697a
ffd90c
013f66
00d886
fca730
fb0e3a
fd582e
fe6f96
ffb470
0351a6
040d0a
00093a
fcfb60
fe6be2
02d7b8
066bb4
0525f0
004f62
fe6f30
01e8c2
05e822
060406
03d33e
0341b4
03f488
028dec
ffb3f4
ff55f2
020b20
04bff2
049652
01b806
004032
027a02
03f420
01b9d6
00b792
0466b6
08cef4
0991be
063b72
00e746
fd9884
fed71a
027cb6
04c548
0486cc
03a7a2
049056
060358
04520c
003356
fe57a0
004680
034b78
04ab0e
03f970
027310
007436
fde966
fd1062
fe9344
fed456
fde888
fffa7e
031cd2
03094e
020570
015074
fe1ebe
fbdf6c
0000ae
065ed0
086d0e
064574
0232c0
fe50e0
fda7ca
00a9d8
040ca8
03f824
ffab62
fc43b8
feb074
027b9a
00ea94
fc7d9a
faa90a
fb034c
fb68c6
fc0648
fd7194
fefc56
fee71e
fd6330
fcf47e
fd316e
fc6640
fcfd20
ff9910
00ed62
025ac4
05accc
0579cc
008d1e
fd04d8
fade06
f83758
fa1328
ff8446
fff92c
fc5584
fb5976
fb9462
f92fc0
f5a9fc
f4fb36
fa049a
00b246
00294e
fa06ac
f7d9a2
f96b4c
f9debe
fb9f92
ff57e8
0053ee
fe6c48
fbdbee
f8c13e
f81f46
fc1f10
002fae
00afde
fee7b6
fc2c60
fa9178
fc5dc8
ff77b4
00b97e
ff7632
fba108
f8ccea
fc557e
021b12
012942
fb97fe
f9aa9e
fbf9d2
feac38
001b92
ff78e4
fdfb16
fec83a
00dbd0
008c4e
feae18
fe6e76
006254
03cd4e
067416
04ae20
0005c2
ff280e
02b734
04e23a
05064e
06f5f4
0920e2
0719f0
01c89e
fe294a
ffbe30
04e056
0744d2
040bc6
0011de
ffba42
0220ae
059d6a
07c1ce
053384
007eec
00447a
04a89e
083830
08643e
069a5e
058220
067d44
07c76e
07db66
08339a
09041e
082f10
05e0f4
04893e
05847e
08087a
095c02
07f394
05d0ce
047a70
0376fc
03df64
05f79e
06b6ae
0579ce
04bf74
048620
043fc2
058478
07cc86
09020e
09bc8a
0a5f3e
089854
03de10
001e94
021364
08f0b4
0d9a70
0b9956
069c00
034182
020d66
030ade
060194
08a314
09311c
07d654
0594f4
041e0c
042448
056b7e
0878b8
0b4fdc
09c6ee
05702c
036000
034cb6
034ee4
04b79a
06fac4
07f26a
071c6c
02f66e
fcf71c
fcde66
039bde
07263e
0387c4
ff5804
fed61c
014964
05833c
092562
09b3be
06c904
01b44c
fe698a
000994
02f9c2
02f93c
02c5b4
04c914
059162
02f544
ff6844
fdbf40
fec6c0
0069ca
ffc7a2
fd8130
fbe95e
fb252e
fb8e4c
fe5766
01e760
02ed54
ff87fc
f8671a
f2e0f0
f562b6
fd6adc
0181d6
feb64e
fabcf8
fa60e4
fd4d8c
ffe806
febd48
fad088
f7cf9a
f5c9ca
f39420
f3e388
f7e5d0
fb829c
fc53c4
fb2028
f720d4
f20336
f1b43e
f61ebe
f85d98
f6dd3e
f5a14a
f5659e
f4c028
f3e3e0
f317e0
f301b6
f4305e
f48ae0
f2f2ac
f1c278
f16e56
f084ea
f0a280
f26e6c
f267ca
efde52
ef1a92
f23110
f5a6a8
f432f4
edbcd6
ea013a
ee5e3c
f410c4
f21440
eb3160
e8c9aa
ed4ac2
f306c2
f53ed2
f4a5e8
f3392e
f1c7fa
f2d508
f792c2
fa686e
f69a18
f1d538
f3f660
faf12a
fe74c0
fb1ac0
f654c2
f6e74c
fa9bd2
f9e0ae
f58f54
f650da
fdffa8
041d94
024812
fd00aa
fc5a7c
0052d6
038ee6
05809c
077a52
065d1e
01d97c
008ac0
051594
099266
09638c
074f5c
07c75a
09e794
0a39be
0a65be
0d60e6
0eac00
0a083a
0556a2
068e12
0a1ef2
0b1908
0a178e
09e802
0b84f6
0c563a
0a360a
092cc8
0d30e4
128daa
14c5b4
14064c
114384
0ecfb8
0ff30a
127d06
11fa1c
0fb4c6
0f0996
0fe81c
10370c
0e3c6c
0c616c
0f78e6
144ecc
12fdac
0e37d2
0e19dc
10bf58
10402e
0e1694
0e569c
1105f6
12f5c4
1122d0
0ce8e8
0ae3ca
0c7c04
0fd136
133196
1436aa
115bf6
0d44a6
0b7920
0c8cf8
0e7352
0df054
0a985c
0847ba
08a1c4
08f9da
082868
06a168
04034c
01c028
01b9da
028540
02d170
031c64
0211aa
fe9dac
fb7eae
fb9e60
fe590e
007954
ff7882
fcf8d4
fbcff8
f9e4d0
f5486c
f34878
f7a574
fc333a
faeb08
f7a334
f88762
fc268a
fce870
fa01f0
f7414c
f6b1e8
f8125e
fb02ea
fca556
f93832
f307d2
f07dac
f2fa58
f627dc
f6ef18
f6cf94
f7f12c
f7cb6e
f3577a
ef67fe
f239c8
f77188
f73bb8
f397be
f308ee
f55944
f54ff4
f134d4
ee3c26
f14f62
f50c3e
f0a48c
e84a92
e7f10e
ef92ec
f41cd4
f0730a
e96a24
e4ed96
e45a92
e510a0
e3e9ae
e0bca8
ddf60c
dd46ca
de701e
e107e0
e505a4
e95390
ecb042
f0175c
f4ced6
f90bb6
fa5d8a
f977fe
f8c0a6
f95948
fa422a
f89fb6
f30a38
ed9ca2
edf636
f23496
f2c5e4
ee931c
ec8ce6
ef73d6
f2c8d2
f4fd60
f8f0b4
fd815a
fe7370
fbaf26
f89b2c
f77902
f7fe46
f885e0
f95d14
fc6b86
ffe346
007230
0071be
03f32e
09bbc6
0e5f46
0fa9d2
0d115a
0a50f2
0afe62
0bc8b8
098722
07430e
05bb6a
021128
fe5f52
fefd2e
038258
09119e
0cb266
0c8f82
0b4786
0c9760
10722e
158dd6
198984
188be8
144d5a
124fd0
11d880
114278
14d2f4
1b51b8
1bf4f8
168ce2
1402ea
1794ce
1cabae
1e03da
1a90d4
17a504
19d024
1c6cb6
19c5e0
14e02e
129132
125300
11e708
107a8a
0f817e
121004
16af30
176292
141b6c
132288
160144
18e8fe
1a405c
1a8b7e
198330
1720c2
13bbfa
0ffc62
0dd138
0e6698
1071c4
121b6e
11c242
0e93ae
0b0514
0a0c8c
0a1ba4
091b52
09287c
0b3a38
0bb8fa
08a0a4
0479ea
01d730
007310
ff3ca6
ff9c66
03ee92
093386
093364
0578f6
054bf0
0828e0
07a140
03a490
00b8ce
ff6a08
fd8074
fa1786
f62474
f3fe6e
f45f64
f4e604
f448ce
f373f8
f2167e
f03fb8
f0c60a
f4f962
f9b8c2
fb360a
f8f89e
f607ac
f5154c
f56884
f61408
f8263a
f9f972
f816b6
f49edc
f44c8a
f5c278
f50768
f343a4
f3be76
f5b15a
f5e12c
f3ff72
f2680c
f0c5c2
ed0bce
e9b53c
e9fa44
ea8e3c
e84600
e691d8
e721ec
e6d1f0
e5c69e
e65880
e738cc
e74156
e767da
e70098
e5f6ae
e61c12
e637ba
e36ff0
de93f6
daa02e
d9ebb4
dbd620
db1908
d62ef2
d5470a
dc4296
e30c74
e61d96
ec44ee
f675ba
fc726e
f9fcb4
f36278
effd6a
f2c2aa
f641ae
f45468
eedb7e
ea11d2
e6acc0
e59e64
e7df84
ec3b68
f218f2
f74a80
f6d180
f22084
f0fcf2
f53d7a
fb95a8
0220f2
049984
ff4c22
f721ea
f257ba
f1b396
f62dac
fea9ae
03e512
0334da
02cdb8
07170a
0eec76
1609a2
16d76c
11f3e0
0daa92
0989c8
02893c
fec150
02527c
05a8d2
0399f4
002ef2
ff34be
01e400
07db22
0d3548
0f96cc
10a4da
110cfe
124be4
174096
1c81b8
1c480c
184fa4
13f0cc
0f1ed6
0c8638
0e104e
0f83ea
0f85b0
1173d2
13f932
14ac84
179034
1f3c68
264ad6
254e42
1ad470
0f1c80
0cb350
11c19e
1374f8
101534
0e2986
0ee24e
0fc416
112d20
130bb0
14ad9a
17ad44
1b6afe
1b5ac8
16bb14
12d79e
137d0c
162db2
15f2ee
119f1e
0bfe80
072c2c
042b08
04e320
088a4c
0a7fac
096824
090fb0
0b6b24
0ec7fe
11111e
109190
0d96c4
0b0420
092bd2
05765a
012fd2
0050c4
0290d8
052640
071132
07cd34
07b6ac
091a94
0c1000
0d40f8
0b1ab2
076e58
043eae
01b94c
fe60bc
f9e5bc
f73ff4
f82888
f9d5ba
fa01c6
f9a626
f92720
f80330
f72142
f80750
fb9e3e
006e60
01deda
feb282
fc0238
fbdaf2
fa9786
f89c04
f92ef8
fa0694
f8a02c
f7abde
f804bc
f8292e
fa5cc0
ff666a
025b84
0130da
fe31d8
f8a460
f0c778
ed5588
f160b0
f569ce
f2f46c
ed6916
ea7134
ea56ce
eb1bc0
ec9a18
eefdda
f10474
f10ad0
ee66d4
e9f780
e67ac4
e67030
e7fefa
e65c8c
e1802c
dedbda
df88d8
ddc33c
d7d68e
d3c236
d48c50
d56ce6
d29204
d02258
d53840
e19db2
ec7646
f0164c
f0ae4a
f28c54
f415ba
f5477a
f84d34
fa8ec6
f8b316
f3ceca
ec7a10
e427d0
e2440e
ea9e52
f54598
f939b4
f5ae96
ee779a
e8e06c
e9cfde
f1c1d6
fcda56
04f23c
03954c
f899b2
eca2ea
e8a38a
ee906c
f9259a
ffe920
003e0c
ff87b0
005dd4
018478
06f350
1234b2
1941c0
15bbc6
0e8500
09dc4a
07f99e
095af6
0b46be
08a52e
03fb88
02dae8
046018
0686ec
09ecb0
0dcd30
115932
137cf2
1155e6
0df91e
10e936
173bb4
187aa4
1663bc
1559d4
132d4a
110d68
132fde
15e42c
14fc66
142132
15a058
176f4e
196f6e
1afd3c
1a42f4
18ee84
17aaa2
140578
104980
1051aa
11583e
108780
0f636e
0db7d8
0c00c8
0e6b62
149624
196a3e
1ba478
1bbd10
18cd5c
158a2a
15d2ae
17d684
1803de
165588
13b75a
105424
0ca4e2
09c720
09a6ba
0c2c64
0d6886
0c167e
0c0da8
0d5520
0bd420
095616
0a8bda
0dca5c
0edb96
0c96ee
0753be
01b772
000bb8
02217e
03b95e
0339f8
031fc0
06337a
0b4a00
0de0b0
0ccc5e
0af9ba
0873e0
0395c6
ff4cea
fe911c
fefcda
fe02c6
fc1fec
f97be8
f6d68c
f700ae
fa11e6
fbf16c
f9d004
f55db6
f30db2
f54426
f8858a
f916ae
f9993a
fb993a
fa55be
f59c80
f43646
f76c12
fa81b4
fba9d2
fa94d2
f691c4
f3127c
f46102
f83a9c
f97942
f7cbca
f5f9d2
f440ba
f14a12
edd520
eb264c
e91e7e
e887e2
ea7e20
ecaf22
ec085a
e9e56c
e9777e
ea6cf0
ea374c
e87526
e6c978
e52a18
e211ca
def438
df43a6
e14272
df30f6
d9bd72
d74cce
d7f030
d67c82
d36fe0
d1de0c
d02612
cdc4d8
ce3576
d24dc2
d9691c
e44072
ee8aa4
f0bedc
ebec5e
e91842
ed2b5c
f4ba4a
f98e42
f88d32
f24550
e8b77c
e087ce
e0b8ce
eaaabe
f6340c
fa9fea
f7071a
f01cda
eba512
ee1c36
f74aa6
01bbee
084f98
08750e
00202a
f273da
eb19f4
f200fa
0051c6
0923b4
07ec36
02c4cc
01a9d8
05bf36
0b3734
10cc0e
167220
18515c
133b32
0aafd6
04f5a6
044880
06c6de
097666
09990c
07635c
06fca2
0990d2
0b04aa
0b2a92
0e67b6
13ccc0
16bc9c
160b3e
118454
0a5290
073478
0cc63a
154ef0
18d660
1728da
14c97e
140e48
14986c
154b14
15bc2e
17a1c6
1c04ca
1f6dee
1e89c4
1afd1a
177578
1557e6
153914
14b454
11f66e
0fdc6e
0f8c82
0ea712
0e2dc2
103938
1322ec
15ce06
18aa64
1a2f78
18a22a
146b06
0f7b7c
0ca92e
0db636
1135b0
137860
117004
0c02cc
08433e
09dbb6
0e4092
106f90
0fdf04
0eb260
0c4ada
09214c
092d0e
0bc6be
0be66c
09b2b8
084e18
0775f0
065b56
054fea
04cff6
05b718
06fefc
072774
0824d4
0ad3d2
0cb306
0d7206
0dc9c2
0c3a80
08f74c
060604
0312b2
ff5990
fd0dda
feba4c
027ea4
032c52
ffbbce
fc74ba
fb5fdc
faae5e
faa02a
fd5f0e
00761a
fde634
f6c8ae
f40fbc
f8465c
fcbc6a
fdfb96
fdc2dc
fcdca4
fbbf2a
fa4f6c
f7f244
f7f7ce
fd0d36
01a1f2
ff84dc
f9c26a
f751b4
f93672
fafc26
fa08e6
f75efe
f46de6
f26824
f0d178
ed7378
eaca66
ed9d86
f23d68
f1b1d2
ecf996
e874e8
e61ffe
e737da
ea3d4c
eacf44
e77c1e
e31010
e03ef0
dee5ba
ddbe4a
dd30d8
dd58e8
dc115a
d87144
d3fe02
d043d0
ce8216
ced166
d02656
d34cea
d9ba8a
e22276
e9ad14
ee64b4
f02434
f05dba
f0b2da
f28836
f4d1ea
f27f00
ea6d84
e41ab2
e47a26
e7c33c
ea5374
eccd48
ef317c
f0037e
eff214
f136cc
f34eb0
f55788
f9f956
ffe6f2
ffd48c
f9e862
f58cc4
f46626
f5b232
fb9afe
037e3e
07dace
08f848
097f28
0ae1a8
0eb94e
13e67a
16f04e
174290
15851a
105d42
08e938
047048
04d89c
068956
07fd9a
09d868
09890c
06cedc
06ab9c
09a91e
0ba5d8
0cab34
0e0b78
0dbaaa
0b184a
0920e0
0ada98
0fba1a
13ccb4
15218c
15624c
1580d2
15b8c2
166694
168d62
16f6e6
1982e8
1b3d98
18e3c2
15a61a
1533e6
160360
152262
12cae4
10de4c
0e5fe2
09b8b4
0686f2
0889dc
0cee7c
0fc746
10b710
102e9c
0eab90
0d9630
0e3afe
0fb864
0ed134
0b65d4
09daae
0afe82
0ba432
0bbbd4
0c5df4
0cdfda
0d982c
0e2da8
0cea0a
0aff20
0b1266
0cd420
0da8a6
0beeb2
09a2a8
09fd92
0beb38
0b5f92
072dd4
022576
ffaaa2
006936
032238
069eaa
08e79a
09ca0e
0bd962
0ddfe4
0d4cd8
0d52ba
0e0cd6
0a065c
040a1e
02b324
0341fe
0248cc
02bf46
05a36a
088020
08fc7c
0560de
000534
fe2e14
00981a
0332d8
030916
0031fe
fc6cba
fa409a
fb37e0
fd394a
fd554a
fd0f50
fe1544
fdb9cc
fb7e66
fab4a8
fc0de8
fddf3c
fe256a
fb78d8
f9599a
fbc106
fed668
fd1648
f70772
f0bca4
ee3f18
efbd18
f10fa4
f06ce6
ef4624
ee0e80
ece3e8
eb1e68
e7ad7e
e5a7f4
e8503a
eb65ae
e86990
e08bcc
db4592
db903e
dc234a
d9a384
d74c74
d6099a
d30a5a
ce739e
caa6d8
c91a0c
c92782
c8ec92
ca7182
d17308
db86a2
e4fdea
ed9ca2
f22a1c
efb4c8
ebec8e
edc944
f3db5c
f77ac2
f49730
ed03dc
e52e3a
e06c1e
e15c32
e83556
f09824
f50460
f2f65a
ec794c
e75d8e
e91f68
f38190
018dba
083ec2
02a64e
f87a3e
f22d1e
f1dd84
f7d73a
022e02
0c379c
11d624
10e68c
0ce612
0d9198
1496b8
1c8d68
204664
1d97be
1789d8
12e194
0e8868
096ea8
085a24
0c1954
0ef004
0dff80
0af19e
08ddcc
0aa8ac
0fe0fe
14e266
168ad2
145b32
11136a
0fc0cc
0fb6da
0ef710
0ed856
120294
16eeb0
19b7b6
1abf42
1b8122
19b8c2
16fedc
18e7b4
1ceb26
1d1340
1b1572
19d9ae
18f062
182574
15abd8
10f394
0e4f08
0e9a86
0e0e98
0c33ae
09c756
069546
057a8c
08bb64
0d9c76
1037fe
0f85c2
0d9cd0
0cb82c
0c53f8
0b12fe
094c98
08ee4e
0b9c86
0ee44a
0edc0a
0cf5e2
0c516c
0c8f9c
0dd15c
101a40
109068
0f4250
0f6904
0fcc30
0cb6aa
082670
07d15e
0ae954
0a76ea
05f6ea
03817a
04144c
0580d6
0901ee
0e040e
109b40
0eb534
09f448
082480
0c1e1c
0ebf50
0b21ba
074326
06c5c0
060b26
03d042
0202cc
0219cc
04c048
08494a
0962ba
06a786
02b9e4
0227d4
048bfe
045800
ffdb52
fac0fa
f8acbe
fb6b04
007484
0279be
00f616
ff5d72
ff973e
020170
0402f8
0185f0
fc9f90
fb32ac
fd44ba
fe4da4
fd085a
fb8a1c
f9cc10
f6977e
f4cada
f69542
f74964
f3acc6
f01210
f0a2c6
f44936
f6a6b2
f46f1a
f033cc
edb4be
eb54e8
e80682
e5f134
e4b8da
e3980a
e378ee
e24780
ddfc42
d9f204
d99f26
dad530
d98e48
d625fa
d34072
cffb76
cb99d2
c9faa0
cdfd6e
d6f06e
e2decc
ec7d12
ef0b6c
ed34ce
ec548c
ef1f48
f5adc0
fb56aa
fa9ab4
f455bc
ec54aa
e5674a
e323a6
e721c6
ee5390
f47ad6
f73ab0
f5ec2c
f115ac
ecb360
efd538
fab2ee
03739a
03086e
fc1e74
f56ca6
f40304
f70f18
fafae4
00e704
0848c8
0a3618
06cebe
071546
0d483a
13d9d8
17fbfc
19f51e
18bd48
137b14
0d51e2
0a788e
09b4aa
07c75c
061296
06b164
0812c0
07d126
05e36c
05843c
089678
0b7278
0c068c
0c959e
0b918e
0702ee
03d130
05858e
09a6d2
0e1e14
1187a8
123852
1168da
112558
11c05a
13b860
16df5c
19395e
19b2a8
18931a
1546d6
108778
0ee5d8
11e2d0
12df7c
0d3bfc
05b8da
0200e8
029d34
04e1a4
05b904
06929a
0a27cc
0c2b00
09efa6
0936f4
0ad6b6
0a5bec
0a4d56
0d07a4
0e5eb2
0dae3c
0dbd62
0e1c9e
0e0e0c
0da890
0d5416
0f9b62
14007a
14b4c0
107b70
0d2574
0da98a
0f15aa
0ede16
0cf9aa
09d208
06f542
0643aa
06b2e4
0683aa
0650c0
06fb0c
08f43c
0b71de
0b6398
09eb5c
0c2376
0fbfba
0f6152
0da3e8
0d106c
0aa07c
0661a4
03f60e
05564e
08f592
0967e2
05a8de
04aac0
07abae
081cee
051d60
0241c2
fff7a6
fe6334
fe2e0a
fe56b8
fdda00
fc8b86
fb861a
fcbb9e
ff582e
0073f4
ffbac8
ff8140
017fe6
045be4
051ad8
038434
01dff4
012576
00a2d4
ff84ae
fdcf46
fc02b4
f9fd9c
f8e63c
fa069e
f9c966
f572f6
f25eac
f49668
f77440
f5d5b2
f0477c
eb0408
e902d2
e8903a
e7df56
e7bf42
e6399e
e16058
dcdbcc
db33a4
dab8f8
db12ac
dbcac2
dac5ce
d7f200
d3f1a2
cf016e
cbb42a
cbe698
cea6d6
d507bc
e02d4c
ea46d0
ec8244
e9a96c
e95828
ee3740
f68fa8
fd6fd2
fbac7c
f16e44
e767be
e2b2a4
e314a6
e7ff50
ee1a34
f1e396
f3d07e
f2fa64
ef06d8
ee44fa
f48bfa
fc986a
010aec
00ef40
fca0dc
f67e14
f3872c
f72b54
ff2184
060e90
0a3c98
0d2e7a
0f6b50
116aa8
13fe2a
16ee52
19df06
1afa90
1819c2
13c94e
11095a
0e4922
0b76fe
0ab84c
0b2698
0b741c
0ba81e
0b65a4
0bfac6
0dfeea
0f117e
0fe47c
123684
11cc16
0c34dc
071436
06d50a
09ffea
0e1568
1115f6
1247fc
13bc62
166928
17dffa
17ef92
1a2620
1eb50c
21728a
206f8e
1caf86
17b39a
142778
138414
1475ae
15c782
14a230
0db4a4
05bfd0
03d108
04ac08
03bdd2
04d3c2
09089c
0a8472
06f364
0129b2
fced30
fe6e48
05d994
0cc40a
0db6ee
0a1628
07290c
09115e
0ea4be
124470
122a2c
121bf8
124742
0f8f52
0c9de6
0d459e
0ee1fe
0f3dc4
0f8da8
0e1b16
097752
050ec0
03f39e
06da56
0cbe36
107b54
0e49b6
0a6940
0a7c9a
0e45c2
121c52
130294
110af0
0eb01e
0c9fb4
09c902
0758ce
075f40
0902f4
0a4464
0b7330
0d421a
0e5fcc
0e4548
0df2ba
0cda68
0ad8be
098b66
0799a6
02cb30
fde24e
fbee54
fb9ea6
faeb80
f99778
f963f0
fba69a
fd3f58
fbfa0c
fc278c
ff7ba4
00c95e
fe80c8
fcf498
fe4068
002d00
ffb052
fc81de
f94a6a
f75352
f5f814
f5fd00
f75a9a
f739a0
f4d230
f30eb6
f32aac
f2e692
f0a03e
ec8a0c
e77482
e445a8
e4fd04
e4e4fc
df790a
d98db6
d8b388
da5d5c
da3b70
d7a9f4
d4d57c
d47162
d47e86
d104f0
cd226e
cc7850
cab856
c6a09c
c74fb4
cfd02c
db5dde
e49762
e8775c
e82f8e
e8e384
ed392c
f3e1b2
fa9cb0
fcb9f4
f64238
eb814c
e4261a
e27cf4
e6411e
ee8b64
f66710
f8dbfe
f5a100
ef0496
ea3f28
ed56dc
f75d94
01c810
06e338
02d2a6
f87588
f33130
f8f372
035730
0b81ce
100e1e
10b9e8
0f7166
110d5a
16995a
1ba496
1df222
1f71c2
1fb426
1c887c
17f05c
14e374
134178
12f39a
132750
111d6e
0d6c18
0b4100
0b98e2
0e516c
114b6a
1094e2
0d554c
0b3de0
08ee22
05b144
0501ba
0723c6
09bb44
0c792a
0ed7ca
106c3a
1266dc
149b54
15d1ec
15dbb6
154902
16c5a6
1b7cf2
1d9bba
18d728
1276d8
0f9768
0ec3b6
0ea8a8
0eb3ae
0c1c08
066a98
00b7a2
fd4558
fd3c5e
00e048
057f8c
072a28
03ecc8
fceeae
f74156
f8e522
019416
0a1184
0cc35c
0af836
0887dc
074968
083ff6
0bf28e
109d2e
137dd0
1304c2
0f984c
0c7796
0c28c6
0c6c0a
0b5990
0ab780
0a3be0
07e7c0
051a68
03b21c
04461c
07adfe
0ba452
0c55d4
0acc20
09e564
0a69f0
0d0a94
101df2
106058
0f46a6
0f1064
0d5c30
09797a
06b83c
0733d2
0ad0d8
0f14f0
10c1f2
10efd6
11b40e
1130d2
0f3c9a
0dff0e
0bfbc6
08394a
05880a
0426a6
0232f8
001670
fe1502
fc201e
fba064
fc623c
fcdeb4
fd52b0
fdd11c
fdb320
fdbdb2
feb69e
008320
02c868
03bf94
01d532
fe5340
fb46fe
f963be
f8c1f4
f96408
fb5466
fcbf70
fa1ae4
f4cc24
f2d33c
f42048
f2b004
ed3bdc
e81396
e6a7ba
e7e3e8
e653ae
df51f8
d886fe
d7a9fc
daf798
ddca28
dce91c
d7cf98
d24450
cfe75c
cfc450
d009be
cfb4ea
ccaec2
c765dc
c4c48c
c95812
d5d908
e5dc14
f0bbb4
f193ca
ecf9fe
eadd0c
ef1c2a
f87cf0
00f3e8
00f9d6
f789d2
eb749a
e38fa0
e2ee68
eaa39e
f7400e
ff7c90
fcb886
f2b5bc
eb930e
ee0906
f814d2
025bc2
0761b2
0556e0
fd7a24
f625ba
f65d8a
fdc9b6
07bcba
10487a
12d5fc
0f5274
0dcbfe
129cae
195696
1e8ce0
2190ea
21231e
1e2e76
1a09ac
14cebc
117434
1111fa
0f907e
0dc954
0f4dfe
0f8f7e
0c14c6
0b959e
0ea478
0ec424
0ca9ce
0bddd4
0a973e
07c960
04d07c
02b788
043916
09c2ce
0e4a74
0fb374
1122ea
138002
157e88
173e4c
18d1a2
1a8b98
1d506c
1fa52e
1ec788
1a7db0
14e23a
10febc
10ab3e
119cd0
1018ba
0bda1a
066602
009d68
fce48a
fe3d06
038216
07851a
067d80
01d70a
fe4ada
fea1bc
01bb52
05ce14
0a33c2
0d376a
0cb4fe
0a3498
0a146e
0db942
124128
1499b2
13e3cc
11531c
0fa808
106bd0
118c16
1093fc
0eaa04
0e0024
0dce36
0c064a
08d95a
064ee0
05d7d0
074560
095022
0ac414
0b1d64
0a83da
09c364
09fa22
0b3a00
0bc71e
09ffea
06d46e
04785c
0377a8
038998
058b52
0983d4
0d3ef4
0f2e80
0f975a
0eaf36
0cd6ba
0b2e34
09fe6e
08b15c
069fb8
02ea50
fe3d2e
fb484e
faac96
fa3742
f95eba
f929e2
f90204
f82b5a
f77d7a
f7a296
f88a70
f9be5c
fa0e00
f987c6
fa3fde
fc3eea
fc7a16
f9fa2c
f6f988
f4ffcc
f4bb84
f6de7e
f925d6
f825e8
f53788
f37bcc
f1fe8c
ef9288
ed690a
ea7a46
e5bfa2
e250f4
e143fa
df453e
dbc2fa
d8e2c4
d6b8a6
d57296
d61176
d7284e
d67bf8
d33f38
cdb10e
c8a268
c75e02
c7fd34
c6b70a
c5df00
cb7f5c
d83c5a
e58332
ecc094
edb6c6
ed075a
ef6d9e
f633ba
fce1e8
fd804a
f8ab68
f2e3d8
ed134c
e7d42c
e7a6e8
ef0d34
f94d1a
fd57ca
f6d4b4
ed6e4c
ec8d5e
f470aa
fd212e
02110a
02208e
fd5b46
f70e04
f3dfd2
f6e048
fffc38
0a0394
0f4be8
104ef2
10942e
125786
173216
1dec0e
229508
23e188
229750
1e9de4
19b186
16b72a
151374
129c32
1052cc
108f26
11c7cc
0fc1d4
0b587c
0a8e6e
0e2c98
0ff70a
0c7774
06be8c
03b060
04b038
05eb06
046936
02cc2a
02f6d0
03b44e
069620
0d2700
13e30a
175ab0
17b822
176cd8
19db8a
1ddefe
1e3834
1b884e
19f53c
17dbb8
138fd0
103a94
0ef56e
0e5638
0da342
0ab050
051010
00b05a
ff3782
ff1168
005858
02b388
03425c
003e46
fb9bb4
fad880
012e60
08e6d6
0a774a
07b2a0
06ed70
091d9c
0b6daa
0d3e1c
1079c2
14f230
16d67a
149a22
11f17a
121c36
143010
14cb6c
1138e4
0b7d98
088a50
090c36
0a6cfa
0c3622
0e22aa
0e4da8
0c3988
09b13e
094d40
0ba572
0dc86c
0dadd4
0c26d6
08c8fa
042ef6
02c23a
05a83e
090110
0b1fcc
0ceb60
0eba3a
10dc1e
130630
14c74c
161460
14ddce
1056a4
0c1394
08fe5a
050150
029e9c
038298
02dab4
feaca8
fae38a
f9eecc
fb6892
fd445c
fd1324
fc2ae0
fceaa4
fdb3c0
fd5a76
fd593c
fdbaf8
fd7df4
fbd1f8
f85202
f5f5e6
f7d5d0
fb3fa6
fc03b4
f9bd6e
f618b6
f37e64
f304a2
f2b682
f192ae
eff220
ec23fe
e5b53a
df7dcc
db9a20
dace54
dbe7ee
daf4d0
d72b12
d3aa1a
d121e4
d02da6
d2b6ee
d513e4
d25d76
cd1496
c8cac2
c54d4e
c38e34
c4f5bc
ca183a
d47568
e10d60
e7fd08
e871ac
e99d9e
ef0a76
f6aa8e
fdb8cc
00635c
fbd606
f368fa
ed1df8
eb022e
ed6776
f5178c
fe0166
01068c
fd9f08
f8fbf4
f72f98
faacca
021ce4
079de0
087a10
053bb2
fd8c10
f75cc2
fb2322
03dd5c
088c90
0bfb72
105fc2
119e28
126a98
170ccc
1c349e
2067f6
241810
237a66
1f4018
1c14bc
188b38
145f32
13bf5c
1423b0
11bd8a
105fe0
108a04
0df248
0b6c80
0c9734
0d2f58
0af2c2
08a6c4
05dd1e
018d48
fe1c7e
fc2890
fb4730
fdb37e
02fc40
0737aa
0a2d9a
0cfe32
0db9b8
0d691c
10369e
150e4a
17ea9c
17db92
14d7aa
103f62
0d9182
0cb52a
0c7acc
0eb5f4
0faf2e
08d5ba
ff8682
fc4b0a
fc4c6c
fcaac0
002eba
033824
003caa
fae0ec
f88eb2
fa5898
ffc93a
052552
060874
03bc68
014dfc
0091d0
048a1a
0c6c24
120458
12d8a4
115748
0f28b2
0eb2ac
12aba0
18b2d4
1b8994
195e52
148a18
10e2c0
103078
10aeb8
10aa1a
10ea68
11d950
1217e8
10963c
0e4c40
0d9c66
0f4c40
112668
112be8
0f4b1a
0b969a
076bbe
06736a
096858
0c2f20
0cd5de
0e5b8a
127774
168c82
176f9c
14fe76
1256fa
120dca
124116
0f946e
0a4e76
05118e
025b1c
039edc
05f982
0402f8
fe45bc
fa340a
f9a54c
fb2550
fd7a5a
fdfeb6
faf61c
f74168
f5e8b4
f64234
f6e754
f7260a
f65d8a
f4e1c8
f376f8
f27134
f27968
f39720
f41fc2
f2d974
f04e94
ed2c60
e970e8
e5815c
e2e03e
e2b406
e2d9a6
df68fc
d94666
d62232
d76f00
d8698e
d6b68c
d46b36
d22b2c
cfb27c
ce4880
ccf7bc
c93626
c45638
c0f012
bf11a8
bfded8
c5dbbe
d057da
dbc97a
e4a592
e8dc70
e99bc6
ea7780
eeb5a2
f73f08
ff4d78
ff0414
f5dcf8
eb7f5e
e62416
e81e3a
f16900
fcd440
02d8f8
017950
fc5162
f7ce64
f7eb4c
ff937a
0bc774
116730
089f52
f9ec26
f3c7ca
f7c3ac
ff02f4
0747ce
0f386e
11be2e
0df4cc
0b3eba
10eef8
1cec32
25fb20
2765c0
23dc70
1deab0
178a90
152f70
17e2f6
1ab1e4
198436
143dde
0dd9e0
0bc8ec
100248
14c2cc
142f14
102896
0d4572
0aad6e
059f32
012e22
018e74
035e26
018892
fdc0d0
fc1746
fe7696
05af74
0ea062
13021c
125bca
126c8e
155134
179e3a
17fb88
1907e8
19ece8
158ed8
0ddcbe
0c7590
122b46
146b0c
0ed58a
07ccbc
0381a6
00be1c
00ad06
05dbf2
0be9c4
0a4636
010d48
f99f6a
f92c32
fd04c4
025e98
0768ca
0932fc
06eaf0
036b14
02d628
07e58c
10d1e8
1853a0
1aa7d2
17ed80
14716a
15507a
191c7c
1ac6f8
1ad7f2
1ac56a
17415c
1103b6
0e7328
10dd16
1412ae
156488
143048
1143d6
0ec5bc
0e5a26
1085d8
133dc2
1258aa
0deeee
09e3a4
063e6c
0224a4
01695a
05ec8a
0bbcee
0f7dd0
10c6f2
107616
10f0a2
13a9a4
163914
157e18
11cc16
0e08de
0b531e
07da6e
0386c0
017132
0216b4
020a62
ffd48e
fd6fcc
fc6dac
fc8ed8
fd3068
fdf39e
fddeba
fb8e6a
f7e63e
f594fe
f4dd38
f46612
f50188
f7315a
f8206e
f5c446
f29712
f22cc0
f442e0
f622d6
f72a02
f75a0a
f3f0e0
ec1cf6
e4ccae
e1fc60
e20cf6
e20ab4
e084a2
dd01d4
d81bf2
d32f64
d0a7c2
d2c4c6
d70682
d805e0
d522c6
d12942
cc827e
c73984
c34524
c1c78a
c236ea
c4485a
c98c80
d3ff6c
e0a010
e8a118
eb0762
ecd7b4
f0eebe
f7e51e
014638
078198
041228
f831f0
eb46f6
e4fd2c
e9b22c
f6a228
032448
07f18a
037d7a
fabeee
f66b86
fab97e
03f89e
0c57e2
0ec2c2
07378a
f90d7c
ef8154
f1a166
fbb254
0618ba
0bd218
0c117c
0b1168
0d7e6e
12b594
18cc1e
203334
25cfbc
23e492
1c12d2
15dda6
14e2ee
171de4
17d2ee
141ca6
0f8506
0db5a8
0c2cd6
0b1998
0ec3a4
12e658
0fbd3c
0868c2
0320ae
ff037e
fb9188
fb2c2e
fc69ee
fbd004
f8d8ae
f6be10
fa2496
02400a
084360
0a7090
0ce1e8
0f52dc
1007e6
12397a
168398
182878
160cde
12d6d6
0f2600
0be552
0b425e
0c4cc4
0c0ab8
0902f0
039042
fee558
ff3058
03b0c8
07e70a
09222c
05f8fa
fefa82
f9f86e
fbbc64
01210a
053c72
06b356
0522be
02933a
041938
0a90bc
1185fe
165d1a
190688
190376
17687a
173c5c
199518
1c9d88
1def54
1c61f8
18d210
154252
1337fc
134ebc
150624
163890
15155e
12b76a
10d4f0
0f252e
0e8984
10ea50
130462
0f61dc
0826ee
037a92
0249f6
035626
0749ba
0cb9a8
103e50
111b8c
1134a4
1270f4
14faf8
1727ba
17cff0
165bd0
119b6e
0ac798
05da36
0436c0
040714
039084
01fef6
ff824a
fc713a
f8bb74
f6bcb8
f8c454
fb2d08
f98e3e
f57ad0
f199f6
eeaca8
ee0d3e
ef675e
f0b7a4
f21af0
f3340c
f1e40e
eee7f2
ecdf6a
ed101c
efc354
f24db0
f05540
eb79ba
e932cc
e8ad48
e4b748
dd7806
d87696
d8943c
da7104
d90fb2
d43f6c
d02b38
cef866
ce8168
cd49e2
cc9908
cc0096
c97dce
c5bf56
c15102
bb6a64
b81dbe
bcbd30
c7a988
d4ebb8
e14cd0
e7bad6
e88d74
ea921a
efd4e4
f7bb0a
02530e
07b262
0145a0
f71c9c
f079e4
ec940e
efe79a
fc5d58
0782a0
0a76a8
072ce2
007422
fd4b3a
026fc0
089e00
0aee04
0bdf88
0779ca
fc26d6
f5a58e
f9e0c2
0141a4
0798b0
0d6d0c
1076aa
11b686
15cfb0
1c0f46
212cf2
255918
27a1fc
251bd0
1ff204
1d3690
1cf866
1cefe0
1cfe24
1c77aa
1b1698
1a8526
1998dc
1719f6
16a60e
179952
13aa98
0c816a
084ac6
052f0a
00929c
fd4ee8
fb6d0e
f8f31e
f7eaee
fa2b7c
fe7d14
032d06
06b734
0901d4
0b0f8e
0c75fe
0df6c0
1219a0
17511c
1921ee
16e124
132472
100ace
0e8db4
0ed982
10b29c
1202f2
0ec614
071c4e
015810
01cb14
05d064
080972
05a124
004e28
fc477e
fbafee
fd0b44
fe4a5c
ff9674
01ca2e
039e16
041296
05bfd0
0aae78
10eb8a
15c6c6
177ed4
1657c8
168ba2
1a644e
1e1f78
1f9e34
209322
2037c0
1db54c
1b91dc
1aeb86
1aec9c
1b6b98
1af5fe
18845a
1665ae
15c88e
14b9d4
126fb8
0fec64
0dab0c
0b36e2
07a4f2
036554
00e3a4
01ba22
04f70a
085f42
0a39c8
0ae604
0c0b74
0e2206
109998
12d96a
13eb94
133374
1091ac
0bb5d4
05e8ba
026c56
0234ac
02458c
005492
fdc92e
fbf806
f96e08
f6336c
f533be
f607fa
f4a9c8
f0344c
eb4b4a
e85274
e845d6
e9b126
ea58ae
ea3ddc
e9672a
e79da4
e73250
e8877c
e8a26a
e7bb24
e7408e
e5735e
e2b67c
e1a302
e1405c
df6cce
db9616
d6d372
d4e64e
d5a116
d3aef0
d10bbc
d2f15c
d3e5aa
cf3840
cb3342
ca55b2
c8b3e2
c753d4
c7564a
c4b5da
bda04c
b60154
b68be6
c53e72
d8ce8e
e2ca16
e546a4
e9593c
ed5dbe
f05cf2
f8ffe4
04c708
07d84e
011466
f957f0
f376a6
eff942
f624f4
06b38c
1326d8
11694c
0926c2
05c66e
08b16a
0cdac8
103890
1483dc
14ed70
093674
fa1e3c
f99dde
040d94
0939b0
0a68a4
0f864c
13f848
146eaa
16ed9c
1cf5ea
21ebdc
245ec8
24d2d0
2205c0
1cd1b0
1a3714
1c62c2
1e1a46
1b12a4
172f48
16eb78
17df3c
165ca8
148a68
165820
17d74e
118c5c
07d036
04bfd2
049ec8
ff6928
fab760
fb7732
fab81e
f69402
f60496
fa514a
ff5fb4
037cde
06392c
07528c
07cf6a
097e84
0dc862
12eb8e
156e50
152f22
12e5a0
0da43e
08ff08
0b4850
123afc
1435ae
0dbb36
064b44
052892
06e2e6
0639ec
06ac4e
08f38c
04d7fa
fb34ba
f7b4fe
fb7fcc
fdc9ba
fd34dc
fdb86e
ff4c5a
00cdfc
02fed2
06f7a0
0d31ee
137888
160ab2
152114
142bc0
14da18
17d198
1cb1fc
1ef46e
1b8cb6
178620
175da8
17d844
1769f2
192360
1ab63c
17e72e
146b06
141294
13221c
0f47b8
0bfb1e
0b4714
0abb14
06d4c2
ffc92c
fb15d2
fc5f28
006cf4
03c182
066948
07d47c
07cc6a
09308e
0d4212
10db9e
11698e
0fbb12
0d0ca4
09799e
05df30
0387a8
01cfa0
ffb712
fe34e6
fdd0d2
fce942
fa8010
f7f916
f6e1de
f5b26e
f1566c
eb91e0
e9adc6
eaea9e
ea1266
e744d8
e5f684
e63cb8
e6b946
e702c4
e73da8
e834dc
e9373a
e8842c
e76aa2
e7e8e2
e87e0e
e74ef0
e44ef4
dff0de
dc2518
dafe3e
db558c
da91ac
d8132e
d5900c
d4a094
d3ea04
d24076
d1a320
d171f6
ce4376
c9dd06
c74b20
c46596
c0a654
bf311c
c1a41a
ca8a2a
da468c
e80b56
ed4b4e
ef56fc
f3dac4
fac450
02b4b6
07f284
083692
07084e
03e710
fb776e
f6bd1c
004054
0f0228
145ccc
11320e
0d80d2
0c5086
0dd92c
10653e
11cd72
12e124
11819a
08ab5c
fdcf1a
fc529e
02d818
088312
0bf89a
0edfa8
11bb80
16f5fe
1cd360
1ea5f6
1fc1b8
23c240
24da7a
20915e
1d0c54
1cca04
1d092e
1bd850
190640
17a8ae
19f16e
1b2464
1827e2
159c7e
15b080
148182
0fb4c8
091a76
04972c
02e6c2
ff77c2
fa2a20
f89a98
f8d8f8
f58e7a
f36b08
f7d7fa
ff2ad2
0509f0
0795e8
06790c
070a30
0ca3a4
1129ce
11dd3a
13a7d4
153fde
117184
0bd23c
0ad238
0e3ce6
1276a4
135ee2
0eb568
093e98
08e5f2
0b20ca
0b7182
0ae3c8
093c52
03ba24
fd1b0a
fa174e
fa8d2a
fd97a6
01b944
01f4da
feccb8
000666
063c86
0ae69c
0dff86
12a184
15e466
156d0c
14a04c
168722
1a2cc6
1c5e66
1b4c42
1995a0
19c678
1960ea
174868
1774dc
1a33cc
1adba2
18ae4c
15e406
11f976
0d7218
0b2f50
0a1950
06db00
025ec2
fec150
fb798c
f94e1a
fa9812
fe2744
001d8e
ff8570
ff397c
01b7c6
05ac2e
08471c
098d0a
0a7b46
09901a
05e65e
024ed2
019466
029d72
023e08
ffafe6
fd353e
fbb5f2
f97366
f6a248
f5b496
f5e45e
f362be
ed20dc
e6bc20
e476aa
e5ffc2
e6bd16
e48208
e28b2e
e374ba
e53060
e5432e
e49400
e4caba
e58840
e5ea08
e592c8
e3fac2
e1c4b8
e09882
e00ac6
df79f6
e06048
e15a40
de97e4
d9ea82
d8065c
d8a29a
d95882
d906fa
d676c6
d23f62
ce03a6
c991bc
c62f72
c55c0a
c3a4a0
bf70dc
be6df0
c500b6
d1ee4e
e081c8
e9b18a
ecd30a
f2278e
fb2fa0
00c4ea
036660
0816e0
0b18d2
0712ea
fea436
f918b2
fd1b22
09cd64
151eac
192272
19724a
183b7c
15cd2a
1658d0
1a5c44
1c2cde
1969c4
125cba
073148
fe887a
ff8256
054dbe
08dcb2
0cbc0e
1342e6
186992
1a2fee
1ae5e2
1de1e8
248580
28f4e0
244346
1b6e3a
170a2a
158afe
142cb6
156fe8
17a726
16a004
13f9be
127708
125cfa
142d9e
15e280
133402
0c17e6
03c4dc
fc89d0
f84212
f6a35e
f48562
f0b962
ed44fa
eba59a
ec884a
f10216
f898da
ff7db0
01f3be
01a34e
034aa6
07b0f8
0c8530
10b578
129896
10241e
0b6c72
089594
08ec04
0bafb8
0ee286
0f02ee
0b0b48
06f3f8
06ff22
0a9b94
0d63ae
0bbbae
05c10a
fed5fc
facce2
faac0a
fc6948
fe05dc
fef3c2
ff2984
ff5f24
00ba0c
03d4ac
0956f6
108910
15d666
176c24
17c06e
189e52
19dc84
1bffc2
1e545a
1e5fea
1bddf4
19339c
18d8a4
1b2bf4
1d56f4
1d0048
1c02f6
1bcd04
1a12fa
15f6de
11eb7c
0f5314
0d5870
0a8cb2
05ba5a
ff6326
fa5028
f90a9c
fb7aba
ff2fee
019230
021590
030abe
06d87a
0bc37c
0df596
0d8a82
0c94fa
0a084a
05f1d6
043a76
058bb4
05eb36
03bf1e
007e5c
fd5d3e
fb963c
fbaa76
fbfe5e
faa314
f701f2
f1f75c
ed80a0
eae25c
e98ab8
e88904
e789f2
e64d34
e46f1a
e241ce
e1621c
e2c420
e55f78
e7b170
e83416
e63342
e42da8
e3c1cc
e1f748
decfda
df3b00
e282ce
e2b25c
de8688
d92780
d673d6
d8c584
dc1146
dae14c
d7dcda
d69c84
d4142a
cf4eb0
cc6950
cc9a48
cce1e4
c909ee
c03608
bbb608
c6b342
db67ea
e8cebe
eb5074
ee13d4
f62192
fe0848
03a00a
09b664
0f6450
1144ba
0d8c18
04ab14
fe73ec
052606
13bc38
1b48b0
19b8c4
170260
162f4c
175e36
1a475c
1c961a
1da654
1aff30
0f74be
01ee54
0024d4
0615bc
076688
07d4b6
0e0d58
1362cc
1410ea
16ca12
1d673e
2310b4
259af8
245750
1f0b34
192380
15bcda
14a098
155f80
168efc
15bbce
13c4bc
123fc2
10c8de
121740
16f290
16db4a
0decd4
052fd2
00cba2
fb16b8
f4c9c8
f377ae
f3fc5c
ef3800
e6aed6
e4070c
ec2472
f67d3a
f93226
f7f50e
fa3d54
fe2d02
00b38a
04a384
0bca72
131008
14e2d2
0eb4ba
0736e0
07af56
0e66d0
125002
108d8a
0d122c
0af362
0a073c
09c8a0
0b31a8
0e1b4e
0f0fb0
0b07d2
03bb86
fe049e
fce460
fed0f4
0093b4
01368a
018b3c
029516
047418
05e560
08723c
1045d2
19986c
1b36c8
176506
17cf14
1c294c
1ee55c
1ff9e6
1fd8d6
1d205c
192718
167a1e
172cba
1ba1a0
1ef8f4
1d32fa
1a1c1e
1866fe
15245c
1149aa
1028ee
0ec624
097ca8
0226cc
fb8378
f7d322
f8d104
fb78c8
fb9d18
fb2ec6
fd8e42
015efc
04972e
078eda
0a7ea6
0c6480
0b88c8
07a4e0
044a4a
0431da
04299e
014450
fe6e32
fdd3c8
fcc890
fa405c
f91f10
fa1b5e
f9f332
f67be2
f0fb34
ebc9da
e8b160
e7fbda
e76580
e4d7d8
e1c882
e04dc8
dffb06
e042ba
e1b56e
e41c2c
e6347e
e65e22
e485fc
e39c38
e54978
e6efb4
e654c8
e40e92
e11670
de9134
dd5316
dd1ab2
dd84ae
dcae82
d9acb6
d8e15e
db070a
d8f738
d31268
d0a848
cf64b6
cb0f52
c70a80
c22950
bab49c
b8c9a6
be9c2a
c6b4e2
d40326
e4a614
ebcecc
ed3d96
f75cac
0524e2
0c7dd0
112fe0
1391d0
0f200a
091886
0613c4
0427fc
070214
109760
181e46
19bbcc
1a62aa
1a1720
1877fe
1ae964
1f4002
1c8c60
1407ae
0c2ee6
050526
000bca
010516
03ab50
047a30
08899a
0ff5e8
1528a6
19954e
1f05a8
21b9a4
22b8ce
23f96c
20a45a
1943a8
1521d2
13c650
117908
1048b4
10b50a
11398a
12f184
13bb6c
118c78
11ab18
13e3f2
0f397a
052cba
fed2d8
fa0ae0
f2c41a
ee2428
ec50a2
e7874a
e31a24
e486a8
e942b6
ef9fb4
f7526c
fbe334
fd8aa8
00f13e
048518
07cbf4
0ec0b8
1448d4
117b82
0c5fd6
0ada6c
0b0f82
0ec796
15a65c
17469e
130d24
1084d2
107274
10eacc
12cde8
138244
108054
0b9088
053fec
ff8bc8
ff12b8
010dfa
ffd3b2
ff6754
046270
093a84
0927f4
08c7e0
0dac46
160c92
1b800c
1bb68e
1ada54
1b92ac
1b9c12
1b1b18
1d4830
20859c
203740
1d4e8a
1c65ae
1ea91a
21d5c6
234874
220344
1ff5e6
1e9458
1b934a
15ff40
10ba08
0c56a0
06c368
00602a
fa51fa
f5add0
f58ad2
f9a818
fc97f8
fd3d98
ff4396
029af8
0586ae
08c830
0b2b66
0a1566
06be26
03d112
021cf8
01e05a
020778
008ba6
fe8090
fe6416
feec20
fdb4a2
fbe98c
faf61c
f914c4
f4eeec
f01df0
ec35f2
e8efb6
e5cb6e
e30468
e0cffc
def050
ddd1aa
ded05a
e1991e
e3ba2a
e48876
e57204
e6386c
e5f894
e5c4a2
e5ed8a
e4b2c8
e2043e
e03540
e064fe
e15c92
e1a33a
e088cc
de0492
dbb394
dbbd44
dce470
dc4f9e
da6ba8
d7dbb6
d2e410
ccc374
c8849a
c5164c
c0f4e2
bd1f10
bad338
bdfaaa
ca174a
d9db6a
e5e466
eda120
f2cd24
f8bc5e
035ffa
0d80fe
0f64aa
0cf4cc
0ba05c
08ae3c
04969a
058426
0d2e5e
16d440
1bd54a
1b21e4
1b16d2
1da4d2
1e399c
1da1fc
1e3a76
1b8d1c
1387c6
0a743a
03955a
00420a
ffda40
00314a
02a3c6
0839e0
0db902
12e80c
1834be
19f758
1a6204
1e4774
1f94c6
1916e6
120036
0fd33c
0fd6b2
0ee026
0c2e16
0b8bec
1032f8
136358
1066e4
0f24b4
123454
10d0e0
08f112
007cb6
fa380c
f60bd0
f2117a
ec58f8
e7820e
e4c88e
e18bd4
e1747a
e941ea
f22d8e
f5946e
f823e2
fd01aa
00c824
042278
09b1dc
0ec536
10c69e
102806
0cb4f6
094044
0b881e
11fde2
15bce6
159b0e
13f294
127084
14cf3a
1a988a
1c4a56
18d630
15f146
126bb0
0bf9f0
07dcec
07993a
06b8b4
05de54
0772d4
09dd2e
0c73c6
0ecdb6
0fc572
13033a
1aaba2
1fbc84
1e1890
1bb328
1c64b4
1ddc8c
1f1ab8
2034ba
2004f6
1eff52
1e8e6c
1efd10
20e010
242c46
262cf8
249778
204f5a
1b2ad8
162fae
11f7f0
0ddd62
081002
00c33c
fad5d2
f79ef2
f5cc0e
f55bd8
f7980a
fac8f4
fc26a6
fceaec
ff6b56
027c14
0402ec
03c158
01d9ca
fea856
fb6a84
f97256
f8f6f2
f81dc6
f55102
f351a8
f55048
f89b4e
f932ca
f721fe
f34e1c
eeb71a
eb9176
e98a92
e690c8
e3008e
df79d8
dc342a
daeff4
db6b38
db7d8c
dbf16e
dd5538
de31f0
df9dec
e1a5b4
e0ff12
df18c2
e010c8
e1ac84
e09c5e
de7a9c
dceed2
dc2914
dc08be
db2cf0
da4062
dbdb02
de4d4a
de0ec4
db97f2
d88ea4
d54136
d27124
d0bf36
cf935c
cd4dec
c82b94
c105dc
bbb1aa
bc07c4
c3b698
d059f6
dd420a
e8b174
f1dd62
f6f322
fc0c26
06e78c
12569a
16a008
15edce
133430
0d1164
07632e
0921f0
11e46a
1af0d4
1f632c
206fe0
213cb8
20f388
1fa382
2186e2
249e7c
20e4c0
16d554
0da8c0
073c34
027fea
00f670
039046
08fe14
0eb9ee
12536c
145d64
1744d0
1b228c
1ea1c8
20cc1a
1fc6e6
1a5ace
13982a
10d042
1263e0
1323f6
116020
112a98
12da34
126c94
10a1d2
10ec1a
11f6fe
106852
0b8360
047606
fced44
f5744c
ee7aa6
ea7012
e96206
e744c0
e4125e
e45b72
e8db9e
ef2cae
f63b1e
fc17e6
ff0c40
013f3e
05324a
0a2fbe
0ea4c0
116f42
116018
0ef9f0
0d780c
0fb0aa
13ee4a
161ae2
165414
17cc5a
1986a2
188ee0
175e24
197812
1b7250
18870e
12c8ae
0e3666
0a73ea
07097c
05d9bc
06a6f2
07f368
0a7f4e
0da0f4
0eba4a
0fba50
14bdc8
1b0e82
1cd4f2
1b7ba0
1cea8a
20b69e
20f7be
1d4464
1bca20
1e7844
208f6c
2049e4
211d6c
23985e
24014c
21a542
201766
1fd2c0
1d1f48
17a09e
12982c
0d9e8e
06b9b6
006dda
fd052c
fa6162
f772e4
f62738
f767de
fa4966
fd478a
ff62d4
00e096
013580
ffa7fc
fe7430
fe9642
fcc9c0
f8d88e
f6b39e
f62a2c
f49b4c
f3cea2
f629b8
f97f2c
fa6266
f81cee
f415b4
efdf7e
eca7d0
eb329e
ea9a20
e8abd2
e4d822
e038b6
dbcaa0
d9a91e
db8f30
deb3de
df037c
dcf510
db629c
db3dd8
dc4a4e
de6fe8
e07f04
e0671a
de5476
dc757e
daae00
d82196
d7c5b0
dac188
dc1fce
da5baa
d9c41a
da127a
d84042
d708e6
d8adc0
d977e0
d6dd44
d21d58
cd0ea8
c9c69c
c7463a
c1a5f0
bbd978
be550c
c94790
d5ba4e
e0cb46
ea4cf6
f18966
f9177a
031b7e
0bc0da
0ff6d4
11514a
10009c
0b65ea
06ba2a
06016e
0acc98
13858c
1aa90c
1d4e38
1f6d28
225650
22d898
231280
251b86
230826
1ace58
124a80
0af5fc
047338
030562
05c1d2
074fbe
0a1674
10e4e2
1618d6
17663c
198708
1cf85c
1e7936
1cf45e
17d848
113818
0e68ca
0f13a4
0e89e6
0db200
0e8c5c
0e988a
0e8b72
11633c
140126
136ac0
117780
0cbd9a
03b7e8
fbba90
f70f12
f1dc10
ed09ca
eb02c2
e8a2bc
e5d546
e72646
ec7338
f27d4a
f775c2
fa0c56
fbf1e8
ffa044
02c6d0
0506ac
0a8914
113010
12dc28
1086c6
0e4a84
0dd8e8
10c508
15c764
1869fa
1830f6
17dbe0
187fe6
1a47b4
1c400e
1c7010
1ac0be
17b4b2
13a69c
10c3b0
0f23fe
0bdfd4
08a88c
09d7a8
0dbe06
101a4e
10a0bc
112550
1363c0
17a5e4
1bcbfe
1e8352
1f9cb6
1dcce8
1a8c4e
19bd42
1a1122
18b5a2
184498
19afd8
19c994
19d554
1c3578
1d991a
1cdf1c
1d22dc
1c3110
166086
0f2ec6
0a1460
04ef1c
febc22
f957e4
f59742
f36588
f23c4e
f205ea
f441a2
f81b98
fa3cc0
fb27d0
fcddc4
fd2cb4
fb16c4
f972b2
f89b3e
f70aae
f532da
f369b0
f224a8
f281de
f3423e
f370fe
f4c484
f605b2
f44254
f11d60
eea6dc
ebf440
e9c528
e877c8
e5357e
e050e2
ddad60
dd94dc
dde5f2
de5d68
ded6d6
deda6c
df3b24
e0476a
e0db06
e0a4e2
e09908
e117a0
e144ea
dfe928
dcb108
d98092
d93e7c
db57ee
dc47f8
dc4310
dd99d6
ddebb0
db8718
da9446
dbb110
da3f04
d736e0
d6849a
d5c77e
d1b4a6
cbd7b8
c63526
c22132
c25f04
c9590a
d61d10
e3a058
edc5b6
f63d4e
fee2c8
067c10
0e99b4
17307c
193d20
145a90
1123f4
0fd75c
0cb1d6
0dff3a
16b348
1e03f8
2049fc
21e322
23ebde
268528
29ee6a
29ff36
24dc3a
1da43a
1500ca
0c4518
081672
0779a4
068620
074088
0abe0a
0e84ea
145796
1c5dc6
206406
1fe08e
1f71ba
1d9af8
19599c
172d66
161b8a
120fac
0e0a02
0cb412
0bbb6e
0bd818
0e26bc
0f5a4c
0f4812
1099c2
10a9b4
0bed7c
0411e8
fc3ae8
f68c0e
f2e9a4
ee5caa
e92d14
e712f4
e6a4a4
e52f0a
e69ad8
ed0126
f33218
f6646a
f870f2
fa58a4
fde906
04a1da
0aee44
0de0e2
0fb61c
10f0bc
102084
0ffb86
12f5ba
165e92
182244
18f5a6
191c14
19a71e
1be070
1d978a
1c692c
197df2
15f4ee
11ed4a
0ecb76
0d08c8
0b7e9c
0a3ca0
0a075a
0b4a0e
0e1e2c
108f34
112454
12af66
16be66
1a2980
1bc8fe
1cc228
1bedec
1a058e
1a2e30
1b12da
1a8f34
1b2278
1d115a
1d0884
1bfec2
1d18d4
1f2876
1f9582
1e01c4
1b1ff4
1728ae
112d7e
0984dc
03769c
ffff1e
fc24a8
f7abdc
f50532
f3b438
f2f926
f4425e
f712b4
f96aca
fb11d2
fbf81a
fb7d4a
f9fc46
f81ff6
f68ce8
f57b92
f3c378
f176bc
f0a338
f13718
f213c6
f41330
f619f8
f52ae4
f24182
efb328
ed0548
ead8dc
ea3eba
e89928
e42bda
df18be
dafdc8
d8e928
da3280
dcec10
ddebaa
dd6da4
dd28be
de31ca
e06970
e10904
deede4
de04b2
dfa408
df78a6
dc8be4
daef3c
dc346e
de7a2e
e00890
e01646
def5ba
ddd62a
dd4418
dd45f4
dd980c
dd311a
db90c4
d9a418
d7cf30
d4c296
d0110e
cbc344
c911f8
c7004a
c6b38c
cb7780
d5c88a
e472b8
f58a62
020116
04f498
06ba72
0fe74e
19f0b8
1c2c12
1924c4
156cfa
11479a
0e340c
0f42bc
150eba
1cc456
225438
250f5e
275d56
29259e
291140
27f3e6
24cb7a
1d898c
14da64
0dc316
0796f4
03c35c
048a64
06f2f2
08c6e6
0cf59e
13b740
19010c
1b9b0e
1cb634
1c830c
1b8152
19d542
160686
10752a
0c026a
09c64a
0867ca
0727ba
071fc2
09a79c
0d4670
0ed248
0f0076
0fbc1e
0c8eb8
01c296
f62a64
efdff2
eaa890
e425e2
e0ace0
df75c4
dc4ee0
da1506
dde752
e737d2
f1a010
f81eaa
f96a3c
fa10f0
fd816e
02d67c
092d7a
0e3ef8
0ebf4e
0d3282
0d8a92
0e35d0
0f30a6
13bd3c
19b012
1c9b36
1d059e
1ccab4
1ca4e0
1cdbfa
1c11f0
1a161e
17d6a2
133be6
0d1782
0acaf2
0ab6e0
086dbc
08cc5c
0e6326
11a842
10fb0e
123afa
158e0e
18fbfc
1d22fc
1f7acc
1de380
1b2320
190cee
1847e0
1a4ee2
1cd0da
1ce05c
1c8618
1ce278
1cf0ce
1ec658
2264f4
22e94c
1f78b2
1b5c6e
16486e
0f0ddc
07d46e
021876
fce37e
f7fb8c
f4cadc
f459ac
f51ca6
f4bd72
f44e6c
f64616
f9611a
fb21ea
fbe4de
fc187e
faad8a
f7df16
f4db02
f24658
f165ca
f2ad7a
f3ebb8
f3c356
f3c2aa
f4f15e
f6636e
f6ad7a
f4b5a4
f19f86
effee4
eeb124
eae26e
e64056
e31bf4
e025e4
dda56a
ddd8e6
dfdb5a
e2080e
e37ed8
e1d8aa
de4fb6
deb3b2
e3004c
e58608
e4b2ee
e209ae
de8a62
dca910
dd738a
df0fee
e0f12e
e24936
e170ec
e11470
e34f80
e4300a
e2bb7c
e27226
e19f48
de18da
dbe142
dbb266
d951e0
d51806
d0d376
cae11a
c537f2
c5a4ee
cdb5ba
dad66a
e9518e
f4b1ca
fbdf98
020fc8
0934be
112bbc
190b22
1d08ec
1a6d24
14cba0
0fdc34
0c52c4
0e7132
18d662
22bf1e
2465fe
23a8ea
26a528
29eeae
2b79e6
2cb1a2
2a4316
2127a8
155024
0b87fc
056a22
037950
04a8ce
06dd76
08bd32
09fa64
0d03d2
141054
1a682a
1add26
18c6d4
174612
13a32c
0f0a20
0d376e
0b6768
072d02
0446f4
04b1fe
072718
0aac6e
0cc2bc
0ca3fe
0d4c18
0cbe6e
062726
fd4ff4
f7984c
f1f6dc
ea5bb4
e442ee
dfefc6
db9394
d96ede
dbd47c
e194d6
e7e412
ec6982
efdce6
f44644
f879ac
fc1752
01d314
07d2c4
09e512
0a623c
0bb868
0b8792
0c4554
1287a6
197b6c
1b40cc
1b246a
1c70b6
1d4876
1d6654
1dfaba
1dee7a
1bc1ae
16ffc8
1141b6
0dd8be
0c9c74
0a9d44
093890
0abdda
0c8e9c
0d5e0e
0f6b74
11de5c
134748
15bd3c
18adee
192076
18f11a
1a728a
1b19e4
19f7c4
199e7e
1a8a32
1c00a0
1df9c4
1f3db8
1f6c0e
206a16
224aa0
2311f0
21afe6
1dc4e8
17e258
116fce
0a72e6
033ba0
fd9e84
f92ad0
f4b4e0
f286ee
f3779c
f47e8e
f50b62
f6c2f4
f8f5aa
fb2772
fd9cb2
fe7256
fc9704
f9a85c
f6e048
f51498
f4ae9e
f42e3e
f36540
f4242e
f5bc4e
f6e19c
f88272
f9cc50
f8cb9e
f697c8
f3f702
efeaae
ebed82
e9512e
e5d3ba
e0b276
dcf72a
dca348
dea8a8
e0aefe
e16a14
e1b7b8
e1ec76
e0da0e
dfb978
e117c8
e36366
e33e90
e0d47e
de2428
dc8932
dd5c5e
e06f40
e2da9c
e27b90
e09678
dfbbe2
e0ab4c
e1df0c
e1c1c0
e0b1ee
dfe3b4
defa24
dc87a8
d867e0
d3f566
d02e9a
cce4c2
c9a096
c6f27c
c741c0
cdd22c
db327c
ea9b9c
f5c436
fbdf38
013342
083754
0fc6f4
15cad2
17aac4
14d490
1128dc
0f4f84
0e00a0
0ee904
15553c
1df0ea
23a398
26c522
282a16
27854a
26e1ce
2643d8
2228fa
19be06
0f0170
04db2a
ffbf22
ffddae
ffe640
ff46e4
021624
08034e
0e827c
141a7a
16104a
14d478
14a79c
146228
1042c0
0b2014
087bc2
06697a
0392ba
0160ae
0172b0
056a16
0b96be
0f0b9a
0f1620
0e0a08
0a597c
02dff4
faf576
f48b96
eee622
ea1020
e52fc6
df9a86
dc295c
dcb6a4
dfadd8
e515e8
ecebf8
f3516e
f66be0
f911d2
fcf874
0214ca
080904
0c6f86
0e46b0
0f95e2
0fd68c
0e80d6
105d78
174d9e
1e2934
224752
24c3c2
2541e0
2495fa
246aac
2384ee
2185ac
1f346e
1ab468
147fe8
109092
0ea3f8
0c9136
0c0594
0df9b2
1118f6
149a72
16836a
167542
188012
1cd2e8
1e80bc
1d825c
1d5482
1de1b4
1de85e
1d025c
1b4dd0
1b619c
1e6f8c
210d82
21e6fc
23185c
241e82
23b43c
225f36
1f0b68
191e62
131af0
0dbb4e
0764c0
009da8
faa30e
f58b9c
f25892
f1c942
f2c332
f444b6
f59476
f60fae
f69b0a
f7b880
f7d34e
f6c8f0
f64d08
f5a2c6
f3554a
f128c0
f0e0e8
f16098
f209e8
f3bcbe
f615a0
f7b98e
f834da
f7abf2
f62f98
f381ae
ef9220
ebc60a
e942e8
e69ace
e28fa8
dec402
dd324e
de05d8
e040c0
e27a92
e3f79a
e4d77e
e4ea44
e4ab14
e51132
e543bc
e478ac
e366f8
e14a16
de45ee
de600e
e25fe0
e58860
e60108
e578d8
e4851e
e44814
e53782
e51470
e41a5e
e3d160
e17384
dbf404
d75d58
d4ad18
d1c5c0
ce7cfe
c9e7ce
c41c0e
c29c7c
c94ff8
d6198c
e60b60
f4d55c
fd1678
00b8fe
0644a2
0df9d4
146e56
18dce2
1a233e
167a68
0ffe4c
0b8b76
0d4282
16236c
212efe
277198
289b5a
28e3ea
29bca4
2af378
2b9816
27ba1c
1e5bd4
146444
0b417a
01a2e6
fcb314
ff342a
01574e
00018a
021604
08a0a0
0e6c8a
1309ac
16da02
17223e
13a8f0
0e9726
09f78c
07ae16
062728
02dc1c
0062c6
0123ac
038fe6
07e74c
0db688
10c5ca
10b9f6
0eff28
07d5b6
fbc8f4
f2fd58
ef1d2a
eabb9c
e47850
de5f9a
da187e
d913cc
dad104
df45a0
e7ec62
f0f494
f5262e
f7d614
fcf370
01ae06
05fcb6
0c68ee
112d94
10f052
0f2b24
0f20be
121a40
190338
205a52
23a414
24124c
243006
24548e
24d804
246aa8
214ae0
1d3e12
1914b2
135f88
0ea2cc
0d41a8
0c45a8
0b704c
0e2ee6
12a5d2
153722
170702
196904
1c0972
1edf6a
201344
1ecdd8
1e32a4
1f036c
1eeab2
1ea6c0
1f51d8
1fc57a
20ea52
2383a6
256e16
26de6a
28f282
28f32c
25ed1c
22a124
1edbd6
18f71c
127464
0c44ec
0539b8
fd59ac
f621be
f1c42c
f1c9de
f3e894
f4b23c
f4a464
f587ce
f6eb0a
f840e4
f9a646
fa62b4
f98d08
f70e56
f3ee5c
f1f6fa
f1c4d8
f24cf8
f2d5ca
f35f7c
f3f25e
f4b7ec
f5924c
f6192e
f5f814
f42f7a
eff990
eae294
e6c048
e3225a
df7cf6
dcc6cc
db8566
db5414
dc21b2
ddc514
df7110
e0b7a6
e21400
e36dc2
e35ab8
e18ec8
dfd4c4
dec362
dd4cd6
dc4d78
dd482e
deefe4
df9cc8
dfb016
df965c
dfeb26
e1b938
e381dc
e2ea06
e12762
dfdc1a
dd62f6
d90734
d50b7c
d28492
d07684
cdbc4c
c97048
c4ee12
c533c4
ce1a66
dd6c10
ecf52e
f7f968
fe9074
03e90e
09d338
103c2c
16fb1e
1bfb82
1be1f2
179dac
135c54
1169dc
13fc46
1cb882
273f4a
2dcffe
303282
2f185a
2bc342
2bcc44
2ef9ca
2bb9e0
205934
14ce34
0b0172
021caa
fe948c
00ae5a
03ab52
06cf34
09aff0
0b9834
10f3ae
19878c
1d1daa
1acc7e
1754d6
117116
09f8ec
06c9b6
06ee2c
065e72
05cf16
053e3c
05b4ec
0b1ec0
122770
145e7e
1365c6
101d76
0736ec
fc38d4
f418a6
ed7488
e8d996
e6bad8
e1bc06
da8e9a
d90be6
dde82e
e56264
ee7084
f5d0ea
f92372
fbc6ac
ff68a2
037952
09b6d0
108350
13956a
13d6f6
1341b6
12878e
1624f8
1f8b30
27f832
2b9db0
2c9d44
2b7ada
291528
28238a
27c686
254d2e
201bf0
18bcb6
121754
0f31ba
0e3aaa
0de760
108da6
143b58
150168
1563b0
17d6e8
19db52
1b5f58
1d88a0
1db294
1ba0be
1b2682
1d2c6e
1fc3d0
21414e
20f31e
21961c
25910e
294eb8
2a5018
2b5546
2bd8a6
291284
24ea6c
206202
1992c2
12a6c4
0dbec0
07fdb6
00b438
fa7124
f5c648
f370b0
f3d098
f3e48e
f2e0f6
f310d2
f3797e
f33104
f448d0
f5675a
f4127c
f2adc0
f23af8
f002b2
ed43b0
ed845c
efe244
f1a50c
f24592
f2e24a
f47294
f587bc
f404e4
f14908
ef1f54
ebdcce
e6ae9a
e1a930
dd96e4
da015e
d7c74c
d791e4
d8c2f2
daca9a
dcae6c
dce884
dc060c
dc9c22
de9d6e
deee66
dd188a
dbc7d6
dbb208
dc0dd6
dd3612
de4618
de2430
deeb6c
e1d394
e48b96
e63ffa
e7b180
e816e8
e7a408
e6da94
e386cc
ddd182
d9da74
d8005e
d4991c
ce920e
c7747c
c195f8
bffbe6
c4493a
cf5096
e14064
f44c54
ff92ca
02bbe6
04f500
0aaa6c
13c8e2
1cdc52
1fd138
1b2102
142e1c
0f7a80
0fa1de
181c9e
267b1c
31870a
350926
33dd7c
310978
2ffb56
329d74
33a638
2d9770
21fce0
132386
03d4f2
fc4822
ff8e08
051ca8
0729bc
08c0b0
0c0640
10d0c2
17102a
1bcd54
1cb7b8
1b5eb4
16f34a
0db9f2
04a564
01c10e
03e776
060590
0501de
034920
06978a
0e2880
132c36
14bc76
14d42c
0ec9c8
00c5d2
f313c8
eb5fb6
e68e5a
e1850c
dc606e
d79354
d3b0ec
d1fc1c
d540ac
df846a
ebc5fe
f1d36e
f1a1e2
f1dbec
f6c4fc
008c3c
0b36e0
107cfe
1032a2
100e4c
117912
12dec4
173c32
20e174
2a9d3c
2ded1c
2baf96
2a6e0c
2c6886
2c46ae
275f4c
22270e
1db130
163db6
0e13c6
0adca2
0b82ce
0c0642
0bfc1e
0c9890
0eeb7a
12ab9e
15605e
16d3c2
196ea2
1c0caa
1bbcba
19a382
1889d4
197ea8
1c2cc2
1e913c
1fd6c0
225ef6
260b36
279016
27ac10
292194
29de6a
2717a6
223992
1cb806
15c9fa
0daf5a
0696c0
01a94e
fd119c
f6afd0
f034aa
ed14cc
ed7302
ef1322
f08b7c
f14e2a
f1c6b6
f32976
f4dcb8
f4aa50
f29256
f1552a
f27320
f3fff2
f40c9a
f427b8
f5dace
f71cfe
f70b90
f855e6
faaa74
f9c23c
f589f0
f25d2e
f0f9c4
edf230
e83f70
e28236
de252e
d9ed90
d621d2
d53d82
d6f590
d849b0
d8e826
da995a
dd2fba
df67b6
e0729e
e001e8
df43d8
df789e
dfb0f4
df3b30
dee43a
df1852
e0a1e6
e3f120
e6bc18
e818be
ea68d4
ece2aa
ecad6c
eb8224
eaca24
e6d98c
de8672
d66a04
d1e916
cf7208
cb4040
c47bc6
bf166e
bf1518
c66e86
d6aa36
ebeb32
fc3ed6
031468
04213e
04550c
091812
143eee
1deb4c
1f291c
1ab732
143a9a
0f2988
137aa8
228f24
32681c
3b05d4
3b1318
34e088
2fdfac
3179a4
34bf94
32c88e
29f3d6
1af84a
0a5fd8
ffefb6
fe3698
020b32
07d09a
0bbc3e
0c8414
0e0a1c
130782
194c6a
1e77ee
210368
1e6722
169460
0decc4
08ace8
0774ea
08d2f8
0b3fb8
0d73e4
0ef09a
10a92a
138dec
16b428
17f9d4
153524
0cddce
fff72e
f2a644
e8efbc
e3be3c
e0ea46
dd35f0
d75d3a
d256bc
d312fc
db0d16
e60ef6
ee4c36
f1bb4c
f2c23c
f53b9e
fb6592
03e8ac
0ae9f0
0daf58
0ca56a
0b01d0
0d0c00
14654a
1e3d7a
26dc20
2c2584
2d23f6
2b7634
2a9e86
2ab104
2883f6
231062
1b6bcc
12a978
0b570e
079dc0
05c19c
03e9a8
03d718
06ada0
0a6c08
0d58c6
0fa7f4
12475c
15b3a8
188914
18e24c
17adc0
16f45a
16be84
17473a
19fab6
1e56e2
225810
254e7a
276ece
290108
2a5312
2ac080
297194
260aca
1f723c
15ca62
0c9e7e
063e06
00ceb0
fafe92
f5dcfe
f1b9ac
ee1f6c
ebbe08
ebe200
ee967a
f1aeca
f2d5ca
f256b8
f1ada8
f104b6
f07f48
f1053c
f29686
f3e69c
f3a116
f20906
f12dfa
f25ef2
f4dedc
f7912a
f96974
f96a00
f7b30a
f496ea
f027ac
ebf206
e9227c
e627aa
e16a54
db5606
d59ff8
d2f16a
d42dd0
d6c442
d8b7f2
d9facc
da24be
d9f0f2
db2a30
dd1a6a
de38ac
def168
dfbcc2
e0a8b4
e160f2
e0a392
dffb84
e33b18
e8a9de
eb15e4
eb3114
ecd0ce
ef4bc8
ef871c
ecabb6
e8138a
e33762
de49b4
d8e102
d32102
cd2f3a
c6f43e
c0a7e2
bc3f0e
bf14da
cd5606
e28358
f4dab6
ff43a4
036448
05e65c
0b1d5e
14476e
1e9ece
24221e
1fe76a
159034
0f1cf0
123960
1d8da0
2b727a
34662e
36dbbc
371236
34ff72
313afa
3242a2
353616
2e4136
1df91e
0dd9c4
0179c0
fb7c94
fd0f88
fffb00
01aad0
0574ba
096990
0c2ad0
11ebc0
196406
1d5f52
1cacd2
164a22
0c4fcc
06810c
058848
043042
049d90
087776
0a45f8
0aaa74
0f7656
15cde2
16feb0
125c5c
0a266c
002ab8
f579ca
e9e24e
df53ba
d94ca6
d6370e
d1b6a2
cd1a70
cd629a
d418c0
de720e
e7bd14
ec9d2a
ef0662
f351c6
f903aa
fd2dca
010686
05c448
0806ca
07406c
0922cc
10a23c
1a1a18
21a37e
26cd08
2a7bf4
2c4eb4
2b77ba
29a328
2845d8
2457ce
1b7cf0
11797e
0ac9b0
07df1e
06fdfa
05e022
046aae
05b95c
09f5ec
0d12c4
0e945e
11e3f2
172238
1a7a48
19a5e8
178192
1842e8
1a3960
198f9a
19de4c
1fb80e
26726c
28c846
29a9e6
2c5e26
2f0c04
2f9068
2dc352
2a4064
255e0a
1e0008
140186
0aa7aa
046648
ffcc70
fb59c8
f79df4
f533ae
f3d704
f267de
f02812
ef26da
f19bfe
f5071c
f58dba
f3f4e4
f30e82
f30b10
f3375e
f41806
f5d6c6
f742b4
f73824
f681b4
f74828
f98c26
fb004a
fb07c8
fa30fa
f7513e
f20c5e
ec4ab8
e715a0
e2c620
dfa9ae
dbd592
d69d42
d3c31e
d486ee
d5395a
d5b552
d9241a
dd67f8
dd9650
daa184
d9d1dc
dd038c
e0f7c0
e254b4
e15b7a
e048e8
e0bf92
e327fa
e69ec6
e9eba2
eca176
ee1da0
ee1dcc
ee5a40
efa7ba
efd51e
ed3f6e
e82ecc
e0d332
d8ad5c
d2dfaa
cf73fa
cb22a4
c54c2a
c12bca
c2513a
cc2902
df971c
f50a9e
021e14
06ab56
094bec
0c8cb4
123f16
1baa08
220af4
201cf6
1b1d52
167c8a
1357ba
19dba0
2a0b82
35adee
387f3c
392334
370dc6
32e4e6
32a072
3247d6
2b328c
1ffd7a
1231d0
035362
fb52c4
fa9d1a
fa9838
fcc99c
021df6
055d36
08ec56
10a9d8
1718be
19f6f2
1bab32
18b0fe
109a26
0a72da
07c970
05e092
0590a4
070ae4
09dda4
0eefd6
13a70e
15981a
175f56
17d19c
111d5c
03df34
f5e002
ea29b6
e19692
dba5f8
d63bbe
d09892
cbf4ce
caa0f2
cfa5dc
d9e51e
e340e4
e91a8a
ee602c
f48abc
fa9ca6
ffe300
0321f8
046c02
0689a0
09ae0a
0b8816
0e93a0
16c266
208056
26419e
29ad3c
2e2b2c
31f1d2
31dfd2
2d86de
262d46
1d941e
14c3fe
0c25d4
053364
00f188
feaf30
fe8b1c
00fb10
046bd6
07a678
0b2400
0ed1a2
12e276
177dce
19c3fc
179208
145728
13e146
158e7e
181a1a
1bfa30
20f6e4
2572ee
286ff8
2b0a84
2e59ca
30851a
2f7b42
2c49a0
2787b4
1f8252
14d6d8
0a9de2
025c6a
fc6058
f88134
f51a58
f1ba3e
f00dba
efac60
ee904c
edce1e
ef9f12
f2ba0a
f45354
f3c688
f23b70
f1955e
f2fa46
f50810
f61eaa
f740b0
f8f1d8
f9718c
f95f24
fb712a
fe38aa
fe1b0e
fbab80
f8e898
f5208c
efe690
ea4c82
e4b35a
df71a6
daf0e8
d6a4b2
d385d2
d3cae0
d5d49a
d63e52
d64958
d8bcbc
dbce86
dcad18
dc996e
ddf1a8
e020ca
e138e6
e0fadc
e0bb7e
e19cd8
e3a3ae
e5e520
e809ae
eb4bc4
efdcc6
f2c1f8
f23ba6
f0fd8e
f0b36c
eec340
e9cad8
e379d6
dc3054
d34542
ca2e64
c2f9b2
be7ab4
bd771c
c175c6
cc69e0
de6738
f228e8
ffd10e
050d2c
070b30
0bfa18
1487fe
1bb0fe
1d73c0
1b6e4e
182f24
145ecc
13e7c6
1be798
29a8f4
355338
3ab272
394de4
33cd8e
3053c4
302960
2cf782
242910
1918f8
0c3e52
fecec2
f7f0a0
f9a0ce
fccd48
fe3506
012a9a
065734
0b9c8c
106f72
14ed5e
1912c6
1b3f98
1768f2
0e1360
06ae3c
04f4da
0559d8
05a3ca
0731f6
0af128
1049e0
1496fc
15a2ea
159336
14fbae
0e76e6
00e468
f333c2
e8ec16
dfe9cc
d875f6
d3ef8a
d08584
cd23ae
cc3a02
d07ed4
d9abe2
e40b2a
ebe73e
f16ef6
f6e6c0
fc8678
00c5ca
033156
056920
08a2ec
0b60d8
0d0384
10b2ea
17e8ee
1f1e74
23f9ac
2837ac
2c58f8
2d6c18
29b8ec
23f1f2
1f483c
1a06ea
111516
06ced8
ffa724
fbdc82
fa83dc
fc4110
0055f4
0537ac
0a328a
0e056a
110e52
161562
1c4ae4
1f6e26
1edc24
1ced02
1af90a
1a83a8
1cb7fa
20c21c
25df7c
2af2c4
2d928a
2e3db8
2fc3ca
3155e8
3063da
2cf81e
27324a
1eef66
1636cc
0e53f0
069be0
ff9d86
fa365e
f65cdc
f50bca
f5dcf4
f56ed0
f35b54
f35aea
f697ec
fa4772
fb7d9c
f99bbc
f79284
f86d24
fa3e4a
fa5bbe
faa022
fc433c
fcfe9a
fcc424
fe04a4
008e2a
0219a4
013506
fdaa8e
f8bbae
f3bde4
ee59ae
e8514e
e2ad0a
ddd7d4
d999e0
d61000
d3651c
d25244
d344a4
d463dc
d4cf24
d6db9c
da83ec
dc4f06
dc862e
de8df0
e1c0dc
e3083a
e2483e
e190ae
e262e4
e49d5a
e6d922
e8e92e
ebccc8
ee6d98
ee9c7c
ecb932
eb2aee
eb3d8e
ea6644
e430a4
d9d540
d1671c
cb3f8e
c37796
bc0150
b9ca78
bf1a56
cd5a22
e11a76
f17672
fc194e
046668
08f680
0b39de
130920
1dba6c
200016
1a3ad6
14a240
123440
159078
20953e
2cd24c
343142
3787dc
36688a
31116e
2e63fc
3010a2
2d35de
21d212
13f184
082ca6
fea3e8
f8947a
f839a2
fcf480
023c88
0409e6
0496e0
08aaa8
0fd34a
1674c8
1a5a4a
19a23a
14860c
0e5ce8
083030
025502
014c16
05cc2c
097410
0b3ef8
101aec
1635ba
17ea4a
15e7e6
12e0dc
0d603c
032d28
f5898a
e966d2
e27448
ddb400
d6b30c
cf8416
ccdd4c
cf989e
d59228
dc411a
e2d3f2
ea2216
f0bbf6
f4aa94
f8e79a
001022
05ec54
066a26
04564c
053de6
0b5000
131e2e
185dc6
1cf27a
23bc8a
289b7a
287f46
27d0e6
2868d6
25ff30
1f007e
162538
0e25e6
086e6c
03b47e
febe98
fcdaac
0008e6
03f2fa
05e3a2
08e17e
0eaae8
14d6a8
1889ba
19e1d0
1c0e42
1f4ea2
1edbfe
1ae2ac
1aa884
1fa6fc
23a9ea
24bb62
265c7e
29facc
2e3252
316a70
328f7a
314be4
2ccca0
248f42
1b9c50
15be88
11b91c
0b8058
02cd04
fb7e78
f86edc
f7ec2c
f6d3c8
f58edc
f61186
f6f0fc
f6085e
f5297a
f69a00
f83044
f704da
f4f974
f5bd28
f87e54
f9acfc
f9276a
f9501e
fa37ba
faa09a
fb3420
fc7878
fc3b12
f88784
f2e792
ee416a
eb106e
e79b66
e28a16
dcc8ce
d8cf68
d720ae
d554d0
d2771c
d0a8fa
d0fb3c
d22bd4
d38f04
d5d33c
d98352
dd4670
de5418
dcd65e
dc3924
dda98c
e01e28
e3124a
e41632
e1aac0
e05b5e
e3338a
e6e824
e9ed7c
ec0966
e9ef64
e55468
e3d83c
e29c6e
dcf4a6
d6c76e
d1eb18
ca2766
c0c962
bbd40a
be9dee
cb3e34
dfcc6a
f32732
fe2d22
022440
0459e6
0a0396
1464fa
1e53b2
226d00
20488e
1a1426
13b5cc
12b164
19ec7c
271568
33ebb6
399bfa
367104
2f97e2
2b9534
2c478e
2d5210
282d7e
1bc4fe
0d6dcc
021d56
fba196
fa5d80
fd5f92
02a4cc
079b80
09f1d4
0b4a68
100486
175a74
1c2608
1c4f84
186548
1179cc
0ad3e2
06d81a
049dee
0433d2
06b142
0abf3e
0edaa6
12bed2
14fbac
13f3da
0f8e58
0856c2
ff32b4
f4aedc
e9994c
e16554
de2ef8
dbd822
d69274
d1a980
d21062
d81150
dffdc6
e5f5f6
e9bc94
edcc32
f2716c
f677b0
facc70
00bbe2
06d72e
09e248
093532
098f66
0ee498
16276e
1bfb3e
2175ca
256308
2523f0
23452c
22585c
208f42
1ce54e
175c1e
0fd31a
090f8e
051110
025724
01c516
04b5ee
07a234
08f0b8
0b8de0
0f7314
133fde
17ff58
1c3cbc
1d6588
1d4ca8
1ddcb8
1e70cc
1fb424
2276b2
258032
27f362
299058
2acd52
2d59cc
301ce0
2fb074
2cad04
2911c4
235c80
1bfbb8
167000
122944
0ca07e
06eaa2
0233c2
fe52ac
fcc556
fd8694
fd9dc4
fcb4c0
fcb364
fce64a
fbf904
fadc40
fa7b1a
fa7674
fa1c00
f946fe
f9305e
faaea8
fc68f0
fd5dc0
fde044
fd5766
fb9bee
fa5866
f98110
f7120a
f2a4d4
ed2586
e798c2
e344a4
dfdaca
dc3020
d9b2ae
d98f54
d906dc
d6295e
d33b3e
d24ffe
d2c870
d38418
d43d2c
d58b24
d7b398
d90526
d86050
d8291e
da6d56
dd3548
dedb82
e114ee
e4317e
e510d6
e29380
e03e00
e1408c
e3d04a
e3c1bc
e0960a
dd57aa
da9ece
d6102a
cff630
cbb27a
c9f6a0
c6aaf4
bfcf8e
bce800
c77e20
db7d90
ec1980
f5f61c
fcda8c
00b9c4
0368fc
0a2a62
13c3c6
1b8cd0
1f4e0c
1b3a24
11de34
1157ec
1d96d2
298ac6
2fd6cc
352b62
35ea62
2e8e18
27d80c
27be24
28cbf4
255aec
1b99e6
0d2362
01c6d6
fedf2e
ff5ec2
ffce36
04bd9e
0ce8b2
0fd9bc
0e6230
120ab0
1c0e8e
233302
217226
1b0fbe
165fb6
119484
09448c
041668
0892c0
0fbbf8
1183fa
110f92
12bec6
15bb1a
17affa
14bb80
0bb100
01a8cc
f8293a
ec1ccc
e1ff14
e031ca
e17d76
ddf892
d897a4
d93720
e06992
e761cc
eabbe8
eeabfa
f4bf6e
f7ee0e
f77124
f944da
000a20
06e874
078f76
031c5e
026f7e
090ca6
10b1c0
164872
1c5908
218afc
22ba42
2009e0
1ad47e
169e06
15e884
135978
0afe9e
03b460
025114
01dca8
001334
014f30
063b08
0a12d4
0ae04c
0c45c6
10b49c
14d45e
162d22
179054
19c774
19e6f2
191a68
1aad16
1dac1a
20d9aa
244170
254cf4
23fb16
25c070
2a4cd0
2a60b8
25d384
229db2
1faf3a
18b9be
10e74a
0d2606
0b497a
0708f8
018c64
ff09fc
0069ba
02a29c
03302a
02350c
01049a
00ce68
00e6c2
fef1aa
fb50e8
f967b2
f97430
f8cb52
f7b8f8
f8402e
f9debc
fad1e6
fab626
fa8574
faaf62
f9e0da
f76cde
f47d7a
f0dc48
eb8bc6
e643c4
e2ce38
e05d04
de2f44
dc5352
dabc8e
d9e476
d9dc2a
da15b0
daadcc
dac5b6
d8c432
d59f4c
d3690a
d336e2
d5b2b4
d9111a
da5e06
dad94e
dc646a
dcc2da
db8116
dc009a
df4f4e
e3443c
e4d812
e21c0a
ddc738
dbe5c6
db3e70
d9437c
d6c764
d44038
d0b48a
cbccb0
c5bd34
c10036
c1b378
c94bd8
d722a8
e81116
f3e7cc
f6b412
f836d0
ff0ace
079e7e
0dd212
11f2e8
144122
14985a
13031c
10e29a
141702
1fc3fc
2b9c68
2f9cf8
2f9b88
2fbc1a
2d6038
29d60e
299116
29a648
24b7d2
1aee82
0f2f1c
05f196
034a78
051254
083154
0e4418
155636
18b0a4
1b80cc
21dce8
27e7d0
29e3e6
273f56
1f8556
16be38
115624
0ccc94
09300a
0c4f7a
142426
186306
18377e
187510
1a3398
1962c2
122820
073940
fe09d4
f5c2e2
ec6980
e61aaa
e4cd18
e395e8
dfcb6a
dd64fa
e0b8e0
e84642
ee6ac2
f1237e
f327a4
f5dd7a
f9380c
fd50d6
00aa7c
02ee1c
050cc8
046ae4
01080e
020664
0913d4
0f8c74
139c36
17da52
1b0fc4
1b571e
190fa0
158650
12d624
10493c
0aaa32
039c44
ff043e
fc9a92
fc5d80
ff6a16
0319ee
05abc4
08ec92
0c33b0
0e8b54
122e20
1612fa
1707f2
176e80
19c518
1ab5dc
193264
19ad8c
1dd3fe
2239ea
23e0fa
23a07c
2497ee
26cb1a
265d72
234ef6
21925c
1f9c40
19d71c
144d1a
12b77a
1071c4
0b3dc2
07a5e4
0693d6
057074
05873c
07f936
09af00
08e806
078008
0691de
05250c
033b9c
029516
02b6d6
00323e
fb0e62
f80e34
f90632
fb01f2
fc2190
fcb19c
fc501c
f9f6e8
f5e9ea
f1f8a0
ef07f4
ebb9ca
e77a62
e3c060
e10c02
de85d4
dc1d38
dab7dc
db61f0
dd13aa
dc6446
d926bc
d78b9e
d8a9f4
d92452
d7a5d8
d680d2
d79720
d8e4c0
d758b6
d587ce
d7eba2
db554e
da8e14
d83bf0
d8c196
db2b20
dce306
dd1884
dce15a
dcbffe
d9c4d4
d39a0c
d0049c
d030b2
ceaeda
ca7132
c6063a
c22648
c0b2fe
c31be4
c96cce
d69cd4
e80a16
f1a5c4
f21862
f59c9e
fe4858
048130
093d30
102ad0
152f98
14b52e
117ffa
1126f2
182f0c
23adfa
2aa4a6
2b3fd8
2b1a20
2a8c00
27197e
247a98
258524
25bd32
20e50e
17a8dc
0db830
085d86
087538
08e990
0991e6
0ee1a0
153476
16e4fe
18f6ec
208adc
281670
290fe2
23f8a0
1d5250
18cf8a
15558c
10fbc6
100948
153206
19dcce
196c0a
184782
199e18
1a38fa
169212
0efa7a
067046
fe4366
f504de
ec2c62
e84002
e8b04a
e789fc
e2b0ac
df1a00
e19106
e7b5c6
ebf708
ee0dce
f18e50
f6b4ac
faad3a
fc6824
fdbe8e
0030c2
019b9c
00145e
ff2fc0
0251dc
07016a
0ade3e
0f0492
13a434
1708b8
16e9f6
127e2a
0de468
0c595a
098484
02c332
fd809c
fc7110
fbe57c
faa0f8
fb5bec
ffae40
054aa2
07a740
07749c
0a956e
107dd6
135ee6
144452
16c20c
183e54
1777ac
1845a0
1b61bc
1e5a9c
20d2fe
22d8e2
23ec10
24b4dc
2524c2
24564e
22c5d4
207634
1c5cda
177e28
13a0ba
10ba00
0ed426
0d9b94
0ad3f6
06d46a
056c9e
06f2c6
083852
08d744
09f898
0a35d0
079d84
031a80
002538
00a916
01dba4
00ddf0
ff25da
fd806a
fa8696
f836b0
f96200
fc408e
fe0356
fd5f60
f9681e
f41404
f072cc
ed9368
ea7b4a
e924a8
e89058
e504fa
df550c
dc41be
dda686
dff7ca
df42a0
dd0350
dc965a
dca536
db282a
da2d2e
daed0e
db3970
d98f6a
d6b240
d4e4bc
d5de5e
d788e6
d737e6
d744a2
da62ac
dd79c0
dd2e10
dbe622
dc67cc
dc1f82
d8902e
d4b2f6
d31338
d1580a
ce40be
cba09c
c9445e
c67b2e
c5f96c
cb1774
d6dd2c
e5dc86
f00104
f2091e
f2a342
f6a2c6
fbd23e
01df76
095762
0d4976
0a802a
05a20a
057570
0d8172
1ae410
24f29e
27965c
270420
252df4
20f848
1eb706
21f5c2
2534a8
22d946
1bf1b0
132ca4
0c22f0
0ac6d8
0d21bc
0f051e
11f318
16e49e
199e60
19d47a
1ce044
23b1a8
288f30
26740c
1f1de8
192dfa
16dd26
14aa02
13b746
18b074
1ff398
21df92
1f766a
1ea612
200598
1f448e
197a26
109bcc
087566
01ab02
fb8d94
f781b0
f5d042
f42016
f12812
edbff6
ebe0a4
ed43ba
f012b0
f0cafc
f0df3e
f41732
f8bbf8
fac1de
fb51a8
fd78da
ff4818
fdf5f4
fcbd2e
000f90
062258
0aeaf4
0e3520
10f148
121e18
10e5b2
0de90e
0a91f6
080132
0536d4
003852
fa5dde
f7d142
f99f70
fbf322
fbfb62
fb83be
fc10f6
fbdc90
fb1454
fd3344
0273b4
06c06a
0821a8
08dd66
0b3f58
0e954c
114ac2
140cda
178e30
1a2a02
1bb474
1e3e0e
210d40
21df18
216786
20dbac
1fb5e6
1d9ab4
1a4440
164e76
147b72
14f150
13abe6
0fe208
0d3abe
0ca538
0bb34a
098c60
075a58
066fae
07046c
06d2f4
03d2d2
00cbc0
015854
02db2c
0164a2
ff60c8
0009ca
00db04
ff8eb0
fe7166
ff3b26
0081cc
0089dc
ff1986
fd27ee
fa9476
f5fdb0
f1083a
ef4cda
f00806
ef1378
ead00a
e5a950
e36e0c
e3f612
e2c152
df7664
de2c66
de117c
dc1b1c
da5516
da6520
da2fb2
d9115a
d7f2ac
d79518
d89218
d8d13a
d72726
d82dd4
ddbe6e
e214c4
e2037e
e066a8
df4f38
de6530
dc40f6
d80bc2
d42254
d2eec8
d2b698
d0cc24
ccc730
c897d2
c753a8
c9a0e6
ce4942
d59bc2
ddc9de
e28198
e49818
e79bc8
ea901e
ec869e
efb13e
f40226
f70234
f75414
f631c0
f88c2e
01a2ea
0cf35a
14eefa
19701c
1b3f2e
19fee6
1727e8
1550cc
157e76
1604d6
147a78
116600
0ea82e
0c4a9c
0ab7c4
0ae94e
0c68c0
0f6138
137a8a
15b0b6
15f500
173c90
186022
17cb2a
17b988
174cbe
13cc2e
10b28e
124082
16bf0a
1baaec
20a54c
24d750
278928
290dfa
291a48
263c1c
1fdd80
187272
12c3e2
0e1664
09c964
07d58c
07296c
041c6c
ffd126
fde652
fd8672
fbead6
f981fc
f87cbe
f8a15c
f7c8e2
f6c6a4
f89cb6
fbefa6
fcb22e
fb5ae4
fae68a
fbfc14
fe9246
02a9e2
074cc6
0bc0ae
0ed92e
0ed526
0cde76
0b8412
0a1764
071114
036540
007fca
ff09fc
ff0816
ff0d16
fe3532
fdb0b4
fd9aa8
fc1a54
f98e76
f8e982
fa9dbc
fb8ec0
fa8820
fa36f4
fc0b62
fe90b0
0152c6
049394
073062
093778
0bea1c
0ed7c0
120596
1660a8
19c01e
19d402
18816a
171daa
14b4f6
12af6c
12958e
12a672
11ebc6
1157e6
10a258
0f6ed6
0e440e
0d38da
0cb3c0
0c5fe0
09e5fa
04f3e4
00863e
fe147c
fcf2a2
fd0bc0
fe1572
fecad0
fe618e
fd7c1c
fd89d8
fe9e40
ffba18
015c06
035772
030d42
007086
fe41ce
fcbb52
fb6788
fb2148
fac298
f90a16
f73600
f598f2
f406dc
f32078
f1a96e
ef5a58
ee1ec6
ec6b68
e8cd12
e68f96
e5c304
e37166
e1d03c
e2a822
e3920a
e4609e
e4ce80
e3f8a8
e5d9da
ea97d8
ebd8ba
eb3340
ed3514
ed6784
eb49aa
ec7b48
ed84c6
eb086c
eb427e
edadb2
eb989e
e8406e
e86346
e8a8e2
e776b4
e675d0
e5308c
e4553a
e51216
e63cb2
e8505c
ec0240
ee23c2
ed3df2
ec899e
ede634
f0386c
f2a394
f4e4fa
f70814
f99112
fc5c38
fe69fa
ffaab6
014bce
036d84
051dda
06eeee
097210
0aa584
0a2082
0aae20
0c016a
0b12f0
08c83a
07a86e
06cfe2
051bf0
037c92
026a36
01d148
01f74c
0240fa
01f1ce
017b8c
010dd8
003d60
ffd048
00e5f4
02fbb0
055fe0
081ebe
0a4ec4
0b520e
0cad56
0e863e
0edac0
0e0f78
0d8a12
0c1dca
09ada0
082f5e
07951c
0736cc
074de8
06564c
03e7f4
02b788
02faae
026f66
016c90
00d200
ffee8c
fea5e0
fcd8c2
fade6a
faf1e8
fce7fe
fda5ba
fd4940
fe3f14
004a9c
022aea
03a41a
049be6
053112
054098
047074
036bb0
02978c
01b928
01b0b2
027d64
02b846
032424
047af8
047b18
0300b4
028de0
026dde
00db10
ff85b4
ffe60a
00dd56
0164d2
0129f8
00ae36
019270
03e38e
05e5e8
07cba0
0ababa
0d6aa0
0e66a2
0eb0d2
0f436c
0fea78
10f1c4
1245a4
129ca4
11cdde
111168
113264
129ea4
14821e
148e08
130d40
1298ec
126f8a
1093f4
0ecca2
0e98b6
0e1a64
0c3e80
09aae6
07379a
064d76
06cf40
06a6ae
05cd62
057b16
04ee9a
03e5b0
03c918
04af80
0569a0
051034
034cde
014830
007e04
00612a
fff232
ff81c0
ff69b2
ff2dc0
fde884
fb8190
f97594
f88482
f7714a
f59596
f34226
f09916
ee6e5a
ed139a
eb979e
eacb4e
ebf792
eda666
eecba6
eff80e
f08a6c
f0db78
f2a016
f4b97a
f5d2ba
f71374
f78c7c
f5e0fc
f4bcec
f56028
f572ee
f5486e
f6826c
f779b6
f6a25a
f4d37c
f3267a
f27b92
f2b6c6
f28c3e
f21a38
f220c4
f1c2ec
f0ddf8
f0e92c
f1fb96
f2e134
f31706
f2b512
f23d90
f24fd8
f2cf38
f371e6
f47900
f60688
f78d98
f83d6c
f8233e
f8932c
fa6246
fca2a2
fe0648
fe6a44
feeac8
004b1c
01787c
017228
015770
01ae76
012674
ffe5a2
ff2efe
fe81be
fd3566
fc171c
fba6c2
fc008a
fd388c
fe6aa4
fecbea
fedfac
ff56dc
00bb70
03569a
061d6a
07b0b2
083c3a
08a5ca
094050
09b0e6
098e80
094cee
095726
08c70c
072d72
059544
0459a0
033c98
02ce06
02ef90
0247e0
0073e0
fe617a
fd235a
fcf942
fca23c
fb093a
f94af4
f8943a
f84efa
f86b12
f9cc4c
fbe57e
fd5152
fddc8c
fdf028
fdcb06
fdc3c8
fdd034
fd6d40
fcc5dc
fc86f6
fc44a8
fb5500
faaaf8
fb158c
fb65ca
fae3b8
fabc7a
fb4746
fb8f3c
fb8060
fb66b0
faf862
fa3fd4
f98756
f92020
f9bc52
fb3f24
fc75f8
fd5408
feb866
008e5e
02be40
05bc12
0905d2
0b52c2
0bd43c
0b066e
0acb90
0bf3e0
0caaa0
0c3d00
0c7222
0d8e44
0e55d6
0efb06
0f80ce
0f1650
0eb1b2
0f52f0
0f902c
0eb4c8
0e0206
0d7bd6
0c0218
09dfa8
086882
083cd8
08cec6
090f26
08f8d0
0945aa
09a472
0951d6
08e6c2
097e26
0adab2
0b7f24
0a5d6a
082d50
068682
0601c8
0636fe
0685ea
062040
04edb0
03d4e8
031cc0
024c20
0181c4
00ac68
fedcc4
fc0f86
f97f7c
f793b4
f5c63c
f407e2
f2b23e
f219f2
f274ec
f37a3a
f4ab9c
f627ac
f7ff34
f97120
fa1c34
fa7822
fa83c0
fa24f8
fa3cde
fadd80
fa8ac2
f8f166
f7ae4a
f7ed5a
f93d88
fa12ca
f9413c
f7b8ea
f6e1c8
f61ac2
f4f6ec
f4ba88
f50be2
f43404
f2ccca
f2425c
f2230e
f207ee
f286e2
f368ec
f4054a
f4693c
f4ffe2
f62242
f7ad58
f9114c
fa116a
fa6bfe
f9b824
f8cae4
f9325e
faeee4
fcd2aa
fe24d4
feca88
ff52e0
007d0a
01fa32
02e298
030d78
02c022
022ef2
018624
00b4f4
ffec82
ffeaee
006e7a
001a66
fee1c8
fe39bc
fed05c
004194
020d70
03a436
049d2c
055d56
06598c
077a88
08e73c
0aecd2
0c8f3c
0c2b40
0a37d8
08edf4
08fc44
0909ac
086846
078d0e
069bec
0569be
03f942
025744
00de9a
00031e
ff60b6
fe1f4c
fc1c94
fa0a2a
f90fb4
f99edc
fa5476
f9cd86
f8e2fe
f8fd8e
f9e1cc
fa9a66
fac838
fabc3c
fb1b4a
fbc600
fbbc1c
fac862
f9c984
f94d5a
f91ae8
f8953c
f77c68
f6677e
f5ae64
f516ee
f51d2c
f5ee7e
f63240
f55b7e
f49304
f46ba6
f4c09c
f56f4a
f56d08
f44b24
f3eeee
f57c8c
f7a500
f99c4c
fc05ba
fedecc
0151e0
02d624
03acb6
04cca4
0686fc
07da26
083a80
082f1e
07ed58
0799de
07fcd6
092a14
0a22e0
0a9fb2
0b17c8
0b3e4e
0aa26c
09e528
09d996
0a29e2
09b93a
0813c4
063598
0534b2
04dd28
04e900
05dd14
074134
07f658
086a62
093810
09ac2c
09f186
0ae2d0
0b77be
0a213c
076538
05097a
0449a0
04b356
048972
0352cc
022c36
01366a
ffcaee
fe6160
fdae94
fd8174
fceacc
faf248
f7c890
f45c74
f14fe2
ef9994
ef5f56
eee72a
ee7dc0
f06aa0
f2c5a8
f27fde
f24ade
f4b450
f6e226
f78940
f89068
f94e8a
f86c94
f76372
f74312
f79064
f7f25a
f7cbea
f72bf6
f74f7c
f7dcb0
f77dc2
f6ea9a
f7244e
f75d18
f6fb18
f63a60
f4e126
f316aa
f1fe20
f249ae
f35f72
f41d96
f42352
f45fc2
f6001a
f8e0ac
fba7a2
fd2b0e
fd7b14
fdb2e2
fe94a8
ff5ca4
fed32e
fdc6a2
fe6a42
00be16
026950
02af34
0317ec
0451ac
05dad6
0787a6
091836
09ddf8
098236
0860c2
0769ce
0725ee
06b976
05aa78
04fd14
04c866
03f284
0330b4
0429fc
066f58
08b9da
0ac488
0c395a
0cd252
0d534a
0e53ea
0f4c2a
0f8a38
0f1d08
0eb65c
0e8602
0db5d2
0c60a2
0c2438
0cf67a
0cc562
0b27c6
09982e
085056
067a3a
0421ce
01dbd2
ffce02
fdb324
fb8f04
fa5b5a
fa88ce
fab204
fa2cb4
fa4dbc
fb4606
fbd658
fc4824
fd46fe
fdcbe2
fd6dd0
fd3782
fd43b4
fd0136
fc9fce
fc293c
fb3660
f9e754
f8cf2c
f888c0
f90efc
f91b04
f810f6
f75dd0
f7ddc2
f85728
f7cc32
f68eda
f55f1c
f50008
f57fe6
f6091e
f64e08
f6e3d6
f837a4
fa5c8a
fce1cc
ff13a0
01362a
03bac4
05b6e6
06a1a8
075ff4
084708
090140
09d2be
0aa6b4
0ac380
0a4a5e
09f062
0a119e
0aa158
0b10fe
0af9d8
0a99ec
09af50
08022a
06df8a
06dd88
065556
04a004
03476e
02e894
029a9c
024382
02d7fc
047fd2
05df04
062464
069c90
082952
0954a2
091938
084da8
0741c6
058774
03af7e
029eb6
023dc6
02013c
019ccc
00ff70
ffed12
fe4564
fcbcf8
fbe878
fb02d4
f95ee2
f75764
f4ee36
f2105c
efb892
ee757a
ed98e8
ecfabe
ed11e0
ed983a
ee12b2
eed1fe
f05ee0
f2b026
f50ea2
f68d48
f6e32a
f6f33a
f7b638
f8abe8
f8d044
f87a78
f872a0
f885a2
f8a074
f8ed3a
f8c112
f837f6
f88cf0
f91f60
f8528e
f6e560
f5f6ca
f4e02e
f387f2
f2ac1c
f21ac6
f20432
f31692
f43504
f439b0
f4bac2
f7646c
fafef8
fd4492
fdab5c
fd7f64
fe14a0
ff3624
000d52
00af84
016ce6
01d19c
01a8a8
019f16
025934
03cb6c
0558f0
0662e0
06d282
06f414
06b894
0603ee
057756
05ad32
05d0da
047678
020e0e
00b492
011f28
01e020
02369a
031698
04c726
063b4c
0730ea
088ce8
0a4c2c
0b2992
0abd30
0a5ef4
0b0d8a
0bc6e8
0b7f4c
0b228c
0baf34
0c453c
0befa2
0b2844
0aa40e
0a52d2
098e38
07a81c
04f898
028fa4
005d06
fdec74
fc3aa4
fbff88
fbf826
fb1640
fa0d74
f9f97e
fb343a
fcff64
fdf6c6
fddb36
fdd58a
fe20a8
fd9870
fc3da0
fbcef0
fd074a
fe51b0
fe3f14
fd545e
fc8d58
fc2ebe
fc6d62
fd2668
fd7f20
fcf8aa
fbb7e8
fa01e6
f875ca
f760ba
f63bd4
f53d50
f52b5a
f59718
f6358e
f7c0d0
f97924
fa1fca
fb13b4
fd9de4
003da0
01cf0c
02d438
034462
032ad8
0381c4
046c46
054864
05ef36
0657fa
06acee
075e1a
07f3c0
07fa28
085c4c
09581a
0981c0
084392
0692e2
053fde
045f7a
0371a0
02056a
00caf8
009544
00cc46
009a22
00550e
00b8f4
01f274
039040
04ed54
05c7bc
060564
056430
0446f8
03ab6e
03bb56
03cb86
03a6f6
039192
039ffe
0395dc
03260c
026f96
01d058
011a26
ffbdbc
fdbbd4
fba254
f9fb5e
f8e0dc
f7b394
f5de4a
f3c0aa
f2166c
f13a72
f14adc
f1eea6
f280ae
f2edb0
f38472
f433d4
f508a6
f650a4
f7d2be
f8f804
f9555c
f8c088
f7bc42
f74662
f7c406
f8bf5a
f99e40
fa218e
fa8f38
fb0546
faccbc
f9cb90
f92ecc
f9109e
f81446
f619c4
f45d0c
f33d2e
f2664a
f20376
f246de
f2cfbe
f30736
f2fc4e
f3da12
f647aa
f8ab54
f95632
f92632
f9d14e
fb56c8
fccbdc
fdb5a2
fdf824
fdcea2
fdc76e
fe5da2
ffcf26
01fa2c
040036
04d19c
048f70
0452bc
0492a6
04cd60
04b728
048648
043b0c
039eb4
02976e
014376
006bfe
012810
0319c6
047f78
04c478
0537d2
06d970
09015a
0a8698
0b342c
0b9dfc
0be606
0bad80
0b5180
0baee2
0ca584
0d6b7c
0ddece
0e366a
0e6652
0e767c
0e7fc4
0e55dc
0da982
0c2ab2
09e88e
07b60a
065dd8
0577cc
03f8f2
01e220
007908
007272
00b946
00634a
009132
0212ba
030cd0
01f75a
006908
00397a
00c370
00f0d4
00f786
00ee52
004e06
ff5a80
ff1e9a
ffb522
0002d4
ff7c7a
fece0c
fe5bb2
fd8c9c
fc1dbe
fa8ae2
f928fe
f8024e
f7580a
f75526
f7b7b0
f823c4
f88066
f91a7a
fa3f04
fbc138
fd4f58
fed376
00018c
006cc2
003f66
001fac
0095a4
01d070
035450
04425a
048298
049132
048b82
04d3b4
0625ae
07f170
08c25e
0864e2
079814
069cf6
0599cc
04f7ee
04a268
042704
0359e0
02685a
01c0a2
01b6a8
023c66
0312e4
03bc16
03b9de
039c3a
045d1c
058c7c
061b58
05fb94
056a06
049a72
045f9a
04ee4a
054d82
053736
05183a
049156
03734e
0281ea
01fd02
015b7a
00261e
fe39ca
fc4e64
fb56d2
fa8bd6
f89918
f65438
f51918
f44bd2
f34c54
f2db62
f336ba
f37b3a
f33ba6
f313a2
f3c8f2
f517aa
f5cdc6
f597ea
f579be
f5c03e
f59170
f4e826
f4dd40
f5c2ba
f69c82
f6ad7c
f670a2
f68ef0
f6c46c
f69420
f62214
f5be3e
f58192
f54e1e
f4a834
f35416
f21abe
f1ce26
f23a5e
f2fb7a
f3dba4
f45630
f4374e
f4480c
f54c78
f6fdb0
f877cc
f94df8
fa0c60
fb5834
fcb8aa
fd0de2
fc58f4
fc1608
fd5b44
ff44c6
0032e6
0015fe
002e24
00d770
01353c
00f1e2
00e06c
019dce
02643e
023740
01c324
0237e0
02dc6a
026f0a
01b80a
01f586
02bf80
038112
049976
05ede4
06bf5a
06ffb4
073fea
07c50a
085812
08e202
099ae6
0a64b6
0a9762
0a22be
09aec2
097490
095636
098f72
09fa18
09d322
08ec74
07d1c8
06b9ee
0587d2
047a7a
03d6d2
033aa0
02079c
0063a2
ff31b2
fee7a0
ff430a
ffdfa4
003c64
ffeb46
ff69f0
ff7ef6
ffdc32
ffa0b4
fee650
feb4b6
ff7aaa
00383c
ffb06e
fe460a
fd76c6
fdaa96
fdc684
fccf84
fb2c8e
fa36ba
fa5320
fa23c6
f8d3c4
f7b12c
f7df1e
f8acb4
f94912
f9d642
fa606c
fac2ac
fb7f06
fd4990
ffae88
011638
00d2ba
007604
019330
0386a0
04e2b0
057b84
05fd30
06edd0
082988
08bc8e
085316
084646
099c36
0b1206
0ad9e4
092e0a
07e38e
07dc8a
081736
0798c6
06eb30
06c06a
06a286
05f9aa
051cd2
04bafa
04ff20
055838
052828
04bdc8
04dfee
057694
05dc9e
05eedc
05b11e
04ff3a
044804
046346
052fba
057e24
04985c
031552
01e8c8
01146e
fffd04
fecd52
fe321c
fdb54c
fc16e6
f999d2
f807b6
f7f136
f8062e
f77194
f6a552
f5f23e
f54030
f4bfd0
f497d6
f49642
f4841a
f44b2a
f41740
f4406e
f49ab4
f4cdca
f53f74
f643c6
f72706
f76234
f7850a
f81656
f8f934
f9b2ca
f99726
f8ab3e
f81510
f8a8b0
f9b14e
f9f11e
f93030
f8808e
f8d24a
f97794
f931a4
f84286
f7d92c
f82ca0
f8b54a
f9278e
f96486
f97e1a
f9da46
facf3a
fc4236
fdc768
ff01e2
ffffae
00f6e0
01b292
01d0d4
016ace
011bb6
015cca
01a426
00cc04
ff4288
ff18bc
008fce
016d0a
00da9c
008974
015b96
02711e
035938
045ef8
053c64
0538ac
0449fe
03615e
037eb8
04833c
056638
0597c2
0586b2
05e6ce
06f1f4
082c34
08ccc8
08a7ca
08670a
088748
08b67e
0862ca
077c30
06aea4
06be1e
0754a0
073d24
063376
05496a
0535d6
058f96
05b3a4
052616
03dfde
02d3b4
02d450
02f69c
02119c
00e22a
00a012
00de26
00bf38
00842e
009bf2
00d650
01000c
012218
013e80
015322
015cba
013926
00c07a
ffe5ba
fedbdc
fdebca
fd0670
fc14bc
fb7ac0
fb478c
faa744
f95a06
f87fce
f8e790
fa1566
fb5b88
fc6f24
fd044a
fd2af4
fd8810
fe849c
0009c8
01e8ca
03b2ca
048ae2
042824
039aa8
041482
054bd6
0638c8
06ce8c
077270
0793a8
06b54a
05c348
05b49c
062872
067816
067cac
060332
050ab2
045340
0471de
04e098
04ba9c
03fe0c
0383da
03b9fa
040078
03c15a
03676e
037a8a
03acb2
0377ee
031a10
034cc6
0427e0
04aa5e
040f38
031d36
02ed28
033dea
034a50
02f32e
023978
00f728
ff7a0c
fe31c6
fd2a12
fc65d0
fbe8fe
fb4994
fa136e
f86c66
f6ef5c
f6462c
f69698
f74876
f7abb8
f79d5c
f72448
f64a4e
f57a26
f52b94
f53c82
f55e16
f5926c
f5d470
f5fcee
f60cc8
f63ff8
f6f676
f84446
f96568
f986d2
f9076a
f8b62e
f8693e
f7b6b2
f72d84
f788b8
f8647e
f8abfa
f81120
f790d8
f8332e
f96e4c
f9fe50
f9f534
fa3ed4
faa840
fa64b4
f9d254
f9bc34
f9ca60
f96cd8
f9479a
fa30c6
fb9da4
fc5852
fc41ca
fc5510
fd3f24
fe8ff8
ff4b92
fee51c
fdcfd2
fcf6e2
fc9370
fbf4a8
fac2a0
f9e36a
fa621a
fbdde8
fce018
fcbebe
fc6dce
fd394e
ff446a
017b46
02bc08
02cdbc
02817a
02cf60
03d290
04bf20
04ed30
04c7d8
053f1e
064d12
06dadc
06939e
068a56
07620a
0836ca
0834a6
07c9aa
079bda
079930
076bb0
070c80
06a9c4
063e74
05b96e
059398
0667da
07962c
07ad90
06b50e
061d88
063dd4
061fc0
05a42c
058800
05af34
056eb6
04d654
0468d4
044a0c
0466ca
04ace6
04e93c
04bcb2
03fb3a
0319c4
02c118
02cffa
026c52
01311e
ff9372
fe224a
fd1c78
fc7ec2
fc1a1a
fba0a2
faec76
fa2d90
f9c4bc
f9cae8
f9ef3a
fa38da
fb20be
fc77ce
fd4516
fd5cc0
fdc9e8
ff3688
011e86
02e5d8
04699a
055d04
055f44
04ea50
04fe0a
05be9a
065950
066186
063364
05fee6
057822
04a64c
041a7c
042aac
0494fc
04e9a8
04d2d8
04338a
0367ca
032ba8
039736
03d99c
037d02
031b64
0348a4
03afc0
03c5cc
03afd8
03fcd8
04bfa8
05702a
05ae44
05d6d0
0646bc
06a006
065bb0
05a0a2
04f4b2
0497b0
045c80
03df0c
02ce48
01691a
006f72
002b38
ffcc3e
fe6746
fc7f2a
fb8ed4
fbf156
fc3cca
fb442e
f9c53a
f9487c
f9f9ba
faa306
fa8480
fa1300
f9e334
f9b6dc
f91dee
f8756a
f88c30
f94c3c
f9c89e
f9bb4e
f9be16
f9f8d0
fa0476
f9f200
fa0f70
fa11de
f9b650
f984a0
f9dfb0
fa3a7e
fa0e26
f9c4b0
f9dc12
fa0e3c
fa0138
f9fc0a
fa41ac
fa8e2c
fa949c
fa4602
f9b254
f92b8a
f921aa
f9a3d0
fa4f1a
fac980
faece8
fac96c
faa450
fad8b6
fbae74
fd1456
fe6670
feb900
fdc13e
fc3828
fb22b2
fae000
fae76a
fa712c
f94958
f83202
f85248
f9ce54
fb6c44
fc5126
fcf30c
fdc124
fe79aa
ff55ac
00d336
026d60
034f54
03af2e
041214
044b46
0420ee
040d08
04bfac
061206
06f350
06d590
068bb8
06f4d6
07bc16
08269c
081768
07d36c
078b94
074302
06e8de
069b32
0672e8
0632fc
05f172
066e44
07ac50
083a76
073ea4
05f0ac
05b56c
061cd4
0607e0
05746e
051132
04f3f0
047e86
0351dc
021fd0
01f63c
02a3ea
02e2a8
024050
0183dc
012f3c
00f842
0089b0
ffc97e
feaf96
fd52b8
fbfbc8
fb0aec
faa436
fa6078
f9bd9c
f8cab2
f80fbe
f7f3b6
f8648a
f8f758
f9694e
fa146e
fb51a4
fca8f2
fd4d7e
fd4862
fdb49a
ff721e
01e7f4
038e3e
03d932
03affa
04139e
04f93a
059fea
05a8ca
058e14
05bf26
05d826
0578f4
04f18c
04ab24
04aafe
04d028
04d7ac
047db2
03fc6a
03cad2
03d4c2
03b324
03693c
03404c
03164c
029014
020f8c
0233c2
0269ce
01d4ba
014e56
02176a
0354de
037cae
0302c4
032f04
03c74a
03be58
02e90e
020056
018c1c
013838
0062a0
ff0c5c
fdbe6e
fcdab6
fc66e4
fc1dc0
fbad2c
fb521e
fb979e
fc2cb4
fc1b1a
fb4664
fa6f58
fa00fe
fa0a6a
fa8292
fabe5e
f9ebc0
f88b9c
f7e7c0
f82f06
f88a84
f89544
f89348
f8b084
f890d4
f7c216
f6dd3a
f73356
f89a8a
f958f4
f8da80
f86116
f8c4a4
f99c24
fa37a4
fa4a48
fa221a
fa48f0
fac1c8
fb42cc
fbc020
fc01b0
fbd57c
fbd394
fc6af6
fcd696
fc826c
fc477c
fcefe4
fdaad4
fd1e72
fb959a
fad430
fb894a
fc8a2a
fcdf04
fc9aec
fbd1dc
fab1da
fa31fc
fad462
fbcb24
fc2a58
fbe810
fb6460
faee72
fade5c
fb7a20
fca5c0
fdcb70
fe6f66
fe97b8
fe9984
fee7e6
0011f0
0223ac
041e26
04fe6a
04e5a2
04b200
04da96
053660
05837a
05bc10
05d334
058efc
050772
04c7a4
050ea6
057d90
05b374
059f64
055356
051c2a
0566d4
062674
06e918
077396
079cce
071dc4
065f6e
06528c
06f5e8
075f92
072098
0655da
054b16
04da22
055adc
058f1a
0480c8
0301de
020458
0181fc
015084
011ed8
006cfa
ff70d8
fec94a
fe8d38
fe9f84
fed006
fe98b4
fde47e
fd1e54
fc5640
fba648
fba368
fc34a2
fc7802
fc2b8e
fbbb56
fb8160
fbd3a2
fcd220
fdfd06
fed06a
ff6748
0011aa
00e2b8
01a08e
021e3c
02a8da
03aa94
04cca8
05443c
050972
04f368
058a48
066430
06d938
06e188
06de54
06fcb6
07529c
080708
08c916
08caea
080ea0
07ae50
0808f8
081290
07531c
06cc94
06f0fc
06d974
06160c
054898
04edee
04f802
0525e6
050b94
047bf0
03c2d0
033004
03005a
034d9a
0371b0
02aca8
014e6e
0001ca
fed792
fdefa0
fda3d6
fd7f2e
fcceba
fbef66
fba7f0
fbe816
fc3aaa
fcb894
fd8cc0
fe1616
fda17c
fcb5c6
fc6cc4
fcc73e
fcdc2a
fc69b4
fbeb0a
fb6f22
fa8dba
f982aa
f93bf2
f9e4ac
fa7ff2
fa66d2
fa053a
f9c8f8
f9b3e6
f9ab18
f988c0
f95af0
f99594
fa2fba
fa6988
fa2dfc
fa4fec
fb0b62
fbbb90
fc1198
fc686e
fcebf8
fd4c0c
fd70a8
fdd2e2
fe9be0
ff30b6
ff384a
ff1178
fef424
feb35a
fe623c
fe36fa
fe0aa6
fd8032
fc8d8a
fbb2c8
fb89fe
fbe82c
fbe864
fb09dc
f9cca4
f8fc90
f8e06a
f95962
fa4dc8
fb34b2
faf510
f989e4
f8c536
f9df14
fbbe94
fcdec6
fd28cc
fd33d6
fd5ef4
fde516
fef846
008ea6
022f64
032d9e
037246
038850
03a7d8
03af14
03cb20
04131e
03fd36
03278a
01f524
011216
01066c
01e750
02f6fe
034098
02da00
02bd1a
0346e4
041e7a
0527cc
062fbc
065558
056da0
04ca78
0539c0
05b976
055ca4
04db2e
0520fe
059112
051554
04497e
04b84c
05d9b4
0594ca
03d058
027f26
024a14
020816
00ee06
ff48c8
fdc760
fceec4
fc8fd8
fc2182
fbafa4
fb9424
fb8ff6
fb1b08
fa2a4c
f953b6
f93c34
f9ddb4
fa993e
faf0de
fab996
fa2864
f9fe38
fac212
fbfe04
fd3816
fe8240
ff6592
ff1840
fe6466
feeffe
00840c
0158be
010046
00ccc4
014e48
01b3f6
01b3e6
020926
02d5d4
036110
0374e4
03a546
04264a
049e22
04e4f2
0512c8
04f0a4
044eb0
03c40a
040b92
04c538
04ea14
042742
0324a4
02c914
033f72
03b7c4
038234
02d8cc
020566
00f3e8
00115e
fff3be
0040f0
0036de
ffc170
ff239c
fe795a
fde096
fd8124
fd83d8
fdd38e
fdd04a
fd0a1e
fc1afc
fbefce
fcab88
fda110
fdf644
fd7f04
fd124a
fd5106
fdaf1c
fdb46a
fdede0
fe8c88
fe956e
fd8d9a
fc980e
fcbdb8
fd6d7a
fdc642
fde610
fdecf6
fd63f6
fc5a12
fb923a
fb5858
fb4352
fad950
fa1e98
f9b73c
fa1c18
fadafa
fb80d4
fc4bc0
fd1cda
fd5816
fd4f5c
fde68a
fee480
ff6018
ff4658
ff1966
fefb60
fed730
fec2ac
febbc6
fe958e
fe5d08
fe4834
fe3f1c
fe1fc8
fe072e
fde932
fd76c4
fcbcf0
fbead4
fae984
f9e004
f95b5a
f960a0
f966f6
f95356
f981ce
f9fd86
fa68a8
fa7432
fa4910
fa8560
fb9064
fcfd42
fe1bfe
feda98
ff7b28
0002bc
00975e
01ce2a
03a35c
05082e
054db8
0515fe
055d18
064136
07168c
074b36
070e56
06b910
060b64
050650
04aa00
0575b6
06519e
063ec0
05b008
059d66
064dce
073d44
07b4d6
07a79a
078690
07509e
06b09e
05cf94
051e94
04ea98
054976
06000a
06af32
0707cc
06ccb0
0631ae
05fd92
06542c
064866
055e34
04287c
03270c
022cbe
00dd8a
ff367a
fdda7e
fd7174
fdb33a
fddab0
fdd3be
fde53c
fde2f6
fd80c8
fcd8b8
fc3bc4
fbc8cc
fb5fc0
fae7c8
fa8f18
fa73ae
fa527e
fa2c8a
faafd0
fc293a
fdb2bc
fe517c
fe4eaa
fe9f44
ff8c2c
00a878
01b754
02bee6
03574c
02f092
020dd6
020e38
0332c8
04328e
043190
03cee4
03cca8
041a0e
044b34
04352c
040600
040ea4
044618
04557e
040f08
0375b4
02c85a
028ade
02ad54
0269d2
01af48
01369a
0117ce
00e3fc
007b30
ffb458
feb55c
fe893e
ff7c08
00419e
0033be
00202a
004bcc
000ca4
ff5792
fec86a
fe761e
fdf4c0
fd3f50
fcdec0
fd1012
fd5b4a
fd674c
fd73ce
fd98a6
fd81c8
fd2532
fcf8d4
fd3a9c
fd777e
fcf464
fba326
fa68ce
fa187c
fa8948
faff2a
fb1116
faebee
fae1a8
fae446
fabbd0
faa034
fae066
fb1576
fac664
fa7916
fad978
fb7f92
fbca9a
fbde9e
fc027e
fc1e26
fc3e90
fc94c6
fd2ecc
fe1aa2
ff0632
fef87c
fdb592
fc9182
fc9f42
fd39da
fd5b6a
fd08ee
fcea42
fd5952
fde538
fdcf12
fd44de
fd1986
fd2802
fc8f7c
fb7616
fadbde
fb06d8
fb5e16
fb6daa
fb409e
fb140e
fb0a0c
fb4f92
fc2c8c
fd7c12
fe7468
fe7eb6
fde400
fd873a
fdf77a
fec8f6
ff23da
ff0430
ff27fa
ffbc5e
005a9c
0101d8
021814
03795e
047dd6
04d878
04f942
055f5a
05f9fc
067b20
06abb4
065ce2
05a3dc
0507be
04e37e
052106
05963a
05fb34
05df2a
05791c
0584d0
060b2a
06622e
0632e0
058034
04720e
03a93e
03a3b8
03d070
036352
029c40
023524
024bf0
029068
02ab5a
02719c
023d0a
028574
02bec0
01bee4
ffa6dc
fdf27a
fd8488
fdbae6
fd8698
fcb9b2
fc1016
fc3186
fcd6ce
fd2de8
fcd4d8
fc0596
fb1426
fa47a8
fa1126
fab68a
fb6cd8
faef48
f99208
f924fa
fa2808
fb2e50
fb7df0
fbe3e0
fce620
fe3cdc
ff8856
0064bc
00c20e
013b34
022352
02fac2
037dc0
03f054
045370
048120
04b67e
0539a0
05f2b2
0681c2
0683d2
0611e0
05cefe
05fe5a
061e18
05b248
04c5da
03bec6
031b26
02f80e
02ca4e
0244a2
01ce02
0192a0
012a98
007dc8
ffeefe
ffb822
ffd438
002644
006e1a
007682
001a4c
ff3f62
fe5a90
fe1daa
fe17ba
fd2fe4
fbb900
fb1ba4
fb96b2
fc2566
fc4cc6
fc9498
fd4f9c
fdddbc
fd83fc
fcbd2e
fca814
fd2b98
fd12dc
fbdafe
fa52d8
f97542
f96b4e
f9a00e
f99776
f9796e
f99a08
f9fa5a
fa8558
fb28e2
fb95d8
fb9040
fb362e
faeaac
fb21bc
fbc150
fbe46e
fb5128
fb3382
fc3272
fd5402
fdc046
fdd444
fe11e6
fe8616
ff0cd2
ff5222
ff1f28
fec80c
fe8dc2
fe1c2e
fd624a
fd1b2a
fdc1ce
fe7a38
fe2576
fd468c
fd677a
fe9152
ff1f44
fe596a
fd53c6
fcef52
fcc51a
fc5442
fbeed0
fbf6cc
fc056c
fb98d4
fb30ea
fbb99a
fcf01c
fdd1d4
fe62f0
ff764e
00eef4
01dd10
01f6da
01da56
021f90
02dcc4
03ce24
049eb6
050d74
052688
057022
064f76
07748e
08716c
094a24
09eeda
0a11a2
09c88a
0965a6
090dfe
08f890
091964
089c90
074d20
068112
070a72
07aa58
0750b4
06fd60
07df3a
091b3e
090954
07b75e
069732
060fc8
053012
03d3de
0304fe
030682
030872
02bb98
0285a0
02a96c
035ad6
04b876
05f006
05b290
03f31e
022b72
017434
012568
001f34
feb48a
fdf81c
fdb2b4
fcd46a
fb8744
fb0832
fb911c
fc20ec
fc0d92
fb9300
fb0942
fa8e68
fa5788
fa9bb6
faf9fc
fab878
f9eb3a
f9a438
fa806a
fc04e6
fda7e4
ff5472
00bc80
017c1e
01d176
025096
032786
042376
04c1bc
04837e
03de92
03d2dc
04548a
04a9e0
04fee0
059472
0598b4
04d6ca
048dbc
04fc92
04c078
039e78
030488
034ac0
031142
01bde6
007658
00348c
0047b8
ff94e4
fe79e6
fe2fa4
fedb1c
ff8342
ff8dee
ff2a0c
feb5a8
fe5fbe
fe3016
fe2474
fe26c2
fde2f8
fd22ee
fc4296
fbab00
fb2630
fa94f6
fa8d14
fb5e7e
fc533a
fc8b60
fc00ee
fb6ed8
fb68e2
fbc1de
fbe8bc
fb9486
fad65c
f9ff42
f9ac24
fa2bc0
faf50a
fb4a34
fb225e
fafd5c
fb461a
fbf3b8
fc912e
fcaf50
fc3824
fb71e4
faf284
faf9d8
faeaec
fa68f0
fa2fda
fa9688
fad9f0
fada42
fb4b74
fbe26a
fbed16
fbf794
fcb2ec
fd780e
fd5b00
fc75c4
fba65e
fb9ec6
fc04e4
fc00b4
fbd352
fc58b2
fd1bc6
fd1890
fca532
fc929a
fcc3a0
fcf95c
fd4818
fd3600
fc35f8
fac0d6
f9cfb0
f999b6
f9af04
f9b796
f98978
f93cde
f966f6
fa95c8
fc2c66
fd0aec
fd6860
fe4eba
ff6014
ff93be
ff73e2
002b82
013d94
017534
013462
01ca3a
033802
0461f0
0502f6
05d00c
06d858
0778ee
07badc
080034
07f30e
07515e
06bb2c
06899c
062dbe
052990
03bc0e
02bd5c
02f894
03f7b8
046bae
044c68
0495e4
04df18
0435cc
0389d0
040b18
048cb0
038f9c
01fad2
017420
01cf54
01f354
01de14
027e76
041b52
059f8c
05b506
047796
035f10
033464
03327a
029c24
01ca52
00dd2a
ff44ba
fd3fca
fbe23c
fb863a
fbcdd2
fc7fd4
fd110c
fccb9e
fc1fb8
fc0c52
fc7e4c
fccda2
fcd56e
fca6c2
fc56aa
fc4c3e
fcb992
fd56a8
fe3186
ffa63e
017be0
02e464
036ebc
03850a
04018a
04fb60
05897c
0541de
04f5b0
051e16
052c16
04e2cc
04bb68
04cbf2
04b846
049654
04b340
04e926
04f20c
04d9ee
04b1f6
045350
03a7f0
02c398
01b516
00d970
00cfc0
017210
01b65e
013b94
00ea7c
0161d6
01e2a2
019ff8
00fbba
00e6b0
0180d6
01cc3e
00d2dc
ff107c
fddbf6
fd9e2c
fd912a
fd4cf8
fd1782
fcf3a2
fca848
fc7b66
fcacea
fcd0d8
fca43a
fca410
fcf33e
fcceb2
fbf05a
fb5434
fbbe2c
fca822
fd3710
fd521c
fd5850
fd727c
fd9798
fdd9ca
fe4528
feaf92
fef5fe
ff2880
ff361c
fed8c4
fdfd88
fcf17c
fc3e90
fc42a6
fccac0
fd4afc
fd9964
fdc908
fdba04
fdaa3c
fe3784
feead8
fe976a
fd9c44
fd8140
fe6146
fef46e
fea2e8
fdeaa8
fd9e72
fe5100
ff9f58
0063aa
003428
ffaedc
ff54a4
ff2368
fef628
fe9508
fde834
fd169c
fc3638
fb511e
fa9180
f9f362
f97fa8
f9e052
fb4eb8
fc882a
fcada8
fcefde
fe5ecc
ffc8c0
ffdbea
ff6e38
ffb6b0
00488e
008a0a
010a28
0216e4
02f450
037674
047336
061796
0788ca
085010
08b36a
08d4d4
088d50
07f9ea
0777ae
0729c2
06ad48
05a026
046d4a
03d2ea
03bd40
03734a
02d0da
0284c2
0324f4
046586
052b92
049b04
0330aa
02434a
0249c6
02572a
019e82
00a1ca
0064e6
010eaa
01e3ec
026390
030c88
04908e
064c68
06971c
0541c8
042c36
044a0c
041042
024d1e
003698
ff286a
fe9274
fd68f8
fbea1c
fb10c0
fb13cc
fb4d62
fb6f7a
fc0df8
fd3fde
fdf960
fdb894
fd515e
fd55a6
fd7976
fda3f4
fdf144
fe3e84
febac6
ffdf0c
01526a
023efc
0298e2
031124
0401bc
0520b4
05f732
065772
064198
05b2a6
04e58c
047056
04a222
052110
056236
052aa2
04c05c
04d568
058bce
05e8aa
055bfe
04d7b6
051ddc
05497a
045b7e
02eea6
0239d8
022f32
01d2c0
01104c
00eca4
0191c4
01c5c4
011680
0092a8
00a908
008caa
fffd92
ff9192
ff3ba4
fe59d0
fcfbf2
fbefba
fbb4f0
fbec92
fbcbb8
fb2c58
fac246
fafe58
fb607a
fb579c
fb07ac
facca0
fac180
fad23e
faddb8
fab6e0
fa71a2
fa7bee
fafba6
fb62cc
fb4b72
fb4faa
fc1752
fd0c50
fd2ea2
fcb654
fc854e
fca19a
fc6378
fbb804
fb1d14
fad096
fa9faa
fa515e
fa239a
fa8162
fb39e2
fb9832
fb9b2c
fbe7aa
fc63c4
fc48b6
fbca88
fbed1a
fcca54
fd7e62
fda870
fdb16a
fdcd28
fdc7a0
fdb6e4
fe2802
ff3706
000c0e
ffe626
ff2d48
fe9b72
fe2dca
fde160
fe1e32
fe7c5e
fdbb12
fbc764
fa2950
f9e5f2
fa7f6c
fb35da
fc0244
fd11c4
fdf49c
fdf0ea
fd6c96
fddf92
ff9f14
014464
02107a
02e148
03f8ec
045f90
04123c
044de4
057c82
06e622
0816e4
08dbfc
08c586
07f28a
075100
075eee
07c550
080a36
07b9aa
06a6a4
05a316
057a20
0550dc
042644
03132a
039080
04c95a
050eb6
045e70
03b45e
038872
03cc92
0408a2
038f86
02a024
023642
025dbe
024ba2
01faf2
020e7e
0283ec
02d508
02ddd6
02f466
033fb2
034398
026cf6
0132a2
00956e
005d4c
ff8f56
fe54a6
fd882e
fd13ea
fc9cec
fc5e44
fc4cd8
fc2e8c
fc9e64
fdef86
fef618
fed01e
fe6d8a
febb34
ff4b20
ff9580
ffe7a0
0099ae
0191b6
0291a2
034968
03a430
041f46
0528c4
063e9a
0686d6
060cc2
05888c
055f32
057fba
05b744
05aafa
051e14
0468bc
0437e2
04d778
060a90
071f6a
075a1e
06d8a0
06b2ca
077e94
085a16
081c62
06f06a
05f120
05aa76
05a162
0543e0
04bcf2
049a8a
04f282
0540ba
05161c
046f94
03880e
02b572
0227a4
019b8c
00b036
ff94a8
febd9c
fe47cc
fe4332
feacd6
fee786
fe5216
fd617e
fd13aa
fdb25c
feb06e
ff29e6
fe8cc0
fd59ce
fca5f0
fca91a
fccd38
fcc312
fc9d7a
fc856e
fcbbfc
fd3f2e
fd86d6
fd49bc
fd05c0
fd3bf4
fd8968
fd0d24
fba536
fa4f84
f9d3f4
f9b196
f92aa8
f88932
f88bf4
f930ca
f9e3ba
fa5eee
fad568
fb6a10
fbe5d4
fc14bc
fc2ee6
fc7e62
fcd12e
fcc848
fc9cbe
fcd0a2
fd3008
fd35e8
fd5830
fe54ee
ff7246
ff7652
fef908
ff5474
ffecc0
ff5800
fe282e
fdd860
fdfdda
fd37de
fbce7a
fb0aae
faf59c
faba76
fa7858
fb1452
fcb676
fe68f2
ff2dec
ff4174
ffdd90
014f4a
0278c2
02e01e
036e7a
046ae0
050748
0534d4
05a9a6
065bd2
06cb4c
072014
07cb40
08b1ea
094b3c
093254
089716
081062
07e260
07b532
071db8
0632d0
055b90
04b720
03ea70
02de5e
0238e4
02690e
02d7de
02c642
026732
027b8a
031ffe
03906c
0341f0
02a77c
025eae
024946
022e4e
0245c8
027f7e
02503c
01c4f6
019a9e
021f20
02c464
02e96c
027a22
01d75a
0143e4
00acb8
fff8cc
ff211a
fe077e
fcf2e6
fcac60
fcfa12
fc7916
fb2d6c
fae6fc
fc0d9a
fd1840
fd8d14
fe0442
fe24ce
fdcd86
fe313c
ff451a
ff5b6e
fe9554
fee3ae
006370
0145c6
011ce2
0140da
025c9e
037d3e
03aaee
0339d2
02f2e6
02dc24
02bf96
02d064
02dbce
024a0e
017824
0173f2
024976
031bd8
03954c
0416e8
04de92
05af1e
060b76
05a8b0
04c4f0
040452
03d4c4
03ed26
03907a
0294e2
01cd4c
020b94
030cac
03d898
03f448
038bb2
02a4b8
01382e
fffff8
ffe934
006e00
ffe650
fe12fe
fcc2dc
fd26c8
fe2bbc
fe51e4
fdb340
fd4e6e
fdb20e
febf2e
ffb810
ffd1b0
ff48c6
fef212
feb8a2
fe0ea4
fd51fe
fd265c
fd6a9c
fde3ce
fe7d1c
feba84
fe40e8
fdb800
fe0f9a
ff29d0
ffc1de
fed6e4
fd01be
fba93e
fb3d74
fb4f8c
fb758e
fb3072
fa6b28
fa2e96
fb21c6
fc53dc
fcf0d4
fd6f78
fe1caa
fe6d98
fe1c80
fd9378
fd6b70
fde148
fe6ff4
fe568a
fdb736
fd7616
fe0920
ff2420
004516
011532
0155ae
00e58e
0032c8
001d4a
00db20
015686
006ebe
fe8fe0
fd50de
fd7fac
fdfa76
fd6278
fc77b0
fd1f0e
ff39a8
00bfbe
00dd6a
00b8a8
013d72
023ea8
035954
041cc8
03f950
033ddc
032514
040cec
0501ac
05667a
059652
05e22a
065df8
070ab4
076d7a
06f97c
061eba
05d20c
062a62
064bd6
057974
03da26
0260d4
01dc86
021d5a
023662
01a88a
012fa8
01dc98
033a6a
03ce3a
0373f2
035250
039124
036d58
02e4d2
028ea0
0279dc
025a76
020b1c
01bd84
01d3ae
023ada
027c26
028b3e
02afea
02c540
029762
022f2c
016c6e
007c28
001866
001b2e
ff529c
fdcaa0
fd12f8
fd93a8
fdff02
fdc148
fdc05a
fe86fe
ff8134
003700
00bd64
01107a
01095e
00e9fc
011634
018222
01db06
0217f8
0277d8
030e94
03aa5c
041f74
0456f2
0455b8
0460c0
049316
0472ee
03b978
02f0a8
028f6a
025fda
024518
024830
02212e
01b220
0189fe
024ec4
03f084
055f54
05742e
047efa
03eaa2
041434
043bba
043a12
04512a
04290e
0391c8
030034
02b34c
02a20e
031058
03f0fe
044006
033692
01868c
005dc6
ffde24
ff88aa
ff5a6a
ff555c
fee56c
fdec76
fd505e
fdb70c
fe946c
ff0a68
ff2ffc
ffbb18
006aa2
001984
feccbc
fde232
fdb7de
fd7fcc
fd1c02
fcf770
fcec00
fcd78a
fd00fa
fd725e
fdf9c0
fe700c
fea434
fec732
ff28f8
ff3b88
fe410c
fcd7a2
fc3f4e
fc7300
fc56a6
fb8e50
fb1e12
fbd8e6
fd0fd0
fdc0e0
fe1412
fea54e
ff697c
ffeaa2
ffebde
ffa958
ff9f20
ffa41c
ff1f48
fe6bb0
fe8476
ff2faa
ff6944
ff4848
ffacc6
0078d4
00c66a
009988
00e246
0170c0
010404
ffb918
fee8fe
fed0c8
fea888
fe3f34
fdbce2
fd2cc8
fce60a
fd26a4
fde1a8
ff3314
00c6e0
01bb2a
022000
02b34e
033b16
033170
02fb64
030ef2
03561e
0388e6
035b4e
02fc74
032570
03e834
048caa
04ece8
055320
057464
04f88c
04487e
040836
0415ca
03a43c
02977c
01f27e
02204a
023804
019094
00aed4
007bbc
015e4a
029d6e
02eb3e
0249d8
01d306
01b77c
01752c
01213c
00d9b6
008f6a
008324
0098f4
007be0
00a2c4
015582
01bf20
01888e
0147b4
012b92
01162c
01077e
00aa92
fff058
ff719c
ff1e64
fe70d6
fdd7dc
fdf55e
fe636a
feb704
ff2a1c
ffbbac
0029b0
009e22
01280a
013172
005d64
ff5ed4
ff06b6
ff1c12
ff1bfe
ff1d96
ff5de2
ffcfd4
00516c
008dca
006402
006802
00f4aa
019316
021768
0263ca
019b56
ffec02
ff3bbc
002192
00f7a4
00cbf4
007b80
00b650
012e7c
01891e
020532
02d7ae
03789e
037c22
034f2e
0329a0
02b87a
023cda
0206de
01ae92
0166dc
01dfa4
02870a
028c1c
0279a0
02c28c
02fc02
031d0a
03288a
029b8c
01a318
00ff1e
00949c
fffd8c
ff84e8
ff798c
ffc56a
00277e
0057c2
007d1e
01087a
01b0d2
01c92c
016f7a
013d96
014556
012bb8
009fd4
ffcbac
ff5820
ff6316
ff2278
fe3e2e
fd8440
fda3c6
fe65ae
ff2cdc
ff954c
ff86fa
ff1dd4
fe92d0
fe0c02
fd8168
fccef6
fc37a8
fc447a
fcd46a
fd1a70
fcde96
fcf9ec
fde464
fed902
ff2dd8
ff7ed2
0052e0
00eb08
009f60
0014f6
ffece6
ffc542
ff4bea
fef4c2
ff28e4
ffa790
ffede6
ffe9dc
000c68
008fac
012bc0
019da8
01e468
01e914
0189bc
00f25a
007ee4
007280
009d5c
008398
003d2a
007912
01476e
020d68
0297f8
032dec
03db3a
04640e
046da0
03eafe
03780e
0366c6
03092a
023556
01df74
023584
025876
025e3e
030cfa
0422ca
04d398
04e73c
0487b0
04260c
043060
044d96
040b9c
03dc72
03fc16
03ab90
02a8e6
01dc0c
0229de
036e3e
04872e
046fcc
03b600
03a888
042750
04096c
032ee0
024992
018e6c
00e26a
005e86
0035b0
0066d0
008de2
0055f0
0017da
003f6c
007f90
004f6a
ffaef6
ff1b12
ff239e
ffa6a4
ffb744
ff037e
fe4f1a
fe2fea
feb7fe
ffbe6a
006a1c
001b00
ffd112
00a04a
01b1a6
01cb3a
013416
00ce30
00e06a
010ec8
00b766
ffc154
ff008e
ff2708
ffd7d8
005724
005604
ffff68
ffb83c
ffce7a
002952
004808
ffedc4
ff8e82
ff9f24
ffc3ca
ff9aae
ff8dd8
000c2c
00e6b0
01c580
026bac
02cc4e
032f7c
03853e
037c9a
03939c
044962
04cd18
0485d0
04496c
04b0ce
054114
057468
0514d4
048458
04ade2
055964
054df6
04afb0
047aa8
046cd6
040218
039d54
0346bc
028d7c
01bf4c
017bf2
01bb7a
01f50e
01c0a8
018724
020a40
02fec2
0375ba
035638
031018
02c136
02918c
02a5e2
02c9fc
0290d6
01948c
003102
ff8c08
ffb274
ff6a42
fea782
fe5026
fe300c
fdd918
fd844e
fcf2b0
fc2124
fbf97a
fc569c
fc218e
fb6166
faa314
fa1d8a
fa52c2
fb24b8
fba76a
fc16e6
fcf524
fd6c22
fd57dc
fdd96a
fee2d4
ff7b06
ff82ee
ff4aaa
ff5954
ffeafa
fff6c0
ff33a6
ff3f7a
00464e
00a07a
00364a
ffbabc
feefbe
fe9046
ff737e
004dbc
004d22
004096
ffc316
fe7bbc
fe4598
ffd8c4
014b7c
017fd2
012da4
0152ea
028bce
03f26c
03f4ca
0343d8
039aa2
047e42
0489c8
03bd30
02e05e
02a948
030c26
03122e
02c344
03212c
0394e2
033384
03210a
03ed76
043fc8
03c8f0
034eda
02889a
015222
008c52
007c30
00adc4
00dcde
00ac72
fffb84
ff6f04
ffadb8
00b98e
01dc9a
01f6de
00f942
0029a0
0041be
00ca82
010e0c
00787a
ff4bb0
fec472
ff3eb2
ffb864
ffc776
ffa9ee
ff5ce4
ff3530
ff619a
ff2b22
fe73ec
fe20fe
fe2c38
fdd28a
fd100a
fc47c8
fbcab2
fc11c4
fd1e00
fe3160
fea9d6
fe9874
fec33c
ffaa24
009242
00c592
00a7f4
006380
ffe262
ffc87e
ffdcde
ff12c6
fe3b34
fe9502
ff1a4e
ff2b58
ffd622
00c2b0
011d0e
01af2c
025a12
0201f0
0187e4
01bdec
01580c
005660
003804
008b22
005ec8
0075f6
011a92
01abaa
02376c
02a8fe
02954a
028d3c
0326ea
040058
04b688
04d9a2
0421a6
03c076
048c14
04fd96
0445f0
041216
04e70c
050cce
04216e
03b602
045576
04d49c
043d76
02ed10
01ed64
01935a
013ef8
00a836
0072fe
00e52a
0133be
00d1b8
008ce4
013e16
024862
02b7c6
02ca18
02ed40
02ad36
01f4d6
015e1a
00f2fa
00885a
00932e
00da74
0040fa
ff03a8
fe7c9c
febdea
ff1262
ff6bf2
ff6ab2
fe8fba
fddbfc
fe373c
fe8862
fe1ab0
fdd952
fdf538
fdca46
fd8d6c
fd83b0
fd9450
fe4172
ff5ce6
ffa48e
ff79b2
00407a
012abc
01026e
00ecc0
01b6f0
02351a
02152a
024cfa
02d2a2
02fe54
02f230
031442
0389a8
043d8c
04bbe8
04c09a
0499ae
046b6e
03fe06
037976
034abe
036cf8
038e14
039c04
039cd8
0352b4
02d0a8
02f8c8
04290e
052062
04d4aa
0412dc
040904
049b42
04ccae
040e34
033094
0384a8
046e8c
04085e
028b0a
01f06a
02bc6c
03c614
03e870
02d366
01cfc0
026974
0381a8
03013a
01cfec
01e3c0
026dc4
01cecc
007db6
ff7d82
fefa32
ff14be
ffb922
00394c
003f1e
fff992
ff60a4
fe9e44
fe7760
ff36f8
fff6fc
ffec5a
ff6b06
fef602
fe7e58
fe29f6
fe7ec6
ff5ec6
002212
0064b4
001594
ff4a8e
fe74ba
fe2754
fe885e
ff3fa8
ffa432
ff3f2c
fe60ac
fde188
fe1daa
fed734
ffbc5a
006a2e
009786
00b232
011952
013242
00c42a
00cfc8
0176e8
0170b2
00a178
004e48
007c00
002894
ff912a
ffbdda
00b6a0
01a57e
01e674
017e7c
011cb4
015950
01c254
0195b0
011e44
010206
00e22c
004cf0
fff962
008c60
013fde
012fd0
00d240
01193a
01f7c4
0297f0
0273ce
01e050
01c44c
0264b8
02cd9e
023e12
017b18
016cb6
019ae8
016e96
017dac
023f40
02dc60
0295e6
0209c8
01e218
01f8c8
022aa2
0228a0
0127e0
ff854c
feadc4
fec55e
fed154
fe9a7a
fe6d8e
fe819c
ff1fb8
001bac
00b63c
007278
ffc980
ffc836
007a6a
00840a
ff652c
fe4bd6
fe1fec
fecb5a
ff8b22
ff3d3e
fe15aa
fd865a
fdc050
fe288a
fec6f0
ff186e
fe7014
fd8904
fd1940
fcd8a8
fcca20
fd04c4
fd0fc2
fccc12
fc89ac
fc60a8
fc73fe
fd418a
fecf46
ffb74e
fef6d0
fe3ade
ff2062
001452
ffacca
ff3ad6
ffa68a
002ff2
0094f0
01216a
01b378
01d84a
0171ec
015a5c
02068e
021d96
010d8c
00806e
012666
0192a6
010a10
006270
005fe8
00adb6
0091d2
005606
007e56
009f0e
00b656
016afe
01ffde
016e04
00998e
00b99e
017836
020644
01f2c8
0135c2
00a71e
013ada
021d14
01dee2
016c4a
02423e
0305b6
0236ca
016e86
021ccc
032aa6
039244
035f94
02b964
0225be
021bc4
024586
0220f4
01a4f6
01a472
02ad68
0387ee
032828
028814
025a88
022662
0209c0
024bac
02cd06
0358ac
0316c6
01ee64
018954
024d68
0298b4
01ff44
019104
01bdfa
01ba2a
00a584
ff5fc4
ff6ae0
00390e
00816e
0004ae
fee0a8
fe247e
fed63a
ffa7b2
ffa9ca
ffe284
004be0
0087e2
011c6a
015962
0104bc
014b8c
0160de
004b90
ff8e78
ff94b2
ff6a5a
ff2f50
fec396
fe1a58
fe008a
fdca0c
fceef8
fd045e
fe3d16
ff3a38
ffcb10
ffb894
ff0670
feeea0
ff506e
ff2bfa
ff342c
ffbd0c
ffe7b6
ffd62c
001f60
00975e
00f050
01254e
017e50
01c558
011882
0015ea
007178
01e51e
02caf6
027152
019236
01af62
02a5c4
029c86
0210c4
02ee7c
0402cc
0377ee
028bbc
028bee
02d09e
02ba00
02730a
0210ae
015e06
0087f8
004a64
009670
00f834
01dd8c
028a80
0192f4
00d4c0
0229ec
031872
02661e
0256fc
029a4e
017de2
00ac46
01677a
01b4be
009e38
ff8dc0
ff5f22
ffb550
004070
00f64c
013f8e
008a70
ffa40a
ff68e4
ff331e
fe96e8
fe110a
fda324
fd4042
fd3242
fd12a8
fca024
fcaf36
fdbf12
fef2a2
ff2db6
feefcc
ff6158
ff8214
fe3b14
fdade4
ff07c4
fff4d4
ffcdfe
ffef96
000092
000970
00e71a
015eac
00bf5a
006a8a
005656
0013b0
00748c
0098c0
ff7a72
fef208
ff9e58
ff2b6c
fdb7c0
fe415c
00c506
0209f6
015544
0091ce
006d86
00c15a
0125a2
0093b4
009b2e
028b58
02bb38
015438
02c72e
034ff8
029b4e
0b3ad6
15bc46
0f58fa
0342d0
03e6dc
061daa
0253f0
036f8c
062dba
03579e
031c6e
060ed4
054266
049318
052956
031e0c
025b8e
030f1e
003db0
fe09f6
fff308
020550
03bc8c
04f322
032a50
00cf64
0025fe
ffd700
006eb6
016620
0190d8
0311a4
04f1c2
041c82
024e68
0108d8
ffdb5c
ffa55e
ff1b3e
fdb8d6
fdb9d4
fd818a
fd44b0
0119bc
03d28e
00ad8c
014456
08327a
095f88
03b430
01c3d2
04db08
065430
03f648
018bf2
01c63c
014b58
fe2392
fc2754
fc6f2a
fd2194
fe7aa0
fe3cb4
fb23f8
fa9130
fd8e92
fe7f2c
fdb1a0
ff258e
0168b8
00f5bc
fe5d40
fe21d8
014870
020d4c
ff3ba2
fe712a
ff5344
fe49b6
fd5bca
fe5720
000d32
005efa
fd571e
fba2c0
ff6e8e
0116f6
fe461a
ffd420
0393da
021846
ff7ca4
fecd3a
fecaee
01a0dc
043244
01dbd8
ff48f4
004190
02e6ee
0438d8
01a2c4
019cba
0a26d8
0e4b7a
05d170
fee862
007892
01e15e
ffe506
fd4b24
fcec76
fdc3ee
fa2eb8
f61f04
f90426
fb8c2a
f9c6d0
fa712c
f9fca4
f708e0
fac5dc
ffc848
fd1fcc
fafcfc
fd2d90
fed102
ffceac
fcdcac
f80642
fdf046
07e978
04cdba
fe1ddc
0169a4
04838c
005a4c
fc7298
fb9d4e
fcf2ec
008910
01a0d0
fea81a
fd88bc
ff0580
ff6818
ff4724
fe0c12
f9c432
f667f4
f6e282
f84b76
fa449a
fdf0a8
00b47a
00a572
fecbd4
ff1afe
065002
0e68e2
0ae8e0
00a64e
000b9a
06f942
072c9a
03119c
04e674
076658
035cbe
ff25d8
fe60ea
fdd1c6
ffe934
038556
01dbaa
fe903e
fe638a
fddfa6
ff5026
0355fe
0198b0
fe5068
0461fe
0d0d74
0d7f76
08f16e
086104
0d37b2
0df520
081d70
079d10
0ae32e
05a5c4
001afa
03d622
068b72
0432ca
02e4e0
01cb0c
00ce74
00baaa
fd5fd4
f90188
f947cc
fc5756
002622
03ee24
03fa12
016ebe
01c856
035610
0085ca
fd88d6
02373a
07bad4
04affc
02d5c4
09cdac
0c6b74
04dc16
00468e
044b72
076774
0393de
001096
0388d6
060598
01f240
003276
030c7e
03f790
03bc9c
0259f6
fdf324
fcb4ca
fff4c0
00a018
fdc096
fb6ebc
fd1ca4
00f79a
feeacc
f95812
fa37cc
fd8214
fddb56
ff8282
ffb15e
fc4660
fd40fa
02b664
056f10
037560
fecc38
fe82ba
053e04
087a22
05082a
0369d8
04542c
0520b4
064552
04910a
00c1e4
00b0e0
02ec1a
029752
ff721e
fc8a7e
fd6f86
ffb4fa
fe41ae
fc9278
feb3a4
0011a6
ff05f8
004816
03977e
03e7c0
021d3c
03b0ee
06f17a
060aec
0362bc
038160
0444a0
0378f8
014f0a
fe8f66
fd29e4
fbf056
faaf30
fd8af0
001c32
fbf688
f8c09a
faed6c
fb84a8
fa850c
fa673c
f88e4c
f7aa64
f98bba
fa75fc
fba5b8
fd7796
fcdfc8
fd4846
ffa9f2
ff54ce
feda56
005248
ff09e2
fd6b8e
00e9aa
0588e6
0649d6
042d38
01a8be
00984c
00944a
ff901c
fec670
00553c
017738
ff9e94
fe3dd4
ff61cc
ff4dde
fd4114
fc5646
fc45d4
fccfce
fee0ba
ff9fe0
fea1b0
ff71a8
010886
024f8a
04809a
046a9e
024560
0375e4
052232
032b6e
01e032
028986
02e55e
03c27c
0318b6
ffbe40
fe66ac
ff9118
0036ec
009ff8
ffb75c
fd7316
fe2db0
00e07e
005ef6
fdca94
fc9848
fcc170
fd98b0
fecae4
0033a4
01c13e
023d8c
017904
018814
031ef4
04900c
04db4a
04a3a0
042474
0290da
010e78
021520
043104
03d544
01a3cc
00cca0
01f8dc
02dbb0
01761e
ffbed8
00ccda
0267c0
00dac6
feac8e
ffecca
02b24e
02bd4a
002e46
fe7e24
ff2468
004a2a
0075aa
007ff0
015b1e
0248fc
025428
0236dc
02e15e
039e96
040456
049840
045b50
02db30
023ff4
02d0e8
0272d6
016d06
0145a4
021dac
035c02
02f7c4
001d20
fe70c0
ff941e
000168
fec3fa
fe1fe6
fdf208
fd722a
fcd116
fbe4dc
fbf992
fe0744
ff9ff2
ff7462
fed85c
fdddf0
fd620e
ff688e
01d074
0138ea
fedafe
fd488a
fd1a26
fe2fbc
ff5ec6
ff4198
fe54d4
fd5408
fc6938
fc95b2
fdda98
fe49b8
fd90f0
fd4266
fd5c36
fcca22
fb9a1c
fa8e74
fa9d54
fbf89e
fc9e5c
fb4dac
fa7754
fc0a20
fe3c1c
ff1d64
feeaf6
fecbca
ff8604
001ece
ff1810
fdbb8e
fe3c72
ffe404
00901c
ff9c72
fe723c
ff0fb8
00b0ca
006a3a
fe6ef6
fdb346
fe8eaa
fec54a
fdb9ae
fd267c
fe08f0
fea670
fd8728
fc4d04
fc94d8
fd5478
fda2d2
fe1b00
fecf60
ff193c
ff1b2c
ffb7b8
00d938
01092a
005250
00b16e
01e29e
01a91c
00c1e4
016fb6
02c152
0266f6
00d9d6
0043ca
00c0fe
005cd4
ff2004
ff5d3a
00e0b4
0143aa
00b90c
009ac6
0066b0
fffad0
ffc77c
fefa9a
fd8ed6
fd3a50
fedb54
014d06
021142
006886
ffa3b4
01eb5e
047d86
04a182
029f52
006a7c
00c3ec
02e668
02ab20
00de30
013080
01d1e2
005d28
ff3096
fff65a
013930
00c21a
fe8460
fe3db6
00a700
0069b8
fd56f2
fd2e46
ff69a2
ffd02a
fe9420
fd648c
fdbaf4
fff342
01150c
00c02c
02270e
03a6fa
029a50
01d5b0
02ddda
0415e4
050d04
049956
02bd90
028774
030464
010a9c
ff1dde
ffec0a
013f1a
010348
ff0a32
fd7496
ff957c
0236fe
ffac22
fc29f4
fda1ac
001bfc
ff5136
fd7d80
fcdcb4
fda604
feb0ce
fe64e6
fecfb2
015020
02058c
00ae06
019464
0368a6
0351b2
031e1c
0340f0
02baa0
024006
013bb6
0056f4
017554
016bb0
fede7c
fed366
00c3d8
000f4e
feea72
ff70cc
ff20bc
fe1086
fd5cba
fcf428
fdd6ec
fe9c26
fded36
fecc10
00ad20
003362
ff851a
000002
ffc500
004a72
00e59c
fead46
fdd5b8
0128e2
027706
ff339e
fc675a
fd62ba
0058de
010032
ff9912
00f94c
02b74e
ff9f48
fd2de8
0054e4
0354b4
02a7da
013cf6
0076ce
0033f2
003b84
00b118
0287a0
03f964
03af92
048628
059ee4
03b8a8
0251a8
0423ee
057c58
04fb34
042ecc
03adf6
045b82
04f790
03b424
02f530
043abe
0616c4
079038
062d3a
0219c2
0138c4
03697c
02fa12
016864
01b27e
013198
ffaebc
0026a0
02d2ec
0554ca
04b9c8
024f9c
031152
056034
04ac36
03d24c
04bb08
03cbb8
021baa
02cf82
03d6d8
03b4e4
039f4e
03ea22
049bb2
04d4c8
039ad2
02e5dc
03fee6
052846
05681a
044848
01ecda
0176d0
03e3f6
052854
03f612
039b48
04d0e6
0530b8
0487a6
04cbc4
0667ee
07b10c
074162
05a334
04e15e
05cbb4
06a428
062f7e
051f84
03a28c
01fad4
011528
000664
fe33b0
fd3216
fccd98
fc1d80
fc5cdc
fd3e42
fdb25c
fe827c
fe8ae8
fd2b0a
fd4826
fe15c0
fccf7e
fc0cb4
fd4cbc
fe4866
ff1e4c
ffb1c6
ff603a
00be9a
034314
0386ae
02c618
01dcee
ffaf4c
fea642
feb79a
fcce5a
faf4b2
fa9392
f925e6
f79746
f6f176
f5e0f4
f5afde
f61448
f56ce0
f6bff6
f9c27c
f9585a
f6f590
f68680
f74084
f85eb2
f8d924
f77fb8
f6b556
f6dca6
f5fa98
f5f440
f7290c
f6ca84
f55ff4
f3d66a
f2b588
f40e4a
f43bc8
eef702
ea891c
ec5ac6
ef67ce
eefafc
ecbb52
ed47a2
f17ed4
f2a2f8
eeca58
ee0f5c
f19d98
f3514c
f33682
f2d3a6
f24100
f43460
f7463c
f864ac
fa09ec
fb318e
f8a764
f72b5a
fa0f18
fdcd10
ffb69e
fe2826
fbbe68
fe7d58
0261ac
016fea
00e068
01a1a8
fe6696
fbe630
feae38
021138
04634c
061de0
0650fe
076830
08b9b6
07d816
09618c
0db432
0ea82e
0e0bb6
0f07dc
0f8e4a
11b0dc
154f0e
1523da
13ed8c
14bf40
12ba8c
0f9f30
10dec6
127dbc
10936e
0d4d44
0b2a64
0ca5c2
0f21d2
0c3fb0
079ece
077c94
07baee
05fb22
056a24
045390
02850e
03e048
05e5fa
04ec22
0320c4
01acda
00c53a
01d564
032228
035808
03c7fc
039846
039cba
06676a
081426
05d83e
04fef8
062b30
048130
02832a
0489ba
076224
0759f8
05ee04
063442
0800f4
077a20
054334
075f98
0bd462
0ac758
06c1c4
0769a2
0ba00a
0e9a62
0f16f2
0e056c
0de2fc
0f9c82
10d72a
113b80
1276aa
13cd40
1417a6
13aae0
135578
14254c
151f9e
147f4e
142ac0
1565d8
15164c
12a864
1173e8
11ff96
11fada
103fc4
0daf1e
0bece2
0aebb2
09cd96
093428
08f9dc
079cf2
0517dc
024172
0072be
00d0ec
010cc6
ff4824
fe494c
febd08
fe00b6
fcf540
fe2596
015f76
044192
038b70
001fd2
fe8ed4
fe85f4
fe705c
00ed20
03d584
019c12
fc79fc
f9895a
f9eb78
fc4274
fc3b1c
f835f6
f48154
f199f4
ee4ebe
ee8a3e
f16384
f1d87a
f1aa9c
f1aa32
eed79a
ebf006
ebf890
ed4a62
ef3728
efcf4e
ed54f8
eb0d16
ea262e
ea141c
ec71da
ec944c
e6da80
e3b5f2
e63214
e6d662
e5ff14
e77a5e
e78652
e36c1e
ddc888
dafd9e
dc0ea4
da5386
d42772
d1aff8
d16554
cc6a36
c93418
ccb8d6
d047c2
d18b82
d382fc
d7400a
dcf898
e2afe8
ea6128
f9dfa2
0a462a
10f60a
12d96e
163948
198556
1cd386
1e559a
1d6d5c
1fbb86
218c4a
1bdd48
17b7de
1c7e68
22d8da
2497b6
209202
19fba2
16bc42
122a78
092582
079340
0c6d76
0819fe
fe80be
fd14ee
0330c0
0b8b8e
113d3c
12ebb8
17cbfc
1e559e
1ecc5a
204b6a
25f59e
23897c
18a82c
0e8c86
06c866
0394e4
0428d6
01bd08
ff9a70
00dba4
fe2442
fa26d8
fc654a
fef2ce
fcdd9e
f6b384
eb1aae
e14986
e059fa
e110c4
e141b6
e672ba
eb6608
ec1c90
ee849c
f3d6ca
fada66
03574a
07cd2c
086c8a
0bce1e
0edd88
0e00fe
0eb214
115ec0
126bda
12f0a8
11f16a
0fa58e
1184ea
1608da
17e854
18f356
18c904
14622a
10989c
109842
0f437c
0b3242
07c03c
061410
067382
084faa
0ba3d0
12e076
1b0d14
1d2714
1b8862
1caa20
1efe76
1fe404
20896a
1fe6ba
1cd3ca
190566
1594be
13ca46
14ca50
15f542
14fe0c
131630
10e422
0ecc5a
0dcc78
0c40ba
091e56
06ca58
054f72
023972
febfbc
fd9f12
fe0dd2
fdbc66
fcdbbc
fe0ed6
023a20
066a70
086d16
096b00
09d0c6
089e0c
069edc
0535ac
040e76
027408
0062a4
fde81e
fb4704
f91dde
f77ece
f65d2e
f71468
f9ebb8
fb00c2
f77ff2
f3011c
f1914a
f1fb9a
f213f0
f1f39e
f1d30e
f17320
f12ee4
f238b4
f56dee
f9d124
fd6160
fec91a
fdcd90
fc5b62
fc9b58
fce1da
faf7e8
f84ff6
f5c084
f1c676
ed7d64
ec439e
ee5fa8
efd978
ed8f58
ea82fc
eb972a
ef629a
f0a89e
ed635c
e81c50
e57b1a
e66d62
e6722c
e41944
e26216
e13d38
dfac70
df623a
e15b3e
e588e6
e8e91c
e577fe
dd531a
d94b7c
d96b58
d7ce4c
d30720
cce2ee
ca3e14
ce8a94
d5441a
db790e
e2e9b4
e904ca
eeec42
fb6122
09ae4c
0fbe54
0e5428
0ad206
0a6f06
0fcdc2
144b38
14ec6c
17dda0
1a28c4
16ef9c
171988
1eef9c
263722
27d186
233cc2
1c0482
17e464
1310ec
0b49a4
09f896
0cd148
073c9c
fe0e3a
fd5e9e
0500f8
0ea9ee
133704
122f28
146760
190296
188eb2
186262
1ac902
15bc72
0a22b0
0284b0
015c14
033c86
025f5a
fcfd38
fb49c2
fe6da8
fcf0ee
f81ae6
f63fe4
f32836
ebd868
e52fc6
e3dcde
e7ed2a
e90b76
e1d90c
de3114
e637a2
ee77d0
f01828
f21460
f6ce86
fa0d4e
fa8b8c
fc81d4
048c4e
0cf47a
0c6b22
082a9a
098a00
0cecea
0d456c
0d449c
0ff006
15043c
186fbc
17d79a
19c95a
2121f6
24661e
1f46b8
192e80
176e0c
188a64
17dc3c
13f12c
137648
18fbbe
1bd51a
198ddc
1a315a
1fc44c
24b628
255bba
22ec3e
21e0c8
229f3a
21606e
20f176
248804
251f24
1f6362
1a8072
18b9b2
1696b4
147ff8
13bdf6
140d3a
1440ae
11726a
0d3116
0c6492
0c0bc6
06d8f2
000bda
fbdd04
f9ef84
fa2062
fc8692
00fc40
060998
063244
0149ba
0087bc
05a8ac
07d8d2
048c7c
0058a0
fde5a8
fdfde4
fedb0c
fe1e5c
fe4492
0032e4
feffaa
f9c2c4
f5119c
f34272
f3b994
f40492
f21204
f01de6
f04466
f13924
f3456e
f629a4
f655f4
f4486c
f4523e
f70b24
fabbd0
fded42
ff4cd8
000e0c
00e282
ff9b9a
fdbc70
feb90a
ffb36a
fcbf22
f8a508
f7ebca
f9a5d0
f8af62
f426c0
f1efaa
f3aa22
f36e14
ef4a52
ea3a38
e57de2
e37f3e
e69f78
eb4bd8
ec96d8
e927be
e2a2cc
de6220
e01266
e40ee4
e61832
e5c5b8
e3c860
e2640e
e285f2
e1a074
e03aaa
dfc536
dc2fbc
d407cc
cc221a
c73696
c5ca90
c7e20a
cba0ba
d21956
dac0ac
dd2a00
da54b8
e291aa
f998ce
0d430a
0ef5c6
03f66e
fd0b0a
02a632
0cfd92
158f42
1ebe34
2315ae
1a3012
0e018c
0f87e0
1e87ec
2ba650
2ac03c
20691c
18ea64
12e4f6
087062
03e684
0c9dfc
12fce4
0921e2
f808ec
f1744e
fbd09a
0bfbe0
13b3ac
141f5a
13ea60
1066f0
0a749e
0b8128
12deb0
13afac
076e68
f7521e
f1f8da
f77738
fa8326
f8fb10
fb17c4
fd557a
f86e24
f23d5e
f124d0
f0c1a2
ebb074
e36d02
de5ba8
df1d42
dfdaa6
dea9dc
e33bdc
ee01ba
f4947e
f3c738
f37136
f89362
fed61a
00b2a4
019dd2
07a8ae
0e6696
0ef1f4
0d4b38
0f7046
12e23c
1344b8
11821a
11f43a
164e12
1ab53c
1c797a
1dfe14
1f5b58
1d60d2
194df6
17fa02
1a3144
1af1ca
16bc80
127d90
14279c
191440
1d77be
226dd8
26ce40
27abd6
25ca7e
22a5f2
206994
21b9ae
237f94
21c0a2
1f7318
1f36c2
1ebe7c
1c7fc4
18f020
15a284
13961a
108982
0c9054
0b46d8
0ae152
0860c0
06e7bc
06aae4
041834
00df1e
fe712e
fb04bc
f8affe
f96330
fb8e42
ffce9a
050e28
06a5d6
05a3b4
0656ac
07b9da
0710f8
0420e0
010d2c
00cede
01b7dc
0001c2
fe5538
ffc15a
0056e8
fcbee8
f6ef18
f29e3c
f248e8
f30576
ef973e
eaa83c
ea4f38
ed17fc
ef0352
f0a5d0
f2c6da
f3ff44
f48462
f6f21e
fc770c
0255cc
05645c
05f3b8
063b3c
07b01e
09aeee
0987b8
06ef90
04f2fa
03840e
ffffe8
fc45aa
fc47e6
fe79ca
fd37de
f75758
f23e7c
f0c512
ef5108
ec88d6
ea9aea
e8dc2a
e72166
e72220
e70570
e5c254
e5c4a4
e5eb1a
e4e89c
e59fea
e7a3d4
e85ece
e84872
e6a166
e46a76
e64410
e8f3b4
e4f92c
dccd32
d6311a
d1006a
cc2fa2
c8287e
c692be
c81fbe
c860d0
c73622
cc9f8a
d696e2
db0d64
de2352
ea3264
fb92f2
06b0b4
06a3d6
02a376
060036
0edccc
13be2e
1781aa
1f721e
23d6c8
1ffb1a
1dbcac
259186
30e54a
326de2
29ac12
229cae
1e9780
14dc56
0a5b18
0a9ba0
101af6
0cbd28
ffb968
f6824c
fb97ec
0819b8
0e2730
0d659c
0de91c
0f9e32
0df0a6
0ae0be
0c983c
10e97e
0c2160
fd997a
f53f78
f85510
fb1c5e
f9e576
fad6f4
fd5280
fc45ce
f6e96e
f1ac54
f0c774
ef35ea
e6a44a
de104c
dcd240
dd673a
dc4250
de98f6
e677f4
ef0a4a
f22b64
f137ea
f54146
fd933e
ffa5c0
fe0ebe
035160
0c3500
107a08
112b4a
131db6
185d70
1d30cc
1c61aa
1a0070
1c5c3a
200760
2208f2
256ffe
2882f4
264938
1f5752
18b8b2
172bc2
191880
184b3e
15d236
167348
17351a
1633fa
191354
20ab9a
2655cc
2599a6
2007ea
1c0866
1d92dc
1fccd2
1e7a2a
1dcda2
203654
206afa
1b34c8
15b016
1511b2
158130
112dde
0bad3c
0a6a22
0a50b8
076bc8
038322
012646
007bce
fe9968
f8cf4a
f3be06
f4e738
f7b688
f6fe60
f77430
fce6a4
01f4c4
01df44
0069f0
02280c
03a11c
0071a0
fce0a4
fda86c
ffa904
00195c
00b16a
01b472
01c17c
0001f4
fbec7e
f77ffe
f52a22
f3a85e
f1fccc
f16c24
f12c90
efc0ee
ee7a2c
ef3c1e
f1b444
f35c48
f33f64
f501d4
fa21c8
fd79be
fcb61c
fc7fca
ffaf4c
043ddc
0723e6
067c58
03dfe0
025548
00c59c
fdf736
fe220e
03215e
05c532
ff9670
f54394
f03c88
f1abee
f279b2
ee7cf8
e8d934
e53ae4
e3007e
e0ad8c
df96ee
e0e362
e22e78
e08f70
dcc3b6
da9cae
dcfcfa
e1b060
e3b190
e27bf0
e16ad6
e1252c
e00ca6
dd8598
da1ef2
d724ca
d3d6e0
ce97c0
cacd20
ca11ba
c65d8c
c1af1a
c79416
d59a14
dd101c
db7134
dbdb76
e7d4d6
fc14da
096e14
099cf4
079368
08bf62
08deea
0baf1c
157ecc
1f64c6
230efe
21c7aa
215522
275b26
2ee488
2eefb8
2bc4c0
2a4252
22a4fa
13cbe6
0913da
078f02
09ff18
08aec6
01244e
fba33c
fe82ae
036eee
05f076
097d9c
0d01d8
0c16e6
07951e
04b454
07b25e
0af4c4
041cc8
f8f250
f7ac88
fc2d1a
fb05f4
f884e6
fc4292
01a28c
01cb5c
fd9d7a
f97c46
f5b00c
ef1f46
e762a4
e3a986
e38f3e
e30670
e282ce
e5932c
ec74a4
f26ad4
f45228
f62f1a
fb4b84
ff01b0
fe099e
fd6a7c
020fba
09b978
0ec6d6
102c8c
126306
168ca6
1902e4
1a2908
1cdde0
1ff2ae
22258e
23e5b8
247d7e
249f12
24cee4
2268ec
1e3c28
1c4bf4
1acc04
162cb4
1147fc
11331a
16b7d4
1cfd88
1e4718
1bfd78
1b1660
1ae5a8
19a5ac
19b006
1ae65a
199506
15e27e
1492e8
17f298
1b2964
19612a
16b83a
177b30
16a778
11802e
0e14b2
0ebeb8
0f0b46
0c4618
075098
037d34
035078
03374a
ffb2a2
fcc138
fd6ef0
fe7bea
ff4696
0391f6
0a44b0
0ce6b0
09d24e
06e6d2
070920
05b7a6
0181cc
ff4c7c
001d84
0053f4
ffc57c
005a5c
019798
0247be
018a7c
fef0ba
fb9644
f8205e
f4178a
f0d62a
efdde6
ef9da8
ee8156
ed79c4
edc360
efc6ce
f2998e
f41536
f4c944
f7e1a2
fc60e0
fe80bc
ff73ec
01f882
03af46
01f8b0
fee23e
fd8742
fe73b0
ff24e8
fd5fac
fc25d8
fea2da
00ae32
fe3558
faa052
f9379c
f837ee
f5a1e0
f159fc
ed050c
ead762
ea3a2c
e9afa8
e9cb12
e9bcfe
e7aa86
e4db5a
e300f8
e2393e
e36c06
e57068
e40126
df05d6
dc299e
de9036
e22204
e13554
dc0722
d60296
cf63cc
c9339a
c7bd74
c96aa0
c70226
c14098
c1b5d2
cc03e0
d7774a
dc120c
e0ad6e
efece6
02db40
0a0e12
06f3f0
0741a8
0db642
115c2c
103c2e
1337e4
1bb6a8
1e52a8
190a18
192220
22c526
2aa3d4
299694
23e1de
1ff47a
1cfd90
143b28
0813c8
03f520
0644a8
03588e
fc3848
f8dc38
f9ffba
feaf98
05ff74
0cbe46
11d00a
136a82
10341a
0f4f0e
142546
145d92
0b3cae
01f6b6
fe3db0
fcfc9e
fb1a54
f9cb0e
fca65e
01710e
00bb34
fb8370
f8a484
f6bc82
f12100
e8f554
e1bd9e
deaa98
e03062
e281de
e5146e
ea9c1a
f04fdc
f34da4
f77692
fea416
047032
05bcaa
04e21c
06fca4
0d43de
12ec30
15e7ee
197176
1d0a64
1d3ee4
1bf0e4
1d5000
20b554
227600
21bafe
20fb60
2043ae
1c6c64
16e664
153892
16792e
14169a
0d6f0a
094600
0ba2b4
108844
12f97e
13d5fa
15471a
16065a
15d22c
165c48
16c454
1590e2
141b82
13d06a
14738a
152fc2
1550e8
15785c
1620c2
1501fc
10cd20
0cc22a
0ba5b2
0b7c7a
0968be
058d52
0196ae
fed2d2
fe19c0
fe8ad0
fdbf92
fbb100
fabb06
fb59aa
fd6c9e
020332
06f01c
08081a
05e842
044124
04da5c
06ee0e
06e5a4
034e2c
01b322
04db54
06900a
0443e0
030b0a
03b7f4
027d32
ff4e20
fc0534
f81f7a
f30a38
ee9886
eceacc
ec7630
ea4cec
e8aa86
eae42a
eda052
ed2c1a
ec8e9c
ef17e8
f3e204
f8ec32
fc0254
fc4386
fc1c24
fd33fa
fe5668
ff6a82
01408c
0324fc
045138
043390
0294fa
01eeb2
038e8e
036ea8
ff8486
fb98c6
f8f490
f53074
f0d90e
eddcc0
eca99a
ed56b0
ed253e
e993ba
e7a044
eae15e
ec55fe
e799c6
e2ff1a
e3185a
e4f602
e5058c
e32426
e1c93c
e14b38
df196c
dcb656
dc8dc8
da4d60
d48a36
d0f9da
ce4fb0
c6c116
be4922
bc552c
c234f0
cd8cfe
d7d746
db26aa
dd625a
e8c2b8
fb6a1e
0a44d4
0f847c
0ee23a
0cf3a0
0a6202
0b886e
15a58a
20645a
1fe4f2
19b7ca
1a33dc
216032
28a9e6
2cdbc6
2d957a
2a4b48
20fdf0
13ddb8
0bdf72
0c445e
0d7c88
0929d6
ffff2a
f74a2e
f5c214
fc2672
052dc6
0d302c
1119ae
0efad8
0c2052
0ddaa6
10b0da
0eadf0
069c2e
fd437c
f87eda
f6693a
f3b5d0
f521ba
fb3e46
fe5580
fdc0b2
fce9ea
f9c536
f4bfba
efd89a
e8c77c
e1ce7e
df7b56
df689e
e0b7ee
e5f5e2
ebffc4
efa7a4
f2989a
f6540e
fcad00
048812
082388
08c9f0
0c26a4
0ff63a
12e2fa
18bda0
1e9670
1fe0c4
1fa592
20eea8
23b4dc
26e2da
27ac5a
2706b8
279e98
25f670
211928
1e31d8
1c908a
1870c0
12a082
0bff8e
07b4ce
0a79dc
101672
12a514
14566a
15cdd8
1570b8
164018
18e0a2
1a9074
1ad5d0
18547e
14221a
13e12e
164116
162684
15c944
16029a
132e10
0eff08
0c4fa6
0a7f7a
09c05e
084238
03e096
fff11c
fd84c4
fa40d6
f8996e
f933ee
f839b4
f789c4
fa622e
fecfbe
03ba4e
07d454
08b9e8
094c8e
0b6b60
0b9ab4
0a79e2
0a2c9c
08af36
0783de
09182c
09d018
087f54
0786ae
0594cc
02a86e
00e19c
fdf324
f89ea6
f425d8
f1a1da
f02406
eeccf6
ec2696
e9e0c8
eb43c8
eee846
f1a784
f2e7fc
f40452
f73ec2
fb86be
fdacba
ffeffc
042ef4
056ede
02ea12
01ffac
0318d2
04107c
0505f2
04e260
03cb62
031bb0
00e874
fdd118
fd4822
fc6bb4
f76e5c
f13c42
ecc694
ea6cac
e9bf1c
e87236
e69532
e57412
e294c2
e04970
e44a3e
e855be
e4bd5a
e00c96
dfdec0
e0c63a
e1d722
e32ca2
e283b6
df9042
d8f848
cfae4c
cc0bbc
cf72ac
d067b4
ca8e18
bfaaa4
b493c6
b4995e
c3201c
d38900
dbe3dc
dca380
dc3c60
e65a80
fbbc08
0c1bb6
108d62
103b6a
0c46fc
065248
089490
152d32
22495a
26b6f4
2203a6
1f28d4
257990
2bad98
2c6cbe
2ecd24
2eb766
21f770
1003e0
05f1dc
046bf0
05a5e2
044e4a
ffbde4
fc2de0
fac29e
fc7282
0521ba
0fad44
1306a4
11b332
0f6f0c
09f012
03bdfc
ff52f6
fa455e
f73e92
f759ec
f3d5c0
ee00d8
ee882e
f54802
fd4b00
029c5e
002620
f6adae
ec9db4
e4f42c
e16c74
e1eb36
e099e6
dcbb56
dd06b0
e2f47a
ebd308
f56ac8
fb0cbe
fcda04
00cbb4
056a66
06b8b4
08e0e4
0d231a
0e86a4
0e65dc
11d334
18288a
1dae88
205362
21ada8
243644
25fe9a
269a4e
2a5836
2deb7e
2959de
20c458
1c594a
19f568
167ec4
141ee2
128e94
0fe01c
0d8d3c
0ee5a6
155f04
1c40f0
1c63c0
17c896
15ba60
15d96c
146264
124a0e
10aab4
0ebef8
0d1e6e
0cbbea
0de64c
1004a0
10cbcc
0fabce
0e6314
0c90ce
099cd4
075b96
05b480
030f8e
0030ce
fdbc82
fba304
fb4c7a
fc5444
fc6c58
fc94d0
ff3efe
03ca72
07db70
098cf4
08e67c
08428a
08cdd4
095da4
090c7a
074270
047b80
03d092
065c0a
08ffba
09e012
09a6f6
089f30
072c22
052aa0
01221e
fbb78a
f7c43c
f5bc76
f39032
f0108a
ec9a6e
ebea08
ee5470
f0ea56
f22d52
f4208a
f84648
fc7994
fdcd7c
fd925c
fee744
0023ce
fed788
fe190c
fff124
00e5d4
ff8656
febf0a
0048ec
02dc12
03d1ca
027a52
0133de
005054
fd958c
f94a30
f4856c
efac0c
ecb2e2
eb62b6
e97df4
e87ac2
e840dc
e557aa
e2bbda
e4ba48
e6f216
e5901a
e2ebde
e0f712
e042cc
dee35c
daadd8
d9060c
dbf2dc
d976d4
d0fb2e
ce3622
d01340
cd9f26
c89396
c53df4
c3d396
c4cc34
c88922
d14866
dd2f7a
e09f6c
dd2d96
e6a906
fe1e9e
0f6d4a
1317d4
0f4de4
0b1968
0d6f24
153208
1d836c
27943c
2c5388
22dd38
1ab1ae
244366
32e820
3694f6
31395a
299e40
229f9e
194dbc
0cf88c
09725a
10bb36
0f9df6
01bc9c
f87130
f9b074
009438
0aa896
1150ce
10ca84
0d54ec
077ce0
01e874
032806
0477e2
fd1a0a
f44160
ef81ce
ebec0c
ebbf56
f0905c
f61ea4
f9ea38
f91e32
f3a7a8
f09fb0
ef9484
e96084
e23826
e06b5e
e02552
df75d4
e0d4c0
e52e10
ee4044
f82ace
fa5764
f9855a
002c4c
092374
0be95e
0c5d88
0f268a
12479a
147040
184068
201106
279698
288480
26d6de
2965f4
2c3214
2bc130
2d878c
3137e6
2f193e
26bb06
1eea02
1bcfca
1b7b6a
1887de
11c05c
0c7884
0bf364
0e52fc
1199f8
148ea2
16324c
160152
12cfd4
0e43b6
0d9388
0fcb60
0e0e00
0941e2
08b35a
0c1632
0d48c2
0c530e
0e140c
1187d6
103d88
0a3fbc
06dfc2
074886
05870c
01429e
ff03e6
fe455c
fc69d2
faf31a
fbb634
fd7e18
fe782e
fe9144
0001a8
0432d2
082526
084910
063e9c
0628fe
089916
0a0a48
080ad4
0548da
057514
07364e
07d4ee
083f94
091c2e
08bafa
0703de
049d84
006988
fa99c2
f5c01e
f334be
f1bf60
eeeb4e
ea5ba4
e8435a
eb75c6
ef277c
ee722a
eca0ac
ee65e2
f22f84
f490ce
f571b2
f67238
f80672
f9368c
f9e8ae
fbd7f2
fef174
0053c2
ff5cc2
fe34c8
fdb208
fe23c2
fff9be
00d296
fe3ce0
f984fa
f485dc
f0e952
f09ef0
f0fef6
ee474a
eb640a
ea4d66
e74980
e42e14
e63b82
e97c18
e7d290
e2aada
dd5074
da5464
db39d2
dcaca6
dbb8c6
d94db8
d4f148
d03c74
cfbc32
d0ac42
ce7302
cbac6c
c7e0c0
c04adc
bbb5a2
c0acbc
ccd954
dbb656
e5540c
e558f0
e840de
f85c84
0be0c6
17ccac
1a8eb8
156180
0f9968
10ea7e
18001a
226670
2aa066
26adfe
1db024
20f18e
2c7188
328a70
3235ae
2d1936
24dd16
1dd098
1613dc
0e78c6
0db758
0d4272
049610
fcaf4a
fb92a4
fcad80
0125e8
07f716
0af38e
0c125a
0bf6a6
077c4c
04a492
041d58
fd0498
f42676
f132d0
ed3742
e75a00
e74a3e
eb0ba0
ef2e54
f31cb8
f2a4d8
f036e6
eff336
ead47c
e0d432
dce832
de18a6
ddde2a
dee2da
e2e416
e8aa8e
efbb4e
f4a6c4
f92bc0
02cbde
0b3376
0c182a
0c94a8
1072ce
14d71e
1b1b34
2236b0
26a310
29b498
2aa0ee
28935c
295c9c
2d4c66
2e7060
2d85d2
2c2908
282192
232054
1f7276
1d3e50
1d4082
1aaf5e
10cf24
07277a
04acee
060c30
0a0950
10d4fc
148cd8
120e88
0d414c
0b4ae8
0e4c5a
113b24
0e699a
09de82
080f04
06faac
075e6a
0a3654
0bf88c
0cd854
0dd5c4
0b6664
0747cc
0633c6
05799e
02f28e
0149f0
0018a6
fe65a2
fdb38e
fdcafc
fe15de
fe51ee
fe3742
010cba
07241e
09862c
07c4d4
08d254
0bd5bc
0c80ce
0c8faa
0cdac4
0b935c
0964b6
077714
06e382
085df4
094a78
088b84
08c4a6
090144
05fa4a
00d44c
fc450c
f8f5a2
f5e472
f14974
ec1066
e97b70
e9d606
eb6696
ed5376
eea1a0
efbc52
f227d2
f4c494
f63070
f7598c
f855e4
f8cd52
f9abce
fb3f14
fce93a
fdefde
fe63f4
ffe648
018f6e
008062
ff4e22
0129e2
022fac
ffb1a8
fc046c
f8172e
f52c04
f3df7e
f0b4ea
ed45ce
ee5044
ee26f4
e82aac
e4a324
e753e8
e9242a
e7007e
e3d5ee
e24612
e240fc
e01662
dc5c9a
dd05ce
df4a6a
db9f68
d51502
d1c402
d11c84
d0fbd0
ced83a
c9911a
c4ab86
c25f8a
c5197a
d16e50
e03998
e4e2de
e5aa70
f0613c
02bd02
12a1a6
1a0bae
17f1ec
12f7a2
11d948
14c288
1cefd4
286b4a
2c1d3a
2575bc
20994a
25693e
2ffae0
37107a
3483aa
2c5ad0
232704
161360
0a7e3e
0bc8b6
127b24
0e4508
014802
f7c370
f6634a
fbf522
048ad2
0b3568
0d41da
094b04
01d678
fe7388
00e1ce
01b7aa
fbff88
f24678
e9c1f6
e57894
e4be74
e74298
ee107e
f48c2a
f3e398
ef21a2
eddbd0
ee81a2
eac7d0
e3bac8
df2164
dd756c
dbbbc4
dcbc94
e50ed6
eff08e
f4e1c0
f52700
f89cb0
01a9a8
0b3400
0fbb84
10174e
110a1a
138d0a
164b70
1af804
21d23c
266060
264bf2
2487ba
24601c
2628f8
287a78
2a5dae
2a8cc0
26493e
1e4730
18d280
18cafa
18f5f4
14412e
0c4e22
06a186
065cf0
09452e
0c6de0
0fbbae
1150b8
0e70ee
0a2b56
0954c0
0b7034
0d4326
0bf592
072e9e
040482
065536
09fc9c
0b16f0
0baf78
0cbff0
0c3534
0991f6
067114
04d0fc
04bc14
0389ca
004b56
fccbf0
f9e136
f883d2
f9ae4e
facefe
fa6c28
fbf930
006964
043aee
06803c
086ef8
09c54a
0a93ec
0b2c46
0a9aac
08ce00
079338
08859e
0b0638
0c179e
0a8f92
097a3c
0a7ea4
0ac860
080c4a
030ae8
fd52ba
f83000
f44f48
f15d38
eeaff6
ebfd42
ea23ee
ea5d02
ec3fba
ee97b8
f06c98
f0c396
f0fe88
f393fc
f687e6
f7438c
f8369a
fa8fc8
fc34d2
fe0118
007248
00cb48
001774
01160a
024ee6
03eeea
07af08
09152e
040a34
fce358
f8eb92
f80ac4
f74518
f3e9ba
eef2f4
eb87a6
e91de4
e5fc38
e46ac2
e64dfc
e8e36c
e827f2
e3b24c
e0009e
e09b14
e27eca
e23c30
e0e264
de762a
da9dc4
d8e09a
d9c572
d8c73e
d53068
d11d5a
cc408c
c80294
c6727a
c5deec
c7f506
d185ec
dd4b62
e26bae
e6d1ea
f4b2ae
061c48
0f52ec
115482
13272e
15b37c
178bae
1a7848
2000fa
2560f6
263004
2326e6
2377f0
2b7764
34a516
35834c
2ee84a
2874ce
22b54a
1a4190
139880
1213b4
0d6a12
022154
fa32b8
f99dda
fab832
fdac58
03dee0
07ca64
075f9e
05a9be
037358
029370
038ef4
ffdc8c
f5ca0a
ed9b42
eabc74
e990b4
e9a47a
ec5fdc
f0a9b8
f3f55a
f3ec9c
f236ec
f2669c
f1c16c
ebe222
e36f78
dc51f0
d78b64
d71de8
db8156
e26860
ead3f2
f2524c
f58dae
f841d4
000eba
0a2530
109ab6
125f52
11da02
126388
15efda
1bcf8e
231330
29cf76
2cf63c
2e0056
30b2c8
334d6e
331334
320a7a
30ec08
2d3928
26ad56
1f2918
18d2f4
1550cc
126ac0
0cb144
06a530
04e394
06cdb6
0996a0
0c35e4
0d8b40
0c7318
09cc76
07dc02
07db6e
07f1b6
05b9b2
02f2e0
032232
062904
098d8c
0bf642
0db048
0fad2e
10aef4
0e4330
0a4c14
07ec1e
052c2a
00e264
fe84da
fdebfe
fb9e4c
f93d70
fa16b0
fcb9ac
fea458
0010fa
028ce6
065538
091d9a
097b6c
096e4c
0a61cc
0b9dc8
0cc758
0d1aec
0c3d06
0bfa86
0c94dc
0cf094
0e677c
10c3f6
1110ec
0fc564
0e21e6
09fb86
039098
fe4038
fac410
f7f486
f4780c
ef8340
ebc518
ebf4a2
eebde2
f2d776
f69b68
f5f7b0
f23abe
f1aaec
f4710c
f6d21a
f89d1e
f964ec
f7d1f4
f67ec8
f937a8
ff89c4
0487f0
03b142
ff83f6
fe613e
00d528
02d94e
02b91a
0046fc
fb2574
f4151a
ed88ce
eb680c
ee6506
f044d8
ec074e
e49d36
ded714
dd5fec
e15a68
e71026
e787b4
e1690a
dad172
d960de
db8c4c
dccc38
dd9dc6
de9d76
da5a26
d133fc
cdacba
d1ec6a
d442d8
d106e4
cbdcbe
c5596c
bffd42
c49f64
d52ce4
e5301e
ea043a
ea7f66
f38bd0
04af24
13a546
1b366c
1ca024
1a2e9e
16f7c4
17b9a4
1f6ba4
29bbe8
2d9846
29362c
25857a
2a13f4
32e772
35d1f4
30c910
2a9acc
229360
1381ec
07609c
08bf74
0bac54
05340c
fe5320
fbe7ee
f8e9ea
f88f02
ff1d20
074958
0a84f0
057264
fbb17e
f7af48
fa26fe
f962d2
f356ac
ebc140
e4b88c
e23546
e44250
e70280
ec9bca
f32680
f1b472
ec61be
ec4fa6
eb2a16
e3cbca
dde29c
dc1366
d9dd34
d7a1e0
da0b5c
e463c0
f17bd8
f65dee
f53dc8
fa8d3e
0545a0
0bcba0
0e0860
0fd15a
11d456
14d454
190586
1eb272
260aaa
2b2f0c
2c1714
2ce5f2
2ea120
2e78d8
2dc2a8
2e8f9a
2ed624
2bd290
251bf4
1e0c42
1a9246
18bac8
1483e4
0f05dc
0b0df8
08f5f0
0832d6
08fefa
0c71ce
10a2a2
10329e
0c13e8
0b2b02
0cfd7c
0c26a4
09a756
08d33c
097ad8
0a89d6
0add90
0aad5a
0befd4
0d6e3c
0c9012
0a9bd0
0899ce
0557b8
01ae64
ff0998
fd59b4
fc5886
fa9cc6
f7f3f2
f73a6e
f86048
f8c680
fa25ca
fe7a0e
02bfa8
046df2
04a792
0551b6
072cfc
08ff94
09c1ca
0a60e8
0a386a
082f96
073bfa
09a7ce
0ce9f4
0e7524
0dd8e6
0bd0da
0a1b58
07bdae
0222ca
fbf802
f9327a
f79020
f40fd0
f0550e
eeb02c
ef5d24
f179a4
f3ee9a
f5f76e
f641c6
f49a62
f4634e
f71cde
f92f84
f98c00
fab6a6
fbbf8c
fb2802
fba54c
fe6696
00d76e
02027c
02f0ac
03caba
03fe20
02aa62
ffbb0e
fcf9fc
fb5468
f944f6
f5c158
f1146a
ebd1d0
e7f95a
e77616
e85f96
e79b60
e58b02
e3a8be
e18eb0
df77b8
df38de
e0aa1c
e08284
dcf4ee
d93460
d87fa6
d857e4
d59dbe
d28666
d0e18e
ce3a6a
c99d1e
c523f8
c294a6
c39ab0
c9c79a
d51224
e27ae8
eb67ac
ee897a
f6d74c
0989ee
18dbaa
1a8e3e
16fe18
16ba56
190982
1cc568
216a0a
2600bc
29cfc0
2990da
267580
29f830
339070
35975e
2e00a8
276478
2277f8
18df10
0dd8d4
08dfea
086dac
04d6da
fc7a96
f6ed60
f9ba4e
00148e
03e44e
066724
090c84
07bf06
01429e
fbfa2c
fbb74a
fac0d4
f3815c
ea10cc
e5c39c
e6e9aa
e8c8f8
ea3cba
ee1730
f3534a
f4be54
f1cc94
ee85b0
eb3918
e5e1f0
dfea4c
dba0fe
d984b8
d9dda0
dda89e
e69c42
f33e22
fc1aca
fde0b2
001124
083056
119ab6
16d602
177ab2
16485e
16eb92
1a3bd6
1ee408
252882
2bb890
2f73d6
316048
331ee4
32ff68
31e27e
317326
2eaf46
289496
226f32
1d22c4
190340
175ea6
151f1a
0f5660
09b9f0
0805b6
099cdc
0ce3e2
0f4fd6
0ed322
0c82dc
09533c
0634f0
06583a
0867fe
06589e
01d58a
01cfa2
04bd8e
05d630
07209c
09c918
0a45ac
08d32e
07aa3a
0516e6
01808c
003f46
ff4ad8
faf1fe
f620d8
f508bc
f6dd9a
f92524
fb1b34
fd678c
0056e2
02a860
04a95a
0881a8
0c2c0a
0bfd88
0a8b0a
0b7380
0c8a32
0bef64
0b4d10
0b4110
0b864e
0c44ce
0c84b4
0c7600
0d8c9a
0dca6a
0a3c36
04c806
009350
fcf8aa
f887ae
f3eece
f00ff0
ecb5c4
ea225a
e9f0d0
ec88c6
ef7568
f0c472
f17f9c
f297e0
f391f2
f4aedc
f5de9e
f5c2ea
f4de04
f54762
f70ad4
f9768c
fcb974
ff5f1e
ff63ea
fe1468
fe5d9a
008c70
01768e
fe3f56
f9615e
f6eb1c
f4bc8e
effd62
ec4a96
eba872
ea9bae
e88696
e6e2b4
e49212
e2865c
e2bde2
e312ee
e1fb6c
e0db76
df9fd2
de6546
de6a3a
dea56c
ddd98e
dc5d3a
da76e6
d90c08
d78cde
d3af56
cf92b0
ce0052
cb95a0
c79fea
c86c82
d12eb6
de3a04
e82050
ebb280
f317b4
0629be
182ca6
1d4c6a
1c3760
1aed3e
18bd20
18d5ce
1c88f0
221706
28902e
293472
22b552
239ae4
2f45e6
35bb92
32c2a0
2f6fbc
2b4c86
20950a
11b732
07c984
075e46
072c5e
feae2a
f734d2
f8d776
fc64ce
fe94d6
031e9a
0777a4
076a52
021c42
fa4ec0
f792e4
f8654a
f1ae16
e735d2
e442e4
e42ab4
e1d96a
e325be
e8354a
eceb88
f0a112
f08f6e
edc66c
ed2c8a
ea3cd2
e1b580
dc0302
db8d9e
da7114
da01f0
defebc
e95f02
f4d94e
fab2e6
fc0fe6
026e66
0ce53e
124cd4
133452
13ee4a
13c36e
14dd16
1b0d6a
23c2c8
29b3b0
2b3694
2b90f2
2e7f4e
31f284
32a86a
321e98
306954
2ae718
23714e
1e6d20
1d135a
1d65a8
1b8e78
15f946
0f9a40
0b1820
096394
0b0c04
0deb50
0f32a6
0e597c
0b01ba
076872
07f768
09fdcc
07b190
039c56
022f1a
023e28
0304bc
056696
085b9c
0ac162
0c02f0
0bebc2
0b6146
09c6a4
061d7c
02a306
00bb6a
fedade
fcbb0a
faa7be
f8d890
f9c6f2
fd8dd0
fffbee
008e28
02e6e0
07405a
0a794a
0b5816
0bcf46
0d3700
0d41b6
0aa6a6
0876e4
07e762
072cf2
073bac
08edfe
09f4fe
0a365c
0b63ee
0c3a90
0ae8f8
074218
01a554
fbb452
f6f2ac
f2f4e8
ef903e
ed2ec4
ebdd82
ec6244
ee6c04
f04b9a
f308ba
f7a2cc
fa62a8
f90672
f72eca
f78334
f83742
f8184a
f8e37e
fb6676
fcfd42
fc0a04
fbbff8
fe8e7c
01d596
0319e4
028ff8
004bf6
fd7984
fc6014
fc0b6a
f9e096
f618b8
f20250
ee3d9c
ec0202
eb9b3c
eb1b0e
e90dcc
e679d0
e546e4
e4fcb2
e2ea1a
dfc4da
dfe2ca
e2722a
e17d30
dcb21e
d930f0
d84a88
d806ac
d77920
d59252
d1cbf6
cd3682
c7ebcc
c32410
c3e568
cccafa
d9492a
e2e722
e8a35a
f08a30
ff24b6
0f0bca
1937e0
1e3ebe
1ef84c
1aa89c
16c348
17e1ba
1b01ec
1ec258
22f880
238836
2306a4
293048
31c2a4
337106
2f8b56
297850
1fcdb6
14bc0c
0ce152
07dece
02ed08
fdc02c
fa8afa
fa5a3c
facfa6
fb9d18
005ce8
075eca
0959ce
050500
ff91dc
fba952
f7bdf4
f2071e
eb7c98
e7257c
e59606
e4dc60
e563e6
e90d3c
ee9b2e
f2f0dc
f4d4a4
f4b3b8
f1f7e0
eb8ac2
e3c5a4
df0eb8
dd05e2
da1df0
d856d8
ddac0a
e9c434
f50794
faf8bc
febd32
03c94e
0992b6
0faa62
156d7e
17347e
1418e2
116b18
13ea26
1b95e2
24f514
2aeef8
2c479c
2cdff0
2e3928
2ecea6
2faac0
30d8cc
2e2694
2664f8
1e4b08
198ab4
1733aa
152962
12fc66
107b34
0cb6ba
08a2aa
074d9c
097e00
0c656c
0cbbe6
098e86
051afe
0230ea
010e08
008614
fff2f8
ff6668
00239e
0218fe
02c920
02dc4c
0572be
08ec46
0a34f6
0a2fd8
08dd1c
04e0f6
007d28
fe4116
fd71a4
fc6c64
f992dc
f5560e
f3c9d0
f696e4
fa58f4
fcc53e
ff1a52
02e05a
072a2a
090794
08a56e
09aba0
0bf726
0cab26
0ca030
0d0bb8
0cf46e
0d4742
0f21b4
118f7a
1427b2
1582c6
1385b2
0ffe54
0d03f6
08fad6
03abc2
feec34
fa8876
f5c410
f0c982
eccd6a
ec910c
ef8714
f10f3c
f0fb9e
f27ed8
f3eb98
f2d2cc
f253e0
f56de2
f957fe
f972ca
f6bf10
f7295a
fbbcbe
ffbcd2
0227a6
04af50
05d6ce
05b8d0
06aa9c
070380
04b6b8
01236c
fc5ea4
f65882
f219fa
f075aa
ee0d3e
e90880
e3dca4
e2206a
e2e96c
e21406
e074b2
e04642
dcc7f6
d535c2
d3d26a
dafeb2
def70e
dae8a6
d69188
d60f66
d5bea8
d40a6c
d3dd56
d531c6
d28832
caa4ac
c4ea02
c5afee
c9ffec
d1b5bc
de189e
e93044
ee5a74
f40b7e
018b48
129c3a
1c35e0
1a90e4
15d156
15bc46
17c446
188186
1b9724
216b78
2354dc
21269a
2409e4
2e5874
35ae6a
336f3e
2e8cb0
2c5238
266fb8
1a5a0a
1071ee
0c115a
07a3da
01e67e
fe7d28
fe2bbe
ff7684
00ce3e
021688
051f78
07d1ce
04d6fc
fd6d46
f6e16e
f19118
ec14fe
e6f88e
e3350c
e3021a
e5bd6c
e667aa
e6d012
ed6c88
f5801a
f656a2
f286b6
eeb34a
e92b7e
e269be
de39ba
dd555e
dd989e
ddaaa6
e0adaa
eaae4a
f668b4
fba800
fe4922
0592c8
0e1e24
12845e
142d60
155362
16043a
16f8d8
1a1c5e
208ada
2711a8
295814
29f1de
2d740e
313b46
31eec8
31b5c4
314644
2dfff2
281162
229ae8
1f97c4
1da94a
19c70c
1412e8
0f50f6
0c32d2
0b01b6
0ccc70
0f11a2
0e6d0c
0bf53c
099216
07c0c0
07bb76
083f92
05dab6
021714
010974
01d2c4
022bd0
03106e
052e24
07315c
084ee8
08dec4
093c8e
08b01c
066424
03d6b8
0288da
009452
fce9f8
fab028
fbb978
fd908e
fdf564
fda40a
ff0446
033a16
07b62a
09aeb4
0aa3d6
0cae4e
0e76ce
0eb14e
0e215c
0d8452
0d6096
0de8fc
0e316c
0db2f6
0cd8ae
0c3388
0c9f48
0d582e
0b6db8
06838e
016452
fd0cfc
f92560
f63220
f33a06
ef038e
ec0fdc
ed04a6
ef8e52
f01fc8
f01d48
f2db06
f62b62
f5abdc
f3ff48
f61b0c
f94d1e
f9756a
f90e7a
fa7976
fbddca
fcac38
fe1a8e
ffeaea
00b98e
ff42a2
fc8dc6
fb560a
facb8a
f8889c
f624b0
f4676c
f0b1ae
ec1b8a
e93a7c
e5e998
e1bd0a
e057a4
e0f0fc
dfe5ac
dda90c
dbbaf4
da077c
d9542e
da4624
dbffa4
dc556a
d88942
d2c124
d1d73e
d535ca
d4d63e
d042ca
cdcb96
cd757e
cb3a5a
c7c686
c6c528
cb0e28
d4e4ce
e035b0
e8498c
ede630
f69a5c
05c306
15e834
1d5150
1b94fe
18e004
181740
182528
1c5e52
24756a
2831da
24d87a
222208
26acd6
2f9892
341876
313e44
2d3714
2976fc
1fbef2
127788
0b2cf0
093de8
05b914
fff2fc
fada90
f8e5ca
fac686
fd2182
ff2fb6
0465f8
08548a
035c0e
fb3382
f8c686
f7be48
f17ec8
e93dbc
e4577c
e3404e
e3a59c
e48754
e82290
ef1ef4
f4680c
f432c6
f12b1e
ee0aa6
e98d16
e2f7b6
dd3ec2
dbaa3a
dd8dde
e087c8
e5143e
ebaf5e
f1f5c0
f7d1d8
ffdc8c
093cb8
10ff94
167716
19c224
1b89c6
1d9d40
20cb80
2561c4
2ae500
2ddfe0
2d8cfa
2ef7de
32c496
33f24a
33547a
347dfe
34273e
2f6c60
2a2740
26817c
21cfa8
1b27ea
1477c4
0eb96c
09e4f6
0730dc
08177a
0a9ab8
0b47a2
0ad71e
0af6aa
09737a
061c80
04a9f8
04d1be
039238
0238da
029774
031f5e
030c5c
036310
04a2d0
0679ec
076346
06c7f8
068fa2
062836
02ecf4
fee574
fcec6c
fb07cc
f88c2c
f758ea
f5feb6
f3fbc2
f53220
fa09ec
fea23e
021be2
05d9ae
095354
0aeb8c
0a80ca
0aab88
0cd498
0d5b60
0aa0c8
09a39c
0c403a
0e42e6
0ef7da
10ad8c
11e8b6
10a0a8
0da8c0
09db2c
0571f0
00805c
fb44f4
f7a10a
f61918
f3b394
f002ee
ee4e3e
eed016
ef4fa2
f019f4
f24584
f53af8
f7492c
f6e2c6
f572e2
f62162
f852b0
f9972c
fa57e4
fae18a
fadb4c
fc0a7c
fd9dd4
fba120
f7f234
f806e0
fa81ba
fa2178
f5f75a
f08758
ec5c56
ea4930
e8b0b0
e692ca
e49486
e24864
dfbbb4
de7c4a
ddb324
dbb14c
da1de8
da4518
daac20
db348e
dceb66
de86f2
ddb17a
da121c
d62fdc
d555c2
d76044
d8d8dc
d714b2
d1f6c4
cc61a4
ca0cf2
cb3038
d01d20
dc492e
ebd006
f3dd2c
f6150e
ff5f60
10b376
1dc7fc
1ffe9e
1c9778
1b07e6
1b8888
1ae164
1c73ce
230f86
267af6
22954e
22235c
2af404
33d802
34ddda
2f766c
283750
20f17a
17292c
0c5b28
089bfe
0a03ca
042e6c
f89d7e
f5708e
fbfc0e
013e18
018eee
02cec2
0751d8
07faca
0066a8
f9d37c
fb5136
fb432e
f251b2
e9a8d6
e8b220
ea463a
ea077a
eb50b6
f138fa
f7ee56
f91816
f5c512
f3ea06
f23a70
eb7c22
e2bc8e
dee8ce
dffe8c
e1ed14
e51b8a
ed649a
f8d09c
ff1c34
ff89de
039c26
0db778
15308c
16a924
1778ee
19efc8
1b708a
1c02f6
1fc892
27fdec
2ee876
2fcde8
2e3006
2e747a
2f3866
2ebdf2
2dea62
2cddf2
2a3bea
245500
1be36c
16414e
15f78a
1547e8
10a460
0cc7a0
0c1162
0aceb0
089238
092e38
0c7f02
0d565c
08e868
036066
01ecf4
02f24e
02a73c
02ef9c
0597a8
06307e
02e0f0
0161bc
04afea
085ac2
08b3c6
06a8b2
04402c
02ce70
022e7a
00af6e
fe3fb2
fcaee4
fb9af0
f92fea
f6b7fa
f73368
fa7374
fd909a
ff74ce
017a0e
03a19a
043800
03bd82
043f1c
04eb7e
03fc26
03230a
04b9d4
076e7c
089920
08277c
081f70
098446
0aa3de
0971ba
06b2da
03f9b2
0045d4
faa188
f54b86
f262ea
f0ea68
ef58fe
ed6b56
eb8ca2
eb3c34
ed5384
efb646
f0d22a
f1be2a
f23d78
f17610
f152a0
f27d42
f2cbae
f22958
f1c9f2
f1f23e
f402e8
f7da1c
fa6310
fb286a
fb083e
f8ef90
f7314e
f8baa2
f9467a
f530b8
efc942
ebb1c4
e95c92
e9a346
ea50f4
e8d71a
e63f88
e328b4
e08568
e0db00
e3019a
e45ab0
e4249e
e06730
db895a
dcb576
e1637c
e17ab2
de58be
db499c
d7a9f6
d61276
d72512
d75bf6
d6b952
d3c33c
cdadb2
cf12f2
dcbe02
ea02ce
f098ea
f6c92e
ff2fde
0a707a
174a38
1e5cc2
1f53d0
1fa16e
1cf054
1903e2
1c6456
22f3b2
23da2c
221bcc
233d5a
28dc8c
305118
316d34
2d1d56
2be4ea
277fd0
19a800
0fb53a
0f1e50
0bf53a
03b170
fc138e
f7b2ea
fa5da4
0077b2
00fb26
012c1e
066ca4
0685a2
00486e
ff323a
0159bc
fd2dba
f3bd0e
eb9014
e8de3a
e9bb98
e882f6
e87fe6
efbbd0
f67246
f5320a
f39aa8
f69c24
f6e998
f00cf2
e75794
e3656a
e34cc6
e229b0
e325ec
ec6a52
f84a76
fe1d30
00784e
04c970
0b2ec8
123612
17b218
1a3784
1b1eb4
1a90d8
194bce
1c6754
24fc06
2c4fc2
2e5704
2e5424
306d68
345192
35fd88
343302
320f10
2f0808
27673e
1e4c5c
1a3f74
195e82
1486c6
0b86e4
05a3ba
06728e
089de0
0745c2
05a79a
06fd8e
07613c
03d922
00722a
007090
00af1c
fe79b8
fcd8c0
fe45a0
ff9ff2
feb42c
ff3598
038542
0725a6
05f124
0343f6
03e6a8
05d1e2
04b5e2
012dc4
fd3704
f907d6
f67d8c
f68d66
f60a78
f494b4
f5b0f4
f851d0
f9eef6
fd53d0
031b16
0587e0
02bd9e
000bb2
00a142
01cc64
0125c0
00a604
026efa
048dcc
053502
068c14
09df96
0c9b72
0ca432
0aa0d6
0763b6
02c514
fd996e
fa626c
f95e3e
f6e4c2
f1db2e
ee58d0
ee124c
ee1ff0
edd362
ef1cb4
f14b16
f2583a
f2e838
f49864
f6cae2
f7e30a
f79b4e
f679f4
f55038
f56fde
f6c0c6
f7dd4c
f942da
fbcb48
fe23ca
0013d4
022596
01fc2e
ff189e
fd42ea
fca81e
f9c31c
f4ea90
f049ee
ec5a82
ea8802
eab4c2
e8d9b6
e407ec
e07248
df8094
dec298
de33de
defa98
de7846
da6558
d6584e
d5e9fa
d6a682
d593cc
d3a37c
d2241e
d1323a
d082de
cf88ac
cf851c
d2617e
d79f62
df781e
e9f202
f1eeb6
f5fe58
fe8d36
0e71f4
1c4754
216fac
205aaa
1e13a0
1e7fac
216b20
24341e
26b560
277196
23dc5c
21c2e0
282034
3168ce
34c6a8
322b9c
2c5788
241d8c
1b6d6e
15664c
1397e0
12ba3e
0cf1d2
038dcc
fe79da
009916
06897c
0c9560
0f81be
0e2e12
0a58ae
05746a
01ea08
021402
014676
f91c04
ed313a
e61966
e5bd84
e83e9a
eab52c
ed742c
f04196
f01202
ed9614
ee3450
f07758
ecf86a
e4a45e
de5eb6
db59d0
da9da8
ded582
e86672
f23d06
f81a7c
fb9442
00b372
07fe12
0f9398
16c362
1bb1c8
1b8d06
183fd4
1728d8
1af8b2
227354
291f2c
2aba88
28ed86
286b7e
2a2014
2c209a
2c5cee
298202
249f5c
1ef7e8
191a5e
1640c4
16d1b8
13ef5e
0c0aca
06c048
05ec8a
05392a
05a5ec
08c674
0a83e8
0878a2
04cf30
01eb46
00faf0
0111c0
0091c2
008758
012cce
ffe862
fd7eda
fde1a0
00de9e
02d528
023da8
007328
ff99ae
ffea26
ff4e2e
fd044c
fab740
f93248
f7f1ba
f6d08c
f5ccb8
f4db28
f4c090
f691d8
fa0136
fd520c
ffb8ce
01ea78
03af3a
042da8
046038
04ee98
046520
030dac
034dd8
04ec9c
061454
076f20
09a756
0aa33c
095530
07f990
07afd6
0626ae
01da5c
fd044a
f9ccba
f66cba
f11d5e
ecf15a
ed3f66
ef81dc
f00f80
f00d2c
f1144e
f1f9ee
f3247e
f63b6a
f9ca16
fb2a46
f9b5fe
f64c4a
f39534
f452da
f76294
f997d4
fa1bb2
f9f140
fa3756
fbbf00
fe1720
ff8818
fe2ae4
f9e70c
f5b71c
f37240
f0a196
ec53ae
e96822
e7f7e0
e53b9c
e160b8
dea05e
ddf926
df14be
e072f8
e0abb6
dfaf08
de76bc
debb22
e043fa
dff6b4
ddb518
dc4170
da7a6c
d75cbe
d5fa06
d5ffb4
d4d2ac
d4ac88
d6c9ec
d97e82
dfbea0
ec1896
f9e462
054866
0f5e68
189460
1ee470
201dbc
1e2752
1f0f44
2305a2
23a5c2
20cc5c
1f97c4
2096f8
23ae26
2afc34
33f1ec
383060
352f74
2e5b46
28aa86
23f1cc
1cace8
143ab0
0e052c
08cc5c
03538a
ff9f9e
0005ac
05b87c
0c8972
0d165e
09b6f4
09d21e
0a03e0
04d4f6
fefd9c
fbb56a
f670f4
ed9020
e5ad0a
e3ce50
e7a414
eb234c
ec7658
f014d8
f437b0
f36fac
f1607e
f1ebda
eff4ce
e980ce
e3544a
decbbc
dbc236
dd1a56
e380ee
ed14a8
f8a654
02a774
07129a
08d68c
0d98c2
1422b0
17b5a6
186010
18de4c
190e82
188b1c
1a58ae
20a3da
287346
2da8dc
301a98
31f5fc
33b414
33c940
3141b6
2d5f8e
295c94
238c2c
1ad0e4
1311ec
0fdcec
0e45b6
0b6458
09aebe
0a0270
098796
091158
0b525a
0d5e3c
0acca8
04f5fe
0039a0
fe7eb0
fe7808
fe358a
fdbc3c
fde150
fe15c8
feb508
0171aa
047e28
0448b0
0245e0
01b170
0137da
ff536c
fd95e0
fb6bac
f7194c
f371a6
f32b06
f39a96
f2d878
f2e5ba
f41700
f507fc
f6e9e6
fb1c16
ff2410
ffa36a
fd96ca
fcce92
fd835a
fd32f8
fd1f52
ffb02e
02a7ec
042de0
0675e6
09db6a
0c276a
0d3cde
0df222
0ddce0
0c4082
089abe
03f53a
007c26
fe17dc
fb1008
f73b14
f3d64e
f2ab84
f3ef14
f57ef4
f73b30
fa4344
fbfc5c
fb3c9e
fb622a
fbfbea
fa07fe
f7b9f8
f717cc
f5e622
f45b02
f56d12
f93f9a
fcbfec
fdc52c
fedebe
020d36
026886
fe4606
fc3084
fc21be
f83da2
f2b120
ee9912
e9e7c6
e69d48
e62e6e
e3d14c
df96f6
ddaa66
dd038c
dc2d06
db4d4a
d9de54
da4f0a
dcbd0c
dbe9fa
d90784
d866c0
d6cfb2
d40172
d5090e
d69da4
d37674
cefe7e
cd8356
cfced6
d4bb88
d97212
dfaf14
eac8d4
f5dd72
fe3fda
0a7064
196b56
21051a
1f5fde
1bdb70
1c8784
20b0f2
22549c
202f84
1f3238
1f0dac
1e2986
22a256
2de3c4
363508
357f72
2f47b8
28867e
220708
19bba8
117ecc
0dcfa2
0b6e5e
053080
0024d6
01d85a
071052
0bf520
0e7ab0
0d1fc4
0b02c2
09ee6a
05f7ec
ffe744
fc2128
f7465a
ed989a
e50958
e3bac6
e77062
eb1e32
ed8dba
f0a472
f3becc
f35a9c
f0679e
ef3298
ee5046
e91206
e07f56
d9c274
d83590
dc71d0
e517de
efc7cc
f9d964
00a73c
045f8c
08d1e8
0fa83c
15c474
183d80
178132
15e9fe
15d998
17f87c
1bde0e
21c2fa
281ee0
2b6b56
2bc71e
2c8812
2e10de
2ebcda
2dfed6
2ad16a
250dac
1ee62a
192a0c
140154
1178c6
10855e
0d494e
099d58
09e8d6
0c327a
0d11c0
0dee8c
0f0f66
0d2900
082ac0
03d8d2
018172
ffe4b0
ff4b70
ffe4c8
ffbee2
feb782
ff4e48
01db1c
045e26
058576
048d3e
01ef5e
ff6cfa
fd305a
fae12e
f965e4
f7f64c
f55974
f35760
f31bf4
f3b506
f51f76
f6e04a
f85990
fb426c
ff111a
0078dc
0039d4
00afc8
010054
00f6de
016730
017454
01432a
02121c
03ef4c
06d934
09acc2
0b0f60
0cd432
0ec72a
0cd886
083daa
052ae4
023270
fdf2bc
fa6358
f6ad6e
f260c2
f0d740
f242ea
f34a48
f387a2
f53eb6
f91ea4
fcb01e
fdc42e
fde042
fd6a0e
fa5460
f73ace
f77982
f7cd46
f684fe
f6c4de
f7f250
f84f4a
fa0e2a
fd8938
006df6
016342
ff85b2
fc1556
f920a4
f57d70
f15ddc
eec746
eba79c
e7aaac
e65bd6
e53ed6
e17aa2
e03528
e1a348
df1ddc
dae062
db3ec0
dd5788
dcf966
dc94c8
dd9e64
dc8c5a
d81752
d4c4d2
d4d09c
d3d844
d0d68c
d09c32
d26738
d1f81e
d2e276
daa3f0
e7139c
f2773a
fa0104
008d70
0b6c1e
1861f2
1f0452
1e6744
1d2c88
1e0e1c
1f1234
20064a
22b7d6
25ee70
257dd8
22c05e
25aace
2f59fe
363014
3411e4
2d4724
26c3e8
1f6ed4
168bb8
111170
1112fe
0f67f8
07f27e
01d00a
03549e
09fc36
102d62
120b6c
100558
0d3ba0
08f260
028850
ff3718
ff3240
fa2a8a
ef36ce
e736c0
e649ea
e8fcc2
ebeae4
eed4e2
f1dcdc
f1f2e8
ed509c
e951f8
e9be5a
e93f78
e3e81a
dd82da
d94a5c
d79962
da4ea0
e2d742
eee6a0
f9ec14
008b28
03c0c2
07b8b6
0e34b4
14709c
1769de
181d44
19277e
1a5d24
1bf3a0
218334
2a8f72
306522
3150c8
3268f0
34d8da
357fa0
33ed40
312536
2ccd40
26da9a
200f02
19fab8
16433c
13731c
0ec0b0
09d7cc
084f96
091f42
090410
0818cc
0843fa
089952
061962
018e66
ffe8b2
011b90
ff2e0c
faf088
fb4b6c
fe8950
fe87be
fe57ae
01ce6a
03e592
01932c
fee7f8
fdf31e
fceb36
fa9362
f76f04
f54038
f429e4
f28e8a
f19ff6
f27ad0
f28e62
f1e980
f2f498
f42ef6
f55754
f8c5fa
fbad08
fb5472
fb42fc
fc9bd8
fd5c5a
fe8f7a
ffe694
ffc822
00abfc
033de6
050b26
0785ea
0b4952
0c9690
0b7392
0a4abc
07dfd4
03c7c6
ffc174
fc64f4
fa602c
f8e9c8
f5a138
f2b84a
f31b0e
f3c070
f31cc6
f3eeb8
f544ec
f51518
f5a9ba
f7fe00
f9d370
fa6f20
fa0cbc
f89372
f6fd00
f6e518
f986f4
fd6512
fe21d6
fc4fb2
fd981e
008400
fef298
fbf80e
fc9f5a
fba78c
f52eac
efa9d6
ee9f6a
ed0c12
e88cba
e4868c
e328cc
e2d508
e0f22e
ddacfe
dbb17e
db5df2
da85fe
d90cc8
d8c970
da0f2c
da6e12
d75194
d3b704
d564cc
d8cee4
d55564
ce3a42
ccf14c
d091c4
d3f7ec
d8fed6
e28540
ede982
f6bb54
fd4aa6
07802c
165940
207a82
2023ca
1bca40
1af31e
1e0e94
21a074
23b70c
264b82
288e36
25977a
22a15e
2a7cb2
365e9e
3758e0
2f9470
285c0c
218f3a
19bbcc
13938c
110a44
10ec4a
0dc8ee
05c8cc
026104
0926fe
10db5c
122bf8
105816
0dd992
09f3da
054a72
00d2de
fd02a0
f8cf6e
f1c30c
e9a9f2
e5f6aa
e7d572
ebbd44
ee99be
efe824
f083ea
ef846a
ec02b6
e96b88
e94742
e647dc
deb2be
d8b6da
d84734
dc3270
e333aa
ecaf82
f78d34
00b562
0490fa
06400c
0d0950
170b88
1b47c4
18991a
15c102
15d098
16f096
19c9a0
20b9d8
28376a
2a332a
28f86a
2b0308
2f7980
31dba4
315130
2dab66
26d43a
1f865e
19f622
15ffe0
135170
108102
0be1c0
073b8c
05cbf6
0805a6
0b7c3e
0d53ec
0ce4da
0aea08
06cbd6
01ac04
fff592
0187ea
00b04a
fca38a
fa3e92
faf0c8
fc9a1e
ff00ce
028fa2
05084a
03c640
00119c
fe0fd2
fe9584
fe59f8
fbfe26
f8e170
f55ca2
f1f650
f0a3a0
f1b402
f42800
f754be
f90c94
f87090
f9ba72
fec54c
023c9e
01904a
0082e6
ffcec8
fd8fb8
fc4f0a
fe29cc
0002fe
003f96
013e80
03f9ce
0769a6
0a6a5c
0b6d0a
0a0876
0799b0
046d2a
00287e
fc2c4c
f98948
f720c4
f4375e
f28158
f3c46e
f6b9f0
f848e4
f81494
f8cc6c
fb3724
fd0970
fd4234
fd5108
fd4ab2
fb7d28
f8a352
f7fa2c
f9f892
fbcba2
fc3b14
fc2372
fc06d6
fce5a6
ff5abc
00e256
ff3b34
fc1a70
f930b0
f5ef56
f319b4
f1e17c
f01dbe
ebdf76
e80932
e7853c
e7ddbc
e60e12
e3bc6c
e2d69e
e21212
e11996
e13458
e14408
df9ef0
dd4822
db25d6
d91a58
d889c6
da0e0c
da5c3c
d6b61e
d22cf8
d21698
d693ea
dbc884
e1a47c
ea9cf6
f45c62
fbbd80
03fa90
105072
1c7b2a
222dcc
211776
1e8a68
1f0e5e
21d900
247ee2
26d18a
274642
2417ba
21ed02
2670bc
2e771a
326148
2f3e92
278c18
1f7574
189ad6
1276be
0e9760
0d73b2
0a64ce
03d384
ffe22a
02c94c
09486e
0da568
0d10f6
09de06
07638c
049dd2
00608e
fcda28
f9f0fc
f503e6
ee6bae
e8b1da
e6d00e
ea601a
ef4a9a
f0d69e
f0a8ea
efcd26
ebf79c
e80efa
e7bf1c
e6bc42
e15e7a
db26aa
d79d42
d7e55c
dd0460
e67004
f1abd8
fa86c0
fd8e46
feb1c0
04a7de
0d0810
119f64
130530
133118
11f2e2
124ab8
16bb9a
1cd58c
228c9a
272fce
293eaa
2a6598
2d9594
307ee8
3003c8
2cfd2e
27d3b0
209268
1a06e2
15881c
1167ec
0d4448
09a892
06760a
04ae24
050160
063070
079aae
095652
0a2818
08b530
04fdd4
00c58c
fe8f5c
fe26d8
fdb322
fe25ac
ffe0d2
00267a
ff7af4
00ec04
03480a
0478f2
04a0ea
028568
fe9a6a
fc336a
fa620e
f71c0e
f52932
f4d4cc
f30f3a
f1cd2e
f36448
f55b2a
f73c90
f9def4
fb3400
fc0588
fe9364
ffd7ea
fe3802
fdd864
ffa784
006824
ffb98e
ff5c62
002d02
024ea0
04f71e
07a2a6
0a1cd0
0a79c4
07fee2
058d44
044e30
024c22
ff4eaa
fc5c72
f9199c
f5a7ec
f3766e
f39a0c
f60342
f8a6ac
f90b26
f819a8
f8bd5a
fb22d8
fd2792
fe1610
febcf6
fef5c4
fd740e
fac0c2
fa0012
fca928
ffd1f2
006d20
0009fe
01f18a
04d186
04b4a8
02b9ac
028f2a
02114e
fdbf7e
f87aac
f54d9e
f21cf8
edcee4
ea57de
e8b064
e80516
e5c736
e113a4
decd9a
e110f2
e0f904
dbccd2
d826b4
d852a4
d86fc8
d74616
d57dc0
d4342e
d4cd38
d4acc6
d22ca6
d227b4
d5d0a6
d8218c
d9a5c0
df5a58
ea5ccc
f8225a
038ca4
0ab214
13541c
1d6b84
203f2a
1d855e
1df804
1f8532
1e63a6
1df77e
1ef782
20197c
2181fe
216a4e
233312
2b69ea
30353a
29c3d4
22cc80
200cea
18fde6
0fd664
0c0cfc
0a8a28
08a240
071806
04426a
045dec
0bc32e
11f704
113c78
10a464
11f6ee
0ed56c
0746e2
004d58
fb9790
f740c8
f06b24
e8b15c
e653ca
e9d012
ec9db6
ec9dcc
ed706a
ef062c
ed0ee2
e7a040
e3e138
e220c0
dcfe42
d55522
d299fa
d60c80
db0bd6
e1c886
ecc794
f86d66
ff44a4
029202
079042
0ebaf0
13bd18
14ab90
1414ce
143cfe
14d2f6
15e622
1972b6
1f9d04
24eb08
280c8a
2baf6a
2fe276
31f422
31776c
2de4ac
270326
20f75e
1d4892
17d692
117ffe
0e0ab2
0aaa1e
068c04
07217a
0bcd44
0ee7b6
100068
104e2c
0f5444
0df7fc
0c1abe
090320
06ae68
05076e
018634
fe1de4
fdda82
fee504
ff3c94
ffe76a
01c694
03cef2
03c098
018724
004650
000884
fd8518
f9d65e
f7fa2c
f67a44
f4796c
f4681c
f64d06
f854b6
fa93f4
fd1180
ff5928
022d56
055fe4
0715fe
068afa
04a568
02d57c
01f8bc
014cc6
0050b8
00702a
01af3e
01c992
0162f4
035d2c
0663fc
0703e0
05c76a
04059c
00882a
fc16a6
f97450
f80902
f601b8
f448d8
f3e42a
f49eb0
f6a562
f9acc4
fd0a1c
00d63c
03fe5a
046158
02113e
ff189a
fd5244
fd612e
fe00ec
fdc5de
fc8ad8
f9e0b0
f72c80
f94902
004c62
044564
014058
fc6730
f9d5ee
f89606
f82000
f848c4
f5e73e
eea52c
e61ec2
e26a0e
e46ce8
e7783a
e75846
e3e7e8
e01bc4
dea9b2
df0a5a
df3674
def9d8
dde14e
d9b0b0
d316a0
cefeca
cfedf2
d1ec60
d024aa
ccc986
cdb980
d1e740
d4ce56
da0906
e5ef22
f1a912
f77e64
fe5e3c
0afa7c
15c292
18b4aa
17e840
181984
188f9c
1820a8
187cde
1a98f4
1ccdd6
1e12ea
1f3ad0
21af98
26c0f4
2b9526
297ba2
21bf76
1d0ba6
19b04a
0fc2a4
05215e
0321f8
03e150
00cc98
ffae54
03c6d8
080012
0a76a4
0d19fa
0fdce6
10c53a
0d3916
05c828
ff8144
fbc734
f6ca7a
f0275e
eac3d0
e84c1a
e9b8b0
ecc2f4
edb4c2
ef6502
f3641e
f19a2e
e8effe
e45036
e367d0
dc0650
d2c3ce
d23252
d54d60
d5c918
db557c
e9b372
f6e088
fd807a
0346d8
0a113e
0e2182
10e8a6
14f726
1661f0
13e870
1328e0
1514ec
1686a6
1a98f2
234486
29bf2e
2ba764
2f5ea6
34c6f8
34d94e
30778a
2dc7d2
2b2e04
23c2fc
1b0026
17338c
15d37c
119088
0dd032
0eff44
107bc0
0f301c
108472
1510aa
15dcbe
1270ba
0f7c62
0c0f7a
06ebb2
039bee
024510
001412
ff10c8
00d52e
015a46
ffe2ee
00fe32
03c024
02d8c8
00068a
007a52
016cba
fde1be
f99d44
f94c90
f908ba
f5b7b8
f3e86a
f5b3f4
f774e8
f8cfac
fc2854
000900
023c86
037152
03fece
03595e
027aa2
02334a
0118e4
fe5a5e
fc94b6
fddf0c
ff6478
fededc
ff8318
02589c
030d0c
01a550
024a2c
032414
00227c
fbb3aa
f96a36
f7e8a2
f5bad6
f4ba7e
f5c820
f6a042
f673da
f7e322
fb0f0a
fcf738
fe4c6e
0072c6
003b72
fdeb86
fe711c
ffed28
fdc402
fb2be8
fb25ac
fa9b2e
f94cce
fa7ff2
fdd0fe
001722
ff9d10
fdddd4
fd4f1e
fc9dc6
f9f30c
f78cae
f557d2
f0bbf6
ece4d8
eca5fe
ebebce
e9afda
e8baec
e6a8bc
e24eee
e0749c
e15398
e0806c
de5c10
dd14a6
db038a
d6f5ca
d3c84c
d41c1e
d5157e
d2919c
cf25d4
ced9ea
cf51da
cff888
d633e4
e1c5ce
ec25b8
f410d8
fc7694
05adfa
0ed186
16a652
1a8df8
19908c
166966
14c9f4
15b390
17efbe
1b5304
1f1412
1fe552
1eebe8
220dd0
279a22
27f3c6
23aa1c
1fac8c
19da84
0fbbb6
069d1a
033d96
025066
ff7894
fcf718
fe7c00
0204c6
04ef6c
08feda
0dfcd2
10144a
0ea8fa
0b64a2
067f56
015e62
fd24ca
f7eb6a
f1e0fc
ee95ae
eec9ae
f04152
f1e49e
f3f6f4
f662de
f70ae4
f3c40c
eefcda
ebbea8
e762ca
e04bea
db3daa
dadd90
dcbf5a
e0f184
e940a8
f340fa
fb3b88
0121e8
06c756
0d12fe
13a3b0
18b23e
1a63ca
1975d2
189fd0
1924ca
1aed96
1e5b3a
22637c
249eb8
259cac
280694
2bdf3e
2efe00
2f99b0
2cf4b0
285dc2
23c338
1f6a2a
1b691c
179478
125a1a
0cd6c0
0a9b42
0b1e70
0c5804
0f5692
126b9a
11d88c
101af0
107d94
0fc970
0c5720
097efe
0739ea
0309e8
feed16
fdfd92
fee638
feda90
fe4ab2
ff1874
fff03a
fea094
fda3aa
ff6f54
004cb8
fdaa72
fb29ba
f9ee4e
f6fb76
f3c52a
f3c7f8
f501b6
f4d352
f58764
f8e3d0
fcb00c
ff2c46
00d708
01abba
00ff40
ffa500
ff23ba
fefdc6
fd67d0
faab9a
f8d97a
f84da6
f80938
f8a9a8
fadd50
fca1cc
fc20d2
fa9210
f95160
f7cdf8
f5de1e
f48426
f3d4d0
f2cda8
f1869c
f1ef9e
f4bd9e
f73bc8
f7afee
f8785e
fb0408
fda8e8
002b7c
027c1c
01c55c
fe0d5c
fbd7ae
fc7660
fd0864
fc6958
fbb480
fbc00e
fc5676
fc8d8e
fca628
fd3a22
fcb574
fac6c8
f9e558
f8e1e8
f47c8e
ef13b4
ec727e
eba9ec
eb19a4
e95982
e46772
df2280
de46ac
df1c14
dd872c
dc491a
dc98a0
da0afc
d4e3c2
d2dcf4
d41522
d3164a
cef33e
cbfbd8
cb6756
cadf58
cbe78c
d2eb1c
def4d0
eab5b2
f470c4
fe1d6e
08ef08
140e2a
1c0e2a
1d3e84
19db92
18230e
18cb54
1827d0
17692c
19eba8
1c9af0
1b96e6
1bdcae
22fba4
2a439e
280844
208082
1cfe36
196978
0e8bfa
043c56
030ec8
034e76
fe351e
fb302c
fee9c0
043ff4
08fc82
0e11a2
118274
12c16c
1297b4
0f65e6
0a6b3a
078148
04d3de
fe97aa
f7e670
f6590c
f8af02
f8cac0
f673b8
f812d2
fc2f24
f8f3e4
efeb8e
ec1df4
ebd67c
e63e70
de604c
da8c9e
d932d4
d9e508
df5830
e7f728
f07578
f735ca
fb0588
fe3f52
059c3a
0f9952
156b94
159c32
15eb9a
190402
1a4258
192562
1d46aa
258df0
26713e
214436
22a458
2893e6
28b12c
265dc8
26fe8e
2438d8
1cb498
1933a2
19f518
177e70
1247c0
0ec1c4
0c373a
0ab6e8
0cfcd4
10810a
107a00
0f7800
11f7d0
14368e
1193fe
0ef580
10ebca
115ede
0c42ea
08ac84
096a80
073796
021b38
0202f8
04adaa
023fb0
fdd9a4
fdaef4
fe8bb4
fcb012
fae282
fa87f8
f948f4
f6cddc
f4aeee
f3448e
f2ec20
f49e76
f7094a
f77e26
f74f22
f9c112
fcde56
fd82c4
fe8314
0168d8
01d430
ffd4e0
0055aa
01d6f4
000b46
fd1106
fbe10a
fb1f44
f9b5c2
f8388a
f6e6be
f5b572
f40098
f19b36
efc836
ef1626
efc020
f1fa28
f2ef10
f124ce
f10f82
f41f54
f629e8
f828b6
fd056a
004d2c
ff90c8
00247c
035972
0526a6
05fb30
086b8a
0a64f0
08c23e
04fba6
03254a
03befc
03ad12
02258c
ffeb1e
fbe8e0
f811da
f8d672
fb54ce
f8d362
f2303e
ec903e
e9ba4e
e96c9a
ea6390
e9ce6e
e60fac
e0c280
ddd572
df262c
e14660
e13a42
e02ec6
ddd5dc
da00ae
d8cff4
d9badc
d6a848
d16f7a
cffa44
d05ada
d142ec
d7823e
e21008
ea3748
f021e8
f94e0a
05ffd6
107d72
15122c
15be14
14dbfa
12c7b2
11ec04
13d958
156084
15730a
16c730
191d28
1bf7d2
214ac4
26760a
269e12
231f8e
1ebdfc
17c4a8
0dae48
054062
02ec8e
037864
005902
fc6eaa
ff3178
051e52
07df36
0b68f2
10e8ea
115a5c
0da298
0bf304
0a3ede
062d6e
02dc26
ffe970
fb8ff4
f87642
f74838
f6168c
f6d914
fae9ae
fd2724
f8f970
f1c56a
ee0450
ed7390
eab66e
e56f30
e15a70
de7412
dd1046
e1a634
eb3954
f213f8
f41446
f5843c
f86130
fcc45e
030c00
08c3e4
0b4dea
0c6dc0
0e474e
10392e
13082e
18984c
1eafee
21842c
223acc
243434
269966
268cfa
249ad2
22ae32
1fcd54
1b1224
175ba0
169c1a
15f13a
138ccc
11d752
1116f2
0ee3b6
0cc912
0da4ba
0f3ba4
0ed59e
0dfc86
0d674a
0bb0b0
0a6f9a
0bd4fe
0d6152
0c4d90
0aadf0
0ac066
0afdea
0a2fc8
09322e
0792a6
046be0
017ab6
003664
ff03fc
fc9bd6
fa1134
f825ce
f676a8
f511c8
f47b0c
f49ce2
f4a6b2
f4535e
f480d8
f52cbe
f511fa
f4adcc
f5792c
f64de6
f5f91a
f67dee
f8e64a
fb3c1e
fd0d60
ff5ee6
011596
012552
00c828
00398a
fe3ddc
fb5730
f8f1f0
f706ee
f55480
f459ca
f40946
f3c7e4
f39b38
f3f97a
f4d2f6
f59c14
f6738c
f80bc8
f9c9ce
fa5190
fa2106
fa68b6
fabd0a
fb25c0
fcd5f8
fee542
ff905e
004e74
030f12
062046
074b4a
070272
05df9e
039b44
015c76
00850a
ff64f4
fbb7ba
f716ce
f46058
f33e32
f26b62
f20846
f1214e
ee8990
ebdaf8
ea3f48
e7e08c
e45872
e18656
df727a
dd6e98
dc60c0
dc1e64
dba160
db66ec
dac2ac
d7d50a
d40174
d1cb40
d18982
d47e50
da9406
df5520
e2bf58
ea5caa
f5160a
fe9cf4
08974e
10bd94
109a1c
0d6150
0f2e46
11b606
11e142
1400f0
159382
12c892
11218c
1421c6
194f7a
1f839a
2352fc
20bf42
1ab9fe
146586
0e58aa
0bb5a6
0aa7aa
055266
ff69f0
fe1334
fe66ce
01cbbc
0a8ab8
0fc9f8
0e1e10
0e999e
11b87c
10c8b6
0e8f06
0e3288
0ab428
02c57a
fc0052
f9f328
fb31dc
fccd24
fe74ca
0083c6
ffae14
fb579e
f8c3ac
f7f000
f419ee
ef0670
eaf2e4
e51072
e0669a
e27d0e
e6f5a2
e991ea
ee5884
f483d8
f68846
f78f86
fced92
02fb9a
05d596
07a61a
091c62
08e656
099784
0e29fa
146052
1849d0
19de1a
1b8e52
1db1fa
1faaa6
22afc6
256640
22ca76
1c132e
181a90
1662b0
12a806
0fec0c
0fe866
0db140
0a9446
0cbef0
11978e
1378da
13eece
14f62a
149e60
132996
134d72
145ed8
12b104
0ea286
0d579c
0f3ca2
0f80ee
0f2a68
117706
11dad2
0df96c
0c1238
0cf77e
0ad944
0659b4
032d7a
fffba8
fb81e2
f7e508
f6a066
f6f2be
f72a94
f704d2
f78a26
f850cc
f9717c
fc386a
fe686c
fda2f2
fc9f92
fc3c50
fa695a
f9e0ae
fc6d8a
fda63c
fd0c32
feb2a8
019700
03249e
044d08
04a834
02a38e
ff49be
fb9dd6
f7810a
f3bef4
f0f976
eef500
edb6d8
eda25c
ef1142
f1b3d6
f4bdfc
f7ec38
fa2c52
f9c4a8
f830a2
f8ba22
fadf36
fbc784
fac410
f8e21a
f78bc0
f83054
fb0a14
ff2146
031eba
0560b4
055e9a
04fa9a
05af98
056a32
01dcb6
fd0936
f9751a
f59644
f0c6f4
edebe0
ed3b5e
ec3ee2
eb751a
ebd384
ec05a0
ebc556
eb8ac2
eab684
e9298e
e6a58c
e2c5ae
def0a6
dbebbe
d93e0e
d7c2e6
d6db38
d4f6a8
d43126
d50cc0
d48444
d5135c
dabb42
e1f478
e8076e
ef0270
f5c1c4
fab270
ff3e20
0245c2
02f69a
03ab4e
042be6
043328
06307e
08ce8a
0a1fea
0c8716
0fc6cc
12b182
17abec
1b98f0
194eaa
15cbd6
14b89a
104aac
090a38
059b40
04328a
014090
002e26
02728e
04f42e
06fca6
09b058
0c68d6
0e24a0
0f8c12
11079a
1044e0
0c41b8
088bc2
0607ac
017394
fce95e
fcd378
fdfcf8
fcf80e
fd5b0a
007d1a
0217c0
008060
fdd3a8
fb75e8
f8e866
f4c662
ef8f1a
ec127c
eb46aa
ebf714
ee1484
f182ac
f4d5ba
f79188
fa32bc
fd13b4
00a0cc
03d6f8
04c1b8
043698
04abde
062440
07f130
0af47a
0f315e
134076
16a762
199cf4
1c1fde
1e7c7e
2079d2
20cf56
1f39ae
1cf024
1aa7fc
1813b4
14f9ba
11e84e
0feeb2
0f0b50
0e2030
0d40e6
0d6f7e
0e4530
0f6f70
119ae4
133df8
118bca
0dcbe6
0bef58
0c805a
0d24bc
0d562c
0df64a
0e439a
0d89fc
0da222
0f4378
0fbbe4
0e5848
0d7512
0c7e02
099544
06c37a
05324a
0243bc
fe0c82
fb8a42
faa324
f9dd38
f9e102
faf9f2
fbc5b2
fb622c
fa698a
fa2eae
faf25a
fb7f56
fb4d36
fadda0
fa6ce4
fa644e
fb15be
fbf7ec
fcfb72
fe6ee4
ffda66
011518
01e1ce
0124a0
ff6dba
fdffd2
fb88e8
f7a394
f4d718
f39686
f2c406
f2f140
f35792
f298ce
f26112
f2f0b0
f23c02
f21aee
f46650
f58876
f3a756
f17ab4
effbd8
ef2fda
f06e48
f2ab0e
f41df8
f5a534
f78e64
f97e7e
fcebfc
0111aa
01edee
fecf98
fb7e32
faeba6
fc1eec
fbc3e0
f8bb56
f507e6
f1a648
ef1368
ef7ec4
f1e9f2
f1f934
ef1b8a
eb82b4
e819cc
e6aede
e745d6
e5921a
e103d4
dd50c0
da2006
d6a4d2
d5e5c8
d74718
d72c50
d677b2
d763b4
da4e0c
e051ca
e8d2d6
f1244c
f8bd20
fedc92
01b2e6
02cab0
03ae16
03372a
02d860
0448e0
04f4d2
042130
044214
057ffe
07daaa
0c3a30
10a38c
1355e0
14a034
132fea
0f5c72
0c6b9c
09ea6e
0630b8
03b754
033fce
02f53c
03bf60
05f72a
0828aa
0b8996
1017c6
12c93c
140f68
157aaa
1527e2
1320f4
1164d6
0ef4aa
0bbb2c
096e0c
06e982
042066
041a20
063ea2
07a8ca
0840ca
077248
043980
011756
fff8b0
ff23e4
fcf624
f9706c
f65b98
f68156
f8e39c
fa776a
fc773a
ffc7f2
011c18
0126a4
04211e
07f2b2
0864ce
0767b2
07a6ae
086416
097d0a
0b3c8a
0ce95a
0ee556
1151ca
129410
12b34a
1370b6
14ee90
1631f6
169866
15cf2c
14b830
148bbc
148346
1340ba
10fb16
0e6ca8
0c447c
0b948e
0c991e
0de82c
0e11bc
0d3bdc
0c8f38
0c50a4
0c0f78
0c7ed2
0e034c
0e66da
0c306e
09d49e
099d5c
0a6bf8
0b1544
0c20ac
0d1fcc
0cb1a2
0b443e
0aa25e
0af56a
0a922a
083f9e
04798a
00e6d0
fed5ca
fde976
fd3e3c
fce2be
fcabfa
fbfdd4
fba120
fc6694
fd48b2
fd9a1e
fd7cd0
fc28b0
fa2e9c
f9a2ae
f9bc24
f8b5e2
f82860
f9294a
f9dcd4
fa2032
fb58ee
fcc356
fd392e
fcd074
fb6924
f95d96
f78834
f5a908
f3cfce
f2eb42
f24770
f0cd7a
efb656
f022d6
f111e4
f18f3e
f17998
f06710
eeb0fe
ede6a4
ee685a
eea058
eda532
ec836c
ec7c08
edf912
f0e96c
f46cc6
f6db8e
f76f26
f71b56
f74b42
f83a34
f92452
f9999a
f949f8
f7ad52
f5d53c
f5d25e
f713b8
f76346
f67ea4
f4b054
f15b0c
ed5ee8
eae72a
ea8ee6
eaa35e
e88738
e44e90
e1c2c6
e246ac
e2dd8c
e27068
e20d34
e0a004
ddf3e6
dc9df2
ddb172
e07fce
e48da0
e8a454
ec29ea
f0773e
f6005c
fb7c42
ffbc20
025a18
03b502
03541a
003d54
fd4e48
fe8452
01b126
02df88
0305c0
039620
043c16
061eda
09b356
0cf372
0e5c70
0d80b6
0b2a4e
09295e
0764b2
0599d4
05d3c0
0799c8
07e9a8
07748c
086c36
0ae164
0edfb4
1315dc
14f2b6
155914
156402
1312c4
0f7e22
0e15c4
0ddcf2
0cab38
0b0198
093eac
07e51a
080894
0901d6
09f98a
0aac74
09d9a4
07873a
05530a
039cdc
02a3aa
026abc
01544a
0035fe
01c04e
045d0c
058708
0672aa
076ec8
0721fc
06a078
0749ce
0865d6
08e8d8
0888fa
085148
08def6
088f44
07fbfe
0a3f92
0d77da
0d9f3c
0c73c6
0c955c
0cb848
0c5fd4
0c47ec
0be9a0
0b7a58
0b6e5e
0afef2
0a931e
0b33a4
0c105e
0c1878
0b55ec
0a6398
0a09b2
09d290
092136
094c72
0a623c
09bff8
078fe8
06e4ea
0808d8
08dba2
089b38
082984
08bc7a
0a2f0e
0ad758
0a7132
0a6f28
0b0332
0b269c
0ab446
0a2ccc
09820c
07fbf4
05bc54
044a12
03f628
03429a
024432
025878
02c026
01e442
005a7e
ff937e
ff6670
fe7856
fc78a4
facbfe
fa3958
fa0eaa
f9fbd8
f9e0d0
f91258
f8222a
f816fa
f83086
f816b4
f89c80
f8b7e0
f748b2
f5ee98
f57b4a
f489f6
f360ba
f35268
f3911c
f2ec18
f1c02a
f0f5fc
f17584
f31cc8
f40ade
f36fd8
f284a2
f1aa5a
f0c834
f0e936
f1b180
f16b74
f0b446
f10efa
f1f188
f2ffd8
f499da
f5cb7a
f638ac
f6faaa
f7c6a6
f80b88
f8ef4e
fa9236
fb9656
fc00ae
fc6a6e
fcb5ac
fd1d50
fdb918
fe29bc
fe7a30
fe61c8
fd468a
fbb346
fa4bf0
f91568
f874a4
f82cf2
f73484
f5b644
f42b54
f2779a
f191a8
f1f658
f205ee
f1354e
f0cf60
f0d424
f05b86
ef7c66
ef0aec
f00938
f26996
f4804e
f58d26
f69fa6
f850c0
fa218e
fb6d18
fbe196
fbb42c
fafcce
f9d3a8
f9463c
f9e5f2
fb1616
fcc6d4
fe8836
ff3c46
ffef20
01cdda
035c86
04665e
060d90
068840
04a8be
02d362
022480
023a5c
03ab44
054a7a
058036
05e782
077d48
091d7e
0af83a
0cd9aa
0d3bee
0cb606
0c37f6
0ae900
09745e
092f0a
09192a
087a24
07ea06
077f98
0812b4
0a9022
0d4b8c
0e80e0
0e8e32
0db476
0c51a8
0bebae
0c9044
0c8868
0b8c5a
0a8716
09a040
09107a
09646c
09cbe4
08dcda
06df42
050a0c
03cc30
033bb2
030d7a
024f66
010d6e
00259a
ff6bd8
ff0404
ffcfe0
00be1a
006b64
000cc2
008364
011d5c
023396
03d3fc
04d078
059706
06db9c
075d46
06d918
06b0f6
070a92
070ed6
061bf0
045ce8
0371be
03bdb2
034e02
01ea9e
00ee8a
0028f6
ffee30
01037a
018fde
00a824
00572e
00affe
009b94
0155f8
02b560
028fe2
019464
01c6ce
02fb18
049148
06248a
06fdf2
076d34
0803f0
084602
083164
083e42
08079a
073918
05e17c
03ccda
018b38
006a92
0091f2
00d73a
fff730
fdd0ba
fbd0c4
fb1528
fabbe4
f99ee4
f83aee
f767f2
f6c300
f5bae8
f50f66
f5c064
f739dc
f85dc0
f92dcc
f9e1a8
fa505e
fae020
fbefac
fce3b2
fced3a
fbd066
fa5e30
f9f9b8
fa5e06
f9e226
f89b40
f7d880
f780f4
f71fd0
f6fa40
f6e030
f6c69e
f765ae
f8678e
f8a568
f8255a
f7ba6e
f814bc
f9505e
fa407a
f9ee70
f9d388
fba8be
feaafe
015554
032ac2
04243e
04d2ce
05e184
06d188
06e1e0
063a56
0509f4
03bd0c
0343ba
0338e6
026ea8
017028
011b3e
00cdba
0040ac
ffc628
fee124
fdde60
fdaeb2
fd2738
fb38ec
f9d288
fa28fc
faa576
faa5ca
fb178c
fbc09e
fbfe20
fc15f2
fc0fdc
fb9ebe
fb048c
fa9234
fa21aa
f980fe
f8cc2a
f85c42
f86f52
f8f446
f9a402
fa128c
fa81d4
fbfac8
fe258e
ff022e
fe3470
fd8e4e
fdd21c
fe1b2e
fdf2aa
fdc09e
fe0bf6
fea4c2
feac4a
fe56ae
fefeea
005e24
010d6a
017db6
027c3a
02e620
02355a
01c308
01d37c
014002
0031a8
fff870
00d454
01cc74
02580c
034c14
055a66
075718
081730
08a472
09bfbc
0a2f36
09a7e8
094ac0
08cfa8
0788a2
066da0
05fd7e
058b3e
0534ec
04f972
0409a4
031662
032a90
02fb42
018f8c
002d38
ff2816
fdb84e
fca7fe
fc9be4
fc8cc4
fc3f92
fc3a46
fc04d2
fbd522
fcc314
fe67b0
ffd4fc
011fd6
01dc38
01ab30
01a0a2
01fc84
01eafc
02130e
02fda4
0349ce
027aa2
01a72a
014162
017e42
0281f0
0384b4
03f9c2
03ce20
028dea
01065e
00da98
018798
01c266
01b340
018846
016f64
022eac
036742
04720a
05f5e8
07961c
0823c4
085bd0
090b3a
0991fe
09d21c
09afb6
08a1ce
07ae1a
07ae8e
07634c
064566
054adc
04b094
047760
04cb32
05101e
04e002
0470c0
03b25c
02c3b4
01a698
00160c
feeaf8
febb28
fe417c
fd22e8
fcb050
fcdda4
fd06d8
fd9fc2
fe9432
ff4dfc
0007f8
00c6fe
00d804
001324
ff264e
fea650
fdfe02
fc7b74
fb68b0
fbb9ca
fbe7ee
fb7718
fba526
fbc620
fb411e
fba80c
fcd0ec
fcf1fe
fc885e
fc77ce
fc2758
fbae3a
fb8294
fb657e
fba814
fcae48
fe0e18
ff47b4
ffe644
0034bc
018804
039e22
04a826
049038
04296c
034aca
024a5a
01fe28
02104a
018de4
005106
ff709c
0004b2
01176c
0162b8
01c352
028e20
02623c
0157c2
007698
ffdb92
ffe6b4
005a08
ffa67e
fe1d08
fd6484
fd34ce
fd0fd8
fd8998
fdfaf0
fd91ea
fd0392
fcb5bc
fc5140
fbff24
fbec4c
fbaf92
face0e
f9a8c4
f96690
f9f48a
fa13ca
f9ec0c
fa2228
fa244a
fa4f96
fba80a
fd1bac
fd755c
fd50e8
fd3560
fd7800
fe5be2
feedee
febb14
fea76c
feb6fc
fe9bcc
febef8
fec4aa
fe80de
fecf8e
ff07e8
fdf54c
fcdad4
fd473e
fe6996
feb23e
fe123a
fdf442
feca70
ff5c20
ffb94a
00a1e4
00f810
00efb4
023dac
035022
02c236
030bc8
0400e8
031bbc
022020
027cee
01e150
010960
023508
035b3e
02f6f0
02570c
0133ba
ff9df6
ff937c
00835a
002bcc
fea1c6
fd0b2c
fc2220
fc9d8e
fde13e
fe644a
fe10bc
fe1266
fee828
ffb90e
ffbe14
ff9322
ffdc20
003a00
0086d0
00d58c
00e424
00c2a2
004512
ff733c
ffb2e8
00d35c
00a7dc
fff236
009320
00c3d6
ff9182
ff4ff4
ffab2c
fe8a72
fd3fae
fd2db6
fd1cd0
fcda0e
fd2f4e
fd6dca
fd3796
fd9d6a
ff0c2e
006714
00a8fe
0085da
0144ca
024fe6
024a2c
01ab70
01ae62
022820
022814
01b860
01a6f0
01eea0
01f3ec
022394
02c33c
028572
014cca
00ddac
012c1c
00a96c
ff75bc
fe89ec
fe01f8
fdacf4
fd44b8
fccb2c
fcb678
fccc9a
fcab4c
fd217e
fe5858
ff1bde
ff48d0
ffb7ec
003c58
00495e
0027e6
003a9e
0048a2
00021a
ffb2d6
fff5d4
00ab44
01021c
00a82c
000688
ff724c
fedc84
fe5952
fe25f6
fe0196
fdc31c
fdbf86
fd6b0c
fc72d4
fcafb8
fe9bb4
ffa6e4
ff7344
ff5ef2
fe333c
fcec2a
ffdb88
04ea8a
059196
02e2b8
02818e
04d0f4
070834
07fc88
07d5be
073fa6
067656
05bef2
066270
07ac02
0739be
06694c
075086
0756b0
04f8e4
038fe8
047da4
052b2a
042162
022322
007d68
fff646
ffe5b0
ff8074
ff0778
fe52e2
fd38be
fcfbec
fe224e
ff42b8
ff8bfa
ffaadc
ffe036
ffacdc
ff2bd2
fef61e
fef9c2
fed4b6
fe7ef8
fdc090
fcfba2
fdd832
002116
01293e
009b88
006d84
009632
006138
0061e0
003ec2
ff6494
fe9aa8
fdd874
fcd528
fccfa4
fdcede
fe6900
fed204
ff1ae6
fe49e8
fde310
ffa322
017f6e
01d956
025292
034de6
0362c0
034184
048816
066354
06bf50
05a516
0542aa
066804
07462a
06cc34
05eb10
04f8b4
039166
025772
01c8d8
01748a
017780
021eb6
028e1e
0228ac
01b94a
01e5ce
020a24
01715c
008966
fff722
ff75cc
feefac
ff4188
007716
016a5a
01c542
01ee92
01d31c
01acbc
01e94e
01f9ce
01751a
00d010
fff3dc
feb9be
fdee9e
fdd156
fdfcca
fe7fc8
febc5e
fdd6ce
fd03ee
fd8558
fe1010
fd6d30
fc629c
fb9e56
fafb9c
fa6676
f9c8bc
f94c56
f96562
f9ed14
fa9678
fba560
fcf1a4
fdc32a
fe15e0
fe72c8
fef3f8
ff5b74
ff9432
ff8b52
ff1bf4
fe9504
fe9d7c
fef494
fed158
fe8d92
feed16
ff5102
fee362
fe1534
fd7788
fcd668
fc1fc8
fbbe9e
fbd70c
fbe41a
fb72b4
fb13c4
fba53e
fcd014
fd6e40
fd2fae
fccd32
fcefc0
fd7972
fdda48
fdc836
fd6c22
fd1ce4
fd276a
fd77e8
fda96a
fd78c6
fce0da
fc44a4
fc4e24
fcc654
fcdb20
fcb27e
fc9378
fbd834
faa8ae
fa22e0
fa34f4
fa1306
f99b20
f90154
f8ebba
f9ef64
fb1d5e
fb9d9c
fc3214
fceada
fcda1c
fc89da
fd051e
fdd024
fe4334
fe826e
feb4e4
ff2da2
006fb8
024740
03b85e
041a2e
0416b8
04c8ea
05e2be
06525e
063100
061bca
0618ca
0633fc
065478
060f5e
05d1aa
06305c
06a686
06cb2a
06df38
069fae
05d390
0522bc
04d528
045ddc
037ee6
02a358
024d38
02716c
0267e4
020e98
021f52
02a9e6
02ed4e
02ca62
02bbec
02b9d2
024012
0141b4
0084da
008990
0090bc
001354
fffd3e
00be50
014888
0131f8
012064
011b9c
00c892
00624c
0016f4
ffa5b6
fef5aa
fe4bc8
fe0506
fe4764
fee212
ff9934
0055b4
010772
01af5e
023f5c
02a06a
0337a2
04500a
051ac0
04e5d6
045b44
04232e
040dca
042ef8
04b4a4
0516f4
0503ec
04c164
044c60
03b2da
034dcc
02e55c
021f98
01315c
0037d0
ff7e2c
ffb64e
00871e
0102b4
0168fa
01e6be
01b9de
00f93e
0072d6
0030a8
0001be
ffa02c
fe9dfc
fda414
fdbc68
fea3f2
ffa39e
004158
000b26
ff90d2
ffa92a
ffd116
ff9794
ff50b0
fea694
fd7854
fc7dde
fbe926
fbd81a
fcacb6
fdbd10
fe2032
fdf104
fdc268
fe7030
ffc23e
ffd398
feb72c
fe79e4
fe7dec
fd7560
fcca20
fcd930
fc4eb4
fbea92
fc48c6
fc4172
fc6c6e
fdae7a
fe6daa
fe0bfa
fde236
fdd374
fd0ee8
fc0780
fb2a34
fa881e
fa7c44
faee94
fb2d14
faf7c0
fb0290
fbfe56
fd36de
fda522
fdcf36
fe452e
fe3108
fd66aa
fcdee4
fcd2d2
fcec92
fd131a
fcf478
fc66c6
fbdee8
fbbca8
fc1af4
fcd3ce
fd3a4e
fcc4a6
fbd3e4
fb30f6
fb25da
fb2e8c
fadf30
fad4f2
fb86ce
fc11c4
fc19ea
fca71e
fdda3c
fea962
ff2884
ffe89c
004cfc
0012c8
0032ce
00ba36
00ac5a
00594c
00ac0c
0126c8
011f90
012444
018adc
019c78
010d5c
008f9e
009344
009a7e
00506a
00402e
00d11a
019858
0212d2
02399e
02a1d0
03e938
0564d2
0610d6
06a934
07dae2
087df8
08257c
07fe62
086aae
091e72
0a06d2
0a9cd8
0a9b68
0a5758
099c9e
08a236
086526
08a450
08368e
06c310
04cb0c
036846
02fbae
027784
021cae
02faf2
037b76
026142
01c2f6
028454
03276c
036028
033964
023e2c
0128a6
009fe0
0098b8
015a28
020e54
01db4c
0223d2
035acc
041c6a
0491a2
04e82e
043100
035942
033cf6
02a548
01d670
01ea52
01de16
015204
0168f0
021ed0
0308fe
040c32
04b0fe
053fbe
05f68a
062a18
063ab0
06cb56
071e88
06f69c
067cba
059540
058bb4
06a6b2
069928
058806
056580
050742
03adcc
033836
0311d6
017782
ffa04e
fe9e6c
fd9ade
fcac8a
fc8e1c
fceacc
fcfd90
fc6f3a
fbc348
fbcd74
fc5b78
fc7766
fbf026
fb94d4
fb717c
fa6b62
f92b5a
f9a7b8
fb0f9c
fbdd02
fcc490
fd2152
fc4d4c
fc9e74
fdaf18
fd33ca
fd08ce
fd19ee
fb14d4
fa9574
fc84e4
fb9184
fa16d2
fb828a
fad554
f9b40c
fc7b6c
fccef6
fb8240
ff0a9e
fe88fe
f9159a
fc3282
fe2778
f49a4a
f60f84
040506
ffaed4
f102ac
f56cc6
fff3ac
fec55a
fe1424
ff21d6
f9d8da
f9aad4
00e0b6
ff793e
f90032
fb95e8
ffdee6
fc48e2
f8ed78
fb072c
fd1d22
fe6758
fff7a2
fd7552
f9af50
fd3506
0253ce
ff2352
fb12ec
fd3b1a
fd5ec2
f9d924
fabf7a
fe01e8
fe30bc
fd6292
fc2486
faabde
fc580c
fea220
fddf94
fd1d08
fcae94
faf9d0
fbae32
fe259c
fd8808
fcc4d2
fea12a
fedb48
fd9814
fea9f2
006e54
009bd4
00163c
ff875c
ff64ae
ff9a00
ff8a04
0046e2
0164e4
00a368
ffbe24
00effc
01d7f4
017b86
01a5ce
019312
006490
ffce7e
009e94
01efe4
029b86
024ea2
02a0a6
04206c
0502f2
059056
075178
08bd5e
0879f8
0801f8
082fd0
089ce8
091db4
09640a
0978ce
096ade
08c73a
08473e
08b0d0
08a392
078396
06a2ce
0637f8
05945e
04a82a
037bee
02a5a2
02a1b0
0253ec
016816
01535e
0235e0
02c168
02c4b4
02f2a2
03724e
03a2b4
033b7e
031d94
035b36
02ae88
01897e
01441c
015656
018326
027cb6
030d14
024e1c
01eab6
0260e6
026bb6
022830
021952
01f630
0218ec
02ce92
038a26
041eb6
04784a
0490c6
0589fc
07bee2
09279c
08c020
082d22
083396
07c3a6
06df3e
068640
0657c6
0576ca
045d32
03ad0a
032d5c
02ea1a
030e12
02d6fa
01c1b6
009850
fff0a6
ff1398
fd7038
fbd68e
fb2576
fa8c00
f90554
f7ef52
f93db4
fbd668
fcec84
fc19d6
fb74f0
fc658e
fdfcca
fe7dbe
fdaf78
fca4f4
fbd11e
fb56e4
fbed60
fd42b6
fdc8ee
fd89f8
fdeaa6
fe8fda
fe60b4
fe4248
feef9a
ff01c6
fdf3d6
fd24c4
fcbfd4
fc0754
fbc140
fc8190
fd1072
fcc700
fc8c10
fd1894
fe5598
ffac2a
006d4c
008710
00258e
ff41ca
fea3ce
ff38d2
003006
006764
004adc
00727a
00c442
017708
0272b2
02b44e
0214dc
018a3a
01147e
fff0fc
fe97e4
fe0318
fde976
fda618
fd6a30
fd46c4
fd1590
fd6a56
fe4ff2
feb566
fe7dbc
fe67f2
fe390c
fde3f2
fe5090
ff55f2
fff922
00160a
ffea9e
ffbfe6
0009b6
0072dc
007856
008c20
008a30
ff8ca0
fe2590
fd81dc
fd5b62
fd2744
fd31a4
fd708e
fd650e
fd021a
fce17c
fd941c
fe92f4
feb41c
fe19aa
fdeb9c
fe48e2
fe6c88
fe25b8
fddd92
fe0a3a
fec9b8
ff8f14
ffda5c
00287c
00f360
01ab0c
01bb8e
016500
00d476
000912
ff6afe
ff345e
ff293a
ff53b0
ffb8f4
001c1a
00df0c
0251b2
03a506
046208
0525d0
05f96a
0665b8
0688a8
068644
0650a0
0625dc
060e0c
05e02e
05aa42
054248
04a712
04808a
04bbba
0474b4
03c564
033aa8
028d74
01aac6
00fda6
005624
ff7364
fecb68
feaf0c
fee22a
ff59c6
002fe6
00e97e
010f5a
01253c
018e1c
018216
00c132
005962
0083b4
00634e
000336
001844
008a72
00b9c6
00603c
fffec0
005a56
012804
015dcc
00dca6
006794
0082be
010a56
015470
011dfa
012cea
01fc42
02f3f6
03a402
040a6a
041622
03eb0a
03ce0e
03bd46
03b3c2
03a47c
036370
02f7aa
027140
01fc2e
021f66
02c7da
030a5a
0297d2
01f32e
014d68
008e7c
ffcd70
ff2742
fe6c04
fd3aca
fbc8a0
fb1186
fb6f6a
fc2542
fcbc10
fd36be
fd6e00
fd68a8
fd64c4
fd7d54
fdc14a
fdfdc2
fde6ca
fdd44c
fe043c
fe05b4
fe03de
fed6a8
0056e4
01866c
01ea40
01ac5e
0150be
012852
00f522
008c56
00250e
ff974a
fe991a
fdb794
fdb3c2
fe329e
fe382a
fdc962
fdb15c
fe1016
fe836e
fecd6a
fe8224
fda39a
fd39dc
fdbcfc
fe7212
fef912
ff5002
ff43e8
ff32c4
ff9292
00144c
0098e2
011046
00eb70
00597a
fff9a0
ff4dfe
fe4698
fe3562
ff285a
ffbb94
ffad2a
ff8e08
ff7012
ff8b30
003262
00d8a8
00b90c
fff98a
ff5c0e
ff4ab0
ff8c9c
ffccde
00134a
00a1b0
014f06
017b54
01219e
0127c8
01e3b8
027d58
0237a8
01419c
007b2a
006d46
003ef8
ff1544
fdeb1c
fdc282
fdc776
fd6b00
fd64fa
fdcb42
fe12c4
fe397e
fe5c58
fe7240
fe6436
fdf332
fd4838
fcef5e
fce3b4
fd084a
fd8638
fdf482
fdf204
fdf5b0
fe2a7e
fe4e68
fe77a0
fe5e5c
fd9d9c
fd0046
fd4c66
fdcb32
fde2ca
fe1046
fea4c2
ff7536
008ca4
01c61e
0286c4
02d498
037e92
04afca
05d558
06974c
06c6aa
066b76
0626c6
0625c2
05bb8c
051c18
051358
054762
05235e
04ea48
04b7f4
04734e
044170
03d26c
02d75a
01ed5e
019e82
01d5c4
026a20
03108c
0394ea
04272e
04b53c
0510fa
05674e
056326
047780
033c70
028f04
024542
01fd30
01abd2
012b2c
009936
0087d8
0105ec
016d7c
017b86
019bf2
01ecba
0206ee
01e890
01c3a2
018432
017248
01fbe8
02950c
02a8c8
02bf1e
033120
038ec0
03c9c6
042e0c
04a39e
04f3a0
051b10
0529de
05180c
04bbaa
042fae
03e218
0410e8
04901e
04e6b4
048288
037d76
02897a
01c7ac
00ff36
007530
002b90
ff9758
fe9394
fd8d46
fd1564
fd7cf0
fe4fd6
feb4e6
fe8b06
fe5632
fe7556
fed46a
ff2a82
ff798c
ffdc74
001142
002e10
00dad2
01d968
0252b4
026da0
02b722
031e2a
03739c
037462
02d594
01ff46
016a72
009712
ff1834
fda6e2
fd1824
fd2c02
fcec8e
fbe0c4
faa59a
fa1202
fa2bfa
fa709c
faa3e4
fad1ca
fad85c
fab6aa
fb0caa
fc4262
fdc6dc
ff0b02
fff1c8
003a28
001816
005b84
00f68c
014440
01448a
00e578
ffec3a
ff05f8
feb0b8
fe7084
fe3662
fe5952
fe595e
fdd788
fd62ba
fd69f0
fd9930
fd5f7a
fcbcca
fc8732
fd52aa
fe5628
feabbc
fec052
ff59ca
003122
009a44
00aaf6
00cf22
0108d8
012cf6
011a46
0095ce
ffbb9e
ff1186
fea05e
fe1732
fd8006
fcc6c4
fbbf58
fac9b8
fa2fd6
f9c3b6
f9b140
fa0144
f9e9be
f924d6
f87c8a
f849be
f8547c
f8c0b0
f96a4a
f9b36c
f9cd3a
fa7a9c
fb6c82
fbd9ee
fc0cd0
fc832e
fcba32
fc490e
fba2d8
fb3fb6
fb46c2
fbb21a
fc33ea
fcc266
fda3b0
fea8d6
ff8dc0
008784
016d78
01e3ce
025974
030180
035f42
03cdce
04cf2a
058382
0576f8
05b682
066538
067046
0653a0
07661a
08bed6
088d02
077594
07396e
07be8c
0807f4
07cbb4
06e8ca
05c92c
0573e4
059f0a
053380
048f0c
0443a2
03c64e
032f06
030cb0
02a948
0181b0
006bce
ffc6b0
ff2164
fe88c6
fe42d0
fe2592
fe04ec
fe10a0
fe8ba4
ff4dfa
ffea9e
00677c
00cf8c
00c5d0
00bc50
01affe
02f5e6
03441e
033aa0
03c942
043510
04182a
043b8e
04874c
045498
043958
04a968
04c0f2
04391c
03f1c0
041ae6
0439dc
0435a6
041404
03efec
03f998
03e816
039866
03b28c
041970
03ca00
030552
02e67e
033d72
033022
02b392
0222be
01b2b0
01836c
018ebc
01966a
016a82
013514
012e04
00ed32
003ca2
fff140
0047fa
0044ce
ffc5b6
ffaf88
001926
00928a
00faa0
01233c
011336
010494
00bc54
004f4a
004a62
0056a8
ffc718
fed79a
fdb540
fc5910
fb73ee
fb3ed2
faeae4
fa7a30
fa8798
fa7d16
f9e9b6
f9e56a
fad03c
fb6246
fb647e
fbebd2
fca554
fc9d20
fcb24a
fdc2c8
febd90
fee4a4
ff0d1c
ffb410
00728c
00baa4
003e64
ffa7c8
000ccc
00f7a2
010d82
006372
fff35c
ffe448
ffc14a
ff5c50
fee860
fe96a8
fe8836
fedcf8
ff61e8
ff9516
ff8e7e
ffe322
0093f6
014af0
01e2fc
0218f2
01e1b4
01b430
01a45a
015f2c
00e6ae
0063ae
fffaf6
ffd892
ff9194
fea2f0
fd9a86
fd3e44
fd490e
fd08c0
fc4754
fb63cc
faf612
fb140c
fb23ba
fab418
fa1b0e
fa019a
fa81d8
fb1bcc
fb8e58
fbfb78
fc3a32
fc288c
fc35a2
fcc056
fd7786
fd9864
fce336
fc2cec
fc218e
fc2f58
fc1488
fca330
fdcb60
fe7644
fe8bfc
fef5a4
001f58
019b3a
02c056
034cb8
037092
036522
039290
0456dc
058a1e
06f67c
085914
08dff0
089908
08de5e
09d6fe
0a5efc
0a486e
09fb4c
096f82
08d016
085b38
080a00
07f556
07de24
074774
068550
0621b2
05ef9a
058af6
04c1aa
03c09c
02f7d0
024158
018a2c
01553c
00fe6a
ff8caa
fe58fe
fed560
ffd3d4
005240
00f674
01c760
023ffc
029326
02fcca
036df4
03d99a
03f7b2
03a732
033a22
02e89a
02f6b2
039458
041f84
03fb4a
03c794
042f42
048e96
0414a2
03512c
033650
03614e
0300f6
026b5a
0234d0
024226
02a5da
0392f2
0479c4
04c352
04d560
054ac2
05dd7c
05eccc
05919a
051884
042684
02c6ea
01ef8c
01bf14
014fc2
004cda
ff0500
fdfefe
fdd51a
fe1b40
fdbd0c
fcf392
fc8bde
fc4aa0
fbb8e8
fb0cec
fac470
faea50
fafcc4
fb05b0
fbb0b0
fcadd6
fd722e
fe7364
ff8960
003026
00f994
018bb4
00f7ac
007948
005e54
ff050c
fddf7e
fe8c68
fe0b02
fb85ae
fa634c
f9cdca
f7566e
f66130
f90ce6
fb10da
fa3c50
f93a16
f99af8
fae40c
fbd888
fb0294
fa0622
fbca12
fe3092
fe4ed2
fefe88
01c7a8
028c86
01371e
021a1c
03a8ac
026e2c
01169e
012802
fffe84
ff0620
006fc2
00c1a0
feedc8
fe9aee
fedb26
fd10aa
fc0564
fd2a42
fd6588
fca650
fd2662
fdf3c2
fe366e
ff2628
0019f8
ffc4d8
ffa180
00b3e0
015bfe
0144a0
01d7b2
02657a
01b2b8
012dfa
019a5e
013b00
ffe790
ff2212
fe6cec
fd0d0a
fbfd0c
fb6be4
faaea8
fa1a70
f9ee30
f9cabc
f9b30c
f99d72
f975fa
f9ba64
fa63c8
fae26c
fb5f14
fc0e7a
fc6bee
fc6a9a
fcaf28
fd62a0
fdf250
fe1c3c
fe6182
feec84
ff5a40
fff978
011e74
020972
025c54
02ad32
02f460
02e7d4
02ec7c
0338a0
03ae6c
0442f0
04c05e
0519ce
056a2a
05958a
05f816
06ccc0
072386
06db90
0714dc
078b3a
0750b8
06d684
068996
0662d0
06a03c
06c7e6
0650ba
060baa
0664b4
069fd6
06700e
05d94c
04f982
045f9e
03d18e
02a64c
0167de
008c3e
ffb382
ff27b0
ff25b6
ff2380
ff54f6
002004
00e0b2
014700
01aec2
0202d0
023b2c
029cce
02e0c6
02a838
023120
01f760
0238fc
02e406
03b288
046886
04daf4
0519c4
055100
055eb4
0521d8
04d86a
04a670
0495f4
049d12
0454ba
03ded4
041b72
04e1a8
053162
051884
052afe
0550d4
055816
0557ae
054c70
04ff68
0435a8
033016
024e98
015332
0034e6
ff80bc
ff30c6
fefee2
fefcf4
febe0a
fe1d20
fdeb1e
fe29ee
fe3776
fe49b6
fe30c4
fd6892
fce1f4
fd59fe
fe05b4
fe9702
ff58e0
00114a
00d61a
01ff2a
031c7c
039c24
035820
02b45e
0284c4
02a34a
02100e
010434
0047ba
ffa7a4
fef9f8
fe75ca
fe1430
fe043c
fe45e6
fe3028
fdb018
fd6eb0
fd97de
fde6b6
fdf252
fda4c0
fda70c
fe254a
fe7a7c
fee4a6
fff9ba
0130b8
02169e
02d05e
030a02
02c180
029cd6
029c18
022d78
012b0c
fffec8
ff64bc
ff610e
ff1dda
feaf36
fefc12
ff9550
ff8bf8
ff651c
ffd0b0
003c9e
002ff6
0028be
0065fc
0064c0
001004
fffeb8
006ec0
01460e
0265b4
033a9e
0360a0
03629c
039f82
03ca32
03aea2
0312d4
01dec0
00a564
ffa9da
fecd08
fe6ac4
fe5a0c
fdd4f2
fd3a6c
fd0852
fc978a
fbfc12
fbf4e2
fbf2f2
fb6b3e
fb16ca
fb2492
fb04ac
fad80c
fb2978
fbf8c8
fca724
fcc09e
fcba16
fd306c
fde998
fe76b8
fea7ec
fe5046
fdbad2
fd7e9a
fd6eae
fd1e18
fceaee
fd4352
fdbd58
fdd200
fde25c
fe8876
ff7b48
0046da
010d40
018fa0
01a214
02029e
02a934
029fde
0260ac
02d6ac
0355e8
038a64
041a12
049bd6
0478ac
0467a0
04ccbe
050d16
04c2a6
040e5a
034740
02916c
01a5da
00808e
ff879e
fee00e
fe7dd2
fe1aec
fd3f64
fc7c32
fcf348
fe12b0
fe8182
fe7eac
fecc04
ff4a7c
ffce2e
006824
00cd5c
00bac2
008f36
00e1be
01c072
029758
030160
034c86
03cfda
04495c
046504
044fd4
0455e2
04404a
03ba1a
02e566
02122a
018858
0184f8
01b126
0189e0
01692e
01b322
01fab2
0232cc
02fa6a
041ba2
04ae72
0495c8
049796
051cc8
058a54
054930
04bf4e
0453b0
03cb4a
032820
02914e
01f0dc
0195b6
01afd2
01843a
00d0fa
003f14
ffdb88
ff5448
fedc3c
fe8264
fdf9d2
fd5c9a
fd12b8
fd7c10
fe7190
ff334c
ff925c
0053b4
01963a
02acde
037896
043a58
04d618
0526ba
053e32
052196
04befa
04164a
036a74
031886
03139e
02f2ec
02737a
019d34
00b910
003e0a
00411a
00295e
ff63fa
fe4bea
fdadfe
fd9b3a
fd98b8
fdb19a
fe25d4
fec058
ff7c1e
008c22
017554
01b7b6
01e72a
02a290
034ef6
030b82
02372c
01b1ca
016c5e
00ef10
007ef4
006a10
00375c
ff9ccc
ff1660
ff1c14
ff5dfc
ff3022
fe8474
fdf7cc
fdc836
fd9bd0
fd59aa
fd37ae
fd6cc6
fe34e8
ff4a16
fffa4a
005d58
01270c
025356
033020
035066
02cd1a
020d1e
015558
00b5be
004e54
ffde30
fee55e
fdc4cc
fd594c
fd89c2
fd9c38
fd4798
fcbbc4
fc47b4
fbd672
fb0be8
fa1e0e
f96cea
f8c79a
f8471c
f85e64
f8b47c
f8c660
f908f2
f9fc1e
fb40f8
fc1e8a
fc43cc
fc3eb0
fcba46
fd51a8
fd61e6
fd2a12
fd084a
fd02b2
fd5150
fe0e16
fed118
ff3e7a
ff7752
fff6b0
00fc8e
01e8f8
021518
020a0a
0266ca
02b562
02960a
026dec
026f0e
02865c
02e2c4
038354
03f222
040b32
04138c
041b34
040924
03c954
0336e8
028af8
024688
022d96
019c20
00df28
00c6ae
014fb0
01cf20
01caee
016d06
01626a
020022
02d52c
03557e
03571e
02fd0c
02a53c
028ca6
028c36
026aec
0219e8
01b436
0186ba
01906a
017e5a
01769c
01db36
028434
02f690
02e152
025888
021840
029088
03176e
033e02
039548
044c4e
04c014
04cca0
0508f2
05d116
06c918
076b14
07c90e
082bf4
086fc2
08678c
084658
083422
0820f0
07e1d2
0762e6
06e52c
06a9a0
066144
059f2c
048882
03ca4c
03d77a
042006
03d2f8
033b4e
02ea0e
028d42
020dee
02030e
025a94
02a772
03119c
039308
03e2b4
044684
050b5a
05e522
0672cc
068b4c
0668a6
0684d0
06dbb2
06dd36
065f48
05bace
0539b8
04bd18
03dce6
02a206
01b566
014014
00aa02
ffce10
ff0136
fe3e84
fd7008
fcfe9a
fd2520
fd7294
fd8ae6
fdb4ee
fe389a
feb6e4
feb4c8
fe6324
fe65da
fefbd4
ff9a18
ff93ac
ff0f7a
feb674
fe9d98
fe61f8
fdf898
fda35c
fd8636
fd7030
fce34e
fbbd94
faa210
fa24ca
fa19ce
fa1424
f9edc8
f9c6ae
f9e7de
fa8464
fb6f3c
fc1d5a
fc42b0
fc542a
fcf0c8
fde796
fea78a
ff2680
ff9e60
000526
004ed2
008f3e
00a04c
004606
ffc578
ff8a98
ff5956
fea5b6
fd92b6
fc9c42
fbc45a
fadc1a
fa057e
f95972
f8a6e4
f7c8e2
f6eb6a
f65d70
f62dee
f63cea
f69074
f71f90
f7923e
f7cf6e
f83a14
f8f03c
f99ef6
fa1f42
faa214
fb397c
fbca96
fc4c6a
fcccea
fd352a
fd775e
fde5a4
feb404
ff7590
ffbb66
ffb29c
ffba50
ffdba0
fff4a6
ffff74
ffef1e
ffbdd0
ffa3aa
fffec2
00bb3e
015c40
01d2c8
0292c4
03aa32
04932a
0501be
0530f0
055dc6
056c44
054d72
053650
0526dc
04c134
041f5e
03e856
04391a
048caa
04a8ec
049bdc
04677c
0444c6
044cb6
040b4c
034882
028c48
0228a0
01a6ac
00d472
004adc
0070da
00c96e
00d9a0
00f062
0163b4
01e39c
021b12
02360e
026996
02a0ca
02c3ba
02ea54
03268c
036a68
039c02
03c260
041d84
04df78
05d842
0686ee
06a0a6
068784
06d880
07af96
08a4d4
092058
08d820
084918
081d34
081a86
07c724
07850c
07ab4c
07c3f6
079302
076c68
076036
075378
074e1e
07171c
067770
05a302
04dfca
0455be
041eda
04030c
03965c
02e0d0
026560
0269fc
02b0a4
02f556
0334ec
03553e
032538
02c6cc
0289e6
02776e
02544c
01ef7c
0168fc
0137b8
0188a4
01fdbe
025bf4
02b730
02fd56
031b50
033312
033c82
02e38e
020924
00f740
000de4
ff5328
fea12c
fe1ee6
fe1036
fe4504
fe6856
fe801a
fe9938
fe8cb4
fe6096
fe38ce
fdf44a
fd7606
fd0922
fce3b2
fcd2c4
fcbc50
fcf340
fd997e
fe66fc
ff23c0
ffd0cc
005e0e
009f6a
0063d0
ff8e62
fe6536
fd7b5a
fd08c8
fccd86
fc9d90
fc75f2
fc49b0
fc45c8
fcaa1c
fd4088
fda6f8
fdf576
fe5814
fe90ce
fe7898
fe4960
fe1614
fdc2b2
fd853a
fda4aa
fddff8
fde40e
fdf3ae
fe53ac
fea216
fe7f10
fe2294
fdd788
fda3f4
fd81d6
fd5b20
fcfac6
fc39cc
fb343a
fa6302
fa3616
fa6c7c
fa5a42
f9e872
f9951a
f9974a
f9dc1e
fa65ae
fb0510
fb4a54
fb3292
fb50c8
fbe1fa
fc7440
fcb1bc
fcd08a
fd24b6
fde454
ff308e
00c59a
01f2a4
0277be
02d2de
03a82c
0501d2
0616ee
062a9a
0594fa
053624
054128
059418
063d1c
06f264
073816
072834
0719d0
074900
0820bc
097f00
0a2ede
098f62
088c7c
07eb1c
075052
069128
06319e
0643b0
062b66
05c4c0
05a0a0
05fcf2
066cac
06a8cc
06e530
071fb0
06e438
05fcc8
04dd60
03fd06
0339b0
026352
01d5cc
01e71a
023140
02263e
01c9f8
019754
01f046
0274ce
025706
01c8ee
01c372
022284
020532
01aa96
01dfb4
027282
02dfea
035fe2
045c68
05ae7e
06b93e
0717c6
073712
07a1fe
07fa7a
07ab94
07065e
06a6f0
067b58
061d80
05954e
052ecc
04fa10
04ea16
0529c2
05ac0e
05ea02
059f9e
0523cc
04b986
043dc8
037e84
0274b0
016b50
00bd5c
0038ca
ff7984
feb586
fe50be
fe4326
fe72ba
fed774
ff2f48
ff5518
ff6fb8
ff7012
ff3f1c
ff18d0
ff1e24
ff0f02
fee162
fedc48
fef7ae
ff0a7c
ff5ca0
001c20
00c0fa
00ed18
01005c
0120ba
00c03e
ff9be8
fe38a8
fd2e84
fc9eb2
fc3052
fb9450
fb1f9a
fb6e36
fc5424
fd145c
fd56d4
fd488a
fd4474
fd9588
fe22cc
fe7c5a
fe6a3e
fe0978
fda30e
fd9800
fe0248
fe81e2
fecacc
ff00fe
ff3e76
ff592e
ff511a
ff4d38
ff1694
fe5448
fd385e
fc5de0
fbf7cc
fbae30
fb3618
fab78e
fa9382
facfe8
fb0cc0
fb320c
fbaac8
fc9be8
fd855a
fe0d0c
fe5908
fe846a
fe9b36
fee442
ff8772
0047c4
010126
01b572
02079a
0199a6
00d598
006852
0032ca
ffc114
ff304c
feb584
fe08c2
fd100c
fc3054
fba686
fb50a2
fb02c0
fa9cf6
fa194c
f9a1c0
f96d60
f9973c
f9fd78
fa5a2a
fab264
fb5a26
fc457a
fd2466
fdf9f2
fee426
ffc00c
008ca4
0177f4
02891c
03983a
047462
050598
058de8
06527e
06ff72
070cce
06859c
05fbf8
05f000
0650bc
066a50
05c3d8
04d24e
045ea2
0472ea
04784a
0436e4
0407c0
03f4da
03b130
0381b8
03f154
04a704
0511d6
0571bc
06039e
064d7e
061446
05e1e8
064058
070e86
07a46a
078e02
071548
06a016
062c62
05b428
05356e
046d36
034888
022d68
0159e4
00bb0a
0052d2
002a3c
00394a
0068f8
009f48
00c342
00e2f0
013950
01d55e
024324
023cbc
026d38
03569a
045dd8
051de6
060cbe
071d72
07b21c
07e7c0
084d42
090790
09ddae
0a51c4
0a1ad2
09c0c6
09a7a2
095776
089d3c
07fdea
079b8e
072426
067aa6
05cc16
055868
050f7a
047238
03979a
033a90
034818
02fa30
0249a8
01af56
013026
00b510
006114
00351e
00060c
ffb6b6
ff5e14
ff3020
ff32c4
ff40e0
ff5268
ff6454
ff5094
ff110c
fecbaa
fea368
feac48
fec344
fe9c5a
fe3f7e
fdfcbc
fe072a
fe49d0
feb39c
ff3890
ffa9b2
ffb6f4
ff8a56
ffb9e0
003aac
007ac4
009124
00d0ce
00e7e4
00ab88
0082ba
007e7a
0089d4
00d1dc
0107a4
00ca42
00a0be
00ee14
012a4e
01257a
013da8
0153f4
012a70
011612
015adc
01b2dc
01ad1e
013096
00aa48
008c34
009d5c
005cce
ffdd84
ff947e
ffacbc
ffdc46
ffdf18
ffe630
00407e
00a7f6
00be8c
00c532
0101e4
013f92
014216
010562
00927a
001856
ffd6ea
ffda38
000142
0034f0
004622
0018d2
ffe7f2
00066a
004f1e
003900
ff8f12
feb346
fe0486
fd81be
fd22f4
fcf03a
fcb0a4
fc2d26
fbb4a8
fbd02a
fc67a8
fcc020
fc8998
fc4f12
fc6884
fc74ea
fc2b58
fbd8ec
fbcbb8
fc0ab2
fc85e0
fd1950
fdaf26
fe596a
ff240e
ffff0c
00e470
01c44c
028ba6
031f8a
035d06
035e30
03600c
0336ae
02ab3c
0246dc
027aa0
02ae90
0282bc
02881a
02d6aa
02d38c
0295da
02a49e
02aae4
023bb2
01bb0c
0187f4
017b82
0184d4
0191e8
017ab6
01a22c
02883e
0398f0
040e46
044742
04cac4
0537c2
054e2a
0580fe
05cf4a
05b014
052856
04bf0c
049438
0449d8
03b1e2
030c4c
029e16
024f4c
01d500
012a32
009ade
0059f6
003982
000c92
ffed36
ffee74
ffe94a
ffebb0
005792
013af2
022ae6
02c27a
030c90
03671a
03fc26
04a1b8
054ebc
06142a
069a1c
06899c
0639a4
06142c
06023c
05e7c8
05dcce
05d44c
05a43e
053cb2
04b0b4
04361c
03f2e4
03c42a
03720e
02f072
026e46
023486
025420
028d04
02b934
02bbac
024d60
019038
010a1c
00bf08
00620c
001a2a
000d5c
ffeea6
ffa20a
ff6774
ff74ce
ffdd1a
007366
00c9b2
00c2de
00add0
00be7c
00f8e4
015c0e
019818
014d28
00c338
00a53c
00f136
01172a
011918
017604
020ef8
0247fc
020804
01bce6
019fa0
019050
01500a
00f3e6
00f5e8
012b18
00d47a
00370a
0052ba
00ee8e
011da2
00edea
00ce48
00c1b6
00e324
0134a0
015f3a
0161f0
0156ac
010b76
00b636
00edc2
016a10
016828
00e900
006f78
002266
ffe1be
ffac7a
ff8590
ff2100
fe38de
fd4528
fcfecc
fd4aaa
fda1b0
fde5d2
fdfa12
fdab66
fd3ab4
fce9d2
fc81a2
fc0a20
fbe35c
fc0372
fc0266
fbca42
fbbbfc
fc306e
fd107a
fdf430
fe9194
fed296
feca22
feb236
feb8cc
fed3f4
fef3be
fefd40
febe90
fe60ba
fe43ce
fe64da
fe92f0
febf28
fec396
fe9346
fe7f2e
fe8d5c
fe5bf4
fe0020
fe04f2
fe697e
fe97d2
fe90fe
ff0f12
00541e
01b838
02d16e
03f0ba
05291c
061c8e
069704
06b298
06c278
06f9b8
06fa5a
06677a
059c2e
04eb6e
045746
0458c2
0505de
0543a6
04972c
03d174
034878
02d83c
02d5c6
02ff36
028ca6
01f014
01f474
022dbe
0272dc
0372ce
04c090
054414
057830
0669c8
07a6de
08467a
085ba2
083750
07c776
072914
06b92a
0693b4
067cb2
05ef30
04a53a
0350c8
02f9ce
037a54
03ce60
03a0fa
034e36
030c22
02e3b8
02cff0
02cfd0
03096e
035eda
03321e
029d38
02a320
037ed6
046a66
052cc8
0615fa
06f904
0796dc
083082
08db0a
094778
0956b4
0928be
08c6a0
083368
07a624
0737d4
06c46c
0656f6
062c90
061540
05a8f2
052fa6
05505a
05f6f2
06746c
065fda
05c92e
04fe42
046a02
04246c
03d17c
034424
02cc60
02b436
02c59c
02a46c
02627e
0265cc
02c466
030f54
02e984
0272d0
020c24
01e46e
01dca4
01bcc0
015fc0
00c7a2
001f62
ffa3f0
ff8236
ffb93a
001416
0049ca
003446
00027e
001564
0078e6
00befa
008cb0
002106
ffd8ea
ff9f54
ff5442
ff42b4
ffaeb4
003a4c
00517e
000144
ffe79e
004f7e
00ded2
011aa0
00e402
005c04
ffc798
ff84a8
ff9328
ff7922
ff05ae
fea6d2
fe9982
fe8ab4
fe4d64
fe4192
fe9240
fecf68
fe9106
fe0e10
fda48e
fd5c7e
fd10dc
fcc0a8
fc86ee
fc7bb4
fc9902
fccfc0
fd19d6
fd583c
fd6dfa
fd8210
fdb882
fddb50
fdcb72
fdc1ca
fdca54
fdc81c
fde230
fe2796
fe4b3a
fe3bf6
fe4bb4
fea382
ff1662
ff5b50
ff494c
ff1552
fefd40
fed30e
fe6abe
fe0c58
fddfe2
fd9562
fd0bd8
fc8f36
fc5274
fc4488
fc4278
fc2866
fbe564
fb9c60
fb853c
fbae04
fbf1cc
fc23a0
fc398a
fc5486
fca490
fd2d9c
fdd2a8
fe84c8
ff3118
ffada4
ffed82
0008c0
002d6c
009c80
014ffe
01ba1c
01870c
010eca
009458
002fc6
004822
00ef8c
016d3c
015e5e
0117fa
00e726
011cf8
01f17e
02d8de
032d46
0325be
031648
030ef0
037eb0
049f8c
05b4a4
06441c
06c3ec
078114
083c96
08c976
090db2
091b54
094d70
09890a
090b30
07c2da
06b5e8
067754
065e44
05b7ca
04c2e0
04197c
03e994
040326
043c20
047782
047d4a
042768
039bbe
02f240
0217ec
016fbc
01979c
022f90
022bb2
0199fc
01793a
022942
0351fe
049162
056e6c
05a71a
058e44
0566be
052270
04cb5e
0445aa
033464
01e580
0121d8
00f462
00fe2a
015d24
020946
027794
0276fa
025e54
025e80
026c70
02712c
0233c2
017d36
00717e
ff6292
fe986a
fe55fa
fea62a
ff17fa
ff4f7e
ff86aa
fff84e
004c4a
0047ac
003b7e
0043be
fffd66
ff647c
fef6fc
fee1d2
fec4fc
fe557c
fdd548
fdc75a
fe27c6
fe60a2
fe43e2
fe4d68
feb13c
ff0678
ff0d2c
fedf52
fe8bda
fe2dbe
fe0cfc
fe1796
fdda88
fd52de
fd13a4
fd7cd8
fe5474
ff2184
ff9b22
ffde4e
004200
00bf3e
00e80c
00be58
00b816
00d84a
009a0c
ffd070
fee66e
fe69f2
fe94ee
ff0070
ff2494
ff1c6a
ff3cee
ff4512
ff0ed0
ff1320
ff5d0c
ff3e98
fea5be
fe437c
fe3dd6
fe1bce
fdda5a
fdda78
fe1f36
fe6592
feaa86
ff1500
ff9206
ffd99a
ffcfba
ffa15a
ff7084
ff2d46
fef19a
fef670
ff24ce
ff25c2
ff1646
ff7450
0056d2
013dba
01a5fc
019d9e
0199b6
01bf40
01c138
018096
013868
00e7c4
005bb4
ffc528
ff840e
ff827c
ff7484
ff5918
ff5530
ff8dd4
000c26
007840
006b2a
0020d2
003534
00b254
011148
012218
0129d8
015786
019416
01c98e
021612
029ac0
03419a
03e6a6
047cfa
04e4a8
04f0ba
04c932
04bc22
04b8a4
0480cc
04139a
039818
033a58
033b7c
038fae
03c810
03c0b8
03d0a0
041ace
048d54
053b48
05feba
0659a4
0652e4
068d6e
073c50
07e298
08144a
07fa78
081720
08ad38
0963ba
09d19e
0a12da
0a625a
0a6e1e
09c41e
088c4e
0749a8
064030
0557ce
047b78
03b544
02f54a
021688
015be8
014f44
01dd78
023f70
02142a
01b89e
017cbc
01477e
0100de
00c4c4
00bd22
00fbea
015414
01959c
01eb74
02a67e
03b28e
049f7e
051040
04e3da
04554a
03ca84
035e78
02df2c
0245a8
018cf8
00aa34
fff052
ffcf32
001aba
0064e2
00a8ae
00e218
00c71c
0055a2
ffd79e
ff7426
ff4652
ff4622
ff0b8a
fe7588
fe1408
fe27fc
fe3b50
fe42fa
feb6ec
ff7c22
000ba2
00416a
002674
ffbdb2
ff8122
ffdace
0041c0
0004fc
ff5664
fea4ea
fdf68e
fd735c
fd7052
fdaf6e
fdcbbe
fdda52
fdeb36
fdad6e
fd3df8
fd31d0
fd9bf8
fde976
fdd146
fd875c
fd40ae
fd1236
fd27fc
fd8112
fdcc9c
fdea9c
fe250e
feaafe
ff6486
003aa8
00f656
013392
00f35e
00c5ae
00df6e
00b7a6
fff974
ff2afe
fef058
ff2d84
ff6982
ff825e
ffa41c
ffe8be
004646
0092ba
009324
005778
0017ae
ffb9c8
ff1cd8
fe95f2
fe793a
fea0bc
fef076
ff8a50
004046
00b556
00f778
015eb2
01cb10
01d592
017228
00f3ca
008a7e
004650
003e60
0067b4
007f52
007432
00ab40
017162
026586
02e3bc
02e406
02d154
02ab9e
022bec
01754e
00eace
00a06c
006136
fffa20
ff8c20
ff9636
003b5e
00c98e
00c3b6
0095be
00a5ae
00d396
010e72
014d36
013de8
00d89c
00824c
0060ea
006272
00a2e0
011636
016b74
019c8c
01d57a
020054
020012
01f6ac
01ee34
01cac6
01865c
0110ec
00518c
ffa556
ff9744
000640
00545a
0066a4
00992c
0109f6
017d0a
01be60
01e9f4
024dd4
02e712
0347c6
034ade
03474e
036020
036e64
037810
039922
03d7a6
0433a6
048430
048b3c
045fb8
043eae
04164a
03d396
039070
0335ca
02a1be
021366
01c5c8
0184dc
012794
00f6e6
012fd2
019556
01cb7a
01d742
0200aa
023296
021804
01c9f8
01cd70
022862
023cce
01e2b2
01c7fe
0237a2
028d8c
0265a8
0245e6
029548
02f3d2
02e27e
026a3c
01e806
0196d8
0168a6
01336e
00e31c
007ba0
0031f2
003d0a
0063d4
004f42
002040
001dc0
002bc8
002254
fff860
ffa8e2
ff72c6
ff9cf6
ffc664
ff4714
fe6704
fe0f24
fe5362
fe5fba
fdd020
fd4aa4
fd6c52
fde132
fe1a38
fe3666
fe7fc4
feab5e
fe712a
fe3f14
fe8216
fee238
feda88
fe910a
fe7fd6
fead12
fed7c0
feeed8
ff1372
ff65b6
ffe2b0
004a58
0078b8
0099e2
00c0e6
00b9c6
00987e
009b18
00a2b8
009890
00d5b6
018828
023fe6
029406
02bba4
0327c6
03c46e
041c98
04084a
03c482
037646
032ba8
02feaa
02f158
02f0ca
02f618
02dd3e
029a24
029bc2
033d24
03f850
03fd38
0354ca
02a7fa
0242ce
01e14a
01496e
00a53a
003baa
002bb0
006856
00d09e
01407e
019ed4
01c87e
01bd72
01c89c
0203ee
02106a
01aa10
0109da
007abc
001cb8
fff4ce
ffe2fa
ffef34
006162
012b6e
01ab46
017eda
010914
00d8f8
00fa8c
00fccc
0086a6
ffb01c
fece3e
fe320c
fe108a
fe48b8
fe859e
feb22c
ff0b48
ffaeec
00461e
005cdc
001416
0000ae
0033a2
001418
ff6a32
feaefe
fe5a72
fe757e
febb2a
fef282
ff4184
ffdf26
00915c
00f838
0111c0
0106fc
00e7ec
00c68a
00aaec
00862c
00594a
001c50
ffba46
ff6934
ff7610
ffccde
000db2
001894
001088
00048e
ffedb8
fff324
004dd2
00cfb4
0106c2
00d512
009bb6
00b8b0
0129f4
01aa7a
02203a
02a826
03183c
031692
02ca32
02a918
02bc40
02a0b2
022484
017eb8
012632
0134e0
0142de
01173a
00ecde
00c49e
00707c
002682
001db8
001b24
ffead0
ffacba
ff76e0
ff3242
fed7e4
fe9abc
fec7ba
ff4acc
ff93fe
ff6b4e
ff53a8
ffbcfc
006144
00d780
0127a2
0163a8
016996
015c6c
018d1a
01cb96
0197dc
0112e2
00e59e
01351e
01746e
012880
00813c
00139a
fff5ac
ffb688
ff4430
ff0e9e
ff18da
fefce6
fea6ba
fe4b42
fe1184
fe0082
fdf63c
fdedac
fe2ec6
fea29e
fec04a
fe96cc
fed512
ff851c
0012fc
0061ac
00b124
00e564
00c06a
008944
00a4f2
00dd7c
00b6e6
004e3c
00217c
003cbc
004c1c
003ba6
003e48
005a00
0055e8
00260a
001964
004dec
006ea0
005482
00389a
004bfa
009fa6
012f80
01a792
01c3f2
01d2b0
022fb6
02acf4
02ed66
02de0a
02a3d8
0262c6
0211d4
01950a
01006c
0079f6
000caa
ffc57c
ffa36c
ff8390
ff5ef6
ff5b8a
ff6d38
ff67f4
ff59ba
ff598a
ff4968
ff005c
fe9d5c
fe8954
fee94e
ff564a
ff7c3e
ff8d20
ffcd04
0032f2
00a0ca
01106c
015cdc
014e2e
00e166
006d76
003564
000a46
ffb91c
ff6ae0
ff649c
ffb75e
003120
006cd4
005878
007810
00f39a
012d16
00df82
0082d8
004d1e
ffec6a
ff59c2
feff20
ff027a
ff1ce0
ff2b58
ff66e0
ffd756
002eae
0078e4
0107f8
0193ee
016dce
00ab86
002408
003d52
007f72
005074
ffc04e
ff4dfc
ff3b74
ff6dac
ffb3a4
ffe45a
0012c0
006bce
00a388
003a08
ff6a44
fee926
fee9ae
fef3f6
feb104
fe56ce
fe393c
fe3e5c
fe373e
fe59e0
febe30
ff0832
ff21f8
ff6898
ffdb16
000b66
ffe086
ffc186
ffef88
003288
003876
001552
002330
007918
00f3fc
0176ec
01c5fc
01b244
0192b8
01da50
025520
02703e
020bb8
0179a2
0104fa
00cbbe
00c6e0
00cb74
00c596
00d95a
0122a4
018564
01d3a4
01f66e
01edc4
01f7a4
02590a
02c200
028890
01b9b0
012646
013746
0176c8
0165dc
013174
014878
01a4e0
01cbb0
019bda
018a46
01d5f4
0219f4
01e848
0150ce
00c778
00a042
009d30
00354c
ff6594
fecdfc
fed97a
ff2406
ff259a
ff073c
ff41e4
ffa792
ffb340
ff75d8
ff6344
ff898e
ff9cc4
ff6ce8
ff13f4
fed4dc
feb9a2
fea04c
feafde
fef554
ff1bb4
ff1908
ff5150
ffb586
ffe1aa
ffedb8
0013ac
00258c
fff35e
ffad2a
ff96ee
ffbe9c
ffe72c
ffd5b2
ffa144
ff94e4
ffc97c
000d06
002988
0033fe
007158
00c198
00b9c4
0034ee
ff8f08
ff4302
ff6bce
ff9182
ff4334
feadea
fe3e80
fe0bea
fe0328
fe1852
fe2968
fe1460
fdd92a
fd98dc
fd9570
fdd6ce
fdf3f8
fdc404
fda4ee
fdcba6
fdf61c
fdff56
fdfb60
fe0142
fe38ec
feaf4c
ff0d70
ff0566
fed32c
fed4be
ff071c
ff2c42
ff1e36
fee7fe
feb08e
fe98ea
fea306
feb2e8
fea6a2
fe6e40
fe23c2
fdf91a
fe003c
fe2132
fe5b14
fec3e4
ff298e
ff48fe
ff4332
ff562c
ff71d8
ff8022
ff800a
ff45b2
fece24
fe6e50
fe4f26
fe4aac
fe3ee6
fe1fd2
fe0576
fe19c8
fe2ac0
fdf446
fdc548
fddfcc
fddbf0
fd78b4
fd27fe
fd49d8
fdae46
fde854
fdb9fc
fd6942
fd7b1c
fe0788
fe9492
feaf44
fe7994
fe7376
feb6ec
fef016
ff05fe
ff25a4
ff3dfc
ff4010
ff5bf2
ff99b2
ffb460
ff7f04
ff279a
ff2226
ffa6b6
002868
000350
ff827e
ff80ee
0024a6
00acb4
008b34
004f36
00b5a6
015d88
0184f6
0153fe
01489a
0157c8
01649e
018430
01a78e
01a0c0
016cc4
01519e
01ab40
025daa
02d0e8
02d800
02d8e0
02f66e
02fca4
02ed94
02ea48
02d4b2
0280ca
021882
01ebdc
01ead8
01c66c
018a7e
017e06
0184fe
014360
00c216
005f00
00481e
004072
fffaf4
ff8498
ff1d52
fed814
fea8d2
fe8870
fe62f0
fe3866
fe24c2
fe20e6
fe31ba
fe8442
fee296
fecab0
fe6f6e
fe88ba
ff02aa
ff284e
fede92
fea766
febed6
fee4ea
fece9c
fe7ff0
fe3ff0
fe45a8
fe8716
fed23e
fefe34
fef806
fed4bc
fece4c
ff09ba
ff5710
ff6f54
ff618c
ff67c8
ff7f0e
ff875e
ffa0b0
ffff12
008a84
00e00a
00cba2
009a54
00b320
0116fa
0178d4
0196b6
0163ac
0113b8
00e9cc
00cdde
0084e8
003df0
0038e2
0033c4
ffda8c
ff6836
ff35aa
ff1bee
fed10a
fe5f0c
fe00e4
fdc772
fd92b0
fd44b0
fcff82
fcf30e
fceb3e
fca516
fc7a9a
fce4be
fd8c84
fdd6e4
fdc8dc
fdcc62
fe078a
fe5f58
fea4d2
feb8ee
fea9b0
fe9f20
febb44
fefe1a
ff29a0
ff12e4
fee8fc
feedf2
ff0ece
ff31a4
ff7582
ffde7a
002b8a
003ba6
0039c2
0045f8
00625e
008e00
00aad2
0087d4
005706
005d82
007a62
008fa0
00ce3a
012932
016288
01a42a
02140e
025236
0208a2
01744e
01122c
010632
00f470
0088f2
0000ac
ffc196
ffbdb0
ffb008
ff908c
ff681c
ff23bc
fee672
feeb2c
ff05de
fed782
fe701a
fe24a0
fe0018
fdd784
fdb3da
fdcc16
fe472c
fef628
ff6e08
ff93bc
ffa32e
ffaa58
ff964a
ff7412
ff41bc
ff1654
ff37d2
ff9138
ffaa8a
ff77d2
ff5714
ff7d52
fff094
006dde
00852e
003a8c
fffe00
fff492
ffff5a
000b66
ffffc4
ffe87e
000298
003a0a
003fd2
0038ee
007e68
00d248
00d992
00e536
013a38
015bb4
00f9b2
00a826
00e1fe
01483a
0152e8
010114
00b2b2
00abac
00d8f0
010174
011736
011448
00f2a8
00dc42
00d600
008ef0
ffee26
ff6088
ff30fc
ff298e
fef432
fe7ae6
fdecb6
fd8588
fd6748
fd8306
fdb2d0
fdde8a
fdfa28
fde8aa
fda012
fd6166
fd6bb8
fda1fa
fdd122
fdfe24
fe2d0a
fe43de
fe34ac
fe2860
fe5eea
fed25a
ff28c4
ff3728
ff3680
ff5cd4
ff9c24
ffc464
ffaaa2
ff4ef4
fee058
fe9bbe
fe9d36
febae0
fe94ca
fe16e6
fdd41c
fe2c62
febcd2
ff326e
ff822e
ff520a
fea708
fe6616
febb32
feca70
fe80cc
fe7124
fe756a
fe67a4
fe8cd2
fe93e8
fe43ca
fe3b5e
fe8aa0
fe7fa0
fe345a
fe23b4
fe1dac
fe0636
fe0d3e
fdeab0
fd498a
fc74c6
fbe55c
fbac4a
fb748e
faf934
fa7738
fa638e
fab524
faf416
fae77a
fac348
faaf6a
faa0e4
fab3b4
faffdc
fb3776
fb2d7e
fb3af6
fb7cde
fbac4a
fbcc54
fc1810
fc987a
fd4298
fde17c
fe325a
fe6938
fede0c
ff5bd2
ff8792
ff814e
ff841c
ff6b20
ff1d68
fef9f8
ff4ae2
ffa548
ffa332
ff9ca4
fff390
006bea
00acd4
00a85a
00896a
007ae8
0052d0
ffed2c
ff930a
ff7372
ff5b5a
ff49ac
ff5d5e
ff8868
ffbdbe
ffd054
ff9818
ff71f4
ff88d8
ff45c2
fe7aa6
fdab6a
fd0802
fc8472
fc44bc
fc2ccc
fbf092
fbae06
fba224
fbc6e4
fc002e
fc29e8
fc2d08
fc2890
fc3b74
fc29b8
fbb65c
fb405a
fb4eb6
fbad7e
fbe6bc
fc1d66
fc837e
fcea02
fd49e8
fdb72e
fe03e6
fe1630
fe1c06
fe3c5c
fe863a
febfc0
fe8216
fdec4c
fd9464
fdd35e
fe9944
ff622e
ffa826
ffba2a
00153a
006d62
007eb0
00a23a
00e506
00eb22
00a08e
003b3e
000446
0019cc
004dce
00893a
00c80e
00c24e
0085fa
00ba0c
016282
01ac62
012cae
006768
000192
fff926
ffc730
ff5cb0
ff3c9e
ff77f0
ffaaa0
ffb694
ffa9be
ff9728
ff9dda
ff9bcc
ff65f6
ff4956
ff75e6
ff7bb6
ff14d2
fe982a
fe5cae
fe725e
fec934
ff2840
ff4788
ff25ec
ff155e
ff4ee6
ffa1a6
ffc6a6
ffc5de
ffe14a
002ae8
005ed4
003e14
ffe8a0
ffa076
ff9aa4
000528
00baf4
012dfa
01233e
00f8cc
00f6ae
0102ec
010486
00f672
00c5b2
00775e
002c8e
ffed44
ff996c
ff42f0
ff28ca
ff2a12
fefdca
fec2e4
feba5c
fedd3a
ff227a
ff7b12
ffa9f2
ffa01c
ff9190
ffa13c
ffd204
fffbdc
ffe0d2
ff9fd8
ff7dd2
ff7dae
ff956c
ffb908
ffa686
ff7ed4
ffa3d6
ffc68c
ff6706
fed73a
fe850e
fe3e72
fdc464
fd14e6
fc340a
fb62d2
faf320
fab0f2
fa3966
f9b79c
f9b0a0
fa3f6a
fb0af0
fbaf24
fbfc0a
fc2b9c
fc96d2
fd20b0
fd8830
fdd952
fe001e
fdc99e
fd99dc
fdf1e4
fe95c4
ff1086
ff5332
ff8db8
ffe422
002a76
0023b6
0007ea
00011c
ffa240
fecf64
fe1e90
fde8ba
fde802
fdc296
fd7d5c
fd6a38
fda034
fddc52
fe1382
fe6cb6
fee0d2
ff38d2
ff21c8
fe85a0
fdf532
fddb8e
fdefc4
fdfbc6
fdfd8e
fdbe1a
fd7842
fdb8f0
fe353c
fe2f30
fd7fb4
fc9fae
fc181a
fbdb0c
fb65a0
fab3d4
fa1d9a
f997fe
f93c18
f943de
f97e4e
f9db66
fa8b36
fb3fa4
fbb0a6
fc1d52
fcbeb2
fd87ce
fe30a0
fe7c32
fec188
ff26ac
ff43ba
ff5ea2
ffdd66
002f10
006894
0110e6
013530
006d8a
000dda
002830
ffcdb4
ff5070
fefd60
fea182
fe93e6
fe89aa
fe1ed2
fe4a3a
fefdc6
feeb92
fea0ae
fefd0a
ff199e
feea60
ff4f48
ffa36c
ff35dc
fe9f8a
fe3d56
fe1432
fe4122
fe5b36
fe2e66
fe38ae
fe7006
fe5b60
fe17bc
fe1c20
fe6e8e
fe7818
fdffc8
fdc79e
fe0b96
fe07be
fdb20a
fd876c
fd61f0
fd68a4
fddb82
fe049e
fdce06
fe13a2
fe9c78
fecfa8
ff2b38
ffd322
003878
007038
00af4a
00adc4
005fb8
001f20
0049ee
00df32
013400
00ef62
00a25c
00b0dc
00d6f0
00bfb4
003928
ff9f48
ff9216
ffb19a
ff44e4
fe94ee
fe39b4
fe5020
fec01c
ff05b0
fedbec
feeaba
ff4114
ff29fc
ff025c
ff5126
ff736a
ff320e
ff0af2
fecd24
fe4ca4
fddf50
fd5928
fca936
fc864e
fd0156
fd6264
fd8568
fd9854
fd881c
fd71a0
fd99c0
fdd280
fda2de
fd0cc4
fc9522
fc54fa
fbdc3e
fb3eda
faefca
fad110
fac796
fb0842
fb5028
fb6660
fb88d2
fb8c62
fb66f8
fb8d98
fb994e
fae812
fa38c4
f9fb78
f98860
f91580
f923be
f92a26
f920c6
f98faa
fa0af8
fa56aa
fad7ac
fb340a
fb3ecc
fb99e2
fbd872
fb5ba8
fb2f70
fbd9b0
fc3b90
fc1d32
fc4c98
fcb9dc
fd2dee
fdfcd2
fed9a4
ff2f72
ff3034
ff3bea
ff3b9a
ff1742
fecce8
fe589e
fde77e
fda086
fd68ba
fd4520
fd84b8
fe1b76
fe784a
fe802e
febb1e
ff3b24
ff6140
fee252
fe1b58
fd7f54
fd2836
fcc60a
fc49f0
fc43c8
fca95e
fc96c6
fc2518
fc2b28
fc7ad6
fca43a
fce446
fcfdf4
fc8f48
fc1030
fbc3a6
fb83d2
fb94ae
fbbc2c
fb5060
face4c
fb14cc
fbf2e8
fce3c2
fd8d58
fda394
fd966c
fddfea
fe1524
fe042c
fe2c0a
fe79c8
fe776e
fe57f8
fe9072
ff1be8
ffa656
0009c2
005336
008bb2
00bb44
00e4e6
00fbaa
0132b8
018a20
0141ca
003cc6
ffb22c
ffebf2
ffe81e
ffb8ba
fff7cc
fff166
ff598c
ff571c
001120
0045d8
ffcb3c
ffa028
ffddba
ffd808
ff8416
ff4ef6
ff7c8a
ffffaa
00597e
002e20
000084
005da6
00d682
00f114
00f678
011cba
0116da
00d6ee
00d0fc
0127d0
014774
011906
012f68
015190
010190
00e572
01402e
014dc2
012e26
01606c
0175aa
0158cc
0143c0
010586
01061e
014274
00968e
ff916e
ffb402
00212c
ffe4d6
ffd704
ffe4d2
ff883c
ff4f30
ff28aa
fef182
ff5588
ffafce
ff2774
fea354
fe6e3a
fe032a
fdb326
fd4616
fc87e8
fcaca2
fd8156
fd7af4
fce152
fc845e
fc5516
fc8c68
fc8252
fb6edc
fabde8
fafc62
fa946e
f9ce06
f9ea0e
fa2590
fa0590
fa57f6
fb10c4
fba4f4
fbde72
fbc746
fc0068
fca8b4
fcbd30
fc2c02
fbeb16
fbf560
fbb2f4
fb4cda
fb430c
fb7888
fb564c
fb0554
fb49be
fbe38e
fc10a8
fbe70a
fb7cc6
fab1ec
fa1a86
fa0a8c
fa0f0a
f9f224
f9b4e8
f9653e
f97728
f9ec9c
fa6094
fb1d36
fbf976
fbda34
fb2890
fb7ba8
fc6268
fc4dc0
fbb7ae
fbcb44
fc04a0
fbc6a4
fbb834
fc0d82
fbffb2
fba5a0
fbd03e
fc5894
fc8cb0
fc6ca4
fc4878
fc2820
fbe79c
fb5cee
fae500
fb12da
fb589c
faf74c
fab9c4
fb2dec
fb74e4
fb85b8
fc3038
fd1c5e
fd9750
fd96fc
fd464e
fd1c46
fd69e0
fdbe26
fda214
fcff80
fc2a6a
fbccf0
fbd21a
fbafde
fb8842
fb4a44
faffd6
fb61d8
fbb76e
fae0c2
fa3fb6
facf38
fb0d5e
fa6d12
fa105a
fa8e68
fb642c
fbac84
fbeb96
fd3b42
fe5c06
fe40da
fe506e
feb636
feb77c
ff2da2
ffab76
fef2ca
fe2caa
fe3548
fe2ba8
fdff9a
fe0c20
fe33b6
fe3f58
fde75c
fde14c
feb248
fef764
fe7d56
fec380
ff4b26
ff12b6
fead5a
fe6eda
fe6b08
fe9882
fe4a86
fe3260
ff3636
fff1d6
ffb5f0
ffdf08
009b7e
00f3a2
00d770
0118d0
01f4d0
024500
01bd3a
01c79e
021a86
01b902
01e380
029c10
022b68
01a69a
020a72
0185ea
0166f8
0538ac
09bf00
080c78
0270f6
0275c0
07af78
0724d2
00c61a
014c6e
0855d8
07bf84
0112ee
021290
0763f4
05eb0a
01e7a4
00addc
fe94fc
fd67a0
feb5d2
fc61f8
f95058
fc25a8
fd9d38
f8f7c2
f6256c
f7798c
f85ca8
f73f68
f4c8ce
f4cb20
f82360
f7e888
f59a32
f99818
fe33ca
fb796c
f84e72
fa6a16
fdae7a
fea854
fd9b20
fe3128
02edc6
06bbca
061c7c
0524c0
057b76
056794
043d2c
00d3e6
fe3632
0109d0
033eaa
fefeb0
fd567a
03de34
07e2fe
02e570
fcd6a4
fc442c
fdb9a6
fb17c2
f54072
f4c8e2
fb5646
fda5e2
f81a00
f591a8
f943a6
fb92aa
fa7260
f7c9b4
f5075c
f636d6
fa3068
facab6
f9fc26
fc6124
fecb32
fe0b36
fc1eaa
fbfba8
fdeb7a
fe124a
fbbb00
fc2650
fe4c88
fd61cc
fd8e42
013efa
017012
fd1a2c
faff2e
fc43aa
fca3cc
fa5c80
f865ba
f9b822
fb72d0
fa922e
fa3cdc
fb4b8c
f9fbfa
f7ef50
f8fecc
fa4bc8
f8e17e
f7e6ba
f96122
fa989c
fa6c1c
fafac2
fc99a6
fd4f7c
fca534
fc12aa
fc8630
fd6ec6
fe33f2
ff2982
00093e
000a94
fff920
00b2d4
01644e
0112dc
ff8e0c
fe70b8
ff9630
0066a8
fe71f2
fd4da4
fe50bc
fe4fac
fdf246
fe1b30
fcb6ca
fb6c30
fb981a
fa7fe0
f91bd2
f96490
f943c6
f91a9a
f9e27c
f8e994
f7724a
f94098
fba95a
faf6ac
f988dc
faefea
fdde42
fe6dc0
fd5b1c
fe529a
ffc986
ff66d2
000762
01f04e
01e1be
018dce
03a582
05a8b0
058246
04c75a
04d7dc
052d02
04c906
0396ae
027a0e
0252ac
02cb5a
028ed4
018878
011248
00ebba
0023ca
ff5e1c
fea90c
fd7a14
fce5a8
fd7358
fdec8e
fda0e8
fd3a90
fdb9b4
fe7c96
fe2f0c
fe12a0
fefe3a
ff06be
febc54
ffbf9c
0053b0
00870a
021b0c
02901a
00b3ee
0029e6
016e26
016e82
0038ac
00007e
00fc74
01abf2
013d1c
001b36
ff522c
00307c
0152fa
ff5c9c
fc948a
fd6f66
fee438
fdd370
fcf7ac
fc54b8
fb67c4
fcfa52
fe2236
fb3c26
f97618
fab79c
fa08e8
f8e812
fb5fd8
fd653e
fae674
f82254
f9ee94
fcf80c
fc54d6
fb1d30
fc214e
faea2c
f80c74
f9b124
fd26a2
fce6f6
fb96ca
fb5bf2
fb07a4
fbe54c
fc4fec
f93abe
f7e7c4
fbb336
fd0f58
fa2be4
fa7b66
fccef6
fc4306
fcf0a0
fed082
fc32b4
fa673a
fe4228
ffa77a
fd4bd2
fe1034
feac6e
fc8a26
fd8d14
ff66c8
fd0584
fb40c8
fb9e8c
fa930c
fb1314
fd66da
fbeb88
f8f55c
f9820e
fa1a42
f8261a
f6f146
f767f0
f7704e
f63c0e
f4d5e2
f5b312
f8c406
f9aa66
f7acea
f78890
f988fc
f99b24
f81908
f7b9d8
f8e296
fb3312
fbc924
f8520c
f7671e
fde8b6
01e12a
fc29a6
f7170c
fad9d0
ffd406
fe459a
fa2bac
fa948a
fdf138
fd37e2
f9505c
f9a82c
fcfaba
fc5b0c
f9b302
fa3004
fbadde
fb921c
fbde48
fd0baa
fd7e86
fd6cb6
fd40c2
fc9dc4
fc1d9e
fc3238
fca278
fd9b76
fe1d4c
fcece2
fc4518
fdb802
fe24ac
fce2fe
fd4abc
fe1c0a
fc9b66
fb86de
fc2aea
fc4274
fcecc8
fe2902
fc38ec
f98c42
fb3f1c
fdb526
fc2ccc
f9b656
fa4d0e
fd48aa
fec760
fc51ca
faea54
ff9cca
0367d4
ff3e3c
fa95c2
fd517a
024c7c
02cfe6
002f0e
fedbec
00ffe2
041eda
03c8d2
01113c
00e5ee
02c340
0259a2
003614
004262
0214ac
01c136
ff73e4
ffb090
02614e
025a28
00172e
00d4a8
0303a0
01ff82
003e1a
0133f2
02b644
030eb2
02ef18
0257a2
024540
0367ee
038cba
026372
029c04
045874
057e60
04ddac
0277c8
00a4a6
017ac4
02513c
008392
fe75ce
fe308e
fe8c78
fee7ae
fecbbe
fd6e7e
fc6ffc
fd2518
fd02d4
faa494
f96392
fb6e3e
fdc602
fd2c8c
fb1cda
fb632e
fe2a0c
ffd2ec
ff5854
ff9af6
00fc3c
015256
0179a6
026212
01dd50
00eb54
02c646
04216a
00deda
fdcb68
ffbee2
028364
016006
fe72cc
fda6a6
ff0194
ff66a6
fd46f0
fb0760
fabef4
fb20d6
fade2c
fa7c00
fa6d54
fae704
fbf9ce
fcdb72
fcee12
fc7ef0
fc37f6
fccbd4
fdb694
fd9b7a
fd4e6a
fe9042
000d0c
fff59e
ff76ca
ff8290
ff47ce
fefa4c
ff0742
fea302
fdab6a
fcbd2e
fc3530
fcbc6a
fd8826
fc228a
f9623e
f8d318
f9ed52
f93ad6
f6db7e
f5f98e
f7bfd6
f9780a
f850c6
f6522c
f6df1e
f80b86
f7628e
f7645c
f91312
f9af34
f956f8
f9de1c
fa9ce6
fb8d6e
fd3012
fd94ba
fc3ad6
fb9972
fc203c
fc7e32
fcdfde
fd50ac
fd45f4
fd54cc
fdbac2
fd74f2
fc7eec
fbeb9c
fbdd64
fb748c
fa6af0
f98b44
f985a0
fa32a6
fb0482
fb0b70
fa1b20
f9f330
fb04fe
faeb30
f9d684
fa7a4c
fbb32a
fb5f14
fb196e
fb5634
fb1e18
fc5a32
fe7110
fd9fbe
fc3a52
fdda08
fe996e
fcdb54
fd9210
002f28
ffc272
fda962
fe325c
01e2c0
058416
044e74
ff8da6
ff4c40
034e9a
02ec84
fff1bc
02e46a
07f9e6
0636e0
00ae28
001928
0494c0
06f564
03efa4
00a554
01cac2
03aee8
01c050
feba1c
ff23e2
024644
033888
ff1058
faa986
fcad46
0167ba
00c1a6
fd14ee
fd74be
0065b4
00842e
fe4fa8
fdf300
0021ae
0136ba
ff7e82
fe17f2
fed0d8
ffe32e
00e6b6
01b368
00967a
ff8390
012264
01be86
ff1234
fe57b4
0147ba
026bf0
0037dc
fedd1c
fffeae
013552
00940e
fed464
fdaa6e
fd5fca
fd4b6e
fd3cc0
fd10de
fd411e
fe9716
ff6f98
fdb086
fb72fa
fbdebe
fdd38c
fe37d8
fca226
fbc3ee
fd9852
ff8d12
fe6e52
fce12c
fe4734
ff6494
fcfa32
fab030
fc58a2
fff20c
01b840
00abdc
fee33c
ff0e8a
00865a
00139a
fde4fe
fd5cb6
fe610c
fe0418
fd000e
fdf6d8
ff85f4
ff545e
feb77c
ff1014
ff52b8
ff24de
fea8fa
fd71b4
fcf8a0
fea6f8
fff130
feb626
fd6c5c
fe368a
ff8fde
ff9872
fe831e
fdb8d4
fdf4a0
fe326e
fd8e28
fce4c0
fd03ee
fd6690
fd12e4
fb921c
fa27da
fac796
fc715c
fc34ba
fa3bba
f95a86
fa3abc
fa5d04
f81d9e
f5e1c2
f67e26
f7dba2
f721aa
f696a6
f7f512
f84f06
f753a8
f7e7dc
f89c72
f74756
f6bba8
f7c3a6
f6ff70
f570ea
f6a128
f8cf52
f97b3a
fa30b6
fb3ffa
fb102c
faed16
fc4284
fd0692
fc0f96
fb4ce6
fc0550
fd5180
fdeaac
fda442
fda62e
fe6336
fe297a
fc932a
fc1d48
fd61c8
fde3be
fd1858
fcc0ac
fcf6b4
fcc14e
fc687a
fc8958
fca550
fb9aaa
f9c61e
f99b5e
fb75b0
fc3f74
fb9868
fc7e10
fe6a9a
fe8d8e
fde5d0
fe5708
fec276
fe6794
fe5a38
fee732
ffa9a6
009292
0151b6
01ac30
01ef30
021d6c
0202be
02028c
027f14
02c628
01fcea
00b990
0035dc
009ba0
011a2e
00c3b2
ffb9de
ff7a9c
004032
003bd0
ff5070
ff49f6
ffed68
ffd6f2
ff5e94
ff6b2e
0026ba
012358
015a18
00f0d2
016f52
02adb4
032b28
02d0aa
022720
018d86
01b6ca
022cfc
01da60
01d1f6
034162
04808e
0438c0
03c9d8
04376c
047a88
03a578
02052a
006466
ff775a
ff614c
ffa92e
fffaca
00270c
0000ee
00084e
0083fa
0067e2
ff9336
ff53fa
ff0f1e
fdb49a
fd2c5a
fe765a
ff39cc
fee688
ff2f2c
ffadba
ff796c
ff440e
feef8c
fe1210
fdc89e
fe2d22
fdb4bc
fccb64
fd43f6
fe7f7e
feb1f2
fe7618
feffe0
ff1d7c
fdd814
fcc48c
fd15b4
fdcc9c
fdd98a
fd388c
fcb178
fd4038
fe78e4
fed6a6
fe585a
fe54b4
feccda
fe6a12
fd4220
fd1bc2
fe0830
fde3b4
fc7d42
fbfbba
fce31a
fdaa90
fd8032
fd12b8
fd66fa
fdec36
fd417a
fc427a
fc4c3c
fc6000
fbdcb0
fb7b48
fb48f4
fbd696
fd31fa
fd1552
fbd6a4
fc4d92
fcf01a
fb9576
fac174
fb71e6
fb802e
fb106e
fb1330
fb5c56
fc642c
fd90a8
fdad8e
fd77d0
fd3f70
fc974a
fc7132
fc6c28
fb4c68
fa830e
faf3d6
fad9aa
f9f4ba
f9a206
fa1a70
fa641e
f9651a
f81c16
f8c7e2
fa17a8
f9549c
f7d0b4
f7b8cc
f88df0
f94936
f919ac
f83f50
f88a28
f99c20
f97240
f915a6
fa2742
fb4400
fb4ef2
fb4e0e
fbed76
fcaf48
fd3366
fd9de0
fd9b06
fce696
fcc746
fd6688
fd0194
fcc420
fe4234
fe5b22
fc75b2
fd0cac
ff6f66
ff4022
fdcae0
fdac84
fdb2fe
fccf66
fba6d4
fba042
fd59d0
fe51aa
fd3a8e
fd094c
fe6c20
ff3922
ffbd18
ffb82e
fde8be
fcc09e
fdea6e
fe9c56
fe08d6
fe50ec
ff6642
ff81cc
fe51a0
fd9fc0
feab32
ff5a12
fe3a7c
fde088
ff3636
ffaa5a
fefdec
ff4220
00d104
020c8a
0160bc
ffe896
fff0f8
003ff2
ff66b4
ffa83e
01307a
018092
015a96
01c540
019e7c
020c70
03dbec
0455e2
02eeca
01dba0
0145d2
00de56
013390
01ab98
01bc4a
01828c
00a166
ffdc00
006920
011b62
008306
ffb464
ffb848
ff789a
fe334a
fd65fc
fe28c0
fee724
fe4f22
fd6856
fd04d8
fd27b4
fe2b9c
ff7070
ffee6e
000dc8
fff658
ff46bc
ff2cec
007546
01b2b4
01aff8
00af4a
ff88e6
feff8e
fee9f4
ff151e
ffd248
003792
ff77f2
feee4c
fef9c4
fe9362
fe8c18
ff5dc2
ffa658
ff5e10
fec63e
fd53c2
fce70c
feca02
002120
ff7cae
feb860
fe3e08
fde8d2
fe3fd4
fe69f0
fe8a12
ffd36a
00950c
ff82c6
febe5a
ff0ed6
ff834c
00669a
00cbc6
ff9714
fea45e
fec26a
fe7866
fe507a
ff297e
ffa974
ff0e68
fde93a
fd1dca
fd922c
fdff72
fcd09c
fbf4a2
fc8d88
fc4648
fb40b0
fbc5be
fcfab8
fd739a
fda034
fd47a2
fca4cc
fd0e68
fda4a4
fcefdc
fc3ddc
fcf75e
fe3478
fe8e3c
fdb0d2
fce40e
fdd092
ff51b8
feaf02
fcd6fa
fd1014
febf9a
fecdec
fd9bee
fd6170
fd9e54
fd1bb4
fc9ede
fcdfb8
fd77e4
fdde7a
fdb5b2
fd5894
fd84f4
fdff96
fe8464
ff1ba2
fea758
fcf24c
fc2298
fcbd62
fd157e
fd1ade
fd2bba
fc2f40
fac056
fae9b6
fc0952
fc866a
fd2a04
fe4ff4
fe0e62
fc4e78
fb8518
fc034a
fc373a
fc8bca
fd9106
fdae4a
fc8aa2
fc18b2
fd5c68
ff7a1c
00b5fc
004fe0
0018a6
00cc8e
0036e2
fef97e
003212
0248d6
020448
00995c
0003bc
006e72
01d0be
02ceae
022642
017d84
01ef7e
023244
019eca
00d00c
01021c
028d1c
02f302
0152ae
00ee1e
01f86c
01618c
00824a
01ccb4
02d21c
018186
ffff88
005dd6
01b8b6
020f72
0169ca
01618a
017cf4
00a01e
00118c
004a0e
ffecfa
ff576e
ff7a16
ff73fe
fed26a
fe7434
fee0f0
ff7f9a
ff5b9c
ff190e
ffba92
ffa1fe
fdd196
fcfb5e
fe4e0c
ff31a0
fe8670
fe35a2
ff82e6
012bf0
015bac
00a356
00b624
00eff0
003682
ff820c
ffb0ce
005a94
00b932
ffd704
fe653e
fec4a2
008bf2
00b254
fee00c
fdacf2
fe2cc0
fe8ee4
fd72da
fcb738
fe3e8a
ffc84c
fef2cc
fe12a2
ff6386
008bce
ff98c0
feb92a
ff8494
002226
ff7a68
ff4f5a
00b084
0201fe
01b402
00c65a
010cba
01c242
00e140
ff59a2
ff4216
ffa686
feeb1e
fdd5f8
fd7a06
fde21e
fe5b3c
fd6ca2
fb7054
fb2316
fca0ec
fcdb0e
fb9542
fb9936
fcc4e8
fc6880
fb2df4
fc1406
fde7a4
fd3d18
fb6d5a
fbbaea
fce7e2
fc70c8
fb9f78
fca572
fe21b4
fd6178
fbd8a4
fcb4fe
fdd686
fc0976
fa6ddc
fbd886
fd1762
fbfe92
fa4220
f9a7fc
fb3308
fd2334
fc05a6
f99852
f9b322
fa784c
f977ca
f8c452
f99c22
fa709a
fa1874
f92a58
f9dd64
fcada4
fe0d1a
fc5ec4
fb7f6c
fda408
ff4cd4
fde8d8
fc33dc
fc93e4
fcc92c
fb4cde
fa7bdc
fb6d02
fc3f8e
fbd192
fadcae
fb07ee
fc85d4
fcab52
fb29d2
fb6b3a
fd22e6
fd03fe
fb877c
faa84a
fabd9c
fbbfaa
fc2b28
fb2ad8
fb962a
fdd75c
fe19fe
fc6c02
fcc99e
ff52d2
0056a8
fe9f12
fd46d2
fe724e
ffc6fc
ff3352
fe010c
fdd3b6
ff355c
009bbe
ff3824
fd17ac
fe4a36
0022ea
ff5596
fed928
00163a
00b5d2
006b4a
ffe0c6
ffccbc
01091a
0166dc
ffcafa
ff7d4c
00d9fc
010c2c
0063bc
004ae6
014dba
0330da
02e566
0047a8
004f68
02887c
02b4f8
02a3ee
03dfa6
03ed00
039756
03c8b8
0300be
035542
0565c8
04dd6a
027a62
0246b0
02dd5a
02a348
025974
016412
012306
02b60a
027016
005c3e
00db6e
01fdc4
00a840
ffbcd6
0030a8
0042b0
0069be
ffcb14
fe7df0
000e1c
02a672
01dc06
00decc
0264da
036356
03b60c
042012
0306c8
02abd4
0490d0
04fa4e
0426cc
04ca10
04bb06
03bbb0
046c2a
052bc8
04c16a
0500a2
057acc
05c74c
0632ec
0509ce
03ee1c
05f086
074438
050eaa
03cd86
053692
06592a
06e62e
072574
060262
049b12
04d70a
05df3c
055fdc
039c04
03c6c4
05def2
062078
04a780
0402d8
039016
037b60
04a922
046638
024232
0175fa
0157b8
00bc7c
01ee2e
039d9e
02aaca
01437a
017656
01506e
0096f0
011ea6
029778
030f7a
01b362
fff9e4
ffb30c
004ebc
004b00
ff811e
fe84b2
fdfb48
fdd842
fd58e6
fcb6e2
fc4006
fb7732
fb136c
fb3522
fa051e
f88aa0
f950e2
fa8eb6
fa43f6
f9a624
f8b336
f79656
f88b9a
fac6fa
fbf678
fccf2e
fd6c02
fcfbde
fce2d6
fd8ac6
fe52ac
ffd5c0
fffae4
fd2a22
fc2900
fe8f30
fee228
fd2662
fd9d40
fe339e
fc83cc
fb9ca2
fcf176
fea0d8
ff3e3e
fdd802
fb1c3e
f9748c
f9a7bc
fa8eea
fb370c
fb9c5c
fbe8a4
fb0cd2
f9664a
fa2ab2
fcb51c
fc8acc
fa8c92
fa7a2a
fb8f9c
fc1a12
fbe0b8
fb076a
fbcc66
fe7128
feb562
fc3236
fb6534
fd816c
ffc2cc
ff4392
fcb91a
fc7888
fdf126
fc8c24
fa674c
fb2296
fc47fa
fc43f8
fb2d82
f922ec
f9bb02
fb9f60
f90722
f72e88
fb349a
fd0a26
faa51c
fa19d6
fa0824
fa4146
fc4ea0
faab2e
f7da8c
fad832
fca17c
fa5c1c
fabf9c
fa3694
f92ebc
fe0330
fde392
f7be16
fd5770
032d26
f88d9c
f6995e
05d92a
054892
f4e8da
f45528
020a92
08fa7c
04c702
fb07fc
f51536
f81228
fc5f5a
fdd38e
006af2
02120c
fff6a4
fc94e4
f86b2a
f3e4ac
efeb8c
ea77c4
e5f098
e6fd0c
e9f1c4
ead6f8
ed1b5c
f2437c
f6a1d2
f882c0
fb0e72
00bdf2
057d66
0663d8
093c8c
0f9946
1280b0
1238d0
13c3ee
147abc
12df6c
12cd42
130744
111b02
109dda
130fc8
14c540
148b62
1454dc
140dc4
1248aa
104dc6
101172
1012c8
0ed51e
0d39b6
0ac422
0787a0
05ec4e
057e94
04e6e2
042a4a
ffdc54
f8d40c
f83332
fbbb7c
f73fea
ef761e
f0e9a2
f573d6
f231a2
ec1628
ea93fc
eb0f54
ea8ea8
eb453c
ed2890
ed66b4
ed8834
efb36e
f0c63a
efd59a
ef828a
ee2e78
ec08dc
ed8940
ef5950
ecae86
eb4b36
ee816e
f0cfa0
eff81c
edbc62
ecabe0
ef7544
f20e3e
f0c786
f1e240
f5e8ac
f4009a
eddbee
ec064a
ee89a6
f1722e
f19790
ee8666
ed84ce
ef2c0e
edc0c4
ec0b02
efb948
f431ca
f4700a
f25962
f065c8
f00d88
f1e60a
f5caa6
fad7c2
fc3562
f8565a
f67b06
f7f1f0
f6e38e
f5f574
f85fae
f936ea
f8a356
fa8188
fc3328
fb7440
f966e2
f7c9c2
f92bd6
fa7846
f6efae
f3622c
f3327a
f2beb2
f274fa
f1013e
ec5aba
ece150
f195ac
ee050a
e9580a
ecc232
ecafe2
ea488e
ef87f0
ef19e2
e63ece
e81e9e
ee7484
eb752e
ecbc44
f406f8
f1ab42
ee2c7a
f3f362
f5b3b8
f1b860
f53c38
facf32
f5e1f0
ed3080
ed7dea
f3806e
f3a916
efa090
f13e74
f514fe
f1eff8
eb7df8
ea1f98
ee3bb4
f0c5ec
eb19c2
e4c2d2
e9ca2e
f0e128
ed1644
e86462
eb20ec
ed2398
ec2a60
ebcdc4
ecba10
f22cdc
f77cf2
f2628c
eb1b0c
eccb38
ef4a46
ee6e70
efc098
ef6196
ed13be
f07cd6
f3df90
f0da56
efb932
f2042e
f1ebc0
f2e374
f40ee2
ee61ca
e99ef2
ef09ee
f4ab54
f1aa68
ed1d32
ebc468
e9765c
e699c6
e8c91e
ee6e58
ee107a
e54e76
df6370
e451cc
eb9ebc
eb46ea
e7e24a
e97200
ec6956
ea0b54
e61a60
e8df26
f05412
f20358
ec1200
e9133e
eedbb6
f57f00
f4de54
f097d8
f10b58
f5b1b4
f57eac
f05566
f310be
fe9372
01a8b6
f92f04
f62d56
fc9ee4
ffa11e
fbcc0a
f92f08
fcc4e6
048d5a
098494
076aae
02c01a
ffcd72
fe28cc
ffeb6c
05e42a
09ed4c
08b35a
06764c
05d6f0
03dc00
fddc32
f7422c
f680f0
fbbc1a
0081e6
00beb8
fdcab2
fb3824
fa6950
f8edaa
f7ac18
fb65b6
005b8a
ff678c
fdbe10
01d722
05e716
057264
04271e
032d42
01ebe4
033312
07b192
0b7610
0aecfe
06c6da
02c9ba
00a79c
ff9d92
ffd7f8
001ac8
fe297a
fc27f2
fca75e
fe1856
ffbaae
01cd8c
0247a0
ffdc82
fbad82
f86a00
f84826
f8c35e
f7b360
f91770
fd96f0
004afe
00f016
00ffbe
00e6a4
042fa6
08963e
0742e2
047b24
04f2f0
037e52
02814c
0757d6
0abfbe
0abdb2
0ef8f2
13cd12
12600e
0e0c86
09f15a
07d962
09a080
0aa606
08d764
0812d8
06783a
026988
ff24c4
fbb6da
fa5f64
008096
072f50
0895ba
0ab37c
0b5b98
058834
01c482
034270
02c208
013b06
012484
ffe16c
ffa994
0041c4
fc43d2
f796f2
f8b8ae
fc2a28
fe41ba
0096fe
0377fa
04fdfe
043a24
0449d8
07b4e6
08e6d0
048710
00987c
fdfd88
f9ac58
f8a52e
fb10b4
f89322
f37858
f3107e
f38084
f093bc
edc558
ed8a82
ef77dc
f21396
f3db4a
f72774
fcfe86
fff60c
fec9ec
ff3a60
00e56e
fefa1a
fd9ddc
028f24
06e1b8
033a44
ff9d02
044f56
0a286c
08df7c
03ac5e
00df50
01af74
0108c6
fa3e46
f3f252
f5c0b0
f86b64
f571e2
f33eca
f3d108
f27964
f037c2
eded22
eb5a2c
ec92c2
edae48
e5ee24
dd35dc
de5670
e04db6
d9f7ca
d427a4
d674ac
da96bc
da6b90
d92a70
dac7f6
dcf082
dcce66
dbde58
dc060a
dd802e
df374e
de8e4a
dbffd4
db7346
dd6038
e11258
e70a6c
eaea68
ea7664
ecc61a
f2ec2c
f5492c
f53880
f7c79a
f935fe
f812d4
f7fe56
f6e77c
f3ec98
f3d094
f44f46
efc4f8
eb030c
ec1882
ef8d94
f325a0
fa766c
0317a0
056e3c
0273d4
03122e
0b4f32
15dee8
19f736
15f946
135426
176232
19d6a0
16c42e
16bdcc
1b32cc
1c33b2
1a6a76
1c26ec
210dc0
259052
2705b6
248ebc
22ccf4
253106
264d40
22f2e0
21dbec
267c66
299598
25a7a0
200f6c
1fb722
22047a
20aac0
1c0b74
170bd4
1020a4
069606
feb37a
fb79e6
faed32
faaa24
fad8f2
faf2d6
f87eb4
f49018
f46fce
f8906c
fb2bd6
fa3384
f89848
f7e990
f9abb4
ff8ed8
053132
04c63e
01d89e
038472
0898d8
0bc5ea
0cdbc6
0e52ec
1003b8
10b862
10ebd0
121728
14ffba
190cb8
1d41ec
214202
2455f2
256376
254468
260974
2706ea
268280
25f620
26c678
26ebee
267c8c
283608
29cb28
27880c
252730
25b072
243918
1fe8e2
1f5b9e
224108
21c6e8
1e1a4c
1bbbca
1abb84
1a219c
1a599e
1a1ea0
18cbc4
17d8c6
16dec0
14be02
127776
0fcadc
0b2c50
06a36a
055cf8
06fbd6
09c5f8
0b2c64
073f4e
ff95a4
fbe932
fdee40
ffca16
ffa388
ff9acc
fe4794
fa2bf0
f57926
f18972
eeb980
ef216c
f2fb1c
f75c2a
fa6d78
fbce44
fb8624
faee46
fa5dfa
f87c3e
f70fb0
f9877e
fe7d96
02484c
038f28
013882
fc26f0
f9c5a6
fbe2dc
fd5c96
fcf1d8
fee93a
0244a8
01dbd8
fdbefa
f97ade
f6abee
f5c3ae
f62982
f69dda
f7f8d0
fa88fa
fb4a12
f9e0fc
f9e78c
fae00c
f98544
f7d1a0
f8f04e
fae95e
fbda1c
fca66c
fc5586
f9a99e
f6f832
f66dc6
f765f2
f878b6
f7af38
f4a338
f3d6ee
f7e5fe
fa8a5a
f689b0
f1c82a
f328d2
f6fb04
f69a1e
f37c1e
f2fad4
f4c44a
f41724
f01082
ecaa26
eb5328
e92d6e
e62212
e62f30
e9b824
ec68ae
ec5866
eb2b22
e98a50
e7d1fa
e80be0
ea6462
ebb61e
ea2e5a
e6d8be
e29a6a
de94a6
ddb7ca
e121f0
e5ab4e
e82b84
e8d02a
e8852a
e7047e
e41f4c
e0b212
df4b04
e2c7b2
e931e8
ebdae8
e8dec4
e61360
e67a3a
e5b2fe
e173bc
de301e
df4b66
e20db4
e2cc34
e2e5ce
e5fd86
ea4a94
ea23b8
e704b0
e8e1a0
efae7c
f3567c
f32708
f539b2
f8e5d0
f9962c
f96e08
fc55b4
0040ec
01df5c
015672
00e442
038264
0932ba
0cb294
0b1de8
09657c
0b590e
0cf79e
0a770a
072a9a
07f130
0bb91c
0d2ad2
0aa096
087a10
0980be
0abe8a
09c03e
07923a
044b3e
ffc35c
fcc39c
fcb184
fd04ba
fc1490
f9ed9a
f62970
f2d66c
f34066
f58fea
f5a4d0
f3f01c
f2efe2
f3a104
f6ac1e
fa6e3a
fb629c
fa64ac
faa9a2
fb47d4
fbaa9e
fe7e60
0268b0
03c2c0
04cd14
077d3a
07abe2
048fb8
02e6a2
030006
023758
01b06c
023c60
033ec0
071418
0d17c0
0e6134
09cfe8
06816c
063fac
047170
00f48c
ff3686
ff8c7a
007346
00d446
005a16
00df82
03b60e
067adc
0781fa
082040
07ee3e
05d1d2
050410
08ebd8
0f2838
132fea
13dea6
1390ac
1541f8
1874fa
18fd90
159fe2
123b06
10c454
0ef338
0c0d52
0a2234
0a3942
0b6dda
0bdcfc
0ab18a
0aad00
0dc9ac
0ff2a6
0dfd12
0b992e
0a6eb0
067d56
00695c
fd7276
fd69f6
fd17dc
fcb184
fc6430
fb889a
fbcfda
fd63a0
fd813a
fc993a
fd6512
ff726e
018eb8
03ec48
0595e6
061e02
0732f6
08c2da
093b4a
09712c
0a32b8
09f6ac
08630e
0685a4
03f97c
012a32
006a36
012e8e
005d04
fde848
fc0830
fac3ec
f95664
f83f10
f781c4
f76090
f98730
fd6f90
ff8830
fe7046
fc7d4e
fbc8b6
fc1978
fbd906
fa84e6
f9f32c
fabcb4
fa468a
f81380
f6972a
f4efcc
f191ee
f0ae60
f4cb18
f7fb1e
f676dc
f5414e
f74d04
f8a298
f7b634
f79384
f851d2
f724e2
f46c22
f316a8
f48a0c
f7b90e
f9bd3e
f89942
f6e9de
f8a0d8
fc96a6
ff5f5a
017020
04553a
065e86
058216
023a02
fe6946
fc2f86
fc338c
fc6a70
fb50fa
fa4486
fa8fb2
fbb846
fcf3c6
fcf7ee
faafd4
f844ce
f8fa68
fb94ec
fc5e74
fb25a4
f93690
f505d0
ee0d5c
e85fe6
e68604
e4efac
e099ca
dcb7ae
dc2bb2
daf63a
d4fbe8
ce5918
cd2b8a
cfe05e
d16daa
d1cbba
d36726
d5a3fe
d679a4
d5b700
d5c3d0
d9ea50
e1a95e
e85ee6
ec5232
efe11a
f280f6
f18dc6
ef6c3a
f0ed94
f5d584
fac612
feecd2
033ff8
07a9c8
0b57a6
0ddb1c
0fbbee
1299be
16feee
1acc04
1cf1ba
1f8ac6
2270ce
223b12
1fb73a
1f285a
1fb2a6
1e1920
1c5578
1ca140
1c71ba
1a38f4
1720c2
12a4c4
0cacde
080518
05d01e
045a22
03017a
0278ac
0343b0
05ae00
083916
083792
064946
05cc6e
0791d0
0a24a0
0d8a7e
11f952
15a286
170550
16d0d0
161a62
155454
152276
1609a0
178760
18ae5c
19308c
1969e6
19a51c
1997e4
1921e8
191fc6
19eb12
19c9a6
172780
1349a0
102f1e
0d3c0e
08aa72
03694c
00e598
025428
043012
02afcc
ff1060
fd1548
fd5b72
fe2168
ff0c5c
002110
002a7c
ff1dea
fe86e8
feb722
ff28fe
00a686
03f7e0
08da2c
0f195a
156b80
192010
1a690a
1c4214
1e21a2
1ceace
1a6b1c
1b51be
1f3052
223e0e
23ef44
25b59e
273196
27337a
255076
21f902
1efe3a
1e1bcc
1e7cec
1e2618
1cb642
1afc00
19661c
17b9b2
1551f8
122ec6
0f387e
0ca9de
0a1f44
086196
0833d8
085848
078818
0673ae
05e4ba
058462
053ce8
04ebfe
036f96
00e760
0003c6
01b364
029326
0024b0
fcd052
fba1a8
fbfcac
fbe45a
fb9f70
fce78e
ff2b88
ff9224
fe27ca
fdf6e6
fea88c
fd8ac4
fb681c
f9456e
f5bb3e
f31ca0
f50040
f7ad60
f69940
f43e54
f26330
ef3d46
ecd708
ed9fb8
ee3cda
ecbbca
ec5d5c
ee6738
f0a946
f1c3ca
f1681e
f07f36
f0fad0
f1bd62
efe1e2
ed9a70
efe190
f5fa88
fae50e
fcee02
fdb0ba
fe0ff0
fe59b4
feea48
ff17dc
fea218
fe88aa
fe4c4c
fcb1d4
fb6db8
fc5bbe
fd47c0
fbe138
f99f16
f828be
f6eef8
f5acc8
f4f1e6
f438ba
f289f6
f05bc8
eecc3c
ed94c4
ebd7f6
ea56c2
ea17e2
e9c50a
e7e956
e69578
e8c34e
ece930
ee2758
eaf5ea
e6adf6
e3d9dc
e18cbe
df4f58
dec2ce
e02876
e11d74
e069c6
e06926
e2f652
e4f7cc
e37244
e1f2be
e42984
e6b1f6
e65e46
e68d9e
ea43fa
efa8c4
f4208c
f69de0
f855f6
fc4bcc
01bdb6
039e90
01b5f2
020fe6
06c8d4
0b89f8
0dcd4c
0fc2e4
12d8cc
15af42
17c83c
1a6bac
1db7e8
1fd610
1f4328
1cd986
1b3670
1ab0ee
187e30
148948
122cca
115456
0f9db0
0e76a6
0f3582
0eda76
0b5daa
05fee8
0013c6
fae668
f76be4
f50f52
f3c5a2
f3e29a
f44df6
f50a02
f753f4
f9f84c
fb1450
fafd06
fa4b48
f94e94
f8d9ca
f8cc48
f8aaec
f8a61a
f82002
f6c25a
f6119c
f6f0b6
f8a74a
fa979e
fc8efc
ff21b8
02c526
059514
05f9ce
055c4c
050da4
0570f6
071870
0874ac
07ec4e
077d54
07948a
058a06
027914
014332
00f4ea
015378
045a16
08f86e
0c9dbc
0e52b8
0d39b6
0a8960
09f668
0c1626
0e6abe
0fc3b8
0f9b50
0e1078
0d0b1c
0cbb5e
0b3072
08ec22
08324c
097452
0bff8a
0e8c8c
0ed7e6
0c4a6a
093ed0
07beb8
077220
073b16
070e78
07ce06
095592
096a20
067f96
02b466
01030e
00fc96
00b91c
002182
fef3a4
fc174e
f8ed16
f796c6
f66eb8
f2f04a
eed040
edd32e
f0e816
f5a1fc
f9635e
fc2a88
ff1d20
013510
007980
fe0ea8
fd7578
ff56d4
000aee
fd7990
fb1a48
fb946c
fb75f2
f84828
f57abc
f5a638
f72048
f8a4f6
fac864
fdcc48
006060
ffe11a
fc5ce0
f9d6c6
f9a5f8
f93c60
f8937a
f8f550
f8e96a
f7a7ec
f65db2
f4f50e
f30c80
f18d4c
f1ad32
f426c0
f76624
f89f08
f8664e
f8778c
f78204
f574cc
f4d93c
f54610
f4c6f6
f4585c
f4c404
f48594
f31f26
f1d444
f1d944
f3f3b2
f7c428
fb55da
fd27b6
fddab6
fe6a14
fe4924
fd4036
fd0aae
fe33d2
fe65aa
fc5494
f95f68
f69f74
f4ab5c
f4473a
f44210
f3133c
f241d4
f2d362
f2d7e8
f18010
ef424c
ebd79c
e9101a
e8c0ac
e88d6a
e76b4a
e823ca
ea6a8e
eb264a
e9c68c
e76638
e55f86
e424f0
e1816c
dd52ae
db7280
dbf9ec
db0d78
d9602a
dacf08
dedee2
e19880
e1811a
e197fe
e57ca0
ec676e
f244fe
f61ff8
fb07bc
0126f8
04e0b6
06f67a
0bc550
1203ac
154b06
16647a
181646
1a4fd2
1c427c
1d2fc0
1cb118
1c4aba
1cabe0
1be3ea
19d034
19bf92
1d3274
2114b6
223694
210cbc
1f3d72
1d3b3e
1acad0
171a22
122d6a
0d9b5e
097678
054190
03232e
037764
030b52
00f038
fde0ae
f8b89e
f2077a
ec9b70
e9414e
e7defe
e8befa
ea1fd0
ea4674
eac49a
ecfa72
ef3364
f0a550
f29c5c
f4caa4
f68cd8
f93484
fc95e6
ff0d74
00bb00
01ae62
021316
03fb6c
06dd5c
085e48
0a57c0
0e253c
10722e
10140c
0f8446
0fe2a0
10d9e4
11aa5c
122d40
13bd80
15cb5c
15dd70
148ee6
13fc46
13f022
13de00
13e6d0
13e772
145436
15b36a
176998
191618
1b6d36
1ecf2a
22110c
23892e
230fec
22100e
220b2e
237b82
25a794
27ed94
2a874a
2d6334
301dc2
325274
32cbe4
30d988
2db6fe
2ab324
2840c6
26668c
243b30
21333e
1e63f4
1c7aa4
1abb94
18aa04
160386
11cba0
0bb092
05a8cc
018710
fe44ec
fa1ee0
f50bbe
f0503c
edf7da
ee0a7e
ed4548
eb64d0
ebb61e
ed1570
ecea6a
edf6e0
f151ee
f2f30c
f2626e
f312c6
f555dc
f743c4
f8afb2
fad4e2
fe75c8
024bb8
03f3dc
037c3a
03d2aa
067e34
095298
0a18bc
0a1200
0b47a6
0d1446
0df47a
0e88a0
104fe4
12a962
138b16
129534
10da3e
0ef9a6
0da3b0
0d51ba
0cfb4a
0bc3c4
0a413e
08afae
06ab2c
04bc0e
03a562
0303bc
0271e2
025c26
0248a6
0154a8
00c274
010b34
ff25a0
fa78b8
f73f98
f7c5ce
fa83b0
fdd602
0066aa
00ed18
ff1c5a
fbd9ca
f97626
f9aac8
fb6798
fc996e
fbba04
f8a2fa
f589d6
f3b94c
f1feca
f0a636
f08232
efbf1c
edb7bc
ec2ffa
eb22ee
e94c32
e6d488
e4449c
e1e114
e07be4
e0ac50
e1344a
e06828
df452e
df4c54
deeaee
dcc5c8
dadf70
db57e8
de2266
e13f18
e1c926
e01b98
dfd19c
e0eec4
dffb80
de22d8
e027d6
e52a04
e78c44
e69b0c
e6ac26
e8e4a2
ea0386
e85014
e6ca38
e93ed6
eddbde
f011f8
f12b6a
f51964
faed46
0019b6
040688
06e85e
0a4348
0e2360
0ff924
10ea22
13f8f6
167fae
153a48
129b0e
124afa
155108
1a6624
1ef84a
221d8c
24cdc4
25f0be
22f2a6
1d3eba
1a13cc
1a0fc0
1810da
13b902
11e7b6
120278
0fd6cc
0bb274
07998e
0441ce
02256a
ffbe06
fbc3bc
f8ec66
f90568
f99a74
f8d8f2
f7c7f4
f7c350
f912cc
fad262
fc3218
fd753e
fdf74c
fc4b56
f9babe
f8b0ba
f87c1e
f8a8b2
fbbeaa
012b6e
049f18
05545e
0592d8
065e64
087524
0b924a
0d7844
0db4e4
0d988c
0d2ce2
0cacda
0d9e00
1057cc
12bd94
12c392
11c2a6
11e2e0
11f87a
10d854
0f51a6
0d4d7a
0b8a4e
0b5116
0b0232
0ae614
0dd688
116650
11de5c
11587c
1199aa
115dd2
1096ce
0f94a2
0eb87e
0e6c90
0cad02
093fa4
080302
08b908
07740a
055822
052e10
058c80
0597ea
064ba2
06bc58
06e0f0
083e1c
0959dc
08888e
076c3e
06c26e
063f58
06b66a
06d79c
04ecfa
01f850
fdc37e
f8737a
f53e2a
f3e4a6
f20112
f15284
f28a0a
f3ce4a
f56f94
f73d9c
f8a722
fa92ac
fb092e
f95090
f9487e
f9ee4c
f7a868
f5748e
f5b6c0
f64a54
f6a336
f68352
f5c492
f6969e
f81468
f7652c
f626ce
f63a24
f65700
f63c30
f6e6aa
f826ba
f882a6
f65b7a
f27838
efbfec
ef3d82
efaa06
f05cc4
f1e1be
f3fba6
f55374
f53f3e
f3ce36
f19eaa
f07780
f08596
f01768
efe712
f11820
f1ee9a
f1a8a8
f1122e
f03b18
ef715c
ee6320
ed0afc
ed4136
ee2da2
edfa08
eeee3c
f1395c
f2627c
f3af16
f537ce
f517f0
f55074
f64626
f63618
f76f6e
f99234
f8dbf2
f765d8
f7ea08
f83c1c
f742dc
f58084
f3e990
f426c2
f4732e
f294d0
f0b992
efc69c
ee0894
ec1a74
eb69de
ec1542
ed2fdc
ecfc9a
ec0d30
ecd950
ef4dc8
f0e960
ef5d12
eb50ee
e8b4b2
e8716e
e762c8
e5b00a
e59740
e58ab4
e37866
e1212e
e18e32
e48bd0
e69b92
e6100a
e5487e
e75c32
ecd554
f2e82a
f75858
fbf030
01ae8a
06cba8
0b0032
0dd3b0
0e507a
0e11d2
0d1c54
0b82c2
0e253e
143312
15e346
137270
123f5a
129cc2
141296
161f76
16d75e
16fb82
1660cc
13a880
12f7ac
16d75c
19fcf4
197eae
17ef8e
16b068
159192
147604
13c662
1424cc
13f4ea
11d640
0ff83c
0f510c
0dbb38
0aa896
0788c0
05bbac
05fcec
0718fe
075cb4
0750fe
07c0c2
07e9ce
07e790
09479c
0c5efe
0fa4bc
11b9a8
12e770
14b0ae
16ca00
162d3c
12d528
112d40
11b81c
1111bc
102a0e
10c1fe
104010
0d9c96
0ac1f6
08e18e
09a060
0c6390
0cbd4c
0a1ea2
07e238
0674aa
054894
0437fa
01e49a
ff4824
fe1176
fced56
fd1cd8
011116
04aa26
0483c6
045fa8
0688f8
098196
0c8f2e
0e3620
0d84de
0c6420
0b74b0
0a77ca
0aded4
0c555e
0dd27e
1082de
13a7a4
1537fc
15cf86
15c30c
14f6c0
14cc1c
1439b6
1182be
0f012a
0e7e7a
0e771e
0e08d4
0d4464
0c9406
0c70fe
0b815a
098836
08b2fc
08bbde
07f29a
06c35c
0560ce
03ef64
03707a
02cd4a
01ab64
03286a
078b74
0afb98
0c61c4
0de8b0
107af4
131592
1442c0
13f5aa
14be76
180acc
1abe0a
1aa514
1a45e6
1a5538
1846ea
15288e
13e342
140696
141580
12c1e0
0fbe94
0d6246
0bb4ae
07f9e0
037992
00bd12
ff36f4
fe1ef0
fbc4e8
f748ae
f3b3ac
f13b62
ed19c6
e92002
e71c3c
e5ba5c
e5650c
e6086a
e6a48a
e780f6
e70d72
e5d1f6
e78076
e9cd70
e9f126
eb3e7c
ece1ea
ec5bea
ed6c3e
f0d1e6
f3f642
f814b4
fc809e
ff9fac
03de46
0874da
0a5318
0aa31c
0a78e4
0a079e
0a9df0
0b2492
0ab54c
0ad4e2
0acfd6
09e334
09e386
0a9390
0a0e2a
088d92
0714de
05b86e
040116
01a846
fef9aa
fc6992
fa2918
f787a2
f40d30
f13df2
effdea
ef95d8
f03094
f0749e
eeb5ce
edb316
ee606c
ed90fe
ec2d6c
ec6916
ed34da
ee6f62
ee914e
eb84a4
e8562c
e61bf0
e27f9e
dfd148
df9bee
e08644
e3e5d0
e791da
e83ab0
eabb14
f15814
f6be60
f95816
faaf04
fc3d70
ffedb6
02ba58
024dfe
038406
071cfa
087a92
082522
0948f0
0da652
144782
17a6ca
17121e
18a036
1b4542
1a1c82
18630c
198838
1a097e
16f03a
1239b6
0f8bba
0fa512
10389c
106e0c
10ee3a
10f2d4
0f470a
0b62e6
06130a
01a034
fe8420
fb0642
f731b6
f55a52
f6f8a8
fa1be6
fba5b4
fc4ac2
fe0836
ffb390
004cdc
00822a
00dba8
027500
04aaac
04dd26
043802
055bb6
06bec8
06853e
05b61e
06169c
07e5a6
0900f6
08e9e2
0a17d8
0bc6e2
0b9f44
0b2988
0b7a50
0bd00a
0c817c
0d0976
0d7f62
0f2d7c
0fbda4
0dc14e
0c9a4a
0c6810
0aa79e
08d34a
08ea06
0b468a
0f36fe
1220a6
14ce7e
1a2c3c
1e6fd2
1df412
1cd8b0
1d3efc
1cc97c
1b8956
19f308
17f924
175cda
179022
16b1d6
1694d0
187c3e
19e3f8
194296
17fa04
17e822
18d1c8
185ce6
167a0a
15e1ae
168bd2
16535c
1538f4
13c960
121e52
111e4a
1082f2
0f1eee
0d5b0c
0b204c
076c6c
039600
011dee
feed18
fc9a08
fb1642
fa7da0
fabe32
fb0588
f9c9e4
f899f6
f99590
fa2872
f83686
f653c4
f5eb44
f5bb26
f5ab2a
f5f51a
f6b04a
f87e9e
fa165c
fa4b54
faffae
fc2870
fb44c2
f9aea4
fa80e0
fd78b2
008e50
018190
ffe960
feacfe
fe44a2
fbc676
f808a6
f5d18a
f4ca52
f477da
f51674
f615c8
f756e4
f7ab94
f626d6
f58d68
f6dc4a
f76120
f76342
f7c3da
f6a616
f4d288
f416de
f31eb2
f2625e
f4318c
f72eea
f88764
f7ede6
f71356
f75846
f7c434
f74e52
f7071c
f7424e
f75d22
f7a48c
f805c0
f86d38
f9053e
f8508c
f616ec
f4ca20
f494ba
f3b508
f232c2
f04110
edc076
eb4038
e89972
e5d466
e47fa2
e4a84a
e425e4
e26078
e09de6
ded26c
dd0532
ddbef6
e0da1e
e1c030
e0290e
e0255a
e17856
e25bf6
e3a7c6
e4552a
e2d6c4
e007b6
dc4826
d998f6
db2912
de0d84
dd9430
db76fc
db006e
dcabc0
e03da0
e45878
e828c2
edc2b0
f56ca6
fb281e
fd6c72
00181e
04d3d2
07b844
07cd10
0961b4
0d6ee2
113892
13d548
15351e
16743e
19e8c8
1d53f4
1d291e
1c2b4e
1d0c84
1cbb16
19a932
16c7d8
15ce78
150f9e
12a644
0fa71a
0f3dd0
12b4b2
171044
180dac
161e98
14e5c6
138976
0fa3ac
0b9b30
08dce6
053dca
009f74
fbcf8a
f7eba8
f7c3c8
f91276
f757f2
f6899a
fa2a4e
fcee9c
fcb962
fcbea6
fc527c
fa5188
f8da88
f8f0f4
fa8c28
fd06f4
fe31f4
fe3af6
ff8b0c
02110c
0467e4
06063c
0656da
05e7f4
0692e0
08c82c
0ba06a
0e5f88
10461c
1105de
1131e4
11a8e8
132b3a
15213e
15d6ec
15cce6
16c798
17b1be
17eeec
19fba6
1d67ec
1f6b4a
214068
24571c
26fc9e
28ebc8
29f89e
28f3ae
28253a
28e344
280b04
262e64
26ec32
293e9e
2ae376
2b7f18
2aa46a
295772
27c29a
23ac52
1f1334
1d7ea8
1c433e
1897b0
1428c4
0fef40
0c8b84
0b1ab0
0a8442
0a01e8
098c18
07b102
0545b0
041e80
023730
fe9f56
fb189e
f6e026
f25692
f0ab02
f12104
f1965c
f286ba
f2bcca
f1d2e6
f2fc40
f590c2
f664a8
f6fcc0
f881f0
f94292
fa14c2
fb5c48
fbabfc
fd0fa2
00e63e
03a320
03f552
03df92
03864a
02e414
028e28
021bb8
027946
043d68
04d3a6
035144
01bb60
002a68
fdc7ee
fb1260
f88e70
f751ee
f7ec6c
f8c148
f9bda4
fc8f9e
001ec4
023ada
02e332
03451c
0506d2
07ea76
08f1ac
087706
09cd3a
0bb640
0bc2a4
0c3b88
0ed9e0
11bafe
137dda
144738
1590e6
18e438
1c5288
1d4ee8
1ce04e
1bca2c
194010
16029c
127684
0e7c9a
0c0a40
0b56a6
098fa8
06a72e
049612
02efdc
00a9ba
fd9a2c
f9cd8e
f67020
f3ee5e
f0ad16
ec8ad0
e8dc80
e58816
e28d08
e00b3a
dcb968
d8eebc
d6a290
d5291e
d3cf72
d499e2
d74834
d945de
daaf1c
dc40c4
dd23ae
dde6ea
dede3c
de6274
dd865a
df55d2
e2e6ca
e5741a
e6c418
e7eb94
ea5f8c
eeebfc
f3abf2
f74826
fbd548
024980
0832c0
0c026c
0f1d20
133f9a
17fe66
1b5448
1d0f02
1f633a
22b3ec
24682e
23c77e
242114
279d5e
2b8ad0
2d1a8e
2d8a7c
2dde8e
2c4918
289050
24ec2c
22d082
227f3a
222f76
1eeb80
1a6cf4
1952be
1a104a
186560
164324
169594
16e840
149fc2
100772
0a3bb0
0518b2
007202
f972b2
f1ac94
ede9da
ed74fc
ed75c6
eee3b0
f1efda
f4e34a
f77730
f8b246
f7f866
f7a832
f8248c
f78cc6
f764f2
f910e2
fa504a
fab6da
fc2794
fe8cba
011744
039124
0585ae
07405c
094364
0adde2
0bda58
0d3d98
0f990e
1240cc
141e34
14e59a
14a1fc
12f380
10cdb2
0fa846
0e2a50
0b399c
096552
0a17e2
0b9146
0d46fa
0f7ee8
117442
135956
152330
1572de
154b4c
17065e
198d78
1ac40c
1ae500
1adb42
1b722e
1cea04
1dd7cc
1de282
1e7bec
1efdc8
1e0d0e
1ca684
1acdf0
174346
132d54
100cf0
0de148
0d9b70
0f6fe6
110b1a
1135a2
10b214
0fe810
0ee756
0d65a6
0b54c8
09c398
08b2e0
06f968
050616
0327f4
0084ec
fe2788
fd7d52
fda6fc
fe0c0a
febc38
fef7a0
fed20c
fe8d1a
fd63d8
fc2152
fc0378
fbdf7a
fb5b7a
fc0936
fd618e
fdcb66
fdd664
fe6664
ff3694
ffea2a
004c52
00a828
01a0ac
02aa12
02c1a8
026e72
029760
02d782
0243e4
007ca6
fe5110
fd7600
fe1e6c
fe29d0
fc47a4
f9c4dc
f87d9e
f92258
fb5350
fdf084
ffc8d0
006efe
001318
fefa20
fd7318
fc2a52
fbaf1c
fb6b90
faaed2
fa37e4
fa8c66
fad944
fb188c
fbd4f8
fc144a
fb1c66
f9ba04
f863e8
f76af0
f76fca
f79d7a
f6b818
f55d26
f49516
f4c8ca
f63332
f833aa
fa2c4e
fc7458
fe1386
fd47ae
fadc34
f87d92
f60ebe
f33b88
f01264
eca2d8
ea14a2
e885a8
e5a2ae
e183ec
defcac
dd73f0
dab5e6
d87044
d8c0aa
da5bfc
db3168
da5760
d89002
d81534
d91a26
d9dc0a
da8cb4
db9b1a
dbb16e
db06f0
dac53a
da75f4
daaf8a
dcbaa0
df7306
e21e48
e5ef12
ea831c
eeb296
f2b888
f6956a
fa3db6
fe08fe
01371c
03e9a2
082afa
0db6c8
1182bc
12a64c
1397f6
16d104
1b51ba
1dbd88
1daf8a
1d9194
1d2bce
1ab56e
17377a
14b61e
135982
11bbc4
0e933c
0b6702
0afa88
0c5964
0d2174
0d8370
0d58c4
0c03c0
0ad5dc
099bee
06e7c4
0417b4
017852
fccbe2
f7516e
f3c2a0
f1e51a
f1c276
f36358
f4b34c
f58c70
f6ef12
f78e4c
f77e64
f7966c
f5ed76
f3189e
f2e100
f503c6
f75cd8
fa540c
fd8590
002d7c
031cac
059546
06dec4
08f698
0c150c
0e5444
0feeb8
11bd36
13ab32
15bdb2
16fbee
170840
17d5b6
197960
1a129c
1a5900
1b3710
1b5a0a
1ab8fe
1a8056
1ad1be
1b6a86
1b39ce
19e8b4
19f012
1bb8b4
1c0c9c
1ad59a
1a8964
1acae6
1a89fe
19d170
18b660
186e08
18bc5e
172546
153c7a
168378
18b5f2
1822aa
15024c
10b2b2
0cd19a
0a0d9c
068faa
030512
0270e0
03820a
03cc5c
045a74
059004
0690d0
07597e
0712ec
05c132
04f074
03f9ba
0251fc
020f68
03273a
03d86a
04f3b2
075914
0a23c0
0c7fbc
0d99e8
0de61e
0f554e
11247e
112dc8
10955c
10de90
111496
10b060
0ffde8
0f4d54
0fd2b0
1159c8
121668
12cd7c
14e8e8
163792
148c52
112200
0e01ac
0c0376
0a3444
070c2c
03b478
01ba20
ff41c8
fb6c16
f875ba
f6e182
f5ac5e
f4d530
f3effc
f352da
f44b8e
f5a7b8
f5fe36
f673e0
f71f4c
f71510
f6b3f4
f630f0
f640dc
f7b174
f8bbb2
f9226c
fb9716
fef958
00391e
005174
006444
ffcef4
ff2dd2
fe99e4
fd9d6e
fcd732
fb6702
f867c4
f5cc3a
f43638
f2619c
f0e856
f02bc0
ef43fc
ee8a70
ee1d9c
ed62ae
ed48ee
ee5e42
ef515c
ef661c
eead86
ed4786
ebd5ec
eab8d8
e9fcd4
ea0f3e
ea8fe8
eb087c
ec9102
ef3cd6
f0df58
f0dbe6
f0cde0
f17486
f27040
f2fe78
f2d38c
f3c8ea
f6db1e
f9349c
f99f96
fa7f2e
fba1ce
fbb4f4
fcbe0e
ffb4c0
0335d2
0675a8
07ba76
074b6e
09a4aa
0e8794
110fa6
11e504
138310
14854c
153082
16e1ac
18d74c
1b2b7e
1c952e
1a6686
180d54
1a683e
1eab3c
20511a
1f38aa
1c79ce
18b414
142a20
0fad10
0da6c2
0e120c
0d21ea
095f26
054d5e
037140
043f38
05e5c6
06b5b0
06e598
05eef6
03074a
002246
fec3de
fdc1f4
fc6a14
fa5832
f702d4
f43e28
f3c4d4
f4699e
f60390
f95ba8
fbeddc
fc1248
fcc528
ff8ad2
02d896
067a62
09cf44
0bc2ce
0e5a56
1185d6
11c098
10e7e6
129fd8
141cf0
13bcbe
14a19c
170642
196f14
1b96f8
1c6e60
1d2916
1f896e
20e174
20fff2
23bdb2
2746e2
27709e
254ad0
22c0ee
20755e
1ef610
1ce610
19d988
17caa6
169cb2
150cb4
138066
123ba8
1112fc
0f62c8
0cace0
0b7316
0d5e18
0ee6d2
0ddae6
0c9cd4
0c777e
0cc5ae
0d36ee
0d8c1a
0e7612
10651c
114780
0fc910
0d41b4
0a7540
07499a
04a6b0
02ef6c
0180dc
008ade
0056e0
004f90
00ce0a
025fe6
034baa
027b6e
01894c
00f946
fffc8c
ff22f6
feac72
fe4a66
fe68be
fe4872
fdc706
ff019a
0196b6
036338
050c06
06ab0c
06c472
061448
0585a2
0514e4
055a56
055c18
04403e
0402c8
04eeba
05530c
055994
053b9e
05366c
0640b0
069a32
052e2a
04fdce
064888
05cb98
03d8d4
02b340
024c1a
01cb5c
00f1d6
002e6c
ffbd1e
fe9f06
fc8e64
faca7c
f9e184
f99f76
f98268
f92d74
f9847a
face9a
fbb110
fbd0ca
fb60b8
fa66ce
fa67c6
fc10b6
fe18d2
009200
037b4e
0512ac
0572a4
05e01e
05cc7e
0549b2
0595b6
063c86
05f29a
04878e
023b52
ff72b8
fd0da8
fb7b3c
fa1a42
f8ed6c
f8c25e
f8b5d0
f7e098
f7f940
f9dd46
fc038c
fd7ab4
fd43f8
fac712
f86714
f795b8
f68bb0
f4ccdc
f31500
f125a0
ef6b3e
ee4fbc
ed4322
ebdb56
e9654e
e63516
e4199a
e2cbe6
e1752a
e13d8e
e1776c
e03ff6
de9414
de0af2
df26be
e1aab2
e3ee92
e5b816
e8367e
ea842e
ed2182
f257b2
f81656
fb87d8
fd5b54
fd905a
fd0f96
feeb60
025a38
054caa
08fb06
0caac0
0e243e
0f34ba
124a94
16b92a
1abcca
1d1d8a
1e5b42
1f4d06
1ee920
1d6a72
1d3be8
1d96b0
1b3e92
16685c
117e60
0d14c6
096c5c
07dde0
0801f6
079746
05ed74
038500
001f74
fc2f3e
f8f7a6
f6a67a
f468dc
f14fbe
ee1dd8
ed48c0
ee90e0
efbca6
f168a4
f3ee94
f5204e
f52e48
f5dc24
f70ed8
f82928
f7e000
f5e3ae
f5580c
f712d0
f825f2
f89c68
f9de52
fb1c06
fc3f7e
fd4dc4
fe162e
0019c6
02ac9c
03313c
029a2c
02c3e4
0384b2
04d7c4
06328a
07a166
0a3936
0bdb3a
0b3dfa
0c4b88
0f9ad0
111d20
10bad0
104442
0f74da
0ee204
0f0952
0f0742
0ebef0
0e275e
0d9f4a
0ea2a6
102ecc
0feee4
0ef0ba
0ece40
0eb786
0ec5ac
100520
11571a
1169a0
111faa
10c1fc
0efa6c
0c380a
0a55ca
098e9e
09537e
099524
0a4376
0b4898
0b7070
09a2ca
083172
08f33e
09a834
097b24
09dfc0
0a0218
094214
08ab34
084434
083be8
087b2a
078000
064130
06b27c
07b3ea
088026
09ba96
0abc1a
0b4a5c
0b66be
0a7200
099f06
09948e
082c7e
04b8c4
00b038
fd8ac8
fc5050
fb8fdc
fa0784
fa1b02
fbe4ea
fc8916
fd0142
fe2324
fd09c0
f9d324
f7066a
f490c4
f26c70
f137cc
f054fa
efde02
efce3e
ef0adc
ee7af0
ef8f14
f115ec
f230a0
f3c446
f581f8
f67af4
f76df2
f93396
fb412e
fd5e1e
ffd99a
022c9e
042786
069fd6
0989d2
0c488e
0ee9fa
114708
135bd6
156faa
1710ca
18c664
1bc84e
1e5b46
1dcf12
1a8a68
167a2e
12f744
106766
0df54c
0b2466
084aec
055f76
0286c6
ff9762
fbc2be
f79f34
f40a1a
f0ce16
ee9cb2
ed7816
ebb588
e97472
e7621a
e4f39e
e3110a
e21ec2
e15b54
e260f6
e4610c
e2de88
df15fc
dd1fc2
dbdb90
daf234
dc1894
dc9ac6
da8590
d832c2
d65596
d51e24
d5df9c
d6acaa
d5cfea
d5e9b8
d85a9c
dc2af6
e1fd28
e960ce
ef607a
f2ab7a
f4053e
f4a86e
f67dd8
fa1166
fd7ee4
00030c
026ac0
040cd8
049e32
06f1a8
0d0d14
145b2c
194282
1c2778
1ffb42
24d60c
27d82c
282826
272b70
254c90
2287e0
1f3eba
1bfbba
1a7b4c
1b0c92
1ae5d4
199f2c
19453e
18dd02
17834a
16ed60
16dae6
1665da
15bae8
133010
0f286a
0d313e
0c9bb2
0b5354
0b50b2
0c7784
0c4872
0ba0ae
0b21a2
0a083c
09932c
094104
0730b0
0578ea
05e11e
0694b4
071a2a
07dc36
07d4d0
0728c2
0681a4
060f18
075be6
0a44e4
0b49f4
097d3c
079d26
06a3e4
056b74
03d212
02cb3a
02ee28
038ae2
03d864
052cb4
08edf0
0d2a42
0f73d4
1070d4
117ebe
128a22
137850
148ba6
1609a2
17c880
185e7a
174e24
16c200
17856c
17a5c2
16f920
1754ba
196216
1c4398
1e2874
1ea508
202576
22f7aa
23d0e8
222774
20ba56
2083aa
20a694
20610a
1fb924
1f870a
1f62c8
1e2552
1cc484
1c6548
1c7c92
1c7140
1b8e4a
19adc0
186662
17eda4
170210
163856
157c28
131d20
1016d4
0e6720
0d8efe
0ce41e
0c2508
0abc7c
09b132
09fdb6
0a4962
09eda2
099726
089892
06555c
041232
031fdc
036924
0383c8
024162
00ba66
006dae
003d22
fecc54
fd14f6
fbe818
fa99ae
f8dd5a
f704fa
f558b8
f3e4a4
f1fea2
ef9088
edf872
ed7bc4
ed2be4
ed7bde
eec7d0
f055c0
f26f6c
f4c8ce
f5b678
f5aeb4
f5f192
f5ad68
f5278a
f5d640
f6f110
f76a56
f811f4
f9e1f0
fd164a
006ede
0203c4
026f3c
035c52
047ff2
058924
06ba1e
07ad28
08831e
09009a
082b7e
073bc2
07654a
06e3f8
05068e
02acb4
ff400c
fba712
f9af5e
f74b3c
f347c2
f0794e
eedf4e
ec499c
ea2de4
e961c0
e7d6e6
e628e6
e5fe46
e64e96
e6be40
e7b6e4
e7f894
e74462
e64b10
e4bf7c
e41796
e5db76
e71f76
e5a0a8
e3e2c4
e37db6
e32794
e22762
e0507a
de05a4
dcef6a
ddb626
df957a
e2573c
e5de18
e96d6c
eca578
f02c9c
f51146
fa70d2
fdbdde
ff8ee6
036542
09908e
0f3e86
12cbc0
13fdc6
1394f4
136060
14a55a
180586
1d0a48
2089d0
20443c
1ead50
1e5bde
1e7516
1dd130
1c6578
1a385a
17a2c0
14c510
11bc1c
0fd636
0f8956
0f0b08
0d1bce
0a3a20
075f8a
0549aa
030052
fec090
f98368
f55860
f1d4e2
eeccc4
ee44f0
f093f6
f3583e
f4e832
f5dc42
f73918
f8509e
f80fca
f7cc96
f91422
fa8d64
fb3c0a
fca902
ff738a
029372
05682c
078490
0896fa
08c8b2
0811dc
074c94
0871e6
0b5710
0d2190
0bfae8
091b86
0790b0
08c36c
0a7dc0
0af2de
0b9802
0c708c
0aa2f2
06bd62
057fe6
08bbd2
0cc198
0de764
0d5150
0e306e
1077be
11de34
11f0c4
114890
0fd6c4
0e2664
0d7260
0e46d0
101dca
115756
10ec76
103632
107074
10aaee
101f44
0f0c50
0db238
0c52da
0a34f0
06a388
03fcd0
040abc
03ef42
024270
021430
03d968
04d9da
0530f2
063a54
070ade
06ad4a
055854
039134
023f24
01bd08
018184
013e74
006c00
feba58
fd9844
fdf476
febee4
ffcb6e
019eb4
02cd6a
02559c
01c16c
0230d0
02d48e
02f290
02e90a
032c0a
035b34
032130
0351c6
03fad6
036348
016626
ffd8aa
fec8ea
fcfccc
faf042
f9cf92
f9c6f6
fa2d60
f9a3ca
f7b72e
f61254
f5cf18
f5c974
f4f47e
f3bc7c
f2eac2
f26d52
f13942
ef63da
eef83c
f08376
f1e6f2
f278ee
f3e63e
f67b9e
f8c10e
fa34bc
fb73e6
fcab94
fd8a96
fe6dd0
001d0c
023ce6
03d750
04fc8a
05a4c8
04fb1e
03b656
03e5ae
059b84
06e4f2
068f2c
04acf2
01cf10
feee6c
fcfe96
fbc90e
fa23a8
f80546
f68eba
f54ea4
f32158
f15b20
f114a8
eff0c2
ec7326
e8b4c2
e615be
e3d2e2
e1c1a4
e06f94
e00f98
e033f0
dfbdde
dec042
df01ea
e092d6
e20e0c
e4217a
e78c5c
ea4232
eaed46
eaf982
ebbcf0
ed37de
ee90e2
ee3bda
ec2da8
ead8e6
eb8f14
ed3cc4
efe998
f4ed40
fb5392
008336
039e7e
0582a0
07e9d4
0cc166
12f744
1713a6
18fefc
1ae936
1bdb80
1b300a
1bd9fc
1e8bf4
209a8e
2124fe
204958
1e30a6
1d4d6e
1e8b86
1f3f38
1ef584
1ecffa
1ccf4c
185a20
14d0f6
138a60
1318f2
12a64a
111726
0dccd2
0a2544
06d9b4
03ebb2
01feb8
ffcb64
fb397a
f5d08c
f21f02
efdf24
eeb242
ef87c8
f1954a
f25446
f0fa14
ef68f8
ef5e7a
f08b84
f1fb1e
f2e76e
f271ac
f166be
f1cb60
f37f92
f56452
f7619e
f83134
f6d5e4
f5b8ac
f6ca78
f95fd0
fd4026
019008
045b68
063bf8
08401e
09a476
0bcc58
10172a
1394fc
14e3c4
165aec
17e81e
187e08
199310
1b5de2
1d0374
1f1c64
20da4e
213fda
22670e
251fea
277eba
296ec8
2b726e
2c9708
2d2388
2d82a4
2cbc80
2b5f3e
2aa6d4
29e056
28bae4
27bd70
26458c
241694
222f24
208e2c
1e2488
1a91c8
170f60
14f9b6
12f98e
0f67b2
0c808c
0be89e
0ad3aa
080dda
05eb00
051b82
04df32
04cfe0
03c552
02060a
014d48
00cfa4
ff71c6
fe6734
fdb8e0
fccae0
fccac2
fd7df4
fde724
ff2d0c
007d8e
ff2a96
fce3da
fc824c
fcb92c
fc7580
fcf63a
fe649e
002ad8
01b4ce
01ee8e
017f30
01f4bc
027278
01feb2
01c098
026162
033960
03daec
043776
04bf4c
05b592
061f76
054e30
041320
0343ac
02b5ea
017618
ff34da
fd9c74
fd82fa
fd2df4
fc70f4
fd7822
004362
0319b0
05432e
065734
06bbd2
07b3a8
0900a2
0a25e8
0beb6a
0db000
0dfc7c
0d1ebe
0babb8
0a122c
090eb6
07956e
050290
03c868
043df4
03afd4
0263d0
01937c
ffa082
fc7978
fa38e2
f8ea38
f7bcc2
f68dee
f4dc80
f3002e
f18442
efb7ee
ee3d62
ee2e32
ede438
ec0ffc
e9a1fa
e7010a
e4afb8
e33b3a
e0e844
dd4ae6
db2af6
db1c36
db4668
db9668
dc5e48
dcf808
dcd78e
db7c4a
da21ce
db295e
dd395a
ddaf4c
ddeb70
df780c
e131ae
e293de
e3be60
e50a1c
e7bf70
ead9c8
ecc9fe
f03cb4
f5f2a0
f973ba
fa9180
fdd03e
0370d6
093234
0e98be
12f31c
1609c8
18beb6
1af9fe
1d9646
21e332
25965a
265d04
25c62e
258df4
263d76
27afa8
276dc8
244a1a
208654
1c1b1e
15cf5c
10cde0
0f6ba8
0e92e2
0bc432
0830d2
059962
040bcc
01d0c4
fed8ba
fdc510
fdf36e
fbcb84
f81bb4
f5d19e
f46a56
f3298c
f2a49a
f2bf2a
f40ffe
f67bc2
f76a46
f6f144
f8357c
faeefc
fca6aa
fd5b2c
fe10aa
ff9866
024922
0482de
055d1e
06533e
072964
0697c8
06b08e
09cff0
0e8150
1210ec
13aa06
146a0a
15a512
16ca28
1699c6
1592a6
14696c
12b698
10cb4c
0fdf9a
1070f2
11eab2
12e8f4
1284fc
11a350
11ca08
1341dc
14cfda
14fe6e
1445c8
144496
149fbe
146f82
14bfec
15a89c
158062
14bf38
14f606
1588a6
15a7dc
15b176
15af5c
15733c
149490
125306
0f7e9e
0da13a
0c2b9e
09f962
075b38
04820e
0135ea
fe017a
fbbc58
fb1746
fbe4fe
fc523c
fb3402
f9eb72
f9dd58
fa933e
fb709a
fc9322
fdc4e6
fdf2de
fc86cc
faf074
fb0098
fc67f8
fdb288
fe216c
fdb3bc
fd4f42
fdabc4
fde72c
fdb870
fe2cba
fe8f42
fd951a
fc9b04
fcd2ca
fd536a
fdc7e0
fe4144
fe23ca
fdaa46
fcfe68
fb594a
f97066
f84eee
f6f3de
f5532e
f4effa
f52f80
f49dd0
f369e2
f1a3ec
ef7c20
ee6f62
eea0a2
eeb530
eedc4c
efc5f6
f0eb12
f242a0
f42fd2
f5f4d8
f6c48a
f6e59c
f71c2a
f82d66
fa1422
fbae56
fc553c
fca1ce
fce574
fcd3ac
fcd6b0
fd892c
fe1b70
fd900c
fcbc42
fcafaa
fcb42a
fbdaa2
fa401a
f806be
f5724c
f31afa
f0d03a
ee9746
ed6f98
ecd044
eaddf6
e86234
e80a92
e9f4ae
eb955c
eb5692
ea582c
eaacbc
ec2dc2
ece5f0
ec9a58
ec6c20
ebe14a
ea389a
e8d2ce
e91ff2
ea323e
ea1eb2
e86454
e66c68
e5c632
e61dd4
e61b9e
e5ff26
e711b2
e8a522
e8d0bc
e8762c
ea37ea
ed4222
eedb00
f0689c
f5411c
fc0bea
fff392
fefe94
fc483e
fc5da8
ffd114
03ba50
075c38
0b6754
0d70ce
0c1864
0bc48e
102450
165634
1951a8
17c6d0
14b9bc
138360
13a8a8
1351c0
13311e
132932
10c1fe
0c55fe
0903dc
07dfde
081b4a
0838ec
065284
0350d2
01ff92
019fb6
000b54
fef366
006fb6
0282e6
02a088
019e62
017884
015604
ff41aa
fd1b24
fe2a7a
0079fe
0011b2
fe6758
ff3728
02306c
04e2fa
06a0aa
0815d6
09c2c6
0b8116
0d4738
0f940e
11f01c
12a2fa
10b0f8
0cff5a
0a4d4a
0b49c6
0eb8f6
10b280
1083fa
10506a
10846e
10a59c
1147e8
1282b2
137044
134ca6
123de6
11eb18
1366fc
14cd50
142422
1273a0
1196ae
1226e2
13b9d0
14f756
14e770
1406ba
12bfa6
1131f2
106fa6
10c384
106efe
0e44a6
0b9044
0a2d64
09d76a
08a61e
065894
04bd80
03e84a
01e79a
fec37c
fc6ff8
fb30d8
f991d4
f72ccc
f4d4b2
f2bb9c
f086d2
eef37a
eeee6c
efbc82
f09fa6
f1e9ee
f2c2cc
f1f408
f0fa02
f209aa
f4f7ec
f89a04
fc305a
ff3e54
01f736
04f738
086f92
0c0272
0ebc22
108822
12f6ee
1623da
1859fc
1a2232
1cbe9a
1e83d4
1e3a4a
1d99ee
1db3ae
1ddd94
1d5cbe
1b9c52
192e72
17544c
1586f4
12f21e
107064
0e44b6
0bd91a
09744e
06ee1e
03e180
01112a
fe81be
fb8afe
f935c0
f872de
f8a80e
f971ce
f9edc4
f8cfa0
f739d6
f707f0
f778ea
f724b8
f5d128
f3ca18
f2034e
f12478
f0d886
f18c78
f3892c
f5448e
f62880
f7608c
f8ff2a
fa7622
fbcec2
fc9f92
fcb9a6
fc82be
fbd3fa
fb769c
fcee94
ff0f0c
ffcc7e
ffcb0e
fff14a
ffdeb4
ffca32
ffd822
ffb7f8
ffa3c8
ff2772
fdb1f6
fcc02e
fd64fe
fe7a94
ff4d18
ffc0a0
ff3e2e
fe9e60
ff3cb4
005f3a
010c60
016840
013da4
008d58
ffdf7a
fed95c
fd42da
fbbd94
fa08b4
f77eb6
f4a2a4
f1fa4c
ef93cc
ed9664
ebb65c
e9c2fe
e8d4ac
e991d0
eae4d4
ec0eca
ee5b88
f37106
fa2b88
fedc52
001670
00c4ac
038020
074050
0a53a2
0ce57c
0f0c8a
0f5e38
0da632
0d0c06
1075dc
15c42a
18751c
17968c
15aa56
14d074
1579d6
16eb72
17fa9c
180d9e
16e158
143f84
112fe2
0fce3a
107d6c
10819c
0d15ba
07a744
0457b6
03bdf0
025e06
ff2cde
fccd18
fbad66
f95194
f5965c
f31e66
f2968e
f21cb2
f11a8a
f0e9e6
f1c1b2
f25bb6
f27cb8
f321cc
f4dc1a
f79690
fab70a
fd5cb4
ffd1a4
035968
077f5c
0a235e
0aa5d4
0a3a20
091476
067822
03e656
046822
075ee2
08d45c
082126
089244
0b1376
0d658a
0ec980
100c9c
109d54
0f741a
0d5422
0c0976
0c1654
0c301e
0b3f2e
09acf0
0876d8
0872f4
09eaf2
0bb6b4
0c638a
0c2fc8
0bec62
0b8430
0b663e
0c85cc
0e33d0
0eaa14
0db9b0
0cffde
0d2f94
0d02ae
0bf312
0be7a6
0dc76a
0f536c
0ee89e
0dfbe2
0e2434
0eb97c
0e629a
0d558e
0cfb72
0d8e4e
0d8fea
0c34be
0a5970
090dd8
0869c2
074b48
049bd8
0180a8
fffa5e
ffbbda
ff7454
ff2bee
ff2976
ff32a6
ff5556
ffc752
00f32c
03077e
04f142
05d886
068912
0756bc
079160
0739c8
069bec
05f4e6
05f29a
0625da
058694
04ad7c
03e15c
01eb30
ff5710
fdcb14
fc9f3a
fa8b66
f823b6
f69d56
f66910
f673c2
f530d2
f36980
f2c368
f29724
f23ba6
f2a12e
f38210
f39d6a
f2e44c
f1d6fa
f17984
f306ae
f5b992
f8037e
f9dfa4
fb5d10
fc609a
fd96e2
fe9fd8
fe70c0
fdcbd0
fda7fe
fdda3a
fe6358
fecc48
fe6632
fdfd24
fe0936
fdc46a
fd6364
fcf1d0
fb6bd4
f9a392
f910f8
f8e0ec
f85f18
f7e9f8
f6e028
f5486e
f47fae
f496d2
f4d066
f4b48e
f384de
f19d48
f00682
edef40
eb3b5e
e9e5d2
e97a7a
e7b0fa
e566d8
e4e0ec
e6204c
e7c8bc
e88fe2
e8388e
e7c170
e7362c
e63faa
e644e8
e78710
e78278
e52456
e1d0ae
de98b4
dc26b8
dafb2a
dab59a
daff88
dbcd48
dd2c1e
e02546
e5721a
eb9934
f0e6e8
f4f510
f7e3b8
faef62
ff7f8e
0471b6
077b6e
081446
070aca
05b162
05c66a
08526c
0cc7fc
10d250
11918e
0f7af6
0e86b0
104ce4
1248fe
12e246
1306c0
12f666
118254
0e8b98
0c3758
0c1e96
0c433c
09e02e
05ec58
0311a0
019d08
00db6c
01256e
0248b0
02b5ea
0193c0
ffd902
fef9a0
ff4140
00031e
00c192
013f20
013e86
00d890
0044f0
ffa93e
ffa92e
008e9a
00dc96
ff3d3c
fd5f4a
fddc58
ffce28
00208a
fe9920
fd88d8
fd2eda
fc0314
faab32
fafc18
fc1128
fba10a
fa1d3c
fa0cee
fc1922
fea3c6
00b8c2
026f4a
0327e0
0281d2
01e82e
027538
033e64
036c22
035bfe
037a8e
04415e
067ce2
0a424e
0e729e
11b4e8
13c57e
1593be
17cfee
1a4734
1caa9e
1e1b5c
1d49ce
1ade4e
19445e
1953a4
1a0b76
1a91c0
1aa97a
1ac2a4
1b632a
1bcb04
1b0936
1997b2
181f62
167e2a
145f22
11c29c
0fc9bc
0fb23e
103bc8
0f920e
0ea8a0
0eab24
0e6766
0cdc26
0a7f16
081bde
06812e
058de2
042302
027a78
01c204
01e732
02474c
02d0ac
03b1e2
05076c
05d6b6
04e55a
039be2
0389d0
02c3e4
0033f6
feb1d0
ff8950
00374c
ff255e
fd9b02
fd31c0
fda740
fdae3c
fd963a
fe1396
fd1a18
f933d8
f507e2
f2a572
f09ad0
edea12
eb1140
e84d8c
e64b0a
e590a2
e53860
e4a168
e449f8
e46e36
e4a738
e4934a
e4f10c
e756f6
eb0f54
ed9f88
ef86f6
f308ce
f74848
fa4ea0
fcce2c
003f62
042e84
06d690
079dba
08456e
09e924
0ae768
0ab4ae
0b2110
0c387a
0c59f0
0b918a
0aee98
0b076c
0bd6ee
0c24ce
0adbe4
08cc26
06fa88
058c1e
04a0ee
03efc0
031216
029554
028dec
025384
02109e
017b92
ff3fee
fbc946
f8cc0a
f66aca
f3f63a
f17d02
ef52d6
edbd4e
ec6ae6
ea84fe
e88a0c
e7d1b2
e7feba
e77c00
e5d24a
e3e56c
e2a64e
e1cfda
e07f50
df2b1a
de7078
dcfa96
da5eae
d947d6
db621e
deefe8
e239ba
e54800
e81122
ea8c56
ee4ab6
f4f9a8
fd52f6
03f470
0775b6
09361a
0ab9da
0d0b6c
116470
175e64
1bf9e0
1ce27c
1b7f98
1b006e
1c766a
1ec426
210a40
22942e
21f60c
1f12e2
1be1ca
19a4f0
17b38a
1548e6
12463c
0ed9a6
0b8a38
091df2
0837c6
08fab0
0a9684
0bb6ca
0ba618
0ab530
0a03ae
0a9920
0bf11c
0c4266
0aaac8
0803f2
05538e
02b872
00936e
006306
026c0c
0455c0
047bee
0435d0
0503ca
06ad78
08a76e
0a4ba0
0a5962
080ad2
045792
01ae3c
0189b0
025a24
01f9dc
00f512
00cc02
01b286
03981a
064e88
08ab18
097e02
087a62
06bc72
06824a
082bd8
096218
08f150
07eed2
0747e0
075080
07f9ba
08a8ac
098d66
0ad41c
0b3a3c
0aef0e
0c4a82
0f6a92
11dd2e
125b22
116b7e
10539c
0fe7ce
0f652a
0e6890
0ddfe8
0d5056
0bb206
0a0cf8
08c868
06fda2
05b17e
05e69c
063400
05eff2
05ca8e
054cd8
044dba
0407ee
04b70e
0576ea
05f0b8
068bb2
07ecac
09ad3a
0a9b28
0af856
0b77b2
0b3042
0a2c04
0a3bb4
0b27fc
0afe86
099d26
083ff6
07750a
06bd20
0527e4
02de24
00fdd4
ff9210
fe38ee
fd5660
fc9a66
fb55f0
fa28ba
f977b0
f8e3fc
f93692
fb0328
fcb184
fca382
fb0b0a
f8f624
f73ff4
f607ae
f4eda8
f42818
f41822
f47eee
f5475e
f6cb3e
f8ebc0
fae25c
fbf32e
fc5e0a
fd06c2
fdf64a
feccba
ffed66
0108ca
00eb4a
0014e2
000564
00a3ee
014dc0
0209ee
02a198
02d8be
02cc10
027844
025fa0
030056
03534a
027248
013934
0067ce
ffbbce
fed810
fd42b4
fadbc8
f84eec
f5eeb4
f3fbf0
f3408c
f33b4a
f27bee
f16238
f122a8
f153d0
f13588
f1258c
f1ad34
f298e0
f31a2a
f2c5c8
f21b6a
f119e8
ef1530
ecf7fe
ec84da
ed1e96
ec7d62
e9e54a
e6a3f6
e473fa
e3f74e
e47c0c
e51c34
e523ec
e3c18c
e13d40
df8ce0
dfc894
e0d604
e16db0
e139b6
e0773e
e08198
e318e4
e77b6c
eb0ace
ed558e
efd4c6
f27a94
f4db78
f85c1a
fd5f2e
016858
02c0fe
02f722
049aa8
0820f0
0b90a2
0d5a24
0e3fb4
0f0096
0f2dd8
0f817c
10e2fe
11d63c
111d82
0ff3aa
0f1fb0
0e0bbe
0ccbd2
0b54d4
08aedc
04eb06
01b812
0043ca
ffbf62
feb21c
fd98a0
fe1c56
ffb0f4
008828
010486
0214ca
0295a0
01886c
000f80
ff267a
fdc458
faf52e
f85cc8
f82cae
f99c82
faf816
fcdb3e
ff51ee
0055f8
004a94
0203f0
050cd2
05ec12
035788
febc72
f99736
f528dc
f2c94c
f24cfa
f1a1b0
eff5f0
ef1fac
f014de
f1f7a6
f549e6
fa3880
fd7400
fcd806
fb419c
fb84cc
fce43c
fe30c0
ffc6dc
01fb00
042ba0
05eae0
0852ba
0c3b82
103ee8
134f58
161cd0
185086
197804
1b2d90
1d7a4a
1e3294
1df2a2
1ecf5e
1fdbd2
1fbb2a
1f1474
1e5466
1d8cb4
1d3e4e
1cf664
1b9d18
18cb52
14c506
10c42e
0dd790
0b1304
07e88c
05e1fe
051fc8
03b934
01cb9c
010094
00cac0
ff52de
fcd69e
fb2492
fa695a
f919ce
f737d0
f6ac12
f78660
f7e58a
f7d1e8
f8e592
fad716
fbfb5a
fc121e
fc0600
fc26d4
fc589c
fd2b2a
fecc42
ffc0e6
ff0030
fdbe0c
fd1074
fc4198
fad486
f95d3a
f7fc0e
f67a6a
f55c60
f506f2
f4b48c
f3be82
f314ce
f3ad98
f4b468
f545b6
f5f2c8
f701f8
f814a4
f959dc
fa8eca
fb02ea
fb81ce
fcede4
fe7f98
fff63a
01d8ec
0327b0
0309ca
02ffb4
0469b2
068da0
08215c
08e2fe
09739a
0a0010
09f760
099d8a
09d050
09fd64
0927c4
07dd88
070466
06c9c4
06e31c
06792a
050fa2
035a04
01d6e4
0074ba
ff5c96
fdfb7c
fb28fe
f747ca
f3a62c
f06236
ecda18
e8ed2c
e55ee2
e310ce
e1b884
e0df5a
e10f74
e1a724
e0e3f8
df6468
deb300
dddd9e
dc41da
db4dfa
db08cc
d9f59a
d7b54e
d462b0
d04e18
cd40f4
ccc95a
ce2490
cf4e3c
cf02fc
ce1d2e
ceba62
d14a5e
d4a7e2
d8867a
dcbae2
e08af2
e4e844
eb7e7c
f32bc6
f96534
fe2140
035b72
09f3d4
10bf68
16400e
1a52b2
1d4f4a
1ef95e
201250
2262cc
256ae6
267880
24f6f0
235166
238f40
25a1ce
283256
29a834
296098
280f60
269762
255390
2464dc
23a524
22130e
1e3142
183052
1308c0
10cc28
0f0a66
0b4418
07ee56
073822
0637c2
032d5e
012026
00e5aa
ff536c
fc1d64
f9ec9a
f8c098
f6ff0e
f53992
f481b2
f45218
f4734e
f5a6b4
f74bfc
f7ad2a
f78cee
f92c84
fb9b72
fc58d6
fc49d6
fcc88e
fbb328
f86fb0
f6e744
f8d854
faeda4
fb02d4
faf942
fc6c18
fea094
012320
04837e
07f788
09f0e6
0b54ae
0e151c
1179ec
13fd02
1601f0
17ce54
1924d0
1b59a4
1f24f8
227b4c
23d658
244db2
25149e
25f43a
2673f4
26d664
2751c2
26f614
2576a4
24de84
261984
26a59a
251be2
234a3c
22006c
200e48
1d58c4
1ab8ce
183454
154c4e
11e498
0eb4c2
0cb962
0be06a
0b49a2
0a7b46
098796
092c12
09e9fc
0a409e
087dbc
05de20
047732
03e84c
030b1a
02267e
01974c
00ad2c
ff11c2
fe3270
ff7f80
018f90
01f794
013c2e
00ffa0
00e282
00879c
00a7a2
007da2
fe8dd0
fb83fc
f8eec4
f6e626
f4cf4c
f2a44e
f0c952
ef448a
ede818
ed30f6
ed8528
ee130e
ee4efe
eebde2
ef53b2
efc0b6
f0ad14
f213ca
f30e1e
f3dd4e
f53070
f6baa8
f86746
fa33be
fb556c
fbfa78
fd68fc
ff994a
017eba
02d07e
03cfb4
04e65e
06623c
07d714
08c5d2
091992
08348c
05b8a8
02c192
00634e
fe8c40
fce39e
faee6a
f8817a
f6a670
f617fa
f5f30e
f5669c
f48384
f3409a
f1d566
f0e848
f066f2
efe35c
efaa62
efd676
efb3c6
ef02be
ee7020
ee24b2
ed485c
ebbb34
eac218
eac3aa
ea6ca8
e98508
e9a2da
eaea5e
ebca82
ec3fa4
ed8658
eefba4
eeab94
ec7f10
ea7638
e9cf36
e9873c
e816ac
e5b214
e3c820
e2db60
e20d48
e11f50
e1a4fa
e46f90
e75144
e8ef62
ec0c00
f26b40
f89dd6
fbbd5a
fe34bc
02ec0e
08e7f2
0e13e4
121d3c
15248a
16734e
15ce8e
149e18
144f08
1479f8
13bf9a
113e44
0d822a
0b307c
0c6d54
0f6bb8
1137d8
11ccca
11a256
0faf34
0c910a
0a9894
0a20e0
092214
057138
ff196c
f97bac
f765c4
f7598a
f76004
f8810a
fb121c
fd2ca4
fe7914
00b8d6
046162
075a1a
077588
05877e
03dce8
022bbe
ff6bf8
fd7788
fdd174
ff21d2
00638a
01338c
00aad8
003b00
023544
049566
0446c2
025e8c
003edc
fca5da
f7f790
f54be2
f608f6
f80f4e
f8d47e
f8dfae
fa5fb4
fcf65e
feedaa
00e0d0
03695a
04c5de
04747a
041e28
044d16
04bc72
05a268
065d5c
0669aa
06f35e
086662
09bf9c
0b3d16
0dca16
107df4
11c8c6
11ac8a
113460
10ee56
10ae76
107ad0
10d786
118c90
118fae
10a28e
0f5f0a
0e44fc
0de226
0dfd78
0ce220
09e01e
06a02c
042410
0184a8
fe8afa
fc3644
faa09c
f8e4ae
f6ec04
f5e65e
f6be6e
f89906
f9d53a
f9fd12
f9b23e
f97446
f96ee8
f9a64a
f9fb98
fa66c0
fab0ae
fa8464
fa50ba
fad578
fbb6be
fc43ae
fcce34
fdfd28
ffce70
0169fe
01add8
00c906
00457a
006446
0005a0
ff8374
fff1a0
00813e
fffd74
ff0844
feb2a2
fedb92
feac1e
fdda5e
fd0c4a
fca4e6
fbdd64
fa58c8
f8e900
f7f024
f73b5a
f70e6c
f75e24
f7a16e
f7d51c
f7cb02
f6fd10
f61f2c
f62f50
f653c2
f52fa2
f2fbea
f107a6
f076f2
f183be
f364da
f538fc
f67cdc
f6ea3a
f6f1b0
f772ea
f86a1c
f91d7c
f8fdbe
f7b070
f5849a
f3a58c
f27f82
f16ca2
f061e6
f0020c
f04fac
f0ab50
f0ffd2
f2296c
f48a10
f6db58
f7f2d6
f86e42
f8f880
f93fc6
f96e24
f9de82
f9fde4
f9354e
f7599c
f49ae2
f2785a
f20838
f17498
eef682
ec02de
ea60d4
e9bec2
e95cd8
e9292e
e987fc
ea6e58
ea506a
e86a90
e73b30
e89e98
ea6c4e
ea79e0
e9d4da
ea78ba
ed26cc
f1562c
f678fc
fd185e
04375c
083636
08f6e8
0b8a1c
11bec8
175678
19407e
1895da
174f9a
165fca
15e868
16437a
180c0e
198a3a
17b012
137856
1124aa
11ffe0
1371fa
12b2d2
0f3822
0ad376
06de72
0267ec
fd76b8
f9c76a
f67dd4
f114e6
ea646c
e58230
e3e104
e4d490
e6878e
e7f9ec
ea2b82
ed54e6
f00b9c
f2aa48
f6978c
fabe0e
fd0c6a
fd6f98
fd14d6
fce430
fcdf8c
fcb41a
fd4662
ff4ff8
014966
0205f4
02a8d8
03f53a
05b0fa
07be04
08c81a
076e44
053cce
0441a6
040e1e
042eea
0565c4
07904e
09cb26
0bd9de
0e39a8
11a834
15b876
187f06
1951b4
199fd6
1a3662
1ace36
1b5e8e
1bbccc
1bba10
1ba84e
1b80c8
1b5288
1c1e12
1db7ea
1e8d18
1ea8c6
1ef7ec
1e6e44
1c197e
195d4e
173990
14d024
11b704
0ebd34
0c7d92
0ae992
09d988
0972e0
09c734
0a003c
08d3a8
062330
030ba2
005ebe
fe2440
fc3306
fa5a06
f8753c
f6a992
f55fb0
f53220
f69b98
f8f51a
fadca6
fbfa3c
fd03e4
fe2f9e
ff5054
00c2ee
02de72
054e0c
0769de
0886d6
08afca
08f682
09c700
0a3290
09f378
0a0bd4
0ab1be
0af26e
0a8e00
0a4f94
0a9a78
0ab0ee
09d10c
0866d0
075944
06d566
06a930
06b5ba
06851c
059a4e
04104c
024630
00b116
ffe8fe
ffcc08
ff646a
fe3a42
fcb978
fb730a
fa94d4
f9dcc6
f937e4
f93130
f9e9b0
fae066
fc144e
fda53a
feeeee
ffb13e
006a0a
00d94c
005ff8
ff5010
fe6b8c
fdeb34
fd8ae2
fcfa90
fc6840
fbffe2
fb5680
fac6fe
fb8adc
fd319a
fdf62a
fdb3a2
fd43fe
fca11e
fbe0b2
fb5358
fa77d8
f90216
f773fa
f5f270
f48e34
f3bbbe
f32390
f20970
f0ee5e
f0d750
f1b012
f2744e
f296ae
f2acd4
f31c74
f31082
f2420a
f1b6e8
f14cd2
efc786
eda3b4
ec3032
eb1a0e
e9b376
e81494
e5e9a2
e2e8de
e01d5a
dea920
dea376
dfb1e2
e14dd8
e26c70
e279aa
e293a2
e4798e
e839ca
ec9eaa
f16184
f667b6
fa3982
fc8ae0
ffe7d8
05c5f2
0ba7e4
0e7410
0e4486
0d7850
0da8a4
0e7ff2
0f0ed0
0f17c4
0e6f40
0ca392
0a77da
0a193a
0c6df8
0f7476
108208
0f34ba
0d0982
0af97e
08ffdc
0751a4
062b06
04cf66
0262dc
ff4e3c
fceb86
fc51c6
fdbce6
0061e8
02f7da
050fa0
0726ea
093a5a
0af684
0d2118
102fea
1229fe
112162
0e7eea
0cdf40
0c9a3a
0c7ecc
0bfff0
0b75c4
0b2982
0a8020
091664
085d1e
099a04
0b14fa
0a734a
07f82c
054280
035ee2
02be14
030532
0384a8
03fbd2
0409a2
03b2f6
0437ac
06069e
07d8ec
08d910
08d870
07b40e
06ac98
06e9d2
0760e8
07741e
07fe82
08773a
083b84
08ee60
0b84a0
0eac4c
11617c
13475c
140718
13fbc2
136426
123430
112adc
104f44
0e558c
0b74f6
091bb6
0778c4
06b4d4
0749a8
08305a
089908
091f94
0953b8
086642
077506
074bcc
06f578
05e928
045afe
029cdc
01a54e
01ddf6
0287d0
0365c4
043baa
03e048
028768
01b7c8
01782a
010266
003182
fe6082
fb2b4a
f806b4
f65198
f5c4d2
f5b968
f5be6e
f5c998
f68492
f7fc34
f92e4e
f9be9a
f9e612
f966c2
f83fb0
f6d0de
f51464
f3654c
f29e9a
f2b04c
f3266e
f43df6
f5d5a4
f73720
f8545a
f94e66
f9cd38
f9dbcc
f9ab56
f8c8e8
f73876
f5e510
f514e0
f45bf8
f3b868
f33534
f2a768
f26e1a
f2f94c
f3ea16
f484b2
f45a46
f3bcac
f3bbc6
f48790
f4d80a
f4153e
f2e528
f166c8
efc838
ef0d98
ef2cc2
ef146e
eecc98
eea278
ee3a58
ee263a
ef24fc
f068c0
f14796
f2135c
f2a0d8
f301fa
f4219e
f5de8c
f74770
f829d4
f89768
f8ac2c
f8b212
f846f4
f799c4
f8216a
f957be
f8c092
f696c0
f4f648
f3c52c
f23f2c
f118f6
f0ab7c
f03eac
ef2252
ed494e
ebc882
eb67c8
ead928
e8f1b4
e65c62
e34f82
df99a6
dc8d14
db4be6
db5876
dc1628
dd111c
de4026
e0d21c
e5042e
e8fbaa
ec2496
f032f8
f5f824
fc5254
01bd80
05d1da
095dbc
0c7b66
0e2114
0eb9e2
0fbbfa
10a4ce
1018cc
0e3336
0be170
0a95dc
0b589c
0c8dd6
0c42e4
0b720c
0b0e84
09cf74
076af8
058e4a
04f1b2
043830
01c1c2
fe70a4
fcfdf0
fd63ba
fd3e4c
fcebe0
fe4388
007b58
02794a
04b448
07216c
09e88a
0d9920
108ef2
1104f0
1027ce
0ef380
0ca866
09e7c8
0899d8
095ac6
0b0da6
0bdda0
0bb8ce
0ca1d6
0e6766
0ec3a0
0e868a
0f9c02
102afa
0e4260
0bac14
0a7418
0a7966
0acbe6
0abcc2
0adbf4
0c1714
0d8dc4
0e62e2
0fb24a
11b4f2
12a9a8
11bee8
0fab56
0d55d0
0b5c22
096422
06fcee
053076
04aa5e
045e3e
0402ac
047b80
05a59a
067f8c
0662de
05496e
03c22a
01c8f2
fea4ca
fb01c2
f84bea
f64a84
f4a77e
f4376e
f4f320
f5fb88
f6f866
f776aa
f7549a
f79076
f8666e
f927a0
f9ff26
fb0262
fb8abe
fbce3e
fc5704
fd397e
feead0
0144e6
033e16
0531d0
07e562
0a3f06
0bb5e8
0d6444
0f0496
0f4d32
0e5628
0cf0ca
0bce8e
0b8d92
0bcfee
0bfac8
0c462c
0c7538
0c2b12
0c62a2
0da5fa
0f0058
0feab0
103eba
0f8768
0e5d94
0db604
0cfe82
0b92c8
0a0670
08aa2e
0727b2
0550ac
034304
018490
005bf8
ff3d02
fe1972
fd69da
fc86c4
fab6d6
f89e8e
f6ae7c
f47470
f2002a
efb57e
edc958
eca980
ec5d94
ec7f50
ed278a
ee2322
ee7ffc
ee2bdc
edf78e
ee310c
ee8644
ee4e16
ed6088
ed03ae
ee038c
ef3240
effab8
f10cc0
f22d7c
f3274a
f4d75c
f705da
f893e8
f98794
f9e4e8
f9532e
f8c8d4
f94536
fa548e
fb8bb6
fcb0a2
fd5176
fe0d3e
ffa1e4
0158b6
02c502
0423ba
04b7c0
044410
03c6ce
031e68
01b54e
00449e
fee65c
fce49c
fb0128
fa14d6
f988de
f90c86
f87cc8
f71596
f55cce
f4bd74
f4d2ca
f48b20
f418ac
f3bdac
f35038
f31510
f34008
f3f048
f5b7f0
f89ef2
fb923e
fdaae4
ff4eda
0214e0
06d0be
0b9e8a
0e178a
0e78ee
0e17a4
0d3978
0c8150
0cef34
0d8e46
0c3dac
08c08e
052b06
03850c
03b58a
047d8e
05a034
06c0a0
0637f6
03e920
0214e8
01d344
02452e
0259a0
00cecc
fd79ce
fa777e
f91bc8
f8d7c2
fa176c
fd0fd2
ff721e
000c3e
00c4f2
02f50e
06185e
0946ae
0b6122
0bf6d4
0b769c
099f50
06f00a
05dae4
06d00a
0771a8
071fd2
06fbb2
070680
07492c
086378
09ef74
0b684c
0c6b22
0b6700
080fe2
051cac
043964
040a3c
038c7c
03437c
037e5e
0417dc
0526ae
071cf2
0a4bee
0dadcc
0f877a
0fc8c0
0fbf78
0fc274
0f4686
0e41ce
0d1c9c
0bfe28
0ac084
097596
08cf40
0937a0
0a05fa
0a5d58
0a38aa
0a32fe
0a9b20
0aadcc
099016
07e432
067e4e
04b082
0255d8
011b42
01a6c4
027a76
02935c
02c5a6
044378
06d190
08ddb0
09dfd6
0ae202
0baf46
0afac2
099774
09695e
0a029c
09da14
08e882
082e06
084bec
08e33c
0932ce
099584
0ab856
0b803e
0a5c3c
07ab60
04e2c8
031068
026a08
0224ae
01b37e
01af5c
024bec
02dbe6
035b0e
041130
047616
03eca0
025dd6
0023be
fe3132
fd031a
fc0478
fafd3a
fa4420
f994f4
f8ba64
f8432c
f8652a
f8ae04
f8ac6a
f82278
f73836
f6315c
f4d1c4
f34274
f29150
f2d456
f2be86
f1abae
f063be
efdbae
f02c26
f0ac08
f12c8a
f25f94
f424ee
f52eb6
f51ade
f4ca1a
f48770
f3a8ea
f1f676
f04e58
ef70b8
eee844
ee62c8
eec450
f000d4
f0648c
ef81d8
eec7ac
eeeb0e
ef6450
ef9676
ef5568
ef077e
eec0ea
ee035e
ed74ce
edfd36
ee8756
ee484c
ee9f48
f0181a
f1beb0
f3362a
f41e44
f470b2
f5768e
f6e2e2
f71a9c
f73ac6
f86b3e
f8c6c2
f7f540
f7bfa8
f7aae0
f70418
f6a862
f5dd4c
f4278a
f30038
f1bb66
ef1e12
ecc576
ea59d4
e5e43c
e1e3ac
e08c24
dfaac8
df52c6
e10232
e265fc
e32a26
e63f9a
ea9d4e
eeac40
f43184
f9c636
fc985e
fe7aec
0012ec
ffb4a8
ffa764
00ab64
ff30fa
fc8574
fbe212
fade0a
f93f82
fa62ae
fbecec
fb3490
fb4ace
fc510a
fc199e
fd458e
0078f0
023b14
033748
049ab2
041e76
036286
053bd8
06fda8
07cd2c
09ef74
0b1ca0
0a2fc0
0b26aa
0d9548
0e3bb0
0edede
0fc6be
0df13e
0b5342
0a849e
090954
069e60
058ce2
04850c
02dcf0
02a968
033e3c
037446
047f66
058486
05168e
04a762
0434c8
02777e
01225c
00ec4e
ffe834
feea24
ff8134
fff840
fff404
01a166
04c12a
07c820
0ab25c
0d19aa
0e3e90
0e94ca
0e7258
0dbf2a
0cbd7e
0b48a0
09289a
06d178
04b95c
03952a
03eaf0
045c3c
03aa3c
031dd6
03933a
03f580
03fc90
041dce
03d6ae
02d744
01c1c2
011d7e
00f672
00d4cc
00ae08
01964c
0373ba
04c0c4
05fca2
087e60
0b245e
0d24ec
0fb414
126a16
140f1c
15a6fa
17b3c2
18d8a8
190d82
195748
199724
196508
187ef6
16c220
150f7e
13ede4
126b82
10527c
0e43aa
0c10e2
0a29de
098c38
0939ae
0805de
06f94a
06b288
065430
05f4ac
062764
0675e2
066fae
05ff40
04e90c
034976
014e0c
febd78
fbca2c
f8c5a8
f57da8
f22cd2
ef53c2
eca820
ea16ae
e8400e
e6f6d8
e5a8bc
e4958e
e3cf38
e2d864
e1d3d6
e11f8a
e07d96
dfd206
df7cf8
dfc1a8
e08738
e184d0
e2aea6
e487ee
e73bec
ea3bea
ed4f1c
f095a6
f3acba
f64e7c
f8d43c
fb4364
fd1f5a
fe6682
ff7536
0027c0
002f90
ffe55e
fff2a6
0032b0
0005fa
ff9ffc
ff9704
ffa26e
ff78a0
ffe3ec
01587e
02e36a
039b9a
03b3f8
03e888
04ae2a
05b9ce
063c7c
05f0fc
0547fc
04706a
035d40
026a4e
01e67a
016ca0
007164
ff0564
fdd552
fd56c6
fd0452
fc0dac
fa9f72
f91e1c
f7095e
f45704
f228e8
f09dfc
ee4938
eadd76
e7ab88
e55f5e
e3c0d4
e2faca
e32a30
e3f1e0
e5229c
e69152
e7fcf2
ea1e54
edbb56
f1d728
f51df4
f7ebac
fae354
fdaa06
000cd2
023ad2
03fc4c
04f87e
04e6b0
03eb3a
034284
03c2e2
0458ba
04247a
03c082
032140
01ed10
017634
0267fa
032ae6
03074c
02d964
029b94
025230
032054
04ef2e
069922
085d66
0ab420
0cfd74
0f3a62
120cc2
150ea2
175518
182c1e
174ebe
15b910
14ad12
13beca
125866
11390a
105abe
0eed8e
0dbd66
0dcc1c
0e179a
0dd2b4
0dc618
0dd4bc
0cb9c8
0a8620
087c7c
0724d0
064d2a
05db68
05c66c
05f71a
06853e
079082
090ba0
0acb3c
0c8f22
0df840
0eca72
0f2c64
0f81ea
0fcef0
0f7252
0db906
0aee30
0829d6
05b9e8
033d70
016760
012cc0
01a0be
019a74
01d5a4
02f034
04112c
050a7e
06571e
073340
06fef8
06be2e
071cc2
0773b8
076d16
074d0a
0727b8
07292c
07a36a
088792
0989a8
0a56b4
0acadc
0b3c20
0bbd5a
0bb18e
0b24d4
0afb1a
0b0342
0a4e5a
093880
0897c6
081844
076c0a
071b1e
072686
070f4a
071556
077b9a
07b004
077c7a
0733e8
066d44
04b896
030eb0
026c68
021fb0
013d7a
004bba
001668
004b64
003c98
001e16
0087d6
0161a8
021576
02753e
0292de
022630
011732
0001d0
ff4af0
fe949a
fdc1f0
fd30f2
fcc2a0
fc13f4
fb65f0
fb01ae
fa794e
f99fde
f8fa6a
f8a9f6
f8896c
f909d0
fa333a
faf5ba
fafa4a
fb54e4
fc6f7a
fd8b14
fe76ba
ff9270
00b33a
017714
01fdec
027f98
02f518
03445e
034f66
02fb2e
0203a6
0045b0
fe624e
fd1e90
fc1b82
faa84c
f903fe
f77978
f5e59a
f4b97a
f4570a
f3fb26
f310c8
f210d2
f15216
f0ce92
f0e330
f1ceb8
f32e06
f481fe
f59e5a
f6a3e4
f78890
f7f84a
f821ec
f87b72
f87ccc
f794f2
f685de
f5bd86
f4adda
f3a6e2
f35796
f319de
f23db6
f1131e
efe2ee
eef112
ee6eb2
edafea
ec80ce
ebbe7e
eb6420
eb29ca
ec096e
ee1a1c
f01ad8
f21e90
f48e26
f6b384
f8f882
fbfdec
fe22ba
fe8cf2
fea79a
fe93ba
fd8f72
fc56c8
fb08d2
f8d2b8
f65ea4
f446b8
f22108
f0c992
f0b458
f0678c
efe140
f03e88
f08b96
f06782
f1693a
f314d4
f3c680
f42d28
f4ea9c
f53dfc
f5935c
f68c9e
f790c4
f8adde
fa2fee
fb5100
fc3f1a
fdf240
000078
01edc2
03ef0c
054248
059172
05f882
065274
05795c
04045a
02d092
015440
ff70b0
fdd41e
fc95c0
fb82c8
fa995a
f9db84
f9566c
f8d95a
f82d5c
f7b66a
f79bb0
f7695c
f77a88
f87766
f9e536
fb84fa
fe01b8
01418c
049076
07e87c
0b37ba
0e0c1e
103992
11c434
12d818
137046
12ec06
117194
1071dc
100cf4
0f1a12
0df33e
0d6c7c
0cd9ec
0c077c
0bba0c
0ba0a2
0b381e
0afa5c
0abb62
09c232
0888a4
07bda8
073a34
06e10c
06bb16
069e3e
06944c
0690fc
06683e
0668ea
06a4ce
0668d8
05a8f4
0520f4
04b4ae
03d80c
02b0f8
016760
ffcc2c
fe4140
fd4682
fc91e6
fbba76
fb1050
faf97a
fb46fa
fbd0d6
fcda22
fe5ae0
ffe90a
019d94
03a96c
05867a
06ddb4
081c0a
095d74
0a49ec
0afa56
0ba3ca
0c0976
0be55c
0b2988
0a1734
091774
080a60
069136
05061c
03b820
02696c
016634
010672
00873a
ff9db4
ff33f2
ff500c
ff2b2e
ff0456
ff4486
ff5fce
ff2038
fee5cc
fe9eac
fe36e8
fe1584
fe6fac
ff108c
ffaa2a
001182
008394
016a4a
02b490
04105e
0542aa
05fa52
06294a
06378c
06460a
05f2b2
051b86
040870
02ec48
01b90a
0075b2
ff5a14
fe64ec
fd4910
fc1958
fb3788
fa8b76
f9dce4
f96288
f9002c
f84988
f78042
f6e7f8
f62846
f556b6
f4d8dc
f43b6c
f30f00
f1de26
f0fd7a
f01294
eee812
ed75c2
ebca70
ea49c2
e92d76
e84960
e7b22e
e76e82
e70d0e
e67186
e5c39a
e49a28
e2c62a
e0fb8a
df8132
ddf11e
dc7d62
dba726
db4f82
db5998
dbdf7c
dc8e3a
dd33dc
de3684
dfab76
e15fea
e3b20c
e6b214
e9974e
ec2b06
ef1078
f260e2
f5a894
f894d6
fad5e6
fc4f16
fd5fb8
fdfa2c
fd9afe
fc77b0
fb4b88
fa76f0
fa3276
fa8092
fad6ac
fafe2c
fb7358
fc7456
fdf958
001292
024134
03e960
055526
06c880
07c1a0
0815c0
083d02
085e78
08693e
088862
08c2ea
08d7e6
089a3a
0839ac
083222
087f9c
088006
081548
07ae5a
072434
063fc0
058cdc
053b7e
04bc9a
03e72e
030522
025266
020ce6
022ca2
025682
028868
02d454
02ff4a
03223e
038c28
0435f2
052e82
0661d6
0731f4
07d5c8
09562a
0b572a
0cafe0
0d8e60
0e85c2
0f4626
0fb88a
1030fc
109ba6
10dcb6
10f75e
10d0c2
10cefa
115414
11b030
115f66
1102ca
10fe9c
11180a
114434
114544
10ea76
10f0cc
11c350
128938
12cdc4
131614
135a34
132d32
12e91c
13110a
13771a
13b180
13ae64
13aaca
13d5aa
141e0e
14750e
14fabc
15931a
15f12a
1627e6
167458
16b47e
16c74e
16e5b8
172eb0
175b28
173818
16da5a
1648ce
157d78
14a65c
13cb5c
129860
111a5e
0ff730
0f6aba
0f0af4
0eacbc
0e6dc0
0e1fb8
0d856c
0ce3aa
0cb946
0cd60a
0c52b4
0ae41c
096718
086680
075e38
063618
0585e6
05226c
043d9e
02ce4c
014e34
000216
ff0ccc
fe6c26
fdcd0c
fcf36e
fbea2c
fadf20
fa2d24
f9ec1a
f9b3ea
f93f76
f8d098
f8ae2e
f8db20
f92962
f945de
f9227c
f92122
f97ebc
fa0f44
fa9aba
fb0614
fb5628
fba7c6
fbded0
fbb13e
fb2004
fa5b08
f9782c
f87372
f717f6
f539d2
f35606
f22d90
f1b286
f141e6
f0a196
f0078a
efa7d4
ef9870
efab3c
efab24
efa522
ef8c42
ef2994
eec614
eedfce
ef42c8
ef87e8
efdafe
f070ec
f106b6
f15c78
f1792a
f17fc6
f19242
f19696
f156d4
f0ee12
f0a164
f07dd4
f08a5a
f0c7e2
f0de5e
f095d6
f04e3c
f0558c
f076e2
f07c5a
f05200
efd3fa
ef316a
eef550
ef45ac
efb394
efe118
effa18
f06b7a
f1492e
f22238
f2b8a0
f37450
f48c2e
f57d4c
f60fde
f6d0f4
f7e68e
f8a5ae
f8c24e
f8977a
f83c4e
f77fe4
f6913e
f5a37a
f483be
f33620
f20ccc
f12a08
f0bd10
f129f0
f21ebc
f2d496
f3388c
f3ad9a
f447d6
f5174c
f6230c
f72940
f81a0a
f92384
fa30e8
fb7674
fd8840
00435c
0323c6
061a6a
08ac44
0a1a64
0adec4
0ba458
0bb83e
0abc92
099464
0885f8
070f9e
057580
0456ae
03b84e
03637a
032c38
02ff9e
0325a8
03af4c
040f9c
03f8a8
03a85c
035ac4
034616
037e78
0396fe
0359be
034cc4
03b612
0442ac
04f690
0610b2
07241c
0793e4
079716
07bdca
080f36
086c80
08e5b4
0949f0
096b48
09cfbc
0acd46
0bedfa
0d1dd0
0eb2a6
101576
109448
10c114
1135f0
11ae12
120b98
12587e
125ec8
123e56
122910
11d4f2
1154dc
10ed9c
102530
0ee09a
0dcab0
0cb358
0b24a6
09d792
090808
07ca10
063390
051b70
043cac
036138
032ade
036a7a
03300c
027c82
01deca
0164de
00f9ae
00bf2a
00dc56
015b1e
020264
029324
031748
038f9e
03ca02
03d566
03e6c6
03d720
03707c
0308ea
030d60
0348f8
0360be
03a2ac
0469a4
055aa2
062890
070642
0798a0
0737a6
063d4a
05527e
04484a
02e9b0
01779e
000716
fe9912
fd3680
fb8e62
f9aeaa
f83932
f737ec
f644ce
f5a7b4
f59b84
f5c832
f63e8a
f71146
f7a04c
f7be72
f7e27c
f7f444
f7bbac
f77d86
f720aa
f662f8
f59242
f4dd6e
f41264
f38202
f36828
f339ba
f2ac86
f22154
f1ad04
f11572
f0747a
eff902
ef8206
eee178
ee2e40
ed9e5a
ed39d0
ecf69c
ecebb0
ed1000
ed1288
ecd842
ecab1c
ecc406
ed04f8
ed28fa
ed1804
ed1b26
ed597c
ed8e36
eda86c
ede63e
ee22d0
ee2c2e
ee4d5a
eea488
eef1fe
ef3ace
ef9616
efd41e
f0031a
f0513a
f097c2
f0bcee
f0fff0
f183f0
f21c1c
f287aa
f2cacc
f35ca0
f47c4e
f5b518
f6c016
f7e94e
f934ec
fa6f2c
fbd50c
fd7178
fed590
fff856
0124a4
021978
0268da
0243b6
021fde
01e538
0105be
ff8676
fe333c
fd63f6
fca394
fbedd8
fbad5a
fb92f0
fb0e90
fa73e0
fa486e
fa2304
f94876
f7cb80
f630ec
f48aa0
f2d87a
f1b032
f1418a
f0c05e
f00084
efebbc
f099c4
f12f90
f1a4f0
f266b0
f30fc2
f3263c
f3072c
f3369c
f3a6ba
f405a8
f4647e
f4fa66
f551b2
f52fb8
f597b6
f6f4ec
f80fb6
f8a476
f9df8e
fba382
fcffe2
fe660e
006466
024770
03b7ae
05467a
075a56
09d8e8
0c4eae
0e8106
10e04a
1379f6
15e17e
18be32
1c7568
1f6d82
20d4c8
22234c
23bb3c
2468f2
2460a6
246f76
23f692
228d2c
210456
1ff620
1f4ab0
1ebc16
1e1e2a
1d95b4
1d1576
1c2d3e
1b13bc
1a5f96
199d84
18243c
163164
1408b6
11b6fa
0fb8dc
0e3a00
0cc414
0b44b4
09e762
089d9e
07abf6
07681a
0767aa
070832
06205a
04f7d0
040c38
036e5a
02c60c
023810
01ed2a
012e30
ffc0fe
fea76c
fe5568
fe3cf4
fe410e
fe9fb6
ff27f8
ffbcf4
0096d0
01d18e
03562c
04eec0
065a68
078c1a
0878e0
08ffe8
09545a
09aa5c
09b238
094d4c
08ddea
08936e
088326
08fb58
09d740
0a8708
0b05d2
0ba9bc
0c42ec
0c5970
0bd75c
0afad6
0a06fa
091afa
08520e
07ce4e
07a0ce
07da92
086988
08dca4
08dcd4
08d9f4
0943cc
09ab30
097a06
08c422
07d06a
0694b2
0517e0
03c4ca
030830
0288c6
01855a
0011ac
fecf5c
fdab12
fc538c
fb0478
f9cb82
f82876
f60d2a
f3ff6c
f25c08
f135c4
f0816e
f011c6
efbd7e
ef7b52
ef6014
ef9e88
f0175c
f05d4a
f0591e
f03daa
efefdc
ef65a2
eeded6
ee5b5e
edbc24
ed2206
ec9ae8
ec0fbc
ebaa76
eb8626
eb7dee
eb8bde
ebafec
ebdf34
ec52e2
ed2f1c
ee23ee
eef550
ef9a4c
efe6fc
efe072
efeba4
f02ea4
f0719c
f08da2
f080d0
f04e5a
f00f76
f00042
f05bd0
f12d2e
f23e6a
f36b96
f4d6ae
f688ae
f84f96
f9e55c
fb21ea
fc1546
fcbd7a
fce4a2
fcb4de
fc8d46
fc17e0
faaeb8
f8a1d4
f6c044
f54330
f40bb8
f2fdec
f204d2
f14272
f0cfe0
f0a046
f117b8
f2783c
f433e6
f5edc6
f7ced2
f9541a
fa06ce
facd08
fc4ce2
fdb992
fe5c5a
fe7a6e
fe9608
ff1472
ffebdc
00cc84
01e786
034ffc
045826
04f146
05c78c
06b43e
0740b4
07e132
08d3ee
09ab30
0a7e4e
0bbb92
0d3c36
0ed05e
10842c
1233d4
13be80
151442
16173c
16c68c
170e50
169fa4
15b2b4
1500b2
14cdb8
14e2cc
14f8f2
14b438
1408a0
138d1e
13ada2
141c22
145086
1406b8
1365aa
12af54
11dcae
1108b0
109346
10465c
0f7ec2
0e5848
0d41dc
0c4688
0b8c2e
0b418e
0b1c78
0ae9d8
0ad596
0aeb92
0b4494
0c0d66
0ce4dc
0d68ba
0dc5c2
0dcdd0
0d0cc4
0c0376
0b79c6
0b4eae
0b092c
0aa424
0a7392
0ac272
0b46ba
0b655a
0b333e
0b054c
0a8978
09a2ba
08e3fa
085b22
076528
05e606
0447cc
02ba96
014478
00046e
ff187c
fe73b0
fdd620
fd59ea
fd8218
fe46b8
ff1abc
001916
0188b6
02d196
0388aa
0438f6
053660
05fede
061e58
05a3b6
0500e2
04abd4
047594
03e71c
030a5c
022138
012f94
004f66
ff8faa
feba58
fde346
fd5548
fcfb28
fcb6a8
fca390
fc9eca
fc812a
fc6670
fc165a
fb2ab4
f9ca50
f8490a
f698be
f4ab46
f28b86
f04252
ee1a80
ec61fe
eafeca
e9c8cc
e8b8de
e7beee
e71cde
e72496
e77d0a
e7be42
e82d22
e8ee84
e9984a
ea1174
ea900a
eb0010
eb568a
eba992
ebe04a
ebfabe
ec2908
ec7a72
ed1026
ee3724
efc570
f14018
f28734
f3a6e2
f4921e
f56be2
f64b36
f6e634
f6fae4
f6a458
f621aa
f5b6f2
f57e50
f52eec
f47dec
f3815e
f26854
f144e6
f0452c
efa826
ef5ec8
ef10fe
ee93ba
ee0fe6
edda4e
ee26d2
eec560
ef3be2
ef5840
ef4d5e
ef2728
eecf84
ee7850
ee4e92
ee0d4c
ed956a
ed55ba
edbc1c
eec282
f007c8
f132c0
f25730
f3a5de
f4d198
f5954e
f630ea
f69256
f618a0
f4c1d0
f33be6
f1e004
f09e5e
ef4e22
eddb72
ec9864
ebef0e
ebbda6
ebf660
ed0868
eed8e0
f0c1ec
f2ad9e
f4b306
f67a5c
f7fbe6
f98fc8
fb0a3c
fc0494
fc902c
fd0c4e
fdce6a
fef5f2
006546
022daa
04645c
068cb0
082000
096288
0aa186
0b894a
0bf838
0c4ea8
0c90ec
0c5f54
0bf444
0c0d08
0ccdea
0da538
0e5036
0f1a24
102128
116148
12fa82
14aee4
15e778
169130
16f808
171502
16fc00
170de4
172b94
16e60c
164d1e
15ce92
15af20
15da84
15e27c
1566c6
14601e
12c344
10bafc
0f04ee
0dcdd6
0c3572
09f864
07e442
063dc4
04aba4
036a84
02c7e8
02477c
0172fa
008718
ffef96
ffa93c
ff73d6
ff4b22
ff63d2
ffa1b2
ff7296
fe9e60
fd9aea
fceb12
fca2c8
fc7bfe
fc25bc
fbad26
fb7474
fb96d0
fbbc54
fbe224
fc7468
fd884e
fec418
0005f8
01660e
02c67c
03f478
04fb3a
05fa06
06f43c
07ff1c
0934e4
0a71d8
0b8c44
0cb178
0e02bc
0f3c42
101f28
10d38a
116e90
11b260
119132
116832
11846c
11b3f0
1170da
108846
0f7432
0ea3a0
0df792
0d4604
0c8cd0
0b8dd8
0a34f8
08f114
07df0c
06b5c8
059a20
04bbde
03b4d4
026bcc
01697e
00c9ae
00532c
0004ac
ffa1d0
fed04e
fdc6e2
fce446
fc213e
fb7b88
fae6f4
fa2a62
f95f9e
f8d670
f88ba6
f8611c
f84d8a
f815ba
f7a78a
f75ed2
f74f70
f73158
f6f682
f6a2d8
f63548
f5e7ca
f5e456
f5e8ea
f5a292
f52556
f4b638
f47130
f4335c
f3efde
f3d9ea
f4059e
f448fe
f4a912
f540f8
f5fcd4
f6d1a2
f7ef64
f96b26
fb00e6
fc429e
fd274c
fe17ee
ff13a4
ff7ba0
ff2cfc
fe97d2
fdcc4c
fcc194
fbe8ca
fb5b10
fac074
fa26dc
f9b23c
f92fa6
f89d08
f82d4e
f7bd7a
f73a96
f6c394
f62f88
f58988
f554a8
f589ec
f5b040
f5ee9a
f68904
f71c78
f782d8
f83406
f946f0
fa6f7e
fb9fa0
fcc14a
fd8b58
fe12aa
fe9b16
ff1086
ff4de4
ff2516
fe2618
fc68ec
fada88
f9d4ec
f8cd38
f7dd8a
f7a6dc
f7e93e
f80bda
f859b0
f95ea8
fae4ba
fc37e0
fcea20
fd0b6e
fccfbe
fc3910
fb5f78
fa9004
f9b9e2
f8bf4e
f82c78
f8747a
f91488
f9b9ce
faf25c
fcf332
ff1270
00f62e
02fe74
052f58
06c9f0
078664
082bda
092286
09af96
097b34
093e90
095ede
097c3c
0976dc
097fe6
099182
09abd6
09eafc
0a2e18
0a394a
0a2cb2
0a5c72
0adcae
0b6574
0bf9b8
0d0066
0e5f86
0f8f2a
10a942
11fccc
12ffd6
133568
130c74
12c40a
11e458
105482
0ea090
0d1c84
0baa60
0a432e
0939ea
08c192
088e30
085ac0
087b30
091e6c
09d17a
0a504e
0aefdc
0bd71e
0caf1c
0d3bc6
0d9310
0de3fc
0e3692
0e60d0
0e459c
0e22fc
0e56fe
0ed79e
0f46c6
0f9172
0ff79c
107f24
10e4ec
1111dc
1104e6
1094fe
0fbb26
0eaf54
0d8988
0c30cc
0ac332
0995ce
08d5a6
0874b4
0865f4
08a44e
08f59e
0914cc
0923da
094cac
094824
08d12a
0820b4
076cb0
06a110
05c6d0
0502f8
045586
03a06c
02cb8e
01d9fa
00e0ac
fffd9a
ff6ac8
ff633c
ff9ffe
ffc00a
000156
00bbce
01af6e
028f22
0343c4
03a33a
03be7c
03d16c
03bcf2
035d04
02e8ae
0266ee
01c1b8
0135f6
00dda6
0094c6
005e3a
000cec
ff63be
fea184
fdf816
fd286a
fc306c
fb3cf6
fa13f6
f8ae6a
f76a44
f66e68
f5beb8
f56618
f5036a
f42c8e
f30b58
f1fea8
f12f62
f09256
efe26c
ef0a9c
ee39d8
ed5208
ec4c22
ebcd12
ec24c0
eccf10
ed86dc
ee6fe8
ef7802
f08306
f176ca
f2221c
f2a1d4
f305d6
f2df12
f23382
f1a222
f114ec
f025dc
ef39ec
eeab18
ee215e
ed84c2
ed1c38
ece3ac
ecab0e
ec4254
eb8972
eaa664
e9ca2c
e8efc8
e82a32
e77780
e69dc0
e5d104
e5876e
e58d18
e58c10
e5cb56
e6a306
e80b22
e9daaa
ebcfbe
edc360
efb774
f16ee4
f2cac4
f41e20
f54c20
f5cee6
f5e78a
f6121a
f5f9ae
f5666c
f4b082
f3e632
f321ac
f2c90e
f2ac84
f2873a
f2d648
f3b0e0
f47238
f54466
f6a07c
f7f0a0
f8c1de
f98540
fa4ae6
faca06
fb1fae
fb41f6
fae614
fa5b32
fa0878
f9ef1a
fa364c
faf530
fbcbd8
fcb354
fdf1b4
ff3efe
006c36
01cc64
030e94
038fd6
03cc3c
045bd4
04c2b8
04db06
0561d2
063f3a
06a956
06e114
079c5a
089630
093c8e
098850
096472
08a106
079cfa
06df4a
066720
060890
05c98a
05b408
05cdfe
062668
06c53c
07bc68
08d8c4
097540
096fc8
095c46
092cca
086174
078f4e
074a60
06b0dc
0563de
04b358
051f68
05a426
061b8c
071b82
084022
08f67c
0999a4
0a6ebc
0b1ef4
0b8d76
0bf770
0c6814
0cab92
0ca328
0c8bf8
0cc41a
0d35b0
0d9cfa
0e191a
0ec130
0f5e78
101e24
116356
12bb30
137eee
1411a8
15016a
15e144
164038
16713c
16815e
15efbc
14ea60
143042
13d372
135c06
12affc
11f64e
113bea
10bcb4
10cd7a
1144f0
119ac6
1186be
113886
10c9be
0ff714
0ebe48
0d9506
0c7bf4
0ae6e8
08f5a8
075cd8
062424
04e234
03a99e
0296f0
0148d0
ff86e6
fd8dd2
fb833e
f963f0
f744b0
f54042
f3735e
f1fbcc
f0d556
f000be
ef94d2
ef8a52
efaa0e
efc6ce
efc674
efb0f8
efbe4a
effb5e
f02a3e
f054fe
f0d0a6
f17842
f1e1f0
f23dbc
f2f2a2
f3c7b0
f45a28
f4bd42
f5222a
f58604
f5e8f8
f65940
f6e41e
f794e0
f841c6
f8b200
f8f0ac
f930f4
f99706
fa2818
faa85a
fae80e
fb416c
fbf78c
fcae84
fd446a
fe1d56
ff2862
ffd69c
000aee
000336
ffcb52
ff403a
fe3ede
fcd646
fb596a
f9f54a
f8a8d0
f79ef4
f6d4a6
f5f2d8
f50c70
f48a38
f453f4
f41c5a
f3ed20
f3ba00
f34bce
f2b65c
f2367c
f1c102
f122c8
f058a8
efab7c
ef5826
ef2894
eec4a6
ee452e
edf9f8
ee11d6
ee8fac
ef3270
efb21a
f01c8c
f0a6a6
f1565c
f22e9c
f3265c
f4079c
f4a66e
f509de
f5290c
f4f410
f4980e
f47d40
f4c8de
f4fe2a
f49e66
f420c6
f45274
f52a9e
f64276
f79920
f91cb8
fa6360
fb593c
fc5674
fd8a44
feccf6
ffcde0
006e46
00e964
017f78
025dcc
03ba9e
05842c
0755ae
08fb46
0a670e
0b652a
0c10bc
0ccdee
0d6cfc
0d5a14
0c9b5a
0bb902
0aee46
0a324c
09b730
09b506
09ddec
09bb0a
098974
09e91e
0ae212
0c0a5a
0d45fa
0e9cec
0fee24
112990
12431c
12fdc0
134e64
1362e8
131f40
125170
113d8a
105990
0fa56e
0ece22
0dceba
0cf340
0c69aa
0c1bea
0beee8
0bde80
0bdc9c
0bb72c
0b5824
0b0c84
0b2c40
0bac52
0c66c0
0d598c
0e52b0
0f0c30
0fa510
104538
10bba2
10f43e
10fcfc
108ce0
0f8902
0e876c
0de912
0d4ffc
0c7244
0b85ee
0ae708
0ac89a
0b13b8
0b8d60
0c1784
0cc208
0d8df0
0e5f42
0f24ea
0ff4e0
10df12
11ae80
121718
1214cc
11d076
118302
115b4a
112530
107994
0f6f60
0e5a70
0d37b0
0bec02
0a744c
08c482
071ca6
05d4a8
04bf7a
03b702
030e22
02cab0
02927c
024d68
01df50
01182a
0048f0
ffc790
ff5804
fedf3a
fe9124
fe65b8
fe58e6
fe8298
feb2c2
fec04a
fed614
fef320
fef37c
fefc26
ff2824
ff5782
ff7b58
ff9bc2
ffc9d4
001f8e
008dfa
00ea34
013d52
01905e
01ba64
01a17c
0153b8
00f32e
00a1f0
004e06
ffdb8c
ff7994
ff3534
fec084
fe2190
fdb352
fd83c4
fd7af4
fd9bd2
fdb354
fd886c
fd3b1a
fceb56
fc9212
fc353c
fbd2d2
fb67ce
fb2b1e
fb27a6
fb033c
fa8ab2
f9f0e0
f96aa4
f8efdc
f86f52
f7fdd8
f7a630
f74326
f6c48e
f64e34
f5cae8
f5207a
f482c0
f3f584
f333ac
f2531c
f183ac
f09a36
efc482
ef6462
ef1cb4
ee7156
ed990c
ecd0a0
ec1012
eb7c52
eb023a
ea65c2
e9d5e4
e96eac
e8f624
e8a758
e8c752
e8e816
e8d8ac
e9030c
e96b4a
e9d688
ea7eda
eb7e54
ec8914
ed8a1e
eeb078
f00f32
f1916a
f2f33c
f3f1c8
f49e28
f5337a
f5c5e0
f65c82
f6e694
f7404a
f782cc
f7f044
f8a7dc
f9afb0
faecd8
fc1760
fd0056
fda3bc
fdf294
fdf4de
fdbda4
fd1cfa
fbf5f8
fa96c4
f95c86
f86a60
f7b576
f72cf0
f718e4
f7e548
f9211c
f9f470
fa8630
fb7142
fc849e
fd4840
fdb534
fdbe96
fd4d8a
fcab2e
fc30a6
fbfc16
fc0396
fc2356
fc5776
fccd04
fd7a14
fe44bc
ff720e
012424
02e828
047148
05dfa4
072f62
084ea2
098f74
0b12fc
0c5b72
0d0df8
0d759e
0de67e
0e33c4
0e22b0
0de580
0db674
0d71c8
0cfdae
0c8c5a
0c42f8
0c28b8
0c5ab6
0ce208
0d80ba
0dfdc0
0e6114
0ed1c0
0f5dd4
0fea5e
105860
10a8e6
10d410
10d6e8
10f158
11554a
11e2b8
126992
12c5aa
12b5e2
122506
1160d8
109934
0fb10e
0ea15c
0d8006
0c67e6
0b8fce
0b278c
0b1aee
0b20b4
0aeb9e
0a7074
09e2e8
0949ae
08748a
07834c
06b6bc
05e3be
04fc38
0476f0
048f9e
04e500
051be0
051d08
04d13a
043f34
039dc6
02fecc
022238
00d1f8
ff3104
fd7462
fbb432
fa1c8c
f8f07c
f83416
f7a180
f723d8
f6f038
f73bbc
f80382
f918b2
fa5962
fbbdb0
fd1dc4
fe5be2
ff9048
00ac40
01850c
0254dc
0369e4
047d6a
052abe
05972c
060cf6
069762
0724b0
079528
07d514
0803c2
083c6a
087428
08b716
091358
096dfe
09b310
09e69a
09f1a2
09b618
0948da
08dad8
0881f4
081b04
0768d8
067e2e
05b1b6
05051c
041a14
02e348
01c24e
00d0ae
ffa9f2
fe10b2
fc4c76
fa98bc
f8bb08
f67edc
f41ea8
f1dae2
ef98fe
ed2c78
eab7ce
e88c78
e6cbec
e558b2
e3f856
e27e68
e0e584
df6348
de314a
dd4646
dc7d04
dbcc4a
db1dd0
da536e
d98f06
d91876
d8f8b4
d8e8ba
d8be8c
d8b730
d91dbe
d9d15c
da9a3e
db91a4
dcc5cc
ddf100
df1b8a
e0a6b4
e2a8da
e5025a
e7caa8
eb062a
ee6c3a
f1be36
f4fa78
f81b66
faf362
fd43c8
fefbfc
003864
00e16e
00bb84
ffdf16
feb694
fda27a
fcc91e
fc1ce6
fb9e32
fb874a
fc0864
fd01b8
fe5170
fff1a6
01bd72
036fdc
04d2e2
05cf7c
067fa2
06f552
06f782
067e36
05e262
053f04
04610e
037064
02bbe4
022480
018d1c
01208c
00e0a8
00974a
004154
ffe4a8
ff6d2e
fef3ce
fec176
feec14
ff5a92
fff1e4
0085fc
00fdd6
018c72
0269d6
035c08
040d12
0495fe
0519d6
056fba
058ed0
05c432
06450c
070190
07c4ea
087238
094fa4
0aa65e
0c29a4
0d93aa
0f3490
11168a
12afd6
13dab8
14e56c
15e52c
16d444
17b5f6
185378
189606
18d6d8
19562a
19ed34
1a721c
1ae104
1b4f04
1bc732
1c23a0
1c516e
1c6bac
1c6566
1c21aa
1bc58c
1b790a
1b2326
1ab8d8
1a3f14
19a0de
18e734
184a06
17ed48
17d7ee
17ebde
17e6f4
17ba1e
17823e
173e2a
16fda4
16df78
169e70
15f956
151cea
1410fa
129768
10e618
0f61e8
0e03ba
0cb67c
0b9c28
0ad0aa
0a71de
0a94a8
0b00ec
0b8180
0c2128
0cc7aa
0d3ad8
0d7c84
0da984
0dabb4
0d5100
0c7964
0b34e2
09c96c
0873f2
074f72
0667f0
05a066
04dcc2
043de0
03e4ba
03ab4c
036a88
032f5c
0327c4
0368bc
03ae34
03ad0e
039e2e
03ba82
03adfe
03558a
02fc04
028b58
01b37a
00a54c
ffa4c4
fea1da
fd9f8e
fcc2cc
fc0f80
fb9d88
fb7dc6
fb7512
fb5936
fb41e4
fb28f0
faeb26
fa814a
f9e830
f924b6
f847c8
f73750
f5dd3c
f4756c
f32dcc
f1fd42
f0e4ae
eff7f0
ef16ec
ee1480
ecee8a
ebe3e8
eb3f74
eb0318
eadcb8
eaa340
ea949a
eb03a6
ebdf40
ecac48
ed17ae
ed5044
ed8ce4
ed9294
ed3c5e
ecf054
ed0b90
ed4d20
ed3e18
ecfa96
ed16a0
edab38
ee4562
eebf2a
ef3f7c
ef9156
ef7acc
ef32ec
eeedcc
ee8d9a
edf98c
ed25e6
ec35ea
eb94c8
eb73a4
eba1a6
ec25fa
ed43b6
eed3e8
f07caa
f22e06
f3fefa
f5dc92
f790e0
f8e700
f9d30c
fa6420
fa9b68
fa8d04
fa5c10
f9fd9c
f94fcc
f865b4
f79170
f71822
f6e5ec
f6b3f2
f69356
f6cf30
f76598
f85586
f9dfe2
fbd89a
fdada0
ff33da
006628
010c80
0158ea
019d66
018efc
0109c4
0084e8
002994
ffc8e2
ff8ae4
ff8f94
ff94f8
ff8c00
ff88ac
ff5f04
feeb16
fe290c
fd2a06
fc5a28
fc10a6
fc19c4
fc4ac0
fce8d0
fde02e
fedf06
001774
01c88c
038c7a
05016a
065e7e
07dede
0951b8
0a863c
0baba0
0cfb0c
0e58be
0f91e0
10c89a
122c10
138f5e
1497ae
153014
157fa6
15ab7a
15cdb4
15f978
1621e4
162f1a
162630
161c2a
160706
15e2b2
15c50a
15b6f0
159558
153b1c
149110
138b16
12451c
10f20c
0faed2
0e785a
0d4c72
0c41ee
0b67ac
0a8f7e
097b2a
083f7e
072540
063e42
05766c
04b69e
03e6b4
03239e
02be3c
02b36a
02c10e
02f50c
037140
040676
04928c
052f60
05d4da
065eda
06c648
070424
07016c
06a228
05e95c
052420
04b18c
048fae
04878c
04892a
0492a0
0497f4
04b630
050a50
056056
057548
054e26
051cfc
04ebdc
0495da
0418fc
03bc48
03a9c0
03bc6c
03cc4e
03b660
03599e
02f902
02e784
02e61e
028ed2
01ff92
015b54
0075f8
ff546a
fe3094
fd1174
fbeffa
facd1c
f98ccc
f83ef8
f7288a
f6577a
f5acae
f5450a
f53b70
f563b6
f591b0
f5c632
f60e0e
f6731e
f6e43c
f73d30
f78abe
f7eda6
f82bb0
f7f7a8
f78762
f724aa
f69652
f59228
f448fc
f2fdaa
f1bb1e
f08d46
ef9202
eebf2a
edf39c
ed263e
ec78e8
ec106c
ebe198
ebae46
eb4d5e
eac6ba
ea342e
e9a5a0
e91b02
e8814a
e7e586
e765ca
e6f118
e68780
e66110
e689e2
e6ca0e
e70baa
e75bc8
e7a196
e7d540
e823e2
e8a2a8
e932ce
e9be86
ea52f8
eb175e
ec23fc
ed680e
eed4ca
f04560
f16d12
f24e12
f34d9e
f482fe
f5aa7e
f6ca7a
f8112c
f964c2
fac460
fc6830
fe574a
0050b4
01ee6e
02ed6c
0376a8
03c61c
03bcbe
033498
0242b0
00f806
ff8d9e
fe5782
fd3bc0
fc2546
fb85ee
fb8186
fb9bec
fbbfe8
fc1d38
fc6e96
fc76be
fc5b58
fc1024
fb5dea
fa3666
f8b268
f721c8
f5af76
f4065a
f21e60
f08472
ef4a84
ee419a
ede7a8
ee809c
ef7380
f07756
f1be1e
f32dda
f4bb9c
f69e72
f8a97a
fa96d2
fc62aa
fdcd40
feabda
ff61c0
003a48
0114d2
01e5c2
02a28c
0350a8
045084
05d17c
078ee8
09901e
0c0082
0e9674
111a44
13b042
162eba
183700
19c85e
1b1020
1c198e
1cd204
1d1de0
1d026a
1c9ae4
1c049e
1b75ca
1b1394
1aa828
1a3ba2
1a4808
1ab752
1adb7c
1a976c
1a5008
1a0f24
19b290
19342e
188de6
17ce84
170fde
1644da
157850
14e0fc
147294
13f9d2
136168
12891a
117398
106b96
0f88ca
0e80e4
0d4688
0c1e78
0b227a
0a454a
098da2
08f93e
0874ce
08160e
0806c8
0817b4
07eea2
07876c
0700f4
064016
0545c4
046bf0
03d892
036cb4
032860
03159c
032e5c
037e94
040334
048a36
050a94
05834a
05cb5e
05cee2
0598e8
0522aa
049568
043342
03fc60
03f8f6
044530
04ac3c
05123e
05d744
070c62
0833ba
09095e
09b15a
0a5bcc
0b08d4
0b7d7c
0b86d2
0b42de
0aabb2
09a860
0887f8
077f78
063bea
04b966
035ff6
0234a0
012774
007270
000e88
ffdcac
000fc8
0094ba
010244
01532c
01af38
01fa22
0213a0
01cc7a
00dd8c
ff64aa
fdbdac
fc0964
fa63ac
f8dc62
f74e6e
f5d39e
f4cfac
f4535a
f42a60
f42d6a
f4242a
f3ef56
f3a5a2
f33fda
f2adca
f1fd40
f11e08
f014fa
ef2ddc
ee6280
ed82c4
eccb7c
ec4b7c
eb979c
eac1bc
ea44c8
ea0ba6
e9ca50
e989b8
e95ace
e9566e
e9a998
ea1852
ea4f86
ea8522
eadc16
eb096a
eb081a
eb2536
eb54e0
eb7336
ebbb56
ec565e
ecf972
ed6ab8
ede04c
eea144
ef88c0
f048f4
f0d3ec
f167b4
f23676
f32b66
f403ae
f4ae8a
f55620
f6038e
f697fc
f70ca4
f767b2
f7975a
f792ba
f75904
f6e562
f664fe
f63010
f64ed6
f69c80
f7532a
f8b7fe
fa7f1c
fc3b94
fdfb7a
ffe0d0
01ad84
033296
046e14
051e14
052da4
0511d8
04f5c8
0467ae
0372c2
02a21a
0214cc
01c0fc
01eabc
028b08
033be6
03e15e
04986a
056a08
065350
070f64
07605e
07a652
081c58
0839a8
07df66
07b5ac
07d592
07d63e
07d3e4
07f6b6
07f1de
07db7a
082db6
08e9c0
09abd4
0a6926
0b45e4
0c452c
0d6d30
0ee310
1088e6
11f9d6
131f04
143e94
156b9e
167c52
176ede
183f68
18df14
1985f6
1a621c
1b3ca0
1be984
1c6cc4
1cc654
1d011c
1d131e
1cab5c
1bd7ca
1b0856
1a2b06
18edde
17abca
16c6cc
15f5d0
1521ac
14992e
142a28
135a6a
1239ca
110518
0fa61c
0e2cb4
0cdbca
0bac40
0a8de6
09c0a0
094f52
08daca
084cd2
07eb40
07c5da
07b774
07a3f4
076038
06ef28
068da4
06268e
0573d0
04a06e
03ed6c
034cc4
02cc60
02913a
028846
02b880
034bda
040f42
04cbac
05b3f8
06cc10
07c0e0
087a50
091044
0966ae
09567c
08ec9e
084504
075396
06074e
049828
034a2c
01f744
007158
ff095a
fdeb34
fcd5d4
fbd11e
fb0be8
fa4402
f95f3e
f89c7a
f7d98a
f6ce4c
f5a0b2
f47292
f333d8
f21770
f15042
f0c124
f055f8
f000a8
efa510
ef5f0a
ef3778
eee846
ee925e
eeb0ac
eefa24
eecdb6
ee644c
ee31c8
ee1822
ede952
edc652
edaf18
ed99b6
ed8f32
ed8d88
ed94ba
edccde
ee530e
ef0f50
efc4aa
f04614
f0a880
f10ee8
f16e48
f1b3a2
f1c4fc
f1595a
f07bc2
efb140
ef43de
ef06a8
eebeb8
ee5a24
edfae6
edd5f6
edc464
ed6c2a
ecef40
ec84b2
ebf68c
eb53c6
eaf566
eab37c
ea5c0c
ea5c14
eacf8e
eb3678
eb8dcc
ec3e76
ed3662
ee1488
eea3e0
eece4c
eeb7c0
ee9654
ee650c
ee39dc
ee58bc
eea4b0
eef6aa
ef9592
f06f62
f11702
f1c84a
f2f816
f43758
f4ee04
f52214
f4f380
f48556
f42a98
f3e648
f36972
f2b42a
f1f578
f14666
f0d102
f0b144
f0ce30
f122d8
f19c56
f201b0
f26cfe
f31a48
f3da9e
f48b2a
f5620c
f64460
f6e858
f77c3c
f82f42
f8d1b4
f963e2
fa1b1a
fb08a4
fc3eda
fdb504
ff166a
00425c
015530
023c46
030bee
040d7a
051042
05c8ac
066e26
072c20
07f30c
090454
0a9154
0c535c
0e22c2
102ec4
127d98
14f470
175b96
197836
1b645a
1d3914
1e9b7c
1f70b0
2003ce
2054e8
204502
1ffb0a
1f68f6
1e70b4
1d4c26
1c083a
1a8cd2
1927bc
17fdca
16cfc4
15aa62
14b462
13c384
12d764
12059a
1101bc
0f9b66
0dfc34
0c34d8
0a4efa
086846
067576
049844
033968
0251aa
017dbe
00be4e
003300
ffbd86
ff5d8a
ff29c4
fefc02
fe9c0e
fe0cc2
fd6f06
fcedc8
fcbe12
fcfcf4
fd9f78
fe87b2
ffa2a4
00d354
01eec8
030c0c
045c24
05bc2c
06cf56
076fbc
07a586
078fe8
07671a
073c5e
0719f8
073222
078504
07dec8
085f8c
091662
09c482
0a6914
0b1d34
0b8202
0b61a4
0b2932
0b32ca
0b7188
0bad7a
0b9f9c
0b47da
0aee22
0a945c
0a1380
09806a
08c8fc
07af28
065edc
050a04
039486
02134a
00c526
ffaaec
fea96e
fdc078
fcfac6
fc6b14
fbf92a
fb68da
fabdee
fa083a
f9399a
f895ec
f8690e
f871e2
f86a3c
f85bde
f81496
f7753e
f6d4a0
f6558a
f5cfea
f54bb4
f4b8e0
f3fd58
f35d1c
f31836
f32fb6
f3b696
f47fd4
f5126a
f56644
f5ca64
f63dd4
f6a5a2
f6fbd0
f72266
f71b86
f7135c
f72210
f766bc
f7db72
f82052
f8126e
f815c4
f85b60
f8b94e
f91692
f95a38
f9664e
f961da
f985ee
f9ca9c
fa1004
fa4a40
fa835c
fab95e
fac552
faa43c
faab08
faf99a
fb32f4
fb0a08
fa7ad2
f98f56
f89192
f7f282
f7b822
f79b62
f79724
f7b154
f798f6
f72ef8
f6f53a
f74da0
f7d022
f7f8c2
f7d278
f7a32c
f79de0
f7fa92
f8b72a
f96994
f9bec0
f9cfa4
f9f41e
fa5318
faac8c
fa9f86
fa2b10
f97536
f88820
f7a000
f717e8
f6f9f0
f71d44
f7780a
f80660
f8d95a
fa01fa
fb5242
fc9c3a
fde8ee
ff0b7a
ffc906
005ab6
00eeb2
015c22
01a82c
0219fc
02c3cc
0388da
04624a
056828
06a67a
07e350
08ccbc
0980e8
0a59f6
0b5400
0c2122
0c8b82
0c962c
0c742a
0c3ca0
0ba5d0
0aa5da
09d4c0
098e82
097040
092f16
09131c
095868
09c402
0a34de
0af2ea
0bfb2e
0cc7bc
0d3896
0db0aa
0e25ec
0e325a
0de5e8
0d8c94
0d2372
0c9aa4
0bfa3c
0b3a42
0a74b8
09e6a6
09a214
09b406
0a2580
0abc80
0b2f04
0b8bfa
0c134e
0cdcfa
0dd0fa
0eae54
0f3704
0f790a
0fbd5e
1034f0
10ecc0
11dbd2
12c51a
135f82
13a7ee
13c254
1396aa
1309ea
125c0a
11af02
10a7e2
0f22b0
0d9170
0c4d18
0b42ba
0a5b60
099a1c
08e3dc
082ea0
07a86a
076a32
074bf6
0717b8
06c282
065d4a
05f710
0597e0
055ec8
0572c8
05c2e4
060322
061088
06300e
06bab6
07af80
08e664
0a4556
0ba63c
0cdc06
0dc49c
0e4df4
0e8500
0e82ae
0e2706
0d500c
0c32c6
0b1722
0a1f1e
0966aa
08e3b6
085130
078e06
06bb1c
05ee58
052a98
0467b8
038aae
02775e
012da2
ffc16c
fe4ea8
fcd832
fb44ea
f9b2ae
f86172
f73d36
f62bf8
f55ba4
f4d71a
f4805a
f46b4c
f4aed6
f532dc
f5e448
f6a2fc
f737d0
f78cae
f7a582
f77c3e
f734dc
f7105a
f723b2
f746e8
f737fe
f6daf6
f66dcc
f6347a
f63cfc
f68c44
f6fb50
f72306
f6f04c
f6a612
f63f50
f5aefc
f538f8
f4e840
f46ed2
f3cba4
f34da2
f317aa
f31584
f31a02
f310ec
f2ef06
f2851e
f1b612
f0c1b8
efcbe4
eeae7e
ed766c
ec569c
eb67f6
eac25c
ea44ae
e980ce
e8858e
e7d1b2
e74622
e672d6
e59aa4
e52460
e4c100
e4248e
e39d00
e36f48
e37756
e39630
e3e1d2
e4703a
e52988
e5d3e6
e66974
e7364c
e8767c
ea091e
ebb650
ed6730
eee9dc
f0217e
f15244
f28350
f344c8
f386ca
f3b18a
f3bf4e
f37b66
f31b20
f2d4be
f2b68c
f308ce
f3e2d6
f500e6
f67a38
f884de
fac2fe
fcdaac
feeaf8
00e7e2
02848a
039906
041178
03ec00
0342d0
022d26
00ea2e
fff20c
ff3fda
fe54c8
fd45e4
fcce2a
fd2f92
fde12e
fe6b0c
ff0212
fffc36
011980
01f5f0
02bc78
038122
03cef2
0385f0
032506
02f73c
02dda0
02c948
02d13c
032172
03e5e0
04cb80
055042
059820
063416
072c18
08131a
08bd1e
094d24
09dd22
0a6310
0adefa
0b62e0
0bdfda
0c28fc
0c5950
0cb9f0
0d2208
0d32be
0d1b24
0d2a4a
0d184a
0caa38
0c2d36
0bc564
0b30ee
0a63f4
098c96
08cf04
08557c
084d3c
08c972
09d93e
0b5ace
0cff5a
0ea706
104ed6
11b3e8
12bd72
139ea0
14479a
149490
14cab6
153326
15c108
164e82
16b2be
16efd8
1749d4
17d3b8
184a94
18a570
18fc4c
191508
18bf8c
1821e0
17640c
168cf8
15a588
14c0a0
13fe18
1368ca
12e086
126d10
12411e
124956
124056
11ecc4
113b60
104eda
0f5ad6
0e4cfc
0cdce2
0addfe
083bee
053052
0250c0
ffd8d0
fd9e3c
fb99bc
f9bff4
f7f09e
f65184
f51074
f4013e
f31ea4
f29a4a
f242e6
f1c42a
f131c2
f0ad6a
f03efe
eff95e
efd272
ef9d2c
ef638a
ef55a2
ef7080
efa330
f006ca
f09a72
f12a3e
f1c534
f2c95e
f410d0
f502a6
f59b02
f63a10
f6da08
f76c34
f818de
f8bb60
f93806
f9c9fe
fa6676
fb1192
fc2c72
fd4b36
fd5310
fc3d18
faac74
f8e86e
f79a52
f76e3c
f7e450
f88fa2
f9d12c
fb4ff8
fc4dfe
fd2708
fe41e2
ff0c6a
ff107a
fe2ff0
fc5dd0
fa250e
f8419c
f6ba72
f58d86
f506a8
f4e6a4
f4804e
f3be58
f30776
f2886a
f1f4f4
f0edde
ef9c02
ee623a
ed325e
ebee4c
eaebe4
ea70ee
ea6334
ea9f98
eb0de4
eb95d8
ec3f3c
ed05f2
edb5e4
ee15fe
ee1232
eddd7c
edc2de
edc068
edc728
ee002a
ee648c
eee064
efc396
f10610
f1fbe2
f29218
f36ace
f49440
f58db0
f61760
f62c96
f6088a
f60768
f61a76
f63306
f6c346
f7ee60
f94386
fabcd4
fc8e6e
fe708e
002f6a
01d636
033240
0430c4
050fea
059aea
059208
055e86
052fa2
04b29a
0425a2
040bfa
0436d4
047c5c
0536b6
066518
07b3aa
093380
0ae1aa
0c513c
0d4c46
0df9da
0e7910
0ee1f6
0f37a4
0f4b3a
0f36da
0f5e8e
0fc064
101e7e
108de0
111d88
119178
11dabe
120e4a
121a16
11f334
118dc0
10d8c8
100b48
0f7c36
0f1396
0eb27e
0e92f0
0ebfea
0efd72
0f3fa2
0f8b70
0fd4e4
1047f8
10f9a4
1193de
11efa8
1240e4
12818c
1286a0
127316
1269e6
12670e
126e8e
127962
128580
12cbf2
136bac
1410a4
147dc8
14d5fa
152d2a
156344
157a32
157ad4
154d0c
14e2bc
144ad8
137b52
127126
116536
109974
0febe0
0f0c76
0e081e
0d33b8
0c9032
0bdf80
0b148c
0a4334
095a64
084812
07232a
062798
057a48
04fa3e
048664
04479e
0465d4
04c2fa
05320c
05a2e8
061b7a
06b6a6
07795a
083894
08ee44
09bb48
0a8182
0afed2
0b311c
0b2140
0ac536
0a2afe
09588a
083ed8
06e8ea
0574c2
041068
030de4
026a3a
01c45e
010f3e
007fc0
0000d0
ff8066
ff1c78
feb000
fe14f6
fd904c
fd35fc
fcc314
fc36a6
fbc7bc
fb8b50
fb7c58
fb5edc
faf5da
fa814e
fa5036
fa2f9e
f9e390
f98608
f9360e
f8fab4
f8df14
f8f73c
f97330
fa47fe
faf8b0
fb5d4e
fbdbc4
fc8c0c
fd3124
fdc512
fe2cd0
fe3060
fe0fb6
fe1dd4
fe37c8
fe3c82
fe22f0
fdabfc
fcdc8c
fc088e
fb36f6
fa5cb4
f9aeb2
f907ce
f7f9f6
f6aa16
f58922
f4b70a
f425b0
f3c1ec
f34592
f29174
f1dc5e
f1591e
f10886
f0d772
f097b6
f01f2a
ef84a4
eef70e
ee7c56
ee1a6c
edeb30
edda7c
ed9d36
ed2b48
ecdb9a
ecce18
ecc7ac
eca042
ec62d8
ec076c
eb92fe
eb1ca4
eab586
ea7dae
ea8f14
eacfce
eb25f4
ebad8c
ec7fa8
ed975a
eedf9c
f0148c
f0f550
f1c202
f2dcb6
f4328c
f57ca4
f69f1a
f7730c
f7dc94
f823be
f8a0a6
f9525c
fa02e6
fa5856
fa13ce
f98264
f93126
f92d32
f950a4
f9b586
fa35e6
fa79dc
faaa76
fb1ab4
fb95a4
fbdd42
fbeb94
fb9aaa
faf99a
fa6874
f9fd54
f9aa52
f9897e
f961dc
f8fc80
f8c374
f8e5c0
f8fe7c
f930b2
f9d96a
fa77c4
fab6ec
fb2cf6
fc2504
fd6140
fee6cc
00a8c2
025446
03ff62
05c92c
0759c4
088f40
099fb8
0a7a52
0af754
0b21fe
0af686
0a9528
0a431a
09f798
098de0
09472e
0952ba
0981b8
09d546
0a9966
0bd530
0d30d2
0e7664
0fb2f6
10ee98
120864
12e960
138fa2
13ed44
141558
1430e0
1426e0
13d356
136038
12eb90
125c66
11c0ae
113d56
10d746
108960
103894
0fb6c4
0f2ab2
0ec42e
0e4520
0d7364
0c90ba
0bccfe
0b1022
0a550e
099eb4
0910f4
08ff9e
096882
09e774
0a6a2c
0afd58
0b55bc
0b3e1c
0ae436
0a58ca
098daa
087ab2
0718da
05940e
043934
03053e
01e22c
0113ec
00a56c
0039b4
ffcbbc
ffac74
ffe5dc
0046ec
00ac9a
00f4f4
011508
0118e4
00fc98
00d240
00c6f6
00cdd6
00b600
007994
002fb4
fffd84
001926
006eca
009fa6
00a1f0
00eacc
01ba54
02c4b8
03b220
0490ac
058d6a
069c72
0795d6
0856ae
08bd04
08c8dc
08994e
083b76
07bc76
07465e
06d632
063ce4
057c5c
04ba7a
040826
035f3e
02a2a2
01a620
008c7a
ff967c
febbf0
fdeaa6
fd3066
fc7df2
fbd3f0
fb4800
fa9bc8
f9a2f8
f8ae30
f7dc0a
f6c532
f55346
f3b3f0
f1d8d6
efd5a8
edea16
ec10e4
ea41da
e8b2a0
e75ce6
e62556
e538a8
e49aa0
e40408
e37f94
e33e06
e32036
e310f8
e31d2c
e31bc4
e2f6a8
e2dfd8
e2e65e
e30438
e36c5c
e431ca
e51298
e5ecd4
e6b796
e747fc
e7d122
e8cc2e
ea1944
eb2598
ebd16a
ec51f0
ecb164
ed0702
ed7b04
ee03a6
ee9238
ef120e
ef5c76
efb7b0
f0aff6
f2248c
f387b0
f4df90
f66a4e
f80418
f98d1a
faf76e
fc1b2c
fd0774
fdde5c
fe6016
fe52c8
fdef8a
fd8174
fd429c
fd4b1e
fd5906
fd3c62
fd2530
fd0c72
fcc518
fc9c16
fcdd60
fd26fc
fd35ea
fd3222
fd0e9a
fcb042
fc6c12
fc760c
fc8d36
fc8d92
fc9414
fcb0b2
fce866
fd3a22
fda6e4
fe32c2
fecacc
ff46fc
ffc046
0060c4
010992
01b3c4
029776
0387c2
0437ca
04eeb0
05fa8c
071186
0826da
098eca
0b177c
0c5b0c
0d78b4
0e96ac
0f8e2e
105972
1104ac
116520
116e0e
1155b0
115842
11980e
11f95e
125676
12ec9e
13ec02
1506e0
162860
17a6a2
195dba
1adbd2
1c1808
1d1276
1dad28
1e2f2c
1ed0a8
1f40b2
1f4b5a
1f39b0
1f3bc2
1f468e
1f490a
1f412e
1f38f2
1f134a
1e9b20
1dfd56
1d92d6
1d2392
1c357c
1ac780
192e86
17b576
167a4e
155f0a
144986
13769c
130734
129632
11fb6a
11bbb2
121aec
1287ee
128b82
127078
1270a4
124ae8
120226
11ed36
11f8f8
11d44e
11821c
112a4c
10eccc
10de7e
10cb58
106e44
0feb2c
0f76ee
0ef67e
0e62ce
0dddbc
0d752a
0d27fe
0cc014
0bdf5a
0ac8c4
0a0e3e
098fb0
08ef0a
08733c
086028
086cb4
084fb4
08270c
082898
084822
082a7c
079890
06cd46
060170
0530e4
044280
02f934
0145f6
ffa6a4
fe6418
fd2948
fbec36
faf8c2
fa0cca
f8d736
f7bd08
f72b2e
f6f88e
f6dd1c
f6ceb8
f6ce40
f6c798
f6b0c0
f6ae98
f6df14
f7102a
f70ad8
f6e610
f6c9d0
f6c70c
f6eec8
f7370e
f77bd6
f7bd0a
f7f7aa
f805be
f7f93c
f8041e
f81262
f7daf8
f74ee6
f69e40
f5f318
f54076
f49074
f42e1e
f42078
f3f38a
f39150
f369c2
f386ea
f379c0
f32734
f2c740
f271ee
f2344a
f20e5c
f1ec22
f1ef8c
f23a92
f27e3e
f2688a
f24c60
f29eb8
f3317a
f39194
f39102
f330d4
f2b504
f28388
f2916a
f27db0
f2585e
f2596c
f23edc
f1dfb0
f187ea
f17680
f1b968
f22ca6
f24b50
f1ff5e
f202b8
f28762
f2e16e
f2f1e0
f3299a
f3849c
f3e8e6
f4787c
f50756
f57c72
f60bd2
f6888a
f6b5a0
f6f720
f7771a
f7d6b4
f81df6
f87ae6
f8af9c
f8c620
f9177a
f965aa
f954c0
f911de
f8be28
f84ac4
f7ebc6
f7c85a
f7c5bc
f7e614
f8347a
f8ac12
f9870e
fac7a2
fc09dc
fd3aca
fea17a
001f18
0167d6
027aee
035b82
0418b2
04e9aa
05b3aa
0621e6
065d8e
06a0cc
06a6d6
0668e8
067e2a
070eb2
0797c0
07e196
085148
0937e0
0a6e7a
0ba834
0cdd1a
0e283a
0f5994
102a2a
10b200
11281a
117382
118040
115f68
110a02
108a0a
10167c
0fa74a
0f296e
0ed8e6
0eada0
0e217a
0d265a
0c541c
0bdf9a
0b67be
0abb8c
0a1ce2
09cb98
099a94
092dc8
08a81a
089272
08ebae
093fae
096d66
0981bc
096492
0948d2
097f64
09b144
095a7c
0898fc
07deae
076696
0726c4
06d42e
064bc4
05e09c
05b3ce
057e6c
055084
058322
05f35e
06575c
06bd32
0746f2
07fdb8
08f296
0a009a
0ae6ce
0ba244
0c4b0a
0cce28
0d1ab8
0d4ccc
0d8b6e
0dc0ae
0d90a2
0ce952
0c3fd4
0bb234
0aea64
0a1d54
09a406
090f92
080bf0
073400
06e3a4
06c0dc
069a90
06898e
0689aa
0699ca
06a8c2
068b54
06473c
05e63e
053918
042e92
02d57e
014baa
ffded0
fe92a4
fce7fa
fafaa2
f9925c
f8b7e2
f7ddf8
f6f854
f611bc
f511e6
f44b96
f3ed9c
f38ada
f31016
f2bd14
f25ab0
f1bed2
f13960
f0d942
f07464
f026ae
efe712
ef7188
eed80a
ee5396
edf536
edc602
eda812
ed6474
ed293c
ed5188
edbf86
ee1e68
ee6e68
eee0aa
ef9b4e
f0908c
f192aa
f298e6
f3b178
f4b49c
f58e80
f67054
f76b52
f85ea6
f94688
fa2b2a
fafdb0
fbaa36
fc1ed4
fc6bb4
fcc3fe
fd20d6
fd4748
fd4156
fd3c18
fd37b0
fd3c1e
fd585a
fd6c5a
fd4706
fcd946
fc2804
fb7026
faea8a
fa6618
f99fa4
f8b2f6
f7b8e4
f69a40
f575c8
f4714a
f38198
f2ad62
f2155a
f1913e
f0e0ce
f015c4
ef77c6
ef2b7e
ef0fb0
eed226
ee59ae
ede5f8
ed97d0
ed4c0a
ecfb7a
ecb4fc
ec5570
ebc4b6
eb5dba
eb655e
eb9c86
ebd23a
ec2278
ec7334
ec9062
ecc11e
ed5b76
ee2282
eec25e
ef472a
efdf16
f0bd48
f1feec
f36b3e
f4b986
f5fefa
f752d6
f8a964
fa22e8
fbe7a2
fdc2d6
ff58d6
0081ea
016e68
02699c
0366e0
042b88
04e1e6
05b34a
063e10
06619c
069f42
072e46
07c604
0860d8
094cfc
0aa0a4
0c270a
0d8972
0eb516
0fec10
112576
121370
12d32e
13adcc
14865e
153cfa
15d8b6
164696
16a09c
16fbd8
16f656
169910
1690fa
16d20a
169a3c
15f382
1566d4
14e824
145768
13df82
138258
131ee8
12a426
121000
119d50
1172f6
1143d4
10f9d4
10ebe2
1107da
1106ac
112832
11894a
11c2dc
11b7da
11a33a
1192ee
1198f4
11b346
11adde
11b2a8
121ca0
129bd6
12bc4c
12b4f0
12d1c4
12f7dc
12fc50
12d428
12ac72
12cd3c
12fc9a
12d5a0
129f54
12c2cc
12fe24
13166a
13529c
13c6ba
1439d4
1495fc
14e938
153e7c
1595e2
15e480
162d4e
167134
168238
164a5e
15fe9e
159ce8
14ee36
140078
130c9c
122f8e
118740
110da4
1088a2
100018
0fb1de
0f85d0
0f2bd4
0eaac0
0e2b6a
0d9da6
0cd050
0bc44a
0a9f6a
09798c
084d92
071c64
05e3e4
0496f4
03666c
029f1c
0228cc
01aa5e
0107ac
00598e
ffafe6
ff1592
fe9582
fe38a4
fdf5ea
fda63e
fd409a
fcfeee
fd1e24
fd8d2a
fe12ec
fe7f4e
feda38
ff478e
ff9630
ff7510
ff1422
fec26c
fe4ef2
fd7ab4
fc84b6
fbbaf4
fb3172
fade24
faa108
fa781e
fa8660
faacb6
fab410
fad956
fb4278
fb8466
fb571a
fb0380
fabd8e
fa4c2a
f96e40
f845c2
f739a2
f663ca
f56938
f433e6
f328d0
f26fe4
f1e514
f18a58
f174a4
f1a6ec
f20c06
f254d6
f2574c
f26344
f296a8
f28872
f22c96
f1f8f0
f20072
f1f216
f1d5d2
f1f8aa
f26caa
f2f6ba
f373be
f40fb2
f4fc8e
f60a3c
f6d2b6
f736f0
f75ede
f76972
f74eac
f70698
f6b052
f65dec
f5d97c
f50914
f441d4
f3e9d0
f3ef20
f401ea
f4104c
f4545a
f4c632
f4f8e8
f4fa98
f57a6a
f67b88
f75212
f8061c
f91ec2
fa803a
fbc9b2
fd0152
fe3a42
ff70aa
0094bc
017fb2
025eca
03783c
047346
05011e
057de6
05f8d2
062a1c
0675ee
073b7a
081f04
0917b6
0a42b6
0b1738
0ba066
0cb964
0e2162
0efb8e
0f8714
102318
105dc2
104536
106892
10b6fe
10dea2
10d494
109bea
108bb8
10fe10
119104
11f1a2
126de6
12ecd6
130a7a
1317c6
1368c0
13b572
13f1de
143cfa
143dbc
13e832
13cb64
141750
147ff8
14d16a
14dfa4
14a48e
147714
148732
148bf4
144058
139752
12b4dc
11ddf4
112e9e
109bd6
105498
1076e2
109eac
108ae8
109992
1116aa
11cb2e
12841c
134664
13f7f2
1475ca
14c1f2
14f15c
151ff0
155ea6
157a70
151e38
145cf6
139d9e
130524
126c76
11b282
10cb36
0fb28e
0e7e84
0d6102
0c9cee
0c533c
0c39d4
0bf29c
0b9966
0b7504
0b825c
0bbb50
0c23a6
0c6e24
0c4ca0
0bcffc
0b2314
0a71ba
09eabc
095dec
08602a
06f452
056334
03e9a4
02bd76
01cb84
00c0ac
ffb2ca
fedab8
fe1166
fd76be
fd769a
fdb5d8
fd9c60
fd6510
fd3bd6
fcd0ac
fc5a78
fc2c28
fbd6c0
fb1a3c
fa668a
f9d3aa
f938b8
f8d2b8
f8b3b4
f889b8
f83ed2
f7fe0e
f7fc82
f86344
f8ff60
f979ec
f9f9fa
faa996
fb20e6
fb3720
fb7e64
fc3fc0
fd075e
fd5c6a
fd43f8
fd1d2c
fd3720
fd7dec
fdaba8
fda160
fd6520
fd08f2
fc9ff4
fc4336
fc15b4
fc175e
fc0738
fbcb44
fba384
fbbde6
fc0648
fc6384
fcae84
fcb31c
fc682a
fbf48e
fb9626
fb60bc
fafc0c
fa32f0
f96638
f8ada8
f7a116
f68236
f5dbb0
f5504c
f46ad2
f368fe
f2489a
f0eb78
efd852
ef28dc
ee4300
ed36a0
ec6f9c
ebb3d4
eb0720
eace56
eab766
ea5342
e9eec6
e9a3ec
e942d2
e9157c
e94ae4
e99816
e9f534
ea796a
eae8ee
eb52ee
ec1a82
ed2cda
ee2a3c
ef14e4
f03318
f1a328
f33966
f4b81e
f6209e
f7a82e
f96920
fb51de
fd38ce
ff0b3a
00ea5e
02bb84
042afc
057e16
07231a
08a05a
096d06
09f246
0a9058
0b1778
0b7de8
0bcef0
0bf6b6
0c1046
0c1aba
0bef28
0be68e
0c3bfa
0c4e88
0bc62e
0b15c6
0a6e3e
09b78c
09139c
086b72
079cf8
06f6f2
067732
05ce96
0537e6
04eaf2
0497a2
0432c2
03d40a
033b46
02943c
0250ae
02328a
01efb4
01bff4
019b18
016408
0164a6
0199de
01c98a
024a78
03188e
036fc4
035208
03883c
040e60
046486
04a2a8
04dfce
04d410
04af92
05036a
05dda2
06cd5a
0776b8
07c0d6
07e6c6
084aa8
08f9ac
09a20a
0a2cf0
0aad86
0af602
0af7b4
0b2bd0
0bd77e
0cb5ec
0d9148
0e4fbc
0eb978
0f03a8
0fa566
107de6
113c5c
11f3ea
127cb0
1293d6
12a37a
1315b6
13aaaa
143666
14b1ec
14cc4a
14847e
145e82
146164
142426
138ecc
12c656
11fac0
1164fe
10fa06
109ada
10644a
104620
0ffe3c
0fa470
0f7488
0f4e58
0f02ac
0e8244
0dc6ee
0ce296
0bf928
0b1678
0a6848
0a1354
09c272
091670
082f0e
076a0e
06ee3c
06975c
060a3e
050db0
03d486
02bfac
01fe0c
01798e
00f818
006980
ffebaa
ff6c8e
fec726
fe3466
fdfe3a
fe0996
fe0e6a
fde4c4
fd84b4
fd234a
fd1886
fd7a78
fe0b1e
fe7980
feaeb2
fed4d8
ff0600
ff3536
ff7992
ffec2e
005d38
00abd6
01032e
019262
025a88
0337bc
03e308
044b82
04cd36
059334
063f8c
067b3a
065540
060fa8
05cb7c
055bd2
04adcc
041266
03b092
033556
027cb6
01c5aa
012636
009a52
002ad4
ffa6b2
fee1e2
fdff4c
fd1eec
fc42b8
fb798a
faaa44
f9a5d6
f89320
f7aefc
f70366
f68948
f63480
f5eee6
f5cd54
f5dca4
f5fdc8
f643be
f6dc6a
f7829e
f7e63c
f83516
f8aa02
f923e6
f985b4
f9d346
fa0186
f9fd54
f9d090
f98728
f93216
f8f34c
f8cbb2
f8673c
f799d4
f6cc70
f65b08
f60f9a
f5c30e
f58d5e
f54188
f4d384
f49d40
f491c8
f46924
f45d44
f47f24
f45cca
f40638
f3cc76
f37a96
f32194
f30d74
f2cf4e
f24836
f24032
f2c06c
f331f6
f3ddca
f4ffe4
f6066a
f6ff60
f867c8
f9f3c0
fb6f54
fd0480
fe3764
feb71e
ff10c4
ff728a
ffa296
ffeff4
0060c4
007138
005062
00625c
006652
00605e
00b488
0122ea
01509e
016fc0
019c7e
01dcfc
027f38
035f48
03f14e
043c66
049d9e
050e18
057af6
05f454
064e4c
0672fc
06a38e
06e122
0706da
073cd4
07842a
0792f4
07994e
07f548
08560a
0880b8
08db60
094b16
095b04
098856
0a6124
0b6c9c
0c60ec
0d9134
0eb98a
0f8212
1056dc
116706
125eb2
1337f0
13d0ba
13da28
13c044
13e426
13e4ee
13cdb6
140276
141432
13b002
1358da
1341bc
1343be
137bdc
139c0a
133a44
12da7c
12dbae
12c3e4
128b18
12a018
12d1c6
12bc0e
1260e4
11d524
1140b8
10c178
100e46
0f0f08
0e1a9e
0d2aee
0c0ff2
0b0998
0a27b0
093220
0848e0
079adc
0715f6
06ea0a
073ffa
07ae9c
07eeda
0832ae
0868fc
084db0
080bb2
07ecf4
07c868
07470e
0662e4
0574de
04ccf6
046920
04224a
03ce66
035f78
030870
02fd40
0324ea
03645c
03c086
04055e
0408d8
0402e8
04278e
0458b4
04693e
042c18
038f40
02e498
027708
021988
018f12
00d984
0004c4
ff19b8
fe364a
fd5366
fc6eec
fba1b4
fabfa8
f97eb2
f823aa
f73c6c
f6bee0
f637ec
f58b6e
f50240
f4c544
f4b36c
f4ada0
f49ac8
f45cc2
f3f36e
f38baa
f32f58
f2a170
f1d3de
f10d96
f07778
eff376
ef7a8e
ef1fc2
eeee0c
eeef68
ef17da
ef3e5a
ef64da
efab6c
efea26
eff40e
f00326
f04676
f07c0c
f07300
f05a74
f05e7a
f08a20
f0e56e
f15e76
f1de48
f26b00
f2f5b8
f3657a
f3b950
f3de4a
f3ba78
f36ae8
f319ba
f2bf10
f25b08
f210b2
f1ef1c
f1f554
f2186e
f2537e
f2c684
f36f78
f3fc5c
f44c28
f482d4
f48a5c
f44dbe
f41ee6
f417c6
f3e160
f37ea8
f34680
f348c6
f36e72
f3a976
f3d4b0
f3faf6
f45a20
f4bb10
f4cdae
f4e7ce
f53440
f526ee
f49ec0
f42586
f3d818
f37a62
f31550
f299cc
f1ebb4
f16aee
f14c60
f13008
f0fbe8
f0edec
f0d118
f06b6a
f00bdc
efca84
ef8576
ef7ec0
efd17a
f015c6
f042c4
f0bf98
f18072
f2428c
f3260e
f44340
f56a62
f67ab8
f77c96
f8904c
f9e322
fb6766
fcda6e
fe388e
ffb912
015252
02daba
0476a4
064e60
082b42
09beac
0b0d00
0c589c
0dccc4
0f4fbe
1091dc
118258
127368
136e44
141c34
148666
1505f2
158ffe
15f3b0
16412a
168178
16b2aa
16e8b6
16ff96
16bf4e
1644c6
15abdc
14f47c
144c7c
13afaa
12c9d8
11b1dc
10ab76
0f917e
0e6ac0
0d8002
0c8dfe
0b537c
0a2d38
0936ec
082a66
072b66
0656a0
0573d2
04a5b2
042c00
03c88c
036026
032b8a
032376
0314c2
02de3c
026dc2
021136
02207e
024584
020a32
01a16e
01592a
014668
01862e
020e7a
02a940
035586
040352
0484a2
04ff74
05a3de
063ff4
069ac8
06b26e
0694fc
067290
066058
064676
063602
064518
0646cc
064338
067a70
06d292
071ea6
077ab8
07c4de
07b620
076682
07131c
06bdf6
065e14
05d492
050d7e
044cce
03cc8e
0368cc
031782
02e0a4
029134
02212e
01d080
01a622
0183fc
015df0
0102f0
005ae6
ffb5b6
ff4454
fee7b2
feb4a8
fec212
febfd8
fe84de
fe570a
fe454c
fe257a
fe0b78
fdff2a
fdcd66
fd6c06
fceef2
fc6610
fc013a
fbc846
fb621a
faab98
f9eda6
f9362c
f8750e
f7e62e
f78580
f6fff0
f65e64
f5ccd2
f52532
f47174
f3f784
f3915a
f322f2
f2eb4c
f2c076
f2615c
f23dec
f2941c
f2d2f4
f2d166
f2fc78
f35a26
f3ac5c
f3db1e
f3c078
f3846a
f3b2fc
f43b3e
f49140
f4d502
f56096
f5f602
f66446
f6db70
f75e94
f7e1b0
f874d2
f8d6fe
f8e938
f9058a
f921f6
f8ec7a
f8c21e
f8edf8
f8e908
f88648
f83dbc
f80772
f7b570
f77cb4
f74b48
f70628
f7065e
f730ee
f718dc
f7232e
f78fea
f7bf1a
f7afb4
f7e6b6
f81230
f7eb20
f7b284
f71b74
f62f0c
f5c94a
f5ba46
f55112
f528c8
f5836c
f5a616
f603c6
f75180
f8b864
f9e76e
fb8c7c
fd3fa6
fea4f0
005b54
01eae8
0292b6
0335be
043206
049da8
049faa
04c220
04842c
03f8d0
03ae0e
034406
02c6c0
02d332
02c178
01f3a0
014ca4
012488
00cd62
007240
007e2e
008c3a
008e6c
00d9c6
01335c
019f30
028046
036aa2
03cc52
041a56
04a7a6
04e250
04d25e
0531de
05d3de
06186a
062984
064c30
067088
06db9e
079e7e
08393c
08ceec
09c592
0a853e
0adf1a
0b9232
0c6090
0caf5a
0d229c
0ddb6a
0dfff6
0ddd54
0e1174
0e1972
0dfb7a
0e3996
0e41d8
0dfd56
0e421a
0ea13a
0e62d4
0e48fa
0e8bb6
0e7642
0e72a4
0f05c8
0f80c6
0fabbe
0feba8
10108a
102a74
10a16a
10f77c
10e1bc
10f326
110dc8
10bcbe
10760c
107caa
1062a6
103e08
1034c4
0fd9d0
0f4e3a
0f08fe
0ecb20
0e7194
0e5058
0e3666
0de8c0
0dc364
0dcd4a
0dc960
0deca6
0e3bfc
0e5c48
0e6872
0e986e
0ea41c
0e6974
0e0f62
0da5ba
0d4e56
0d1d26
0cc018
0c2000
0b8bca
0b034e
0a4662
096eee
08a9d2
07d9d8
06d4e8
05a7f4
0480ce
037c64
0293b2
01c290
0115d6
008f72
002144
ffac28
ff2306
feabc2
fe5930
fe0a46
fdb2f0
fd5314
fcc0a4
fc02a2
fb56f8
fad0a2
fa70a4
fa30f8
f9e196
f97782
f924a8
f8ee0a
f8daba
f903ba
f93012
f93fc8
f968da
f9954c
f9992e
f9c97a
fa2e3a
fa567e
fa3d4a
fa1198
f9da5a
f9c790
f9df40
f9c77a
f99536
f9896a
f96910
f92422
f8f28c
f8c338
f88614
f85804
f817ee
f7bab2
f75828
f6c030
f5fcac
f56a70
f4da62
f3f162
f2f23a
f222c4
f15dde
f08c56
efa504
eea4b8
edaf38
ecc056
ebc3f6
eaede6
ea46f6
e98d06
e8bbee
e7e086
e709ac
e69c32
e6c1f6
e6f5e8
e6e3f0
e6bee4
e6aba4
e6bb18
e6f430
e73cee
e79d58
e81a62
e86f1c
e89194
e8dcc4
e974ae
ea3b74
eb082e
eb9ff0
ec0fda
eca6fc
ed4374
ed9d84
edee58
ee6418
eec900
ef2746
efac1c
f040b8
f0d55a
f18444
f247b6
f31dec
f3ff16
f4d770
f5d540
f716bc
f84922
f944b6
fa39ac
fb2d36
fc2876
fd54a8
fe65fc
fef5a8
ff3bc8
ff838a
ffb520
fff4b0
007362
010758
0184ac
01da88
01f11c
02186a
02b26e
03972e
0484b0
055bee
05ddea
061298
064fe6
0699d6
06dc6a
074084
078510
074e14
06ed7c
06c330
06b714
06c010
06c90c
0681f0
06059a
05b2e8
0570d4
052254
051352
053fce
054fc4
052524
04c9e4
046600
044e78
048154
048c9a
045654
042d96
04167a
03ff18
04258a
0491fa
04e19c
0517ac
05a456
0684bc
07730c
08767e
098250
0a5dc4
0b481c
0c7da2
0d9f9c
0e8c4a
0fa9e4
10e6b4
11ee12
12f446
142d92
156f32
16c948
182b06
1910a4
197548
19f01c
1a925e
1b053c
1b59ca
1ba020
1ba75e
1b9286
1ba5aa
1bc9c6
1be6b8
1bfd4c
1bd36c
1b3eec
1a5d98
193048
17b6ce
163ce4
14e14c
1360d0
11a21e
0fd2e8
0e26e4
0cbcaa
0b71d4
0a0af8
08a1ae
075e86
06111e
04990c
0307d8
015212
ff915c
fdfe68
fc71d6
fab752
f90a78
f778e8
f5d554
f44e78
f32308
f232ca
f1748e
f10312
f0b21e
f07692
f08140
f0b710
f0f3f0
f176c8
f24476
f2dfe8
f31d16
f346fc
f374a0
f39e0e
f3ee5a
f451ac
f46b30
f44e04
f47054
f4db52
f54b24
f5bff6
f649fc
f6c64e
f73902
f7b848
f8085e
f80966
f81c7c
f873ca
f8b37a
f8b8b6
f8c7c2
f8e5bc
f8deb4
f8b7ce
f87f20
f83faa
f83180
f84ec6
f83882
f7cdb6
f74076
f6b7b6
f65e6c
f63fa8
f62d62
f61784
f5f40a
f594e6
f528e0
f508da
f4f7d0
f4be9c
f49324
f4515c
f3bd10
f3150a
f26e4e
f1c4ca
f17b52
f187be
f17dec
f19ba2
f1e8ca
f1c84c
f17bec
f19980
f19afa
f14748
f1264c
f0ccfe
efcf54
ef283c
ef0ebe
ee76e0
ed9c88
ed74ac
ed8f50
ed8780
ede246
ee4abc
ee33e8
ee61be
ef3050
efd9c2
f0a60c
f2253c
f35b82
f3cdf6
f476b2
f555dc
f5ea82
f6baba
f7a1c2
f7e5d8
f82d14
f8c6ae
f8e2f2
f91cf0
fa55bc
fb8096
fc1cae
fce31c
fd6214
fd84b4
fe8e0e
001d50
00ecb4
018434
0251fc
02d144
037316
047586
0501ce
055b02
061424
066856
0616c2
05e670
05c982
059c18
05b036
058ce8
04d750
046e70
049a46
0495f4
045692
04442e
040ee2
038cd0
0367fc
03d164
043a26
04ac56
058ffe
06852c
0747e8
083a2c
0918ec
099134
0a5604
0b5d74
0bc2a6
0c0e9e
0cf45e
0d74fe
0d5788
0d99ee
0df648
0df1b0
0e2028
0e4fb0
0e144a
0e11e6
0e1e90
0d7e7a
0d09b6
0d473a
0d3a0e
0cef36
0d2fae
0d657c
0d1fa6
0cf528
0cd2fc
0c6f26
0c388e
0c0a26
0b64f6
0ac3f8
0a7728
0a0b80
09b2e6
09d736
09e072
097e8a
09545a
095ac6
0907c4
089d3c
086014
081142
07e0c0
07d978
077c58
072148
075526
076cda
072544
072a3a
071890
065f32
059706
04c3ee
0374d0
025baa
01af66
00ade2
ffb910
ff4fd4
feb61c
fe09ce
fe17c6
fe58e4
fe5d12
fe8a2e
fe980c
fe5096
fe49be
fe486a
fdda7e
fd92fe
fd64e2
fc870c
fb6866
faace6
f9e78a
f8f34a
f83226
f76b0e
f6870e
f60f26
f5e04a
f56c7a
f50bc8
f5242a
f540a4
f52642
f52318
f50f22
f4b66c
f483f2
f496c0
f49df8
f4c1aa
f522d6
f56988
f590d8
f5c2c6
f5d152
f5e78c
f64282
f67228
f65b8e
f671b0
f67a80
f6341a
f61e84
f651a4
f66682
f67630
f67e98
f63bae
f5e17e
f59bfa
f52ffc
f4ae84
f4407c
f3beb8
f3302c
f296ca
f19d62
f05be8
ef5a5a
ee9c7c
edc23c
ecdb9a
ec3470
ebc68e
eb50e4
eacd3c
ea7168
ea5d5c
ea7ef8
ea99fe
ea6a5e
ea030a
e993da
e8fbba
e83da8
e7cb88
e7c73c
e7d2c4
e7ac10
e7630c
e731b6
e72e0c
e73904
e7509a
e77fd0
e78fa8
e7793a
e77a90
e790ac
e7c59e
e83082
e87a5e
e8b136
e9501a
e9e330
e9fd8e
ea5a40
eafd60
eb4dfa
ebe820
ed05f2
edb788
ee53e2
ef8506
f0780c
f11ef8
f234bc
f2f66e
f2f410
f31aa6
f32954
f29f2c
f25a22
f26c4e
f24cc4
f28878
f2eb6e
f290ac
f23c20
f270c6
f230a6
f1b2a2
f1c3b0
f1a1ea
f10056
f0ace0
f09194
f0747c
f0cf8c
f15fc0
f1ac22
f2019e
f25d32
f292e6
f2fcb0
f37694
f3a8a2
f40de0
f4c962
f5353a
f5697c
f5f640
f6a8ae
f731ec
f7c326
f8657c
f8ef0e
f998f8
faa564
fbbd80
fc9390
fd84c0
fecc2e
fff0fe
00cf72
01cab8
02b916
035dda
041038
04ce5c
054986
05ccee
069cc4
076a54
081fee
08d5d0
097b32
0a2c50
0af050
0b815a
0c15a8
0cf356
0d958a
0db07c
0dc844
0e09f2
0e39a6
0e897c
0f0582
0f2fe2
0f13b4
0f3500
0f89c6
0fcf06
1049ae
110eb6
11ad0a
120680
1260e8
12ce22
133afe
136148
12dde6
11e3b6
10dc88
0f9c34
0e3790
0d3f68
0c719a
0b42f8
0a004c
08e04c
07d2ce
07398e
06fc48
0653d2
053e04
0425aa
02f896
01e892
014774
00d21a
006a60
000d1e
ff613e
fe9ba8
fe2f36
fda6de
fcd89c
fc7b5e
fc7d34
fc5a34
fc6664
fcc9d2
fd1586
fd617c
fdeeba
fe8c60
ff348e
ffe95c
0044f0
004662
0057de
0091a4
00d2e2
0117ba
015b68
01c812
0276c4
031da4
0387e8
03e0aa
0429fe
0431f8
040da4
03f21a
03f878
03fdcc
03f424
041b88
0472e2
047114
040ff6
03d264
039a4a
02f28e
01e9fe
00996e
ff26a4
fdf06a
fcbb92
fb25f4
f9b74e
f8a65e
f74fd8
f5c056
f46784
f31518
f1d1a6
f0c0c0
ef6530
edda9e
ec9aa8
eb2806
e97456
e85832
e77a50
e62574
e4d43e
e3a670
e25bce
e17a12
e0d900
dfcd72
df222a
df5104
df57e2
df3a9c
dfb718
e02b52
e02522
e03e70
e06834
e05e72
e08822
e0c960
e0b44e
e0ad04
e0fca6
e13960
e1725a
e23dba
e389b2
e4cc62
e60cf6
e77ba0
e8c08a
e9b8d8
eac3b2
ebdf54
eccdfe
edade8
ee4c48
ee7f5e
eed868
ef4ba6
ef2956
eeeba0
ef2eb0
ef62d0
ef6b38
efa40e
efa880
efa0ac
f03fa0
f0f97a
f14e68
f1e576
f2c4a8
f37218
f41bd2
f4a9d8
f4ee3e
f56d00
f6111a
f658aa
f6abc8
f7166a
f6ea8c
f6982a
f6c838
f6e0bc
f6a5c4
f6ac3a
f6c110
f6864c
f667de
f689b8
f69ed6
f6dd3e
f776e0
f7f8b8
f82dce
f88a2a
f91bd8
f978d8
f9b732
fa25fa
fa863a
fab208
fafa78
fb5fa0
fbad94
fc1662
fc8316
fca0de
fcc8d8
fd6216
fe0fbc
fe95f2
ff17da
ff7ea2
ffea82
00cd88
01f6de
0310ca
045b66
05e1ba
0737fe
085d60
098d02
0ab908
0bef9a
0d38cc
0e38da
0ec9f8
0f2934
0f6caa
0fb87e
103cb8
108c78
102bfa
0f7250
0edb7c
0e6f9e
0e27dc
0dff58
0dd924
0dbd4e
0da9ea
0d9806
0dcfac
0e56d4
0ea87c
0eb1a4
0eeb44
0f3a54
0f23cc
0ed3bc
0ea322
0e66ee
0e0c0c
0dd676
0dc530
0d9d30
0d6368
0d11c6
0c7a2e
0bf386
0bffb0
0c3896
0c042c
0bbe5a
0bcbf6
0bd5ee
0bc434
0c02a2
0c8520
0cde9a
0cf8e6
0cded2
0c8044
0bfe1a
0b6e24
0a8f56
095c8c
084098
075456
064cb4
053694
043be2
03357e
02383a
01a8da
01543e
00b048
ffd0d0
ff2aac
fed4aa
fe78b0
fde89a
fd6150
fd1aba
fcd6c0
fc6d32
fc20f0
fc15ea
fc0306
fb9118
faccf8
fa4b76
fa4b6e
fa2bca
f98c78
f8cb66
f7f18c
f6e4e4
f62452
f5dcca
f5bb42
f5b4b4
f5b320
f5966a
f5c366
f64bfa
f6a40e
f6b69c
f6b2a6
f6712c
f60e22
f5af78
f52b34
f4ad6c
f47116
f42a24
f3d09c
f3af6a
f39d80
f36bda
f33f6c
f30538
f28f42
f1f18a
f1571a
f0eb0c
f0c374
f0ca46
f0fa7c
f16028
f1ed4c
f26eea
f2a1fe
f29e7e
f2dc76
f342f2
f343fa
f2f2a8
f2a814
f26550
f24e60
f28346
f2c310
f30ae0
f37fc6
f3d1b2
f3d0b4
f3bbe6
f3a050
f3750c
f38346
f3dc2a
f422d8
f43956
f49d9e
f5a2be
f6bdd6
f766ee
f7d204
f83618
f8b312
f974f0
f9f9e4
f9cafa
f9ac34
f9feb0
f9f984
f9a29a
f9a608
f9cee0
f9cff8
f9d546
f9e112
f9f95c
fa1fda
fa1b76
fa297c
fa90f2
fae696
fafc64
fb0680
fae6cc
fab52e
fa9db4
fa5b54
fa0f04
fa12ea
fa2a12
fa4b50
fa95b4
fad058
fb3614
fbfdf0
fc6f08
fc7f4c
fcdcae
fd1840
fcc90c
fca314
fcc37c
fc9c58
fc28cc
fbb80c
fbc22e
fc624a
fceca6
fd5788
fe0708
fe7c30
fef610
006dc2
01fb76
02a954
037b5c
047cb6
04c69e
05492a
067f72
070ccc
076058
092722
0b0450
0ab822
09e4a6
0b3cce
0cfecc
0c4cde
0b1910
0bf072
0cc034
0c3860
0c7cda
0d53ba
0d1a12
0d24c2
0dc2ba
0d1316
0c04c8
0be8b0
0b36e2
09f162
09a60c
0960ea
086e16
08185e
083e94
0809b6
07f2a8
07e52a
078320
077870
07a6f8
075a78
070bc0
06efd2
0639ac
04e21a
03a2fe
02c34a
01faf2
00e0fa
ffd57a
ffab58
ffef68
ffbdbe
ffb43a
0072ba
011544
0102e6
00d462
00eeac
01260e
013998
010b0c
00d954
010bb8
017958
0186f8
011988
00e436
014e06
01ab06
017372
013064
0140c6
0130be
00e068
00bfb0
00df9e
00f846
010486
01195a
0100e0
007d0a
ffdcc0
ff8c0c
ff340a
fe7eba
fe030e
fdd0de
fd1718
fc28b6
fbfca8
fbedc8
fb2b04
fa8728
fa8ff8
faa750
faa10a
faa2ec
fa57da
f9cc8a
f95abc
f8c65e
f7dc4e
f6b82a
f528c8
f33b26
f1a006
f09214
ef7036
edd642
ec2b02
eaf760
ea4240
e9bd78
e945d6
e8ee30
e9045a
e9c018
ea7e44
ea6bc6
e9e474
e98a1e
e9209e
e8a9ea
e85e12
e7b31c
e6b310
e66bfc
e6b8f2
e6b7f2
e6c8fa
e75f16
e7f848
e858b4
e87296
e80b02
e7baf2
e83b98
e90534
e98bd0
e9fa88
ea6ba0
eb1f30
ec4744
ed2b08
ed76ac
edf44c
ee9d30
eed38e
ef1f72
efc606
f0087a
f047d2
f1572c
f25bd2
f29dda
f2ec2e
f37fd4
f3e9da
f49c46
f59912
f5c146
f508d8
f48bba
f494cc
f48904
f3ea6a
f2d11e
f1f226
f19366
f109b2
f066f6
f08f08
f12fac
f15fc4
f1802e
f1e39a
f1e7c8
f1b486
f1e898
f20ce0
f1be44
f14ca6
f042e2
ee6cf4
ed10bc
ec7922
eb9416
eab9a0
eabdc6
eaf07e
eafc92
eb71de
ebf974
ec8e56
ede366
ef27b2
ef8360
f00864
f10bca
f1ccb4
f2f754
f4dfd2
f60856
f60a08
f5f922
f642d8
f7015e
f83814
f92766
f9a9a4
fa7d1c
fbca08
fd6b8e
ff9aea
022076
04436a
057cde
06150c
06e14e
07cb02
082062
0876b8
099474
0ab7ec
0b6850
0c3fdc
0d70dc
0ef578
10abc8
11c304
12325c
12edd6
13ca8c
13ee88
136adc
12c89c
127dda
1247a2
113924
0fe884
0fc0c2
100ed6
0fc3c4
0fa682
0fee18
0fe68c
0feeac
106244
10ed54
1181d6
1189ae
10c7ca
10be10
11b24c
11f25a
11a00e
11cf36
11b6d8
10fee2
109b1e
10376a
0f44da
0e6b68
0d9ef4
0c5c7a
0b80fc
0b8072
0b2bb8
0a20bc
099970
0a02be
0a7b88
0acac0
0b9974
0ce8a8
0df12e
0e4dee
0e47e2
0e5014
0e528c
0dbd3c
0caf18
0bf124
0b686a
0aa7ec
0a5c90
0aff54
0bd144
0c4f50
0c8238
0c6ef0
0ca2a2
0d5b3e
0d88a0
0cb6ca
0bffb8
0bc654
0b3e9a
0a2786
08ea16
07cd50
06ea0e
060a38
04e1f0
03b148
02ea0e
027436
01e9d8
0160cc
012dde
00eafa
ffe908
feb2ea
fe5c9e
fe8d0e
fe332a
fd93e4
fd7646
fd8f30
fd8772
fdddee
fec696
ff8748
ff6cde
feaf54
fe1f8c
fdfb4e
fd9382
fc8c30
fb7546
faaa8c
fa08e2
f9b22c
f9b55a
f9ad36
f96972
f8e4e4
f83176
f7def4
f7f532
f75e20
f5d0a8
f460a6
f38af2
f2cf6a
f1d2f4
f0ba74
f016be
f002a0
efacec
eeff56
eeb686
ee776c
edb6f0
ed26ee
ecdf3e
ebfbce
eaae9c
e9a3a2
e8eeda
e8d630
e94382
e949a8
e8d376
e8badc
e920e0
e9a384
ea15c6
ea73a2
eae7fc
eb80e4
ec2186
ececfc
edb632
edfa1c
ee30b8
ef02f4
ef8ed2
ef1386
eea24c
ef0932
ef656c
ef094c
ee9d0c
eefacc
f01bc0
f18a1c
f308fe
f47e78
f5b79a
f66972
f69112
f6d686
f7bcea
f8848e
f875c0
f858b2
f8bab6
f8f02a
f91850
fa265c
fbeca2
fd8342
fe862e
ff1a82
ffd970
011212
020076
0206e0
01a9a0
0178e8
0193f0
021f04
032460
046726
056882
059dac
056ac4
05ecee
074062
084964
086f26
087adc
0947a8
0a2dac
0a8b0a
0bc7e8
0e845c
106a7c
10812e
10d56e
11db6e
122f56
12250e
126098
122b34
115d1c
105f84
0f6598
0f476e
103b22
10ffc4
117040
12787c
13dd6a
1534c8
166256
16bd26
168b2c
16882c
157336
12ab9c
109272
1023b4
0f6b62
0e0c5a
0d9b88
0e0908
0e1ec6
0dd574
0e06dc
0ed5e0
0f6f80
0f53c2
0f0c8c
0f0dcc
0f2f74
0f3b44
0ec426
0d9f42
0c8890
0bcbce
0ae1e0
0a32dc
0a52b4
0a4b46
097d84
08f97e
09744e
0a55d2
0ad5d4
0aad62
0a507c
0a5cdc
0ac15e
0b3814
0bb0de
0be65e
0bad62
0b0de4
09e304
0867d2
06f54a
05516e
03ee34
03b092
038ea4
024948
01302c
016132
019e70
00f092
ffaa3c
fe588e
fddb90
fe4f0e
fe6004
fdad80
fd3644
fd24f6
fd1780
fcf5fe
fc6b56
fb881e
facaf8
f9d0e6
f891f0
f80de0
f7bfae
f68b5a
f5c09a
f66a30
f6c308
f5eef4
f58cd4
f61da4
f66108
f5df8e
f5172e
f43ff6
f31fa8
f17d24
efd164
eec942
edcca4
ebeca2
ea1940
e9d64e
ea8da6
eadd2a
eaeecc
eb3970
eb3ff6
eb241c
eb93aa
ebe8b8
eba574
ebf5a2
ecbdf0
ec428a
eb25c8
eb327e
eb605a
ea7286
e9cc50
e9e7ba
e94fcc
e85ea6
e8d53e
ea5e78
eaf56e
e9f56a
e92276
ea4366
ec5d3a
ed791a
ee0020
ef0144
efbaa8
efac5c
ef9550
efd096
f0776a
f139de
f0b702
ef4124
ef6880
f107f4
f1836e
f15d12
f29efc
f40d0e
f43222
f49648
f61d9c
f73d0a
f74970
f746ec
f7d5b2
f86bc2
f81e0e
f6cdcc
f5ad22
f5aa02
f62a78
f61ac4
f59cfe
f60bfc
f7e9c0
f93664
f8a5ce
f8bac4
faf240
fbed84
fa1fb4
f920e4
fa055c
f9d062
f8d616
f9e3c2
fc07d6
fce156
fced0c
fd9442
feef72
0047c8
00ec56
014864
023e4a
038950
04c198
065e64
08600e
0a7cee
0c7840
0d1636
0c5f14
0d1230
0f9d02
10cdf0
106d36
119a06
142fcc
1580cc
15f52a
178b2c
196b22
19ac3c
194696
1a5160
1c04d0
1c5004
1ba3f0
1b8e98
1bd240
1b9d22
1b0132
1a4f70
19e208
19d420
19b09a
199a4a
1a5732
1ba058
1c6e56
1c63b2
1bd24a
1b4a1c
1aa9d4
18d330
162842
14aef2
13f3ee
11d8e4
0f59a4
0ea8e0
0ee354
0e61b2
0d7694
0cc49e
0c5e80
0c05e8
0b239e
09fd6a
096d10
08e24a
07b5a2
06bfb4
06247e
054cfa
04e39e
0505f2
047efc
03b7a2
03ba6e
038818
026cc4
015e5a
006a7e
ff0512
fdbb4c
fcf332
fc7394
fc3e5e
fc12a2
fbd450
fc0e4e
fc8d8c
fcd5e8
fd9562
febe40
fedd9e
fe2a4e
fe214c
fe8af0
fe7782
fdfef6
fd3e2c
fc6148
fbf2a4
fb966a
fac69e
fa6e58
fb2e9a
fc2a84
fced4a
fdba1c
fe5cfe
fec4d8
ff4294
ff9c46
ff9b28
ff7848
feee82
fde6e4
fd4a92
fd469a
fcdf08
fc04ee
fb8f5a
fb8954
fb94c4
fb9878
fb945e
fbb964
fbec5a
fb640c
fa4548
f99dc2
f9176e
f7d956
f68838
f56edc
f3e272
f274f6
f1c91a
f10db6
f073aa
f100ae
f16b8e
f03430
eee474
ef4702
f05a5c
f0112a
ee488e
ed0396
ed72d8
edfbf0
ecebee
eae5d4
e96890
e967ec
ea72c0
ea8a2a
e93526
e87340
e8d256
e95e8e
ea58ba
eb5dac
eb4c70
eb4ae0
ec85d4
edc170
ee6492
eefa1c
ef5558
ef6036
eecc6a
ed4e36
ec950e
ed4804
ed1146
ebf4fc
ec3b0c
ed2386
edb4a0
ef0d5e
f02af8
f01192
f102e2
f3040e
f36694
f2d070
f322ba
f3b408
f42b94
f5156e
f653f6
f7a264
f7fcd4
f74bcc
f8c988
fd09ec
ff3634
fe3f7e
fe86a6
00e806
02c2ec
033d4c
029464
01a7a8
01a364
01ba00
01b4ce
032cd0
04f858
0553d0
063c2e
087588
0a222c
0b9ae6
0cfbb2
0cf608
0d1e00
0e1d98
0d8830
0d07d4
0f4664
10b022
0f2024
0de36a
0da942
0d3dc2
0de3ce
0f44a8
0f9f74
0f661e
0f1fe4
0f41cc
10ba86
121446
125748
136716
147f82
13abca
12f7cc
138a76
13f4d8
14a9cc
14ef48
12946c
1011f2
102108
108b5a
1053a4
10b936
111938
11c8d8
1399c2
1467d2
13d3c8
14403c
14f338
1445d4
1346de
124a88
1104fa
1050e6
0fa144
0e5d2e
0e346a
0f2be0
0f678c
0f460e
0f9150
0f7368
0f0efe
0f3008
0f99de
102634
10af92
109a28
1003f4
0f44b6
0e816e
0e7722
0ec7ac
0dddf2
0c58b4
0bb000
0b0b3a
09f96c
09b150
09ef08
09b8a4
093904
08674e
07b78e
085594
09777c
09ff46
0a9994
0ac47c
099a48
08f9e0
09bc66
0a1120
09f4f2
0a32ea
09d84a
0931fe
095612
0969da
093238
09820c
097ba2
08a20c
08443a
08cb84
099e0a
0a4c94
0a8038
0abc2c
0b576a
0b6dd4
0b225a
0b140e
0a3f08
08dc06
087cf8
081756
06664c
04f79c
04bf5a
04c47c
047fc4
041f64
04845e
0619f4
070cda
063f64
053e62
04bf46
042fea
037744
01db4e
ff3de4
fd3dde
fbf84a
fa8320
f95dee
f8518e
f70310
f6d9e4
f73976
f618d4
f4e7dc
f52af0
f592c4
f6142a
f6a1e6
f565ee
f3ae06
f3edb4
f420e8
f2d09c
f20a66
f17b02
ef4e6e
ecff70
ec63ac
ec8eee
ebef1e
ea9754
ea2458
ea82c2
e97d9a
e842e0
e9d932
ebd09e
eb174a
ea36b8
ea2cb2
e8df98
e8126c
e8f442
e81894
e6243e
e739a8
e96c3e
e8fa9c
e7d58e
e8d1b6
eb1514
ece5ca
ee02d8
ef021e
ef36ca
edd864
ed4dee
ef305a
f01e4e
eee130
ef24dc
f119b6
f1ee46
f2904e
f4a5ba
f72bd8
f958a4
fa9724
fa708e
fa3fc4
fa7af0
f9e6a2
f8e724
f843a8
f77294
f6d10a
f71d38
f86494
fadd3a
fd3f26
fdef96
fee470
01979a
039b82
040860
040e46
03599a
02f57a
0475e0
056e34
0483ba
03fd68
030cbc
001d36
ff079c
01fd0a
04a752
044bd0
03756c
047c38
06c186
090fb4
0bb7e6
0eda0a
106f48
1017aa
10aafe
124fc0
12928c
125a14
131d20
132f70
125666
123fce
1284ec
12ba2e
13d78c
1579fc
16b17c
177fde
180502
18c4e0
198a62
193186
190112
1a11cc
1943dc
15e25a
144102
14a1c2
139cac
123350
126260
1230e4
105c88
0eb2da
0e879e
0ed094
0ddd9c
0c65bc
0c258e
0be2a8
0a5de6
094ae4
08903a
06c3f4
05bf1a
061134
04f6be
02ed64
02191e
013008
ff870a
fe9bec
fe67aa
fe6828
fe235c
fc7c76
fb2d68
fcbfe2
fedcf4
ff1dc4
ffb62e
016a22
0204bc
01b5f8
0216fc
02aefc
02b302
028a36
0292d0
0265fc
017402
00341e
ffc456
000e1a
002cf6
0031ac
00ac24
01a90c
02d8cc
03e43a
050f5e
071762
098f3e
0afdf4
0b1b7a
0ac6b8
0a30e4
08e830
070a92
053106
037db4
0177d0
fee770
fc7952
fb1b54
faffa2
fba1fc
fc67d2
fce2d8
fcf8d4
fd0544
fd78c6
fdfc06
fd5fb2
fb3bb0
f8c5b0
f6bafe
f47870
f2461e
f0c46c
eebba4
ebf686
ea7ea8
e9d772
e8086e
e6ab06
e71ba6
e73d08
e679c6
e6154a
e5ac3a
e53220
e4c34e
e2e968
e09a4e
e025ba
df8642
dcd49c
da7db6
d96d58
d859f0
d7cc5e
d79c32
d6a452
d680f4
d823fa
d8e0cc
d78a44
d6b41c
d7cf68
d8b05a
d7c62e
d78f12
d99b42
daed30
dacf38
dc8f78
dfaf4c
e19c2e
e3b13c
e660c0
e7ed30
e9bc84
ec6ae4
ed5926
ed48b2
ee61b6
eed320
ee82b0
f0597e
f38ff4
f5f3e2
f849c4
faeff4
fd7cd0
00bb82
041550
05e682
06e85c
07ed52
07bcc6
0690dc
06bb0e
080dd0
079526
057572
056566
073026
0739b6
076858
0b6502
0ecdb2
0d8dc0
0ceb18
0fc07a
10c854
0f10f2
0eae16
0ee0ae
0dced6
0d83aa
0e156c
0d5b0c
0bcd52
0ab472
0a5c8a
0b0b5e
0c0216
0cc008
0db938
0df8ae
0ded56
10c8da
153b68
16f33c
178fd0
1995fe
1a1330
18c738
19ced6
1c6080
1c7578
1a9d80
1983a8
18cf4a
1745b0
1676ec
17feea
1942c2
1840ae
183596
1a1d62
1a7f4c
1ab860
1dec80
2056ac
1f78b8
1f26bc
1f894a
1de46e
1c93da
1d8be6
1e32a2
1d7f68
1cc840
1c7da8
1c7978
1c0380
1b10ee
1b37ae
1bb1b4
1a3242
18b154
19a7c4
1ab586
1a2452
1a11e4
1b1850
1b3b88
19ec50
18b190
185dfa
17a180
15e486
150900
15307e
141f14
1264d0
119c44
105156
0e6236
0e7ab4
10456c
113120
10dfbc
101f22
0fcce6
1097c2
116806
11368e
109cae
0f3c6a
0cae06
0a3d10
082478
061d9e
052c28
0418b2
00e88e
fdd3c0
fcf9ec
fd0440
fdc9bc
fff3d6
020d5a
034b48
03e138
0357bc
027694
01fac4
00dc7c
ff476c
fd792c
fa0d2e
f6aa00
f61a3a
f65d42
f59c18
f597ee
f62c96
f6265e
f67ee4
f6e450
f68166
f69082
f6aebe
f58952
f4739e
f3ca5a
f239d0
f0a49c
efd02a
eec590
edd3ca
ed2058
ebeec8
eb61b2
ebb5d8
eaf006
e9d6e8
ea0f60
e9e68a
e8afe4
e7cee6
e6a0b2
e51512
e4f770
e574c4
e4d702
e3d090
e22a3a
df6326
dddb20
de3f16
dd7d68
db103e
d9f190
daf230
dbaaec
da74fa
d91c78
da8c02
dda4a0
de5200
dc8168
dc8ce0
e052ac
e475ec
e59ff2
e5ca76
e876dc
ebc936
ecb6be
eda180
f02f8a
f13862
f0be8c
f1d46c
f2e7ce
f1eb4c
f19bf4
f35968
f51fa6
f6ba28
f95546
fc97be
ffa4e0
02d46a
073c24
0bae56
0ce29e
0baa58
0bf47c
0c9760
0ab398
08d37c
090a76
091022
0871c6
08b6a0
0981e6
0a9224
0c4ae4
0e39a0
0fe3ca
103b0c
0e9b1c
0d7d50
0e3d14
0e4c60
0d8dd0
0eab42
107e24
100e90
0d6204
0a1730
0892f4
0a7258
0c8ca2
0ac9f4
07070a
056d00
065b14
085f02
0b47a2
0eecfc
11f7a6
12e334
1252d2
12ed4e
152b1c
163448
151710
13fc64
129980
0e86e0
09dcc0
095822
0c3c0a
0df3a0
0dc814
0dfc2e
0ef176
1051fe
125e08
13e76c
142100
14e2e2
16324c
15068a
1267ca
12f8f0
159f18
15726a
1385ae
13edd0
1560f8
148b00
1260d6
118de6
11cf3a
1125aa
0fd098
0fb16a
0fe5ee
0ea8be
0e3a84
106032
121326
120d44
1294be
131016
11ea76
10b1f6
0fff98
0f0778
0ee67a
0f3e64
0d9420
0a9180
089760
07e1c4
080556
088078
088818
085036
076d34
055084
049054
067fee
072b20
04f580
032fa6
01f266
fe93f2
fa955e
f8bc4c
f7ec80
f65866
f47c0c
f306ea
f1bee8
f14a88
f33ba8
f6d1b6
f8cdba
f8dbe8
f9ead0
fb8e22
fb07e0
fa0b06
fb0096
fb22be
f84f8c
f551f0
f3e70c
f2d6ea
f218c2
f22a0c
f265d8
f2e6a2
f43a1c
f5ef76
f792b2
f8d56c
f9755a
fa3676
fb46e4
fb226e
f991a2
f7e458
f649ba
f533ba
f58502
f5695c
f349a8
f1c990
f2685c
f25bae
f092b4
eede8e
ed8f9c
ec8032
ec2944
eb32ec
e8f5a4
e7b7ac
e77be0
e5dc5c
e414ac
e3e854
e2dd54
e0377c
df0a46
dee5e0
dd1adc
db310e
db00fc
dabbbc
d9b676
d95df6
d94b32
d8f794
d9d25a
dc237a
de860a
e0db38
e3653e
e5148c
e63fae
e981bc
ee76ea
f0ecf6
f07b6a
f17324
f41d70
f4cd4e
f43e70
f5be20
f84ce2
f9725c
f9a01c
fa6ab0
fcebbe
00c50e
03c544
05d378
096ca2
0dc852
0fc80a
1026e6
117a04
1320cc
1301a8
10f81e
0f0b72
0efcba
0fc47e
0f9e48
0f501a
0fa1f4
0f9bfe
0fe9d2
120b2e
143260
13c06a
118dfc
101cfc
100150
0fdcd6
0f4188
0f6b08
0fc8ea
0dff28
0ac2a8
0907e8
091eb0
0972de
08cc0e
06baf8
04f192
04d8ba
049560
03f91c
05db10
08e000
094a26
087808
08dbea
0955c2
09679e
09b314
0974dc
086cdc
06bd46
03f474
01a14e
019492
023492
01cd98
012e6a
011be0
01dc2c
039d68
058e90
073574
08f2f8
0a788a
0b579c
0b8044
0b2f84
0bc380
0d615c
0dd284
0d5b6a
0dfb38
0e24f8
0cf8ca
0d0bda
0d96c8
0c6e2c
0c5f16
0e65ca
0f1baa
0f2b8a
10c144
11b852
123e00
14e026
16f5ac
163b74
15f38c
16b574
161d3c
15b0a2
16ab0c
1684f6
1508ec
14659a
142648
130c0e
11b9ae
111bd2
114130
113a9a
1008ec
0e5ae6
0d5f84
0cd4c2
0c1540
0aeeac
094af0
076ed0
053046
02326e
ffb6be
fec6a0
fdc44a
fb7fe6
f977d2
f8ea68
f965ca
fa4448
fb3c72
fc4054
fd31b2
fdd008
fe6cd0
ff2304
feceb2
fcfd38
fad102
f8fab8
f7829c
f6777e
f55448
f3b452
f23460
f195fa
f2813c
f49418
f56514
f44a00
f40a06
f542f0
f5516c
f42a48
f3cf86
f3bc36
f2791e
f082fa
ef53fe
efb530
f0fdec
f224d4
f30a1e
f2eb98
f11dc4
efd6b8
f083ae
f09958
ef3060
ee070a
ec179c
e8e7d8
e83088
ea2fde
ea1dde
e7f408
e853f6
ead1c4
ea72c6
e6c42e
e536da
e7d584
e8bd60
e49404
e189a4
e38f02
e51a2c
e36e82
e35f44
e6616e
e962f2
ec2c20
ef1766
f0b5ac
f252b4
f5c1da
f8b0b6
f9b674
fb3306
fcbf74
fb1302
f7ba1e
f76830
f93b8c
f87aae
f609f0
f6f66e
f9fe76
f98196
f78f20
faac2e
008af6
030f82
047ec8
07e5c4
08d856
069374
072a7a
0a08bc
096a38
06e0c0
061170
044cda
00f492
00b886
038c62
04ff2e
050e04
05b2d0
058a40
0421e6
047fe2
0715c6
07c268
0530e6
044054
076c54
0974ae
0704da
050f06
066036
066ffa
042e36
040628
0566d0
041a10
016808
0106e2
02da74
05734c
083436
0a1a36
0ac420
0b0edc
0ba87e
0c9bc8
0d5a54
0d7082
0d2ec8
0bf5ee
0942ea
07e452
09727a
0a2b5c
08bc16
093bb0
0b87e0
0b26ba
0936bc
0a7c02
0e802c
10ff32
106f90
0f287a
0f4ee2
0fe73c
0fef1c
10cf82
12a254
13cfc8
147108
146718
132c5c
135628
15907e
157388
1318d0
138ac8
152292
13671a
12136a
158dce
19946e
199e52
18c876
1b0daa
1dc4d0
1cbc22
1ac6ee
1cd126
1fcee8
1e99b6
1bed9c
1b8628
1b2326
19b4c8
19ae36
1aa054
1a6ada
197b8a
18a81a
17f92a
1788cc
16ba7a
155532
147b50
140c80
12a3d2
103a34
0d9e7a
0bb49c
0b5472
0b10ac
08bdee
05f5fa
0524aa
04fef8
0462e8
04cf4e
0622ca
06bafe
06f6aa
07876a
07a1e4
06f72e
05bf50
03deb2
01fcd4
00d4de
ffd208
fe851e
fd52d8
fc3736
fb5c24
fb825a
fc9374
fd768a
fd2ab8
fbbb76
faea46
fbb760
fbccda
f9bd0e
f89686
f9f658
fa8956
f8ae22
f72396
f761ac
f81b30
f8bbb2
f98ad8
f9d780
f82da0
f48626
f1cbd8
f25072
f32be2
f0624e
eb859c
e87a2e
e7aec6
e792f6
e73fd6
e6a18e
e662a0
e62e9a
e48ed8
e29afc
e2b3e4
e3b5e2
e3b3e6
e38cac
e3725c
e29000
e2288e
e3575c
e57cc0
e8519e
ea6bfa
ea7f3a
ebf558
f1361c
f591e0
f628fa
f6b01e
f82314
f7875c
f55f7a
f3d47e
f2a0a4
f1baac
f17924
f10508
f0c28c
f25534
f56e28
f8324c
f998e6
fa3d1e
fb8dcc
fda724
ff4faa
00166e
ffa926
fdc1de
fc5f26
fcd1a4
fc7980
fab170
fb1676
fd2f0e
fc6e8a
fa54d6
fc18b2
ffed22
007992
fec62a
fe7d96
fea3f6
fdbbea
fdc294
ff64be
010f80
0313c4
055062
050c88
02d228
02c912
04c1b8
04ff5a
03b098
030dc6
0235c4
009d62
014608
053dd4
0870f4
0881ee
08d074
0b3c8c
0c7a50
0b91d2
0bb212
0d13f2
0d7678
0d2be6
0cbb90
0b768a
0ac260
0b91d6
0b5656
0902fe
07816c
085c86
094562
080eda
0678d8
076058
09035c
07d606
05b098
05d6f0
06afa2
06b78c
074bf8
07f052
07a996
07ca60
0826c2
0765ee
0689d0
0652bc
06295e
0651d8
067bf6
0671b2
07c9d0
098d20
09122c
08895e
0a337c
0af87e
0a3aa2
0b09fa
0c18ac
0b8d3e
0c6022
0f2162
107cb8
108e04
1143b0
11a2fc
10f5a8
10c37c
11b4c4
125ef6
116a28
0ff2f8
0fe71c
1036fe
0f1c0a
0e0afa
0dee58
0ce012
0ace44
096204
087b44
07d1c8
07759c
0636d4
0455e0
03b752
043e7c
054456
06e604
07341e
04f29c
02c710
021ad4
017ea8
00a5a2
fecfb2
fa6534
f5dc92
f481ca
f47fd4
f3c652
f3a4ea
f3b7f2
f233a2
f08cea
f098fa
f0ff28
f087c4
f020c6
f006de
ef095c
ed6708
ed37e4
ee9262
ee76ec
ebf844
ea86fe
ebe558
ec9d16
ea30c6
e7bb6e
e83ffa
e97dd8
e885b6
e627e4
e3d6e0
e20b74
e1f2b6
e2e972
e1caa6
deb75a
dcfe66
dcd602
dcafa4
dd2c28
ddc682
dc2c58
d9d830
dab30a
ddd13a
deff50
ded528
e14554
e4b138
e4a1d2
e4048e
e84b52
ee5c58
f13132
f2a83a
f4e6ce
f78960
fc4a1c
024142
040860
01e69c
0143bc
01f92a
00e1ce
ff6f16
ffc22a
00278e
fee2aa
fdc78c
fefd64
00bc96
015f52
03db88
083c48
086da2
04d438
0548c8
0956b2
09a87a
0686e8
048884
035870
01cae0
00feec
0100d0
019370
02df30
0355b8
02602c
027458
041aea
0463e6
02b82e
01896e
009fe4
fe14f0
fc4454
feafac
02e242
046648
03dd46
0387d4
034432
03c3b0
06033e
07acce
072f7c
06ca92
06de8e
0599c4
0548f6
08b3c6
0c4964
0ca01c
0c9efe
0e2544
0ee060
0f6c52
127402
1622e2
170d98
15825a
140c3a
149fa4
16cf0e
17f57a
175dee
16f5d4
1738a8
17b27e
18e028
1a46a6
1b7622
1d04ea
1d4d4e
1b376e
1a5e3a
1c22c8
1cb64c
1b94ba
1b9b34
1be718
1ac754
19f972
1aad7e
1b78b8
1b10fe
1a0942
19edf2
1a3a2e
193b7c
18c740
1a8d1a
1ad1f8
17f718
16497c
1662c4
15068c
1370be
12fa64
10e764
0e2c94
0eeffa
119c8a
11ecda
107168
0fd0c6
10179c
0fc300
0e7a32
0d8af8
0d3a9c
0c1fc6
0a9d80
09f4e2
088cf0
05f26c
0534ee
05d062
03f0d0
0116e2
00f232
0183cc
002216
feaf48
feb0d0
ff27dc
ffdd7a
01153c
021f02
025558
01d828
019036
0207f4
01fa36
007d34
fec1d2
fd41ea
fb357c
f93490
f81bd2
f7b0ca
f86160
f9e4fc
f9e2c0
f81f24
f766a2
f857e8
f8bfd2
f7c87c
f68fce
f5d62e
f52064
f3b7c4
f2450e
f2464c
f3a20e
f49284
f3ceb4
f1d518
f07d34
f0b3e6
f0d144
ef5a30
eda57e
ecf026
ebe510
e98614
e71820
e5d21c
e5cff0
e713aa
e86d6c
e72238
e34622
e15126
e35f32
e56cb2
e43066
e1af8a
e01908
dede30
de3c5a
df878e
e2512a
e563d0
e8a1d2
ebec6a
eeebfa
f269a0
f7bf46
feb138
051744
087802
082f8a
0672e2
066148
080828
085816
061ec6
03d3a2
02ede4
020b10
00f7b8
01f2c2
0578fc
08d1ce
0a04d8
0a6302
0b9dbc
0d00c8
0d4a66
0cbec8
0bccd6
0a56a6
08b760
073dec
06290c
069684
081d34
07c226
05945a
05776e
0719f8
0623b8
033f2e
0223fc
013c68
fdbdce
fa38c4
f8e1ae
f79970
f64e12
f7c480
fadcbe
fc3fea
fc8cca
fd80e2
fe07ec
fe4bf8
00541e
02429c
00edee
feea4e
ff9160
0031cc
fee7c6
ff61b8
0294d6
049534
0513c2
06da98
08d2fc
090a32
09ce84
0ced4c
0f8d00
0f2506
0dbe82
0dfe72
0edf26
0ede54
0f6254
10d704
10e888
0ffe42
11163e
13877e
14f050
160702
172194
16bac8
15bd96
158860
145968
11fe70
117e4c
128a50
119184
0f0884
0ea336
106bbe
1139ea
107da0
0fe1fc
0f38cc
0e038c
0defde
0efc80
0e471e
0bf772
0af478
0a3d0e
0769a8
04b4d2
045784
03cba6
01aefc
00a18e
014724
0133ec
006388
00b428
0111a0
ff7452
fdbd0c
fe3bde
fe9d80
fce794
fbdb16
fc534e
fac346
f77d9a
f6b51e
f7ae0a
f6e36a
f56d26
f5576a
f51d78
f44260
f4ee2c
f6e2ac
f7c7ce
f7f508
f972a2
fb7748
fbf8e6
fc2fb2
fe0c8c
ffa546
ff0614
fe5764
feeb60
feb1d8
fd909a
fd89d6
fdebdc
fd4d88
fd2c1a
fe921e
ffb256
ff4900
fe6208
fded88
fd8c4e
fd3844
fd0a6c
fb6970
f7fae0
f6a144
f93d6a
fb2698
f97fc0
f7f21c
f8740a
f8823a
f7f956
f8dc2a
f99ca6
f76568
f37a24
f11db0
f06558
ef43a4
ed91fc
ebf48e
e9d1c4
e7a84c
e65746
e433c0
e14a96
e0deb6
e17d68
de8038
d9e94a
d81196
d7b072
d7b10e
da3346
de3c94
e0f7a8
e2edbc
e66b02
ecb7ae
f47ea4
fa9330
ff3ee4
04e408
08a42c
07a546
068c8a
08ece0
0b4dfc
0b14c4
093de6
06eb0c
05c7b8
06ae40
08a106
0bd520
0f72d6
102a2a
0f2e80
10ac5e
1330c6
13f62c
145d78
1471d2
1303d4
11ac98
10bfd6
0f7d6e
101f3c
127122
12983c
113b5a
115f06
11bbce
10986a
0e907e
0c1b92
09f550
07d3f0
039c94
fe4a84
fac40e
f8663e
f6cff0
f804da
fabdfe
fbd522
fb32a4
fa00ea
f9cd82
fbe750
fe2f84
fea3ca
fe82b0
fd258a
f9b54c
f82ff8
fa5848
fc81f2
fdaf12
ff1942
ffd046
0062e8
01eb38
02c19c
037f3e
062f3e
07da00
05da94
033df6
026988
02b4a6
03d07c
04cd78
0480d6
03d37c
0372aa
0354c4
04ceea
07eb60
0a0c9a
0a4796
0a1c34
0a37ac
0a7a56
0b295c
0c16d2
0c6df2
0bdf24
0b0684
0a94d8
0afd22
0c6bac
0dddc6
0df7ae
0d8384
0dae1e
0d7e6e
0cbb70
0cb8f0
0c9de8
0b4aa0
0a79f0
0a75ae
08fa02
06a6b0
060826
06d262
076bb8
078024
07527e
076786
080ee2
08a45c
08b0ae
088176
0852bc
07fac6
06d736
04af64
02bde2
0193a2
ffcdf6
fd1226
faf80a
fa0446
f8feb2
f7150e
f51926
f4713a
f4d7c2
f522b2
f5f646
f7d9da
f91d96
f961a4
fa25b0
fae696
faaf8a
fab83e
fb5426
fb852e
fb657e
fab54a
f93aac
f8f866
fa7312
fac294
f91ee4
f7c4fc
f784f4
f7e1dc
f872a8
f83822
f6eede
f5a0ae
f509ae
f5a9b4
f72666
f788d8
f67ae6
f5b1fa
f527e6
f4b7d0
f5e494
f79922
f70c76
f5242a
f3e6d6
f34c54
f3be7e
f5004a
f47de2
f1a122
ee74d0
ebceee
ea3096
ea98f8
ebdf58
eb61bc
e80e58
e3d19c
e28396
e47d3c
e55c24
e42ec4
e48304
e5aef0
e4e3fa
e4e662
e8db54
ee8624
f38b54
f7ff44
fb540e
fdc6b4
01c69e
07c948
0cf2c0
0f892e
1079fa
0fe092
0da656
0ceb9a
0f1b9e
0f8bda
0c52b8
0a9660
0ba134
0b4cbc
0a3de6
0b7a66
0d0c62
0cc324
0b95c8
09de72
083014
08376c
095b70
09d528
099e6c
095436
097976
0a31b6
0ad466
0bb220
0d0580
0c9458
0a249e
091506
08ff2a
0635b2
02041c
ffd650
fe0cbc
fa6f6a
f797b8
f7e634
f90ce0
f8d37e
f8f5ae
faac66
fbaecc
fb3cb8
fba8ba
fcaf94
fc0646
facd02
fb0802
fb7478
fb2d3e
fbb700
fd5198
feba1e
0029e2
02952c
0576d8
07a9aa
0929e6
0a750a
0b892a
0c875a
0d8efc
0dc276
0cddf0
0c676c
0cc40e
0c5852
0b2bb2
0b1676
0c36bc
0d2bc0
0d9b9e
0ded88
0e29b8
0e744c
0f524c
10b9c2
11a9a2
117edc
10b3d4
0ffaec
100212
11002a
116f74
102c22
0f450a
106450
11597e
10a7b2
10356c
10a28a
10245a
0e90be
0d408c
0c61fc
0b942c
0b0cc2
0a9eb6
09db52
098d88
0ad428
0cd93a
0e00ae
0eb932
1021b0
119740
126cbc
131db0
1356fe
1290e2
11ec52
11e81a
113230
0faa8c
0e7ff2
0d6f4c
0ba7b2
099a04
07ac26
059c36
03a658
023884
0119b2
fff7e6
ff1d1c
ff3c2e
00a4fc
02b482
049d9c
05f9e4
062a16
05281c
04a7d6
05bb24
06eaec
06c8e8
0594e4
03e30a
02774e
022052
025204
02427e
022184
0173d8
ffb378
fe5b3c
fe5ed2
fe5816
fd96f4
fcb532
fb7b80
fa22b2
f9ea9a
fa60fe
f9c3b4
f84cb0
f808b2
f99b56
fb058a
fa7040
f8ff12
f89eba
f8af58
f7c4c6
f66f72
f59528
f4b120
f33044
f1746c
effdc6
eec164
ed9018
ec77ec
eb4d5a
e9d68a
e89b6e
e7ed3c
e6ff66
e5dd02
e5b816
e654ca
e6c43a
e79e7e
e96ffe
ebe42a
ef8622
f4a1e8
f9b388
fdd70c
01c792
05714a
080246
099ca0
0a75a6
0a0484
08884e
074b5c
067326
04d900
02d416
023c84
03066e
03a0fa
03f948
046750
0401ea
02f2fa
0256a4
018a30
ffde9e
fe81a2
fd6338
fb23a4
f961e0
fa8daa
fcdd02
fdd0e6
febcee
005db6
00a028
001b14
01671e
02b03e
00efa4
fe171e
fc6164
fa53b2
f7b66e
f65f6c
f6166e
f62cb0
f72460
f83a52
f89794
f93368
fa2ef0
fab43e
fb3e8a
fbd500
fb94de
fb6b56
fc608a
fd44a6
fd91d0
fe9c0a
00b176
03163e
05eb8c
095d72
0cb806
0f6b62
1168ca
12b174
137878
141408
146156
13d36a
12686e
10e9ac
0fff0e
0f8b7e
0f3a44
0f0f66
0eef88
0e56ca
0d46a8
0c7702
0c2a5a
0bbc90
0a92c2
08cf92
0724a6
05a832
03e056
02a4b0
02f3e0
02fc04
015500
009060
01fa16
02cc60
026dfa
02e25a
03233c
014790
fecc60
fd63a2
fc7a38
fb4832
f9bcb0
f8418e
f79acc
f7fd9c
f93df2
fb38aa
fd1ffc
fe7af6
000a4e
02040e
03986c
048158
053ab8
0623dc
06d316
06a668
065fb4
06c718
0694e4
059440
05c42c
068cf2
05cae2
04e7e0
054ed8
04a130
01f83a
fff8ee
ffa87e
ff7d4e
fef37a
ff3dbe
00deb4
025e4a
025ea6
01cd92
01ceaa
01d7d6
01c6ec
01da7e
00e16c
fe66ee
fc76d6
fc9fd2
fdfcd8
fe9aa6
fd8a70
fbeda2
fb193e
fa5d40
f92c0e
f856fe
f783b8
f603cc
f4c29e
f38c0e
f11d10
eee608
ee6150
edbdb8
ec5ee8
ec4d5e
ece6de
eb8932
e8da02
e7b4ca
e8a7e6
e9b608
e9594e
e80ea4
e68fac
e4697e
e2034a
e0f0b8
e0f5c2
e051ec
ded054
dd34d8
db6ae4
d91a12
d6ba76
d5a234
d6acec
d8746c
d9261a
d9e008
dcc77e
e16ae8
e67996
ec9000
f41db8
fb6aec
00f39e
04fc3c
080042
0acdee
0ed388
12b8a4
12f9e0
1060a8
0edc28
0e3acc
0cd644
0cbcc2
0e7150
0ea05e
0cf446
0bf6dc
0b7834
0a81ac
09bc30
089eae
06617e
041bb8
023208
008328
00bf10
02d4ba
03da00
03c066
04bd84
05e222
05eab8
0674aa
0783ea
071268
0598ae
04135e
015568
fddf78
fc1332
fb5d96
f968c2
f6e5c2
f60478
f667ac
f6c448
f7fb60
fa65fe
fb6156
fa02b8
f9303e
f99adc
f955ae
f98bc2
fbd92c
fdeb88
fe7384
ffae28
02bf30
06e7ae
0b592c
0f3d00
12fb44
17835e
1b6cce
1d3ca0
1e03b8
1e637e
1df898
1d885e
1d6334
1c9192
1b44ae
1a72bc
1a211e
1a1f1c
1ac316
1c3254
1d62be
1cc72a
1b01c8
1a299c
19c682
183c9e
168df2
15a83a
14678a
130808
12d668
130b5c
12e4fa
134c14
143132
148232
143f08
13b350
12ea9c
121bd0
10ace6
0df780
0b3b1e
09949c
086010
078536
073ebe
06769a
05658a
05de08
0740e4
07a832
0786a8
079fe4
0739b8
06351e
055010
052d68
0608d2
06d506
067bda
05f028
05f5fe
05d376
05b350
05f234
058516
041816
024050
000ff4
fe3a2e
fd3e16
fbd2b8
f9cd16
f8bc1a
f8c3e0
f98c88
fb502c
fc9cb6
fc6ec8
fc900a
fd9e82
fe4f32
fef402
ff970e
fe908e
fcc134
fca2bc
fd8e40
fdecc6
fe452e
fee26c
ff3360
ff2ebc
fe9f3e
fdac90
fd8386
fdf030
fd6362
fbd29c
f9efb8
f7e8ac
f6ae26
f6b6e4
f691f8
f59718
f487bc
f354b2
f22aca
f23d92
f34ad0
f38978
f21154
ef7a16
ed3ba4
ec71e8
ec75d8
ec0378
eae9e0
e9890c
e82acc
e6b02a
e4ad84
e2dff2
e28054
e25726
e02f30
dcf6be
db90ec
dcd8f6
df8716
e2b4a2
e6a80e
eb2bca
ef5030
f3a35e
f95e26
ff6fa0
044c5c
0899c2
0c7528
0e3822
0e0814
0e0a04
0f4538
110a3e
11c7a0
108bdc
0efd26
0f2180
0ff62c
0ff35e
0f7424
0e24e4
0b6512
08d6a2
075b9c
05814a
03d984
04181c
048c7a
03b5bc
03c956
0593ca
0704f6
081394
09f97e
0b6a9e
0ae6ae
09b21c
097482
0942d6
07670a
04da9a
034d42
015e4c
fdd2be
faf7f2
fa1ca6
f9b810
f9c540
fafd16
fbcfac
fb1510
f9c422
f8d0bc
f89fe6
f91cec
f9a30e
f9f952
fa01de
f9a0fc
fa5894
fd816e
01bfc8
054d16
0833ac
0b308a
0e9480
118998
132c52
147ee0
15fb68
161a6a
152420
14a678
13b0e4
1216ee
12019c
12cf44
124892
11aa92
126002
12e238
12678e
11cae4
10e536
0f42c4
0db084
0cff16
0c6e7c
0ad922
094014
0977e6
0a7b74
0a73ea
0a74f2
0b7202
0bde18
0b8b3c
0bf1f0
0c67d8
0b8eec
0a0700
088990
06d934
0506c8
032f3a
017b22
007928
ffe534
fef40a
fe192a
fe274a
feba3e
fedfb2
fdf35e
fc4d0a
fb1c5a
fa8514
f9d5f4
f95a74
f8e76e
f7810e
f62010
f61808
f633e0
f5c03a
f5b0b0
f5557a
f3c2d6
f23e8c
f14b9e
efc24e
ede98c
ece236
ec5d98
ebb216
eb9eb2
ed222c
ef407a
f030ae
f06c8e
f163fa
f27f68
f3032e
f3b316
f48808
f48d30
f427b2
f4b1e0
f6663a
f7cee4
f7e1ca
f7f8d4
f904f8
f98d78
f9ab8c
fb5310
fd58ea
fd7234
fc9dbc
fc0244
fb3ae4
fb32ca
fc2122
fbf106
fa5e22
f90c18
f83ffc
f852d8
f9eb7e
fb58c8
fae37e
f9892e
f84cb2
f75a20
f7763e
f841f6
f7e878
f616ac
f3bd38
f136fc
ef1c0e
ee236a
ed8e22
eb9862
e78046
e2eed2
e06b20
e00dae
e07cdc
e2008a
e484bc
e65bd0
e7d5de
eb10d0
f0a0e0
f7b622
fe638a
02303a
03bc5a
05aff6
082556
0a62c2
0c9478
0d61f4
0bfd94
0a838c
0a305e
0a877c
0bd0d6
0db176
0eb0b0
0e56b0
0cbcb4
0a9a18
09a1fe
09a16c
08abae
06bc00
050bb0
043d22
04ff68
06e250
0858a8
099332
0b62e0
0cd0f4
0d3472
0d6cfe
0e0850
0eab42
0e73b0
0cccb0
0aa776
0937f4
084fe2
078ae6
06a7ea
051a28
0395b8
036396
03e9f0
0445be
04c1a6
049eb2
030740
01556e
007250
ffaffe
ff7d28
003a84
008162
005af2
018b22
041dfa
071e64
0a6302
0d4ebe
0f82c2
11df24
145cf6
15fb18
16ff36
17ba2c
172dfc
153aae
135e5a
127a14
11f4c2
10f06a
0f3220
0cefde
0abbce
098cfa
09692a
089a36
06302e
0369ea
011726
fecfae
fd0768
fc5f4a
fbf44a
fae950
fa0b54
fa6a46
fbc1e0
fd23e2
fe8732
0021a2
00dd1e
004386
00117a
00aec0
0006b6
fe046c
fcb28e
fc1916
fb5e2e
fb48a6
fc1672
fcc2d2
fd31d4
fdc634
fe32f6
fe6026
fec3a0
ff6260
ff4db0
fdc9c0
fc157c
fc21b6
fd7d6c
fe89b4
ff1bac
ff8454
ffd284
009304
017ece
018afc
010f8e
009470
ff3dac
fcf550
fafd72
f99538
f7f6c6
f5f82a
f46b5a
f4432e
f53e8c
f65a84
f7481e
f7a636
f6c06e
f59e5c
f5e2e0
f6e12c
f6e334
f58bae
f3aa8e
f2e0c2
f4360e
f60d9a
f64588
f58760
f5609e
f5897a
f5c8f4
f70d6c
f8b2a8
f896f4
f6d718
f55180
f4430c
f36ecc
f3b692
f46e7a
f382be
f19104
f0f6bc
f1f3c8
f37e5c
f50a94
f5b240
f4d706
f38fa6
f32842
f35afe
f30ef6
f1e068
f04c8e
eede68
edd404
ed7fa8
edd07e
ed9dc8
ec1acc
ea57a8
e97978
e8f1c4
e7f548
e6cf94
e63408
e736d8
ea7d42
ee97a8
f22f70
f6d8e2
fda33a
044e80
09468c
0d3e74
102abc
1227ca
14cdc0
1743f6
16d8f0
1533b4
15e042
172c38
162f20
15129c
15e340
166542
157dc0
144ca2
121e12
0eb23e
0c2cce
0ad48a
0912a6
06bd46
04205c
0208c6
02191e
032100
02d326
02b51e
03cc92
03ac76
02b25e
0336a4
039716
0224a0
00b3de
ffb5a6
fddfe8
fc1826
fba412
fba4c2
fad322
f95fec
f8ab10
f91ea0
f9b2d2
fa8ac8
fc507a
fd2608
fb8cd2
f9eeec
fa8f3a
fc3f00
fd6a86
fdeecc
fdcc08
fd65c2
fe3938
015556
059238
08bd7e
0ac06e
0d66ee
10e826
13c084
15c9f2
17db54
196a1a
19c770
19cd2c
1a4198
1ade14
1b66aa
1b8e6a
1ade78
198dd4
1801b4
168732
1595f8
1442f4
110462
0d10fe
0a3186
078a22
04e59c
036a8a
02350e
009d22
000f4a
004250
002e3e
00ecc6
026c84
02d02c
021484
014d4a
00eb3e
00ea4c
00437c
feea84
fed2e4
ff9780
ff1b88
fe86d8
ff8c36
00c87a
01197c
00f422
00ab6a
00b164
01254a
01362e
0086dc
ff7360
ff15e8
009d72
02a030
030d62
0340de
04ad72
05e52c
06871e
076258
07841c
069190
0598c8
044fde
0272d4
011be0
006988
ffb21e
ff1ba6
feca3a
ff30c8
01141e
03535e
042da2
0471ba
055780
05e3e2
0545be
042a14
02eaf8
01866a
009486
006d50
007d9a
005152
004e96
00aa3e
00d2e6
00d770
0182da
0245da
0212fa
018614
00d532
ff5a12
fe4342
fe44c0
fd8bae
fc0ca6
fbd53a
fca78a
fd4370
fd7f98
fcf320
fbf2e4
fb803a
fb2c12
facbb0
faf3e2
faa998
f96208
f7c616
f59dc6
f3ea3e
f42e4e
f46430
f2da7c
f0c62e
ede552
ea7772
e91bb2
e9194e
e85f22
e857b0
e92be6
e9df06
eca574
f1cd66
f6c5fe
fc5926
030efa
07fbec
0b59e4
0ff69e
14a596
16fa12
17d8d8
190f36
1a07a6
190424
1705dc
16d1fe
175664
15f718
147012
140cec
11e0ae
0e4e8c
0cf7fe
0be8c6
07a648
02f44a
00265e
fd0cac
fa3d0c
f9d3e4
f9800a
f81f4e
f81a0e
f8dffa
f8f4d6
f9700a
f98602
f89358
f894d8
f818b0
f564c0
f4105c
f4505e
f291da
f13168
f2370c
f1f73a
f0bcde
f1b0c8
f33c42
f39f66
f3b356
f41b9c
f54ba0
f5b1d6
f428b0
f45210
f6a13a
f6d62e
f73750
faf67a
fdab5e
fec6b4
02967a
06e3f8
0971ca
0d3f64
118148
143ed6
17982a
1acd90
1bb33e
1c974a
1e283a
1e6e74
1ee3b6
203a2c
1fa770
1daa6e
1cf320
1c8d0c
1b3f26
1a2616
18bf0c
15a4fc
123d76
102054
0e2d68
0b244c
07a0de
04c3e8
02cff4
0101ce
ff3626
fe8a3c
fe90f0
fda258
fc4bc8
fb4b78
f9c030
f8947a
f8d6e8
f8504c
f6105e
f448b0
f3d5be
f44306
f4fc9c
f501ac
f53f8c
f6cce4
f78ce0
f71e00
f7f3da
f913e4
f8a018
f7fe08
f74d00
f58b34
f49268
f57fdc
f6accc
f75a30
f8014a
f8fa34
fa20be
fa9f3e
facc0e
fbaf08
fc0660
fafaa8
fa3a10
f9c8dc
f89768
f7fbd6
f86a66
f86898
f8a7ba
fa6bcc
fc5ace
fd0fea
fd197c
fdc992
ffd0ca
01c2fa
01a26c
fff664
fe75d4
fdbab0
fdece4
fe687c
fddebc
fcb39e
fc37d0
fc8c2a
fd8fa2
feb2f6
fe91d4
fd53e0
fc09aa
fa96f0
f9a5a0
f9c24a
f8bf90
f62c5e
f4cd60
f49e1c
f3fa76
f3e21a
f47668
f47df8
f47b80
f403a8
f22316
f0d35a
f0a01a
ef424a
ed209a
eb6acc
e91724
e67992
e47eac
e28aa0
e142aa
e0f79c
df928a
dce2b8
dad026
d9e41c
d9f92e
d9ebbc
d83502
d6fe2e
d9749a
dea5f0
e44d94
e97470
edc594
f29b22
f8db46
fe6a86
028b2c
070330
0b05f8
0c5a46
0c1780
0cc314
0e937e
1070de
11f24e
12e134
12fbca
12f014
135126
1349da
124816
10784e
0d4ff6
08f9f8
053552
02c242
00ffe0
ff7032
fde118
fcc74a
fc9378
fcf862
fe26a0
ffbfc0
00396a
005224
01829c
01c2c4
fff368
fe9830
fe56c4
fdbbee
fccb7e
fb874a
f9b328
f86e18
f841f0
f85652
f7fa48
f72d5c
f6cfca
f74992
f7a9d4
f7cb88
f80dc2
f7e0f4
f7ed58
f92708
fa3f74
fb02d4
fcd320
fee1aa
00d7fa
04735e
08e154
0bff58
0e8b92
11a31c
152b48
195560
1d359c
1f0a40
1f8962
20c410
22a586
23a62a
23aa62
23916a
22f46c
21759e
206736
1fdf62
1e4a36
1c3ec8
1b1a18
19ac08
170d76
140670
10d8d0
0e4962
0d4b36
0c3f70
0a11ec
08c962
08e29c
088a7c
0825ca
08c83a
09199a
086b94
07fca8
07cac4
072200
06ecf6
07be30
0886b0
08a82c
089750
08eb3c
09f3b2
0afc2e
0b309e
0b49ea
0bc8ce
0ba072
0aaae2
09f4c4
09650c
0891c6
07f0c2
07b022
07ad0e
07c930
075a4e
0634a6
050d4a
041120
0341ec
02f690
026544
00c144
ff3cb0
fec780
fe6376
fdb37a
fdab06
fe9850
002ad6
01cd4e
0293d8
028f6e
02ccec
035a3e
037306
02bcf8
013538
ff8100
fe5034
fd3382
fc6ec4
fca900
fc2432
fa4130
f9bbce
fa7e04
fa36ae
fa4364
fafaf0
f9875e
f75e5e
f77664
f7c54e
f70516
f6c45c
f68fe2
f61998
f63142
f5f8be
f5f5bc
f783c8
f871c6
f797b8
f73a50
f75660
f653c4
f49a08
f2ff06
f258f0
f2a0d6
f1bde2
ef0c34
ec3790
ea65e8
ea9ca0
ebb2f2
e9ab20
e5585e
e381d8
e34b14
e193b2
dfe9ca
df8caa
df6b08
e11424
e62222
eb7492
ee50b8
f1cf6a
f8bfd4
ffe078
0494a8
093a6c
0e02be
104c12
113220
131a2a
153044
15fa06
1559f4
14d9de
1626d6
177e72
170bc0
16d56c
17359a
15b0a4
129876
0f6c04
0c5f7c
09fa0c
07b9d8
04b2e2
01cb06
ff4b2e
fd9230
fe3fbc
ffc180
ffbb30
ffdc8a
00c872
012c72
021af2
0361ac
02eb96
01cfac
018ac6
01464a
008bc2
ff1e60
fd8c2a
fd36b2
fcca00
fb3f24
fad6de
fb3c8a
fa7aca
fa4b64
fb57f8
fb60ec
fa6ac0
f9d38c
fa6c3e
fc740c
fd9258
fcb93a
fd649c
007702
030806
054ab8
087e04
0b564a
0dc2f6
113538
153e0e
181cb0
197454
1ad2e2
1c8a60
1cb31c
1bc258
1bfc4c
1c2d4c
1af978
1a2ab2
19ad22
17f722
1688ea
163476
14f5a2
128856
10397e
0de5fe
0b54de
08ec18
066096
03b746
01bc1c
0067f6
ff3bba
fe8648
fe328a
fddc5a
fe4a4c
ff6002
ff4a8c
fe77cc
fede42
ffc5cc
002370
00ecd0
01ed92
02559e
02fdd4
042e1c
055230
065e8a
06a808
05f9c2
05ab78
05e7f2
05cf16
056996
048046
03213e
02705a
023250
0162e8
006416
ff6bee
fdfd20
fc134c
f9c69e
f7be30
f6b898
f59fba
f374bc
f12266
ef22d2
ed5f4e
ec708e
ec363e
ec4a76
ed1024
ee2b42
eecddc
ef55a2
f0744a
f21cfa
f36d90
f35aa6
f26c34
f22568
f2ae38
f341be
f3751c
f34f38
f362de
f3e92e
f44d7a
f47dd4
f4a310
f46034
f3d05a
f30f5c
f1c22e
f0aa14
f0a208
f0d0c6
f06e6e
f03554
f12168
f32f7a
f547a2
f6d1e0
f870fe
fa5ce6
fc039e
fcbdee
fc458e
fbf074
fca5a4
fc3316
f9eda2
f89b44
f8824a
f7ec00
f70452
f5363a
f21bd8
f01136
ef4b6e
edbdc4
ebaf58
e93658
e5f7fe
e3ee84
e2e360
e0ed14
e0babc
e4706a
e8c46e
ebfce8
efecc6
f4e12e
f9d428
feae84
03f034
08dc6e
0b5486
0c0eac
0dcef6
0f46cc
0f0e90
103f4c
12bb26
13316e
13b200
1668d2
17b826
1640c2
14ee58
13f934
1170d6
0d8a62
0996f4
05c0ce
01cc3a
fef860
fe2538
fd80bc
fc47f8
fca6bc
ff0580
01581a
029c9c
02ecf4
030100
03a5d2
041248
039b36
0344de
03636e
03b9b2
04f072
06bd98
07af0e
0784e6
07661c
0817a0
08c3d4
08934c
086f1c
08b858
087246
081a14
089ee2
0925d6
093b10
095ebe
0991d8
09f364
0a85be
0b0722
0be67c
0d223c
0e57c8
1009cc
11cd66
130604
152630
18156c
198dec
19cb9c
1a1328
1a0880
19f794
1a102a
197c54
18c31e
181b74
169f1e
1569aa
14f3de
1320c4
103802
0dde04
0aaa86
06245a
027a3c
ff92fa
fbed6e
f86478
f62106
f4b8e8
f382e0
f278ac
f1fdfe
f1ec6a
f150ca
f0552e
f03160
f0980c
f0b720
f147b6
f29fc2
f4072e
f5f4ee
f8bde2
fb1114
fc885c
fdd282
fed098
ffcdd4
011a52
01a32a
01c854
02e7d4
03a912
036248
041c58
056a7c
05a2fa
05d6ac
05f2a6
048714
030be2
026254
0099ee
fdf29e
fc0c4c
fa5d4e
f89ed6
f76b0e
f64a2c
f53f14
f4f0ac
f4e230
f4e390
f59f70
f6f2b6
f8486a
f9286e
f91ba4
f8ebea
f9bdfa
fab9a2
fae4b4
fb0bf2
fb2f2c
fa4762
f94f64
f9bcb4
fa8a1a
fa26b4
f8cb7a
f77614
f65e3e
f4b502
f23260
f03ae8
ef7544
ee6078
ec2c44
e9f74e
e91d8e
ea1ac2
ebd596
eccb16
ed5a20
ee534e
ef6596
f08dd4
f195ac
f1d13e
f25d7c
f3d1ca
f3fd28
f2b7de
f2bd92
f40f14
f47ab2
f3c8a6
f2ccfa
f1c7be
f0ba1c
ef3486
ec9774
e960fa
e6e154
e56c0e
e3eeac
e1e6b0
e0358e
dfb376
e0b9f0
e336c4
e6d438
ebd54e
f1a76c
f62c08
f9fc2e
fffadc
06c88c
0adfb0
0d2f40
103838
132f42
1490fe
154872
16c996
1869f6
195f0a
1b01b0
1d42bc
1ddc50
1d6a66
1d86d0
1c8a9a
19aed8
164582
125d9e
0e9f20
0b8714
071baa
0249c8
00662a
ffebd4
fe6b7c
fd9288
fdffb2
fe0fdc
fd5da0
fc97a2
fc9e8e
fcd80e
fb541c
f95c9c
f96512
fa0738
fa4b0a
fb696a
fc8512
fd56b2
ff2d12
005a4c
ffc374
002c6a
021f64
0338d0
0335b6
0307e2
02cba6
0279a0
0260ee
034966
04b02e
046ede
0337ca
0405e2
063856
0746b2
07bf40
09171a
0aafa4
0bd54e
0d7b08
1085d4
13d010
15adba
168ba6
17e3f2
19e7aa
1be6d6
1d53a4
1e12e8
1e7e70
1eb47a
1e8112
1de1da
1ceda8
1ba080
197b3a
15ed92
120e40
0f3034
0c0c80
0788be
035e72
0070b8
fd83b0
fa8d10
f884b6
f72c78
f5cf04
f48b36
f425d4
f48988
f45f40
f40cf0
f5ba40
f883e0
f9b0a4
fa2f3a
fc227c
fe9f7a
006c2e
01b882
027448
03104e
0467b6
05fdb4
076b40
091c3a
0a82ba
0b34ca
0bd85a
0c1886
0bba80
0bdd76
0bf884
0a82b6
086a20
06bb1a
04a228
02477e
008308
fed0e0
fd2750
fc4392
fbe4c8
fb6604
fadb70
fac528
fb762a
fc188e
fc2f84
fd67ec
004b92
02aaa0
03e134
052524
06243e
069c5c
07aa42
08edd4
09061c
086820
0826ca
07e2e2
06e028
05b7b8
058496
058f7a
04123a
0173cc
ff7508
fde9ce
fbe9ec
fa12f2
f907a2
f82f1e
f7204e
f668ca
f67d54
f6e6c2
f732f2
f7d3ae
f8c5b0
f8e9a6
f84574
f881e2
f9eb8e
faab52
f9cd20
f8c0a6
f91ea4
fa5e26
fac344
f9eff8
f91452
f8b16a
f7d970
f5ef84
f379c0
f11b68
eef7d2
ecf920
eaffb2
e8f336
e6f004
e5463c
e4b436
e5fc86
e8d490
ec489c
eff5dc
f3c27c
f7b1b4
fc64c4
01f8ce
072ce6
0b152e
0e22f0
10ff92
13c440
15d30e
16c636
17e2e2
1a5a04
1cc0ca
1d6b5e
1d626e
1df494
1e48c6
1d080a
19fe2e
15ca0c
1163ba
0d5024
093614
04dc74
00c360
fd71ca
fb0e38
f9811a
f87016
f77eee
f6923c
f5988e
f4717e
f2eebc
f1080c
ef613e
ee8d0a
edd13a
ecb9bc
ec9e72
edda26
eec9a0
efa2b8
f1fc48
f49c4c
f57ce8
f5e138
f7cb66
faafaa
fcff4e
fe3288
feaf86
ff239e
00044e
017ff6
02f3ce
032850
026d0e
02668a
035420
047344
05a99e
06abe2
078976
097a9c
0c67b4
0ebf4e
10c4b0
1385f2
160a30
177f9e
192e62
1bc0b0
1dd6ba
1e9990
1f1e30
2049b0
214222
214274
21087c
20e326
1fbb5c
1d5af0
1af77a
18ab9e
157b2c
11bae2
0e4f6c
0a8f88
05edf0
01b444
fea23c
fb8fa4
f7e236
f48dc2
f22e0c
f06088
eeccbc
ed8b8c
ecd0ee
ece97a
edfe8c
ef95a4
f0ec84
f240f2
f45da6
f6b182
f81e42
f93e78
fb29f4
fd3ddc
feb724
0049aa
022a54
03641e
03ce0e
040036
03f19e
037474
02a106
016484
ffb02c
fdcc48
fc1d26
fae814
f9d16e
f85f70
f7303c
f6f208
f6e81c
f63cd0
f50c66
f3ec20
f39e38
f415fe
f47ac6
f53eca
f73020
f951e4
fb4724
fe28ce
016be0
03c762
059644
06f75e
076874
07cf4e
08e6ec
09657a
083fea
0687ea
05bb36
056dc2
04487e
02812a
009d7c
fdd44e
fa7952
f81208
f62d2c
f3bc96
f167e0
ef85ac
ed9abc
ec13a4
eb6ed8
eb3dfe
ead9ce
ea08d4
e94094
e8baa6
e80cb4
e7be2c
e88690
e8f0a8
e7f648
e757f4
e8224c
e8de46
e8a5dc
e83fe8
e80158
e7273c
e5829c
e40c8c
e2e13c
e105d0
deef58
ddbd10
dc8a72
da7df4
d8eafa
d870da
d7e830
d7aa94
d9b660
ddfade
e2319a
e58818
e96a84
eeaff2
f49bae
fa3536
ff05f0
030f14
06a004
09ff42
0d5d10
1098a0
137356
164178
191714
1af040
1b83f6
1bcd0e
1b9192
1994a4
16075c
1215e0
0e155c
09a8fc
0516d2
0179dc
ff1c26
fd08b4
fb2722
fa2eda
f98294
f85c18
f754ec
f669b6
f4916c
f208e8
efd9fe
ee259a
ecd9a8
ec84ee
edb618
eff7e4
f1f42e
f37d98
f60b98
f9af06
fc5cf8
fd8b4a
feacf0
004a48
01eaba
037c50
04e612
05e834
069102
0704b6
079070
084956
085acc
075c3e
067b06
068794
06f170
073c14
079912
0879ee
0a2cf0
0c6240
0ed018
11c7a0
14f6f8
173448
1887bc
1a167c
1c0ec0
1dacc6
1eb5e2
1fc866
214864
2294f6
23472e
2421da
2526cc
24ff22
238bd8
21c2a2
1f4872
1bac66
181d68
155764
12b986
100f06
0ddacc
0c4190
0addfe
094c0a
07c0aa
06a494
057d8e
03de86
02875a
0203f4
02066c
029492
03d80e
05a2a4
07f22a
0a7c74
0c7754
0de86a
0f6b62
111830
12e9da
14b638
15b82e
15bdaa
1577a2
154604
15229a
14cb4c
13a450
11c9c4
0ff95c
0e3200
0c45de
0a841e
08d0c4
0708c8
057514
03d8bc
0245e6
018360
00dbf4
ff06c2
fcefda
fba73a
fa63ea
f927c4
f92084
fa1c3e
faf734
fb7956
fc3660
fdb718
ffb464
015220
0273fe
034ea8
03800a
0372f2
0408f4
0455ea
0359dc
026c96
0297c4
02a558
01a550
001776
fea484
fd710a
fbdec0
f95588
f68534
f45298
f2857e
f09f8c
ee9170
ed060a
ecfd16
edaa4a
ed1f8e
ec049e
ec230a
ecb484
ec95da
ec4cc4
ebfa14
ebb8ae
ec3d5a
ec84ec
eb6744
eabd3e
ec0af2
ed5d8e
ecc20c
eae660
e94cb2
e8b310
e8a7a6
e7f6dc
e63f12
e45368
e2ec18
e1ffac
e11acc
e03bf6
e04b92
e19910
e329fc
e50cb6
e8717a
ecdebc
f113c0
f58198
fa9e9e
ff5e6a
030634
05fb18
08df80
0c22e4
0f8b9a
126cf8
14a530
168242
187c44
1af062
1cd7a2
1cddd0
1be9ba
1afbac
18c904
14a5ae
101c8e
0c1de8
086dea
052078
02158c
feef12
fc4db2
fb0d0c
fac4d2
fa46a0
f8f540
f731a4
f5bcb4
f4ab1a
f3a184
f2e2da
f2ce1a
f32326
f4089e
f60212
f85d3c
f9e6ea
fadce8
fc0f0c
fd5a5c
fe47fc
fef024
ffa9fe
008e9a
01af20
0358d0
052bea
05f28e
05f1da
06d1d6
082fbe
0843ee
079ec2
07a2b0
07b056
078d1a
087e40
0a2b36
0af774
0bad42
0e38c2
11b80e
13c264
145c02
1531f4
166c44
173234
17d116
18dd4e
19ae32
19f1c0
1acac0
1c8348
1dbe8e
1e1c90
1e6e0e
1e41ce
1cadac
1a659a
1849a8
1602ce
1354fe
10c226
0e9426
0c98da
0ab81e
094ec2
085082
06d21e
04a54e
0290cc
007078
fdff2a
fc80bc
fc7a1a
fc6118
fba954
fbbb72
fd123a
fe897e
ff8df0
00ab3a
01f602
02c428
03279c
03ec3c
0502e4
05df68
06c18c
07d40e
086cc2
08569e
082782
07de22
06ee2a
05a08c
04a474
037308
010038
fe14ea
fc840c
fc03a0
fadcd0
f8f692
f72c9c
f56bee
f3bfc8
f29436
f15c1e
ef9b7a
ee2b58
edb6f6
ede898
ee8818
efad3e
f13416
f272bc
f2c832
f2dc6a
f3ba3c
f4df9a
f59198
f64722
f6d136
f6b61a
f785c8
fa82e6
fda04e
fe8a28
fe2964
fe83da
ff7364
ff78da
fe5032
fc8972
fa07a4
f73dd6
f5a1d0
f5105a
f40686
f2bd52
f23d52
f1e736
f152e6
f18214
f1f37a
f0e008
eee796
ee0cdc
ee42a0
ee49b6
edbbf2
ed1d34
eda02e
ef5e86
f05510
ef839c
ee3efc
ed7a44
ed6874
ed8e74
ebed7c
e880c0
e66c2a
e634ea
e55776
e383e8
e1e93e
e0a6ce
dfe6fe
dfb732
e023cc
e1ed14
e46370
e64e2c
e91f5c
edd760
f2c4fa
f7425c
fb6f60
fe5f5a
00dcd6
047d3e
083cfe
0adc76
0cccd6
0ea27e
1157d0
15200e
17e77a
191b36
1a6f44
1b65e4
1ab052
194f8a
17afce
15298a
1278ce
0fd1ce
0c8006
09b66c
088ed6
07b670
066732
055fcc
051044
05686e
0575e0
041f82
026c64
018498
009314
ffbe7a
ffe764
ffc200
ff0a60
ffd9f6
01b16a
0239be
01f0ac
023b0a
02d1e4
036932
0443f6
05ad42
07a1ea
08f6fa
093daa
0a41c8
0c541a
0d68c2
0d46a0
0ce998
0c22f0
0b9ed0
0c133a
0bc67a
0a41c2
09d100
0ac96e
0b923e
0bec50
0c0ea4
0c2f48
0cf1fa
0dcaa2
0dee6e
0dc25c
0cee98
0bb732
0c4ae4
0dfdc4
0e283e
0e2e1e
0fd60c
110012
110912
11a4b4
11f5f6
108bc8
0e41ea
0c1162
0a4734
089662
0620f2
03a8be
025992
0135ac
ffd11c
ff3492
feade4
fd751c
fcb22a
fc7834
fbef5e
fbbf92
fc06ca
fc0e0e
fc7622
fd740e
fe0324
fe7b3e
ff9810
00c2ae
01d946
02f702
038006
045622
06ae1e
090e44
0a37ba
0b3e4e
0c2fce
0c5532
0c8362
0d0c6a
0cfa5a
0c0f1c
0a90bc
090454
0832d0
077062
05e426
0467d2
02ff4a
00d4c8
fefd24
fdef16
fbdeb0
f8cfdc
f66e6c
f47172
f23304
f0af12
f08c6e
f132cc
f1ec20
f27f74
f32574
f3e2b4
f4a814
f5cb72
f6c588
f6713a
f5a75c
f609ba
f6f642
f784d0
f88402
f9bbb4
f9e0dc
f9c02a
fa884e
fada44
f954ec
f6fffe
f51e62
f3a91e
f21134
f015a8
ee4e64
ed5d22
ece9ba
ec9d0c
ec96f8
eca67e
ed0066
edff62
ee9d72
ee189c
ed92a0
edd66e
ee621a
eeef7e
ef6782
ef6b1c
ef003a
eecde4
ef683e
f04156
f0214c
eef44e
ed8d88
ec6228
ebe674
ec02b6
eb614c
e9c46c
e8c81e
e8deae
e8d6a4
e86364
e88550
e9dad6
ebed26
ee1776
f0971e
f41072
f85fc4
fc8858
ffde4e
02a4aa
050cb0
06edc4
08e51e
0b6ad8
0d475c
0ddef4
0eb1b0
1077a6
123806
139bce
1514f6
16248a
159780
13a6b6
12111c
10e2e4
0e5558
0acc6c
0832d4
06459c
041bde
026078
01972e
014acc
00f9fc
006f60
ffa1be
fe4c0a
fc664e
fac05c
f95902
f7692c
f59cc6
f4d3d8
f49a54
f52ee0
f6ff0a
f8e5cc
fa4328
fbb4d8
fd0cbc
fdeef6
ff0f94
01289c
03d92c
05e974
06e086
07e972
09d240
0bc3e4
0d0038
0de240
0ea82c
0eae3e
0db6b8
0d15ac
0d9040
0db8e0
0cf9de
0c8f44
0c6f42
0be318
0bc0b8
0c5e0e
0c811e
0bb014
0ab722
0a7452
0b1196
0bf728
0cef38
0e42bc
0f95a4
108bec
118c7c
12be2c
13b5d2
13e442
12cd64
10cd3e
0eeee0
0d8d5c
0c41a0
0ac09a
095b50
08ced8
08fe2e
08e84a
087906
084144
07b812
066164
051a12
044726
032404
01eb00
01a502
01d0f0
017ad4
01b2b4
038392
05af8c
070f94
08578a
0a364a
0c2bb4
0d7ae4
0e4c30
0f88a4
111d10
120e6c
128eb4
1343e2
13d310
144f36
151314
15408e
1479a0
13bf56
1317d8
11be24
0ff800
0e597c
0cc6ca
0ad5ca
087230
0643d6
04b6c6
031116
00c19a
fe1f0e
fb9b72
f9faf0
f9dc6a
fa2cb6
f9c5de
f99ed8
fa9f6a
fbbc64
fbfeaa
fbbb24
fba7ac
fc581a
fd6450
fd865c
fcc644
fc7ef0
fd303e
feb4f8
00b1d4
01efe0
020a50
0237ec
02b548
02e44e
032d1a
034ece
020384
ffcb16
fe624e
fe3a2c
fe6dae
fddaaa
fc89fe
fbd08c
fbeb26
fbcfa6
fb63e2
fa98d6
f90194
f7f7f2
f86ba6
f836ae
f62c10
f4a488
f524c4
f63a92
f628ca
f4df72
f3cf80
f3ddb2
f3aae6
f2493c
f147c4
f13ab8
f09f3c
ef8610
ef25f8
ef0a1a
ee7a82
edab1c
ec7012
eb0b82
ea8c70
eaa636
ea4826
e9f23c
eae4ae
ed8cc2
f14592
f4712a
f6629a
f89ace
fc04be
ff5884
017834
025116
023e82
028988
03f332
0533c6
05d68c
071c96
0896ea
08e87e
08fe30
09d6fe
0a200c
08ad92
0619a4
039648
01adbc
ffed66
fe0d5a
fc7176
fb37d0
fac6a0
fb78da
fbb65e
fa7f0e
f9aae4
f9e31e
f9a9ee
f8cd36
f7a226
f65820
f65a10
f7d1c2
f9586a
fb150e
fcd292
fd7c06
fe9d34
01540a
0379de
04abf6
067740
081ae0
092504
0b28be
0dec52
0f94c8
0fdcda
0fca7a
102fce
10efea
10f7e0
0faed4
0dc7da
0c4d20
0bb1cc
0baaf2
0b7c9a
0ac7fa
0a28f8
0a6438
0afb90
0add14
0a0bba
090c54
0806c2
074300
06e618
06bf18
06daf8
07309e
07a0da
086280
092e80
098a9c
09517a
08111e
06359c
051fd8
0409ec
01c4fa
000be8
fff2ca
0017d4
003ae8
00ae04
00e732
013d2e
01dbfe
01d2f4
01342a
0088be
ffef1a
001658
00e088
013408
01a11a
032eae
0528a8
06f8fc
08d4c4
0a5a54
0b12d4
0b3832
0b5a72
0c11c2
0d4974
0e13dc
0e121a
0e0ef8
0ec846
1000fa
110210
11527e
10df3a
101910
0f85c4
0f0350
0e09c6
0c7828
0ab48a
0932bc
07cf48
0615f8
0426a0
021ffe
ffaad8
fd0bfe
fa8430
f7975e
f49050
f240ac
f0a374
efc4c4
efa360
ef44f0
ee8a02
ee4d1e
ee702c
eea216
eed66e
ee610a
ed67ee
ed45d0
ee3688
ef6f1e
f08466
f17520
f2d40a
f50fc0
f70310
f76df2
f6d726
f64762
f5e6aa
f573f6
f48754
f2d6f6
f0edb8
efc344
efa7a8
f052fc
f10802
f09464
ef0f00
ee20a0
ee1a42
ee00f6
edbca6
ecba46
ea3ce8
e84072
e88cc2
e97fd6
e9db9a
ea3fd6
ea3a62
e9520e
e879c6
e843c2
e89ffa
e92744
e8c9ea
e76956
e61998
e5b0aa
e6aaa4
e81c94
e81496
e73dcc
e77658
e79b74
e6bf4e
e6bd1c
e7fa5e
e90196
e9d2ec
eb27a6
ed7b2a
f0f2a6
f4425e
f6a192
f91024
fb4318
fc6dd4
fdceaa
ff99e2
00bfe2
0268cc
0502b0
06570c
06b244
089964
0ba878
0dd25e
0e88f4
0dff82
0cf246
0c5c32
0be362
0aa5fa
08eec4
076bd2
06419e
055a3c
04a15e
0464ea
04dbc4
049ebe
0275d0
006aea
0060fa
001d14
fe162e
fc9ff0
fc6a4a
fbc572
fb6a7c
fc684c
fd66b4
fdea86
ff05be
00b35c
01f73e
027e7a
038932
060654
0809de
084f00
08e7da
0a44ba
0af3c8
0bffda
0df902
0f2d92
0fe096
10e43e
1167ce
121252
13caea
15170e
1534da
14e344
14adb0
156186
1682e0
1621e0
14e198
149834
147b18
141f70
14e126
15fe66
15de86
15ae88
16a756
17871a
1795f4
17c102
17f846
177b84
16b7a2
1650fa
163cb6
168494
16fe78
174860
178716
17cf7e
17f89a
18293a
181540
1746b0
164262
153822
1391e0
11e5a2
11237e
10b952
0fa5bc
0de692
0c59d8
0bc05c
0b86f4
0ac78c
09d0fc
08f624
0822ea
07f008
08526a
085026
083bf0
08de5c
096f34
095854
097aa4
0a3df2
0adee8
0ab13a
0a13d4
0a1582
0abe18
0abe90
09c7c8
08ed6a
085c4e
077864
062d82
04567e
01fb46
0047b4
ff8194
fe03d8
fb377e
f88d78
f6fccc
f6417c
f5c760
f52d46
f4b134
f47742
f3dc68
f30774
f31940
f3e3da
f44c3a
f43944
f3f81a
f3e2e4
f4bf6e
f636ac
f6d5b0
f6cf50
f7ad66
f95408
fa4e46
fa7c0a
fade4c
fb7a18
fb8880
fb227c
fafae0
fb18b6
fb2728
fafb28
fa8a7e
fa130c
f9ceb2
f9aa66
f98c38
f93a0c
f894c2
f81c50
f7d1ac
f6e4ac
f59632
f4ce2c
f42098
f2eb46
f17eda
f02546
ef0caa
ee94fe
ee8b24
ee4c28
ed80fe
ec9896
ecbb14
ee0192
ee9aee
edbf1e
ed144c
ed5c7c
ed448e
ec9f9a
ecddd8
ed968c
ed360a
ecc686
edd31a
eefe10
ef98aa
f166fa
f44d58
f69024
f8557c
fa1b68
fb5e16
fc34b4
fd2fa2
febb54
00c608
023efe
02e692
03e716
057bb8
07948a
0a93a0
0d071e
0d7414
0d5e96
0e28a8
0ea35a
0df2d0
0cf852
0c5b02
0b4df0
09872c
08d1aa
09b752
09f920
094202
094cc8
090b58
071d94
056450
048392
026b74
ff92f2
fe5cfe
fde896
fbf58c
f9c5c8
f9c738
fb51a8
fc86d4
fd1fb6
fd4d56
fd3386
fda216
ff470e
01a26a
032736
0300bc
02d212
040bf4
05954a
06fd16
091244
0a7800
0a036c
09c382
0ae24e
0ba50c
0b42de
0abbf2
0a6386
09f9e2
09f436
0a7988
0a81d2
09f428
0a4894
0b543c
0b4b48
0a77c0
0a7dc2
0b557e
0c1bf8
0cb546
0d51a2
0dbc0c
0dc55c
0e3688
0f8858
1029a0
0f0990
0dc128
0d5d20
0d0260
0ca622
0cbf62
0c8ee2
0bac78
0b2220
0b86c8
0bc756
0ac2aa
08df80
071ba4
05c41c
04aa04
035072
014f66
ff3ea0
fe1100
fde396
fe2f4a
fe451a
fdd010
fd62f0
fd984a
fe2ef8
fea016
fee3cc
ff411e
ffa5de
fffeda
00defe
024484
035b90
047fe0
063f1a
07924a
083a78
091574
095922
085b9a
0780de
0749d8
06a594
054e2e
03b2a8
025cd8
01b7a0
01012a
ff5e74
fd9150
fc4cc2
fb12d4
f9b968
f88e80
f7696c
f67634
f64a98
f67c76
f63ad6
f5e0b0
f5fbec
f63178
f65b32
f6cb02
f74df2
f77af0
f769d2
f7988a
f87710
f9a948
fa5d04
fa900a
facb40
fb858a
fd2baa
fee97a
fed216
fd316c
fca020
fdd604
feae1c
fda474
fba3f6
fa2370
f951b6
f8989e
f77f04
f5d8e6
f40164
f27574
f141d4
f08168
f01954
ef4ab4
ee3782
ee059e
eecfe0
efbb36
f04794
f02700
efa594
f01966
f1ec6e
f380c6
f37ed6
f2c9f2
f30d42
f4a5d2
f6c2d4
f83b90
f83850
f75c40
f70f96
f736a0
f6f0c2
f68672
f64032
f5bd72
f57890
f684fc
f92216
fc4522
fe7988
001072
02d1d6
0657f8
08935a
09d504
0b9be4
0d9a62
0f45ee
10eba2
123876
13006c
145b7e
16d38a
195770
1a9706
1a0e16
18786a
1740a0
16898e
15092c
121764
0e2eec
0a2d86
0729f4
058ffe
045360
0246c6
ff659c
fc8b56
fabcb0
f9e574
f8504c
f500d2
f18096
ef9a50
eea6ee
ed2f78
eb96a4
ead7de
eaa5c6
eaf556
ec4270
edade0
ee80a2
efcaac
f1d9ca
f3e6f0
f62d50
f8804c
f9d924
fb39a6
fe16bc
0121c4
02c726
03b5f8
04ba68
05b4e4
06d1c4
080f66
08ba48
08bfd6
08db6c
096082
0a229c
0abd30
0aa896
0a29f6
0a3486
0aaed0
0b015a
0b8f66
0c7322
0d31cc
0e3594
0fb6c2
10e5a8
11e262
1362e2
14ac1a
150504
1524bc
156270
15201a
148864
146d24
147980
13b180
129fd6
12822e
12b068
11e04c
108f8e
0f4014
0d07ba
09f62a
078c0e
060c54
0430f2
016fcc
feaca4
fcda08
fbecb8
fb6bb4
fb32bc
faff60
fa8f4c
fa544c
faac26
fb35ae
fbb6ca
fc2f4e
fc7a02
fd00b6
fe2a34
ff4f78
002c70
0161d2
02b74a
0381d8
040290
04745a
047c40
041462
037ec0
02e064
025672
019d0c
00683a
ff401c
fea8c4
fe0560
fc9e2c
fb003e
fa08a4
f98096
f8d67a
f84c86
f825d8
f802a4
f80528
f8cb96
fa02de
fab5f6
faf80c
fbba52
fd35c4
feaa74
ffb29a
00a23e
01d326
03594c
0504f2
066a24
079392
08cfee
09b210
09cece
09982a
094034
085ac8
06e990
05514e
0400da
032928
01f84c
ffd3fc
fdf784
fd3986
fc52e8
fa875c
f8b890
f6ef64
f4b08a
f2b28e
f1632c
f01b46
eecabe
ee0c5c
eddfbe
eda670
ecd44e
ebc248
eb6b0c
eba05c
eb6358
eade1e
ea80a0
e9eff4
e95840
e8fda2
e8934c
e8df66
ea8c0e
ebb384
eb05fc
ea6e98
eb36be
ec2f0a
ed24b8
ef1c0e
f140a2
f23216
f32fb6
f619bc
fa6b86
fef782
033de4
0631dc
07a8b2
097fa8
0c9de0
0ff484
12adfa
13f4c0
137230
13473c
150cb2
16ecb0
17858c
17a046
16d998
14965a
12686c
112bae
0fad0a
0d748c
0a9818
06ef6c
03fd30
031f2c
026844
003d06
fe34e0
fd1078
fb7d9e
f968de
f79ad6
f60358
f48516
f308c2
f1730c
f060a6
eff586
ef99a2
efe87c
f1368c
f1e4d4
f1ab6c
f2671c
f42fc8
f585a4
f684ca
f7f51a
f98cb0
faebdc
fc3806
fde164
001d0a
020d18
032cb8
04af4c
071148
08ea3a
09b396
0a3594
0aee6a
0c689a
0e76dc
0f80c8
0f7ca8
1056c8
120572
12f5e6
137c78
147fb8
15652a
15fb08
17445a
192f40
1a6830
1adfa0
1bc0a4
1d100a
1de7e0
1e514e
1e9f40
1e59ae
1d43b0
1bde3c
1ad83c
1a7b9a
19f842
18682c
16ba38
162a18
15e19e
14b6bc
12fb24
114278
0fa1a0
0e038a
0c16e8
0a0094
089072
07c248
06bed2
05cfde
05df32
0679a4
06b6f8
06e3cc
0758f4
07967a
077534
076ddc
079552
07b48a
07c8a0
07d8b2
07da8a
07c8e0
07e2d6
08ba94
0a0df4
0a80f2
09c7c8
094180
09aa14
0a4d90
0a5f2c
09bc06
08f52c
08b5a2
08cc76
08c3ce
08b5d4
089692
083702
07f21e
07e90c
07e0fe
080926
084170
080f8e
07e362
082a02
083b8e
07bede
06f8b0
05e8d8
050b2c
04abaa
03dc4c
02800a
01dabe
01eb1c
01b2a8
01380e
00cf4e
007036
002f2c
ffb0ac
fe8a74
fd1452
fb9f1a
fa4788
f9402e
f7f7c6
f60f1e
f4c2c2
f48644
f3cc6a
f23ad8
f12b20
f09228
ef1eb0
ecd048
eaf6cc
ea5a3c
ea3f72
e9687e
e82364
e7f9e0
e8e6b0
e944d4
e8cc3c
e8c2d8
e96ecc
e9ec34
e9c128
e8edee
e7c1ea
e74c76
e85af6
ea31c8
eb834c
ec0ee2
ec8ecc
edc436
efcf68
f216bc
f3d2be
f4af06
f4c400
f4ae10
f5d3c4
f8fbc2
fc6f8a
fe15ac
fee690
013558
050528
089f54
0abe36
0b481e
0bb336
0d2b96
0e8488
0ef234
0f94b6
105966
107f78
110c88
120b42
11f1ac
1161a0
114ba6
107278
0f0fe2
0e4596
0c4a5e
083604
04ad2a
02c88c
0142f6
ffcf02
fe0c24
fb4df2
f8cc0c
f781fa
f64928
f466fe
f2182e
ef5382
ec86ba
ea59aa
e89626
e71ed8
e64b80
e6200c
e6806e
e72b72
e7e20a
e92e1e
eb596c
ed6fea
ef2bec
f141e2
f3410c
f48366
f61c18
f8e692
fbcc52
fd9fc2
fea03e
ffa0fe
012560
034f02
05ad82
073756
077216
07905e
091492
0b7a3e
0d3d0e
0e6b7e
0fbbf0
10c5de
117b92
13186a
1595f0
173664
17adcc
185a64
19598c
19dd7e
1a5d64
1b1d42
1ad106
1963b8
18a06e
188210
175c8c
15bcb4
150938
1448e0
12ae86
1179d2
10ce5a
0fa7d6
0eaaee
0e3b32
0cc740
0a28b6
083a26
070928
050c5a
023870
ff9910
fd48c4
fadc14
f8bab2
f79150
f6aab0
f4e870
f30c24
f23072
f18d4c
f09b9e
f03f2c
f052ae
eff702
efd712
f0bee0
f1dc5c
f27f5c
f353bc
f5117c
f73d96
f8c902
f9ade6
facf7c
fc3cd0
fd8cd4
ff049a
007a5c
014558
01d0a6
02bf46
036e40
03749c
03598a
030e58
022e3c
01216a
004324
ff4188
fe398e
fda064
fd1068
fc0dd2
fb2c9e
fab6b4
f9ccf2
f88340
f80ae0
f81222
f75de8
f680f8
f68f34
f72388
f7cad8
f8c830
f9d786
fa8780
fb1aa8
fb8ea8
fb6c5c
fae6be
faa8d6
fa8766
f9b410
f8219a
f6d4f2
f682f8
f6ae84
f67e66
f5c64a
f50ff8
f4cc3c
f49bc6
f3be5a
f25bf6
f17288
f13dd4
f0b9d6
ef5f7c
ee3386
ee14e2
ee72aa
eee8c8
efc5f0
f07f14
f04436
ef9b3c
ef674a
efeb9e
f1334a
f27654
f2510a
f10794
f04900
f0f19c
f2b4be
f45074
f447f4
f32bc2
f2e62a
f39652
f490aa
f634b8
f7cfec
f804ac
f7f756
f9553e
fb99c6
fe7630
01e8cc
03dff8
03b002
049004
07f044
0b4f2c
0d8ef2
0fa8cc
116216
1293f4
142754
15e34c
17220e
18609c
194bea
18e0e6
17c67c
170fb0
167b96
15ea0a
157acc
1455be
1222de
10190c
0ee2f2
0de454
0ce906
0bdab2
09adf8
063fa0
034b92
019da0
004382
ff07e2
fde570
fbe60c
f9bc96
f96fe8
fa2cd2
f9ee04
f99b2e
fa4738
fac320
facbe2
fb9582
fd0e0a
fe4656
ff124e
ffc61c
00daf2
025610
03c2ac
0550b2
073704
08b008
098b5a
0a7a2c
0b439c
0ba812
0c90e0
0e173a
0f0180
0f1c0e
0f7b2c
10ad1e
122e20
135054
140af4
14b646
156d8c
1660f8
17b7ac
18b6c2
18f148
19684c
1a43d6
1a38f4
199ca2
19dfc2
1a3520
19398a
17fdda
178408
16c502
156c96
14677e
137754
11f8cc
1066d0
0ee41a
0cd540
0a8302
088f36
06906c
03e752
00d0e0
fe22ec
fc8214
fb970e
fa86b8
f92fe6
f82360
f798e8
f76946
f74264
f7071a
f72926
f7cc72
f81d00
f7e1c2
f84da8
f9ecb4
fbaaf4
fce352
fe48ce
004c6a
025c42
040c52
057f9e
06ad3c
07965e
08851e
093d9c
09300a
08c38a
08d144
091f84
08e57a
082b38
078802
071c06
068646
05a7f0
04bb6a
03bec4
02afde
01cbe0
00f510
00158e
ffa46e
ff68c2
fe7a8c
fd7ec6
fdcd68
fea480
feab34
fe896a
ff28da
fffc7c
007270
00b784
00e47c
010f54
013cf2
011522
008cba
002296
ffd9aa
ff4ce0
feacf4
fe5d86
fe2b84
fdb8ee
fd1c78
fca3c2
fc5eac
fc1a26
fbcdfc
fb7edc
facb8e
f9a7f0
f8fbc6
f906d8
f8df10
f86038
f7f9f8
f73b28
f608be
f50f8a
f42d74
f33372
f28f6e
f18666
ef7d72
ee2790
ee8da8
ef28e8
eeef76
ee5348
edbc70
ed952a
edea98
ee57b4
ef1dac
efda02
ef4b24
ee8616
ef8afa
f13f50
f22e8e
f365d0
f50a6e
f5fede
f70458
f917fe
fb6c1c
fd480e
fec028
0014b6
01eee0
044dd8
0635ea
07b942
09c4f0
0c0d22
0d9b02
0e5ca8
0f0f00
1033ec
114466
117b76
113af2
10e6ac
0fd3b6
0e1fdc
0cf4b8
0c3718
0af2e4
0914d0
06cf86
046db6
02990c
00fd40
fe98f6
fbcbba
f94840
f69668
f3ccd8
f1b324
efb608
ed1946
eae79c
e9ffd4
e978c0
e87d52
e7b264
e7e97a
e8b270
e94a7a
ea1196
eb7c8c
ecb08c
ed3cae
ee40ca
f051fa
f29bb4
f48c44
f63fd8
f7f996
fa01b8
fc46aa
fe93e8
00fda6
034532
04f31e
062fd8
0750a2
0899de
0a610e
0c1eb6
0d075e
0de15a
0f4ef0
10698a
113e6a
12d8b6
1475d0
14e918
14f2aa
15588c
1587e6
1531d4
14be88
144340
1375fa
127ca0
11e61e
11a652
112228
106e94
0fdd5c
0f2c14
0e6378
0d9d68
0c39b0
0a53f6
08def4
07838a
05a074
03e54e
025fd6
006bf0
fed32a
fe47fe
fdd630
fce9a6
fbe608
fb0606
faad4c
fad7a0
fa92e4
f9f9fe
fa25b0
faafcc
faca3c
fb34cc
fc3e56
fd00d2
fd7f28
fe3e44
fed036
ff0b14
ff89ee
003ada
00c0fe
014e8c
01dfc0
0239ac
029868
031d2a
03c11c
049e6e
053364
04e446
044c44
04349a
047198
04cca0
05112c
04c78e
0465da
04c334
057602
05dca0
06404c
068e2a
065450
0602e8
065046
0708ba
077176
07639c
079728
087f1c
0981a8
0a30e4
0adba8
0b88de
0c037c
0c7e4a
0cda08
0cc4b4
0ca62c
0ce02a
0d0478
0ca8ea
0bdd2c
0ae7e0
0a3baa
09f21a
0934de
0758ba
051c3a
035ec2
0170e4
feb94c
fc4096
fa8d78
f869a0
f5ac8a
f38d8e
f1cc62
ef8eea
ed84ae
ec2d20
eae9e0
e9c69e
e8cef6
e739d2
e5a220
e58f7a
e6598c
e65c56
e5b3d0
e503da
e49d82
e547be
e6b076
e70cc8
e63cee
e5bc18
e5bf64
e60bf8
e70424
e80d6a
e89c34
e97ac0
ea7870
eb3eaa
ed7daa
f131e6
f3a2fc
f5183c
f7d9ba
faeae4
fcfa2c
ff68c4
0269f6
04e630
0756be
099bd0
0a76a4
0ade70
0c865c
0eb19a
101b3e
108d48
0fbbda
0e1800
0d4d9c
0d8b9e
0cd722
0a6230
078da2
052050
02bc28
00e822
fff12a
fe2d22
fad0be
f7c0b0
f629c8
f515e2
f3dac0
f26626
f058d4
ee2f90
ed0838
ecd1bc
ecb4e4
eca476
ed326a
ee8d84
f02a80
f18364
f2e02e
f49eb0
f67ace
f86268
fa756a
fc0820
fc97e4
fd2894
fea530
006c24
01d29c
0318a2
042382
048e8a
0514de
06a4b4
085152
0881f0
07a0d8
075472
07c41e
080836
083bf4
08b576
08ee0a
08f712
0988d8
0a3380
0a7e22
0b47cc
0c87ae
0cd604
0c570a
0c4ff6
0c92da
0c9c9a
0d0646
0deb12
0e651a
0e554c
0e907c
0f4e6e
10030c
109558
10fc44
1065b6
0ede92
0e14b2
0e5f00
0dfa7c
0c4102
0a3c68
08b888
07f140
078364
06a9d6
059e50
04df92
03e990
02ce44
025974
0235ee
01df9c
01aa4a
0175ce
012510
014e0a
01a594
019860
01bf2c
024804
029b08
030718
03bb1a
040d02
0436c0
04ca46
0523a2
04c7d8
0459dc
0436d4
040aca
03859c
029546
016818
005856
ff872c
fed1c0
fe2038
fd8da8
fd5908
fd6c96
fd6db8
fd56a0
fd7632
fdce62
fe1e2e
fe64c0
feee84
ffd5d0
00da7e
01cc4a
02bc26
03b740
04dfd0
0663ca
07f4da
08dec4
08fb6c
08e492
090218
091112
08d03c
085956
07942e
06527c
04f3f8
040090
0349e6
02375e
0071c8
fe0d00
fb7a80
f937d4
f748be
f534e4
f2dd0a
f0c2dc
ef0ae6
ed08c6
eabe44
e94bf0
e91250
e90f3e
e85562
e6d736
e53e80
e44d24
e409e4
e44f9c
e53d46
e5dcd8
e5064c
e3e1a4
e452d2
e635ce
e846be
e942c8
e86b12
e6efc2
e6d018
e82f54
e9d1c8
ea81ea
e9d846
e94a3c
ea6a0c
ecab48
ef6376
f283ec
f4fff4
f6d90c
f99384
fcd39c
ffcdaa
03451c
063a64
0755dc
08e8bc
0c2060
0e304c
0ea6c6
0fcec6
117380
127240
12f918
12c216
121f5e
1217ea
1192c0
0fb6e6
0e364e
0d0e0a
0aab52
087310
07d2f4
06edd8
0520b6
03ff4a
031456
017fc0
007c54
001cb2
fecb90
fcdfc2
fb9d32
fab5de
f9ecb8
f9c172
f9c4a8
f96936
f99110
faed12
fc743c
fd3962
fe2c1c
001d42
01b026
01ecf8
024fb6
03a78c
04a2a8
053e0e
06d0f4
08b7aa
098482
09cabc
0ab26a
0c01a6
0cdbee
0cecde
0ccba8
0d0978
0d3ce6
0d5584
0e1aa2
0f1ca2
0f63e4
0fe9a8
119e36
1362d0
14a5b2
161e32
178f8c
18abc2
1a2f0e
1bade2
1c336c
1cd19e
1e489e
1f447c
1fa61c
208678
211f9a
20a744
203c28
1ff618
1ee5f0
1d9c80
1c72a8
1a9c18
189c7c
1718b2
151288
127f92
107762
0e8bc4
0c3362
0a3ea2
08a40c
068d5e
046430
02db10
01a6a6
004fa8
fed3b6
fd9556
fcd71e
fc22c8
fb0f24
fa0dde
f97c78
f91f9c
f8b522
f824e4
f79dae
f75588
f71272
f6e230
f774a0
f87e00
f8d184
f8980a
f8f58a
f9d744
fa6c50
fab0a8
fae676
fad40c
fa98ce
fac608
fb3402
fb630a
fb8a7e
fbf49e
fc96ae
fdc514
ff5d2a
00761a
0157fc
02e5f2
043a44
048750
053952
06bd5a
074daa
06da68
073c8e
084f56
088d24
0845e4
086d34
0859fa
078a46
06d7ee
065fc6
054eb6
03e49e
02a43e
00e83a
fea05c
fcf684
fc146a
fb1fa0
fa0dbc
f9044a
f76ec6
f567ba
f414a2
f36b16
f1f4d2
efb26a
ee1e3e
ece8d4
eabdfe
e8d75c
e8e456
e9569a
e83ce6
e67ea0
e55b2c
e46788
e35eac
e2bf2e
e277c4
e1c590
e06092
dee1b6
de1c2e
de6f16
df725a
e01424
dfeea0
dfd5ba
e023c2
e09850
e1dd72
e3e134
e4a470
e3fdd4
e47578
e6e7ce
e9d8b0
ec9b8a
ef7a9a
f26874
f4fea6
f73c7c
fa3446
fe6488
01dbbe
034b6e
047a0a
0684f8
0842c4
0997f6
0b5ed4
0d139c
0e179c
0eb818
0f1e2e
0f79fc
1020a2
108948
0ffff4
0f0998
0e354a
0ce34c
0b1ca4
0a7408
0abb3a
09602a
0676c0
04da9e
045078
02c036
01387c
007cb8
fe76ba
fb6c76
f9bba0
f8e0f2
f7fd28
f7dfe0
f75ecc
f590bc
f5173e
f668fc
f686ea
f5e4ae
f6aabe
f71920
f60b06
f5e344
f6deac
f71a60
f72570
f7f8c8
f8c170
f9648c
fa384c
fab3c4
fb40de
fc8bc2
fd74d6
fd7966
fde4a2
fed1dc
ff657e
006bb6
0289b8
0448f0
04f6c0
062c4e
087ec6
0a7760
0bc44e
0d50c6
0e8e08
0eec50
0fc2e0
1144fc
11ddbc
11df18
126b3e
129b72
12509c
12e89e
137d8e
12894e
11699e
11197e
10460c
0ed63e
0db3ee
0c52dc
0a9aca
098eaa
08aa7e
06f8ee
0543a6
040b7a
029902
0133ca
0074c2
ff96d2
fe1db2
fcb418
fb8fce
fa998c
fa153e
f9b8ca
f8fcdc
f84734
f7dfc0
f76740
f7106e
f72256
f746e6
f78ce4
f82a46
f88c34
f89eb4
f928aa
fa262e
fb1766
fc2546
fd49b4
fe11d8
fe97c6
ff4670
0014ee
00b26c
0109f8
014dca
018e2e
01bc40
022702
02dec4
0359bc
0399d8
03e92a
03b406
02db78
026a62
0266ec
01c15a
00a5c0
fff838
ff54e8
fe50ec
fdf938
fec6ca
ff6da8
ff5bce
ff5e1e
ff4a74
fed8a8
ff067a
ff80cc
feaba6
fd48e8
fce754
fcd1de
fc936e
fcecaa
fd3964
fcb0a0
fc5406
fccb1a
fd6eaa
fdae80
fd334c
fbf1ce
fa7ade
f92e2a
f81f8e
f75308
f6605e
f50054
f3cdea
f36ce6
f3b3da
f3e9c2
f359b8
f23d68
f18d8a
f16d34
f10f7e
f05650
efc9ca
ef5032
ee76a2
edc90e
ee1490
eebf6a
eedad2
ef09de
f00eb4
f10c88
f16892
f1f808
f2ff40
f3d4a4
f4a7a4
f5fa96
f75ac8
f8ad82
fab70a
fd40c0
ff87f4
020dc8
04ed60
06ef20
089c36
0b53aa
0d95ea
0dfa6c
0e7028
0fe630
10befa
110dc2
119c6a
1174ec
10fb56
118786
11a674
10822c
101b92
0fe480
0dbeec
0bdfae
0c099c
0b15e8
082b92
06970a
0628e0
047a14
02d36a
027b78
015b12
fed800
fcf7c4
fbeb14
fa6eec
f8f836
f838b4
f74748
f610c0
f5e3e0
f67578
f6ac60
f75854
f8c638
f95706
f92a94
f9d6ca
faffd2
fbe7c2
fd248c
fe8e62
ff8d8a
008a1a
01c40c
034a6c
054462
06b848
06e854
071e78
07f5fa
082354
07d7c6
08a682
09eaf0
0a3d54
0a99d8
0be7d4
0cf68c
0d8d1c
0ea4b2
0fc088
1063b8
111b80
11384a
104546
0ff464
10badc
110dfe
10f4de
110c98
10bd58
1079f0
112e22
11c308
115db6
10fd18
10d226
1011e2
0f4022
0f03c4
0e97dc
0dc066
0d3e40
0cb550
0bc084
0b5a88
0b2e26
09d56c
088236
08a246
0864a8
06a956
054dee
050f44
04b974
03f66a
033bf6
02a1f6
02122e
019e76
0186be
01b6ec
01d3e4
0218a6
02d420
03c224
04bba0
058496
05ffec
06db80
07e240
07e818
0792fa
07d7f0
0764f6
05efd4
054386
052b50
03f466
0213e0
00d2aa
fff6a2
ff0ff0
fe6ae0
fde076
fcccb0
fb83a8
fae756
fabc94
fa809c
fa7cac
fa9aca
fa71fe
fa7b46
fb178e
fbded6
fc965c
fd4a36
fdf328
fe7d0a
fea8e8
fed6a6
ffa018
00384e
ffd24a
ff74da
ffaad0
ff8d10
ff2862
ff3db0
ff7000
ff241e
fe9ea4
fe4830
fdec90
fd26ae
fc2b4e
fb4b32
f9fd10
f81a82
f6bf44
f61d26
f4c4e2
f27f40
f0bd18
efeae8
ef3e32
ee42e6
ec79e0
e9ddc6
e80f60
e7aa8c
e6d6fc
e51d8c
e3eb4e
e2e432
e1771e
e12606
e212f6
e256da
e1d2a2
e19364
e19e40
e2293e
e39e7c
e50242
e54cc0
e50626
e554c2
e6cece
e93696
eb8282
ecf2f2
ee391e
f0502e
f2bb6e
f4e64e
f78e18
faae0e
fcaaa8
fd273c
fdd7f0
ffe816
02972a
049e80
05cd5a
068af6
06f070
0784d4
08d14c
09f214
0a4f66
0a6956
0997e2
07ad0e
0695ea
066fb0
059f94
04a38e
039466
010f12
feb87e
fec28a
ff1928
fde33e
fc8f8e
fb6ae8
f95536
f75e72
f72c7e
f7d52a
f7bc4c
f73bbc
f72f48
f74ed6
f7b946
f91440
faa180
fb85e6
fc6c4a
fd87a0
fe05f4
fe471e
ff76ea
013660
022292
024574
02c604
035952
033e6e
03ab36
04f886
052596
0426bc
03d028
03b2ee
031136
03270e
0423a0
048d3e
041444
03bddc
044310
0552fe
0638c8
06fa90
0798ac
07b176
07e212
08c19e
099c5c
0a4c70
0b6016
0c65b6
0d177a
0e334e
0faa6a
10a4ea
111fd8
11b058
1250c2
12b850
131014
134432
12f7da
12cc10
133eee
1348c8
129ed4
122fee
11e11a
118880
118518
1105f8
0fe75c
0f904c
0f9faa
0ef77e
0e8ac8
0ec476
0ec682
0ef0e4
0f937c
0fdafc
0fca36
0ff51e
103b8c
10743c
10b418
10e108
10a7d6
0fe252
0f253e
0ee65c
0e7690
0d5eb4
0c1c84
0abfb0
0928e2
07cae4
066cb4
044726
01c0f0
fffcec
fedcf2
fd5dc0
fb9a3c
fa5d4e
f957b2
f81624
f72764
f6a754
f5f6e2
f51bdc
f497fc
f4cafe
f577c8
f59e68
f546be
f5a170
f67648
f6e214
f74ba8
f7a506
f75910
f71968
f741e0
f71382
f6ab20
f656aa
f5850e
f49a18
f4acb8
f543f4
f52286
f46e38
f400fc
f3c994
f382c6
f36384
f2f2d2
f18d82
f02046
ef8800
eee9cc
ed9db6
ec3092
eb5534
eb1c76
eab456
e9a6e0
e8e4ec
e8a348
e7ed0a
e72e3a
e723bc
e6edb0
e6105a
e567ae
e570a0
e5d67c
e5f682
e5adb6
e5bb0e
e68fd0
e7cf32
e90874
e9b3d8
e9d380
ea4a7a
eb9024
ed6fe2
ef56f2
f050c4
f0c3a6
f23e76
f49d68
f6b51e
f86ce8
fa14d0
fc20f4
fe7680
ffd3ba
009bfc
026886
042a82
04c40c
05dc18
07a7c4
084f6e
07f034
07e1ec
08497c
0888f4
07fb8a
06a452
05262a
03e00c
02ea20
01d470
0029e6
fec86e
fddb04
fc239e
faa0fa
faa80a
fa04f8
f7ed92
f71c74
f77890
f68c1e
f55a12
f5f526
f74740
f7d462
f84c82
f96f86
fae25c
fca4da
feced2
00a942
022340
03a9e2
045f2a
049af4
06701c
08c7e0
08ee92
08103c
0836d4
08cd76
09544e
09c792
09906c
08c406
07cd9c
074064
07e264
0897fe
07fd9c
075b32
07b5c2
08479c
08fc08
09af2c
09fa26
0aa208
0b85f6
0bc334
0c6cf2
0dd13e
0e5448
0e7628
0fa3e2
10cb7c
10da30
10aa28
111446
120064
12c1ba
12d786
1295a8
126d08
1270d0
129a14
12a7c2
127bcc
123134
11a1e8
1104e0
109d14
0fc076
0e5b04
0d53b8
0c8d56
0b9ccc
0b0d48
0ac9ba
0a23c6
096332
0919f0
093fe2
095be0
08f1c4
08524e
081e3c
08135e
07dcb2
079e36
0759ac
0741aa
076b12
0747e6
06e1fe
06a422
062d0a
056272
04a34c
039188
020ef0
00a77e
ff3d2a
fdcaa8
fcd2c0
fbf5a8
fabe66
f9b6aa
f91720
f8a0c4
f84dae
f7dac2
f72dd8
f6d5dc
f6fda8
f72e2a
f71564
f6df56
f704dc
f791ce
f82a16
f8ed90
f9be32
f9dcdc
f9ab52
f9f958
fa24e4
f9bff8
f97f80
f95a54
f8d44e
f83344
f7a70c
f721a6
f6ad12
f6202e
f58ea8
f5084e
f406f8
f2dfa6
f28344
f263a2
f1a79e
f0932e
ef3f26
edf946
ed9a7c
ed9be0
ed0252
ec56a2
ebe1c8
eb1fb6
eaa422
eb3afc
ec3074
ec3f86
eb6426
eb1756
ec27f0
ed43ee
ed87c8
edbbb4
edf584
edd25c
ee3092
ef4d0a
f001e2
f017b2
f049c8
f0be1a
f13dd8
f1ad6e
f1f930
f23370
f2e488
f478ca
f63284
f72d0c
f82598
f9f25a
fc03b4
fe5a08
01607a
03ef38
0522ac
060e00
07d738
0a90ac
0d4fce
0ea9b4
0ed668
0f7622
1074fe
10b71a
10dea4
119aa0
118216
0fdd4a
0e674e
0da70c
0bf5ce
09f7c8
0983bc
08dfa8
06caea
05997c
051510
037ea4
033e28
04ac90
03bef6
01a246
01ff36
0252c8
0161ec
030068
05f14a
05b1b2
04654a
05dcb6
0860ee
09f7f0
0b9e8a
0d2c9e
0d6d1a
0d52d8
0e14d6
0ee414
0f6c60
104aa0
1070f8
0f3d6a
0e96d2
0ec346
0e0cd4
0d4c44
0d857e
0ca7d0
0a736a
094944
08fe4a
085d6e
0839c0
083270
06f89c
05f22e
06602e
06ceba
06edb8
07b12e
07d368
06cd5c
070de2
08c24c
0964c2
097508
0aa11c
0b8b36
0ba53c
0cb344
0e3690
0e83ee
0e732e
0f05a8
0f9168
0fdd40
1023a0
1035ba
101412
0fde82
0f8e86
0f263c
0e6686
0d4d68
0c72ee
0bc70c
0abee6
09b290
0921fa
08b230
082e48
07e726
07d09e
0793d0
073ac2
071526
072200
072a7e
072b60
071260
06e29a
0721f8
07ce44
07f986
07a0aa
07a352
07b86e
07320c
0673e6
05acd8
047e06
03493e
023e36
00c412
ff25e2
fe3f48
fda720
fcc492
fbf97c
fb4ea6
fa87fe
fa0458
f9a578
f8f75c
f88700
f87842
f7dffe
f72f0e
f77a3e
f7f37a
f7b6c8
f79ffc
f832c0
f8e9d4
f97624
f97c9e
f8dc18
f88944
f8d8d8
f8c6d2
f81d36
f774cc
f66b66
f4a8fe
f33f64
f2a25c
f19af6
efdb4c
ee8422
eda13c
ec8d7e
ebe7c2
ebef12
eb9c84
eaf9d0
ea979e
ea060c
e9b822
ea89aa
eb39b4
eadc5a
eabb52
eb3588
eb7b2e
ec0614
ed3c1e
ee4390
ee9c78
ee6cca
ee1ac0
ee4e62
ef0ea2
ef83de
ef1f7a
ee305e
ed88ae
ed79c4
ed8cc8
edadd4
edbe56
ecffb6
ec1b18
ec8d96
eda8a0
ee32aa
eea1f8
ef5eb4
f0ab0c
f30330
f53874
f6553c
f7dc80
fa3e2a
fc187c
fde0b0
005cd0
021a2e
02a60c
03913e
0541b4
0707a0
087a2e
08d670
083266
0842c0
09215c
08d95e
0771c4
06167c
0411a4
018224
fff9ae
fe9d50
fc5434
faaf1e
f9b0de
f7fa78
f6aaa0
f5e410
f40faa
f2b83a
f3038e
f24cca
f0a8c8
f0d008
f1c56c
f1d1fc
f26184
f412ce
f593d4
f6795c
f79306
f96da0
fb473c
fc49f4
fd1ebc
fe0070
fe80fc
ff6d72
00680a
ffdee2
ff7acc
00d9d0
017c40
009c28
00749a
0048ea
fec944
fe0292
feb624
fee078
fe00de
fd357c
fd116a
fdb9c8
fed7fa
ffa66e
00102e
009654
016d1c
02ae9e
045608
05b5de
06664e
072546
0876fc
09eaae
0b7864
0d2342
0e556c
0f3cbc
103046
10a25c
10edda
11ca90
1253da
123dd2
126a30
124e10
117caa
1100be
10c700
104076
0fb334
0e6d38
0c0f56
0a3d52
09731e
0864b4
06fa02
05c7ec
049d26
038492
02e936
02b0dc
025526
01c1f8
019526
01da58
01dd8a
01c5ce
020dca
026b32
02d5f2
035ff8
03883a
0379a2
039e04
03753a
032632
0331e0
02b058
0144ae
0041c8
fffcae
ffa290
ff286a
feb946
fe2d36
fde74e
fe41b0
fe9e84
fea3be
feff3c
ffc20e
002a68
00ad7a
01ea80
02c580
02d748
039da8
0557d2
06b114
07428a
07800e
07c44c
08171a
0812a6
07be22
07797c
06f2a8
061286
0542e2
043dc0
02f438
01f132
00fc96
ffee34
fefcc6
fdbd32
fc5c6e
fbc032
fb5e58
fa7fe8
f9aea2
f9162e
f87864
f7fd26
f79b38
f75e6e
f75eae
f752b4
f7770a
f7b26a
f705f4
f5fb92
f5dafa
f6311a
f681d4
f698ee
f5688e
f3a7e0
f3289e
f377ac
f3e928
f4870a
f3a75e
f0fa6e
ef8046
f052c4
f18f0e
f1fd7c
f13e58
efbeda
ef670a
f104f0
f302ec
f4372e
f501a8
f5b492
f67d3e
f83aa2
fafdcc
fd501c
feb6b6
fffd8c
0119e8
027104
0504c8
077d4a
0888c0
09ab0c
0ae732
0ab06a
0a6aa4
0b31b4
0b1ec4
09f9dc
0911e6
078108
04cf64
02efcc
029424
01ef94
ffe516
fd9a5c
fbe24c
fa17f2
f8bf3a
f89a12
f7cf82
f5bf46
f4ba22
f4c73c
f4af9e
f5b112
f7679c
f7b914
f7dbee
f94e22
faef0a
fc8688
fe4164
ff2e94
ffcdf0
00b37a
011198
01d768
03e3b4
050ea0
04d252
056eb6
068900
06819e
06989e
078cfa
0774fe
0645e2
0602ca
063d32
05a27a
055bac
05e418
05b81e
0532d2
059666
06404e
06f0c4
081de2
08e3f6
09301c
0a3948
0b83dc
0c6946
0dbb88
0f498e
105c7a
11945e
12fb42
13d55e
14a5e6
15e4b0
16b090
16cf9e
1728e6
179d5c
173b28
168750
166b6e
15e758
145f22
133ba8
126dee
10b310
0f12c2
0e4cb6
0cdeec
0ae236
09b97a
08b3e2
074332
0663da
05d8ce
04c210
03a246
02fb68
029584
026d42
028346
029a96
02ac2e
02c6e2
02d6b0
02e784
03220e
035e26
0341f4
02cd80
022baa
018e78
016306
017c60
012188
00977c
009338
00bff4
00efd6
018ec6
0227d0
020f02
01a732
018b6a
01de00
026e14
02e98a
033264
032eb2
02e55e
031a5e
0440c8
05a68c
069770
069744
058ae4
048222
042bde
03d714
0322a6
01d36a
ff7d34
fd44cc
fc53ec
fbb176
fac24e
f9f028
f88996
f66924
f4fd76
f4806e
f3d5ea
f2a196
f0f11c
eede26
ed2552
ec6e66
ec2758
eb48fe
ea3de6
ea3692
ea6dd0
e96c92
e836a6
e853be
e91ebc
e97a96
e9142e
e81b8e
e747ca
e6e3d6
e6f1ba
e7e884
e8e73e
e83e0a
e6de24
e6a69e
e73fa6
e7f19c
e8bbd4
e93274
e91ed2
e8d966
e926aa
eadee8
ed235e
ee8948
efdde8
f1ae8e
f2f2c6
f44f02
f6d15a
f965d2
fb99ce
fde1d4
ff574c
00136c
02014a
054fe0
080e46
0929da
0967cc
09cc14
0a57a8
0b0672
0c0158
0c2584
0a8e32
08864c
075792
06b4f2
05c67a
040516
020572
006840
fe6182
fc3026
faebd8
f94f5e
f6b97e
f4f7ea
f3a58e
f1996a
f07b60
f0961c
f04a2e
f05546
f13256
f15060
f10b20
f20e56
f405d6
f5a37a
f6612e
f6ce0c
f7cb32
f94e86
fb4ce6
fdc172
ff0d60
fea4ae
fefb6a
00feda
02ae42
034de4
03881c
036006
0351d4
043912
057c58
0618fe
064c36
068b44
06e190
07b992
091fcc
0a19c6
0a7fc2
0b44da
0c5e7c
0d5548
0e7ca0
0fb7d4
10c82e
123de4
13e33a
14f278
15f5e0
1747ba
186a2c
19953c
1abb1e
1af218
1aa91a
1b1b28
1c1472
1cb2fe
1cb1ce
1c59d2
1c0eba
1baf46
1b178a
1ab99a
1a2d42
186c2e
165a08
156694
149fbe
12f37a
11649c
1040a0
0e7eec
0c9e30
0b7760
0a0c3e
08115e
06cb4e
05f9a6
04921c
032b72
024464
015a9a
0099ac
002f38
ff6df4
fe2cb0
fd0830
fc8920
fc902c
fc3434
fb491c
faccb2
faa8ce
fa2b4c
fa0402
fa80d6
fa8cd6
fa06e0
f98cca
f9158c
f8b53a
f87ae2
f7fe8c
f7a120
f7e79c
f83634
f81422
f7f676
f84e18
f96300
fb0136
fc06d8
fbeff4
fbc492
fc5ca8
fd4d24
fe08fe
fe6954
fe0044
fcaae6
fb9c46
fbd756
fc64f4
fc0926
fb16fc
fa1a3e
f91ad2
f867cc
f81d1c
f7a988
f6bdea
f58a2a
f47326
f3d4f2
f37f8a
f307a4
f27bf4
f21250
f1ef9c
f20fb8
f1ed98
f15c10
f0efcc
f0b79c
f05886
efd48c
eef3aa
eddce6
ed8018
ed8410
eccace
ebe15c
eb95bc
eb7402
eb563e
eb6072
eb19a2
ea7efc
ea3eaa
ea97e6
eb4cfe
ec0e38
ecce8c
edb0f6
ee9cc0
efa148
f157b2
f3cb1c
f603b6
f7249c
f784f8
f86df8
fa38f0
fbf256
fd8348
ff76a8
0106a2
019b96
022a8c
034684
04a6ac
06401c
0760d6
06f5ea
05c294
056bf0
05b800
059ed4
058678
0568e4
03ef26
01e042
016e08
019878
006aa2
fef05e
fdbc96
fb9e68
f985b4
f90c64
f93f80
f905f6
f893a0
f7da78
f74868
f7f150
f96b26
fa52bc
fa9fe8
fb03c6
fb5870
fbc8ce
fd53c8
ff755e
008eaa
00ea9e
019a2e
02777a
038ca0
04c596
055e62
05de0a
0694b6
0629b8
05703e
066e50
078f30
072c12
0720e2
0822de
086a70
0809b8
0898ce
09c3ea
0a052c
097cac
0962b4
099e8e
09bd6a
0a6a5e
0b6484
0b76fc
0b05de
0b0466
0b64bc
0c1be0
0cc6ec
0cc700
0cb402
0d2308
0dad74
0e343e
0ec94a
0f589a
0fc906
0f9a68
0f32f2
0fd4aa
10b078
10293a
0f05bc
0e67ca
0e0072
0d84d2
0cfdd4
0c7d2c
0c0890
0b44c4
0a6ca2
0a0414
096e16
08684e
07b55c
07082e
05d58c
04b830
041d1c
03e326
03a6dc
02b50a
01658c
00ad08
002a54
ff4968
fe5b08
fd74ee
fc6df2
fb4904
fa32fe
f9b9ac
f9d508
f9a118
f910a2
f8de3a
f903cc
f8f47a
f8a23c
f8aae6
f91970
f8d4e8
f7f44a
f7dd80
f831a4
f819c4
f8adc6
fa0594
fa842a
fa1680
f9b8bc
f9d7d6
fab8aa
fbb858
fbc004
fb3990
fae80c
faa5bc
fab492
fb8c72
fc6864
fc1b72
fafe8a
faa598
fb4b8c
fb8a7a
fb178c
fab4a6
fa338a
f9854c
f9571c
f9a3dc
fa1c4e
fa6788
f9e27e
f933d4
f9716a
f9c66a
f958d6
f8f56c
f8fc20
f917f0
f8f8e0
f8240c
f75478
f7bfee
f83676
f76730
f685e0
f61874
f50b60
f3d5ce
f36b78
f31f74
f2782e
f200c0
f1f936
f284f2
f3af2e
f4cbd8
f5b804
f71bc0
f87a40
f91004
fa2f3c
fcc1b8
fec7ac
ff438a
00256c
01f382
037756
053712
078b70
094786
0ac1be
0c5558
0ca45c
0caedc
0e69d6
0fb970
0f0ae0
0ebc4e
0ee3e2
0d8ce0
0c7f40
0d72ce
0ddebe
0c5852
0ae56a
0a57d8
0997b2
08bc02
0843bc
072dde
052c66
039d38
029864
0196f2
01c2b4
02778a
013980
ff965e
0047e6
015d26
015e0c
02264c
0347ca
033f88
036566
045f4e
053c2c
0678c4
07dc0c
07c300
072f54
082ddc
0992be
09dee8
0a30fa
0a98ec
097fe8
083dcc
090478
09e610
08ef9e
07f4fa
07a42a
06a426
05bfce
05d748
05acb0
04e1d8
042db4
036e6a
02b9e2
026832
021aae
01aa52
016dea
016d90
01717a
017bb2
01d546
025764
028102
02ce08
03b796
0439f2
041530
048e72
059df4
06289e
063a66
0671c4
06f2f4
0793e4
081cc2
0897be
0901ce
092014
0946de
09b73e
0a0850
0a393a
0a8ce2
0ad34a
0b0ac4
0b5578
0ba148
0c0a32
0c654c
0c646c
0c4e7c
0c53c2
0c4746
0c28b6
0ba7f8
0acb10
0a61ca
0a1d08
0920d0
0826f2
07be2c
07134e
05ee30
04c6a2
03a76a
02b84a
01f90c
010090
ffe29e
fee0e0
fdb104
fc3ae2
fb1154
fa6112
f973e6
f818ca
f72968
f69554
f5927c
f4d5e2
f4f04c
f48978
f36534
f2df3e
f2be6a
f259ac
f252f6
f26932
f1e048
f18d1c
f1ee8e
f24194
f2a84c
f380b4
f406b8
f41962
f481a8
f5156a
f551b0
f597a2
f60968
f6141e
f5b2c8
f59660
f5f6fc
f642d2
f63906
f66cda
f6ee6a
f70798
f6f668
f76e06
f7d8aa
f7d792
f831da
f8d37c
f8e896
f88560
f82b14
f85fd6
f954d0
f9f52c
f99fe0
f968ec
f96f94
f8af30
f7fcb2
f8851e
f8f3c6
f7e6e4
f67176
f5c9aa
f5bbba
f63bac
f76390
f83d96
f86aca
f8e824
f9cb9e
faba30
fc62d2
fe2c9e
fead9e
feddb8
ffbeea
003544
00829c
0204c6
03d2be
045870
03b0b8
02d76e
02bc62
033e60
03574c
02c720
0176c2
ff2a20
fd020a
fc1e52
fbdcb6
fb701e
fa4792
f7e3f0
f567ee
f46e60
f47240
f40368
f2d7b4
f1581c
efbf94
ee7f16
ee8d96
efc0e2
f01ef4
ef2eec
eef8a2
efe102
f06854
f0f2ac
f28ec4
f42f8a
f4e44c
f5a536
f70d5a
f867ec
f97900
fac488
fc2f9e
fd4d92
fe42a4
ff4908
006ee6
01ba4a
02b962
032070
0396a0
046728
050f56
05a354
064d2a
067be2
0623a6
0601b0
063f38
066152
062212
058b7e
04e082
04a036
050fd6
058b84
055534
0501b6
0526ce
050d82
04a608
04bf66
04dc72
047f06
0474e6
047fec
03c830
035ac2
03d68a
03ca4a
02f2b0
0269a8
01b352
003bb0
ff4e9a
ff580e
fedc0e
fda574
fced32
fca664
fc550a
fcbd08
fde754
fe7ce2
fe64b4
fec2c4
ff871a
001ade
00e516
01f7aa
028f9c
02bd14
034c18
0431ae
04f204
05993a
062e38
067ae0
06b34a
0721b2
07914e
07ea12
085af0
0896e6
08440e
07e082
07ea60
0822be
084d9e
0822e8
074586
063294
05952e
05424e
053ffa
05863e
0511fe
03ca00
030548
030cf6
0344da
0380b4
034474
024906
01732e
013eda
01660e
01c5ac
01fa82
01b374
013b4c
00ccec
00b95c
013f7e
01950c
0135d0
008fac
ff958e
fe8a5e
fe490a
fe3a92
fd94da
fd279e
fd07e2
fc29ca
faee4c
fa9e32
fb747c
fc5d28
fc1e2a
fb057e
fa6f22
faaa30
fb51bc
fc53ae
fd481c
fd5b38
fc6b1c
fbb3c4
fc9a3c
fe4098
fec102
fe919c
fea47c
fe1ecc
fd4ac4
fdba84
fec71e
fecfc0
fe2cba
fe042e
fe9032
ff62fe
0018b2
00ca3c
0197a6
02493a
02a810
02dd26
03908a
04e942
05b556
057ed2
0587be
064620
071cee
0810f0
08fa04
095204
0940d2
08fb4e
08c54a
091286
0925ee
081f66
06c0a8
059b74
042dbe
02b06e
01d246
014ff2
00332a
fe29ca
fc4ea4
fb4784
f9ef58
f7e90a
f65f3e
f54ca0
f41636
f31d24
f2386c
f105e0
f06164
f082e8
f07656
f06eae
f12828
f1f2f2
f24504
f31148
f4aade
f5f106
f6daf8
f892de
fa9bea
fbe654
fd4a40
ff5ade
01177a
027168
0429f6
05e25e
0731c6
08607c
097ade
0aa234
0bf7c8
0d05e0
0db0ae
0e6e66
0f313e
0fa970
0ff23a
101fc4
101024
0fb66e
0f47c6
0ef040
0e7fec
0de5e0
0d6036
0cceea
0c25d0
0bbdd6
0b461a
0a5c80
09ccc0
09e2ba
09976c
08ca9e
083b1e
0798c2
06864e
05c080
05832e
04f53e
03c4a8
027152
014ef2
006f3e
ffff28
ffdabe
ff76e8
feb076
fe134c
fdf23c
fdff0a
fde8c8
fdb7a6
fd8596
fd657a
fd765c
fdc54e
fe3c5c
fecca2
ff753c
003b3c
0118ba
01e8b4
027e3e
02f690
038fce
044116
04c396
051176
0576d6
05fbd8
066794
06f534
07d5e8
0874ca
089bc8
08f3da
09661a
0949c6
08ecea
08cf66
08a446
084ba4
07fe5e
079e64
06fbc8
06685e
065ed4
06a6f2
063a98
04bb96
0328b4
025cae
020b46
01594c
ffc776
fdb884
fbde36
fa745a
f9bb92
f99e7a
f8ecd0
f72c3e
f58f4c
f4bd94
f446e2
f3e902
f357a6
f25b6e
f144fe
f0413a
ef8610
ef723c
ef7872
eeee8e
ee4858
edd7a0
ed6b6e
ed25be
ecf476
ecc99c
ed0052
ed15a4
ec58d2
ebbe1a
ec5a80
ed9b1e
ee5c4c
ee444c
ee055a
ee67c0
ef33e4
f02418
f16ea6
f28600
f2e9b8
f37324
f4e490
f73080
fa0670
fc73b4
fdd086
fedf3c
004944
020f0a
0478d0
0719c6
089344
08d798
0960ee
0aca96
0c48e8
0d75de
0ecf64
100b8a
103776
0f9b1e
0f4b60
0fb91c
107228
101172
0e10d4
0c2f06
0b39e8
0a0554
08bfda
07e604
0645a2
04055e
0257c2
00946a
fe7000
fcaa14
fa8146
f7872a
f50d46
f35d6a
f1d066
f066c4
eeec16
ed3214
ebbc7c
eb1008
eb428a
eba6de
eb7bd2
eb742a
ec32c0
ece7a0
ed6cda
ee7380
efc78c
f111f2
f24cce
f3565c
f49aca
f65372
f7ebb8
f988bc
fb7196
fce8be
fe04d4
ff9f24
015c12
02cf20
0469be
06212e
079ce6
09096c
0a7c4e
0bdd12
0d4bfa
0eb548
0f957c
0fff24
10e67c
1255ec
131fe8
134696
13ae18
1401dc
13fa28
143c12
1494c8
14aa54
14e7b4
14ff1a
14a1a2
14933c
14bed0
14793c
142838
13d1b4
12f2b6
120034
1121f2
0fc29e
0e3ef2
0d1ed0
0bec1e
0a76a2
093314
082832
0702a6
05cf1a
04d446
03bc02
022022
00d44c
00653c
ffa9c2
fe49a0
fd7a9a
fd3b98
fcd372
fcbdda
fd1e8a
fd4a50
fd4f10
fd64b4
fd6f22
fdb228
fe20b2
fe37a8
fe42da
fe9238
feb0f6
fec11e
ff5a5e
000680
000b88
ff9e80
ff4580
ff40a2
ff7dc8
ff7bc8
fee8c0
fe21b6
fd77a0
fcf7a2
fcf3c4
fd64d0
fd7db0
fcc556
fbafa6
fae4b6
face98
fb371e
fb341c
fa5b90
f94e5a
f8856e
f7ffe6
f7e6a6
f81068
f7d506
f71a64
f6563e
f5b46e
f56106
f59300
f5ce10
f56dea
f4ad88
f40ae4
f3c5f4
f4309e
f508b0
f53ff4
f48d58
f3cdc2
f37024
f32f86
f336e0
f3a910
f38a2e
f22158
f0948a
f049e8
f1049a
f1e1a8
f2210a
f0fee8
ef3d78
eedcea
efcd7e
f0896a
f116c4
f19bce
f165f0
f1396a
f25978
f47584
f706cc
f97c54
fa8f50
fa9b20
fb8006
fd7d5a
ffbf5c
020322
036bf0
03752c
03980a
04e7b8
067f8a
080ca2
0a12f8
0b8aac
0b50ee
0abdd0
0b6560
0ca5bc
0d73d6
0d6f9c
0c3e1e
0aa768
0a3174
0a7f4c
0a54c8
09c09c
08d99e
0775c8
0644d8
059996
04f4ec
044198
03202e
00fb82
fead84
fd7f06
fd40d6
fcf1bc
fbf54e
fa5f3e
f8f180
f869ea
f8a93e
f8d55e
f88426
f83746
f7f1a0
f71054
f65368
f6eed0
f81490
f88f76
f8a156
f8a66a
f8e3e8
f9f0da
fb5168
fc2e9e
fcfe64
fe05f8
feb5ca
ff5e0e
00b1e4
024fac
03a692
04b896
057806
05f54a
06daa8
085e68
09b8c4
0a72de
0ae1e4
0b353e
0bb43c
0cba00
0d8cb0
0d977e
0dc084
0e38f6
0e1a14
0dd6f8
0e22ae
0e4146
0dfdb8
0de00c
0da574
0d540e
0d69b2
0d5d24
0cd236
0c80de
0c4e2a
0b870c
0a9546
09ee92
0921d0
080fde
06f48a
0591b2
042c52
038926
032cd0
021826
00c1e4
ffc6ca
fec5c2
fdfaa2
fdb212
fd06dc
fbdae6
fb29fa
fac6f8
fa40c6
fa2224
fa48d8
fa27b0
fa207a
fa4522
fa15b2
f9ccf2
f9caa2
f9e7c4
fa0850
fa183c
fa418a
fada2e
fb7df0
fb9fc4
fb92ba
fb99be
fb7dc0
fb74c2
fb9bc4
fb77c0
faead4
fa2b28
f949b2
f8d172
f95170
fa0898
f9eae6
f93a76
f8cd4a
f8e044
f9425c
f98d7c
f9769a
f911c6
f86220
f78fa6
f75c56
f7ce32
f7f80a
f7ec96
f82eec
f83430
f7f640
f850de
f90df2
f96458
f934f0
f89ee4
f83530
f87aa2
f8e82e
f952b2
f9ccee
f944ec
f815c4
f85f1a
f989cc
f98a0e
f8f6c2
f86dce
f73b6c
f679ae
f6f784
f6f41c
f60c80
f5a27a
f54034
f46ff8
f478ce
f519d2
f4ca42
f40732
f3dcc0
f3ed52
f4634e
f5f5e0
f7df50
f923ce
fa186e
fb256c
fc8f1c
feecaa
01c940
03d342
04edfe
059ba4
05ed8c
06db18
09a17a
0d0fec
0ecfde
0ef58e
0f4af0
104f22
119a6c
1328fa
1437fc
13b9b4
128932
11d396
11533a
11713c
129792
12e562
11c8ae
116330
11a106
111750
10eeac
114de6
103b22
0e6a42
0d721c
0c68c2
0b72f4
0bbc5a
0bc3fc
0a68cc
094a5a
08d872
084bf6
084278
0866ba
072ec8
055d78
048780
041edc
03a66c
03a1e6
038022
02dafe
02e234
03a4ae
03d06a
03a726
03e79c
03c3b4
032b5a
035e8a
03ff7a
03e848
03c2b0
043f6e
04a296
04de4c
058e86
06194e
060f9a
063c4a
067f5c
05fb08
057154
05bf5a
05ed6c
057688
051c80
04d482
0470c8
04c444
058f16
058776
04ed46
04b77a
04e04e
0567ce
063912
06726c
0608e0
05e926
061646
063882
0685ee
06ada6
0625c4
05671a
04ff90
04d46a
04d8e4
04e1f6
0499a4
0440e6
0446ae
046b18
045646
042a08
040d4c
03e442
0393ee
032c26
02dff4
02c47a
02ce98
02ea40
02cc8a
025162
01f490
02060c
0217d0
01c7bc
0126dc
00801c
002836
fff80c
ff87c2
ff4322
ff99f8
ffd642
ff86d8
ff4356
ff2fa2
fefbd0
fec798
fe78ae
fdc7fa
fd0f60
fc58ca
fb2812
fa06e6
f9be0a
f98c82
f89308
f74156
f60864
f4df18
f43a24
f40660
f318ba
f15c18
f02a62
efd79c
efa4a0
ef4e40
eed55a
ee6db6
eebc32
ef5ee0
ef29d4
eea7e8
ef1fec
efedd6
f032ac
f08c80
f11f80
f14dca
f19c44
f2a0aa
f3b704
f47e88
f5185e
f52e9a
f5203c
f5d95e
f6be34
f6fee0
f74584
f78274
f6e016
f6737c
f74d9c
f7f5be
f75e1e
f69dfa
f672b0
f67586
f64ba4
f60f4e
f66bca
f7654e
f7c93e
f7d20a
f930c0
fb5372
fc6856
fce586
fdcf26
fedb9a
003710
01f57e
02f00a
02fbfc
034488
042bd6
05aef2
07e9da
09d19c
0a515c
0a14fe
0a0a50
0a3e50
0ab30e
0b228e
0ab0ca
08f9b8
069b4a
04cf80
047a4c
04e492
04823c
03381c
0206f2
010d7c
ffe68e
ff08f8
fedc88
fe9410
fd4476
fb6c98
fa2724
f9acec
f9d9ea
fa8dee
facf94
f9f6ae
f93a0a
f97964
f9d686
f9fd52
fa3bb0
f9e3ac
f8d824
f830de
f819f8
f8408a
f8d77a
f928a4
f88922
f832e4
f8e2ee
f9986e
f9fa5e
fa41a8
fa247e
fa051a
fa62ae
fabb74
fb2196
fc2002
fcf6d6
fd3c54
fdbdac
fe6e02
ff0f82
005134
019b18
01a15a
01432e
01dedc
02f0b2
03cab0
0477c6
04de0e
0534a4
05e198
06a500
0739f0
079660
078734
07405e
070cf4
06a104
06169a
05debe
05844c
04c004
0438c4
03f0aa
036dac
02cc98
02044e
00fda4
004864
ffd390
fee120
fdc0e6
fd0dd2
fc74de
fbcdc0
fb3750
fa7098
f9bc82
f98af4
f94af4
f8ac64
f85d12
f8710c
f88556
f8d2e6
f94cc4
f975dc
f9830e
f9d670
fa3526
fa9614
fb3f3a
fc13d4
fcc1e8
fd365c
fda75a
fe7f10
ffd87a
013996
022e64
02a7e6
02d846
031cae
039a20
03fe82
03feec
03ce8c
03ba7a
03a9ae
03653c
034a36
03c276
042bec
03c79c
03127e
02ab90
0254e6
01e054
01319a
0010c2
ff2fee
ff0d0e
fe8d24
fd5116
fcb17e
fce72c
fd0146
fd00a0
fccd04
fbfd80
fb71d6
fbbfba
fbd626
fb672a
fb26bc
fb0de8
fb3e8e
fbe34e
fbd926
fb1e34
fb9442
fce234
fce550
fc3196
fc58da
fc9032
fc0dd4
fbb0ca
fbda52
fc47a6
fce8b6
fd067c
fc302c
fbcbf6
fcca06
fdb5a0
fd81f6
fd511c
fdc154
fdfefe
fe1d4c
ff006e
0076bc
020568
039f76
047906
046b56
056582
08129e
0a5ade
0b3056
0b482a
0afca4
0b5aba
0d6e4a
0f7892
0fcad4
0fcfe4
10439e
1000fc
0f9ac4
101ed2
108e50
101224
0eae0c
0c5202
0a5ff4
0a22ac
09c322
080126
069550
05b68e
03eee4
0214d6
0122f4
fffd42
fe90a0
fd8faa
fc0146
f9e562
f926ae
f9bf02
f9ec3e
f97404
f8fc2a
f8aaae
f8dc58
f99ae2
fa183e
fa286e
fa6952
facbde
fae928
fb283c
fc1c1c
fd65d0
fe374e
fe748a
feabb8
ff5124
0043e8
00ed04
00fa86
01019a
016e98
01b4fc
01abfc
01f792
028dfa
03148a
03e764
04cec6
052d08
05ba5c
0708cc
07ef7a
08067c
085716
08fea2
098b46
0a33e6
0ab6be
0abffc
0b1c8a
0bee6a
0c3edc
0c27e0
0c5d54
0c8644
0c629a
0c4038
0bfb38
0b81b6
0b2b7e
0acb4a
0a1af0
09695c
08b27e
07b244
06a288
05a70c
0498a4
039840
02b5ca
01bf12
00e3f4
005c66
ffdf3c
ff3a2c
fe7e10
fdb0e6
fd188c
fce2d6
fc96b8
fbe228
fb4b30
fb37c2
fb64c0
fb8e20
fba5fa
fba754
fbb42a
fbd596
fbdeaa
fbf368
fc69f0
fcf960
fd29d2
fd5776
fe1978
ff2cf6
000b0e
00d1e0
01b578
027dea
02fb7c
035d62
03e198
048024
04fa3e
05430e
056a92
0561da
056c24
060e5a
06f74e
075e0a
076294
075bca
071898
06ece4
071d68
06ac08
055ac4
04725a
03e298
027b86
00d4d8
ffd212
feab0e
fd219c
fc0b46
fb2cce
f9f616
f89cac
f6f72c
f50c58
f3d4e0
f33986
f22c3c
f10bb0
f07a6c
efb14a
ee8e10
ee2d3c
ee83ac
eea97c
ee816c
ee1a2e
ed67c6
ecef38
ecd078
ec7eaa
ec62e0
ecfb0a
ed0556
ebeef0
eb99d6
ec9d38
ed189e
ed1938
ee3a1c
ef58b8
ef2a82
efc09e
f21c72
f435aa
f5ad7e
f78b1a
f919f6
fa7168
fceaa4
ff8840
0123b2
02f914
04d7d0
058e6a
06cfe4
098582
0b6cea
0c674e
0e1388
0f49f2
0f4dca
0fd0e6
10a160
10a074
10b206
10862a
0edc1a
0d3ba2
0c9e90
0b5a18
09fa08
09f1f2
092ede
06a2c0
04d71e
0415a6
027444
00a498
ff5944
fd403e
fad930
f9a0b0
f8b5a4
f784c0
f71964
f6b852
f55380
f46c74
f4a5c4
f46472
f3dc34
f44e8c
f4a170
f41a04
f452ec
f572ea
f627f8
f700e0
f87372
f922de
f92026
f9ba1a
fa68d4
fad370
fbeccc
fcc036
fc1430
fbbfb0
fcbeb8
fd42a8
fd56b4
fe4ee0
fef990
fea424
fee3b8
ffadac
fff35a
009abc
01c82c
023034
0282fc
03d6ba
050ef0
05dbbc
0731fe
08561e
08a38e
095a5a
0a90ae
0b1bd8
0b81da
0c5fbc
0cbbde
0c9476
0d0482
0db72e
0dde76
0dd726
0dca5a
0d596a
0ce84e
0ccfde
0c7232
0bb04a
0b21fa
0abf4c
0a3560
09d014
09a540
0935d4
086e94
079e48
06ccf6
062184
05c9c8
054cbe
044e52
035520
02d016
027f44
023076
01e868
01a61e
016d6e
010806
0049d6
ffb2d2
ffa3e0
ff99fa
ff4808
ff01c0
feaf1c
fe3a4c
fe431e
fee148
ff2cc2
fedb84
fe6b5c
fe0346
fda83a
fdaf10
fdfece
fe0e7c
fdade8
fd1be2
fcb874
fd1792
fe3708
fee3b8
fe3d90
fd2e58
fcddec
fce93e
fca646
fc52d0
fbecc2
faf616
f9bcb8
f8ee70
f8950c
f87668
f84366
f79bc6
f6c44c
f637e6
f5b294
f51018
f4ab1a
f43c8c
f37570
f2f4bc
f2d43c
f25ed4
f1be64
f1a9be
f1dcc2
f1a956
f0ef8a
f0286e
f023ea
f0cce0
f0bb7e
ef83ee
ee9836
eec46a
ef41bc
ef6848
ef5320
ef565c
efad34
f006e6
efffbe
f0240a
f11ef8
f284ba
f39194
f456e6
f56a20
f70da0
f8e17c
fa8db8
fc338e
fdcc66
ff11aa
007492
02444c
03a224
045254
0588fa
076b52
08b5ba
097978
0adc8a
0c7ad6
0d0574
0ca884
0cab0c
0d5314
0da2b6
0ce4f4
0b92c4
0a752a
09a528
08dbb8
081ebe
07a028
0722d2
06057e
0447ee
02e8e4
02515e
018858
ffeb88
fe2092
fcbe5a
fba1e4
fac222
fa3fe2
f9ecda
f990ce
f93fa4
f90b40
f8d164
f8aae6
f913c8
fa0006
fa6e86
f9ed38
f99b1a
fa7e22
fc2964
fdc3e4
fee99c
ff7f8c
fff4b0
00e010
01f1d0
02ae0a
037dc0
04831a
04d574
044ef6
042baa
050cce
063aac
06f75a
0727da
07206a
075556
07dcb8
0853a8
08833c
088398
084cf4
07de88
077b76
076be0
07c8e0
086578
08a79e
084986
07f95c
083d16
08b096
08eeda
08ecec
0867e2
079cc2
078076
07faf0
07e530
073d1e
06f190
06d370
063fbe
05a268
056760
051d88
048ca4
03ec94
03355e
02700c
01ee80
019184
010bdc
00855e
000814
ff72e2
ff1c9c
ff3226
ff1584
fea978
fe7bb4
fe5a3a
fddb28
fd8d50
fda96c
fd6e6a
fcb13a
fbe9bc
fb1dde
fa7c98
fa71ea
fa81c0
fa30f6
fa0264
fa2800
fa48c8
fab1a4
fb6f86
fb984a
faf5b4
fa56ae
fa0840
f9d76c
f9a326
f9214e
f857cc
f7ca9e
f78bd4
f7494c
f736dc
f76a5e
f76cc0
f719e8
f6b7ce
f63b66
f58a9e
f4eb4a
f49f40
f47686
f3fe3a
f3324e
f2d08a
f33fca
f3bcf4
f3abd8
f39c4e
f3ea5c
f3f6f6
f3a100
f3ae56
f41bca
f3f956
f34818
f316fe
f38ff6
f3d10e
f3ae20
f3fdda
f4dd3e
f5407a
f4c584
f47244
f4d8ca
f5351e
f50b32
f4b13a
f42b7e
f37e2a
f33f3e
f385b4
f3b3a4
f39648
f361e4
f368a2
f40ca8
f4cd2e
f4ce6e
f4d19a
f5e202
f7300c
f831fc
f9bef8
fb814e
fc6436
fcf9c8
fe3144
0011f4
02750c
046dd8
050bc2
057ede
06fa4e
089c7e
0a48ba
0cce1e
0ef7dc
0fb724
1050e4
114442
11fc74
131374
14565c
144666
134290
1269e4
1172b0
10dbfa
11579c
1131d0
0f92c0
0e642e
0dedf2
0cc820
0bd7a4
0c1766
0bbd74
09cfba
07fc0a
075c5c
0775b6
07b916
07a972
072fac
06f590
072608
07561e
07cda8
089a78
08af9c
080014
07d7c8
082ac0
08211c
087fc4
09b890
0a6d86
0a7fb2
0b3f06
0c4a98
0cdc66
0dac20
0e8db8
0e976a
0e9246
0ee646
0ead98
0ead32
0fa5de
0fd4b6
0ef7ce
0f1404
0fae68
0f540c
0f0eae
0f202c
0e33a8
0d0c00
0caf24
0c044e
0ad75a
0a0af0
09361c
0843e4
07da02
07496e
065350
060f5c
060532
052bc2
046706
042500
0386b0
02e1d4
02b32e
022bbc
015f6a
00fe08
0081a2
ffc744
ff9ba6
ff9b92
fefc26
fe5364
fe2d28
fe1580
fde292
fdd44e
fdcc8e
fd7d4c
fd14a2
fd299c
fdbb48
fe00ac
fdd3c4
fde994
fe562c
feaf9e
ff1112
ffa0c0
00198a
004f3a
0058f8
006e0a
00996e
00652c
ffce52
ff7fc0
ff566a
fecc8e
fe7c44
feb67e
feae48
fe8986
feea0a
ff07e0
fe5d0e
fdcf70
fdcaf6
fde194
fdc10c
fd0544
fbe036
fb44c0
fb13c0
fa9a14
fa506a
fa536a
f99ef2
f85ae6
f79a18
f7285a
f65768
f54bd0
f44a58
f33b0c
f1d3f6
f025e2
ef2b6c
ef3e40
ef0616
ededcc
ed215e
ed01c2
ece1b2
ecd6ca
ed13ea
ed0306
ec4b1e
eb5140
eb0264
ebe35a
ecd512
ec8f8c
ebe1c8
ebf2d4
ec77b2
ed725c
ef21f4
f068ae
f08990
f075b6
f0cc86
f17a44
f2a30c
f3c42a
f410dc
f3ef4e
f3f7d0
f41fde
f4b4c2
f5bec8
f6484e
f61da8
f61c48
f689c0
f78366
f97f84
fbc78e
fcf2e2
fd1eba
fd8d5a
ff1112
01bf20
048dce
05e394
05bac6
05b17e
06bdde
08e630
0bf7be
0eafc2
0f9846
0f6740
0fdf9a
112050
126174
134706
133304
11bd48
0fd6ac
0e8b30
0debf4
0dafd0
0d3476
0beea8
0a8034
0968de
07f07c
063cd6
055e86
048636
023fb8
ff61d2
fd4e4c
fbd8fe
fac1ac
fa01fe
f8faba
f7aaaa
f6d286
f6741c
f6583e
f6acac
f6d436
f62dc4
f5b132
f61370
f67894
f69fa6
f74578
f837de
f8f8de
fa03a0
fb6e4c
fc77f2
fd1f7a
fdfbbe
ff0aee
001358
00f14c
01520e
0177be
021b4a
0311c8
03bca2
043122
049672
04e1b4
0578f6
065442
06a0ce
065ee2
0659aa
06954c
06b5e8
06d16e
06cbf4
068ca0
066864
065f3a
062954
05fbb2
05db12
057458
050d92
04fbb6
04d9c2
046b92
03dcf2
0334ac
02869c
01db9c
00de92
ff986e
fe67f8
fd46fa
fc385a
fb69fc
fa83be
f96670
f89ff6
f82a3a
f77b14
f6c850
f667c4
f61b56
f5c4f0
f56984
f4fa0c
f4be72
f4fb8e
f58944
f63e96
f6e596
f7284c
f74888
f7c01a
f86504
f8e56a
f93166
f92af8
f8fb1e
f8f4e2
f90d62
f951b6
f9f2f2
fa8c28
fadc4e
fb5a66
fbf684
fc22c2
fc130e
fc3558
fc62a6
fc5a14
fbffd6
fb74f2
fb2a62
fb1f1e
fafb24
fb064c
fb71a6
fbb034
fba1c4
fb942a
fb486c
fab874
fa6414
fa303e
f9c1ec
f92620
f83cec
f72f14
f6cc34
f6f92c
f6c410
f630c2
f5ae2e
f51b34
f4b27c
f4e1d0
f52a58
f4f238
f45364
f3adb6
f3b0e6
f4bbd0
f5be8c
f5bf24
f5a380
f6558c
f71744
f7618a
f7be6c
f82824
f82be0
f838ba
f8b2e2
f90582
f8c4c0
f85bc2
f859a6
f91296
fa21f2
fa7112
f9f91e
f9dc36
fa40b2
faa90c
fb9b9c
fd19be
fdf9ce
fe7dfc
ffde84
0182d0
029228
03cda2
05ad6e
07ace2
095048
09fc00
09f152
0b1342
0dd6ee
106aaa
1223a6
136ef0
13de94
141262
15a12c
17ab04
18211e
172264
15c7ae
14a3ce
14319e
14251e
13926c
129348
116f42
0fc714
0e3d8c
0da156
0ccd26
0ac4c0
0882ca
0679fe
040430
019924
fffe82
fec704
fda868
fcb078
fb5304
f9d0d2
f95b66
f9a754
f97794
f8e11a
f842b6
f77f50
f763d8
f8812c
f97754
f97e86
f9e4b4
fb43b8
fcd59c
fe808a
0037a0
01400a
01bdc2
026ed4
035598
045c8c
055dfc
05a922
05a33c
069074
08071a
08ecbc
09aea2
0ab2e0
0b86a2
0c772c
0dcdc8
0ebfd2
0f0c9a
0f7f3e
1052ea
111ce0
11a53a
11e21a
1206aa
126802
12d016
12b6e6
123488
11d1e6
119ee0
112672
1058ac
0f8678
0e8bac
0d4b10
0c6968
0c1196
0b438e
09b112
084ec6
077f5e
06b9a6
05c170
04939e
02fee6
0145ee
00007c
ff287a
fe2db6
fcd8fc
fb5f1e
fa19dc
f9490a
f8cd8a
f8563c
f7eff8
f7cca8
f7cf38
f7cc8e
f7d7a6
f8157e
f8a1fe
f95420
f9bff8
f9e09e
fa2134
faa8ba
fb5d38
fc33c2
fcf68a
fd62ce
fdc2aa
fe9510
ff9a16
00310c
007d32
00ce90
00b93e
005d5c
00b40c
016c9c
016e46
011e00
013fbc
017696
019d9e
01f6dc
022662
020210
01e1c0
01aa7e
012158
008d2e
0022dc
ffbb38
ff2906
fe662c
fd98a6
fcf338
fc7d66
fc04d0
fb3330
f9e25a
f88126
f79d40
f71124
f6248a
f48a58
f2dc40
f1b0e4
f0c9f4
efd02a
ef0e40
ee6bf4
ed3900
ebce06
eb39c0
eb3500
ead5b4
ea2ac4
e95116
e87080
e878d6
e90c1c
e87b92
e7573a
e73ef6
e7aac8
e7efca
e85328
e83156
e78d92
e7f7e4
e97298
eaac26
eba8e4
ecef38
ee877c
f096e8
f2cdea
f493fe
f62670
f7ed88
f9c8b8
fbe56e
fe4d26
fff46a
0069a6
013316
037114
064e10
08cc68
0a6270
0ad468
0b6b5a
0d5868
0f35ea
0fbe1e
0fc9fe
0fd79e
0fbc20
0fc094
0fa222
0f10ca
0e9968
0e59be
0dfcb0
0d821c
0cb2f4
0b56f4
09b1c2
080d0e
06b998
057944
035ef0
009d34
fe709c
fd42f4
fc870c
fb5d9a
f9a14c
f861ae
f7d75e
f73538
f6b00e
f65e9c
f58ea0
f502d8
f56b1a
f5816a
f50ab6
f547aa
f6201a
f6f70e
f7f58e
f8c6a2
f91f60
f9bbba
faf386
fc35f8
fd6474
fe993e
ff5a74
ffcc24
00e55a
027968
0396ca
0468be
055860
0652f6
079bca
08d926
093c84
09871a
0a8e10
0b9bbc
0c6b80
0d429a
0daa3e
0dcea0
0e62e6
0f113e
0f76ec
0fcb34
0ff646
0fff22
1037c8
107062
10692e
10544a
103aa4
0ff02c
0f80e2
0f0cd0
0e80f0
0dc846
0d1bca
0cb25a
0c4000
0b54c4
0a396e
09b6ba
09bb98
096710
089712
07c768
06dbdc
05e22a
055e32
04f010
0408c2
032a12
02cecc
02c9ce
02cef0
029b20
026a46
028b3e
0289e6
023cf4
022540
0205dc
016ed4
00f2f2
00fc10
010232
00b04a
008436
00cbda
011528
0131fe
015c26
013b82
008f1a
ffe0ce
ff5b74
fedf02
fe8580
fdead4
fceddc
fc2a7e
fbabae
fb4b3c
fb3dda
fb0a60
fa72ba
f9ebc6
f93b5a
f82252
f72c78
f6819c
f6168e
f5d63e
f50bc0
f3bfec
f2ce50
f26da6
f295ac
f2e52c
f24f28
f11c90
f08e08
f06950
eff558
ef7ff8
ef541e
eef4c2
ede9d8
ecfe32
ed5a92
ee32d0
ee08e0
ed33c6
ec8874
ec38e0
ec5b0c
ec8d0e
ec95e0
ec9fa2
ec239c
eb82ec
ec2182
ed168e
ecf23a
ece17a
ed8c84
edd4b2
edc92e
ee3a34
eefd0c
ef84ec
efb622
f04c14
f1f406
f3e950
f54538
f63cf0
f742a4
f8ac8c
fa5ade
fbdde6
fd7900
ff0080
ff71a4
ff6e96
006986
020fb6
03db5e
05c4cc
06d130
06b774
06cf74
078962
085f66
092a8a
096fda
08b970
07ae48
06e94a
067072
06a1da
074b7e
072238
0603bc
0523d0
049b5c
03f152
037986
02cbd2
012620
ff6224
fe2eb4
fd11f4
fc55c8
fc2fde
fba31a
fac666
fa7c7a
fa4e34
fa0378
fa592c
fadb3e
faa49a
fa4724
fa59f6
fa912c
fafbb6
fbca80
fcb694
fdc100
fed2da
ff6730
ffeb14
0140a0
029adc
0314e0
03abf4
04b658
052252
054d1a
065ac8
07b16c
087646
08efa8
0972c0
0a10c2
0accda
0b6116
0bb7a8
0c12d6
0c6fce
0c9bd2
0cc414
0d49a6
0e058a
0e6dde
0e83c8
0ea758
0ebba8
0ed4c4
0f4384
0f86ec
0f1e1a
0e8612
0e10c8
0da852
0d6390
0ced68
0c1fd0
0b85b2
0ad7f8
0999ac
08a7b2
085dd2
07c9f8
06c806
05d0dc
04f470
045caa
03fc5c
038a66
033ba2
02e6e4
022306
018cfc
0171b6
01240e
00cadc
00cc0a
008d82
00091e
ffdfe0
ffe0cc
ffb5be
ff7c74
ff2fc4
fee6ac
fecd44
fe9c8a
fe3854
fe157a
fe56cc
fe893e
fe7ef4
fe9fee
ff09fe
ff4dea
ff4c6c
ff1274
fea01e
fe5952
fe4ee8
fde6d0
fd36de
fcb7da
fc0dae
fb1b4c
fa6ea2
f9f084
f93da8
f867dc
f760fe
f604e6
f48686
f350c6
f28a70
f1c058
f08c4c
ef681a
eed8cc
ee9b40
ee5b1e
ee3c40
ee7562
eeb426
ee7c96
ee2bb8
ee573a
eea1f2
eeaeca
eeb78e
ee9238
edebe0
ed4f62
edad8a
eee342
ef8582
eef64a
ee2992
edd05e
ee2bb8
ef6d94
f05926
ef97b4
ee3140
ed83d6
edd7ae
ef23e8
f02cbc
efb870
ef0bfe
ef4a96
ef9e9e
efe548
f0d3ca
f20a88
f2b2c6
f2d9bc
f356c6
f4ac2e
f68726
f86aee
f9d9ce
fac102
fbdaac
fd3204
fe8b68
00a81e
02c862
03698e
0405d8
05bd50
07343c
08f3bc
0b82e6
0c9d00
0c3014
0c3e02
0c97f2
0cff06
0db05e
0d6a2e
0c207a
0b3e26
0ad048
0a8304
0a886c
0aa874
0a78d8
09947a
086954
07f95e
07a4b0
06914a
0593d6
04e636
041980
0384c2
02f60c
027f56
02ea52
0376d6
0375f0
03c588
041588
03e8f6
0446d2
04fe16
0510b0
05039a
0578fa
0636f8
06d89a
074ad6
084094
09cdd2
0ae7b6
0b834e
0c19d0
0c6a56
0cc7b0
0d81ec
0e0d6a
0e8146
0f0290
0f2186
0f440c
0fe4fc
10a372
112a8c
112172
10b738
10beb6
10e5d8
1097cc
105e9e
101052
0f57f0
0f0d6e
0f25b8
0ee4a6
0e9216
0e3210
0d8f8c
0d1e52
0cbc54
0c2d84
0be7b2
0b86cc
0a69c4
09547a
08d4dc
0843c2
0761fe
06b172
06300a
0538ac
03f94c
0365d2
035524
02ea36
02480c
01d89c
018cc4
01746e
018fb4
01b3a4
01af1c
012d0c
008876
00a256
011acc
010802
00cc04
0112da
018b94
01cc2c
021db6
02d554
037526
037938
036978
03c2d6
04166e
042166
0431ce
046ec0
04c23e
050738
05489c
05c96c
065eaa
069e50
068626
062b1a
058816
04c5e8
041084
035a02
025a3e
00f0e6
ff96ce
febcc8
fe18ac
fd4152
fc2572
faeac0
f9bae6
f87c9a
f708b4
f58822
f3f8a6
f272d4
f1646e
f07052
ef0450
edb61e
ed1784
ecd930
ecc0ba
ec9bee
ec46b8
ec01de
ebc822
eb745c
eb7354
ebd6d6
ec03ee
ebca8e
eb6da0
eb2d1a
eb41ca
ebd08e
ecb686
ed6fc4
ed9642
ed6b28
ed52a0
ed99ae
ee8c66
ef5d18
ef250e
eedf6a
ef466e
ef745c
efc04c
f0e06c
f16b2e
f0d8f0
f0befc
f168a4
f2412e
f371f8
f46686
f4b93a
f58c48
f70702
f85aca
f9f0d6
fb9176
fc1016
fc63e2
fdf912
ffb914
00c83e
0207b8
0357b6
041b6e
054906
0734b0
088b96
092bbe
09e72e
0a34f6
0a0518
0a9c96
0b7d88
0b41fa
0aa7cc
0a56e2
09a02e
092690
0958e2
08e618
0805fe
078f50
0637e2
040678
02d6be
0200a2
005016
feced4
fd7f8c
fb6c1a
f99c52
f8ebee
f872c2
f7cbb2
f73482
f670e2
f5bb9c
f5a694
f5bac0
f56718
f54f70
f5bf8e
f5df7c
f5eb3e
f6bbbe
f79a08
f81922
f915da
fa2432
fa936c
fb5198
fc76bc
fd3a02
fe1580
ff1f52
ffbbb0
0072da
018aec
0263fa
033b20
043292
04a47a
04db12
058686
0649e4
06ac54
06c210
06b338
069cf2
06a374
06d1c4
06f9e6
06f00c
06d830
06b932
067f40
065e78
0652c2
062a14
05fe5c
05c07e
056076
053842
050cd6
045e26
03aff8
036704
030348
024dce
016b80
007522
ffc394
ff5cc8
fed7a6
fe230c
fd76dc
fcd9fe
fc5358
fbfcda
fbb068
fb28e4
fa9a36
fa6250
fa3f2c
fa0ade
fa1b54
fa1b72
f9d448
fa14d4
fac70a
fafc0c
fb06d2
fb6842
fbce6c
fc5870
fd074e
fd5d0a
fda0bc
fe2262
fe98fc
ff35a8
000676
007c6a
00c66e
01678c
01ecd8
01c95a
015c10
015dee
01c3e4
01c408
016f66
0159e4
010776
00441e
002696
00aeb4
009d8e
ffce0e
fee8f0
fe2028
fd7ba8
fcbe32
fb99b2
fa841a
f9ee2e
f94dcc
f83afe
f73e7c
f697fa
f5f854
f59e76
f5b51c
f56b4c
f492fe
f42eda
f44ab2
f43598
f42d64
f449f8
f4216e
f4339e
f4c64a
f4fb84
f4f65e
f591b2
f63198
f64242
f694aa
f748ce
f777f2
f75f40
f7e7c0
f8bfaa
f91b40
f92ca4
f958fc
f97f80
f9e848
fae09e
fb8d0c
fb93d2
fc0302
fcd702
fd5332
fe41aa
ffd3c8
00d414
01adaa
030698
038e40
0392e0
04d998
065dca
06f3b0
07f662
092a36
09456a
09e5de
0c03a4
0da006
0e71f8
0f9564
0ffd60
0f7ad0
0fef74
10cc68
1063cc
0fd460
0fcdf6
0eee84
0de1c8
0def98
0da4e4
0c885a
0c1a8e
0b735e
09578c
077aa8
06507c
044ff8
0226bc
00ab76
fe8f0a
fc1f46
faced8
f9bc86
f86c1a
f82248
f82ce6
f732ca
f687aa
f6f244
f6fe96
f6cd94
f77508
f7f5ee
f7c258
f8322a
f93b64
f9e726
fab86c
fbd424
fc8b8a
fd56c2
fe7ede
ff2c10
ffb4a0
00cf98
019d50
01d038
026f7c
03774a
046ef8
05b9bc
0710c4
07bc76
08472c
0950f4
0a9106
0befb8
0d3c3a
0ddbba
0e258e
0ec5d8
0f65a2
0fe224
109384
1109b8
10e2d6
109100
103e36
100182
1024ee
101556
0f6aa6
0ed9e2
0e5c02
0d58e8
0c7f86
0c2eb0
0b7a28
0a4eda
0928c4
07b6b4
063c76
0577e8
04cee8
03a740
029ed0
01b084
00682e
ff849a
ff4fa2
fedf24
fe3b10
fdfb58
fda1c8
fd1e4c
fd28e2
fd737c
fd8c02
fde76e
fe61cc
fe921e
fefa6e
ff95bc
ffcc0a
000f66
00b5ee
011bc0
015c02
01f6d8
027a42
02bf40
036a02
0448ae
04b066
04f352
05a36e
0651a8
065d30
05ff42
05e302
063b82
06b0b8
06e692
06dd28
06c698
06b9bc
06c380
06e2ea
06c8d4
062708
054482
048236
03c3fe
02d8cc
01cf8a
00bde6
ff9c9c
fe6292
fd418e
fc744c
fbaa96
fa7126
f92aa4
f85ac2
f7ac46
f6c1f6
f5d2a8
f4fd26
f43e0c
f3a302
f2fbda
f2455a
f1e23c
f19750
f0e462
f06226
f0785a
f034ec
ef75c4
ef63c8
efdef0
efe034
ef957a
ef3fb6
ee95f8
ee6b38
ef4d88
efcd22
ef0510
edf248
ed6a06
edb19e
eeb94a
ef6c5e
ef5f36
efbbf6
f0b1d0
f1802a
f2d45e
f4f3b2
f6557a
f6c7f2
f79f4e
f8a5fc
f95d6e
fac4ec
fce3d2
fe5688
ff4742
00cc2c
029db0
045222
064e86
086202
09efc8
0ae6fc
0b2bc0
0af440
0b458a
0c37ac
0c8bc8
0c1ce6
0bc5fe
0b4e1a
0a662e
09effa
0a1a66
09d066
08ccc0
076b20
057f84
037cca
02389c
011cba
ff5df8
fd9510
fbf8ce
fa3720
f91cb2
f90202
f8abc0
f7ecb6
f7a9b4
f75a8e
f677f4
f6217a
f698e2
f69e20
f5eb06
f5237e
f49d7e
f4c7c8
f5921a
f6038a
f60114
f636a2
f67a42
f6c51a
f7e00c
f95920
f9e692
f9d18c
fa301a
faf86c
fbeac2
fd1b4e
fe2046
fe9ecc
ff220c
00245a
017210
02be60
03e47e
04d2b2
05b632
06b228
0790e4
0850ba
094ee6
0a658a
0aedde
0b071a
0b7062
0c2af8
0cbc1a
0d3ae0
0dc056
0ddea6
0d9bf2
0d9a4e
0ddcd2
0dcb98
0d42b6
0c8f42
0be83e
0b6da2
0b2688
0af40c
0aab16
0a2a88
098864
09289a
091a1a
08edde
0875d6
07f3dc
077de4
06f5f4
0674fc
0621fa
05e1f6
0599b6
057f06
05bbf0
05e180
0591a6
053832
053602
0530fe
04f824
04cc82
04a620
0463e4
0430ba
0427a2
046092
04de74
052f2e
05289c
0551a4
059044
05556e
050dfe
0508fa
04ab5c
0425ec
041e9a
03f088
032d9c
02d786
03262a
031970
028c00
0205a2
017b4a
00bfea
ffd558
fede60
fe1dba
fd4b3e
fbdce8
fa6182
f9aace
f93eb2
f892f0
f80524
f78508
f6a770
f5c91c
f534e2
f49aac
f41e38
f3f23a
f3659c
f2304c
f14420
f11dda
f1324c
f13448
f116aa
f09350
effa1c
efeffe
f016fc
efbb12
ef2736
eedb7a
eee90e
ef6dfc
f02b34
f07dd0
f076f0
f05c9c
effef8
f0033a
f10f80
f1db0c
f16542
f0f25c
f13586
f18526
f26d92
f483fe
f666ac
f720e8
f75ff2
f7b206
f89d58
fa9338
fc8902
fd840c
fe4980
ff54a2
0029ce
013444
03052a
0503b6
06ba0c
082048
08c98c
08cee8
091660
09e20c
0a9b14
0ac188
0a2e64
0948a6
08d150
08d260
08c7d0
089f82
086754
07c50e
06b388
05df9a
057e08
04abaa
02d36c
00ce2e
ff80c0
fe88f0
fd6692
fc5b7c
fb7778
fa7752
f99cde
f93f04
f90598
f89f48
f83ae6
f7eb66
f787b2
f734c6
f746aa
f7a146
f7f270
f85608
f8ef16
f98abc
fa3a24
fb3f40
fc5cf8
fd6770
fe94c0
ffabfa
00664e
0140ec
025002
02ffbe
038646
0476b2
057932
063c0a
06ec74
0766b2
07b5ec
08592a
0930a0
09cb94
0a3b42
0a63ce
0a3266
0a4e24
0adb22
0b198a
0b0e90
0b3c52
0b3de6
0add46
0adf7e
0b75b4
0bd2f8
0ba942
0b5b8c
0b12de
0aaf30
0a2b7c
0993c2
08edfc
08511c
07c724
072512
066cd4
05ea4e
05a66e
057c24
057650
0550de
049fbe
03dac4
03b3ce
03b0e4
033efe
02c104
028ada
026770
02519c
025556
0260a4
027a64
026b70
020fae
01d00a
01c870
017ae8
010862
00dcc2
00b1f6
005df6
004bb2
00681e
007a28
00bab2
0110a4
0114e6
00fa44
010e9a
010ef2
00c240
003060
ff682e
feb69e
fe5c92
fdfef0
fd3eae
fc5cb8
fbb7d2
fb51b8
fb0848
faa266
f9e7fa
f8ede4
f7eff8
f70a04
f641ea
f59b90
f4f1de
f434c0
f3a918
f378a0
f36028
f3229c
f2dece
f2b77e
f2ac88
f2d2ee
f31c92
f31a46
f281f0
f1c580
f192ea
f1f312
f262ec
f28c70
f2588e
f1e72a
f1ce36
f26cb8
f335ca
f39966
f3b68a
f39452
f32dd8
f31036
f39584
f453d6
f4d840
f4d4ec
f43a0c
f3c9c2
f42b20
f4e160
f572b6
f5e472
f5e0d4
f57f08
f5d02e
f70a96
f83c9e
f91478
f9ce56
fa646a
fb1dd8
fc4fd4
fdb3aa
ff1294
0078ca
018f7c
0249dc
034e0e
04c050
0627d0
079fae
0961fa
0abacc
0b1c46
0b5480
0c4280
0d5f48
0dd7e6
0dd56a
0dbce0
0d7662
0d21f6
0d1686
0d2e02
0cf264
0c29b2
0b07e6
0a14ec
0985ae
08d82c
07ae58
064e18
050374
040c6c
03a1f0
0370fa
02fd76
02713c
021e36
020574
0219f4
022eae
0231a2
0281b4
031ad4
03691e
038ebc
0428aa
0509d4
05e540
06ef00
08052a
08d0d4
098c0e
0a80f0
0b9184
0ca4d2
0dadf2
0e8808
0f1932
0f7280
0fe104
1099e2
11342e
115ade
1180fc
11deb0
11f71e
11c930
11bfdc
11b138
116556
112126
10e1aa
1057e4
0fb0c2
0f5120
0f0ce6
0e810e
0dc28e
0d173e
0c6402
0b87ba
0acc42
0a437c
098562
0890d8
07caa4
072c98
067d8e
05ce6e
051a1e
043276
035750
02e3ac
028e6c
01f168
016782
0177b6
01bbfa
018d48
013d8e
014b9c
015b6a
013206
014272
017fb6
016bee
013912
016110
01d0fc
0245fe
029d2a
02d392
032340
039434
03cd80
03e24e
0444b0
04c7c2
04d0a4
04775a
045bda
04a254
04e1fa
04f5c6
0518ac
053ebe
05361a
0535aa
05515a
052946
04c572
048aa8
0455d4
03ed00
037528
030224
02acd4
02820a
022596
018e42
012ae2
00a252
ff896e
fe96f2
fe1992
fd4524
fc057e
fac06a
f946b8
f7f136
f75388
f6bb66
f59694
f481e8
f3873e
f25a52
f1bdd0
f1e76e
f1ad20
f0c4c0
f00b0e
efaddc
ef6522
ef5fbc
ef9c74
efa82a
ef59ea
eef8ac
eef858
efaee0
f0c83e
f1547e
f129be
f13f10
f20582
f29b3c
f2a66c
f2ff2a
f39ca8
f37a34
f3040a
f39148
f4c34a
f54a72
f52f04
f53f4c
f5b8a4
f68e6a
f7c5f8
f93da6
fa88ce
fb3dcc
fba7f0
fcb074
fe5bae
ffb512
00bbe4
022462
0375e6
0408b2
04f4f6
072af4
0977f0
0aa412
0b4680
0c3452
0d5e96
0e7b58
0f4dc4
0fcfe8
1053b2
108d1c
0fce2e
0ed9de
0ed106
0ed794
0dd488
0c9bb6
0bb9e0
0a71e8
08f5ae
07fa14
06e0d0
0525a8
036c64
01ede0
0063d0
ff0ef6
fe042a
fce63e
fbd9d2
fb19ac
fa69aa
f9e4a2
f9c04a
f99560
f932c4
f8fd5c
f8ec0c
f8b1ba
f88756
f8b0d4
f8f714
f93204
f982b2
fa052e
faab6e
fb397c
fba47c
fc387a
fd0f70
fde486
feb604
ffa818
0069c6
00d224
01845a
02e39a
04331a
04d30e
054794
061ace
06f5ea
0794f2
0869fe
097e54
0a1428
09fd72
0a0634
0a718a
0a8f7e
0a2d1c
09c676
09449c
086792
07bc46
0778b4
06d8da
05c7c6
050362
047384
03a81a
02f70e
027c36
01dc7e
0126d0
006704
ff68f4
fe977c
fe4f78
fdefcc
fd2f5a
fc9602
fc299e
fbb20e
fb7326
fb67c8
fb27d8
fabb30
fa5db6
fa2364
fa2e2c
fa5cfa
fa56bc
fa4d6a
fa97f0
fb0848
fb5f7a
fbac96
fbf394
fc2a58
fc54de
fc7e38
fcbe86
fcffd4
fd0948
fcecf6
fceed6
fd11e8
fd4854
fda546
fe23c0
fe9bbe
fede56
feda82
fef62c
ff8172
ffed9c
ffd8aa
ffd572
0037fc
009a62
00e19e
0135b0
016f9e
018254
018cb6
0177ac
013910
00e5ec
005760
ff884a
feb572
fddbdc
fce686
fc0752
fb5e2c
fae41e
fa97f2
fa3b70
f99478
f8f1f8
f8b6da
f8c8fe
f8f04a
f90e96
f904d4
f8e3ee
f8e3d2
f91e6e
f9a0ae
fa6476
fb15a0
fb6e26
fb9304
fbb020
fbda76
fc4b08
fcd8d4
fcd8f0
fc477c
fbde8c
fba334
fb3ea6
fb4800
fc064a
fc3cba
fb639c
facd06
fb2b14
fbb616
fc1756
fc8efc
fcf15a
fd35cc
fdb482
fe85b0
ffcea4
017aaa
029d04
02fbee
03e38e
05ac02
07219a
082b9a
099a2e
0ae482
0b73ce
0c513c
0e19e6
0fd2ee
10f06e
11da72
12a30e
133a38
13ede0
14a606
14fdb0
14f7d6
148152
139410
12d6f8
1283ee
11d5d0
10bf70
0fcd8c
0e94e6
0cdf4c
0b817c
0a6934
08cb2a
072306
05da88
042380
0214a2
00b4b0
ffc688
fea8e6
fdb158
fcdaa0
fbd1a8
fb3a48
fb4342
fae65e
fa116e
f9cb42
f9edbe
f9a2de
f931ac
f9282e
f9404e
f96af0
fa2226
fb2020
fbbbf8
fc56c2
fd9690
ff1576
00558c
01b018
034456
049886
059bd4
06bb74
083f92
0a0c62
0b8636
0c2f5c
0c9a04
0d7a5a
0e7088
0f00c2
0f6c4c
0fc46e
0fc150
0fa50e
0fb3dc
0fa2e8
0f5e40
0f3af6
0f3536
0f0716
0ebaa4
0e7dea
0e4adc
0e0a68
0da192
0d1158
0cb69e
0cb954
0c7164
0b5faa
0a3a06
09ae56
093a70
087926
07e256
077ce4
06b6a2
05b25a
04f9de
048afe
043fa0
0400b6
03690e
027464
01e194
01e69a
01c480
014442
00f3c0
00d2d2
006a64
ffe968
ffcdda
fff4ce
fffc64
ffdd7a
ffafda
ff9192
ffc6de
0041f2
00a1d6
00f782
01abf4
029b3e
034e82
03dcfe
04c3d2
060300
07088e
077f9a
07b62e
07f85c
082454
083a36
0868fa
087eae
08376a
07cd52
07818a
07371a
06f0d4
06d49a
06b678
065c76
05ee9e
0590f0
050d6c
0465ec
04054e
03c880
03168a
023d5e
0219b0
027536
0291ba
023d0a
01420a
ff8f9c
fe1380
fd7676
fd135c
fc7b0e
fbd54c
fadbf2
f9ade6
f977e6
fa7dae
fb6218
fb1dec
fa23f4
f9740a
f97f12
fa0ad2
faa922
fac3ea
f9d104
f83260
f6fc06
f66f0e
f6167e
f5cb4a
f5577a
f46a1e
f38a54
f36f2c
f3e5b8
f45d28
f485c4
f44abc
f41b3c
f4b37c
f631ba
f80f2a
f992fc
fa5658
fac35a
fb7b48
fc8276
fdc02c
ff1ab2
ffed62
003674
00fa18
026faa
041086
05fccc
07faa8
092136
09dd82
0b2bb2
0c8620
0d70ea
0e8f08
0faf6e
0ff818
0fad04
0f4b58
0ec43e
0e6e9c
0e2f4e
0cf850
0ad59e
091a24
0823d0
079c82
078500
075300
065348
04e0b4
03762e
0210a2
010ad4
004d78
ff1248
fdd10c
fd7a90
fd20be
fbd16a
fa7d38
f981e4
f8125a
f67b9a
f598a4
f5556e
f5c4ce
f7028e
f81a9a
f892e2
f94160
fa6c0e
fba6e0
fd06be
fe7ea4
ff9ab2
007aee
017054
0262fe
035408
043578
048160
041ef2
03a764
039ae2
042496
0514a6
05ce32
061060
065748
06e70e
076df6
07c03c
0801e6
0845f8
089198
08ea00
093652
096ba6
099d0c
099b8a
08ed2a
079504
065928
05bbc6
05720e
051812
04b1e4
0467aa
046c6e
04ed1e
05cfc0
06bb58
075bd2
07ad20
07fb56
08687a
08d7a2
095cc2
09d2c2
09b590
092636
08bdd4
083388
07115a
05ed44
056a58
0568b4
05ab62
05f85a
063c9e
06ee1a
080ab0
08a350
089500
08bdc4
09409e
098698
0991a6
09aaba
099fc0
090ab8
07f1b2
06cc9e
05ed6e
051e20
0448d2
03c79c
03ac7c
03a148
0398c8
03d1f0
044ba0
04bd9c
04e8c2
04d31a
04a97a
048aa4
04666c
03fcb8
03176e
01eb74
00e69c
000cc2
ff1ada
fdf3de
fc9f98
fb73e4
faeba4
fafaae
fb30be
fb3894
fac4fe
f9fed0
f9b9c8
f9f39a
f99028
f86e6a
f78b4a
f71fa4
f6c752
f68f22
f694e8
f6957a
f635bc
f57a94
f4f0e8
f4d598
f49682
f42d78
f46278
f50598
f549c2
f57ac2
f62288
f6ca1c
f6a884
f574cc
f3e81a
f3637a
f3ccf2
f395aa
f2afce
f23580
f1c5ec
f0c838
f02972
f065da
f0d5be
f15954
f22ac8
f34e4c
f52508
f77318
f907aa
f9ecf2
fb4806
fcd01a
fdaf86
fe8394
ffe770
013a54
021282
02ae26
033d52
040b24
0525b4
05d620
05d984
05d90c
0600da
062b12
06d0c8
07e30c
0852f2
07e97a
07778c
077c2a
082654
0934fc
097704
08696a
072f14
0661da
055baa
042382
033f54
0224fa
004a54
fe674e
fd42ee
fcb23c
fc4824
fbda64
fba1e0
fc036c
fcd1ea
fd473c
fd5066
fd8552
fdbae8
fd5022
fcce06
fd2292
fdfbd2
feb0be
ff6832
001140
002e08
003176
00e882
01f862
028b52
02a964
03089e
043602
0609a2
07a9a6
08931a
0916fe
098576
09c1ae
09d6b8
0a05b4
0a4ee2
0a765c
0a5b24
09fc5a
095e1c
08cba6
08bb30
0905c2
091d3e
091baa
094e34
0963e6
094fb2
097c9a
09a0ae
0960f6
092a7a
08fb48
086a76
07f506
07d6f4
07513e
066ae0
05cee8
05395a
049030
046d5c
04abe6
04d8bc
0536c8
05c10c
06347a
06d5de
078228
07b954
07e948
086fec
088f52
07eb86
070b6a
0648ec
05d2fe
05d096
05fab4
060c40
05d814
04ff2c
03c584
02fbea
028936
01c95c
00f26a
007e76
008576
00ef30
012f64
00ab0c
fff326
ffdf9e
fff658
ff7a34
feeefc
ff0c82
ff91b0
ffb270
ff14b4
fe194c
fd4c10
fc9afc
fba102
fa97f2
fa27a2
fa4612
fa402e
f9d5d4
f969d8
f920fc
f8bc28
f82c64
f790b4
f710ee
f6eef6
f72eb8
f75326
f6f610
f63e5a
f588ea
f514b0
f4d096
f45d88
f3c282
f38f6c
f3e93e
f47e00
f53cca
f5f088
f6100c
f5c826
f601c0
f722cc
f89a48
f93c20
f8485e
f6adfe
f615f8
f67d56
f6b44a
f655e6
f59f26
f4d41c
f48cf0
f4e4ae
f53c58
f58104
f5ecc4
f63d8e
f69958
f73134
f73e5a
f6e0e6
f75ed6
f84066
f81c04
f790ec
f7a524
f814b2
f920c8
fad180
fbb6fa
fb9c50
fbf7aa
fcb242
fcfb56
fd9a1e
ff03b6
005736
0170d2
02d2b4
043d00
053dc6
05e820
06b214
07dabc
08aa5e
087930
08314a
08b4ba
093592
0906ec
08c502
08f10a
097016
09f41e
0a460a
0ab9a6
0b6806
0b6268
0a87c4
0a1604
0a0b42
0930bc
07d282
070da4
06c32a
069e12
06e862
077106
0798de
077de8
07ab0e
082c36
086580
07ca16
06d5e0
0682c0
06b2d2
06b12c
06e7e2
0806f8
09565a
0a01ee
0a78be
0b0fae
0b7f8e
0c1d58
0d1526
0d78f6
0d1fc0
0d177a
0d6b1e
0d74ac
0d8410
0dbd3e
0d8b3e
0d0108
0c9976
0c636a
0c8ae0
0cd4da
0c8644
0be9fa
0b94e6
0aeb10
09df6a
096dd8
094f4e
08c2c0
084504
07cee6
067e7a
04b9b0
036056
026760
01c9ee
017d0a
0115a8
0108c4
01d556
028948
02906c
02b4a8
030c0a
02f696
02b83e
02d9f6
0350d6
03e9e4
046516
04a876
04ca24
047f2c
03ae82
033238
037276
03b656
03bff8
03ff82
0461f2
04c338
054062
059b80
05b194
05f0b8
063414
05c6c2
04f2ce
04963e
049506
045d44
042018
045968
04eb0e
05670e
058068
052106
0486ec
04041a
038e70
0307cc
02ac24
02ba3e
0301e0
0300fa
026c80
019d56
00fa6a
001fa8
fea5e2
fd43d6
fcb03c
fc6aea
fbcec8
faddb8
f99768
f80294
f69b16
f5bdda
f538d4
f4bce0
f45fc0
f47036
f4ca08
f4c610
f46722
f44f0c
f4659e
f434b6
f3f95c
f3fd7c
f413e4
f44256
f46ec2
f41c14
f35340
f26f64
f1787c
f10264
f1b51e
f29fe4
f2a8be
f29a98
f34286
f3d494
f3dcba
f3e906
f3f9ac
f3dece
f426ae
f4e486
f57272
f5f984
f6f0ea
f7e0da
f85d6a
f87ec4
f7ef40
f6bb2e
f62fb8
f6f706
f82e88
f91eae
f9d4bc
fa85c6
fbc6e6
fdd934
ffdce0
00fe3e
016b82
0198dc
01f18c
02a5da
034110
038a60
0414c8
052c4e
067c18
075c76
07069a
05ef96
05b87e
068162
074650
084d44
098932
09ba0e
0946c0
097d1c
097f28
088516
0799ec
06cc7e
059bcc
052dc8
05e042
064102
0604d8
05a88a
048efe
02d32c
01b7ee
012af8
005834
ff9890
ff53e6
fef810
fe1dec
fd343e
fcd0c4
fccc7a
fc6e6c
fbae8a
fb2bac
faeca8
faad60
fa91c8
fa69ec
f9f4c0
f9dc14
fa6ad2
fabc08
fa8cce
fa8c2c
faf214
fbd962
fd8312
ff3a46
001f10
00836a
00ca3e
00c286
00bc60
012200
01928a
01c21a
01e1c4
021872
028f0a
0331a6
036556
02ff08
0271c6
01b1b4
009fe4
ffdf6c
ffc778
fffa0e
004220
0035ac
ff5ba2
fe78f0
fe94a0
ff29c0
ff713c
ffa806
ffe71c
ffd574
ff7aec
feed64
fe26d6
fd6740
fcaea6
fbbc0a
faeb7a
faaf00
fac590
fafc0c
fb7256
fbf74e
fc59e6
fc9b22
fc7a02
fc0070
fbe458
fc59c2
fccac4
fd095e
fd3a84
fd1c24
fc9c38
fc3aa2
fc2664
fc03ae
fbc1aa
fb9c4a
fb9186
fb995a
fbedb6
fc7aa0
fceb3e
fd4392
fd8882
fd5816
fcbd4a
fc5204
fc3758
fc3072
fc735a
fd2e0c
fdea7a
fe2f7a
fe09f8
fdd81e
fdc904
fdad9a
fd50de
fcdad8
fc9c72
fcd594
fda126
fea21e
ff4360
ff58c0
fede2a
fddfa0
fceb10
fc7570
fc2ae2
fbde62
fbd5e0
fbc74e
fb3d96
fa8f8a
fa1024
f97c74
f8f66e
f90402
f96534
f970fa
f96844
f9f406
fa8836
fa35de
f98a0a
f97fa8
f9d6b4
fa4d4c
fb4680
fc3152
fc2ad2
fbb610
fb8018
fb6df8
fbcfb6
fcd958
fdc402
fe44ee
fecd32
ff31f6
ff7064
002896
010f9a
013590
00e2a0
00ecdc
013074
013998
01496a
01a3fc
01d47a
01b024
020d20
031f84
03dc70
0435f6
05061c
05c9f8
05cd9c
05e10e
065e60
06d1b6
07b50e
08ff5c
0977a8
0967d8
09ced0
09f9a6
099b70
09960c
097f50
08e02a
08ca86
09175a
088680
07bfd2
076632
065c7e
04cd88
042934
04157a
03932a
03071a
02bf1e
027702
02589c
0256d8
01f996
01529a
009bb0
ffa0b0
fe807e
fd8a24
fca298
fbcbac
fb5258
fb12ba
fabed8
fab58c
fb7fba
fcd650
fe0148
fea3a4
fee66c
fefeb6
fedb8e
fe7c16
fe7a7a
ff71c8
00d50c
01bf78
02522a
02f12c
0361b4
03d902
04eb18
060f0c
066728
066496
06e768
07eec6
0906ca
09dc84
0a4d32
0a4d0a
09ed26
09aaa4
0a3ba0
0b5a22
0c104c
0c405c
0c4166
0bf85a
0baa38
0bd7fe
0c11b0
0bac5c
0adb0e
09ffba
09595e
091f00
08f3a2
088624
087e70
091c7a
095d38
08b994
07d572
0720b8
068b50
061a3c
05a486
04f320
0463f4
045acc
046080
03e6f6
034524
02f3f6
02c06c
02838e
02a336
031d50
0352d0
0314b2
02e1d8
02fb54
030d3c
02c186
024c30
023f4a
02cae4
03a006
0467a6
04e2bc
04e33a
04a316
048e56
048630
041fdc
035b64
02a5da
023d56
0209ea
020ba0
027780
033a8c
0404b0
04cffa
058376
05b01e
058ff0
05bce2
05d1e2
054412
04b894
049756
044f24
03d4fc
03a0e0
0389be
033272
0274fa
015138
006bf4
005a28
0063ce
ffdfac
ff6c7e
ff5b30
ff19b2
fe90c0
fe0b2e
fd72d2
fce26e
fc98c6
fc52cc
fbb964
fae85e
fa127c
f9517c
f8a838
f80caa
f78fc4
f72a5a
f6a33a
f60130
f55b0c
f485c8
f39058
f2cba0
f2148e
f14930
f0cd82
f0db84
f15644
f238be
f2fbfa
f2e216
f24d24
f22b1a
f2800c
f32c24
f46c7c
f5a730
f63264
f6e530
f84dae
f94212
f95d7c
f9d700
fabbe6
fb1190
fb4d2e
fc26d6
fcc7d2
fce574
fd9cd0
fecffe
ff5046
ff60e6
ffd0ec
00597c
00cdca
0170fc
01d544
01a1e0
0164f6
016b80
01ab70
027ada
0391e6
03f5b6
03a058
0342c6
02fef2
02e6d0
032754
036372
036d0a
039ffa
03d038
039aae
03323a
0290ba
01961a
00ea4a
00ac36
fffbb6
ff137c
feb34e
fe2416
fcfeac
fc59d4
fc407c
fbb09c
fafe06
fac290
fa8b22
fa7872
fb0030
fb325c
fa48f8
f92fce
f8a8ae
f85aa6
f839aa
f89f96
f94170
f99242
f9a6ea
f9f742
fa813e
faeae6
fb574c
fbe894
fc19d8
fbed12
fc6140
fd9e84
fe9ff8
fef8c8
fef614
fec1e6
feb650
ff188e
ff8dde
fff274
00a77c
01982e
026fb0
033228
03c0c0
040996
047ecc
050b8a
050a0c
04bc9c
04e78c
055c10
05b250
065f7c
07cd9a
098cb6
0af50c
0ba2d0
0b850c
0affe4
0ab27a
0ae0ee
0b3a6a
0b5532
0b3f50
0b5ab0
0bb15e
0be360
0bcfba
0bb77a
0bb1c8
0b93be
0b6c4e
0b9f62
0c52de
0d1eb6
0d60d6
0ce62e
0c15bc
0b4a60
0a6d02
098fa6
090058
08b4fa
088978
0892b6
08888c
0806d0
076c5e
072408
06c5ac
060736
05388c
047196
039c3a
02db40
024c6e
0205b6
020f0c
01fc44
017a44
00def2
006a1e
00179a
000d58
002254
ffeb90
ff8ee6
ff431a
fed0ea
fe5f3e
fe3710
fdfd62
fd8918
fd2614
fcba34
fc5a66
fca58a
fd8582
fe1c36
fe0892
fd7278
fca4d6
fc0ca4
fbd3de
fbd97a
fc2470
fc639e
fc1ad2
fba2ec
fb75d2
fb4c64
fb0594
fab966
f9e9e8
f87214
f71be4
f63f48
f57d38
f4c6c0
f444da
f3fa66
f3d258
f39bcc
f37fc2
f42e0c
f57e96
f67062
f6d56c
f712a6
f70f1c
f706d2
f791be
f86dea
f9066a
f96350
f973a6
f92864
f92280
f9840c
f98b20
f91ee6
f8db7c
f8dff6
f8ff6e
f93bf8
f97daa
f9b392
f9edd6
fa13a4
fa3b0e
fa9032
fab23c
fa6248
fa3c6a
fa93e0
fb0ee2
fbc298
fce21a
fdf672
fecea4
ffc7c8
00a40a
00e69a
00d490
00d904
00fdf6
015598
01c31a
020aa6
02a63c
03fee6
0515c0
04e4ec
041778
03c064
03d8d0
0417ea
04b4b8
059934
062858
062c14
061464
06294c
0622cc
05d8dc
059a78
059aa0
05b83c
05e642
0617ba
060686
05b37e
056b8a
0531aa
04e6ce
04abe2
0487d6
045d9a
044718
041844
034c12
022e6a
01a620
01a812
01894e
0137e6
00ddd8
006924
0022c2
005ca4
00b3c4
00b72a
008dca
00798a
009772
00f29a
014612
0152f0
014e44
017718
01d18e
0263e2
02f42a
033554
03685e
03e568
045696
046b0e
047906
04e19c
058bdc
062dce
06c58a
07912c
0860d0
089a92
085a84
085ab0
089d26
08b806
08f160
098332
09ed7c
09fe2e
09ff3a
09de92
097332
08e912
084e34
078e96
06d224
0653b8
062320
061a54
05d544
050ebe
03fe98
0308a6
0241b2
017a8e
009522
ffc648
ff4cce
fef38a
fe5358
fd7ffe
fcd044
fc46fc
fbd0ee
fb5fde
faa59e
f96a22
f80760
f6e642
f61296
f5aa3e
f5c822
f5fe38
f5df70
f5b8a4
f5e7ae
f6377e
f65904
f64f38
f62432
f5f0f8
f5f472
f6468c
f6c464
f738fe
f76e5e
f760a6
f773f4
f7ee46
f89f98
f962f8
fa3b78
fafb16
fb65da
fb91d0
fba90c
fbb39a
fbab7e
fb9dc0
fb9682
fb74e4
fb0406
fa6edc
fa3356
fa6980
fabf74
fb1124
fb4d90
fb38be
fae9aa
facf26
fad32c
fa6bd6
f9d208
f9cea4
fa5bae
fa9f24
fa48e4
f9e1c0
f9d39c
fa1068
fa4a22
fa16ce
f96768
f8c9d4
f8a3fc
f8cfca
f91b2a
f94714
f8f080
f85060
f8099c
f7fe32
f7e334
f825ae
f8c0a4
f8de1c
f87e16
f87a96
f8e3c2
f92ebe
f95aa6
f9ba94
fa4aac
fabc12
fadce8
fb104a
fbfe52
fda12e
ff2f18
00064a
005200
00f25c
024a7e
038ab2
041f4e
049f88
054798
05b4c8
065154
077f72
087e78
0917a4
0a2704
0b8dc2
0c5a20
0ca560
0d19a0
0dc1f8
0e7e8a
0f4d8a
100926
108f88
10c2b8
108eb8
105386
109338
1127e4
118c9c
119e5e
11990a
11ba70
11ff6e
1214fa
11c500
11495c
10e5f0
108884
0ffcea
0f2efc
0e399e
0d499a
0c6dbc
0b89d8
0a8ebe
09b530
093ade
08ea9c
087352
07e7d6
0745ee
063256
04ced0
03c02c
031968
02826c
022004
021208
01ed70
017524
00dc14
004252
ffb7ce
ff7e78
ffc26c
005fd8
0113ba
01b504
025dba
032af8
03f8ce
048f60
04f3da
055d50
060de2
0702b8
07eb04
08a302
0940f4
09aa08
09fc54
0acee2
0c1be8
0d14a4
0d8140
0ddbde
0e2aa6
0e26be
0e0748
0e0c66
0e0d2c
0df5ae
0de7f2
0dd402
0d92f2
0d3cc8
0cda8c
0c3048
0b42fc
0a7692
09effc
098736
094314
092864
08e20c
0849e8
07a5c2
070e74
065bee
05a300
04f370
042204
034e78
02b790
01eb2c
007522
fee436
fde314
fd3384
fc8666
fbf68e
fb51c8
fa62d2
f98864
f8e454
f82a8e
f78ef4
f75658
f70798
f6869e
f67946
f6de66
f723ea
f742ba
f740b0
f6dbac
f658a8
f62ea2
f62298
f5e988
f5b17e
f5ab8c
f5edca
f66536
f6b0ce
f6b09a
f6b69a
f6ddd8
f71354
f7692e
f7ab9a
f794b4
f7829c
f7d462
f85e2c
f911fe
f9f3de
fa80e2
fa552a
f9bcc4
f910c6
f87f60
f83fb2
f83edc
f83f0c
f86958
f914a6
fa23ea
fb273e
fbadb8
fbb268
fbb356
fc0f7a
fc95d6
fd0076
fd445a
fd6a76
fd91be
fdac3c
fd5906
fc8416
fbb470
fb3d2a
fb0d48
fb16c6
fb2fa8
fb06f0
faa68e
fa6b76
fa8096
fa97e8
fa2782
f92e76
f864da
f814be
f7c93a
f78d5c
f7e71a
f89b84
f91bc0
f985d8
fa22ca
fad398
fb6d56
fbe71c
fc59fc
fce60e
fd6e7e
fdeb56
feab92
ff9848
00319e
009ba2
01256c
016630
01400e
016d08
022c42
02edea
035a12
0374be
034dea
030bac
02c422
026760
022b74
026e64
030e2e
0384d0
03b44c
03e982
04384c
046d9a
048a66
04a2ac
047768
03e98c
0356ee
03186c
031fe8
033842
032150
02b8e2
022bc2
0196d6
00d010
00024a
ff8556
ff0914
fe1376
fce74a
fbeb6a
faf6ca
f9eb62
f92f16
f8e9c2
f8b050
f859b8
f838de
f840ae
f8101c
f7e122
f824a2
f88fa8
f8a956
f8b29e
f90378
f967f4
f9a63c
f9f066
fa7886
fb15ae
fba2f4
fc506a
fd2c2e
fde55c
fe7318
ff3e82
0039b4
00fcd0
019fee
026030
0317b8
039faa
03f630
040e7a
041994
044c90
048098
04cad2
05894c
067908
07060a
072750
06ebe6
0620dc
050a30
0441de
03db00
039d8c
038976
038eb6
035d3a
02c9e8
021294
017a30
00f6b6
006520
ffda52
ff7d36
ff68a8
ff9d74
ffda76
ffbbac
ff37fc
feb020
fe6bd2
fe62fc
fe4c98
fde492
fd35d4
fc784a
fbd9d6
fb725e
fb2dda
fae24c
fab6a6
fae1d2
fb40c4
fb8e86
fbb612
fbc664
fbf178
fc3b4a
fc5ad8
fc6822
fcd53c
fd5d52
fd6080
fd13ca
fd053e
fd4e10
fdcd70
fe4e7c
fe914a
fec4e0
ff303e
ffa580
000bd6
009160
01094c
013ac6
0172fc
01fc0a
02b600
0367fa
03d214
03d36e
03aa16
03a014
03d77a
04675c
0507cc
051ee8
04c2b6
04ba26
053c20
05aba4
0595c0
051e78
04a2aa
046346
047234
04b662
04f0b0
04cf00
045534
03e414
039678
031246
022c66
0128ac
0049e4
ffade4
ff6d7a
ff3c86
fe86ec
fd5282
fc59fa
fbf60c
fbc286
fb544e
fa965a
f99994
f8add8
f840f0
f849be
f86236
f88646
f8f0c2
f9698e
f98090
f92fa6
f8a3ca
f80416
f784a6
f73a8e
f70ce6
f713be
f77e18
f8350a
f915b8
fa163e
fad8be
fb0d58
fb2726
fbd252
fcf418
fdfeb2
fecd4a
ff9600
005502
00e690
0183e0
026a1a
034a76
03f724
04e142
061ffe
072698
07d63e
0882ee
0945b4
0a28ac
0b19f4
0b84c6
0b393c
0ae140
0ad4d4
0ac81c
0ab92e
0aa916
0a49d8
09b574
0965c8
0956cc
092476
0896be
07ae8c
06acd4
05ea82
058684
056da4
056cba
0540a0
04e832
04834a
03f8e0
035ade
03071c
02f584
02d90a
02c7a0
02cd26
02868a
01ddb0
014e72
0105c8
00b3c4
004866
0015aa
00199a
00123a
003282
00c468
01700c
01ef7e
0289c2
032d00
036364
036c02
03dbf0
04b258
05a666
06873a
0732f8
07e3ba
08e786
09eb86
0a9ce8
0b41ca
0bde3e
0bff74
0ba692
0b36b4
0adf06
0ac3ba
0b01f8
0b65da
0b9868
0b8aa8
0b7d9a
0bab46
0bf7c2
0c3516
0c7f2e
0cc606
0ca2a0
0c27e6
0be0b4
0bbdfc
0b3fb4
0a85c6
09d728
08e9c4
07b364
06cad2
0651f2
05d3b4
0531e8
048c50
03cfbe
032506
02d9f0
02ac54
024610
01cbf0
0140b8
006548
ff706c
feb1e6
fdef92
fd0f70
fc7b5a
fc602c
fc5fca
fc1a1e
fb8c0a
fadd86
fa237c
f97cca
f92960
f91444
f8e170
f8b4ce
f8da54
f8f50e
f8a314
f8397a
f81152
f84ca6
f9038c
f9de18
fa6c64
faf880
fbc380
fc5d7a
fca684
fd0c9e
fdaccc
fe6a22
ff2cca
ff93ee
ff6eb0
ff451a
ff8328
ffdaf4
fff29a
ffe02e
ffe8b0
002e2c
007eb2
008b3e
0046d4
ffc68c
ff2c68
fe9f5a
fe2370
fdadb0
fd7a02
fd7e4c
fd3590
fc8bca
fbf9d8
fb88a8
faf23c
fa4b92
f9a198
f8de2a
f84b2c
f82286
f80a2a
f7b206
f74ffa
f72ae8
f74eb4
f7954a
f7c39a
f7db88
f7f5f8
f7d7ce
f76a10
f722aa
f73088
f7369a
f729e6
f74a6c
f76a16
f766ce
f7a380
f8351a
f87ea2
f81a1c
f77078
f72ba8
f74cb4
f760b6
f770c2
f7e2d0
f878e4
f8a8fc
f8af20
f9034a
f97370
f9be8e
fa1ea8
faa3c8
faeefe
fae460
faeefc
fb5dda
fbd204
fbe482
fbe14c
fc2166
fc41e6
fbe1dc
fb5f5a
fb276e
fb2b32
fb40c2
fb833a
fc24a8
fd0208
fdac64
fe18c8
fe8044
fe99f0
fe32f4
fde36e
fdfe82
fe3140
fe9eb4
ff93f2
008630
00e58e
00f920
011408
01396c
018b60
021f0a
02d2a6
03955a
04512c
04ed22
05845e
061e0c
067f48
06a83e
06e22a
07492e
07b75c
0830dc
08dfd4
09b960
0a8188
0b365e
0bebf4
0c635c
0c72a0
0c6cca
0c7afc
0c5950
0c0ec6
0bf072
0c037a
0c28e4
0c539c
0c659e
0c4df4
0c1996
0bb482
0b20c0
0a9c56
0a3742
09f26c
0a02ba
0a401c
0a1d88
0983da
08e3fc
088ad6
087652
087562
084b06
08011a
07c870
0776e4
06fd50
06bc92
06b192
063b48
05519a
04af58
047f5c
04558c
0435c2
0437cc
03ed84
0340c2
02b964
027758
021192
0178fc
00ee70
0095ca
0060ec
0013be
ff8d30
ff1f12
fefa38
fee79c
fee52c
ff11c4
ff094e
fe6fbe
fda4f6
fd0ae0
fc7970
fbd6a8
fb5090
faee26
fa7762
f9de2c
f9637c
f94148
f95a9c
f97590
f97f20
f97b2a
f97b9c
f9a286
f9ddfa
f9f908
fa00ac
fa1aea
fa31c0
fa3d32
fa6b3c
fab2fa
fad786
facee0
fad2fa
fb0aca
fb5374
fb81fc
fbbb6e
fc3cc8
fce00c
fd5422
fd6c0a
fd16de
fc57ac
fb776a
fae518
fad7c4
fb0e7a
fb2d32
fb43ea
fb9198
fbc932
fb7bb4
fad31c
fa3272
f9a0b4
f922e4
f8f8f8
f92fea
f981b2
f9963c
f93886
f89b9a
f83672
f833f0
f8691e
f8a10a
f896c2
f8304a
f7f8a0
f870c4
f922ae
f95b5e
f943c4
f962d6
f9a09c
f9b130
f9cba6
fa3606
fa945a
fa7ea6
fa56f2
fac33e
fb9c98
fc4d14
fcc2cc
fd2fbe
fd62f0
fd406e
fd3d54
fda0bc
fdedc8
fdd47a
fdd7ce
fe56c4
fed074
feeeea
ff2b3e
ffb28a
fff8e2
ffe058
fffcf6
005ed0
0092e4
00913a
00a6e0
00b0ea
006b64
00135a
003ee4
00fb1a
017f14
015bd8
013758
01759c
017ec0
011fd8
00f6ea
011902
00fa2e
009d7c
007c04
00cfd2
0182e4
024a30
02d3ca
02fcb2
02cbe6
028670
02ae58
0361a8
042b60
04c080
05231e
053f3e
0526d4
052ec2
056d02
05b08a
05c14c
05764e
05029e
04d62e
04daf4
04bdf6
04b52a
04fb72
0538ae
051eda
04c3ec
0439c6
038a48
02d974
02434e
01c8ca
016bd2
014554
01752e
01d836
020350
01b576
010bac
0033e2
ff5704
fea10c
fe2cfa
fdf4c6
fdd956
fdaeb4
fd84e8
fd91d0
fdc756
fde87a
fdeb4a
fdf0ca
fe1308
fe6808
fedec0
ff4628
ff8e34
ffc6f2
fff77a
0014da
001926
00146a
0029b0
0059fa
009164
00e20a
0160f8
01f336
027ebc
02f194
0313c4
02d952
02913a
026c90
023270
01bbe6
0146fc
011fb4
013b0e
015b0a
015fb2
0155fc
0143ea
01316c
013482
016122
01b332
020396
021330
01c0e2
013694
00a932
0038a8
fffde2
ffd3d0
ff6d64
fed486
fe6912
fe3af2
fe0e02
fdd816
fd9710
fd0ae0
fc257a
fb44d8
faaee0
fa5f76
fa457e
fa4edc
fa4080
f9fa50
f9a144
f96f52
f96874
f960ae
f937fa
f90056
f8c7d2
f8817e
f84764
f86684
f8f4de
f9b07e
fa7184
fb4008
fc090e
fca396
fd18a8
fd9762
fe0fea
fe5676
fe8526
fec918
fefb72
fef262
feff14
ff6fa8
000e40
009804
011c14
019788
01f270
0257e8
02f702
03a9ec
0442bc
04ac8e
04d56c
04e964
05416e
05ce9c
06380a
065ad6
062ff8
05bb62
05560e
0559fc
05a82a
060f9e
068f50
06f328
06defa
0646a4
056b1c
048258
03b946
032aca
02c0d4
025456
01fb2c
01f326
021b32
01ec4c
01275c
002a38
ff5dcc
fedb06
feabd4
feb21c
fe92da
fe2706
fdc382
fdae36
fdc518
fdc428
fda652
fdad98
fdf70c
fe3ac2
fe38cc
fe352a
fe88d6
ff24d0
ffd822
008de2
01322c
01a31c
01e6ba
025b0a
035220
046620
04e636
04f66c
054bd6
05f87a
069e6e
0739c6
07bdac
07c340
0744aa
06d70a
06d87e
07150e
0734c0
0724a0
071fb8
074214
0748cc
0716ea
07076c
073f5c
0756ca
071ece
06f85e
070562
06edcc
06a794
0689ae
069916
068fc2
0678a8
067caa
067fbe
0658e0
0619fc
05d8f2
0585ac
050222
043e58
035e42
02a4c0
0233bc
02132c
022c04
023038
01cfb8
013c6c
00df2a
00b6de
008f90
008248
00b508
00efbc
010558
0121d8
016434
01ad5e
020344
027bd8
02cc0c
02a2d4
024030
021128
021ace
023b32
026b5c
02984a
02b702
02d77c
02e9ac
02ca96
026e46
01cad0
00ee4a
002ccc
ffd166
ffd91c
0032ee
00c6de
015df6
01c736
01ebae
01bc62
015c4e
011970
010eda
0124a0
0134ca
011e5c
00ee5a
00dbb8
00f372
011f94
015432
01745c
017212
018d44
01faec
027f0a
02d596
03057a
0315b0
02e740
026d28
01d066
0145f6
00d2e8
00614a
fff928
ffb984
ff9f54
ffb384
000404
0041c8
000bd4
ff752a
fecbc4
fe15a2
fd51cc
fcb648
fc761c
fc7a54
fc72f8
fc290e
fbc296
fb888a
fb95f4
fbe8e2
fc7458
fcff5e
fd44f8
fd4618
fd4caa
fd93a8
fdf31e
fe100c
fe0276
fe1a6a
fe43ee
fe4ffe
fe8788
ff158c
ff9808
ffbfea
ffae1e
ff76a4
feff84
fe4fba
fda546
fd3720
fd0134
fcc86a
fc6cae
fc06dc
fbb5d4
fb7e7c
fb3ec6
fac69e
fa26ee
f99394
f8f07c
f81f8e
f76ac8
f7020a
f6a736
f64134
f5f9de
f5d816
f5ccba
f5d4ae
f5d8ca
f5b5f2
f5670e
f4f116
f463ee
f3db84
f35ad8
f2dfec
f274ba
f2113c
f1c970
f1d052
f209d8
f22604
f23bd6
f2a042
f33b4e
f3b506
f3fe7a
f44eb8
f4afc6
f4f0b2
f52890
f5ba6a
f67b60
f6c38e
f68f02
f662d0
f66008
f674d0
f6d646
f79284
f874a8
f96cbc
fa54c4
fae4d0
fb24f6
fb3d40
fb2ec0
fb3d92
fba6cc
fc1280
fc52b0
fcd256
fd927e
fdfa38
fdf690
fde280
fda30a
fd1e38
fcca00
fceb66
fd0e76
fcda3a
fc85a4
fc4996
fbfc00
fb9bd6
fb7d0a
fba39c
fba798
fb58fe
fae9d0
faa110
faafaa
fb0c88
fb63b6
fb9336
fbc004
fbe50c
fbf84a
fc46b6
fce14c
fd5012
fd6222
fd807c
fdf010
fe85d6
ff13dc
ff9e30
0025e0
008d0a
00c1c6
00ee2a
014546
01bc34
023b04
02c8cc
0340a4
0360a6
0343ee
034ea2
03a2e8
042ce4
04c0ce
0514d8
051524
0511c2
0541cc
05935c
06028c
067d82
06c07c
06c8ac
06f92c
079e0e
08a674
09d778
0ae732
0ba1c0
0c1c3c
0c7ab2
0cb526
0cd6a2
0d1c34
0d97f6
0e0304
0e1e6c
0e0326
0de326
0dc766
0daae0
0d8b9c
0d54a4
0cf8e8
0c9c52
0c5cd0
0c2460
0be7f2
0bab62
0b5e96
0af668
0a86ae
0a1c36
09b3e0
094496
08bb3c
0817b2
078cda
073d82
071074
06e57c
06a26c
061a2a
053f88
042d6a
02faa8
01cd1a
00e4b2
005f50
0039d0
005c0e
0081e8
00613c
0009e6
ffb0cc
ff5bd6
fefd00
fe9148
fe15ac
fd9f28
fd4daa
fd2430
fd1fb0
fd4c1c
fd8b7a
fda9e0
fdb656
fdebca
fe5e44
feedd6
ff7084
ffd248
000b34
003254
0060aa
00833c
007b1a
005956
003802
001430
0004f6
004966
00d680
016c3a
01fd92
02868e
02ca28
02b84e
027bf2
02181e
0182d0
00e606
0058c0
ffd004
ff5ec0
ff00e2
fe7a62
fdc940
fd386a
fcf0cc
fce164
fcdb1e
fc97f0
fc02b6
fb6d4c
fb27a2
fb16a6
fae044
fa6770
f9ef28
f99f66
f96918
f96c30
f9cfa4
fa366a
fa4270
fa3ca8
fa640c
fa51a8
f9e986
f9c0b4
fa0036
fa1816
f9d656
f9b4f2
fa04fc
fa8b7c
fb117a
fbb1fe
fc5f1c
fcb8e6
fcb278
fcd6e2
fd6a3e
fdecb8
fe0070
fe0282
fe5806
fee01c
ff6fe4
00246a
00f3b4
0187d4
01cade
020de0
0269fc
029552
0276ee
0252e6
024f56
025560
025326
0253c0
026c30
02976a
02bb7a
02f672
037454
03e728
03e1f2
03abb0
03b65e
03cd02
03bfa4
03ec48
0456e6
047674
0431e8
03db40
035e70
028b70
01bd42
0161e8
01675c
018d8e
01bc76
01fa12
02424e
027918
027962
024b22
022b4a
023cc4
026a8a
029f9c
02e8ee
033e70
035f20
031bfe
02a102
023b1e
020256
01f4b6
01ff46
01ef02
01aff0
017f0a
018438
01a072
01c4be
01e82c
01d7c4
018f96
0168aa
018208
0199c2
019de6
01bf7c
020798
025340
02a176
030c34
038586
03e080
040026
040290
040cd4
041ff0
0430e6
0441bc
04617a
048c22
04aeba
04b958
04ad06
0495d8
0486d8
049708
04cd72
050816
051efa
04f918
04aa6c
0473f2
047caa
04799c
0420d4
039856
032d22
02ef26
02d05a
02b3bc
026848
01e402
014fde
00d6da
00a7e6
00dcf8
012c0a
01431a
013218
0106f2
00a7a0
003912
fffa3e
ffdc1c
ffc4a8
ffbfce
ffbb8a
ff97d8
ff6aa0
ff50c6
ff3628
ff0aae
fec550
fe5ff8
fdefa0
fd9830
fd6192
fd3eb8
fd1a96
fcf226
fce054
fcf8f4
fd11da
fcf7d8
fcabd2
fc4bb4
fbe56a
fb71e8
faec1a
fa70e8
fa2c24
fa22ae
fa2c60
fa182c
f9c5ec
f92586
f845e0
f75be6
f6a47a
f62d8c
f5ea14
f5da08
f5f54a
f5fdbc
f5da42
f5b7c6
f5ae44
f59cc0
f5893c
f583ae
f55c10
f50a58
f4d188
f4ceb4
f4dee8
f4f136
f4efb0
f4bc70
f48990
f4b826
f55856
f62b4e
f6e82c
f76a06
f7daf4
f88e16
f98992
fa7b92
fb1052
fb1d10
fad8f6
fad342
fb6932
fc6f06
fd8bf2
fe9f20
ffadbe
00b1f4
0195e6
024fb8
02fe8e
03b994
046cfe
050bf4
05939e
05e11c
05e786
0603f0
06886a
072b1a
076524
072ea4
06f5a4
07002c
074934
07b4a8
080a86
07f0ce
074e74
068768
06009e
05a80a
053e96
04b934
043dca
03ea3e
03ac6a
036228
031558
02cad4
024e8a
019472
00f46c
008c58
00120a
ff7e62
ff1c46
fee396
fe983a
fe590a
fe5bdc
fe6690
fe3810
fdf852
fde044
fdcfd4
fd9afa
fd6ab2
fd70f6
fd9bc0
fdca02
fe0db4
fe76d0
fee954
ff4e38
ffa878
fffc02
0058d0
00b8ea
00f76e
01066c
00ede4
009fdc
003560
000880
002f56
005afe
006780
0085d4
00b3f6
00c3ec
00c1be
00de78
011f1e
016eb2
01de3c
0273c0
02f93c
033fa8
034e08
032e54
02cb82
023f98
01cc9a
01818a
015560
015a18
018eb2
01b428
019574
012886
008e66
000404
ffb150
ff8a4a
ff79f4
ff6e54
ff3664
fec92c
fe67aa
fe3cd6
fe26b0
fe1542
fe129e
fe12d2
fe21e8
fe65e2
fecac4
ff1e96
ff685c
ffbc1a
0007da
004ca6
00a38a
00f38e
010cd4
010d80
0128a8
015466
018cce
0200f2
02b2de
0363a2
03f44c
0464ea
049c8c
04af46
04cc2e
04eb4e
04fab6
05236a
056176
056fde
0553a4
0552c4
056c3e
056616
053d56
051306
04ec28
04b1b2
045c98
0404c0
03c112
03847c
0337fe
02da8e
026026
01c0b4
013414
00f032
00c8f8
007a62
000154
ff6dbc
fece7c
fe506e
fe0e82
fde9ac
fdd3d4
fdd0ee
fdb0e4
fd5ba4
fd1412
fd0218
fcf3ac
fcd2bc
fcb536
fc8d18
fc4e62
fc180a
fbe818
fbaa8e
fb8268
fb849a
fb7f24
fb6202
fb552e
fb5bb4
fb5ca4
fb600c
fb6efc
fb7a88
fb98b6
fbf488
fc8902
fd1f24
fd8dee
fdbf6e
fda6b6
fd5ad4
fd1dd0
fd2eb4
fdac80
fe733e
ff21f6
ff70a8
ff684a
ff2bd2
fed932
fe8c6e
fe4492
fddfa6
fd5bac
fced96
fcbd5c
fccfea
fd092e
fd2818
fd069c
fcb59e
fc4f1a
fbe306
fb843e
fb2eae
fac740
fa5be0
fa087a
f9baf2
f95838
f8ef30
f88dc6
f82fe6
f7da88
f7a09c
f78a18
f79ae8
f7ccf8
f80e36
f84390
f857f8
f8435e
f7f7c0
f76c26
f6cb94
f66716
f662c4
f69aac
f6e1da
f73058
f78230
f7d266
f82502
f88514
f8ecc0
f94324
f9855e
f9ce82
fa359e
fabece
fb592e
fbf6de
fc9a06
fd46c2
fde828
fe7154
ff0964
ffcb74
009ca0
015ffc
01f792
022b76
01faba
01d06e
0202a6
026878
02b7f0
02ed0c
032aca
036b24
03a112
03d78e
040a90
041812
03fa0e
03c586
037d6e
0313c2
029d6c
023656
01e26c
019a9c
0153d0
0109ee
00c7d2
00915c
00537a
000d1e
ffba36
ff3eb4
fe8b90
fddac2
fd7136
fd4df0
fd45ee
fd442e
fd4ea6
fd6b52
fd9e34
fe0248
fe9a9a
ff2e30
ff8f1c
ffd174
001f46
0077b0
00c9cc
011aba
017b9e
01e6a4
0257f6
02e5c0
03931a
042b28
04951c
050928
05bc74
06b13a
07df9c
092fc4
0a6fcc
0b82d0
0c68ec
0d1052
0d6124
0d6886
0d5298
0d546e
0d9526
0e0ad6
0e829a
0ed284
0eee9a
0ed2d8
0e8c38
0e32b2
0ddc40
0d8ddc
0d4086
0ce234
0c6bd2
0be838
0b6348
0ad6e2
0a37ec
099248
08f2d0
08465e
077fd0
06b4fa
0600b4
0567de
04e446
0467b6
03eaf0
0373be
0304f2
029560
0222d6
01992a
00df36
000fde
ff5bfc
fed772
fe9324
fe98f0
feacba
fe8570
fe2b08
fddf70
fdc992
fde466
fe05e2
fe0006
fdcecc
fd9d2c
fd9826
fdc4b8
fe06e6
fe3fc2
fe5f64
fe67e6
fe775e
fea6e0
fef67c
ff6440
ffed3a
006282
009738
00a57a
00be5e
00ee00
013c7a
01a6e6
020050
0221d6
022190
021c8e
0219d4
02256a
023f64
024dcc
0243b4
023c2e
025742
0282f2
028736
025604
022d54
022e24
02296a
020314
01dd0e
01c23e
018b9e
01311c
00d5b4
007c50
0006c0
ff7cd6
ff066c
fe8a6a
fde0c0
fd255c
fc7420
fbb2f4
faf3bc
fa7b54
fa62a4
fa848e
faa6f8
fa8bbe
fa22c0
f995e4
f90f1e
f8af58
f89d82
f8c698
f8e390
f8e05c
f8cbee
f89640
f84352
f81d2a
f82dd8
f82974
f80308
f814a0
f88d3e
f939f6
f9eedc
faa6fe
fb4c6c
fbbb40
fbf59c
fc359c
fcb766
fd731c
fe13e4
fe6de8
feb544
ff151a
ff8b8e
001bc0
00b5d2
0110ea
010630
00dfca
00fada
017880
0248e4
03331e
040646
04b46a
052c9e
0564ea
058456
05b1e2
05d4a6
05cdbe
05b744
05be46
05dbca
05edcc
05eb4a
05eb40
05efac
05d498
058306
0509ee
048d44
0424fe
03ce14
036f7c
02f338
024b4a
0189b6
00df70
00647c
0005e8
ffc8bc
ffbcee
ffcd7a
ffdd54
fff76c
0025b8
005a36
008af0
00bfea
010922
016c94
01ce3a
021918
026f34
02ec90
037d32
040d18
04944a
04f7be
052378
052684
0518e8
04f5ae
049fdc
041574
038a82
033cfe
033eec
03714c
039f1a
039e48
0371c8
032c88
02d080
025eac
01e9fa
01756e
00fa00
0077a2
fffa40
ff87c2
ff2a18
fee622
feb7c2
fe95e0
fe6858
fe1a06
fdadc0
fd2f64
fc9fe2
fc0c16
fb83ec
fb174e
faca20
fa8844
fa319c
f9c604
f9535c
f8d38c
f8517e
f7fd18
f7ed38
f80ac4
f83c96
f87992
f88bb0
f828da
f75508
f66f2e
f5ad46
f5094a
f49036
f45f0e
f460da
f47198
f48b46
f4a1d4
f4ad42
f4bf9a
f4e1e6
f50636
f53a9a
f59012
f5f0b2
f64e7e
f6ae88
f705d6
f75478
f7b278
f81ae4
f864da
f8916e
f8caaa
f915a6
f9427e
f9523e
f988ec
f9fc8e
fa782c
fae0ca
fb3770
fb5e28
fb3dfe
faed04
fa8f40
fa47b2
fa355e
fa534a
fa7476
fa78e6
fa6b92
fa736c
faa472
fae0a0
fb01f8
fb0f76
fb1e10
fb2eaa
fb3124
fb2266
fb1e60
fb3608
fb3e54
fb0042
fa8ad2
fa19f8
f9d9b2
f9d8fa
f9f5ca
f9f322
f9c8fc
f99b50
f97a20
f96b72
f97d4c
f99fb2
f9bdba
f9e174
fa06f0
fa0b48
f9f496
f9fae8
fa3b5c
faa60e
fb2e2e
fbdbda
fcad28
fd9138
fe7630
ff5336
002572
00e00c
017b28
020bee
02bd86
03a626
04a704
059a5c
067560
073638
07f000
08c0d0
099ec4
0a4bfe
0aa49c
0aa9be
0a6d88
0a2820
0a19a4
0a4c2c
0a9fcc
0b018c
0b6576
0bc082
0bfdaa
0c01de
0bcf14
0b8644
0b3b68
0afc78
0ae760
0af006
0ae04c
0aaa12
0a6230
09f982
094be4
085e34
075c50
066e1a
059f5e
04ecf2
0459a8
03d45e
0335e8
027d20
01e7da
0199ea
016926
01206e
00cc9a
009384
007b08
007600
008748
009dc6
008862
003f0a
ffd7b2
ff5058
feabf2
fe1d86
fdd318
fdd3b0
fe194e
fe8df6
ff08a2
ff6d4e
ffb408
ffe5d4
0017c4
0050f2
008b78
00c97c
01061a
014874
01c2a2
0282b4
034aca
03ecfc
04715e
04e808
054d10
05a688
05f682
06430c
06853a
069a1c
0665c2
060b38
05bf96
0593f4
05815c
0579d2
056e5a
0549ec
051484
04f012
04ea94
04e4fe
04c53e
049548
045a0a
040372
039568
0336ca
02f67a
02b552
02543a
01e114
0175c4
011228
00ac20
004b94
ffe06a
ff4890
fe91ec
fdd566
fd21e8
fc9558
fc4d9c
fc29a2
fc0252
fbdc9e
fbb972
fb81c2
fb3c80
faf8ac
fab952
fa8678
fa6a28
fa5f6e
fa7554
fabae4
fb2724
fbaa22
fc41f4
fceda6
fd9f42
fe32e2
fe8f96
fec07a
fef7ac
ff575a
ffd7a4
0059b2
00d19c
015476
01e660
02677c
02c0ea
02efca
03033c
03225c
037734
040ed4
04e04a
05caaa
068200
06d052
06c8a2
068af2
06233c
05a88a
053be4
04e05a
0492ea
044b84
03f81e
0391aa
032f10
02d644
027238
01f3d2
01600a
00cbc0
004de4
ffe956
ff9608
ff4cdc
feffba
feab86
fe671e
fe426a
fe2e58
fe08d8
fdc7da
fd774a
fd281e
fcf342
fcf09e
fd201e
fd56b8
fd7366
fd6e26
fd4bf4
fd28ce
fd18ae
fd1398
fd11a2
fd18dc
fd1b4e
fd0c06
fd1508
fd5c64
fdcd32
fe478c
feb694
ff036a
ff2b1e
ff51bc
ffa85a
004004
00f6d4
018cde
01e744
022f1c
02947e
031380
03903e
0402c6
047034
04bf9c
04dd12
04df96
04e732
04eaea
04d5d6
04b108
048690
04537a
0418d0
03d78e
0381c0
031b6a
02b090
02422a
01d030
017096
013452
01135a
00f4a4
00bc30
006af0
0019ce
ffd4b4
ff9c86
ff8932
ff99a2
ff96c8
ff6b96
ff3ef6
ff2dd4
ff320c
ff4788
ff682c
ff76d8
ff5874
ff1ae2
fec600
fe5bb4
fde6e6
fd7f86
fd358a
fd0ee2
fcf772
fcca24
fc87d6
fc4072
fbe2e8
fb6422
fad914
fa51b6
f9dcfc
f9a2d2
f9bc2a
f9fffa
fa3534
fa45bc
fa2884
f9e180
f98fac
f94706
f8fc98
f8a55c
f85f50
f8427e
f842ea
f85596
f88d82
f8f3ae
f9611c
f9afd2
f9e5d4
fa192a
fa58e4
fab410
fb33b6
fbc7e4
fc4ba2
fca9fc
fcd8f4
fcd1a0
fca316
fc7b66
fc78aa
fc8f00
fcb784
fcff44
fd6958
fdedc6
fe7ca0
fefbe8
ff4eb2
ff6a0c
ff5314
ff21e2
fef692
fee93c
ff03fc
ff49e8
ff9d0e
ffe584
002958
00699c
009666
00b1ca
00d2d8
0101a4
014234
018994
01b1cc
01adec
01ae08
01d92e
021c72
024eec
026db2
0289d4
02a758
02d840
03369a
03b274
0413d2
0440bc
044332
042540
03fce8
03e936
03ea2c
03eed2
03f42a
03fc30
0410de
044d28
04aa04
04fb70
052768
052ae6
0502e0
04bc50
047432
043b7e
04112a
03f626
03e360
03c1c8
037f44
0321c0
02c01e
026050
01f746
0183f4
010648
007830
ffec9c
ff8c76
ff50a8
ff1d2a
fefae2
ff02ba
ff3290
ff7040
ff94aa
ff8ab6
ff5c56
ff0a80
fe9520
fe2a26
fdff7e
fdff18
fdebe8
fda8f4
fd4734
fcdf98
fc700e
fbf582
fb95ec
fb7a40
fb9684
fbc7b8
fbffd8
fc33dc
fc5abc
fc7a72
fc9f06
fcbd7a
fcc5d4
fcbf14
fcca38
fcf43c
fd2a2e
fd5b12
fd91f6
fdc6dc
fddcce
fdced8
fdb304
fda65a
fdb7e8
fdd6b6
fde2d6
fde352
fdf42a
fe1766
fe430a
fe7424
fe93c8
fe840a
fe4802
fe0abc
fdf34a
fe0cc4
fe4836
fe95b2
fee240
ff19e2
ff3998
ff4c5e
ff5e40
ff7a48
ff958e
ff8328
ff4422
ff1480
ff1d48
ff607a
ffca1e
003436
007cc2
00a7d0
00cb5c
00f168
0122f2
0154fe
017184
018186
0195fe
01b1de
01d818
0206a2
02147c
01eba6
01a714
0166c4
0126ac
00d8c8
007306
fffa62
ff87c8
ff2b38
fee2ac
fead16
fe876e
fe72ac
fe6bc8
fe64c0
fe4392
fe0d34
fdde9a
fdbcb4
fdad80
fdbdfa
fdd72a
fdd216
fdaec2
fd9832
fd9e62
fdc054
fdfd06
fe4b7c
fe8ac0
fe9fe6
fe9df8
feac06
fed020
fefd58
ff33c2
ff836c
ffe06a
0026c6
00458e
004dc8
00578c
006aec
008a08
00b7fa
00fbd6
0160aa
01e780
027666
02ea66
032684
0328c8
030532
02d5d4
02a4ba
0282f0
029574
02dd42
033158
0375aa
03a82e
03cbd2
03d788
03b340
034cee
02b588
0210fa
01733a
00e330
006bd0
000d00
ffc6a2
ff88a6
ff31e4
feb342
fe2998
fdb2cc
fd54be
fd1954
fcf072
fcaafc
fc2bd0
fb86cc
fadbd0
fa40ce
f9c0ae
f94462
f8c0de
f85714
f831fc
f85584
f8ae9a
f92130
f97a36
f9999c
f9975c
f99a70
f9a0d6
f9959e
f97cca
f96e64
f97378
f98b08
f9ad2c
f9daec
fa1460
fa5b9c
fabab4
fb37c4
fbc0e2
fc3a1c
fc9b7c
fcf712
fd59f2
fdb434
fdf4e8
fe1e26
fe4508
fe6fa0
fe9f04
fee548
ff3b82
ff7dc0
ffa110
ffc486
fff420
0020f2
0041fc
00594c
005fe2
0052be
0040dc
00462e
0064a8
00853e
00a7e6
00de96
011e36
0136ba
011012
00af34
002312
ff869e
fefecc
fe8d8c
fe16d2
fd9792
fd31b0
fcf316
fccbae
fcae60
fc9b16
fc8eb6
fc7a38
fc5486
fc209a
fbed68
fbb9f0
fb7d36
fb4842
fb4814
fb91aa
fc04fc
fc8004
fcf1cc
fd485e
fd81c6
fdc310
fe274e
fe9a96
ff14f6
ffad8a
005d68
00eab0
012e7a
0134ea
011c20
010046
00fe82
012c02
0190f4
02267e
02e2c8
03bbf4
04a220
058868
0657e6
06fdbc
07800a
07edec
084c80
08b1d4
0934fe
09c314
0a2f2c
0a6d5e
0a99b6
0ace3c
0b01fa
0b19fe
0b0f52
0af0f6
0ac6ee
0a9230
0a5caa
0a3350
0a110c
09e6d4
099498
090348
0842d4
07852c
06f63e
06a0f8
066144
060d08
05a622
054270
04e4ca
04860c
042612
03c4bc
035af4
02e3ae
