000000
000000
000004
000010
000024
00003a
00005a
00008c
0000c6
000100
000142
000196
000206
00028e
00032a
0003da
0004a2
000598
0006be
000802
00096c
000b02
000cc2
000eac
0010d6
001348
001604
001904
001c42
001fcc
00239e
0027c2
002c4a
00314c
0036c8
003cb2
00430a
0049ce
0050fc
005886
00605a
00687c
0070f4
0079c0
0082f2
008cc6
009782
00a368
00b0e2
00c0a2
00d3b0
00eb66
010940
012eb6
015d1c
019562
01d7d2
0223dc
02784a
02d382
0333d2
0397e4
03ff0a
046964
04d7c6
054b58
05c4f8
06449c
06c8ca
074e6a
07d102
084b46
08b802
09132a
095aa0
098e96
09b19a
09c804
09d6de
09e2c2
09eec0
09fb92
0a077e
0a0ec6
0a0ca4
09fc80
09db46
09a846
0965aa
09184a
08c6b2
0877ea
0831f0
07f896
07cc9c
07ab84
079032
077432
075140
0722a8
06e680
069e34
064e3e
05fd6c
05b356
0576e8
054d04
0537e4
0536ce
054694
05629a
0585fe
05acca
05d4a0
05fcc6
0625ec
065186
068100
06b50c
06ed58
07287e
076466
079efc
07d692
080a3a
0839ba
086548
088d00
08b05e
08ce1e
08e472
08f14c
08f30c
08e92e
08d4e0
08b8f2
089982
087b70
086376
08556a
0853b0
085ef8
08764c
08979a
08c03e
08ed3e
091baa
0948b4
097182
099322
09aad2
09b644
09b416
09a454
0988be
0964a6
093c90
09153c
08f272
08d61e
08bfba
08ac38
08968e
0878f8
084e6a
0813dc
07c926
077118
0710f6
06af2a
0651b6
05fcce
05b1f0
056fd0
0532fc
04f70e
04b7e4
0472fa
042846
03da2a
038cda
03454c
0307f6
02d792
02b4b6
029dc8
028fa6
028682
027ed2
0275f2
026aa4
025d06
024e10
023eb4
022f52
021f28
020c2e
01f32c
01d06a
01a054
016038
010ec4
00ac6c
003b86
ffbffa
ff3ec4
febd50
fe40b2
fdcd0c
fd64de
fd088a
fcb64a
fc6a80
fc2068
fbd2e0
fb7d88
fb1da6
fab2ee
fa3fd0
f9c92e
f95582
f8ebd4
f89268
f84d6a
f81e0c
f8025a
f7f58e
f7f0ee
f7ed1e
f7e398
f7cfb6
f7af6a
f78384
f74f3a
f71744
f6e10e
f6b1c4
f68d8a
f6773c
f67090
f67a56
f694b4
f6bf66
f6f9d8
f7430c
f79978
f7fac6
f863c8
f8d092
f93d00
f9a54a
fa06b6
fa6012
fab1dc
fafe1e
fb47e6
fb9266
fbdff4
fc3138
fc849e
fcd694
fd223e
fd627a
fd92fa
fdb13a
fdbd5a
fdba2a
fdacb0
fd9b08
fd8b1e
fd817a
fd807c
fd87ec
fd953a
fda45e
fdb104
fdb798
fdb5ee
fdab88
fd9976
fd81ac
fd660c
fd4792
fd25dc
fcff06
fcd006
fc959c
fc4d44
fbf606
fb90ce
fb2022
faa774
fa2a4a
f9ab56
f92b8c
f8a9f0
f823ec
f7961c
f6fd74
f6586a
f5a7de
f4ef5e
f43496
f37e4c
f2d304
f237a2
f1ae72
f136d0
f0cd9c
f06e2e
f0138c
efb9a8
ef5e5a
ef01b8
eea5f2
ee4e90
edff5c
edbb3c
ed837a
ed57a0
ed35b0
ed1ae2
ed0484
ecf0ca
ecdf2e
ecd08e
ecc6f8
ecc51c
eccd7c
ece1aa
ed01f2
ed2d50
ed619a
ed9bdc
edd934
ee1762
ee5532
ee92b6
eed13e
ef12fa
ef5ab2
efab6c
f007be
f0713a
f0e80c
f16ae6
f1f712
f288b2
f31b5a
f3aabe
f43374
f4b390
f52b0a
f59be2
f609c6
f67956
f6ef22
f76e94
f7f916
f88da6
f928d8
f9c55e
fa5d32
faeada
fb6aac
fbdba0
fc3fb2
fc9bb6
fcf674
fd5756
fdc4fa
fe43f0
fed5d6
ff794a
002a60
00e382
019ea2
025658
0306aa
03ad48
0449ac
04dcae
0567ec
05ed26
066e1a
06ec38
07689e
07e438
085fda
08dc24
095940
09d658
0a5124
0ac5c4
0b2efc
0b86e2
0bc7e6
0bee0a
0bf7d6
0be6f8
0bc034
0b8aca
0b4f52
0b1636
0ae62c
0ac316
0aad92
0aa366
0aa070
0aa004
0a9e54
0a9956
0a9110
0a873c
0a7e7a
0a7912
0a77ca
0a792e
0a795e
0a728e
0a5e46
0a36e2
09f8e2
09a412
093be8
08c6dc
084d04
07d67e
0769e6
070ada
06b96c
067248
062fc0
05eb9a
05a0c8
054ce2
04f12c
049284
043858
03eaea
03b14c
038f98
038600
0390ba
03a8f4
03c65e
03e154
03f494
03fe88
040176
0402b0
0408f6
041a9e
043bca
046d50
04ac96
04f458
053e06
05837a
05c064
05f324
061d04
064194
0665ae
068e28
06bed0
06f9c0
073f3e
078e24
07e462
083f92
089d7c
08fc40
095a3a
09b5c4
0a0d58
0a5fb4
0aac34
0af334
0b365e
0b78b6
0bbe52
0c0b80
0c63b2
0cc86e
0d38aa
0db0cc
0e2b0c
0ea07a
0f0a9e
0f64e0
0fad8a
0fe5f6
101204
1036f8
105a1e
107f66
10a8a0
10d568
1103bc
113120
115bc6
118388
11aa16
11d2ac
1200e6
123750
1275fc
12b9c8
12fc50
133502
135ac8
136630
13532c
13221e
12d804
127d96
121d80
11c226
11735a
1134b8
110508
10de9e
10b898
1088a8
104518
0fe68a
0f6916
0eccc2
0e1510
0d483c
0c6e12
0b8eb8
0ab198
09dc8c
091358
085774
07a824
0702d2
06638c
05c5a8
0524c0
047d5a
03cda4
0315de
02586c
01995e
00ddb2
002a44
ff82ea
fee9dc
fe5f8a
fde2b8
fd7132
fd08aa
fca786
fc4d06
fbf934
fbac78
fb6700
fb2824
faee38
fab6c8
fa7f4e
fa464e
fa0c1a
f9d352
f9a09c
f9798c
f962d6
f95e8c
f96ade
f981cc
f99a0c
f9a934
f9a64c
f98ca8
f95dc8
f921d0
f8e60a
f8ba24
f8ac76
f8c65e
f90984
f96f06
f9e8a6
fa6406
facef8
fb1ba6
fb43a0
fb4956
fb3724
fb1c7c
fb09e0
fb0cb8
fb2c24
fb67b0
fbb7fa
fc10f6
fc6540
fca976
fcd6c0
fcebec
fced10
fce1c8
fcd2a0
fcc6aa
fcc1b0
fcc3a2
fcc90e
fccc8e
fcc866
fcb7fe
fc98e6
fc6b32
fc3110
fbedea
fba576
fb5b02
fb1112
fac946
fa846a
fa42b6
fa0400
f9c7c4
f98cf6
f951e4
f91450
f8d1ca
f8884a
f83700
f7ded0
f7825c
f725d0
f6ce0e
f67fb0
f63dc4
f608d8
f5dea8
f5ba8c
f5968a
f56cae
f5389c
f4f8d0
f4af1e
f46056
f4134a
f3cf36
f39a10
f3773e
f366b4
f364f4
f36bca
f373a0
f374f6
f369c2
f34e68
f32216
f2e684
f29f42
f250e6
f20014
f1b0d4
f1664c
f122c2
f0e7be
f0b62e
f08e4c
f06f6a
f057ec
f04522
f0335e
f01e60
f0021a
efdbbc
efaa86
ef7082
ef32a0
eef80a
eec8c2
eeabd6
eea5b0
eeb70a
eedc9e
ef0fc0
ef47c2
ef7bd6
efa500
efbf98
efcbe2
efcd9a
efcad8
efca7c
efd26a
efe63e
f006de
f032b8
f066a8
f09f1c
f0d95c
f1143e
f15062
f18fb4
f1d4ac
f22138
f27616
f2d25a
f3337c
f395f2
f3f63c
f451ca
f4a7ba
f4f91a
f548b8
f59a60
f5f1e0
f65210
f6bbf8
f72e30
f7a4e4
f81a6c
f88838
f8e81e
f935a0
f96ed4
f994c2
f9ab56
f9b8a6
f9c3bc
f9d328
f9ebba
fa0f90
fa3db2
fa7272
faa83c
fad8e4
faff32
fb1818
fb2358
fb237a
fb1d40
fb16bc
fb15da
fb1f10
fb3468
fb5514
fb7dbc
fba914
fbd0ec
fbef4c
fbffac
fbffb8
fbef9c
fbd1fa
fbab6a
fb81be
fb5b30
fb3d74
fb2cfc
fb2c90
fb3d0c
fb5d8e
fb8bcc
fbc4a0
fc04b6
fc4950
fc90ce
fcdadc
fd288a
fd7c02
fdd7e2
fe3e98
feb1e6
ff3280
ffbfde
005852
00f970
01a0a2
024bb4
02f942
03a8aa
0459c2
050c70
05c00c
0672fa
072272
07caa8
086764
08f4d4
09706c
09d9c2
0a32dc
0a7fea
0ac6b0
0b0d66
0b5970
0bae38
0c0c84
0c7238
0cda9e
0d3f48
0d9940
0de266
0e1692
0e3454
0e3d30
0e350a
0e2156
0e080e
0deed2
0dda06
0dcc42
0dc62a
0dc6d0
0dcc46
0dd45a
0ddd42
0de608
0deee4
0df908
0e0610
0e177c
0e2e3e
0e4a62
0e6b04
0e8e6e
0eb28e
0ed580
0ef638
0f14d8
0f32ce
0f5284
0f76da
0fa268
0fd6be
1013f4
105882
10a16a
10eabc
113066
116f10
11a496
11d070
11f398
121026
122888
123ecc
1253e4
126752
127750
128132
12821a
1277c2
126146
123f7a
1214de
11e508
11b3c2
118406
11570c
112bb0
10fe7c
10ca62
1089d8
103868
0fd3fc
0f5e14
0edc02
0e5654
0dd750
0d6930
0d142c
0cdcd0
0cc2d6
0cc158
0ccfd2
0ce3d4
0cf302
0cf502
0ce4ea
0cc1c0
0c8e16
0c4ed8
0c0a00
0bc544
0b8502
0b4bb6
0b1a40
0af08c
0ace96
0ab508
0aa58e
0aa2b6
0aaf5c
0acdc0
0afe8a
0b404c
0b8f4c
0be606
0c3e22
0c9182
0cdb62
0d1916
0d4a48
0d70aa
0d8f38
0da950
0dc1b4
0dd9d4
0df182
0e073e
0e18f8
0e24ce
0e29bc
0e2800
0e213c
0e182c
0e0fe4
0e0aec
0e0a8a
0e0e3c
0e13ae
0e16f4
0e134a
0e0426
0de5fc
0db6c8
0d764c
0d260c
0cc8c6
0c61ae
0bf39e
0b8094
0b0966
0a8dae
0a0c0a
0982bc
08f030
085386
07aca8
06fc5a
064402
05853e
04c162
03f8fc
032bbe
0258a0
017e38
009b0e
ffae3a
feb7e8
fdb9a0
fcb620
fbb100
faae2a
f9b130
f8bcc4
f7d23a
f6f178
f61962
f548a6
f47ea4
f3bc32
f30424
f25b3e
f1c76e
f14e5a
f0f3dc
f0b8a4
f0994e
f08dfe
f08b2a
f08372
f06a06
f03522
efe026
ef6c80
eee178
ee4a82
edb494
ed2b2e
ecb5ce
ec5670
ec091e
ebc526
eb7f82
eb2df6
eac9e4
ea523e
e9cc16
e94186
e8bf88
e852f2
e8059a
e7dc52
e7d64a
e7edcc
e81a06
e85164
e88bfc
e8c57a
e8fdd4
e938b4
e97bb4
e9cc4e
ea2dd6
eaa038
eb1fa4
eba528
ec284e
eca130
ed0a2e
ed6108
eda762
ede258
ee1948
ee53e8
ee98ac
eeeba4
ef4dda
efbd58
f035ae
f0b10c
f1296e
f199e0
f1ff28
f257ea
f2a492
f2e6fe
f321fc
f358a4
f38dc6
f3c362
f3fa50
f43262
f46a90
f4a12a
f4d452
f5028e
f52b1a
f54dfc
f56c1a
f5870a
f5a0bc
f5bb10
f5d756
f5f604
f616a6
f63816
f658f4
f67846
f695be
f6b1ec
f6cdf6
f6eb1a
f70a16
f72a9e
f74b0e
f7687e
f77f12
f78ab6
f78800
f7752a
f752be
f72364
f6eb24
f6ae82
f67164
f6360c
f5fc74
f5c252
f5839a
f53b60
f4e4fc
f47d10
f40240
f3756a
f2d97e
f232bc
f185e0
f0d776
f02b7a
ef8506
eee660
ee514c
edc752
ed4a00
ecdaee
ec7ba8
ec2db6
ebf2a2
ebcbf6
ebbb3c
ebc230
ebe2dc
ec1f7a
ec7a2c
ecf46a
ed8e78
ee46f0
ef1a60
f00376
f0fb9e
f1fbfc
f2fe62
f3fe24
f4f8a8
f5ed78
f6ddd8
f7cbe2
f8b97a
f9a74c
fa946c
fb7e58
fc6178
fd3a20
fe05d4
fec40a
ff768e
002132
00c90a
017308
022268
02d78e
038f78
04442c
04edfe
058538
060400
066814
06b3d8
06ee38
07218a
07598c
07a0f2
07ff22
0876c2
090536
09a34a
0a46ec
0ae592
0b7690
0bf510
0c6112
0cbf76
0d18ae
0d76d4
0de362
0e652e
0eff02
0faf08
106f78
1137ca
11fe5a
12ba0e
1363e4
13f7c6
1474b2
14dc52
153206
1579d8
15b74c
15ec7c
1619a4
163d26
1653ec
165a18
164bac
16257c
15e5ee
158d50
151da6
149a54
140770
1368ce
12c13c
1211e2
115a34
10983c
0fc98c
0eec5a
0e0088
0d0874
0c0942
0b0a3e
0a13b2
092d76
085d64
07a62a
0706a8
067a26
05f984
057cf4
04fdf4
0478d4
03ed8a
035fde
02d680
02597a
01f03a
019ffc
016aa0
014e48
0145bc
01498a
015186
015680
0153b2
014782
0133ac
011c9c
01088a
00fe32
01039a
011cfe
014c48
0190e6
01e7d4
024c2c
02b818
0325ec
039134
03f790
045906
04b7e6
051820
057e3e
05ee30
066a02
06f116
077fee
0810c0
089c8e
091cd6
098d34
09ecb6
0a3e60
0a889a
0ad3ae
0b27ae
0b8a3e
0bfce0
0c7c08
0cffa4
0d7cbc
0de7e2
0e37d2
0e67be
0e7892
0e70f2
0e5bbc
0e457c
0e396a
0e3ece
0e5768
0e7f48
0eae04
0ed924
0ef70c
0f019c
0ef7d6
0ede18
0ebd0a
0e9f36
0e8e2a
0e8fd0
0ea4c0
0ec7dc
0eef84
0f0ffa
0f1e22
0f123c
0ee9b4
0ea7b6
0e5442
0dfa3a
0da4d0
0d5d06
0d27cc
0d052c
0cf08c
0ce22e
0cd138
0cb5b2
0c8a28
0c4c88
0bfe2e
0ba33c
0b414c
0ade02
0a7dc8
0a230a
09cdd2
097c2a
092ada
08d64a
087b7a
08189e
07ad80
073b7a
06c50e
064d3a
05d6cc
05638c
04f3cc
04863e
04182a
03a60a
032c5c
02a8ae
021a4c
018294
00e4bc
0044fc
ffa7b2
ff1052
fe80a0
fdf850
fd755c
fcf4b8
fc7368
fbefbc
fb6a24
fae56a
fa662e
f9f1c2
f98cb6
f9399e
f8f834
f8c544
f89b68
f87444
f84a02
f8188e
f7de82
f79d3c
f75854
f7149c
f6d69c
f6a142
f674fc
f64fb0
f62d28
f6080c
f5daea
f5a148
f55856
f4ff5a
f497be
f424f8
f3abfa
f33296
f2bebe
f255f0
f1fcc0
f1b65c
f1841a
f16506
f15600
f151f4
f1528a
f15140
f1488c
f134e4
f1157a
f0ec76
f0beaa
f09298
f06f4a
f05abe
f05896
f06968
f08a82
f0b6ac
f0e764
f11656
f13e7a
f15d1a
f17248
f18098
f18c24
f19946
f1ab56
f1c3ae
f1e13e
f200d2
f21db8
f23316
f23d3a
f23aa4
f22c50
f215a0
f1fb7e
f1e314
f1d03c
f1c44c
f1bd94
f1b76a
f1aafe
f190b8
f161dc
f11a58
f0b9ee
f0445a
efc0d6
ef38dc
eeb68e
ee42d0
ede3d4
ed9bf8
ed69ba
ed486e
ed318e
ed1e28
ed0888
eced6c
eccc90
eca86e
ec8572
ec68d4
ec5754
ec5426
ec603e
ec7a42
ec9f1e
eccaee
ecf9dc
ed2908
ed571a
ed8458
edb20a
ede1c6
ee1498
ee4a56
ee812e
eeb5be
eee3a2
ef067c
ef1b0c
ef2004
ef1672
ef01e4
eee80a
eecfe6
eec0c2
eec120
eed5c4
ef0134
ef43a4
ef9b42
f004f0
f07d18
f10062
f18c18
f21e8c
f2b72a
f3562e
f3fc2c
f4a986
f55df0
f6184c
f6d68e
f795e0
f8532e
f90bc6
f9bdca
fa6878
fb0c7e
fbac06
fc4a74
fcebc6
fd93f2
fe4602
ff035a
ffcb26
009a20
016aba
0235ac
02f2d6
039a68
04263c
04931c
04e198
051654
05399e
05564a
057802
05a940
05f17a
06538c
06cd3a
075772
07e77a
0870f4
08e862
094526
0982fa
09a268
09a854
099c8e
0987e8
09722a
0960b0
0955e2
09516c
0950f2
095184
095118
094f7e
094e9c
0951dc
095d40
097406
099792
09c6aa
09fd3a
0a3516
0a671a
0a8c8c
0aa02e
0a9f46
0a8a1e
0a63c6
0a315c
09f8de
09c014
098b7a
095d8c
09365c
0913b0
08f186
08cb04
089b6c
085f44
081530
07be42
075de4
06f956
0696a8
063b78
05ebf2
05a9ea
057496
05490a
05234e
04ff92
04dbae
04b81a
049842
048232
047d86
0491ea
04c538
051a0e
058ed8
061ddc
06be16
0764a0
080664
0899dc
0918a6
098060
09d2aa
0a14a6
0a4dc8
0a8684
0ac6ca
0b14c0
0b73d0
0be462
0c640e
0cee28
0d7cb4
0e099a
0e8fe0
0f0c7e
0f7ea4
0fe7a4
104a38
10a990
110846
11674c
11c550
121ee6
126f28
12b0be
12df52
12f896
12fcd2
12eee2
12d36e
12af70
12869e
125a22
1227c6
11ea06
11992c
112d04
109efc
0fec04
0f15ea
0e2388
0d200e
0c1926
0b1cac
0a3620
096ca6
08c1d8
0831cc
07b444
073e9e
06c644
064326
05b184
0512b4
046cc0
03c8f8
0331c8
02b052
024a4e
0200c0
01cfbe
01af3e
019510
017712
014d86
0114c6
00cdfe
007ea6
002f10
ffe84e
ffb1f8
ff9046
ff833e
ff86d4
ff942e
ffa37c
ffadf8
ffaf82
ffa790
ff9912
ff8964
ff7ec2
ff7e96
ff8bf8
ffa70e
ffcd40
fffa34
002932
005674
008026
00a6ca
00ccce
00f59c
012426
0159b2
019524
01d308
020e42
024132
026700
027ce8
028300
027c76
026f06
0261e0
025c60
02649a
027e3a
02a9ee
02e56a
032bf0
03771e
03c014
0400ac
04349c
045a36
0472a0
04817e
048c4a
04994e
04ae64
04cfb2
04fee8
053afe
058076
05ca36
061294
0654a8
068d52
06bbbc
06e12a
07004a
071c2a
073708
07515e
07695e
077b38
078200
0778d2
075bf6
0729a6
06e28a
06897a
0622ac
05b29c
053cf4
04c3d0
044764
03c618
033d26
02a988
0208c8
0159b8
009ca6
ffd33c
ff0020
fe2680
fd4988
fc6bc6
fb8eb2
fab29a
f9d6c4
f8f986
f818ba
f73254
f64536
f551d2
f45abe
f364d8
f276ec
f19902
f0d316
f02b86
efa572
ef3fbe
eef4de
eebbaa
ee88f2
ee51a2
ee0d0c
edb6d0
ed4ffe
ecdee0
ec6db8
ec088a
ebba72
eb8b2e
eb7d8a
eb8eea
ebb7e6
ebee1c
ec2670
ec5740
ec7a0c
ec8c68
ec8fd8
ec88a6
ec7c58
ec6ff2
ec66b0
ec6146
ec5dd0
ec588a
ec4d0e
ec37ba
ec16c0
ebea86
ebb5b2
eb7ca0
eb4476
eb11fa
eae892
eac990
eab404
eaa54c
ea99f0
ea8ea2
ea8154
ea71f8
ea62aa
ea574e
ea54b2
ea5f62
ea7a4a
eaa5ce
eadf4e
eb216a
eb64f8
eba28e
ebd448
ebf776
ec0dae
ec1cee
ec2ef2
ec4fb8
ec8b68
ecec22
ed7830
ee3118
ef1398
f01898
f136a0
f263a2
f396de
f4ca26
f5fa50
f726c2
f8507e
f978c0
fa9fd0
fbc416
fce206
fdf494
fef66e
ffe336
00b8b8
017776
0222c6
02c046
0356b8
03ec5a
04858a
0523b4
05c4d8
06637a
06f758
077694
07d758
081138
081e72
07fcca
07adea
07376c
06a23a
05f972
0548ee
049bde
03fb86
036e4c
02f712
029538
02452a
02017a
01c422
0187a2
0147e6
0102ba
00b7ba
0067ce
00147c
ffbf3a
ff68ea
ff11c8
feb9bc
fe60e8
fe085e
fdb2d8
fd64ea
fd24b0
fcf8da
fce77c
fcf4ba
fd21aa
fd6baa
fdcc58
fe3a80
feabac
ff15d2
ff7102
ffb8ea
ffeda2
00138e
003274
0053c4
0080b2
00c064
011696
0182cc
020092
02886e
031166
0392b0
040556
04654a
04b1d2
04ed34
051bb6
05425a
05659a
058864
05ab7e
05cdbc
05eca4
06056c
06160c
061e28
061f6a
061d3c
061c0c
062058
062de2
064712
066c96
069d62
06d754
071800
075d88
07a71e
07f526
08490c
08a4a4
090946
0976ea
09ebe8
0a64e6
0add52
0b5006
0bb856
0c12e6
0c5e72
0c9c1a
0ccf1a
0cfc52
0d2972
0d5be2
0d97a6
0ddea6
0e306e
0e8a5c
0ee834
0f44d0
0f9b1c
0fe70e
102650
10587a
107ee8
109c7a
10b4e8
10cbca
10e3b2
10fd94
11189e
113266
114748
11531c
11521c
114190
112024
10edf0
10ac58
105db0
1004d6
0fa480
0f3ebc
0ed4d8
0e6766
0df678
0d81d0
0d0918
0c8c3e
0c0b90
0b87c0
0b01c2
0a7ad8
09f48a
097066
08efac
087342
07fb88
078834
071850
06aa52
063c6e
05cd10
055b60
04e794
047338
040108
039450
033032
02d6ea
02890c
024532
02083c
01cdec
0191f6
01511e
010a34
00bea2
007276
002ba4
fff0cc
ffc7b8
ffb428
ffb70c
ffce7a
fff620
002880
006020
0098c8
00d03c
010682
013dbe
01794e
01bc9c
0209e2
026168
02c14e
0325c8
0389e8
03e890
043d7e
04862a
04c22a
04f30a
051bde
054086
0564b4
058afe
05b456
05dfee
060b8a
06340a
065614
066eca
067c5a
067e26
067484
066086
0643aa
061f86
05f5b2
05c798
0596b4
0564c8
05340a
0506f2
04e00e
04c1ac
04ad44
04a2dc
04a08c
04a29e
04a3f0
049ec4
048d80
046b94
043666
03edb0
03939c
032c80
02be2a
024ef4
01e4d8
018468
013016
00e7f0
00a9b6
007126
0038aa
fffa44
ffb04e
ff565e
fee9f2
fe6aa8
fdda5a
fd3cd4
fc9724
fbeed8
fb4932
faaa98
fa1610
f98d22
f90fd8
f89cfe
f83274
f7cd92
f76b6c
f70914
f6a3e0
f639b0
f5c94c
f5528a
f4d6a8
f4587e
f3dc6a
f367c4
f30034
f2aadc
f26b6a
f24342
f23120
f2310a
f23ce4
f24d82
f25bd2
f261e2
f25bb8
f247d8
f22718
f1fc20
f1ca7c
f195d8
f16178
f12fb6
f101b8
f0d796
f0b0c8
f08c4a
f068ba
f0444a
f01cae
efef2e
efb8e0
ef76ec
ef26f8
eec7e2
ee5a66
ede12e
ed60b6
ecdeae
ec60fe
ebec8e
eb8428
eb27b8
ead47a
ea85c8
ea3632
e9e0ba
e98214
e919a4
e8a9f2
e8383a
e7cb68
e76ab6
e71c6c
e6e4ae
e6c4d2
e6bb60
e6c4c8
e6dc4c
e6fce6
e72226
e748e6
e76fc6
e79756
e7c1be
e7f256
e82d24
e87660
e8d1cc
e9425e
e9c9d8
ea68a0
eb1db0
ebe6ac
ecc010
eda572
ee9206
ef80e8
f06d6a
f15332
f22e68
f2fbc0
f3b894
f46308
f4fa7a
f57ff2
f5f6b2
f6644c
f6d04c
f74354
f7c5c8
f85e28
f90f60
f9d77a
faaf30
fb8a7a
fc5a28
fd0e66
fd9998
fdf32e
fe1996
fe12ee
fdec04
fdb62a
fd843c
fd6730
fd6b1c
fd955a
fde44a
fe5056
fece46
ff5212
ffd1b0
004732
00b1c4
011532
017848
01e27c
0259c8
02e0dc
03764e
0414d4
04b4be
054e20
05dae6
06588a
06c902
07329a
079e7e
08168a
08a304
094892
0a0700
0ad916
0bb544
0c8f46
0d5aac
0e0d52
0ea136
0f156e
0f6e2c
0fb38e
0fef9a
102bda
106f3c
10bc70
111182
116814
11b6b0
11f2d2
121356
12129a
11efc6
11af0a
11589c
10f718
109520
103ac6
0febb6
0fa67c
0f64c2
0f1ca8
0ec2fe
0e4dbc
0db682
0cfc66
0c2482
0b391a
0a47d0
095f0a
088afa
07d378
073ab0
06bd12
06528e
05f0a8
058cf6
051fa2
04a56a
042056
039718
03138c
02a068
0246b4
020bd4
01f050
01efb0
0201ca
021c94
023630
02472e
024c18
0245e6
0239a8
022f12
022e6c
023e6c
02626a
02992a
02dcec
032492
036568
039534
03ac8e
03a89a
038bd4
035dda
032a1c
02fd98
02e470
02e752
0309ae
0348d6
039c8e
03f88e
044ee2
049292
04ba28
04c16c
04aa42
047c28
0442c6
040bcc
03e450
03d666
03e77c
0417be
04625c
04bec4
05223e
058208
05d54c
061694
064484
0661ce
067478
0684ac
069b20
06bf90
06f796
0745fe
07aa7c
082212
08a7c4
0935cc
09c6b4
0a5630
0ae180
0b677c
0be860
0c6516
0cde7a
0d54c6
0dc73c
0e3462
0e9a5c
0ef780
0f4afc
0f9586
0fd974
101a50
105c34
10a2e8
10f0e4
114660
11a0d6
11fb1c
124e64
129386
12c44a
12dcc6
12dc54
12c5d8
129f7e
127190
12449e
121f94
120620
11f776
11ee1c
11e0f4
11c4e0
118ef6
1136b8
10b7cc
1012e8
0f4dfa
0e7310
0d8e56
0cabd2
0bd52c
0b0ffa
0a5d28
09b958
091e04
088380
07e2cc
0736f4
067dfc
05b920
04ec48
041d38
035278
029200
01e04e
014024
00b2a2
003760
ffcd0a
ff7200
ff249c
fee356
feac88
fe7e44
fe5632
fe3198
fe0d48
fde5b0
fdb72a
fd7e64
fd38e8
fce5b2
fc85a0
fc1ba8
fbacac
fb3ed4
fad890
fa7f56
fa36a4
f9ff32
f9d668
f9b684
f99750
f96f90
f936a0
f8e63e
f87bc4
f7f8ac
f7625c
f6c114
f61e30
f582aa
f4f5e0
f47c9e
f418a8
f3c908
f38ac4
f359c0
f331be
f30ede
f2edce
f2cbc6
f2a638
f27aa0
f246d6
f2099e
f1c32c
f175d2
f1262e
f0dad4
f09b6e
f06fc8
f05e6c
f06b56
f09732
f0df20
f13d2c
f1a994
f21c32
f28de4
f2f9ac
f35d06
f3b7a2
f40a9a
f457ba
f4a0aa
f4e650
f52886
f5662c
f59da0
f5cd42
f5f3a8
f60fc4
f620c0
f625b8
f61d5c
f605d0
f5dcde
f5a078
f54f3a
f4e8fa
f46ef0
f3e3b0
f34ad8
f2a860
f1ffbc
f1533a
f0a3b8
eff0ac
ef389e
ee79f6
edb3dc
ece6da
ec1530
eb4276
ea72da
e9aa3e
e8eb54
e836ce
e78b12
e6e4c4
e63fe0
e598e8
e4ee2c
e440d2
e3959c
e2f4c4
e268e4
e1fd52
e1bc20
e1ac2c
e1cfa2
e2232a
e29e2e
e33432
e3d6bc
e47792
e50b10
e589e0
e5f22c
e647ba
e692fa
e6df4a
e738d2
e7aa70
e83c1e
e8f234
e9cd5c
eacb2e
ebe6fc
ed1ac8
ee5fec
efafa8
f1037c
f25542
f39eb0
f4d950
f5febc
f70938
f7f4b4
f8bfd6
f96cc2
fa0150
fa8682
fb0756
fb8f04
fc2746
fcd6c0
fd9f9a
fe7f26
ff6e50
0062b2
015074
022c68
02edea
039014
041250
047808
04c7c6
0509ea
05473c
0587a8
05d174
0628d6
069018
070810
0790d0
0829f6
08d30e
098b5c
0a51ac
0b23d0
0bfe56
0cdc58
0db7a8
0e898c
0f4b9a
0ff8be
108e5a
110cee
11780c
11d5b6
122d46
1285fe
12e5bc
134fe6
13c4e2
1441f6
14c1fc
153e76
15b0ce
16136c
166266
169bc0
16bf36
16cdae
16c878
16b0b8
168720
164ba8
15fdc2
159c9c
1527c6
149fac
1405ac
135c0a
12a5e8
11e70e
11239e
105f94
0f9e7a
0ee318
0e2f44
0d83aa
0cdfa0
0c4170
0ba6ae
0b0cae
0a70c2
09d0b8
092b66
0880e4
07d2c0
0723b4
06773a
05d11e
053510
04a622
0426b4
03b88a
035d0c
031588
02e328
02c6d8
02c128
02d208
02f820
03305c
0375e6
03c260
040e5c
045244
048758
04a8aa
04b3de
04a99c
048d4a
046490
043690
040aac
03e7a2
03d2dc
03d000
03e0d4
040534
043b34
047f56
04cce6
051e42
056d00
05b284
05e874
060980
061246
060228
05dc14
05a6b8
056c2a
0538a2
0518c0
0517bc
053d64
058c9a
0602a2
06977e
073f28
07eba4
088f62
091f5c
0994be
09edc4
0a2da8
0a5b84
0a80ba
0aa740
0ad804
0b19be
0b705e
0bdd02
0c5e6e
0cf1b4
0d92d6
0e3d3c
0eec0e
0f9a66
104366
10e280
117388
11f310
125e9c
12b4e8
12f5ea
1322cc
133dec
134a94
134c98
1347f2
134034
133826
133194
132d2e
132a58
132734
1320ce
131360
12fada
12d378
129a5e
124e32
11ef4c
117f7e
1101aa
107936
0fe968
0f54ee
0ebd8a
0e23f6
0d8820
0ce9b6
0c4878
0ba490
0afef4
0a594c
09b59c
0915d8
087b70
07e720
0758f6
06d07e
064d0c
05ce24
05539a
04dd98
046c8a
0400f8
039b44
033ba0
02e236
028f44
024346
01ff1c
01c3f6
01930c
016d38
015278
014186
01379c
013092
012750
011692
00f9cc
00cde0
00915e
004472
ffe872
ff7f4e
ff0ad4
fe8c2c
fe03b4
fd7126
fcd41c
fc2cd2
fb7ca8
fac64a
fa0db8
f957a4
f8a874
f80346
f76930
f6d8ee
f64f06
f5c682
f53a10
f4a588
f4072e
f3603a
f2b4fe
f20c46
f16e38
f0e2d4
f0707c
f01ae2
efe282
efc4bc
efbc4c
efc252
efcfc2
efde7c
efea16
eff01c
eff01e
efeb2c
efe326
efda0c
efd170
efca3a
efc478
efbf6e
efb9c8
efb1e4
efa632
ef9568
ef7ec4
ef621c
ef3fe8
ef1936
eeef6c
eec422
ee98e6
ee6ef4
ee46e6
ee205e
edf9ee
edd132
eda306
ed6bfe
ed290a
ecd812
ec783c
ec0a2c
eb8fe8
eb0c84
ea83b6
e9f972
e97170
e8ee9e
e87328
e80060
e796dc
e7368a
e6def0
e68f1a
e645a6
e600bc
e5be42
e57c2c
e538e6
e4f3ca
e4ad82
e46878
e428c8
e3f410
e3d110
e3c6e8
e3dc4c
e416b2
e479b6
e506c4
e5bce8
e698f4
e795b6
e8ac64
e9d524
eb0782
ec3ace
ed66aa
ee83c8
ef8c6c
f07cf4
f15476
f21500
f2c3a4
f36802
f40bac
f4b8f4
f579a6
f655c0
f75210
f86f3e
f9a960
faf812
fc4f40
fda092
fedcf4
fff68a
00e288
019aa6
021dde
027096
029c1e
02ad30
02b238
02b94e
02ce48
02f942
033dec
039b64
040cdc
048afc
050d3a
058b34
05fde0
066038
06af66
06eaac
0712f0
072a36
073322
0730b8
072610
071660
07051e
06f610
06ed28
06ee64
06fd6c
071d12
074ef8
079344
07e86e
084b6a
08b7e6
0928a2
0997de
0a0002
0a5c2c
0aa894
0ae2ea
0b0a88
0b2052
0b2652
0b1f5c
0b0e82
0af6ce
0adb1c
0abdee
0aa140
0a869a
0a6f24
0a5b90
0a4be0
0a3f2c
0a3372
0a2584
0a111e
09f14a
09c10c
097c64
092106
08aeda
08285c
07926c
06f3b2
0653b2
05b9c2
052c1c
04af5a
04463a
03f188
03b054
03805a
035e76
0346e2
03357a
032618
031506
02ff5c
02e368
02c114
029a34
027296
024f98
02377a
023060
023f74
026826
02abca
0309ae
037fa8
040ae6
04a890
055638
061222
06db02
07af94
088de0
0972e4
0a5a6e
0b3f4e
0c1bea
0ceb0e
0da8b4
0e5296
0ee888
0f6c48
0fe0f4
104a6c
10acd6
110c22
116bc6
11ce7c
123648
12a436
131816
13900a
14084a
147b10
14e0e4
153146
1563ec
157236
155894
15179e
14b484
1438b6
13b0b8
132a3c
12b1ee
125172
120ddc
11e6fc
11d778
11d5e6
11d690
11cd40
11af28
117472
111918
109d3a
1004d6
0f5718
0e9d4e
0de1d2
0d2eec
0c8dde
0c0616
0b9c8e
0b536c
0b29e4
0b1c90
0b25ee
0b3f36
0b6126
0b850a
0ba590
0bbf5e
0bd14a
0bdc36
0be2a6
0be838
0bf0ec
0c008c
0c1a42
0c4044
0c737c
0cb33a
0cfd02
0d4c9c
0d9c64
0de5b6
0e217a
0e48f4
0e56c4
0e47c6
0e1ba4
0dd518
0d79a8
0d10b8
0ca232
0c34f2
0bcd8e
0b6d70
0b12b2
0ab87e
0a5824
09ea8e
0969da
08d292
082490
076332
06950c
05c2fa
04f6b6
04396e
0392a4
03072c
029898
02453a
0208be
01dcb8
01b978
019726
016eae
013aba
00f884
00a838
004cf6
ffec96
ff8eea
ff3ca0
fefe16
feda2a
fed530
fef042
ff28f8
ff797c
ffd954
003e88
009ed6
00f0e8
012d8a
015080
0158d8
0148e0
01259c
00f5de
00c152
008f6c
00663a
004982
003a5a
0036ce
0039f6
003c90
0035f2
001d40
ffea88
ff97f2
ff226c
fe8a26
fdd290
fd01ba
fc1f64
fb33ee
fa472a
f95f54
f8804c
f7ab64
f6df9e
f61a64
f5587a
f496c8
f3d2f0
f30bdc
f241a6
f1753c
f0a806
efdb84
ef10ec
ee4908
ed841a
ecc1f2
ec025e
eb4568
ea8b5e
e9d4b0
e921de
e87334
e7c894
e72174
e67d02
e5da68
e53934
e4998a
e3fc0c
e361c8
e2cc24
e23c64
e1b368
e1318a
e0b692
e04208
dfd37a
df6ad4
df0876
dead6a
de5b56
de1440
ddda26
ddaeda
dd93c4
dd89de
dd91b2
ddab42
ddd5fc
de108e
de588e
deaa2c
df0020
df5418
df9f8a
dfdc9c
e00768
e01ef6
e025f8
e022de
e01f40
e02666
e043b0
e080ea
e0e4ca
e171f8
e22700
e2fefe
e3f2de
e4fab2
e60ef2
e72926
e84470
e95d76
ea71ee
eb800c
ec8662
ed83e8
ee7818
ef635e
f04782
f127e0
f20976
f2f260
f3e8f6
f4f2d2
f613da
f74d5c
f89d62
f9fedc
fb6a1a
fcd59e
fe3744
ff858a
00b8b2
01cbe0
02bdc6
03909c
0449d4
04f148
058ff6
062e5c
06d328
078230
083c04
08fe24
09c3d0
0a8720
0b424e
0bf0ce
0c8fba
0d1dd0
0d9af2
0e077c
0e6340
0eacfc
0ee238
0effae
0f0286
0ee970
0eb5b6
0e6bc2
0e1310
0db56e
0d5d78
0d150c
0ce3a8
0ccd72
0cd2c0
0cf038
0d1f66
0d57e8
0d90b6
0dc14c
0de280
0def40
0de4f2
0dc372
0d8d1a
0d464e
0cf4f4
0c9fd4
0c4dde
0c0524
0bca08
0b9e90
0b821a
0b71a4
0b6844
0b600c
0b52f6
0b3be2
0b1726
0ae2a0
0a9d94
0a4878
09e49a
0973b8
08f7f0
0873a8
07e9d2
075e26
06d52c
0653e4
05df40
057b82
052b5e
04ef6e
04c60a
04ab9e
049b86
0490f4
0487ce
047d74
047142
046492
045a3e
0455d2
045ac2
046bae
0489ba
04b45e
04e9a0
0526ca
056936
05aefe
05f76e
06436a
06956a
06f0e0
07595a
07d196
085a92
08f2c8
0995d6
0a3cc8
0adf16
0b7436
0bf546
0c5e86
0cb084
0cf066
0d2766
0d6140
0daa22
0e0c5a
0e8e7e
0f31fc
0ff2a6
10c750
11a330
1277f2
13379c
13d666
144c1a
1494c2
14b0b4
14a404
1475b6
142eee
13da28
13823c
133164
12f06e
12c5e8
12b558
12be9a
12ddc8
130bc2
133f36
136dee
138e4c
1398d0
138948
135f52
131e2a
12cbd8
12700c
1212ca
11bb12
116dee
112e06
10fbcc
10d5ec
10b9c8
10a416
10917e
107ef6
1069f2
105084
103158
100bd0
0fe002
0faeb6
0f7936
0f414a
0f091e
0ed308
0ea12c
0e753c
0e503a
0e325c
0e1b0a
0e090a
0dfad2
0deed8
0de3d8
0dd8ee
0dcdd6
0dc2e0
0db8e2
0db0c6
0dab04
0da71a
0da30e
0d9b3e
0d8a9c
0d6b3c
0d374a
0cea2a
0c816e
0bfd82
0b61f4
0ab4fe
09fec2
0947f0
08986c
07f5fa
076392
06e132
066c52
0600c2
0599d6
05336e
04ca88
045d66
03eb52
03742e
02f810
0276f8
01f0b8
016562
00d5d0
004420
ffb406
ff2abc
feae72
fe4570
fdf4ea
fdbfce
fda5e6
fda38e
fdb1fc
fdc834
fddc46
fde4cc
fdda52
fdb852
fd7d98
fd2c2e
fcc8de
fc5a38
fbe782
fb7796
fb0ff2
fab42a
fa65ae
fa23d0
f9ec12
f9bab2
f98b3e
f9590e
f91fbc
f8db78
f8895a
f8279e
f7b5ce
f734c4
f6a69e
f60e9a
f570d4
f4d1d6
f43608
f3a110
f31544
f2936e
f21a7a
f1a79a
f136e6
f0c432
f04be4
efcb90
ef42a0
eeb258
ee1db2
ed8892
ecf6e0
ec6bd0
ebe960
eb7016
eaff16
ea94e0
ea2fee
e9cf78
e973ca
e91e64
e8d198
e88ffa
e85b8a
e83504
e81b9a
e80cf0
e80586
e8015c
e7fca6
e7f45e
e7e68c
e7d270
e7b854
e7991c
e775f0
e7500a
e728c0
e7019e
e6dca8
e6bc74
e6a41e
e696fc
e69806
e6a91e
e6ca80
e6fa6e
e7351c
e77514
e7b416
e7ebf2
e81782
e83358
e83e34
e8391a
e826ea
e80be8
e7ed0e
e7cf82
e7b848
e7abdc
e7ae2e
e7c274
e7eb1e
e829a8
e87e80
e8e8bc
e96612
e9f2e0
ea8a6e
eb273e
ebc398
ec5a3a
ece6ca
ed6646
edd754
ee3a64
ee91ca
eee16e
ef2e7c
ef7eec
efd906
f042ce
f0c17c
f158fc
f20b6e
f2d8da
f3bee0
f4b8c8
f5bfc8
f6cb86
f7d2cc
f8cc34
f9af22
fa74b6
fb1882
fb9938
fbf922
fc3e1e
fc7114
fc9ce8
fccd1e
fd0c46
fd6266
fdd396
fe5f60
ff00a6
ffae4e
005c92
00fecc
01897a
01f402
0239f6
025b8c
025d58
02475a
022384
01fc12
01da20
01c490
01bf8a
01cc6c
01ea3e
02166c
024d74
028b92
02cd2e
030f34
034f0a
038a9a
03c054
03ef3e
041710
04385c
0454da
046f84
048c60
04b010
04df4a
051e2a
056f86
05d486
064c7c
06d50c
076aac
080948
08acf2
095280
09f7f8
0a9c96
0b4098
0be4c6
0c89ce
0d2fbe
0dd598
0e7956
0f17fa
0fae12
10384a
10b406
111fe2
117be0
11c97a
120b74
124572
127b54
12b0a2
12e81c
132348
136226
13a326
13e35c
141ed0
145116
14760c
148a54
148bea
147a86
1457a4
14265c
13eaec
13aa2a
1368da
132b42
12f4c4
12c7ca
12a5cc
128f72
1284b4
1284d8
128e6a
129f10
12b36c
12c712
12d4c4
12d6e0
12c84e
12a558
126c80
121f1c
11c18c
115ac2
10f374
1094ea
1047a0
101228
0ff83c
0ffa46
101564
1043d4
107dcc
10ba6c
10f0c8
111906
112d46
112a50
111012
10e1c0
10a586
1063da
10265e
0ff672
0fdbc2
0fdaf4
0ff4a8
102552
1065ae
10abe8
10ed50
112028
113d28
11408e
112a5a
10fdde
10c09e
107900
102ce6
0fe0ba
0f96e6
0f4fe2
0f0ab0
0ec5ac
0e7f60
0e3754
0dee5e
0da6a8
0d6350
0d27e0
0cf7b0
0cd53a
0cc1ac
0cbcb2
0cc48a
0cd648
0cee32
0d0858
0d2124
0d35e6
0d4522
0d4eb0
0d538a
0d5594
0d570e
0d5a00
0d5ff4
0d69d2
0d780c
0d8ac8
0da24a
0dbf4a
0de2fc
0e0ec8
0e43c8
0e8208
0ec808
0f124e
0f5b78
0f9cac
0fce90
0fea78
0feb9a
0fcfe6
0f987c
0f498a
0ee99e
0e8078
0e15ce
0db028
0d5420
0d03de
0cbf0c
0c8314
0c4bac
0c136e
0bd46c
0b88d2
0b2b72
0ab868
0a2d94
098af6
08d2c6
080960
0734de
065c6a
05871e
04bb16
03fc76
034cce
02aaee
021310
017fba
00eac0
004e5a
ffa5f2
feeea6
fe2786
fd514e
fc6dce
fb7f72
fa88a4
f98b92
f889f4
f78538
f67ebc
f57824
f4737c
f37320
f27998
f1893a
f0a37e
efc8ae
eef7a8
ee2ddc
ed679c
eca0d2
ebd5c8
eb03ec
ea2a7c
e94adc
e86880
e7887e
e6b0be
e5e6fa
e52fc0
e48db0
e4012e
e3888e
e320aa
e2c5c2
e2747e
e22ab8
e1e7e2
e1acf4
e17bee
e1570c
e13ff8
e136fe
e13ad8
e148c0
e15d20
e17456
e18ba8
e1a1ec
e1b7c8
e1cf66
e1ebc8
e20fcc
e23d74
e2752e
e2b5be
e2fcae
e34700
e391fc
e3dbe8
e42490
e46d3a
e4b81e
e507b6
e55dd2
e5bae6
e61dc0
e683b0
e6e92e
e74acc
e7a61c
e7fa62
e848bc
e893fa
e8dfc6
e92fb2
e98646
e9e424
ea47d0
eaade4
eb11c0
eb6e94
ebc090
ec05c4
ec3e96
ec6db6
ec9790
ecc156
ecefe8
ed2708
ed6910
edb6e2
ee1062
ee754a
eee5e6
ef6388
eff08e
f08fda
f143a8
f20c7c
f2e7f4
f3d008
f4bb3e
f59daa
f66aa8
f716e8
f79a94
f7f2d6
f82282
f831f8
f82db0
f82450
f8247c
f83aae
f86f80
f8c6e4
f9400e
f9d608
fa80e6
fb3718
fbee94
fc9dba
fd3c24
fdc310
fe2dac
fe7958
fea5e0
feb59a
fead6c
fe945c
fe72fe
fe5252
fe3ac2
fe32ea
fe3eac
fe5ea8
fe9058
fece96
ff1292
ff5504
ff8f64
ffbce4
ffdb06
ffe9b6
ffeae4
ffe1fc
ffd326
ffc294
ffb408
ffaaa0
ffa8ca
ffb04e
ffc286
ffe07a
000b02
0042d4
008864
00dbc0
013c7a
01a988
022124
02a0ec
03263a
03ae76
043772
04bfc2
0546f6
05cd86
0654be
06de5a
076c0c
07ff14
0897f0
093626
09d868
0a7cea
0b21dc
0bc5d6
0c6844
0d0960
0da9e6
0e4a92
0eeb7a
0f8b88
102830
10bda6
114762
11c10a
12278c
1279f8
12ba0e
12ec68
1317f4
1344d0
137ae0
13c088
141976
1485e8
1502bc
1589fa
1613d8
169802
170ed2
17724e
17becc
17f336
1810ca
181aa4
18150c
1804b8
17ee1c
17d4f0
17bbf6
17a4fa
179114
1780fa
17755c
176f24
176fa6
177880
178b2c
17a87e
17cff6
17ff30
183196
18609c
18846e
189542
188cd8
1867ea
182734
17cfc8
176a76
170252
16a2b0
165514
161f38
16020c
15f990
15fdb2
1603f6
160198
15ed94
15c20a
157cf4
151fdc
14aef8
142fee
13a8ae
131eac
129684
12144a
119ba4
113038
10d59e
108ef6
105e36
104352
103bbe
104238
104f4a
105a58
105b06
104aa2
102544
0fea44
0f9c06
0f3f12
0ed8e4
0e6ea6
0e045e
0d9c88
0d3848
0cd802
0c7bf0
0c24bc
0bd3a4
0b8a48
0b4a1e
0b13e0
0ae706
0ac194
0aa058
0a7f74
0a5b40
0a312e
0a0054
09c9ac
098fe2
09569e
0921b4
08f446
08d00c
08b50e
08a1ae
08931e
088604
087742
0864a2
084d4c
0831fa
0814d2
07f8e6
07e160
07d0a4
07c788
07c4c8
07c4ee
07c2c6
07b81c
079eee
077292
0730ac
06d9b4
0670e2
05fba4
05806a
050582
048fe0
042276
03be14
0361a6
030b08
02b7e6
02666c
021594
01c4e6
017408
01220a
00ccfc
0071d6
000cec
ff9ad6
ff19a0
fe89a0
fdedec
fd4c28
fcab8e
fc1374
fb89aa
fb1112
faa8e8
fa4cf2
f9f672
f99dcc
f93c48
f8cda2
f850e4
f7c866
f73910
f6a8f6
f61dd6
f59be6
f52516
f4b908
f455aa
f3f82a
f39de6
f34510
f2ed18
f29678
f24200
f1f046
f1a0fc
f152b2
f10314
f0af68
f0555c
eff3c6
ef8b28
ef1dc6
eeaf3c
ee43ec
ede00e
ed86f6
ed3a6e
ecfa7a
ecc578
ec98ae
ec70e8
ec4b1c
ec2516
ebfdd2
ebd57e
ebad56
eb8736
eb652e
eb48f6
eb3386
eb24d2
eb1bbc
eb163c
eb11ba
eb0b6c
eb00ce
eaf000
ead81c
eab934
ea9446
ea6afa
ea3f2e
ea12b6
e9e6fe
e9bccc
e9943a
e96cea
e94636
e91f98
e8f8da
e8d250
e8acdc
e889d0
e86ac2
e8515c
e83efc
e83492
e8324a
e837ac
e8439a
e85496
e868f6
e87f24
e895d6
e8ac2a
e8c19a
e8d60c
e8e9a6
e8fc9a
e90f0c
e920d4
e93160
e93fd2
e94b3e
e952de
e9568c
e95712
e95654
e9574e
e95dd0
e96e08
e98bce
e9b9ee
e9f97e
ea4942
eaa58a
eb0876
eb6aa4
ebc438
ec0e16
ec430e
ec60b2
ec67e4
ec5cb0
ec45be
ec2b7c
ec16e8
ec1052
ec1e80
ec45ee
ec8874
ece558
ed5998
ede07c
ee7400
ef0d98
efa6b6
f03958
f0c0a6
f13972
f1a2a8
f1fd9a
f24e18
f29a20
f2e954
f343fa
f3b1f0
f43998
f4deec
f5a2fe
f683de
f77cf6
f887ce
f99cfc
fab512
fbc98e
fcd58e
fdd62e
feca9e
ffb408
0094f8
0170e2
024b7c
03281a
040938
04f02c
05dcf0
06ce1e
07c13c
08b328
09a09a
0a86ae
0b6358
0c359c
0cfd80
0dbbea
0e7222
0f216a
0fcac2
106eac
110d26
11a5d0
12380c
12c346
134726
13c3a6
143910
14a7e2
1510a4
1573d0
15d1ba
162a9c
167ea4
16cddc
171816
175cca
179afe
17d12a
17fd6e
181dbe
183046
1833d0
18283e
180ea4
17e95c
17bbde
178a32
175844
17294c
16ff40
16da8c
16ba38
169c4c
167e54
165e0a
1639ca
1610d2
15e34a
15b23c
157f42
154c20
151a9a
14ec2a
14c1f0
149cd0
147d76
14646c
14521a
1446ae
1441f0
14432a
144926
14522e
145c4e
14657e
146bfa
146e6a
146c0a
14647a
1457a8
144586
142de4
141072
13ecea
13c354
139464
1361b2
132db0
12fb6c
12cdee
12a796
128964
127294
126078
124eea
12391a
121a98
11f072
11ba0e
117956
11327e
10eb10
10a8b4
106fdc
1042e4
102192
100942
0ff5b8
0fe244
0fcaee
0fad92
0f8a70
0f6424
0f3f2c
0f20de
0f0e3e
0f0aee
0f187c
0f3610
0f609e
0f938a
0fc976
0ffd2a
102a6a
104e76
106854
1078d2
10822e
10878a
108c50
109388
109f4c
10b062
10c62c
10deb0
10f6f8
110b88
1118f6
111c80
111466
110024
10e05c
10b69a
1084e0
104d42
101190
0fd320
0f92d8
0f5132
0f0e66
0eca7e
0e855c
0e3eb4
0df5de
0da9b8
0d5880
0cfff8
0c9d90
0c2ecc
0bb1bc
0b2572
0a8a24
09e13e
092d04
087022
07ad16
06e5c4
061b2a
054d5c
047bc2
03a586
02ca16
01e986
0104ce
001dc4
ff36c6
fe5272
fd7318
fc9a68
fbc93e
faff9a
fa3cd2
f97fe0
f8c7b0
f81354
f7623a
f6b42a
f60950
f56248
f4c006
f423ec
f38fa8
f30534
f28696
f21598
f1b34a
f15f9e
f1190a
f0dc7a
f0a580
f06ee8
f0339e
efef94
efa094
ef46c0
eee4a0
ee7ec0
ee1aea
edbf1c
ed7066
ed3202
ed04ca
ece724
ecd566
eccaac
ecc1e0
ecb69a
eca5f0
ec8eb2
ec7182
ec5072
ec2e82
ec0f04
ebf4f4
ebe280
ebd8ca
ebd7c4
ebde66
ebeb08
ebfbc6
ec0ee8
ec2314
ec377a
ec4be0
ec608e
ec762c
ec8d7c
eca730
ecc3c2
ece36a
ed0620
ed2bb8
ed5408
ed7f14
edad2c
eddedc
ee14f2
ee5054
ee91ca
eed9b2
ef27d0
ef7b1c
efd1d8
f029a8
f07fd2
f0d186
f11c3e
f15df6
f19556
f1c1be
f1e328
f1fa14
f2073c
f20b46
f20698
f1f942
f1e318
f1c3d4
f19b4a
f169ac
f12fa8
f0ee58
f0a718
f05b44
f00bfa
efb9e6
ef6538
ef0d90
eeb244
ee52a4
edee56
ed8586
ed18fa
eca9fe
ec3a0e
ebca80
eb5c10
eaeeca
ea8230
ea15b8
e9a950
e93e04
e8d658
e87656
e82322
e7e22c
e7b7f6
e7a6f0
e7ae5c
e7c9d4
e7f158
e81a5c
e8395c
e843dc
e83254
e801a8
e7b3fe
e750a0
e6e318
e6799e
e62310
e5ecec
e5e160
e605f6
e65af2
e6db88
e77ec4
e838f0
e8fd52
e9bff6
ea7748
eb1d4e
ebb072
ec338e
ecad68
ed278a
edac90
ee4664
eefc86
efd306
f0c9f0
f1dd98
f30786
f43fac
f57df4
f6bb6a
f7f320
f9225a
fa4848
fb6570
fc7ad8
fd8972
fe91c2
ff93e4
008ffa
0186a4
02796c
036ace
045e10
055696
06571a
076100
0873e0
098d74
0aaa12
0bc54e
0cdabe
0de6ba
0ee6ca
0fd9bc
10bf74
11989c
126652
1329d6
13e468
14973a
15436e
15ea26
168c82
172b6e
17c776
1860a8
18f668
19878c
1a1294
1a961a
1b1124
1b8376
1bed64
1c4f86
1caa40
1cfd68
1d4804
1d886c
1dbcbc
1de388
1dfc66
1e086e
1e0a38
1e0588
1dfe94
1df90e
1df734
1df920
1dfcb4
1dfe06
1df838
1de6a6
1dc5ec
1d94b4
1d53e2
1d0638
1cafa6
1c546c
1bf846
1b9dc0
1b45f8
1af0b4
1a9cb0
1a4832
19f17a
199728
19386e
18d52e
186dde
18036c
179722
172aaa
16bfde
1658b8
15f700
159c00
154826
14fad6
14b244
146bc2
142434
13d8bc
13874c
132f16
12d0c2
126e42
120a68
11a846
114a7a
10f2b2
10a160
1055c4
100e4a
0fc92a
0f84fa
0f4112
0efda6
0ebba8
0e7c60
0e40fc
0e0a3e
0dd854
0daae0
0d8144
0d5afe
0d37e4
0d186a
0cfd8e
0ce8aa
0cdaf8
0cd526
0cd708
0cdf3c
0ceb5c
0cf836
0d0246
0d064e
0d01e4
0cf3ba
0cdbc8
0cbb36
0c9408
0c68b8
0c3bca
0c0f60
0be4f8
0bbd46
0b981a
0b7470
0b50a0
0b2ab2
0b0096
0ad07e
0a9920
0a59e0
0a12dc
09c4f6
0971ce
091b9a
08c4f8
0870ac
082134
07d880
0797a2
075e84
072be8
06fd72
06cfde
069f62
066848
062776
05db00
0582aa
052016
04b6b6
044b56
03e380
03848a
0332de
02f130
02c016
029dda
0286b4
027564
0263e0
024c56
0229f0
01f978
01b9b2
016b6a
011126
00aea8
004852
ffe276
ff80c0
ff25c0
fed29a
fe86fc
fe4150
fdfefe
fdbce2
fd77bc
fd2c9a
fcd946
fc7c8a
fc1662
fba802
fb339e
fabc44
fa455c
f9d238
f965b0
f901be
f8a740
f855e8
f80c4c
f7c81e
f7869a
f744e4
f7007e
f6b794
f66938
f6153e
f5bc2e
f55f12
f4ff48
f49e40
f43d68
f3ddee
f380ae
f32630
f2ce7e
f2793c
f225b0
f1d2cc
f17f46
f129c4
f0d11e
f074a4
f01460
efb130
ef4ca6
eee8de
ee8826
ee2c98
edd7d8
ed8ac2
ed456c
ed0734
eccf00
ec9b88
ec6bbc
ec3f0c
ec159e
ebf04e
ebd0aa
ebb8a6
ebaa54
eba78a
ebb186
ebc87e
ebeb4a
ec172c
ec47e0
ec77f6
eca18c
ecbf0a
eccc14
ecc630
ecad5a
ec83e8
ec4e18
ec1138
ebd274
eb95a4
eb5c6a
eb25ce
eaee92
eab1fe
ea6b36
ea1680
e9b232
e93f20
e8c07c
e83b00
e7b3e6
e72fba
e6b180
e63a24
e5c886
e55a0a
e4eb74
e479e2
e403a2
e38898
e30a1e
e28aae
e20d36
e1947c
e122aa
e0b926
e05880
e000ba
dfb180
df6a66
df2b48
def48c
dec750
dea590
de921e
de9092
dea500
ded380
df1f84
df8b10
e01606
e0bd98
e17c1c
e24964
e31be2
e3ea08
e4abe0
e55c8e
e5fb26
e68af2
e712d2
e79bfa
e8304a
e8d89a
e99b56
ea7b98
eb78e4
ec8f88
edb988
eeef8e
f02a02
f161bc
f29090
f3b19a
f4c176
f5be54
f6a818
f78070
f84ab4
f90ba2
f9c8e4
fa883a
fb4ea6
fc1fb4
fcfcd0
fde51e
fed5d0
ffcace
00bf92
01aff0
0298b6
0377da
044c60
051618
05d522
0689c0
07344e
07d570
086e38
090082
098efc
0a1d0a
0aae4a
0b45f4
0be608
0c8ece
0d3ebc
0df288
0ea5de
0f5420
0ff92e
1091e6
111c70
11984a
120618
126780
12bef4
130f78
135c80
13a9c8
13fb10
1453a4
14b5f0
1522e8
1599a0
161720
1696b2
17127e
17849c
17e852
183aec
187c4c
18aefa
18d786
18fb8c
19207c
194a8a
197bb8
19b37c
19eef0
1a2946
1a5cb0
1a8370
1a98c6
1a99ce
1a8608
1a5f9c
1a2b22
19ef34
19b386
197fa0
1959b4
194572
19431e
194f5e
19638a
1976e6
19802a
19778a
19584e
19220a
18d8de
1884be
182fb0
17e3ba
17a8cc
178318
177260
17724a
177b86
1785ce
1789ea
178336
17709c
1754a8
1734b8
1717a4
170436
16ffc0
170d46
172d26
175d56
1799e2
17ddb4
18235c
186588
189f64
18ccc8
18ea76
18f666
18efee
18d7f6
18b0f0
187e98
184570
1809f4
17cfc2
1798da
17655c
173378
16ffde
16c686
1683b4
1634cc
15d8ea
157102
14ff9a
14881c
140e20
139498
131d4e
12a8c2
123658
11c4aa
115202
10dcc4
1063b6
0fe628
0f63cc
0edc90
0e506a
0dbf3e
0d28ae
0c8c32
0be918
0b3ed4
0a8d24
09d458
091562
0851f2
078c4e
06c72c
06053e
0548d2
04937a
03e5be
033efa
029d5e
01fe56
015f0a
00bd10
001706
ff6d08
fec0e2
fe15c6
fd6fba
fcd2cc
fc4252
fbc04e
fb4d2e
fae7cc
fa8db4
fa3bb4
f9ee74
f9a2fc
f95724
f909ba
f8ba86
f86a12
f81976
f7ca1e
f77db4
f73602
f6f4f4
f6bc6a
f68df8
f66a92
f65244
f643da
f63cf6
f63a36
f637ca
f63226
f626c8
f614c2
f5fd26
f5e324
f5cb96
f5bc3c
f5bac0
f5cb90
f5f0f8
f62ab6
f675c0
f6ccc2
f72902
f78376
f7d5d6
f81b8e
f8527e
f87b1a
f89838
f8ae64
f8c2e4
f8daac
f8f978
f92124
f95168
f98822
f9c1d6
f9fa78
fa2e3a
fa5a48
fa7d1c
fa96be
faa88a
fab4b6
fabdb8
fac5ca
face82
fad898
fae3fe
faf01c
fafc10
fb0718
fb10a6
fb1860
fb1e14
fb217a
fb21fa
fb1e88
fb15b4
fb05dc
faed66
facb18
fa9e4e
fa6722
fa266a
f9dd94
f98e50
f93a46
f8e2d0
f888c6
f82c62
f7cd62
f76b3e
f70576
f69bcc
f62e5e
f5bd7c
f549aa
f4d372
f45b32
f3e0f0
f36460
f2e4d4
f26142
f1d84a
f1485c
f0afda
f00d6e
ef6056
eea854
ede5d0
ed19dc
ec4602
eb6c2e
ea8e66
e9ae8a
e8cdfc
e7ed72
e70ce0
e62b78
e54828
e46242
e379ee
e2908e
e1a8c6
e0c634
dfece4
df2096
de6400
ddb85a
dd1d28
dc9056
dc0ec0
db94f8
db205c
dab002
da4540
d9e396
d99008
d95006
d9280e
d91ab0
d927d2
d94ca8
d9847a
d9c9b8
da174c
da6a0e
dac1c2
db2160
db8eae
dc1110
dcaf98
dd6f12
de5066
df4faa
e06426
e181a4
e29a68
e3a170
e48cea
e5580e
e60402
e697e2
e71fe8
e7ab48
e849dc
e90990
e9f432
eb0dca
ec5424
edbf26
ef41f4
f0ccde
f24f86
f3bb10
f50410
f62410
f71a60
f7ebfa
f8a2d0
f94c4e
f9f734
fab194
fb86d0
fc7e0c
fd9976
fed670
002e20
0196d6
0305a0
046fd8
05cc52
07145a
08441e
095a86
0a58e2
0b425c
0c1b30
0ce850
0daee8
0e73f6
0f3be2
100a2c
10e0e4
11c03e
12a66e
138fa6
14768a
1554da
162462
16dfa8
1782c4
180bd2
187b16
18d2ee
191762
194da4
197b4c
19a5c6
19d198
1a01e8
1a3832
1a743c
1ab404
1af3e2
1b2eee
1b5f9c
1b8088
1b8d66
1b83e2
1b642e
1b3136
1af03a
1aa7f6
1a5f84
1a1d30
19e57a
19ba64
199b26
198454
197086
19592a
1937c6
1906fa
18c36c
186c56
1803b0
178dda
171122
16952c
162212
15bf7a
1573d4
15435e
152f6c
153638
1552f8
157e66
15afd6
15de70
160250
1615a2
161572
1601f2
15de70
15b0ea
158112
15570a
153a36
15301a
153b8a
155c5c
158f7a
15cf58
1614b4
165790
16902c
16b7ea
16ca18
16c480
16a776
1675b0
1633b8
15e72c
1595e4
154542
14f98a
14b584
147a6e
1447f0
141c4a
13f4ae
13cda2
13a358
13723c
133742
12f03c
129c28
123b78
11cff2
115caa
10e5b6
106faa
0fff08
0f97b0
0f3c42
0eedc8
0eaba0
0e7396
0e4252
0e13e2
0de45a
0db074
0d7600
0d341c
0ceb3e
0c9d26
0c4c74
0bfc58
0bb01e
0b6ab2
0b2e40
0afbda
0ad336
0ab29a
0a970c
0a7c96
0a5ed0
0a397c
0a0920
09cb9a
09807c
092908
08c7fa
0860fa
07f7da
078fc2
072a9c
06c8a6
06688a
0607b8
05a31a
0537ca
04c3d8
0446c4
03c1a8
03370c
02aa60
021f6a
01999e
011b92
00a6d4
003bea
ffda80
ff81c2
ff30c2
fee696
fea272
fe63a6
fe296a
fdf2a4
fdbdde
fd893c
fd52a6
fd182c
fcd85a
fc928e
fc4754
fbf862
fba86e
fb5ade
fb1352
fad510
faa27c
fa7ca6
fa6308
fa5370
fa4a56
fa4330
fa3926
fa27c0
fa0bb0
f9e35c
f9af2a
f97178
f92e3c
f8ea62
f8aaec
f87432
f84936
f82b3c
f819e4
f8136a
f81542
f81cc6
f827cc
f834ee
f8438e
f8538c
f864c8
f8769e
f8878c
f89512
f89bea
f898a6
f88854
f86942
f83b74
f800c0
f7bc9a
f77368
f729a8
f6e316
f6a1ec
f6666e
f62efe
f5f870
f5be9c
f57d38
f53096
f4d61c
f46ca8
f3f488
f36f2c
f2dece
f245fe
f1a726
f10452
f05f2e
efb900
ef12c6
ee6d5a
edc99c
ed286c
ec8ac6
ebf1a4
eb5dda
eacff4
ea47fc
e9c560
e946c0
e8ca20
e84d14
e7cd0c
e747de
e6bc20
e62996
e59162
e4f634
e45c0e
e3c7e2
e33ef2
e2c60c
e260bc
e210c0
e1d5b2
e1ad1a
e192c8
e1819c
e17436
e165ce
e152e8
e1399e
e119d8
e0f508
e0cdda
e0a780
e08532
e0698a
e05632
e04bda
e04a6c
e0515a
e05ffc
e075e6
e09310
e0b7e2
e0e508
e11b2a
e15a94
e1a2d8
e1f282
e2470e
e29d16
e2f0e2
e33f26
e385e6
e3c52e
e3ff8a
e43a0e
e47bda
e4cd20
e535ec
e5bc98
e66472
e72cb4
e80ffe
e904a2
e9fdca
eaed3e
ebc57e
ec7bfc
ed0ad2
ed71c8
edb686
ede3ba
ee0782
ee3152
ee6fca
eece98
ef54dc
f00474
f0d9fc
f1cd9a
f2d478
f3e266
f4eb82
f5e5d4
f6ca4e
f7956e
f8475e
f8e3bc
f970f4
f9f74c
fa7fc6
fb12ee
fbb7c0
fc72ea
fd4632
fe305e
ff2d94
003808
0148da
025908
036258
046006
054f20
062e98
06fee2
07c18c
0878ba
0926b6
09cd9e
0a6f60
0b0dd8
0baaea
0c489c
0ce8fe
0d8df6
0e38d4
0eea24
0fa144
105c32
1117b4
11cf94
127f1e
1321c2
13b3ca
1432ee
149eca
14f908
1544fe
158744
15c4ec
1602a2
1643f8
168ae0
16d750
172778
177802
17c4c8
180992
1842f4
186ef4
188d6c
18a016
18aa52
18b092
18b7ca
18c4be
18db70
18fea6
192f86
196d76
19b612
1a0564
1a5650
1aa338
1ae6be
1b1c8c
1b4204
1b56c2
1b5cbe
1b582c
1b4ec8
1b4704
1b46cc
1b5278
1b6be8
1b9210
1bc122
1bf32a
1c210e
1c43a0
1c54b2
1c4fe6
1c3314
1bfe70
1bb436
1b5854
1aefda
1a8074
1a0fe4
19a390
194028
18e936
18a0da
18674a
183ab0
181704
17f65e
17d160
17a02c
175b5c
16fd1e
16820a
15e9b4
1536b2
146e5e
139814
12bc2e
11e2ee
11136a
1052bc
0fa382
0f0594
0e7640
0df0b2
0d6eb0
0ce974
0c5a7a
0bbc66
0b0bc0
0a4780
097158
088d9e
07a2ea
06b95c
05d98e
050b8a
045592
03bb5a
033d8e
02d9aa
028a7e
0248ea
020d14
01cf7e
018a12
0138d6
00da46
006f34
fffa64
ff7fc4
ff03b8
fe8a7a
fe1786
fdad78
fd4de2
fcf976
fcb02a
fc7154
fc3bcc
fc0dea
fbe596
fbc05c
fb9ba4
fb750c
fb4ae2
fb1c8c
faeade
fab840
fa8870
fa6000
fa43a4
fa3748
fa3d56
fa561c
fa7fa8
fab5fa
faf3aa
fb32d0
fb6e02
fba158
fbcb0a
fbebd0
fc06ac
fc2074
fc3eec
fc67c2
fc9fac
fce978
fd459e
fdb20c
fe2a72
fea8d2
ff2660
ff9c88
0005f6
005f40
00a786
00e064
010db2
0134e2
015c22
018970
01c1a6
0207d8
025cf6
02bfa8
032ca2
039f0c
041124
047ce0
04dc8e
052b5a
0565b2
058996
0596ce
058ed4
0574ca
054d1c
051d0c
04ea02
04b8ee
048da4
046a46
044f06
043a18
0427fc
0413fc
03f8ee
03d1e0
039aac
03507a
02f1e8
027f02
01f904
016218
00bd02
000cd6
ff54c6
fe97d4
fdd8ac
fd196a
fc5b5a
fb9ecc
fae2f2
fa25fe
f96546
f89dae
f7cc1c
f6ee2a
f60274
f50914
f4038e
f2f4ae
f1e01e
f0c9d2
efb576
eea612
ed9db8
ec9d88
eba5d2
eab65c
e9cea4
e8ee10
e8143c
e740f4
e67476
e5af62
e4f2d6
e4406e
e39a24
e30220
e27a62
e2046c
e1a0c2
e14e8a
e10b88
e0d41a
e0a3c6
e075fa
e046f4
e01494
dfdef4
dfa88a
df75a2
df4b90
df2f98
df25b8
df2fd8
df4d68
df7b62
dfb4fc
dff496
e034d4
e07192
e0a876
e0d936
e1053c
e12f18
e159c6
e1880e
e1bc28
e1f790
e23b24
e28764
e2dc9c
e33b18
e3a30a
e4146a
e48eb2
e510a4
e5980e
e621d2
e6aa3c
e72d5e
e7a7ce
e81770
e87c04
e8d79c
e92ebc
e9881a
e9ebf8
ea633c
eaf63e
ebab88
ec8692
ed86dc
eea770
efdf38
f121d4
f26126
f38f4a
f4a08e
f58d30
f6529c
f6f3aa
f77832
f7ebd8
f85c16
f8d618
f964c4
fa0f00
fad6d6
fbb968
fcafae
fdafaa
feae12
ff9fe8
007bdc
013b50
01dae2
025a8c
02bd62
0308ee
03445e
03779e
03aa92
03e444
042a46
048042
04e7ba
055ff2
05e614
067586
070874
079884
081fac
0898f2
0900fa
09566c
0999fa
09ce30
09f6f6
0a18de
0a388e
0a5a24
0a80d8
0aaeb4
0ae4a8
0b22a6
0b67e2
0bb308
0c0264
0c53ee
0ca55c
0cf41e
0d3d9a
0d7f66
0db7ce
0de63e
0e0ba2
0e2a72
0e466c
0e6410
0e87c4
0eb516
0eee0c
0f32c2
0f818a
0fd76a
1030dc
108ab4
10e2d8
1138c0
118d38
11e1fe
1238f0
129332
12f09e
134f88
13acf2
140520
14546e
1497f0
14cdf2
14f638
1511da
1522dc
152bcc
152f2e
152f18
152d1a
152a2c
1526c4
152306
151ee8
151a22
151424
150bf0
15002e
14ef68
14d858
14ba44
149550
146a82
143ba2
140ada
13da2c
13ab0a
137e28
135356
13299c
12ffa0
12d400
12a5c0
1274a6
12412e
120c5a
11d768
11a356
11709e
113f22
110e64
10dddc
10ad54
107d2a
104e46
1021f6
0ff994
0fd618
0fb7c4
0f9df8
0f8744
0f7198
0f5abc
0f40b0
0f2208
0efe12
0ed4d0
0ea680
0e734a
0e3acc
0dfbfa
0db510
0d63f4
0d06be
0c9c38
0c245c
0ba092
0b13a4
0a816a
09ee5e
095eea
08d6bc
085850
07e492
077ace
0718d8
06bb62
065e84
05fe3a
059700
052638
04aa7c
0423e8
039418
02fdf6
02657a
01cf10
013f16
00b930
003fe0
ffd420
ff756c
ff21d6
fed670
fe8fca
fe4a6e
fe0370
fdb8b2
fd690a
fd1460
fcbb84
fc6000
fc03ee
fba9ba
fb53f4
fb0538
fabff8
fa8654
fa59e6
fa3b9c
fa2b7a
fa2892
fa3104
fa424c
fa5990
fa7422
fa8fe4
faab8e
fac6f0
fae2dc
fb00f2
fb234a
fb4c02
fb7cc2
fbb654
fbf864
fc4190
fc8f86
fcdf6c
fd2e4e
fd796c
fdbe86
fdfbfc
fe30d8
fe5cbe
fe7fd2
fe9a9c
feade0
feba84
fec172
fec386
fec182
febbee
feb300
fea692
fe95f6
fe8000
fe632c
fe3dd8
fe0e9a
fdd492
fd8fb6
fd40da
fce998
fc8c0a
fc2a5c
fbc674
fb61a0
fafc52
fa961e
fa2dd8
f9c1de
f95064
f8d7ca
f856f6
f7cd6a
f73b6a
f6a1fe
f602d6
f56050
f4bd5a
f41d52
f383aa
f2f398
f26fb2
f1f956
f1907c
f13376
f0df26
f08f5a
f03f88
efeb8c
ef905a
ef2c9a
eec0da
ee4f56
eddb90
ed699e
ecfd76
ec9a44
ec422c
ebf628
ebb624
eb8156
eb56a2
eb34be
eb1a6a
eb067c
eaf7d6
eaed56
eae5ec
eae0b4
eadd30
eadb7a
eadc70
eae1a0
eaed14
eb00f8
eb1f16
eb485e
eb7c98
ebba50
ebfef2
ec4732
ec8f8a
ecd4c0
ed143e
ed4c56
ed7c3e
eda3e8
edc3ce
eddcc0
edef98
edfd26
ee0630
ee0b6a
ee0d70
ee0ce8
ee0a6e
ee068a
ee01a2
edfbf4
edf596
edee9c
ede738
eddfe4
edd96c
edd4e6
edd3a0
edd6e4
eddfb2
edeeaa
ee03ec
ee1f0c
ee3f36
ee6358
ee8a60
eeb370
eede18
ef0a66
ef390a
ef6b48
efa2f0
efe22a
f02b54
f080bc
f0e460
f1578a
f1da86
f26c3c
f309fc
f3af76
f456fc
f4fa14
f5921e
f61960
f68bea
f6e848
f72ffe
f76790
f7961e
f7c462
f7fbac
f84460
f8a4b8
f91fc4
f9b4f4
fa600c
fb19d6
fbd936
fc947c
fd42c8
fddd5e
fe607c
fecbd4
ff227e
ff6a42
ffaab0
ffebe0
00354e
008cd6
00f604
0171e0
01fef8
0299e6
033e0e
03e67c
048eb0
053350
05d29e
066c6e
07020e
0795ba
082a02
08c13e
095d0c
09fe06
0aa3c6
0b4d34
0bf8d8
0ca582
0d5298
0e004c
0eaf92
0f61bc
1017e8
10d26c
119044
124ee6
130a4c
13bd82
146370
14f7b0
15776c
15e1be
1637dc
167cb6
16b450
16e2e6
170c24
17328c
175726
1779a0
1798ae
17b2b2
17c63e
17d28c
17d7a0
17d62a
17cf22
17c380
17b3c2
179fc2
1786be
176782
1740a2
1710da
16d734
169344
16451e
15ed5a
158ce4
1524e2
14b6b4
1443d6
13cdcc
135616
12de10
1266a8
11f03a
117a4a
110384
1089dc
100afa
0f84b0
0ef59c
0e5d96
0dbde6
0d1934
0c731a
0bcf8e
0b323a
0a9de6
0a141a
099508
091fc6
08b2b4
084c00
07ea06
078b88
072fb2
06d5d6
067d1c
062434
05c964
056a96
0505e6
049a14
0426fa
03adda
03315c
02b534
023d80
01ce1c
0169dc
011206
00c61a
008400
004878
000fc6
ffd672
ff99ce
ff5854
ff11d4
fec74e
fe7ab8
fe2eae
fde624
fda416
fd6b58
fd3e58
fd1efa
fd0e68
fd0cfc
fd1a20
fd343e
fd58ec
fd8520
fdb586
fde6f0
fe16b8
fe430a
fe6b16
fe8f08
feafd4
fecef4
feee30
ff0f5e
ff343c
ff5e66
ff8f46
ffc806
000990
00544c
00a818
01041a
0166b4
01cd92
0235d0
029c68
02fe7c
0359c0
03acd2
03f752
0439d4
0475a8
04ac82
04e014
0511ba
054242
0571dc
05a02a
05cc4c
05f508
0618f6
0636ae
064cec
065ab2
065f7a
065b54
064ef2
063bb4
062392
0608c6
05ed96
05d3ce
05bc6e
05a748
0592f6
057cf6
056208
053eb6
050ff2
04d39a
0488ca
042fe4
03ca60
035a70
02e282
0264cc
01e2fc
015e08
00d630
004b3a
ffbc9e
ff29d2
fe9282
fdf68e
fd5620
fcb182
fc090e
fb5d18
faadf2
f9fbee
f94774
f89106
f7d93e
f720ba
f66800
f5af6e
f4f730
f43f56
f387ec
f2d132
f21bd4
f16902
f0ba78
f0123a
ef7256
eedc6a
ee513e
edd090
ed5900
ece85a
ec7c16
ec11f8
eba8a8
eb401e
ead9cc
ea7856
ea1f0e
e9d142
e9916e
e960ba
e93eb2
e92966
e91de6
e918f4
e917be
e9189c
e91b48
e920f0
e92be6
e93f02
e95d08
e98804
e9c0e0
ea074a
ea59cc
eab610
eb1956
eb80d6
ebea1c
ec533e
ecbb08
ed20fc
ed853a
ede880
ee4bf4
eeb0ec
ef18c0
ef8480
eff4cc
f0699e
f0e244
f15d76
f1d992
f25512
f2cede
f346aa
f3bd1a
f433a2
f4ac2c
f528a6
f5aa6c
f631e6
f6be52
f74dd6
f7dddc
f86b7c
f8f40e
f975a2
f9ef30
fa6086
faca18
fb2c9c
fb88a0
fbde5e
fc2d96
fc75bc
fcb62e
fcee7a
fd1e74
fd4648
fd6656
fd7ef4
fd904a
fd9a2c
fd9c2c
fd95bc
fd8680
fd6e8a
fd4e80
fd278a
fcfb26
fccaca
fc979e
fc6258
fc2b3a
fbf25e
fbb816
fb7d50
fb43ce
fb0e10
faded4
fab87e
fa9c2c
fa8924
fa7c68
fa70f6
fa6086
fa44aa
fa1826
f9d812
f984a2
f92148
f8b44a
f845c4
f7de5e
f7861a
f74336
f7198e
f70a74
f714ec
f73632
f76a48
f7ac92
f7f842
f848a6
f8996c
f8e6f2
f92e9c
f96f30
f9a932
f9df1c
fa1548
fa5182
fa9a40
faf5b2
fb68b6
fbf5fc
fc9d72
fd5c48
fe2d58
ff09e4
ffea9a
00c894
019e34
026794
0322b8
03cf68
046eba
0502b8
058de4
0612e0
06943c
071450
079518
081810
089e2a
09279e
09b3ca
0a413c
0acdca
0b56ca
0bd970
0c531a
0cc1c4
0d2434
0d7a26
0dc452
0e0436
0e3be6
0e6dd0
0e9c60
0ec9d2
0ef7f6
0f27fc
0f5a5a
0f8ec8
0fc456
0ff98c
102cac
105c10
108668
10ab24
10ca86
10e5aa
10fe56
11168c
113024
114c62
116ba4
118d58
11b014
11d1e8
11f0cc
120b08
121f8e
122e1a
12372c
123bc0
123cf8
123bc6
1238ae
123390
122bc6
122040
120fb2
11f8d2
11da6e
11b398
11839e
114a0a
1106a6
10b964
106282
100296
0f9aa8
0f2c5c
0eb9cc
0e457a
0dd1fe
0d61b2
0cf650
0c908e
0c2ff4
0bd2d0
0b765a
0b1718
0ab16e
0a4238
09c760
094060
08ae62
081436
0775f0
06d858
064016
05b110
052dc6
04b712
044c20
03eabc
038fe4
03384e
02e10a
0287da
022b78
01cb94
0168ae
0103de
009e9c
003aa2
ffd9da
ff7e66
ff2aa4
fee10c
fea40a
fe75ae
fe5740
fe48fa
fe49d0
fe578a
fe6efc
fe8c90
feacd4
feccf6
feeb2c
ff06c8
ff2012
ff37fa
ff4f9a
ff67d8
ff8128
ff9b7a
ffb65c
ffd138
ffeb96
00054a
001e8a
0037c2
005170
006bcc
00869c
00a10a
00b9d4
00cf80
00e090
00ebd6
00f082
00ee3c
00e4f6
00d4cc
00bdd8
00a00a
007b2a
004eea
001b0e
ffdfac
ff9d3c
ff54bc
ff0784
feb724
fe6516
fe1268
fdbf94
fd6c62
fd17ee
fcc0d6
fc6564
fc03f4
fb9b34
fb2a70
fab1cc
fa3262
f9ae34
f92816
f8a352
f82354
f7ab2a
f73d14
f6da1e
f68206
f63332
f5eafa
f5a62a
f56192
f51a96
f4cfa8
f48072
f42dd4
f3d992
f385de
f334da
f2e832
f2a0e0
f25f36
f22312
f1ec28
f1ba4c
f18da8
f1669e
f145ba
f12b6a
f117b6
f10a16
f10182
f0fcac
f0fa56
f0f9c6
f0fb14
f0ff40
f10814
f117b4
f1301e
f1528a
f17f1c
f1b4b2
f1f120
f23198
f27348
f2b3e0
f2f208
f32d7c
f366e4
f39f6c
f3d856
f4127c
f44dfe
f48a3e
f4c608
f4fff2
f536c2
f569c6
f5990e
f5c54c
f5efac
f61964
f6435e
f66e02
f69922
f6c410
f6edf0
f715fa
f73bc4
f75f7a
f781dc
f7a43e
f7c84c
f7efd0
f81c7c
f84fac
f88a6c
f8cd6c
f91900
f96d3a
f9c9c0
fa2dd0
fa982c
fb0724
fb78aa
fbea80
fc5a78
fcc6c0
fd2e16
fd8fe4
fdec38
fe43ae
fe9708
fee6fc
ff33c2
ff7cfc
ffc19e
000022
0036d2
00643a
00877c
00a09a
00b084
00b90a
00bc9a
00bde4
00bf68
00c332
00ca88
00d5ce
00e47c
00f550
010684
011610
0121ec
012858
012808
012038
0110ba
00f9dc
00dc60
00b950
0091f4
0067a8
003bd0
000fcc
ffe4fa
ffbcb4
ff9868
ff7990
ff619c
ff51d2
ff4b0c
ff4d8c
ff58c8
ff6b62
ff8346
ff9de8
ffb8aa
ffd15a
ffe696
fff824
000708
001560
002608
003bea
005980
00802c
00aff4
00e768
0123dc
0161ea
019dfc
01d4f2
02048c
022bc0
024aaa
02627c
027518
0284c6
0293da
02a478
02b850
02d09e
02ee0a
0310b4
033822
036352
0390c2
03be72
03ea32
0411d4
043384
044e16
04613a
046d6e
0473de
047602
047556
0472fe
046f88
046ae8
04649e
045be0
04500e
0440ee
042eda
041ac4
0405f4
03f1ba
03df08
03ce2c
03bec8
03afdc
03a01c
038e48
037980
036174
03467c
032968
030b42
02ed02
02cf54
02b280
02966a
027ad6
025faa
02453a
022c4a
021610
0203e0
01f6c6
01ef18
01ec20
01ec16
01ec44
01e992
01e12a
01d114
01b8ba
01990a
017456
014dc4
0128a2
010788
00ebb2
00d4a8
00c03a
00ab0e
009168
007006
004516
0010ae
ffd4ec
ff959e
ff578c
ff1f8c
fef19a
fed028
febbb6
feb2de
feb2e0
feb84e
fec002
fec7c4
fececa
fed5d2
fededc
feecb0
ff0224
ff2178
ff4bd2
ff8100
ffbf8c
00050c
004e94
009966
00e354
012b26
0170b2
01b4dc
01f958
024054
028c0a
02de66
0338c6
039bba
040716
0479f2
04f2ea
05702e
05efb0
066f5e
06ed28
07671c
07db80
0848d6
08add6
09098a
095b50
09a2f8
09e0c0
0a1566
0a421c
0a6862
0a89ca
0aa7d8
0ac3b0
0ade08
0af716
0b0e8e
0b23c0
0b35d2
0b43e6
0b4d3c
0b514a
0b4fce
0b48a2
0b3bb6
0b28ec
0b100a
0af0ac
0aca60
0a9cbe
0a6770
0a2a56
09e574
0998e0
0944ae
08e8ce
0884f4
0818a6
07a344
072436
069afa
060754
05695c
04c17c
041074
035722
029692
01cfc6
0103d6
0033e2
ff612a
fe8cfc
fdb8bc
fce5ac
fc14c2
fb4682
fa7aea
f9b18c
f8e9ac
f822b8
f75c8c
f697ba
f5d5c4
f518e8
f463c8
f3b8e6
f31a12
f287de
f2017e
f184d0
f10eda
f09c66
f02adc
efb8d2
ef467c
eed5ca
ee69fa
ee06fe
edb0b0
ed6a0e
ed34a6
ed1060
ecfba6
ecf3b4
ecf53e
ecfd0a
ed086e
ed15a8
ed240c
ed33da
ed4618
ed5c3e
ed77ea
ed9aa8
edc5da
edfaa0
ee39d6
ee840a
eed970
ef39e0
efa4c4
f01918
f09564
f117da
f19e7a
f22736
f2b026
f337a2
f3bc6a
f43dc4
f4bb90
f5364a
f5af12
f627a6
f6a242
f72170
f7a7ca
f83794
f8d26c
f978f6
fa2aa8
fae5c2
fba768
fc6c08
fd2fe2
fdef78
fea822
ff584a
ffff8a
009e92
0136e0
01ca68
025b1e
02eaa0
037a02
0409b2
049974
052890
05b5ee
06404a
06c64c
0746a6
07c01e
0831ae
089a8c
08fa32
09505a
099cfa
09e038
0a1a4c
0a4b6a
0a73ae
0a9326
0aa9da
0ab7de
0abd6e
0abaee
0ab10a
0aa094
0a8a4a
0a6eb6
0a4e02
0a27d8
09fb80
09c806
098c8c
09487e
08fbe6
08a782
084cae
07ed22
078a9e
072684
06c188
065baa
05f442
058a56
051d12
04ac3c
04388a
03c3d4
0350d2
02e2dc
027d42
0222b8
01d4d0
0193bc
015e4a
013244
010d08
00ec42
00ce76
00b376
009c74
008bb2
0083ee
0087b2
009892
00b6ae
00e082
01130e
014a76
0182b2
01b84c
01e8f2
0213d4
023994
025bde
027cdc
029e8c
02c22e
02e800
030f2a
0335e4
0359f6
03791c
03917c
03a1fa
03aa40
03aad8
03a4e6
039a00
038bdc
037c1a
036c0e
035c9e
034e36
0340c4
0333bc
032634
03171c
03057a
02f0a2
02d87a
02bd88
02a0ec
028442
026940
025184
023e24
022f9c
0225c0
021fde
021d10
021c94
021e12
0221b8
022830
023260
02410c
025486
026c6c
02879a
02a44c
02c07a
02da50
02f088
0302a8
03111c
031d08
0327d2
0332ca
033e92
034af2
0356bc
036006
036478
0361c8
035618
034050
03203a
02f66e
02c406
028a6e
024b04
0206f8
01bf2e
01744c
0126d4
00d738
0085ec
003362
ffdfee
ff8ba4
ff3642
fedf26
fe855a
fe27ca
fdc58e
fd5e14
fcf160
fc8022
fc0b98
fb9554
fb1f10
faaa52
fa3848
f9c9a6
f95eaa
f8f738
f89300
f831b0
f7d302
f776e4
f71d76
f6c702
f67404
f62536
f5db80
f59804
f55c1a
f52940
f500ea
f4e470
f4d4c4
f4d25e
f4dd20
f4f458
f516f8
f543b6
f57952
f5b6c4
f5fb6e
f64704
f69984
f6f30a
f753a0
f7bb16
f828f2
f89c70
f91490
f99044
fa0e88
fa8e8e
fb0fb4
fb918c
fc13b8
fc95f0
fd17d4
fd98e6
fe1892
fe962c
ff1104
ff886c
fffbce
006a98
00d446
013868
019698
01ee90
024022
028b60
02d090
031022
034aa2
03807c
03b1e2
03dea4
04062e
04277c
044152
045276
0459fe
045780
044b38
0435f8
04190a
03f5e6
03cde8
03a20e
0372ce
03401a
030988
02ce90
028ee0
024a86
02021e
01b6cc
016a04
011d34
00d17a
00875c
003e9e
fff664
ffad50
ff61cc
ff1274
febe5e
fe653a
fe076a
fda5d4
fd4190
fcdb96
fc748e
fc0c98
fba34a
fb37ec
fac9c2
fa5858
f9e3f8
f96dc8
f8f7c4
f884a0
f8177c
f7b362
f75ad8
f70f8e
f6d218
f6a202
f67df8
f66402
f651fc
f645e4
f63e3a
f63a1e
f63966
f63c94
f6449e
f652bc
f66828
f685ee
f6acb2
f6dc8e
f714fe
f754e2
f79a94
f7e404
f82f08
f8799c
f8c222
f90792
f9499a
f98880
f9c4fe
f9ffee
fa3a0e
fa73b2
faacac
fae468
fb1a26
fb4d46
fb7d9e
fbabb0
fbd8c2
fc06bc
fc37d0
fc6e0e
fcab10
fcef9e
fd3bb0
fd8e8a
fde714
fe4422
fea4da
ff08d8
ff7026
ffdb0a
0049c6
00bc38
0131a8
01a8e2
022054
02965c
0309c0
037a06
03e786
045348
04bebc
052b34
059962
060914
0678f6
06e6c8
074fc8
07b136
0808fa
085608
089898
08d200
090470
093262
095e12
098922
09b446
09df70
0a0a06
0a333a
0a5a68
0a7f78
0aa2e0
0ac584
0ae88e
0b0cf4
0b3318
0b5a98
0b8244
0ba838
0bca2e
0be602
0bfa08
0c056a
0c087a
0c04a6
0bfc44
0bf252
0bea0e
0be67a
0be9f8
0bf60c
0c0b14
0c2850
0c4bfc
0c738a
0c9be6
0cc204
0ce32c
0cfd58
0d0f8a
0d19d4
0d1d36
0d1b6a
0d1694
0d10ca
0d0bae
0d082a
0d0650
0d055c
0d03ee
0d005c
0cf912
0cecd0
0cdaea
0cc358
0ca692
0c8570
0c60ec
0c39f6
0c1154
0be78e
0bbce6
0b9170
0b6520
0b37c6
0b0924
0ad8d0
0aa64e
0a7100
0a3836
09fb3a
09b978
097298
09269a
08d5c4
0880a4
0827d4
07cbe0
076d2c
070be2
06a7f8
06415c
05d812
056c54
04febe
049046
042206
03b51c
034a7a
02e2ba
027e06
021c1e
01bc9a
015f04
010312
00a8ba
005024
fff9ae
ffa5b2
ff546c
ff05e4
feb9ee
fe7058
fe2924
fde4ac
fda3c8
fd67a0
fd315a
fd01d0
fcd90a
fcb5f8
fc9666
fc7738
fc54e6
fc2c14
fbfa6c
fbbf16
fb7ae4
fb3036
fae282
fa9572
fa4c20
fa086c
f9ca80
f990ee
f95922
f91ffc
f8e29e
f89f00
f8546e
f8037c
f7add4
f755b6
f6fd5c
f6a692
f6525a
f60102
f5b248
f565c6
f51b4c
f4d338
f48e92
f44ef6
f4165e
f3e6b2
f3c18e
f3a7ee
f399f8
f39700
f39d9e
f3abe8
f3bfa8
f3d6c4
f3ef6e
f40872
f4215e
f43aaa
f455a0
f47448
f49920
f4c6ca
f4ffaa
f5457e
f598f4
f5f98c
f6659c
f6da82
f754ec
f7d16c
f84ce2
f8c4d4
f937c4
f9a52c
fa0d5e
fa714c
fad236
fb3146
fb8f6c
fbed20
fc4a6e
fca710
fd0296
fd5c72
fdb438
fe09a6
fe5c90
feace6
fefaa0
ff45aa
ff8dd4
ffd2fa
001504
0053e2
008fa8
00c8a6
00ff34
0133aa
01664c
019730
01c63e
01f320
021d46
0243f8
026666
0283a0
029aae
02aa82
02b1e8
02af98
02a236
02888c
0261a2
022cf6
01eabc
019bdc
0141da
00deb6
0074ac
0005de
ff9410
ff2078
feabaa
fe35a8
fdbe10
fd4468
fcc83c
fc4958
fbc7e8
fb445c
fabf54
fa3986
f9b3b4
f92e88
f8aab2
f82900
f7aa42
f72f48
f6b8e4
f647b2
f5dc02
f575b2
f5142e
f4b686
f45ba4
f402aa
f3ab30
f35568
f30254
f2b38c
f26ad8
f229dc
f1f18c
f1c1ea
f199ea
f1779c
f15894
f13a7a
f11bb2
f0fbd0
f0dbd0
f0be06
f0a5b6
f09684
f093c2
f09fc4
f0bb7c
f0e660
f11e98
f16174
f1ac02
f1fb9a
f24e6c
f2a3b0
f2fbb4
f35782
f3b88a
f42036
f48f88
f506f2
f58640
f60cc8
f69994
f72bca
f7c2d6
f85e94
f8ff5a
f9a5e2
fa5302
fb0758
fbc320
fc85ec
fd4e92
fe1b3e
fee998
ffb716
008140
01462e
0204c8
02bcec
036f86
041e66
04cbf6
057ab6
062cbe
06e35c
079eb8
085da2
091dc6
09dbe2
0a944c
0b4362
0be60e
0c7a34
0cfeee
0d747a
0ddc36
0e3848
0e8b4e
0ed7f4
0f20a6
0f6750
0fad08
0ff208
10358c
1075f2
10b0e2
10e39a
110b48
112582
1130a6
112c18
11186e
10f758
10cb5a
109756
105e14
1021de
0fe3fe
0fa4aa
0f6326
0f1dfa
0ed368
0e81d4
0e2828
0dc60a
0d5bfc
0ceb36
0c756e
0bfca6
0b82fc
0b0a7a
0a94fe
0a242a
09b966
0955c0
08fa06
08a69c
085b6c
0817f8
07db7a
07a520
077434
074876
07223e
07027c
06ea98
06dc2c
06d880
06e02c
06f2dc
070f18
073280
075a16
0782ba
07a9b4
07cd1c
07ec0e
0806a8
081de0
08330e
08478c
085c4e
0871a2
088720
089bcc
08ae5e
08bd88
08c842
08cde8
08ce60
08c9da
08c0c2
08b39a
08a2c8
088e84
0876e6
085bf2
083db2
081c52
07f83e
07d1fa
07aa1a
078126
075782
072d60
0702b0
06d73c
06aace
067d50
064ecc
061f98
05f044
05c18e
05944e
056970
0541de
051e70
04fff4
04e736
04d4e8
04c992
04c576
04c87c
04d20c
04e11c
04f41a
050928
051e4e
0531c0
05420e
054e4e
055626
0559a6
055932
055544
054e2a
0543fc
053696
0525a8
0510da
04f7ea
04daca
04b9a0
0494d4
046ce0
044238
041546
03e63c
03b514
0381b6
034be0
03134c
02d7ac
0298b8
02560c
020f44
01c3f2
0173c2
011e8a
00c45e
0065a4
000312
ff9d8c
ff35e6
feccce
fe6290
fdf70a
fd89c6
fd1a1c
fca772
fc3196
fbb8de
fb3e40
fac340
fa49a0
f9d314
f960f4
f8f402
f88c56
f8298e
f7cafc
f7700e
f71898
f6c4ec
f675e6
f62cce
f5eb02
f5b1c8
f58202
f55c36
f5408e
f52f1a
f527fe
f52b9a
f53a90
f55582
f57cda
f5b06c
f5ef1a
f636bc
f6844e
f6d43a
f722ea
f76d60
f7b1d2
f7efd4
f82870
f85dca
f8929c
f8c98a
f904a0
f944ca
f989be
f9d218
fa1bbc
fa643a
faa956
fae964
fb2388
fb57c4
fb86ea
fbb264
fbdc06
fc05d6
fc31e2
fc6204
fc97ae
fcd3c4
fd165a
fd5e92
fdaa94
fdf78e
fe4206
fe8636
fec092
feee34
ff0d60
ff1daa
ff1ffa
ff1658
ff038e
feea9c
fece5c
feb11e
fe9478
fe794e
fe5fe6
fe4810
fe3140
fe1aa4
fe0336
fde9ae
fdcc8e
fdaa24
fd80d0
fd4f2e
fd1462
fcd058
fc83e2
fc30a0
fbd8d8
fb7f10
fb2590
face08
fa7930
fa26a8
f9d520
f982a8
f92d10
f8d26a
f87160
f8098e
f79b8c
f728ec
f6b3f0
f63f62
f5ce24
f562ee
f50020
f4a784
f45a2c
f41876
f3e202
f3b5be
f39220
f37550
f35d62
f348ae
f3361a
f3253e
f31682
f30b06
f3046e
f30478
f30cb8
f31e2a
f338ec
f35c30
f38654
f3b522
f3e628
f41718
f44628
f47248
f49b3a
f4c19e
f4e6bc
f50c62
f53492
f56146
f59438
f5ce9e
f6110e
f65b5c
f6ac98
f70332
f75d2a
f7b856
f812d6
f86b6c
f8c1ca
f916b6
f96c00
f9c436
fa222c
fa8872
faf8da
fb7408
fbf956
fc86fc
fd1a66
fdb0b0
fe4738
fedc00
ff6df0
fffcd8
008930
0113c2
019d40
022616
02ae24
0334ea
03b9a4
043b9a
04ba4c
0535a2
05adde
062372
0696d0
07082a
077746
07e386
084c04
08afbe
090de4
09661a
09b88c
0a05ee
0a4f56
0a9602
0adb00
0b1f0e
0b6264
0ba4b8
0be54e
0c2326
0c5d2e
0c9266
0cc210
0cebb0
0d0f24
0d2c9c
0d44a4
0d5826
0d686c
0d7718
0d8606
0d9730
0dac58
0dc6d4
0de758
0e0dd0
0e3940
0e6814
0e9838
0ec78e
0ef444
0f1d0c
0f4142
0f60f6
0f7cbc
0f9566
0fabc2
0fc05a
0fd35a
0fe482
0ff342
0ffede
100692
1009bc
1007ec
1000f0
0ff4e2
0fe42e
0fcf78
0fb7b0
0f9e08
0f83de
0f6a92
0f5364
0f3f24
0f2df0
0f1f2c
0f115c
0f025e
0eefae
0ed6dc
0eb5ec
0e8bc4
0e5856
0e1c8a
0dda12
0d92f2
0d4908
0cfdaa
0cb15a
0c63b2
0c13a0
0bbfb0
0b666e
0b06d0
0aa074
0a33b0
09c18c
094b92
08d380
085b18
07e3ea
076f2e
06fdc2
069046
062708
05c21c
05617a
0504ec
04ac20
0456ac
040426
03b446
0366fc
031c78
02d53e
02920c
0253ba
021afa
01e82c
01bb34
019364
016f80
014dde
012cac
010a22
00e4cc
00bbae
008e5c
005ce0
0027a6
ffef46
ffb45e
ff7766
ff38b0
fef856
feb650
fe7284
fe2cd8
fde52a
fd9b7c
fd4fca
fd0204
fcb216
fc5ff4
fc0ba2
fbb54a
fb5d5e
fb0480
faab9e
fa53d6
f9fe6c
f9acaa
f95fb2
f9188e
f8d81e
f89f1c
f86e16
f84570
f8256a
f80dec
f7fe7c
f7f630
f7f3be
f7f59a
f7fa4e
f800e6
f80938
f81436
f82404
f83ba2
f85e7c
f88fba
f8d18a
f92470
f98710
f9f624
fa6cfe
fae65c
fb5d58
fbce30
fc3708
fc9816
fcf352
fd4c02
fda5ca
fe03c8
fe67f0
fed292
ff4252
ffb486
0025b8
009246
00f702
0151ac
01a10e
01e51e
021ec4
024f9a
0279c4
029f90
02c354
02e746
030d34
03365c
036352
0393e0
03c6e4
03fa8c
042c7e
045a36
04815a
04a028
04b5a8
04c1c8
04c540
04c134
04b702
04a7d8
04945a
047c98
046022
043e20
041594
03e5aa
03adda
036dec
032604
02d680
027fe2
0222b2
01bf80
0156f2
00e9ee
00798e
000728
ff9444
ff2250
feb26a
fe451c
fdda22
fd707a
fd069a
fc9ab2
fc2b1a
fbb6da
fb3de2
fac13c
fa42e4
f9c56e
f94b88
f8d782
f86ad8
f80600
f7a864
f75096
f6fca2
f6aaa0
f658e6
f60648
f5b250
f55d08
f506b2
f4afb4
f45856
f40096
f3a85c
f34fa6
f2f6ae
f29e18
f24724
f1f390
f1a568
f15ed0
f1219a
f0eefa
f0c768
f0aa8a
f09734
f08bca
f0868c
f085f0
f088f2
f08f58
f099ba
f0a954
f0bfee
f0df6c
f10966
f13ed8
f17fea
f1cbca
f220dc
f27cfc
f2dde8
f341b4
f3a744
f40e82
f4785c
f4e6b6
f55be6
f5da2e
f66334
f6f796
f796aa
f83e88
f8ec54
f99cc2
fa4c94
faf91e
fba0b6
fc42c8
fcdfc2
fd78d4
fe0f98
fea5a4
ff3c4c
ffd45e
006e14
01092c
01a50c
0240c4
02db3e
03735a
0407e6
0497b2
0521d0
05a594
0622b6
069974
070a96
077746
07e0cc
08484e
08ae72
091324
097584
09d3f0
0a2c42
0a7c48
0ac214
0afc62
0b2ac4
0b4da2
0b65f6
0b7522
0b7c7e
0b7d24
0b77be
0b6c94
0b5b9a
0b4498
0b275e
0b03d6
0ada02
0aa9fe
0a73e4
0a37b8
09f57e
09ad54
095f9e
090d24
08b752
08601a
0809c6
07b6c2
076918
07220c
06e206
06a86e
0673e2
06429c
06130e
05e43c
05b62a
058a04
0561d6
05402a
052790
0519f0
05181e
0521ae
053508
054fac
056eca
058fca
05b0b8
05d08e
05ef46
060daa
062cde
064e12
067204
0698cc
06c1c2
06eba4
0714c2
073b6a
075e34
077c44
07956c
07aa22
07bb60
07ca6e
07d896
07e6ea
07f614
08063e
081710
0827b6
08370a
0843cc
084cb8
0850c0
084f44
08480a
083b5a
0829e8
0814c0
07fd16
07e412
07cab4
07b1c4
0799b2
0782be
076d18
0758f6
0746bc
073720
072b12
072398
0721b0
072612
0730ee
0741e8
075816
077210
078e38
07aaf4
07c6ec
07e12c
07f936
080ef6
082294
083450
08445a
08529e
085eca
086852
086e82
08709c
086df8
086602
085852
08449e
082ab4
080a7e
07e410
07b7ae
0785e0
074f7e
0715ae
06d9b6
069cd8
06600e
0623d0
05e7f2
05ab9a
056d62
052b8e
04e470
0496b6
0441a8
03e540
038224
03195e
02ac1a
023b5c
01c7be
01516c
00d82e
005ba0
ffdb78
ff57b0
fed0b6
fe4754
fdbca6
fd31d0
fca7d8
fc1f7e
fb9942
fb156a
fa9442
fa1638
f99c04
f926a4
f8b748
f84f2a
f7ef58
f79896
f74b50
f707b2
f6cdd0
f69dce
f67808
f65d12
f64d9e
f64a42
f6532c
f667fc
f6879a
f6b050
f6e012
f714c8
f74ca6
f7867e
f7c1d0
f7fec0
f83de0
f87fe4
f8c550
f90e4e
f95a94
f9a974
f9fa02
fa4b4c
fa9c72
faecc2
fb3bc6
fb8926
fbd49e
fc1df8
fc6526
fcaa30
fced68
fd2f5c
fd70da
fdb2bc
fdf5be
fe3a38
fe7ffe
fec640
ff0bb4
ff4eca
ff8dfa
ffc81a
fffc90
002b54
0054e0
0079d8
009ab4
00b78e
00cff2
00e2e8
00ef42
00f3e0
00f022
00e428
00d0ea
00b818
009bc4
007dfa
006046
004362
002702
0009e2
ffea0a
ffc534
ff9942
ff6498
ff266c
feded4
fe8eb6
fe378a
fddb12
fd7afc
fd18ac
fcb510
fc5092
fbeb12
fb841e
fb1b0e
faaf38
fa401c
f9cd84
f95792
f8dec6
f863ee
f7e814
f76c6a
f6f228
f67a8e
f606ca
f597ec
f52ef4
f4ccc6
f47228
f41fc6
f3d624
f39594
f35e24
f32f92
f30944
f2ea4c
f2d174
f2bd58
f2ac88
f29dc4
f2900e
f282d6
f2760c
f26a24
f25ffe
f258d4
f255f2
f258a0
f261dc
f27246
f28a10
f2a902
f2ce92
f2fa12
f32ac8
f36014
f39994
f3d70a
f4186a
f45db8
f4a6f4
f4f404
f544b0
f598a8
f5ef8a
f64910
f6a510
f70394
f764d0
f7c91a
f830cc
f89c2a
f90b42
f97de8
f9f3ac
fa6bf6
fae60a
fb6144
fbdd1a
fc593c
fcd58c
fd5208
fdcec8
fe4bda
fec924
ff4666
ffc334
003ef6
00b900
0130b4
01a582
02170a
02851a
02efac
0356e6
03bafe
041c26
047a8a
04d634
052f02
0584b8
05d706
06259c
06704c
06b71e
06fa60
073ab4
0778ee
07b606
07f2d2
082ff0
086d82
08ab30
08e826
09233e
095b46
098f54
09bf04
09eaba
0a13a2
0a3b96
0a64d2
0a9188
0ac384
0afbd8
0b3a98
0b7ee6
0bc710
0c10f0
0c5a42
0ca112
0ce400
0d2268
0d5c58
0d9276
0dc5a8
0df6d8
0e26ac
0e5552
0e827c
0ead50
0ed49e
0ef70e
0f134c
0f2850
0f358a
0f3afe
0f3946
0f318e
0f255e
0f1672
0f0678
0ef6bc
0ee812
0eda94
0ecdbe
0ec08c
0eb1ac
0e9fe2
0e8a38
0e704e
0e524a
0e30ce
0e0cca
0de710
0dc026
0d9808
0d6e16
0d4138
0d1016
0cd96e
0c9c64
0c58b6
0c0ec8
0bbf88
0b6c36
0b1612
0abe2e
0a6532
0a0b6c
09b0e6
09559e
08f9b6
089da4
08423e
07e8a8
079214
073fa4
06f218
06a9ba
066656
06274e
05ebd0
05b31a
057ca6
05484c
05165e
04e790
04bcc6
0496dc
047676
045bc8
044666
043550
0426f4
04195c
040a70
03f834
03e122
03c444
03a166
037904
034c22
031c06
02e9d8
02b660
0281cc
024baa
021304
01d6a6
01958e
014f30
0103c6
00b452
006280
001046
ffbf76
ff714e
ff262c
fedd72
fe95c4
fe4d54
fe0274
fdb40a
fd61f0
fd0d1a
fcb766
fc6348
fc1350
fbc99a
fb876c
fb4cf8
fb197c
faeb72
fac122
fa9916
fa7290
fa4dc6
fa2bfe
fa0f48
f9fa26
f9eefa
f9efaa
f9fd22
fa1736
fa3cb4
fa6b88
faa148
fadb88
fb185e
fb569a
fb95ec
fbd6ca
fc1a2c
fc6136
fcace0
fcfda4
fd535c
fdad34
fe09c6
fe674a
fec3de
ff1dc8
ff73a8
ffc490
001022
00567e
009838
00d63a
0111b0
014bce
0185ba
01c062
01fc4a
023986
0277a0
02b5aa
02f25c
032c3a
0361e6
03924c
03bcd8
03e184
0400d4
041ba2
0432e8
044776
0459c0
0469c0
0476ec
048058
0484e4
048372
047b18
046b42
0453aa
043460
040d92
03df82
03aa68
036e70
032bb6
02e276
02930e
023e10
01e436
018656
012532
00c158
005b08
fff226
ff8642
ff16ca
fea33a
fe2b5e
fdaf70
fd3036
fcaee6
fc2cf0
fbabc2
fb2c7e
faafc0
fa3580
f9bd16
f9457a
f8cd74
f853f6
f7d85e
f75a98
f6db2c
f65b18
f5db96
f55dc8
f4e27a
f46a00
f3f432
f3807a
f30e1c
f29c66
f22afc
f1ba08
f14a42
f0dcf4
f073c6
f01094
efb51e
ef62d2
ef1a8e
eedc84
eea83e
ee7ca2
ee5834
ee3942
ee1e3a
ee05f2
edefe4
eddc56
edcc5c
edc1c4
edbec6
edc5b2
edd884
edf8a0
ee2696
ee621a
eeaa3c
eefd9a
ef5ac8
efc09e
f02e72
f0a428
f1220c
f1a896
f23818
f2d07e
f3711a
f418a8
f4c576
f575a8
f62788
f6d9c8
f78bb8
f83d3c
f8eebc
f9a0d8
fa5424
fb08f0
fbbf1c
fc7612
fd2cd0
fde218
fe9496
ff430c
ffec84
00905c
012e64
01c6ca
025a2e
02e97e
0375ea
0400ba
048b26
05161a
05a204
062ea6
06bb00
074560
07cb8c
084b12
08c1a8
092d80
098d96
09e1c2
0a2ab4
0a69b4
0aa056
0ad012
0af9f4
0b1e66
0b3d1e
0b553e
0b6582
0b6c8a
0b692a
0b5a8c
0b4056
0b1aac
0aea1a
0aaf8c
0a6c28
0a2154
09d0a6
097bdc
0924d4
08cd64
08774a
0823f6
07d468
0788fe
074180
06fd2a
06bafa
0679f0
063978
05f9a2
05bb54
05802a
054a40
051bc6
04f692
04dbb4
04cb3c
04c436
04c4d2
04cad2
04d3fc
04de94
04e9a2
04f51a
0501b8
0510b4
052362
053abe
055738
057884
059db6
05c576
05ee54
061716
063ee4
06656c
068ac0
06af40
06d358
06f756
071b3e
073ede
0761c0
07835a
07a32e
07c0d8
07dc2a
07f528
080bfc
0820ea
083446
084662
08578e
08680c
087814
0887be
0896f8
08a574
08b2b2
08be14
08c6fc
08cd0a
08d05a
08d1b0
08d27c
08d4d4
08db20
08e7c0
08fca0
091ad0
094242
0971be
09a710
09df62
0a17c0
0a4d92
0a7f02
0aab30
0ad248
0af540
0b1580
0b3492
0b53a8
0b7370
0b93e0
0bb446
0bd368
0befb6
0c079a
0c19a6
0c24ba
0c282e
0c23d0
0c17e6
0c0522
0bec96
0bcf84
0baf4a
0b8d2e
0b6a46
0b4744
0b2462
0b0156
0add60
0ab760
0a8df4
0a5fb6
0a2b62
09f002
09acfc
09621c
090f88
08b5a6
085508
07ee4a
07820a
0710dc
069b46
0621bc
05a4a0
052440
04a0da
041aa4
0391dc
0306da
027a1e
01ec6a
015ebe
00d252
00487e
ffc28c
ff4186
fec604
fe5028
fddfa0
fd73d0
fd0c1e
fca84a
fc48ae
fbee68
fb9b4e
fb51b4
fb13fc
fae41c
fac32e
fab120
faaca2
fab354
fac238
fad632
faec96
fb039a
fb1a8a
fb31ac
fb4a14
fb6524
fb8426
fba7ea
fbd086
fbfd6c
fc2d74
fc5f3c
fc9174
fcc314
fcf3a0
fd230a
fd51b6
fd803c
fdaf42
fddf4a
fe10a2
fe4356
fe773e
feac04
fee140
ff1690
ff4b96
ff8012
ffb3de
ffe6e0
00191c
004a94
007b40
00aafc
00d96e
010614
013038
015708
0179bc
0197c0
01b0e6
01c584
01d680
01e526
01f2f6
02014e
021110
022262
02348a
0245e6
025430
025cd4
025d54
0253a2
023e74
021d52
01f084
01b8e8
017796
012da4
00dbea
0082ec
0022da
ffbbae
ff4d58
fed7de
fe5b6e
fdd870
fd4f6a
fcc0f8
fc2dac
fb9610
fafaac
fa5c20
f9bb2e
f918e6
f8768a
f7d588
f7374e
f69d10
f6079e
f5774a
f4ebd4
f46498
f3e0b2
f35f46
f2dfba
f261e0
f1e604
f16cd8
f0f75a
f08692
f01b6c
efb68c
ef5836
ef006e
eeaef4
ee637a
ee1dbe
eddd9a
eda316
ed6e74
ed401c
ed188c
ecf85a
ece01a
ecd058
ecc988
eccbf4
ecd7b6
ecec94
ed0a1a
ed2f82
ed5bd8
ed8e14
edc54a
ee00e0
ee40ac
ee8510
eecef6
ef1fa6
ef78a2
efdb4c
f048a6
f0c10c
f14414
f1d080
f2645e
f2fd3a
f39874
f43394
f4cc9e
f5624a
f5f422
f68288
f70e84
f799a0
f82584
f8b3ca
f9459e
f9dbaa
fa75f4
fb13f8
fbb4ae
fc56ce
fcf8dc
fd995c
fe36f2
fed072
ff64e6
fff39e
007c30
00fe8a
017af2
01f206
0264b8
02d430
0341a8
03ae42
041ad8
0487ca
04f4ea
056184
05cc62
063416
069716
06f412
074a1c
0798d2
07e074
0821d0
085e3e
089760
08cf12
090726
094142
097eaa
09c024
0a05d8
0a4f48
0a9b50
0ae850
0b345c
0b7d6e
0bc1ba
0bffe8
0c3744
0c67c6
0c9202
0cb704
0cd80a
0cf634
0d1250
0d2ca8
0d44fa
0d5a88
0d6c4c
0d7922
0d800e
0d806e
0d7a18
0d6d6c
0d5b4a
0d44ee
0d2bd0
0d1172
0cf726
0cdde4
0cc632
0cb00e
0c9aea
0c85d4
0c6f9c
0c570a
0c3b24
0c1b56
0bf78c
0bd03c
0ba640
0b7aa0
0b4e5a
0b221e
0af62a
0aca4e
0a9de8
0a7028
0a403a
0a0d7c
09d79c
099e90
096290
0923e6
08e2d0
089f74
0859de
081224
07c892
077dde
073330
06ea22
06a492
066442
062a92
05f824
05cccc
05a78a
0586e0
05691e
054ce0
053164
0516bc
04fdb2
04e79a
04d5e2
04c9ac
04c374
04c2e2
04c6e6
04cdec
04d63a
04de4c
04e524
04ea52
04edec
04f04c
04f1cc
04f266
04f1a6
04ee8c
04e7b6
04dbb6
04c946
04afa8
048eca
046750
043a82
0409fc
03d76e
03a456
0371b0
033fdc
030ea2
02dd38
02aa84
027560
023cd8
020060
01c00a
017c78
0136e6
00f0e2
00ac16
006a06
002bbc
fff1aa
ffbb94
ff88be
ff580c
ff286e
fef92c
feca38
fe9c52
fe7102
fe4a74
fe2b18
fe1542
fe0ab8
fe0c74
fe1a5a
fe335c
fe55a0
fe7ed0
feac86
fedcae
ff0dca
ff3f22
ff70cc
ffa38c
ffd888
001112
004e34
00908c
00d7f8
0123a0
0171f0
01c0ca
020dd8
0256d2
0299e6
02d5fe
030af4
0339a0
0363ac
038b60
03b332
03dd58
040b6c
043e18
0474fc
04aeb6
04e92c
0521e0
055670
0584f6
05ac46
05cc1e
05e50e
05f834
0606ea
061258
061b3a
0621a0
062502
062462
061e9c
0612b2
06001e
05e6f2
05c7da
05a3f0
057c74
055276
0526a4
04f914
04c956
0496a8
046020
042516
03e544
03a0ea
0358c2
030dc4
02c0f0
027306
022458
01d4c2
0183c4
0130a8
00dad2
0081f4
002628
ffc806
ff6868
ff0844
fea85e
fe4912
fdea2e
fd8aea
fd2a22
fcc67a
fc5eb6
fbf1fc
fb8006
fb0928
fa8e4c
fa10ca
f99224
f913ca
f896de
f81c0e
f7a38c
f72d18
f6b826
f643fe
f5d004
f55bca
f4e738
f47288
f3fe30
f38ac6
f318d8
f2a8cc
f23ad6
f1cefa
f16528
f0fd54
f097aa
f034b0
efd53e
ef7a82
ef25d6
eed87a
ee9368
ee5726
ee23a0
edf842
edd412
edb602
ed9d36
ed8958
ed7ac0
ed728c
ed7284
ed7cd4
ed93b2
edb908
edee0c
ee3302
ee8734
eee8f6
ef55e8
efcb42
f0464a
f0c4a8
f144b8
f1c5b6
f247ba
f2cb84
f35242
f3dd26
f46d1c
f50274
f59cc4
f63ae4
f6db08
f77b12
f818ce
f8b258
f9465c
f9d458
fa5ca8
fae070
fb6182
fbe208
fc6436
fcea06
fd74e0
fe0574
fe9b8e
ff3622
ffd354
0070c8
010bc8
01a1a0
022ff2
02b4de
032f4a
039ede
04040a
045fda
04b3ce
050184
054a90
059026
05d2ec
0612e2
064f54
0686f0
06b7e6
06e038
06fdf2
070f86
071404
070b4e
06f61e
06d606
06ad38
067e48
064bde
061864
05e5c8
05b566
058802
055dd6
0536cc
051298
04f0f2
04d19c
04b47c
049988
0480b8
0469e6
0454dc
04414c
042ed8
041d3c
040c5c
03fc56
03ed88
03e07e
03d5d4
03ce16
03c996
03c85a
03ca10
03ce30
03d408
03daf4
03e26e
03ea34
03f248
03fae8
040464
040f0e
041b06
042830
043638
044490
04529c
045fd0
046bc6
04765c
047fb0
04880a
048fd8
049788
049f8a
04a838
04b1d8
04bc9c
04c8a8
04d608
04e4ae
04f45e
0504a4
0514ce
052402
05315a
053c1a
0543f8
05493a
054ce8
0550b6
0556ce
056182
0572d8
058c32
05ae02
05d7bc
0607ea
063c74
06730c
06a9a0
06dea6
07115c
0741c0
07707e
079e8e
07cd04
07fcbc
082e2a
086162
089608
08cb82
090106
0935bc
0968bc
099924
09c60c
09ee94
0a11f8
0a2fa2
0a474e
0a591a
0a6588
0a6d6c
0a71c2
0a737c
0a7352
0a7196
0a6e1e
0a6866
0a5f9e
0a52ee
0a41a2
0a2b48
0a0fac
09eed2
09c8c8
099d86
096cc2
09360a
08f8c0
08b452
086866
08150a
07baba
075a56
06f4f0
068ba4
061f58
05b09e
053fb6
04ccae
045798
03e0b8
0368ba
02f0b8
027a24
02067e
019712
012ca8
00c75e
0066b6
0009c4
ffaf88
ff5752
ff0126
feadda
fe5f14
fe1700
fdd7da
fda38a
fd7b20
fd5ea0
fd4cee
fd441a
fd41aa
fd4334
fd46c0
fd4b20
fd500c
fd5614
fd5e5c
fd6a48
fd7b20
fd91c6
fdae9a
fdd15e
fdf96c
fe25cc
fe5572
fe8770
febb16
feeff0
ff25d2
ff5cbc
ff94ca
ffce02
000852
00437e
007f16
00ba8e
00f53c
012e8c
016602
019b76
01cf0a
020134
0232a8
02643a
02969a
02ca32
02fef0
033440
036914
039c18
03cbfe
03f7bc
041ed8
044190
0460d0
047e10
049af6
04b8fa
04d900
04fb1a
051e64
05412c
056126
057be6
058f2a
05993e
05992e
058ec8
057a76
055d06
053754
050a10
04d592
0499d6
045688
040b30
03b75c
035ac6
02f570
02879e
0211c8
019484
01106c
008616
fff612
ff60f4
fec770
fe2a50
fd8a92
fce946
fc477c
fba634
fb0638
fa6814
f9cc0c
f9321e
f89a20
f803d4
f76ef8
f6db5a
f648d0
f5b750
f526d0
f49758
f408fa
f37be2
f2f060
f266e4
f1e01a
f15cd0
f0dde4
f0642e
eff066
ef8318
ef1ca0
eebd30
ee64da
ee13ae
edc9ca
ed8764
ed4cd2
ed1a7a
ecf0c0
eccffa
ecb856
eca9cc
eca438
eca74a
ecb2ae
ecc618
ece164
ed04a0
ed2ffa
ed63c0
eda040
ede5b4
ee3414
ee8b10
eee9e4
ef4f78
efba5c
f02902
f099d8
f10b84
f17d0e
f1edfa
f25e5a
f2ceb2
f33fea
f3b30c
f42926
f4a306
f52124
f5a388
f629d6
f6b358
f73f20
f7cc2c
f8597a
f8e630
f9719a
f9fb3a
fa82d4
fb0858
fb8bf0
fc0de6
fc8eb0
fd0ed2
fd8ee8
fe0f88
fe912e
ff142a
ff9888
001e0c
00a412
0129a4
01ad7e
022e28
02aa1e
032012
038f0a
03f6a0
04571a
04b182
050782
055b4a
05af3e
0605bc
0660aa
06c148
0727f8
079428
08046e
0876c6
08e8cc
095826
09c2ce
0a2748
0a84d4
0adb5a
0b2b52
0b758c
0bbad8
0bfbd0
0c3894
0c70c6
0ca37e
0ccf8a
0cf3a4
0d0eca
0d2096
0d2956
0d2a20
0d24c4
0d1b66
0d1038
0d0506
0cfae0
0cf1da
0ce914
0cdee8
0cd138
0cbdf4
0ca374
0c80dc
0c563a
0c247e
0bed44
0bb26a
0b75ae
0b3850
0afae2
0abd30
0a7e78
0a3d96
09f966
09b100
0963f0
091246
08bc78
086344
080784
07aa00
074b66
06ec46
068d30
062ebe
05d1c8
05774e
052074
04ce4c
0481a8
043ae6
03f9d8
03bdd8
0385de
0350de
031dfe
02ece2
02bde0
0291dc
026a34
024864
022dac
021ad2
020fe4
020c3e
020eaa
0215ae
021fdc
022c14
0239ac
024870
02587e
026a1c
027d7a
029270
02a87c
02bec0
02d420
02e772
02f7aa
030404
030c12
030fbe
030f30
030abe
0302ca
02f7aa
02e9a6
02d8f0
02c59e
02afb6
029738
027c18
025e4a
023dce
021abc
01f54c
01cddc
01a4f2
017b30
015138
01279e
00febc
00d6b8
00af70
0088a0
006200
003b80
00156a
fff082
ffce08
ffaf8a
ff96a2
ff84a6
ff7a5e
ff77c8
ff7c08
ff858a
ff924a
ffa034
ffad96
ffb972
ffc3ba
ffcd4a
ffd7ba
ffe51a
fff784
0010ce
003232
005c26
008e4a
00c782
010622
01481c
018b3e
01cd66
020cb2
0247ae
027d72
02adc4
02d920
0300ba
03265a
034c24
037458
03a0fa
03d36c
040c4a
044b42
048f26
04d61e
051dfc
056494
05a802
05e6fa
0620c8
06554e
0684cc
06afb4
06d666
06f90e
071798
0731c4
074726
075758
07621c
07675c
07673a
0761fc
0757f6
07497e
0736de
072052
07060c
06e84a
06c752
06a37e
067d26
0654a4
062a36
05fdf6
05cfd6
059faa
056d34
05384a
0500d2
04c6e2
048ac6
044cea
040dbe
03cda2
038cc0
034af2
0307c2
02c274
027a16
022db0
01dc6a
0185a0
012902
00c696
005eae
fff1d4
ff80b2
ff0bf2
fe9436
fe1a08
fd9dda
fd2014
fca120
fc2168
fba15c
fb215c
faa1be
fa22b2
f9a442
f92652
f8a8ac
f82b1e
f7ad7e
f72fd4
f6b258
f63572
f5b9b6
f53fd0
f4c86e
f45440
f3e3e6
f377fa
f31110
f2afb0
f25448
f1ff20
f1b048
f16784
f12458
f0e618
f0ac1c
f075ea
f04384
f01584
efed30
efcc5c
efb52e
efa9b6
efaba4
efbbde
efda62
f0063c
f03dae
f07e8a
f0c68e
f113c0
f164b4
f1b8a0
f20f58
f2691c
f2c66c
f327c2
f38d62
f3f74a
f46528
f4d662
f54a34
f5bfba
f6360c
f6ac38
f7215c
f794ac
f8057c
f8736a
f8de66
f946d4
f9ad86
fa13a8
fa7a92
fae386
fb4f66
fbbe74
fc3042
fca3a0
fd16d4
fd87e6
fdf4f0
fe5c86
febdec
ff1928
ff6ef0
ffc072
000efc
005bac
00a724
00f162
0139bc
017efe
01bfa2
01fa08
022cba
0256a2
027718
028dee
029b6c
02a032
029d1c
029330
028376
026ef0
025682
023adc
021c86
01fbe0
01d930
01b4ce
018f32
01691a
014396
011ff4
00ff9a
00e3cc
00cd6a
00bcbe
00b152
00aa04
00a524
00a0d0
009b4c
009356
008870
007aea
006bd0
005ca4
004f0a
00447c
003e00
003c1a
003ec6
0045a4
00501a
005d88
006d58
007f14
00925c
00a6de
00bc44
00d232
00e84c
00fe46
0113f2
012950
013e84
0153ca
016970
017fac
0196aa
01ae8a
01c76e
01e18a
01fd32
021ac8
023aa4
025cea
02815c
02a73e
02cd60
02f238
031440
033242
034bc2
036132
0373fe
038662
039b0c
03b49a
03d524
03fde4
042efc
04678c
04a5e8
04e7fc
052baa
056f20
05b102
05f07c
062d2e
066706
069e1c
06d2a2
0704e6
073552
07646c
0792d6
07c138
07f010
081f90
084f70
087ee4
08acb0
08d75c
08fd82
091e20
0938dc
094e1a
095eee
096ce0
097984
098620
099358
09a10e
09ae70
09ba20
09c28c
09c63e
09c424
09bbb0
09ace8
099842
097e68
09600c
093da8
091766
08ed22
08be7a
088ae4
0851d2
0812c8
07cd66
078176
072ef0
06d5f6
0676f8
0612b8
05aa42
053f02
04d2a0
0466e6
03fd82
0397ce
033690
02d9d6
0280f0
022a7e
01d4cc
017e1c
01251c
00c93c
006adc
000b54
ffaccc
ff51ee
fefd62
feb172
fe6fa4
fe3876
fe0b72
fde744
fdca08
fdb1c2
fd9c9c
fd893e
fd76ea
fd657a
fd5532
fd469a
fd3a3a
fd307a
fd2998
fd25aa
fd24bc
fd26fa
fd2cc6
fd36cc
fd45e6
fd5b0c
fd770a
fd9a50
fdc4c8
fdf5bc
fe2bf2
fe65be
fea158
fedd0e
ff17a0
ff5060
ff8744
ffbcee
fff260
0028de
006196
009d6c
00dcd2
011fa8
01654c
01acaa
01f47a
023b78
028098
02c340
030360
034172
037e72
03bba8
03fa74
043c14
048168
04cad0
051818
056876
05baae
060d24
065e1c
06abda
06f4ac
073706
07718e
07a31a
07cab0
07e7ac
07f9ae
0800b8
07fd28
07efaa
07d906
07b9fe
07930e
076440
072d16
06ec9a
06a18e
064ac6
05e782
0577bc
04fc5c
047738
03eac8
0359cc
02c6c8
023390
01a114
010f36
007cf8
ffe8e4
ff516c
feb55a
fe1428
fd6e0c
fcc3e0
fc16e6
fb6862
fab964
fa0a8a
f95c0a
f8adc8
f7ff9c
f7518e
f6a3fe
f5f7bc
f54de8
f4a7c0
f40678
f36aea
f2d598
f2469c
f1bdd2
f13b04
f0be22
f04766
efd75e
ef6eda
ef0ed8
eeb846
ee6bea
ee2a42
edf382
edc7a4
eda67a
ed8fc6
ed8352
ed80ec
ed8862
ed9982
edb404
edd78a
ee03aa
ee37e6
ee73ca
eeb6f4
ef0114
ef51e6
efa926
f00682
f06980
f0d186
f13dd0
f1ad78
f21f92
f29330
f30786
f37be4
f3efd0
f462fc
f4d552
f546e4
f5b7e8
f628ac
f6998c
f70ad2
f77cb2
f7ef38
f86236
f8d568
f94866
f9bae0
fa2ca0
fa9da2
fb0e2a
fb7ea6
fbef94
fc615a
fcd41e
fd47a0
fdbb32
fe2dbe
fe9df2
ff0a6c
ff7200
ffd3e6
002fec
008678
00d876
012750
0174a0
01c212
02112e
026324
02b8c2
03124a
036f8a
03cfc6
0431d6
049440
04f556
055368
05acf0
0600b8
064e08
0694ac
06d500
070fbc
0745e0
077864
07a802
07d50e
07ff60
082642
0848a8
08655a
087b2c
088958
088fa2
088e74
0886d6
087a56
086aae
085988
084824
083722
082662
08150e
0801bc
07ead4
07ced2
07acb2
07842c
0755c4
0722b8
06ecb8
06b59a
067ee2
064976
061570
05e21a
05ae1c
0577d6
053dc8
04fedc
04bab0
0471a8
0424d2
03d5aa
0385c4
03368c
02e8fa
029d8e
025456
020d18
01c794
0183be
0141d6
01028c
00c6da
008fe6
005ec8
00345e
001116
fff4e8
ffdf6a
ffcfd6
ffc53e
ffbeb2
ffbb56
ffba8a
ffbbe6
ffbf42
ffc4a4
ffcc34
ffd624
ffe2ae
fff1f8
00040e
0018d8
00301c
004974
00645a
00803e
009c90
00b8d6
00d4ba
00f014
010ae0
012526
013ef2
015830
0170a2
0187dc
019d4e
01b052
01c04a
01cca6
01d4fc
01d8f4
01d85c
01d316
01c916
01ba7c
01a78e
0190e2
017752
015c08
014050
012572
010c6e
00f5c6
00e14e
00ce42
00bb66
00a760
00911c
00782c
005cfa
0040ec
002624
000f1c
fffe24
fff4f4
fff43c
fffb8a
000964
001ba2
002fe2
00440c
0056c0
006780
0076ca
0085d8
009658
00aa00
00c23c
00dffe
010390
012ca6
015a70
018bc0
01bf2a
01f32a
022640
025702
028444
02ad36
02d188
02f18c
030e3c
03292c
034466
03621a
03844c
03ac78
03db48
041078
044ae0
0488a0
04c782
05055a
054060
057776
05aa46
05d922
0604da
062e5e
065670
067d60
06a2ec
06c638
06e604
0700ee
0715b4
07237c
0729f0
07295e
07228e
07169e
0706c8
06f430
06dfb6
06c9ea
06b304
069b02
0681c4
066722
064b04
062d84
060ed2
05ef3e
05cf1c
05aec0
058e70
056e5a
054e94
052f14
050fae
04f010
04cfce
04ae60
048b26
04657e
043cb8
041044
03df9e
03aa5e
03703e
033118
02ece0
02a3c4
025614
020456
01af42
0157b4
00fe8e
00a4ac
004aa4
fff0b4
ff96ae
ff3bfc
fedfbe
fe80f8
fe1eca
fdb8ae
fd4e8a
fce0c2
fc701a
fbfd8c
fb8a08
fb1652
faa2da
fa2fd0
f9bd38
f94b22
f8d9ce
f869c8
f7fbe2
f79114
f72a38
f6c7d8
f669ec
f60fde
f5b8a0
f5630c
f50e36
f4b9d4
f46680
f415c0
f3c9e2
f38592
f34b5c
f31d32
f2fc0c
f2e7b2
f2dee0
f2df94
f2e77e
f2f480
f3050e
f31878
f32ee4
f34936
f368c4
f38ef6
f3bd10
f3f3e8
f433d4
f47c9c
f4cd88
f52578
f58304
f5e488
f64850
f6acbe
f71072
f7727c
f7d290
f83108
f88ef0
f8edc8
f94f4a
f9b508
fa2008
fa9072
fb057e
fb7d7c
fbf626
fc6d0e
fce012
fd4dc6
fdb5ae
fe1852
fe76fa
fed35e
ff2f36
ff8bcc
ffe9aa
00487e
00a732
010410
015d22
01b074
01fc62
023fb4
0279b4
02aa34
02d170
02effa
0306aa
031684
0320ac
032640
032856
0327c4
032516
032078
0319b6
031058
0303bc
02f360
02df08
02c6e2
02aba2
028e5c
027068
02531a
02378a
021e62
0207be
01f336
01e006
01cd36
01b9da
01a52c
018ec6
017682
015c78
0140de
0123f4
0105da
00e6a0
00c644
00a4cc
008256
005f3a
003c0c
001996
fff8c6
ffda82
ffbf80
ffa838
ff94b8
ff84a6
ff774a
ff6b96
ff6060
ff5480
ff4708
ff376c
ff259c
ff121c
fefdec
feea74
fed946
fecbe0
fec364
fec06a
fec2d4
fec9ce
fed3f4
fedf92
feeaf4
fef4d2
fefc86
ff0242
ff070a
ff0c9e
ff152a
ff22ea
ff37da
ff5556
ff7bfe
ffab98
ffe332
002146
0063fa
00a95a
00efa2
01354c
017942
01bad4
01f9b8
023606
02702a
02a8bc
02e074
031804
034fea
03884c
03c0f0
03f916
042f9e
046324
049246
04bbe8
04df7a
04fd34
051610
052bbc
054040
05559a
056d5a
058836
05a5e0
05c510
05e3b4
05ff62
0615ca
06251a
062c5c
062b74
062314
061470
0600e0
05e98e
05cf44
05b24a
05927e
056f8e
054918
051ee0
04f0d2
04bf08
04899a
045090
0413c2
03d2f0
038ddc
034482
02f752
02a744
0255ce
0204b2
01b594
0169a6
01214a
00dbfc
00986a
0054d0
000f80
ffc76c
ff7c94
ff302a
fee474
fe9c50
fe5aa8
fe21b6
fdf29c
fdcd14
fdafa2
fd97f0
fd8374
fd6ff8
fd5c28
fd47b8
fd3350
fd203e
fd0fec
fd0366
fcfb06
fcf666
fcf47e
fcf408
fcf3e4
fcf394
fcf35a
fcf448
fcf810
fd0090
fd0f86
fd261e
fd44ca
fd6b34
fd9866
fdcb0a
fe01ba
fe3b3a
fe76a8
feb38c
fef1be
ff3160
ff72b0
ffb5f2
fffb72
004368
008e00
00db54
012b5a
017dcc
01d228
0227a0
027d3a
02d1e8
0324bc
037520
03c302
040eee
0459f8
04a592
04f344
05445a
0599a6
05f342
06509a
06b08a
071190
07720c
07d08c
082bf2
088372
08d690
0924f4
096e36
09b1ca
09eee2
0a2472
0a5134
0a73e0
0a8b32
0a9620
0a93ec
0a842a
0a66cc
0a3c2c
0a04fe
09c25c
0975aa
09207c
08c476
08631c
07fda2
0794c6
0728c0
06b950
0645d8
05cd94
054fda
04cc44
0442e2
03b41a
0320a4
02895a
01eefe
015220
00b316
0011f4
ff6ec2
fec992
fe22a0
fd7a56
fcd146
fc27f2
fb7ebc
fad5be
fa2cd4
f983b8
f8da44
f830a6
f787a0
f6e092
f63d6c
f5a05c
f50b70
f4803e
f3ff80
f38916
f31c16
f2b72a
f25908
f200da
f1ae9c
f16334
f12048
f0e7e2
f0bbf0
f09dbc
f08da2
f08ae4
f093d2
f0a624
f0bf7c
f0dde2
f10022
f12600
f1501a
f17fae
f1b628
f1f4bc
f23c0c
f28c00
f2e3ca
f3420a
f3a52e
f40ba2
f47426
f4dde4
f54876
f5b3c2
f61fd8
f68cc2
f6fa62
f76866
f7d650
f84392
f8afa6
f91a38
f98328
f9ea9e
fa510c
fab716
fb1d8e
fb8558
fbef52
fc5c44
fcccac
fd40ba
fdb818
fe31e0
feacaa
ff26a8
ff9dd8
00106c
007d0e
00e33a
014350
019eaa
01f758
024fc8
02aa56
0308de
036c6e
03d522
044234
04b236
05235e
0593dc
060222
066d02
06d3b6
0735d0
079308
07eb3c
083e3e
088bea
08d424
0916ec
095462
098cba
09c024
09eeac
0a1834
0a3c4e
0a5a6c
0a71e4
0a822c
0a8b08
0a8c9a
0a8770
0a7c68
0a6c86
0a58bc
0a41c6
0a2810
0a0ba6
09ec5c
09c9da
09a3ca
0979de
094be6
0919c0
08e350
08a878
086910
0824f6
07dc1a
078e90
073c9e
06e6ac
068d30
063094
05d108
056e7a
0508a2
049f14
04317e
03bfe2
034ac0
02d32c
025ac4
01e37e
016f68
010054
00979a
0035f4
ffdb6e
ff879e
ff39c6
fef12c
fead40
fe6dc8
fe32e4
fdfcfa
fdcc8e
fda21a
fd7dde
fd5fd2
fd4792
fd3480
fd25da
fd1ad8
fd12e2
fd0d9c
fd0aec
fd0b02
fd0e4a
fd153e
fd2060
fd3006
fd4440
fd5cc6
fd78ee
fd97b0
fdb7c8
fdd7de
fdf6ae
fe1344
fe2d14
fe4418
fe58be
fe6bd0
fe7e3a
fe90c0
fea3c2
feb71a
feca0a
fedb5a
fee988
fef328
fef72a
fef520
feed52
fee0b8
fed0bc
febee4
feac7c
fe9a44
fe8846
fe75e4
fe61fe
fe4b5e
fe3110
fe12c2
fdf0fc
fdcd28
fda95e
fd880e
fd6b90
fd55b8
fd4786
fd4104
fd4148
fd46ba
fd4f60
fd593c
fd62a2
fd6a64
fd6ffe
fd7384
fd758c
fd7702
fd78f0
fd7c64
fd824a
fd8b58
fd97f6
fda844
fdbc10
fdd2dc
fdebf2
fe0676
fe217c
fe3c3e
fe5632
fe6f2e
fe876e
fe9f94
feb87e
fed332
fef094
ff1152
ff35b2
ff5d98
ff888e
ffb5e0
ffe4d8
0014da
004588
0076d2
00a8ea
00dc28
0110e6
014752
017f56
01b884
01f224
022b46
0262ee
029836
02ca62
02f8f8
0323b6
034a82
036d50
038c16
03a6be
03bd28
03cf44
03dd2c
03e738
03ee08
03f27c
03f58c
03f836
03fb36
03fef4
04036e
04083c
040cb0
04100a
0411ba
041186
040faa
040cd8
040a24
0408b8
0409a6
040d90
041492
041e16
0428e0
043334
043b1e
043ea2
043c24
043288
04216a
04090e
03ea4a
03c650
039e52
037346
0345a2
031544
02e182
02a94e
026b98
0227a2
01dd46
018d2c
0138bc
00e1da
008a8e
003482
ffe08a
ff8e78
ff3d08
feea32
fe93aa
fe3778
fdd4a2
fd6b80
fcfdc6
fc8e60
fc20b8
fbb80e
fb56ba
fafd8e
faabb4
fa5ed4
fa13a6
f9c6b4
f97530
f91daa
f8c076
f85fa2
f7fe92
f7a164
f74c18
f701ee
f6c4cc
f6952c
f67228
f659e2
f64a00
f64032
f63aaa
f6383e
f63886
f63baa
f64242
f64d0e
f65cca
f67222
f68d8c
f6af52
f6d78e
f70620
f73aa6
f7747c
f7b2b2
f7f430
f837da
f87ccc
f8c294
f9095c
f951f8
f99dc2
f9ee62
fa4562
faa3d4
fb09f6
fb770a
fbe95e
fc5e90
fcd3ee
fd46f2
fdb5a6
fe1ef0
fe82a8
fee17e
ff3cc8
ff960e
ffeecc
00481e
00a294
00fe2e
015a64
01b652
0210d4
0268ac
02bca6
030bb2
0354e0
039784
03d330
0407d2
0435a6
045d40
047f76
049d40
04b78a
04cf16
04e44a
04f732
050782
0514b6
051e46
0523d4
052554
052332
051e34
051776
051018
05090e
0502e4
04fd96
04f8a0
04f30a
04ebb0
04e184
04d3d6
04c27a
04add6
0496c4
047e5e
0465a6
044d48
04355e
041d5a
040418
03e822
03c802
03a296
03776c
0346de
031222
02dafc
02a382
026da6
023adc
020bda
01e078
01b7d2
01908c
016938
0140a4
011642
00ea40
00bd7a
009150
006742
0040aa
001e56
000072
ffe678
ffcf66
ffb9f2
ffa4e6
ff8f5a
ff78fa
ff61f8
ff4b06
ff352c
ff21a8
ff11b4
ff067a
ff0106
ff0258
ff0b54
ff1ccc
ff3760
ff5b60
ff8898
ffbe26
fffa76
003b4c
007e06
00bffa
00fed2
0138fe
016de8
019e02
01ca9a
01f578
022078
024d02
027bc2
02ac7a
02de12
030ed8
033ce6
036692
038ab6
03a8fe
03c1d0
03d648
03e7e4
03f832
040898
041a18
042d38
0441f8
0457ea
046e4a
04841c
04983c
04a988
04b6ea
04bf6e
04c262
04bf68
04b690
04a854
04958e
047f4a
04669a
044c40
043082
041304
03f2c8
03ce58
03a416
0372ae
03395c
02f848
02b08c
026418
021560
01c6f0
017ae8
0132a4
00ee88
00adfa
006fb2
00320a
fff380
ffb312
ff7072
ff2c1c
fee732
fea32e
fe619a
fe23ae
fdea2c
fdb550
fd84d2
fd5818
fd2e64
fd0706
fce172
fcbd48
fc9a58
fc788a
fc57d2
fc3826
fc1988
fbfbf8
fbdf92
fbc490
fbab2e
fb93b4
fb7e5a
fb6b28
fb5a04
fb4a9a
fb3c8e
fb2f98
fb23ac
fb1914
fb1088
fb0b0e
fb09e8
fb0e40
fb1906
fb2aaa
fb430e
fb6184
fb84fe
fbac42
fbd63e
fc023c
fc3014
fc6024
fc933e
fcca66
fd0686
fd4832
fd8f6c
fddba4
fe2bc8
fe7e7a
fed254
ff2634
ff7988
ffcc5e
001f7a
007422
00cbe2
012844
018a72
01f302
0261c0
02d5b6
034d40
03c63e
043e78
04b3da
0524d8
059094
05f6fa
0658ae
06b6b4
071234
076bf6
07c412
0819a8
086ae0
08b514
08f522
09280a
094b58
095db4
095f12
0950c6
09353c
090f8c
08e2ea
08b210
087ee2
084a32
0813be
07da78
079cd6
075930
070e24
06baac
065e44
05f8cc
058a66
051366
049432
040d48
037f54
02eb36
025224
01b57e
0116c2
007746
ffd7f6
ff391a
fe9a4a
fdfa6c
fd580e
fcb1b2
fc0638
fb5546
fa9f6e
f9e638
f92bf4
f87360
f7bf32
f711b8
f66c8e
f5d084
f53da8
f4b37e
f43148
f3b64e
f3421a
f2d494
f26e06
f20ef6
f1b816
f16a12
f12584
f0eae6
f0ba92
f094cc
f079bc
f0696e
f063ce
f0688e
f0772a
f08eee
f0af06
f0d6b2
f10560
f13acc
f1770e
f1ba74
f2056c
f25838
f2b2be
f3145c
f37bf8
f3e81a
f45736
f4c7f6
f53982
f5ab8e
f61e5c
f69280
f70892
f780e0
f7fb3a
f876ee
f8f2e0
f96df2
f9e746
fa5e9a
fad470
fb49f4
fbc0c6
fc3a90
fcb896
fd3b54
fdc25a
fe4c62
fed778
ff6184
ffe8a0
006b7c
00e9a0
016368
01d9f0
024ecc
02c3ba
033a66
03b422
0431de
04b400
053a7c
05c4c2
0651dc
06e06c
076ec8
07fb1c
08839c
0906b2
098336
09f88c
0a66c0
0ace56
0b3024
0b8cfa
0be560
0c3956
0c8840
0cd100
0d1234
0d4a92
0d7940
0d9e22
0db9e8
0dce0e
0ddc82
0de752
0df02a
0df812
0dff24
0e048c
0e06bc
0e03ba
0df992
0de6ae
0dca2e
0da400
0d74e2
0d3e2e
0d018e
0cc0a0
0c7cb4
0c3684
0bee26
0ba30c
0b543a
0b0072
0aa684
0a4570
09dcae
096c28
08f43e
0875b8
07f194
0768f4
06dcf0
064e9e
05bef0
052eda
049f46
04111a
038544
02fcaa
02782e
01f88e
017e5e
010a16
009bfe
003452
ffd34c
ff7932
ff265e
fedb32
fe980e
fe5d2e
fe2a8a
fdffce
fddc58
fdbf3e
fda770
fd93e2
fd839a
fd75dc
fd6a32
fd6050
fd5816
fd515e
fd4bf4
fd4794
fd43fc
fd40fc
fd3ea6
fd3d54
fd3dc4
fd40ec
fd47dc
fd5368
fd63e0
fd78e0
fd913a
fdab0a
fdc3f8
fdd9ac
fdea32
fdf46e
fdf852
fdf6ec
fdf226
fdec68
fde80a
fde6ce
fde98a
fdeff2
fdf8b0
fe01b4
fe08b0
fe0b90
fe08fc
fe008c
fdf2da
fde154
fdcde6
fdba9e
fda952
fd9b6a
fd91c6
fd8cd2
fd8ca6
fd9134
fd9a6c
fda828
fdba30
fdd00c
fde8e0
fe0378
fe1e48
fe37ba
fe4e68
fe6188
fe7116
fe7de4
fe897e
fe95c0
fea46e
feb6b6
feccda
fee60a
ff0084
ff19f0
ff2fe0
ff4064
ff4a7e
ff4e60
ff4d60
ff49b4
ff45f8
ff44b2
ff47d4
ff506e
ff5e9a
ff719e
ff8840
ffa11e
ffbafe
ffd510
ffeefc
0008dc
002302
003dd0
00597c
007610
009360
00b12a
00cf2e
00ed4e
010b90
012a16
0148fa
01682a
01873e
01a570
01c1ac
01daa6
01ef42
01feae
0208bc
020de6
020f48
020e68
020cf6
020c64
020daa
02110e
021620
021be2
022114
022488
02257a
0223d6
022038
021bf0
0218b6
02184a
021c16
0224e2
023296
024444
02583c
026c6a
027ea4
028d1a
029692
029a96
029962
0293be
028aa2
027eda
0270c8
02602e
024c40
0233c8
02158a
01f098
01c4ba
019290
015b94
0121dc
00e7a0
00aec2
00784c
004422
0010fa
ffdc92
ffa42e
ff6528
ff1da2
feccf0
fe73ce
fe144a
fdb158
fd4e32
fcedbc
fc91f0
fc3b80
fbe9d4
fb9b3e
fb4d8c
fafe80
faac66
fa5670
f9fcd6
f9a0c2
f9440c
f8e8d2
f89120
f83e96
f7f24a
f7acc4
f76e2c
f73652
f704e8
f6d992
f6b3d2
f69320
f676ca
f65df0
f647a4
f63306
f61f76
f60cc4
f5fb3e
f5ebac
f5df2e
f5d702
f5d438
f5d76a
f5e0a0
f5ef56
f6029c
f61978
f63318
f64f2e
f66e04
f69082
f6b7f6
f6e5dc
f71b7c
f759b2
f7a0ba
f7f036
f84740
f8a498
f906dc
f96ca8
f9d4b2
fa3dda
faa71c
fb0f98
fb7696
fbdb8c
fc3e46
fc9eea
fcfe08
fd5c76
fdbb24
fe1ad8
fe7be6
fede00
ff4020
ffa0ac
fffdc2
00559c
00a702
00f19a
013606
0175c8
01b2ea
01ef82
022d3e
026cea
02ae58
02f05e
03313e
036f0e
03a846
03dc14
040aaa
043522
045d36
0484e2
04add6
04d926
0506fc
05369e
056696
059504
05c00e
05e63a
0606b4
062164
0636de
064824
065662
0662a4
066d80
067714
067eee
068434
0685d6
0682d4
067a80
066ca8
0659a2
064248
0627cc
060b8c
05eebc
05d230
05b63a
059a98
057e7e
0560c8
054030
051b92
04f22c
04c3ce
0490ee
045a94
042244
03e9d0
03b30c
037f90
035086
03267a
030166
02e0b2
02c360
02a832
028dee
02738e
025874
023c82
022020
020444
01ea54
01d402
01c322
01b97e
01b898
01c180
01d4a4
01f1ba
0217ae
0244b4
027678
02aa6c
02de22
030fb8
033e12
036920
0391cc
03b9b8
03e2dc
040efa
043f18
047314
04a990
04e002
051328
053fac
0562c4
057acc
0587ac
058ad8
058718
057ff4
05790c
05756a
0576fa
057e4e
058a96
0599ee
05a9d4
05b7b4
05c158
05c54c
05c2f8
05ba96
05acee
059b20
058630
056ee2
055582
0539e0
051b5c
04f912
04d206
04a55c
047280
043938
03f9bc
03b4ac
036afc
031de0
02ceac
027eac
022f0e
01e0c2
019474
014a70
0102b6
00bd00
0078d4
0035a8
fff2ec
ffb040
ff6d78
ff2abe
fee888
fea79e
fe68f2
fe2d94
fdf674
fdc452
fd979a
fd704a
fd4df8
fd2fde
fd14f6
fcfc20
fce448
fccc8e
fcb452
fc9b44
fc8156
fc66a8
fc4b82
fc301e
fc14b8
fbf964
fbde26
fbc2f0
fba7c2
fb8cb6
fb7214
fb585a
fb4038
fb2a5a
fb176c
fb07d6
fafbbc
faf2e0
faecbe
fae8b0
fae622
fae4cc
fae4e2
fae732
faed06
faf804
fb09d2
fb23c0
fb4684
fb71f6
fba514
fbde28
fc1b14
fc59ae
fc9834
fcd590
fd1194
fd4cf6
fd891e
fdc7f2
fe0b6e
fe5552
fea6dc
ff0094
ff6246
ffcb0c
00396c
00ab9c
011faa
0193cc
020674
02768e
02e374
034cf4
03b33a
04169e
047788
04d63c
0532b4
058c98
05e336
063594
068280
06c8ba
070710
073c80
076842
0789dc
07a128
07ae52
07b1e4
07acc2
07a008
078cf2
0774b8
07584a
073826
071430
06eba2
06bd2a
068720
0647cc
05fde2
05a8b6
05488c
04de92
046cb2
03f54a
037ab2
02fed2
0282d6
0206fa
018a96
010c4c
008a64
000328
ff7536
fedfd6
fe42f4
fd9f38
fcf5e0
fc4884
fb98ee
fae8dc
fa39ea
f98d62
f8e438
f83f10
f79e2c
f70196
f66932
f5d4ea
f544cc
f4b930
f432ba
f3b25e
f33944
f2c894
f2614a
f203f4
f1b0a2
f166cc
f1257a
f0eb78
f0b78c
f088d0
f05ee4
f039fc
f01ae6
f002d2
eff320
efed18
eff1a6
f0013a
f01bae
f04060
f06e48
f0a446
f0e13e
f1245a
f16d08
f1bb1a
f20eaa
f267ec
f2c70a
f32bf2
f39632
f404e6
f476c8
f4ea4e
f55de0
f5d022
f64030
f6adc8
f7196a
f7842c
f7efa4
f85d84
f8cf44
f945d0
f9c14e
fa410e
fac3a8
fb473a
fbc9d8
fc49ea
fcc68c
fd3fca
fdb6a8
fe2cf2
fea4f8
ff2112
ffa352
002d0c
00bea6
015784
01f62e
029886
033c2c
03dec6
047e60
05199e
05afc6
0640c8
06cd06
075528
07d9da
085b9e
08daa6
0956be
09cf5a
0a438e
0ab23e
0b1a38
0b7a58
0bd19e
0c1f52
0c630e
0c9cd6
0ccd22
0cf4dc
0d1550
0d3014
0d46d0
0d5b1c
0d6e38
0d80da
0d9310
0da438
0db30e
0dbdde
0dc2c4
0dbff2
0db406
0d9e2c
0d7e32
0d547e
0d21e4
0ce77a
0ca654
0c5f6c
0c1368
0bc2a0
0b6d1e
0b12a8
0ab2ec
0a4d96
09e274
097190
08fb32
087ffc
0800da
077f06
06fbe0
0678e0
05f764
057886
04fd0a
048544
041138
03a0a2
03333c
02c8f0
026208
01ff5c
01a236
014c2e
00fef2
00bbf6
008416
005762
00351e
001bc4
000954
fffbaa
fff0cc
ffe73e
ffde2a
ffd554
ffcd0a
ffc5da
ffc05a
ffbcf4
ffbbce
ffbcc6
ffbf8e
ffc3d2
ffc960
ffd02c
ffd866
ffe240
ffedf4
fffb76
000a74
001a50
002a30
003930
004690
0051d0
005adc
0061f2
0067a4
006c9e
00718a
0076e8
007cf4
0083ac
008ac8
0091d6
00984e
009d92
00a108
00a212
00a018
009a9a
009158
00845c
007428
0061c0
004ea2
003cac
002dd4
0023e4
002024
002320
002c7c
003b02
004cda
005fd4
0071d2
008124
008cc8
00948a
0098fa
009b34
009ca0
009e94
00a202
00a742
00adf6
00b51c
00bb38
00be92
00bd94
00b6fe
00aa30
00973e
007efa
0062d0
004490
00262c
00096a
ffefb6
ffd9fc
ffc8a4
ffbb98
ffb270
ffac7e
ffa900
ffa728
ffa62e
ffa556
ffa3f4
ffa17c
ff9d98
ff9842
ff91d6
ff8b18
ff851e
ff812e
ff8070
ff83a4
ff8ad6
ff954e
ffa1a0
ffaddc
ffb802
ffbe64
ffc010
ffbd04
ffb630
ffad3a
ffa424
ff9cc8
ff9876
ff97b8
ff9a40
ff9f2c
ffa54c
ffab94
ffb15c
ffb6a8
ffbc08
ffc278
ffcafa
ffd64e
ffe4b2
fff5c4
00089e
001c04
002ebc
003fce
004eca
005bd6
006798
007302
007f0e
008c74
009b6c
00ab86
00bbb4
00ca64
00d5c4
00dc0c
00dbd6
00d450
00c56e
00afe8
00951e
0076d6
0056e4
0036d2
00179c
fff980
ffdbfe
ffbdfa
ff9e02
ff7a92
ff5276
ff24f6
fef1f6
feb9e4
fe7da0
fe3e40
fdfcda
fdba56
fd775c
fd3448
fcf13a
fcae20
fc6ad0
fc2706
fbe272
fb9cb6
fb5562
fb0c1a
fac0a0
fa7302
fa23b6
f9d3bc
f9849c
f93840
f8f0b4
f8afd8
f876fe
f846a6
f81e5a
f7fcaa
f7df6e
f7c416
f7a82e
f789cc
f767e8
f7428c
f71ab8
f6f22a
f6cae4
f6a6ba
f686ec
f66bd8
f654f4
f640fe
f62e5a
f61b88
f607a2
f5f2aa
f5dda6
f5ca8a
f5bbdc
f5b434
f5b5ba
f5c1b4
f5d85a
f5f8ca
f62154
f64fde
f6825e
f6b744
f6edc0
f725d2
f76032
f79df0
f7e026
f8279e
f87496
f8c6b4
f91d0e
f97668
f9d16c
fa2ce2
fa87dc
fae1c8
fb3a58
fb9174
fbe70e
fc3b0a
fc8d24
fcdcf4
fd2a02
fd73d4
fdba16
fdfca0
fe3b88
fe772c
feb02c
fee76c
ff1e06
ff5528
ff8e08
ffc9bc
000928
004cd0
0094ca
00e0ac
012f9c
018062
01d19c
0221f2
027042
02bbc4
03041c
034946
038b78
03caf4
0407e4
04423c
0479b4
04adde
04de3c
050a66
05321e
055566
057464
058f4c
05a64a
05b96c
05c89c
05d3b6
05daa0
05dd76
05dc9c
05d8b6
05d298
05cb06
05c27a
05b8ec
05adc0
059fd6
058dc8
057642
05586a
053422
050a3a
04dc4e
04ac88
047d3c
045070
042774
0402a8
03e17e
03c2a8
03a47c
03853a
03638e
033eb6
0316be
02ec72
02c14a
029738
02708c
024fb2
0236fe
02287a
02259c
022f12
024494
0264d0
028d82
02bbb0
02ec2a
031bfa
03490a
03727c
0398de
03bdfc
03e47e
040f3c
044088
047998
04ba30
050086
0549ae
059212
05d62a
061324
06474e
06724e
0694f8
06b110
06c8ba
06de24
06f30a
070890
071f32
0736e6
074f34
076786
077f34
0795a4
07aa40
07bc6c
07cb70
07d682
07dcbe
07dd42
07d762
07cab0
07b72e
079d54
077e02
075a60
0733a4
070ad2
06e086
06b4c0
0686ea
0655fe
0620b6
05e5f8
05a51c
055e42
05126e
04c356
04731c
0423dc
03d738
038dfe
034800
03043c
02c12c
027d44
02378a
01eff2
01a78e
016054
011cc4
00df48
00a9a4
007c82
005750
003848
001ce4
00026e
ffe682
ffc788
ffa4e6
ff7eee
ff56a6
ff2d6a
ff0476
fedcb2
feb684
fe91ca
fe6e0c
fe4aa0
fe26f4
fe02b0
fdddbe
fdb85e
fd930c
fd6e74
fd4b36
fd29da
fd0ab6
fcedd4
fcd2ea
fcb96a
fca09a
fc87c4
fc6e5a
fc542e
fc398e
fc1f5a
fc0702
fbf248
fbe314
fbdb1a
fbdb84
fbe4c8
fbf696
fc0fdc
fc2f0c
fc525e
fc7832
fc9f54
fcc746
fcf048
fd1b58
fd49f0
fd7dd0
fdb898
fdfb90
fe4768
fe9c14
fef8e2
ff5c82
ffc540
003140
009eba
010c0a
0177e2
01e13c
024756
02a99c
0307a4
036118
03b5ca
0405c6
045154
049904
04dd88
051fa2
055fce
059e14
05d9dc
0611ea
064476
066f76
069124
06a858
06b4e2
06b7c0
06b2fa
06a94a
069d8e
06920e
068806
067f3a
0675ee
066924
065536
06367c
060a02
05ce1e
0582c0
05297c
04c53e
04599a
03ea3c
037a28
030b40
029dee
023126
01c2a4
014f72
00d4a0
004fca
ffbfb2
ff2470
fe7f6c
fdd320
fd22a6
fc7118
fbc12a
fb1498
fa6c00
f9c706
f9248c
f8832a
f7e1b8
f73f9c
f69d28
f5fbba
f55d64
f4c4a0
f433f0
f3ad38
f3316c
f2c084
f2596a
f1fa34
f1a0c0
f14b12
f0f7ca
f0a698
f0583e
f00e50
efcaf2
ef9036
ef5f98
ef39d4
ef1eae
ef0cf8
ef0322
eeffa6
ef0180
ef08b2
ef1632
ef2bbe
ef4b66
ef76d8
efaee2
eff2fe
f04126
f09616
f0ee14
f14584
f199a8
f1e964
f23558
f27fbc
f2cbd0
f31d2a
f376e4
f3daf8
f449d0
f4c234
f541a6
f5c4d4
f6484e
f6c92e
f74586
f7bca4
f82f26
f89eb6
f90db8
f97eea
f9f4d8
fa7186
faf63a
fb8350
fc182c
fcb36a
fd530e
fdf4ce
fe966c
ff3604
ffd214
0069ca
00fcec
018bbe
0216d2
029f00
03252a
03aa26
042e9c
04b32a
05385a
05be74
06456a
06ccea
075408
07d90c
0859ba
08d362
09430a
09a600
09fa60
0a3f80
0a762a
0aa0bc
0ac2c4
0ae090
0afe54
0b1f5a
0b455a
0b7014
0b9d48
0bc92a
0bef2e
0c0b0a
0c19d2
0c1a8c
0c0e5e
0bf874
0bdd0a
0bc03a
0ba504
0b8c66
0b74f6
0b5b5a
0b3afa
0b0f2c
0ad49e
0a8a44
0a31b4
09cee4
09673a
090016
089dcc
084266
07ed2a
079b16
0747ae
06edf2
068990
061800
05993e
051000
0480fc
03f1f6
036934
02ec72
027fd4
0225b0
01de2e
01a6e8
017bde
0158d4
0139e6
011c4e
00ff26
00e2f6
00c938
00b4a2
00a894
00a704
00af02
00bd78
00ce7c
00de28
00e99a
00f046
00f464
00f9c2
01042e
01168a
01322e
015562
017a64
0199a0
01adb6
01b4f2
01b134
01aa00
01ade4
01cf54
02200e
02adf2
037e8e
0489e8
05b7e8
06e07e
07ce6a
084650
0810ec
07070a
051eea
0276e2
ff5836
fc3208
f98c44
f7f0bc
f7cea8
f96048
fc980c
011a14
064688
0b54e6
0f7a0c
1210fc
12bddc
11821c
0ebb12
0b0a88
07301a
03dc50
018824
005bbe
002be2
008e12
00fd54
0104b0
0062cc
ff1c36
fd787e
fbeb2c
faee9a
fadc8a
fbd1b0
fda568
fff630
0246ba
0423c4
0546ec
05a9ce
0582e2
052e4a
050b32
05580e
0618b4
070f42
07cc70
07d2ac
06bff2
04719e
0117b0
fd3086
f96ce8
f68588
f50c94
f547be
f71f0a
fa259a
fdb6a2
011eda
03c89c
055c2a
05cb8c
054b2a
043a46
030190
01f48a
013e90
00dd94
00abee
0075da
000f88
ff6358
fe7716
fd68a6
fc6232
fb8aac
faf9be
fab458
fab1b2
fae48a
fb4520
fbd95a
fcb5de
fdf458
ffa49a
01c16a
0429a8
069dd0
08c8a8
0a5434
0aff60
0aabec
096582
07606a
04ebd8
025d2c
fffc82
fdf70a
fc5a3e
fb1a4e
fa1f3c
f9541c
f8b56c
f8571a
f85d94
f8effa
fa2952
fc095a
fe6a7c
010488
037b06
057138
06a024
06e92a
065ddc
053aca
03d69c
0289b4
01958c
011316
00ec9a
00e500
00ab9c
fff646
fe9b4c
fca496
fa5618
f8234a
f6953a
f62836
f72af0
f9a6e0
fd564a
01abf8
05ee56
095ef2
0b62f2
0ba3b0
0a2170
0731d0
03689e
ff718e
fbe694
f92d6c
f76490
f663b4
f5cfba
f53ddc
f45d2c
f317a4
f19e88
f0612a
eff0b2
f0d364
f35484
f762f4
fc85b6
01e91e
06868a
095e48
09b328
073a0c
023110
fb575a
f3c85c
ecc2c8
e76796
e481ec
e4647e
e6e0c2
eb59b4
f0edde
f6aac2
fbbb46
ff898e
01cef4
028eb6
0200b6
00772a
fe46e0
fbb562
f8f14e
f6180c
f34398
f0956e
ee3b60
ec6f80
eb6fcc
eb6d5e
ec7bc6
ee87a8
f1559a
f489ca
f7b7f6
fa790c
fc814c
fdaef0
fe0d92
fdd008
fd40d0
fcabde
fc4a1e
fc328a
fc53fe
fc7d4c
fc6f52
fbf192
fae83a
f965f0
f7af12
f62d20
f556de
f5919e
f7120c
f9c5ce
fd4de0
010c70
044366
063e42
067e42
04dc0c
0196a0
fd4b40
f8d574
f51fb4
f2f198
f2c5f2
f4b338
f86cc8
fd5b4a
02c430
07f514
0c68c0
0fdcf2
125204
13f738
150e30
15cdb6
164d74
16815c
16421c
156040
13be44
1163a8
0e815a
0b69dc
087d48
060f50
04512a
03445e
02bdd8
0278cc
022b9c
019cba
00b6dc
ff8e18
fe5492
fd49a6
fca4c6
fc8188
fcd7a0
fd7fb0
fe42b6
feee3e
ff64b2
ffa8ee
ffe0fc
0048f6
011e82
028d1c
049a94
071c8a
09bd96
0c0b9a
0d8d6a
0ddd40
0cbe7e
0a2b4a
0659e2
01b6f4
fcd3d8
f84b88
f4a85c
f25140
f1795a
f2163e
f3e544
f67b00
f957f0
fc0358
fe2432
ff90de
0054dc
00aaa4
00eba0
0178a8
029e00
047e80
070b44
0a0374
0d00c2
0f8fa8
1148c2
11e7a6
115a44
0fc1d0
0d6aee
0abef4
082bf8
060f8a
04a894
040c36
0423b8
04b4f8
056e80
05f806
06049c
0560a2
03fd9c
01f9a6
ff9e74
fd58fa
fba742
fafe84
fbb382
fde608
01723e
05f1c4
0acc1e
0f516a
12de40
14ff0a
1586f0
1495ae
128b32
0feb54
0d3936
0ad3bc
08deaa
073efa
05ab24
03cbc2
016070
fe5df4
fb000e
f7c46a
f54c84
f433a6
f4e4e8
f77910
fba948
00db9e
064526
0b1890
0eb338
10be18
113b6e
107b84
0efde2
0d49f4
0bc8c8
0aac58
09eaba
094afe
088166
074fce
059b44
0377a6
012730
ff055a
fd6830
fc882a
fc6fae
fcf5fa
fdca80
fe8a94
fedb64
fe824a
fd7280
fbcc04
f9d042
f7d0b8
f6186c
f4d5be
f41370
f3c07c
f3b7d8
f3cbb0
f3da4e
f3dc4c
f3e472
f41be6
f4b8e8
f5ed16
f7d458
fa6a62
fd8852
00e936
04329e
07046c
090d7c
0a19a4
0a18ae
092260
077220
055a28
0333a6
014dce
ffe07e
ff044a
feaf28
feba5c
feef68
ff150c
fefe4a
fe98a4
fdf0f0
fd30d0
fc974c
fc6ab4
fce81c
fe34c8
0053d2
0323d8
0662fa
09b75c
0cbee0
0f20ee
109bb6
110e06
107c9c
0f102e
0d0e38
0accc6
08a266
06d714
05986a
04f308
04d1ba
050250
0542f0
05539e
050472
0443aa
03272c
01e69e
00cd78
002ba6
003d7a
0114fe
0293d8
046de0
06332c
076b34
07b600
06e350
0500e2
025c32
ff7090
fcc726
fad46e
f9da2a
f9d444
fa78aa
fb4cf2
fbc95c
fb7f9a
fa3d8a
f81e9c
f5857c
f30584
f13d88
f0a97a
f1806a
f3a872
f6ba5a
fa196c
fd1d8c
ff3b7c
0020f0
ffc21a
fe5190
fc263e
f99d70
f6ff52
f46c32
f1dbe2
ef2edc
ec47aa
e92352
e5e964
e2ed6c
e09e44
df6828
df95c0
e13838
e41b30
e7cac6
ebacc0
ef2388
f1b038
f30c02
f33340
f25e1c
f0e9b8
ef3c66
edabf4
ec6a62
eb80d2
eadac0
ea578c
e9dce2
e96676
e90b1a
e8f58a
e956c4
ea54e4
ebfb76
ee3382
f0c5d0
f36848
f5d1f2
f7cb5a
f938e2
fa2046
faa378
faf15e
fb3572
fb8b14
fbf5e8
fc6296
fcb074
fcbfa4
fc7da0
fbec80
fb24a6
fa4f8e
f99a5c
f926e8
f902b8
f922a2
f96496
f99cc6
f9a850
f97bd6
f92dee
f8f9f8
f93564
fa3b52
fc54be
ff9f62
03fda2
091742
0e64b4
134308
1714d6
19658a
19fe8a
18ee08
1681be
1332b2
0f863a
0bf1ce
08c7be
062e38
0424c2
0295fc
016c02
00a152
004a26
008f16
019b4e
0388ec
064eca
09b412
0d5392
10ad3e
133f2c
14a32a
14a724
135516
10ecd0
0dd3ae
0a7bc0
074a80
04878c
0256f4
00be94
ffb202
ff214e
ff06c0
ff69b6
0054ac
01c8ce
03b45a
05ea8c
08239a
0a0992
0b4c42
0bb52a
0b3720
09f3fa
083368
064e82
0498ae
034a3e
027208
01f640
01a20e
01379e
008644
ff7d86
fe30d6
fccf52
fb95f2
faba34
fa56b8
fa6638
fac864
fb4cc2
fbc4d8
fc1608
fc423e
fc65f2
fcab86
fd3842
fe1b6e
ff4338
007a6a
017328
01dbae
017412
002074
fdf4da
fb341c
f83fbe
f58228
f35b0c
f20d16
f1b0c2
f23522
f36b6c
f514aa
f6efb8
f8c5bc
fa7140
fbde74
fd059a
fde40c
fe77dc
febd92
feb106
fe5218
fda9c2
fccd20
fbddbe
fb041c
fa670e
fa24f6
fa4d76
fadcd2
fbbde2
fcd102
fdf496
ff0d66
000b2a
00e864
01a756
024b56
02d1dc
03307a
03565a
0330cc
02b4e0
01e8f4
00e98c
ffe88a
ff23d2
fed56e
ff24d2
001b70
019de8
036f02
053d40
06b70c
079fe8
07dffe
078b20
06dcde
062778
05bb7a
05d278
068010
07aa6c
090f60
0a5842
0b346c
0b6f02
0afc1c
09fd8a
08ba54
078844
06b2d6
06674e
06a790
0749bc
080644
088cb8
089b3c
081446
070772
05ab88
045090
034b32
02dc5c
032140
041032
057d8e
0728a0
08d0ec
0a493a
0b7f4e
0c7b1a
0d567c
0e2c5c
0f06b0
0fd402
1065ba
1078ce
0fc84c
0e2258
0b7af8
07f8d8
03f3e0
ffe610
fc561a
f9bd4a
f86caa
f87d8a
f9d0bc
fc17ae
fee704
01d05a
047952
06a94c
084cba
096e48
0a2864
0a93c6
0ab94a
0a8c24
09ee02
08bb10
06db10
04504e
013df6
fde6d8
faa4cc
f7d5bc
f5c44c
f497c6
f44e08
f4bd3c
f59f72
f6a7b2
f7974e
f84a52
f8bb5c
f90056
f93d44
f990c2
fa04da
fa8824
faeed4
fafdf2
fa7eca
f952ba
f781b0
f53edc
f2e0bc
f0d00c
ef70e0
ef0a8c
efb66c
f159a4
f3ab72
f64796
f8c4ce
fac99a
fc1f5e
fcbb90
fcb91c
fc4aaa
fbab8c
fb0dba
fa8c96
fa2a54
f9d560
f972ce
f8eb56
f836f4
f76360
f6914c
f5ea0a
f5940c
f5a740
f62304
f6ec0c
f7d152
f8951a
f8fcbe
f8e206
f83c40
f7226a
f5c95a
f47964
f37d1c
f31180
f359f8
f4574c
f5e4e2
f7c0a4
f99960
fb1d54
fc08c6
fc33bc
fb995e
fa5784
f8a832
f6d5c0
f52c5e
f3ebce
f33c3a
f328e6
f3a064
f4792a
f57b26
f66cbc
f71e00
f76fb8
f756ee
f6dd2a
f61d66
f53dca
f46796
f3c108
f369dc
f3788e
f3f88a
f4eab6
f64632
f7f854
f9e584
fbeb3c
fde1c8
ff9f00
00fb2e
01d562
0217b4
01bb96
00ca1c
ff5842
fd844a
fb71f4
f9441a
f71a10
f511ea
f34988
f1dfc6
f0f7e6
f0b8f0
f146ea
f2ba04
f5156e
f83df0
fbf4c2
ffda46
037916
065856
0811e0
086716
075042
0501b2
01e35e
fe7dd0
fb5fca
f90190
f7ae92
f77a86
f84102
f9b272
fb6d16
fd165e
fe6e2c
ff5cbc
fff514
00687c
00f292
01c514
02f59a
0472e0
0606bc
07635e
0835c8
083a2c
074f46
058144
0307ee
003ca8
fd8adc
fb59f2
f9f7d0
f98c44
fa14c6
fb6738
fd3c78
ff40bc
0124d8
02abf0
03b444
043a80
0455a8
042c46
03e954
03b204
039b82
03a546
03bb8e
03be5a
038a80
030508
0225c6
00fc86
ffb002
fe7834
fd93d6
fd396c
fd8956
fe85c2
001056
01ede2
03d152
056c3c
0680be
06eece
06bad0
060cf0
05284e
045b2c
03ed3e
040f28
04ce6c
0612f4
07a5c2
093cd4
0a8b2a
0b51da
0b6da6
0add82
09c13a
08521c
06d7a0
05985c
04cd16
049a0e
050a08
060c2e
077ab6
09232a
0aca70
0c344e
0d2de4
0d9218
0d4bea
0c5bda
0ada6a
08f4b0
06e6f8
04f59a
03622c
025fd8
0209e4
025e26
033c80
046cfa
05abc0
06b776
075e0e
078658
07344e
0685de
05a88e
04cbbe
0413c8
0390e4
033c30
02fc5a
02b040
023ae2
018e16
00b238
ffc616
fef5cc
fe6e52
fe518c
feaaaa
ff68e2
0064bc
016aae
02474e
02d67e
030e4a
02fea4
02c9a6
0297b4
0287d2
02a222
02d246
02eac8
02b16a
01f192
008e82
fe912c
fc2d6a
f9bad2
f7a340
f64c30
f5fe54
f6d2a4
f8abf2
fb3ce0
fe17a8
00c5d0
02e158
0427bc
0482e6
040854
02eea4
017b7c
fff014
fe7bce
fd36f2
fc239a
fb3570
fa5eb0
f99b0e
f8f414
f880f8
f8616a
f8b2a2
f983cc
facf36
fc78ca
fe516e
00202e
01ae50
02d136
03709c
0389dc
032eb2
027e64
019da0
00b126
ffd9ee
ff31e2
fecb82
feb40a
fef39a
ff8c12
00798e
01b1d6
0321d2
04aee6
063c16
07acde
08e7cc
09dbe0
0a8236
0ada96
0ae8ec
0ab370
0a3f22
098e46
08a2fe
078370
063e18
04ecb2
03b3f6
02bffc
023c62
024a40
02f826
043ce8
05f5cc
07eb6e
09dcf8
0b8c96
0cca5c
0d7c0a
0da03a
0d4ae0
0c9cee
0bbb00
0ac526
09d028
08e422
0800c2
072226
064598
056e52
04a58a
03f5da
03670e
02fa6e
02a69e
025828
01f7c6
017140
00b9e2
ffd6aa
feddea
fdf1c8
fd3738
fccbc2
fcbb5c
fcfa98
fd6786
fdd082
fdfede
fdc326
fd00bc
fbb5e6
f9fd3e
f80838
f61588
f465c4
f32fd6
f29800
f2ab10
f35ddc
f48f9e
f60e9c
f79f58
f90490
fa0578
fa740a
fa33f2
f93e9e
f7a48e
f58cd0
f3302e
f0d01a
eeac90
ecf986
ebd666
eb4a6e
eb4588
eba5ea
ec42de
ecf8a8
edb0c4
ee6638
ef2476
f000a6
f11002
f25e18
f3e562
f58d26
f72d5a
f896ba
f99d7e
fa2380
fa1e64
f998c0
f8af54
f78a94
f65520
f5345e
f445be
f39d78
f34762
f34bf0
f3b39c
f485be
f5c68e
f7739e
f97db2
fbc516
fe1b48
00484e
0213f0
035144
03e8fc
03dfc8
03569e
02844a
01aad0
010a02
00d170
01178c
01d84e
02f910
04514a
05b60a
070460
0827ea
091c5a
09e9ce
0a9d90
0b4156
0bd472
0c49f2
0c8b7e
0c7f46
0c10fc
0b3b5e
0a0d9a
08aba0
074a2a
062576
0574c8
05602e
05f9d2
073a22
0900be
0b1be8
0d5202
0f69a6
11309c
1280dc
134162
1364a0
12e79c
11d16e
10321e
0e2396
0bcb8a
095a46
070634
0505e4
038732
02a50e
026084
029f64
03304c
03d45c
044d4e
046cda
0420aa
0376e6
029a12
01c5ce
0135e4
011460
016cd0
022788
030d96
03d5ae
0436e2
03fbe2
03115a
018af4
ff9dca
fd932e
fbb63e
fa40de
f94eb0
f8d940
f8bcb8
f8c4ae
f8bdf6
f88676
f81648
f781d4
f6f382
f69d90
f6aa8c
f73144
f82d22
f97e24
faf206
fc5188
fd6d12
fe27fc
fe7ef6
fe85d0
fe6004
fe3672
fe2b56
fe511c
fea746
ff1b96
ff8e8c
ffdbd2
ffe398
ff921a
fee456
fde9d0
fcc2a4
fb9a56
faa0d6
fa03c6
f9e7cc
fa61f6
fb735a
fd0848
fefa44
0114f0
031d82
04db9c
062222
06d5f0
06f064
067e86
059cfa
047080
031e64
01c72a
0083b6
ff65ce
fe7be2
fdd4f0
fd82c8
fd9a5c
fe30a2
ff53b0
01026c
0326a4
059396
0808ee
0a3b6c
0be36a
0ccbf0
0cdd2c
0c2176
0ac414
090784
073698
0594fa
04517e
037dcc
030f7e
02e906
02e604
02e85a
02e35e
02e01e
02f99c
0353fa
04105e
053fce
06da80
08be9c
0ab594
0c7eaa
0ddd1a
0ea5a2
0ec6fe
0e4b8a
0d54ba
0c11c2
0ab378
096098
082ec0
0721ae
062f90
0548fc
046286
037ca4
02a6d8
01fcd0
019f54
01aaf2
022dcc
032018
0462c8
05c438
0709a8
07fc22
08755c
0867da
07e0cc
0703ba
060118
050942
043fb8
03b32e
035bb8
031f1a
02db7e
027512
01e11a
012bb2
007730
fff316
ffce18
0028cc
0109ec
02575e
03d9aa
05486a
0659bc
06d2e2
06971e
05ae96
0442ae
029352
00e7b8
ff7d7c
fe7ae2
fde830
fdb1a8
fdb11a
fdbb18
fdabc2
fd7034
fd0a52
fc8dac
fc179a
fbc598
fbac36
fbd184
fc2c84
fca8dc
fd2dcc
fda542
fdffbc
fe34da
fe41d0
fe2512
fdd9ba
fd563c
fc8ec6
fb7a34
fa1898
f87858
f6b7b8
f502c8
f38c78
f28348
f20696
f21f54
f2bc3a
f3b402
f4cee6
f5d294
f68d1c
f6dda8
f6b8cc
f62764
f541a6
f427a0
f2f97e
f1d238
f0c58c
efdfc2
ef26f2
ee9cfe
ee4058
ee0c0c
edf786
edf608
edf714
ede994
edc004
ed7444
ed0a7c
ec9142
ec1db4
ebc580
eb986e
eb9a3a
ebbff0
ebf278
ec14c2
ec0c2e
ebc98e
eb4e18
eaaa92
e9fab8
e95d18
e8e8a0
e8a4d8
e88820
e87b7e
e86414
e82f5e
e7dc54
e77f3c
e73f1a
e74af6
e7cace
e8d1ba
ea5458
ec26b6
ee0478
efa092
f0b89e
f1271e
f0ed90
f032b8
ef38c2
ee4c7e
edb002
ed88d8
edd87e
ee7f18
ef46c2
eff640
f06498
f0869a
f072f8
f05c78
f08374
f122f8
f25ec6
f4374a
f68726
f90ad4
fb6fd4
fd6776
feb88c
ff4aa0
ff286e
fe7a4e
fd7af4
fc69f2
fb7efe
fae0f0
faa340
faca2a
fb5116
fc30a6
fd6458
feecf6
00cd68
030526
058ada
08474c
0b133a
0dbaf6
1005d4
11bf28
12c044
12f8c0
127280
1151a2
0fd020
0e34d4
0cc806
0bc866
0b6214
0ba876
0c9414
0e054e
0fcab0
11a988
1367d0
14d564
15d202
165072
165736
15fcce
1560d4
14a4ec
13e696
1339e8
12a6fe
122b52
11bdee
115462
10e75c
10769e
100ac4
0fb398
0f8454
0f8e48
0fdb24
106968
112b3e
120702
12db82
138736
13ee4e
13ff28
13b5c4
131bd2
1244fe
114a40
1044b2
0f487e
0e6272
0d97e8
0ce7fc
0c4e40
0bc65a
0b4e38
0ae622
0a8ff0
0a4dea
0a2060
0a03ec
09f240
09e3d4
09d1ac
09b7dc
09970a
097358
095278
093926
092814
0919e8
09039e
08d6a8
0884aa
08034a
074f1e
066ce6
05687a
045108
033438
021a6e
0105ae
fff2ba
fedc1e
fdbf5c
fca206
fb9380
faab68
fa0568
f9b932
f9d178
fa462e
fafa72
fbbf44
fc5c56
fc9bb2
fc54fa
fb7674
fa0964
f82f80
f61ad8
f402ee
f2193e
f07fa8
ef432e
ee5d30
edb986
ed3df2
ecd20e
ec6644
ebf686
eb8850
eb2636
eada26
eaa844
ea8c96
ea7bc8
ea6686
ea3eb6
e9fc60
e9a026
e93378
e8c608
e86958
e82bb2
e81382
e81c7e
e83842
e851a8
e85172
e824a4
e7c224
e72cfa
e67472
e5b314
e50a6e
e49d18
e48918
e4e2be
e5b0a6
e6ea40
e877fa
ea358a
ebf6fa
ed8e44
eed0d8
ef9e56
efe5a6
efa678
eef140
ede594
ecad30
eb75a4
ea6aae
e9b0d4
e96104
e9872a
ea235e
eb2be0
ec901e
ee3c24
f01abe
f216e0
f41d90
f61e72
f80aae
f9d590
fb766a
fce854
fe2a20
ff4000
0032e6
010de2
01dce2
02ab92
038298
046668
05585e
065808
0764b2
087ee6
09a85c
0ae302
0c2ffc
0d8d6e
0ef41c
1057c6
11a97a
12da1a
13deba
14b5ec
1569bc
160e60
16bf02
1797f0
18aeb0
1a0b38
1ba3e8
1d5d7e
1f0fac
208d82
21afd4
225ee2
2297fe
226ea4
2208c6
2195ca
214338
2132be
2172e0
21fc48
22b5a8
237c0c
242c5c
24ac8a
24f184
250082
24ebb4
24cac0
24b242
24acc6
24b67c
24bd6a
24a6da
245716
23b9be
22c888
218d02
201dde
1e99e4
1d1ff0
1bc652
1a964c
198b6e
1895fc
17a102
169a0a
1576be
1437cc
12e83c
1198c2
10590a
0f3158
0e1e14
0d0f1c
0beb9a
0a9964
09056e
072b18
051810
02eaf6
00ccba
fee660
fd561c
fc2624
fb4850
fa986e
f9e44c
f8f7da
f7aae4
f5ec84
f3c84a
f1643e
eef834
ecc05e
eaeeec
e9a024
e8d32c
e86aea
e836a6
e7fe6c
e79068
e6cd74
e5af34
e446ac
e2b63a
e1278c
dfbebe
de914c
dda33e
dce860
dc49f4
dbb084
db0ccc
da5ca4
d9ac04
d91118
d8a4c4
d87a28
d89726
d8f058
d96a4a
d9deac
da2412
da1748
d9a348
d8c590
d78e66
d61cea
d49854
d328b8
d1f074
d1071e
d0775a
d03f6c
d053a8
d0a2ae
d119c4
d1a82e
d241e6
d2e106
d38534
d431cc
d4eb46
d5b458
d68b1c
d766fa
d8384a
d8eaca
d9694c
d9a230
d98ca4
d92c8a
d89352
d7dec2
d734ec
d6bd24
d69908
d6df66
d798b4
d8bed4
da4110
dc09c6
de0350
e01c24
e2495c
e4865a
e6d088
e921c4
eb6c66
ed99b8
ef8b40
f11fce
f23b64
f2cf72
f2e15a
f28d36
f203dc
f1847a
f1522a
f1a786
f2ac28
f46dce
f6dd52
f9d12e
fd0d60
004e2e
0353b6
05ec9e
07fd48
098232
0a8ebe
0b481e
0bddc2
0c8176
0d6066
0e9d34
104cae
12751c
150eee
180686
1b3f14
1e95a6
21e45a
250590
27d6c6
2a3c18
2c240e
2d8a18
2e7748
2f0260
2f4e04
2f83dc
2fce8e
3053b6
312df2
326856
33fcae
35d504
37cf5a
39c3a4
3b8af6
3d0576
3e1df0
3ecbe0
3f13ea
3f05a6
3eb7c2
3e44b2
3dc7a4
3d5944
3d0d20
3cf024
3d0772
3d4f7c
3dbbd8
3e3838
3eaaba
3ef74c
3f0378
3eba72
3e10fa
3d07f6
3bacac
3a16a0
3863fc
36b4b0
35256e
33cb46
32b0cc
31d568
312e80
30a9b0
303022
2faa44
2f030c
2e2aa4
2d17f2
2bc8f8
2a427a
288e66
26b8c0
24cc92
22d1d0
20cb76
1eb6a8
1c8c8e
1a4644
17e0d2
15608a
12d334
104fb4
0df230
0bd5e2
0a0dca
089dc2
0776c2
06785a
05760a
044090
02b1d6
00b634
fe50ec
fb9c90
f8c502
f5fac8
f365ba
f11b26
ef1810
ed4290
eb729e
e97f4c
e74c6c
e4d54a
e2307c
df8bae
dd20d4
db2698
d9c0aa
d8f46e
d8a5c8
d89d00
d8938c
d84464
d77ca2
d627a6
d452c6
d22872
cfe4aa
cdc548
cbfa50
ca9ade
c9a106
c8ed68
c851f0
c79ff0
c6b49a
c5817c
c41034
c27f96
c0fa2e
bfaa1c
beaeec
be168c
bdd9c6
bdddf2
bdfca8
be0ed6
bdf74c
bdaa84
bd32fa
bcb07e
bc51d0
bc4a3a
bcc5da
bddfee
bf9cba
c1e6f0
c49134
c75d58
ca0716
cc4f5e
ce0710
cf17f4
cf89c6
cf8236
cf3f84
cf0e98
cf3ea0
d014aa
d1c0f8
d45758
d7cbc0
dbf402
e08dca
e5478e
e9cbb0
edcc56
f10e6c
f371ac
f4f456
f5b238
f5e002
f5c392
f5aa36
f5de0c
f69cb0
f81086
fa4c94
fd4a90
00ec58
050184
094edc
0d959e
119b1a
15306e
18379a
1aa4f6
1c7eac
1dda38
1ed7c2
1f9cc4
204ef6
210f52
21f6d4
231646
2476a0
261940
27fa1a
2a11ec
2c5612
2eb73c
312142
337b74
35a9d8
37901a
391646
3a2e08
3ad728
3b217a
3b2b86
3b1d84
3b2218
3b5e2e
3be8ce
3cc5b8
3de522
3f27f8
40672e
417d04
424d0e
42c878
42ee78
42c8f4
42657c
41ce52
410688
400962
3eccf6
3d4850
3b7b7e
397568
3754fc
35459e
3377d2
321648
3139fa
30e166
30edc2
3127a2
3149b6
310e58
303d70
2eb820
2c7e46
29ace2
267708
231b6c
1fd8d8
1ce3b2
1a5ea0
185780
16c8f0
159e1c
14b84a
13f514
133394
1257a4
114bf0
1002d6
0e761e
0ca6b2
0a9c1a
086366
060ce2
03a980
0148a8
fef660
fcb9f4
fa9664
f88ccc
f69f14
f4d174
f32a6e
f1b1b0
f06e20
ef62d8
ee8c34
eddea2
ed4818
ecb366
ec0c78
eb44c4
ea575e
e94a22
e82ab2
e7093e
e5f334
e4ee06
e3f31e
e2efca
e1c9f8
e0682a
deba46
dcc054
da8d90
d8476c
d61f34
d447da
d2eb22
d22060
d1e6bc
d22490
d2ab76
d34048
d3a574
d3a4f4
d317b2
d1ea5c
d01f0c
cdcb6c
cb1440
c82794
c536ec
c2721a
c00210
be043e
bc8862
bb906e
bb10dc
baf2f8
bb1a44
bb6a8e
bbcd94
bc37c2
bcaa6e
bd31bc
bddf2e
bec2b4
bfe350
c139d2
c2b056
c4267e
c57908
c68ba4
c75350
c7dcaa
c84bb8
c8d5f8
c9b860
cb297c
cd4b30
d02108
d38dba
d757f0
db35d0
dedbf8
e20c0a
e4a01e
e6906a
e7f168
e8ed4a
e9bb08
ea93d8
eba9c8
ed22c6
ef1780
f19446
f49ac8
f8232a
fc1c18
006a20
04e5ce
095a5c
0d881c
112be4
14094c
15f652
16e664
16f18e
1654dc
156b2a
149ffe
145efc
15028a
16c4ca
19b67e
1dbdfa
229d40
27fd44
2d7b90
32b80c
376064
3b3682
3e12a2
3fe334
40ab3c
408026
3f88e2
3dfd1a
3c22d0
3a4a4e
38c7aa
37e94a
37eccc
38f4c4
3b0148
3dedb6
4174da
453b0a
48dccc
4bfeb2
4e5af0
4fcad0
504a26
4ff38e
4ef740
4d8f60
4bf49c
4a558a
48d2a0
477e52
46604a
4579e2
44ca2c
444fee
4408a0
43ed14
43ee3a
43f358
43dab4
437d14
42b450
41635e
3f7df2
3d0d90
3a32c6
3721b8
34198e
3158d0
2f1168
2d5daa
2c3938
2b806e
2af5fc
2a4c5c
293394
276940
24c602
21459e
1d0a42
18591c
138e8c
0f0d3a
0b2cb8
082a24
061d7e
04f6e8
0483ce
0479e2
04867a
045e76
03c9c6
02a9ac
00f99c
fec9f0
fc35d4
f959c2
f64d5c
f320fe
efe01a
ec97e2
e95eec
e659f4
e3bb3e
e1bbc4
e08f04
e054b4
e10c64
e28e52
e48c2a
e69ad6
e843ac
e9197a
e8cd08
e73c40
e47848
e0c1a4
dc7bbe
d81a92
d40dda
d0af3c
ce3742
ccb99e
cc27a4
cc5916
cd181e
ce2b70
cf5cf4
d07e2a
d169b4
d201d4
d22ef4
d1dfe8
d10ae4
cfae98
cdd3ce
cb8dc8
c8f884
c635ac
c36918
c0b486
be33fc
bbfcf6
ba1fd4
b8a9ea
b7a774
b72540
b7304c
b7d28e
b90d8e
bad4d2
bd0a44
bf7e9e
c1f5c2
c42ed6
c5efdc
c711a2
c78790
c76236
c6cd26
c6073e
c5568c
c4fbac
c52728
c5f276
c75e5a
c95638
cbb696
ce558e
d10ba0
d3ba64
d64f42
d8c2aa
db1656
dd52b8
df8326
e1b2ec
e3ed0a
e63c00
e8a826
eb3654
ede6c8
f0b32c
f38dc6
f6628a
f91928
fb9852
fdca98
ffa2a4
011db2
0244f0
032d4a
03f48c
04bcac
05a72a
06d200
0855c8
0a4484
0ca986
0f89ea
12e3ea
16acb4
1acd8e
1f218c
237596
278bee
2b228a
2dfc32
2febde
30df2a
30e48a
302c70
2f0408
2dc910
2cda44
2c8750
2d02ec
2e5af2
3078d2
332908
3627bc
392efc
3c0380
3e7d52
408a0e
4228c4
436340
44465e
44da28
451dbc
4509b4
4495ec
43c038
429346
412a42
3faeea
3e530c
3d46b8
3cacca
3c91a4
3ce73c
3d8726
3e3954
3ebe80
3edcba
3e6a88
3d55b8
3ba52c
39760e
36f514
345554
31c6f4
2f6f08
2d62fc
2ba7c4
2a3342
28ef54
27bf5e
2686be
252d7c
23a3aa
21e3b0
1ff2c8
1ddf46
1bbd48
19a1de
179dd8
15b9b2
13f2de
123af6
107b0a
0e9a86
0c85cc
0a3306
07a582
04ee6a
022874
ff7028
fcdc1e
fa76a4
f83a24
f61258
f3e296
f18f64
ef098c
ec57b2
e99a0c
e70640
e4dcd6
e35960
e2a0c8
e2b394
e368b8
e4719c
e5676e
e5df72
e58118
e41910
e1a602
de59e4
da8ec8
d6b36c
d33418
d063ce
ce6c1e
cd4918
ccd0f0
ccc354
ccdc6e
cce676
ccc4fa
cc76d2
cc0f92
cbaabe
cb5cde
cb2772
caf3ca
ca9606
c9d7a8
c887fa
c68c14
c3e97e
c0c8ea
bd700a
ba3316
b762f8
b53d7a
b3e306
b3548a
b37988
b42b7e
b5433e
b6a45e
b842c4
ba218c
bc4c68
becd96
c1a3f6
c4bd5e
c7f680
cb2056
ce09a2
d08958
d286fc
d3fefa
d50114
d5aa74
d61ef0
d682b8
d6f540
d78f9a
d866d4
d98fa2
db208e
dd314a
dfd7d4
e323ce
e71834
eba646
f0acd6
f5fbbc
fb5a5a
008ff4
056b74
09c862
0d90b8
10bb32
134708
153848
169728
177150
17dcb0
17fc08
180236
18303e
18cd70
1a1b3a
1c47a2
1f60f0
234f18
27d584
2c9d58
3146ac
357c86
3904ea
3bc936
3dd666
3f53ee
407342
415ec6
422d64
42dd96
435a66
4388ae
4356ba
42c96c
4202f6
413f00
40c444
40d206
418ebe
42fb0c
44edd6
471cea
492f3a
4ad21a
4bcca0
4c0c6c
4ba6da
4ace7c
49c18a
48b564
47c5b4
46ee24
460fc4
44fe7a
439370
41bf36
3f93cc
3d4360
3b14ec
395150
382e38
37bd44
37e3b6
385d8e
38cc86
38ce60
3813ce
3672d8
33f044
30bd22
2d2950
298f7e
26400c
237044
2131c6
1f72fc
1e0720
1cb426
1b42a0
198af2
177cd8
1520ee
1294c4
100266
0d95ac
0b721a
09ab8e
08431a
072780
06385a
054c30
04395e
02ddf0
012454
ff06a8
fc90d6
f9de24
f71286
f4536c
f1c0c0
ef6dfa
ed5e34
eb8576
e9ce2c
e82142
e66fd8
e4bae2
e31592
e1a26c
e08b38
dff456
dfeef8
e07028
e14ea8
e246ea
e305d2
e33982
e2a398
e1272e
ded064
dbd340
d8811a
d53776
d24d0e
d00148
ce72a6
cd9e0a
cd650e
cd9918
ce081e
ce86fe
cef704
cf46b6
cf6dbc
cf65a2
cf236e
ce94b8
cd9fea
cc28d0
ca19c2
c76d72
c43484
c096a0
bccf1c
b923d0
b5d896
b32488
b12af2
aff82a
af83d4
afb78c
b0764a
b1a38e
b32942
b4f9a2
b70d4a
b95f9e
bbea1e
be9fe2
c16b38
c42db4
c6c278
c902d4
cacbfe
cc035e
cc9a7a
cc932c
cc01ee
cb0cc0
c9e934
c8d950
c82516
c8119a
c8d8a0
caa07e
cd75a6
d147f4
d5ecae
db24fe
e0a890
e6313e
eb8416
f076ee
f4f186
f8e9a2
fc5ba4
ff4380
0198f0
035064
046048
04c9fe
04a424
0421ea
039414
03611a
03f4c0
05ab24
08bc02
0d29de
12bbb2
190532
1f79fc
258710
2aaf46
2ea332
314d38
32d0e0
337da6
33b83a
33e118
343f50
34f3dc
35f8d4
372be2
38602c
39713a
3a504c
3b0928
3bbe9a
3c9e22
3dcf2c
3f657a
41599e
438818
45b93a
47af9a
493786
4a33c6
4aa38a
4a9efc
4a4ca4
49d32e
494b08
48b5a6
47fdd8
46ffc4
459622
43a96c
413bac
3e6d82
3b7ad4
38afbe
3658a2
34b102
33d558
33bc16
3436f4
34fc2c
35b5f4
3613f6
35d8f8
34e3bc
333164
30d89e
2e003a
2ad4ea
277fb4
241f94
20c7a6
1d8104
1a4f4c
173668
143eec
1177c6
0ef582
0cce98
0b159a
09d336
0901f6
088c7a
084ea2
081990
07b9f8
06ffb4
05c558
03f66e
019296
feacfe
fb6906
f7f43a
f47ebc
f13496
ee389a
eba0ee
e97626
e7b556
e65456
e546c0
e4822e
e40094
e3bfec
e3bf5a
e3fac0
e46698
e4ecac
e56b66
e5b86e
e5a61a
e50a66
e3c6ac
e1ce9a
df2cd8
dc0420
d88c26
d50b3e
d1cd3a
cf188a
cd23bc
cc0df4
cbda84
cc7020
cd9c42
cf1aae
d09f90
d1e334
d2acb6
d2d9b2
d261fc
d155ec
cfd784
ce1050
cc26ae
ca34c8
c8436e
c649de
c43354
c1e9b4
bf61e4
bca694
b9defe
b74f0e
b54f6e
b43ed0
b46fbc
b616e2
b93e42
bdbf2a
c34542
c95a6e
cf789a
d51d66
d9dc98
dd6d26
dfaea8
e0a79e
e07dee
df6bfa
ddb650
dba4be
d97ea0
d789cc
d60ba0
d549f6
d588a8
d702ba
d9e114
de300e
e3d610
ea8f02
f1f002
f972e0
00881a
06ac90
0b7db6
0ec78a
108a3a
10f5e6
105d42
0f23b6
0dac18
0c4a98
0b3cfe
0aab36
0aae5a
0b59ba
0cc204
0efff6
122c60
1655ba
1b72c2
215746
27afc6
2e072e
33d6b0
389cd4
3bf716
3db794
3df072
3cf1c0
3b3a26
395d26
37e426
373280
3773d8
38986c
3a5efc
3c69cc
3e58e2
3fe2d0
40e572
416ab6
41a13e
41cbea
422d52
42f47e
443026
45cbe4
47972a
4952c6
4ac07a
4bb068
4c08d0
4bc5ec
4af2e2
49a01c
47db7a
45abe4
43120a
400ede
3cad5c
390b5c
355d92
31ecc8
2f0c2e
2d0a0e
2c1d7a
2c5600
2d92ee
2f84e8
31b956
33ad20
34e35c
34fb06
33be24
3127ca
2d60c8
28b534
238516
1e337c
1917d2
14749e
1074a4
0d2c8a
0a9f4a
08c3d6
07899e
06da7e
069a34
06a528
06d042
06eade
06c1fe
0624f6
04ec5c
0300fe
005fb2
fd1a24
f95566
f54548
f124b6
ed2d2e
e98ef2
e66b2c
e3d0b6
e1bbfe
e01964
deca0e
ddab06
dc9c8e
db87cc
da635e
d935b2
d81262
d713e4
d6541a
d5e3f6
d5c346
d5dc3e
d603c6
d5ff0a
d58ea0
d47c6a
d2a816
d010ee
ccdab0
c949e8
c5b890
c28708
c00b98
be81fa
bdff7a
be6f08
bf9552
c11b2a
c29e44
c3c408
c4493e
c40c1c
c30fc2
c17762
bf7b3e
bd5bb6
bb5404
b98f32
b822bc
b70ee6
b64362
b5a820
b52794
b4b762
b45d4e
b42f20
b44db2
b4dcec
b5fb08
b7b9f0
ba1bb8
bd1282
c08390
c44c98
c848d2
cc54a8
d04f70
d41aee
d799b8
daae64
dd3bb4
df26f2
e05dda
e0ddf2
e0ba9c
e020ca
df55ce
deb074
de8d5e
df40c8
e108e8
e403c0
e82a14
ed5088
f32f5e
f96e22
ffb132
05a624
0b0b92
0fb44e
138714
1679f4
188c6c
19c49c
1a2f8e
19e338
1902b6
17c2c4
166b70
155532
14dfec
15649a
172546
1a3e26
1e9b10
23f532
29da92
2fbee2
351296
395b0a
3c47c4
3dc0e4
3de964
3d1544
3bb6cc
3a4684
392a7c
38a326
38c174
396944
3a5eac
3b586e
3c13a0
3c6566
3c4516
3bcc40
3b2ec2
3aac7c
3a7fce
3ace94
3ba078
3cdcbc
3e50d8
3fbd08
40e24e
418ed2
41a5b6
412076
400a62
3e7860
3c80ee
3a3698
37a564
34d458
31cb64
2e9a6a
2b5f02
284742
258dfe
23713c
2225a2
21c80c
22516a
239322
253c28
26e4c2
281fe6
288eca
27f16c
263094
235f92
1fb606
1b8392
171f80
12d8d6
0eeb82
0b7bea
089910
06433c
047394
032240
02497e
01e332
01e31a
0231ec
02aaa6
031ad6
0348b2
02fd54
02101c
00707c
fe2bec
fb6d42
f874fa
f58c00
f2f494
f0dd18
ef583e
ee5c6c
edc97c
ed7256
ed28ee
ecc9e8
ec4382
eb96f4
ead574
ea1950
e97d66
e91628
e8ed20
e8ff22
e93d94
e99144
e9de00
ea0700
e9f272
e98b2e
e8c26a
e79248
e6005e
e41f3a
e20e8c
dff954
de118a
dc88ec
db87f4
db2490
db5bd6
dc10b0
dd0f70
de15a8
dedede
df320a
deeb44
de0130
dc85a0
da9f64
d87f7a
d6556e
d444e6
d25f06
d0a290
cf01b8
cd6b58
cbd630
ca4a90
c8e5c6
c7d718
c757f4
c7a056
c8d92e
cb1144
ce37be
d21c3a
d674e6
dae9de
df21fa
e2ce2c
e5b32a
e7aed0
e8b766
e8d86a
e82eec
e6e510
e52e52
e346a2
e17254
dffbfe
df3058
df57e0
e0ade4
e35634
e753e4
ec834a
f29994
f92b22
ffb86e
05bf00
0acbf0
0e8ce6
10db12
11bd5c
116394
101c3a
0e462c
0c41cc
0a65c8
08f868
082dde
082ac6
0907fa
0ad522
0d987e
114b86
15d512
1b035e
208980
26033c
2affb4
2f11ac
31e39e
334a4e
334fd6
3234ac
3065c0
2e67f0
2cbd62
2bcb02
2bc472
2ca442
2e3238
301440
31e61c
3352aa
342816
3461b4
3425c0
33b79e
336372
33692e
33ec46
34ebfa
364660
37c436
392894
3a3fe8
3ae9fc
3b1c50
3adc4c
3a35d8
393280
37d392
36114c
33e0fe
313eca
2e36ea
2aecdc
279ca6
2492c8
221dde
207e16
1fd4ac
20184a
211420
2270ac
23c366
24a240
24b748
23ce26
21d9a8
1ef200
1b4c4a
172da0
12de10
0e9e40
0aa064
070638
03e3fe
014482
ff2c0a
fd9a8e
fc8b8c
fbf350
fbbbac
fbc242
fbd956
fbcc0a
fb6530
fa76d8
f8e264
f69ef8
f3bc48
f06170
ecc880
e9360c
e5ee16
e3296a
e10cfc
dfa3ea
deddd4
de92bc
de8a74
de86b4
de4f74
ddbe02
dcc3c0
db6cb6
d9ddb0
d84c5a
d6f32e
d604fe
d5a174
d5cc7e
d66c2c
d74d78
d82e26
d8c9cc
d8e78c
d86528
d73d0e
d586c0
d371de
d13caa
cf288e
cd6faa
cc3c90
cba4d2
cba848
cc34d2
cd2c30
ce69de
cfc838
d123f8
d25d60
d3578e
d3f7f4
d4272e
d3d272
d2ed2e
d173b8
cf6e52
ccf2b4
ca247e
c734b4
c45f1a
c1e5c8
c00c12
bf1048
bf252a
c06c28
c2f170
c6a960
cb6f64
d10670
d71c9a
dd511e
e33b92
e874ae
eca018
ef75ea
f0cac8
f09580
eef1c2
ec1fae
e8807e
e48f98
e0d840
dde84e
dc411c
dc4868
de3b0c
e222e2
e7d25e
eee742
f6d412
fef050
068dda
0d105a
12020c
152228
166abe
160d60
146714
11ee8c
0f2134
0c7272
0a3f44
08c8f6
08367a
08993a
09f36c
0c3d78
0f672e
1354f8
17dbfa
1cbf68
21b0f4
265724
2a59f2
2d72b6
2f7af8
3076f2
309804
30347a
2fb5b0
2f8188
2fe302
30f7b6
32a82e
34ae16
36a600
38284e
38e38a
38b0c6
379da4
35ea24
33fabc
324228
312926
30f96e
31d066
339c00
36223c
390f9c
3c07ba
3eb430
40cf2e
422702
429bbe
421b7c
409fca
3e2d2c
3ad55c
36bbbe
3218f0
2d3ace
28802c
244fc8
210a56
1efa66
1e45e2
1ee488
209dc6
230f7e
25bce0
28219a
29c5b0
2a4e9e
298abc
2774ec
243128
2003b6
1b45b8
165890
11995c
0d56f0
09cbe6
071bcc
055292
04666e
043b5c
04a7a6
05789a
067710
076ba8
0823b6
0875c6
08442e
077e42
0620b2
043546
01d19c
ff15dc
fc2ada
f93e8c
f67f72
f41780
f22688
f0bcea
efd886
ef6424
ef3950
ef260e
eef6e6
ee8170
edad1c
ec7936
eafecc
e96cc2
e7fe3a
e6ed76
e666ae
e67d28
e7249c
e83114
e95e62
ea5cc8
eadff6
eaad5c
e9a72e
e7d1e0
e5533e
e26b86
df6a40
dca17a
da59ce
d8c880
d808b6
d81a2c
d8e4bc
da3d92
dbed14
ddb67a
df5e6c
e0aeca
e179a0
e19c22
e10060
df9e7c
dd7dbe
dab478
d76692
d3c39c
d004ba
cc69e8
c9361e
c6ab64
c506a8
c47a2e
c52802
c71e4c
ca5444
cea740
d3da6a
d99a68
df8376
e529bc
ea23e6
ee1702
f0c142
f201a4
f1dbc8
f076d6
ee17d6
eb19de
e7e4e8
e4e2ec
e2767a
e0f428
e09c9e
e197da
e3f304
e79ef4
ec6f72
f21da4
f84cd6
fe9160
047b80
09a4a6
0dbb7a
108db2
120e4e
125620
119d50
10309c
0e656e
0c8daa
0aee2e
09ba42
09136e
090bc2
09aacc
0af1fa
0cdcbe
0f5ed4
1261b2
15c0e8
1948f8
1cbc16
1fda80
226cd0
244fb4
257cb4
260c68
263178
262cba
263cdc
268d98
272ad2
27fc4a
28cba2
29526e
294d40
288f18
270fb6
24f156
227ca4
2013a6
1e1f14
1cfa02
1cdfe4
1de206
1fe5fc
22ab7a
25d844
29075c
2bd6c4
2df1e2
2f1730
2f19ea
2de29e
2b6fec
27d6e4
234408
1dfc0e
1859a0
12c7e4
0db98c
099bd6
06c7de
057512
05ae38
074c30
09f94e
0d3c7c
108a62
13593a
1533fa
15c9ce
14f706
12c5b4
0f6870
0b30f8
06833e
01c756
fd5d52
f99496
f6a61e
f4b1ba
f3be5e
f3bd46
f48d7c
f5ffa2
f7da70
f9dee6
fbcc82
fd6732
fe7c9c
fee7a2
fe947c
fd83e6
fbca7c
f98e8e
f70518
f46b24
f1fcba
efec88
ee5c5a
ed5708
eccf30
eca2e0
eca274
ec9aa4
ec60bc
ebdd82
eb130a
ea1d1e
e92c78
e87c56
e84492
e8abe4
e9bcb0
eb5fa0
ed5df6
ef6a78
f12f14
f25d30
f2bb98
f22f3e
f0bebe
ee8ed6
ebd8da
e8dfea
e5e6ac
e3265e
e0cacc
def2fc
ddb220
dd1122
dd113e
ddac22
ded0e2
e0613c
e2306e
e40322
e5932c
e69880
e6d41a
e61a7a
e45ce4
e1adf0
de3e38
da5422
d641a4
d257da
cedbf8
cc01bc
c9ea7a
c8a78e
c84052
c8b826
ca1188
cc4e80
cf6d18
d35fd2
d80672
dd29d8
e27a74
e793f2
ec0820
ef6dda
f1709a
f1def6
f0b468
ee1c50
ea6eea
e62856
e1d9aa
de1786
db6950
da3a32
daccaa
dd341a
e15472
e6e612
ed7e2c
f49ba0
fbb5a8
024a5c
07ec2e
0c4bbe
0f3d2a
10b9b6
10dcda
0fdcae
0e0172
0b9e38
090a08
069a36
049ea2
035efc
03175a
03f36e
060822
094db2
0d9c1c
12aa9c
1814b4
1d6626
222b9e
2604d2
28b550
2a2fd0
2a9884
2a3d40
2984aa
28d7d8
288c08
28d118
29a8f2
2aea7c
2c4f9c
2d8968
2e550a
2e8d32
2e33a0
2d7044
2c8704
2bc7c4
2b7bc8
2bd5be
2ce8e0
2ea71c
30e5e4
336978
35f1a4
3842b6
3a2b3a
3b8610
3c36f6
3c2656
3b4120
397b1c
36d314
335a4a
2f3ae0
2ab8ea
262f2a
220700
1ea912
1c6b6a
1b823a
1bf472
1d9614
200d3a
22e078
258902
278660
2871e8
280c86
264408
2331f2
1f1454
1a4122
151934
0ffcce
0b408e
072678
03dc52
017b4e
000822
ff75e4
ffa8f2
007872
01b078
031536
04668a
0565a0
05dbb6
05a01c
049d50
02d50c
006132
fd70b8
fa415a
f71706
f431ac
f1c328
efe780
eea1a2
eddc2e
ed6e18
ed22e4
ecc54c
ec2a96
eb3bec
e9fb22
e88268
e6ff1c
e5a852
e4b34c
e44864
e479ae
e53dc8
e67008
e7d532
e92530
ea18ea
ea7686
ea19fe
e8fb0e
e72df0
e4dddc
e2451e
dfa428
dd383a
db3418
d9bbd8
d8e292
d8aaf4
d90a42
d9eb42
db30e8
dcb87c
de5a88
dfeac0
e13972
e21792
e25c02
e1e8e6
e0b17c
debe56
dc2d1c
d92d64
d5fbe2
d2daf4
d00a3e
cdc072
cc26c6
cb56a4
cb5af8
cc3400
cddadc
d04434
d360a0
d71a98
db5386
dfe094
e4889a
e905a6
ed0a20
f048a4
f27eda
f380de
f34204
f1d974
ef82c4
ec995c
e98e7e
e6dbb2
e4f41a
e43686
e4e1f8
e70e1a
eaa8b8
ef7826
f52230
fb36b0
013c34
06bdca
0b581c
0ec328
10d862
119540
11190e
0f9f30
0d775a
0afc0a
088878
067046
04f85c
0451be
049706
05cb7e
07db72
0a9e60
0ddab4
114b28
14a6d4
17aad4
1a22d4
1bf0a2
1d1148
1d9c88
1dbee8
1db014
1da6ae
1dcb70
1e2f14
1ec5c8
1f690e
1fe11c
1ff4ae
1f7976
1e6040
1cbbce
1ac030
18b8d6
16f9ee
15d12c
15765e
16005e
17631e
197472
1bf4ae
1e9b62
212400
235526
2502d8
260d62
265ce0
25dd48
247f00
223bae
1f1d7a
1b469e
16f622
1286b4
0e6734
0b0cba
08dfa6
08275e
08fa62
0b3640
0e816a
12583c
16231a
194f58
1b65f6
1c1cfc
1b5f3a
1948d2
161ca0
12353a
0df40e
09b344
05bc96
024536
ff6eca
fd4bce
fbe3b8
fb3560
fb374e
fbd634
fcf39e
fe653c
fff574
01680a
028208
031224
02f86c
022b62
00b8ba
fec2d2
fc7b8c
fa1b3e
f7d6ae
f5d72c
f4348e
f2f278
f2027a
f14972
f0a594
eff4ba
ef1ba0
ee0cb0
eccbba
eb6e26
ea17e4
e8f4dc
e83034
e7ebdc
e8385c
e90e18
ea4bb0
ebb97c
ed1126
ee09a4
ee64a0
edf932
ecbb5e
eabe98
e83142
e553c2
e26d86
dfc0f8
dd823e
dbd364
dac430
da547e
da7948
db224c
dc3d64
ddb686
df7584
e15a4c
e339a0
e4dd54
e608da
e680d6
e615e4
e4afce
e2542c
df2780
db6a5e
d77118
d39774
d03510
cd93f6
cbe94a
cb52da
cbd934
cd7374
d00bae
d3827e
d7b01e
dc6364
e160fa
e663d8
eb1fc6
ef4642
f28e94
f4bfbc
f5b8ce
f57694
f415d0
f1d08a
eef78a
ebea92
e90f10
e6c66c
e56646
e53256
e65744
e8e6ea
ecd5bc
f1f950
f808e4
fea0b6
0549a6
0b8528
10dad4
14e6d0
176778
1846a6
179d3c
15b0f0
12eabc
0fc7ec
0cca22
0a6732
08fb16
08bf28
09c664
0bfe18
0f33ac
131d7c
1764a8
1bafec
1faebe
2322b8
25e656
27f068
295348
2a36b4
2acd0e
2b47c4
2bccc6
2c6d66
2d2162
2dc8ec
2e3494
2e3208
2d9b66
2c6390
2a9ce2
287948
26430e
24502c
22f33c
226cbe
22dfb0
244ca2
2692e4
297694
2caab2
2fdc0e
32ba70
34ff94
367334
36ec50
365188
349a7a
31d2be
2e1ce2
29b3a4
24e89e
201e96
1bbf14
182dc0
15ba68
1493da
14bfda
161996
185552
1b0ab6
1dc4a0
20115c
219146
220250
2145b4
1f5f8c
1c7264
18b8ba
147d04
10115e
0bc74e
07e8b0
04b1f0
024d7e
00d16c
003dca
007c14
016264
02b922
044142
05bb4c
06ee2e
07abfa
07d58e
075ca6
0642cc
0496dc
027282
fff7a4
fd4df2
fa9fba
f8154a
f5d0b0
f3e9b2
f269c2
f14aa0
f0776a
efcf9e
ef2e18
ee730e
ed8cd0
ec7dd8
eb5e4c
ea5718
e998ac
e94f1e
e99560
ea6b52
ebb11e
ed29c4
ee85a0
ef720a
efa956
ef00aa
ed703a
eb13d6
e824a4
e4ed62
e1bc18
ded626
dc700a
daa91c
d98ce4
d9177e
d93a48
d9e0a6
daf2a2
dc5452
dde3d6
df775c
e0dc58
e1dae2
e23cc0
e1d558
e08a28
de595a
db5af6
d7bd7e
d3bf66
cfa664
cbb6a8
c82c92
c539c6
c30540
c1ad02
c1488a
c1eaa6
c3a00c
c66a9c
ca3bd2
ceeed8
d44458
d9e3a2
df60ea
e44798
e8282a
eaa736
eb8a12
eabfd2
e864b0
e4bf8a
e03b3e
db5cd4
d6b6ca
d2dbc8
d05174
cf835a
d0b712
d4039e
d94c6e
e040fc
e8621c
f10dca
f99080
013a4c
07746a
0bd35c
0e231c
0e6ba8
0ced08
0a1398
0667aa
027b20
fed80a
fbf3d4
fa27c0
f9ad42
fa9d52
fcf240
0089d6
05288a
0a7dec
102aba
15c8fa
1af70e
1f6448
22dc56
254e50
26ce14
278ef4
27d804
27f3be
281f0e
287b54
29074e
29a1dc
2a1580
2a29c8
29b61c
28affe
273164
2576e4
23d5b8
22ab0a
224940
22e75c
2495bc
273b22
2a9984
2e582a
321132
355fd8
37eb78
396e6e
39b972
38b43e
365e14
32cf62
2e3aca
28ecd0
234940
1dc440
18d710
14f23a
126e68
117dea
122320
142d8c
173e68
1ad4f0
1e6080
2154dc
233cf0
23c8f0
22d5e6
206e12
1cc2fa
1823b8
12f16a
0d9356
086c9e
03d42c
000e42
fd4822
fb965e
faf450
fb4508
fc56ae
fde80e
ffafae
0163be
02c1e6
0395ba
03bd6e
032c2e
01e966
000d3c
fdbbca
fb1fbe
f864fe
f5b476
f330a6
f0f288
ef080e
ed7406
ec2e4c
eb256e
ea4206
e96b38
e88ce8
e79e4c
e6a5a0
e5b7d8
e4f49a
e47ed6
e473a0
e4e0ee
e5bda6
e6e684
e8216e
e9264a
e9ad16
e97d6a
e87a5e
e6a98c
e43392
e15bf2
de745c
dbce92
d9ae14
d83e74
d790f4
d79e86
d84d72
d979c0
dafd00
dcb346
de7cfa
e03d00
e1d590
e3264a
e40cce
e468f6
e42330
e332b8
e1a2b8
df9368
dd3552
dac14e
d86f10
d66b94
d4d3be
d3b432
d30cca
d2d8e6
d31974
d3db8c
d53a7a
d75bb0
da6386
de66c4
e35dbc
e91af2
ef48b8
f56f90
fb045e
ff7ce0
02660c
03773e
029f90
000ab8
fc1ca0
f76566
f28fb2
ee4ba0
eb3a18
e9dade
ea7eda
ed4058
f200c6
f86c40
00034e
082894
103140
177798
1d6cb8
21a6b2
23eb3e
2434b2
22b050
1fb72a
1bc272
175c96
1311e2
0f6238
0cb4e2
0b50bc
0b5802
0cc6e4
0f75c6
131f8e
176a4a
1bf232
2056b0
24464c
27884e
2a02d8
2bbb88
2cd17e
2d72bc
2dcf46
2e0bec
2e3844
2e4aae
2e22f6
2d93ca
2c7226
2aa5ee
283624
254e32
223aa8
1f5db6
1d1eca
1bd8ec
1bc9fe
1d0688
1f7612
22d7d0
26cc9a
2ae4c6
2eaf54
31c680
33d80a
34aa78
341e80
322df8
2eeb98
2a83f4
253cd0
1f72dc
19951a
141bba
0f7b7c
0c1880
0a38a2
09f7c6
0b4234
0dd5d4
11494e
1519d6
18bd32
1bb36c
1d9642
1e246e
1d4602
1b0afa
17a644
1365ac
0ea794
09d0a2
0541fc
015058
fe3d00
fc3126
fb3b64
fb4f82
fc4872
fded10
fff77c
021d58
041748
05a7e4
06a0f2
06e684
06701a
054782
0385c0
014f54
fed056
fc3852
f9b558
f76e92
f57f9a
f3f53a
f2cbce
f1f098
f14656
f0ac16
f00570
ef4328
ee68d0
ed8d34
ecd5a2
ec6c70
ec74a4
ecfe16
edfc50
ef42d8
f0898c
f17892
f1b8ac
f10508
ef3a94
ec6034
e8a70c
e46362
dffe36
dbe360
d87160
d5ecd8
d478d6
d4160a
d4a718
d5f772
d7c3dc
d9c2ec
dbaaf2
dd367a
de2862
de4fb6
dd8c44
dbd3d2
d93582
d5da6e
d20300
cdff3a
ca22f0
c6b8b2
c3f646
c1f5ac
c0b48e
c01a04
c001ae
c04980
c0de34
c1c338
c3132a
c4f834
c79eae
cb24e6
cf8bd8
d4ad78
da3b14
dfc3f8
e4c4de
e8bc36
eb3e6c
ec084c
eb0b8a
e87292
e49d3a
e017a0
db8a64
d7a75a
d515ba
d45eb4
d5dce0
d9b0ac
dfba60
e79b42
f0be74
fa6896
03cd10
0c262a
12cc1c
1748a0
196462
192ba8
16e9c6
131ce4
0e6482
096dbe
04dfc8
014b5e
ff1eb4
fe9dae
ffdeb8
02cc4c
072934
0c9834
12a78e
18de56
1ec9ea
240b22
286042
2ba9bc
2de9fe
2f3f28
2fd72c
2fe2dc
2f8a70
2ee5cc
2dfaf4
2cc314
2b33d4
294ae0
27188a
24c4e0
228d30
20baec
1f962a
1f577c
201cca
21e330
2486e6
27c916
2b5a5a
2ee66a
321dca
34bc2e
368ba6
376468
372b4e
35d15e
335546
2fc698
2b4aa4
262024
209ea4
1b30c0
164934
125408
0fa6e8
0e7414
0ec23c
106b38
1321a0
167b9a
1a0122
1d3b76
1fc23e
2144e6
21909a
2091f8
1e52ec
1af75c
16b952
11e404
0ccdd8
07d1f6
03484c
ff7cfa
fca8e2
faec24
fa4ac0
faacf6
fbe3ce
fdafba
ffc842
01e3b6
03bd8c
051b28
05cf9e
05be4e
04dc4e
033122
00d68e
fdf6fc
faca22
f78f08
f483f4
f1dd22
efbc64
ee2c12
ed1f38
ec7672
ec093c
ebb256
eb5afe
eb017e
eab9b4
eaa648
eaec72
eba5bc
ecd352
ee568e
eff1a2
f15118
f21c3a
f208c0
f0eb9c
eec380
ebbb32
e82204
e45cfe
e0d538
dde65e
dbd13e
dab618
da95a8
db56ac
dcceb6
decae0
e11584
e37944
e5c17e
e7b906
e92a62
e9e3ae
e9bd42
e8a1ce
e695ee
e3bbd0
e0511c
dca6c0
d91430
d5e87a
d35d44
d18f1e
d07d00
d00f0a
d022ce
d09a10
d16712
d292dc
d43bf8
d68d44
d9aed4
ddb5a4
e295ee
e81bac
edebf8
f38f74
f8832a
fc4cb6
fe8e4a
ff15f0
fde5be
fb353e
f76b5a
f3122e
eec7a2
eb2c2a
e8d162
e82b18
e98354
ecf174
f255d2
f95b08
017c86
0a1310
12661e
19c030
1f83d2
233eae
24b7da
23f6ce
21417e
1d1208
1805f8
12c970
0e01ec
0a3bce
07dc6c
071a74
07fd2e
0a6168
0e02ba
1287dc
178f46
1cbb06
21ba5e
264f56
2a5032
2da636
3049ce
323caa
338390
342188
341592
335b96
31f018
2fd618
2d1d60
29e7e2
266c34
22f2f0
1fcf44
1d54c0
1bcc42
1b6920
1c41b4
1e4bec
215dba
2531e2
296fd4
2db48c
319c02
34c96e
36ed34
37c9da
373866
352bba
31b3ec
2d0086
275fbc
213ab6
1b0dd8
155c0e
109f7a
0d3a6c
0b6a74
0b3fae
0c9a82
0f3014
129442
16478c
19c71a
1c9bba
1e6582
1ee396
1df7fa
1ba6ba
181236
13769a
0e23d2
087654
02d004
fd9036
f90ae2
f58126
f31b48
f1e48e
f1cab2
f2a110
f426c8
f60f4c
f80b8c
f9d1b2
fb23ce
fbd4e4
fbcb42
fb0002
f97d18
f75a96
f4babe
f1c5ce
eea63c
eb846a
e8822a
e5b854
e3360a
e10108
df190e
dd7d2a
dc3056
db3cc2
dab556
dab234
db48ea
dc839e
de58bc
e0a4bc
e32944
e592e8
e78434
e8a4ec
e8b29a
e78dc4
e540c6
e1ff60
de1f0e
da0956
d62bc6
d2e8c0
d08b72
cf41c2
cf1baa
d00d56
d1f398
d49998
d7bd5e
db134c
de4a0e
e10ea2
e311c8
e4114a
e3e2b6
e27ba2
dff690
dc92d8
d8acce
d4af78
d10420
ce0144
cbdcce
caa72c
ca4f4c
caac4e
cb8ce4
ccc85e
ce4aa4
d01892
d24d88
d510e4
d885e4
dcbbce
e1a1cc
e700b4
ec7dee
f1a6ee
f6017a
f91e44
faaaec
fa7f9a
f8a674
f55d00
f10f64
ec4dd8
e7be08
e409b6
e1cc12
e1802a
e37202
e7b2e8
ee13e4
f62840
ff4f78
08c5cc
11bb00
196b28
1f357a
22af34
23af66
2250fe
1eec36
1a096a
144f0a
0e6dee
090f04
04c2e8
01f5cc
00e8aa
01aebe
042ea0
0827dc
0d3bee
12f94c
18e88c
1e99fe
23b04c
27e784
2b1908
2d39e6
2e539a
2e7b66
2dcad2
2c5a12
2a3dee
278a86
2458c6
20ccbc
1d1b3a
198ac4
166df2
1418ea
12d482
12d12a
141d2c
16a0d4
1a20e6
1e46fc
22adfc
26ef3e
2aad9a
2d9d30
2f86e2
3047aa
2fce84
2e1aa0
2b3a3c
274bb6
228042
1d1da2
177d3e
12073e
0d28a0
094616
06af54
0593ea
05fc16
07c81c
0ab4e4
0e64b2
126b80
165be4
19d088
1c72e8
1e00b4
1e4e76
1d47a4
1aefe6
17650c
12df1a
0dae7c
0838b0
02f026
fe4712
faa1e4
f84a54
f763d8
f7e614
f99ec2
fc397a
ff4c82
0268de
0529d0
07410a
087e46
08d0fe
0844f2
06fac0
051e88
02df56
0068d6
fddf08
fb5c14
f8f116
f6a8b6
f48a46
f29d48
f0ece0
ef899e
ee893e
ee04c2
ee143e
eec8b6
f025f4
f21d36
f48930
f72e60
f9c044
fbe95e
fd567c
fdc44a
fd0a90
fb229a
f82950
f45bce
f00e26
eba054
e772da
e3dbb8
e11e26
df6692
dec93e
df41dc
e0b488
e2f0c8
e5b506
e8b1c8
eb8e9e
edf20c
ef8bb8
f01ebc
ef8b00
edd326
eb1d0a
e7abba
e3d44c
dfefb6
dc4c46
d92272
d69056
d49bae
d33944
d25904
d1f2aa
d20e00
d2c4ec
d43ee8
d6a5be
da1652
de91ea
e3f36a
e9ebaa
f00676
f5b770
fa6d2a
fda6e4
ff0882
fe69c8
fbdf62
f7bba6
f28654
eced5a
e7b120
e38e30
e126a4
e0eec0
e31f3a
e7adf2
ee4e5e
f67a56
ff81d0
089f12
110d76
181f60
1d4ff8
204f26
21071c
1f9ad4
1c5e40
17ca08
126d58
0cdfc2
07b424
036cee
007308
ff0f36
ff65c6
0174f0
051638
0a02c2
0fda8a
162ec0
1c8cf6
22896e
27c828
2c0350
2f0dea
30d2c2
3151be
309bde
2ecf5c
2c158c
28a214
24b254
208d76
1c835e
18e820
160caa
1435d8
139356
143812
1616b6
1902b4
1cb56e
20d708
2508d6
28ef98
2c3bc4
2eaec6
301d2e
306e38
2f99c0
2da63c
2aa7c8
26c01c
221e64
1cff82
17ad38
127a88
0dbd0a
09c542
06d690
051f22
04b1f4
058412
076c98
0a275a
0d5af4
10a09c
138c9c
15b7ec
16ca26
16827e
14bf2c
1182c4
0cf594
0762c0
013168
fad9e4
f4d7c8
ef9b48
eb7c8a
e8b238
e74cc6
e73752
e83d7a
ea1490
ec665e
eedb48
f12296
f2f880
f429bc
f49502
f42b36
f2eeb8
f0f23c
ee5752
eb4b68
e80382
e4b770
e19c76
dee01a
dca462
dafe10
d9f56e
d988ce
d9b028
da6072
db8da4
dd2a86
df26f6
e16d16
e3de20
e65174
e896ca
ea7a60
ebcb02
ec61ce
ec2892
eb1d52
e9531a
e6f012
e42908
e13bda
de69ac
dbf174
da0b84
d8e626
d8a1d0
d94d7a
dae3ac
dd4862
e04840
e39ad8
e6e8d2
e9d598
ec0b62
ed47f2
ed66ae
ec6604
ea66c0
e7a55c
e46f10
e114fe
dde084
db0b88
d8bdf6
d70fb4
d60ec8
d5c722
d64822
d7a5b0
d9f536
dd45fc
e196b2
e6cbba
eca986
f2d408
f8d540
fe2ad8
0257ec
04f6ce
05c872
04bf2e
020242
fdea44
f8f7bc
f3c4c8
eef3fc
eb1f6c
e8c964
e84fc6
e9e3ec
ed86aa
f30834
fa0bfc
02100c
0a771e
129690
19c69e
1f7288
23283e
24a5fe
23e306
21119a
1c9a44
17104c
112098
0b7d64
06c8f8
0382bc
01f9a0
0245ce
044a2c
07bd8a
0c3976
114b4a
168448
1b864c
200ac6
23e366
26f66e
293862
2aa44a
2b35b2
2ae6f2
29b3c6
279ea0
24b7a0
2122d6
1d1afc
18ef46
14fcd0
11a390
0f3900
0dfbec
0e0c24
0f6646
11e4e0
1546a0
19376c
1d5a30
215268
24cbc8
277f9e
29384a
29d2e6
294014
2784b2
24ba0a
210cd6
1cbb22
181074
135fba
0efb64
0b2d38
082f94
062874
0526f0
052426
06065c
07a4a0
09cade
0c3dbc
0ebd6a
110814
12dd1e
140106
144286
1380a8
11b0cc
0ee312
0b43a2
071790
02b5da
fe7ce2
fac57e
f7d6e0
f5ddf2
f4e8ba
f4e65c
f5acbc
f70138
f8a1e0
fa4e26
fbce4c
fcf802
fdaffe
fde91c
fda23e
fce38c
fbbbda
fa3e4a
f88078
f698c2
f49d0a
f2a246
f0bbfa
eefbe6
ed731e
ec33d2
eb51b2
eae102
eaf4c4
eb9b2e
ecd8b0
eea320
f0de52
f35b96
f5dd42
f81db8
f9d872
fad470
faed88
fa19ba
f86a74
f609a4
f332f6
f02ad0
ed351a
ea8d92
e862ae
e6d378
e5ef72
e5b804
e62246
e71898
e87bae
ea2394
ebe1a2
ed842c
eedb6c
efbf2c
f0142c
efcfd2
eef8a8
eda3ae
ebeee0
e9faae
e7e478
e5c2fc
e3a658
e19c86
dfb7e0
de1580
dce1f6
dc595c
dcc0ae
de5970
e151dc
e5b4da
eb5dac
f1f2ea
f8eada
ff99de
054946
095228
0b382c
0abf32
07f786
033f52
fd38d2
f6b54c
f0991a
ebbe5a
e8d94a
e86196
ea852c
ef257a
f5dda8
fe10d4
06fee4
0fdb8c
17e4d0
1e777c
231ea4
259c54
25ec36
243fee
20f60e
1c8d5a
179630
12a338
0e3b20
0acc34
08a2f8
07e4f0
089024
0a7f0c
0d6fc4
110e2c
14ffe8
18efd6
1c970e
1fc30e
225778
244b0e
25a1f0
26668c
26a194
26549c
257972
24055e
21ef02
1f365e
1beca6
18394a
145a8e
10a044
0d6214
0af37a
099714
097358
0a8c28
0cc1ce
0fd4a2
136d42
1727f8
1aa05c
1d7b4e
1f6ed0
2046f0
1fe73a
1e4a8e
1b8244
17b450
1318d8
0df810
08a6fe
0381f8
fee576
fb2650
f88900
f7390c
f74294
f88f2e
fae682
fdf2e8
0149de
0477e2
070e0c
08af06
0919ae
0830e6
05ff32
02b4a0
fe9fcc
fa238c
f5aa3e
f19830
ee3f66
ebd67c
ea73c6
ea0dc6
ea8022
eb93d8
ed091e
eea14c
f0275a
f174be
f27228
f3159e
f35f8a
f3564e
f30176
f266e4
f18a1a
f06c26
ef0d10
ed6eb6
eb97b2
e99552
e77cba
e56ae4
e38390
e1eefc
e0d678
e05f98
e0a6dc
e1ba22
e39398
e61606
e90c5c
ec2d72
ef23ac
f197c8
f33d10
f3dcd8
f35f44
f1cfb2
ef5b86
ec4ba4
e8f9da
e5c3c6
e2fda2
e0e800
dfa962
df4c8e
dfc2ca
e0e8f8
e28e68
e47be6
e67982
e85300
e9dc12
eaf36c
eb84a0
eb8938
eb08fa
ea17d2
e8d1ce
e7567a
e5c3b0
e430b6
e2abbc
e13b54
dfe2da
dea8fe
dd9f86
dce92e
dcbaa0
dd5564
defd30
e1e824
e62d54
ebb63a
f2373c
f931b6
000060
05ed30
0a4c94
0c9960
0c8c8c
0a2ba6
05cb3c
00050e
f9a3fe
f38916
ee8e1c
eb6a06
ea9b9a
ec5cc0
f09e80
f70d72
ff1d52
0819dc
113a54
19b5ca
20d678
260b3c
28f668
297738
27acb6
23f21a
1ed478
190220
133600
0e21a0
0a586a
083fc0
080606
09a120
0cd49e
113e48
166670
1bd0de
210bec
25bb9e
299f10
2c909a
2e82c6
2f7afe
2f8b28
2ecc4a
2d5af0
2b5514
28d9c4
2609f8
230922
1ffd7a
1d1064
1a6d44
183ed8
16ac52
15d660
15d3ec
16af32
186364
1adad2
1dee36
2165ba
24fb78
286058
2b431e
2d57f6
2e5ffa
2e30aa
2cb972
2a05bc
263c9e
219dd8
1c7bda
173416
12270c
0daf92
0a1a9e
07a0fc
0662c8
0663f0
078b0e
09a2b8
0c5cf6
0f5980
122e72
14729e
15c868
15e896
14ab32
120d1c
0e313c
095d14
03f09c
fe5af8
f90daa
f46f6a
f0d06e
ee6222
ed3324
ed2f7e
ee253a
efcc8e
f1d196
f3de9c
f5a5f0
f6e9f6
f781e4
f75b6a
f6797c
f4f09a
f2e0f6
f06fca
edc16a
eaf582
e82554
e563fe
e2c0e6
e04bc0
de180a
dc3eb2
daddbe
da1504
da0048
dab0b0
dc2692
de4c74
e0f584
e3e0be
e6bf86
e93f4c
eb151a
ec084e
ebfa52
eaeaea
e8f8be
e65d4c
e36508
e0655c
ddb252
db9516
da4410
d9dcea
da61aa
dbb98a
ddb4c8
e01278
e2886a
e4ccfc
e6a0cc
e7d6ec
e85a80
e830e0
e7772e
e65bda
e51512
e3d602
e2c594
e1f8be
e1717a
e12306
e0faa2
e0ea0c
e0f186
e12682
e1b432
e2d5cc
e4cb56
e7c9fe
ebec2a
f1259c
f73d62
fdcefa
0454be
0a395e
0eecac
11f8f4
1315d6
1234fe
0f86cc
0b76cc
069fca
01b9b4
fd8428
faaf40
f9c5dc
fb1cfc
fec92a
049aa0
0c21c4
14bb9a
1da446
260dcc
2d3894
32899c
359c0e
364c2e
34b9d8
3141da
2c7004
26ec50
216590
1c7ca0
18b320
165fa2
15a820
168328
18beae
1c0a7c
2004ba
24467e
286ec8
2c2b16
2f3cb2
317a80
32d050
333c70
32cb98
3193d0
2fb064
2d3f12
2a5e16
272b52
23c4b0
204904
1cd8f4
199768
16a8b0
143084
124f40
111e70
10ad0a
10fc88
11ff0e
1396ea
15980e
17cb8a
19f3ec
1bd25c
1d2bd2
1dcde0
1d92e0
1c652a
1a40ea
1734aa
136134
0ef88a
0a3b7e
0575b8
00f846
fd133a
fa0e2a
f82040
f768ee
f7ea6c
f986be
fbfffc
fefd20
02132c
04d168
06cee4
07b7aa
07580e
05a39e
02b62c
fecf3a
fa48d0
f58ae6
f0fd20
ecf982
e9c20a
e77b08
e62aa6
e5bcbc
e609e6
e6e0a4
e80e0c
e9640e
eabce2
ebfba0
ed0a74
edd84a
ee5642
ee755e
ee2684
ed5ce2
ec10d4
ea4350
e80190
e56686
e29968
dfcac6
dd2fe4
dafc2e
d95b04
d86ad4
d839b0
d8c3e2
d9f4b2
dba850
ddaf56
dfd396
e1dd42
e39862
e4d9b6
e582c4
e58480
e4e0f8
e3ab42
e205c0
e01ea8
de2ac4
dc5f1c
daead8
d9f1f0
d9890a
d9b392
da6420
db7ed8
dcdd8e
de551a
dfbb06
e0eb04
e1cb3e
e24ed2
e275f6
e24c58
e1e5d0
e15972
e0bc2c
e01d48
df851c
def608
de700a
ddf644
dd9456
dd6286
dd877a
de355e
dfa240
e1fd56
e562c2
e9d03a
ef1d98
f4fb8c
faf9c4
009466
054696
089eb6
0a5106
0a455a
089d22
05b100
0205fa
fe3bf2
faf91a
f8d512
f84620
f9937c
fcce6e
01d1bc
0846fc
0fb0c4
177890
1efeb0
25ab04
2afca6
2e971c
304c36
30213c
2e4da2
2b33ee
27558e
2342ca
1f891a
1ca24c
1ae6f4
1a864a
1b84a0
1dbfa0
20f70c
24d88a
290c2a
2d3f42
312c1c
349dc2
37703c
398ea2
3af01a
3b9454
3b80c8
3abf42
395db4
376ec0
350a62
324e26
2f5c70
2c5b84
297438
26cfe4
2495e6
22e906
21e516
219c4e
2214ce
23468a
2519c8
2766a4
29f6a0
2c881c
2ed380
30923e
31862c
31803a
3065a8
2e336c
2aff1e
26f5bc
2257ee
1d7442
18a090
143312
107ad2
0db850
0c1708
0ba804
0c5e50
0e0e74
1070f4
132834
15c9de
17eaba
192b1c
1942e2
180ae2
1581c0
11cbae
0d2d42
08021e
02b172
fda1ae
f92cac
f596a8
f30910
f19078
f11db0
f18a32
f29e54
f417ca
f5b044
f723b8
f8358c
f8b4dc
f87fa6
f784a4
f5c36a
f34b5c
f0398e
ecb5c0
e8eef2
e51830
e1656c
de0832
db2c9e
d8f6de
d7806a
d6d52a
d6f11a
d7bf26
d9198e
dacc14
dc980c
de3a98
df74c8
e013c4
dff7d0
df1924
dd895e
db70c8
d90882
d69288
d4505c
d27a12
d1378c
d09c54
d0a6c4
d14218
d24ad4
d39446
d4ef4e
d63104
d737b4
d7ee1c
d84d6a
d85d80
d832e4
d7eab0
d7a4f4
d77e48
d789f4
d7cd72
d83e46
d8c3ca
d93d78
d98c2e
d99cbc
d971d6
d92a84
d9029e
d94c3c
da627e
dc976c
e02084
e5058c
eb15e8
f1e870
f8e600
ff5d70
049ea2
0817b8
096e2e
08902e
05bae4
0173c0
fc7616
f798ee
f3b098
f170c0
f154e2
f391b4
f81062
fe7452
062a2c
0e7ca8
16ac42
1e06d0
23fbfc
282be8
2a6edc
2ad55e
29a138
27393a
241910
20bfae
1d9fb6
1b13b4
195740
1885b4
189dfe
198a18
1b27da
1d513e
1fe208
22ba16
25bd20
28d04a
2bd6a4
2eaf1c
3134fc
33428c
34b5fc
357748
357cb4
34ccf2
337e84
31b3cc
2f94c4
2d48da
2af20a
28aa12
268386
248dde
22d9e0
217d54
209478
203fd6
209e24
21c376
23af8e
264612
294b8c
2c6826
2f30ae
3134f8
3210d2
317c52
2f58da
2bb796
26d854
212140
1b1134
152eb4
0ff6c8
0bce6c
08f84e
079006
078ab6
08bbc0
0adbfa
0d9204
107ad2
1331f2
1558aa
169c8c
16bdc8
159516
131840
0f5cb2
0a976e
051934
ff471a
f98ff0
f45fc0
f0130e
eceb6e
eb0776
ea6036
eacca4
ec093c
edc260
efa02a
f15132
f292be
f335b0
f31f8c
f247fc
f0b48c
ee7464
eb9c48
e84424
e48750
e086c8
dc6b12
d864f6
d4ac6a
d17c84
cf0cac
cd885a
cd071e
cd861c
cee4e6
d0e73a
d33bb6
d58674
d76e3e
d8a9fa
d90b86
d88640
d72f8c
d53906
d2e678
d08192
ce4d6e
cc7c5a
cb2a20
ca5abe
c9fda8
c9f472
ca1acc
ca4e56
ca752a
ca815e
ca7150
ca4e00
ca280a
ca13c4
ca2576
ca6dd4
caf6bc
cbc0d6
ccc212
cde502
cf0ae4
d01134
d0d898
d14d20
d16f90
d15c70
d14dc0
d1969a
d29808
d4af40
d820f8
dd0608
e33d42
ea675c
f1ef50
f91e26
ff3742
0398bc
05d94c
05ddb4
03e168
006fe2
fc4fb0
f86402
f589fc
f476fe
f59f12
f92780
fee562
066752
0f08e4
180ade
20ac12
284034
2e426e
326102
34821e
34c2ee
3370c0
30fd42
2deff4
2ad5f6
2831ca
266d0a
25cd26
266d48
283f1a
2b116a
2e9a9a
32858a
367e82
3a3d1c
3d8ad2
40460e
426082
43daec
44c0dc
452472
451a30
44b68e
440cca
432dc2
422702
410162
3fbf8a
3e5e3a
3cd682
3b21e2
394018
373d2a
3534f2
33531c
31ce58
30de46
30ae6a
3151b6
32b8e0
34ae22
36d90a
38ca46
3a0db6
3a3ea0
3919d4
368a3e
32ad72
2dce5e
2857ec
22c388
1d86ac
19030a
157c4e
131404
11ca92
1184d2
12136c
1339a8
14b2c8
16360a
17799c
1835ce
1829d0
17220a
150010
11c226
0d8778
088fe2
0336d2
fde866
f91234
f51392
f22f72
f081a0
effaac
f0641c
f16aec
f2ae00
f3ceb2
f47fd6
f48fcc
f3ec76
f2a10e
f0ce8c
eea11a
ec44d6
e9db9a
e776d8
e516f0
e2af84
e02fee
dd8d7c
dacc52
d8048c
d5624e
d31f74
d17828
d09dee
d0ab78
d19ad4
d341e8
d5571c
d77c90
d94f94
da7a06
dac1ca
da12e4
d881f8
d6469c
d3afe6
d115f0
cecafa
cd0f6e
cc0ae8
cbc9e0
cc3fcc
cd4cbe
cec45a
d073ca
d22720
d3ad84
d4dc60
d59268
d5bbac
d554b0
d46c46
d32392
d1aa4c
d0370a
cefd1a
ce22b0
cdb9e6
cdbeba
ce1b52
ceb1d0
cf6a58
d040de
d14d66
d2c410
d4ec80
d81048
dc6350
e1ed42
e87a90
ef9970
f6a4d2
fcdc84
018610
040fb8
042ea6
01f178
fdc2e2
f85bc2
f2a798
eda0a4
ea2a48
e8f012
ea4fbe
ee506c
f4a67c
fcc1fa
05e4d8
0f3c42
17f91a
1f6618
24f972
28600c
29825e
288386
25bac4
21a786
1ce1d8
18092a
13b35c
105db4
0e6158
0ded32
0f0658
118d98
1547e4
19e84a
1f19a2
2485e8
29daca
2ecc7c
3317be
368418
38e6f2
3a273e
3a408a
394518
375dd6
34c6da
31c818
2eac4a
2bb7d0
29213a
270d0c
258e08
24a974
245d62
24a66e
2582ee
26f2c8
28f34c
2b783e
2e64d8
31874e
349858
374034
3921ae
39e892
3957e2
37557c
33f100
2f637a
2a082e
245066
1eb4b6
19a63e
1582d0
128cf6
10e780
10954c
117c9c
136b52
161b42
19371c
1c5f92
1f3120
214adc
22568a
22113a
205476
1d1d34
188ece
12f170
0cac5e
063b1a
001ed4
facece
f6aa34
f3ed08
f2a94e
f2c652
f40614
f60fc0
f87cb6
fae60e
fcf04e
fe5396
fedfb4
fe7cde
fd28f0
faf220
f7f196
f44794
f0199c
eb9214
e6e186
e23fd2
ddeb18
da23b2
d725ae
d51ff6
d42ace
d4413a
d53ea4
d6e178
d8d322
dab528
dc2ff0
dcffc0
dcfdc0
dc235a
da879c
d85732
d5c932
d313ba
d063e8
cdd9ee
cb8968
c97cde
c7ba6c
c64788
c52b1a
c46c8e
c410f4
c41778
c476e6
c51d68
c5f368
c6e012
c7ce1a
c8af1e
c97bc4
ca3012
cac668
cb32dc
cb60f4
cb365a
ca9ba4
c988ae
c811aa
c6709a
c506ac
c45308
c4df58
c7248c
cb6d0e
d1bb8c
d9bdaa
e2cf46
ec0efa
f48038
fb3542
ff795c
00f1e4
ffaf52
fc2b66
f73522
f1ce8a
ed0380
e9c17c
e8b6ce
ea3e96
ee5b6c
f4beea
fcdad6
05f7d2
0f4d5e
181866
1faeb2
258dd6
296590
2b1dce
2ad7b0
28e8d2
25d12c
222bf6
1e9c44
1bb7e6
19f406
19965a
1aadb0
1d141a
207a74
247a02
28a8a2
2cab94
3044f2
3358fa
35eb00
3813fc
39f618
3bb05c
3d54b2
3ee2b4
40488c
41684c
421f6c
424ed2
41e192
40d124
3f2714
3cfd18
3a7b94
37d742
354e9a
3325d6
31a0ea
30fbec
316242
32e548
357460
38d90a
3cb8be
409cea
4400c8
466308
4758aa
469d78
441ee0
3fff72
3a926c
34503a
2dc5f4
2783a4
220b52
1dc310
1aeb82
199b56
19bfa8
1b20d4
1d699c
202fa0
22fd98
255ec8
26ea1c
274c56
2650a4
23e688
2024c2
1b477c
15a8f0
0fb672
09e376
049b54
0033f8
fce428
fabe90
f9b1f2
f98e92
fa0f9a
fae66a
fbc614
fc6c9c
fca894
fc5b8a
fb7916
fa031e
f80526
f59024
f2b76c
ef8fcc
ec3094
e8b574
e5402c
e1f8a2
df0a44
dc9eda
dad828
d9c958
d971e0
d9bb4e
da7b00
db782c
dc74ae
dd360c
dd8d28
dd5c12
dc9840
db48ba
d981d8
d76084
d505a6
d292a6
d02850
cde718
cbeeb8
ca5c6c
c94840
c8c082
c8c4e2
c9432c
ca173a
cb0eaa
cbf11c
cc8b10
ccb806
cc6988
cba9ba
ca9798
c95dd6
c826d2
c711b6
c62c58
c57416
c4dd28
c45efe
c40200
c3e93e
c453f0
c5951c
c80172
cbd68c
d122ae
d7b390
df1148
e6889e
ed444a
f270a8
f562ea
f5bbe4
f37eee
ef1740
e94aac
e31c44
dda4b6
d9e742
d8ab4e
da60f6
df148e
e67136
efd05e
fa52c6
04feb2
0ede30
171ac4
1d1442
20701a
211fec
1f6034
1bafae
16bf7a
115d4e
0c5a18
08707c
062e92
05e5a4
07a294
0b30c4
1026e6
15fab6
1c1800
21f6e0
272c6e
2b7446
2eb274
30ed90
32441c
32e0f4
32f138
329cb6
32028e
313986
30526e
2f5b08
2e6056
2d6ef6
2c9262
2bd416
2b3b9c
2acfcc
2a98e0
2aa250
2afb8a
2bb690
2ce428
2e8de4
30aeda
332d3a
35d758
386568
3a8054
3bcd62
3bfcb2
3ad72e
38492c
346844
2f729c
29c806
23dea6
1e353a
1944fc
1574d6
130f82
123cce
12fdd8
152c7a
187d40
1c839e
20b966
248a6a
27634e
28c25e
2848e8
25cac0
215812
1b3f56
1405ae
0c5628
04ea2a
fe6ecc
f96c42
f633f8
f4d7b0
f52af2
f6cf2e
f94798
fc0f4e
fead1c
00c188
020d14
026f44
01e076
0068f4
fe1866
fb0100
f737c8
f2d862
ee0a1a
e9041a
e40e96
df7ed6
dbad34
d8e6f0
d76020
d72888
d8259a
da13b8
dc8fdc
df2700
e167f6
e2f43a
e38c88
e316d8
e19d74
df48ae
dc54da
d9070a
d5a360
d2669c
cf82dc
cd1eb2
cb556e
ca374e
c9c8b2
ca0082
cac6a2
cbf3de
cd543e
ceacce
cfc4c4
d06f3c
d09356
d030f6
cf6064
ce4bbc
cd23fa
cc1520
cb3c46
caa2f0
ca4190
ca08aa
c9ee2a
c9fade
ca532e
cb3722
ccf804
cfe508
d432ee
d9e470
e0ba82
e8321c
ef91f8
f6065a
fac65e
fd3b9c
fd232a
faa006
f63b1c
f0d006
eb6a32
e71970
e4c680
e50f66
e8324e
ee090c
f61436
ff92a2
099fce
1352fe
1bdaf6
229378
2712fe
29305e
29022a
26d86c
233210
1eaed2
19fdf8
15caae
12a862
110158
110a40
12bdba
15e0de
1a101c
1ed21e
23ad68
283bea
2c3834
2f820a
3219fc
341670
3595c0
36b0e8
377246
37d336
37c104
37269a
35f7d2
343a7e
320a78
2f9810
2d217e
2ae892
29280a
280bb6
27ac3a
280e18
29242a
2ad482
2cfd30
2f7730
32172c
34acca
3701b0
38da62
39f9c0
3a274c
39376c
371458
33c542
2f71b4
2a607c
24f1b4
1f94c2
1abbde
16cf28
1420a2
12e266
132088
14bef2
177b58
1af2cc
1eaad8
221d9a
24c7dc
2637c6
261b2c
244b66
20d460
1bf4f0
1617f6
0fc6d2
099718
04164c
ffb6c8
fcc11e
fb4cba
fb405c
fc59ba
fe3aee
007ac0
02b43c
0492c6
05d85a
065e5e
061306
04f49a
030bca
0067d6
fd1dbc
f949ea
f512ee
f0abbc
ec53c2
e8539e
e4f5e6
e27c80
e11506
e0cea2
e193fe
e32b44
e53d36
e761de
e93072
ea5008
ea8570
e9bbac
e805b2
e598d2
e2c104
dfd26a
dd1aac
dad498
d92074
d80286
d7672a
d72ada
d723b2
d72a2e
d71fb0
d6f238
d69ce2
d6259e
d59994
d508d6
d48212
d40f8e
d3b53a
d36f9a
d333d6
d2f16c
d294dc
d20c04
d14c76
d05a24
cf4d0c
ce54a6
cdb6d2
cdc852
cedf60
d141e4
d511f4
da3d56
e07480
e72bf8
edaa7a
f32300
f6d624
f834ea
f6ff56
f3572e
edc208
e719ee
e06ec6
dadcc8
d76010
d6add8
d91940
de87d0
e67714
f01234
fa5262
0424a4
0c8ec2
12ce34
166d3e
174c6e
15a098
11e6e8
0cd15a
072e1c
01cd74
fd6910
fa8f0a
f9938c
fa8ae2
fd4c3e
017c60
069f00
0c2bb0
11a280
169cd0
1ad7ac
1e3622
20bc22
2283a2
23af68
245f66
24a90c
2494ea
242200
234d22
221932
20956a
1ee036
1d253a
1b9704
1a672e
19beac
19b7c2
1a5b56
1ba24c
1d79cc
1fc882
2272e2
255cae
2867ca
2b7122
2e4dac
30c916
32a798
33abbe
339fc0
326062
2fe652
2c4c84
27d202
22d5c2
1dccce
193488
158318
131860
1231f0
12e38c
15149e
188282
1cc706
216262
25c81a
296d5a
2bd724
2ca7b2
2baa22
28d9da
246484
1ea610
181eea
116510
0b11f2
05afc2
01a8ba
ff3b3e
fe7478
ff31d8
012922
03f4e8
07227e
0a3f8e
0ce55a
0ec01e
0f92b2
0f37f2
0da210
0ad8f8
06f908
023256
fcc6e0
f707a2
f15034
ebff94
e76e48
e3e3a6
e18c1c
e07258
e07c60
e16e38
e2f276
e4a704
e62b4a
e72d5e
e774a4
e6e77e
e58b16
e37e1e
e0f04e
de1848
db29f4
d84fe0
d5a786
d34106
d121d2
cf4942
cdb4e2
cc63b6
cb5824
ca97b0
ca292a
ca11f6
ca52de
cae53a
cbb8f6
ccb384
cdb07a
ce84ae
cf0354
cf0524
ce715c
cd46f8
cba3aa
c9c79a
c813b0
c7005e
c70d0a
c8aaa4
cc23ce
d18768
d89ab4
e0d752
e97714
f18d6a
f82af2
fc84d8
fe18f8
fcc860
f8e1e8
f319de
ec7020
e6094a
e10222
de4484
de65d0
e1942e
e794c4
efd162
f9727c
038054
0d053e
152ba4
1b547c
1f2488
208840
1faf38
1d00e0
190cbc
147838
0febe6
0c0198
0934fa
07d876
080f88
09cefc
0ce2fe
10fa7a
15b55a
1ab2b2
1f9c54
242e7e
283ad0
2ba65a
2e64ee
3073d4
31d576
328f0c
32a8d2
323060
313b3a
2fe808
2e5d5a
2cc578
2b484c
2a05a0
29118c
2873e0
282aec
283132
2883ba
29266a
2a2504
2b8fd0
2d7444
2fd322
32972c
358fe4
387268
3ae0b8
3c76f8
3cdc84
3bd4ea
394cec
3560fe
305c24
2aaef6
24e0f8
1f7ebe
1b0818
17e0ce
1645c4
164746
17c8c4
1a8510
1e1610
21ff56
25ba8e
28c3f0
2aa6d8
2b0a6c
29bc74
26b844
2228fc
1c65ce
15e82c
0f3d4e
08f52c
039088
ff7146
fccff4
fbb76c
fc06f0
fd7a78
ffb70c
02580a
04fb2a
0749b6
08fddc
09e46a
09dc3c
08d4b2
06cc70
03d16e
000246
fb8f98
f6bbc8
f1d848
ed3fb6
e94c1a
e64a4e
e46d6e
e3c4b8
e43676
e5821c
e7499e
e92022
ea9bb2
eb66b8
eb4d66
ea4464
e86786
e5f15a
e32db0
e06a08
dde734
dbcef6
da3016
d9009a
d824ce
d778ce
d6d9ae
d62c82
d56252
d4785a
d37518
d2640e
d151ae
d047c8
cf4b2c
ce5b1c
cd7224
cc8848
cb963c
ca98d0
c99482
c8995a
c7c604
c748e4
c75e04
c8486c
ca46f2
cd85c4
d20f04
d7bd80
de35b8
e4e908
eb2400
f026de
f34530
f406f8
f24472
ee3646
e87582
e1e9d0
dba86c
d6c9ba
d43ca2
d4a076
d82c12
dea670
e77130
f1a26e
fc28ba
05f2b8
0e13c4
13e040
16fe68
176b08
1572a6
11a106
0caaa8
075466
025ba6
fe6132
fbd930
fb018e
fbdfb8
fe4640
01e0e8
0644c2
0b025a
0fb674
1415da
17f300
1b3d12
1df900
2036bc
22069c
2371ac
247636
250948
251c48
24a48c
23a2da
222808
20551a
1e573e
1c6100
1aa304
194658
1869a0
182090
18757a
196b88
1affee
1d292c
1fd49a
22e28c
262312
2955c6
2c2d5e
2e5770
2f87ac
2f8454
2e30fc
2b958c
27dfd2
235f02
1e7abc
19a6c4
15556c
11eb26
0fb4b6
0ee020
0f789a
11658e
146c3c
183400
1c4d3c
203ab2
237d1e
25a0e4
264c52
254c58
229d9c
1e6f1e
191d8e
132838
0d2082
07968a
030684
ffc998
fe0c06
fdcab4
fed7d8
00e4c4
038eb0
066c46
09190e
0b3de4
0c9682
0cf36c
0c39fa
0a6434
0780ba
03b1f2
ff2d28
fa38d0
f52892
f0576a
ec1fe6
e8d200
e6a81c
e5be06
e60abe
e75eac
e96872
ebbf94
edf2ee
ef9966
f061c6
f01e6c
eecb2a
ec8c5c
e9a6e4
e6728a
e349e8
e07a38
de367e
dc9178
db7e38
dad6ce
da6808
d9ff14
d974fc
d8b6aa
d7c7dc
d6c012
d5c2b6
d4f4dc
d472b6
d44742
d46874
d4b80a
d50926
d52a88
d4f2ec
d44c76
d33de4
d1ef7a
d0a9e0
cfcea0
cfcad0
d10428
d3c468
d826cc
de0a5e
e50d20
ec92d2
f3d710
fa0860
fe6930
007146
ffe8f2
fcf8d2
f829c2
f253ea
ec7fca
e7be7e
e4ff1c
e4e95c
e7c474
ed6d76
f55e4c
fec358
089b6c
11dd16
199b46
1f2378
2211b2
225900
203fe2
1c5210
174ad6
11faf8
0d2cfa
098ba0
078dd0
076a2e
09143a
0c4394
1083de
154a7a
1a0db8
1e59a4
21dec2
2478a8
262baa
271b10
277ac8
27808c
275898
271f56
26e074
269ab6
264710
25df42
256138
24cefc
242c0e
2379ea
22b5fa
21da46
20e11a
1fcb1c
1ea58c
1d8d64
1caddc
1c39fa
1c615a
1d4292
1edf52
211536
239dfc
26181c
28165c
293270
291f20
27b620
24fe9e
212c24
1c969a
17ad60
12e80e
0eb858
0b7e6a
098038
08e40c
09adba
0bbe52
0ed5ae
1295fe
168a8a
1a3282
1d0ef0
1eb230
1ecf3e
1d468c
1a2cc6
15c968
108d86
0b03be
05bc32
0137d2
fdd708
fbcea4
fb24a2
fbb4b8
fd3b0a
ff61f2
01cfda
04320c
064394
07d006
08b2f6
08d588
082c48
06b690
047f5a
019f20
fe3dae
fa9260
f6e1dc
f378c6
f0a348
eea1b6
ed9ccc
ed9cf4
ee86ae
f01cc2
f2085a
f3e600
f555b2
f60a86
f5d746
f4b588
f2c5b0
f04806
ed9058
eaf66a
e8c5d4
e730aa
e64854
e5fd56
e624fc
e683a6
e6da00
e6f1d2
e6a784
e5ef04
e4d36e
e371f4
e1f156
e07810
df22c8
ddfd8c
dd0200
dc1a06
db26ce
da0b3c
d8b73a
d73176
d59de0
d43e60
d36c56
d38b8c
d4f81e
d7f114
dc8462
e2813c
e973c0
f0ace2
f75722
fc9552
ffa64a
000882
fd9664
f894d0
f1b05a
e9e892
e26c02
dc6b7a
d8ebae
d89cf0
dbc07e
e21fbe
eb1548
f5a61a
00a67e
0ae41c
134ee8
191b3e
1bd88e
1b7a36
18539a
1308a8
0c74bc
058be6
ff3b34
fa4b5a
f749a4
f679dc
f7d2d4
fb0634
ff920c
04d8a0
0a3a58
0f2d84
134f6c
166c88
187f88
19a7f6
1a1b3e
1a14d4
19c986
195f6e
18eba4
187528
17fb10
177b66
16f7a0
167532
15fb4e
158fd2
15349e
14e6fc
14a222
146386
142fae
1415d8
143032
149f5c
158244
16ec0a
18da28
1b2de2
1dac12
2003a6
21d9a8
22d880
22befe
216c14
1ee550
1b56e4
170df0
126e9e
0de78c
09e518
06c69a
04d566
043d70
050842
071aea
0a369a
0dfcaa
11f660
15a078
187a3c
1a1696
1a2bc0
189ef2
158a2c
1139b6
0c2110
06c9bc
01bf16
fd7a78
fa53ae
f87838
f7e980
f88218
fa0038
fc1276
fe63b8
00a470
029022
03ef32
0496de
0468bc
0352e4
01516a
fe70ee
fad190
f6a89a
f23f2c
edecd8
ea0eb6
e6fbb0
e4f758
e425d6
e483e6
e5e4d4
e7f796
ea5204
ec7fd8
ee1402
eeb9d0
ee422e
ecaa2c
ea1a86
e6e050
e35fc0
e0038e
dd2bf2
db1fe2
da03a2
d9d59e
da7176
db983a
dcfca0
de503a
df4fc6
dfccae
dfb224
df04fa
dddf58
dc68de
daccf6
d931de
d7b1ec
d658a6
d52504
d40fd4
d3148c
d23b10
d19ff8
d17806
d20ce2
d3b294
d6b618
db4832
e1694a
e8da80
f118f6
f9670c
00e2fc
06a75c
09f142
0a45b4
078e38
0225fc
fad3f4
f2b230
eb063e
e5115a
e1e004
e22168
e60de8
ed604a
f7618c
0304da
0f0e2a
1a3d12
2375ea
29e40c
2d10c0
2ced0e
29ce64
245f4a
1d8674
1647a8
0fa212
0a70ac
0750f6
06928e
083186
0bdd3e
110a80
170d16
1d345e
22e5a2
27afba
2b54e0
2dca1c
2f2d52
2fb566
2fa16e
2f2a8c
2e7ad8
2daa82
2cc2c6
2bc430
2aad78
29806a
2843d4
27026c
25c820
249f4a
238f92
229f48
21d6c0
214394
20fa3c
2114d8
21ae8c
22db54
249e4c
26e1c8
2973e8
2c0898
2e41a8
2fbc1c
301fea
2f2edc
2ccfe8
291534
243be6
1ea616
18cfc0
13408e
0e7caa
0af644
090062
08c446
0a3a6a
0d280a
112234
1596ba
19daf6
1d3fb6
1f2876
1f21ee
1cf440
18ad6c
12a1d4
0b6212
03a738
fc386a
f5ce3a
f0f996
ee1206
ed2d08
ee1f86
f08962
f3e7c4
f7aa38
fb4718
fe4bac
0065c0
0166f6
0142c8
0007f8
fdd810
fadf5a
f74ec4
f3587c
ef2f46
eb0790
e718b2
e39d44
e0d108
deeb1c
de1594
de641a
dfcbfa
e21fe2
e51120
e836ba
eb1a76
ed4a12
ee6946
ee4092
ecc624
ea1f00
e6982a
e29910
de91ba
dae8aa
d7ecb4
d5ccd0
d4964e
d4392c
d490d4
d56e10
d69fe0
d7fa24
d95898
da9e9a
dbb4ee
dc8726
dd015e
dd0fbe
dca006
dba4c6
da1a38
d80b86
d596fe
d2f0c2
d06374
ce4d4e
cd18b4
cd306a
ceefd6
d29070
d817e8
df4afe
e7a8e2
f0724a
f8bd6e
ff94de
041d92
05be0c
043e9e
ffdb82
f9441a
f18612
e9e6e0
e3b23e
e0062c
dfa5ec
e2dbd2
e96ef6
f2adca
fd8b28
08c822
1322e2
1b8350
211f18
2390ae
22def0
1f7592
1a114c
13a30c
0d2e0c
07a4bc
03c9ba
0218e8
02bb48
058666
0a07a2
0f9a26
1583fe
1b14f2
1fc0d4
233174
254dea
26365e
26352a
25a9b4
24f28e
245b0e
240fd0
241bde
246d48
24dec6
25438e
25721c
254b48
24bd8c
23c50a
2269b0
20bd00
1ed8c6
1cdec8
1af882
1955e0
1829ca
17a400
17e8c6
1907ac
1af3aa
1d7f62
205ee0
232f00
2581ca
26eddc
271e14
25dea0
2325be
1f174e
1a02b2
145b20
0eaba2
09882e
057ce6
02fc94
0250e2
038e76
068e52
0aedd4
101752
1552c4
19dd06
1d02d6
1e3b46
1d3cfc
1a0a9e
14f3ca
0e8916
0785a4
00b252
fac7c2
f65446
f3aa32
f2d87c
f3adf0
f5c5de
f89b62
fb9f0e
fe4b8e
0035a2
0115b6
00cb3c
ff5a90
fce69a
f9a7bc
f5e2da
f1e10c
ede888
ea3730
e6fec2
e46288
e276c2
e1412e
e0b98a
e0ca2c
e15182
e22488
e31272
e3e988
e47c6c
e4a738
e4541a
e37e7a
e2333c
e08e4c
deb5fc
dcd538
db14e2
d9958a
d86ad2
d799ca
d71a6a
d6db20
d6c578
d6c2c8
d6c03a
d6b172
d69112
d65fa4
d621ec
d5df1e
d59e48
d563da
d52fe0
d4fcac
d4beac
d466b0
d3e67a
d33708
d25ffa
d17ede
d0cb94
d09732
d143ec
d335a2
d6bcbc
dbfeb0
e2e158
eaff80
f3ab80
fc0134
03057e
07cf9e
09b50c
086eae
042f06
fda402
f5e24c
ee3d94
e814ac
e49a44
e4a48c
e88c38
f02020
faadb4
071c32
141586
2035fe
2a3b7a
312d7a
3479b6
3402a8
301f0a
298abc
214c72
189330
108f38
0a4b8e
068d1c
05bb62
07d60c
0c79e0
12f454
1a6284
21d60a
287890
2da830
3108ce
32887e
325674
30d0aa
2e6d14
2ba314
28d94c
265a62
245176
22ccec
21c5c2
2127a2
20d740
20b6ec
20a9ac
209556
206528
200d3c
1f8d9e
1ef3b4
1e5a26
1de5e0
1dbfbc
1e0b94
1ede6c
2035f6
21f3d4
23de1c
25a514
26ede4
276108
26b924
24cf46
21a340
1d5f5a
185628
12faf6
0dd5a2
0972e4
065300
04d8a2
053968
07729e
0b44ec
103886
15a966
1ada7a
1f0e9e
21a3c6
222b28
207a2a
1cb1a8
1739c0
10b258
09db14
037750
fe32ea
fa8c40
f8c696
f8e5e8
fab3f8
fdccda
01b01e
05d382
09b430
0ce42a
0f1290
100f28
0fc9cc
0e4efa
0bc292
0859a6
04543c
fff7c6
fb8aaa
f75070
f386c8
f06332
ee109a
ecab80
ec3d80
ecb95c
edf90a
efbefc
f1bac6
f3914e
f4e82c
f57292
f4fd5e
f3783c
f0f986
edbb18
ea10f6
e65bd0
e2f8d2
e031ec
de32f6
dd05a6
dc93e0
dcaf7e
dd1d34
dda02a
de0450
de25d2
ddf3b2
dd6e74
dca3de
dba8ee
da932c
d972f2
d84f9c
d7267e
d5ed44
d4968a
d31804
d17236
cfb842
ce153e
cccd4c
cc38b0
ccb7d6
cea160
d22d04
d75f2a
ddfa78
e57c2a
ed257c
f41286
f95c64
fc40ca
fc473a
f95d52
f3e30a
eca2fa
e4b7a0
dd6260
d7dad0
d51ee2
d5ccc0
da0c08
e1893e
eb8382
f6e99e
0280b0
0d0eba
158318
1b172e
1d63b2
1c68e2
1889da
127c9e
0b30c0
03af4e
fcf87a
f7e3dc
f50702
f4a530
f6ab52
fab92a
00353e
0667c6
0c97fc
1226d2
16a2d2
19d25c
1bb34a
1c70fe
1c5472
1bb23a
1ad998
1a07e4
19622a
18f51e
18b964
189a3a
187ce0
1847c8
17e834
1755aa
169396
15b1e6
14cc20
140668
13890e
137ba2
13ff9c
152a4c
16ff2e
196bd4
1c46ca
1f5232
2241dc
24c36e
2687e2
274dce
26eaf4
2552e4
229a0c
1ef61a
1abb20
165476
1239d2
0ee16e
0cb0e8
0bef14
0cb89c
0ef8e8
1268c8
1694fe
1aec16
1ed13c
21b190
231920
22c3d2
20a75a
1cf43c
180da2
127a4c
0cd184
07a69c
037602
0096e4
ff32e6
ff4426
00991a
02dd46
05a56c
087d9c
0af6d8
0cb2fc
0d6e38
0d055a
0b77fa
08e6cc
058e18
01bc32
fdc67c
f9fea2
f6a8fa
f3f546
f1fb8a
f0bcbc
f025c6
f01424
f05b96
f0cbcc
f13550
f16dae
f151fa
f0c816
efbfd2
ee3470
ec2dfc
e9c18c
e70fee
e4430a
e189ce
df123c
dd02b2
db743a
da6f42
d9ea32
d9ca72
d9e8ba
da17f8
da2ce0
da050a
d98cb6
d8c148
d7af9e
d66f50
d51b9e
d3cb3e
d28982
d153ca
d01b60
cecbda
cd558c
cbba3c
ca180c
c8aec8
c7dd70
c816a4
c9cc6a
cd562a
d2d63c
da25e8
e2cd38
ec09c8
f4e4ee
fc567c
016ef8
0381c4
024756
fdef8e
f7208c
eee272
e67b56
df40ba
da663e
d8d21a
dafe64
e0eaa6
ea1db8
f5b6a6
028a60
0f4a26
1aaccc
2395a6
293554
2b2188
296068
2465be
1d0296
1449a4
0b6af6
038b96
fd9f18
fa4932
f9cbb2
fc045e
007a60
067840
0d2d28
13cf8c
19ba5a
1e803a
21f232
241a2c
252c18
25725a
253a0e
24c2f6
24362a
23a40e
23082e
22512e
2169ea
2041de
1ed372
1d2766
1b5514
19808a
17d79c
168d7e
15d526
15db2e
16bf62
188ecc
1b3efe
1eaaf2
229254
269d3c
2a6488
2d7c82
2f8084
301f66
2f26ae
2c8a86
2869ce
230df8
1ce69e
168064
1077c8
0b68d6
07ddb8
063dbc
06be28
0957cc
0dc3a2
137f78
19da8c
200996
254020
28cb0c
2a28d6
291bae
25b1ca
2042ca
196352
11d0d0
0a5814
03bad6
fe9840
fb5b5a
fa30ec
fb05cc
fd8d62
014f12
05b878
0a30f2
0e2bf2
1137f0
130884
137ab2
12939e
107a34
0d6d3c
09b828
05a8a4
018654
fd8d66
f9ec4c
f6c4b6
f42dfc
f23722
f0e71e
f03bfa
f029e8
f09a7c
f16cde
f27786
f38bfa
f47be2
f51e46
f553ea
f50a4a
f43c20
f2ef94
f13358
ef1b5e
ecbe22
ea333e
e7938e
e4f9a8
e281da
e04962
de6c3a
dd014e
dc166e
dbad22
dbb944
dc21ec
dcc40e
dd75fe
de0b54
de588e
de35f6
dd8224
dc2582
da16d0
d760de
d428f8
d0b3ce
cd65f6
cabdd4
c945fc
c98046
cbcbf2
d04c48
d6d684
deebaa
e7c0d0
f05722
f7a168
fcb026
fedb60
fde262
f9fb14
f3cd50
ec5ae4
e4d8b8
de7ff0
da5fd2
d93808
db6042
e0bf4e
e8d256
f2c20a
fd8116
07ef0c
10fbfa
17c896
1bbfc2
1ca62c
1a9f2a
1626fe
10023c
092300
0287be
fd182e
f98586
f83348
f92caa
fc28aa
009b76
05d280
0b1514
0fc30c
136c20
15dc38
171b38
176174
17047e
166148
15c88a
157112
1571fe
15c4d4
164cd4
16e0ac
1754e2
1784d2
17582c
16c500
15d062
148e24
131f88
11b070
107382
0f9d70
0f5efc
0fdd5c
1129ba
133a52
15e704
18ea88
1be8d8
1e7a4a
2039f0
20d51c
201946
1dfd52
1aa4bc
165cc2
119376
0cca1e
088554
053cb8
034c7c
02ea7e
041fd2
06c6ac
0a8d76
0eff12
138f48
17a9e0
1ac38e
1c6af2
1c5826
1a77da
16efc6
121bdc
0c8414
06cb9a
019b12
fd8954
fb05fc
fa49d8
fb4f88
fdd518
016688
05707c
09567e
0c8884
0e9538
0f36e0
0e58d2
0c155e
08adb0
047d8e
ffed6c
fb6560
f741e6
f3cbd0
f133e6
ef9178
eee282
ef0d5c
efe42a
f129aa
f29762
f3e4d8
f4cfb0
f52398
f4c078
f39d78
f1c91a
ef6690
eca800
e9c6dc
e6fc10
e47918
e2626c
e0ccec
dfbe12
df2d74
df071e
df2eea
df83ec
dfe392
e02ce0
e04418
e0165c
df9c98
dedc6c
dde63c
dcd0c6
dbb2dc
da9c52
d99096
d884f4
d763c8
d61580
d48d58
d2d634
d11c38
cfaffc
cf000a
cf8786
d1b4d2
d5cdac
dbd6d0
e38598
ec3f8c
f529aa
fd45ee
039adc
075d3a
0813ea
05af00
008e0c
f974fc
f17170
e9b4ba
e369fe
df8f74
ded762
e19374
e7ac86
f0a6fc
fbb214
07c02a
13a4ea
1e3676
266eea
2b8b82
2d24c8
2b3bf8
263b8e
1eeaa2
165360
0d9ef8
05ebf4
002688
fcea1e
fc70a0
fe91f4
02d328
088206
0ed730
1517b6
1aafc6
1f41d4
22a9b8
24f482
265034
26f7f6
272266
26f5c2
2683a2
25cb66
24c138
23573c
218698
1f55c4
1cda6a
1a37c2
179ad4
153602
133c3a
11dca2
113f26
1181a8
12b552
14db50
17e0c2
1b9b5c
1fc7d6
240b92
27fa40
2b1f5c
2d0b6c
2d6322
2bedea
28a126
23a63c
1d5a44
164672
0f11d6
086e60
0303e8
ff5c26
fdd272
fe889c
016262
06083c
0bf11a
12715e
18cd74
1e4dca
2252b0
24661a
2448ee
21f9e0
1db596
17f020
1147ac
0a71ae
04252a
ff046a
fb8908
f9f538
fa4c96
fc55d2
ffa554
03ae64
07d772
0b8f00
0e5e4c
0ff6d4
1038c0
0f3162
0d132c
0a2a08
06cdae
035394
0003da
fd136a
faa17a
f8b7ac
f74da0
f64e4c
f59cda
f5198c
f4a65c
f42a1c
f39212
f2d386
f1ec28
f0e14e
efbef6
ee9610
ed79ba
ec7c6a
ebac90
eb10bc
eaa550
ea5c1c
ea1cca
e9c6f6
e936ea
e84bb0
e6ede0
e51646
e2d236
e04494
dda3b8
db328e
d934c4
d7e138
d7557a
d78c92
d85b98
d9761a
da7a98
db0640
dacbe2
d9a83e
d7b020
d534d4
d2bb92
d0e82e
d05f54
d1a53a
d4ff40
da5fe0
e16070
e94a66
f1308e
f8138e
fd0b40
ff6df0
feeea0
fbac3e
f62fe4
ef5af0
e846ca
e21bf8
dde7f0
dc76da
de3684
e326d2
ead994
f4821e
ff1236
095f20
12493c
18e200
1c8b06
1d0892
1a8576
1588c4
0edfaa
077f2e
00618e
fa647c
f62e60
f41e64
f44778
f67654
fa40f6
ff1b9a
046f54
09aecc
0e65b4
124224
15184c
16e062
17af90
17aec4
17114e
160c5a
14d082
138546
1246a0
112518
1027c8
0f4ece
0e9656
0dfa36
0d78b8
0d14de
0cd842
0cd300
0d19a2
0dc284
0ee21a
108598
12ad52
1548a4
183358
1b355c
1e05f8
205232
21c672
221ac2
211f5c
1ec718
1b2e86
169d9a
11826a
0c65a0
07da46
046ab4
028610
0270d4
043a26
07b82e
0c8cb2
123022
180152
1d57f0
2197be
244248
250514
23c296
20957a
1bce26
15ea8e
0f886c
095368
03f0d0
ffeb32
fda180
fd3b70
fea428
018d9c
057c84
09d9f0
0e079a
1174d4
13aff4
14720e
13a40c
115cd6
0dd95a
09713c
0489dc
ff894c
facc40
f69f28
f338d2
f0b722
ef1ec2
ee5c96
ee48ae
eeab14
ef421e
efca4c
f00728
efcaee
eefb7c
ed94de
eba89c
e95936
e6d33a
e4454a
e1d86a
dfaa56
ddcac6
dc3b22
daf0a0
d9d872
d8dcd2
d7e9de
d6f15c
d5ece2
d4ded4
d3d248
d2d978
d20a16
d17848
d1311c
d13574
d17648
d1d34c
d21d8e
d21eb4
d1a4aa
d08f22
cedbee
ccaf78
ca5788
c84590
c6ffc2
c70b22
c8d29e
cc8f84
d23846
d979c0
e1bc4a
ea34ec
f200ea
f846f2
fc5834
fdcc30
fc9292
f8f854
f39fbc
ed6bd8
e7624e
e288f4
dfc37a
dfb4dc
e2a91e
e88a8e
f0e3fc
faef60
05af58
101004
190b26
1fcaca
23c4b6
24caa6
230d9c
1f13ee
19a340
13a200
0df55a
096192
067202
056bf4
064d44
08d616
0c9b38
111cf4
15dd52
1a71be
1e8dc0
220664
24cec2
26efc4
287dce
298eea
2a3406
2a76b4
2a5ab0
29e15c
290dc0
27e7ca
267db8
24e3e2
2332a0
2182ac
1fea7c
1e7e3e
1d5124
1c76d2
1c0488
1c1158
1cb414
1dfe1c
1ff3c8
228462
2584c6
28ae54
2ba2f0
2df6ea
2f4056
2f28ee
2d7ec8
2a3ff4
259e8c
1ffcb2
19e0e4
13e44c
0e9e18
0a902a
0817f8
0764c0
087468
0b16ca
0ef554
139c96
188748
1d2a68
21010a
23976a
2495ae
23ca60
2132e0
1cff28
178f94
116c5a
0b367a
059310
011418
fe235a
fcf2e4
fd7628
ff6600
024e52
05a1b0
08d002
0b5c7e
0cee6c
0d59fe
0ca070
0ae8b8
087316
058b44
027b52
ff81b6
fccb7c
fa728e
f87eea
f6ea3e
f5a428
f4969e
f3aa22
f2c8d2
f1e056
f0e404
efce8e
eea20a
ed66d2
ec298c
eaf82e
e9def6
e8e5d2
e80e06
e7511a
e6a1fa
e5eef4
e5242c
e42ec4
e2ffee
e18f64
dfddc8
ddf68e
dbf02e
d9eaf8
d80e3c
d68350
d56ed2
d4e88e
d4f37c
d578a4
d64648
d71406
d78d20
d760ca
d65528
d458ba
d18e08
ce4e60
cb222a
c8aed8
c79c14
c874e0
cb8aec
d0e1c4
d82632
e0b470
e9ac1c
f20f04
f8e65a
fd67e6
ff14b6
fdcd3e
f9d79c
f3d768
ecb86a
e58fa6
df7700
db68f8
da20ce
dc027e
e10e06
e8dfcc
f2bd2c
fdab72
088f58
125126
19ffc6
1eedda
20c5ae
1f91d4
1bb88a
15ea5c
0f079c
080122
01b856
fce320
f9f87c
f92814
fa5c80
fd46f0
017188
06547c
0b6a26
103f36
147d06
17ed5e
1a7860
1c1e94
1cf158
1d0b8e
1c8bf6
1b9212
1a3cfa
18ab28
16faca
1549b2
13b35e
124da2
112604
10410c
0f9b4e
0f2c28
0eeac2
0ed39c
0eec4c
0f4474
0ff360
1111fc
12b166
14d0bc
175516
1a06e2
1c95b6
1ea22c
1fcc64
1fc57c
1e601a
1b9b9e
17a824
12e2d4
0dca96
08ef08
04dcde
020b60
00cd32
014618
0366d4
06efe8
0b79ee
108146
1573ea
19c0fe
1ce8a4
1e8a96
1e721a
1c9d52
193f00
14b9da
0f9504
0a6ace
05d4c2
025750
004f5c
ffe574
01091c
0374fa
06bb1c
0a568c
0dbe76
10784c
1226c6
129350
11b14c
0f9baa
0c8dfc
08da0c
04dc0e
00ef1e
fd6354
fa75d4
f84b2a
f6ecb0
f649f6
f63d30
f69170
f70a2e
f76bb2
f7834c
f72d60
f657e4
f50204
f33a28
f11a42
eec2e4
ec573e
e9f95e
e7c684
e5d4c2
e43162
e2dea8
e1d224
e0f590
e02960
df496a
de346e
dcd480
db267c
d93e78
d74708
d579de
d413a8
d344d6
d322b4
d39d46
d47c66
d56642
d5f01a
d5b5f0
d472bc
d2151c
cecc1a
cb0762
c769b6
c4b028
c391ce
c49df0
c81ffc
ce0d94
d6018c
df458a
e8e8c6
f1dfd0
f929d2
fdf5bc
ffc0f6
fe6b92
fa3ffa
f3ecac
ec701a
e4f898
debc7c
dad0ac
da0288
dcb9be
e2e7a6
ec0812
f732fa
033c22
0edcd8
18e1a4
2053ea
249982
25851c
2355fa
1ea89c
185b8a
116c70
0ad37e
056358
01b228
000e0a
007d0e
02c6f6
068602
0b3b30
1061d6
158040
1a3428
1e396e
216ab6
23bd8a
253b7c
25fa42
2614b2
25a5f0
24c6c6
238d34
220dc8
205d18
1e90b6
1cbf5c
1b0004
1967fc
180930
16f186
162b3c
15be1a
15b0ca
160a30
16d21c
180f7e
19c34c
1be28a
1e51ac
20e170
234f44
254b14
26815a
26a7f0
258c54
231f26
1f7a08
1adfb4
15b630
107a7a
0bb08e
07d3a0
0547b4
044e0a
04fe04
0742f0
0ade5e
0f6e56
147612
196954
1dbaa4
20ea70
229574
22820e
20aa1c
1d3eb6
18a448
1366ba
0e26b8
0983b6
060580
040820
03af2c
04e396
075a82
0aa300
0e390a
11998e
14541e
161814
16bb3e
16397a
14af7c
125272
0f65e4
0c31f8
08fb4e
05fc6a
03612c
01443c
ffae08
fe95ce
fde530
fd7d00
fd3aea
fcff34
fcb136
fc41c4
fbab58
faefea
fa14ee
f91f3a
f80fe8
f6e2aa
f58e98
f408f4
f24908
f04be4
ee16ce
ebb760
e941da
e6ce1e
e473fe
e24874
e05c64
debc6e
dd7138
dc7f8a
dbe730
dba096
db9a2c
dbb62c
dbc986
db9e6e
dafb18
d9abda
d78f3a
d4a206
d1084a
cd101a
c92cd6
c5eaa4
c3db76
c37fdc
c52fe4
c908ca
cee23e
d64d3c
de9d7e
e6fd40
ee884a
f46aa6
f7fed4
f8e6da
f71c0c
f2f388
ed15f4
e66a98
dff930
dac704
d7b34a
d757fe
d9f444
df6484
e7282e
f07402
fa4e86
03b2a0
0bb286
119594
14ece4
159cbe
13da90
10205c
0b17ac
057fe8
00149e
fb7714
f81d8a
f649b4
f607fa
f736a4
f9923e
fcc434
00721c
044aca
080ecc
0b932e
0ebf78
1187c6
13e56c
15d0a0
173cd8
181928
185470
17e3d0
16c8ce
15162e
12f15a
108f02
0e2bda
0c03d2
0a4a18
0923a2
08a566
08d5bc
09b02e
0b2a20
0d35c6
0fc220
12b89c
15f910
19555c
1c8fd8
1f5e24
21711c
22809e
22593c
20e810
1e41d8
1aa37c
166b6c
120d32
0e01bc
0ab7b8
08869a
07a5e0
08291e
0a00f0
0cff36
10dc94
153eb6
19bf38
1df2b4
217088
23dc8a
24f1d2
248ca6
22b212
1f92ee
1b8858
170904
1298ec
0eb63a
0bc66c
0a0772
0987e2
0a2788
0b9fb8
0d9196
0f9738
1153be
127f94
12efd4
1297f0
1185ec
0fdb36
0dc41e
0b6f04
09052a
06a5dc
04640e
0245ac
00452c
fe5564
fc66f0
fa6ddc
f86660
f65790
f4539a
f274a0
f0d6aa
ef8ff4
eea944
ee1910
edc332
ed7d2a
ed1612
ec60e8
eb3f26
e9a814
e7aaa6
e5694a
e31104
e0ce36
dec216
dcfbb0
db7718
da2212
d8e4e2
d7ac6e
d6724a
d53f6c
d428d4
d34762
d2acd6
d25952
d23514
d21172
d1b1bc
d0daa4
cf6426
cd49a2
cab456
c7fc98
c5a02a
c42f0e
c431ee
c60f38
c9f44a
cfc70c
d722d0
df6216
e7b374
ef35f4
f51998
f8bed2
f9cf58
f84c36
f4903a
ef45c0
e9512a
e3b310
df6680
dd3fa4
ddcfc4
e1522e
e7a45e
f04a88
fa7f9a
054ef6
0fb3d2
18b9d0
1f9aa2
23d540
253b30
23f262
206c0c
1b529c
1570a0
0f94ea
0a783e
06a888
047c10
040e24
054508
07defc
0b8308
0fd1a2
14720e
191ac6
1d9456
21b6a2
2562f0
287da2
2aea78
2c8c20
2d4826
2d0d9a
2bdbd6
29c730
26fa44
23b2ac
203936
1cd818
19d1a8
1759ce
159360
149176
145ad2
14ede0
16433a
184d9a
1af6b8
1e1a88
21830c
24e798
27f0e0
2a4214
2b859e
2b7b98
2a0688
2732b2
2335ea
1e6846
1937d2
1419ac
0f7b74
0bb812
091176
07ae84
079bdc
08ce80
0b2646
0e6e7e
125dbc
16970a
1aade4
1e2e48
20a94e
21c46a
21489c
1f2ec6
1ba4e6
170a20
11e23e
0cc246
083910
04b922
028958
01bd5c
0236a8
03ae52
05c4d4
081310
0a39b0
0becb0
0cf98c
0d4906
0cdca0
0bc8ca
0a2df2
08326a
05fd4a
03b248
016e6a
ff4520
fd3f38
fb5c2c
f99466
f7dc7e
f62a60
f47a34
f2d0b8
f13b66
efce86
eea0a0
edc4c4
ed452c
ed1ec4
ed3f94
ed88ac
edd216
edf034
edba90
ed11f4
ebe430
ea2e42
e7fcc8
e56ac0
e29f80
dfcc0c
dd271e
dae7e0
d93f70
d850f4
d829a8
d8bb18
d9d864
db38ae
dc7f64
dd491c
dd3b92
dc1750
d9c75c
d66abe
d255c4
ce0a6a
ca286e
c7574e
c62d7c
c7182e
ca47ec
cfa54a
d6cf66
df24b0
e7d4b0
eff8e4
f6b234
fb4746
fd3e80
fc705c
f90fde
f3a702
ed06b0
e62cb0
e02330
dbde0e
da1a94
db469e
df72b0
e65102
ef411c
f965ba
03c204
0d59ac
154e84
1af8c0
1df7bc
1e39a2
1bf91a
17b276
12121a
0bde28
05de6a
00c502
fd1ac6
fb323c
fb2242
fcc894
ffd468
03d746
085806
0ce484
112016
14cbfa
17c876
1a0fdc
1bad46
1cb1fa
1d2d48
1d2870
1ca61a
1ba548
1a2758
18362e
15e7e4
135eba
10c5ac
0e4b62
0c1d2c
0a628a
093a5a
08bac0
08f276
09e8e8
0b9d12
0e0326
1100aa
1468c0
17fa7c
1b62b4
1e42c4
203c90
21010c
205e72
1e4ba6
1aed78
1693d6
11afcc
0cc42c
085338
04cdd8
028726
01acb4
024456
042f4c
0730b0
0af562
0f1c78
133f06
16f78a
19e9a2
1bc98e
1c63ea
1ba558
199fdc
168b0e
12bec8
0ea928
0ac006
076fb4
050a84
03bc9a
0386e0
0441b4
05a612
075b36
090668
0a59b4
0b1e7a
0b3a48
0aae00
099036
080476
06321a
043d34
024210
0053f0
fe7e1a
fcc5b4
fb2bfc
f9b064
f851b2
f70dda
f5e180
f4c794
f3b86a
f2a9f0
f191a0
f066d4
ef24de
edccdc
ec6690
eb001c
e9ac50
e87ecc
e78770
e6cedc
e65390
e607e8
e5d318
e594c4
e52a58
e47694
e36912
e2033c
e059e6
de9354
dce03e
db7154
da6b9e
d9ddf6
d9ba3e
d9d4ce
d9ea46
d9abbc
d8d06e
d7288c
d4ace0
d18860
ce1910
cae67a
c88f36
c7af9e
c8c566
cc1604
d19cbe
d90358
e1a810
eab06c
f325d0
fa181a
fec196
00a52e
ffa21c
fbfabc
f64cec
ef7c9e
e89494
e2a2a0
de93fe
dd16f6
de8612
e2dff4
e9cbae
f2a73c
fc9d98
06c1ec
102bda
181088
1dd6ac
212406
21e2b0
203f06
1c9f62
179684
11d186
0c03ea
06d3ca
02c898
003f3e
ff6440
00341c
02817e
0600f4
0a5702
0f259e
141680
18e152
1d4d8e
2130c0
2469f0
26dd38
28722a
29148e
28b756
275a20
250ee8
21fce0
1e5fc4
1a839e
16bc4e
135b3a
10a608
0ecf86
0df3c6
0e187a
0f2fe2
111c7a
13b5be
16cc00
1a299e
1d92ac
20c57c
237c60
2571ba
2666e4
262cc2
24acea
21f186
1e2882
19a154
14c5c6
100d94
0bef08
08d088
06fc50
069790
079f4c
09eaee
0d32c2
1119a2
15383a
19278a
1c8a64
1f158a
209504
20ef00
20255e
1e5480
1baf32
18793e
15007c
1194b6
0e7fc0
0bfe28
0a3930
094394
091926
09a094
0aaf8a
0c107a
0d88be
0edf42
0fe310
107016
1071cc
0fe472
0ed39a
0d5672
0b8ad0
098fda
0780ac
05702a
036716
01652e
ff64e6
fd601a
fb5476
f946fa
f7451a
f562be
f3b632
f252c4
f1430a
f08538
f00aaa
efba30
ef748e
ef1a94
ee92e0
edcdea
ecc77a
eb856e
ea13f2
e88146
e6da6c
e5299a
e3769e
e1c8be
e028b8
dea21a
dd42be
dc17c0
db28c2
da7316
d9e61c
d96280
d8bddc
d7ca96
d66324
d47664
d211da
cf6706
ccca20
caa968
c97dcc
c9b724
cba6b4
cf6bf2
d4e822
dbbb9e
e34d08
ead9cc
f18ed6
f6a640
f98522
f9d442
f78fda
f30c28
ecedb2
e61582
df8430
da3852
d70cd6
d69bb2
d92962
de9c60
e6812e
f019bc
fa7604
049262
0d7782
14576c
18a442
1a1e02
18d660
152abc
0fb538
093782
0281f0
fc5a38
f7654a
f41726
f2aa6c
f32070
f548ec
f8cee4
fd48c0
0248b6
0769ec
0c58ba
10d60a
14b644
17dcc4
1a365c
1bb588
1c5122
1c0660
1adcfa
18eb34
165864
135cd8
103de6
0d468a
0abe30
08dfd0
07d378
07abd2
0866ee
09f1b6
0c2d60
0ef4e4
122028
1584f2
18f616
1c41b4
1f30b2
218898
231038
23973e
22ff68
2144cc
1e82d2
1af496
16efc0
12da90
0f1efc
0c1d8c
0a21ea
095aa0
09d518
0b7e34
0e26ec
118b0e
155894
1936b8
1ccd32
1fcae8
21eb9a
22fcf8
22e398
219ee6
1f4a94
1c1cb4
1860e6
1470cc
10aa4a
0d64c0
0ae64c
095b4a
08d196
0937e8
0a6134
0c0ae8
0de4be
0f9a38
10dd3a
116f30
1127ae
0ff892
0def60
0b3294
07fb78
048d30
012a68
fe0b3e
fb551c
f915c4
f7435e
f5c1ca
f46b44
f31a68
f1b3b6
f02c26
ee8ad6
ece578
eb5896
e9fe00
e8e41a
e808ae
e7583a
e6b216
e5f030
e4f03c
e39c98
e1f236
e001c8
ddebdc
dbd95e
d9f326
d85a92
d72486
d6576c
d5ecc8
d5d496
d5f838
d63c58
d681e2
d6a616
d682ba
d5efec
d4c8e6
d2f3d0
d06b7a
cd48b0
c9c8ae
c64da0
c35756
c173ee
c12a4a
c2e15a
c6c960
ccccb6
d48b04
dd6020
e67698
eee390
f5c728
fa6c94
fc64a8
fb967a
f843b2
f300e0
eca2d8
e6236e
e08272
dca6e8
db4334
dcbfbe
e12f18
e84c46
f18322
fc0222
06d3a6
10fb76
1994f4
1fedee
239a76
247fc6
22d444
1f1444
19ee86
142b64
0e91de
09ceea
06635e
0499ee
048602
060ab2
08e6d0
0cc2ec
114018
16047c
1ac2d8
1f3dba
23477e
26bf36
298ce6
2b9f38
2cea3c
2d6746
2d164a
2bffd4
2a3632
27d5ae
2503d6
21eda6
1ec520
1bbe66
190cba
16e04c
156416
14bb14
14fcec
163288
185226
1b3bb2
1eb74a
227696
2619e8
29395e
2b7158
2c6fe0
2c00b0
2a1616
26cd24
226bfa
1d595e
180f4e
130afa
0ebd78
0b7f66
0988ca
08eda0
099ff0
0b75f4
0e318e
1186e6
1522e8
18b11c
1be03a
1e65f6
200364
208a92
1fe46a
1e158a
1b4092
17a588
139cee
0f8db4
0bdfc2
08edb0
06f7d2
061ace
064c8a
075f5c
090ab8
0af7f2
0cd038
0e4892
0f2af0
0f5b2c
0ed698
0daf14
0c043a
09fc0c
07bbf4
05644c
030e2c
00ca62
fea1ce
fc9754
faa9c8
f8d5a6
f716dc
f56a06
f3ccf8
f23fae
f0c4c6
ef60f8
ee19c6
ecf3c6
ebf094
eb0d76
ea42e6
e984b4
e8c3be
e7f0c6
e6ff6a
e5e876
e4ab8c
e34f1c
e1defe
e06aa4
df02f0
ddb79a
dc9550
dba4ba
dae948
da5f9e
d9fc38
d9aa6e
d94c28
d8bb14
d7cc98
d65952
d44732
d19464
ce60f6
caf404
c7b9d6
c539e8
c4052c
c49dc6
c75c6a
cc593a
d35de4
dbe406
e52090
ee1c26
f5d594
fb6842
fe2fde
fde372
faa2a6
f4f2fe
edae96
e5e7b2
dec44a
d9576a
d67ec8
d6c868
da62b2
e118a8
ea59ac
f54b7e
00e4e2
0c0d2c
15bc1a
1d1754
218b2e
22dab8
2124a0
1cdc68
16b8ea
0f9b10
086fc2
0210f0
fd2af4
fa2b32
f9397c
fa3bee
fce420
00c24c
055a3e
0a35fc
0ef366
134ad8
170fba
1a2c1e
1c9914
1e567e
1f658e
1fc6e8
1f7b7c
1e871e
1cf3a0
1ad380
184320
156800
126e3c
0f8554
0cdd18
0aa33e
09017a
081bd0
080e78
08ea92
0ab220
0d53f2
10a868
147022
185656
1bf784
1eebd8
20d46c
21691e
20842c
1e296e
1a87f4
15f4f2
10e0da
0bc938
07299c
036da0
00e5ea
ffc154
000afc
01ac96
047300
0813a6
0c332a
106d40
145cb8
17a2fe
19efba
1b089a
1ad0d6
194e5a
16aa5c
132da6
0f3944
0b3b34
079ff6
04c450
02e998
022d66
0286c0
03c9da
05b096
07e582
0a0fe4
0bdfd0
0d1814
0d9438
0d4a22
0c477a
0aac44
08a3f8
065e04
0406a2
01c190
ffa6fc
fdc226
fc1202
fa8c82
f9236c
f7c91a
f6739c
f51de2
f3c80a
f2765e
f12ea2
eff4c2
eec8a0
eda554
ec821e
eb54d4
ea14be
e8bd2a
e74f88
e5d3d6
e45698
e2e5a2
e18d04
e053f4
df3b76
de3fc0
dd5afa
dc87de
dbc436
db11a2
da7360
d9ea20
d96f44
d8f0ca
d84fd8
d763c8
d601de
d4090c
d16f78
ce4e0c
cae6fa
c7a4b8
c50f7e
c3ba16
c4296e
c6ba88
cb8b8c
d26d8e
dae2d0
e429c0
ed53a6
f5646e
fb76de
fedece
ff43da
fcb066
f792ce
f0b0f4
e90fea
e1d2ae
dc1546
d8c90e
d896be
dbc972
e2454c
eb8ace
f6c66e
02ea9e
0ed0a0
195ba0
219a42
26e342
28e8b6
27bee6
23d5d6
1de74a
16dc5a
0fae08
0944aa
045b3e
016b9a
00a61e
01f41a
0503aa
095b1e
0e6fce
13bb60
18cc5a
1d5062
211730
240f08
263c9a
27b0a8
287e84
28b5f0
2860e0
278422
2622ee
2443d6
21f530
1f4fdc
1c7796
1998ac
16e41a
148b72
12bcfc
11a070
1153dc
11e876
135fa0
15a90a
18a10e
1c0f9c
1fa9a8
2315c2
25f3d0
27e77a
28a45c
27fa06
25dd9e
226f20
1df7a2
18e104
13a93e
0ed2b0
0ad3c4
080926
06ac96
06d0c4
0861f0
0b2af6
0edd10
1318bc
17768a
1b8f24
1f0252
217da8
22c370
22b126
21445e
1e9da2
1b0014
16cbf0
1273c8
0e6e72
0b273a
08eec6
07ef38
0826aa
096964
0b6ade
0dcafa
10253c
12200a
137924
140c54
13d3f8
12e44c
116302
0f7e10
0d631e
0b3890
09199e
0715a0
053108
036786
01af16
fffb6a
fe4102
fc775c
fa9a56
f8ab92
f6b3c2
f4c23c
f2eae8
f14342
efde16
eec70a
edff1c
ed7a08
ed1d5c
ecc2f4
ec3e8c
eb6490
ea11b4
e8325e
e5c7e6
e2ea7c
dfc77a
dc9c30
d9adbe
d73eac
d583a4
d49a02
d480a2
d5146c
d612ae
d721a2
d7dcb8
d7e4ae
d6f210
d4e5c2
d1d432
ce09b2
ca051e
c66854
c3e1be
c310d6
c468d2
c81830
cdfaf2
d5995c
de339a
e6d9e0
ee8e02
f46950
f7bf92
f8391a
f5e0ec
f1249e
eac57a
e3be24
dd2130
d7f49a
d51040
d503e0
d80648
ddef88
e63fba
f0305e
faccb0
050e8e
0dfcb6
14c77e
18e0ac
1a0ad6
185e92
1445aa
0e6cae
07abba
00ea08
fb0046
f69dfe
f4365e
f3f62c
f5c374
f947d8
fe02de
035fc0
08cb88
0dc8c4
11fd14
15372c
176d64
18b63c
193d0e
1935f4
18d2f4
183c28
178c00
16cea4
160466
1526d2
142e3a
131654
11e1cc
109c9c
0f5c88
0e4008
0d6ba2
0d0586
0d3078
0e0644
0f9264
11cd56
149992
17c36c
1b0452
1e0956
207c6e
220fdc
228964
21cb6e
1fdb10
1ce19a
19281e
150f0c
110318
0d70be
0ab80a
092218
08d9a8
09e778
0c3206
0f8058
137fa0
17cae2
1bf382
1f8b82
223134
2399a8
2399a0
222d04
1f79b8
1bcc26
178e8a
133b80
0f4d04
0c2bcc
0a208e
094958
0996de
0ad228
0ca722
0eb256
1090e2
11ef52
129412
126388
115eca
0f9eb8
0d4cca
0a9a70
07b9e6
04d94e
021ee8
ffa6f8
fd8350
fbba22
fa44e0
f9114c
f803d2
f6fa48
f5d0aa
f4676c
f2a9c8
f0934a
ee32a4
eba7be
e91e48
e6c5e4
e4c8c6
e34272
e23930
e19bae
e14414
e0ff34
e095d0
dfd708
dea20c
dcec4a
dac3ac
d84cb2
d5bc30
d34e2c
d13be4
cfb142
cec3a6
ce6cdc
ce8a72
cee10a
cf24ce
cf0612
ce40c8
ccacd6
ca4bb6
c74fdc
c41c46
c13acc
bf4944
bedff0
c074e0
c441ce
ca32a8
d1e0b8
da9ac6
e37acc
eb86d0
f1d6fc
f5ba14
f6d22a
f5241a
f117a4
eb68f2
e50dc4
df1346
da7a2c
d81618
d8741e
dbcbce
e1fb42
ea8d56
f4c908
ffc796
0a8ed4
142d3c
1bd4c2
20f190
233a26
22b75c
1fc25e
1af84a
1524b8
0f25a0
09cd92
05c85c
038698
033392
04b736
07c254
0be1e2
109572
1564d6
19f0cc
1dfb7a
216840
243526
2670fc
283000
298238
2a6e26
2af096
2b0042
2a933c
29a488
28386c
265e94
24315a
21d342
1f6c56
1d275a
1b2f56
19ad6e
18c682
189842
1935ee
1aa432
1cd4a4
1fa290
22d2b6
2615d0
290f0e
2b5e34
2cac16
2cb75e
2b5ef8
28a862
24c10e
1ffa76
1ac11a
15902c
10e3b0
0d2a54
0ab986
09c4a8
0a57ec
0c5732
0f8110
137556
17bf56
1be294
1f67b6
21e8c2
231cce
22e0b2
213b24
1e5bc4
1a94d4
165064
1202ec
0e1c42
0af940
08d8c4
07d50e
07e208
08d1a0
0a5cee
0c2eae
0def1a
0f4fc8
101558
101d8a
0f6192
0df3da
0bfa00
09a5a4
072c1a
04bde6
02801e
00886c
fedb6e
fd6e36
fc2aa2
faf526
f9b2fa
f84fb4
f6c108
f50838
f33142
f15006
ef7c68
edce00
ec582e
eb274c
ea3f58
e99afe
e92b34
e8d87c
e88554
e81144
e75c9a
e64c72
e4cf18
e2e13a
e0924c
de05ba
db708a
d91390
d7318e
d601f4
d5a3ac
d61306
d72552
d88b58
d9dbf2
daa5a8
da851c
d93bbe
d6c244
d35228
cf6358
cb9da4
c8bfca
c77f54
c866b2
cbb8a0
d15ece
d8e70e
e18fce
ea6208
f254d0
f87522
fc0bbe
fcb9aa
fa86ce
f5e134
ef8d9e
e88b18
e1eed4
dcbea6
d9cf4c
d9aa8a
dc7fe6
e22180
ea0cba
f37d46
fd86f2
073232
0f9872
15fd34
19e184
1b1058
19a21a
15f6c2
10a87a
0a7856
0435ea
fea4cc
fa64c0
f7df7c
f73e62
f869d2
fb1234
fec082
02ec28
071200
0ac7dc
0dc9b4
0ffec6
11759c
1258b6
12df3c
133d24
139668
13f82c
14582c
149a22
1499da
143674
135bac
1207b6
104ce2
0e4f00
0c3e32
0a50ba
08bc2c
07afec
0751d2
07bbd0
08f9be
0b06f4
0dcc36
111dda
14bb54
185114
1b7e84
1de06e
1f1e18
1ef7b8
1d53fa
1a48ae
161c34
113f72
0c405e
07b6b8
042f0c
021728
01aea2
02fec6
05db2c
09e946
0ead70
139c64
182dba
1bec02
1e8092
1fba6a
1f9076
1e1f7c
1ba43e
1872b4
14ebaa
11715a
0e5cf2
0bf638
0a6ca6
09d288
0a1c96
0b25a2
0cb452
0e8286
104654
11bab0
12a750
12e73a
126c3a
113ede
0f7c72
0d5290
0af7c2
08a350
0684fc
04bd64
0358c2
024cee
017a80
00b1c8
ffbc20
fe6762
fc912e
fa2fde
f756b6
f43422
f10b02
ee277a
ebd05e
ea391e
e977a6
e97ec4
ea1e5c
eb0a9a
ebe884
ec5ce0
ec1b50
eaf2d8
e8d502
e5d7fa
e233c4
de3ab0
da4e0c
d6d116
d41b66
d26bae
d1dd16
d260fe
d3bdd2
d59474
d76caa
d8c788
d9357a
d86cb6
d65c04
d335a0
cf6f00
cbb3b8
c8cc04
c77ae4
c85962
cbb62a
d18060
d94280
e22f64
eb3f54
f3582e
f97a5c
fcead2
fd5212
faca78
f5dc46
ef683e
e88556
e257d8
dde89a
dc0242
dd1930
e1404c
e82a42
f13668
fb8788
062062
1001aa
18465c
1e3c70
217796
21dbac
1f9e52
1b3ed0
1574b4
0f1782
090318
03fbce
0095c6
ff23e8
ffb158
020576
05b1f2
0a2864
0ed230
1326e8
16bf38
196064
1afe14
1bb45e
1bbc5e
1b5cc4
1ada60
1a6c1c
1a3312
1a373a
1a69dc
1aabb2
1ad48e
1abc16
1a41f6
1953ee
17f1e4
162fa8
143354
123126
1065ec
0f102c
0e6890
0e99d8
0fb8c6
11be24
14851a
17cc98
1b3bde
1e6b14
20ef8c
226996
229292
214912
1e9842
1aba04
16130c
112802
0c8d28
08d340
06743a
05c1b0
06d8a0
099c94
0dbab8
12b498
17f124
1cd1a0
20c6aa
23626a
24660c
23c848
21b3c4
1e7e18
1a9a10
168776
12c29a
0fb52c
0da9da
0cc53c
0d04ca
0e4236
1039e6
12951c
14f5f2
17026c
186df8
190224
18a4aa
1759b2
15425a
12970a
0f9eda
0ca5a2
09f0fc
07b566
060eae
04fcea
0464be
04131a
03c5fe
0338ee
023194
008a14
fe3812
fb4fa8
f8012c
f491ce
f15072
ee882e
ec7314
eb303a
eabe34
eaf9a6
eba162
ec60c0
ecdd26
ecc3fc
ebd804
e9fc18
e73896
e3bb56
dfd206
dbdf02
d84a82
d5727e
d39af2
d2e0f0
d3342a
d45800
d5eb80
d7782a
d88622
d8b29a
d7c4b4
d5bc96
d2d9be
cf9668
cc9766
ca9204
ca2cfc
cbe13a
cfdf68
d60002
ddc27e
e65b8c
eed054
f61b4e
fb555c
fddb56
fd695a
fa2754
f4a4ac
edc49c
e69e60
e055dc
dbf32a
da3f20
dbaa02
e03eb2
e7a37a
f127c8
fbdc30
06b0d4
109664
189dca
1e12de
208f58
200452
1cb97c
17420e
106910
0916d0
023392
fc8af0
f8b3b6
f6ff98
f77592
f9d706
fdadf0
0261ba
07501e
0be596
0fb0d8
126ede
140e6e
14ab74
148388
13e68a
13261e
12863c
12325e
1238f0
128bc6
1304f8
136fe6
139428
134042
1253dc
10c818
0eb332
0c476e
09cea4
07a1e6
061d44
0591de
063850
08251c
0b41aa
0f4b16
13d774
186114
1c5774
1f3366
208aa6
201fd0
1decfe
1a2700
153770
0faef4
0a32e0
05684e
01df5a
000150
00044a
01e596
056b92
0a2dd2
0fa248
152e2a
1a3842
1e39f4
20cdd8
21ba50
20f696
1eaa70
1b2848
16e1fa
125a70
0e15a4
0a880c
080856
06c696
06c8e0
07ec04
09e9c6
0c647a
0ef4f4
113774
12d730
1397f2
135bf6
1224ec
1010e8
0d5408
0a2fd0
06ea66
03c5e4
00f784
fea106
fccea8
fb7770
fa7eec
f9bad2
f8fb7a
f813d8
f6e0e0
f54ffa
f361ee
f12a76
eecd78
ec790e
ea5d3c
e8a314
e764c8
e6a7f6
e65b16
e6564c
e6600a
e63584
e59540
e44a60
e23796
df5f26
dbe60e
d81260
d44376
d0e3c2
ce56fc
cce856
ccba52
cdbbe8
cfa6d4
d20854
d4530e
d5f846
d683a6
d5b426
d38d68
d05dbe
ccb5f6
c9536c
c700aa
c671fa
c823ee
cc418e
d297ce
da99c4
e37430
ec2c60
f3c5a0
f96724
fc7c9c
fccc90
fa8124
f621da
f08030
ea9b28
e57d80
e21a4c
e12d14
e32218
e8092e
ef93de
f91f54
03c8d0
0e8a64
185c7e
205758
25cf82
286a34
282754
255e66
20af8a
1aeb86
14f656
0fa82c
0bb1bc
0987ba
095796
0b0748
0e3fac
127e28
172a98
1bae82
1f8a56
2264e8
241432
249f62
243932
233346
21ede0
20c6fa
200a02
1fe328
20598c
214fdc
228a1e
23b98c
248bbe
24b926
2411ec
22886e
2034e4
1d51a0
1a334a
173df4
14d640
135296
12ef38
13c52c
15c4a4
18b51e
1c3aca
1fe012
2322a6
258340
269678
26147c
23e528
20268c
1b2c6a
157796
0fa73a
0a651e
064e4a
03dc32
0353be
04bb56
07d8da
0c39cc
11442c
164bf6
1aaac8
1dd6c6
1f7380
1f5b14
1da018
1a87d0
167d3c
120048
0d945a
09b066
06b1fa
04d3aa
0428c0
049eee
06037a
080aa2
0a5958
0c8fc4
0e5354
0f5894
0f6bba
0e75e6
0c8090
09b532
065764
02bb36
ff3a58
fc2754
f9c096
f8272e
f75a12
f73616
f77c0e
f7dbe0
f8021c
f7a726
f69c36
f4d268
f25c3a
ef69bc
ec3f90
e92a40
e67162
e44bfe
e2d888
e21930
e1f422
e237b4
e2a268
e2ed18
e2d5f8
e22b28
e0d228
decc60
dc3976
d954b6
d66c98
d3d6ea
d1e27e
d0c7c6
d09c36
d14b54
d29658
d41d16
d57020
d6274c
d5f7e6
d4c7f2
d2ba50
d02e72
cdb344
cbef60
cb82f8
cce89a
d05b60
d5c722
dcc5ea
e4abde
eca002
f3bd14
f93428
fc6c20
fd19fe
fb4ddc
f771ba
f23b36
ec939a
e7790c
e3dcc0
e28260
e3e526
e82606
ef060c
f7ed62
01fdf6
0c3020
157638
1ce11e
21bfca
23b62c
22c840
1f56ec
1a0f92
13d0fa
0d8a32
0818fa
042cce
02326c
0249fc
0448e0
07c592
0c2ba4
10d38c
151a52
1876fe
1a8ca2
1b350e
1a8276
18b944
164372
139f00
114a3c
0faf86
0f13f8
0f8d28
10ff4c
132240
158de8
17cc90
196ede
1a1de4
19a946
180e42
1576e6
123376
0eaee2
0b5f66
08b70a
0715a4
06bc34
07c3ee
0a1a0e
0d7f62
118c92
15bc6c
197ae6
1c375a
1d78ba
1cf13c
1a8d30
167ab8
1127a6
0b34b0
056054
006c0c
fcffb8
fb905e
fc4ee8
ff210c
03a650
0947da
0f4ece
14fda0
19a95e
1cce50
1e1da4
1d8402
1b2830
17629a
12b0e4
0da6c0
08dc10
04dafc
021056
00bf98
00fba8
02a4e6
056caa
08dfae
0c7692
0fa828
11fb34
131680
12cc38
111ea0
0e3dbc
0a7e1a
064ab4
021538
fe4622
fb2e44
f8fd00
f7bc92
f7534a
f78906
f8102e
f8919a
f8ba3a
f8479c
f71108
f50d12
f252dc
ef164e
eba058
e84368
e54d56
e2fabe
e16dd2
e0a81a
e08926
e0d3da
e13890
e1623e
e1057a
dfee12
de08be
db67f6
d84272
d4eb52
d1c4ec
cf2fa4
cd77d6
ccc6ec
cd199c
ce3d26
cfd630
d170d2
d2967e
d2e62a
d22a22
d06704
cde112
cb1584
c8a778
c7437c
c78020
c9c02a
ce1c68
d459a8
dbedb6
e412b8
ebe4ea
f28588
f73dbe
f99bd4
f9854c
f73b8c
f352b2
ee9c14
ea0810
e68464
e4db82
e598c8
e8f5cc
eed2ea
f6bbf8
fff846
09a38a
12cc24
1a9348
2049d0
238630
2430f4
22854c
1f05be
1a67ac
1578c8
110234
0dad98
0bf048
0bfe56
0dc790
10fe4e
152602
19a720
1de5e6
21588c
239a30
2477ae
23f526
224c10
1fe196
1d35b4
1acdf4
191fcc
187dc2
190a40
1ab29e
1d32c0
202102
230072
2555b0
26ba1c
26eb5c
25d4d4
2390ca
206240
1ca99e
18d6e8
155be6
129f0c
10efd2
107ea0
1157f6
13620e
165d96
19ea46
1d8f12
20c6e8
2311d2
2406f6
23654a
21212e
1d6ae2
18ab3c
137710
0e7a82
0a5f28
07b23c
06ceac
07cea2
0a885a
0e960c
13662c
1851e0
1cb56e
200606
21e2b4
221ed2
20c3f2
1e0c76
1a5934
16235e
11ed0e
0e3210
0b5946
09a906
094084
0a1520
0bf3c4
0e8734
1162b4
140f9c
161d00
172de4
17046e
158acc
12d708
0f2720
0ad83c
065a8c
02216e
fe933a
fbfb6c
fa7f80
fa1888
fa93d4
fb9a20
fcbc28
fd845a
fd8a04
fc825c
fa4d54
f6fb74
f2cbe0
ee22a8
e9785c
e5459e
e1ef60
dfb63e
deab44
dead90
df70c4
e08a3e
e183f0
e1f112
e17f7c
e0042a
dd8228
da2954
d64d92
d258e4
ceb9ce
cbd034
c9ddbe
c8fb56
c91550
c9f026
cb354c
cc849c
cd87f4
ce05d2
cdef22
cd64e0
ccb3da
cc4672
cc8f50
cdf11c
d0a7ee
d4b8c2
d9eab2
dfcc66
e5c4c4
eb2b4e
ef63f8
f1fa10
f2b51e
f1a3fe
ef1cc0
ebb0e6
e81870
e517ec
e364fe
e38ce2
e5e0ba
ea6a06
f0e868
f8d948
0187b0
0a22ba
11d8bc
17f298
1beab6
1d7e54
1cb6ae
19e6e4
159f70
10992c
0b9a96
075c4a
04713c
0334b2
03c0c0
05ef70
0964ac
0d9e9e
1209a2
16144c
194210
1b3ac2
1bd408
1b1426
192f52
167f64
1377a8
109682
0e5416
0d103a
0d04f6
0e3e0a
1094f0
13b4e8
172768
1a65c4
1cee18
1e582c
1e655a
1d09e2
1a6f14
16ecfe
12fcca
0f26e4
0bef32
09c2ca
08e9a0
097d1c
0b650a
0e5b90
11f684
15b488
190dca
1b8552
1cb948
1c7176
1aa926
179178
138cde
0f23b0
0af128
078c9c
05737a
04f5d0
062908
08e4bc
0cc954
114e30
15d62c
19c74c
1ca112
1e0e4a
1def60
1c5b32
199816
160fb6
123f1c
0ea4bc
0bafd8
09b35e
08dd9e
09347a
0a95d2
0cbc5c
0f48de
11ce42
13defe
151a50
1537cc
1410da
11a6ea
0e2466
09d748
052702
00869e
fc6482
f91b40
f6e570
f5d502
f5cfde
f6944c
f7c34c
f8ee4a
f9a6d8
f98ee6
f8666e
f614a2
f2ab7a
ee6534
e99c2c
e4be78
e03e4e
dc80c4
d9ce22
d846f4
d7deb6
d85cbe
d9646c
da8432
db485e
db4e22
da54a4
d84910
d549e4
d1a0ba
cdb42e
c9f43a
c6c448
c468ce
c2fc50
c26dba
c28858
c3047c
c39bea
c41d02
c478a6
c4c75e
c54386
c63a1a
c7f62e
caabb4
ce66aa
d302f6
d82eb4
dd775c
e25e22
e66e70
e95208
eadf5a
eb1f5a
ea4ad6
e8c11c
e6f932
e57140
e49fce
e4e7c8
e68ee6
e9b7f6
ee6026
f45df4
fb6290
02febc
0aaaea
11d3a6
17ea40
1c7762
1f2c54
1ff046
1ee69c
1c6c18
190a6c
15641a
121ce6
0fc356
0ebd7a
0f3be0
1135e6
147002
18886a
1d0714
216e22
254944
283a46
2a020c
2a8522
29ccfa
2806ac
257e9e
2298aa
1fc4c0
1d70c2
1bf99c
1b9dd6
1c72ae
1e5e1e
21191c
2439b0
2742b6
29b7dc
2b31fa
2b6eb0
2a5a06
28117e
24de9c
212a16
1d6bc8
1a19a4
1797d4
162c3c
15f642
16eb3e
18d7e6
1b6668
1e2846
20a328
226042
22fd8e
223e6e
201784
1cb42c
18750e
13e554
0fa666
0c566c
0a7654
0a52b0
0bf474
0f1da4
13528a
17ed76
1c3a08
1f92fc
217cb0
21b7a8
2047a8
1d6e9e
199dfe
156244
114bf6
0dd9e4
0b68c8
0a2a92
0a2470
0b3370
0d152e
0f71de
11e798
1415bc
15a582
16507c
15e77e
1457ae
11acd8
0e12a6
09d226
0549c4
00e2be
fd0516
fa0890
f8262e
f76ea0
f7c640
f8e734
fa6ac0
fbd87c
fcb956
fcab5e
fb71ac
f8fe28
f573f6
f12188
ec7424
e7e664
e3eb16
e0d9fc
dee40e
de0d72
de2cd8
def38c
dffcf2
e0dfda
e13f86
e0da70
df9328
dd7324
daa774
d77634
d42f96
d11f52
ce8044
cc738a
cafe1e
ca0d6e
c98144
c938e2
c91f86
c9350c
c991ca
ca6380
cbe28e
ce423e
d1a086
d5f81e
db18aa
e0a7ec
e62bbe
eb1b88
eef6b0
f15bba
f21a78
f13dd0
ef0c8a
ec0108
e8b8c0
e5de08
e41062
e3cf76
e56b18
e8fa54
ee5a2e
f532e6
fd0280
052bc2
0d07b4
13f750
1973fe
1d1de2
1ec638
1e73ce
1c61a8
18f838
14c0b4
1053d8
0c472c
091c34
073224
06bbfe
07bca4
0a09c6
0d5430
1133bc
15349e
18e504
1be19c
1de020
1eb70c
1e6172
1cfe38
1acbf0
1821f8
1564d4
12f7b8
112f3c
104570
105050
113f00
12ddc0
14de28
16e48a
1898ba
19b3ee
1a0a02
198ed2
18562e
168ddc
14742a
124d4e
1059d8
0ecf84
0dd3c8
0d78b0
0dbc2a
0e87c2
0fb18a
10ff16
12297c
12e44c
12e980
1206f8
102918
0d6388
09f556
0643e8
02ccf0
001294
fe83bc
fe6632
ffc7cc
02790e
061334
0a09f6
0dc484
10b808
127f08
12e930
12000a
100094
0d4bc4
0a5248
0780c8
05301a
039b1e
02dbbe
02ee8c
03b9c8
0514d6
06cea4
08b2c4
0a8be0
0c24da
0d4aa6
0dcef2
0d8c6e
0c6d82
0a734c
07b95c
047538
00f1b6
fd8584
fa868e
f83c3c
f6d298
f651f0
f69cf4
f77490
f881f4
f9653a
f9c508
f95c80
f8063c
f5c16a
f2b0b6
ef14a8
eb40f0
e78dc6
e44a36
e1b148
dfe19a
ded9d0
de7acc
de8e78
ded1cc
df0076
dedf3c
de43f8
dd1a80
db64e4
d93780
d6b240
d3f8ac
d12b18
ce6334
cbb342
c92850
c6d03e
c4c096
c31a8a
c20bd8
c1cc38
c29562
c496fc
c7ea2a
cc8668
d239c8
d8a846
df52aa
e5a41a
eb052c
eef1e8
f10e50
f135c2
ef832a
ec50be
e82ed0
e3d282
dfff1a
dd6de2
dcb6d6
de3ccc
e220ac
e83d24
f02a46
f949a2
02d98a
0c0be4
141de0
1a6fb2
1e97fe
206ef0
20113c
1ddb08
1a59d6
163702
121ff4
0eaf40
0c59f2
0b6422
0bdd88
0da556
107496
13ed26
17a9cc
1b4c50
1e873a
2122fe
22ff6c
241230
2462fe
240794
23214e
21db26
20673e
1efb56
1dcb6a
1d038c
1cc248
1d12ce
1de816
1f1d2c
207afa
21c172
22b2b4
231e28
22e8f0
221398
20bb00
1f1222
1d57ac
1bcb3e
1aa292
1a00a2
19f0f8
1a66f6
1b407c
1c4c18
1d5038
1e119a
1e5aa4
1e02be
1cf3ce
1b2e70
18ccf2
16033e
131a86
10693a
0e47d8
0d0390
0cd068
0dbdb0
0fb080
126550
157862
187534
1aea98
1c7da4
1cf846
1c51ae
1aadf0
1854a0
15a25a
12f844
10abbc
0efa28
0e0376
0dca6e
0e39a0
0f2b46
107146
11db2a
133a3a
1463a8
153038
157c0a
1528bc
1421a8
12605e
0ff09e
0cf254
0998c8
062622
02e294
0010ce
fde33a
fc73e0
fbc00e
fba87e
fbf654
fc642a
fcaa08
fc88a6
fbd138
fa6a9c
f85470
f5a620
f289e2
ef35a0
ebe37a
e8ca54
e616d2
e3e4f8
e23c66
e110aa
e04414
dface6
df1cfc
de69de
dd737c
dc2926
da8aae
d8a45c
d6889c
d44984
d1f37a
cf8b10
cd0fe4
ca83e2
c7f4e0
c585d8
c3738a
c211de
c1c1e8
c2e0c6
c5b1f6
ca4a82
d08212
d7ee3a
dfea9e
e7ad1c
ee6302
f352b8
f5fada
f6281c
f3fea2
eff5da
eac71a
e552d6
e08192
dd2516
dbde1c
dd0a88
e0bdb6
e6c192
ee9ff6
f7b250
0134aa
0a5a64
126438
18b526
1ce37e
1ec3f6
1e6df2
1c37c8
18aa66
146d46
102e34
0c8934
09f42a
08b180
08cb7e
0a1996
0c4dde
0f078c
11e5ea
1497d6
16e54a
18b1e0
19f92a
1ac6e6
1b2e2a
1b41d8
1b1078
1aa442
1a0588
193dd6
185b00
1770f2
1697c0
15e68c
156dc0
153216
152a62
1540fc
15583e
15509c
15101e
1489cc
13c15c
12caf0
11c77a
10def0
10382a
0ff040
101388
1099fe
11674e
124e78
13184a
138b60
1374de
12b162
113420
0f0a66
0c5c2a
09692c
068132
03f908
021eda
012ea8
014850
026a08
047008
071890
0a0cda
0cede0
0f61d8
1120ae
11fdac
11ec3e
10ff02
0f6288
0d54fe
0b1c34
08fb12
07296e
05cf48
0502ba
04c7b8
05121a
05c982
06cd4c
07f7fc
0921a6
0a2176
0acffa
0b0a28
0ab426
09bc2c
081e3e
05e6be
0332dc
002f16
fd130e
fa19e6
f779d8
f55c92
f3d858
f2eafe
f27994
f25510
f2428c
f2051a
f16862
f04a00
ee9fba
ec787e
e9f846
e74f98
e4b10a
e246f2
e02b02
de6170
dcd990
db73e4
da0b50
d87ef8
d6bb02
d4be04
d29930
d06b3c
ce5708
cc787a
cadb1e
c9757a
c829fe
c6ce4e
c5385a
c34e60
c1157c
beba24
bc904c
bb0a7e
baa7de
bbdb7e
bef2a2
c3ffba
cacdce
d2dfb2
db7c88
e3c84c
eae380
f00d5a
f2c28a
f2d290
f06840
ec0556
e67220
e0a2ae
db969e
d838a2
d74136
d91fa8
ddecf8
e569f8
ef0784
f9f800
054826
0ffc54
192ee6
202c40
248860
262af2
254fc4
227b72
1e6590
19dbc0
15a2c4
125b30
106e06
1003d4
11075e
133264
16213a
1968ce
1ca9fa
1f9e2c
221c96
24192a
259d6c
26bd98
278f9e
282658
288ff4
28d678
29019e
2918f8
292506
292dfe
2937aa
293d4c
293016
28f8c2
287cae
27a60a
266c14
24d924
230d60
213c46
1fa44c
1e8284
1e05f8
1e45a6
1f3ad8
20c0a2
229932
24788a
26111a
271ebc
276f00
26e5d6
257df6
2346c8
206140
1cfc58
1951be
15a342
123780
0f549a
0d3962
0c1526
0bff54
0cf0bc
0ec08e
1126f6
13c616
163818
181f56
1935ee
1959b4
1890be
170564
14fb5c
12c0bc
109e5a
0ecae6
0d62f2
0c684c
0bc81a
0b64a6
0b1f3e
0ae0a8
0a9dd6
0a5714
0a1290
09d502
099af0
0954d8
08e888
083714
07252a
05a3c4
03b73e
01792e
ff13aa
fcb824
fa94a6
f8c8fe
f75e34
f643be
f5530a
f4589c
f320d0
f1855c
ef776c
ed0446
ea536a
e79de8
e52118
e3107a
e18a1e
e08fb6
e005a0
dfb8fa
df6aee
dede9a
dde6c2
dc703a
da8580
d84b26
d5f6fa
d3c2de
d1dcd0
d05a40
cf3264
ce3f78
cd46fe
cc08e8
ca5270
c8102a
c55bda
c28128
bff730
be5028
be210e
bfe50e
c3e270
ca16d8
d22e96
db89b0
e54e10
ee8478
f63bc8
fbacf4
fe5974
fe1eb0
fb3b92
f64822
f0215a
e9cbec
e451fa
e0a122
df6d9c
e11cf6
e5bb7a
ecfda6
f64bf4
00d6f0
0bb17e
15edb6
1eb8e6
257374
29c146
2b9094
2b1702
28c550
253336
210764
1cdfd0
193e6c
167cbe
14c6f2
141e66
14628c
155dca
16d2ba
188778
1a4d2e
1c030c
1d95c4
1efc92
2034b8
213da8
2217d2
22c4d8
23477c
23a2ec
23d9e4
23ed7a
23db20
239af6
231f2c
225550
2129f8
1f8ed6
1d808a
1b0aca
184ad0
156f86
12b532
105d54
0ea54e
0dbcc8
0dbd4c
0ea4f6
105506
1293f0
151376
1779c2
196ba6
1a972a
1abe26
19bf2e
179b06
1475a2
109318
0c5044
08175a
045254
015d3e
ff799e
fec538
ff371c
00a30a
02c11e
053948
07b118
09d8b0
0b7496
0c630c
0c9c4a
0c2ea0
0b38a0
09e190
0851de
06adec
0513aa
0399e0
0250c8
01427a
007330
ffe204
ff893c
ff5dca
ff4fce
ff4c70
ff3fc2
ff1728
fec42e
fe3eb4
fd85a4
fc9e8e
fb9434
fa7410
f94aea
f820f0
f6f7ac
f5cac4
f49186
f33fb8
f1c70c
f01a1c
ee303e
ec0858
e9aa2e
e72752
e49bd8
e22bf6
dffdc4
de325c
dcdf72
dc097a
db9fc2
db7c5a
db6862
db2502
da7800
d9381a
d75672
d4e340
d20ba0
cf0fd0
cc33d6
c9ae22
c79988
c5ee88
c485aa
c3229a
c186f4
bf88b0
bd2628
ba9162
b82f30
b68908
b633c0
b7afc2
bb4a3e
c10634
c8925c
d14f0a
da63d4
e2e06a
e9e1f0
eeb6d0
f0fa40
f0a27e
edffce
e9ae10
e47cc6
df5212
db0cf0
d86aba
d7f2e8
d9eaa4
de5086
e4e002
ed1b6e
f65b6c
ffe2a8
08f3a8
10e6e6
173e4a
1bb2fc
1e3b7e
1f0940
1e7d58
1d150a
1b529c
19a790
1864a0
17b21a
1790e6
17e316
187a64
1928b8
19cd32
1a5af4
1ad99a
1b608c
1c0ed6
1d013c
1e4950
1fe972
21d702
23fed8
26498a
289f14
2ae940
2d12cc
2f0456
30a1a8
31c8f8
32552e
3223f8
311eac
2f4302
2ca8b2
298270
261a94
22cb14
1ff08e
1ddb68
1cc37a
1cc0e2
1dc98e
1fb2dc
223778
25016a
27b5ac
29fd5c
2b8c76
2c286a
2bade6
2a1460
276f9c
23ef54
1fdbe0
1b8fbe
176e6c
13d862
111d78
0f7144
0ee422
0f616c
10b388
128d76
149898
1683c4
181032
19195c
1996c8
199856
193dd2
18ac02
180296
175514
16a7a6
15f0c0
151ede
141f78
12e562
116db8
0fc238
0df7f4
0c2aca
0a77d2
08f844
07bd76
06ce38
062664
05b8ca
05729e
053f7c
050ca4
04ca54
046b34
03e3a8
03291e
023150
00f18c
ff5ee2
fd6fbc
fb1f06
f86f7a
f56d98
f230f2
eedcb4
eb9c92
e89e32
e6096e
e3f914
e27512
e16ffc
e0c86e
e04e46
dfcb6c
df0f12
ddf816
dc7b86
daa5d2
d896c4
d67856
d47164
d297f2
d0e85a
cf4476
cd7a86
cb52ee
c8a2ec
c55fec
c1adea
bde438
ba8652
b8310c
b77f2e
b8ea16
bcad54
c2b3dc
ca9302
d39556
dcd3e2
e558cc
ec449e
f0f04a
f30626
f28cf6
efe3c4
ebb09a
e6c6a6
e2085c
de4a02
dc37de
dc438e
de9a30
e3232a
e9866a
f13964
f9913c
01d7da
09623c
0fa5fc
144a9c
17337c
188158
188ab8
17cb38
16cbc2
1608a0
15da8a
1667c8
17a064
19455e
1af94c
1c5750
1d0afc
1ce300
1bdb20
1a1c12
17f23c
15be08
13e1b4
12affa
126034
130a18
14a7d6
171bb0
1a36a4
1dbece
217462
251462
2859c2
2afee0
2cc1ce
2d6baa
2cda1c
2b085e
28146e
243f76
1fe942
1b85ae
178c3a
146650
125fec
119d8c
12191a
13a528
15f52e
18aa7c
1b62f6
1dc4e6
1f86c8
2074ee
2074d4
1f8512
1dbb92
1b433a
185882
154442
1253d8
0fcf8c
0df092
0cd82c
0c8990
0ce83c
0dbc18
0ebb34
0f988c
101406
1007be
0f7014
0e6cb8
0d3934
0c1eaa
0b62e4
0b37f2
0bafbc
0cb650
0e1488
0f7aac
109046
110508
109f46
0f468e
0d0808
0a13aa
06b2e6
033b7e
0001ac
fd4c72
fb4ce2
fa18da
f9aa8e
f9e49c
fa9836
fb8b78
fc7fb8
fd379e
fd7d6e
fd28c0
fc21a4
fa6146
f7f23a
f4f07e
f186de
ede9d4
ea51f2
e6f654
e4059a
e19ed6
dfcc2c
de80de
dd9ade
dce86c
dc307c
db3c9a
d9e33e
d810f0
d5cd54
d33a78
d08e72
ce082e
cbe0b2
ca3be2
c91c68
c85ed2
c7be06
c6e11a
c56f60
c32754
bff3e6
bbfb18
b7a0c8
b37c3e
b041d4
aea3e4
af3088
b233a0
b7a38c
bf1c4c
c7eaaa
d125fe
d9d2ec
e1090e
e61516
e89230
e87656
e61094
e1fa70
dd0032
d804ae
d3e4c4
d15d56
d0f690
d2f69c
d75c10
dddf7e
e5fc86
ef0260
f82a36
00b022
07ec14
0d67d4
10eef4
129520
12b0ae
11c988
107f82
0f6cc2
0f0a70
0f9c60
1127d0
137778
162afe
18cde6
1af0c8
1c3fbe
1c910a
1be9da
1a79a8
188ea8
168672
14be56
1386b6
131bc4
13a3a6
152fac
17bdd0
1b38be
1f767e
2437b4
2928a2
2de4ba
31fdfe
3509aa
36b0ee
36c0d8
353586
323e40
2e39ac
29a9ec
252178
212bca
1e37c2
1c8922
1c3288
1d16e0
1ef1de
216694
24104e
26909e
2898ec
29f07c
2a77c0
2a2886
2913e0
275ede
253ea6
22f34e
20c0e2
1ee61e
1d9214
1cdb3e
1cba20
1d0822
1d84a6
1de10a
1dd18e
1d1ea6
1bb2ee
19a2c0
172af8
14a67a
127c06
110880
108b34
111868
129438
14b6e8
171a90
194e54
1aea04
1b9e72
1b4012
19ca8e
175d36
14322c
1092c6
0ccbe0
09248a
05d7a4
03104e
00e916
ff6cce
fe97c4
fe5808
fe8dc0
ff0cea
ffa098
000f7c
0021d4
ffa7b8
fe7f76
fc9a8a
fa002c
f6ccd4
f32f98
ef650c
ebaece
e8495c
e56318
e31560
e1603e
e02a52
df4574
de7720
dd83a6
dc3aee
da836c
d86024
d5f0c4
d36b4e
d10f50
cf1470
cd99be
cc9a7c
cbebbc
cb4418
ca4d4a
c8bba0
c66672
c35b6c
bfe758
bc90a8
ba0380
b8f252
b9f17e
bd568e
c321a0
caf5b8
d422d4
ddbfce
e6ce5e
ee622c
f3c448
f68d2a
f6b110
f47d92
f08a18
eb9fc6
e69db8
e25d9c
df9b0a
dee002
e07776
e46710
ea7026
f217c6
fab572
0387e2
0bce58
12e280
184e88
1bdc62
1d9c2a
1ddea2
1d233c
1bfda8
1af94c
1a7fa0
1ac606
1bc7a6
1d4cb6
1efc10
207212
2157a4
21742c
20b702
1f3776
1d2ca0
1adffa
189f1e
16afbe
15480a
148c40
1490b8
155d1e
16ee14
193448
1c1188
1f552a
22ba5e
25ead6
2886ac
2a315a
2aa232
29b3ca
276e26
24098c
1fe93e
1b8d1c
177ca8
14306c
11fece
110fc2
11590e
12a35e
1496cc
16cc12
18de28
1a7874
1b6070
1b7aa0
1aca48
196d1a
1794ac
157f52
137040
11a74e
10595e
0fa994
0fa324
10353c
1132e6
1257e2
135246
13d038
138f98
126c2c
106988
0db638
0aa5ec
07a39c
051e88
0375a2
02e512
0379ea
050f0c
075444
09dd80
0c3608
0df3c2
0ec7d0
0e8914
0d36a4
0af2b8
07f880
049024
010392
fd9520
fa78b4
f7d17c
f5b384
f426c6
f329a6
f2b202
f2acc2
f2fd7c
f37f76
f407a0
f46784
f4726a
f403ea
f30604
f174e6
ef5fb2
ece780
ea3b84
e7914c
e51abe
e2fd08
e1498c
dff9c6
def036
ddfdda
dceb82
db85fa
d9aace
d751b2
d4911c
d19d0a
cebe94
cc44f4
ca731e
c96dd8
c92f1a
c982a6
ca0d6e
ca5fc0
ca0ef6
c8d0f6
c693b6
c38aac
c02d42
bd25e4
bb3402
bb064c
bd1594
c188c8
c82772
d05e00
d95428
e2102a
e99f0e
ef3b22
f269e0
f30b92
f15b32
ede05a
e9570e
e492dc
e062ce
dd794c
dc59de
dd4dba
e05f10
e55aec
ebd930
f3497a
fb0442
025fa2
08c59a
0dc85a
11314e
1307a0
138c8a
132d38
126c18
11c5fa
1198a8
121146
1326da
14a0fa
1628b8
175ff6
17f966
17ca52
16d234
1537fc
133f26
113814
0f6faa
0e2216
0d745a
0d75e0
0e26ee
0f7f9e
1174a2
13f7f6
16f5c4
1a4eb0
1dd1de
213a52
2433b0
266654
278778
276992
2608c2
23902c
205664
1cd094
197e38
16d2e0
1523aa
149b32
1535dc
16c63a
18ffd6
1b8676
1dfdca
201586
2190e6
224b04
22381a
21644c
1ff1a4
1e1490
1c0ebe
1a28f6
18aa74
17cd68
17b37c
185d8e
19a7d0
1b4ca0
1cef32
1e2c00
1eabea
1e366e
1cbe82
1a673c
177ee2
147098
11afd2
0fa252
0e8d8a
0e8af6
0f851a
113d0a
135804
1571a0
172c86
183f50
187daa
17db98
1669f0
144f46
11bfd0
0ef51e
0c26ca
098426
072f8c
053d9c
03b6a8
029760
01d13a
014ca4
00ec20
008f94
00180c
ff6ae2
fe747c
fd2ada
fb8f18
f9acd2
f798cc
f56f4e
f35146
f15fc4
efb5f6
ee62c6
ed63aa
eca240
ebf53c
eb2588
e9f780
e83798
e5c7cc
e2a9d2
df0338
db1aba
d74d62
d3fc3e
d176c4
cfe764
cf4666
cf57ba
cfb60c
cfe8d4
cf8102
ce367e
cbfed8
c916da
c5fcba
c35b4c
c1e92c
c24328
c4ca54
c98cc2
d03e44
d842cc
e0c79a
e8e592
efc668
f4c5d8
f788de
f80788
f688aa
f39216
efd1bc
ec0444
e8dcd0
e6f034
e6a5a8
e82dc8
eb8012
f05eb6
f65fd4
fcfb8e
039e6e
09be28
0eecc2
12e73c
159dfc
173516
17faf2
185642
18af7a
195a66
1a8420
1c2946
1e1790
1ffa9a
217058
221fd2
21cd0c
206632
1e07c8
1af71c
179434
1447e0
1172fc
0f616e
0e4242
0e2670
0f05c0
10c5c0
133fe4
16460c
19a4ce
1d2380
2083d6
238296
25db9a
27524a
27bbc4
270754
25442e
22a386
1f7440
1c1804
18f48e
1663f8
14a724
13dd20
14007a
14ea56
165b2a
1806bc
19a078
1ae642
1ba82e
1bcca6
1b518a
1a4af0
18dfde
174578
15b8ca
14773c
13b658
139aa8
142f36
155fea
16f86e
18a8de
1a1164
1ad294
1a9ec8
194a6c
16d87a
137ea0
0f9ebc
0bb744
084ce2
05d23e
0492f0
04a554
05e624
07ffc6
0a7b24
0cd5d2
0e988e
0f6a7a
0f1dd8
0db480
0b5ae0
085b50
050eba
01cd32
fee070
fc79dc
faae48
f977a0
f8bafa
f84fd2
f80626
f7ad8c
f71d00
f637f2
f4f018
f345c8
f1475a
ef0e6a
ecbb1c
ea6ec4
e847b4
e65e96
e4c3e0
e37d54
e28558
e1cc22
e13926
e0ac90
e0017a
df11d8
ddbb96
dbe5c2
d985a8
d6a3b4
d35e02
cfe668
cc7b82
c95db2
c6c186
c4c34a
c35ec4
c26dc0
c1af4a
c0d77a
bfa414
bdf148
bbc9e4
b96dc8
b74bc8
b5ef32
b5e42e
b798fc
bb4326
c0ceba
c7dba4
cfcae0
d7d76e
df35e2
e53510
e9594c
eb6c82
eb818e
e9ec6a
e73148
e3eeee
e0c90c
de5540
dd0c96
dd41ee
df1bf2
e2922c
e76e86
ed5346
f3c50c
fa3930
002870
052366
08e484
0b5bd4
0cb22a
0d417e
0d8298
0df398
0efc48
10d678
138044
16bc2a
1a1e22
1d223c
1f484e
202e4a
1fa37a
1db124
1a97ae
16c1c0
12b14c
0eeb50
0be608
09fbe2
0964c4
0a35c0
0c6464
0fc9fc
1426a6
192584
1e6208
236e6e
27dc6e
2b4894
2d67a6
2e135c
2d5142
2b5274
286e08
2515b0
21c39e
1ee688
1cd152
1bb0d2
1b8880
1c362c
1d7bba
1f0c8e
209b92
21e602
22ba9a
22fdbc
22aa82
21d192
2095e0
1f2848
1dc296
1ca1ee
1bff2a
1c0572
1cc95e
1e41c4
2043ea
22853a
24a3a6
263416
26d534
264260
246220
214d84
1d4f1c
18d892
14707a
109b88
0dc618
0c3268
0beece
0cd522
0e9382
10bc2c
12d88c
147c32
15544e
1530fa
140818
11f312
0f27b0
0bed12
089028
0558f6
0280ce
002b80
fe65aa
fd2630
fc5094
fbb954
fb2cc2
fa7734
f96d14
f7f196
f5fa86
f39134
f0d0f8
ede292
eaf4b8
e834fa
e5caa4
e3d21a
e25894
e159c6
e0c050
e067d4
e020b8
dfb5e0
def376
ddae60
dbcb56
d944c2
d62dce
d2b266
cf12a8
cb98ae
c88a46
c61a7c
c45e1c
c3454e
c29d30
c21afa
c16e80
c0581a
bebcb6
bcb3cc
ba8b1c
b8be16
b7e110
b8841a
bb1420
bfc0da
c66cbe
ceab56
d7cf30
e10406
e96fa8
f053ae
f52a30
f7b84e
f81398
f69a96
f3e2e4
f0a164
ed90aa
eb5942
ea7eaa
eb528e
edee8c
f23422
f7d290
fe51c0
052224
0bb020
117870
161a8a
196682
1b6484
1c534c
1c9c84
1cc03e
1d3bbc
1e7032
208e0e
238932
271994
2ac8aa
2e0900
3051d8
3138ae
30845c
2e3760
2a8f4c
25f9a2
210170
1c3a48
182c7c
154584
13ce00
13e580
1583f8
187e58
1c8bc8
214bd0
264df4
2b1a5e
2f3bcc
324bf6
340102
34388a
32fc9c
3082f0
2d26b6
295c2a
259e68
225b98
1fe452
1e6098
1dcc68
1dfbb2
1ea4fc
1f7128
200c96
2034ae
1fc06c
1ea476
1cf30e
1ad7d2
1890ec
166696
14a25c
138674
134490
13f4f4
158fb8
17e9a6
1ab53c
1d88ec
1feb32
21642e
21924e
203cfc
1d6178
19379a
142c30
0ed042
09c11c
058e0a
02a052
012a28
01202e
023e8e
04188e
062e76
0804c6
093890
098d36
08f0fc
0778fc
0556e4
02cb40
00184c
fd7780
fb1226
f8fd70
f73b8a
f5c046
f4768e
f344fc
f210c4
f0bff2
ef3c18
ed7522
eb62fa
e90700
e66d84
e3ae1c
e0e96c
de4492
dbe43a
d9e8b4
d869dc
d77280
d6fd82
d6f578
d735f0
d78e8a
d7c882
d7adfe
d71206
d5d810
d3f95a
d18768
ceabc0
cba302
c8b29c
c61b0c
c409e6
c28e52
c19338
c0e17c
c02b5e
bf1fe8
bd81f0
bb3cd8
b872ec
b58138
b2f5d6
b17980
b1b048
b4179e
b8e932
c008a8
c900c2
d311d8
dd4eb8
e6c13c
ee8fee
f41eec
f7255c
f7b3c0
f62bd4
f32d0e
ef7a04
ebdc30
e9095a
e78ebc
e7c424
e9c66a
ed77ec
f28774
f87ca8
fec85e
04d762
0a2618
0e52f8
112d6a
12bdb4
134366
132a08
12f4fe
1325da
142278
161f40
191262
1cb424
208c74
2409c8
269cc6
27d380
276dfa
256818
21f854
1d8444
188e84
13a284
0f41b4
0bd5a4
09a884
08e304
098e60
0b97da
0ed370
12fe52
17c258
1cba22
217704
258b78
289940
2a5fb8
2ac6c0
29e386
27f636
2560da
229778
200b8a
1e1842
1cf432
1caa6e
1d1b6a
1e054e
1f12ba
1feca6
204a68
1ffc7c
1ef336
1d4078
1b13dc
18b314
1670e8
14a318
1397ee
138bee
149fa8
16d006
19f2da
1db7f8
21af8a
255676
282820
29b306
29ac80
27feb0
24ce72
207834
1b82ac
1688c4
121f7a
0ebdc8
0caaa0
0bf3f6
0c6fc2
0dc76c
0f8ac8
114546
129134
132712
12e5ca
11d270
101168
0ddb24
0b6f50
0909ba
06d9c0
04fc0c
037852
02438a
014476
0058a6
ff59ac
fe21a0
fc8f1a
fa89e0
f80734
f50bb0
f1ab0a
ee0762
ea4f1c
e6b7a0
e3766a
e0bac0
dea7fa
dd4f5a
dcabde
dca178
dcff0a
dd82b8
dde1fa
ddd45c
dd1ecc
db9da6
d94bfc
d6462e
d2c732
cf200e
cba9ea
c8b520
c678ce
c50606
c441da
c3e8d0
c39c50
c2f814
c1aaea
bf8d96
bcb2ec
b96dbe
b6493e
b3f3d4
b32072
b4648c
b81962
be466e
c69952
d06dd8
dae514
e506ba
ede5f8
f4c3e2
f92a56
fafad8
fa6f14
f80c12
f48b8c
f0c050
ed78fc
eb652a
eb012e
ec89cc
eff812
f505c8
fb3a22
01fc7e
08aacc
0eb0aa
139bce
172b5e
195834
1a53a2
1a7ca2
1a4d26
1a42ba
1ac74a
1c1dbe
1e54f8
2144b6
249652
27d61a
2a8836
2c3e26
2ca9d8
2baa3e
294f2a
25d4ea
219a16
1d118c
18b2b6
14eb44
121446
106b04
100d94
10faa4
1312d8
161c38
19c88c
1dbd28
219ace
25072a
27b7c4
297b6a
2a400e
2a1400
29225a
27abb4
25fc6c
24605c
23165c
2246ea
21ffae
223318
22bb32
236058
23e394
24092c
23a15a
228fa2
20d128
1e7f8e
1bcfea
190e16
16946e
14c0d8
13e7ae
14456c
15f1e4
18d80c
1cb3f6
211826
257a80
294746
2bf75c
2d25ec
2ca0b2
2a702e
26d6c6
2245c2
1d4a14
187520
1445dc
1115f8
0f0eb8
0e2702
0e2a10
0ec502
0f97f2
1046ca
10879e
102c72
0f26f0
0d8642
0b70bc
091b12
06bed2
04912c
02bac8
015186
0055b0
ffb2d8
ff434e
fed47c
fe2cca
fd13e8
fb5c50
f8eb6a
f5bec2
f1edc6
eda7c4
e92e58
e4cc52
e0ca54
dd6418
dac0f4
d8ef30
d7e25c
d775d6
d77354
d79ad2
d7aad8
d768f0
d6a8a4
d54ff2
d3598c
d0d4ea
cde3ae
cab4ec
c77eb4
c475c0
c1c436
bf81ae
bdadd6
bc2ede
bad5a2
b96872
b7b224
b591d6
b308bc
b0434a
ad9a28
ab88f0
aa9b54
ab543a
ae13b8
b300a2
b9fa32
c295aa
cc29ca
d5e5a4
deedfe
e67d08
ebff60
ef28a6
effc36
eec984
ec1db6
e8adc2
e53cc6
e28212
e11238
e14e9e
e35ca8
e723fe
ec5466
f272c6
f8eb60
ff26f0
04a008
08f5c2
0bf86e
0daef6
0e53e6
0e498a
0e067c
0dfee2
0e8e68
0fe6b8
120656
14ba46
17a91a
1a64ec
1c8102
1da5f8
1da06a
1c6878
1a2178
171228
1397d8
1017bc
0cf12c
0a7346
08d6d4
083be6
08a9e6
0a11a6
0c501a
0f31b8
1276a2
15d7d6
190d98
1bd7b0
1e06a0
1f8332
205188
208fa2
20708e
2033c2
201874
205024
20f45e
2201b0
23583c
24c150
25f8f2
26baca
26cf7c
261682
248b0a
224560
1f791e
1c6faa
197fa4
170358
154f66
14a99e
154068
172382
1a3f46
1e5b3e
231d32
2810c8
2cb3d4
3086b6
331df4
34314c
33a652
31955c
2e4628
2a2422
25acf2
215d10
1d9cfe
1ab282
18b8ae
17a014
173688
1733c6
174890
172d86
16af10
15b40c
143f00
126a22
105fc6
0e5136
0c6d42
0ad7d2
09a3dc
08d056
0848c0
07e938
07842c
06e790
05e2b0
044d40
020dc6
ff1d2e
fb8794
f76b12
f2f50e
ee5d7c
e9dfd6
e5b378
e20580
def494
dc8d8c
dac98c
d98ef4
d8b542
d80a7e
d7597a
d670b8
d5299e
d36eb8
d13f9c
ceb1ca
cbedec
c92986
c69d3e
c4789e
c2d61c
c1b278
c0e9be
c03b16
bf540e
bde258
bba892
b891dc
b4bfbc
b08ea4
ac8ed6
a97164
a7ebbc
a896fe
abd22c
b1ac84
b9dc9e
c3c722
ce943e
d94f0e
e30956
eafeaa
f0b022
f3f33a
f4f246
f4200c
f22198
efb296
ed8920
ec3d5c
ec3876
edac3c
f09268
f4b2ae
f9af16
ff14b4
046d4a
094fd0
0d6eb0
10a190
12e90a
146c10
156f98
16491e
174e2a
18c3e2
1ad0ca
1d73ea
208422
23b7b8
26b1fe
291448
2a8f58
2af11c
2a2caa
285b66
25b78c
2291b0
1f4422
1c2650
198236
178dca
166896
161c2c
169e52
17d420
199592
1bb14c
1df0f4
201dcc
2205fe
238348
248216
25058a
252678
250f6a
24f63c
251244
258f94
268412
27e98c
299d74
2b6566
2cf7ec
2e0840
2e53aa
2dad1c
2c03fe
296678
2600d8
22195c
1e0854
1a2e60
16eab4
1491a8
1363bc
138630
14fdbe
17abea
1b4ffa
1f8c40
23ef6e
2801ca
2b551e
2d93ba
2e8b5e
2e32ee
2caa32
2a32a2
27228a
23d5c2
209e82
1db942
1b4578
1944a8
179f7e
162f3c
14c87c
134572
118e18
0f9c92
0d7cb6
0b4804
091fc8
0726b2
057aaa
042f4e
0349fa
02bfd0
0276c6
024914
020a30
018c70
00a6a6
ff3974
fd3402
fa96d6
f773fa
f3ec0e
f02934
ec58ba
e8a4ac
e52dec
e2086a
df3ae8
dcc138
da8f64
d89500
d6c054
d5005c
d345d8
d183e2
cfb008
cdc30a
cbbaa8
c99bfe
c77548
c55e62
c376a6
c1df7a
c0b3e0
bffe70
bfb082
bf9eae
bf83f6
bf0bfa
bde39e
bbcdd8
b8b7da
b4c80a
b06338
ac24ba
a8ca68
a71774
a7b284
ab058e
b12696
b9ce48
c45e7c
cff736
db960a
e63b66
ef0f6c
f57f2c
f94dac
fa9762
f9c862
f78796
f49adc
f1c912
efbf04
eefaf6
efbfa0
f20faa
f5b320
fa4538
ff4748
04365c
08a0c0
0c37e2
0edb7a
109bd4
11b32a
127794
13484e
147904
163f80
18a6f8
1b8c1a
1ea340
218732
23cc72
251576
252440
23e512
21709a
1e0654
1a00f4
15c77e
11be12
0e3960
0b76f0
099a68
08aeb8
08a934
096d98
0ad26a
0ca4e6
0eac70
10ae1c
127180
13c75c
149152
14c89c
14813a
13e8b2
134042
12d2e6
12e7a2
13b2ca
154a2c
179e36
1a79b6
1d8864
20635e
22a11e
23e682
23f57c
22b6b8
203d3c
1cc4a4
18a9d6
145fc8
1061ee
0d25fc
0b0e4e
0a5ef8
0b361c
0d87d6
111ed0
15a254
1aa10a
1f9e7a
24228a
27c990
2a51e0
2ba342
2bcf30
2b0a72
29a15c
27e83c
262ada
249e9c
235a7a
22564a
217088
2078ec
1f3d58
1d9734
1b75e8
18e396
160358
130aa2
103776
0dc55e
0be2c6
0aa948
0a1a54
0a1fca
0a8f4e
0b3036
0bc3cc
0c0e58
0bde2c
0b0fc4
099022
075de0
0488c8
012e72
fd74e4
f985b8
f58a42
f1a76c
edf9a2
ea9340
e77d90
e4ba88
e245c2
e01536
de19f2
dc40e6
da739e
d8998e
d69ad0
d464f2
d1f02a
cf43c0
cc7824
c9b5fe
c7316e
c52078
c3ad8a
c2e9d4
c2c3a0
c3035e
c350e8
c34226
c2715c
c0964c
bd9ce2
b9b3ec
b54fd2
b11e96
adee44
ac8a32
ad95ba
b16ba6
b808c4
c106ea
cba9bc
d6fa98
e1ee40
eb8d2a
f317d8
f82134
fa9a2a
facd10
f94b84
f6d326
f42e1e
f21490
f113e2
f17ef6
f368b4
f6a854
fae58e
ffaa80
0478a4
08ddcc
0c85fa
0f4728
112562
124f4a
131352
13cee4
14daec
1679ec
18c9c0
1bbb3c
1f1270
22704e
256392
277ce8
2862e0
27e236
25f772
22cf96
1ec0a4
1a3bc8
15bc48
11b60e
0e86ce
0c6b8a
0b7bcc
0bab20
0ccee8
0ea646
10e3e8
133822
155a02
170e50
182c60
18a188
187370
17bff4
16b910
159dbe
14b224
14372a
14613c
154fb2
1706c4
196e2c
1c538a
1f6f1c
226b76
24f082
26af60
276c5e
27067e
257c5e
22ee2c
1f9bea
1bdf60
18224a
14d2e2
125718
10ff86
10fc66
1256c4
14eeca
187faa
1ca8b6
20fa6c
250690
287080
2af9a6
2c881e
2d278a
2d0362
2c5b44
2b73b4
2a8726
29b9f8
2913b4
287e92
27cd88
26c7a2
253642
22f35e
1ff492
1c508e
183da2
140a08
100f34
0ca298
0a072c
0861fc
07b3f6
07d9d8
0891e2
098642
0a5afa
0abcd4
0a6d2c
09487c
074826
048068
011a9e
fd4c64
f94de8
f5523a
f18206
edf898
eac2d4
e7e098
e54816
e2ea24
e0b53c
de9712
dc7da0
da580c
d816ee
d5ad6c
d31354
d04796
cd52c6
ca48be
c74832
c47836
c2039a
c0112c
beba40
be026e
bdd1d0
bdf3ca
be1c32
bdf2e0
bd23fc
bb732e
b8cd32
b55386
b15fe0
ad7d3a
aa55da
a8996a
a8df48
ab8a0c
b0b23a
b81d42
c14282
cb5d38
d58904
dee3c6
e6af18
ec6b56
efe73a
f14272
f0e3ce
ef646c
ed746e
ebbf48
ead37a
eb10c6
ec9f62
ef7032
f344a6
f7bd30
fc6b70
00e448
04d028
07f7a6
0a49fe
0bdcdc
0ce5f4
0dafa2
0e8a3a
0fbc8c
1174fa
13be38
167abc
19686c
1c2b3c
1e5cdc
1f9eea
1facaa
1e688e
1be2b4
1856fa
1423f8
0fbd04
0b9956
0822d2
05a7ca
04527e
042778
0508e4
06bdc8
08fbd2
0b72d0
0dd738
0fe9f4
117d26
12779a
12d75c
12b1ec
1230a2
118a98
10fdd2
10c828
111eb2
1224c8
13e542
164fde
193a50
1c647e
1f8028
223ad4
2448d2
256fa8
258dca
249ede
22bd34
201fc8
1d1456
19f754
172a2a
15080a
13db52
13d4f0
1505b4
175b30
1aa162
1e8910
22b272
26bae4
2a4ab0
2d2112
2f1cee
303f66
30a79a
308918
301eac
2f9c4c
2f2384
2ebc3c
2e531c
2dbef6
2ccb72
2b45e4
290a8a
260f2c
2267f2
1e465a
19f37e
15c596
121268
0f21e6
0d22ee
0c2444
0c1240
0cb864
0dc7dc
0ee3a2
0faeca
0fd8e0
0f27fa
0d7fa4
0ae3e2
0777d4
03770c
ff2994
fad7a6
f6bf9a
f30d5c
efd48e
ed1094
eaaa40
e88032
e66ef6
e4570e
e2208c
dfbc90
dd242c
da5550
d7503e
d4172a
d0affe
cd2744
c99322
c614ec
c2d7ca
c00aea
bdd718
bc52da
bb783c
bb2010
bb0492
bacca8
ba1e28
b8b3be
b671be
b3741c
b01204
acd4e6
aa63bc
a965b4
aa622c
ada4f8
b32cde
baa7c4
c37d58
cce6a8
d60da0
de2e2c
e4b35e
e94bc8
ebf20e
ece874
eca92a
ebcee6
eafb16
eabd40
eb7ed2
ed764a
f0a348
f4d2c2
f9aa24
feb818
038806
07b5bc
0afdea
0d48c2
0eacc0
0f6984
0fdb6a
1069e4
11737e
133ad6
15d886
1934e0
1d0a64
20f0ba
246ee2
271070
287974
2875a8
27004c
24436c
208fc2
1c4f7e
17f67a
13f28e
109e48
0e37e6
0cddca
0c902c
0d3588
0ea014
109412
12cf58
151060
171b9c
18c006
19dc30
1a630a
1a5e30
19ec7e
193d76
188ae6
181126
180620
189010
19be4a
1b86ac
1dc748
204a7c
22cd58
25091e
26bdae
27b9b4
27dfcc
272966
25a82a
2384a6
20fa10
1e4fea
1bd2fc
19cdea
1880d4
18190c
18aa84
1a2c90
1c7a48
1f5698
227412
257ff6
282e7e
2a4644
2ba8e8
2c56a4
2c6b7c
2c16ba
2b8eca
2b03aa
2a934e
2a4232
29f940
2989b4
28b7a0
274820
250faa
21fd6a
1e2206
19b06a
14f7ce
105768
0c2e80
08ccfa
0666d2
050b56
04a194
04eba8
059110
062de6
0662d4
05e2bc
047d5e
02260e
fef436
fb1d54
f6ea3e
f2a98c
eea240
eb093a
e7f958
e57004
e350e6
e16f6a
df9932
dd9f7e
db5f30
d8c57c
d5d04c
d28bd2
cf0e32
cb7300
c7d804
c45b5a
c11abe
be3392
bbc254
b9dffe
b89cfe
b7fa72
b7e396
b82a60
b889bc
b8aeb6
b84832
b71a54
b510e8
b24c96
af270a
ac2aba
a9fee2
a94aee
aa9668
ae2c70
b40992
bbd776
c4f7e6
ce9dfa
d7f002
e02aa6
e6bf52
eb6862
ee2f04
ef628e
ef84fa
ef3122
eeffaa
ef6f08
f0d238
f348e2
f6c080
fafc64
ffa232
0449fe
088f68
0c20ee
0ecc20
10857c
116a7a
11bd3e
11da2e
12284e
1306ca
14ba74
175ea0
1adcd8
1eedd2
232378
26fa90
29f11c
2b9c9c
2bbb7a
2a3efc
274bc6
233098
1e5716
193318
14328e
0fb052
0bed44
090f7c
0725a2
062be6
061092
06b6b2
07f7e8
09a638
0b8d64
0d7574
0f280c
1078ce
114e06
11a5e4
119686
1149f8
10f692
10d392
110c48
11b630
12cc6e
14314a
15b55c
17219c
184260
18f21e
192040
18d17a
181b9c
171fce
160394
14ea8e
13f2ec
13347c
12c15c
12a796
12f1d8
13a68a
14c60a
164870
181bba
1a2450
1c403a
1e4c0e
20298c
21c628
231f06
244104
254496
264550
2757f8
28820e
29b4b8
2acbc6
2b9266
2bcc92
2b4330
29d060
276942
2422c0
2030cc
1be026
178aea
138ae0
102c5c
0da326
0c0378
0b4060
0b2e90
0b8b40
0c07c2
0c5658
0c34b8
0b741a
09ff50
07dc12
052794
020f90
fec8a2
fb8404
f867ee
f589e2
f2eae6
f078c4
ee1488
eb9a90
e8e9b0
e5e9be
e29030
dee1a0
daf094
d6dad8
d2c5d2
ceda42
cb402c
c81ba2
c589e6
c39e08
c25dae
c1be22
c1a182
c1d5b4
c21758
c218c6
c18d16
c0372c
bdf916
badfee
b72a32
b3467c
afc880
ad5496
ac85d0
add35a
b1796e
b76a94
bf4ce0
c8847e
d249d8
dbc6d0
e43670
eb0220
efd6fa
f2af6e
f3cff4
f3b818
f30b14
f27404
f289f4
f3b820
f62eba
f9de9e
fe7f18
039c04
08aae6
0d23c2
1098da
12c9a8
13ae3c
1378c2
128c72
116bf4
10a21c
10a8ce
11d258
1439e0
17bd8a
1c038c
2088ea
24b75a
27fe98
29ebb2
2a39f4
28db92
25f860
21e326
1d093a
17e07c
12d6a4
0e44ac
0a68a2
076554
054642
0405b4
039286
03d41e
04ac78
05f88c
079080
09488c
0af30c
0c6578
0d80b4
0e3812
0e93f8
0eb122
0ebcd4
0eec04
0f6ee6
1064f8
11d46a
13a716
15aea6
17ad7c
196268
1a9660
1b28d2
1b15a8
1a7420
197106
18454e
172a8a
16508c
15d740
15ccb0
162ef2
16f122
18010a
194b82
1abf14
1c4c80
1de57c
1f7b2e
20fe66
22619e
239bdc
24abac
25999e
267852
27600a
286716
299964
2af0c8
2c4fe4
2d826e
2e43a2
2e49de
2d560a
2b439a
2813f8
23f1ee
1f2d7a
1a3086
156e1a
114ecc
0e1e8e
0c0032
0ae97a
0aa6f6
0ae6d6
0b49d0
0b759a
0b23f2
0a2c20
08866c
0648fe
039f6e
00bf22
fdda68
fb15e2
f8831a
f61f0a
f3d3ce
f17eca
eefa94
ec2802
e8f41e
e55b00
e167c8
dd31a0
d8d65e
d47544
d02b32
cc1100
c83b70
c4bc98
c1a586
bf06ba
bceed4
bb66aa
ba6b08
b9e67e
b9ae46
b98408
b91d5a
b83150
b689d4
b41482
b0ef3c
ad6d3c
aa1186
a77d64
a65646
a72800
aa48e2
afc554
b75804
c07110
ca4b0e
d409d6
dcdca8
e41db0
e96a14
ecae1e
ee230c
ee4070
eda49a
ecf8de
ecd6c6
edb190
efc722
f31aa8
f778ea
fc8398
01c20a
06b584
0aedfe
0e1c54
101fb0
110b18
1121f0
10cc80
1085a6
10c400
11e342
141240
174820
1b43c2
1f957a
23b1f8
270abc
2926ac
29b56a
289ad8
25f0de
21ff1a
1d2bcc
17ea52
12aa0a
0dc946
098e48
062560
03a29c
0206ac
014452
0143e2
01e4fa
02ffb6
0466a0
05e9e0
075bd0
089756
098788
0a2cdc
0a9cc8
0afc98
0b79d4
0c4050
0d6eee
0f0ebc
110f3e
13496e
158810
1791f2
19340c
1a4ac0
1ac7fe
1ab394
1a25d0
1940a8
182a00
1706e6
15f89c
151c14
148b26
145d94
14a876
157b0c
16da08
18bb82
1b04f8
1d8c10
201b7a
227c4a
248122
26109e
272bda
27ee84
288856
2930f0
2a184e
2b5812
2ce96e
2ea1e4
303880
31537a
319a4e
30c81e
2ebb84
2b8032
274f5c
2286fa
1d99da
18fc0c
150ff2
1216f8
1028aa
0f3164
0ef80c
0f29c6
0f6a78
0f65b0
0edbc0
0da9a6
0bcbba
095aae
068422
037fe2
0082fc
fdb50e
fb2a6c
f8e1b4
f6c456
f4abf8
f26c20
efdc52
ece03a
e96c30
e585fa
e14292
dcc15e
d82616
d393c8
cf2a4c
cb05be
c73f7a
c3ef70
c12c5a
bf0a54
bd9742
bcd44c
bcae64
bcf970
bd70ba
bdbd9a
bd84a6
bc7808
ba6b6a
b764de
b3a62e
afaaec
ac19ee
a9ac3a
a90dd2
aabd76
aef226
b58c68
be1670
c7d3fe
d1df90
db4e9a
e35590
e966fc
ed47fc
ef1560
ef392c
ee5496
ed22f4
ec5a5e
ec8ef2
ee1d56
f11fc2
f56ee8
faac6a
0054b6
05d638
0aa9be
0e6804
10da28
120254
121a82
118a84
10d654
108700
11122a
12c466
15b204
19b1cc
1e6274
2339b6
279baa
2af5ae
2cd67a
2cff8c
2b6d98
2855c4
241930
1f333a
1a257a
15644a
114974
0e0e78
0bccd4
0a82bc
0a1ab8
0a72c6
0b61e4
0cbbd6
0e52d6
0ff86c
117f6a
12c0ee
13a35c
1420f8
144b42
14499c
145370
14a630
157850
16eb2c
190038
1b95ca
1e6c76
21320e
239040
253dac
260d5a
25f67e
251336
2398a0
21caee
1ff016
1e442e
1cf238
1c1274
1bad64
1bc108
1c456a
1d2ebc
1e6d22
1feace
2189f8
23245e
248e56
259e2e
2636a8
26511a
260386
257fde
250b84
24ef84
25651a
2683aa
2834a4
2a316e
2c0d3c
2d497c
2d700c
2c2dac
296678
253f48
20197e
1a815a
151286
105a3a
0cbd84
0a6844
0947e2
0912dc
095a9c
09a386
097e5a
089c7c
06da7e
04414a
00ff9c
fd5d20
f9aa20
f62f80
f32222
f09c3c
ee9c66
ed07f8
ebb020
ea5ad4
e8cd5a
e6d4a6
e44b32
e11d3e
dd4a7e
d8e538
d40fba
cef8de
c9d784
c4e5be
c05bfe
bc6c2c
b93d06
b6e680
b56f70
b4cb80
b4d932
b561b4
b61c7a
b6b618
b6da8e
b64320
b4c56e
b26014
af42b6
abcee4
a88f78
a6272e
a538ae
a64b16
a9b01a
af7180
b7496e
c0a84a
cac872
d4cbba
dddcf4
e55056
eabd42
ee0c38
ef766a
ef7844
eeba12
edf2c4
edc934
eeb944
f10222
f4a040
f9521c
fea678
04117e
0905b2
0d0c8a
0fda74
115b14
11b44c
113fc6
107ba4
0ff456
102b2a
117e50
141766
17e310
1c9282
21a730
268790
2a9892
2d56c2
2e6a88
2db476
2b4f30
2787ac
22ce12
1da2a8
188254
13d6b6
0fec9c
0cf0d0
0af1d4
09e504
09ad6e
0a225e
0b14e2
0c5434
0db0b8
0efe64
101848
10e5e0
116034
119472
11a28a
11b848
1209ac
12c63a
140cc2
15e202
182cbc
1ab7fe
1d3b24
1f65e4
20ee78
21a004
2164ea
20496c
1e780a
1c31da
19c374
177884
15921e
144066
139f66
13b726
147db2
15d990
17a4d2
19b0da
1bca02
1dbbd8
1f56be
2076da
210b6a
211c12
20ca26
204d3e
1fea60
1fe618
207438
21a9b2
2373a4
259620
27b3da
295dd4
2a27ae
29bcea
27f2be
24d2c4
209b80
1bb602
16a384
11e6f6
0deeae
0b0272
093990
087992
087d70
08e4f6
094832
0949fc
08a696
073d06
0511b6
024a6c
ff24e4
fbea12
f8dff6
f63d50
f42126
f28e76
f16c2c
f08ab4
efadfc
ee9834
ed1380
eaf9fe
e83a46
e4d782
e0e672
dc88c4
d7e7ae
d32f2a
ce8acc
ca2352
c61dbe
c29b72
bfb91c
bd8b08
bc175e
bb5076
bb10fa
bb1bda
bb2210
bacf28
b9daac
b81aa0
b59384
b281be
af580e
acb16c
ab38f8
ab8b20
ae15de
b2ff40
ba1818
c2de28
cc8ea6
d64546
df215c
e66a08
ebab60
eec6d2
eff38a
efaf94
eea5dc
ed8ed2
ed112e
eda778
ef8f90
f2c5ec
f70bda
fbf630
0101e8
05ab4c
0983fc
0c449e
0dd80c
0e5e76
0e285e
0da9d4
0d6722
0dddb6
0f6d82
1246c4
165eee
1b6ea4
20fa82
2665f8
2b0cb2
2e5d56
2ff062
2f9770
2d629a
299b00
24b40a
1f37a6
19b0f8
149950
104bac
0cffe8
0acb64
09a5e2
09717a
0a0264
0b250c
0ca308
0e46d8
0fde6a
113eea
124af4
12f868
135354
137d10
13a728
140a98
14dc0e
163f22
183b9c
1ab842
1d7d18
203c94
22a0f2
245b62
253342
251110
240160
223040
1fe028
1d5e52
1af6b6
18eae8
176d20
169e36
168e58
173ec8
18a2ae
1a9f60
1d0cde
1fb6ca
225ed6
24c2b6
26a5d6
27dce2
28586a
282b62
278b6c
26c8f2
263f00
263ec8
26fb8e
287b78
2a911a
2ce08a
2eefb4
303e1c
305f04
2f1060
2c4a3a
2842aa
236462
1e39cc
195290
152986
120fa4
101fca
0f3d4c
0f1d58
0f58dc
0f82c2
0f3d0c
0e4808
0c8a68
0a11f0
070cde
03bdce
006da0
fd5db8
fabca8
f8a002
f702f4
f5c83e
f4bfea
f3b080
f26068
f09d8a
ee4382
eb3f3a
e78f28
e341f6
de744c
d94d30
d3f9e2
ceaa36
c98d7c
c4cf5c
c094e2
bcf99a
ba0cac
b7cd8e
b628b0
b4f708
b4018c
b3086a
b1cd26
b01f76
adea3e
ab3df6
a85568
a5925c
a371a6
a278ae
a31e88
a5b448
aa5202
b0ccd8
b8b87e
c17480
ca4362
d26758
d93f04
de5df6
e19c90
e31bec
e33d14
e28e66
e1b304
e1482a
e1cbf8
e38ad4
e69662
eac630
efc10a
f50dec
fa2960
fe9b48
020aa8
044cba
056c24
05a6f0
05646c
0523c4
0565c4
0695be
08f572
0c8f7e
113324
167a24
1bd7d0
20afae
246ede
26a2fc
270b38
25a110
2296c6
1e4cdc
194194
13fd0c
0efd90
0aa8a0
074258
04eaf4
03a16a
034956
03b2e0
04a39a
05de4a
072920
085306
093896
09c87e
0a071c
0a0f50
0a0e94
0a3dcc
0ad808
0c0f2e
0e0072
10ab4a
13ed38
17849e
1b1a9a
1e50c8
20cff2
2256c0
22c570
222208
2094ce
1e5ff0
1bd466
1945b2
16ff68
153e3a
142c58
13e0a4
14605a
15a118
178ac8
19f92e
1cbd5c
1fa008
22664a
24d8f8
26cd92
282f18
2903e0
296e76
29a88a
29f786
2a9c70
2bc37e
2d770e
2f984a
31e01e
33ea70
3548f4
35995a
3499b4
3237b2
2e980a
2a12c2
25235c
20515e
1c1820
18d276
16abdc
1599a8
155ed8
159a6e
15dc9a
15bc88
14ead2
133eba
10bbae
0d8e14
0a005a
066ab6
032124
0063fc
fe5584
fcf49e
fc1dce
fb929e
fb05ae
fa2860
f8b788
f6850a
f37d3e
efa748
eb20ee
e61832
e0c480
db5f9e
d61f88
d13368
ccc25e
c8ea08
c5bd00
c34174
c16f20
c02cb4
bf4e72
be9824
bdc450
bc8f2e
bac3a6
b84924
b52fee
b1b758
ae4a8c
ab7380
a9c63e
a9c78e
abd356
b007c6
b63a5c
bdf9fe
c69df6
cf5f08
d77636
de3aea
e33b98
e64d5a
e78efe
e75f32
e6493a
e4ece2
e3e4f2
e3b00e
e4a006
e6d186
ea2bf2
ee68a8
f32034
f7db7a
fc263c
ffa120
021120
0369d4
03d0ae
039828
0332ec
032092
03d6e8
05ab8c
08c1f8
0d01fc
12188c
178346
1ca56c
20e1f8
23b5f2
24ce4a
241492
21afc8
1dfab8
197300
14a3e0
10104a
0c20fc
091a5a
071acc
061e6a
0604ce
0699ae
079f76
08d8e2
0a0fb2
0b18f0
0bd87c
0c44ba
0c694e
0c66e0
0c6f06
0cbd2e
0d8d1c
0f0f82
115e6a
147416
1827b4
1c31d4
20373e
23d726
26ba92
28a26e
2971ac
29302e
28064e
26339c
240360
21c08e
1fac00
1df766
1cc408
1c23e0
1c1c58
1ca94e
1dbe5a
1f4624
2121c8
2329e4
253198
270baa
2891aa
29ac72
2a5ac0
2ab2ec
2adf08
2b1412
2b85a8
2c589e
2d9764
2f2b46
30dcc4
325b8c
334cce
335d00
3250e0
30127a
2cb7d2
288130
23cf3a
1f12b2
1ab960
171c14
147088
12c08c
11e888
119ed8
118298
112e18
1049fc
0e9d36
0c16f6
08d1aa
050e40
0126f8
fd7d0c
fa658c
f818ea
f6a7be
f5f6b2
f5c348
f5b17a
f55dc4
f46e94
f2a2c6
efdb60
ec1dc4
e78e88
e267a2
dcecde
d76112
d1fea6
ccf35c
c85fb0
c458ea
c0eb6e
be1b58
bbe334
ba3126
b8e3c8
b7c9c4
b6a610
b5392a
b34e2a
b0c958
adb4e4
aa487a
a6e84e
a419b2
a26ec2
a26ca6
a47176
a89f8e
aed236
b69e82
bf6174
c858ea
d0c178
d7f346
dd7a0a
e12414
e305da
e3716e
e2e4ca
e1f3a6
e13072
e116e0
e1fb7c
e40336
e7224c
eb215c
efa7aa
f44962
f8983a
fc3514
fedfde
008306
0138c2
0148d4
011e3a
0135a0
0206e0
03ed8e
07159a
0b6fe8
10b0c8
1659bc
1bcdb2
206b8a
23a97e
252c76
24d618
22c71a
1f562e
1afe8e
164a18
11bb28
0dba36
0a8ada
0849b6
06f0da
065fd6
0665ce
06cbbe
075ce4
07ec84
0858ce
088d04
088448
084c32
080510
07df06
0813dc
08ddb8
0a6bd4
0cd6aa
1015f6
13fc2e
1839b8
1c67b4
20177c
22e44e
2484a8
24d76e
23e85e
21eb12
1f2fb8
1c1476
18f5b0
1620ca
13cccc
121904
11101c
10adca
10e4c2
11a3a4
12d774
146ae2
16444e
18450e
1a4ad8
1c33bc
1de414
1f4d1c
207164
21655e
224ae0
234808
247bde
25f3b0
27a360
296338
2af464
2c0bf6
2c619a
2bbeda
2a0c68
275a4a
23dfaa
1ff242
1bf7a2
18539e
155782
1334fc
11f57c
11787e
117a8e
11a340
1195c2
1101ea
0fb354
0d9b68
0ad40c
079af2
044626
01337e
feb67c
fd087a
fc3d82
fc3f3e
fccfc6
fd950c
fe2916
fe2b2a
fd4f24
fb687a
f86e70
f47996
efbc4c
ea7880
e4f50e
df7546
da3370
d55e68
d1196c
cd7cc2
ca95aa
c8648c
c6d974
c5d132
c5156e
c4619a
c36d0c
c1f8e4
bfdf80
bd22d0
b9f510
b6b732
b3ed4e
b22abe
b1f82e
b3b860
b79212
bd644a
c4c780
cd1bc0
d5a14c
dd9672
e454ce
e9690a
eca1a6
ee124c
ee0b62
ed08d8
eb9c74
ea56de
e9b2c4
ea054c
eb7598
edfb4a
f16366
f55a54
f97a02
fd5ad2
00a446
031afe
04ab7a
056ee6
05a778
05b53e
06051c
06fc0a
08e27c
0bd46c
0fb91e
144442
190100
1d654a
20e9be
2320ee
23c94c
22d6f2
2073bc
1cf5a8
18ceda
147ad4
106b84
0cfa02
0a5e86
08aed2
07e0d2
07d096
08488e
090a36
09d6c2
0a76fc
0ac0f8
0a9d02
0a0ac2
092442
081ccc
073b38
06cff4
07276a
087b40
0ae562
0e56fc
1295fc
17434e
1be944
200e32
2346ec
2546f6
25ebc2
253f62
237226
20cf0a
1dae1e
1a66f2
1745ee
14870c
1254b8
10c992
0ff36c
0fd5a2
10699e
119e10
1355fa
1568cc
17a532
19d6f6
1bcf7a
1d6eb0
1eaa48
1f9032
20439a
20f454
21d1fa
22fe0e
248138
2645f0
281a80
29b9a4
2ad82e
2b34d2
2aa672
292536
26cd0a
23d972
209ada
1d6782
1a8ca0
18425c
16a33a
15a88a
152c9c
14f210
14af46
141be6
12fcc8
112d5c
0ea724
0b84d2
07fef2
0463ee
010bee
fe4998
fc5b5e
fb5fbe
fb4cee
fbefcc
fcf42a
fdf284
fe7f78
fe3c80
fce62e
fa5c76
f6a4a0
f1e586
ec5f3e
e6608e
e03c5c
da408a
d4afde
cfbe8a
cb9000
c835da
c5aebe
c3e446
c2a9fa
c1c038
c0db1c
bfada0
bdf832
bb97ea
b8934e
b52162
b1a70a
aeaa18
acbc60
ac61f4
adf728
b19c8c
b72d26
be4112
c63d06
ce6bc4
d61ae4
dcb584
e1d8ca
e55f34
e76092
e82754
e81eba
e7beaa
e778bc
e7a824
e886bc
ea28d4
ec7f26
ef5c9e
f27f72
f59c9c
f86c38
fab5ac
fc5a5a
fd5d0c
fde41c
fe35a4
fead1a
ffab62
0183e6
046a02
0862aa
0d3e90
129e04
17fdea
1ccc8c
208254
22b866
23392c
220802
1f5e18
1b9df4
1741bc
12c76a
0e9dfa
0b17fe
0865d6
06966c
059c94
055646
05941c
0620ae
06c71c
07573e
07a91a
07a170
0736e4
0676c4
0586e2
04a200
040fbe
0419a8
04fd5e
06de1a
09ba32
0d6734
1195aa
15dd26
19cd22
1cfe10
1f217e
200e7a
1fc4ee
1e681e
1c34b6
19747a
1671ea
136f9e
10a3e2
0e37d8
0c493e
0aed02
0a3010
0a1694
0a99f6
0ba6a2
0d1b82
0eccbc
10899e
12260c
13851a
14a0b8
158c52
167140
1784ce
18f9a8
1af080
1d6b38
2046ca
233dfc
25f3f8
2804fc
2919fe
28fa72
27981a
25133a
21b5e4
1de652
1a1414
16a4d2
13e476
11fa9c
10e614
107f2c
10813e
10996a
107686
0fd6be
0e91c2
0c9ecc
0a1582
072958
042072
014784
fee4ce
fd2c50
fc3744
fbff10
fc5d20
fd10cc
fdc9e6
fe3464
fe03aa
fcfc7c
fafbc6
f7f990
f40834
ef50ee
ea0e78
e486a8
df0346
d9cb02
d51b54
d122c6
cdfc54
cbab9e
ca1a30
c917c0
c85f0e
c79f80
c68a3c
c4e16e
c28674
bf8494
bc15c2
b89e18
b59e0a
b39e62
b319c4
b4662e
b7a398
bcb3d2
c33d22
cab75a
d28168
d9fa34
e097f6
e5fa2c
e9f3b4
ec8bd0
edf656
ee856c
ee9892
ee8d06
eeb098
ef389c
f03e48
f1c048
f3a78c
f5ce4c
f807ea
fa28ea
fc0ef8
fda800
fef742
001784
0139a8
029e76
048bf0
073fba
0ae070
0f70fa
14c912
1a9530
205e64
259a10
29bf74
2c5eac
2d33fe
2c3394
298b90
259c64
20e8a4
1bffc6
1767d8
138a9c
10a99e
0edb08
0e0dfa
0e13ec
0eac90
0f929a
108702
115854
11e556
121d54
12000e
119d66
1113e4
108d56
1039ea
104a86
10ea62
123772
143b6a
16e73e
1a1264
1d7ef0
20e1b2
23ebe8
2655c8
27e93a
2888fa
2831ee
26f8a0
250474
2288d8
1fbe60
1cdd72
1a1a46
17a25a
159a8c
141d20
1337b8
12ea82
13282c
13d782
14d6fe
16026c
1739ca
18685c
198950
1aa8b8
1bdfee
1d4d7e
1f0a80
212058
2380e4
260356
2867c6
2a607e
2b9ef4
2be27e
2b0562
2904f4
2603ac
22456c
1e252c
1a0654
1644ee
132864
10da44
0f611e
0ea070
0e5e84
0e4f6c
0e223e
0d8e6a
0c5f88
0a7dc0
07f1f4
04e4c4
01979c
fe58e0
fb75d0
f92c94
f7a0b2
f6d39e
f6a332
f6cf8c
f70700
f6f48a
f64dca
f4de2e
f28d5a
ef6042
eb7516
e6fb58
e22aca
dd3b64
d85ef0
d3bce0
cf718e
cb8f18
c81e94
c520b6
c28c9c
c04dfc
be4538
bc4a66
ba3304
b7daa2
b52d62
b231da
af0f68
ac0e66
a990b2
a803e4
a7cf1c
a93f28
ac754c
b15d44
b7ac6a
beeaea
c685ae
cde4de
d4829e
d9fdda
de2616
e0febe
e2b978
e3a8e6
e42f44
e4acdc
e5708c
e6acae
e87272
eab388
ed487c
effa98
f28f86
f4d4fc
f6ab16
f80bce
f90e36
f9e506
fad834
fc3a28
fe59ac
01726e
059f04
0ad012
10c9e2
1728c2
1d6cfc
230cfa
278a16
2a844a
2bc93e
2b5b76
297094
26675c
22b784
1ede90
1b4d72
1859c4
16352e
14ec5a
146c04
148986
150d16
15bc22
16629e
16d97c
17097a
16eb70
168832
15f776
155d3c
14e546
14bcd6
150b64
15ec3a
1768f8
19758a
1bef6a
1ea19e
214c8e
23af78
25919a
26c9da
27444a
27034c
261ba0
24ad8a
22ddd4
20cfb6
1ea110
1c69e4
1a3db8
182dcc
164b2c
14a6f6
13505a
1251ae
11ad94
115dbc
115406
117dc6
11c90c
122b02
12a4ca
134498
142274
155922
16fc76
190f76
1b7d58
1e17ec
209c54
22bca2
242cd2
24b0f6
24290c
229768
20211a
1d07da
199ebc
163c60
132cea
10a616
0ec070
0d7582
0ca212
0c0d0e
0b7234
0a8de0
0928aa
0721b0
04751e
013dfc
fdb3ba
fa22a4
f6df78
f43892
f267c4
f1873c
f18b18
f24112
f357d6
f46cfa
f51de8
f517f2
f4253a
f23386
ef53a8
ebb306
e790bc
e330ec
ded1d2
daa4a4
d6ca2a
d35306
d0433a
cd9666
cb42b0
c93966
c765cc
c5abfa
c3e9d0
c1fa7a
bfbc9c
bd1bae
ba19fa
b6d816
b396cc
b0b200
ae9506
adaa28
ae47a4
b09e2c
b4ad9a
ba41fc
c0f964
c8521a
cfbe78
d6b97e
dcd80e
e1d53a
e597fa
e8319c
e9d5b2
eacdfa
eb6cfa
ec0154
eccb16
edf3e2
ef8ae0
f1849c
f3bec6
f60746
f825f4
f9e85c
fb2dec
fbf228
fc522c
fc8bbe
fcf61e
fdf45e
ffe2ba
03026a
076970
0cf964
135f08
1a1bd8
209876
263c72
2a86da
2d2222
2deff6
2d0b94
2ac266
27842c
23cf06
201bce
1ccd7e
1a25fe
184260
171d96
16984a
1683ac
16abe2
16e112
16fede
16f0f4
16b3be
165344
15e912
159846
158818
15ddb2
16b572
181d58
1a120a
1c7e0a
1f3acc
22154a
24d55a
2745cc
293b14
2a97f0
2b500a
2b682a
2af2fe
2a0bd0
28d0f2
275f00
25cdd8
242fea
2292cc
210088
1f819e
1e1e58
1cde6c
1bc7f0
1adee0
1a24fa
1999da
193c1e
190b04
190854
193a22
19ab40
1a69ac
1b8334
1d00be
1ee1a8
2117b8
2384e4
25fbf4
2844d6
2a239e
2b60cc
2bd1e4
2b60c6
2a1044
27fd54
255be4
226f14
1f7e34
1cc8fa
1a7d18
18ae80
1753d8
164892
1554aa
143824
12b8b2
10aec0
0e0f08
0aee60
077f4e
040948
00dbe6
fe4024
fc69f0
fb6d40
fb3a04
fb9efa
fc51b8
fcfaf0
fd4506
fce9ae
fbbc0e
f9ad64
f6cbe0
f33d82
ef37fe
eaf674
e6afe4
e290c8
deb788
db333c
d8051e
d523ce
d27f12
d00326
cd9a96
cb2f1c
c8aaea
c5fa78
c30e5e
bfddf6
bc6af4
b8c54e
b50e64
b179da
ae4afa
abceea
aa53f6
aa1e22
ab5af8
ae17ca
b23c0c
b788d8
bd9ed4
c40a16
ca51be
d00874
d4db4a
d89c98
db489a
dd026e
de0a0a
deae18
df3c76
dff3ec
e0f99e
e25492
e3f056
e5a532
e743e6
e8a294
e9a8e2
ea58a8
ead0ba
eb4954
ec0c02
ed676c
efa0b2
f2e538
f73fb8
fc92b6
0299a2
08f070
0f2024
14aed4
19314e
1c5ae0
1e07e4
1e4172
1d3a42
1b4568
18c82c
16298c
13c318
11d594
1082b8
0fcccc
0f9c16
0fc81c
1021e6
107d26
10b778
10bcd8
1088f0
10255c
0fa648
0f26d4
0ec618
0ea410
0eddf4
0f8a6c
10b63c
126188
147e0e
16ef26
198ba6
1c226c
1e81d8
207f66
21fd90
22efac
235b1a
235480
22f9a8
2269b4
21bdfe
21056a
204326
1f7080
1e81d8
1d6d5c
1c30a8
1ad410
196af2
1810d4
16e46e
16028c
1581be
156f8c
15d026
16a040
17d7ba
196c02
1b5120
1d786e
1fce5a
22382c
2492a4
26b29a
2868d6
2988d4
29f0c4
299170
287398
26b8e6
249876
225730
203c00
1e8262
1d4f40
1ca9d4
1c7938
1c8790
1c8ab8
1c316e
1b325a
1959de
169490
12f528
0eb39e
0a253a
05affe
01bb1c
fe9e68
fc9414
fbaee0
fbd662
fccb0a
fe308c
ff9be0
00a3ac
00f13c
004d02
fea478
fc0990
f8abd8
f4cd1c
f0b496
eca27c
e8c672
e53b0a
e205e0
df1b10
dc63aa
d9c56c
d72910
d47dfa
d1baf6
cedcf0
cbe546
c8d78a
c5b7b2
c28acc
bf5a5e
bc3828
b940de
b69cec
b47ea6
b31d98
b2af14
b35caa
b53b0e
b8440e
bc5458
c12d9a
c67db2
cbe9ae
d11a0a
d5c674
d9bf46
dcf248
df6a00
e147b2
e2b9a0
e3eff0
e51272
e638ba
e76678
e88d14
e9924a
ea599a
eace46
eaebfa
eac4b8
ea828a
ea6372
eab058
ebb14a
eda14c
f0a2b2
f4b66e
f9b890
ff62e4
055536
0b2208
105d2e
14aa52
17c93a
199e28
1a33c4
19b72e
186f14
16af9a
14ccf2
130f3a
11a9ae
10b5ce
1033b0
100f32
1027e8
1059ca
10853e
1094f8
1080a6
104cf4
1008fc
0fca2c
0fa85c
0fbac4
1015ce
10c94a
11ded2
135894
153114
175b1c
19c134
1c4680
1ec964
21272a
234040
24fcae
264f00
273614
27bd44
27f91c
28015a
27eb0e
27c380
278d1e
273fc2
26cc02
262086
25307e
23f960
228608
20ef24
1f58f8
1dee7a
1cdaf0
1c436e
1c415a
1cdf0a
1e16da
1fd428
21f640
24548a
26c294
29140e
2b2086
2cc646
2dec94
2e85e2
2e9144
2e1a88
2d3930
2c0dba
2abdb8
296f68
2844a0
275554
26ab1c
263eea
25f8c0
25b1a8
253814
24567e
22db88
20a2fa
1d9df0
19d8c8
157d74
10d0bc
0c2a52
07e88a
0461dc
01d620
006230
fff94c
00660e
0152be
02577a
030c3e
031b70
02506e
009eca
fe2118
fb0fb8
f7b1b2
f44bc8
f111ea
ee1e00
eb6da6
e8e718
e6630c
e3b8a8
e0c876
dd83b8
d9edfc
d61936
d21edc
ce18d4
ca1bec
c6354e
c26c1c
bec6e2
bb5220
b824b8
b560ea
b33166
b1c2f2
b13bc4
b1b274
b3277c
b58384
b89a94
bc32f0
c00e8c
c3f4e8
c7ba6e
cb43ee
ce863a
d182ca
d44264
d6cf8c
d931da
db6b88
dd78fc
df5210
e0ec86
e23ec4
e341ea
e3f3d0
e45916
e47e56
e47918
e46884
e474f8
e4cdaa
e5a45a
e726ec
e97732
eca2b6
f09cc4
f53ca0
fa409c
ff55d6
04233c
0856c8
0bb228
0e13b8
0f79dc
1000c2
0fdae4
0f464a
0e80d4
0dbe4e
0d21bc
0cbade
0c8812
0c7bce
0c8344
0c8c7c
0c8a52
0c7688
0c5222
0c2450
0bf898
0bdc70
0bdd34
0c0730
0c656a
0d00d0
0dde70
0efd64
10557e
11d73e
136d4a
14fed6
167386
17b846
18c39a
199764
1a3ff6
1ad0e0
1b600c
1bffd8
1cb996
1d89ea
1e6044
1f216a
1fad5c
1fe646
1fb746
1f196a
1e162e
1cc672
1b4e7c
19d876
188e5e
17944e
170428
16eafe
17488a
18105a
192c60
1a804c
1bed18
1d540c
1e9942
1fa628
206b68
20e1e8
210ad0
20ef00
209db2
202a66
1fa9f6
1f2fcc
1ecc04
1e89c4
1e6cfa
1e70ac
1e8670
1e9710
1e83b4
1e287a
1d6098
1c0bf0
1a150c
17769e
143fd2
109604
0cb276
08db5c
05596c
026c14
003ea8
fee03a
fe408e
fe32f6
fe76dc
fec442
fed8c2
fe82ac
fda8de
fc4dae
fa8b6c
f88b72
f67b26
f4816c
f2b688
f11fd0
efb09e
ee4f50
ecdc8c
eb3a22
e950ea
e714ee
e486b8
e1b18c
dea7c6
db7f3e
d84de8
d526f6
d21930
cf2f06
cc7074
c9e572
c797ca
c5944e
c3eb78
c2b13a
c1fb50
c1de36
c26994
c3a4c8
c58c32
c80f90
cb122e
ce6de8
d1f812
d58720
d8f7ba
dc30e8
df2614
e1d622
e44788
e68314
e88f2e
ea6c70
ec1436
ed7a2a
ee90ca
ef4f20
efb5e0
efd2f6
efc26c
efac2e
efbeb8
f02846
f10fd0
f28f28
f4aed0
f76464
fa93fe
fe13f0
01b1d8
05387e
08759a
0b3f02
0d76e8
0f0ef2
10095c
107824
107a5c
103738
0fd7c8
0f8078
0f4bbe
0f46a6
0f7022
0fbaf4
101256
106056
1093d2
10a448
109362
106c72
10414e
102510
1026e8
104f2a
109eca
1110bc
119c90
12391a
12deea
1389e4
143936
14edd8
15a8b6
1669b6
172fc0
17f9a2
18c72a
1999fe
1a75fc
1b603a
1c5bdc
1d6610
1e7362
1f6f36
203d8e
20bfca
20dbec
208402
1fbb5e
1e97ee
1d3f56
1be0b0
1aac0a
19c946
1950d4
1947ec
19a144
1a41d2
1b0890
1bd6ae
1c9572
1d3922
1dc0c8
1e330c
1e9986
1efc1e
1f5e00
1fbd36
2014f2
206104
20a042
20d57a
21074e
213e64
21817a
21d0c8
22230a
2264f2
227afa
224520
21a472
208106
1ecf28
1c926e
19ddd8
16d23e
139b68
106af4
0d7144
0ad6ee
08b80a
072062
060926
055972
04e9f2
048b60
040e74
034bf4
022bf8
00aae8
feda4a
fcdcde
fadef2
f90c3a
f7855c
f6579e
f578a6
f4c7d8
f4152e
f32ad8
f1d79c
eff93a
ed83c4
ea8332
e71760
e36ca6
dfb2e2
dc147e
d8af70
d591f8
d2bc56
d02656
cdc610
cb95da
c998b2
c7dbe4
c6753a
c57e14
c50d34
c531e8
c5f0fe
c743b4
c918b4
cb579e
cde568
d0a7a6
d38642
d66ba6
d943ea
dbfb6e
de7d48
e0b308
e286e0
e3e76a
e4cbec
e53836
e53ec8
e4fff4
e4a63c
e4601a
e458c8
e4b1cc
e57e62
e6c15e
e86ec2
ea7080
ecac86
ef09c8
f173e0
f3dd2e
f63e90
f89414
fad85a
fd0148
feff8c
00c044
023042
0340a4
03eb5e
0436ce
0436a8
040980
03d3a8
03b946
03d85c
0443f6
050168
0608ae
07474a
08a4ae
0a063c
0b52e6
0c7644
0d6226
0e0e3c
0e7758
0e9f40
0e8d02
0e4d60
0df22a
0d90b8
0d405a
0d1880
0d2d6e
0d8ca0
0e3a4c
0f3094
1060b0
11b5c6
131866
147228
15b13c
16ca5a
17b866
187aa6
191252
198056
19c3ca
19da02
19c02a
1975f8
18ff92
18664c
17b88e
170858
166808
15e720
158fc0
15653a
156400
158362
15b85a
15f8c8
163dd4
1684f4
16cfae
172244
1781a8
17f110
187052
18fbb6
198d54
1a1e6c
1aa810
1b23f6
1b8d40
1be05c
1c19c0
1c34a4
1c2a66
1bf2a0
1b83b6
1ad356
19d80e
188bb4
16ed24
1500a6
12cfe2
1069b2
0de16a
0b4d1e
08c352
06591c
0420ac
0227d0
00768e
ff0e9a
fdec0c
fd06b6
fc53b0
fbc6ac
fb5336
faedb0
fa8b40
fa2122
f9a3ba
f90616
f839d2
f72f94
f5d8c0
f42a48
f21fb8
efbd4a
ed109a
ea304a
e739c8
e44cbc
e1858a
def908
dcb192
daadbe
d8e12c
d7378c
d599b4
d3f37e
d2390c
d06a1e
ce937a
cccdee
cb3ad4
c9fe82
c93a26
c90662
c96f88
ca73e8
cc046e
ce0784
d05d48
d2e41c
d57cbe
d80d38
da826c
dcd02e
def000
e0df26
e29d1e
e42aba
e58a14
e6befe
e7cfba
e8c528
e9aa72
ea8bda
eb74e8
ec6ea4
ed7de6
eea2d8
efda18
f11f84
f270d6
f3cf6a
f540dc
f6ce86
f882c6
fa64a6
fc7328
fea220
00d9a8
02f88e
04d97e
0659ec
07619c
07e956
07fe98
07c28a
076504
071cce
071e42
079196
088bc6
0a0b6e
0bf9d4
0e2f46
1079c0
12a4ec
148246
15efb8
16dad8
174124
172ec8
16bc3a
160a6a
153dfa
147ac8
13e08a
138842
13828e
13d6d6
148374
157efc
16ba88
1824b8
19abde
1b3faa
1cd24e
1e58f0
1fcb0e
212120
22536a
23593a
24291c
24ba68
2507b8
2510b0
24dabc
2470fe
23e32c
2342e0
22a03e
22078c
218004
210c42
20ab9a
205c46
201da4
1ff20e
1fdf18
1fec36
20202c
207e2a
21036e
21a622
22560c
22ff00
238c6c
23ed58
241762
240848
23c598
235aa2
22d53a
22423c
21aa62
21107a
2070ec
1fc252
1ef6e8
1dfedc
1ccabc
1b4e0a
198162
1763b6
14faf8
1254a6
0f859a
0ca8b4
09dc1e
073dc0
04e7c2
02edd2
015a9a
002dea
ff5cd2
fed3be
fe797a
fe323e
fde29c
fd71dc
fccbc0
fbe17a
faa9a0
f91fd8
f74476
f51c42
f2b07c
f00ef0
ed494a
ea73b8
e7a2ee
e4e980
e25542
dfedd8
ddb45a
dba384
d9b12a
d7d08a
d5f510
d4150a
d22bb8
d03a50
ce483e
cc62da
ca9c76
c90aa4
c7c426
c6ded8
c66d70
c67cfa
c712c0
c82a9a
c9b628
cb9d98
cdc256
d002e2
d23f4c
d45dd6
d64ee2
d80ecc
d9a56c
db2352
dc9d2c
de260c
dfca44
e18bde
e36134
e53644
e6f06e
e87440
e9abae
ea8ba6
eb17e0
eb645a
eb935e
ebd084
ec4980
ed2638
ee812e
f061a8
f2b8ea
f56352
f82d44
fadb2c
fd3372
ff08cc
004310
00e44a
010980
00e652
00bc5c
00d006
015cb4
0289fc
046490
06dbe4
09c520
0ce220
0feb58
129ae8
14b6de
1618e8
16b236
168be2
15c3bc
148672
1308fe
118258
1025a0
0f1d2a
0e874a
0e7470
0ee728
0fd580
112b08
12cb6a
14966e
166c74
183216
19d2cc
1b4272
1c7d3e
1d860e
1e6394
1f1cd6
1fb5e4
202ddc
207e8e
209de6
2080b6
201dd6
1f7102
1e7ce8
1d4bf2
1bef92
1a7e48
1910c4
17bee4
169d6a
15bc9a
15273c
14e206
14ec22
153fe8
15d2da
169572
177390
185572
192132
19bd22
1a1310
1a13ce
19ba68
190e10
182202
171332
1603e8
1515ae
146262
13f63c
13cbde
13cb40
13cbfc
139b46
1304fe
11ddc4
100bb4
0d8c7e
0a7772
06faf4
0355ee
ffce2a
fca55e
fa0f14
f82994
f6faec
f6724c
f66ce2
f6bcec
f731de
f79fa6
f7e362
f7e54e
f798ce
f6faa8
f60e90
f4dce6
f370e6
f1d73c
f01d48
ee508e
ec7dd2
eab01c
e8efa8
e740dc
e5a3e4
e4155a
e29020
e10f9c
df91ce
de1808
dca6a0
db43bc
d9f56c
d8bf56
d7a146
d69732
d59af2
d4a758
d3bb4a
d2dc1e
d2168c
d17dcc
d128b4
d12d38
d19be2
d27cae
d3cdec
d58506
d79142
d9df76
dc5d42
defada
e1ab48
e462e2
e714de
e9b12c
ec2362
ee53a2
f029c2
f191a6
f27fe6
f2f5a6
f30230
f2c1c4
f259f8
f1f430
f1b772
f1c322
f22b86
f2f822
f4242a
f5a08a
f756b6
f92c02
fb04dc
fcc742
fe5d22
ffb6c8
00ccf8
01a26a
0244ba
02cbf6
035812
040c64
05097c
066692
082c00
0a4fe2
0cb5f6
0f3338
11942a
13a4fa
1539ea
1635da
168e0e
164b42
15874e
1467a8
131708
11bfcc
108776
0f8be0
0ee262
0e97ca
0eb124
0f2d28
10058a
112ffa
129f2a
1443f0
160eb4
17f126
19df1e
1bce74
1db69c
1f8f72
214f56
22e94a
244bf4
25620c
2614be
264f64
2603c8
252dfc
23d6ec
221486
2007b0
1dd8ae
1bb236
19bc6c
1818b6
16dee2
161be2
15d23c
15fb86
1689fe
176a02
188358
19ba9c
1af2ce
1c0f32
1cf5d8
1d92c6
1ddaf4
1dce58
1d77ee
1cec0e
1c4574
1ba0fe
1b1860
1abd4a
1a9614
1a9c28
1abc9a
1adaee
1ad548
1a8956
19d9cc
18b316
170e6e
14f396
1278e4
0fc14e
0cf83a
0a4c20
07e856
05ef20
04748e
037bae
02f686
02c8d2
02cd1e
02db60
02cf8c
028eea
020b5e
01440a
0042fa
ff18d4
fdd7f6
fc8ffe
fb4ae0
fa0bd0
f8d01e
f790e8
f6455a
f4e4aa
f367d6
f1ca66
f00a3c
ee275a
ec2432
ea062c
e7d606
e5a024
e373e0
e161b2
df78ca
ddc3e0
dc45f0
daf8bc
d9cdf4
d8b28c
d7939e
d6644a
d522da
d3dbbc
d2a950
d1b03e
d118d8
d1073a
d19392
d2c458
d48c66
d6cca0
d9589a
dbfda2
de8a56
e0d522
e2c09e
e43d3e
e5489a
e5eb7a
e6373c
e64268
e625c2
e5fa6c
e5d828
e5d334
e5fa60
e65596
e6e4ce
e79fd8
e877b4
e95962
ea3252
eaf536
eb9dcc
ec32bc
ecc540
ed6e4a
ee497a
ef6f0e
f0ee68
f2cab6
f4fa28
f7678c
f9f5dc
fc852e
fef7b0
01354a
032d24
04d51e
06285e
072580
07cd54
082230
082898
07e8b2
076fb8
06d06c
062258
057fbc
050294
04c122
04caf4
052784
05d686
06d1a0
080ed8
098376
0b25d8
0cedfa
0ed4ee
10d384
12e03c
14edfe
16ec3a
18c814
1a6e82
1bcebe
1cdcb2
1d9278
1df09a
1dfd10
1dc162
1d4858
1c9c00
1bc520
1acc10
19b9ba
18989e
1775c2
1660dc
156b1e
14a4ee
141b0a
13d3c2
13cd68
13fea0
14579a
14c4be
1532ae
159222
15da9a
160b80
162b4a
1644b4
1662d2
168d36
16c4e6
170344
173b0a
175aaa
174fa8
170ad2
1683a6
15b972
14b2d4
137b7c
1220f2
10af26
0f2e02
0da0ba
0c077a
0a6298
08b5ac
0709f4
056faa
03fc44
02c5c6
01dd6a
014ad8
0108da
010478
011f6e
01354e
01224e
00ca3a
001da0
ff1c1e
fdd340
fc5a7a
facd66
f94590
f7d53a
f684d0
f5535e
f438a8
f32860
f215d0
f0f670
efc2f6
ee77c0
ed14a0
eb9ca0
ea15c2
e888ae
e70014
e5881c
e42cf0
e2f822
e1eda2
e10956
e03e14
df7680
de9892
dd8b7c
dc3f02
dab1ba
d8f4a8
d72b96
d588de
d444ec
d393aa
d39aa2
d46946
d5f560
d81c7a
daa99e
dd5e54
dffd56
e25408
e440a2
e5b4e4
e6b51c
e753f8
e7acc8
e7dd6a
e8013a
e82df0
e871f2
e8d3fe
e953ea
e9ec1e
ea9306
eb3cd0
ebddc0
ec6ca0
ece51e
ed4a00
eda656
ee0d46
ee982a
ef62e2
f086c0
f21560
f4146e
f67b34
f93280
fc174e
ff0000
01c28a
043a90
064df2
07ef48
091dd2
09e3ce
0a5320
0a8172
0a8504
0a72ac
0a5c7c
0a5118
0a5bfa
0a8586
0ad332
0b4774
0be1d4
0c9f2a
0d7a8c
0e6e5c
0f7560
108c58
11b372
12ee9c
144474
15bc34
175abe
192002
1b055a
1cfd2a
1ef3c0
20d190
227e6e
23e4f4
24f4d2
25a464
25f198
25e1f6
25818a
24e130
2414b0
23308e
2248a0
216f06
20b328
20208a
1fbda0
1f8afa
1f831a
1f9b08
1fc3da
1fed0e
200758
2006fe
1fe5ec
1fa4a6
1f49ac
1ee002
1e7514
1e157a
1dc968
1d92d2
1d6cb0
1d4b36
1d1df8
1cd336
1c5b68
1bacde
1ac654
19afc4
187990
173a70
160b8e
15038e
1431bc
139a5e
1334f4
12ed38
12a6b4
124246
11a434
10b990
0f7c3a
0df480
0c3760
0a61c2
089250
06e332
056508
041c88
03030c
0209bc
011e90
00315c
ff37a6
fe2e60
fd18e8
fbfdb4
fae220
f9c6f6
f8a6ce
f776ec
f62aa8
f4b7ee
f31bf0
f15e42
ef910c
edcd7c
ec2d6a
eac452
e99a02
e8a7fa
e7da18
e71306
e633a4
e52332
e3d630
e251f4
e0aba8
df0300
dd7a82
dc2eda
db2f9a
da7bd4
da0356
d9abd4
d958ac
d8f350
d871c2
d7d9a8
d73f5a
d6c0ee
d67eca
d69404
d71034
d7f3ba
d92f64
daa7ce
dc3b02
ddc70c
df2fd6
e062be
e15790
e20fd2
e2950a
e2f5f8
e3436e
e38d86
e3e246
e44d76
e4d854
e58914
e662f2
e76690
e891be
e9df5a
eb47d4
ecc276
ee46da
efce5e
f15502
f2d966
f45bde
f5dd0c
f75c4a
f8d65a
fa450a
fb9fe2
fcdd86
fdf5ce
fee416
ffa906
004b40
00d6b0
015ac2
01e77a
028a7a
034caa
0430d8
053358
064b30
076c16
0888da
0995e2
0a8b60
0b66aa
0c2a78
0cde4e
0d8d18
0e434a
0f0cea
0ff3e8
10fe94
122e20
137d82
14e1a0
164aa8
17a66c
18e2f4
19f132
1ac7b2
1b6466
1bccaa
1c0bc6
1c3090
1c4a78
1c66ba
1c8e14
1cc2fa
1d0168
1d408e
1d7546
1d9484
1d95cc
1d74ba
1d3102
1ccd8e
1c4f38
1bbb4a
1b1608
1a621e
19a08e
18d15e
17f488
170ada
1616ca
151d08
142464
133516
1257cc
1194ae
10f210
10738a
101914
0fde7a
0fbbb6
0fa59e
0f8f06
0f6a6c
0f2bfa
0ecb6a
0e4534
0d9ab0
0cd0f2
0beee2
0afafe
09f90c
08e8ea
07c6a6
068bc4
0531b6
03b526
0218ce
006752
feb34c
fd152c
fba6ee
fa7f06
f9abc8
f9303a
f9032e
f91078
f93c92
f969b8
f97ce8
f9619a
f90c00
f87940
f7adbe
f6b212
f5900e
f45068
f2f9bc
f19120
f01bdc
eea13a
ed2bb8
ebc8ee
ea885a
e978d6
e8a58a
e81376
e7bfb4
e79f66
e7a158
e7b0e2
e7b942
e7a88c
e7721e
e70f7a
e67fee
e5c73e
e4ec66
e3f8de
e2f7ec
e1f63e
e10204
e02af4
df812c
df1366
deecb2
df11fe
df8076
e02d92
e10846
e1fbae
e2f2fc
e3dd9e
e4b21a
e56f72
e61c2a
e6c39a
e77294
e8338e
e90b5e
e9f80a
eaf190
ebec24
ecdb6e
edb5f2
ee7708
ef1f8c
efb54e
f0412a
f0cc6e
f15e96
f1fbb8
f2a43a
f355de
f40d46
f4c72c
f581b8
f63d46
f6fc12
f7c10e
f88ec6
f96682
fa4814
fb3234
fc233c
fd19f4
fe1666
ff1a32
0027f8
01424e
026af0
03a1d4
04e418
062b76
076f12
08a4ca
09c27a
0abf0e
0b93c6
0c3d8a
0cbdec
0d1b7c
0d618a
0d9f4e
0de69e
0e4a38
0edba8
0fa8f0
10ba62
12114c
13a7ba
1570cc
175a48
194f3c
1b3ab0
1d09e0
1eae2e
201e34
21556a
225318
23196c
23ac7a
241136
244c98
24636a
245a18
243454
23f4fa
239e1a
2330d8
22ad90
2214e2
2168ec
20ae66
1fedda
1f344e
1e924a
1e1970
1dd952
1ddbd4
1e21f6
1ea222
1f4870
1ff95a
209678
2103e8
212d6c
210a0e
209d82
1ff6ca
1f2cac
1e58b2
1d9180
1ce642
1c5bf0
1becc6
1b8a20
1b1fac
1a9712
19db6c
18dc84
1790ea
15f6ce
141424
11f62e
0fb09a
0d5bf0
0b139a
08f368
0714b6
058b48
04625e
039a82
03289e
02f68e
02e5b0
02d2e4
029b66
0221b2
0151a2
0022b8
fe98a0
fcc23e
fab764
f89584
f67ba0
f4862e
f2cb7c
f15948
f0336a
ef5386
eeaa32
ee2170
eda01e
ed0e08
ec579e
eb7140
ea595a
e9185e
e7bea6
e6610a
e51478
e3e916
e2e6b4
e20b68
e14c2e
e09722
dfd78a
defa74
ddf2f2
dcbd5a
db6106
d9f006
d884a4
d73dc0
d63ae2
d59828
d56a6c
d5bc7a
d68dc0
d7d1d2
d97158
db4cd2
dd3fd4
df2488
e0d810
e23eea
e347c4
e3ecf2
e434ce
e43070
e3f89a
e3aa2a
e36254
e33a80
e344d2
e38a70
e40b9e
e4c0b6
e59bee
e68c20
e77fd2
e867cc
e93974
e9f05a
ea8e44
eb1a8c
eba100
ec2fe2
ecd550
ed9d0a
ee8ec2
efacea
f0f44a
f25c9a
f3d976
f55b8e
f6d282
f82f16
f964c0
fa6a7c
fb3bda
fbda0c
fc4c30
fc9ee8
fce3ca
fd2fda
fd98f8
fe335c
ff0ef0
0034de
01a5fc
035abe
05444c
074ee6
09650c
0b72fe
0d69a6
0f4092
10f6bc
129178
141a0e
159ab2
171b90
18a070
1a2772
1ba8de
1d17fa
1e643c
1f7ba8
204dcc
20ce92
20f84e
20cd1a
2057a0
1faac4
1ee024
1e1556
1d6876
1cf458
1cccc2
1cfb16
1d7c9a
1e4266
1f332a
202eba
211300
21c126
2221f2
2228ea
21d592
2132b2
2053cc
1f518a
1e45aa
1d470c
1c6678
1bad12
1b1c0a
1aacde
1a5298
19fc36
1996c8
190f70
1855aa
175d6c
162112
14a330
12ef4a
111896
0f3810
0d69d0
0bc900
0a6b22
095c34
089cae
0820fc
07d2e0
07953c
07496c
06d4d0
062524
05337e
040534
02aa1c
0138f8
ffcb0a
fe7726
fd4dda
fc573c
fb925a
faf5e2
fa7266
f9f5a2
f96d64
f8c9d0
f7ffb6
f709be
f5e8a0
f4a2ec
f3446e
f1dc5e
f07ac2
ef2e3c
ee01fa
ecfbaa
ec1a68
eb5702
eaa540
e9f640
e93c28
e86dbe
e78916
e694ce
e59fc8
e4bed4
e40892
e390ce
e3646a
e3864c
e3ee08
e488c4
e53c1a
e5ea08
e6759e
e6c772
e6d102
e68e90
e6073a
e54b72
e47216
e3951a
e2ce9c
e23602
e1dd2e
e1ceaa
e20d54
e294ce
e35a30
e44d4e
e55aaa
e66dba
e77370
e85ca6
e91fe2
e9ba3e
ea2fd0
ea8aac
ead8d0
eb297e
eb8ab8
ec06e2
eca288
ed5b7a
ee295e
eeff48
efce38
f08820
f122ba
f19950
f1ed82
f226cc
f25100
f27a68
f2b1d6
f304d0
f37e3e
f425a2
f4ff1c
f60bc6
f749e4
f8b4d4
fa4562
fbf1f2
fdaec8
ff6f00
012636
02caf4
04590e
05d324
0742e8
08b850
0a46b0
0c0070
0df260
101f9e
127efa
14fa9e
1772a8
19c21c
1bc542
1d6014
1e8354
1f2f72
1f74a4
1f7014
1f4688
1f1e44
1f1956
1f5128
1fd3b6
20a304
21b686
22fdde
246414
25d262
273248
286f52
297838
2a3f6a
2abbdc
2ae9ca
2acb80
2a6a1c
29d534
292154
2865aa
27b8e4
272cf4
26cb68
269360
2678ee
266682
26405e
25e956
254816
244c14
22f11a
214060
1f4f44
1d3bce
1b27d0
193388
1778a2
160690
14e0f2
13fffe
1352c4
12c316
1239bc
11a1ce
10eb30
100c46
0f028c
0dd1e4
0c835a
0b2342
09bf20
086400
071d1c
05f25e
04e71c
03f994
0322e4
02574a
01879e
00a3b8
ff9d3c
fe6a44
fd080a
fb7cce
f9d756
f82c9c
f69436
f52420
f3ecae
f2f572
f23bee
f1b424
f14af4
f0ea5e
f07e84
eff9e6
ef584e
ee9fa2
eddebe
ed2a7e
ec99b0
ec40c0
ec2db6
ec65b4
ece426
ed9ba0
ee780e
ef613e
f03d92
f0f4c4
f1720e
f1a58c
f184e6
f10bae
f03b8a
ef1c12
edba4e
ec280c
ea7abc
e8c9b4
e72be6
e5b55c
e474f4
e372c0
e2af36
e2239e
e1c424
e18312
e15468
e130ee
e117ee
e10f26
e121aa
e15d4a
e1ceae
e27d38
e367f6
e483f0
e5bcd2
e6f75c
e8153e
e8f9a2
e98d80
e9c2d6
e996a8
e9116c
e84596
e74ce8
e64532
e54ca2
e47e62
e3efe6
e3af2c
e3c1e0
e42594
e4d09a
e5b3c4
e6bcd6
e7d912
e8f7b0
ea0c2e
eb1060
ec058c
ecf3ce
ede824
eef1c8
f01f64
f17c24
f30d1e
f4cf78
f6b816
f8b510
fab028
fc9232
fe46ce
ffbfa2
00f6b2
01ef90
02b6bc
035f92
040162
04b3ba
058a96
06933a
07d272
094442
0adcca
0c8a28
0e37b0
0fd176
114740
128eae
13a47e
148c56
154f76
15fac4
169c4c
1740d6
17f1be
18b3b6
19868a
1a65b0
1b490e
1c2608
1cf0fc
1d9ec2
1e25fe
1e804a
1eaaa4
1ea58c
1e74ea
1e1fb6
1daf22
1d2d90
1ca590
1c20a4
1ba640
1b3ae4
1adfd6
1a939e
1a52a2
1a17a0
19dc9e
199bf8
1950f8
18f842
189034
181948
179652
170c78
16829c
16005c
158cea
152d60
14e36a
14ac7a
148160
145694
141dd0
13c884
134ac0
129e26
11c39a
10c2dc
0fa8d6
0e84e4
0d6548
0c53b6
0b52fe
0a5e54
096aea
086afa
075184
0615f6
04b736
033d12
01b754
003af4
fede6a
fdb600
fcd0a0
fc35b6
fbe4aa
fbd61c
fbfdbe
fc4bc4
fcae52
fd1308
fd6816
fd9cd4
fda260
fd6c72
fcf246
fc300e
fb283c
f9e3f8
f87264
f6e6f0
f55704
f3d712
f277a2
f14306
f03c7a
ef6082
eea5e2
edff6e
ed5ea0
ecb614
ebfb58
eb288a
ea3d60
e93f00
e83714
e732ea
e6417a
e570e0
e4cbd4
e45762
e410cc
e3ecd4
e3d878
e3bb30
e37afa
e3017e
e24080
e13578
dfeb78
de7a82
dd047c
dbb00a
daa212
d9f7ac
d9c1be
da0244
daaca8
dba8c8
dcd756
de16de
df48c6
e0553c
e12dda
e1cef8
e23ef8
e28c50
e2cb60
e313ea
e37e4a
e42086
e50bae
e64958
e7d986
e9b1ae
ebbcf0
edddf2
eff2a2
f1d990
f377b6
f4bdac
f5aafe
f64e9a
f6c476
f73104
f7bad2
f8838a
f9a1ec
fb1e00
fcf07a
ff054a
01403e
0382d6
05b1d6
07b986
099044
0b36d2
0cb648
0e1cc4
0f7a52
10de04
1253ac
13e282
158d04
175144
19291e
1b0a9e
1ce8a0
1eb3ac
205b28
21cec0
230074
23e70a
248010
24d0e2
24e66c
24d3ac
24af2a
248fb4
2488de
24a828
24f31c
25669a
25f7d6
269688
272fa2
27b03e
2808fa
28302e
282286
27e338
277bbc
26fa48
266f32
25ea36
2577ec
251f6a
24e0d0
24b53e
248f74
245dcc
240d84
238de6
22d2d2
21d6de
209c3e
1f2bd4
1d9334
1be20e
1a2760
186f2e
16c142
15211e
138efa
1208f6
108cc2
0f19a2
0db174
0c5888
0b1586
09f0b8
08f264
08215e
078226
07163c
06db78
06cbd2
06dd2c
070172
0726e0
073908
0722c6
06d090
0632fa
05410e
03f9b6
02643a
008fc0
fe91a2
fc828a
fa7b3a
f891b0
f6d6be
f5544a
f40c72
f2fa30
f2136c
f14aca
f09150
efd87c
ef149c
ee3e38
ed5292
ec5410
eb49f8
ea3f74
e941d8
e85eca
e7a224
e713ce
e6b600
e68450
e67390
e672aa
e66cae
e64bcc
e5fc56
e56f7e
e49dba
e387ea
e2371c
e0bb52
df293c
dd973a
dc1a52
dac36a
d99d34
d8ab5a
d7eb26
d75530
d6dfa4
d68080
d62ffc
d5ea42
d5aff6
d585f6
d57496
d585c6
d5c32a
d634a6
d6dece
d7c178
d8d7bc
da18b6
db7852
dce82a
de586e
dfb916
e0fbae
e21550
e30014
e3bc1c
e45066
e4cad2
e53ef8
e5c39c
e66f24
e753a2
e87b6c
e9e69a
eb8a14
ed5110
ef213c
f0dfc0
f27618
f3d660
f4fdae
f5f426
f6caf8
f797c6
f86fa2
f96330
fa7bbc
fbba26
fd1834
fe8b92
00093e
0188c0
0305a2
047f0e
05f680
076d52
08e2aa
0a529e
0bb684
0d06c2
0e3d3c
0f57a4
105916
114a5e
1237e8
132e20
1435a8
15504e
1677ca
179e78
18b228
19a0de
1a5de4
1ae516
1b3c68
1b738c
1ba0fc
1bdcca
1c3b30
1cc87c
1d86f8
1e6e96
1f6e44
206f7c
215af8
221c9a
22a5f2
22efb2
22f9d8
22cac8
226d6a
21ef64
215f44
20ca6a
203bd2
1fbaec
1f4a66
1ee7e8
1e8d06
1e306c
1dc70e
1d460c
1ca516
1be0dc
1afc18
19ffa2
18f9c2
17fcf0
171d90
166f26
1600c2
15da3e
15fb16
165946
16e042
17730a
17f0fe
183ad4
1836f6
17d5f4
171616
160438
14b87a
135096
11e9f6
109bec
0f72a2
0e6cb2
0d7ce2
0c8f6e
0b90c8
0a72d4
09302c
07cce4
065424
04d322
0353aa
01d8d8
005f5a
fee0b2
fd5896
fbcadc
fa471c
f8e88e
f7d19a
f722a8
f6eeec
f73376
f7d2c8
f8968c
f93914
f973c6
f90eaa
f7edfc
f6197a
f3bb38
f1167a
ee7912
ec2a44
ea5bdc
e92120
e86dc6
e81c86
e7fb1e
e7d856
e78faa
e7103c
e65e58
e58f98
e4c226
e4133a
e39790
e35730
e34e06
e36f9c
e3ac1c
e3f5ba
e444c8
e49826
e4f332
e55a6e
e5cfb6
e64f6a
e6cf50
e73fb4
e78f70
e7b144
e7a00e
e7612a
e70506
e6a51e
e65f02
e64db4
e683b0
e706fa
e7cf42
e8c72c
e9d0f2
eacc90
eb9e80
ec3642
ec925e
ecc058
ecd9dc
ecffb2
ed52f8
edee2c
eee058
f02ade
f1c1ce
f38ef8
f576b8
f75cba
f92878
fac8b2
fc33c0
fd659c
fe5e34
ff204e
ffaff4
00115c
004900
005d8a
00598a
004ab8
00405e
004a80
007776
00d04e
0156b6
0204ee
02cf50
03a71a
047dc6
05490a
060644
06bb18
07738a
083f52
092dbe
0a48bc
0b91e4
0d00f4
0e83fc
100276
116276
128ea2
137aec
142624
149978
14e5a4
151e78
15560c
159894
15e8e6
164034
169206
16d07a
16ef86
16e852
16bb66
166fce
1610da
15ac28
154fc4
1508c6
14e342
14eb2e
152d2e
15b704
16960a
17d212
196746
1b4334
1d461c
1f4616
2113f4
2283d6
237738
23e23e
23cbfe
234cd6
2288f4
21a5e4
20c040
1fe5d0
1f14f8
1e4052
1d54fe
1c42aa
1b033a
199e96
182934
16bea6
157948
146a80
13971a
12f64a
127364
11f4e6
116492
10b454
0fe0ba
0ef178
0df60a
0cff1c
0c1788
0b3fe8
0a6e84
099220
08961a
0767e2
05fc3a
045232
02738a
0072e0
fe6810
fc6bb2
fa92f2
f8ecde
f780c8
f64dc8
f54b5e
f46a70
f39720
f2bbb2
f1c3ca
f0a088
ef4d36
edd210
ec43d6
eac1be
e9708e
e872ac
e7df2e
e7ba9e
e7f40c
e867c4
e8e60e
e93dba
e948d0
e8f5d8
e84be8
e76936
e67ad0
e5af68
e52a9c
e4fb1c
e516b2
e55e54
e5a84e
e5ccca
e5b2c4
e558c0
e4d5ea
e45302
e3fd5a
e3f7ec
e44fca
e4f682
e5c430
e68256
e6fc14
e70d98
e6ae24
e5f3bc
e50df8
e43840
e3a91c
e38474
e3d300
e481ea
e56b24
e661c4
e73f1a
e7ee76
e872e4
e8e300
e95e3c
ea015c
eadca8
ebeca2
ed1940
ee3e92
ef38f0
efee02
f0533e
f0714c
f060fa
f042cc
f034ce
f04a42
f0885a
f0e79a
f15806
f1c818
f22c22
f282c2
f2d5da
f33732
f3b9ea
f46d08
f5570c
f67274
f7af02
f8f82e
fa3ba4
fb6db8
fc8b4c
fd9a34
fea77e
ffc2be
00f81c
024bec
03b7e6
052adc
068c8c
07c31a
08b826
095df8
09b294
09c04a
099cde
096630
093c06
0939d8
097286
09eeae
0aad76
0ba6e4
0ccf20
0e1a36
0f7f92
10fc1a
1290a6
143dc6
15ff98
17ca3e
19881e
1b1c4e
1c683c
1d51c4
1dc8f2
1dcd20
1d7000
1cd384
1c21d8
1b83da
1b19c8
1af530
1b149a
1b645a
1bc532
1c1528
1c36aa
1c159c
1bab56
1aff54
1a23d2
192ffe
183866
1749e4
166b74
15a0ca
14e8b6
143d66
13986a
12f56c
12524a
11acfc
110188
104b48
0f8688
0eaf32
0dc126
0cbb86
0ba1aa
0a78b8
0945b2
080d5e
06d444
059d36
046850
033442
0200ba
00cfe4
ffa624
fe8902
fd7fa4
fc93b4
fbcfde
fb3d36
fae01e
fab4ec
faaf92
fabe0c
faca5c
fabcd4
fa80b0
fa0a24
f95994
f87ad4
f78274
f68a18
f5aa16
f4f31e
f46b5a
f40d4a
f3ca14
f3918c
f359e8
f32400
f2fd66
f2fd66
f33d06
f3ce42
f4b3ca
f5dbe4
f72264
f857a0
f94af0
f9d7dc
f9f126
f9a582
f91d32
f88fca
f834da
f834da
f89dca
f95eae
fa4b9e
fb294c
fbbdf0
fbe28a
fb8e58
fad9e6
f9f8ea
f92cb8
f8b41a
f8bb1c
f94eac
fa5a06
fbadb6
fd0b72
fe34a0
fef946
ff425c
ff13aa
fe862e
fdc020
fceba6
fc2c74
fb9912
fb3a60
fb0e8e
fb0d96
fb2df0
fb684a
fbba38
fc25ea
fcae74
fd53bc
fe0e82
fecf58
ff8378
001872
007b92
009dae
007a44
0018c4
ff89b0
fee392
fe3ed6
fdb1c6
fd4d54
fd1916
fd1218
fd2d86
fd5bc0
fd8ada
fdaa42
fdae9e
fd9366
fd5a3a
fd09e8
fcacd2
fc4ea0
fbfb3a
fbbdf6
fba068
fbab20
fbe7a0
fc5ffc
fd1c00
fe1dba
ff5eac
00cf44
0257b6
03d9fc
05366e
065218
071d62
079782
07cd00
07d4d4
07ccaa
07d050
07f06c
082e10
087a04
08b9a2
08d110
08ab90
084138
079c2e
06d85c
061ca4
059182
05569c
057b0c
05fa10
06bb1c
0797d8
08667e
090274
0952c8
094d98
08f654
085b28
079160
06ae52
05c2a8
04da2a
03fbd8
032c9c
02725a
01d21c
014d44
00e270
008ddc
004850
000742
ffbe8e
ff6448
fef418
fe707e
fde244
fd5694
fcdc9a
fc8318
fc546e
fc52a4
fc7722
fcb534
fcfd00
fd3e02
fd68b2
fd7102
fd522c
fd105e
fcb5cc
fc4dec
fbe316
fb7d56
fb20e4
face1e
fa8338
fa3d34
f9faf0
f9c170
f99ad4
f99214
f9b11c
f9fd9c
fa73e6
fb049a
fb9724
fc0f3e
fc532c
fc5220
fc0b58
fb91ae
fb07f0
fa990a
fa6c9c
fa9a2c
fb22c2
fbf00c
fcd612
fd9cbc
fe0fc2
fe0b80
fd8586
fc90b2
fb5a4a
fa1fe6
f91f64
f88748
f86e98
f8d198
f991c0
fa7de8
fb6052
fc0afe
fc6068
fc57ae
fbfc70
fb6b96
facad0
fa3d00
f9db1a
f9b1b8
f9c00c
f9f8cc
fa473e
fa978e
fadc76
fb10b6
fb37a8
fb5b4a
fb8736
fbc4f0
fc17a8
fc76c8
fcce54
fd048a
fcffa2
fcad64
fc0a66
fb258e
fa204a
f92910
f87024
f81d68
f84748
f8eabe
f9eb86
fb1b2c
fc4248
fd2c72
fdb47e
fdcb64
fd7954
fcd9d8
fc13a6
fb4e3c
faa8c0
fa369a
fa0136
fa09ee
fa4d6a
fac9aa
fb7fe2
fc7064
fd9690
fee62c
0048b0
019da2
02c106
0394bc
0409f6
042798
0408e8
03d598
03b956
03d958
04473a
04fb50
05d89a
06b40e
0760fa
07c01c
07c6ea
0780bc
070cc0
069328
063680
060b34
061444
064400
068262
06b79c
06d6b8
06e358
06f050
07186a
0771d4
080212
08ba6a
097914
0a0d68
0a4490
09fa52
092532
07dbce
06511a
04c77c
038012
02a97e
02548a
0273b4
02dfac
035e8a
03b36a
03b13c
0345c6
0279d0
0169aa
003bb6
ff17bc
fe1e24
fd61bc
fce80a
fcad90
fca9c2
fcd2cc
fd2280
fd97d4
fe2f80
fedb86
ff831c
000780
004a8c
003750
ffc724
ff03dc
fe0b72
fd0c46
fc36ca
fbb0e6
fb8e72
fbcc26
fc5124
fcf754
fd95c6
fe0bc2
fe4a10
fe558e
fe419e
fe25e0
fe15b2
fe1b26
fe336c
fe4f88
fe5c4c
fe4dc6
fe26aa
fdf78e
fddaa0
fdef9e
fe5248
ff0c84
001090
013c10
025df8
03421e
03c0ce
03c900
03638e
02b1fc
01e728
013966
00d370
00cb48
011f7e
01b8a8
0270d0
031f6a
03a1be
03df56
03ce5e
03757a
02e7d6
023cb6
018898
00dcf6
004950
ffd850
ff8f78
ff72e6
ff8546
ffc40c
00265a
009f08
011e2e
019138
01e484
020836
01f4d0
01ac2c
013770
00a3ca
ffffae
ff5874
feb8a0
fe2918
fdb250
fd5962
fd1e22
fcfd2a
fcf0d8
fcefd4
fceb80
fcd04c
fc8b1a
fc1112
fb645a
fa961a
f9c558
f91a70
f8c17a
f8e1ba
f9924a
fad2c4
fc89a0
fe874e
008fae
0266c2
03dd78
04dcfa
056932
059ad0
059882
058e6c
05a1f4
05e834
0660d8
06f79a
078e44
0807c6
084fbe
0860b6
08451c
081154
07dca0
07ba3e
07b226
07be9a
07d0ea
07d82e
07c6da
07993c
075bb8
072870
071bd8
074ad8
07bce2
0866a2
0928ae
09d5aa
0a3e62
0a404c
09cfee
08fb9e
07e8fa
06cb36
05d318
052248
04c502
04aed6
04bdd8
04c60a
049f6e
043184
037a5a
028eb6
0191c8
00a7f6
ffebfe
ff697e
ff19e6
fee4a6
fea8b6
fe4df6
fdcfb6
fd396a
fca20e
fc29c8
fbee2e
fbfa00
fc4014
fc9fee
fcebce
fcf35a
fc927e
fbbe74
fa8b62
f92604
f7c586
f6a05a
f5e3d0
f5a82e
f5e77c
f68152
f74776
f808c8
f89b70
f8e752
f8e86e
f8a96c
f83f90
f7c62c
f75616
f6fee2
f6c450
f6a004
f688dc
f67864
f66a76
f65e08
f655e0
f65688
f665b0
f68986
f6c4ce
f7145a
f76f34
f7c802
f8109e
f83c46
f83f62
f811fe
f7b338
f72a48
f687aa
f5e434
f55bd6
f50816
f4fb5e
f53b02
f5bafc
f65fe4
f7062a
f7880c
f7c3cc
f7a79e
f73afe
f69b52
f5f42c
f578fc
f558b8
f5aef8
f67dce
f7af5a
f919d0
fa8642
fbbbec
fc8e12
fce654
fcc60c
fc42b6
fb8006
faa590
f9d500
f926fa
f8aa7e
f86240
f8455c
f84730
f85ee6
f88728
f8ba66
f8f376
f92ea2
f96584
f98e08
f9a30e
f9aa40
f9af02
f9be4c
f9ea86
fa4c6c
fafad2
fc00b0
fd5942
fef2ba
00b260
02780c
042456
059eb2
06d718
07c7f8
087854
08f73a
095454
099cdc
09da42
0a1148
0a4478
0a769a
0aaa38
0ae046
0b1876
0b5210
0b8ade
0bbd0a
0be062
0bedc6
0be0a4
0bb812
0b79a2
0b3396
0afa2c
0ae0f8
0af768
0b48ba
0bd7d6
0c9a86
0d7d46
0e69aa
0f4866
10026c
1082b0
10b6f4
1091e8
100eca
0f3328
0e0c90
0cab88
0b21c6
098596
07f1b4
067e7c
053b52
042d6e
0352aa
02a52a
021d58
01b3b0
0163b6
012e04
0118ac
012dce
01772e
01f752
02a2d0
036030
0410a6
04971e
04d7ee
04bc8c
043d9a
03669c
025004
011814
ffdd24
feb8fe
fdbccc
fcee0e
fc4922
fbc818
fb65b4
fb1e0c
faf15c
fae3e0
faf96e
fb32d8
fb8bc0
fbf782
fc63aa
fcbf04
fcfe0c
fd1c70
fd1ea0
fd10b2
fd0114
fcfa58
fd0270
fd1eae
fd5262
fd98de
fde980
fe429c
fea9de
ff2388
ffae5e
004422
00d782
015382
01a27c
01b700
018cf6
012858
0099b2
ffffa4
ff7ca0
ff29ac
ff1068
ff2ad6
ff668c
ffac02
ffe8be
0015c8
003628
0054c4
0084d4
00da82
015d10
020352
02b972
03638e
03e2d0
042302
0422c4
03ede8
0395e8
03303c
02d162
028090
023126
01cb4a
013a2c
007514
ff8374
fe7ec2
fd8df2
fcd8f6
fc7da8
fc8ae4
fcf8a4
fd9f7c
fe422e
fea6a8
fea606
fe3008
fd4f3c
fc2aa6
fafa7a
f9f6a2
f94ac6
f90efe
f94130
f9c634
fa7a20
fb433a
fc1638
fcf02c
fdd3f8
fec8d2
ffd2fe
00eae6
01f98e
02dce4
037324
03a83e
037cfc
03059c
026482
01c432
014c0a
0111aa
0113ae
013ee4
017388
018e62
017a62
013ae6
00e650
009cae
007ef6
00a47e
01131e
01bc5a
027f9e
033618
03c244
0417b8
043afc
043e6a
043bb0
044a52
04747c
04afe4
04e346
04f3e4
04cd92
046742
03ca0e
0312c0
026594
01deb6
018c10
016b54
0165ec
0154f0
011462
0095b2
ffe386
ff1cb0
fe6dea
fe065e
fe07c8
fe7bd4
ff51c4
006178
01759a
025d26
02f9d6
03452a
035042
033cb0
032c04
03312a
034d66
037266
038526
03674c
03072e
026b52
01b006
00fb0c
007006
002794
002602
00575c
0096f0
00bc0c
00a4be
003fe8
ff95cc
fec802
fe04e0
fd7544
fd3100
fd3c26
fd85c0
fdead4
fe45a0
fe7fa2
fe95e8
fe9550
fe9a1c
fec8e4
ff3958
ffe7aa
00bb8a
01926c
0240e4
029c2e
028ea8
021fc2
016b84
0099ec
ffd644
ff4102
fee388
fead08
fe7a7e
fe2716
fd9a30
fccf76
fbdd0c
faf09c
fa401e
f9f982
fa34d4
fae894
fbec22
fd06ba
fdfb2c
fe934c
feb210
fe5dd6
fdb97c
fcf624
fc44a6
fbc70a
fb873c
fb784e
fb7ee6
fb7a36
fb4d08
fae9e4
fa5c10
f9c1aa
f93c2c
f8e6d0
f8d0ec
f8f4da
f93518
f96866
f9686a
f91a22
f87532
f787f0
f671e6
f559f4
f46620
f3b2e4
f34bea
f32c78
f34796
f38ffc
f3fb18
f4840c
f52fbe
f609ac
f7191a
f85944
f9b7f4
fb1884
fc59e8
fd5c4e
fe0656
fe4e9a
fe4244
fdff32
fda964
fd6416
fd49d2
fd6324
fda46a
fdf37c
fe304c
fe3e50
fe0cf2
fd9db8
fd0734
fc7164
fc0aca
fbfc52
fc5f98
fd3740
fe6c84
ffd4cc
013b80
026be6
033c00
0397ce
0387e2
032e08
02b914
025806
023164
025b58
02d3fc
0381a6
043d0c
04dc2c
053b70
05499e
050e00
049f18
041656
038d68
031a08
02c456
028542
024e7a
02132a
01d02a
018f58
0163ac
0165dc
01b036
02538e
034e78
048da4
05eeba
07471a
087192
095816
09f524
0a537a
0a8896
0aa9aa
0ac51a
0adf4c
0aed58
0ad7ac
0a8756
09f05a
09158c
0809ca
06eb4c
05dbdc
04fac6
045b86
03fd90
03d05e
03bba6
03a43a
03771c
033606
02f46a
02cb8e
02d406
0320ba
03b710
0489de
0579bc
065bc6
0707a6
0764fa
076e86
072dea
06b8b8
062ea8
05b22a
055c56
053704
053f5c
056982
05a332
05d96c
05fde2
0606da
05ecc6
05abc6
05466c
04c42e
042dc2
038dd8
02f448
0275c8
022734
02185a
024f58
02c5c2
0368d4
041c4a
04bf30
053362
056370
054484
04d8fa
043348
037104
02afe8
0206fe
018472
012b8e
00f3d6
00cb1e
009b3c
0052ea
ffeaba
ff621c
febc5c
fe0148
fd3a84
fc6e64
fba076
fad3c4
fa08d6
f93dcc
f874e8
f7b7ec
f713ae
f6960e
f64f0a
f64c06
f69056
f713c4
f7c52a
f88ee2
f95c14
fa1abc
fabcb2
fb3cac
fb9f62
fbec8c
fc2a84
fc5f68
fc907a
fcbfbc
fceae6
fd0e1e
fd29ec
fd43aa
fd5e0c
fd7762
fd8daa
fd9b20
fd9312
fd6986
fd1902
fca374
fc1868
fb96ce
fb425e
fb3bdc
fb9cae
fc6ada
fd924a
feecd0
004944
0170f6
023812
028caa
027758
021726
019bfe
013928
0116d4
0149d0
01ce4c
02882e
034b18
03e674
04341e
0423c2
03b96c
0306e8
0229c4
01455e
007580
ffc7e8
ff3f9e
fed824
fe87b8
fe44d6
fe0ce0
fde662
fddcba
fdf890
fe3dba
feade0
ff46be
fffda4
00c28e
01871c
0240c6
02eb8e
038d00
042bd8
04c450
054ba0
05b7d0
05fc6a
06099a
05d652
056588
04c254
03fe2e
033058
027066
01cfcc
015668
010158
00c5a2
0095a6
0065c0
002f8e
fff606
ffc838
ffbc34
ffe244
003c12
00bcd2
014baa
01c682
0209f0
01fc30
01959e
00e4fa
000ce0
ff3afa
fe9d6e
fe570a
fe7396
fee410
ff841a
0022fa
008f72
00a62a
005c72
ffc166
fef5c6
fe1ee2
fd5c32
fcc07a
fc4c28
fbef0c
fb9466
fb2da4
fab5e4
fa379e
f9d05c
f9a61a
f9d59e
fa69b2
fb57c2
fc7d06
fda450
fe956c
ff238a
ff3774
fed5f8
fe1f9a
fd476e
fc80f4
fbedd4
fb9b58
fb88dc
fba424
fbc89e
fbd3ca
fbb6d6
fb718e
fb0a62
fa904e
fa185c
f9b204
f95db6
f90e74
f8b508
f847e8
f7c1d4
f723a4
f67d0a
f5ebc6
f58c42
f56d0c
f59270
f5fc72
f6a074
f765ac
f833dc
f90268
f9d4a4
faaf04
fb945a
fc86c6
fd8652
fe8d80
ff8efc
0077c0
013446
01b5c0
01f5a2
01f5d8
01bf64
0160ce
00e8dc
006094
ffcd4e
ff3608
fea1e6
fe15cc
fd98de
fd391c
fd086c
fd149c
fd61ae
fde97a
fe9e4c
ff6ce8
003cea
00f38a
017a78
01c690
01d968
01bf54
018bc0
015382
0127fa
01142e
011a06
01334c
015828
018240
01a960
01c390
01ca62
01bb5a
019264
0147ea
00d538
0038d8
ff7848
fe9fb4
fdc09c
fcf1b8
fc4d52
fbe9f6
fbd422
fc0dca
fc8cfc
fd3c64
fe0484
fed1ca
ff949a
004800
00f4c4
01a4e2
025acc
0314f2
03cb34
0468ae
04d1ea
04f110
04bc46
0435de
036bc6
027a58
018988
00bd1c
002912
ffd450
ffb87c
ffbece
ffc9f8
ffc454
ffa468
ff6f60
ff3ab4
ff24c2
ff4afe
ffc396
0093a6
01a742
02d91e
0401ac
04fb82
05a434
05e854
05ce94
0571f6
04f5d6
048196
043cae
0442d2
049862
052cbe
05e818
06b15a
0768fa
07ef3c
083632
0843d6
082450
07e4e4
079688
074988
07068a
06cd80
0699e8
066868
06391a
060f0a
05f246
05f150
061bce
067b52
070f38
07ca86
089548
09525e
09e4d0
0a34c2
0a37c0
09f658
0986a6
090332
0887de
082e0e
08034a
080540
082572
084b9a
085a0a
083862
07d976
0738f6
065a56
054a84
041eba
02ee8c
01cbcc
00c17c
ffdb24
ff26ca
fead3e
fe6e18
fe6384
fe839a
febdb6
fefc32
ff2c40
ff4394
ff406e
ff2930
ff0cc8
ff0000
ff186c
ff64ce
ffe3f6
0084da
012f9e
01c928
023378
02566a
0228a8
01af42
00f8d4
0017f6
ff1e62
fe1b14
fd18c0
fc1d66
fb2e66
fa535e
f994b8
f8fc1a
f8957c
f86b0e
f87fa0
f8cc84
f9422e
f9caba
fa4d4e
fab068
fade12
facbb0
fa7cf2
f9fd90
f95c86
f8ae04
f80a9e
f78880
f736b0
f71b44
f732f8
f771b2
f7c180
f80670
f82ac8
f82226
f7e1b4
f765a6
f6bee6
f60d5c
f56ff8
f4ffe8
f4d05a
f4eb1a
f54ee4
f5f0d6
f6bf8c
f7a7be
f89802
f98350
fa616c
fb2d34
fbe454
fc86a8
fd146e
fd8fde
fdfffc
fe6d80
fedf00
ff59c4
ffe2ae
007ae6
011904
01a72a
020bf2
023330
020eee
019c38
00eb10
001a90
ff4e10
fea684
fe3db4
fe2116
fe4f26
feb8dc
ff49a8
ffef22
00999a
013e8e
01df0a
0282c2
032b1e
03cf5c
0460b2
04cd88
050398
04f456
049d54
040f3a
0369f8
02d208
0269c8
024c06
028282
03003e
03a71c
045326
04e1c0
053554
053c78
04f99c
0480de
03ee96
035f28
02e9e0
029d5a
027daa
028488
02a4f6
02d14e
02fe7a
0323da
033c1a
03467a
03452c
03390e
0320e2
02fda2
02d442
02a91e
027e0a
0256de
023ab6
022d40
0229fe
022818
021ff4
020994
01da18
01889a
011286
007838
ffbb2e
fee1dc
fdf77c
fd0720
fc19f4
fb39da
fa73b0
f9d5ba
f96b92
f93bfa
f94812
f98892
f9ec68
fa5d0e
fac454
fb0fa6
fb3336
fb2f30
fb10d2
faebd4
fad48e
fae0e2
fb236c
fb9ed0
fc43f4
fcfc36
fdac78
fe344a
fe772c
fe66b2
fe0256
fd5524
fc7630
fb8492
fa9df0
f9d8ec
f94676
f8f284
f8df5a
f9015a
f942f0
f98fa0
f9db26
fa1d9e
fa4f98
fa6f56
fa82e8
fa91bc
faa156
fab428
fac40a
fac308
faa5a6
fa6982
fa14da
f9b3a2
f95634
f91254
f8fe5a
f9246c
f97e04
f9f95a
fa7c1c
fae696
fb1d68
fb12e8
facc00
fa5eb4
f9e9b2
f98dc6
f96948
f98da4
f9f74c
fa92e0
fb46b4
fbf81a
fc90f2
fd0852
fd64f6
fdb378
fdfeb2
fe534c
febcbc
ff39a0
ffbe0e
003f8c
00b6c2
011eaa
017840
01c950
021704
026206
02a464
02d46a
02e8ca
02d8f4
02a16c
024bf0
01ee32
01a0da
01788c
0181b6
01bee0
0228f8
02af8a
033bd2
03b8d8
041c76
046aae
04ae9e
04f21c
053dc0
0597d2
05fafa
065482
068fc6
069f78
067ec2
063344
05d184
057a02
054b78
05591a
05acfc
0645dc
070ea6
07e5d0
08ae42
0951cc
09beb8
09ef32
09eba2
09c0a0
097a0e
09257e
08ce84
0878d4
0824f2
07d7ae
0797d6
0768ce
074b8e
074242
0750b0
077778
07ae94
07e9ac
08239c
085eca
089b62
08d70e
0912fc
0950de
098c3c
09bb10
09d2ac
09cafa
099efa
094c98
08d6cc
0845c0
07a1c4
06f180
063db8
058fa0
04ea3e
044b9a
03b484
032b24
02b666
0259d2
02158a
01e5fa
01c21a
019e2c
01714a
0134ea
00e3c2
008236
0024c4
ffe49c
ffcf98
ffe8bc
00300a
009ea8
012016
01999a
01f6d0
022cb8
023824
021dc4
01e958
01a750
015a62
00fa5e
0080c0
ffec66
ff3704
fe5a74
fd6526
fc79c8
fbbb92
fb44e6
fb2822
fb69b0
fbf7ba
fcaec4
fd67a4
fdfd5c
fe4e4e
fe47c4
fdef6c
fd5b3a
fca640
fbec6a
fb450a
fabdb0
fa593e
fa10f6
f9d9fa
f9ad94
f98cc8
f97dee
f9875e
f9ac4e
f9ee1a
fa4962
faafcc
fb0c4c
fb4cba
fb6520
fb5238
fb1c76
fad612
fa965a
fa7362
fa7b14
fab104
fb0d60
fb7c44
fbe3f0
fc2d68
fc4902
fc32f4
fbf554
fba428
fb59f4
fb3198
fb3c50
fb7fec
fbf960
fc9824
fd3e12
fdccec
fe31a8
fe62ca
fe5d16
fe27de
fdd84c
fd8726
fd4308
fd10a2
fcf0c6
fcde1a
fccc60
fcb14e
fc8ab6
fc5e04
fc3890
fc2efe
fc562a
fcbb84
fd60f2
fe3864
ff2200
fff58e
0090ac
00da9c
00c32c
004aa0
ff8a54
feadae
fde12a
fd47a4
fcf888
fcfdea
fd4f16
fdd23e
fe69ca
fefc8e
ff73c2
ffc02a
ffe3a6
ffecbe
ffea66
ffe64a
ffe3cc
ffe2a8
ffe112
ffd7c4
ffbba2
ff8a4c
ff4d96
ff10fe
fedc28
feb476
fe9bda
fe8ff2
fe8d74
fe90d8
fe932e
fe8d0a
fe807e
fe7b10
fe8a08
feb1c0
fef0b6
ff41cc
ff97da
ffdd30
fffcc8
ffec2c
ffad0c
ff4a0e
fed4c4
fe6260
fe071c
fdd3d2
fdd332
fe04e8
fe5d3c
fecbbe
ff4220
ffb48c
001614
005b04
007fea
0088ce
007abc
005aee
00300a
0000ee
ffd58a
ffb8a0
ffb52c
ffd16c
000bce
005e44
00c3f8
0136fa
01abe2
02186e
027aba
02d3fa
0321f2
03603c
038962
0395ae
037cf2
033a96
02cfd8
02443c
01a6ac
010e90
00986a
005d84
006b72
00bf80
0147c4
01e7c2
027be8
02dcb6
02e85c
028ef6
01d554
00cece
ff9884
fe5822
fd36d4
fc55e6
fbc5da
fb8652
fb8ad6
fbbef6
fc0a70
fc5590
fc8ec6
fcaf64
fcb950
fcb1e0
fca208
fc92f6
fc851c
fc728c
fc5806
fc3330
fc006a
fbc0ae
fb795c
fb3010
faedc0
fabd86
faa27a
fa93f4
fa8490
fa69e8
fa3eda
fa0296
f9bc46
f98000
f96816
f98760
f9e360
fa76fa
fb33b8
fbff96
fcb8ca
fd42d4
fd8ef0
fd9aee
fd71c4
fd29c8
fcda00
fc9372
fc616a
fc4566
fc3464
fc1e4a
fbfa3e
fbcef2
fbad56
fba54a
fbc7ca
fc2ade
fcda50
fdc9b4
fedb54
ffeb9a
00d682
017d54
01cd22
01c508
0177cc
010372
0088a8
0029b0
0004da
00288a
009194
01361e
020b22
02ffd2
03fd90
04f124
05cf62
069156
073106
07a992
07f760
081986
08141a
07eebc
07b048
075ed6
0704d8
06b17e
0672b4
0652dc
065a56
068d48
06e906
076646
07fadc
089874
092e52
09afec
0a1894
0a684a
0aa1ba
0acbcc
0aedfe
0b08bc
0b147a
0b05f8
0ad11e
0a6cc2
09d8d4
092324
086698
07c460
075bac
0742d6
078132
080abc
08bf64
0970ee
09f234
0a259a
0a0086
098b9c
08e28c
082c60
078f74
0725d2
06f3bc
06e880
06e8a0
06d816
06a46e
064afe
05d6e2
055f6a
050510
04e304
050120
055288
05b9aa
060f0e
062d2c
05fa46
056e60
04988c
039c4c
02a19a
01c5ae
011ada
00ab0e
00700c
005204
003882
001926
fff52c
ffcfd2
ffaa88
ff8910
ff6f42
ff542a
ff2122
fec17c
fe2976
fd545c
fc4916
fb1f18
f9fb0a
f90368
f84fb2
f7e378
f7b906
f7c3ec
f7e9c6
f809f6
f8114a
f7ffe8
f7de82
f7b768
f79a2c
f798a0
f7ba2a
f7f814
f843a4
f88aec
f8be9e
f8d80c
f8d9a2
f8ccba
f8be0a
f8b82e
f8c108
f8d812
f8f644
f91402
f92d26
f93fac
f94fee
f96bf2
f9a4d0
fa0810
fa9c7e
fb5ce2
fc3664
fd0e22
fdc848
fe4d4a
fe8cd0
fe824c
fe3bb4
fdd5c2
fd6dc4
fd1ab2
fceee6
fcf2f2
fd1e8a
fd5f2e
fda5a6
fde910
fe235c
fe5426
fe843a
fec092
ff10ba
ff6fe6
ffcdf8
00175c
00394a
002116
ffc2ea
ff25a4
fe649c
fda5aa
fd0fc4
fcc6a8
fce39c
fd6b98
fe4ed8
ff6f6e
00a468
01bffc
029be6
032172
034bb4
0325de
02c3aa
023b60
01a4e0
011460
009304
001dd0
ffac5c
ff3aa8
fecaa2
fe5eaa
fdfd18
fdb4fa
fd964c
fdab0a
fdf76a
fe7602
ff1432
ffb5cc
003c9e
009222
00aac8
0082b6
00231e
ffa78c
ff3248
fedd42
feb52a
feb9d0
fee0d2
ff16c4
ff3fc2
ff428a
ff1750
fec92a
fe6efe
fe2640
fe0d8c
fe3aa0
feae6a
ff51ee
fffe20
008506
00bc54
008b5c
fff1b6
ff06ac
fdf6e0
fcf8bc
fc3cd8
fbe600
fc01d4
fc81ec
fd415e
fe1144
fec37a
ff367e
ff5eb6
ff46dc
ff088e
fec132
fe8932
fe6fca
fe77ca
fe95de
feb3ca
feb97a
fe98cc
fe5220
fdf004
fd86b8
fd353c
fd19e8
fd4384
fdb086
fe54a6
ff16a8
ffd020
005aba
009db0
008d8a
0029f6
ff8238
feb462
fde378
fd2dcc
fca7de
fc5c58
fc4d66
fc725a
fcb862
fd0a42
fd5736
fd9816
fdd1ba
fe0dac
fe511a
fe9e3e
fef75e
ff5a28
ffbaae
00061c
002c14
00258c
fff33a
ff9c5e
ff319e
fec86a
fe6fd2
fe2f92
fe0e54
fe0d2c
fe2062
fe3852
fe4e4a
fe63cc
fe7f42
feae4a
ff0200
ff84a4
003498
0107f6
01f08a
02d5ca
038f46
03f520
03f50e
038e8e
02ca08
01bffa
009aa2
ff8928
feb4cc
fe3c12
fe2e3a
fe8766
ff3030
000546
00e11c
01a0b4
0229e6
027358
02849a
027106
0251da
023d72
023f4a
0253d6
0269b4
026aa6
0243fc
01eb32
0164f6
00c736
00322c
ffcadc
ffb394
fffd8a
00a33c
018e54
029d1e
03a796
0486bc
051d04
055f28
0555e2
051734
04c10e
047332
044490
043ee0
0462ae
04aa6a
0509c8
056d9a
05c06e
05f200
05f968
05d346
0582cc
05126c
049282
04187c
03babc
038a36
038e82
03c2f0
0416e0
0474b6
04c774
04fd06
050bc8
04f67e
04c89c
0492c6
046a42
04611e
047998
04a594
04d2c6
04f218
04f658
04d5d2
048fb2
042d06
03bc4e
034ace
02df4e
027996
021574
01aeee
0146f8
00e496
009288
005eee
005a9a
0090a6
00fc74
018ac0
0220fc
029f20
02e290
02d3e6
027370
01d482
01104c
00418e
ff8734
fefe24
feb29c
fe9d56
feafbe
fedb0c
ff0f52
ff4050
ff6c4e
ff9af0
ffd770
002b26
009a6e
0123aa
01bc62
024fa6
02c3ac
0300a0
02f2ee
028ed2
01d562
00d57c
ffaa18
fe7890
fd6a7c
fca2f8
fc38e8
fc3756
fc99fc
fd4a9c
fe2924
ff1348
ffe532
0081e8
00def4
01029a
00fcce
00e362
00cbac
00c46a
00d384
00f458
01190c
012e38
011e8c
00dc9e
006b5e
ffd87c
ff35b0
fe9c44
fe2b42
fdfb4e
fe17ea
fe8090
ff298e
fffd34
00dfa4
01b26a
025866
02bca4
02d654
02a584
023134
01899e
00c568
fffb18
ff3f2e
fea2be
fe30f8
fdf044
fde40c
fe0a8c
fe5afe
fec708
ff3f3c
ffb758
002584
00806e
00c17c
00e5b8
00eae8
00ce90
008e3a
00266a
ff947c
fed9f2
fdfd84
fd0cbc
fc1d7e
fb4aca
faaee8
fa5e30
fa6224
fab77e
fb4eb4
fc0b78
fcc9aa
fd6a30
fdda0c
fe0edc
fe07b8
fdd3d8
fd8e28
fd4bce
fd1348
fce466
fcbe86
fc9bc2
fc71aa
fc3bee
fc002c
fbc976
fba54a
fb9e34
fbb3ca
fbda1c
fbff68
fc1078
fbfc80
fbbaf2
fb5198
fad648
fa679e
fa22b4
fa1e24
fa663c
faf636
fbb5a4
fc7f2e
fd2cbc
fda25a
fdd418
fdc770
fd9174
fd5276
fd2ebc
fd4270
fd9634
fe1f18
fec59c
ff6918
ffe55a
001ef8
000cc0
ffb7fa
ff3828
feadc8
fe3cd6
fe036e
fe0db8
fe5312
febdec
ff318c
ff8e42
ffbbec
ffb344
ff7eaa
ff380a
ff031a
feff26
ff3b0a
ffb4d0
005bc8
010ff6
01a8da
02051c
0215f0
01e0ba
017b6a
0105b0
00a118
006932
006bac
00a372
00fa54
015076
018848
01916c
016abe
011f64
00c508
00763a
004782
003f9e
0057b4
00800e
00a402
00ae9a
00941a
00587e
0008ee
ffb2d2
ff63c4
ff27f4
ff0326
feef40
fee12c
fecd76
feae54
fe8726
fe5f2c
fe3b7e
fe2078
fe13d8
fe175c
fe21c4
fe234e
fe13b2
fdf554
fdcb82
fd9930
fd6814
fd4292
fd2956
fd18c0
fd0f74
fd07e2
fcf73a
fcdad6
fcbff0
fcba2a
fcd7f4
fd2156
fd97c4
fe2e94
fec8e0
ff45b2
ff8d26
ff94c0
ff5f82
fefd9c
fe8c48
fe30ec
fe0962
fe1e66
fe6718
fed150
ff4332
ff9ff4
ffd3aa
ffdbe6
ffc7e8
ffb102
ffb0e8
ffda76
00339e
00b22c
01400e
01c28e
022128
024f3a
025264
023eca
023010
024312
028b72
030a26
03ae0a
045b4e
04f304
055ca0
058f52
05935a
057d60
056a02
0575fe
05b326
062354
06bad6
076516
0809ea
089250
08ed1e
0915a2
0914c6
08f784
08c660
08863a
083a28
07e164
0777fa
06fd22
06786e
05f838
058c72
054398
052a00
054644
0592ba
05fdfe
06743a
06e2bc
07350a
075aae
074ff4
0719fa
06c196
065474
05df56
0568ae
04f86c
04998a
044cfc
040948
03c8bc
038b80
034e4c
030a46
02bc60
026858
0213f0
01bf92
016772
010c10
00b132
0056c4
fffe42
ffb0b2
ff742c
ff4508
ff1ff0
ff05e2
fef274
fed82c
fea858
fe5a84
fdedbc
fd6734
fcd2fe
fc4340
fbc9d0
fb7108
fb3a54
fb1ef0
fb107a
fafb16
facb68
fa7836
fa08c8
f990b4
f926ee
f8e0a4
f8cc06
f8e948
f92932
f97192
f9a30e
f9a35e
f96aee
f9095c
f89c68
f8452a
f8225c
f84956
f8bbb0
f96340
fa1b3e
fabf12
fb335e
fb697e
fb6310
fb3214
faf166
faba52
fa9d42
fa9e08
fab474
fad2ea
faef3c
fb0788
fb22d4
fb512e
fba69a
fc2da0
fcdfe8
fdabbc
fe78b8
ff2a6a
ffaaa6
fff342
000e34
00133e
002198
0053aa
00b61c
014362
01e20e
026e98
02ca92
02e30c
02b484
02514e
01dd86
018024
0156fc
01710a
01cb42
025140
02e574
036cc2
03d40c
04111e
04294a
043306
044534
04683c
049b18
04d91c
0514b6
0537e2
053066
04fa1a
049f16
04307c
03c178
0365fc
032bd4
0312fe
031202
031c14
031fe8
030db6
02e33c
02aa38
026e98
023bb8
021c1a
02147a
021fcc
023182
023d0c
023aae
0225e8
01fe6a
01cca6
019dd4
017a12
016188
014e32
013582
010cbc
00cb7e
0069bc
ffe3d2
ff42f4
fe9be4
fe0576
fd922c
fd4dbc
fd3c16
fd59e4
fd9b4a
fdeb4e
fe3152
fe58b4
fe53e4
fe1db8
fdbb2c
fd3af8
fcb32a
fc3c16
fbe7d6
fbbd20
fbba00
fbd642
fc0228
fc28c6
fc37fc
fc261e
fbf2f4
fba676
fb4d32
faf45c
faa84a
fa70c8
fa4c00
fa315c
fa1a9c
fa060e
f9f438
f9e90c
f9eafe
f9fe38
fa237a
fa57e8
fa9268
fac6ea
faec5a
fafb8e
faef2a
facac2
fa9ae0
fa6bac
fa44a6
fa2aca
fa1fa4
fa1da6
fa1964
fa09a4
f9edd4
f9ccc4
f9b20e
f9adb2
f9cdfc
fa1764
fa834c
fb003e
fb722e
fbbd4a
fbd2e0
fbb08c
fb5bfc
fae81e
fa7690
fa2bac
fa203e
fa5be6
fad6fe
fb7dd8
fc3596
fce478
fd786a
fde6fa
fe2e20
fe5780
fe7408
fe91d8
feba30
fef484
ff4348
ffa124
0006c8
007086
00db14
013f4c
0194d2
01d696
020222
0214da
020eac
01f75c
01de1c
01d4d0
01eb44
0229a8
028e0c
031062
03a398
04329a
04a6ea
04f50e
051e4a
052a8e
0524be
05177c
0509ce
04fca2
04e8a4
04c28c
048564
04344c
03d6b8
037bf4
033cac
033150
0369da
03ea2c
04a4d6
057c20
064e76
0700aa
077ffc
07c3e4
07d1bc
07bc08
079a4a
077eb2
0770c4
076e44
076e4c
0764e4
074a0e
072108
06f72a
06dcb6
06e1a8
07129c
076f74
07e7b2
0862c2
08c6d0
08fd38
08fcf0
08d03c
088cda
084bda
082724
083206
086d82
08c4c0
091620
09409c
092bd6
08cd04
082c4c
0763d6
069650
05e620
056f56
054106
05598e
05a6de
0609b2
065f4a
068d9c
0687dc
064cc2
05e48a
055eba
04cfae
044d20
03e7f8
03a7f0
038c68
038dce
039d1e
03a73c
039b6e
036de6
0317fc
029b10
020156
015882
00aeae
0013ae
ff969e
ff4044
ff0fc4
fefa02
feee64
fedea8
febf5c
fe8664
fe31c6
fdcc0e
fd667c
fd143a
fce83c
fcef4e
fd2b1c
fd90a0
fe0878
fe755e
febd20
fecb56
fe9422
fe1bbe
fd7830
fcc95c
fc3064
fbca68
fbaa72
fbd1de
fc2eae
fca41e
fd1474
fd65a4
fd8592
fd6e32
fd268c
fcc302
fc6130
fc1aa4
fbf9c4
fbfabc
fc11c0
fc2f44
fc4332
fc41e2
fc297e
fc0254
fbd902
fbbac8
fbb3ae
fbc88c
fbf18c
fc1ce8
fc362c
fc2d74
fbfef4
fbb6e2
fb6d9e
fb3e56
fb4066
fb8430
fc0bd4
fcc436
fd8b3e
fe3d86
febdc0
fef84a
fee8aa
fe9d2e
fe342c
fdd212
fd95a2
fd92e4
fdd03c
fe4190
feccf4
ff576a
ffc98c
00101a
0022d0
0008a6
ffd284
ff9312
ff58d2
ff2c88
ff11ba
ff03a4
fef604
fedfc4
fec01c
fe9990
fe7230
fe5794
fe58c4
fe7e2c
feca96
ff3bac
ffc51a
005062
00c44a
010af2
01148c
00db56
006702
ffca8e
ff1dfa
fe7a12
fdf7ac
fdad08
fda606
fddf70
fe4b58
fed79c
ff70c0
000524
0088b2
00f696
015210
01a35e
01ef6a
0234ce
026f9a
029958
02a77a
029136
02562e
01fdf6
019734
01387e
00f9fe
00ea6c
010cac
015b64
01c768
0235be
0288b0
02adaa
02a2de
02722a
0229ec
01db76
019950
016e8e
015a4a
01554a
015410
014634
01202a
00e3b2
009a16
004e44
000da0
ffe6a2
ffe40c
0005aa
003b42
006db8
008d06
008f1e
006ac0
001e5c
ffb6da
ff4aaa
feee44
fead92
fe8f6c
fe9814
fec1d8
fefaae
ff2f40
ff5298
ff5c66
ff4780
ff14e0
fecfc0
fe8b56
fe57ca
fe3d9a
fe4294
fe66f2
fe9f70
fedbe0
ff0f50
ff2f30
ff32b0
ff1572
fedabe
fe8f78
fe441c
fe04e8
fddb94
fdd164
fdeacc
fe266a
fe7d5e
fee09a
ff3da0
ff8794
ffb612
ffc03a
ff9fbe
ff56cc
fef0e6
fe7d5e
fe08f8
fd9eb0
fd4a60
fd1282
fcf318
fce458
fce0cc
fce26e
fce15e
fcd8c2
fcc9ae
fcb9b2
fcb02c
fcb1bc
fcbcf6
fccdbc
fce0ca
fcee9e
fce88a
fcc1b8
fc76ae
fc0ae4
fb8872
fb0166
fa8898
fa2c08
f9f818
f9f596
fa2190
fa6efa
faced6
fb321c
fb8a12
fbcdf0
fbff54
fc273e
fc4dca
fc7554
fc9d8a
fcc418
fcdd58
fcd510
fc9c44
fc31b0
fba1e2
fb08c0
fa8dce
fa55c8
fa76fc
faf6f4
fbca16
fcd3ae
fde904
fedb76
ff88d2
ffe5e2
fffcf8
ffe9ee
ffd370
ffdaea
000dca
0063c2
00c55e
0114f2
013786
011d9c
00ce30
006b76
002590
002712
008c4e
015daa
0287ba
03def2
053016
064ef2
071fca
07a01c
07e7e6
081cf6
0861f0
08cc5e
095e96
0a0524
0a9f24
0b0c9c
0b38a0
0b20be
0ad7f8
0a800e
0a40a2
0a3de0
0a87d6
0b1062
0bb620
0c52ae
0cbfb0
0cdfe2
0cad6e
0c3de2
0bb976
0b4c10
0b16be
0b283e
0b7a08
0bee5c
0c570e
0c8794
0c64fc
0becca
0b3614
0a6c8c
09c23e
095e90
0953f6
099b22
0a1124
0a7ffa
0ab25a
0a8388
09e64a
08eab8
07bca4
0693da
05a430
05144a
04f134
052590
0582ee
05d470
05ecee
05b2b8
052778
0465b4
03963a
02e3f2
026f64
024376
02506e
027238
027f74
0257d8
01ec7c
01437a
007642
ffaad4
ff0a20
feb2a0
feaaa8
fedd98
ff2538
ff56e4
ff51da
ff08ac
fe8002
fdca7e
fd0570
fc4f5a
fbbe1a
fb5ba2
fb2180
faf73a
fac090
fa6ecc
fa02ea
f987f2
f90ef4
f8ac0e
f872bc
f86d66
f892f4
f8c9fa
f8f8f0
f9102e
f908ee
f8e472
f8adba
f8776a
f85528
f85538
f87c08
f8c0f0
f910ea
f9569c
f97eee
f97bfa
f94b96
f8f7c2
f89064
f82b4e
f7e38e
f7ce36
f7f564
f85e58
f90912
f9e9e0
fae974
fbe8d0
fcc61c
fd62cc
fda83e
fd8c40
fd15e8
fc5d12
fb86dc
fac0f8
fa36de
fa0564
fa33f6
fab0ce
fb559a
fbf844
fc788e
fcc3f2
fcda7a
fcd192
fccd9e
fcf5b8
fd6198
fe0a34
fecf58
ff8936
000e26
003664
ffee0e
ff445a
fe6792
fd971c
fd11f8
fd0188
fd6acc
fe2e6a
ff13aa
ffda08
004da4
0055ec
fffbb8
ff69f4
fee38a
feaab0
fee77c
ff9d7a
00acd0
01d924
02db32
0378f0
0394e2
033300
027aa0
01ad82
010d3a
00c210
00d4b2
0132aa
01b46e
022784
025e06
024086
01d8d8
014c32
00cc7a
008bdc
00ac92
013008
01f848
02d71e
03985a
040b12
0410f6
03a87a
02eaec
020386
012226
006c84
fff50a
ffbc12
ffb4de
ffc664
ffd030
ffba8e
ff823a
ff33de
fee3a0
fea746
fe8f16
fea172
feda02
ff28a0
ff75e0
ffab60
ffb8d8
ff9a16
ff5a4e
ff0a0c
feb55e
fe66cc
fe26de
fdf3ba
fdc1a8
fd847e
fd3560
fcd534
fc6e3a
fc11aa
fbcfdc
fbb24e
fbbe44
fbf836
fc5e12
fce290
fd7254
fdfa98
fe6cd8
fec0a2
feefb0
fef32e
fec99c
fe7900
fe09ce
fd87f4
fd05c4
fc971c
fc4f24
fc41d2
fc7a1e
fcec40
fd7952
fdfe44
fe5b94
fe7890
fe4bcc
fde1a2
fd580e
fcd586
fc808a
fc7598
fcbd14
fd4652
fdeab6
fe7ae6
fed092
feda50
fe9df2
fe34ce
fdc444
fd7486
fd65e6
fda3ae
fe1c54
fea898
ff1d24
ff5990
ff4ece
ff0222
fe8f1e
fe2194
fde5c0
fdf96e
fe6338
ff0e08
ffcdb0
006cf4
00bb96
009a28
0004c2
ff15a2
fdfdc0
fcf89a
fc3e4e
fbf69a
fc2f72
fcd83e
fdc774
fec91c
ffa9f2
003e7e
006f3e
004124
ffcea2
ff3a0a
fea572
fe2d7c
fde2d4
fdc5ac
fdc75e
fdd1aa
fdd146
fdbf68
fda1b8
fd82ce
fd7042
fd7b7c
fdb14e
fe112c
fe8fe2
ff1d6c
ffa878
0022b4
00835c
00c834
00f72c
011aa0
013b96
01628c
019682
01d63c
02192a
0257ea
028f0a
02bd2a
02e1c0
02fb74
0308ea
030d56
031174
031dfe
0337b2
036254
03a35a
03fc8e
04653a
04cc44
051fae
05520a
055e72
054b4a
0528fa
050c6e
0508ec
052aec
057358
05d3fe
0632e0
06746a
068460
065c10
06073c
05a1ae
054d1e
05275a
05411c
0595a4
060b24
067b70
06bce2
06adf8
064500
05977a
04d032
041e94
03ac48
039550
03dc00
04634a
04f9e8
056c60
0592f4
055d7a
04da02
042f00
038c86
031e0e
0300be
033c12
03bc9e
04578a
04dbbe
052526
05242c
04dc8c
04647a
03e24a
0380f4
035eac
0382be
03de7c
045110
04ae98
04cf50
049c2e
0410f4
033d9a
0248ba
0166b4
00c7f0
008c1c
00bcce
014a8c
020eb2
02d3dc
036202
038ce6
034312
029424
01aa14
00bd54
0009b4
ffbfe0
fff5c6
009e80
018c8e
027d38
032b82
0364b8
03173a
02548c
01472e
0027e2
ff3524
fea124
fe7ce6
feb6c6
ff2816
ffa138
fff718
0012ee
fff78e
ffbb72
ff7fda
ff6640
ff84fa
ffddaa
005782
00c3f0
00f086
00baf0
001adc
ff2214
fdf8f6
fcd74c
fbf5d8
fb7cd0
fb78be
fbd99c
fc7942
fd27c2
fdb870
fe0a68
fe0d74
fdc510
fd4690
fcb0a0
fc2040
fba934
fb543a
fb1de0
faf71c
facf9e
faa156
fa6de6
fa37a6
fa05f2
f9e878
f9ebbe
fa0d78
fa4100
fa78f4
faa79c
fabf02
fabb1e
faa7e0
fa971c
fa96f0
fab532
faff04
fb7470
fc0278
fc8c72
fcf7d0
fd31bc
fd307a
fcf4e2
fc8dd0
fc17ba
fbb2c2
fb7736
fb718c
fba038
fbf052
fc4290
fc7942
fc8248
fc58c8
fc0638
fba37c
fb533c
fb34f6
fb5a40
fbc4b4
fc6772
fd279a
fde134
fe73d2
fecc48
fee4d8
fec31e
fe7870
fe1e36
fdcb98
fd8d68
fd66e4
fd54ea
fd4de4
fd4526
fd3358
fd194c
fcfc1a
fce376
fcd94c
fce5da
fd0c40
fd4aba
fd9b86
fdf61c
fe51de
fea8bc
fef80c
ff3dd0
ff75da
ff9b5c
ffab9c
ffa648
ff8f5a
ff7104
ff56fa
ff487c
ff49cc
ff5f36
ff8a0c
ffc3d2
ffff5c
003012
005016
006084
00687e
007572
0097c8
00dc96
0147ba
01ce8e
025740
02c19a
02f23c
02d8fa
027570
01d98a
01254e
007ec4
000a32
ffe0fa
0008b8
0071e8
00ff08
018d40
01fa46
022ae0
02146a
01c20e
014d60
00d276
006c06
003192
002d40
0054de
0093c2
00d7b6
010f76
0126a4
010ecc
00ca26
0066fc
fff434
ff7e70
ff13ca
fec35c
fe969c
fe8dd0
fea512
fed8fa
ff2230
ff7148
ffb534
ffe212
ffee72
ffd160
ff88ba
ff1df8
fea1c8
fe2546
fdb75e
fd6484
fd3432
fd25e2
fd32fa
fd54e0
fd86d2
fdc42a
fe0b0c
fe6024
fec8ca
ff404c
ffb686
00176a
005010
004f94
000bf6
ff8a06
fedf42
fe2dda
fd9faa
fd5bd8
fd7728
fdee10
feac7e
ff93d0
007cc4
01415e
01c99e
020e72
0217e2
01fb7e
01d47e
01b8f8
01b7ce
01db78
0226ce
029124
030c2e
038e4a
0413f2
049910
05156c
057ef6
05cb48
05efba
05e4c2
05ab74
05508a
04eaae
04946a
046366
04638c
0496e6
04f4ac
0567ea
05d530
06264e
0650ca
0655aa
0641ba
062cc6
062ede
065278
06932e
06e4be
073306
076042
075128
06fe6e
067674
05d0d4
052668
048ffe
04206a
03db72
03b64c
03a172
038e1a
036efe
033f24
030a98
02ea24
02f334
032d0c
039236
0412fa
04935a
04ee76
0504ce
04c8d4
043fb2
037d3c
02a00a
01c9f6
0115e4
009174
003bee
0009da
ffeae8
ffce0c
ffa600
ff70a6
ff375e
ff0576
fee350
fed7b2
fee288
fef7b0
ff067e
ff03e4
feebf6
fec22e
fe930a
fe6f50
fe6424
fe7648
fe9ed8
fec962
fed818
fead74
fe37ee
fd7b50
fc908e
fb9d2a
faccba
fa4bb6
fa3a4a
fa9d92
fb5ddc
fc4ee4
fd391a
fde77c
fe3820
fe21b6
fdaeda
fcfdc6
fc3f8e
fba7ca
fb576c
fb56e2
fb9b34
fc0a10
fc80dc
fce212
fd1de8
fd320a
fd27c0
fd1234
fd0818
fd1b1e
fd529e
fda928
fe0e56
fe6ff2
fec382
ff05ca
ff3660
ff5af4
ff82fe
ffbed6
0012c8
00768c
00dce8
0135c6
016d04
01724e
014520
00f55a
0098ee
004716
0019a2
002700
00761c
00fab8
019c30
023cfc
02c02a
030e2a
0319aa
02e360
0279ba
01f4ba
017222
0110ba
00e750
00fedc
0154c4
01dbd6
027a34
030f0a
037d36
03ae7e
03947c
032f60
029076
01d260
01125a
006df0
fffd26
ffcb4a
ffd64e
00116c
006776
00bfe0
0105fe
012dc4
01353a
012226
00fb50
00c3c6
007bfe
0022c8
ffb3ce
ff2a78
fe896e
fdde34
fd3eb2
fcc4ca
fc8856
fc96aa
fcebac
fd72cc
fe0ed0
fea042
ff0780
ff2aa6
ff000a
fe9126
fdf31c
fd3fc2
fc915c
fbfa90
fb805a
fb1f06
fad24c
fa94f4
fa5e6c
fa29a2
f9fd2a
f9e570
f9e73c
f9fc9c
fa1b76
fa3968
fa4cde
fa503a
fa434e
fa29f0
fa0cde
f9f910
f9f946
fa0f94
fa349e
fa5a82
fa71fc
fa704e
fa51b4
fa1898
f9ce56
f984b4
f95172
f94464
f9610e
f9a1ac
f9fcd8
fa66a2
fad170
fb32b0
fb85f6
fbcaf4
fc02c8
fc2e1e
fc4b80
fc599c
fc5ad4
fc532e
fc4592
fc37ea
fc3620
fc4b0a
fc77fe
fcb48a
fcf2b0
fd2202
fd331e
fd1d0c
fce316
fc9776
fc5652
fc3b8a
fc5ba8
fcc0d2
fd6560
fe30a6
fefe30
ffa988
0015a2
003306
000634
ffa5e0
ff3158
fec868
fe861c
fe799a
fe9ff0
fee544
ff2e4c
ff6410
ff7b34
ff7478
ff5a3e
ff3d42
ff302c
ff42ba
ff7bb2
ffd2fa
003378
00864a
00bc42
00ceda
00bf68
009936
00709c
005b56
0066b4
00932e
00d61c
011cf0
01504c
015bba
013852
00eefe
008fb6
002ad0
ffd442
ffa2f4
ffa3da
ffd0ec
0018e8
006a24
00b306
00e168
00e932
00ca76
0091de
005580
002d76
002b58
005744
00af80
012676
01a462
020dfa
02491c
0240b2
01edf2
015ef2
00b154
0008a8
ff8a78
ff5aea
ff93cc
003ae0
013dbc
027568
03b128
04c2f6
058690
05e46a
05d59e
0566ee
04b6fc
03eee4
03360e
02a7fa
0253e8
023fc8
0263f8
02aa0a
02f8fa
03402c
0374a8
038d6e
0388f4
037220
035be6
0356e4
036ae2
039978
03e10e
04380c
048b96
04c8de
04e23e
04cc0e
048140
040c64
038388
02fe42
02952a
0260ac
026e68
02b9be
032fdc
03b64a
042f96
04810e
049946
047514
042168
03b6ae
034f42
030092
02d7ea
02d702
02f372
031d12
0343c0
03578e
034ae8
03191c
02c7b4
02607e
01ecde
017502
01008e
0098b4
004a0e
00227a
002c04
00697e
00d6d2
0169c8
020e6e
02a55a
030f36
033c22
032aba
02e060
026dd0
01f248
018c1c
0149de
012b0a
0121da
011420
00e7ee
0091ca
0014c0
ff7ec0
feea40
fe7990
fe49f4
fe6a22
fed5f0
ff75e0
0026fa
00c692
013930
016f90
016c72
01420a
0106b8
00cc78
009dce
007ac6
0059e2
003034
fff83e
ffb2ae
ff661a
ff1eb8
fee9fa
fed01a
fed028
fede7e
fee7d0
fedc10
feb8be
fe886e
fe5bfe
fe46e2
fe5b7e
fea214
ff0f62
ff8530
ffde3c
fffbbc
ffcc04
ff4dac
fe941c
fdc694
fd12aa
fc9b22
fc6d4a
fc7dfc
fcaec0
fcdb22
fce568
fcbd32
fc64b6
fbf3f4
fb91fc
fb6620
fb8ab2
fc03ca
fcba10
fd7fb8
fe2156
fe77d2
fe70a0
fe0e42
fd67d6
fca5aa
fbf568
fb78b4
fb395e
fb2b72
fb3896
fb47e8
fb4106
fb167e
fad3fa
fa9c56
fa97a2
fae448
fb903a
fc93da
fdd032
ff1410
0026ba
00d72c
010932
00b8f0
fff9c0
fef506
fde238
fcf79e
fc5c02
fc1f3a
fc3d10
fca64c
fd42c2
fdf06c
fe8f5c
ff0f92
ff6cea
ffa82a
ffcbc0
ffea42
000fea
003d04
006dca
009ede
00cb94
00ed10
00fb1c
00ef4c
00c8ea
008bc0
003ba2
ffdd26
ff7898
ff17b6
fec1a0
fe7c9e
fe5314
fe51bc
fe8014
fedc14
ff5bfa
fff09e
008744
010bfe
016c3a
019ba8
019ad0
0176a2
014186
010f46
00f13e
00eca4
00f526
00f3a2
00cefe
00736a
ffdb3a
ff134c
fe3766
fd6ecc
fce828
fccbd2
fd2c26
fe011e
ff2ae0
007506
01a070
0274e8
02cf96
02a830
0210c0
0130a2
0038c4
ff56c4
fead26
fe4fa0
fe4050
fe6dc2
feb57e
fef0b6
ff0638
fef09e
feb5ea
fe61e2
fe0876
fdc23e
fda204
fdaeae
fde38a
fe3286
fe87fa
fecd90
feed1a
fed878
fe90b8
fe21ca
fd99b6
fd06e4
fc78e2
fbfd30
fb9bb0
fb5564
fb25be
fb0756
faf6cc
faeffe
faed24
faeaac
fae6e6
fadd9a
fac912
faa7b2
fa7d5a
fa5006
fa2562
fa037c
f9f1c8
f9f5fa
fa0db0
fa2d5e
fa4750
fa51d4
fa45a8
fa1cf0
f9db86
f9949c
f95f2c
f9481a
f954b2
f987b4
f9db3e
fa3f1e
faa1b6
faf4f2
fb2fb2
fb5318
fb6a78
fb8528
fbb3d2
fc03b2
fc7596
fcff90
fd95f2
fe2bea
feb1d6
ff19aa
ff5a16
ff7076
ff63b2
ff4110
ff178c
fefa90
ff00b6
ff39c6
ffac48
005928
0138a4
0239fc
0349c2
045008
052e0c
05cc54
062814
064dfc
065170
064a36
064f84
067228
06b9fa
07207c
078fdc
07f0c2
0835e8
0859c2
085da0
084e1c
083e4a
083f80
08600a
08a60c
0905fc
096852
09bb22
09f7f8
0a1e90
0a32fe
0a3e62
0a4d04
0a6af6
0a9e60
0ae0ea
0b20ba
0b48e2
0b4780
0b11a6
0aa840
0a1800
0972fe
08cd10
083aba
07cd62
079000
07865a
07aa5c
07ebd6
08384c
088042
08b326
08be4e
08953c
0836f8
07ac04
07047e
06568c
05b718
053184
04c6fe
047254
0427b0
03d39c
0361f8
02c97c
02118a
014f9e
00a06c
0020da
ffe850
00002e
005aa6
00d65e
014d78
019e02
01aae4
0163b4
00ce5e
000518
ff2b60
fe62b8
fdc2e8
fd576c
fd1cd4
fcfd30
fcd8e8
fc9a26
fc3be8
fbc286
fb3894
fab01e
fa3d1a
f9ee52
f9ca62
f9ce60
f9f0ac
fa2764
fa6a52
fab1be
faf876
fb3bfe
fb7986
fbae3e
fbd65c
fbe6a2
fbcf86
fb8c58
fb26d4
faacb8
fa2bec
f9b438
f952e4
f9109c
f8f37e
f8fa50
f91b5a
f95004
f99978
f9f7e8
fa692e
faec1e
fb7970
fc01a6
fc783e
fcd520
fd0bc8
fd11f2
fcef9a
fcbde2
fc97a4
fc8e08
fca62e
fcddc2
fd2e1a
fd8702
fdcdcc
fdecbc
fde02c
fdb29e
fd7714
fd495c
fd46ec
fd81e6
fdfbba
fea4e2
ff5ef2
0005e2
007b22
00aaf8
009176
003ec0
ffd1e8
ff6bf6
ff24d8
ff06f2
ff103a
ff3420
ff5dce
ff782a
ff78ac
ff635c
ff48d2
ff4256
ff684e
ffc61c
005566
00ffb4
01a248
02169e
023f4a
0211ce
019812
00ec06
00347c
ff9fb4
ff51fe
ff5396
ff9214
ffed64
003ef4
006186
003f38
ffda32
ff4cca
fec40c
fe704c
fe726c
fed472
ff88f0
006a40
0142ca
01df7c
021e84
01f5fc
017776
00ccec
002ad6
ffbdaa
ff9c02
ffc312
001b00
007d9c
00c020
00c380
008258
000ef4
ff86e2
ff0c78
fec3fe
fec6a6
ff127c
ff8cae
00128c
0083d8
00c57e
00c9ae
009720
00438a
ffe96e
ffa176
ff7a9c
ff7322
ff7af4
ff7b5e
ff6028
ff21b6
fec7c8
fe6352
fe0cb0
fde27a
fdfc44
fe5d46
fef3e6
ffa000
003ce4
00ad28
00dc98
00bfb6
005ece
ffd9ac
ff550c
feea84
fea988
fe98ba
feb20a
fee19c
ff0a98
ff1384
fef2fa
feaefe
fe54c8
fdf720
fdaccc
fd89b8
fd9936
fddaac
fe4168
febbba
ff3944
ffa902
fff9c0
0021f8
00235a
000624
ffd39a
ff9434
ff4fbe
ff0b54
fec61c
fe7ca8
fe307a
fde824
fda998
fd799a
fd5ec6
fd6060
fd8046
fdb508
fdebe6
fe13cc
fe242e
fe1828
fdebd4
fda40e
fd5202
fd094e
fcd4d2
fcb4fe
fca486
fc9b4c
fc8d9e
fc6f36
fc3c10
fbfcd4
fbc11a
fb998c
fb951c
fbba8e
fc01de
fc565c
fc9f2e
fcc796
fcc396
fc9064
fc3768
fbd1d6
fb7e86
fb4edc
fb4378
fb55cc
fb78fa
fb95de
fb939a
fb67c4
fb1c36
fac58a
fa78de
fa4cf6
fa58cc
faa480
fb22ae
fbbd5c
fc5f00
fcf0a8
fd5eee
fda2d8
fdc22e
fdcb88
fdd048
fddd2e
fdfa00
fe2c18
fe719e
fec036
ff0d36
ff5252
ff8cb0
ffbd4c
ffe5a0
000340
001456
001c8a
002008
002070
00220e
002de8
004c54
0080aa
00caf6
012cda
01a9ec
0241dc
02ed0a
03a0f2
0453a4
04f950
05845e
05e9f4
062406
0631c6
061b92
05f4be
05d51e
05d19e
05f840
064b46
06bd72
0736a6
079d2c
07dc06
07e87a
07c8b0
079482
076cf6
077154
07b66a
083f8a
08fc14
09cc44
0a8980
0b1054
0b4c90
0b3fa8
0afb3c
0a97ca
0a2e3a
09d07e
0981e4
0935d6
08d7fa
085a90
07c152
071f4a
068f82
0632c0
062ac0
068bbc
074f78
085366
096216
0a4352
0ac9d8
0ada80
0a72ac
09aa7e
08ac90
07a9e6
06cdca
062e9e
05c858
058784
055428
051486
04b41e
042ee2
0395cc
03078e
02a13a
027468
02892c
02dc4e
035688
03d32c
04335a
04636e
0456f8
040cf2
03925a
02fa26
0256b4
01b67c
011fd4
009200
000970
ff7ed0
fee928
fe4886
fda97a
fd1d4c
fcb574
fc8270
fc8cec
fcd00e
fd3ae2
fdb264
fe14da
fe437e
fe2ac4
fdc4ac
fd1a9e
fc45a6
fb67fc
faa228
fa0924
f9a2d6
f96a5c
f95354
f948d8
f934cc
f90d58
f8d5ba
f896ae
f85f36
f843fa
f851c2
f88384
f8c840
f90af6
f933d6
f92c0c
f8e89a
f870ac
f7d77c
f733ba
f69e42
f63164
f60018
f60cee
f64bca
f6abce
f71d64
f7906e
f7f384
f83b32
f869c4
f88c2e
f8aef6
f8d720
f904bc
f937a0
f96dca
f99f84
f9c30e
f9d562
f9dce2
f9e38e
f9f238
fa122a
fa4c60
faa11e
fb0586
fb6d8a
fbd086
fc23b8
fc5da8
fc8102
fc9bde
fcbe82
fcf5a8
fd46fa
fdb0ba
fe2bc8
fea8da
ff10f2
ff52e0
ff6cd4
ff6670
ff4cf4
ff3644
ff3a20
ff6430
ffb0be
001456
008222
00ec7a
014566
018422
01abc6
01c960
01e950
020f3e
0237f8
025e30
027b2a
02878c
028086
026b9e
02569e
025600
027ed2
02daf8
036368
0404d2
04a536
052748
05721c
057a04
0542a0
04dc5a
046180
03efa4
039db6
037564
037312
038ad8
03af08
03d586
03fa52
041ed0
04463a
0473c2
04abf4
04f0f2
053a3e
0577d4
059e10
05a6da
058d50
0552fa
050114
049e62
042e84
03bb76
03512c
02f226
029bdc
02520c
021e40
0207a4
020e68
022c94
025adc
0293de
02d190
03099e
033130
0344b2
0346a8
03354c
030786
02b502
023982
01912a
00bbde
ffc556
fec5ce
fddb20
fd1ff2
fca58c
fc7284
fc7f36
fcb0b2
fce37c
fcff42
fcf856
fcc7a2
fc719e
fc0c4c
fbb18a
fb70c6
fb4cbc
fb3b12
fb274a
fafc1a
faa8ca
fa25d4
f97f06
f8d2b8
f8405a
f7dd58
f7b78e
f7d226
f81b82
f87092
f8b0f6
f8cef0
f8ccac
f8b32a
f892f4
f885f6
f8a264
f8e988
f947f2
f9a31c
f9e28c
f9f222
f9c856
f96e66
f8fe7e
f8989e
f85b30
f85f52
f8ae74
f93a0e
f9e574
fa963a
fb3818
fbbc2e
fc1f1a
fc6a32
fcaa0e
fce834
fd2c9c
fd7c5c
fdd3ba
fe2696
fe6a5c
fe9d5a
fec302
fedf38
fef8f4
ff1a82
ff4bc6
ff9104
ffecf6
005e58
00def2
0166b8
01ec02
026530
02cdde
032474
0365d4
03940a
03bb1e
03e802
042192
046ad0
04c22a
051dba
056e32
05a5ec
05bcd0
05b2a2
0591f0
05701a
056690
0589d6
05e3ce
066e8c
071298
07af52
0824e0
085778
083752
07cdce
073d0e
06b16c
065418
0641ae
068384
070f32
07c7d4
088278
0916aa
096de0
0981c6
0957e6
090514
08a65a
084fbe
080782
07ca6c
078b2c
0737c2
06c75a
063ebc
05acc8
052a74
04d514
04c054
04f0e8
055f1a
05f45a
068a70
06f5fa
0715fc
06dde6
0654f2
058f54
04ac10
03d2cc
0326be
02b94a
028a54
028e08
02ade4
02cae0
02c6f0
0291c2
022d74
01a944
011d06
00a7f6
00677c
00697e
00a8ca
0110d8
0181ee
01d9be
01fe70
01e436
018f0c
0112a2
008d72
001e18
ffd678
ffb406
ffa430
ff8f12
ff5f4a
ff0744
fe85f0
fde902
fd4cbc
fcd6a8
fca778
fccc4c
fd3a80
fdd4d8
fe735e
feed08
ff2340
ff0b2a
feae4a
fe23e4
fd8b96
fd08b0
fcb68e
fc9c2a
fcac6c
fcd068
fcf0d6
fcfcba
fcee10
fcca8c
fca146
fc85f0
fc8892
fcae10
fcef16
fd3b56
fd7e1c
fda57e
fda842
fd87d0
fd519a
fd1dbe
fd054e
fd1854
fd5b58
fdc5ac
fe4048
feadd6
fef47c
ff00e4
feca98
fe5b58
fdcdec
fd45ac
fce644
fcca70
fcfcba
fd7668
fe20a8
fed8c2
ff798c
ffe206
fff840
ffb26e
ff1ea6
fe5c5a
fd9130
fce3a4
fc7436
fc5436
fc81b6
fce9d4
fd703c
fdf968
fe702c
fec710
fefb98
ff1590
ff1de8
ff180e
ff03b0
fedf68
fea8d6
fe5e1c
fe01ec
fda058
fd4ec6
fd23ba
fd2d40
fd6d66
fdd9d6
fe5c04
fed488
ff22c8
ff2f62
fef662
fe88f6
fe0502
fd8b74
fd3aac
fd2840
fd57e4
fdb714
fe2492
fe8016
feb6d6
fec61e
feb6fe
fe9970
fe82a6
fe894e
feb9e4
ff0b06
ff60be
ff9ca0
ffa9c8
ff7e52
ff1d1c
fe9d44
fe28be
fde8fc
fdf502
fe51fa
fef662
ffc478
008daa
01260e
01745e
01744e
013446
00d2ac
0076e0
004508
004fe2
009162
00f040
014d86
018e86
01a072
017d18
01319e
00dd48
00a49e
00a28a
00df72
015008
01daa4
025e96
02bb90
02dbf8
02be92
0277c2
022b5e
020276
021d14
028612
0330f2
03ff24
04c564
05535e
05828e
0546e6
04b1d0
03e706
03143e
026cc0
021b16
022e3a
0294fe
032726
03b1b8
040394
03f9cc
0389e0
02c716
01dd64
0102ae
00672a
00282a
0046dc
00a7d2
011bd2
016db6
0171ea
011370
005a66
ff6ace
fe7b18
fdc3fc
fd6f10
fd892c
fdfde2
fe9e98
ff2fa0
ff7612
ff48a4
fe9f40
fd9724
fc68fe
fb56bc
fa99a2
fa5676
fa9544
fb3a86
fc0ab6
fcbece
fd1d54
fd0882
fc81be
fba7f8
fab030
f9d7be
f95422
f9434c
f9a1c2
fa4f22
fb1d72
fbdcd4
fc630c
fc9756
fc7b70
fc265a
fbb83c
fb52ec
fb13b4
fb0912
fb2c70
fb6994
fbac5a
fbe5ca
fc0af0
fc181e
fc1570
fc14a8
fc2af6
fc69d2
fcd874
fd72b2
fe2bae
feedb0
ff9b8a
00189a
005316
004a5c
000ea2
ffbbc4
ff7406
ff59c8
ff84b0
fff972
00aa50
017a5c
024240
02dbac
032eae
0339bc
0312c4
02dff0
02cac6
02f3ec
03690c
041e0a
04f0b4
05b578
06443e
0683a0
06736c
062f1e
05e33e
05bcb0
05da18
064148
06daee
077832
07e184
07e96c
077d5a
06adb6
05a94c
04b004
0402a8
03d19a
042e76
050714
062bfc
075ffc
0869e0
09200a
096eea
095e08
090b10
0897dc
081d02
07a94a
074200
06e0c2
067a62
060cb4
05a526
055b46
05451c
056e32
05d4ca
0667b4
0704c4
078176
07bab8
079dca
072aaa
067718
05acb0
04fb98
04893c
0466d0
0491d8
04f6c6
05720c
05d9a6
060ee8
06069a
05c4f0
055b04
04e2d2
047512
0423d6
03fa20
03f700
040bca
0424e0
04324e
042aaa
040c68
03db7a
039c52
035370
030772
02be36
027832
0230b2
01e1d8
0186c8
011c36
00a238
001df6
ff9a3e
ff2680
fed082
fe9e2e
fe903e
fea376
fec8e2
fee862
fef020
fed76e
fe969a
fe2a6a
fd9b34
fcf98a
fc58dc
fbcb4a
fb5be4
fb0e30
fae0a2
faca46
fabc18
faa98a
fa8c08
fa6140
fa2c98
f9f88e
f9d3ea
f9cd54
f9ee0e
fa358e
fa9aa8
fb0fd8
fb839e
fbdf9e
fc0e90
fc05c6
fbc6a6
fb5928
facbe8
fa382a
f9bd8a
f97716
f97552
f9bcd0
fa43ec
faf1be
fba49e
fc3d3a
fca4d0
fccf5a
fcc10e
fc90da
fc5eda
fc4836
fc61ca
fcb3ca
fd3586
fdd008
fe6538
fed6fc
ff0f6a
ff081c
feccf6
fe7aa6
fe36d0
fe22aa
fe50d0
fec310
ff6c22
003416
00fec8
01b086
02313c
0271aa
026fc4
023664
01d80c
016792
00f5a4
00946c
005590
0040d8
0053aa
008922
00d9e6
013754
019028
01d6f4
020340
021388
020cd4
01f34e
01c92c
01953c
016168
0132dc
01099e
00e528
00c658
00af80
00a334
00a324
00b180
00d014
00fa26
012310
013d20
013d52
0118a4
00c7e4
0052ea
ffd278
ff654e
ff25c4
ff23f4
ff6034
ffca2c
0045ee
00b19e
00eec0
00ef22
00b87c
005ed6
000210
ffc956
ffd29a
00222c
00a10c
012658
018232
018896
011f72
004c86
ff3888
fe22da
fd4e8e
fcf0dc
fd22fc
fdd82e
fedbcc
ffdcf0
008872
00a36e
001836
fef94c
fd8000
fc0096
fad3e2
fa3f24
fa5eac
fb1b6e
fc3606
fd5e26
fe456a
feae36
fe7c00
fdbab6
fc9700
fb50de
fa2c6c
f95ec0
f8fde8
f8ff4a
f942d6
f9a104
f9f518
fa2496
fa2622
fa03d0
f9d322
f9a86a
f99164
f995ac
f9b30e
f9da96
f9f958
fa0574
f9ffd2
f9ee84
f9db00
f9d1bc
f9dcf0
f9fee2
fa315a
fa6ae2
faa49c
fada70
fb0a5e
fb3a62
fb7ab8
fbdbd2
fc6484
fd1188
fdd5da
fe9ba0
ff4b10
ffd16e
0024ca
00480c
004bca
004822
00552c
00843e
00d98c
014a30
01c04a
022358
026242
027ab8
027a7a
027a70
0295c6
02e396
0374c6
044ca8
05564c
066764
07514e
07ef72
082de4
080dc0
07a756
072648
06bd86
06963c
06c404
0742ee
07fa7a
08c3c2
0973f2
09e89a
0a12ac
09fc1a
09c21a
098638
096188
095fd6
097da2
09a59c
09b63c
099444
093a80
08b964
082fc8
07c568
07a036
07d570
08604e
0920b0
09e2c6
0a7020
0a9db8
0a5202
098e18
08758c
074444
0638d6
05864c
054b34
058914
06251a
06f2b2
07bc3a
084b34
087714
08310c
0781b0
067ff4
054bcc
040a60
02dfde
01e724
012a3c
00a4ba
004f90
002620
001f8a
002c3e
003e5a
0050c2
00660a
008328
00aac6
00dc5c
011616
0153fa
018d86
01b5a4
01bbd4
018faa
01294e
008e4c
ffcb42
feee2c
fe0a48
fd38c4
fc8de4
fc0f70
fbb7d2
fb7e7c
fb5afe
fb43c6
fb320c
fb2a4a
fb3a7c
fb6ace
fbb3fa
fc062e
fc524c
fc89b4
fc9cac
fc8102
fc3bfe
fbe476
fb99a6
fb770e
fb8c54
fbd7c6
fc4320
fca7d8
fcda94
fcb954
fc38ce
fb6b0e
fa7b8e
f9a52c
f92446
f92328
f9ab40
faa6b8
fbe864
fd2e74
fe2db6
feaf0a
fea69e
fe2d92
fd6d3a
fc953e
fbd82e
fb5d4a
fb2e56
fb3814
fb5e7c
fb8dc6
fbbcb4
fbeab4
fc20ea
fc7080
fce95a
fd8cb2
fe46aa
fef788
ff82ae
ffd3ea
ffe0e0
ffb1aa
ff6432
ff1df0
fefa70
ff051c
ff391a
ff839c
ffca64
fff3a6
ffed70
ffb844
ff6cc2
ff3070
ff2248
ff522e
ffc17e
005fec
010a42
019630
01e3de
01e86e
01b036
015a56
010d2c
00e950
010188
01573e
01d852
0261f6
02ccc2
02fcb2
02e9b0
029e82
0234e2
01cf9e
018f82
0187e6
01b9d2
02154e
027ebc
02d7cc
0309d0
030b12
02dd76
028b66
022686
01c38e
01712e
013290
0103f6
00e22a
00cbec
00bf40
00bafe
00c50c
00e9dc
01305e
018fa6
01f386
0247b6
027c04
028350
0256fa
01fe3e
018f90
0127cc
00dec2
00c18a
00d19a
010428
014354
017468
018282
01688c
01332c
00fa08
00d80a
00e38a
0121f8
017ff6
01da3e
020d82
01fd72
019b00
00f256
00308a
ff92e8
ff4e12
ff7fe4
002ade
0132d8
025dea
036218
03fe36
041022
039bf2
02c696
01cd26
00f7cc
0081e6
00826c
00e866
0188d4
022c04
0298fc
02a726
024db8
01a44c
00d872
001dd6
ff9ae6
ff5b84
ff53b2
ff6aca
ff83e2
ff84a2
ff5f54
ff1ac0
fecdfc
fe91c6
fe73fa
fe73b2
fe82c4
fe89f4
fe720e
fe2eea
fdc5b6
fd4bca
fcdeac
fc97b4
fc8048
fc8c9a
fc9f28
fc92b4
fc4682
fbaac2
fac958
f9c73c
f8dc80
f84312
f8214a
f87c6c
f9395a
fa23c8
faf822
fb75fa
fb76bc
faf966
fa1f30
f9204e
f83b88
f7a272
f76af6
f78c9e
f7e706
f84dfc
f89952
f8b2d8
f89ba4
f86922
f83ecc
f842b0
f88baa
f9165e
f9c9cc
fa804a
fb0d6e
fb49ce
fb244e
faa9ca
f9feb8
f95396
f8d814
f8aef8
f8e678
f974a4
fa3780
faff26
fba176
fc0884
fc32be
fc2ef0
fc1c80
fc25f0
fc6f4c
fd088c
fdee74
ff0d04
003d42
014d24
021454
02825c
029d66
027db4
024c9c
023c56
0272b8
02f71c
03b40e
0484c8
053d84
05b256
05c808
0585be
0514bc
04ae84
048a3a
04d182
059582
06c1d2
081d6c
096156
0a5154
0ac6c6
0ab7d0
0a4158
09a354
0926e4
09014a
0945f2
09e594
0ab2aa
0b6c28
0bd1e0
0bbe22
0b3762
0a6e02
09a88e
092d52
093124
09c758
0ad558
0c1790
0d399a
0df1fc
0e13d8
0d9722
0c9b3a
0b6048
0a329c
0950a2
08db68
08d376
091abe
097fb6
09d2d0
09f6ae
09e3bc
09a8a6
096678
094016
094890
097dda
09cb5a
0a0ffc
0a2ba0
0a0cec
09b5fc
093a3a
08b8b4
08505c
08126c
07fa7a
07ed8e
07c1b4
07505a
068960
05790e
04430a
031c68
0241ea
01e436
021232
02afec
037e6e
042f9c
047ca8
04370e
0354e4
01f8e8
006cda
ff09f0
fe1bec
fdcc54
fe189a
fed274
ffab4a
004afc
006c5a
fff0e8
fee492
fd79ca
fc004a
facbe2
fa144c
f9e70e
fa2d98
fab520
fb36b6
fb6aae
fb233e
fa5c14
f936d0
f7edd8
f6c74e
f603de
f5c720
f60992
f6a04a
f74ed4
f7d4b8
f7f9ea
f7a10c
f6d5e6
f5c982
f4beb2
f3f5c4
f39dee
f3ca7a
f46d7e
f55a64
f64fac
f708d6
f754ec
f723d2
f683d4
f59b7c
f4a57e
f3e4ba
f38dda
f3b6da
f456ce
f54c8e
f6642e
f76120
f8102c
f856a6
f83764
f7d0de
f75758
f70916
f71c68
f7ae3a
f8bbd2
fa25e8
fbb3ec
fd1d10
fe1f6a
fe94c2
fe775a
fde41a
fd1ac6
fc6b08
fc18f4
fc4efa
fd15e0
fe4d12
ffb272
00f85c
01da76
023064
01fc32
0169fe
00c2c0
0057d8
006886
010ca6
022f4a
0393f8
04e3da
05c694
05ff42
0581d8
047a0e
033d4e
022d7a
019ef2
01c52a
02a028
03f6a4
05682c
068c8a
071198
06d3e0
05ebfe
04a6b4
0369d6
0293f6
0261a8
02dcc4
03d9ac
050586
060196
068314
066c98
05d51a
04fab4
042cd6
03b5c0
03c32c
045518
053e68
06358e
06ebda
07253c
06cd22
05ff80
04fdc0
041610
038de2
0392d6
042b2a
052ef2
065758
0758bc
07f750
0813de
07b18e
06f186
060822
052eb4
049202
0444de
043e30
04619c
048dc6
04a7e8
049f94
047158
0429cc
03df3e
03a382
037b66
035e14
033958
02fa9c
029676
020b38
0164d6
00bf5c
003dc8
fffa92
fffda0
0038e2
008ad4
00c87e
00ca22
00761a
ffc9c6
fedcce
fdd97e
fcee90
fc4158
fbe39c
fbce0e
fbe0a8
fbea4c
fbb890
fb2afe
fa3f9a
f913dc
f7dd76
f6dde6
f6506e
f65734
f6eff4
f7f2ae
f918f4
fa0f00
fa8b0e
fa6206
f99306
f84630
f6be94
f5481e
f4285a
f38de4
f381d8
f3e8b2
f49072
f53f10
f5bff4
f5f2a8
f5d332
f5777c
f50678
f4ac2a
f48c84
f4b90e
f52ba2
f5c8de
f66bfa
f6f4e4
f74f7a
f77512
f76eec
f75718
f7500a
f77508
f7d070
f85d92
f90e34
f9cd82
fa8402
fb1f50
fb98e0
fbf718
fc49f6
fca63c
fd2002
fdc4a4
fe9682
ff8bf4
00923c
01947a
028266
03503e
03f4d8
046c72
04ba1a
04e284
04e8bc
04d116
04a3d4
046e86
044660
0445b4
048186
04ffe4
05b708
069252
07744a
083766
08b92e
08eb9e
08da00
08a054
086456
084e36
087974
08e7dc
09803e
0a15b4
0a7570
0a7922
0a149a
095ad8
087c00
07ba0e
07549c
077368
08175e
091768
0a2ac4
0afe06
0b4d52
0afb3e
0a1918
08e020
07a3c2
06bca6
066b8e
06c20a
079efe
08bbc6
09c080
0a5b74
0a57b8
09ac2a
087d8c
071374
05c2f8
04d540
047358
049de8
053026
05ed58
0696de
06ff4c
07117a
06d1b2
065cdc
05dcb8
05732e
052e64
050af2
04f908
04df0a
049fc2
042804
0379fc
02aae0
01d880
012298
00a556
006fd2
007fb0
00c6da
0130f0
01a4d4
020940
024c66
0267fa
025f38
0238ba
01f94c
01a5c0
01478e
00eae0
0097c2
005180
001b9c
fff936
ffe586
ffd118
ffa7d4
ff57f6
fed5f6
fe2080
fd451a
fc6258
fba392
fb341a
fb31d4
fba908
fc93a4
fdd352
ff30aa
0069b8
014478
0199f6
015e7a
00a60a
ff9ba4
fe70de
fd54cc
fc6f62
fbd736
fb88de
fb6cb6
fb66e8
fb628a
fb53a0
fb3816
fb1b88
fb15b4
fb3de4
fb9d42
fc2b54
fcd20a
fd7268
fdeb34
fe22b4
fe0e94
fdb6e8
fd34ba
fcab96
fc3faa
fc0bec
fc1acc
fc6366
fccd30
fd38c0
fd8966
fdac54
fd9d42
fd678c
fd21b8
fce4ea
fcc5ce
fcd09e
fd064e
fd5b92
fdbb62
fe0c92
fe398a
fe3828
fe0cc0
fdc8d8
fd8706
fd619c
fd6822
fd9d40
fdf9c0
fe6bbc
fed76c
ff21ea
ff3dfc
ff2e1c
fefcca
feb6ea
fe6d86
fe3448
fe15f4
fe0d90
fe0cd0
fe0288
fddce0
fd921e
fd294e
fcb3e0
fc424c
fbe22e
fb9ed0
fb7cba
fb77ce
fb86d8
fb9f5e
fbb9a4
fbd616
fbfe1a
fc3c2e
fc938a
fcfec6
fd7068
fdd222
fe0a08
fe0624
fdc3ca
fd50c2
fcca14
fc5494
fc0f0c
fc07be
fc3a36
fc9308
fcf75c
fd4c4e
fd7c5c
fd7fa6
fd65d4
fd547a
fd76a6
fdeaa2
feb7d4
ffcaec
00f7b8
020532
02c07c
030a7c
02dd60
0250b6
01997c
00fb60
00b004
00d4de
016714
02470a
033e06
040b2a
047a68
047776
040ece
03648c
02ac7a
021eb4
01e6dc
0217e2
02a83a
037492
044af0
04fa68
055fe8
056eee
05343c
04cdd6
045ea6
0407da
03e404
03feb0
044f7c
04bfd2
0535de
059ace
05db32
05e8fc
05c06e
0567f6
04e978
044dd4
039e40
02e590
022e20
01802e
00e256
005a40
ffed08
ffa122
ff7dc2
ff8590
ffb2be
fff958
004b34
0099aa
00d652
00f296
00e140
009bb4
002336
ff7cde
feb232
fdd538
fcfc64
fc3b18
fba026
fb3486
faf736
fadec0
fadff6
faefb6
fb00e6
fb082c
fb0414
fafef2
fb0776
fb2720
fb5c9a
fb9a84
fbcbd2
fbdada
fbb55c
fb4fdc
faac1a
f9dd38
f90468
f84a9a
f7d912
f7cef8
f837ce
f906f8
fa1a18
fb42f8
fc5304
fd2266
fd976e
fdaf4c
fd7ee8
fd2928
fcd3fa
fca0be
fca616
fce9fc
fd5f68
fdec1c
fe743a
fee1c8
ff2688
ff3f7c
ff38e6
ff2bb2
ff340c
ff6724
ffce58
006760
0122da
01e490
028e2e
030c6e
0359b2
037b14
037f64
037b20
0380b4
039a40
03c5f8
03f5b8
041328
04063a
03bf76
034530
02b6a2
02404a
020ddc
0241fc
02ee38
0408e8
056740
06c4fa
07d930
086b30
085ee4
07bcaa
06b322
058cc2
049d32
042ba6
045c72
052468
064e76
078bf0
0888e4
0902ac
08da2e
081b0a
06f8bc
05c264
04cc8a
045786
047c86
052944
062904
0732ca
07fb06
084a20
080ed8
0761d8
067b5e
059fd8
0509ea
04dbc8
05194a
05a534
064600
06b820
06c610
065a88
05857c
0473f2
036232
028e66
0229ca
02492e
02db7e
03abaa
047174
04eb52
04f0b0
0477f4
0399c0
028e06
019a5e
00fbfc
00d9a4
0139b6
01fb80
02dc7c
038bba
03c3fa
0360e8
0266a6
00fd7c
ff692e
fdfb20
fcfdea
fca138
fced22
fdbfa2
fed66e
ffe21a
009ad4
00d184
007af4
ffb138
feaab0
fdaa26
fcec58
fc96ee
fcaf04
fd19cc
fda418
fe0e82
fe1e8c
fdb0f4
fcc4ac
fb7bba
fa1464
f8da14
f80f28
f7d8ec
f83764
f909bc
fa1856
fb20a0
fbe5ba
fc441e
fc3c08
fbebda
fb81c0
fb2d08
fb11d8
fb4022
fbad60
fc3386
fc9d2a
fcbc8a
fc7e68
fbf0f8
fb40b2
faab9e
fa6e24
fab128
fb7d30
fcb650
fe243e
ff7f90
0080aa
00f66c
00dc22
0058d4
ffab92
ff1ac4
fee71e
ff3660
000060
011218
022268
02e7e8
032bd2
02db0c
020cb2
00f9ae
ffecfa
ff31c6
fefefe
ff660a
004ca4
01746a
028f1c
03587c
03a7f2
037634
02ddf6
021776
016766
0104ba
0105fe
0160c6
01f1a4
02806e
02caa8
029e06
01ef30
00d96e
ff9312
fe6422
fd9752
fd624e
fdd16c
fec2f4
fff3d6
011474
01d9a4
020d20
01a0f6
00b758
ff96b8
fe94a2
fdfdf4
fdfece
fe95f8
ff986c
00bcc2
01ad2e
0221fc
01fa26
0146b4
004496
ff46ec
fe9bf2
fe777e
fee3ca
ffb9e8
00aad4
0159dc
017bac
00ee20
ffc488
fe46f4
fce068
fbfc12
fbe0ce
fc9e04
fe0a24
ffc98e
016298
0263ce
028b2c
01d75a
00806a
fee3c8
fd6a52
fc6c00
fc165c
fc5dd8
fd0290
fdac12
fe0dc6
fdfe9e
fd7fd8
fcbb2a
fbf7b8
fb8256
fb907c
fc2af6
fd2a64
fe4714
ff2fba
ff9d4c
ff687a
fe9b28
fd6b56
fc2354
fb0d02
fa61d2
fa3a30
fa87a8
fb2074
fbcfd2
fc6356
fcb760
fcc096
fc8bb6
fc3340
fbd1f4
fb7b32
fb3898
fb0820
fade60
fab024
fa7b08
fa45e0
fa1b18
fa023a
f9fd14
fa0910
fa1ea6
fa3072
fa32de
fa2698
fa179a
fa14f0
fa2dfc
fa721c
fae942
fb89fc
fc3964
fcd716
fd4a38
fd852c
fd8430
fd4f7a
fcfcb2
fca74c
fc654a
fc4488
fc4eea
fc8ab4
fcf7fe
fd93c4
fe5d32
ff535c
006db6
019810
02b388
039b18
042ce4
045792
0424b8
03b794
033fca
02ebca
02e24a
033a9c
03f0ba
04e22c
05da94
06a59c
071d08
073232
06f37e
068a9c
062f34
06110c
064814
06d1de
0793ae
085f54
0902c6
095ca2
0965ec
092f42
08d8ec
0888c2
085fe0
0870c6
08b692
0915c2
096a52
0996b2
098968
093eaa
08c178
082848
078de4
0708f4
06a438
065e3e
06320e
061dfa
0622b2
0640fa
0678a8
06c5ae
071c0a
076632
0788d2
076ccc
070968
066864
05a57e
04eb22
04678e
043ce4
047500
04fce8
05a82c
063cc8
06842c
065c82
05c55e
04dfa0
03df1a
02f922
025694
0207c8
01ff48
021884
022646
020338
01a09c
010b1c
0062ca
ffcdb8
ff6b70
ff4982
ff5c3c
ff81a6
ff9144
ff6fd6
ff18be
fe9c5c
fe1cc0
fdc678
fdbd78
fe091a
fe9044
ff2390
ff8adc
ff956e
ff2d2a
fe646a
fd7292
fc9f36
fc27e8
fc2d6e
fca990
fd6ce2
fe2a72
fe9344
fe7470
fdc57c
fca60c
fb57d2
fa341a
f990a6
f99d88
fa5630
fb89dc
fcec7a
fe2a38
fefe86
ff48a2
ff1632
fe9c9a
fe20d4
fddee8
fdfc9c
fe7f5c
ff449a
000af8
008bea
0094d4
00167e
ff296a
fe06b8
fcf8ae
fc4578
fc1890
fc7666
fd40a0
fe424a
ff3cce
fff782
0050a2
004834
ffffdc
ffae28
ff8a22
ffb890
0040c4
010a92
01e562
02961e
02e83e
02bf86
022414
014190
005aac
ffb6ee
ff8e26
fff900
00eca0
023e9a
03ad8a
04f118
05cf0e
062c2c
061204
05a850
05255e
04bef4
049ef8
04d6fc
0556cc
05f30c
0678fa
06bef2
06acb2
0641f8
059884
04db1c
0436ca
03cec4
03b428
03e1b0
043ee6
04a918
04fd62
052232
050ef4
04cc48
046b64
03fe6c
0397d0
0347de
0313fa
02f370
02d808
02b536
027f10
022a9a
01b368
011ed0
007a12
ffd800
ff4e8e
fef1b4
fecdf0
fee60e
ff32b8
ffa332
002080
0090ea
00dc00
00f246
00d30e
008858
00201a
ffac58
ff41d6
feef38
feb6ae
fe913e
fe75fc
fe6086
fe540e
fe593e
fe7a68
fec094
ff2dfa
ffb744
004346
00b270
00e89e
00d588
0078f2
ffe226
ff2e26
fe834c
fe06fa
fdd27a
fdee74
fe51f6
fee1d2
ff75a8
ffe644
001d82
001bb8
fff0d0
ffb3aa
ff7c9a
ff5ece
ff611c
ff7ce0
ffa222
ffbd7a
ffbf5e
ffa188
ff6832
ff20c2
feddb2
feb058
fea534
fec2e0
ff085c
ff6bca
ffdc4e
004534
00915c
00ae24
008d92
0029ae
ff894c
fec2f0
fdf8a4
fd4e30
fce12e
fcc570
fcff3c
fd7c4c
fe158c
fe9a8c
fedf32
fec8aa
fe56ce
fda556
fce4ea
fc4d12
fc0a1c
fc2f0c
fcb078
fd661a
fe13a4
fe794c
fe67be
fdd0f0
fcce8a
fb98b6
fa7454
f9a21e
f94ef4
f986ee
fa3262
fb1e5e
fc0c58
fcc572
fd28d0
fd2e10
fce18e
fc622e
fbdb1a
fb7424
fb4324
fb4ad2
fb82f4
fbdd64
fc489c
fcb5d6
fd1eb0
fd83ca
fde8e8
fe52aa
fec282
ff3328
ff9b56
fff356
0038c6
006fe0
009ffe
00cd24
00f6ce
0119aa
012e14
012960
0105cc
00c8d6
0083b6
004fc2
0047be
008234
010d7e
01e802
02f996
0418a6
051672
05c8de
0613c4
05f3d0
058460
04f96a
048e88
0474fe
04c7dc
0583c2
0682ba
078470
08431e
088ad4
084a48
07996c
06b3d4
05e820
05808c
05ab0a
066886
078a12
08be38
09aafc
0a0bb2
09c814
08fcf0
07f314
070966
069926
06d922
07c762
092552
0a8b98
0b8c8a
0bd6e2
0b4f22
0a1a04
0891f8
0728ce
064332
061b94
06b1f4
07cd6c
091134
0a1cdc
0aac40
0aad4c
0a42ba
09b242
0947dc
093814
098a52
0a155e
0a8f7e
0aa7a2
0a20d2
08ec18
0734a2
055404
03b468
02af3c
0272ba
02f4aa
03f55c
051224
05e55e
062a34
05d26e
05035a
0401e2
031b6a
028f14
027788
02bf5c
032ac0
03715c
035854
02c5e8
01cbaa
00a006
ff88a2
fec410
fe7976
feadf2
ff4410
0005cc
00b526
012012
012e6c
00e17a
004d20
ff91c2
fed18a
fe2436
fd93a0
fd1f34
fcc1d6
fc78b0
fc4378
fc1ec0
fc044a
fbef24
fbda34
fbbed6
fb99a0
fb6e96
fb488e
fb35ca
fb4300
fb75ec
fbc76a
fc1eb0
fc5558
fc46c2
fbe044
fb2a22
fa48da
f975b2
f8ee4c
f8e15c
f95d98
fa47a2
fb5ea0
fc507a
fcd498
fcc236
fc1d14
fb163a
f9fff0
f93648
f902d8
f983e8
fa9f78
fc0958
fd5cf4
fe3f10
fe7a4c
fe10c8
fd3e3a
fc6502
fbec0e
fc1d1a
fd0e40
fe9b9a
007198
02243c
034f9a
03b8ea
036080
027dd0
016d9c
00977e
004dd0
00b4aa
01baa8
032096
048b8c
059e8a
061616
05dc8c
050dd0
03eab4
02c69c
01f492
01b23e
02168a
030be6
045760
05aa1e
06b672
073fa0
072586
066ee8
054b0a
040518
02ef9c
024fb0
024cce
02e6d4
03f3b6
0527de
0629fa
06ac86
0685b2
05bdbc
048db2
035032
0267f6
022158
029892
03ad86
050924
0636f0
06cb26
0684fc
056458
03ae84
01dbaa
0071f2
ffdc12
004568
0187d2
03367e
04c12a
05a226
058a92
047e50
02d46c
011c9e
fff2c6
ffcd40
00d48a
02d032
05311a
073a72
083dd0
07d3e6
05fcfe
032182
fff606
fd4a00
fbcc26
fbd65a
fd5284
ffc2c4
026b12
048a5a
058dbe
05356e
03a5ca
0159b0
fef7be
fd1dfc
fc35b2
fc5964
fd5284
feafc6
ffec28
009a40
008610
ffc0b0
fe92a8
fd5f4c
fc842a
fc3b10
fc8916
fd4136
fe152e
feb026
fed5fa
fe76ae
fdad6e
fcb340
fbca26
fb2444
fad3a8
fac838
fad6c2
fac92c
fa7628
f9d562
f9066e
f84660
f7d8f2
f7f0ba
f89cf6
f9be56
fb0976
fc1b46
fc98b0
fc4cc4
fb3ac6
f99f48
f7e15c
f67682
f5bf56
f5e952
f6e0ce
f85726
f9da22
faf592
fb5684
fae4f6
f9ca50
f864d8
f72b56
f68714
f6b2f4
f7ac0a
f93374
fae0d0
fc4326
fd0314
fcfc6c
fc4b5c
fb4482
fa57fa
f9ee9e
fa4bfc
fb7976
fd423a
ff435e
010a58
0237e2
029b76
023fe0
01674c
0076a4
ffd57a
ffce88
007a28
01b8b4
033ea2
04ac8c
05abd0
060886
05c0be
05050e
042988
03891c
0367f6
03e1e0
04e436
0632d0
077a2a
086a52
08d1aa
08aeac
082e3e
079834
0736d4
074046
07c51a
08aa7a
09b300
0a928e
0b0772
0af04c
0a567c
096a6e
0873e0
07babc
076e2e
07927a
080036
0874fa
08ab82
087432
07c876
06d010
05d61a
0531d2
052780
05cd3e
0701ae
087506
09bf94
0a82ea
0a8ab4
09dd0a
08b67c
07773c
06851e
062854
067028
072d1c
0801c6
0882ee
085c38
076d8e
05d924
03fdd2
025ac0
016462
015dba
024220
03c340
055de2
068144
06bc72
05e2b0
0419b8
01cd38
ff8f52
fdeefc
fd4cb6
fdbd4c
ff0588
00ae50
022b16
030620
030212
022846
00c214
ff3f2e
fe113c
fd88d6
fdbcbc
fe8354
ff81d4
004b8c
00849e
fffd0a
febee0
fd0cfa
fb4e70
f9edec
f93b62
f95748
fa2a84
fb6ebc
fcc4a0
fdcfb8
fe50b8
fe3534
fd97de
fcb506
fbd6ae
fb3c78
fb088c
fb36f0
fba0da
fc0cde
fc4484
fc2512
fbaa8c
faf28c
fa3268
f9a508
f9772e
f9b5e6
fa46fa
faf104
fb6e46
fb849e
fb1c3e
fa4b4e
f9507c
f8815a
f8325c
f89c14
f9c3f8
fb74c0
fd4c60
fed822
ffb516
ffae74
fed054
fd665a
fbe726
fad1a6
fa85e8
fb281c
fc961a
fe6fc4
0032fa
016402
01b32a
0114b4
ffc670
fe3e94
fd06d8
fc9204
fd1a34
fe8fca
009d9a
02c2b2
0479ea
056134
05550a
0479c0
032f6c
01f32c
0137e2
0142cc
0216be
0375aa
04f608
0622cc
069dba
063c7c
051654
037d18
01e3f4
00bc9c
0056e0
00cbd6
01f776
038212
04fa22
05f616
06319e
059e58
04652e
02d7e2
015846
003db0
ffbe86
ffe290
00828c
01562c
020afc
025d12
022954
01747e
0067c0
ff4488
fe5092
fdc140
fdae8a
fe0f4c
febd9a
ff8290
0026ce
0081ec
008432
003798
ffb968
ff3044
fec070
fe8106
fe7726
fe97f0
fecfb2
ff0aea
ff3cae
ff60d4
ff7bf2
ff9876
ffbfb8
fff39a
002d30
005f7c
007c5e
007a36
00590a
002478
fff0c0
ffd3ee
ffdd64
000f30
005c0a
00aa2a
00d982
00ce2c
007c52
ffedc4
ff4020
fe9ea2
fe36c0
fe29fc
fe83f0
ff3598
0016a6
00f108
01925c
01d9b8
01bf70
0156f8
00c8e2
0046a0
fffb0c
fffb96
004070
00a6f4
00fc64
010dec
00b992
fffab8
feee26
fdcab8
fcd11c
fc39aa
fc23f6
fc8b48
fd45da
fe1018
fea0d2
fec0cc
fe5c9e
fd89d8
fc80b4
fb8d38
faf9c6
faf892
fb933c
fca668
fdebbc
ff0df0
ffbffe
ffd2c0
ff4208
fe343a
fcedd0
fbbc90
fae08c
fa7bb2
fa8b88
faed02
fb6a56
fbcd0e
fbedfe
fbc044
fb53da
faccb2
fa52e0
fa0344
f9e656
f9efec
fa067a
fa0e54
f9f5d6
f9be36
f97cbc
f95486
f969dc
f9d38a
fa9084
fb85d0
fc857c
fd5cda
fde490
fe0cb2
fde202
fd8a64
fd3886
fd1a14
fd4676
fdb58a
fe4256
feb75e
fedffc
fe9a74
fde4c6
fcdfe0
fbc7d6
fae32a
fa6edc
fa8d32
fb3ba4
fc53c6
fd974e
fec1c2
ff9b7c
000940
00128e
ffdd3c
ffa042
ff919e
ffd51a
007162
014cf2
023548
02ee28
034332
0317a4
02712a
01787c
006ffc
ffa338
ff52ae
ffa26e
008fcc
01ef5c
037650
04ce7c
05acd0
05e47a
057424
0488a6
0372e4
0292ba
023bbc
029cf4
03b35e
0548c8
070012
086e02
093844
09317c
0868c2
07271c
05dce8
05036a
04f964
05e646
07ac5c
09ed3e
0c222c
0dc178
0e63da
0de1d4
0c612c
0a4a94
082b18
068d08
05d1c2
0616de
072fca
08b4fa
0a23e6
0b05fc
0b123e
0a4180
08d078
072bf2
05cd90
051736
0537ae
061ee8
078406
08fb18
0a1466
0a7b8e
0a0d22
08de4a
0734d8
0570d0
03efb4
02f2f6
029020
02ae74
0311de
036e9c
03804e
031d7a
02422e
0110b2
ffc730
feacea
fdfe16
fddc16
fe446e
ff117a
0004ca
00d702
014a10
01398c
00a3e8
ffa9a4
fe83ae
fd7318
fcaebc
fc5398
fc5bf2
fca11c
fce7b0
fcf21c
fc93be
fbbff4
fa90c2
f9415c
f81d4c
f76a2e
f753c4
f7de24
f8e2ca
fa1b0a
fb347c
fbe8e4
fc1306
fbb8ce
fb0800
fa4780
f9c096
f9a658
fa0546
fabfb8
fb96b4
fc3cd2
fc6ed6
fc0ad2
fb1d12
f9dd0a
f89d36
f7b536
f76a7c
f7dc92
f8fbfe
fa8f10
fc4334
fdc474
fed254
ff4e0e
ff4064
fed3e8
fe4568
fdd14e
fda38c
fdcd78
fe43f2
fee4aa
ff81b0
fff014
0013c4
ffe5a4
ff74da
fee2de
fe5a6c
fe044a
fdfd34
fe4f94
fef2a0
ffcc60
00b688
018764
021baa
025d54
024758
01e6ea
01597e
00c66e
0054d2
002136
0036e0
008d04
0108d0
018482
01d938
01e9a8
01ab44
012a20
008694
ffee5c
ff9198
ff9614
000caa
00eaf4
020b34
033472
04285a
04b17e
04af38
041cd8
0312dc
01c1f4
0067fc
ff410a
fe7a36
fe297c
fe4b5a
fec610
ff72a2
002850
00c73e
013f20
019090
01c934
01fcae
023bb4
028c6c
02e74e
033a52
036f6a
037392
033d90
02d26a
02454c
01b29a
01378a
00e91a
00cd9a
00dab4
00f89e
010a36
00f716
00b2d4
0040ae
ffb38c
ff2914
fec05c
fe903e
fea19c
feee4a
ff637e
ffe708
005ece
00b87c
00ed62
0100ae
00fa3e
00e188
00b9fa
008190
003240
ffc61a
ff3c1c
fe9bb2
fdf56a
fd5fcc
fcf166
fcb9e6
fcbc24
fceb9e
fd2f2a
fd678e
fd777c
fd4b7a
fcdfa0
fc40ce
fb8912
fad864
fa4c32
f9f7d0
f9e008
f9fb40
fa3628
fa7a76
fab522
fadad2
faea00
faea54
fae8ea
faf2ac
fb0f46
fb3ee0
fb7a60
fbb526
fbe014
fbecf4
fbd19a
fb8a6e
fb1c20
fa9342
fa0214
f97d8c
f91a66
f8ea0a
f8f762
f9436c
f9c310
fa607a
faffd0
fb84f8
fbd93a
fbf13c
fbd1e2
fb90a8
fb4e36
fb2dbe
fb4c1a
fbb81e
fc6d94
fd5542
fe4aca
ff26b0
ffc8a2
001f5e
002d24
0006f4
ffcd12
ff9fb6
ff9556
ffb50e
fff5b2
0041ae
007ec2
0097d4
0085e6
005414
001c64
ffff42
001844
0073f6
010aa8
01c1d4
027342
02f8c6
0338bc
032e0e
02ea4e
0291cc
0250b0
024c12
029556
03240a
03d758
047f94
04ed60
05014e
04b6a8
0425fe
037e56
02f78e
02c206
02f7b0
039326
047072
05575c
060bbc
065f64
064012
05bce2
0501a8
044a02
03cfa8
03b960
041012
04bce2
05903a
064fbc
06c7ea
06dc1e
068f42
060218
05685e
04f8ca
04dcea
0524bc
05c11e
068798
073eb8
07af12
07b2e8
07402e
066ac4
055eb8
04546c
038180
030adc
02fc6a
03484a
03cc9c
045e62
04d654
051b5c
0526ee
050336
04c4fa
04835a
044f8e
042e8a
041778
03f7da
03bb84
0354de
02c344
021624
016aa4
00e3f0
00a0ca
00b1d2
011328
01ab50
024fe8
02cf94
02ff2c
02c592
022260
012de0
0012d0
ff0344
fe2afa
fda37e
fd6e14
fd74e8
fd930e
fda070
fd7e70
fd21a6
fc95c0
fbf9b4
fb74f8
fb29f8
fb2a90
fb7196
fbe3ba
fc57fc
fca4a2
fcad0a
fc6c04
fbf69c
fb761a
fb1bf8
fb12d0
fb6fa6
fc291c
fd1876
fe03ae
feacea
fee386
fe91a0
fdc236
fc9e72
fb62e6
fa4fbc
f998a2
f9589a
f98d12
fa19ba
fad378
fb8dba
fc2696
fc8ed4
fccae4
fced42
fd0d5c
fd3e3e
fd87ba
fde490
fe4522
fe9540
fec39c
fec8e6
feab88
fe7e4c
fe5a62
fe572e
fe8386
fee18c
ff6524
fff69c
0079c0
00d59a
00fa1a
00e356
0099d8
002fa4
ffbb34
ff51dc
ff0284
fed306
fec0d0
fec326
fece54
fed764
fed740
fecc6c
febb26
feabc8
fea7f2
feb852
fee298
ff273e
ff805a
ffe2c4
004058
008a50
00b3fc
00b4f0
008aae
0039a8
ffccae
ff51ee
fed6f2
fe6572
fe0172
fda8de
fd550e
fcfe68
fca0b2
fc3ebe
fbe380
fba0a0
fb8ab4
fbb3d8
fc256c
fcdb96
fdc404
fec0d8
ffaf18
006eb0
00e9e6
011a82
010b14
00d3ba
009342
006634
005eaa
007f86
00bcb8
00fff0
013014
013952
0113c4
00c6aa
006714
001222
ffe4d0
fff42c
004810
00d950
01940e
025d90
031b74
03ba30
04318c
0485a2
04c3da
04fd34
054036
05943c
05f6e2
065c6e
06b358
06e988
06f182
06c694
066f3c
05fcb2
05880a
052d36
05047e
051c42
0575a2
0604ba
06b34e
0764e0
07fbe8
085fcc
088270
0862d6
080c38
079304
0710c0
069e8a
064f44
062c3c
063424
065be0
069192
06c136
06d8d0
06cba0
069466
063574
05b6c2
052338
048622
03e906
0352f2
02c90e
024f38
01e8c6
019962
016520
014f94
015a7e
018488
01c87e
021d70
0277b6
02ca8e
030ad0
03314c
033b38
032916
02fd90
02bbee
026648
01fcb6
017e08
00e972
004052
ff874a
fec5f0
fe0578
fd4f04
fca98a
fc1822
fb99e4
fb2b5e
fac90e
fa71c2
fa287e
f9f54a
f9e444
fa0232
fa5746
fae284
fb974a
fc5da4
fd1596
fd9d04
fdd6c2
fdb0ec
fd2988
fc4f4e
fb3e30
fa18c2
f90084
f80f0a
f751a4
f6c888
f66958
f624b0
f5ecae
f5b9cc
f58cca
f56dda
f568ec
f58848
f5cfb6
f63a00
f6b954
f73b02
f7acb4
f800d4
f831cc
f843a2
f84304
f8418e
f850cc
f87d4c
f8cb12
f934e4
f9aeac
fa2994
fa980c
faf096
fb2f5a
fb5672
fb6ce2
fb7be6
fb8c24
fba410
fbc75a
fbf758
fc3410
fc7dc0
fcd5ec
fd3f24
fdbbd6
fe4cf0
fef0c8
ffa28a
005af2
011220
01c19c
026650
03021e
039bc2
043cd6
04eede
05b79e
06959e
077eea
0862a0
092c14
09c74e
0a2642
0a452c
0a2ca8
09f008
09a85a
096eb0
09570c
096c6c
09aee8
0a1552
0a912a
0b1368
0b912e
0c070c
0c7954
0cf1f0
0d7c22
0e1f4a
0edb1c
0fa672
1070bc
11264c
11b610
12163a
1246aa
1250de
1244e0
123430
122c7a
1232f4
12428c
124ea2
124868
122410
11dd6e
117b1a
110e50
10af34
1076b6
107772
10b7e6
11300c
11cb30
126d20
12f95e
1359da
13839c
1378ce
134762
1303c8
12c1ee
128f6c
127070
125f8a
125066
123502
12039c
11bb10
1163b2
110cb0
10c740
10a0fa
109eec
10bb0e
10e54e
110842
110fce
10ef66
10a576
103af6
0fbf86
0f4364
0ed11e
0e68de
0dff72
0d81c4
0cdc1e
0c029e
0af810
09d092
08aef6
07bc88
071dc4
06e732
0715b2
078d72
082048
08996e
08caf6
0899ee
08056e
0725d0
062464
052e60
046698
03dab2
037f4e
03341a
02cea0
0228f4
012ef2
ffe5a0
fe6ace
fcecbc
fb9be8
fa9b9a
f9f668
f99a8a
f95f68
f9125a
f886e4
f7a5d2
f675f8
f51ad2
f3c9c2
f2b9e8
f2135a
f1e212
f2109c
f26c76
f2b368
f2a5a4
f21718
f0fbce
ef6b4a
ed9964
ebc76e
ea3312
e90708
e85138
e800f2
e7ed90
e7e3c0
e7b502
e743ec
e6899a
e5953a
e48660
e382e2
e2aaf2
e20fb2
e1af48
e176f2
e14998
e108bc
e09db6
e0007a
df3980
de5f4a
dd90fa
dcee6e
dc8f74
dc7d08
dcaefa
dd0dec
dd78b2
ddcbd2
dde9fe
ddc3aa
dd5b0e
dcc402
dc2050
db9906
db5574
db7280
dbfcda
dcef48
de3562
dfb140
e14284
e2cd50
e43fea
e5951c
e6d28a
e8040a
e93574
ea6d5c
ebaa74
ece3fa
ee0cd6
ef1906
f003b6
f0d358
f19a06
f27276
f37a22
f4ca30
f67070
f86aa0
faa5ca
fd01dc
ff5880
018576
036ea0
05098e
065d30
077f36
088e0c
09a948
0aea54
0c5ede
0e0664
0fd2c4
11abaa
1373e8
150f84
1668da
17741a
1830c2
18a8c8
18ee32
191826
194032
197fb4
19ed66
1a9a76
1b9030
1cceee
1e4e3e
1ffd10
21c2b8
23815c
2519c0
266fa2
276e18
280b1c
284906
2835a6
27e764
2779e4
2709d2
26afe0
267c4c
267514
269674
26d49c
271df8
275e92
27844e
278276
27533a
26f78a
26767a
25dc38
25385e
249b38
241262
23a60c
23573a
231f3e
22f06c
22b83a
226214
21dad4
211454
20085e
1eb9d2
1d33f2
1b87c8
19c808
18047c
164688
149012
12dd0a
112646
0f64f2
0d9644
0bbe30
09e762
08202c
06766e
04f384
0398ee
025e1e
0130bc
fff886
fe9d98
fd0f34
fb4910
f955f4
f74e8e
f55502
f38e16
f21964
f109ea
f06120
f00dbe
efeed2
efda86
efa678
ef2fd0
ee6226
ed3b6e
ebcb46
ea2e3a
e886be
e6f556
e59162
e46522
e36d68
e29cd8
e1e12c
e12952
e06aca
dfa450
dedcd6
de1fbc
dd77cc
dcea1c
dc723a
dc0194
db82a6
dadf04
da069c
d8f592
d7b6d8
d662d6
d519a0
d3fa0c
d31842
d2768e
d201f2
d19438
d0fbfa
d008c0
ce98d6
cca54e
ca488c
c7bd4e
c556ba
c37294
c26880
c27a42
c3c7ea
c64a12
c9d372
ce188a
d2bae6
d75682
db8ef6
df1996
e1c346
e37278
e426ac
e3f6ce
e30eb0
e1ab3e
e01588
de9ca8
dd8dc6
dd2a9c
dda08a
df0146
e13e82
e42a26
e77c6a
eadf52
edfdca
f093a2
f27ab2
f3b276
f4603c
f4c7ea
f53efe
f61c30
f7a66e
fa06e0
fd4140
013326
0599aa
0a1c0c
0e59ea
11fa9c
14baac
1674d0
1725ca
16ebee
1602d0
14bb4a
1370ac
127c9a
122b6e
12b24a
1428a0
16859e
19a220
1d3f50
2110d6
24c89e
28226a
2aedb4
2d13a8
2e9814
2f95a0
3036e4
30ad80
3128c4
31cdb6
32b1f6
33da4a
353c02
36c03a
38481c
39b172
3adad6
3ba73a
3c00b0
3bdad2
3b34c8
3a1adc
38a6a8
36fda4
354dec
33c90c
329cf4
31ec50
31c820
322bf2
32fdd6
34122a
353286
3626a8
36bd3c
36d2d6
36560e
35485a
33bbb4
31ce28
2fa470
2d6412
2b2e56
291d52
274214
25a340
243c8c
22ff4c
21d404
209d1e
1f3b42
1d9324
1b9476
193f94
16a82e
13f460
115764
0f0818
0d35aa
0bfd2a
0b617c
0b47ec
0b7b58
0bb4c8
0ba76c
0b0e94
09ba8a
07989a
04b4e2
0136a2
fd57d0
f95a8e
f57e70
f1f78a
eee924
ec64ae
ea6bc0
e8f3ca
e7eaf8
e73c6c
e6d23a
e6963c
e6727a
e650de
e61b70
e5be00
e528ce
e45374
e33f34
e1f74a
e08f1c
df1eae
ddbe00
dc7fde
db6d70
da83d0
d9b3e2
d8e50e
d7fa1e
d6d73a
d5681c
d3a522
d1953e
cf4c90
cce89e
ca8ace
c85238
c65784
c4ab20
c35562
c25818
c1b056
c15766
c14260
c16092
c19932
c1ca22
c1c92a
c1684c
c07e14
bef178
bcc5b2
ba223c
b7548e
b4c970
b2fcf0
b2641a
b35532
b5f34c
ba227a
bf880a
c59714
cba7b8
d1142a
d55528
d8177a
d946dc
d90c1e
d7c044
d5d8c8
d3d1b6
d21a98
d109c8
d0d70a
d19bdc
d3580a
d5f764
d95568
dd3eb4
e17272
e5a4ee
e984ca
ecc468
ef2786
f092c2
f1181c
f0fb0a
f0a97e
f0aa0a
f181cc
f396f2
f71772
fbea2a
01aec2
07cdb6
0d959a
125e40
15a9fa
173d64
1728c8
15c10c
138ab2
111cbc
0f0336
0da910
0d4ce4
0e016a
0fb716
1249b4
158d14
19552c
1d776e
21c606
26097e
29fdc2
2d552c
2fc2fe
310c66
311b74
300d3e
2e35c8
2c164c
2a4684
2955c6
29aafc
2b6b0e
2e6d26
324096
364328
39c322
3c24f4
3d03d4
3c4616
3a207c
3707be
3394e6
306418
2df58e
2c977a
2c5d84
2d25f4
2ea8b8
308ba4
3275dc
341dea
355058
35ef7a
35edb0
35465a
33f93a
3209fe
2f8422
2c8170
292f44
25cf26
22b14e
2028ee
1e7b3a
1dce1e
1e1c08
1f2fda
20aaa8
2213ce
22f052
22dc7a
21a204
1f45ba
1c0862
185a06
14c246
11c3b0
0fc0c6
0ee7c2
0f2954
103d00
11b146
130382
13ba54
137cea
12219c
0fb1c8
0c6362
0889c8
04823a
00a1b0
fd286a
fa3d0e
f7ee0a
f63736
f5097a
f451d6
f3fd14
f3f74c
f428d8
f4738a
f4b168
f4b6a4
f457f0
f37424
f1fe52
f004c2
edb2c0
eb4b50
e91c40
e76d20
e66e18
e62af8
e685a4
e73a1e
e7eb78
e83638
e7c49e
e660f6
e401f0
e0cd56
dd10ac
d93136
d5974a
d29956
d06b8a
cf1762
ce7d2c
ce5e8e
ce6ed6
ce6484
ce080a
cd3d24
cc04ee
ca781a
c8baf6
c6ef64
c52880
c3634c
c187c2
bf72d6
bd0646
ba3970
b726e8
b411ce
b16020
af8ab8
af05ec
b027b4
b31178
b7a364
bd7ca8
c40940
ca9a50
d083ae
d538a6
d86272
d9eb26
d9fb64
d8ed34
d73842
d55bae
d3ca0e
d2db96
d2c6f8
d3a08e
d55e50
d7de56
daed3c
de4bd8
e1b4f4
e4e3a0
e79aea
e9aee6
eb0dd0
ebc744
ec0e60
ec3532
eca168
edbb32
efd882
f32988
f7ab62
fd241e
03296c
0931ae
0eac26
131b0c
162a46
17bdf6
17f538
172188
15b59e
142fde
130452
128ab2
12f416
14498e
1671b4
193a8a
1c6584
1fb36a
22ed20
25e7a2
2884ac
2ab1b0
2c66b0
2da504
2e7702
2ef026
2f2d3c
2f52d6
2f8944
2ff65a
30b5f2
31d308
334368
34e694
36889e
37e9ec
38cb70
38fc1a
386496
370ec6
3526b2
32f40e
30cdbe
2f0a12
2def1c
2da696
2e3730
2f8442
315376
33579a
353ea4
36bfde
37a65e
37d5f6
374aea
3615ac
345392
322770
2fb506
2d1f38
2a87f4
2810a4
25da16
24026a
22a0f0
21c098
2159e0
214ea0
216a64
2168c6
2101ba
1ff938
1e2e98
1ba816
18969c
154ed6
1238f4
0fbac4
0e20a2
0d8a34
0de0f6
0edb50
100ab8
10f29c
112308
10504e
0e61aa
0b7404
07d0a0
03da64
fff6c2
fc77a6
f98c54
f73cfe
f57050
f3f804
f2a176
f14554
efd174
ee4ad6
ecc890
eb68da
ea445e
e96454
e8be14
e834ea
e7a29a
e6e380
e5e1e2
e49c70
e326ac
e1a2ae
e0361a
defd70
de019e
dd3346
dc6cb0
db7a24
da2712
d84d52
d5e1aa
d2f9e2
cfcaea
cc9ea8
c9c32a
c77812
c5df28
c4f3f6
c48ce8
c46644
c43332
c3affc
c2b162
c12db0
bf3d3c
bd1198
bae598
b8eb06
b73ba0
b5d17c
b4890e
b32d40
b18a7a
af832e
ad2004
aa96e6
a845fc
a6a384
a625d0
a72910
a9d8ae
ae21ce
b3b2d2
ba083e
c08306
c6836c
cb8350
cf2ace
d15b42
d22f6e
d1f240
d10ea8
cffbe6
cf2ad4
cef79c
cfa0a0
d1427a
d3d890
d740ec
db41fe
df91e6
e3df1c
e7da2c
eb403c
ede530
efbbf6
f0db44
f17c96
f1f502
f2a876
f3f842
f63022
f975fa
fdbfa6
02d0de
0842d6
0d94cc
1242ba
15dd70
181f90
18fb40
189d78
1765b0
15d36e
146e1c
13abe2
13dc84
151c96
175400
1a3efc
1d7f08
20b056
237f16
25b6cc
27494a
284c80
28efdc
296cb0
29f740
2ab402
2bb2a2
2cef1c
2e5850
2fd930
316132
32e8b8
347032
35fabc
3785e2
3901a4
3a4d08
3b39be
3b9618
3b3b42
3a1b72
384b72
36041a
339a9c
317102
2fe182
2f2a18
2f5e30
306188
31ed48
339e86
350bde
35dcc6
35dbdc
34ffc0
33695a
31596e
2f1f9e
2d06e6
2b4598
29f4bc
290fca
287b74
2810d0
27a950
27285a
268038
25b0ca
24c1b2
23bac8
229e94
216830
200d20
1e82d0
1cc664
1ae390
18f786
172e74
15bada
14c8a4
147000
14ab66
1553f6
16261c
16cddc
16f810
16648a
14f4aa
12b216
0fcc36
0c8d32
09495a
064c96
03ca8e
01d588
005dd2
ff3968
fe31d8
fd1404
fbbd68
fa23f8
f8568c
f6763a
f4ab38
f318ec
f1d3f4
f0dd2c
f022cc
ef86f0
eee942
ee3094
ed5166
ec4f98
eb3ac6
ea273c
e92604
e83da6
e7657a
e68574
e57b6c
e42402
e26474
e0331a
dd9c4c
dac17a
d7d2b4
d504c6
d285ac
d07194
cecc4e
cd8130
cc68a6
cb52c0
ca13ca
c88fbc
c6c136
c4ba40
c29e16
c0959e
bec1a6
bd2e90
bbcdac
ba7716
b8f44a
b71114
b4af54
b1d7d2
aec2b4
abd3e8
a98c00
a87016
a8ed06
ab3cde
af55b0
b4e58e
bb5ce8
c205f4
c824ca
cd18da
d07840
d21f98
d2340e
d11832
cf561c
cd8498
cc2d50
cbb864
cc60ca
ce31c0
d10bae
d4aeb8
d8c874
dd017a
e108ba
e49c96
e791d0
e9d838
eb7ce6
eca9a8
eda100
eeb5ce
f03f20
f289b0
f5c84e
fa0668
ff20da
04c740
0a8658
0fda3c
144574
176814
19124e
194e26
185dee
16af98
14c754
1325f2
12310a
1221b0
12fd92
149b84
16b1fa
18eb38
1afaac
1cae1c
1df6d2
1ee8fc
1fb1f2
208902
219f1a
231166
24e24a
26fa6c
2930cc
2b5736
2d4692
2ee80c
303880
3144ea
32210a
32dc60
3378f4
33e71e
340860
33b8b4
32db50
3167ac
2f7266
2d2e70
2ae508
28e6dc
2779f6
26c940
26d976
27872c
288f2a
299ea6
2a66e2
2aaf5a
2a61ba
298c90
285c7c
270df2
25dbea
24f084
245be8
24139e
23fa10
23eaf2
23c81e
2382aa
231d6a
22a81c
223506
21cd3e
2168a6
20ec36
202fa4
1f09da
1d60f0
1b3808
18b68a
162520
13e006
124192
118ac4
11d032
12f102
149aa8
165932
17b0b4
18396e
17b706
162542
13b736
10c996
0dcbd4
0b2520
091c76
07ca58
0716d6
06c396
067e96
05f86e
04f832
0367d0
0155d2
feede4
fc6af0
fa06a8
f7eb28
f62ac4
f4bf04
f38e82
f277a2
f15cb2
f02d24
eee8de
ed9d60
ec5e94
eb3d5c
ea3ec0
e956e0
e8690a
e74d46
e5da18
e3f004
e18364
dea1de
db71a6
d82a64
d508ec
d24066
cfedaa
ce10d2
cc8e8e
cb3820
c9d844
c8415a
c65920
c41e72
c1a78e
bf1982
bc9ac8
ba44f8
b81a64
b60310
b3d328
b15a84
ae792c
ab31a2
a7b44c
a46056
a1b746
a04508
a08224
a2b732
a6e8da
acd102
b3e708
bb7538
c2b778
c8fc9a
cdc334
d0cc00
d21ea0
d200ee
d0e4c2
cf50fa
cdcab0
ccc244
cc87d0
cd46f8
cf0848
d1b65e
d52542
d91992
dd4f92
e1829a
e5748c
e8f5ae
ebec90
ee5c32
f06666
f248f6
f45460
f6dd36
fa2af0
fe672c
03910c
09782c
0fc0b6
15f07c
1b8294
1ffde2
230a86
24825a
2478c6
2337f4
2133b4
1ef5a2
1d05ec
1bd4a4
1ba79e
1c90f4
1e6fc0
20f9f8
23cdac
2685f6
28cf7c
2a7858
2b7800
2bed70
2c14d2
2c374c
2c9940
2d6aea
2ebe80
3085d4
32984c
34be6e
36c01c
387144
39b95c
3a93fa
3b0b2c
3b2e08
3b075e
3a97c0
39d482
38acc8
371336
35083c
32a0ee
300826
2d7982
2b374a
297cd4
2870d4
281bbe
28651e
2918d2
29f2fe
2aaf38
2b1722
2b0d2e
2a90e8
29bbf6
28b9b0
27bb74
26ed22
266c66
26443a
266cfc
26d06a
274f3c
27c676
281476
281cf6
27cb54
271372
25f21a
246d9c
229682
2087e4
1e66f6
1c6092
1aa3c6
195a84
18a21a
1884ba
18f4c4
19cbc2
1ace54
1bb50e
1c3898
1c1ec2
1b4652
19ae58
17773a
14dd98
122f24
0fbb08
0dc176
0c6610
0ba852
0b63be
0b5792
0b3514
0ab192
0997a2
07d368
0577b4
02b9ea
ffe584
fd4a84
fb2b1a
f9acfe
f8d26e
f87bc8
f87102
f8704e
f83d7a
f7ae36
f6b05a
f54942
f38f32
f19f7c
ef9456
ed7db4
eb5f6c
e93484
e6f678
e4a52e
e24c1e
e002c2
dde76e
dc157e
da9a1e
d96bf6
d869a0
d75fb2
d6147c
d456e0
d20cca
cf3c64
cc0c46
c8bb0e
c5904e
c2c9d8
c08a00
becc5c
bd6572
bc0e3a
ba786e
b866d2
b5c390
b2ae48
af7d58
acb184
aaddde
aa88e2
ac0df8
af8670
b4bf96
bb3f9e
c2587a
c94574
cf4db2
d3e38a
d6baa0
d7d130
d76b3a
d60190
d42914
d27770
d16a7c
d156d0
d25fc2
d47914
d77060
dafaca
dec3b2
e27a70
e5dd48
e8c038
eb1034
ecd3bc
ee28e8
ef40a2
f05880
f1b3ee
f393e2
f62cd0
f99c52
fde07a
02d396
082d88
0d8aac
12790a
168a6e
196786
1ae00e
1af556
19dbf0
17f344
15b528
13a02e
122088
117cce
11cb18
12f0ae
14abd4
16a568
1885e0
1a08f2
1b0b9e
1b912c
1bbe6c
1bcd6e
1bfdd6
1c858c
1d8564
1f0412
20efa6
232472
257742
27bf12
29db94
2bb706
2d4394
2e7656
2f42b4
2f9812
2f6332
2e93d8
2d24c4
2b22ec
28b140
260712
236948
211f98
1f67ae
1e69a8
1e30ca
1eaa12
1fa8e2
20f10a
224358
236a28
244320
24c354
24f570
24f376
24de3a
24d49e
24ecb2
25301c
259ba8
262198
26adb2
2729c8
27813e
27a2a8
27801e
270f40
264946
252bb4
23b98e
21fd6a
200ba4
1e0310
1c0b7a
1a51f2
190208
183d36
18133a
187cc2
1959ac
1a740e
1b888e
1c524e
1c97e6
1c3694
1b28ce
19872a
1782c0
155a1a
134bc6
118914
102bd6
0f3140
0e7bb8
0ddb1e
0d1916
0c05fe
0a83a2
088bb2
0630de
039a4e
00fafa
fe8758
fc6bf6
fac5f4
f99fae
f8f1e4
f8a7a4
f8a322
f8c2b2
f8e4c6
f8eaa8
f8ba64
f83fc6
f76c8c
f638dc
f4a38e
f2b26a
f072b2
edf942
eb6108
e8c802
e64b10
e400a4
e1f3cc
e0211c
de7634
dcd44e
db1612
d917a6
d6bf1e
d40346
d0ef88
cda370
ca4d7a
c721d4
c44e24
c1ed9e
c0010c
be6cc8
bcfdde
bb76d0
b9a12a
b75faa
b4bc3a
b1ee1a
af55b2
ad6e04
acb572
ad9264
b03ab0
b4a32e
ba7afc
c134b2
c81c40
ce748a
d3978a
d71312
d8bbec
d8b390
d75faa
d5559e
d33eca
d1bb04
d1466c
d226f6
d4648e
d7cd42
dc0306
e08fd0
e4fc3e
e8e4fe
ec0b2a
ee5d90
eff942
f1223c
f2359a
f397d4
f5a236
f8939a
fc85c6
0167d8
06ff6a
0cf108
12cdca
18233c
1c8bb2
1fbcf4
219338
22166a
2178e6
200fba
1e4582
1c8a02
1b4132
1ab43a
1b0662
1c3040
1e029e
2030ec
226118
243db6
258732
2620ce
2615ee
2596bc
24ed84
246f28
246a12
251704
268eb2
28c63a
2b9298
2eb228
31d980
34c07e
372c70
38f59a
3a07ba
3a5f14
3a03fe
3906a2
377bfa
357cc0
332574
309622
2df14e
2b5980
28ee04
26c70e
24f2c8
237428
22443c
2155c0
209a82
20090a
1fa026
1f676a
1f6cb2
1fbf18
2068b6
21690c
22b21e
242962
25ac14
2714fc
2842d2
291dc4
2999f6
29b668
297998
28ed74
281bda
270cc8
25c6ca
24520c
22bc9e
211d64
1f94b2
1e49b0
1d6400
1d026a
1d316c
1de4a8
1ef506
2024d0
21298a
21b9bc
219c36
20b576
1f0f2c
1cd7ae
1a5954
17ec42
15e4be
14815c
13dd2c
13e906
146de0
15176a
158466
1559aa
145412
125492
0f6484
0bb276
07889e
033e7e
ff294c
fb8eb8
f89c1e
f6636e
f4dd44
f3ee7c
f36f88
f33424
f31156
f2e10c
f283b0
f1e094
f0e616
ef8a16
edcafa
ebb042
e94b24
e6b5f2
e41134
e17f10
df1d66
dcff2a
db26aa
d98308
d7f198
d643c8
d448da
d1d904
cedf2c
cb5fd8
c77b4e
c36944
bf6ef4
bbd17e
b8c708
b669f4
b4b144
b3711c
b263ca
b13a12
afafb0
ad9fa8
ab1348
a847f4
a5a90a
a3be60
a31290
a4160c
a70508
abd656
b236ec
b993ee
c13252
c84ef2
ce400e
d291ba
d51810
d5f332
d584bc
d45992
d30d54
d22e0e
d2250e
d32904
d53b5a
d8307c
dbbf40
df9392
e3601c
e6eb6a
ea1708
ece0c2
ef5eb0
f1b7c4
f41b0e
f6b7a4
f9b5ce
fd325e
013b8c
05ce84
0ad5f2
1029ce
1590b4
1ac3ce
1f75a8
235b9e
263946
27ec2e
28744a
27f600
26b5a4
250cfc
235c10
21f81c
211bc0
20dcba
2129da
21d180
228f18
231cfc
2346ba
22f66c
2239b0
213dd0
2044ec
1f96aa
1f7066
1ff892
2137e6
23198c
25714c
280588
2a9a56
2cfae8
2efef8
308bac
319154
32076c
31e90e
313414
2feaa6
2e1616
2bc9ba
2923ea
264c08
236de4
20b36a
1e3e78
1c2518
1a7022
191c70
181ee6
176a7e
16f5b6
16be00
16c870
171f1a
17cbe2
18d32a
1a2fce
1bd14a
1d9cb0
1f7034
21281e
22a3de
23c9de
2489b6
24dc24
24c1ee
2441dc
2366ca
223e30
20d7d6
1f4690
1da1a4
1c05be
1a9412
196f82
18b818
1884d0
18dd06
19b3f8
1ae7ae
1c43ea
1d8914
1e76d8
1ed8d0
1e9226
1da530
1c34aa
1a7dbc
18cbe4
176924
168de2
1653ae
16ae1e
176c24
1841d6
18d802
18de00
18199a
16718a
13f020
10be8e
0d1a8c
094956
058b96
021468
ff051c
fc6db6
fa50c8
f8a85a
f76a0e
f68932
f5f642
f59c9c
f560b8
f5209a
f4b6f6
f400a8
f2e37c
f15454
ef5a46
ed0dea
ea9476
e81808
e5be50
e39f12
e1bd36
e004bc
de4e40
dc6780
da1f3e
d751b6
d3f282
d011ce
cbdbca
c79184
c37cd2
bfe1ea
bcf0be
bab992
b927a0
b803b2
b6fef6
b5c504
b410f6
b1c140
aee5c4
abc43a
a8d0ec
a69c88
a5b9d8
a69ff8
a98fda
ae8310
b52752
bce85c
c506dc
ccb7fe
d3472e
d8335a
db423a
dc8614
dc557e
db3758
d9c780
d89a70
d82598
d8aff4
da4ce2
dce0e0
e02dd2
e3e34e
e7af72
eb4d0e
ee8cfe
f15a68
f3ba52
f5c7ec
f7aec6
f9a3b8
fbdd74
fe8d8c
01da12
05d714
0a80da
0fb8aa
1544ba
1ad400
200664
247956
27d76e
29e842
2a9c66
2a1258
289318
26865e
246054
228cbc
215b64
20f1f2
214658
2223b2
23386c
242abc
24aedc
249922
23e7e0
22c2e4
217192
204ab6
1fa20c
1fb784
20abbe
227bde
2504be
280bdc
2b4ba6
2e7fa2
316d7c
33e942
35d54c
371f0a
37bac4
37a0c0
36cd64
354410
3312ca
3054cc
2d3286
29ded0
26914a
237eda
20d25a
1ea73a
1d072a
1beb6e
1b4200
1af462
1aee80
1b23da
1b90ce
1c3810
1d1dea
1e42ec
1f9f84
212258
22b208
243148
258478
2696ae
275c4c
27d2f8
27fece
27e57c
2789ba
26e972
25fe86
24c21a
2332a6
215a56
1f52dc
1d450a
1b638e
19e11a
18e444
187c76
189af4
19128e
199f40
19f424
19ccc8
18fde4
178186
157ad6
132ffe
10fb44
0f36d8
0e27f0
0dee2a
0e7b3c
0f94b6
10df1a
11f030
126454
11f1d0
1075de
0df890
0aa78c
06c9b2
02af8a
fea3e0
fae038
f786fc
f4a408
f23216
f022ae
ee65be
ecee40
ebb32c
eaadba
e9d628
e91ff6
e877c8
e7c47c
e6eb78
e5d694
e479dc
e2d768
e10034
df112e
dd2bf4
db6cce
d9e0ea
d87f96
d72930
d5ac5a
d3d10e
d166c0
ce5272
ca98ca
c66162
c1f22e
bda2de
b9caae
b6ac50
b464f8
b2e31a
b1e85a
b11736
b009ae
ae6c4e
ac1768
a91fe8
a5dac8
a2d206
a0ac88
a00d3c
a17052
a50ecc
aacec0
b2435e
babcd8
c3657e
cb662e
d20ac8
d6deac
d9bbe2
dacb52
da775a
d953bc
d8009c
d70ea8
d6e950
d7c9f0
d9b530
dc81f0
dfe736
e38db2
e720ec
ea5d36
ed19bc
ef4dd0
f11090
f293e0
f41c12
f5f4e2
f86548
fba3e8
ffcd64
04dd9e
0aadc4
10f75a
175bc8
1d7028
22cb9e
271598
2a11f4
2ba972
2bed2e
2b13e4
2970d4
276658
25568e
2394de
225a10
21bcf8
21b146
220c90
22903c
22f6aa
2301ea
228980
2183bc
2008dc
1e4fac
1ca4d8
1b5e52
1accda
1b2db2
1c9f02
1f1976
2270ba
265a1a
2a77c4
2e66e0
31cdf4
3468ac
360e88
36b436
366896
354e44
339354
316828
2ef7b6
2c62c4
29bf1a
271a0e
247d16
21f2ae
1f89bc
1d565e
1b6ff6
19ecee
18de46
184c14
1833aa
188820
193584
1a2590
1b4494
1c853e
1de25a
1f5da4
20fbb2
22be3a
249e28
268824
285c5a
29f158
2b1a20
2baeb0
2b94d8
2ac6d2
295632
276ace
253e08
23128a
212958
1fb634
1ed636
1e8a9c
1eb84c
1f2c74
1fa5a0
1fe006
1fa2b2
1ecb52
1d5674
1b6276
192bdc
17030e
153d1a
1422f4
13e24c
14830c
15e398
17bd52
19b026
1b527a
1c42c6
1c378e
1b0ac4
18be36
1578b8
117cec
0d1c82
08aaa0
046fc8
00a132
fd5d5a
faad7c
f889d8
f6de7e
f5902c
f480c4
f3926c
f2a9a6
f1aea4
f08e5c
ef3be0
edb18e
ebf19c
ea05b8
e7fe24
e5ef8a
e3ef32
e20e30
e05478
debcfa
dd3426
db990e
d9c192
d781e8
d4b62c
d14b4a
cd45cc
c8c5b0
c4051e
bf50bc
bafae8
b74c42
b473ca
b27ade
b140a8
b07ede
afd82a
aeedf8
ad792c
ab604a
a8c584
a607a8
a3b496
a26fb6
a2d09a
a540c0
a9e102
b07cec
b88e84
c152e0
c9ec1c
d188ce
d788a8
db9752
ddb80c
de3fe0
ddc062
dce83e
dc6066
dcad96
de1be0
e0b698
e44d7e
e88530
eced34
f11738
f4ab2e
f774f2
f96a60
faa9c4
fb717c
fc13b6
fce914
fe4396
00633c
036e0e
076b7a
0c4290
11bba6
1785b0
1d3e84
227dd8
26e286
2a1fea
2c0950
2c991c
2bf280
2a5cb8
28380a
25ee12
23dfe8
225514
216efa
212392
214110
2179f0
21772e
20ed0a
1fadd6
1db65c
1b30be
186d80
15d4d6
13d31e
12c3ec
12e008
1432a6
169822
19c602
1d5a3e
20edd0
24262a
26c1e2
289e8a
29b6c2
2a1a66
29e472
293150
281806
26a7b6
24e92c
22e2ee
209ea6
1e2df8
1bac5a
193d74
17086e
1530e8
13d068
12f2b4
1294f2
12a778
1312d2
13be28
1494b4
1589a8
169966
17c7c4
191d08
1aa292
1c5efe
1e530e
2077ec
22be2c
250dee
2748c4
294c60
2af5ae
2c2516
2cc378
2cc686
2c346a
2b258c
29c30a
28414a
26d786
25b526
24f740
24a154
249af0
24b3a4
24ad5a
244b3c
236174
21e206
1fe35a
1d9e34
1b635a
198aa8
185f08
180c6e
18946a
19cb60
1b5f9c
1ce8ca
1dfbac
1e3d9c
1d74fa
1b9210
18ae6a
15044e
10e144
0c9626
0868ae
0489ce
0111ea
fe025e
fb4b5c
f8d3a8
f68052
f43aa6
f1f330
efa270
ed47f8
eae87a
e88b26
e637c6
e3f5b6
e1cae6
dfbb8a
ddc9c6
dbf4cc
da3780
d8876c
d6d42e
d50780
d306ac
d0b6a4
ce021a
cadf56
c754a8
c37a82
bf7a7a
bb8a26
b7e2d2
b4b714
b22802
b03bec
aed95a
adc8b2
acbdc2
ab67c8
a984f0
a6f5a0
a3cb00
a04ca0
9cf2dc
9a55b2
991316
99b15a
9c8364
a193f2
a89d12
b10ecc
ba2488
c304b8
cae496
d129a2
d581fc
d7eece
d8bfa8
d880aa
d7deac
d786f4
d808e4
d9bed0
dcc1a4
e0e996
e5da8a
eb1870
f01f40
f47ad6
f7da8c
fa1d8a
fb561e
fbc4da
fbcd44
fbe524
fc80fe
fe01a0
00a5fa
048232
097ccc
0f527c
159fc0
1bee66
21c4ca
26b5ac
2a6f12
2cc55a
2db834
2d7102
2c3b90
2a79c8
289424
26e90c
25be18
25352a
254776
25c7c4
266c14
26dd02
26c87c
25f44a
244bbe
21e614
1f0488
1c087e
1962e6
1780c6
16b89a
173b6c
190c52
1c0014
1fc57e
23f40e
281d56
2bdd7e
2ee7d4
310db2
323f10
3286ae
320370
30e014
2f4b28
2d70f6
2b7772
297b94
2790f8
25c396
2419f8
2296b8
213932
1ffe96
1ee328
1de3e0
1d00c4
1c3f2c
1baade
1b551e
1b523c
1bb640
1c9116
1deb1a
1fc292
220ab8
24ac08
27857e
2a6f0e
2d3ce2
2fc2c8
31d7e2
335a34
343190
34529a
33c1e6
3295f8
30f67c
2f1880
2d380e
2b8f4e
2a4b98
298358
292fce
292c5a
293bf2
29149a
286f56
2718ee
250024
223d86
1f127a
1bdeaa
190e56
1704d4
16079c
162e66
175c38
194306
1b70d2
1d6378
1e9fd8
1ec79e
1da8d0
1b43ec
17c886
138988
0eebf4
0a53ee
061454
026390
ff56b8
fce360
fae6a8
f92fb2
f78ada
f5cb5e
f3d23e
f191b8
ef0da8
ec58c2
e98fb2
e6d372
e44390
e1f99c
e005f4
de6de2
dd2ac8
dc2a9a
db5084
da7646
d96ed6
d80af4
d61f36
d38b4a
d0416a
cc4bdc
c7cf30
c30862
be460a
b9dd2a
b61aa0
b333b0
b13926
b01106
af7828
af0d12
ae63da
ad1f40
ab0958
a82644
a4bc5a
a14eb6
9e8a60
9d2862
9dc9b6
a0d508
a65dd2
ae19c6
b7672a
c164a6
cb1616
d38efc
da1a52
de5818
e04b1a
e05462
df1dca
dd7838
dc344c
dbfd0c
dd3aea
e0051c
e42348
e91da4
ee5778
f32ec6
f71ae4
f9c3de
fb0fbc
fb2436
fa5db2
f93dc4
f854c6
f82a66
f92912
fb8efe
ff6668
0485c0
0a9710
11248c
17a7fa
1d9bcc
228be2
262414
283ae0
28d670
282a90
268f9a
247388
224760
206c5c
1f2410
1e85f4
1e7c68
1ecab4
1f1b00
1f1156
1e6054
1cdb1c
1a80b2
177dfa
14264e
10e4fa
0e2aba
0c5ad0
0bbaf6
0c698c
0e5ad8
115d64
152440
195482
1d927a
218c0c
24ff06
27bb9c
29a3f2
2aaa98
2ad162
2a2936
28d146
26f534
24c9f8
2288c4
206842
1e956c
1d2d72
1c39b8
1baea0
1b6eb6
1b5214
1b30ae
1aecf4
1a7c2c
19ea68
1958cc
18f702
18f8de
198b0a
1ac9ae
1cbb10
1f4e2e
225dca
25b692
291ebe
2c5d94
2f4178
31a376
3368aa
348290
34ee3c
34b398
33e5aa
32a2c4
3112e6
2f6414
2dc4c8
2c5c2c
2b41ba
2a76dc
29e436
295cfa
28a7ae
278aee
25dbfe
238c68
20b266
1d897c
1a6a28
17b9ba
15d592
14fef2
154b50
169cb0
18a400
1aedde
1cf672
1e4078
1e6b1a
1d41e2
1ac3aa
171fcc
12aa2c
0dc8e8
08e032
0440cc
001c30
fc80ea
f95ed8
f69096
f3e7ea
f13a88
ee6b6c
eb6fc2
e84f70
e5211e
e202a4
df1170
dc648a
da0864
d7fe30
d63e2c
d4bb48
d366bc
d23204
d10e48
cfea40
ceb038
cd44b2
cb8772
c9589c
c6a008
c354f2
bf8498
bb5580
b704ae
b2dcf8
af2966
ac249e
a9e960
a8699c
a76e60
a6a1c0
a5a228
a41bb2
a1e142
9eff62
9bc3f4
98b7bc
968964
95edb8
977ae0
9b86d0
a21098
aab970
b4cfbc
bf6ae8
c9929c
d268c4
d94e60
ddfc94
e08cb0
e16dfa
e14c82
e0ee0e
e10c4c
e23350
e4aab6
e86d6c
ed3064
f27572
f7a666
fc32d6
ffaad4
01d244
02aa5a
02704e
01922e
009c48
002218
00a6be
02882c
05f06e
0acf7a
10de9c
17ab90
1ea98e
254632
2aff12
2f7466
327594
34059a
345736
33c12c
32ad1a
318376
3098ac
301ec6
301e1c
307600
30e51c
3117ce
30b9b0
2f8786
2d5e02
2a4228
2661e0
220d74
1dab58
19a8d4
166a58
143dca
135106
13adb0
153a84
17c16c
1af9b4
1e9348
224086
25bdce
28d5f4
2b631e
2d4e02
2e8c58
2f1f0c
2f10cc
2e74ce
2d64d0
2bfec8
2a623e
28ac88
26f548
254c54
23b89c
223856
20c3e0
1f52ae
1de0ac
1c72fa
1b1a9e
19f3c4
1921f2
18c9fc
190ada
19f71a
1b9136
1dcb1e
20884a
23a1fe
26ecfa
2a3e94
2d7024
3060e4
32f646
351b90
36c19a
37dece
386f9a
38780c
38051c
372c3a
3608e6
34b87e
33544e
31eb76
307ee2
2f0008
2d5384
2b57b4
28edfa
2604d2
22a04c
1eded8
1af8d6
173a2a
13f618
11787c
0ff75e
0f86f6
1012e8
115f28
130fdc
14b6d8
15e4dc
163b4a
157ac8
138ca2
1084cc
0c9c30
082472
03771a
fee412
faa3ea
f6d060
f36318
f03b9a
ed2b32
ea02d6
e69f5e
e2f260
df0626
dafae8
d6fe6c
d34154
cfec56
cd174e
cac552
c8e6ac
c75f0c
c60d30
c4d1fe
c394e2
c2450c
c0d756
bf4208
bd7a08
bb7336
b922a0
b682aa
b39978
b07e4a
ad5a1e
aa62b4
a7d0ae
a5d1b0
a479d2
a3b966
a35b08
a30be4
a26dd2
a13028
9f294c
9c6a5e
99478a
9651c4
94416a
93d490
95a81a
9a1468
a115ae
aa4514
b4e538
c00104
ca96b0
d3c4d8
daf0b4
dfdf16
e2bac0
e4066a
e47e64
e4f164
e617ac
e87080
ec2c6c
f1287e
f6f9f4
fd0716
02a776
0744fe
0a7796
0c16d0
0c3f64
0b4c32
09c51e
08474a
076b56
07ad7a
095aec
0c8784
110d7a
1695fa
1ca7b4
22b97e
2846d2
2ce274
30442a
325050
3318e6
32d766
31e062
30931c
2f489c
2e452a
2dad90
2d820e
2da060
2dcbe2
2dba0e
2d2152
2bc822
299156
26830a
22c660
1ea118
1a6b58
16831a
133f28
10e442
0f9db0
0f79be
106a5e
1249ba
14e13a
17f150
1b3886
1e791e
217cc4
241686
26247e
2791e6
285882
2880a6
28201e
275766
264d02
2526f2
2403ba
22f582
21ffac
2116a0
20229a
1f06aa
1da9f2
1bfff4
1a0f12
17f384
15dd62
1409b8
12b89e
12222a
126c76
13a504
15be7a
1892de
1be97c
1f7f96
2311ee
26651c
294b36
2ba6d6
2d6b4a
2e9a4e
2f404c
2f708c
2f422e
2ecde0
2e2b12
2d6d32
2ca1d2
2bce9e
2aef06
29f37a
28c324
273f32
254828
22c526
1fabe6
1c079c
17fd02
13c9a2
0fbdba
0c3126
097534
07c5da
073d18
07cb34
09367a
0b2288
0d1da0
0eb25e
0f7b0c
0f3274
0dbe7c
0b3214
07c686
03ce6a
ffa42a
fb9722
f7dcf0
f48a66
f193ba
eed344
ec15ea
e929d6
e5eb70
e24e4c
de5fd4
da4386
d62b0a
d24bfe
ced506
cbe55c
c989a2
c7bd56
c66f3c
c586d0
c4e8b8
c47946
c41d74
c3b9e2
c33104
c263a6
c134d8
bf8f52
bd6bb8
bad6d2
b7f494
b4fd48
b234e4
afdd48
ae25ec
ad1d96
acaa74
ac8b7a
ac64ca
abd5b0
aa92c0
a87e94
a5baf2
a2ad26
9ff31e
9e4a56
9e6c3e
a0e7bc
a600f6
ad9e40
b74666
c231ac
cd6a98
d7f832
e10876
e81298
eceb02
efc57a
f124f8
f1bd40
f24dd2
f37d1a
f5ba2e
f92ad8
fda8e0
02ce20
080ba8
0cc73a
107914
12c56a
138d60
12f45e
1159ac
0f486c
0d60dc
0c3e1e
0c5cf6
0e07ec
114bfc
15f79e
1ba44a
21c7d4
27caf6
2d217c
315f2e
34462c
35ccac
3619ee
357ae8
345146
330018
31d98c
3111e0
30b8f2
30ba88
30e4c6
30f39e
309e7a
2fa5ae
2dddd2
2b3792
27c30c
23ae32
1f3e86
1ac86e
16a5f6
132d26
10a672
0f44c2
0f202e
103386
125cfc
1561c4
18f486
1cbe6e
206968
23a934
264320
28143c
2914f6
295856
290710
285728
2781ae
26b818
261ade
25b36a
257396
253a4c
24db32
242898
22feb6
214d4e
1f1d84
1c9296
19e5bc
175da6
1543d2
13d946
134c8e
13b392
1509da
17327a
19fcf4
1d2c82
20800c
23b990
26a444
2918be
2aff76
2c5184
2d170a
2d63b0
2d528c
2d015c
2c8b50
2c03cc
2b7256
2ad0b2
2a0bae
2905e6
279cb6
25af26
23254e
1ff620
1c2b60
17e2ea
134d36
0ea914
0a3cb4
064cf6
0314fc
00bec4
ff5cee
fee72e
ff3a7a
001d14
01455e
0262f2
032950
035a60
02cf16
017c32
ff726e
fcd962
f9e67e
f6d104
f3c5b6
f0dda2
ee1a7e
eb680e
e8a286
e5a15c
e243ac
de7ad2
da50da
d5e8d0
d17902
cd4104
c97d72
c65b6c
c3f01e
c23694
c1133a
c05b80
bfdfc6
bf74cc
befa36
be5d28
bd96d0
bca86c
bb9750
ba69d6
b9259c
b7d026
b671aa
b51770
b3d3b2
b2ba6c
b1db1e
b138ea
b0c41a
b0573c
afba58
aeae2a
acfdc2
aa91c4
a780fc
a419f0
a0e0de
9e8052
9dae62
9f0ae2
a2fd9e
a99c14
b29ca2
bd5b4e
c8f0e4
d4582e
de9a16
e6f806
ed0c30
f0d8fe
f2c4c0
f3828c
f3ed18
f4db36
f6f606
fa9908
ffc1e2
0612ce
0ce678
1370f6
18e6ce
1ca334
1e46c6
1dc92e
1b7a9e
17f622
1407aa
108a2c
0e43bc
0dc5c2
0f5680
12e7a0
181b0e
1e54da
24d5f6
2adb5e
2fbca6
3304be
34813c
34466c
32a76e
3023c6
2d4e62
2ab2d2
28bd4a
27a972
277aa8
27fe3a
28d736
2990ea
29b460
28dd80
26ccf4
2372e8
1ef152
19962c
13cf52
0e1abe
08f652
04d0aa
01fce4
00ab5e
00e70e
029686
0580b8
0954c6
0db346
12383a
1684a6
1a4742
1d440c
1f5a2c
2086b6
20e360
20a19c
2001a0
1f46a0
1eaa6a
1e52e0
1e4b5a
1e83b8
1ed532
1f0af2
1eed9e
1e5046
1d1b78
1b5370
19195c
16a782
1448f4
124df8
10ffbc
1095dc
112fae
12d1a0
156582
18bdfc
1c9c9c
20b90a
24c8b8
2886b2
2bba86
2e3d6c
2ffd56
30fdb0
315578
312b06
30adc8
300e60
2f7612
2efec6
2ead0e
2e6dc0
2e1804
2d73ca
2c43c6
2a511e
27776a
23aed6
1f1202
19de50
146e52
0f2e98
0a8e30
06edb0
048f2a
038a3e
03c790
050434
06dbe0
08d8c8
0a8678
0b83d0
0b90e8
0a9674
08a578
05f01e
02bd44
ff5882
fc0246
f8e438
f60c4e
f36db8
f0e6ba
ee4a9a
eb6da0
e82fdc
e484c2
e07628
dc22b8
d7b89c
d36dd4
cf76c0
cbfd02
c919f4
c6d52a
c525c4
c3f64e
c3298e
c29f20
c2371c
c1d46c
c15d64
c0bc74
bfe182
bec316
bd5ff6
bbc1be
b9fe9e
b83816
b69696
b5424e
b45944
b3e4f6
b3d2f4
b3f392
b40062
b3aa92
b2aec4
b0ea3a
ae6c44
ab7f48
a8a58a
a688de
a5df14
a74800
ab2cc8
b1a714
ba751e
c4fef6
d06d4a
dbcc36
e63310
eeeaa4
f58a84
fa06dc
fcaca2
fe0e2e
fee458
ffea00
01b80c
04a92a
08cad4
0ddd76
136212
18b340
1d251e
202630
215b52
20b1d2
1e6520
1af758
171d8e
13a258
1143c6
109338
11dd24
151c6a
19fb3e
1fe204
2611b4
2bc43c
304cfc
33343a
344904
33a610
31a8da
2edc9a
2bddda
293c9e
27629e
26813e
268b0c
273968
281c64
28b1d2
287e2a
272312
2470a2
206e26
1b5766
15908c
0f9560
09e73a
04fb74
012d9e
feb7d6
fdb180
fe127c
ffb8f0
027050
05f860
0a0b38
0e6172
12b4c0
16c28c
1a501c
1d3002
1f47b0
209382
212808
212f1e
20e096
20775e
20259a
200af4
202ebc
207e30
20d0ce
20f2bc
20b216
1feb2c
1e9236
1cb8ba
1a8c9a
1850bc
165230
14dc34
142d48
146ec4
15b034
17e698
1aeecc
1e91fc
228b96
269052
2a55a0
2d98ec
30266a
31de8e
32b920
32c63e
322cd0
312486
2fec18
2ebddc
2dc4a6
2d122c
2c99a6
2c30ca
2b9764
2a8364
28aeea
25e692
221656
1d5190
17d3b4
11fa1c
0c37e4
07056e
02ce0e
ffdf12
fe5bd4
fe3852
ff3aa8
010344
031b3e
05062a
0654ca
06b57a
05fed4
043314
017c8e
fe22fa
fa7b5c
f6d70c
f37470
f073d2
edd3be
eb7528
e9249a
e6a71e
e3c8e4
e0698a
dc8340
d82c88
d39412
cef7d8
ca99d2
c6b4a0
c372ea
c0eb26
bf1f5c
bdffd2
bd7010
bd4cb0
bd6fb2
bdb2f0
bdf1c2
be0a5a
bddf0a
bd5868
bc68f6
bb112c
b96270
b77f9e
b5999e
b3e732
b2991a
b1ccf2
b181d4
b192ac
b1b884
b195da
b0ca16
af0aba
ac3c24
a88422
a450d0
a05098
9d5b22
9c4e58
9de59e
a29318
aa6442
b4f756
c18444
cef936
dc263c
e7ef20
f179d8
f85118
fc741c
fe50b8
fea9b8
fe6e98
fe8c4a
ffc09c
02786e
06be28
0c3b5a
124ca4
182300
1cec6e
1ffc78
20ec8e
1faefe
1c9310
1838d4
1376de
0f3718
0c5094
0b642e
0cc2a2
106026
15d70e
1c792e
236d0e
29d18a
2ee202
321526
3330da
325032
2fdad2
2c6f44
28c3f8
258566
2337e4
22219e
223fda
234a28
24c290
260e14
269122
25cbda
23709a
1f70fe
1a005a
138b86
0ca7f0
05fe42
00339a
fbd3ce
f94098
f8a82e
fa02c8
fd16c2
018316
06cdea
0c7478
11fadc
16f9bc
1b2802
1e607a
20a2d0
220f72
22df30
23581a
23c07a
2451b8
252dfc
265a36
27bd52
2924e8
2a4ed0
2af5f2
2ae02e
29eb56
28162a
258376
227740
1f4dde
1c6e4c
1a3aa8
1901d4
18f418
1a1d0e
1c63b6
1f8fc4
2352d6
275460
2b3d78
2ec338
31ae7e
33dff0
3550c4
3610f4
3642d6
36149e
35b974
35626c
353680
354ad6
359d5e
3611f0
3672d0
367678
35c9f4
341e66
31381a
2cfcb2
277d88
20fb8e
19e336
12bf9c
0c26fc
06a418
029faa
004ed4
ffaa8c
007102
0230ce
045c66
0661b6
07c152
0821fc
075c6c
057d06
02bc14
ff6eec
fbf4f2
f8a474
f5ba78
f35044
f158b0
efa548
edf154
ebf0b8
e95fde
e6114e
e1f71c
dd26a8
d7d634
d25498
ccfccc
c8272e
c41bb0
c10762
bef74e
bdd91c
bd810a
bdb2f8
be2d10
beb18e
bf0df6
bf1f2e
bed27e
be23f2
bd1bb4
bbcb78
ba4c9e
b8bee0
b74656
b607c2
b522fa
b4ab1e
b49de0
b4dd40
b52e70
b53f34
b4b350
b33952
b0a22e
acf67c
a883ca
a3dca8
9fc9c0
9d2cd0
9cd95a
9f6b64
a525d0
addf32
b90150
c59d9a
d2934c
debf84
e92de8
f14024
f6c476
f9f7a8
fb72e2
fc08f6
fc9b2a
fdedee
0084e2
048c98
09d600
0fe27a
15fd64
1b5e54
1f4ddc
21463a
210b38
1eb5c4
1ab17e
15ad5a
1081b6
0c0f12
091aa8
082f22
098694
0d0120
122a96
184e10
1e93ce
242510
284fe6
2aa3bc
2b01ce
299f12
26f6e4
23b0a8
207ea2
1dfc3e
1c91d6
1c6306
1d4aa0
1ee45c
20a1a2
21e53a
221fe2
20e93a
1e118c
19a944
13fcde
0d881a
06e380
00af5e
fb7fc6
f7cbd4
f5e1ba
f5e08a
f7b88c
fb3034
ffec5a
057b72
0b62ac
112afc
166d2c
1adc0c
1e4c24
20b7de
223eba
231ec4
23a988
24359e
250e90
266644
284ab6
2aa244
2d2f7e
2f9bcc
318780
329ca4
32a09c
3180f6
2f5944
2c7094
292ec4
260c20
237e5c
21e5f4
217fe2
225e0c
246680
275958
2adc18
2e8866
31fbb4
34e4f2
370dec
386050
38e66c
38c6ac
383ab2
37842a
36e0f2
367fba
3676c6
36be1c
372ece
37876e
3774fc
369f88
34b910
318bb2
2d0448
2738d4
2069be
18fc6a
116f82
0a4b08
040e56
ff1e7c
fbb768
f9e2c6
f97624
fa1910
fb5280
fc9afe
fd7138
fd6dec
fc53c2
fa1790
f6e00c
f2fc5c
eed328
eacdf6
e7448a
e46bb8
e24bba
e0c022
df80b0
de313a
dc75da
da0612
d6bafe
d296fe
cdc51e
c89070
c3564a
be761c
ba416c
b6ef52
b4968a
b32dca
b2915e
b28c34
b2e262
b35aee
b3c6e4
b404ba
b40102
b3b570
b32660
b2602c
b17520
b07c6e
af9104
aecfa0
ae533e
ae3012
ae6d6e
aeffe6
afc59c
b086a8
b0fad4
b0d5ae
afd794
ade0de
ab028a
a7880e
a3f734
a10390
9f7650
a00d7e
a358ea
a99bb6
b2b8a6
be2e5e
cb25a6
d89042
e5530a
f073f6
f942d6
ff74fc
032e32
04f570
0597de
05ff88
0705ce
094996
0d11c2
124140
185e50
1eabcc
244ee8
287a0a
2a948c
2a5896
27e170
23a80e
1e6f08
1921b0
14abf2
11d2dc
1114f8
129768
162294
1b2eec
20fef4
26c13a
2bb388
2f4152
3118e8
31343c
2fd3aa
2d6d0e
2a933e
27da38
25bcd8
248898
245222
24f3ce
26160e
27400c
27ece6
27a240
260514
22e998
1e5b3e
189bf6
121bf0
0b6b4e
05274c
ffe5ee
fc2350
fa32be
fa35c4
fc1a68
ffa072
04641e
09ecb0
0fbc3a
155e6c
1a74a4
1ebe7e
221e1a
249840
265002
277e96
2868e2
295364
2a7624
2bf2ca
2dce6e
2fef88
32211e
341b46
358faa
36384c
35e5c2
348a24
323ed6
2f43e8
2bf80a
28ca8e
262a62
2474ea
23e77c
24966e
266b4e
2929cc
2c7a5c
2ff8d8
33445a
360d2e
381e7a
396336
39e5e2
39cb20
39489a
389a50
37f74a
3787b4
375d5a
376ffa
379d2e
37ac14
375454
36483c
34410a
310b56
2c9228
26e6b8
204310
1906a8
11ac8e
0abb64
04b1a4
fff1d6
fcb1d8
faf09a
fa7584
fad9d6
fb9a36
fc2d9e
fc1d68
fb1a1e
f90876
f60358
f25290
ee5980
ea814a
e72224
e470f6
e275f6
e10d68
dff162
deca60
dd42bc
db17ee
d826ae
d47030
d017b8
cb599c
c67f44
c1d244
bd9100
b9e6dc
b6e922
b498b6
b2e6b4
b1ba44
b0f64e
b07e62
b03932
b01052
afef34
afc2ca
af79ac
af0560
ae5d86
ad83b6
ac8634
ab80cc
aa9a9a
a9ff86
a9d648
aa34f0
ab16ae
ac5556
ada9de
aeb58c
af13d6
ae722e
aca880
a9cccc
a63d08
a29b0a
9fb8e6
9e783a
9fa22c
a3bf14
aaf664
b4ff28
c124f0
ce610a
db84ba
e76c64
f13146
f85038
fcbdec
fee446
ff89f0
ffa928
003d4e
021164
059908
0adb46
117322
18a528
1f84dc
2522fc
28bbe8
29dca4
287822
24ea6a
1fe8e4
1a62ee
15588e
11af16
100ae2
10b588
139480
18313c
1dd080
239484
28a3c0
2c4d86
2e25dc
2e1486
2c5556
296952
25fbc8
22c154
205672
1f22aa
1f4616
2094ba
22a006
24cc76
266ee4
26ec28
25d5a8
22fdba
1e7f4e
18b864
12399c
0badde
05bef0
00fcf2
fdcc58
fc5c78
fca830
fe7f0e
019314
05880e
0a01ca
0eadf6
13493e
17a0b2
1b9096
1f0292
21ecb2
245162
263f88
27d212
292da8
2a7b32
2be082
2d7826
2f4990
314450
334082
350416
364cce
36ddea
368dee
35510a
333eb6
30911c
2d9dda
2ac934
28768c
26f8d4
2685de
272e54
28daee
2b4fe2
2e3610
3127fc
33c0bc
35aac2
36ac68
36b008
35c6fe
34266e
321dd6
3008c4
2e3e40
2cffd0
2c6b54
2c72d4
2cdc18
2d4822
2d4284
2c55e8
2a21a8
266cd0
213332
1aa9d6
1339d2
0b71d0
03f032
fd4a76
f7f658
f4377c
f2158c
f15d38
f1ab28
f27e18
f34d98
f3a134
f32318
f1abd8
ef458c
ec25b8
e89f8c
e511a4
e1d2e4
df2204
dd1a9c
dbb172
dab8e0
d9eb58
d8f99e
d79a78
d59884
d2db14
cf6990
cb6a1e
c71ab4
c2c65a
beb936
bb3512
b867aa
b66528
b5279a
b492c0
b47b22
b4ae72
b4fb82
b53912
b54a26
b51f1e
b4b4be
b4120a
b34532
b2611c
b17c98
b0b1de
b01d72
afdc68
b00820
b0aefa
b1cc7c
b34348
b4dab6
b642ee
b72106
b721d2
b61042
b3eb06
b0f346
adaf50
aade9e
a95ee0
aa05de
ad77fa
b4034c
bd87c4
c972d6
d6d142
e474e4
f12750
fbdf6c
03ef3c
09210a
0bbd92
0c7980
0c4e9c
0c48b0
0d4fec
0ffb48
147414
1a6ff0
2141d0
27fe2c
2daa7c
316e2c
32bc7a
316f9a
2dd042
2888d6
22878a
1cd510
18676a
15f94c
15ecd0
183e2a
1c87ec
2217a0
280e36
2d866e
31ba88
3422c4
348848
3309b2
3010ba
2c3b66
283dbc
24c0be
22446e
210a76
210cb4
22007c
236666
24a388
251eb8
245cc4
2216c0
1e45fa
192434
13208e
0ccbec
06c160
018f34
fda460
fb452c
fa8864
fb5ba8
fd8d26
00d7b2
04edc6
0981f6
0e4cd6
130fe6
179692
1bb792
1f5738
226994
24f3e4
270c74
28d6e0
2a7d48
2c273e
2defa0
2fdc14
31d8d6
33ba18
35433c
363396
36552e
358a72
33d7b4
3165ec
2e7de0
2b7d5e
28c884
26b95a
2591ba
2571fe
265508
2812b4
2a6806
2d0298
2f8d1c
31bba6
33555c
343aa4
3467d4
33f414
330c04
31e984
30c95e
2fe020
2f4fc6
2f1fb0
2f3868
2f649e
2f577a
2eb794
2d2dc6
2a754a
2669d4
211102
1a9dfe
136d9c
0bfb0a
04ce78
fe68f4
f93072
f56004
f2ff60
f1e2be
f1b34e
f1fee8
f24c18
f22e74
f15806
efa490
ed1cbc
e9f146
e66f04
e2ee2c
dfc076
dd21ea
db2e42
d9dc9a
d90212
d85a04
d7927a
d65b9e
d476d4
d1c1ca
ce3c8a
ca0a26
c56bb6
c0b658
bc457a
b86c0a
b5670e
b3544c
b22e78
b1d054
b1fe30
b272d2
b2ed76
b33dfe
b34c0a
b317a0
b2b466
b240ea
b1dc0e
b19c68
b18c10
b1a95c
b1ebca
b24b28
b2c566
b3605e
b42616
b51c68
b63ad2
b762a0
b85d2e
b8e2de
b8abaa
b785f8
b56e50
b2a10e
af9fee
ad277c
ac1428
ad3af2
b13d46
b86214
c27d6c
ceecfe
dcac46
ea7dd4
f721b8
018d9e
091b7e
0da59c
0f899a
0f91ee
0ecad6
0e4bd6
0f004a
1179f2
15d664
1bbc7c
22715e
28ffb2
2e68ac
31d550
32be98
3105b6
2cf946
2746d0
20dc08
1abe24
15df1e
12f7be
126c1e
143ea4
181350
1d41a4
22f1bc
283f10
2c5c62
2eb30a
2ef8fc
2d3a8e
29d662
256bb4
20bd7a
1c9010
198620
18029a
1815d6
1979aa
1b9d56
1dbf60
1f114a
1ede04
1cac58
18571a
1215c8
0a7466
023c64
fa5322
f394f0
eeb4a2
ec23fc
ec07aa
ee38f0
f2537a
f7ca9c
fe018a
046278
0a70c8
0fd44e
145dc0
1804f4
1ae2d8
1d28a8
1f1580
20eb74
22e4fa
252b38
27cea8
2ac354
2de0f6
30e786
3388b4
3574e8
366988
363e44
34ef26
32a086
2f9bfa
2c46c0
29133e
266fd6
24b68e
242002
24bb9a
266e5a
28f844
2bfee8
2f1b90
31ea76
3418e0
3570b0
35df28
357626
346808
32fe98
318d9e
306356
2fb9e0
2fab10
3028b2
30fbf4
31cc34
322b8a
31a830
2fe09e
2c9614
27ba24
21747a
1a1fae
123dca
0a6634
032f7c
fd190a
f8785c
f56cd6
f3dc56
f379ea
f3d446
f46962
f4bcb2
f46ba6
f33c20
f1239e
ee45da
eaeb2a
e770aa
e43580
e1882c
df978e
de6a20
dddce4
ddaa4c
dd7820
dce894
dbabb6
d98ebc
d68570
d2ac16
ce42b6
c9a280
c52e48
c141b8
be226c
bbf4be
bab70e
ba4566
ba6372
bac9d2
bb34ae
bb7012
bb5f7a
baffb8
ba6370
b9ab4c
b8fc74
b877c6
b833be
b83ada
b88dd0
b927ce
ba0286
bb1826
bc613e
bdcf3c
bf4686
c09a94
c18ec8
c1de66
c14bb2
bfb3ac
bd21a8
b9dd88
b66ec4
b3914a
b21bd0
b2db16
b66956
bd0a8a
c69572
d26fe4
dfa14c
ecf8dc
f9402a
0370ec
0ae334
0f69fc
115842
116dd0
10af60
1031ec
10e35a
135bb8
17c0b6
1dbfea
24a046
2b6744
310a3e
34a1b6
359500
33b708
2f4f0c
290c06
21e686
1af5f6
1540ea
1191b0
105724
11960a
14eca4
19a730
1ee16c
23aeb8
2741da
290db6
28da10
26c8f2
234be6
1f0bda
1ac8b8
1735d4
14d954
13f4ca
147a60
160ffe
182008
19f4d8
1ad95a
1a3932
17bb96
13534c
0d4134
0609fc
fe6118
f70d5c
f0cbda
ec35fa
e9ae90
e9588e
eb1822
ee9ca2
f37130
f9104a
fef6dc
04b4a0
09f776
0e908c
127446
15b65a
18821c
1b0f92
1d9804
204b08
2344b2
268734
29f91e
2d6830
309088
332780
34e85e
35a0c6
353b06
33c3e4
316ae2
2e7c8c
2b577a
285ea2
25ebda
244432
238f88
23d54c
24fe18
26d8da
292322
2b9336
2de1f0
2fd372
313e16
320e9a
3249ba
320b1a
3180aa
30e2c0
306a3a
304554
308ca8
313aa8
3227ca
330c86
3389b6
33369a
31b262
2eb64c
2a251e
2414de
1cd09e
14d122
0cad1c
05039e
fe64d6
f93c78
f5c1a2
f3ef70
f38734
f41bcc
f524a4
f614c0
f67150
f5e4a0
f44adc
f1b5ce
ee66ca
eac054
e73250
e423dc
e1df56
e083b6
dffe16
e00c86
e04a12
e041de
df85f2
ddc4ce
dad970
d6d2fc
d1f28c
cc9fa2
c7550a
c28a86
be9f78
bbcb3c
ba160c
b95b7a
b955ce
b9af44
ba154c
ba48d6
ba2864
b9b1be
b8fc3a
b82dca
b76e84
b6de02
b68d0c
b67cf2
b6a430
b6f676
b76bd4
b80446
b8c5e8
b9b622
bacfd2
bbfa8a
bd0680
bdafe6
bdab6a
bcba20
bac040
b7d8ba
b46024
b0f206
ae56f8
ad652c
aed928
b32e80
ba818c
c480cc
d07270
dd4ed4
e9eb04
f52b32
fe3396
048dd6
083b80
09b1f4
09c082
09659c
099ba4
0b2798
0e7290
137588
19bb64
20784e
26b12e
2b6bb2
2dddc0
2d93f4
2a88aa
2526ec
1e3964
16c934
0ff214
0ab310
07c4ae
077bfe
09bef0
0e0b94
1390da
1953e8
1e5bb4
21db62
2353f4
22a7a2
201b8c
1c4744
17f5c0
13fdbe
111902
0fc16a
101ac2
11ecf0
14afcc
17a5ba
19ff94
1b02a6
1a2a40
173f22
126042
0bfc40
04bdba
fd6ef6
f6db4c
f1b30e
ee75c2
ed658c
ee84a8
f19bc2
f646e6
fc06a2
025216
08a7bc
0e9bd6
13e33a
1858ee
1bff04
1efab2
218ba4
23ff24
26a0e0
29ab4e
2d3a1a
314208
358fd6
39cf02
3d978a
407fce
422fac
4271b2
413ea8
3ec0c6
3b4e5a
375d0c
337008
30047c
2d8052
2c24d0
2c0792
2d12a6
2f0b14
319b8e
34620a
36fe1c
391e32
3a89f6
3b2872
3b0188
3a3b20
39123c
37cffe
36bc64
3610b6
35eb9a
3648a2
36fd8c
37bdec
382570
37c736
363ff4
3347a4
2ebfd0
28bbc0
2180f2
197f42
114208
095c60
025424
fc8ef6
f8445c
f5777e
f3f918
f37160
f36ffc
f37f5a
f337bc
f24f44
f0a444
ee4062
eb5440
e82c4a
e52116
e285f0
e098ac
df74f8
df0dc4
df2de2
df8026
df9dde
df2152
ddb8f4
db375a
d79d56
d31bfa
ce0d9e
c8e746
c42506
c0347c
bd6170
bbc8de
bb552e
bbc490
bcb830
bdc8aa
be9b2e
bef2aa
beb8fe
bdfeb8
bcf2ae
bbd3b0
badfee
ba4732
ba22d6
ba73fc
bb2880
bc2460
bd4ae8
be8410
bfbd12
c0e414
c1e0e6
c28eea
c2bc18
c22f70
c0b740
be3c86
bad65e
b6d804
b2d340
af8b98
addaf8
ae8bf0
b23046
b8fdc0
c2b9de
ceb992
dbf748
e93c66
f555dc
ff490c
067ee0
0adc6a
0cc3be
0cfcf0
0c8be4
0c7ba4
0da9f8
109ca6
156868
1bae6a
22afe0
297294
2eefb8
324452
32da3a
308350
2b831c
248536
1c8286
149a1c
0de36a
094202
07420e
08032c
0b350a
1026a6
15e562
1b66ce
1fb6c4
2221a4
225290
206088
1cc792
184e96
13df8a
105974
0e647c
0e50d4
100786
130f32
16a37a
19daaa
1bd1a8
1bd5ea
19860a
14e276
0e4bda
06713c
fe3232
f67b1c
f022a8
ebce28
e9df48
ea6d76
ed4aa4
f21072
f83310
ff16ce
0624f4
0cdd5e
12e370
18054a
1c3ce6
1fabe2
229232
254068
280736
2b2674
2ebe90
32c79c
37100c
3b433a
3ef702
41bf18
43419e
434928
41d12e
3f0aa4
3b56ae
373842
334008
2ff5d0
2dc400
2ce864
2d6d3c
2f2ae0
31d130
34f6a8
382a14
3b0442
3d369a
3e946a
3f163e
3ed734
3e0d6c
3cff46
3bf702
3b3620
3aea92
3b26d6
3bdd64
3cdfd4
3de2fe
3e877e
3e65ea
3d1d7c
3a6328
360eda
30252a
28dac4
2090e4
17cb16
0f1f3c
072168
004f6c
faff72
f753cc
f536ce
f46018
f461b8
f4bad0
f4ecb8
f48f2e
f35ffe
f14bf2
ee6f4e
eb0dc8
e783c6
e433a2
e17232
df75c0
de4a78
ddce70
ddb700
dd9e2a
dd155c
dbbad8
d94d76
d5baa0
d123ae
cbd9ec
c65190
c10d8a
bc8836
b91dc6
b6fc48
b61d14
b648ca
b724a8
b84672
b94a54
b9e576
b9f11e
b96d62
b87bdc
b753e2
b633dc
b553d2
b4dbe4
b4e042
b56252
b6551c
b7a2a8
b9301c
bade94
bc88fe
be01ca
bf12ee
bf820e
bf1a00
bdb986
bb63cc
b84de2
b4e500
b1c94c
afbc0c
af8302
b1c4fa
b6e6dc
bef1be
c987e4
d5ec32
e31c6e
effa30
fb7a48
04d1e2
0b984c
0fd63a
12000a
12dc84
135c22
14690e
16b958
1aab9a
20346c
26e03c
2de86c
34578a
39362c
3bb842
3b6310
3825ae
325fea
2ad62a
229442
1ac3d8
147c88
10966c
0f86f6
114dbc
15753c
1b27fa
2155f0
26e45a
2adf98
2ca5dc
2c02dc
2936e6
24e796
1ffd54
1b74d2
182cea
16baa6
174c9a
19a2f4
1d1cae
20d746
23da68
254680
247da6
213faa
1bb41c
146148
0c138c
03bad8
fc45a6
f67f8c
f2f7cc
f1f33c
f36aa6
f71386
fc7072
02e6b4
09d540
10a990
16f100
1c6490
20eda6
24a3dc
27c4bc
2aa5a2
2da168
310510
34fd7e
398a48
3e797a
436d5c
47eb18
4b7052
4d8c00
4df4e6
4c99ba
49a790
458482
40bffe
3bfc04
37d2be
34bdca
3304b4
32b57e
33a72e
3585a6
37e3e6
3a50ba
3c69dc
3deab2
3eb47c
3ecf54
3e64ba
3db46c
3d0678
3c9d4a
3ca938
3d3f12
3e5386
3fbb3e
412f84
425716
42d1d6
424522
406870
3d1060
3835a0
31f6dc
2a963a
2271fe
19f9ea
11a2f8
09da96
02fa98
fd3fec
f8c4ca
f57f06
f34300
f1caee
f0c11e
efccb4
ee9f1a
ecff90
ead39c
e82326
e516b0
e1ef8c
defaec
dc81b6
dab7f6
d9afac
d9516c
d95cf2
d972b6
d924f0
d80cea
d5e03a
d28114
ce0628
c8b8ce
c30986
bd7c22
b89016
b4aa28
b20322
b09fae
b05332
b0ccb2
b1a9fc
b28cf8
b32e1c
b367d0
b338f2
b2bef8
b22a5e
b1b104
b1823c
b1bee2
b27662
b3a8b2
b54b4e
b74e3e
b99e3c
bc22c2
beb8e0
c12dce
c33c96
c491ca
c4d73e
c3c738
c143cc
bd6c12
b8a8a8
b3aa92
af5a26
acb6e2
acac6a
afe554
b6a582
c0b4e2
cd5fec
db8fea
e9f73e
f7494c
0272e2
0ac86e
1020e8
12d820
13b832
13cf1e
1438c6
15e776
197522
1f05f4
264168
2e62c4
365d10
3d0b9a
416634
42b07e
409c9e
3b5c18
339b62
2a68f0
210bca
18d00a
12d17a
0fcd58
10036a
132c32
1885ec
1ef65c
253c68
2a2996
2cd81a
2cd33e
2a2b08
256f38
1f9158
19b3d0
14efea
121dd8
11aa3a
138136
1712cc
1b6f44
1f7626
220d76
225646
1fd474
1a82cc
12d088
098a4c
ffb45a
f65eb6
ee7c92
e8c570
e5a32e
e52e70
e7374a
eb5638
f10146
f7a20e
fea89c
0599f4
0c19fe
11f104
170cf4
1b7f28
1f767c
23358c
270552
2b251a
2fba06
34c1da
3a0cd0
3f4042
43e2ee
47714c
497602
49a19e
47dd6e
445550
3f74ea
39d8ac
3435b2
2f3cb6
2b7dda
2952fe
28d47e
29d988
2c041a
2ed570
31c694
345ff8
364c20
37630a
37ac8c
3759a2
36b656
361872
35cde8
360d26
36ea4a
385310
3a10d0
3bcf80
3d28d8
3db22e
3d0afc
3aea3e
37290c
31c908
2af5e2
230164
1a5aac
118224
08fb5a
013da4
faa608
f56c86
f19e6a
ef1ee2
edae4a
ecf616
ec974a
ec39e0
eb9a6c
ea92f0
e91dd2
e75302
e56032
e37d66
e1dfce
e0adc0
dff63a
dfac2e
dfa612
dfa310
df54ca
de6bb4
dca43c
d9d326
d5ee5e
d11126
cb7b2c
c589c4
bfac26
ba54b0
b5e84e
b2aefa
b0c8e6
b02aae
b0a114
b1dbaa
b37c1e
b52674
b68fae
b78848
b800fe
b80a16
b7ce22
b788aa
b77b32
b7e288
b8ed46
bab426
bd3492
c04d70
c3be1a
c728ce
ca19f6
cc1540
cca860
cb8170
c88546
c3e108
be11e0
b7df38
b245be
ae54f4
ad047c
af08c4
b4afac
bdccd2
c9ba6c
d77042
e5ad64
f32d24
fedce6
080890
0e7530
126494
1481de
15bbb4
1713cc
196c34
1d5b9c
2310b8
2a49aa
325ff0
3a65e8
41508c
4625c8
4827ac
46f5d6
42a058
3ba94c
32f470
29a6de
20fbb4
1a142e
15cae2
14915a
165e0e
1aae90
209de4
270bca
2ccec4
30e818
32b03a
31f356
2ef84a
2a7004
25504e
20a206
1d4c08
1be4c4
1c9454
1f0d02
229ac2
264608
2902a4
29e1b0
283d28
23d4f2
1cd898
13dd68
09c3ee
ff92d0
f64ed4
eed73e
e9cb3a
e77b2a
e7e64a
eac2c8
ef8e9c
f5a628
fc5c88
0312ca
094bb4
0eb992
1343d0
17053a
1a42d8
1d5c28
20b682
24a6a4
295b9c
2ecfbe
34c332
3ac1ac
40333c
447586
46f87a
47594e
4576ec
417b98
3bd9ea
353d62
2e7118
284112
235b98
203840
1f0868
1fb3e0
21e1d6
250bbe
289672
2bed08
2e9910
305448
3110cc
30f6fa
3059dc
2fa42e
2f41a0
2f8842
30a5ee
329518
351b24
37cffa
3a2d9a
3ba4e2
3bb412
39fb3a
364bb6
30afdc
296994
20e892
17ba32
0e767c
05ad70
fdd684
f74488
f21f90
ee6510
ebed56
ea74fa
e9a8d4
e9329e
e8c46c
e821a0
e724ee
e5c302
e40996
e21b3a
e027ee
de63a2
dcfba2
dc0d02
db9cb4
db92f4
dbbbce
dbcd24
db71ba
da576e
d83eaa
d50772
d0b98c
cb8600
c5c1ec
bfdb26
ba47e6
b57462
b1b200
af2ba4
ade1ba
adae5e
ae4fda
af7746
b0d826
b234d2
b3658c
b45ab8
b51ab2
b5bc20
b65efe
b72620
b831f6
b99cec
bb7924
bdcda2
c09222
c3aa2c
c6e062
c9e4a8
cc5006
cdafe0
cd9914
cbc0ae
c814ee
c2d062
bc822e
b606d0
b06f52
acda3a
ac4482
af5aa6
b653cc
c0dfc8
ce2d40
dd07d6
ec0968
f9d57e
055332
0ddafa
134ed0
161876
170efa
174906
17e494
19cee6
1d96f0
235260
2a99d6
329c76
3a45d6
406f9a
4415fc
448642
417f90
3b4162
328576
2865ce
1e3266
153d66
0ea63c
0b2c5c
0b10fe
0e0d42
135f38
19ebea
2070dc
25bcb8
28e4e8
296e22
276062
234204
1dfa7a
18a26e
144b0a
11c716
118066
136234
16dc9c
1affdc
1ea9ac
20bba2
2050c2
1ce7ce
167ac6
0d7fda
02d4f0
f79aac
ed0624
e43240
ddf89a
dad748
dae5ec
dddac0
e31d6c
e9e406
f15544
f8aa1a
ff4996
04db4e
094e3e
0cd396
0fcf18
12bfe4
1624a2
1a600a
1fa2a4
25dd04
2cbd54
33ba28
3a282e
3f5640
42abbe
43c3b8
427f60
3f0d40
39e414
33b19e
2d40b4
275bba
22afb0
1fb4ca
1ea066
1f61ba
21a992
24fb6c
28c400
2c71c8
2f8c78
31c71c
3309ea
3372fc
334dc2
3301d4
32fce4
339b8e
3514be
376bc2
3a6bc4
3dad58
40a578
42bbf0
4364aa
423714
3eff9c
39c810
32d58c
2a9cbc
21af30
18a5a0
100b7a
084ec8
01b674
fc5fa2
f841c0
f53732
f307dc
f173b2
f03c0e
ef2aa8
ee15bc
ece282
eb8662
ea069e
e8762a
e6f188
e5993a
e48a6a
e3d6b6
e37cb8
e36306
e3570e
e311c0
e241e0
e09a46
dde1b4
da00ec
d50af8
cf3dbc
c8fb24
c2bb42
bcf942
b81ffe
b4796a
b22408
b11170
b10da0
b1cc6e
b2fa96
b44e30
b591d6
b6a94c
b790ee
b85812
b918c2
b9f036
baf946
bc4952
bdeff8
bff748
c26276
c52aac
c839b2
cb62fe
ce5f6e
d0cf0c
d24296
d24dc0
d0a04c
cd209a
c8010e
c1ca5e
bb54fe
b5b0b0
b1fd0e
b13930
b413a6
bac58a
c500cc
d1f676
e07574
ef1cb4
fc96cc
07d366
10331c
159d2e
187bde
19a0b8
1a16ba
1aebfe
1cfd2e
20cbe6
2667aa
2d6c8a
351632
3c6324
424192
45bdfa
462c18
434512
3d3618
349d60
2a7644
1ff7ac
166850
0eee90
0a63b6
0931ae
0b415c
0ffd38
166962
1d4dcc
236c28
27b7da
2985cc
28aa6a
257f76
20cfd8
1bace4
173542
14591a
13a7ca
153166
188238
1cb8c0
20b168
233e50
23609a
207832
1a6118
11794a
068f98
fac036
ef46e0
e54fe2
ddcfa4
d965e6
d84f8a
da673a
df3274
e5f89e
ede09e
f60fb6
fdc698
0479d8
09e1ec
0e0076
111b40
13acbe
164ace
1987dc
1dd34e
235e2a
2a0a38
316866
38c6ac
3f4bfe
441e20
46898c
46241a
42e402
3d25fc
35a110
2d4ae0
253170
1e508e
196ba6
16f2b4
16f580
192758
1cf24e
21950e
2645a8
2a53ca
2d4492
2ee3a2
2f4720
2ec64c
2de4dc
2d3720
2d4384
2e6650
30bd42
341efc
381f18
3c1e1e
3f62c8
413864
410d1a
3e8a38
39a26e
3293a4
29dc44
20267e
162dea
0ca48a
041bd4
fcf4f2
f75a90
f3438a
f07d32
eeba6e
eda3f8
ece688
ec3dd2
eb7b5a
ea8844
e9639e
e81e86
e6d694
e5aefe
e4c8f2
e43c72
e411da
e43d22
e49b3a
e4f2be
e4f960
e45dec
e2d580
e02984
dc43c6
d735fe
d13b60
cab2f6
c41328
bdd8c4
b874c6
b43bca
b15a8e
afd26a
af7db4
b01a5c
b1586e
b2e8ba
b48862
b607e4
b74dc4
b85532
b92a4a
b9e5ee
baa9e6
bb9d30
bce846
beb058
c1104e
c40f8a
c797a6
cb6c62
cf2906
d246a0
d42cb0
d44be4
d23f04
cdeade
c79578
bfeda6
b7fe3a
b10c7c
ac665c
ab28ec
ae0a88
b53446
c033ae
ce0888
dd4e08
ec780a
fa17b8
051a02
0cf3ce
11b304
13f18a
14ae1a
1513b2
163b18
18f2da
1d9840
2407ac
2ba64e
338188
3a7cf4
3f85c6
41c2e0
40b98c
3c6206
3529d0
2be470
21ad92
17c0de
0f4d5c
094a7c
065498
069630
09c17a
0f1c88
159f08
1c1d8e
217b86
24db80
25c590
243bc8
20b7be
1c114a
1752e4
138368
116fe0
118084
13a1da
17464e
1b8052
1f2f44
2135c2
20af4a
1d1a8a
16710e
0d289a
021f18
f675e8
eb6456
e20a2e
db499a
d7ad58
d75d9c
da22fa
df75e8
e697b8
eeb05e
f6ecd4
fe9ae8
053eba
0a9f30
0ec834
1202b0
14c34c
1791ee
1aed76
1f2fd0
24778a
2a9c36
31300e
378eaa
3cf716
40ad90
421e36
40fa24
3d49de
377164
3024e2
284f4e
20ef7e
1af1e0
170d88
15a9e0
16d188
1a34b0
1f3a3e
251c0a
2b08ea
304704
3450dc
36e7fe
381a40
383908
37c4a8
37501a
3761e2
3857d8
3a5328
3d3094
408d6c
43d7ea
4667cc
479b2c
46f1ca
442228
3f2516
383658
2fcae4
267ec6
1cfe66
13ef5c
0bdc34
0525c6
fffb6e
fc5ab0
fa15a4
f8dea6
f856b4
f81c94
f7dace
f752d8
f66424
f50dee
f36ba0
f1acc4
f00972
eeb524
edd266
ed6904
ed6048
ed7faa
ed7664
ece820
eb7ca6
e8f048
e5211e
e01616
d9ffce
d332e8
cc1c20
c5310a
bee01c
b98274
b551fe
b26658
b0b776
b02474
b07cee
b189ac
b312ac
b4e2be
b6c9dc
b89eae
ba409c
bb9b38
bcaa94
bd7ec0
be3c90
bf194e
c050c4
c215ee
c48098
c77c32
cabde0
cdc684
cff31a
d09b00
cf3698
cb86a6
c5b352
be59a6
b680ea
af77f8
aa9fa2
a92b76
abe5b8
b30438
be177a
cc1926
db9830
eafa16
f8c40a
03dd30
0bbc0a
107616
12aff2
137270
13ee18
153a18
181bee
1ce276
235a4c
2adbee
326ede
38fa12
3d77be
3f22f0
3d983c
38e5bc
318954
285e60
1e7e6e
151978
0d4b9a
07f5c2
059df4
065ba6
09d42c
0f4878
15b2c2
1bf0b2
20f3d6
23effc
247ef2
22b21e
1f0dd4
1a6e9c
15dcf4
125786
109ea6
110c06
137ea0
175f50
1bbce0
1f7980
218074
20f9ba
1d7128
16ea86
0de072
032eb0
f7ed10
ed43e8
e4420e
ddb9dc
da2a40
d9b5d4
dc26ac
e0fcf0
e78636
eef970
f6936c
fdb0a0
03e0f2
08f2d4
0cf50c
102f0c
130fc4
161532
19b0be
1e2d06
2399d4
29c302
303512
364e7c
3b5af0
3eb356
3fdcf0
3ea186
3b1c4a
35b8ba
2f241c
283490
21c9a0
1cabb0
197012
1865d6
198e28
1ca05c
2118c0
264f8a
2b947a
304a42
33fd58
367386
37b21c
37f8b0
37b1b8
375ba2
376e82
384296
39fc9e
3c83b8
3f8316
42771a
44c34a
45cd34
4517ae
42591a
3d8892
36df52
2ecf06
25ef22
1ce518
144bcc
0c9f36
062f08
011972
fd4dee
fa9716
f8a906
f73188
f5e6ba
f49170
f31270
f1638e
ef943a
edc1b2
ec0dea
ea9708
e96fd6
e89a58
e80586
e78e16
e70262
e62914
e4c962
e2b3a6
dfc906
dc003a
d76724
d2217c
cc6546
c674f2
c0982a
bb1498
b62784
b20124
aec1ce
ac790c
ab2722
aabf92
ab2b02
ac47ce
adeaa6
afe066
b1f1b6
b3e8aa
b59846
b6e4ca
b7cb0c
b86416
b8e306
b98c06
baa4e8
bc6174
becf8e
c1c8c8
c4eed6
c7b5ae
c97b88
c9ab92
c7e4c2
c41bda
beaf7a
b86818
b2610e
addd3a
ac0e76
addb2c
b3aea0
bd5ebc
ca2d60
d8e640
e81432
f64326
02416e
0b52e6
114bb8
148e28
15ed36
167af4
174d62
19459e
1ce46e
2233ec
28c954
2fdcce
367116
3b8316
3e3872
3e05b4
3ac67a
34c4fa
2cb0b0
238614
1a6ab6
1282d6
0cc6a0
09dcb4
0a0020
0cf668
12181c
186aea
1ecaf6
241c7a
277d7c
286e84
26e964
23603a
1ea524
19be62
15af38
134160
12dabe
14674c
175c50
1ad50e
1dc15e
1f1c44
1e1fc6
1a6b32
14140e
0b9fca
01e8ea
f7f65c
eeceb4
e750b4
e2176a
df6d36
df4d28
e16fb6
e55f00
ea8df6
f06dc2
f67f2e
fc5efc
01ccb0
06ac54
0b043c
0ef768
12bcbc
169396
1ab5fc
1f49ca
2453ce
29afec
2f110c
3409d6
381d52
3ad4ae
3bd640
3af916
38510c
34308a
2f1f24
29c696
24d9bc
20f996
1e9d74
1e02da
1f27ac
21cedc
258e2c
29e238
2e44ec
3242b8
358b1a
37f9e0
399808
3a950c
3b39c6
3bd71c
3cb3e6
3dfd40
3fbbca
41cf6c
43f27c
45c420
46d7da
46c762
45441e
422584
3d71aa
375e14
304870
28a8fe
210170
19cace
136508
0e0b28
09ce6a
06985a
0432d8
025466
00af14
feff70
fd1810
fae77a
f87858
f5ec5e
f37268
f139be
ef65b6
ee0478
ed0a12
ec5066
eb9bc2
eaa452
e922ac
e6dc52
e3ae0a
df92a0
daa448
d51826
cf35ba
c94b9a
c3a3a8
be799e
b9f49c
b623f6
b3010c
b07630
ae6778
acbb7c
ab631a
aa5d22
a9b49e
a97ac0
a9be66
aa8406
abc086
ad589e
af24a0
b0f8fe
b2b13c
b438fa
b5900c
b6c860
b7fd3e
b94552
baa33e
bbfa72
bd0d44
bd868e
bd0d92
bb6096
b870dc
b477e4
affdb2
abcd1e
a8d72c
a8098e
aa2050
af7cf8
b80cf0
c34618
d03ba4
ddc6cc
eabb2e
f61c8c
ff4a18
0615b2
0ac2fa
0df006
106d42
130d64
167754
1b03d8
20ad78
2713bc
2d8f82
3353f4
379554
39ade2
393af4
362eca
30d5a6
29ce1e
21f5ae
1a4b7e
13cdb4
0f558c
0d764e
0e6496
11eab8
176d8e
1e0258
2493dc
2a1106
2d9d02
2eb856
2d5974
29ee7e
2546ce
206812
1c5716
19dfd4
19696a
1adf52
1db50c
210304
23b6e6
24cc80
23828e
1f80a8
18e7e0
104b22
06917c
fcca68
f3ff1a
ed0980
e877d0
e6808e
e7064a
e9a704
edd33a
f2e84a
f84876
fd6e86
01fc50
05c258
08c000
0b1e80
0d2788
0f36fa
11a922
14c7ec
18b97a
1d731a
22b4de
280fae
2cf5ba
30d2d0
3327fc
33a48a
323790
2f1638
2ab4ca
25b3be
20c58c
1c924c
199df2
18360e
186aac
1a1284
1cd886
204e64
2400a4
278918
2a9c80
2d1148
2ee00a
301f94
30fd0a
31b150
327588
3377c8
34d19e
36819c
386854
3a49a6
3bd3aa
3caa5e
3c75ea
3af1e4
37fb8e
339b74
2e07f4
279f66
20db18
1a3d36
143cca
0f32f8
0b4d84
088990
06b6a8
0581dc
0486b4
0362d4
01c86e
ff8bea
fca9d0
f94520
f59ea0
f20666
eecaec
ec28de
ea3e8c
e904fa
e84fdc
e7d3b4
e7323e
e60bfc
e4123e
e1157c
dd0e68
d82070
d29424
ccca3a
c72a4a
c21098
bdbea0
ba5110
b7bd32
b5d6fa
b45eae
b31226
b1bd7c
b04776
aeb66a
ad2c1e
abda5e
aaf3b4
aa9cf0
aae36a
abba62
acff38
ae843a
b01e4a
b1afe4
b32dc2
b49cb8
b608a0
b77654
b8d6a8
ba0006
bab1ee
baa338
b99842
b77b7e
b471de
b0e49a
ad7ae8
ab02ca
aa4dae
ac0824
b0955e
b7f6a0
c1c51a
cd4124
d973ba
e55a68
f014a6
f909c0
ffff12
051a8a
08d230
0bcdde
0ec1ec
124a00
16caee
1c6102
22dc6c
29ca88
308964
3661f8
3aa4dc
3cc64e
3c7628
39b0da
34c73c
2e5b80
275124
20b060
1b8010
189b22
18886a
1b5d04
20b0ec
27aaba
2f2260
35d57a
3aa3e2
3cc868
3c00f6
389bc0
336640
2d80cc
282016
244a3a
229e4a
2332da
25931a
28daa6
2be874
2d9d32
2d1734
29def6
23fb2a
1be9f6
128390
08ce26
ffcd78
f85950
f30284
f008b0
ef5e90
f0b974
f3a694
f7a0f4
fc238e
00b67a
04f846
08a46c
0b971a
0dcec0
0f6bba
10acb8
11e582
137028
159a68
189262
1c56c6
20af4e
253118
294eb6
2c71fe
2e1a32
2df7dc
2bfffa
2872b6
23d35e
1ed2ac
1a305c
169a34
148eea
144b02
15c2f8
18ab28
1c8ae8
20d610
2506da
28b3e2
2b9eae
2db802
2f1a74
2ffe74
30aa76
316244
325862
33a40c
353da6
370120
38b494
3a11b4
3ad0d2
3ab3cc
398ee4
374ef2
33fcb4
2fbd1a
2acdd4
257e68
2026e4
1b1daa
16acfc
1308f0
1047ac
0e5d90
0d1e72
0c4432
0b79bc
0a6978
08cd72
067c88
0371d2
ffcd92
fbcee0
f7c64a
f40456
f0c79c
ee2e3c
ec2e7c
ea97aa
e91ae4
e75ba0
e5046e
e1d9a4
ddc606
d8dfb8
d363dc
cda9e8
c811fa
c2f274
be88ea
baf192
b825f6
b60292
b452b8
b2df3a
b17b3e
b00ce0
ae9096
ad1640
abb906
aa9514
a9bf04
a93ebe
a90f1e
a921a4
a964b8
a9cb06
aa5070
aafa4e
abd2f8
ace210
ae22d2
af7be8
b0bc9c
b1a180
b1e0f4
b13dcc
af9b7a
ad0ea0
a9e606
a6a7ee
a401e2
a2adb4
a3515a
a65f92
ac000c
b40482
bdeea0
c9056a
d47574
df74c0
e9638c
f1e38c
f8e0ba
fe8aca
034268
077f98
0bb67c
103fb0
15484c
1acbd6
209786
26544e
2b9502
2fe680
32e020
3432e0
33b688
31741a
2dac88
28d8ac
23a030
1ec71c
1b131c
192b6e
1978be
1c0c46
209566
266a0e
2ca1ae
323eb8
365f8e
386c48
3835b4
35fde4
3267ec
2e526e
2aa48c
281922
27149a
278fd0
291bec
2afcec
2c5488
2c5380
2a6554
264ce6
202d12
187dc8
0ff1bc
0753dc
ff64e8
f8c12e
f3d1b6
f0c810
efa274
f03596
f23838
f54d7e
f90de2
fd0fe0
00f160
0461cc
072c14
093ee4
0ab0ac
0bbd48
0cbb02
0e07e6
0ff30c
12a6d6
161954
1a07b6
1dff14
21719c
23d394
24b99c
23f0b6
218b9e
1de24e
198310
1518b8
114cd6
0eab66
0d8cbe
0e0a98
1001c0
131ec6
16f1c6
1b04aa
1eef48
22666a
2543a8
2784e2
294550
2ab320
2c0310
2d6416
2ef4dc
30bd32
32ac14
349a1a
364f4c
378ba8
381192
37afaa
3648a0
33d886
3076de
2c54d8
27b742
22ed5a
1e4660
1a07c2
166472
13767a
113c40
0f9a18
0e5fa4
0d4fb4
0c29f4
0ab5aa
08cb28
0659c6
036a0e
001bae
fc9f30
f92c18
f5f5e8
f321ee
f0bfe8
eec66c
ed138e
eb728c
e9a652
e77550
e4b3f6
e14cd0
dd44b4
d8b9ae
d3dd66
ceeca8
ca2626
c5c1a8
c1e866
beafb2
bc17e2
ba0f2e
b876b8
b728d6
b60026
b4dd70
b3ab0a
b25e72
b0f86a
af83d4
ae13f6
acc246
ababa2
aaed20
aaa0c0
aad98a
ab9eda
ace7e4
ae9878
b07fd0
b25abe
b3da5c
b4b026
b49e1e
b38752
b17d18
aec606
abdbba
a95d04
a7f622
a84398
aab544
af771a
b664dc
bf0d0e
c8c39a
d2c082
dc43e6
e4b804
ebca0e
f17404
f5f668
f9c3c2
fd6394
01536e
05ecd4
0b5460
1174f0
1806b6
1e9ec4
24c24e
29fa26
2de3b6
303d68
30edec
30076c
2dc814
2a9736
26fd34
2395f0
20fe14
1fbc0e
202806
2257e2
261522
2ae0ba
30065a
34bca0
384ca4
3a3896
3a57d4
38e068
365ab4
3381e6
31182e
2fb87c
2fb162
30f280
3310a6
355eda
3715c6
377ffe
362068
32c9f4
2da450
271e66
1fd37c
186b14
117b3c
0b7462
069994
030320
00a7a8
ff67fe
ff1984
ff8c66
008e6e
01ec98
037556
04fce8
0663a0
079c24
08b010
09c028
0afd68
0c9b4c
0ebf00
116fb6
148c86
17cc0e
1ac740
1d0d42
1e3be0
1e167e
1c94aa
19e564
166698
1292f8
0ee9de
0bd820
09a76c
0876a6
083bce
08ce2e
09f59a
0b7a3a
0d304e
0efdee
10db58
12cefe
14e658
172e5a
19ae3c
1c6524
1f49a6
224a5a
254eba
2838a6
2ae64a
2d33d2
2efdb0
302428
308f86
3033be
2f132e
2d3f86
2ad81e
2805e2
24f52c
21cf5e
1eb604
1bc004
18f850
165eae
13ead0
11902e
0f4130
0cf1b8
0a9912
083378
05c292
034d1a
00de20
fe83b2
fc4c9e
fa458e
f875c0
f6dbd8
f56c0a
f40fd2
f2a7c4
f11000
ef2644
eccfa4
e9fcda
e6acd4
e2ecde
ded61a
da8928
d6292e
d1d7ba
cdb150
c9caae
c62f8c
c2e312
bfe148
bd20d0
ba9514
b83116
b5ea40
b3bad2
b1a3ee
afaece
adec8e
ac73f4
ab5ddc
aac06e
aaaa08
ab1cb0
ac0b5e
ad5928
aedb10
b05bf8
b1a1ba
b27398
b2a186
b20b4c
b0a696
ae845e
abd42a
a8e36a
a617fe
a3e598
a2be92
a30248
a4ebea
a884e6
ad9ee2
b3d876
baac76
c18970
c7ecec
cd7cea
d219c4
d5e336
d92f60
dc75d2
e03346
e4cbe6
ea7316
f11eae
f887e6
0038ce
07a2aa
0e3856
138734
174902
196bfe
1a119e
19862c
1833b6
1692a0
151a6e
143434
142f24
153724
174e90
1a4c7e
1de0f8
219fa2
251118
27c90a
297d94
2a19fc
29c722
28e6fa
280254
27ab92
285c50
2a5604
2d8e06
31aaba
3612ca
3a0b40
3cddac
3dfde2
3d25dc
3a613e
360680
30a070
2ace8c
252484
201088
1bce20
186692
15bc8a
139dcc
11d57e
103a36
0eb48e
0d3ed4
0be014
0aa602
099fe6
08dc40
086962
08576a
08b8e6
09a03a
0b198a
0d22a0
0fa33c
126932
152afc
1791d0
194928
1a0fee
19c6f0
1878c0
165810
13b538
10ed26
0e5622
0c2f62
0a975c
098a7a
08ea24
08896a
083b86
07e05a
076c50
06e9e2
067552
0634a4
064ed4
06e458
080a24
09c78a
0c1616
0ee254
120cf0
156c2a
18cd9e
1bf8ea
1eb4a6
20cd50
221cd0
2291a0
2233b4
2124ae
1f9ac0
1dd676
1c1606
1a88da
1945dc
1846ac
176a3e
167de6
1549d0
139ea4
1161c2
0e9444
0b5394
07d45a
04589c
0122f2
fe6af8
fc54a4
faeb6c
fa224e
f9d818
f9de20
fa0028
fa0c3a
f9d8d8
f94910
f84e58
f6e7ee
f520b8
f30c66
f0c3c4
ee608a
ebf984
e99f5a
e75a5e
e5296c
e3029c
e0d5c0
de9032
dc2180
d9800c
d6ad1c
d3b708
d0b94c
cdd9da
cb43fe
c921f6
c795d6
c6b334
c67b3c
c6dc6a
c7b576
c8daf2
ca1ee2
cb584a
cc68fa
cd407a
cddbac
ce414e
ce7ca8
ce9838
ce999c
ce8058
ce4768
cde932
cd6468
ccc086
cc0fc8
cb6dda
cafbac
cad944
cb1efe
cbd8c0
cd0412
ce91e0
d06aea
d27622
d49ea4
d6d7d8
d91ea0
db7784
ddeb22
e081c8
e33fb8
e6233e
e924e0
ec3962
ef5466
f26a78
f5719a
f8604c
fb2b88
fdc4d4
00198c
021436
03a03a
04af20
053d50
0554e0
050d94
048968
03ee04
035d3c
02eeb2
02ac5a
029346
029836
02ae4e
02ce8c
02fd84
034c94
03d68c
04b8c8
0609dc
07d0a6
09fee6
0c7084
0eefd0
113e92
13219a
146b40
15036e
14eb54
143bd6
131f6a
11c934
106b44
0f2df8
0e2a1e
0d6674
0cd8f2
0c6b3e
0c00d6
0b7dba
0acca2
09e3f0
08c898
078e8e
065650
054800
048c64
04457e
0487aa
05548e
069920
082fe0
09e69c
0b86fc
0ce064
0dd0d2
0e4aae
0e56c8
0e119a
0da402
0d39e0
0cf872
0cf6a8
0d38ee
0db18c
0e44fc
0ed118
0f356a
0f5aba
0f385a
0ed62c
0e4b4a
0db98e
0d47a2
0d1a8c
0d4fd0
0df93e
0f1aba
10aa38
129154
14b08e
16e374
190538
1af544
1c9b38
1de996
1ede9e
1f837c
1fe9b8
20271e
20513e
2078fa
20a6f6
20d9ee
210742
211d0e
2105bc
20ac46
200046
1ef904
1d9744
1be534
19f502
17de8a
15bc68
13a894
11b94a
0ffeb8
0e815c
0d4168
0c36f4
0b535c
0a837c
09b2b8
08ce42
07c826
069972
054324
03cd66
02450e
00b83c
ff32aa
fdba5a
fc4d30
fae0ba
f963cc
f7c1a2
f5e64a
f3c344
f153c0
ee9f82
ebbbbc
e8c958
e5f152
e35f80
e13c8c
dfa804
deb39c
de6050
de9e34
df4ec0
e04972
e161f8
e26ef6
e3500c
e3f1c6
e44f04
e46f5e
e4631c
e43dce
e410f0
e3e770
e3c380
e39f4a
e36ff6
e329f4
e2c578
e241d4
e1a6f2
e1043e
e06d6c
dff5ce
dfabee
df969c
dfb3e6
dffa74
e05cda
e0cdbc
e14386
e1badc
e23704
e2c098
e36294
e42704
e5143a
e62b94
e769be
e8c814
ea3eae
ebc664
ed59fe
eef602
f09722
f23852
f3d0f4
f553f6
f6b096
f7d494
f8af7e
f93676
f96722
f9492a
f8edc8
f86dc2
f7e5e8
f77308
f72e62
f72b10
f77484
f80eb8
f8f75a
fa274c
fb9440
fd319c
fef092
00bfec
028bde
043e34
05bf6a
06f8ea
07d80a
085112
086190
08115e
0771d6
069b04
05a75a
04aea6
03c1a2
02e6e8
021a62
014f7a
0075ae
ff7e10
fe60d2
fd2166
fbcfec
fa8764
f96922
f89646
f828a0
f82d04
f8a014
f96e2a
fa7680
fb90ec
fc9504
fd6106
fddf14
fe0800
fde31a
fd839c
fd0420
fc8154
fc1520
fbd2d2
fbc4ae
fbeb34
fc3e1e
fcae58
fd28da
fd99ee
fdf0b8
fe22ba
fe2ea4
fe1df6
fe04f2
fe0088
fe3254
febb2e
ffb520
012dea
03231e
0580ec
082410
0adee4
0d80a4
0fdd6c
11d54e
13592c
146c4e
152252
159a20
15f6de
165876
16d562
1776c2
18376e
1905d4
19c81a
1a6182
1ab82e
1ab9fa
1a5f8c
19ad4e
18b298
17872a
1647b2
1511ae
13ff72
1324be
128c6a
123750
121c5e
122a00
1248ca
125ec2
1252f6
12113c
118d34
10c3fe
0fbc6c
0e85ae
0d3464
0bde72
0a967a
0967dc
0853c0
075010
06489a
05227e
03c152
020d20
fff864
fd84bc
fac534
f7dd66
f4fd5c
f25ac2
f02890
ee8e98
eda288
ed63fc
edbc7a
ee835a
ef84ac
f08a2e
f16454
f1f17e
f221fa
f1f85c
f1860a
f0e56c
f03318
ef879c
eef2dc
ee7a26
ee1904
edc40a
ed6cba
ed058a
ec8500
ebe766
eb2f12
ea637a
e98fca
e8c1a4
e8080e
e77282
e70ff6
e6ed8c
e714da
e789f4
e849ae
e948d6
ea74e2
ebb638
ecf3fa
ee188c
ef15fe
efe932
f09adc
f13dc2
f1ea8e
f2b9cc
f3bdc0
f4fd7c
f67294
f809d8
f9a6b2
fb28ae
fc7198
fd6b20
fe0a60
fe50e0
fe4b36
fe0dba
fdb09e
fd4c22
fcf5ce
fcbf06
fcb50e
fce1a2
fd4ba6
fdf764
fee5e0
00139c
017716
030066
049992
062868
079152
08bb04
099220
0a0c10
0a2824
09ee94
096e00
08b7c6
07dc20
06e718
05def6
04c456
0393f0
02496a
00e254
ff6088
fdcb76
fc3004
fa9efa
f92a8e
f7e390
f6d6de
f60bd0
f583aa
f53a2e
f526cc
f53e08
f572b0
f5b6b8
f5fbc8
f6339c
f650c2
f6478c
f60f82
f5a4ec
f50a64
f44976
f37216
f298ae
f1d2f0
f133e2
f0c80c
f092c6
f08d6c
f0a8ec
f0d18e
f0f44e
f1045e
f0ff90
f0f07a
f0edb8
f1164c
f18ba8
f26a90
f3c498
f59b82
f7df78
fa70e4
fd2548
ffce20
024048
045ab2
060b0a
074f7c
083556
08d524
094d5e
09bc32
0a39b8
0ad3de
0b8c7c
0c594e
0d2640
0dd994
0e58d6
0e8dc6
0e6aea
0deec0
0d2508
0c25aa
0b1168
0a0d18
093bf8
08ba08
089718
08d3e6
096198
0a23ae
0af42c
0ba95a
0c1bfc
0c2d52
0bcbb4
0af516
09b6da
082b1e
0673f8
04b558
030eb6
01958a
005152
ff3a18
fe39ca
fd3078
fbfab2
fa790e
f8972a
f65110
f3b5fe
f0e7ae
ee15de
eb7730
e94096
e79cf2
e6a646
e661c0
e6bf66
e79d26
e8ccea
ea1c28
eb5b94
ec6598
ed225e
ed8938
ed9faa
ed764e
ed24a4
ecc468
ec6d86
ec329e
ec1e8e
ec332c
ec6940
ecb1e0
ecf910
ed293e
ed2f6c
ecff76
ec97a0
ec02c8
eb5886
eabaaa
ea505c
ea3fa2
eaa680
eb9496
ed0742
eee942
f115ee
f35f58
f59642
f7924e
f938dc
fa812e
fb7502
fc2d90
fcce02
fd7c12
fe58cc
ff7a9c
00e9b2
029f06
048626
0680e8
086c2a
0a24ec
0b8cda
0c8e1e
0d1e06
0d3e26
0cfc4c
0c717e
0bbfc4
0b0e8a
0a863a
0a4b5c
0a797c
0b1ed0
0c399c
0db7f2
0f798e
115450
131a92
14a24e
15cbdc
168684
16d238
16be0e
1663d8
15e17e
1551ce
14c630
1442ac
13bd3e
1320a2
1251a6
113604
0fbb3e
0ddbfa
0ba2a2
0928ea
069406
040eba
01c292
ffd1c0
fe52a4
fd4dbe
fcbdd6
fc925a
fcb324
fd0498
fd6b38
fdce36
fe1924
fe3cac
fe2eb6
fdea86
fd70cc
fcc796
fbfa04
fb178c
fa3252
f95cbe
f8a662
f81918
f7b6ec
f7797a
f75318
f731ee
f7046c
f6be38
f65c44
f5e71e
f572e4
f51c90
f50512
f54b5c
f6065c
f7403e
f8f3f8
fb0db0
fd6db4
ffed4e
02649c
04b038
06b5a4
0865ce
09bd3e
0ac272
0b82fc
0c0fe6
0c7a26
0ccfb4
0d199a
0d5b24
0d91e6
0db684
0dbe26
0d9c6a
0d459e
0cb160
0bdd26
0ace36
0992b4
08415e
06f7b0
05d63a
04fba4
047f64
046cc8
04bfc4
05642e
0637cc
070f3e
07bcfc
0818d6
0806b0
077b00
067c0a
051fdc
03875c
01d76e
00317c
fead32
fd54bc
fc23b2
fb08e8
f9ea8e
f8abe2
f73334
f56f10
f359c8
f0fae0
ee668a
ebbb36
e91df8
e6b648
e4a976
e3168c
e212d8
e1a796
e1d0ba
e27d6a
e391c6
e4ea14
e65f06
e7ca94
e90c94
ea0e62
eac540
eb32de
eb63fc
eb6d0e
eb659c
eb6376
eb763c
eba418
ebe872
ec3524
ec75a6
ec938c
ec7bd2
ec23e2
eb8d56
eac73a
e9ece0
e92284
e88fee
e85a04
e89c8e
e96596
eab312
ec7328
ee872a
f0c886
f30ed4
f535d8
f72268
f8c564
fa1c9a
fb3182
fc1648
fce1c4
fdab46
fe86d2
ff8246
00a384
01e79a
034334
04a40a
05f312
07174e
07f954
0886ee
08b6a6
088a4c
08101c
07621a
06a36e
05fbce
0591b8
05845a
05e64a
06ba04
07f126
096ec6
0b0c7a
0ca102
0e0752
0f24c8
0fed08
1062f0
109664
109f7a
1097e2
10943a
109eec
10b520
10c6c8
10b996
106e6a
0fc802
0eb1a0
0d2436
0b291a
08d9da
065d26
03e12a
0194a6
ffa018
fe202e
fd2222
fca2c4
fc9010
fcccdc
fd361e
fda892
fe060a
fe3976
fe3904
fe062e
fdac16
fd3c5e
fccb20
fc6acc
fc287e
fc0964
fc09b0
fc1cf4
fc3012
fc2c66
fbfbe8
fb8d8c
fad90c
f9e16c
f8b5e2
f770c6
f6349c
f5277c
f46dd4
f424f2
f45eb2
f51e90
f65924
f7f5ee
f9d31a
fbca72
fdb6de
ff7994
00fdd4
023aae
0332ae
03f1dc
048a72
0510d0
059774
062bac
06d344
078bcc
084ad6
08ff92
09952a
09f5e0
0a0e3a
09d034
093616
084486
070b4a
05a474
0431b4
02d840
01bb8a
00f7c6
009d08
00ac3e
0116b4
01c04c
028444
033b9c
03c3fa
0405a0
03f71e
039df8
030c0c
025a68
01a2e6
00f9e8
0069c2
fff0b2
ff81cc
ff0880
fe6d50
fd9b00
fc82b8
fb1e86
f971d8
f78804
f571ce
f342f8
f11050
eeee84
ecf1ba
eb2d90
e9b4c2
e897dc
e7e338
e79c44
e7bf26
e83d64
e8fe70
e9e26c
eac6f8
eb8cfc
ec1e4a
ec71b8
ec8c8a
ec8090
ec6790
ec5cdc
ec7656
ecbed4
ed3316
edc22c
ee50e0
eebf82
eef094
eecf10
ee5306
ed8378
ec7584
eb490c
ea23b0
e92b3e
e88076
e83b22
e867b4
e906be
ea0dda
eb69c2
ed0158
eeb902
f0762a
f2226c
f3ae1e
f511cc
f64e98
f76d3a
f87bfe
f98be2
faad28
fbebfa
fd4de2
fed040
006814
020334
038af0
04e798
060428
06d194
074988
076ffa
075372
070bce
06b7b4
0678d8
066f68
06b568
075aa4
08621a
09c126
0b60da
0d2172
0edf64
107926
11d4a8
12e39e
13a55c
142616
147b8c
14bfdc
150b74
156f2a
15f022
168612
171c60
1795b0
17d176
17b238
172370
161dce
14a928
12dbd4
10d77c
0ec422
0cca24
0b0c96
09a4ac
089eca
07f96e
07a69a
078ef6
079660
07a0d4
079700
0769a4
07134c
069820
0603f6
056720
04d28a
0453b6
03f17a
03aa14
037316
033b2e
02ed7e
0275e2
01c54a
00d568
ffab08
fe564c
fcf0ee
fb9abc
fa74f2
f99d44
f92954
f9237e
f989a0
fa4de8
fb597e
fc9048
fdd550
ff0ef2
002a12
011c06
01e2ea
02847a
030c00
0387b8
0405e2
04923c
0533fe
05ecb6
06b7d4
078b28
085806
090d16
09986e
09ea02
09f620
09b78e
093102
086d48
077e8a
067c5e
05809c
04a3ae
03f912
038cae
036126
036fca
03aa14
03fc82
045220
049824
04c0c6
04c4d8
04a3c8
04624e
040852
039e34
032a58
02af58
022b7a
01991e
00f018
002774
ff3736
fe1982
fccb5a
fb4cda
f9a11a
f7cdfa
f5dbda
f3d58c
f1c872
efc47c
eddb7e
ec1ff2
eaa318
e972b4
e896c2
e80f80
e7d49e
e7d612
e7fe5e
e8360c
e867a4
e8835c
e881b0
e8640e
e83394
e7fe50
e7d384
e7bfaa
e7c952
e7ef76
e829ac
e869fa
e89fea
e8bc0c
e8b34a
e880f8
e827b6
e7b0f4
e72b54
e6a87e
e63abe
e5f2cc
e5de22
e605e4
e66e7a
e717a2
e7fcd0
e915e8
ea5822
ebb70c
ed25ce
ee9852
f00464
f16284
f2ae56
f3e6a0
f50cd8
f6245e
f7318c
f83896
f93c8e
fa3eaa
fb3e1a
fc3860
fd29b0
fe0d92
fedfbe
ff9d02
0043e6
00d530
01541c
01c64a
023380
02a4c6
032368
03b7ac
0467aa
05363c
062270
072748
083c32
0955e6
0a67f6
0b6670
0c477c
0d0496
0d9b40
0e0d06
0e5eb2
0e9708
0ebcda
0ed51a
0ee12e
0ede5e
0ec608
0e8eda
0e2ea2
0d9cc8
0cd4d6
0bd85a
0aafee
096a9c
081c0e
06d9b6
05b78c
04c4de
040a06
03876a
033612
0309ca
02f3f2
02e680
02d65c
02bcda
0297de
0268ea
023354
01fa30
01be98
017ec8
01361a
00de0c
006fe6
ffe6b4
ff40fc
fe81ca
fdb0ea
fcda66
fc0d7e
fb5ae4
fad2e4
fa8368
fa765c
fab078
fb30da
fbf128
fce670
fe0288
ff3602
00723c
01ab24
02d886
03f6ca
0506bc
060c42
070c82
080bd6
090c10
0a0b3a
0b0376
0bebb2
0cb93e
0d6196
0ddc4a
0e246a
0e392c
0e1dc0
0dd88c
0d7200
0cf358
0c656e
0bcff6
0b393c
0aa62e
0a1ab6
0999f2
09262a
08c0ac
0869a4
082014
07e1b0
07aae2
07770e
074138
0704ae
06bd68
0667fa
06015a
0586a2
04f4c0
04483c
037d1a
028f46
017b70
00401c
fede88
fd5b3c
fbbe2a
fa122a
f863f2
f6c098
f533fc
f3c728
f27f46
f15d2e
f05e0e
ef7c8a
eeb21e
edf8ca
ed4cc0
ecad7e
ec1dfc
eba410
eb4732
eb0ed2
eb00a8
eb1f0e
eb6800
ebd4d8
ec5b06
eceda2
ed7f74
ee04f8
ee75fa
eecea6
ef0fa2
ef3d5a
ef5eaa
ef7b1a
ef9936
efbd18
efe7b8
f0171c
f0475e
f0743e
f09acc
f0baea
f0d852
f0fade
f12dd2
f17e5e
f1f982
f2a9ce
f3953c
f4bba2
f615f4
f79692
f92a76
fabb54
fc323e
fd7a7e
fe841c
ff4600
ffbf70
fff87a
00011e
ffef3e
ffdbd2
ffdf60
000e7e
0076a4
011c06
01f8de
02fe52
04170e
052afe
0623bc
06f0bc
078a54
07f328
083760
086a20
08a152
08f0f4
0966d0
0a0794
0acde6
0bab72
0c8bc6
0d586c
0dfd5e
0e6cac
0ea0a4
0e9c34
0e6986
0e1768
0db5f0
0d5336
0cf8c4
0caa80
0c66f0
0c2860
0be6b2
0b996a
0b3990
0ac2f0
0a34ca
0991d0
08dfb6
082644
076e58
06c0ee
06263c
05a4fa
0541c4
04feae
04dade
04d260
04de1c
04f44a
050934
051072
04fe24
04c826
046760
03d8e4
031e7e
023eb4
014454
003d84
ff3a6a
fe4b92
fd8080
fce67e
fc879c
fc69e4
fc8efc
fcf43a
fd9322
fe623a
ff5618
00626e
017b22
02953e
03a7b4
04abbc
059cda
067886
073dbc
07ec5e
088492
090640
0970b8
09c2ca
09fb34
0a1916
0a1c6c
0a0666
09d970
099926
094a06
08f0e4
08924a
0831e4
07d230
07747a
0718f6
06beea
066554
060b7c
05b160
0557d0
05006a
04ad40
046034
041a5c
03db54
03a104
0367b6
032a70
02e362
028c90
02205c
0199fc
00f57a
002fc0
ff4692
fe38ba
fd0660
fbb19c
fa3f36
f8b728
f724ae
f595c8
f419f2
f2c02c
f19494
f09df8
efdc44
ef4832
eed47e
ee70a0
ee0c50
ed9b26
ed1790
ec8464
ebeca6
eb6110
eaf452
eab6d6
eab2e2
eae9dc
eb5366
ebde82
ec74aa
ecfe1c
ed6652
ed9ff4
eda6dc
ed8094
ed3ae8
ece93c
eca0ea
ec755e
ec74d6
eca640
ed088e
ed9318
ee3756
eee36a
ef8554
f00dfa
f073ae
f0b3f4
f0d436
f0e13e
f0ed3e
f10cc2
f15332
f1cf16
f286de
f37712
f49234
f5c25e
f6ec70
f7f472
f8c24e
f94614
f97ae6
f96830
f920ac
f8bf86
f86424
f82d24
f833e8
f8891a
f932bc
fa2c2c
fb67c6
fcd19c
fe52d4
ffd4f4
0144c6
02946c
03bc5e
04bb74
05961c
0654ca
07021c
07a8bc
08519c
090262
09bc5a
0a7c12
0b39f4
0beb8a
0c8564
0cfd2e
0d4bf8
0d6ff2
0d6d2a
0d4d00
0d1c8e
0cea3c
0cc308
0cb016
0cb4f8
0ccf30
0cf6ee
0d20d4
0d4072
0d4af6
0d395c
0d09a8
0cbefc
0c60d4
0bf958
0b934e
0b380e
0aedbe
0ab65e
0a8fa2
0a7362
0a5892
0a3462
09fbbc
09a4d0
092874
0882fe
07b4d2
06c27a
05b45c
0495ca
0373b8
025b1e
0157a2
007292
ffb26c
ff1b24
feaed0
fe6e86
fe5b46
fe7684
fec226
ff3fe2
fff022
00d0d4
01dc5c
030914
044990
058dc8
06c4d2
07defa
08cf64
098d8a
0a15ee
0a6a04
0a8f60
0a8e4a
0a706a
0a3f78
0a0422
09c540
098796
094df6
09196a
08e962
08bc12
088f00
085f8a
082b94
07f222
07b40a
07743a
0737a2
070490
06e1bc
06d4c8
06e0c4
070518
073cf0
077f6e
07c096
07f306
0809fe
07fb62
07c108
07593a
06c64e
060d6a
0534f8
04430e
033c6c
02241c
00fbf0
ffc5a0
fe842c
fd3cf0
fbf7d6
fabeee
f99ce0
f89b0a
f7bf52
f70ac8
f6794a
f6024e
f59aca
f537a8
f4d06a
f4610c
f3eada
f373d6
f304e2
f2a730
f2619c
f236dc
f2249e
f22426
f22bfe
f2323c
f22ed4
f21d58
f1fdc8
f1d432
f1a742
f17e62
f15fec
f14fd2
f14f0c
f15bd2
f1725e
f18e26
f1aadc
f1c508
f1da48
f1e94c
f1f1e2
f1f520
f1f5a2
f1f800
f202f6
f21f36
f25650
f2b106
f334e8
f3e20e
f4b15c
f59458
f6768a
f74064
f7db3a
f835b4
f847ca
f81500
f7ac7e
f726d8
f6a266
f63e7c
f61692
f63e20
f6be3c
f79540
f8b830
fa1542
fb9700
fd275c
feb250
00279a
017bc4
02a86c
03ac50
048aba
054aa2
05f590
069616
07360a
07dcb8
088d48
0945d8
09ff90
0aafc4
0b4a1c
0bc32c
0c130a
0c374e
0c33f8
0c12c4
0be14a
0bae20
0b8612
0b71b2
0b73e8
0b89ac
0baae2
0bcc3c
0be172
0bdf92
0bbeac
0b7afc
0b1532
0a920e
09f968
0954d4
08ae42
080ea4
077ce2
06fcf2
068f40
06305e
05d954
058068
051a7e
049ce0
03ff08
033c28
025424
014c18
002e10
ff07c8
fde8e2
fce0e4
fbfd78
fb4902
fac9d4
fa823e
fa7150
fa93da
fae59e
fb6244
fc05c4
fccc6e
fdb26c
feb344
ffc92c
00eca0
02145e
0335f4
04469c
053c5a
060f06
06b924
073872
078dde
07bd22
07cbf0
07c112
07a382
0779b6
074912
0715ae
06e248
06b034
067f64
064e82
061b38
05e284
05a150
05550c
04fc6c
049802
042ac8
03ba1c
034d54
02ecc0
02a038
026d8e
02570a
025a4a
026fee
028c00
029f4a
029948
026a8c
02072a
016898
008ef2
ff815e
fe4d54
fd04de
fbbbee
fa8592
f9715a
f8893c
f7d05a
f742d4
f6d6f8
f67f68
f62dd8
f5d5a8
f56e0e
f4f354
f466ea
f3ce92
f3329a
f29bb6
f21110
f19702
f12ea0
f0d606
f0898c
f04536
f00646
efcc38
ef990a
ef70c6
ef5846
ef53d4
ef65dc
ef8e42
efca38
f014de
f06862
f0bf52
f115b8
f169d2
f1bc2c
f20f04
f2653e
f2c138
f323d8
f38be4
f3f5fc
f45d5a
f4bcfc
f510c6
f5565a
f58d90
f5b85a
f5da28
f5f700
f61286
f62f56
f64ec0
f670f0
f6957e
f6bc0e
f6e4e6
f7113e
f74310
f77c94
f7bfc0
f80e02
f86850
f8cf88
f94504
f9cb06
fa6510
fb1790
fbe726
fcd766
fde956
ff1a26
006282
01b6ec
030900
044978
056a62
066158
0728e2
07c0d6
082db8
087764
08a77a
08c7b2
08e0a2
08f8f2
091560
093926
096682
099eec
09e318
0a3298
0a8b7c
0aea06
0b48c8
0ba13c
0becc2
0c25ce
0c48e8
0c551c
0c4bb4
0c2f56
0c02ea
0bc872
0b8056
0b2912
0abfc4
0a4160
09ac36
090152
08451c
077f1a
06b8d8
05fc32
05515c
04bd46
0440bc
03d878
037e18
0329ba
02d3cc
0276da
0210c8
01a360
013418
00cb12
0071bc
003126
0010c2
00158e
0041d6
009552
010d8e
01a66e
025aac
03244c
03fcf0
04de0c
05c10c
069f8a
077394
083810
08e930
0984f6
0a0b98
0a7f84
0ae4e2
0b40c8
0b9828
0beec6
0c4648
0c9dc0
0cf1e0
0d3d80
0d7a88
0da300
0db23e
0da5a2
0d7d02
0d3a62
0ce14c
0c75fa
0bfcc8
0b79c8
0af090
0a6448
09d7e4
094e28
08c978
084b52
07d39e
075ff0
06eb2a
066da0
05de08
053326
0465aa
037228
025a9a
0126f0
ffe484
fea472
fd794c
fc743a
fba24a
fb0a5c
faac06
fa7faa
fa77be
fa82d2
fa8e16
fa8822
fa6360
fa17cc
f9a3d4
f90c24
f85a7e
f79bce
f6dde4
f62d5c
f593b0
f515f2
f4b462
f46b0a
f43340
f40582
f3db5e
f3b0e8
f38580
f35ba8
f3383a
f3210c
f31b6e
f32b00
f3511c
f38cd6
f3db86
f43984
f4a312
f514e6
f58c60
f60746
f68328
f6fcd2
f76ff2
f7d730
f82cda
f86bb8
f89002
f8980a
f88494
f858ac
f818fe
f7cb0c
f77470
f71a0e
f6bfda
f668ee
f6182a
f5d090
f5958c
f56ade
f55472
f555a6
f57076
f5a516
f5f20a
f654a6
f6c9ca
f74ed2
f7e288
f885be
f93b26
fa0696
faebb0
fbec3a
fd0696
fe34b2
ff6be4
009daa
01b96e
02aec6
03700a
03f476
0439be
04448c
042000
03dc36
038c34
03435c
0312f0
0307f0
0329ca
0379a8
03f2ae
048af6
053518
05e1c4
0681be
0707c4
076a58
07a4f2
07b870
07aae2
078670
07575a
0729a6
0706ae
06f326
06edda
06ef88
06ebe8
06d3d2
069822
062cd0
058b7e
04b4f6
03b130
028e1c
015d3a
0030d0
ff192a
fe2232
fd51fe
fca898
fc2106
fbb33c
fb567c
fb0398
fab68e
fa6f4a
fa318a
fa03d8
f9ee02
f9f776
fa2598
fa7a98
faf4ce
fb8ed4
fc4018
fcfe0e
fdbda4
fe74c6
ff1b88
fface6
00271c
008b9c
00dea6
012698
016acc
01b278
020392
0261b2
02cd56
0343bc
03bf58
0438a2
04a728
0502f4
0545f6
056d1e
0578d6
056cbe
054ee4
052670
04f9f2
04cdc0
04a31e
04782c
044876
040e16
03c340
0363c8
02ee62
02650e
01ccdc
012cd6
008c7a
fff226
ff61e2
fedcb8
fe60d0
fdea5c
fd74fa
fcfd32
fc81b4
fc041e
fb88fe
fb1706
fab5ca
fa6bea
fa3d6c
fa2a78
fa2ee0
fa42b8
fa5ba6
fa6f06
fa742a
fa662c
fa44b6
fa13fe
f9db98
f9a45c
f975c2
f953b2
f93d20
f92bf8
f91652
f8f0c0
f8b14c
f8524a
f7d45e
f73f28
f6a078
f60a28
f58efe
f53f70
f526e2
f549e0
f5a594
f63064
f6dbba
f7965c
f84ee0
f8f5dc
f97f9c
f9e550
fa258a
fa43e2
fa47fe
fa3c26
fa2b6e
fa1faa
fa1f7e
fa2d08
fa453c
fa6070
fa73ea
fa7424
fa578a
fa18e2
f9b8ec
f93ed4
f8b742
f83228
f7bfdc
f76e3a
f7468a
f74c9c
f77f2e
f7d93c
f853ec
f8e8b8
f992fc
fa5082
fb2142
fc066c
fd0130
fe119e
ff35e6
006a2c
01a914
02ec4c
042d36
056538
068da8
079f8e
089380
0961e6
0a03d6
0a7492
0ab314
0ac378
0aaf94
0a866c
0a5a62
0a3e34
0a4180
0a6d86
0ac30a
0b39d0
0bc1fc
0c4714
0cb40a
0cf76c
0d06ec
0ce174
0c8f72
0c2138
0babb2
0b443a
0afc7e
0adf00
0aed04
0b1df0
0b608c
0b9dae
0bbc04
0ba44c
0b454e
0a96ee
099be0
0861bc
06ff1e
05904e
0432b8
03002a
020abe
0159fe
00e9f0
00ac2e
008b08
006e06
003ed8
ffedc6
ff7496
fed77c
fe23f6
fd6df0
fccbda
fc529e
fc120e
fc12ae
fc54f2
fcd20a
fd7ddc
fe4964
ff251a
0002da
00d716
019952
024406
02d472
034a4e
03a78e
03efde
042824
0455c4
047dd8
04a44e
04cb12
04f1a0
051516
053104
054090
053fcc
052cae
050798
04d30a
0492b2
044a0c
03fb1c
03a59a
0346f6
02db4e
025f22
01d13e
013430
008efc
ffec76
ff5978
fee20e
fe8e50
fe5fee
fe50ea
fe542c
fe57e2
fe490c
fe1792
fdb9fa
fd2fca
fc81f6
fbc130
fb025e
fa5a14
f9d83c
f984b4
f95dae
f95842
f962f4
f969c2
f95a66
f92824
f8cdfc
f84f38
f7b62a
f71192
f6714e
f5e364
f571a2
f5206a
f4eea6
f4d6ea
f4d12a
f4d4b4
f4d9b8
f4da74
f4d3f2
f4c650
f4b47c
f4a3be
f49ada
f4a110
f4bcc6
f4f240
f54280
f5aa80
f62312
f6a18c
f71968
f77e64
f7c6ea
f7ee18
f7f51c
f7e326
f7c424
f7a648
f796c8
f79ee6
f7c1ce
f7fbce
f842fa
f8896a
f8c056
f8db82
f8d434
f8aae2
f86772
f817c4
f7cd32
f79958
f78b10
f7abf0
f7fede
f87ff0
f92576
f9e1fc
faa67e
fb64c2
fc1168
fca598
fd1fe8
fd8448
fddb30
fe302a
fe9020
ff0756
ff9f80
005dee
014278
02472e
0360da
048062
0594e0
068e00
075e32
07fc66
086544
089b8a
08a77e
089598
08746e
0852a0
083cb6
083b50
0851c4
087d9a
08b6ee
08f1aa
091f7a
093214
091de4
08dc8c
086e7e
07db94
073208
068456
05e5de
056706
0511a4
04e688
04dcf8
04e3f8
04e57c
04cac0
048114
03fdee
03415e
02562e
014fd0
004646
ff515c
fe83ec
fde87c
fd7fd0
fd41a0
fd1f18
fd0688
fce756
fcb55a
fc6ae2
fc0924
fb9756
fb20d2
fab2dc
fa5a82
fa22e8
fa1474
fa3480
fa8562
fb0664
fbb3b2
fc8682
fd7540
fe7430
ff7670
006f7e
0154fe
02204e
02cf5a
0364a2
03e640
045c16
04cd62
053e98
05afda
061cb0
067d04
06c714
06f1c2
06f6ac
06d3a4
068b04
0622cc
05a30c
0513f0
047c32
03e03a
03423c
02a338
020462
016844
00d358
004bae
ffd756
ff7a6c
ff350a
ff0210
fed70c
fea5b2
fe5e86
fdf450
fd5f96
fca120
fbc2da
fad6b2
f9f37c
f9308e
f8a134
f850aa
f83fa4
f863c2
f8a93e
f8f680
f930cc
f94116
f917fa
f8b056
f80fd8
f745ac
f667b2
f58eac
f4d220
f4449a
f3f10c
f3d9b4
f3f854
f43fe2
f49f14
f5039a
f55d3e
f5a082
f5c860
f5d6c2
f5d3d6
f5cc42
f5ce8e
f5e868
f623fa
f685e8
f70c4a
f7aee0
f8604e
f91066
f9aeee
fa2e56
fa8604
fab3ba
fabbc8
faa82c
fa86b4
fa66ae
fa561e
fa5f54
fa8752
facd34
fb2a78
fb9426
fbfcac
fc5654
fc95c8
fcb402
fcaf88
fc8d00
fc56d0
fc1bde
fbed8a
fbdd44
fbfa36
fc4f1e
fce0c4
fdad26
feab9c
ffce2e
0103ce
023ae6
0363f0
04737a
0563b6
063502
06ed64
0796fe
083dfa
08ee3e
09b126
0a8bc0
0b7d94
0c806a
0d88d2
0e8778
0f6b16
1022fa
10a198
10deb0
10d928
1097fc
102a10
0fa47a
0f1f74
0eb266
0e6f96
0e6058
0e82a4
0ec8ac
0f1ad0
0f5bca
0f6e5c
0f3b42
0eb67e
0de298
0cd11c
0b9fb8
0a72d0
096e76
08af80
0845cc
08314e
086212
08bb62
09194a
095744
0956b4
0903c8
08581e
075ae6
061ea2
04bd38
035350
01fbd8
00cc56
ffd29a
ff13ce
fe8cc0
fe334a
fdf888
fdcb78
fd9bda
fd5d02
fd082e
fc9e22
fc277e
fbb3e0
fb5782
fb27e0
fb379e
fb92c4
fc3bf0
fd2b24
fe4e82
ff8d12
00cad4
01ed98
02e13a
039a9e
041882
046272
04862a
04940a
049b50
04a6f8
04bbf8
04d930
04f88a
0510fc
0518d6
0507c4
04d82e
048792
04166e
0387a4
02dfd2
0224a8
015c82
008e4a
ffc166
fefd86
fe4a58
fdaed2
fd3012
fcd026
fc8d2a
fc611e
fc4214
fc2356
fbf738
fbb184
fb49d0
fabd38
fa0f3c
f94996
f87aec
f7b470
f706c2
f67ef0
f623f6
f5f54a
f5eae8
f5f6d6
f607ce
f60c82
f5f6fa
f5bf4e
f56536
f4effc
f46cfa
f3ecfc
f380fc
f336e8
f3170e
f322b0
f353cc
f39e62
f3f2ae
f43fdc
f476d0
f48c96
f47c18
f446c6
f3f43a
f390ec
f32c36
f2d5fa
f29c34
f288d2
f2a040
f2e0a6
f34268
f3b964
f436f8
f4ac44
f50cb0
f54ff8
f57376
f57a50
f56cac
f55620
f543b2
f54192
f55904
f58eb6
f5e1de
f64c54
f6c34a
f738da
f79e0a
f7e528
f803f0
f7f554
f7bacc
f75ccc
f6ea26
f67660
f61748
f5e20c
f5e812
f6343e
f6c90c
f7a01c
f8ab4a
f9d716
fb0dce
fc3b0e
fd4ef4
fe4074
ff0e72
ffbf48
005f28
00fd60
01a944
026f2e
035632
045ea8
0581e0
06b2d2
07dfb8
08f43e
09dc2e
0a861c
0ae5f0
0af722
0abdde
0a471c
09a770
08f878
08552c
07d582
078a5e
077a98
07a1b2
07f092
085038
08a640
08da46
08dada
08a126
083270
079f44
070036
0670fc
060af4
05e028
05f7b2
064c54
06cd4a
076116
07e9a0
0848f6
0865f2
082fe4
07a10c
06bf5a
059b7e
044e5c
02f584
01af32
0095f8
ffbd04
ff2d74
fee568
fed8f8
fef4ba
ff21d0
ff4aa0
ff5f32
ff5882
ff39f2
ff1078
feefd2
feee2a
ff1f54
ff907c
004548
0136d0
0254c4
038844
04b7b6
05caf2
06aecc
07578a
07c1f2
07f2c0
07f4f8
07d766
07aa04
077b78
0756fc
074314
074108
074cf2
075e82
076aa0
07655c
07440c
06ff30
069402
06055c
055bb2
04a3fa
03edbc
0348a6
02c20a
0262b6
022d3a
021d4e
022878
023f84
0250d4
024b34
0220be
01c91a
0142b6
0092e8
ffc4e2
fee7c8
fe0c34
fd417e
fc9364
fc0852
fba0f2
fb58c6
fb27a4
fb03ba
fae390
fabfc0
fa940e
fa5fcc
fa257a
f9e9fc
f9b37a
f98870
f96ed2
f96b58
f980b2
f9aefc
f9f368
fa481c
faa448
fafc9c
fb44b0
fb70e4
fb7882
fb57c0
fb1128
faade4
fa3c98
f9cefe
f976bc
f941fa
f93888
f95a56
f99fa4
f9fad6
fa5b9a
fab266
faf3aa
fb1a02
fb26e4
fb21c8
fb1604
fb1030
fb1b74
fb3f78
fb7f28
fbd862
fc4488
fcb986
fd2b16
fd8bfe
fdcf50
fde9c8
fdd360
fd88c0
fd0c96
fc687c
fbad1e
faf0fa
fa4dce
f9dd00
f9b36e
f9dda4
fa5d26
fb27b8
fc28da
fd4586
fe613e
ff636e
003bf6
00e610
0168d4
01d51a
02415a
02c49a
037172
04522e
0566b0
06a470
07f86e
094a7a
0a80ee
0b8448
0c4206
0caea4
0cc670
0c8da8
0c0fe0
0b5ed8
0a90d8
09be88
090014
086a1c
080ab4
07e6de
07f934
08323e
087adc
08b866
08d1ec
08b568
085bee
07cbc6
0717f8
065d12
05bbb0
05522a
05366c
057184
05fd84
06c62e
07ac22
0889f2
093a24
099cbe
099bb2
092da2
08569c
0726f0
05b8ac
042c02
02a32e
013e52
0017ce
ff4168
fec294
fe980c
feb4da
ff04c4
ff6fd8
ffde7e
003d86
00815a
00a7bc
00b7d0
00c040
00d3f4
0105e6
01652e
01f9d0
02c2e2
03b67c
04c346
05d370
06d042
07a5ae
084528
08a776
08cd5e
08befc
088a12
083f82
07f090
07ac54
077dc6
076a26
077056
07890c
07a848
07bf56
07bf42
079b6a
074bb0
06ce26
06278c
0562aa
048e70
03bb96
02f9c2
0254dc
01d2d4
0172ae
012cd2
00f482
00ba2c
006e40
0003ec
ff7368
febb2c
fde002
fcec24
fbed64
faf2de
fa0a9c
f93f8a
f89820
f815dc
f7b574
f76fec
f73c02
f70fdc
f6e2b6
f6ae3e
f66f70
f626f4
f5d91c
f58d4a
f54cc2
f520dc
f5113a
f521fe
f55276
f59c82
f5f510
f64da8
f696ca
f6c28c
f6c740
f6a180
f65522
f5ecba
f577bc
f507b2
f4ad10
f4745e
f4644c
f47cf6
f4b896
f50d60
f57014
f5d66c
f638e2
f6938e
f6e636
f73366
f77f42
f7ce3a
f8242e
f883be
f8ee1c
f96320
f9e156
fa65d4
faebec
fb6d1c
fbe14a
fc3f5c
fc7e5e
fc96fc
fc8570
fc4b26
fbefa2
fb8042
fb0ec2
faaee0
fa7376
fa6b82
fa9fde
fb1234
fbbd5a
fc96c4
fd90f8
fe9e32
ffb2c8
00c696
01d572
02deac
03e3bc
04e6bc
05e8e6
06e9d8
07e72c
08dca6
09c4e2
0a9a1e
0b56ba
0bf598
0c7248
0cc946
0cf824
0cfdde
0cdb68
0c9446
0c2f08
0bb54e
0b3306
0ab52c
0a47f8
09f4ea
09c0e4
09ab04
09acb8
09bae0
09c80e
09c730
09ae5e
0978ea
092856
08c416
085832
07f2e8
07a1d8
076f44
075fe8
0771ea
079ce8
07d338
080410
081dfe
08118a
07d38c
075f0e
06b63e
05e260
04f2c2
03fb00
031084
0247a4
01b0b0
0155a0
0138e2
015558
019f94
02083e
027f3a
02f6ca
03660c
03ca68
042780
0485d0
04f026
0570b6
060e66
06cace
07a166
0887f4
096ffc
0a4916
0b0380
0b9284
0bee42
0c14d4
0c0aa8
0bd9da
0b90f8
0b4140
0afc84
0ad2c0
0acfac
0af8ba
0b4bce
0bbf1e
0c4256
0cc0f8
0d25c4
0d5e8c
0d5fa8
0d2626
0cb85c
0c2498
0b7e2a
0ad92e
0a463e
09ceec
0973ee
092d40
08ec2c
089ec6
0833fc
079f70
06dc02
05ecc2
04dc3a
03ba3c
0298d8
018956
00999a
ffd262
ff3670
fec302
fe70fc
fe3640
fe071c
fdd7de
fd9e44
fd52aa
fcf0f8
fc7944
fbf022
fb5e4c
facf72
fa505e
f9ec8a
f9abb6
f98fd2
f993be
f9ab70
f9c590
f9ce72
f9b3a4
f967b4
f8e550
f830e6
f7586c
f67140
f594b4
f4dbb4
f45abc
f41e60
f42992
f47588
f4f372
f58f94
f634f6
f6d0e4
f755c8
f7bcc0
f805f4
f837a6
f85c62
f880a2
f8b088
f8f5c4
f9562c
f9d2e0
fa6804
fb0d14
fbb5ca
fc5398
fcd768
fd3396
fd5dec
fd5182
fd101c
fca2da
fc19c4
fb8a50
fb0cc4
fab8e4
faa298
fad716
fb5b16
fc2a44
fd380c
fe71f0
ffc292
01153a
0258d4
0381f2
048bba
057754
064a92
070de0
07c9ec
088588
094444
0a05fe
0ac712
0b80e8
0c2adc
0cbb6e
0d2966
0d6cc4
0d7fba
0d5f56
0d0c10
0c8a2a
0be1ee
0b1f4e
0a50f8
0986de
08d068
083a80
07cdac
078cb2
077428
077b04
079448
07b13c
07c412
07c22c
07a5f6
076fa6
0724f2
06cf94
067b1a
06328a
05fe0c
05e128
05d9e8
05e116
05eb44
05ea72
05d070
059128
0524b0
04889c
03c0ba
02d6f8
01da96
00de52
fff5f6
ff3394
fea534
fe52ca
fe3d26
fe5e16
fea9ae
ff1078
ff821e
fff024
00507c
009f0e
00dde6
01143a
014c62
019176
01ecb6
02633e
02f48c
039a02
0447ac
04edf6
057c36
05e368
061918
0619ae
05e9b4
0595ca
05313e
04d338
0492e6
048326
04aed2
05161e
05add4
0660c2
071342
07a866
080798
082164
07f286
07847a
06eb5c
064190
05a214
0522d6
04d03a
04aaee
04a846
04b4fe
04b9ac
049fcc
045674
03d56e
031e6e
023c20
013fe6
003eba
ff4dd0
fe7f80
fde0f0
fd78ec
fd477c
fd4650
fd69dc
fda2e4
fde03e
fe10fe
fe26b0
fe1782
fddff6
fd83c0
fd0d88
fc8d48
fc1576
fbb7a8
fb8120
fb77b2
fb9824
fbd63a
fc1eca
fc5b1a
fc7530
fc5c36
fc07fa
fb7aea
fac21c
f9f34c
f9293c
f87f16
f80bcc
f7de3c
f7fae8
f85b72
f8f02a
f9a2fc
fa5b74
fb02f2
fb885a
fbe290
fc116a
fc1cf8
fc1390
fc06e2
fc08c4
fc2834
fc6ee2
fcdff2
fd77bc
fe2c54
feeec4
ffacfc
00544e
00d3e8
011f04
012eca
0103c0
00a67e
002720
ff9b96
ff1cdc
fec374
fea3ca
fecaf2
ff3c8e
fff238
00dcb6
01e6dc
02f934
03fe1c
04e536
05a5ae
063ed4
06b72a
071a0a
0774d8
07d3ee
08402a
08bd7a
094a94
09e19a
0a791e
0b0586
0b7a7e
0bcc5c
0bf174
0be342
0b9f7c
0b28e4
0a87c2
09c9c4
0900f4
0841ca
07a06e
072da4
06f3d6
06f508
072a20
0783f6
07edf6
0851ce
089b7a
08bcd6
08afee
0877b0
081ec4
07b512
074c68
06f4fe
06ba7e
06a22a
06aa3e
06ca9e
06f684
071e98
07335c
072760
06f146
068d0a
05fc9c
0547f2
047c72
03abac
02e93e
024852
01d8c8
01a4da
01af4a
01f310
02642e
02f1c8
038906
041886
049352
04f2f0
053808
05699c
0592fe
05c0ea
05fe7a
065286
06bdf8
073b5c
07bfc0
083c9a
08a27a
08e3b8
08f6ca
08d7f6
088a4e
08178a
078ed2
0702b8
06869c
062bec
05ff76
060736
06414c
06a420
071fc8
07a070
0811b2
086212
0885fc
087986
0840ce
07e6dc
077b34
070e7e
06aeee
06655c
063384
0613c0
05fa4e
05d7d2
059c7c
053b6a
04ad94
03f368
03151c
022198
012c50
004a20
ff8dee
ff059c
feb7ca
fea2a4
febc14
fef352
ff3386
ff66ee
ff7a4e
ff601e
ff12be
fe9580
fdf410
fd40aa
fc912c
fbfb82
fb920c
fb6078
fb69b0
fba72c
fc09ca
fc7c28
fce61a
fd3094
fd498a
fd271c
fcc97a
fc3b3c
fb8fdc
fae0bc
fa48f0
f9e0d0
f9b9f4
f9dc4e
fa44d8
fae62c
fbaae4
fc794e
fd37ee
fdd1ac
fe3938
fe6aba
fe6bce
fe49e2
fe175a
fde7e8
fdcd00
fdd33e
fe00ca
fe54f6
fec8bc
ff5016
ffdbda
005bd0
00c0a4
00fdca
010b0c
00e5be
009184
00189e
ff8b6e
feff02
fe8aa0
fe44b0
fe3f52
fe852c
ff171c
ffeb96
00efae
0209ee
031e8c
0413f8
04d740
055ef4
05ac5a
05ca5a
05caec
05c304
05c64a
05e33a
0620be
067d50
06efc0
076944
07d85e
082c24
08571c
08515a
081996
07b524
072f24
0696ca
05fd2e
0572d0
05053a
04bd12
049ce2
04a0c6
04bf2e
04ea9c
0513fa
052d3a
052bca
050aa4
04cb20
04746a
041202
03b19a
036086
032942
031194
0319aa
033c10
036e6e
03a30e
03cafc
03d84c
03c058
037d9e
0310fa
028206
01de7e
01388a
00a430
00342e
fff6b6
fff2c8
00268c
00874c
010312
01839c
01f266
023cde
0257d4
02417c
02018c
01a776
01475a
00f5f0
00c4a6
00be9a
00e70c
013934
01a98e
022852
02a458
030dfa
035930
037f10
037e64
035bac
032050
02d930
0294ee
026216
024d52
025f86
029c34
030088
03834c
0415cc
04a5ee
052102
0576f2
059d42
05913c
0558c6
05017e
049e56
0443ea
04047c
03ec40
03feae
0435b0
0482c8
04d1fa
050dc4
052360
05069c
04b424
04320c
038e78
02dcea
0232ac
01a324
013cda
01076c
010322
012982
016ee8
01c476
021a10
026042
0289da
028d20
0264d8
0210e4
01968a
010024
005c34
ffbb9e
ff2f44
fec544
fe8644
fe739e
fe86d4
feb26e
fee420
ff083c
ff0daa
fee99a
fe99ca
fe2552
fd9b84
fd114e
fc9d46
fc5394
fc4278
fc6fec
fcd8c2
fd716a
fe282a
fee812
ff9c68
00339c
00a18e
00e0d8
00f320
00e06e
00b5a0
008276
005752
004302
005092
0085c6
00e22a
015f1a
01f0a6
028732
0311be
0380bc
03c8b6
03e484
03d6a0
03a93c
036ce4
0335f6
031938
032824
036d8e
03eb42
04993a
0566a2
063c82
0701b2
079f3c
080478
082a04
08130c
07cc9c
076b26
0706b6
06b6a0
068d7c
06961e
06d23c
073a82
07c026
084fc2
08d4a8
093c3e
0978ce
09837c
095d28
090e12
08a478
08324e
07ca4a
077cc2
0754c2
07561e
077c94
07bc5e
080402
083f76
085bd0
084ae0
0805e0
078ebc
06efba
06397c
057fbe
04d57c
044984
03e400
03a578
038784
037eac
037d3a
037626
035f78
0333d2
02f308
02a1cc
024852
01f0ce
01a5c4
01709a
01587e
01618e
018c34
01d4f4
0234ae
02a104
030d6a
036cb6
03b302
03d778
03d612
03b09e
036ec2
031cce
02c988
028388
025676
0248c6
025a70
028506
02bd50
02f5e6
03224c
0339d0
0339b0
0325c2
0307ae
02ecba
02e306
02f69e
032ef8
038d9e
040e06
04a6c2
054b9c
05f00c
06895a
07102a
078120
07dc92
082560
085faa
088f8e
08b860
08dc3a
08fc06
0917b2
092e94
093f98
094938
094928
093c62
091f48
08ee1c
08a5e4
084566
07ce2c
074524
06b2a0
062180
059dbe
053282
04e806
04c224
04bf8e
04d9c8
050642
0537fc
056178
05768e
056dec
0541d8
04f080
047bd2
03e8fe
033f84
028832
01cc1e
0113c6
00663e
ffc858
ff3be4
febf7e
fe4efc
fde454
fd78e4
fd0710
fc8bf2
fc0892
fb8260
fb02a0
fa94f8
fa4576
fa1e40
fa2572
fa5bf2
fabd2c
fb3fe8
fbd7bc
fc7738
fd11e6
fd9dfc
fe1574
fe7624
fec11c
fef9c2
ff2492
ff461c
ff6248
ff7c02
ff951e
ffae76
ffc808
ffe122
fff8be
000dbc
001f32
002ce4
0037ac
0041ea
004fc2
00670e
008eb0
00cd86
012906
01a3be
023c2a
02ec06
03a886
046382
050d76
059804
05f840
0628c6
062ade
060684
05c91a
058338
05459c
051e32
051584
052d32
055fa6
05a102
05e162
060fc0
061d30
05ff80
05b32c
053c02
04a46c
03fbb2
03536e
02bcb6
02455c
01f5ee
01d0a8
01d168
01eee0
021c46
024b64
026ee0
027c50
026d80
024106
01fa3a
01a080
013dda
00dd36
0088b4
0047b6
001d9a
000912
00044a
0005d6
00028c
ffef8c
ffc446
ff7c2e
ff17fc
fe9e0c
fe19d2
fd9a28
fd2f0c
fce76e
fccf16
fcecb2
fd4088
fdc44c
fe6bbe
ff25fc
ffdf72
008440
01030c
014fa6
016500
014654
00ff2a
00a20a
004594
0000e2
ffe790
00063c
005ff6
00ed82
019e80
025c5e
030e8e
039f0e
03fe84
0426fe
041cac
03ec9e
03a9d0
036920
033d6a
03348c
035592
03a068
040ecc
04965e
052ae8
05c0be
064e4c
06ccc2
07381c
078ed4
07d160
0801b6
0822ee
0838e6
0847da
0853e6
086038
086dfc
087baa
0884d6
088284
086c54
083a46
07e6ee
077140
06ddcc
0636f8
058be4
04ee1a
046e7c
041a4c
03f8b2
04094e
044438
049b50
04fca6
05559c
0595e2
05b1c4
05a386
056bb6
05104e
049b0a
04178c
03915e
03125e
02a1c8
0243e0
01f9dc
01c240
0199ac
017b96
01630e
014b56
013084
011012
00e962
00be02
0091a8
0069de
004d98
004442
005476
0082bc
00d07c
013b94
01be92
02513a
02e9a0
037de6
040602
047cf8
04e182
053624
058088
05c7fc
0613b2
06691a
06ca84
073678
07a7ba
08162a
08784e
08c53c
08f648
09086e
08fcfa
08d992
08a73e
0870ea
084194
082278
0819a8
082924
084ec4
0884dc
08c36c
090196
093716
095d58
09701a
096da2
095680
092ce8
08f448
08b0ba
0866b8
081ae0
07d1d2
078fc2
075802
072c8c
070d58
06f7d0
06e6d4
06d330
06b480
0682b8
0637cc
05d132
0550c6
04bcec
041fbc
03853c
02f936
0284f8
022d7c
01f298
01cf58
01bb40
01ac44
019916
017b38
015050
011a56
00dedc
00a588
007612
00564c
0048cc
004c66
005c80
007214
008526
008e52
00885e
007108
00496e
0015ac
ffdc4a
ffa534
ff78a0
ff5e0a
ff5b6c
ff748a
ffaa52
fffa74
005f72
00d124
01455a
01b0e2
020908
024540
0260a0
025ae6
0238d0
020392
01c78c
01925c
017074
016ac0
018518
01bd8e
020caa
0266b4
02be08
0305ae
0333a6
034294
03329c
030926
02cfb6
029202
025bde
02373c
022aee
0239d4
0262be
02a0dc
02ecb4
033d3a
038900
03c77a
03f1de
040400
03fcc2
03de6a
03ae72
037516
033c42
030e1c
02f326
02f06a
0305ca
032d3e
035b58
038106
038e1c
037462
032ac0
02afa8
020a10
0148e4
0080ae
ffc818
ff33be
fed278
feaab0
feb962
fef2cc
ff44f8
ff9b4e
ffe270
000b6c
000df0
ffe8fc
ffa220
ff43a6
feda1a
fe71e8
fe1570
fdcbb6
fd97de
fd7952
fd6c6a
fd6b1e
fd6df0
fd6d14
fd616c
fd4580
fd1676
fcd4f2
fc859e
fc3102
fbe272
fba632
fb875a
fb8dba
fbbc08
fc0ef0
fc7d9c
fcfb90
fd7b42
fdf0d6
fe5492
fea442
fee354
ff198c
ff509a
ff9162
ffe1a6
004288
00b042
012318
019106
01f020
0238c4
0266f6
027ace
02780e
026518
024978
022c8a
021460
020542
0201a0
020a4c
021ed6
023e08
026632
029544
02c8ec
02fec6
033478
0367c8
0396a2
03bf50
03e0c8
03faf8
040eda
041e82
042cd0
043d2c
045330
047206
049bb8
04d084
050e6a
05512c
0592b8
05cc0e
05f69c
060dbe
060fce
05feb2
05df96
05b9e6
0595da
057ac4
056d46
056e72
057be0
05907e
05a5ee
05b636
05bd1e
05b928
05ab7a
05970e
057f98
056830
05523c
053d00
0525f0
050972
04e3c0
04b1be
0471be
0423b4
03c90c
036450
02f8e8
028ae6
021eca
01b952
015f8c
011690
00e310
00c892
00c8dc
00e362
0114dc
01572c
01a1f6
01eb9a
022a30
025488
02630e
02509e
021b42
01c478
01515a
00ca98
003bd0
ffb27c
ff3c28
fee47a
feb362
feabd6
fecb02
ff0892
ff5858
ffacb8
fff958
0035c2
005ef8
007790
0086a0
0095ae
00ae02
00d642
0110c0
015b14
01aefa
020400
0251e4
0292b6
02c428
02e796
030162
03179e
033068
03508e
037aa2
03aed2
03eb72
042d98
047196
04b352
04ee94
051f10
05407e
054ea4
0545e4
052444
04ea24
049ace
043ccc
03d95e
037b5c
032dc8
02f9da
02e550
02f186
031b18
035a36
03a3c4
03eae6
0422b0
044018
043b88
0411ca
03c4c4
035b78
02e136
0263de
01f1a4
0196c8
015b4e
014120
014332
0155fc
016980
016c68
014f7e
010924
009816
000400
ff5c62
feb67a
fe28d2
fdc578
fd96ee
fd9f58
fdd7ec
fe323c
fe9c38
ff043e
ff5c4e
ff9d02
ffc64a
ffde04
ffedfe
00011a
002056
00514e
0095ae
00eb1a
014c44
01b23e
02150e
026c3a
02af36
02d5fe
02da8a
02bace
027aac
022558
01cd12
0188f4
0170a4
019654
020082
02a668
036fb4
043890
04da32
053568
053cae
04fae8
0493fe
043e6a
0436d4
04afd8
05c284
07652a
096a34
0b8784
0d665e
0eb7fc
0f48ae
0f0c28
0e2030
0cc4de
0b4c72
0a0660
092bf4
08d3ea
08efba
0952c8
09c162
0a02cc
09f0fc
09823e
08c994
07ee76
071f62
068364
062f16
062020
064062
066f8e
068f1c
068c6a
066622
062bb6
05f67c
05dede
05f22e
062bec
0674f6
06a934
06a1ee
064228
05810c
046eb8
03324e
020234
0117ce
00a1fa
00ba8c
0160e4
027a72
03d922
054554
0688c4
07780c
07f8f8
08046a
07a37e
06ea30
05f234
04d570
03a8b0
027aa6
015660
0044e2
ff4e30
fe7aec
fdd446
fd62a0
fd2c2e
fd3294
fd7140
fddddc
fe68f8
feff7e
ff8e32
00044e
00557e
007c26
00796c
00532e
00127c
ffc1b6
ff6a54
ff13e6
fec3ca
fe7dd8
fe464e
fe2260
fe1718
fe2910
fe5b86
fead9e
ff186a
ff8f06
000034
0059a6
008c62
009108
006b08
0029d4
ffe6c0
ffc002
ffd170
002d10
00d5f6
01be12
02c704
03c70a
04912e
04fda6
04f06a
045da2
034b3c
01cf82
000cda
fe2bd6
fc54dc
faab84
f94c20
f849b0
f7abfe
f76f9c
f787bc
f7dfce
f85da4
f8e5e6
f96170
f9c1a0
fa03bc
fa31ca
fa5fec
faa71a
fb1d64
fbce1a
fcb4ba
fdbb72
febdf0
ff91e8
0012d0
002c0a
ffdf3c
ff4580
fe8ac2
fde304
fd7b48
fd6c5c
fdb42a
fe34e6
febb6c
ff0da2
fefbee
fe6efe
fd705c
fc2ac4
fae18e
f9e230
f972f2
f9c2a0
fade40
fcaf10
ff0088
018c30
04075c
063054
07d98a
08eed2
0973da
097e60
092f00
08aa1a
0810ea
077c48
06fb6a
0694c6
0645f6
06053c
05c5c2
057ba4
051faa
04b352
04438a
03e910
03c5ac
03fdac
04af34
05e948
07a41e
09be9a
0c0244
0e2bb0
0ff712
112f40
11b932
11984a
10ebae
0fe59c
0ebda2
0da17a
0caa5e
0bd962
0b1b24
0a5206
0963a8
084464
06fdf8
05af80
0485a8
03adee
034926
036158
03e6ee
04b56e
059d58
06716e
07137c
077bd8
07b930
07e8fe
082adc
0894bc
092b50
09deec
0a8e98
0b120c
0b46be
0b1a62
0a9064
09c142
08d408
07f35a
0741ce
06d0e2
069d6c
06925c
069010
0675cc
062b5c
05a6ec
04eda4
0410ee
03293e
024e68
01913a
00f908
0084d6
002e8e
ffeeb6
ffc01c
ffa302
ff9c6c
ffb2ca
ffebe0
004ad0
00cd6c
016c2c
021c7e
02d320
038696
0430d8
04cec4
055f08
05e076
064f98
06a5c0
06d96a
06df86
06ae74
06413e
05994a
04bee4
03c122
02b3e8
01ac18
00bc2c
fff2de
ff5ac4
fef9c6
fed200
fee40e
ff3034
ffb556
006f08
015446
0255fe
035d74
044d1a
05049e
056634
055c2c
04de4e
03f4b8
02b75a
014a88
ffd7dc
fe8542
fd6d5a
fc9a90
fc064e
fb9cc0
fb4318
fae024
fa64c6
f9d062
f930c0
f89e5e
f8350a
f80b92
f82dfe
f89a36
f94088
fa0870
fad7e4
fb9acc
fc4816
fce218
fd734e
fe0930
feade2
ff62c8
001e70
00ce2a
015b22
01b160
01c5a2
01989e
013714
00b67a
002ee8
ffb468
ff51d6
ff0780
fecd36
fe96d8
fe5a5a
fe1520
fdce52
fd95b0
fd7ffe
fda19a
fe0824
feb5be
ff9fe2
00b19a
01cf84
02dd00
03c19a
046d08
04d898
050602
04fcec
04c86e
047458
040b58
0396e6
031faa
02ad64
0246b0
01f066
01ac68
017900
0150d2
012bce
01019a
00cca2
008ca6
0048b8
000ef4
fff188
0002c0
00504c
00dee0
01a7fe
029a6a
039ca8
0491f0
05601a
05f4a8
0647e0
065d62
0641da
060710
05bf48
0578dc
053bbe
050952
04ddf8
04b390
04849c
044ecc
0413ee
03d94a
03a57a
037d78
036278
035170
0343b0
033102
03129a
02e5a6
02ad38
0272ba
024414
02303e
0243a6
028482
02f042
037b78
041376
04a1da
05114e
0551d8
055bd2
05312c
04dc46
046d0a
03f550
0384be
0324fe
02d7f0
0297fc
0259e8
021008
01add0
012ae2
008578
ffc30c
feefa8
fe1ba8
fd58ca
fcb6f6
fc41d2
fbff0c
fbedb8
fc06e0
fc3f54
fc89da
fcd8ea
fd2032
fd55e0
fd7370
fd759a
fd5bb2
fd274e
fcdc1c
fc7fdc
fc19d4
fbb24a
fb51d8
fb0086
fac406
fa9e2a
fa8be8
fa8562
fa7f12
fa6bee
fa406c
f9f592
f98baa
f90b60
f884ec
f80d4e
f7ba28
f79d36
f7c02a
f82232
f8b7bc
f96ce4
fa29a4
fad6d6
fb6292
fbc396
fbfa4a
fc0f62
fc10be
fc0d26
fc1072
fc213c
fc4014
fc67f4
fc9036
fcaf4a
fcbd68
fcb654
fc99d8
fc6b36
fc300a
fbef42
fbb000
fb78e6
fb4fa2
fb38ce
fb3816
fb5004
fb8150
fbca8e
fc2878
fc967a
fd0f58
fd8e1c
fe0f00
fe8fcc
ff0f26
ff8b9c
0002d4
0070b4
00cee8
0115ba
013dfe
0143b0
012826
00f2c4
00b05c
0070ec
0043ea
0033f0
004392
006c2c
009f3e
00ca1c
00dade
00c594
008896
002df8
ffc9c8
ff75b4
ff4b0c
ff5c94
ffb1c6
0044ae
01030c
01d2a0
0296c2
033610
039f46
03cc10
03c0c4
0389f0
033894
02dde8
0287e8
023f46
0206d6
01dc80
01bb10
019c2c
017a16
0150f6
011f32
00e52c
00a4f6
0061ec
002050
ffe542
ffb678
ff99fc
ff95e2
ffaf84
ffea92
00486c
00c794
016334
021322
02cc60
0381ca
042564
04a9ba
050336
0529a6
051982
04d484
0461e2
03cda8
032730
027f1a
01e4ea
016490
01049e
00c554
00a0ce
008cba
007cc4
0064f2
003c0a
fffe2a
ffae2e
ff552e
ff00b6
fec084
fea426
feb826
ff031c
ff8424
0032d2
00ffec
01d6e8
02a0d6
0347fe
03bb5c
03f11e
03e81a
03a7d6
033f06
02c068
023ef2
01ca12
016b10
0123c0
00ef0e
00c306
009434
00597c
000f0c
ffb7da
ff5d30
ff0cb2
fed51e
fec29c
fedbe4
ff208c
ff88b4
0006a2
0089d2
010250
016358
01a538
01c5f4
01c8d0
01b512
01944a
0170a6
01537c
014476
01493a
016558
0199c0
01e4a8
0241f0
02ab2c
0317b6
037e1a
03d600
0419da
04483a
0464b2
0477d8
048e08
04b4be
04f7bc
055e88
05ea56
0694e6
075152
080e28
08b8a4
09409e
099bf6
09c88c
09ccd8
09b6ac
09986c
098544
098cf8
09b810
0a05cc
0a6bf0
0ad832
0b33ca
0b6862
0b6508
0b2232
0aa3d4
09f968
093ba8
08883a
07fc16
07ae24
07aafa
07f282
08783e
0925cc
09df42
0a88b0
0b0b44
0b58aa
0b6cc8
0b4dd0
0b0a68
0ab5f6
0a6420
0a254a
0a0436
0a045c
0a21ba
0a528e
0a89d0
0ab9a4
0ad5c2
0ad5b0
0ab63c
0a79fa
0a288c
09cd62
09759c
092d54
08fd78
08ea64
08f330
091206
093e18
096ddc
099924
09baa4
09d07a
09db7e
09dd60
09d598
09bf26
098fec
09398c
08abe4
07d92a
06ba46
0552f0
03b3ca
01f90c
004628
febf82
fd8328
fca24c
fc1d7c
fbe4b6
fbdb52
fbde62
fbcc9e
fb8e9e
fb1cf4
fa8140
f9d30c
f931ce
f8bd42
f88d34
f8ab1e
f90f4c
f9a246
fa416c
fac55c
fb0936
faf0d8
fa6cc4
f97b6e
f82802
f686f2
f4b21c
f2c4ee
f0d972
ef06e0
ed615a
ebf93e
eada3a
ea0a22
e98836
e94cac
e94860
e965a8
e98ba0
e9a24a
e9969a
e95e8a
e8fb80
e879ae
e7eca6
e769bc
e701aa
e6bb4c
e690b4
e66f70
e63d06
e5ddcc
e53c62
e450b6
e323f8
e1d028
e07b88
df50bc
de7538
de0182
ddfca6
de5bc8
df069c
dfdf1a
e0c97e
e1b312
e29600
e378b4
e469e4
e579f8
e6b418
e81a2a
e9a430
eb429a
ece378
ee78c0
effc94
f172f8
f2e7c4
f46944
f60198
f7b178
f96db0
fb20e6
fcb158
fe0886
ff1b00
ffed96
009606
01370c
01f87a
02fcf0
045922
060f76
08101a
0a3dc0
0c764c
0e9c66
109eea
127bc6
143e1a
15f854
17bbcc
19907c
1b7010
1d461a
1ef450
2059c6
215b60
21eb06
220b78
21cee8
21510e
20af60
2001d8
1f564c
1eaee8
1e0446
1d4ad6
1c7980
1b8e7e
1a90dc
198f36
189bb6
17c698
17196e
1694b0
16306e
15dffa
159702
154ec2
150970
14d226
14b942
14ceba
151c36
15a0d8
165006
171342
17cef0
186972
18d190
190280
19051e
18ed80
18d4f4
18d31a
18f844
1949ea
19c272
1a53e6
1aece8
1b7e74
1c0024
1c71d0
1cdb3c
1d49da
1dcc86
1e6f24
1f379c
2023d8
212a32
223be8
234854
244082
2519e6
25cf28
265fb2
26cef8
2722ce
276150
278eee
27aca6
27b742
27a7ea
2774d2
27128e
26769e
2599c0
2479d0
231ade
2186b0
1fcab2
1df5a2
1c147c
1a2f82
1848a0
165b12
145d28
1244bc
100c00
0db538
0b4cf6
08e98e
06a736
04a278
02f1d8
01a022
00a9c4
fffce6
ff7cd8
ff08b2
fe828e
fdd52e
fcf77e
fbec36
fabdcc
f978b8
f8256e
f6c3b8
f549f4
f3a7dc
f1cbac
efa89a
ed3c02
ea8fce
e7ba4a
e4dab8
e2131a
df819a
dd3b24
db489e
d9a76a
d84c18
d72614
d6243e
d5383a
d4570a
d3784a
d294de
d1a62c
d0a6c4
cf93d8
ce6f10
cd40b4
cc179a
cb05dc
ca1c86
c966e0
c8e57c
c88b62
c83e78
c7dc02
c7405e
c64f62
c4faac
c34576
c143c6
bf1516
bcdde4
bac276
b8e3da
b76130
b65c2a
b5fe52
b67d20
b81980
bb1892
bfb6f8
c61864
ce36c8
d7d70c
e28768
eda928
f88674
026f40
0ad61c
116766
1615cc
19180a
1ad95c
1bdfc4
1cadee
1da780
1efdd0
20a83a
226a88
23e6b4
24b4aa
247ba8
23085a
205ac0
1caa38
186018
1409bc
104518
0daa64
0cb516
0daf68
10a35c
1553a6
1b3ef2
21adbe
27c99c
2cbbde
2fcf82
309032
2edffc
2aff0a
25820c
1f37cc
190272
13ac1a
0fc012
0d70fa
0c91cc
0ca3f6
0cf6ce
0cd10c
0b9b92
0903f8
050f12
0017e8
fabc10
f5bb3c
f1d16a
ef9392
ef56f2
f127b0
f4ce20
f9df18
ffd2b2
061bba
0c3baa
11d01c
16985e
1a752a
1d65be
1f8296
20f6c6
21f964
22c710
239a96
24a420
25ffa8
27ad54
298ed6
2b69c6
2cf076
2dd232
2dcf12
2cc9c4
2ad3a2
282fc0
254b3c
22ac12
20d876
203c4a
2113d8
235f28
26e02c
2b25e6
2fa204
33c2c0
370bda
39298c
39fa2e
398e46
381f5a
35ffea
3389b8
310dba
2ec728
2cd4a6
2b37d8
29d9d8
2893a6
2737da
259aea
239a6e
212312
1e33b0
1ade2a
1746ca
13a144
102b14
0d23c0
0ac3ae
093366
0884cc
08adea
09876c
0ad060
0c3658
0d60ea
0dff06
0dd306
0cbbfe
0abade
07f146
049a94
010144
fd71fe
fa2e76
f76342
f5216e
f35d96
f1f4fe
f0b6fe
ef6ff8
edf4d6
ec2c80
ea1600
e7c9c4
e57538
e351fc
e19b60
e08340
e027dc
e08d62
e19b70
e31e9a
e4cf28
e65b7e
e7743c
e7d82a
e75d4e
e5f682
e3b57c
e0c7fe
dd70c8
d9fe54
d6bfea
d3f9aa
d1da68
d07502
cfbe1c
cf8e88
cfa9fe
cfc97c
cfa87a
cf118a
cde862
cc30dc
ca10a8
c7c9a0
c5adb4
c40e8a
c32bd4
c32456
c3ebd4
c548cc
c6dc14
c8315a
c8d524
c86de2
c6d318
c41cac
c0a6a4
bd0776
b9fa88
b84262
b886da
bb35a4
c06cce
c7f32a
d13f38
db8c7c
e5fc08
efb978
f81d14
fec448
039cc2
06e13e
090842
0aa784
0c5334
0e8048
116e5a
151c80
194ae2
1d8864
21498a
2402f8
25431a
24c818
228e56
1ed3f4
1a119c
14ea8a
1015fe
0c44ba
0a05bc
09aeea
0b4e68
0ea6b4
133606
18490a
1d1716
20e310
231b00
236fdc
21e14e
1ebb58
1a851a
15e39c
11778c
0dbda8
0af868
092738
080c80
074106
065066
04d702
029a24
ff959a
fbfb88
f827b8
f48afe
f1946c
ef9dae
eede48
ef6778
f127f8
f3f5ea
f79a54
fbda68
007d18
054c70
0a14c2
0ea440
12cd1c
166ac0
196a08
1bd082
1dbf74
1f70de
212d74
233c88
25d1ce
28fdc4
2ca52a
3082fe
3434f6
375076
397c04
3a85fc
3a715a
3975ee
37f486
366224
352f5e
34b198
351400
3653d8
3846f4
3aa8fa
3d2c58
3f8a50
418cda
43115e
4405c0
4462c2
442702
43547a
41f13e
400b6a
3dbcf2
3b2bf6
388656
35f90c
33a49e
3191fe
2fac38
2dc2ea
2b9620
28e86c
259244
219278
1d161a
18739a
1419d0
10778c
0de17e
0c7ce4
0c34d0
0cbe06
0da8dc
0e7bfa
0ecff6
0e64cc
0d2c7c
0b4838
08f978
068c28
044042
02394c
00775a
fedae4
fd3228
fb4bc4
f907c0
f661bc
f3727a
f0693e
ed7f8a
eaeafc
e8d1ac
e744a2
e64138
e5b6fe
e58f6a
e5b50e
e617a2
e6ab88
e76606
e8395e
e911bc
e9d3de
ea5ebe
ea919c
ea549a
e99efc
e8785e
e6f5a8
e532e2
e34ac8
e14f32
df45e2
dd2ad2
daf5b2
d89fec
d629f2
d39f30
d1164c
ceabfc
cc7ae8
ca9480
c8fcca
c7a958
c68510
c5795c
c4794a
c388d8
c2bc8c
c23278
c20698
c24544
c2dee0
c3a228
c44082
c45bf8
c39bc2
c1c39c
bec95c
bae2b6
b68542
b25762
af1608
ad74cc
adfdc4
b0f7fa
b65aa2
bdcf44
c6c152
d077d4
da3494
e35284
eb5cb0
f219ea
f78ca0
fbe8ee
ff82ca
02b82c
05dc36
09279e
0cafae
10634c
140ea2
1764cc
1a0d72
1bb312
1c10d0
1affda
18825a
14c910
103260
0b4316
069864
02d370
008066
fffd5c
0165b2
0486d2
08e206
0dbd72
12425e
15a33a
1741ac
16cd62
1454e6
10439c
0b4b88
063f4e
01e4fa
fecb76
fd2cc4
fce3b6
fd7850
fe3fca
fe8818
fdc3fc
fbad52
f85616
f4243c
efb9cc
ebcfd2
e90e94
e7ed2a
e89dc2
eb0a08
eee026
f3ac60
f8f5f8
fe56ba
038850
08661c
0ce5f6
110bb4
14dd34
185c18
1b867a
1e5c08
20e432
2332fc
256936
27adde
2a21a2
2cd12a
2fabe0
328266
350df6
370158
38200a
38535c
37b61a
3692fe
35560e
34749c
3451aa
3525ec
36f26e
3981be
3c7594
3f5d2c
41cf7c
43821e
4455da
445568
43a8fe
428462
411578
3f7796
3dafb8
3bb24a
396e9c
36da96
33fae6
30e4d4
2db8f6
2a9826
279758
24b7b2
21e706
1f07a8
1bfd76
18bd1c
1557ea
11feaa
0ef902
0c9438
0b0eb0
0a8518
0ae648
0bf2dc
0d49ce
0e7e08
0f2eb0
0f1c26
0e33e4
0c904c
0a6cdc
0811fa
05bf1a
0399e6
01a628
ffc82c
fdd102
fb9008
f8e41a
f5c7c6
f254fa
eec046
eb4df0
e843fe
e5dce4
e43efa
e37980
e386fc
e45300
e5c03a
e7ad16
e9f63e
ec75d4
ef012a
f168c6
f37b50
f50a26
f5ef3e
f61370
f57338
f42006
f23bfe
eff19e
ed6a9e
eac7ba
e81afe
e56740
e2a4ce
dfc91a
dcce58
d9b892
d6978e
d3859e
d0a2a4
ce0c6a
cbd8d4
ca12e4
c8ba2c
c7c51c
c725d8
c6cfb4
c6bab2
c6e30c
c744d8
c7d670
c882ea
c92644
c98d9c
c97c64
c8b616
c70a76
c461fa
c0c8aa
bc753c
b7c8d6
b3464e
af8392
ad16f4
ac81ae
ae1b7a
b203c0
b81b02
c005da
c9392c
d30e48
dcdc7a
e612ce
ee4cae
f55e20
fb55a2
00724a
050ff2
098dbc
0e3528
132724
1851ba
1d704e
2217ee
25cca4
2819a2
28a7ec
275090
242714
1f79e8
19c8e2
13b47c
0de952
090a44
059b48
03efee
041fce
0601ec
093070
0d1548
10fefa
143bee
16370c
16914c
153398
125482
0e6e5e
0a272c
062e3e
031638
013474
008dbc
00d538
017f3e
01e37c
016682
ffa098
fc7916
f82f28
f34ddc
ee8e2e
eaaf2c
e84f3a
e7ce68
e93f90
ec6c02
f0e788
f62ddc
fbc0ee
013fe6
067272
0b4818
0fcdb6
141d32
184ee2
1c713c
208694
2487b0
2869b2
2c2410
2fb2be
3312bc
363b4c
39182a
3b8720
3d5a9c
3e6342
3e7f1c
3da934
3c03ac
39d7f2
378c08
358fb4
3445b2
33ee00
3497ba
361f1a
38376e
3a7e06
3c90ae
3e2270
3f095e
3f40fe
3ee1b2
3e1216
3cf77e
3ba99e
3a2da2
38792a
367b04
342586
31767a
2e7984
2b44da
27f134
249008
212556
1da7f8
1a084e
163b04
12451a
0e4466
0a7034
071020
046ba2
02b808
0208c0
0245e0
032d82
04613e
057b8c
0626e0
062fdc
058e5e
046322
02ea74
016772
000ed6
fef7ce
fe160c
fd3e54
fc3438
fabcde
f8b11e
f60936
f2df7c
ef6ab0
ebf1ca
e8bcde
e6075a
e3f79c
e29c9e
e1f0e2
e1e08c
e2510c
e327f8
e44db2
e5ab9c
e7295c
e8abd4
ea15ce
eb49da
ec2d44
ecac4e
ecbe32
ec659c
ebad88
eaa4a2
e957ea
e7cd22
e60024
e3e492
e16b50
de89a6
db3f44
d799a2
d3b50c
cfb9de
cbd57a
c83284
c4f37c
c22f56
bff018
be3460
bcf36e
bc2254
bbb76e
bbaada
bbf4ce
bc8a70
bd592e
be42ac
bf1bc2
bfaf18
bfc362
bf245e
bdad62
bb550c
b83770
b49a64
b0eac6
adb34a
ab8c76
ab06ae
ac9230
b069e6
b6853a
be9436
c80834
d22946
dc348a
e57d2a
ed89fe
f42996
f977b6
fdd1c8
01bcb0
05c1f2
0a4c78
0f8c54
15676c
1b7b1a
212f1c
25d4be
28ca6a
299cb0
281ec6
2475ac
1f1332
18a2f0
11eeb4
0bc028
06c42c
037404
020780
0270ee
0462a6
075c4c
0abe32
0de13e
103062
113fdc
10de72
0f1e30
0c523c
09004a
05c67c
033a68
01c834
01994c
02886e
0426fe
05d420
06e104
06b9e2
050a12
01d35c
fd71fe
f88a6a
f3e5ec
f04868
ee4930
ee3694
f00aac
f373d6
f7edf2
fce4da
01d5ce
0667b8
0a7646
0e0e3a
115d3a
149c4e
17fcb8
1b9b92
1f7de6
23946a
27c42e
2bf02a
2ffed2
33d9fc
376b52
3a97e0
3d3cae
3f2ffa
4048f8
406c4c
3f9954
3df33c
3bc142
396518
374946
35caea
3524d2
35627a
365e7a
37ccb4
394d5a
3a8400
3b2d36
3b2c82
3a8e54
397efc
383b12
36fd64
35eee6
351da4
347cd0
33ec00
3341e0
32570c
310e26
2f56f0
2d2ca2
2a9216
278f0e
242ff6
208866
1cb714
18e968
155bc6
125350
101134
0ec344
0e75b4
0f0a1c
10373e
11939e
12a9e0
131234
128996
1100f2
0ea020
0bbb94
08be84
060fd8
03f8bc
029348
01c588
0149da
00c15a
ffcc40
fe21ba
fba0a8
f8559c
f47664
f05562
ec5068
e8bf54
e5e6b4
e3f10e
e2edee
e2d466
e3880e
e4df00
e6a66e
e8a53c
ea9eba
ec579c
ed9cb0
ee4954
ee4cc8
edae70
ec8e56
eb1f3a
e99b0a
e83572
e70f78
e62e9c
e57a12
e4c090
e3c5e4
e2537c
e046e2
dd9b60
da6d3a
d6f474
d377f2
d03cb0
cd7692
cb3e74
c98ede
c8486a
c73dbe
c642b8
c53974
c41a7c
c2f586
c1ea26
c11a44
c09adc
c06726
c05a98
c033e8
bfa084
be4fbe
bc0a48
b8c7ac
b4bbcc
b0591c
ac45ae
a94406
a8131e
a94b80
ad4134
b3f0bc
bcfada
c7b0be
d32fc6
de873e
e8e090
f1a1c2
f883a6
fd979a
013bbc
040020
0683aa
095020
0cbc5e
10da14
157302
1a1580
1e2cfa
212008
226e40
21c946
1f24cc
1abada
150500
0eac9e
087506
0321e2
ff5cc4
fd9d92
fe18ae
00b50a
050c22
0a75ea
101ffe
152d3e
18d932
1a99d6
1a3914
17dfe0
140ec4
0f8406
0b13c4
077a98
0534ba
04633a
04c5e6
05cbde
06b794
06cde0
058498
02a66c
fe62de
f94624
f41acc
efbdc8
ecf00a
ec3040
eda47a
f1188c
f61116
fbec80
0207fa
07df26
0d2092
11b386
15af02
19464c
1cb312
2023a2
23af8e
275436
2af944
2e79e8
31ae32
3471b4
36a64c
38347a
390ad6
391d6e
38673e
36ef8c
34d030
3238d2
2f6db8
2cc114
2a86b4
29047c
2863f2
28a8d0
29afc6
2b35a8
2ce566
2e6a5a
2f824e
3009c6
2fffc2
2f8106
2ebc3e
2de2c4
2d1a5c
2c7352
2be5ae
2b5548
2a9a16
298a86
28055e
25f898
2363cc
2056b0
1ced64
194c32
159c52
120962
0ebf88
0be9be
09ae6e
0829da
0767d2
075f00
07ef16
08e2be
09f688
0ae434
0b701a
0b74cc
0ae9ec
09e476
089084
0724d2
05d2e0
04b87a
03d734
0312de
02376e
01052c
ff408c
fcc108
f97b96
f586ea
f11946
ec8008
e81288
e4242e
e0f934
debea6
dd861c
dd4674
dde038
df23d0
e0d876
e2c334
e4ad36
e669de
e7dbd8
e8f75a
e9c144
ea4b66
eaae86
eb02d8
eb582a
ebafa2
ebf8a0
ec111a
ebcab8
eaf4d8
e9692c
e716d0
e40930
e06948
dc78a4
d886b8
d4e242
d1ca5c
cf6328
cdafca
cc92fc
cbd72a
cb3c6c
ca88da
c99714
c85f0a
c6f6a0
c58a5e
c44ef4
c36eea
c2fa2e
c2dc00
c2d94a
c2995e
c1b912
bfe4c0
bcf320
b8f9fc
b45790
afad54
abcad6
a98b88
a9aef8
acb32c
b2b86c
bb75cc
c64208
d22eb0
de30e4
e94f64
f2cc3e
fa41e0
ffae4a
0369c6
060c10
0846e2
0abdce
0de3c2
11e48c
169dde
1ba888
206ef8
244aa8
26a30e
270954
254c4e
21823e
1c0838
15782c
0e9640
0837d6
03268a
0002da
ff2a64
00a5ec
042316
08fc7e
0e512a
132918
16a112
1814fa
174066
144dc4
0fce88
0a9ce8
05ad36
01d8bc
ffaddc
ff50dc
00752c
027150
046850
057f0a
05116a
02da9e
ff059c
fa22e0
f5077e
f09ddc
edb44e
ecd568
ee317c
f19d40
f6a4d6
fcac62
03146c
095932
0f2600
1459e8
18fefa
1d394a
2134b8
25168c
28f4d6
2cd416
30aa7e
34651c
37ec00
3b23f0
3dedc6
402524
41a0ac
4235aa
41c030
402eee
3d8f34
3a1430
36165c
320998
2e6b56
2bac70
2a1be8
29d7b4
2ac768
2ca1fa
2efd5a
31647a
336e4c
34d02a
356790
353a2c
346d7c
33384a
31d26a
306772
2f0ed0
2dc95e
2c8452
2b2026
2978c6
276d16
24e564
21d7fa
1e4bd6
1a5a2c
162dfe
1201fa
0e1c28
0ac6b6
084606
06cd28
067342
072c68
08c846
0af7a0
0d58a2
0f87c4
11311e
121e68
123f16
11a7d0
10892a
0f20a2
0da790
0c43e0
0afe80
09c24a
08632a
06aaf4
04686c
017cbe
fde4b0
f9bb72
f53718
f0a00a
ec45d4
e87384
e565da
e344b2
e22068
e1f2aa
e2a1e6
e40588
e5e9ce
e81406
ea47f6
ec4e40
edfaae
ef30dc
efe620
f020cc
eff4d6
ef7d98
eed606
ee1128
ed3458
ec3420
eaf5aa
e95542
e73084
e47102
e11456
dd3008
d8f0c8
d4943a
d05e38
cc8d52
c950e4
c6c1f2
c4e094
c396b8
c2bf88
c2311a
c1c618
c164d4
c101d4
c09ce6
c039be
bfd6c0
bf650e
bec432
bdc3e0
bc2c9e
b9ce26
b690de
b28648
adf3b4
a95394
a54bc8
a297f0
a1eb42
a3cf9a
a88852
afff8e
b9c37c
c514a6
d103fa
dc9aa4
e7039a
efaee2
f66808
fb59b6
fefd80
01fc44
0505a8
08a75c
0d2ce6
128dee
186e72
1e30c8
2314fc
265e2c
2777de
261432
223d0e
1c55fc
150fe4
0d5058
06109c
0038c0
fc7cb6
fb40b4
fc8848
fff30a
04c9ce
0a1afe
0ee0f2
122de0
1356ec
1214e2
0e9302
096886
037ca6
fdd8fc
f972f2
f6f798
f6a62e
f8429a
fb221a
fe500c
00c4c2
01a19a
006480
fd071e
f801fe
f232b0
ecac66
e87e7c
e67dee
e71dca
ea5db2
efd0de
f6bbfc
fe4138
058e5e
0c0354
1149ac
155948
186baa
1ae3e6
1d32a6
1fbd20
22cad8
267b6e
2ac548
2f7b8e
34570e
390048
3d1a68
404dd4
42519c
42f4aa
422690
3ffeca
3cbfaa
38d228
34b9c6
3101ea
2e2684
2c7d1c
2c246a
2cfdb2
2eb254
30c584
32adf8
33f1c2
343e98
3378ce
31bd90
2f58fa
2cb292
2a346a
283370
26de4e
2635ba
260f78
26229e
2618ec
25a0d8
247cc2
228d04
1fd442
1c75d4
18af2c
14ce84
11282c
0e0b80
0bb8fc
0a5a34
09fbe4
0a8ae6
0bd5a6
0d9210
0f67ac
10fd66
1208ba
125aac
11e7dc
10ca0a
0f3a44
0d83b8
0bf2a6
0ac2ba
0a10b4
09d21a
09d5f2
09ceb4
0962d8
083f7c
0629e4
030d16
feffd4
fa418a
f5308c
f03c12
ebd31a
e85318
e5fac0
e4e2d4
e4fcd8
e61704
e7e4b2
ea0a7e
ec2baa
edf640
ef2e08
efb546
ef8fb0
eede84
edd7ee
ecbb78
ebc4ea
eb1f94
eadc56
eaec8e
eb23cc
eb3f54
eaf284
e9f758
e81e8e
e55a18
e1c09e
dd8a80
d908c6
d4971a
d08b62
cd26d2
ca8c74
c8bd9e
c79c02
c6f226
c680dc
c60d3a
c56b98
c4861a
c35d24
c2020c
c08e16
bf17e6
bdaabe
bc4212
baca1c
b9262a
b73c92
b504f8
b2949c
b025a2
ae1678
acdfc2
ad02a4
aef1d4
b2fa2e
b93004
c1654a
cb2b3c
d5e0ee
e0cc08
eb365c
f48b8e
fc7092
02cf7a
07d59c
0be43e
0f768a
130338
16e0a6
1b2f94
1fd152
246bf6
287b44
2b6ab6
2cb3c2
2bfab4
292486
246194
1e2b24
1734b4
1052e2
0a5af0
060050
03b734
039fba
057dd2
08c152
0c9d8e
102c2a
1295f0
133a72
11ced2
0e6d56
099132
03fe6e
fe9aa4
fa3d8a
f78320
f6aa9e
f789e2
f99756
fc0940
fe041c
fecce8
fdf42e
fb7082
f7a162
f33a50
ef1bb8
ec22e6
eafcee
ec0692
ef3e6e
f44bba
fa97ba
017236
083744
0e6dec
13d866
187480
1c6f4c
200ffe
23a0c8
275ccc
2b654e
2fbd8a
344d84
38e9a8
3d5b12
416636
44cf18
475c36
48da46
492116
481a26
45c9c2
425788
3e110a
396454
34d254
30da1a
2de19a
2c21a6
2b9966
2c0df4
2d171e
2e35d4
2eeff6
2eeb90
2e0202
2c466e
29fe6e
278e6e
255ef2
23c270
22e1ea
22b43c
2301f2
237392
23a626
2341ba
220b96
1ff048
1d04ec
198094
15aff4
11e722
0e7476
0b966a
09767a
0827b6
07a6f0
07dc4c
089eee
09b9ae
0af094
0c07c6
0ccb76
0d17a8
0cde48
0c29da
0b1b88
09e43e
08b922
07c58c
071e86
06bad2
0671bc
06021c
052044
0386ee
01075a
fd9558
f94c5e
f46cc2
ef5162
ea5f82
e5f51c
e25a14
dfb6b0
de10b6
dd4fc6
dd46d6
ddbf8c
de8488
df688e
e04aa0
e1181a
e1cb5c
e26766
e2f320
e375ac
e3f374
e46c34
e4da46
e5324a
e562c6
e5541c
e4ea10
e4084e
e2992a
e0935a
ddfe76
daf542
d7a43a
d443d8
d10f7c
ce3a48
cbe4b6
ca15ce
c8b94a
c7a450
c6a0f4
c57c9e
c4151a
c261ea
c0769e
be7cb8
bca6b2
bb1f46
b9f9b8
b92888
b87d18
b7b18c
b67cb8
b4ab02
b23530
af4fd8
ac6e3c
aa3566
a96128
aaa098
ae7108
b5004a
be1caa
c936ee
d577a8
e1e41c
ed8928
f7a410
ffc18e
05cc5c
0a086e
0cfcc0
0f5102
11a76c
147a9a
1804fa
1c3708
20bd9a
251502
28a3c0
2ad824
2b42e0
29aabc
261796
20d37a
1a625c
137242
0cc524
0716a6
0301ec
00e9dc
00e6f8
02bf80
05ec40
09aa74
0d19d6
0f6318
0fdfce
0e3c5a
0a8ba6
054604
ff333a
f942d4
f45a12
f122d0
efe73c
f08226
f268cc
f4cc16
f6c9be
f7a274
f6e842
f4991a
f11f5e
ed391a
e9cbfa
e7b208
e78c2c
e9a370
eddf6e
f3d3c6
fadf66
02544a
099d7e
10596a
1662e4
1bc98e
20bdce
257762
2a1ff2
2ec646
335bb4
37bab8
3bb3da
3f1b7c
41d386
43cdf2
4507ea
4581e0
453892
4421d2
42303a
3f5df0
3bb9d2
37716c
32d434
2e4ca0
2a4f78
274534
25726e
24e652
25751e
26bfe6
284820
298bec
2a2326
29d55a
28a3de
26c5f6
249768
227ee4
20d390
1fc7de
1f5f3a
1f6ff8
1fafd8
1fc7e0
1f6a24
1e62ea
1ca1c6
1a3a7a
175de4
144dfc
1150d8
0ea570
0c7c66
0af582
0a1fc0
09fa74
0a776c
0b7c22
0ce216
0e782c
1005b2
114fd8
12223c
1258aa
11e6d4
10dc60
0f6356
0db794
0c18dc
0aba96
09b57e
08ff24
086978
07ab24
066f80
046ac2
016d26
fd711a
f8a100
f35244
edf71a
e909f6
e4f720
e209bc
e0609e
dfec2e
e07542
e1aaa4
e331c6
e4b71e
e5fc22
e6df8a
e75e40
e78da2
e79184
e790e4
e7ac1c
e7f566
e86d2c
e9022c
e99476
e9fa14
ea05e8
e98fae
e87b38
e6bd88
e45f12
e17b24
de3d06
dada70
d78b8e
d4828c
d1e3d4
cfc038
ce126c
ccc1a8
cba908
caa1e6
c98df4
c85e9e
c717a2
c5cbea
c494f8
c38772
c2a80e
c1e494
c1137e
bffc42
be67ac
bc3508
b96e6a
b65598
b36510
b142f8
b0a6ac
b235b4
b65fd8
bd42ae
c69b44
d1ca72
ddecb4
ea014c
f517dc
fe7aa2
05ccd8
0b1634
0eb8aa
115326
13992c
162886
1965d4
1d6734
21f132
268592
2a7fee
2d38e2
2e281a
2cfe76
29b4a2
248c80
1e06ba
16cfc4
0fa7d6
094910
044f66
0124a8
fff1c8
0097a4
02b1ca
05a308
08aac2
0b01f6
0bfc66
0b286e
086702
03f57c
fe65a6
f8842e
f330ba
ef2f9e
ed0000
ecc022
ee263e
f09064
f328d2
f516b0
f5b080
f4a424
f20ad0
ee6412
ea78f8
e72f90
e55a3c
e58d7e
e8046c
ec9a2a
f2d8ae
fa17c0
01a34a
08df50
0f6152
14faf6
19b576
1dc150
21608a
24d272
2844a4
2bcaec
2f5e88
32e364
36306c
391772
3b6aa0
3d002c
3db552
3d7072
3c2492
39d772
36a7a6
32cf36
2ea0f4
2a7fd4
26d0ca
23e986
21fffe
211f80
212638
21cbf6
22b10e
2372a2
23bfd0
236a62
226eea
20f28c
1f3776
1d8b52
1c33c0
1b5db6
1b143a
1b3f7e
1baac6
1c0fba
1c24ec
1bac1a
1a7c7c
1888b2
15e038
12acae
0f2bda
0ba7da
086ed8
05caa2
03f7c4
031ca8
034262
0451be
06152c
083f56
0a766c
0c62de
0dbeec
0e635a
0e4e58
0da26c
0c9d4a
0b87dc
0aa2da
0a14ea
09dee4
09d972
09bcf8
093196
07e36c
05966e
02356e
fdd92c
f8c5fa
f36020
ee197a
e95d94
e5809a
e2b3ee
e10260
e0542e
e0786a
e130fa
e23ed6
e36b50
e48daa
e58dee
e664ca
e717e2
e7b486
e84b68
e8ecca
e9a4b4
ea7766
eb5eba
ec4858
ed1532
ed9b0c
eda93c
ed109e
ebad08
e96dcc
e65ba8
e29ade
de68a8
da1316
d5ec72
d23d24
cf3768
cceec2
cb562c
ca4650
c98940
c8e880
c83a96
c76c44
c68256
c593b8
c4bdba
c415b0
c39ca0
c338c4
c2b70e
c1d6a2
c05c80
be29fa
bb4fd6
b818d2
b50798
b2c6a8
b20c7e
b3793c
b77564
be18f4
c72062
d1f30e
ddbad2
e98812
f47ac2
fde7bc
0572ea
0b1934
0f286e
12276e
14b3e0
175df4
1a88d4
1e55f2
229e86
26fc10
2add82
2da44a
2ec328
2dd96c
2ac6d2
25b488
1f121c
1787b2
0fdfa6
08ea92
036136
ffc8b8
fe5d1a
ff05a8
015632
049df6
080310
0aa73e
0bcfb2
0b0884
083c78
03bbec
fe2fae
f878f8
f38454
f0186e
eeab0e
ef45f6
f18312
f4a158
f7ae2a
f9baba
fa1228
f86374
f4d636
f004b6
eadca8
e66de8
e3b372
e361f0
e5c5b8
eab80c
f1ade2
f9da74
025c64
0a6b5e
117bd6
1751e4
1c00f0
1fda6a
235160
26da8e
2acfea
2f5cfe
347710
39e172
3f3ae8
440fc2
47ec68
4a6e4c
4b50ae
4a744a
47e330
43d17a
3e998a
38b374
32a8c2
2d049c
284108
24b54c
22884c
21a9d4
21d598
22a062
238d18
242656
241750
233d7c
21aeea
1fb404
1db566
1c21f6
1b534e
1b76d8
1c81b0
1e31ea
201bb4
21bf72
22a464
227142
20fd20
1e5628
1abd40
169814
125d7a
0e809e
0b5fc8
093974
0827fc
082280
09024e
0a8b6c
0c7640
0e78e8
104fda
11c52a
12b66c
131830
12f6b0
1273dc
11c19e
1117ce
10a7a4
108ecc
10ccc4
113df0
119ee2
1197ae
10cd00
0ef3ca
0be36a
07a20c
0267f4
fc98b8
f6b38e
f13d30
eca7b6
e93e9a
e71b4a
e62410
e61578
e693e6
e7406a
e7cb68
e80246
e7d65c
e75b90
e6beec
e637fa
e5f982
e624d6
e6c22a
e7beaa
e8f094
ea1f48
eb0c70
eb7ce0
eb407a
ea3860
e85a58
e5b18a
e25c94
de89da
da72be
d6555e
d26d02
ceeb32
cbf1e0
c98e72
c7b846
c65488
c53d82
c44bd4
c36058
c26bae
c170ba
c08100
bfb3a8
bf1a24
beb59e
be6ff6
be1baa
bd7cd6
bc5a3a
ba9268
b83040
b577b8
b2e612
b1242e
b0eb5a
b2e166
b7747c
bebeb4
c877ca
d3fa22
e05c38
ec98fe
f7bebe
011a3e
0854d4
0d7eda
11039e
138992
15c7ba
1859fa
1b9c90
1f96c8
23fa28
2835ae
2b9730
2d729e
2d46b8
2ad836
263e8c
1fe0b2
186430
1092e6
093c66
0317a2
fea988
fc33f8
fbae88
fcc936
fef87c
0189f2
03beee
04ea1a
048c68
026d12
fea70c
f9a790
f41ca2
eed5ca
ea9bc4
e8067c
e75b14
e87ace
eae734
eddae4
f073f8
f1e710
f1af16
efae16
ec3774
e8001a
e3f7ce
e115ee
e025d2
e19e38
e58c06
eb94ee
f310a4
fb31d6
0333b2
0a80c4
10cada
160f48
1a88b8
1e9464
229330
26cec0
2b6886
305494
355fde
3a3eb2
3e9ec6
423674
44ce20
464448
468c52
45aa0c
43adec
40b4f0
3cea7a
388a32
33e05a
2f45d2
2b16b8
27a50a
252a74
23bcc6
2348aa
239446
244a48
250b74
2582e2
2577ce
24d884
23bb66
225610
20ed62
1fc262
1f0058
1eb1e6
1ebeea
1ef1e8
1f0412
1ead74
1db476
1bf8da
197956
16535e
12bd9e
0efe6a
0b6118
082cec
059e2a
03e01e
030896
0315d0
03eec8
056576
073b9c
092a50
0aec08
0c4792
0d19ce
0d5c1c
0d2568
0ca436
0c12d2
0ba832
0b8872
0bb8d0
0c1ab0
0c6f6e
0c6476
0ba552
09ef7a
072338
034dc6
fea9ce
f99664
f4865c
efeb78
ec2278
e9640c
e7bdb0
e713b6
e72b66
e7b98a
e871f6
e91540
e97a4c
e992aa
e96912
e91a32
e8cb0a
e8a00c
e8b56a
e91920
e9c7cc
eaac3a
eba134
ec75b0
ecf2b0
ece2a4
ec1a34
ea7fd0
e810ac
e4e340
e1261e
dd19c8
d90664
d52ffe
d1cb72
cef5fa
ccb1ee
cae9d8
c9797e
c839ec
c70c94
c5e2ca
c4bf7a
c3b238
c2ccda
c21714
c18488
c0f110
c02562
bee496
bd007a
ba6f5c
b75ca0
b42ef8
b180dc
b00ad6
b0830a
b37880
b9329e
c19c58
cc406c
d8584a
e4ebd4
f0fb84
fbac24
046b3a
0b0456
0fa2f2
12c154
150824
17263c
19aa06
1ce3da
20d604
253542
297968
2cf9e2
2f0ff0
2f379c
2d29e2
28ebd2
22d100
1b70d6
139180
0c0b8e
05aa5c
010e08
fe9300
fe42aa
ffd018
02a278
05ec94
08ce7a
0a7c2a
0a629c
084444
044736
fef08e
f90cac
f38830
ef4054
ecd47c
ec832a
ee1b04
f10396
f45ce8
f72fd2
f8a48e
f8344a
f5ca4a
f1cc32
ed0748
e88726
e55eb0
e46fb2
e63e32
ead826
f1d55c
fa70a0
03b426
0cad06
1499c8
1b0b24
1ff0a8
238fa0
26682a
291008
2c0cca
2fb5c0
34224a
392746
3e6390
4356d0
477b58
4a5e18
4bb142
4b561c
495dac
46020e
419bf6
3c963e
376158
3266e4
2dff3e
2a6994
27c65a
261422
2530f2
24e04e
24d522
24be64
245558
236b48
21f328
20044a
1dd54e
1bb064
19e2bc
18aa7a
182742
18516e
18f9b8
19d142
1a7894
1a9262
19d64e
181f9e
1574d0
120710
0e29ea
0a4506
06c2ac
03ff68
023d98
019d84
021a48
038c4a
05b0b6
083480
0ac03a
0d0394
0ebf8c
0fce12
1025ba
0fd93c
0f1310
0e0cdc
0d03c8
0c2be2
0ba43c
0b6e34
0b6a74
0b5cca
0af638
09e426
07e1ae
04c772
0096fe
fb7f26
f5d7ac
f0145c
eab1e2
e620ca
e2b28e
e08c4a
dfa220
dfbc6e
e08534
e19a24
e29f7c
e350cc
e38ce8
e3592a
e2db1a
e24bb0
e1e80e
e1e202
e2539a
e338d2
e46f70
e5bd26
e6da70
e77efa
e76dfa
e6817e
e4b0f8
e21138
decfee
db2c66
d76d66
d3d60a
d09be6
cde0ae
cbaf6c
c9fd22
c8ad4a
c79b2c
c6a4a2
c5b2b4
c4bf24
c3d5a2
c30efe
c2872c
c250fe
c26ab6
c2b796
c3005a
c2fb9c
c25f36
c0f75e
bebca4
bbe358
b8e032
b65e40
b5262c
b5fad0
b971a0
bfcfe6
c8f4ac
d454c4
e10bac
ee0026
fa144c
045792
0c30e4
1177fc
1477ca
15d974
167c36
17434e
18e4aa
1bc1dc
1fd30a
24a906
298568
2d82d2
2fc4ca
2fa574
2cd7fe
2779be
200f6c
176f6a
0e9dfa
06a1f8
0059ba
fc576e
facae2
fb7bd8
fdd57c
010160
040cdc
0612b6
066286
049fa0
00d1e6
fb6522
f51626
eed07c
e98210
e5ed56
e4828c
e54844
e7d8ae
eb7518
ef2c50
f20c86
f356c6
f2a960
f0179e
ec2898
e7bd46
e3e2c0
e19b5e
e1aad4
e46fba
e9d230
f14c0a
fa090a
03161e
0b940e
12e274
18b9ba
1d2f06
20a308
23a0e2
26b6a2
2a5148
2ea356
339b0e
38ea16
3e1ace
42abd4
462af2
4849e8
48e8fa
48162a
460392
42f954
3f483c
3b3f68
372564
333586
2fa02a
2c8ace
2a0e9a
283582
26f706
26369e
25c52e
2566be
24dd8a
23f7f4
229c8a
20d1f0
1ec044
1ca9e2
1adcaa
199fac
192118
196904
1a5488
1b9a6c
1cd8a2
1da7ce
1dafba
1cb844
1ab448
17c3ea
142e60
105548
0ca48a
098204
073fce
0611c4
06077c
070bbc
08e89c
0b4e9c
0dded6
103764
1200a8
12f9f6
130448
12288a
109724
0e9fa2
0ca18a
0af8e2
09e970
098d5a
09cbf4
0a5bc2
0acf4e
0aaa98
097dc6
06ff6c
031ff8
fe1152
f840ac
f2437c
ecbbba
e83976
e52048
e39674
e38134
e48e44
e6472c
e82a0c
e9c374
eac36e
eb090e
eaa2bc
e9c490
e8b83c
e7ca46
e738c2
e72734
e79936
e8736e
e98238
ea843a
eb35fa
eb5cdc
ead062
e97f32
e7703a
e4c0b6
e19f4c
de444e
dae93e
d7c09e
d4eeac
d28454
d07e62
cec92e
cd47ea
cbdd94
ca7602
c90c88
c7ad60
c67070
c56f70
c4b9ca
c44942
c3fbc2
c39584
c2ccfa
c15f22
bf27f0
bc389a
b8e534
b5c42a
b39cb6
b345f4
b57ca6
bab838
c30924
ce092e
dae33e
e872e2
f575ee
00c5b2
098cfe
0f6f00
12957c
13a276
13892e
135768
13fa26
160a86
19adbe
1e8f06
23f326
28e124
2c5768
2d81ce
2be552
277936
20a99a
184442
0f5484
06f586
0022f6
fb90b2
f98f68
fa01cc
fc63f8
ffe394
0384d8
064dda
0771a4
06741e
0340d2
fe3010
f7f804
f18be2
ebee76
e7fff6
e65054
e70006
e9b6c6
edb33a
f1f15c
f56070
f71d62
f6a564
f3f542
ef8dda
ea5b9a
e586ec
e237f8
e15a9c
e36f5c
e87348
efe41a
f8df26
025322
0b391c
12c7be
1895bc
1ca4d4
1f54f2
21448a
2325d4
25939c
28ef48
2d4dee
327750
37f5d4
3d31b2
419032
4490f4
45e312
456ed6
43548a
3fe24a
3b8430
36b25a
31dff6
2d6d96
29a04a
269cd8
246702
22e546
21e7da
2131b2
208276
1fa126
1e65b2
1cc024
1abbde
187e12
163fc2
14439c
12c908
11ff48
11fb5c
12b222
13f7c4
158578
17042e
181a1a
18787e
17e816
1652b4
13c7e4
107b3c
0cbd50
08f0dc
057db2
02c2c2
0108fc
0078fa
0114f0
02b83e
051d14
07e798
0ab50c
0d2bdc
0f09e2
102ea4
109fcc
108684
10252e
0fc73c
0faf06
100514
10cbce
11db64
12e7d8
138ec2
136990
1221d6
0f8454
0b8da4
066db4
0081aa
fa45c2
f44130
eeefb4
eaae04
e7ad0c
e5edbc
e54526
e5683c
e5fca4
e6aaa0
e72d1a
e75d7a
e738ae
e6dc0c
e67b34
e651f6
e69524
e764f2
e8c32a
ea8f32
ec8928
ee5b52
efa7a0
f01770
ef6b2e
ed860a
ea730e
e66372
e1a6ba
dc9d26
d7a6f0
d31440
cf19aa
cbca6e
c91982
c6e1f8
c4f4c4
c327bc
c1622a
bfa3ea
be051c
bcade4
bbc84c
bb6f7e
bba1b2
bc3954
bcef98
bd6980
bd4db6
bc5e5c
ba9088
b81b6c
b579ba
b35bf8
b28ce8
b3cbea
b7a512
be504e
c79eb8
d2fa56
df7a90
ec09fa
f79592
013c86
0876fc
0d2c40
0fb2f4
10bb1c
1126fc
11db90
13918a
16af14
1b32f2
20b4fe
267af8
2b9d32
2f3416
308540
2f2810
2b1b04
24c616
1cea8e
148370
0c9b34
061e76
01b444
ffa2a2
ffc38a
018cdc
042a22
06a45e
081066
07bb6c
054dee
00dec8
faf080
f458b4
ee1714
e92366
e63b5e
e5bb0a
e7889e
eb1868
ef8866
f3cde4
f6ec86
f82ba6
f73dfe
f45276
f00b52
eb5db4
e76014
e512b8
e52e88
e803f0
ed6f60
f4e55a
fd930c
068bb0
0ef778
163968
1c05b4
2065d4
23aa8a
265004
28dc94
2bc1ca
2f4528
33740a
382494
3d01f2
419f6a
458cfa
4869e8
49f2d0
4a091a
48b3b2
461b18
42827c
3e3ec4
39acd4
352800
31012a
2d76e0
2aaed8
28b190
2769f0
26a996
2630ca
25b9b0
25054c
23e7ac
2250d0
205050
1e1280
1bd78c
19e656
187cf8
17c2f0
17c010
185982
1955cc
1a6732
1b39c8
1b821c
1b0a7c
19bc16
17a2a0
14ea26
11d77e
0ebd24
0bef52
09b8ae
085046
07d2be
083f8a
0979cc
0b4cdc
0d73de
0fa34c
11938e
130b18
13e610
141b28
13bc1a
12f07a
11ebec
10e21c
0ffa0a
0f4382
0eb166
0e1aa6
0d41b4
0be12e
09bb6e
06aa32
02aad0
fde308
f89cf4
f33bb4
ee2aea
e9cbe8
e66508
e416e8
e2d966
e280f2
e2ca1a
e36884
e41620
e49f86
e4eab0
e4f732
e4d854
e4ab0e
e48b68
e48c26
e4b1c2
e4f14a
e53322
e557fa
e53e28
e4c692
e3d8b2
e26528
e066a0
dde168
dae2c4
d780d2
d3da22
d013ec
cc573c
c8cd12
c59924
c2d496
c08a9c
beb7d4
bd4ce6
bc33da
bb5656
baa330
ba118c
b99fa2
b94d8e
b916e0
b8ed36
b8b576
b84a78
b78686
b65242
b4b4e0
b2e0b4
b13766
b04326
b0a380
b2f066
b79962
bec8a4
c85096
d3a97a
e001c8
ec5f08
f7c87a
0172b2
08e356
0e0504
11264e
12e440
1405be
154f96
1759ea
1a7032
1e8276
2329b4
27bdcc
2b7822
2d9b6c
2d991a
2b2d38
266c54
1fc270
17e394
0fb074
0813f4
01df38
fda95e
fbb760
fbf0a2
fde234
00d10e
03d90e
0614b2
06c6d2
057ef2
02307c
fd37c8
f74a70
f154e0
ec4b72
e8f8c4
e7d2e0
e8e0d8
ebb838
ef93a2
f37cd0
f68178
f7e816
f758c2
f4f06a
f13aac
ed1430
e97cb8
e76400
e77c24
ea1b46
ef3134
f65202
fed1ea
07eaec
10e262
19266e
205f28
2671a6
2b7662
2fa83c
33517a
36b9f0
3a18c0
3d8b9c
4113f6
4498a0
47e9de
4ac70e
4ce6b6
4e00ae
4dd876
4c47f0
4949bc
450038
3fb60a
39d790
33e508
2e5f70
29b3d6
2628fa
23d3ac
229578
22258c
222122
2220a0
21cd3a
20f186
1f81aa
1d9a2c
1b7638
196018
179fc2
166b12
15dade
15e6ca
166774
171dce
17bdf8
17fb94
17955e
165f14
1448a8
116252
0ddd24
0a06ca
0640e2
02f49e
0083b4
ff3838
ff3670
007468
02b974
05a69c
08c6c8
0ba3dc
0ddc90
0f364c
0fa6e8
0f5422
0e8830
0d9da0
0ce7f0
0c9e68
0ccd5c
0d51bc
0de058
0e1688
0d8ffa
0bfcfe
093480
053de6
0050c2
facb0a
f52022
efc49e
eb1b50
e76782
e4c648
e32ede
e2798a
e26b52
e2c27e
e3416e
e3b77e
e406b0
e42456
e41536
e3e78a
e3acc6
e373f2
e344f2
e31dbe
e2f238
e2ade2
e23658
e16f56
e0400c
de97e4
dc7150
d9d356
d6d186
d38a46
d0238c
ccc5b4
c995da
c6b18c
c42bb0
c20ad0
c04acc
bee1d6
bdc60a
bcf19e
bc6502
bc2678
bc3e6a
bcb014
bd7112
be6400
bf57f2
c00d32
c040e8
bfbf46
be7778
bc8b7c
ba5786
b86daa
b783f4
b85654
bb8172
c15f1e
c9ec6c
d4bf80
e110ca
edd8c8
f9fc86
047fd4
0cb264
124ec6
15844a
16e8da
175504
17b336
18cd0c
1b2092
1ec5fe
236be8
286a30
2ce64a
3000f6
310414
2f86fc
2b82ea
2554a2
1dac64
157082
0d97fa
070348
025a2e
fff372
ffc988
017d54
0466b4
07b062
0a7bb0
0c06b2
0bce32
09a5ca
05c1e6
00b030
fb3df6
f650da
f2b944
f10716
f169a6
f3a30a
f712bc
fad692
fdfb2a
ffb196
ff7eac
fd58ba
f9ac1c
f54622
f12ab4
ee5de2
edae7a
ef8dba
f3fbb8
fa8c2a
02823e
0afc2a
1322e0
1a52c6
20352a
24c67c
284984
2b2c3e
2de6f8
30de10
344ba6
3834d4
3c6c2e
409f38
4469a0
476962
494fa4
49ebd2
493084
473220
4420e2
404140
3be3c0
375bf4
32f770
2ef668
2b85fe
28bc56
269708
24fd46
23c5de
22bf9e
21ba26
208eae
1f278a
1d8390
1bb4d0
19db88
181f14
16a5b2
158c34
14dfd4
149b66
14a7f8
14df90
15122e
150c98
149fb8
13a758
120ff8
0fdb3c
0d222a
0a13cc
06efe0
03fec6
018782
ffc414
fed694
fec244
ff6a00
00948c
01f6be
0341d8
04330a
04a084
0480ac
03ea56
030e5e
022b3c
017d0e
012e3a
014bd2
01c04e
0255c4
02bf4e
02a7cc
01c360
ffdeb0
fce8e4
f8f82c
f447da
ef2fcc
ea16e4
e56364
e16bb6
de69e6
dc73c6
db7960
db4ab6
dba27c
dc328e
dcb180
dce7c2
dcb8d4
dc26a0
db4ec8
da6270
d99a50
d92952
d93036
d9b5b0
daa45e
dbcdce
dcf21e
ddcba0
de1bd0
ddb6c2
dc8a8a
daa13a
d81e70
d5392e
d231a8
cf45ec
cca904
ca7c9a
c8cd4c
c7934a
c6b774
c61b0a
c5a046
c5317c
c4c574
c460ac
c4124a
c3ec82
c3fba4
c43ebe
c4a29c
c50160
c5294a
c4ea0a
c425d8
c2e1b8
c150c8
bfd734
bf01f0
bf71b4
c1bd42
c65170
cd5540
d6981a
e19022
ed6b16
f92f4e
03e676
0cc91e
136290
17a4ea
19e7d2
1ad1c8
1b3254
1bd49e
1d53b4
1ffa0c
23b2b0
280ec6
2c5de6
2fd368
31b050
316a0a
2ec606
29e50e
233e26
1b8b9e
13ad94
0c86d0
06d9dc
032ba6
01b00a
0242c0
046d4a
077a2a
0a92ba
0ce2ec
0dbd72
0cbb64
09d126
055378
ffea00
fa700e
f5c9d8
f2b68c
f1a7e2
f2a83c
f556ba
f8fa90
fca9a4
ff7b68
00bcd8
0019b4
fdb186
fa12da
f61d82
f2d3b0
f1243c
f1b988
f4d872
fa55d0
01a338
09f002
12566e
1a096c
2079d0
256bc6
28f852
2b7cac
2d7dec
2f87d0
320d00
354f5c
395454
3de66e
42a19e
47062a
4a8f28
4cc91c
4d6346
4c39a0
4958f4
44fc76
3f84fc
396b98
333156
2d4e34
282284
23ec00
20bf8c
1e89fc
1d17ae
1c2022
1b5436
1a6d18
1938c4
17a1aa
15b0a8
13890a
11602a
0f7286
0df74c
0d157a
0cdc8c
0d40f6
0e1c14
0f3068
1031c4
10d02c
10c382
0fd736
0df4ac
0b2a14
07ab3e
03cc4a
fff6d2
fc9a02
fa17ce
f8b2ea
f8813a
f96678
fb18e2
fd2f2a
ff350e
00c320
0193ce
0190ba
00d5e2
ffa9ca
fe6bba
fd7c46
fd2602
fd8b8c
fe9efc
002414
01bc96
02fb94
037b36
02efc6
01348c
fe508c
fa735c
f5eb64
f117f6
ec5ae2
e80c34
e4712e
e1b6a4
dfeed8
df1272
df035c
df90f4
e07da0
e18682
e26cfe
e3000e
e323c4
e2d640
e23096
e16250
e0a7f8
e03e4a
e05444
e0fed4
e23154
e3bd20
e5591e
e6af38
e76c54
e74fae
e6369c
e422ac
e1386e
ddb792
d9ee1a
d62a56
d2ad9e
cfa29a
cd19dc
cb0d06
c96606
c807e0
c6d730
c5c0a6
c4bbba
c3c964
c2ef9c
c233e6
c19676
c10f70
c09020
c00958
bf754c
bee1e0
be7866
be7ff6
bf5890
c16dfe
c52468
cac250
d25c5a
dbc726
e693c2
f219b0
fd8dd6
0821e4
1126d2
182b8a
1d1076
200b26
219920
22645a
231ed8
245ca4
267438
296c20
2cf9fe
30928c
33879a
352d98
3500b6
32c1a4
2e84c2
28b152
21f11e
1b140a
14ecec
102e0a
0d4b0a
0c65ba
0d4890
0f6fb8
121f5a
148412
15d778
15827a
1338a0
0f07aa
0956c8
02d534
fc5b52
f6c2ec
f2bd22
f0af32
f09dda
f22bf4
f4ad22
f74988
f92b90
f9ae92
f883f6
f5c630
f1f5ce
ede0ac
ea7854
e8a0ae
e90294
ebeb16
f13de2
f87e02
00ea0a
09a49c
11df8e
19003a
1eb5ac
22fd98
26187e
287144
2a7f54
2caa10
2f3282
3227e8
35689a
38ad24
3b9968
3dcfb0
3f01f6
3efe46
3db4d2
3b3816
37b8ee
337f60
2ee0e2
2a35c4
25cee6
21ecdc
1eb93a
1c4340
1a7ff4
194dae
187ae8
17cf60
171604
162656
14eb2c
13653e
11a928
0fd96c
0e1e42
0c9cfc
0b7094
0aa4c8
0a348a
0a0b34
0a0786
0a00be
09cc8c
0944c8
084c96
06d50a
04e064
028350
ffe46c
fd39c8
fac37e
f8c360
f7727c
f6f69a
f75992
f88522
fa44e6
fc4ebe
fe4f7a
fffa1c
011666
018b8e
016454
00cbc6
00028e
ff4f30
feece4
fefccc
ff7d06
00474a
01178a
019904
0176bc
006ba4
fe5072
fb24d0
f710f6
f26032
ed763a
e8c08a
e4a5f6
e177e6
df6738
de7e10
de9fc8
df8ec2
e0f6e2
e27b90
e3c70c
e49858
e4cd2a
e4667a
e38666
e26814
e1529a
e08986
e03e34
e08506
e1500e
e270a6
e39fec
e48bc8
e4e5d0
e471aa
e31014
e0c48a
ddb3f8
da1d32
d64d3c
d2921e
cf2ea6
cc51d8
ca138c
c8763c
c76cfa
c6e2de
c6c1a0
c6f62e
c771f8
c827b6
c9059a
c9f086
cac224
cb4b9a
cb5e58
cada5a
c9be38
c83454
c69878
c57332
c56978
c7213e
cb1fbe
d1a9b8
daac04
e5b282
f1f208
fe65b4
09fa34
13be78
1b1062
1fbb0a
21ff52
22846a
223310
2202ec
22c55a
24f8be
28ad4e
2d814c
32b5fe
375886
3a7548
3b4b12
3973a8
34f9ba
2e5824
2663ac
1e24b2
16a854
10d1a4
0d33bc
0bfaf4
0ce85c
0f5f74
128336
155d7c
170a20
16deb4
1487e8
101824
0a0528
031408
fc3674
f65f06
f25426
f089e4
f10a3c
f37184
f700b6
fac2d8
fdbe30
ff27d2
fe8f6c
fbf96a
f7e11c
f3229a
eed022
ebfb32
eb7d74
edcdbe
f2e992
fa574e
034026
0c9c7c
15681e
1cd2d6
2263de
260a06
281618
292192
29e8d2
2b20e4
2d5140
30b918
354480
3a9256
400826
44ef76
4896e4
4a711c
4a2c62
47bf4c
43695e
3da7c0
37206e
308790
2a8330
2591c8
21f91a
1fbf54
1eaeea
1e6492
1e6564
1e3814
1d7c2a
1bfb1a
19b062
16c72c
138e72
10666e
0dac38
0ba790
0a7dfa
0a2d3a
0a8e02
0b5cda
0c46da
0cf77e
0d256a
0c9c3a
0b425e
091b24
06452e
02f65a
ff752e
fc1052
f914cc
f6c494
f54dbc
f4c2e2
f5170a
f61f50
f7999e
f9376a
faabd8
fbba62
fc4272
fc458c
fbe69e
fb622e
fb012c
fb0924
fbac42
fcfd1a
fee880
0136a6
039316
0599fe
06e852
072c32
0632c2
03f0de
008676
fc3bb8
f7777e
f2b0fa
ee5ef0
eae63c
e88a38
e7622e
e75596
e82064
e95f16
eaa06a
eb7a4a
eb9e6c
eae982
e9695a
e75982
e516c6
e30b8e
e1993c
e10300
e15ebc
e28fd2
e44c18
e629d2
e7b410
e880ba
e842e6
e6d680
e44428
e0bce4
dc8eb6
d814c4
d3a77e
cf8fa4
cbfd9e
c906a0
c6a868
c4d136
c368ce
c25860
c1900c
c1087c
c0c07a
c0b78e
c0e750
c13e24
c19d84
c1dd0e
c1d2d4
c1607c
c08202
bf59f0
be374c
bd9270
bdff5c
c015e0
c453b0
cafe58
d40bd0
df1772
eb6778
f804d2
03e1f4
0e0932
15c9a4
1ad89e
1d5fdc
1df42c
1d7624
1ce2c2
1d1da0
1ec06c
21f9d8
268346
2bafb6
3090e0
342aa2
35a912
348dbc
30cb6a
2acb1e
2358ea
1b7da4
144e38
0eb982
0b5ddc
0a6e8c
0bad10
0e7676
11e2a4
14ef4c
16ae80
16715e
13e76e
0f2d2e
08c7ae
018d64
fa7f20
f49892
f0a0fa
ef042e
efbc32
f25140
f5f064
f9955a
fc4052
fd2c64
fbfb0e
f8caf2
f434bc
ef2e9a
eadb74
e84fb6
e85922
eb5624
f12450
f92978
027576
0bf492
14a654
1bcc9e
21097a
24678e
264c8c
2759f8
28447a
29abd8
2bfab8
2f53fc
33904c
384a6a
3cf610
40fb74
43d1ca
45152a
4494e0
42587e
3e9c8e
39c8da
346164
2ef37e
2a0218
25f3a6
23046e
213f10
207c80
206bf2
20a2ca
20b0f4
203614
1ef3d0
1cd9ce
1a0842
16c84e
137bb8
108802
0e413c
0cd932
0c55f0
0c9194
0d431c
0e0d5e
0e90de
0e7cfe
0d9d8c
0be23e
095ed8
06459a
02dde6
ff78d2
fc65ba
f9e89c
f832dc
f75e26
f769de
f83b62
f9a1ac
fb5bd8
fd2200
feafa2
ffce6e
005f52
00603c
ffed06
ff3ab8
fe8d64
fe2aa8
fe4a6a
ff0906
005e9c
021d66
03f72a
058914
066c84
0649a0
04e7aa
02388a
fe5e38
f9a832
f48880
ef82de
eb1946
e7b7e8
e5a3a8
e4ef6a
e579a4
e6f1fe
e8e68c
ead73e
ec4c5a
ecebfe
ec89fe
eb2f1e
e91638
e6a006
e43f38
e26084
e1542e
e13d6a
e20ade
e379d2
e523c8
e693a8
e75cfe
e7303a
e5e804
e38db2
e05434
dc8ac0
d88b3e
d4a91c
d123ee
ce1fd4
cba590
c9a9ae
c816f6
c6d89e
c5e146
c52cfa
c4be60
c4984c
c4b5cc
c503e2
c56004
c59c32
c58872
c5006e
c3fa74
c293a2
c1153c
bff092
bfb16a
c0e89a
c4119c
c97872
d125e6
dad5c2
e5f9be
f1ca72
fd649e
07ed14
10b4aa
175578
1bc378
1e4c14
1f8444
2028d4
20f6e2
22841a
251f36
28bf1a
2d0428
314bd8
34d308
36df2e
36e62e
34ad08
3056cc
2a60b2
238cf0
1cc086
16da9c
128d08
103d46
0ff3d4
115c44
13d55e
168e76
18ad34
197454
1864b0
1553c4
1073be
0a4ae0
039b5a
fd4028
f804c0
f47e98
f2f03a
f33bc2
f4e832
f7393a
f955b0
fa7518
fa0b66
f7e9c2
f44cbe
efd406
eb64d6
e7fd22
e68078
e78a0a
eb4e0c
f18fd8
f9aefe
02c8e8
0be742
143032
1b0da6
20443a
23f5a8
268f5a
28a9e0
2ae244
2db5e8
316778
35f1ec
3b0bde
4038d6
44e312
48780e
4a8206
4aba5c
491264
45b232
40ef74
3b3fd0
352800
2f29e6
29b47e
251772
217b3e
1edf28
1d1cbc
1bf0a4
1b081c
1a10b4
18c764
170542
14c6fe
122c86
0f710c
0cdd42
0ab684
092eb8
0858ae
082354
085d36
08beea
08f96e
08c566
07f064
066526
042d1a
016c5e
fe5968
fb32d8
f83590
f594f2
f376d6
f1f266
f1107c
f0cbfa
f1131c
f1c984
f2ca54
f3eb74
f50316
f5ee8c
f6987a
f6fd4c
f72d34
f74a1e
f7807a
f7fc28
f8dc5e
fa2994
fbcf6a
fd9cc4
ff4a78
0087b0
0108f8
00968a
ff16ee
fc9490
f93cd4
f5585e
f13e6e
ed4796
e9c1e2
e6e738
e4d74c
e396aa
e311b2
e321ca
e393d8
e43046
e4c3aa
e525e6
e53ec4
e508e6
e49292
e3faa6
e36a18
e30aec
e2fdee
e35174
e3fb3e
e4d71e
e5ac2c
e63766
e63874
e57e10
e3f084
e19708
de961c
db278c
d78e28
d40864
d0c56a
cdde98
cb5790
c92560
c738c0
c58738
c4113e
c2e330
c2105e
c1a99c
c1b25e
c2186c
c2b1dc
c3431e
c38c6e
c35d12
c2a748
c18ee6
c06dcc
bfcbc0
c049d6
c28498
c6f2c6
cdc7d4
d6e1e2
e1c75a
edb522
f9bc7e
04eb84
0e76fa
15dd42
1afb42
1e0ec4
1fa56c
207c1c
21558e
22d0f2
254980
28c440
2cefcc
31362e
34dd38
372e3e
379cf0
35e530
321aa8
2ca78c
263ab8
1fa8e8
19c7a8
15487e
129a60
11d6a8
12bd92
14c282
1725a6
19163a
19d790
18e2ee
16000c
114fbc
0b46c4
0499ae
fe1c84
f89bc8
f4b5ca
f2bc1a
f2a3a4
f40674
f63766
f864d4
f9c430
f9bd74
f80ce8
f4d4c2
f09a82
ec2f92
e88996
e69292
e6fae8
ea16a6
efcd0c
f79d30
00b722
0a2402
12f40c
1a68dc
201398
23e226
2619f4
27421c
280264
28ff4e
2ab996
2d764e
3133d6
35ad8e
3a6b2e
3ed76a
425a50
4472c2
44ca98
43436c
3ffa4a
3b4292
3599a2
2f94b2
29ca88
24bd84
20c988
1e17ec
1c9b4c
1c14ac
1c20c6
1c4b5e
1c2542
1b58d8
19b972
174a9e
143dac
10e644
0da876
0ae44a
08e300
07c98c
0792a4
0810dc
08f80c
09eb4e
0a8d32
0a8f52
09be52
0808e6
058148
0259b2
fedcba
fb62f4
f8470a
f5d9f2
f45822
f3e030
f46c9a
f5d360
f7cba8
f9f880
fbf7bc
fd732c
fe30be
fe1dc6
fd5362
fc12b2
fab844
f9a854
f938b6
f99cf2
fad8f2
fcbd5e
feef18
00f7fc
025d98
02b96a
01cd64
ff9080
fc314e
f80dda
f3a264
ef72da
ebf436
e979f4
e82a68
e7fb68
e8b7d0
ea0c5e
eb97f6
ecfc90
edeeca
ee4152
ede9a4
ecfe2e
ebaf52
ea3cf6
e8e9f0
e7ef72
e77292
e77de2
e7ff5a
e8cafa
e9a296
ea4124
ea66be
e9e374
e89f72
e69eec
e400f0
e0f952
ddc6b6
daa75a
d7cee8
d55ec2
d36284
d1d244
d09934
cf9dba
cec91e
ce0d02
cd654e
ccd5c6
cc643a
cc11e8
cbd646
cb9d86
cb4c12
cac770
ca02b2
c90b50
c8124c
c76d9a
c7905e
c8fa30
cc1f66
d14ef6
d89c32
e1d1ba
ec70ca
f7bf2c
02e2ce
0d0592
157a0c
1bd974
201458
227236
237f4e
23ec70
246820
257952
276274
2a136c
2d2e2e
301c90
323234
32d36c
3198b6
2e66ee
2977e2
235214
1cb11e
1663f0
1127c8
0d8672
0bbe1a
0bb774
0d0b7a
0f174e
111a3a
125890
123d56
1074e0
0cfb6c
081d72
026968
fc954a
f75c4e
f35b68
f0f322
f0347a
f0dd34
f264c2
f417c8
f53d56
f53ea6
f3c8ec
f0e206
eceb1a
e8907a
e4a9fe
e211ba
e17956
e3478e
e784ae
edd93e
f59fa4
fe0508
0631ae
0d7028
134b96
179f32
1a9526
1c9648
1e2ef8
1fef44
224cd2
258bb0
29b1c6
2e86dc
33a03e
3873f4
3c701a
3f1284
3ffd1c
3f03b2
3c324a
37cb98
32404a
2c1fc0
2603e6
207b7e
1bf648
18b5d6
16c5c8
15fc90
160518
166fdc
16c860
16ab18
15d7ca
143cae
11f814
0f502a
0ca27c
0a4eda
08a2b0
07c8cc
07c0ae
085f2a
095770
0a4a28
0ad7b4
0ab226
09aae4
07b9e8
04fdfa
01b64a
fe36dc
fada78
f7f50c
f5c8b0
f47dde
f41ef8
f49848
f5bc82
f74c60
f9001e
fa9296
fbcbee
fc89d6
fcc46e
fc8f36
fc14fe
fb8f6e
fb3b44
fb4b18
fbdbfc
fcedf2
fe615c
fffaa8
016c8c
0265be
029f74
01ea8a
0038b4
fd9fec
fa57b8
f6b07c
f306de
efb5ea
ed09fc
eb35e8
ea4cea
ea41ea
eaeb7a
ec0bb2
ed5a28
ee8f2e
ef6f3a
efd3f6
efb116
ef15c2
ee2a02
ed26dc
ec4af6
ebce1a
ebd506
ec683e
ed6fec
eeb59e
efeca2
f0c002
f0e1c0
f01958
ee4fb6
eb9450
e81958
e42976
e01920
dc35e8
d8b878
d5bcaa
d3409e
d12bbe
cf5b0e
cdade2
cc0ffe
ca7f28
c909c6
c7c6d2
c6caa2
c61cd0
c5b292
c5704c
c532f6
c4df88
c474bc
c41868
c41b60
c4f1a6
c71f28
cb1b6a
d13280
d96b12
e378ce
eebf08
fa64a0
05769c
0f1346
169380
1ba936
1e6c50
1f5370
1f18f8
1e925a
1e82b2
1f72ac
219588
24c04a
2874e0
2bfeb2
2e9a5c
2f9fac
2ea546
2b9768
26bde8
20b0b2
1a3d10
1441ac
0f8802
0ca180
0bce1e
0cf116
0f9568
130172
16562a
18b4b2
1964cc
17f5ec
1453c6
0eca8c
07fa9a
00bc8c
f9f984
f47f58
f0d96c
ef35cc
ef5cb8
f0bc6a
f2879e
f3e148
f40ce0
f29876
ef77fc
eb0c36
e612fe
e1838a
de5e66
dd7ae0
df5cac
e41a58
eb5912
f45e18
fe32b2
07d22e
105842
172718
1bfe1a
1efdd4
209976
2179d4
22580a
23d7fe
26690c
2a3170
2f0866
347fd6
39f924
3ec12c
422f8c
43c3b0
4339ee
409670
3c249c
366b52
301830
29e4fe
247b26
205ad8
1dc9c2
1ccb14
1d2222
1e5fd8
1ff804
215a66
220b46
21b722
203ea4
1db936
1a6d8e
16c1f6
13283a
100912
0db20a
0c4920
0bc822
0c001a
0ca354
0d53de
0db478
0d78e4
0c7240
0a95e6
07feba
04e8d8
01a7e4
fe9a60
fc1b9e
fa75dc
f9d690
fa4736
fbab8e
fdc576
003dfe
02b24a
04c28e
0620e8
069df8
0630be
04f802
03349c
013d54
ff6e66
fe17e8
fd6e10
fd7e2c
fe2af0
ff30d4
003200
00c812
0098b2
ff687c
fd28ca
f9fd32
f636d0
f246f0
eeabaa
ebd96a
ea258c
e9b6f6
ea7f7a
ec3e4a
ee8bc2
f0ecc8
f2e92a
f4204a
f458d4
f388dc
f1d540
ef886c
ed029e
eaa720
e8c996
e79f2c
e735e2
e77342
e81a44
e8d76e
e95054
e9335a
e845aa
e66d90
e3b5fa
e04ad6
dc70c6
d8793a
d4b41c
d162aa
ceae7a
cca558
cb3a42
ca4b12
c9a97c
c92492
c8909e
c7cc54
c6c2ec
c56c10
c3ca24
c1e8ea
bfddf8
bdcb0c
bbe14c
ba640a
b9a828
ba0dfe
bbf5ee
bfafea
c567e6
cd14ac
d66e6e
e0ef74
ebe080
f671d4
ffdc6c
0783e4
0d1278
108968
124088
12d380
1300ec
138216
14e322
1763fa
1ae97e
1f027c
22fed0
261488
278bc2
26e6e2
23fefc
1f0fd8
18b120
11bd00
0b29c6
05dea0
028aa4
018542
02beb6
05c34a
09cfb6
0df2a6
113692
12cccc
1231d8
0f44ae
0a4d06
03eece
fd0bf4
f69a64
f175f2
ee363c
ed109c
edcd7c
efd35a
f2457e
f4315a
f4c28e
f37226
f026be
eb3f0e
e5847c
e00722
dbea3e
da2c38
db75d4
dff940
e767de
f1017a
fbb8c6
06654e
0ff8ac
17acae
1d2154
2065f6
21ed58
22702c
22c446
23b176
25cbf0
295a30
2e4a50
343840
3a8268
40672c
452660
482202
48f816
47912a
4422e4
3f26de
394694
333fa6
2dc626
29694e
267e7a
251664
24fe8e
25cddc
26fa22
27f296
283a02
277c0e
259a00
22ad24
1efe8e
1af664
1706ac
13965c
10effe
0f3608
0e5ff6
0e3fb0
0e8bdc
0eed6e
0f0f56
0eac86
0d992e
0bc846
094d46
0658d4
033104
0027a0
fd8f1c
fbae92
fab676
fab86c
fba34e
fd43e0
ff4b4a
015b4c
031570
042aba
0469ec
03c8b0
0264ca
007dee
fe69a0
fc81d2
fb1264
fa4a62
fa3340
faaefe
fb7e84
fc4ee2
fcca4c
fca88c
fbbca6
f9fd8a
f787a6
f49708
f17cda
ee9242
ec29c6
ea8212
e9bcf6
e9db46
eabce8
ec261a
edc966
ef53c0
f07972
f1021a
f0d188
efebaa
ee73a2
eca572
eacaa2
e92bb4
e801f0
e76c06
e76718
e7cec0
e864e0
e8de74
e8f240
e86782
e72180
e5243a
e2915c
df9f84
dc8dc0
d9958e
d6df8c
d47e06
d26e12
d09dd6
cef5de
cd62c4
cbdb5c
ca61b6
c8ff3a
c7bd2a
c69c60
c5902e
c47f3c
c34ae6
c1dc12
c032d6
be73e6
bcee2a
bc15ca
bc7440
be8f20
c2ca02
c94b00
d1e8f4
dc2882
e74978
f2639a
fc8e00
05083e
0b5c60
0f7306
1194e8
125868
127fd8
12cf92
13e44e
161264
19553e
1d516a
216852
24d9ac
26ebe0
271262
250b0e
20ed58
1b28fa
1474b4
0db072
07c0a0
0368e6
012bf4
0135d8
0354a6
07007c
0b7156
0fbfe8
130c7a
14a4ca
1422d8
117f52
0d133a
078778
01b54c
fc7d4a
f89baa
f68316
f64632
f79492
f9cb6a
fc17e0
fda4a6
fdc8c6
fc2d32
f8e218
f45f62
ef6f3e
eb076e
e81a62
e769e4
e96374
ee0d98
f5098c
fda768
0707e0
10443e
1894ee
1f6edc
2492f6
280f3a
2a328e
2b76a2
2c655e
2d7f2a
2f252e
318a42
34acda
3859aa
3c3526
3fca64
429e06
4441fa
446712
42ea80
3fddaa
3b865c
365634
30daa0
2ba7ba
274172
240646
222068
21801c
21e030
22d3b6
23da84
247840
2449e6
2315b4
20d294
1da656
19dbd6
15d342
11f01c
0e8864
0bd7b0
09f7f4
08e046
0868ec
08535c
085562
082546
0784ce
064a6c
0467b0
01ec0c
ff0394
fbf18c
f90722
f696fe
f4e794
f425fe
f45c74
f56e9e
f71c94
f90c66
fad930
fc251c
fcaa1c
fc465c
fb01c4
f90b56
f6aeec
f44570
f222a4
f08462
ef8778
ef23a2
ef2ee0
ef67cc
ef84a6
ef434a
ee76c2
ed109e
eb23f0
e8e1c6
e68fe4
e47bfc
e2edd4
e21ad4
e21c92
e2ec18
e46308
e6424e
e83ca8
ea0312
eb51a4
ebfa9e
ebed82
eb389c
ea04c4
e88c9e
e7109a
e5c9c6
e4de9e
e45c7a
e43632
e447be
e45e6c
e4441c
e3ca80
e2d34a
e153cc
df5464
dcec3e
da3a52
d75e48
d47400
d1923e
cecb98
cc311c
c9d48e
c7c86c
c61cee
c4da2a
c3f942
c35fc0
c2dfec
c23f86
c144d4
bfc8e4
bdca9c
bb7c6a
b947f0
b7c544
b7a552
b99176
be0682
c53436
cee93e
da903c
e74060
f3e0d2
ff57f0
08bc46
0f7dde
137f16
1516d8
14fb5a
141a3a
136600
13a3c6
1543ce
184c6e
1c5aea
20ba3a
248b18
26f436
275056
255186
21135a
1b1832
143242
0d5e56
079814
03ae4a
021f0c
030312
060ba6
0a91b4
0fb3d2
147e4c
181520
19d880
197e8a
171d62
132306
0e3d54
093712
04cfea
0196c4
ffcf30
ff66ae
fffaf2
00f00a
019362
0143e2
ff958a
fc6a40
f7fb7e
f2d254
edae88
e9634e
e6b182
e625ea
e801b0
ec321c
f25816
f9dc28
020af6
0a3440
11c58a
185bcc
1dcaea
221ab8
257b0e
283304
2a8f70
2cd370
2f2c76
31ac22
344888
36e0b8
394348
3b36b6
3c8326
3cfaee
3c8112
3b0e60
38b492
359de8
320964
2e443a
2aa0d2
276c3c
24e3fe
232dbe
225208
223b68
22ba2c
238bc0
2464c2
24fc4e
2516aa
248c96
234eec
216702
1ef380
1c2176
1923b8
162ae8
135eae
10d826
0e9f40
0cabc4
0ae8a0
093914
077f1e
05a1e6
0392da
015112
feeabe
fc7bcc
fa29ec
f81f02
f68238
f5710c
f4fa4e
f51bfe
f5c32a
f6cdc8
f80f76
f95854
fa7b66
fb536c
fbc6c2
fbc96c
fb5bbc
fa8716
f95ac2
f7e89a
f64164
f472d6
f287d4
f0895c
ee7fc2
ec74fe
ea764c
e8940c
e6e0fc
e570fa
e4566c
e39fc0
e35646
e37d9c
e41308
e50de4
e66174
e7fe44
e9d22c
ebc844
edc98a
efbd6a
f189e8
f3151a
f4479c
f50e48
f55bcc
f52ad0
f47ee4
f363e2
f1ec1e
f02de0
ee3fec
ec364e
ea1fd6
e80480
e5e4f2
e3bbbe
e17ff0
df281a
dcad98
da1090
d75b9e
d4a4da
d20c06
cfb6e2
cdcaa6
cc62ea
cb8934
cb2f64
cb2d7e
cb4542
cb2cf6
ca9f68
c96e5a
c793f4
c53eb8
c2d392
c0e47c
c01b36
c11b06
c45f0a
ca1ca0
d2309a
dc1bd4
e71168
f215bc
fc295c
047650
0a76b8
0e0d44
0f88be
0f9112
0f0262
0ebe12
0f7abe
119d16
1522c6
19a372
1e670e
228d6a
253e4a
25d7bc
2410e6
200a74
1a49f8
13a18e
0d0970
077388
03a13c
0202c6
02a650
053990
091c48
0d7f0e
1188d4
147c16
15d518
155cb2
132d66
0fa9e6
0b670e
070dca
033ac8
006196
feb842
fe2f88
fe78d0
ff1854
ff8002
ff2e98
fdcc34
fb3de4
f7ad78
f383c4
ef55b4
ebc862
e972a2
e8c1f0
e9e77a
ecd13e
f1305c
f68afe
fc553a
020bac
074a4c
0bdafe
0fb93e
130b70
16140e
191de8
1c6844
20172e
242a52
287bf6
2cc838
30ba66
33fc9a
364738
376d96
37651a
36458c
34436c
31a694
2ebe88
2bd5f2
292854
26dbfc
250026
238ee4
2272f8
218fa0
20c7d8
20043c
1f36c6
1e5b68
1d7622
1c8fb4
1bb16c
1ae140
1a1f4c
1964e4
18a4c6
17cc8e
16c7a6
158276
13ecf0
11fc8a
0fae32
0d07ce
0a18a2
06f8ec
03c884
00ab82
fdc55c
fb33e8
f90b2c
f7520c
f6015c
f505ac
f44396
f39e06
f2fda4
f25740
f1af24
f1188c
f0b128
f09910
f0e91c
f1aa82
f2d148
f43adc
f5b198
f6f53e
f7c63c
f7f146
f758fa
f5fbca
f3f48e
f175cc
eec108
ec1c1a
e9c678
e7f076
e6b5ca
e61c00
e6141a
e67eb8
e73278
e8037e
e8ca28
e968b2
e9cf9a
e9ff5e
ea0796
ea046e
ea19e6
ea6c08
eb1630
ec2354
ed8842
ef218a
f0b724
f2051c
f2c766
f2c748
f1e74a
f02a68
edb506
eac6a0
e7ad0a
e4b43a
e2161a
dfee3e
de35ae
dcc762
db6bf4
d9ea60
d81918
d5e9ee
d36e72
d0d424
ce57e8
cc3420
ca8f8a
c97178
c8be86
c83ffe
c7b51c
c6e938
c5c90e
c47150
c33210
c284c6
c2f604
c50790
c911c2
cf2a92
d718b6
e056d6
ea26d2
f3b11a
fc2a96
02f916
07cdde
0ab13a
0bfd86
0c49d6
0c48ae
0ca28a
0dd3a2
1012de
13473e
170e30
1ad0b4
1de29e
1fa64a
1fae02
1dd3e6
1a4446
1578b6
1024e0
0b17e2
07185e
04c194
0467e6
06091a
094c48
0d91d4
120fca
15f5be
189256
1972e2
18767a
15d1c0
1202ba
0db5d8
09a1f6
06633c
045c2c
03a2c2
03fe46
04f5e0
05ec8a
06447e
0582aa
036ab6
000d42
fbc57e
f72764
f2e346
efa40e
edef74
ee0f22
f006c2
f39736
f84e5c
fd9fc6
02ffe2
07fb84
0c48ac
0fce42
12a178
14face
17267c
1972ac
1c1e96
1f4dac
23003a
271216
2b3fb6
2f3090
3284c8
34e464
360e02
35e294
346c92
31e108
2e999e
2b0832
27a5d0
24df6c
23047e
223b20
227adc
238f74
25241e
26d45a
283eb6
291660
293042
2888b4
2740d0
259488
23cc10
222bb8
20e534
200d8c
1f99a8
1f6142
1f26fa
1ea464
1d978e
1bcf3c
19347c
15cfe2
11c900
0d6128
08ea98
04bcac
0126ea
fe659c
fc990e
fbc022
fbb800
fc4214
fd0ee0
fdcbd6
fe32a4
fe16a6
fd6d6e
fc505a
faf708
f9ab26
f8b77a
f855b0
f89f22
f983da
faca0a
fc1742
fd0172
fd23f2
fc3458
fa1342
f6d50a
f2c026
ee420e
e9dcfc
e6113e
e34694
e1bb40
e17afe
e25eba
e41548
e63390
e8481e
e9eeba
eae146
eb029e
ea61b6
e934d2
e7ce34
e68c36
e5c6e8
e5bed6
e68fe4
e82a64
ea5346
ecac94
eec506
f02b2e
f08154
ef8f5a
ed4e10
e9e918
e5b79e
e12d52
dcc5b8
d8ee06
d5f2c6
d3f47a
d2e4e6
d28dbc
d29eea
d2c072
d2a382
d20fd2
d0ea52
cf3440
cd04f4
ca8166
c7d368
c5239a
c29818
c05732
be8b7e
bd6716
bd2392
bdfcaa
c02558
c3ba20
c8b422
cee0ee
d5e260
dd383e
e452da
eaab86
efdd96
f3b9ec
f65078
f7ecf2
f906a2
fa2660
fbc82a
fe3f82
01a43a
05cc18
0a5256
0eabba
1242b2
14959a
1550c0
145faa
11f236
0e74ea
0a7e92
06b6d2
03bae2
0204a2
01d7ec
0338d4
05ec6a
09831a
0d6ad2
110668
13c6aa
154112
1540c6
13cefc
1130c0
0dda80
0a5afe
07410c
0500de
03de0c
03de7a
04c94e
0632c0
0792d6
086250
0837d4
06df06
046558
011916
fd7a74
fa2290
f7a5a6
f6763e
f6cff2
f8ae20
fbcfcc
ffc726
04119e
083250
0bc932
0ea2e2
10be38
124726
138932
14dcd8
1693de
18e896
1bf28c
1fa248
23c4c2
280c5e
2c1d18
2f9a84
3235a8
33b7c4
340962
33356c
316752
2ee4a2
2c035c
291e16
268760
247e82
232726
228590
227ff0
22e488
237428
23eeaa
241ede
23e41c
2337b8
222c6a
20e8b2
1f9dc2
1e7c3a
1da8c4
1d33da
1d15f2
1d3036
1d51c2
1d4082
1cc3d0
1baec4
19e842
176f56
145b98
10d9b8
0d24be
097d70
062104
034086
00fa04
ff54c0
fe414e
fd9d8e
fd3b90
fcea26
fc7e02
fbd9fc
faf486
f9d922
f8a5a6
f78370
f69d9c
f6168c
f5ff0a
f6508c
f6ec58
f79fa0
f82bb4
f85106
f7db48
f6ab98
f4beee
f22fc0
ef3200
ec0a62
e902e8
e65e8c
e44e38
e2e93c
e22a26
e1f0b8
e208e0
e23550
e23b5e
e1ee4c
e13838
e01e9c
dec1ca
dd574c
dc1fda
db5ade
db39aa
dbd4ea
dd268e
df091e
e13cc8
e371be
e555c2
e6a1ee
e7268e
e6d2ae
e5b548
e3f820
e1d638
df8f9e
dd5d28
db6740
d9c122
d86914
d74cf8
d6512a
d557a6
d445e8
d30852
d19298
cfde98
cdeb1a
cbbba8
c95a9a
c6dd36
c46828
c232b0
c0861c
bfb7f4
c01e5c
c20056
c584d8
caa4d0
d12408
d89378
e05e16
e7de74
ee79b6
f3bab6
f76736
f98a28
fa70b4
fa9a4c
fa9e76
fb0dca
fc54fe
fea7f4
01f81c
05f894
0a2ee2
0e0ca6
110c8e
12ccd8
132248
122042
101502
0d7b1a
0ae3b2
08ddd6
07df12
0830c0
09e50e
0cd558
10a9b8
14e7fe
190790
1c86e8
1eff3a
203368
20184a
1ed4d0
1cb9d6
1a32dc
17b22a
159bcc
1433be
1392c6
13a37c
14287c
14cb02
152e72
1504b2
141fba
127c84
1044a6
0dc64a
0b644a
09822a
087054
085cd6
094bb0
0b1886
0d8046
10304e
12d76e
153554
172482
189dd8
19b550
1a913e
1b5f08
1c47fa
1d68a6
1ecc60
206d5c
22380c
24108a
25d896
27740c
28cb9a
29cdf6
2a6f8c
2aa97c
2a7974
29e230
28ec7a
27a85e
262dae
249ac2
231174
21b2a4
209898
1fd1fa
1f5ea6
1f2f0a
1f26ce
1f2286
1eff1e
1ea148
1dfbe2
1d12ee
1bfa90
1ad23e
19bd34
18d99c
1838a8
17d942
17a678
177a0a
17233a
167058
15392c
1367b2
10fd8c
0e154a
0adec6
07971e
047e72
01ccee
ffa8d8
fe1fce
fd2506
fc9482
fc3a7e
fbdde6
fb4bf2
fa6212
f9148a
f77058
f59816
f3bc4e
f21130
f0c340
efed7e
ef92d6
ef9c5c
efdce8
f01996
f01500
ef9aee
ee8a98
ecdd70
eaa8a0
e81928
e56b6a
e2df86
e0acd2
def774
ddc9ce
dd1372
dcadb6
dc6530
dc05b0
db665c
da7360
d9332e
d7c5c6
d65df2
d5365e
d484dc
d46e32
d4fd3a
d62000
d7ab4c
d96360
db0858
dc6320
dd4ff4
ddc40e
ddcd3a
dd8b6c
dd2640
dcc0fa
dc703e
dc345e
dbf980
db9d8e
dafa90
d9f298
d879e2
d69c3a
d47c0e
d24b26
d03f18
ce844e
cd3362
cc4c0a
cbb6f0
cb4e74
caec18
ca7720
c9f082
c97872
c94bb6
c9b882
cb0d4e
cd8558
d13796
d60c64
dbbcc0
e1db7c
e7e71c
ed6064
f1e0dc
f52ccc
f73d38
f83f50
f88a0e
f88c62
f8b780
f96986
fadcdc
fd1f42
001184
036f66
06ddec
09fd38
0c7a7a
0e1ee8
0ed986
0ec24e
0e15e2
0d2ad6
0c62e2
0c1a36
0c9766
0dfee4
104c2c
13519a
16bf6e
1a311a
1d3e62
1f8d84
20e2fa
212ba8
207f6e
1f1b50
1d54ca
1b889a
1a08ce
190d46
18aa1e
18ce00
19487e
19d6f0
1a34fa
1a2cda
19a3a0
189ec4
174280
15c946
147674
138794
13275a
13653a
143342
156a4e
16d37c
183464
195b46
1a289c
1a942e
1aac78
1a9118
1a6a1a
1a5e44
1a8a5c
1afb5a
1bac70
1c891a
1d72a2
1e4766
1eea2e
1f4804
1f5b52
1f2bd6
1ecbb6
1e528a
1dd78a
1d6caa
1d1b76
1ce438
1cbf1e
1c9f2a
1c75e0
1c36ee
1bdab8
1b5f54
1ac83c
1a1ca6
196544
18aa44
17f232
1741d4
169cec
160762
15861c
151ec2
14d686
14afce
14a802
14b5b8
14c832
14c8bc
149dd2
142f78
136c38
124d76
10d95a
0f2232
0d4358
0b5bf0
0988ac
07de5e
066646
051cc4
03f32c
02d3ca
01a766
005aba
fee2be
fd3efa
fb798c
f9a4b6
f7d6bc
f625ac
f4a36c
f35a98
f24d04
f173f2
f0c17a
f02308
ef845a
eed272
edfe64
ecffb4
ebd5aa
ea87a6
e9246a
e7c000
e6709a
e54ad6
e45e06
e3b108
e340b0
e30002
e2dab8
e2b984
e28704
e2344a
e1bc72
e1261a
e08242
dfe8c2
df7328
df376c
df438e
df9b1c
e0370c
e107e4
e1f992
e2f7ce
e3f1fc
e4ddb8
e5b7ba
e682f0
e745de
e8079c
e8cd20
e996f8
ea6036
eb1ef6
ebc5ec
ec4670
ec92c6
eca048
ec692a
ebedc6
eb350c
ea4bfa
e9443e
e8320a
e7294c
e63ad6
e571e4
e4d274
e45956
e3fdd2
e3b4b4
e3748e
e339c6
e30996
e2f2ea
e30cc4
e371ae
e4394e
e571be
e71a3c
e92068
eb616a
edaeb4
efd5f6
f1aaae
f30f5a
f3fbe4
f47ff8
f4c086
f4f0a0
f54758
f5f4e2
f718e6
f8bc1a
face8e
fd2aa8
ff9c50
01eaf6
03e424
0564bc
065f58
06de7a
070260
06faee
06ff3a
0743ae
07f0cc
091bc2
0ac268
0ccb00
0f083e
1140c6
1338f6
14bd7c
15acb2
15fd14
15bf3c
151b08
144864
138502
1308ce
12fb78
136d3e
145486
1590ca
16f214
184366
195554
1a06fa
1a4b40
1a2964
19b8c0
19195c
186b3c
17c694
1736dc
16b9ae
164154
15ba22
1510ea
1438e2
132f54
11fc80
10b17e
0f640a
0e29a0
0d134c
0c2b1c
0b73f6
0aeb66
0a8c6c
0a529a
0a3c38
0a4aaa
0a8136
0ae2be
0b6f34
0c214a
0ced60
0dc1d8
0e891a
0f2cc2
0f991a
0fbfde
0f9a38
0f2968
0e7608
0d8e62
0c844e
0b6af2
0a54b8
0951be
086e86
07b32a
0722d6
06bbdc
06783a
064eec
06356a
0621a4
060c3c
05f28e
05d7b8
05c470
05c546
05e78c
063596
06b33c
075b2c
081dda
08e2ca
098be2
09fa40
0a13d2
09c81c
09136a
07ff6a
06a144
051548
03791e
01e61c
006cb2
ff1212
fdd0be
fc9b52
fb612c
fa13f8
f8ac94
f72e0e
f5a664
f42c76
f2dbbe
f1cf2a
f11be0
f0cd18
f0e1de
f14d6c
f1f954
f2c92e
f39efe
f45f2c
f4f386
f54d26
f564c2
f53a12
f4d2bc
f43920
f37b38
f2a98a
f1d5fa
f11270
f06f48
eff944
efb79a
efaa8a
efcb08
f00bc0
f05be8
f0ab46
f0ee74
f1226e
f14e8e
f18422
f1dba0
f26f90
f3560c
f49abc
f63a72
f821a0
fa2e0c
fc33b2
fe040a
ff7608
006d54
00ded6
00d202
005e70
ffa6a0
fed0bc
fdff2e
fd4a7a
fcbd7a
fc54e0
fc0208
fbafe8
fb490e
fabd8a
fa075c
f92c58
f83d36
f7523e
f6865a
f5f184
f5a39c
f5a0ec
f5e0ec
f64f9c
f6d112
f746a0
f794a8
f7a7bc
f7780e
f70b04
f67264
f5c91c
f52e88
f4c112
f498f6
f4c476
f545d6
f6133e
f71896
f83b10
f95daa
fa65a2
fb3e68
fbdc58
fc3e00
fc6bec
fc770e
fc75c6
fc801e
fcac00
fd099a
fda088
fe6e56
ff665a
00734e
017aaa
026102
030efe
0375fc
03938a
0372b6
032b26
02ddda
02afc8
02c362
033236
0407c2
053eac
06c110
086baa
0a13a0
0b8dde
0cb63e
0d7508
0dc222
0da554
0d3396
0c8a08
0bc7f6
0b08d4
0a5f9c
09d474
096472
0903e8
08a216
082d9a
079882
06db62
05f6de
04f3ac
03e152
02d3b0
01e050
011b8c
009610
005b00
006f00
00cfa8
0173b2
024bc6
0343fa
0445fe
053b8a
061104
06b820
0729e0
07676e
07798c
076ef2
07596e
074a46
074eb2
076d46
07a4aa
07ebf6
0834e8
086f4c
088cde
0884d6
08564e
080928
07acf4
07567a
071c1e
07121a
07471c
07c1de
08800e
0976ae
0a93b0
0bc026
0ce31a
0de44a
0eaece
0f3312
0f686e
0f4de0
0eea10
0e4aa4
0d826a
0ca6f0
0bcd9c
0b0890
0a63d4
09e374
0982ca
093506
08e750
088462
07f8a2
073642
0638b6
05065c
03b04a
02500e
0103f2
ffea12
ff1b60
fea71e
fe9002
fecb70
ff42d4
ffd6ee
0064cc
00cb4e
00f060
00c4f4
0046e8
ff80e2
fe8834
fd78f6
fc713a
fb8c40
fade5a
fa7214
fa4724
fa5352
fa84f2
fac654
fb01de
fb25ae
fb269a
fb0220
fabee0
fa6bb4
fa1d64
f9eb62
f9ec0c
fa30aa
fac20e
fb9e64
fcb86e
fdf884
ff3f68
006aa2
0159cc
01f3da
022b46
020074
0181c4
00c930
fff7c8
ff2ff4
fe8f6c
fe2a46
fe07c6
fe21e6
fe671a
febe46
ff0c04
ff37f4
ff30f8
feefb8
fe7750
fdd3e0
fd176e
fc5626
fba2a0
fb0abc
fa95be
fa4410
fa0ffa
f9ef2a
f9d510
f9b530
f98506
f93d84
f8dbf8
f8625a
f7d6f6
f743d2
f6b570
f63922
f5db52
f5a5d2
f59e96
f5c6de
f61b14
f69350
f7248a
f7c272
f8615a
f8f7b8
f97f2a
f9f484
fa5762
faa974
faed4c
fb254c
fb52fc
fb76f0
fb9124
fba170
fba822
fba656
fb9e1a
fb925c
fb86d6
fb7fe6
fb8272
fb93b4
fbb8f2
fbf728
fc5266
fcccca
fd6572
fe17b8
fedae0
ffa26c
005f8e
01037c
018236
01d4da
01fb42
01fc16
01e354
01bf96
019e94
0189c2
0183be
0187a8
018a62
017d5a
015250
00ff40
008182
ffdf06
ff2586
fe6810
fdbb94
fd32ec
fcdba8
fcbc1a
fcd2e0
fd17c8
fd7df2
fdf688
fe732e
fee7c2
ff4b5a
ff98a6
ffcdc6
ffebce
fff61c
fff1be
ffe4ca
ffd594
ffc9d0
ffc590
ffca36
ffd5dc
ffe33e
ffea4c
ffe170
ffbf92
ff7e50
ff1c1e
fe9d54
fe0c62
fd78d6
fcf518
fc93b0
fc6418
fc6ffc
fcb968
fd3a76
fde632
feaa88
ff735a
002db2
00ca62
014020
018c74
01b320
01bcc2
01b4d2
01a718
019d5e
019df0
01aaa0
01c096
01d96a
01ec5e
01ef84
01d958
01a276
0146d6
00c688
002630
ff6efe
feae1e
fdf382
fd504a
fcd4ac
fc8d8c
fc8210
fcb242
fd16bc
fda168
fe3fac
feddca
ff6a94
ffda60
0028a8
005848
007222
008216
009350
00ad08
00d06e
00f824
0119f4
012a02
011e6a
00f26e
00a840
00490c
ffe2f8
ff85fa
ff402a
ff1ab8
ff1860
ff35c8
ff6bb8
ffb228
000354
005e26
00c6d2
014554
01e286
02a4de
038d60
0495f4
05b17a
06cde0
07d76e
08bc92
097130
09f096
0a3daa
0a6148
0a675c
0a5bd8
0a47f2
0a3064
0a1510
09f1fe
09c0de
097aa6
091940
0898ac
07f772
0736b4
065a58
056910
046c50
03702e
028318
01b4c2
011408
00ac50
0082ce
009490
00d5aa
013248
0191c4
01db30
01fa8a
01e52c
019c8a
012e44
00b180
0041f2
fff9b6
ffeb3a
001cf0
0087de
0118ee
01b4ec
023e46
029b46
02baf4
0297f2
02391a
01af20
011066
0074ca
fff1c8
ff978c
ff6f42
ff7afe
ffb702
001b98
009f14
013796
01dc60
0286b8
033228
03dcbc
0486fc
0532bc
05e1c4
06946c
0747fe
07f56c
0890f4
090b40
0953f6
095d3c
091f4e
089b84
07ddac
06fb22
060f82
053792
048b5e
041910
03e1a0
03d8ba
03e7bc
03f320
03e154
03a120
032e06
029178
01e0aa
0137a6
00b28a
0066de
005e66
009494
00f766
016b3e
01d0b2
020aca
02049e
01b4e4
011f1a
00523c
ff6554
fe72c2
fd935c
fcda38
fc51c2
fbfa7c
fbcb86
fbb48c
fba100
fb7bf6
fb33c6
fabd40
fa160e
f9459e
f85c60
f7719e
f6a012
f60188
f5aa4c
f5a586
f5f332
f687c4
f74dca
f8298a
f8fdce
f9b0e2
fa30c2
fa75ce
fa8364
fa6624
fa305e
f9f570
f9c548
f9a8d4
f9a056
f9a3f0
f9a616
f99754
f96a84
f9185e
f8a1a6
f80f52
f770e4
f6d940
f65aa4
f6031e
f5da28
f5dfd4
f60d9a
f6583e
f6b274
f70f7a
f7650e
f7ac7c
f7e292
f806fc
f81b56
f82248
f81efc
f814e6
f807c4
f7fba8
f7f49a
f7f5cc
f80064
f812a0
f82760
f8369c
f836dc
f81fa6
f7ec08
f79cfa
f73a8c
f6d380
f67b14
f6456a
f6436e
f67f08
f6f8b8
f7a730
f8792c
f9592a
fa3210
faf3bc
fb9688
fc1cd2
fc9216
fd07fa
fd9204
fe4120
ff1f90
002e74
01656c
02b42c
040582
05434a
065a62
073dc6
07e85c
085d2a
08a626
08d1e6
08f098
0910d4
093cf8
097978
09c448
0a1544
0a5fca
0a952c
0aa7b6
0a8d8a
0a42fe
09cbde
093362
088a96
07e5b6
0758a8
06f354
06be90
06ba26
06dcb0
071556
074f00
0774a4
0775a4
07494c
06f084
0675ac
05ea70
0563f8
04f66a
04b09a
0498d2
04ab9a
04dc6e
051844
0549ae
055d36
054560
04fd32
048940
03f6da
0359c2
02c8ee
025aa8
0220fa
0226f4
026f14
02f322
03a548
047230
054404
0605e2
06a6f0
071ccc
0764e0
078446
078644
07797c
076c0a
0767e2
077028
077ff2
078afc
078094
074fe2
06ec6e
065244
058848
049ffc
03b2b6
02dca8
0236d0
01d144
01af52
01c646
01ff58
023c72
025eca
024d9c
01fbba
016a82
00a984
ffd2fe
ff05fa
fe5fa0
fdf4dc
fdcde0
fde496
fe262e
fe773a
feb970
fed1c4
feadb6
fe4686
fda216
fcd14e
fbecc0
fb1006
fa550c
f9cff0
f98c1a
f98ad6
f9c39e
fa25a4
fa9aa4
fb0a32
fb5d32
fb810c
fb6a52
fb1692
fa8ce0
f9dcf2
f91cee
f86608
f7d050
f76e6c
f74a2a
f7625a
f7aaa4
f80d7e
f87006
f8b6ec
f8cbcc
f8a1ae
f837d2
f79a12
f6deca
f622b4
f5838c
f51a8a
f4f7c8
f51fae
f58a70
f625f8
f6d984
f78a54
f82066
f88a4e
f8bfb2
f8c1e2
f89ac0
f85a08
f81202
f7d3f4
f7ad3a
f7a504
f7bb66
f7e9e2
f8251c
f85f6c
f88bec
f8a150
f89c1a
f87fcc
f85690
f82fac
f81cdc
f82f20
f8736a
f8eff2
f9a2d4
fa8256
fb7ec2
fc852c
fd82ce
fe686c
ff2cb2
ffcd24
004dde
00b7f4
0116b0
0174aa
01d946
0246fe
02bb1a
032ed4
039950
03f232
04340a
045e32
0475b4
0484f8
049a18
04c47e
051226
058d10
06397e
071522
081768
0932f0
0a57ee
0b76ae
0c81f8
0d7108
0e407a
0ef1f6
0f8aec
10127e
108f22
110484
1171e4
11d186
121960
123cbc
122ec2
11e584
115cd8
10985e
0fa436
0e93e4
0d7ff4
0c8254
0bb20c
0b1f0e
0acf72
0abe24
0adb9c
0b10d0
0b43d0
0b5ce8
0b4b7a
0b09a2
0a9d80
0a17ea
0990f4
0922de
08e466
08e3c2
09233e
099868
0a2dd2
0ac70e
0b461a
0b911e
0b9760
0b5432
0acfa6
0a1cdc
095664
089968
0800e2
07a168
07862a
07afe2
081556
08a56a
094a76
09edde
0a7b1a
0ae29c
0b1bce
0b2546
0b0422
0ac29e
0a6d28
0a0fa6
09b31e
095b2e
0904de
08a7c6
083712
07a37c
06e02e
05e684
04b6a8
0358dc
01dec0
006068
fef73e
fdb9f4
fcb890
fbf8de
fb7604
fb21f8
fae79e
faaf6a
fa6544
f9fc6e
f97182
f8cb48
f8195c
f77050
f6e53e
f68940
f66574
f67924
f6ba58
f71756
f77938
f7c85c
f7f0be
f7e4f2
f7a028
f72740
f687e8
f5d618
f528de
f496b6
f431b4
f404c6
f4118a
f44fb4
f4ae4e
f5169e
f56ffa
f5a47c
f5a50e
f56c3e
f4ff9a
f46f3a
f3d2b6
f344ce
f2deb4
f2b388
f2cc9a
f327ce
f3b83e
f4689c
f51f1e
f5c20e
f63c6a
f68136
f68d46
f6677a
f61f50
f5c9b4
f57d20
f54ddc
f54a7c
f57968
f5d7e6
f65ac0
f6f070
f78424
f80188
f8588c
f88084
f87988
f84c3e
f80842
f7c0e6
f78940
f7709a
f77f96
f7b688
f80dec
f8785a
f8e59e
f946a4
f990dc
f9c048
f9d884
f9e40c
f9f17e
fa1088
fa4ec8
fab452
fb421c
fbf206
fcb7a4
fd82d4
fe43bc
feed50
ff7776
ffe1c0
00330c
0075fa
00b726
0103b2
016528
01de46
026b3e
030296
0396fa
041b16
048514
04d076
04ffee
051e46
053bf0
056b5e
05be08
06412e
06fab6
07e7f2
08fe40
0a2cd6
0b6002
0c850a
0d8cae
0e6c96
0f20a2
0faac2
101108
105b74
109238
10bb8c
10da3a
10ed82
10f160
10dfa8
10b190
106128
0fea9a
0f4dcc
0e8f4e
0db88c
0cd78a
0bfd70
0b3c24
0aa3d6
0a4078
0a174c
0a2578
0a6034
0ab624
0b1210
0b5e9a
0b8a06
0b8992
0b5b6a
0b06be
0a99d4
0a26bc
09bf50
0971a4
09453e
09398c
094672
095ec8
0973c2
0978a2
096628
093c6e
090318
08c7cc
089b90
088f62
08b0ac
090650
098ef4
0a40b2
0b0a08
0bd418
0c8604
0d0856
0d486e
0d3b3e
0cdee2
0c3aea
0b5f4a
0a61de
095ae4
0860c0
0783ca
06cb1e
063316
05ade8
05263c
0483dc
03b128
02a08a
01509a
ffcdfc
fe3244
fca040
fb3dc8
fa2c84
f9834c
f9499c
f975e0
f9ef26
fa91e6
fb36fa
fbbb04
fc04ce
fc0986
fbcdd8
fb63da
fae664
fa72fa
fa235a
fa086a
fa2752
fa7906
faec22
fb68d4
fbd598
fc1c04
fc2cac
fc01c6
fb9ff2
fb1564
fa7782
f9df68
f96606
f92022
f91acc
f95922
f9d3d8
fa7a5c
fb358a
fbebc6
fc85bc
fcf2d4
fd2c5a
fd36f0
fd2196
fd0250
fcf12a
fd0294
fd427a
fdb118
fe424c
fedfc2
ff6d60
ffcf30
ffef5c
ffc2f0
ff4c1a
fe99d6
fdc4ee
fceb1c
fc291a
fb9530
fb3bac
fb1da4
fb323e
fb69ac
fbb16c
fbf892
fc336c
fc5d6a
fc7926
fc8ec4
fca8f8
fcd1a0
fd0ee0
fd615c
fdc394
fe2ab8
fe88b2
fecede
fef0c8
fee684
feae5e
fe4d56
fdce7c
fd4166
fcb7fe
fc43bc
fbf30e
fbcf2a
fbdab8
fc1178
fc68f0
fcd232
fd3ca2
fd9904
fddc86
fe031e
fe108e
fe0fd4
fe10f0
fe259a
fe5d3c
fec136
ff5228
0006f2
00cdb2
018ee2
0231fa
02a254
02d390
02c4a2
02809e
021d0c
01b62c
016a18
015378
018508
020680
02d398
03dd28
050c04
0644f8
076cf6
086ce4
093480
09bbf6
0a03e6
0a144e
09fa7c
09c662
0987c0
094b7a
091954
08f2de
08d34a
08b08e
087db0
082df2
07b816
071926
065654
057cf0
04a0c0
03d8c8
033b28
02d8c4
02b9be
02db90
033150
03a610
0420e6
0489b2
04cda6
04e290
04c83e
0487bc
0430b0
03d586
038768
0352cc
033d36
0344c4
036156
038710
03a97e
03be84
03c0b2
03b06c
0393a8
03749a
035f52
035f42
037cc8
03bb56
041868
048ba8
050816
057dfc
05dd80
06195c
06294a
060b90
05c56c
056234
04f14e
048344
042658
03e374
03bbf0
03a8c0
039b8e
03816a
034698
02dae2
02356e
01576c
004cbc
ff2a92
fe0c1c
fd0dac
fc478e
fbc992
fb9812
fbab50
fbf138
fc512c
fcb112
fcfaa4
fd1fcc
fd1d32
fcfa74
fcc818
fc9ba6
fc8aba
fca5fe
fcf546
fd75a6
fe19be
fecc28
ff735e
fff66c
004190
0049ac
000e0e
ff9818
fef944
fe47e0
fd9b16
fd06fe
fc996e
fc584c
fc416a
fc4be0
fc6a7c
fc8ec2
fcac10
fcba3c
fcb712
fca680
fc9196
fc846a
fc8b38
fcaf74
fcf540
fd5a04
fdd45c
fe558e
fecc1a
ff2724
ff59e0
ff5e48
ff368a
feecc0
fe9126
fe36de
fdf018
fdca6a
fdcc40
fdf3bc
fe378a
fe892e
fed876
ff16fa
ff3b18
ff41ba
ff2eb2
ff0b92
fee55a
fec9bc
fec464
fedcd4
ff1520
ff69ca
ffd248
00425c
00abb4
00ffa0
0130f6
0135c4
0108c2
00aa62
002174
ff7ac4
fec7c4
fe1c26
fd8ae6
fd2318
fced14
fce8c4
fd0d78
fd4bb2
fd9070
fdc96c
fde920
fde9bc
fdce40
fda17a
fd7330
fd5400
fd5146
fd71ac
fdb39a
fe0dc8
fe71b6
fecf54
ff1902
ff4698
ff5740
ff517a
ff41a0
ff3736
ff4204
ff6f92
ffc974
005484
0110dc
01fa20
030830
042faa
0562a0
069170
07abe4
08a2c2
0969e4
09fa38
0a5330
0a7b08
0a7dca
0a6ad2
0a5170
0a3d4e
0a33a4
0a3230
0a302e
0a2158
09fa00
09b36a
094f20
08d822
08616c
080224
07d066
07dbb0
082886
08ae74
0958ea
0a0af4
0aa4ca
0b0a2a
0b27e2
0af76c
0a7fb6
09d31e
090b62
08445e
0796de
071498
06c5fc
06a9de
06b728
06dfa4
07135c
0743d0
07666a
0775c2
0771cc
075f40
07463c
073076
072754
073234
075516
078fde
07de44
083870
089432
08e6d0
0926ea
094e1a
095a08
094cb4
092bbc
08feba
08cd40
089c90
086df8
083e22
080584
07ba1a
0751c6
06c4fa
0610f6
05392a
04474e
034a32
02535e
017430
00bae4
003056
ffd6c0
ffa9e0
ffa04a
ffadc2
ffc5c0
ffde10
fff0b8
fffcc4
0005f6
001370
002dac
005c0c
00a29c
010066
016ec2
01e1d0
0249ec
0295f2
02b5e8
029daa
0246fa
01b276
00e78e
fff33e
fee5e6
fdd0a8
fcc2ea
fbc870
fae852
fa2538
f97e6a
f8f1a4
f87d08
f820a8
f7df64
f7beb0
f7c564
f7f9c8
f85f62
f8f4f0
f9b332
fa8cc0
fb6f48
fc45f2
fcfc6e
fd8218
fdcc88
fdd90a
fdacc8
fd5368
fcdcae
fc594c
fbd7fc
fb632e
faffc8
faad58
fa677e
fa2844
f9eaa0
f9ac68
f96f64
f9392e
f911f0
f90266
f911a0
f94328
f995dc
fa03e6
fa8390
fb08f8
fb87cc
fbf4e2
fc474e
fc78b2
fc8530
fc6b0a
fc2a50
fbc4a0
fb3d54
fa99f0
f9e230
f91f92
f85c86
f7a344
f6fc50
f66d06
f5f6c8
f59730
f54964
f5082c
f4d04a
f4a240
f48316
f47b94
f49622
f4db94
f5501a
f5f0c0
f6b2a0
f78412
f84fba
f900c2
f98776
f9dce8
fa04de
fa0d66
fa0c14
fa19ac
fa4d32
fab760
fb5f9a
fc4328
fd5660
fe87a4
ffc346
00f748
02164a
03191c
03feb6
04cae8
058462
063298
06dc0e
078516
082f88
08dafe
09852e
0a2a66
0ac600
0b529a
0bca70
0c27d0
0c65c8
0c8116
0c7918
0c505e
0c0cca
0bb6de
0b585c
0afa28
0aa25e
0a52d6
0a088c
09bc42
09644c
08f742
086eac
07c95c
070c76
064326
057ce6
04cad4
043c90
03dd74
03b2ba
03bb26
03efec
044682
04b316
052aee
05a60e
061fce
06967e
070a42
077baa
07ea7c
0854e8
08b78a
090e1c
095470
09877c
09a630
09b19a
09acb2
099b8e
09827e
096522
0945fa
09265e
0906ac
08e6c6
08c698
08a64a
0885ec
08654a
0843a0
081f58
07f602
07c4ac
0788ba
074092
06ec46
068dc4
06288c
05c0f6
055b38
04fa4a
049f42
044932
03f588
03a0c8
0347ca
02e8e6
0284b6
021e56
01bafa
0160fe
0116a2
00e0be
00c19e
00b84c
00c046
00d1c4
00e29c
00e766
00d4d4
00a130
00458e
ffbece
ff0e4e
fe3a26
fd4c8c
fc52c8
fb5bb2
fa75e2
f9ade2
f90cca
f8975c
f84dfe
f82d60
f82fd6
f84ec8
f883fe
f8ca96
f91f5c
f98090
f9ed18
fa638c
fae180
fb6344
fbe414
fc5ea4
fcce06
fd2e8a
fd7e1e
fdbc40
fde98e
fe0714
fe1598
fe1514
fe04ca
fde3e4
fdb272
fd727a
fd28ae
fcdca0
fc9828
fc65fa
fc4fda
fc5cac
fc8f00
fce44a
fd54ec
fdd540
fe575c
fecd22
ff2a5a
ff664e
ff7c9c
ff6d38
ff3bd0
feee7a
fe8c5c
fe1c78
fda4da
fd2a0a
fcaef4
fc3540
fbbda8
fb488e
fad66e
fa6836
f9ff7e
f99ebe
f94954
f9036e
f8d1e2
f8b9dc
f8c02a
f8e844
f93352
f99f5a
fa268e
fabf3a
fb5cc2
fbf132
fc6f74
fccdd6
fd086e
fd2280
fd26a2
fd255a
fd3258
fd60da
fdc004
fe57de
ff278e
0025a2
014200
02697c
0389e0
0495d6
058766
0660c4
072af8
07f2fa
08c5da
09acfe
0aab38
0bbb90
0cd1e8
0ddd80
0ecc4e
0f8e84
101984
10699e
10823a
106c94
10356e
0fea54
0f9736
0f44a2
0ef6f8
0eae64
0e677c
0e1c84
0dc69e
0d5f14
0ce05a
0c4728
0b9356
0ac896
09eece
0911ec
084114
078d24
07065e
06b9b8
06ae54
06e3c6
07514e
07e6a0
088e3a
0930d6
09b966
0a18a0
0a4772
0a47f8
0a2488
09ece6
09b2a2
098534
096e94
09712e
09878c
09a5b6
09bc46
09bc04
09998a
095014
08e2fe
085d3a
07cf62
074cbe
06e7ba
06ae58
06a7ce
06d344
07278c
079478
080552
0863fc
089c12
089d7c
085e50
07dc00
071b8a
062878
0512e6
03ed46
02c9ba
01b74c
00bfc6
ffe6e4
ff2a3c
fe823a
fde482
fd46dc
fca1d6
fbf33e
fb3f54
fa903a
f9f3fe
f97a28
f930a6
f920c6
f94da0
f9b382
fa485e
fafd3a
fbc022
fc7e06
fd2422
fda134
fde644
fde776
fd9d3c
fd05ba
fc2632
fb0bd6
f9cb88
f88000
f74670
f63a28
f57000
f4f286
f4c060
f4cd5e
f5061a
f55538
f5a938
f5f918
f64650
f69be0
f70a50
f7a1e0
f86c6a
f968de
fa89ac
fbb6a0
fcd1b0
fdbd72
fe6386
feb918
fec06c
fe872a
fe221e
fda79a
fd2a2c
fcb500
fc4b32
fbe986
fb8a0a
fb2818
fac394
fa623e
fa0ece
f9d63c
f9c42c
f9dfaa
fa291e
fa9a28
fb2754
fbc2dc
fc5fc4
fcf422
fd7a32
fdefb4
fe5462
fea7da
fee7ba
ff0eec
ff165e
fef676
fea938
fe2ca8
fd841c
fcb84e
fbd696
faef08
fa11d8
f94d42
f8ac38
f835f6
f7edf2
f7d468
f7e714
f821f8
f87fdc
f8fa58
f989d0
fa2626
fac77e
fb6714
fc0060
fc923c
fd1f08
fdac00
fe4010
fee216
ff96c6
005f3e
013860
021afe
02fd30
03d48e
049864
054380
05d57c
0652ca
06c37c
07315c
07a5f8
082866
08bbe4
095f30
0a0cca
0abc00
0b6290
0bf68e
0c6fe2
0cc986
0d0256
0d1d2c
0d204c
0d146e
0d035a
0cf61c
0cf364
0cfe1c
0d1474
0d2f96
0d4450
0d44aa
0d2232
0cd0d4
0c4990
0b8cb8
0aa310
099d7e
089324
079e32
06d7d0
0653d0
061d3e
06345c
068e5c
07174a
07b5bc
084f64
08cdf8
092320
094ac6
094b36
093316
0915c4
0906ba
09153e
094902
09a09c
0a1212
0a8d2c
0aff26
0b56b2
0b874a
0b8b84
0b65b6
0b1f18
0ac586
0a68bc
0a177a
09dd22
09c030
09c18c
09dce2
0a0982
0a3b88
0a6554
0a78f6
0a69ac
0a2d64
09be1a
091af6
084902
07531e
0648ee
053cd8
044158
036600
02b4e0
0230d2
01d518
0196aa
0166da
0136e0
00fb82
00b006
00578e
fffcb4
ffaf8e
ff8210
ff840e
ffbf70
0035b4
00dee6
01aa64
028160
034a62
03ed24
04562c
047982
0453f8
03eb1a
034be0
028848
01b4a2
00e4a2
0028e4
ff8cf2
ff163e
fec3fe
fe901e
fe70fe
fe5bca
fe4710
fe2d16
fe0d72
fded66
fdd720
fdd7c6
fdfc7a
fe4f1a
fed356
ff84b6
00561c
01331c
0202d8
02abee
0318ca
033b76
031036
029e54
01f6e6
013200
006ab8
ffbaaa
ff35ec
fee802
fed282
feed78
ff29a0
ff73c0
ffb8aa
ffe936
fffd2c
fff4d4
ffd8b2
ffb79e
ffa37c
ffad24
ffe056
0040a0
00c7be
016630
02058c
028c74
02e2f2
02f6f0
02bf96
023eb6
01802e
009782
ff9c0e
fea4ae
fdc3e2
fd0534
fc6c18
fbf4b6
fb960c
fb44ea
faf708
faa58e
fa4e8c
f9f54c
f9a154
f95ca0
f93168
f927fa
f94504
f988ae
f9ee62
fa6d48
faf966
fb8542
fc0388
fc68d0
fcad1e
fccd16
fcca94
fcac92
fc7e7a
fc4eca
fc2d10
fc27a0
fc496c
fc986e
fd1498
fdb7d0
fe7706
ff4416
001020
00cdfe
01745c
01ff0e
026f52
02cb16
031b48
03699e
03be7e
041f24
048c60
050244
0578a8
05e470
06392a
066ae8
066ff8
064262
05e0ae
054e42
04933e
03bc08
02d818
01f8b2
012f34
008b48
00190c
ffdfb8
ffe09c
0016da
00783a
00f6ca
01831c
020eda
028f24
02fe54
035cb2
03afe0
04011a
045aa8
04c502
054450
05d6fc
067576
071334
07a0ee
080f8a
0852ea
086426
0842da
07f540
0786fe
070734
068642
06139a
05bc10
0588ce
057eec
059f7a
05e7ee
0652b2
06d78e
076bf4
0803a2
08914c
0907bc
095b56
098388
097c1e
09460e
08e778
086ac8
07dce6
074ae8
06bf9a
06419c
05d26e
056e86
050e8a
04a998
0437f2
03b598
0323e8
028a32
01f520
0174e0
011a82
00f50a
010ecc
016b78
02070e
02d636
03c7a2
04c646
05bbee
0693f8
073dc0
07ae7a
07e210
07db0e
07a19e
0741c8
06c942
064516
05bf94
053ed0
04c434
044ce6
03d340
0350c4
02c07a
0220fa
0175ba
00c75a
002304
ff9870
ff3752
ff0c5e
ff1ee6
ff6f02
fff502
00a1f2
016196
021d2c
02be9e
03338c
036fd8
036f16
0334b4
02cb04
024120
01a82c
01106a
008686
0011c0
ffb338
ff6658
ff2258
fedcae
fe8bee
fe2a5e
fdb7f8
fd3b26
fcc038
fc578a
fc12b0
fc00fa
fc2c2a
fc95ea
fd366c
fdfcd6
fed13a
ff97fe
0035fc
0094c2
00a642
0066fc
ffde76
ff1dc6
fe3c5c
fd53da
fc7b96
fbc49e
fb370e
fad112
fa87ee
fa4ad8
fa0704
f9abfe
f92f6c
f88fae
f7d4be
f70f0a
f6548a
f5bcd0
f55ca8
f54248
f572e4
f5e9bc
f698fe
f76c2a
f84ba8
f920cc
f9d964
fa6a58
fad0fe
fb12ec
fb3c68
fb5dee
fb891c
fbcd92
fc364e
fcc7ea
fd7ff0
fe5578
ff3ac6
001fc4
00f4da
01adc2
024392
02b5ca
030a32
034b5e
03865c
03c7d8
041956
047f32
04f78a
057aae
05fcb6
067008
06c81e
06fbf8
0707e4
06edf6
06b5aa
066a64
061986
05d04a
059a1e
057f56
0584b4
05ab48
05f0ca
06502e
06c238
073e02
07b9b0
082b62
088a1e
08cef6
08f620
08ffd0
08f066
08cfec
08a8de
088684
0872f8
087560
0890aa
08c340
0907aa
09560c
09a62e
09f15c
0a33f6
0a6e1a
0aa380
0ada84
0b1a9a
0b6a90
0bcefa
0c4970
0cd842
0d76e4
0e1ea0
0ec7be
0f6a5e
0fff3a
108008
10e7b0
113234
115cb6
1165a0
114cda
111406
10be80
105150
0fd2b8
0f4984
0ebc32
0e2fe6
0da7fe
0d25ee
0ca9a8
0c324c
0bbf18
0b5074
0ae8ac
0a8c0c
0a406a
0a0c06
09f45c
09fcc8
0a2582
0a6b0e
0ac648
0b2d22
0b93ea
0beeb4
0c32d6
0c57e4
0c584e
0c3162
0be300
0b6ef2
0ad7fe
0a214a
094df6
086128
075e46
06495e
05279c
03ffaa
02d9b6
01bf32
00ba14
ffd3cc
ff1424
fe8008
fe18a6
fddb08
fdc050
fdbe8e
fdca30
fdd7aa
fddd24
fdd3ce
fdb87a
fd8b70
fd4f78
fd0868
fcb974
fc63da
fc0636
fb9ce2
fb22f6
fa93ec
f9ed76
f93106
f86490
f7923e
f6c72a
f61154
f57d58
f51462
f4dadc
f4d01c
f4ef14
f52fc8
f58930
f5f2e8
f66646
f6dec2
f75984
f7d486
f84d72
f8c0ae
f928fe
f97fbe
f9bdb6
f9dc36
f9d632
f9a910
f954f6
f8dc8e
f8444a
f791a4
f6ca5e
f5f41a
f51464
f430fc
f35052
f279ea
f1b664
f10f0e
f08d1a
f03866
f01658
f028f8
f06e82
f0e18a
f17992
f22c44
f2eee8
f3b7d2
f47f8e
f541a2
f5fcb6
f6b240
f76592
f81ab6
f8d518
f99654
fa5d7c
fb26d0
fbec18
fca59a
fd4b80
fdd796
fe46dc
fe9ab8
fed964
ff0d78
ff4492
ff8d70
fff57c
008654
0143d8
022b22
033296
044b1e
05624e
066526
0742ea
07efc0
08668e
08a998
08c1e6
08bd9e
08ad62
08a184
08a70e
08c59c
08fe0a
094a7a
099f7c
09ee56
0a27d8
0a3f6e
0a2dc2
09f250
0993d2
091f3a
08a57e
0838ae
07e8d8
07c17c
07c7bc
07f9f0
08507e
08bfbe
093a80
09b488
0a249c
0a85c8
0ad782
0b1d08
0b5c1a
0b9b7e
0be1a4
0c33b8
0c9516
0d072a
0d8994
0e1a52
0eb5dc
0f573e
0ff828
10912e
111a52
118be0
11df88
12118a
122190
121312
11ece6
11b836
117ecc
114938
111d12
10fbca
10e266
10ca0a
10a962
1076a2
102982
0fbcfa
0f3058
0e87a4
0dcb26
0d063a
0c45ac
0b95ce
0b00a8
0a8c7c
0a3ad2
0a0802
09ebb0
09da08
09c594
09a178
0963d0
0907b2
088e8c
08004e
076a50
06dd0c
0668e0
061a9a
05f866
05ffd0
06256a
06564a
067b1c
067c5a
0646cc
05cf6e
0515e4
0424d6
03105a
01f280
00e69a
000448
ff5b18
feefce
febbac
feae38
feb0bc
feab0a
fe889a
fe3cde
fdc610
fd2dba
fc86da
fbea14
fb708a
fb2e96
fb2f52
fb71d4
fbe8de
fc7cde
fd1020
fd841c
fdbf20
fdb0f0
fd559a
fcb610
fbe646
fb018e
fa2598
f96d50
f8ec7a
f8acd6
f8ad38
f8e2a6
f93b44
f9a20a
fa02ac
fa4d04
fa7766
fa7f90
fa6a34
fa4124
fa10d2
f9e5b0
f9c9b8
f9c2d4
f9d226
f9f454
fa2282
fa53ce
fa7edc
fa9b42
faa2a0
fa9140
fa663a
fa234c
f9cc86
f967d0
f8fc8e
f89320
f8347a
f7e97e
f7ba32
f7acba
f7c472
f8014c
f85f88
f8d828
f96212
f9f3d6
fa8592
fb12be
fb9b54
fc2422
fcb5f2
fd5bb4
fe201a
ff0b0e
001f9a
015aaa
02b2d6
04197a
057cdc
06cada
07f3ba
08ec94
09b108
0a43cc
0aae22
0afe3e
0b4518
0b93aa
0bf820
0c7b72
0d1fc0
0ddfa4
0eaec4
0f7b72
103160
10bd1a
110f8a
1120f8
10f302
1090e6
100e18
0f8334
0f09b6
0eb752
0e99c0
0eb3f8
0efd72
0f63aa
0fcd8e
10205c
1044a2
102ab8
0fcda4
0f33ec
0e6e0e
0d934c
0cbd20
0c02a8
0b74a2
0b1afe
0af426
0af63a
0b119e
0b3484
0b4e8a
0b53f2
0b3fae
0b1416
0ada32
0a9fea
0a755a
0a69ec
0a899c
0adaae
0b5c52
0c064e
0cc9f0
0d9400
0e4f52
0ee7ae
0f4cb2
0f7430
0f5b96
0f0846
0e86a6
0de832
0d40c2
0ca35c
0c1f2a
0bbd1c
0b7eb6
0b5e18
0b4f24
0b419e
0b23ee
0ae5f0
0a7b70
09de10
090e32
0812f4
06f930
05d1ae
04af14
03a388
02be64
020a5a
018c14
014198
012280
01211e
012c94
01338c
012726
00fd9e
00b458
0050a0
ffdefa
ff709c
ff17e4
fee436
fede32
ff04f6
ff4d2a
ffa266
ffeaa2
000b16
ffed94
ff8548
fed1c4
fddfac
fcc6be
fba5ae
fa9cb2
f9c7d2
f93a22
f8face
f9048c
f94776
f9acb8
fa1b3e
fa7c62
fabfd6
fadde6
fad7de
fab6be
fa8886
fa5ce4
fa41dc
fa410a
fa5dec
fa9536
fadd72
fb2882
fb6612
fb863e
fb7c30
fb4060
fad210
fa37da
f97f08
f8b9d6
f7fce0
f75c12
f6e79c
f6a9a4
f6a508
f6d57a
f730e6
f7a9e8
f832ac
f8bfa2
f94988
f9ce06
fa4ef6
fad0a0
fb5746
fbe4d8
fc7758
fd084c
fd8d8a
fdfb24
fe45cc
fe6558
fe5686
fe1bb4
fdbc3a
fd42b0
fcbad2
fc2f58
fba846
fb2a4a
fab71a
fa4ed0
f9f18c
f9a0e2
f960a8
f936e8
f92af8
f94414
f987b4
f9f852
fa94de
fb58f0
fc3de0
fd3c3a
fe4d1e
ff6b40
009322
01c28c
02f798
042f7a
056596
069346
07b044
08b3b8
099592
0a4fee
0ae014
0b46de
0b882c
0ba9f0
0bb30e
0baa28
0b94e2
0b77b0
0b563c
0b340c
0b1522
0afe3a
0af49a
0afd5a
0b1c78
0b53c4
0ba254
0c0474
0c7460
0ceb84
0d63be
0dd86c
0e46fa
0eae7e
0f0eae
0f666e
0fb29e
0fed54
100e24
100b64
0fdc4c
0f7b7a
0ee90e
0e2bd0
0d510c
0c6ae0
0b8d70
0acba6
0a341c
09cef4
099d08
0998b6
09b7d2
09ee86
0a320c
0a7b0a
0ac6a6
0b167a
0b6f62
0bd78a
0c545e
0ce8c8
0d9424
0e51f6
0f1a90
0fe42a
10a43e
1150ca
11e126
124e9e
1294ae
12b0fa
12a322
126c94
121064
119320
10faae
104dec
0f9430
0ed4a8
0e159a
0d5bba
0ca9bc
0c0052
0b5e52
0ac13a
0a25fa
0989ba
08ea8a
0847d4
07a294
06fd4a
065ba2
05c1e6
053456
04b684
044aaa
03f13e
03a8c0
036dd8
033bc8
030d18
02dc68
02a552
026548
021c0a
01cbc4
0178da
012932
00e350
00ad36
008b62
008020
008b38
00a9f4
00d79c
010e2e
01474a
017d0e
01aac6
01cd80
01e432
01ef92
01f1a2
01ed18
01e4e8
01dbca
01d3de
01ce82
01cc64
01cda4
01d206
01d92e
01e2c4
01ee7a
01fbea
020a44
021826
022386
0229ac
022752
02191c
01fc4a
01cf54
0192a6
0148fa
00f75e
00a4e2
0059b4
001dfa
fff874
ffed38
fffcb4
002346
005982
00952c
00cadc
00efe0
00fc1c
00eb96
00bf50
007d20
002ea4
ffdf8a
ff9b46
ff6abe
ff525e
ff5114
ff6042
ff74d8
ff816e
ff78e2
ff5106
ff04b6
fe9504
fe0944
fd6dde
fcd220
fc4594
fbd53a
fb8966
fb6484
fb62f6
fb7c26
fba466
fbcf76
fbf2d8
fc07d2
fc0cc8
fc0596
fbfaec
fbf8e4
fc0cfe
fc43e8
fca74e
fd3c08
fe0118
feef60
fffa44
011118
022142
0318bc
03e896
048720
04f12e
052a84
053d10
053702
05282e
051f2e
0526d2
05443e
057656
05b63e
05f93c
063354
065a1c
066740
065a22
06384c
060c7a
05e4b2
05cfa0
05d9f2
060bfe
066862
06eba2
078cfe
083ffe
08f66e
09a282
0a387c
0aaff8
0b0452
0b3484
0b4274
0b3202
0b07e2
0ac8d0
0a7908
0a1c1c
09b4f4
094622
08d246
085c5a
07e7de
0778e4
0713e6
06bd7c
067a14
064d9e
063b5a
0645ac
066dfa
06b492
071868
0796ee
082bba
08d0a2
097dd8
0a2a84
0acd8a
0b5e8c
0bd6f8
0c32be
0c70aa
0c9234
0c9aba
0c8e6e
0c714c
0c460c
0c0dce
0bc85e
0b7502
0b137c
0aa522
0a2d88
09b280
093b38
08cefe
087374
082b2a
07f4c2
07caf8
07a588
077ad0
0741e8
06f490
06909c
061898
05937c
050b5e
048bac
041f38
03ce6e
039e18
038ea2
039c40
03bf9c
03ef14
04203e
04498c
0463b2
046a9e
045e12
04416e
041b00
03f2ca
03d0e0
03bbc8
03b708
03c268
03d9f0
03f69e
040fc6
041cca
0416ee
03fa8c
03c7c8
038270
033124
02dc18
028b78
024622
021096
01ec78
01d8a2
01d198
01d276
01d5de
01d6f8
01d22c
01c5a2
01b172
019760
017a50
015d4a
014280
012a46
01128a
00f6d2
00d0d0
0099be
004c10
ffe532
ff66d8
fed75e
fe412e
fdb100
fd335c
fcd1d6
fc90c2
fc6dfe
fc613c
fc5dba
fc552e
fc3b36
fc087e
fbbcbc
fb5f3c
fafda2
faa918
fa72bc
fa67fa
fa8fc6
fae92a
fb6b88
fc083e
fcad7e
fd499a
fdce26
fe3220
fe72e8
fe9418
fe9e20
fe9c26
fe99b4
fea0a0
feb77e
fee0a8
ff1a14
ff5e0c
ffa49a
ffe546
00191c
003c7c
005078
005b76
0068e2
0087d8
00c910
013bf4
01eb98
02dbf0
04083c
0562ce
06d670
084920
099fe8
0ac302
0ba17a
0c33b0
0c7c28
0c86a8
0c658a
0c2df8
0bf3ca
0bc608
0baca0
0ba7b2
0bb0b0
0bbcd4
0bc06a
0bb21c
0b8dba
0b5596
0b1294
0ad2b6
0aa6a6
0a9e96
0ac746
0b27ac
0bbfaa
0c8800
0d7352
0e7022
0f6b20
10518e
111326
11a3a6
11fbae
121910
11fe8a
11b324
11413e
10b58e
101de4
0f87ee
0effd4
0e8eea
0e3ab8
0e0474
0de900
0de196
0de532
0dea8e
0dea2e
0de01a
0dccf8
0db650
0da5ac
0da6e0
0dc5c2
0e0bb2
0e7d7a
0f19fc
0fd9c0
10af92
118a40
1256d2
130312
137fe0
13c2fc
13c824
139174
132710
1295f8
11ee60
1141a8
10a008
10166c
0facc0
0f6504
0f3b1c
0f259c
0f177c
0f0254
0ed8ec
0e919e
0e281c
0d9e1e
0cfad2
0c4968
0b9708
0af064
0a5f9c
09eab4
0992f6
095520
092a46
090934
08e800
08bd76
08823e
083174
07c90c
0749f4
06b7f2
06195a
05766c
04d874
0448ae
03cf00
037098
032f08
0307c6
02f46c
02eb98
02e28a
02cf26
02a9d0
026eea
021f86
01c12c
015cba
00fc98
00aac2
006ec2
004c52
0042a2
004c9c
0061a2
007726
00824c
0079c2
005714
0017ba
ffbd78
ff4e18
fed268
fe54c8
fddf6c
fd7aa6
fd2b72
fcf298
fccc7a
fcb1ce
fc9908
fc785a
fc47c0
fc02be
fba976
fb40de
fad1d4
fa676c
fa0cc2
f9cad2
f9a6c8
f9a11c
f9b5a0
f9dc8a
fa0bfa
fa3a0c
fa5ea4
fa74e2
fa7bc6
fa7612
fa696e
fa5d10
fa581c
fa6052
fa78fc
faa25c
fad9a6
fb1960
fb5a3a
fb9438
fbbfe2
fbd764
fbd766
fbbf86
fb9246
fb547c
fb0c8e
fac172
fa79a8
fa3a56
fa06ba
f9e026
f9c654
f9b830
f9b484
f9babc
f9cb50
f9e7f6
fa1350
fa5066
faa1ee
fb09ba
fb884a
fc1c92
fcc3fa
fd7a7c
fe3af4
feff72
ffc188
007ab2
0124ba
01ba54
0237ca
029b94
02e6c8
031d42
034562
036766
038c34
03bbf6
03fcc2
04519a
04ba10
0532b4
05b60a
063e0c
06c5ac
074a16
07cb7c
084d18
08d48a
09686e
0a0eb6
0acaf8
0b9d30
0c8100
0d6da6
0e56d0
0f2de8
0fe3ec
106b4e
10b9ce
10ca06
109c5e
103750
0fa6c8
0efad6
0e459a
0d98e0
0d039e
0c8fe2
0c4146
0c146c
0bffc4
0bf53c
0be4ea
0bc026
0b7c8c
0b1648
0a915a
09f95e
095fdc
08d98e
087aac
08532e
086b7e
08c24a
094c0e
09f432
0a9fe4
0b3214
0b9002
0ba5a0
0b68ec
0adbc8
0a0be4
0910bc
0807ea
07106c
06457a
05b9f8
05756c
0572ca
05a190
05e8dc
062be2
064f1e
063d30
05eaa4
0557d0
049066
03a928
02bbe2
01e2cc
0133da
00bd22
0082d2
007f1a
00a3f6
00de2a
0118f0
014188
014a0c
012b3a
00e4d2
007ce2
fffdfc
ff751c
feef88
fe78f6
fe1a34
fdd872
fdb4fc
fdad6a
fdbc1c
fdd8e0
fdf9d8
fe14b0
fe1ff8
fe14a0
fdef38
fdb0da
fd5f74
fd0558
fcb006
fc6e1c
fc4cf0
fc5610
fc8d3a
fcef4e
fd727e
fe0790
fe9c32
ff1dc8
ff7c7a
ffada0
ffad5e
ff7f1a
ff2cbe
fec4e6
fe585a
fdf742
fdaeac
fd868e
fd80c2
fd990c
fdc61e
fdfb7e
fe2bda
fe4b64
fe51f6
fe3ca0
fe0e3c
fdcf10
fd8b4c
fd50ea
fd2d2a
fd29f4
fd4bf0
fd917a
fdf2c0
fe6308
fed300
ff33a2
ff792a
ff9d66
ffa0f8
ff8b66
ff69bc
ff4c26
ff42dc
ff5aec
ff9bbc
00059c
0091aa
013306
01d930
0272ce
02f08e
03478e
0372e4
0373fa
0351be
031724
02d126
028cd4
0255a4
02342e
022d94
024370
02743c
02bbec
03149e
03778e
03ddfc
044208
049f78
04f452
054142
0589a0
05d2fa
062428
06840c
06f822
078306
082380
08d440
098c68
0a40a0
0ae4d8
0b6e2a
0bd494
0c1444
0c2e1c
0c2788
0c09b0
0be026
0bb760
0b9b2a
0b9552
0bac9a
0be416
0c3b10
0cad38
0d3344
0dc400
0e55ac
0edf8a
0f5b46
0fc61e
102160
10721e
10bfe6
1112bc
1170a8
11db6a
124ede
12c080
132064
135baa
135fc6
131e44
129020
11b806
10a2a4
0f653e
0e1a7a
0cde10
0bc82a
0ae98a
0a48f6
09e29a
09a97a
098a9c
09713c
094b28
090c8e
08b24a
084280
07cb32
075f1e
0711b4
06f2ac
070a48
07571e
07cd7e
085904
08dfdc
09471e
09777c
09615e
08ffac
0858a6
077cb0
068352
058708
04a09e
03e308
03588a
030190
02d572
02c4c8
02bcea
02aba6
0282a2
0239a6
01cfc4
014af0
00b666
002060
ff977a
ff2854
fedbb2
feb574
feb442
fed22c
ff05be
ff4368
ff7f0a
ffad60
ffc556
ffc0de
ff9d80
ff5c6a
ff0228
fe95e8
fe205c
fdaaa4
fd3d30
fcded4
fc941c
fc5efe
fc3ee2
fc30f2
fc308e
fc3808
fc4160
fc4708
fc44c0
fc3852
fc2212
fc0542
fbe808
fbd2f8
fbcff4
fbe882
fc23de
fc850a
fd0972
fda84a
fe5334
fef822
ff8428
ffe6da
00158a
000db4
ffd5fa
ff7d60
ff18b2
febe9e
fe8356
fe7488
fe9688
fee36c
ff4c44
ffbc3e
001d00
005b6c
006bc0
004c28
000550
ffa8a4
ff4cee
ff09b2
fef298
ff135e
ff6d7e
fff7bc
009fe8
014e52
01ea40
025e9e
029de0
02a480
02798a
022d30
01d5a4
018acc
0161d0
016932
01a626
0213ae
02a38e
034112
03d4de
044920
048d58
049910
046d02
04129e
039a08
03171e
029df0
023f8e
02077c
01fa4c
021596
025104
02a046
02f560
034314
037f02
03a31e
03ae58
03a47c
038d48
0372f6
036062
035f2a
0375ea
03a6f2
03efac
0448e8
04a7da
04ffc6
05443a
056b2c
056ed0
054eb4
050ff0
04bc6c
046158
040d0e
03ccdc
03ab10
03ada4
03d5aa
041f82
0483dc
04f916
0574e0
05eda8
065bc2
06ba2c
0706da
07429a
077094
079578
07b688
07d8aa
07ff72
082c4a
085e06
0890ba
08be34
08ded4
08ead0
08dba4
08ad7e
086044
07f818
077d0e
06fa34
067bf0
060e1a
05ba1e
05856e
05709c
05776e
0591cc
05b548
05d728
05ee5a
05f51e
05e9e6
05cf4c
05ab4c
0585c6
05668e
0553aa
054fd4
0559d6
056c98
058038
058b8c
0585f6
056936
05328a
04e320
047fca
040ffc
039c58
032d24
02c8f8
0273f0
022f6c
01fa56
01d1be
01b1c8
019670
017c04
015f70
013e3e
01167c
00e6a2
00ada2
006b18
001f84
ffccbc
ff760a
ff2026
fed0cc
fe8e1e
fe5d9e
fe4338
fe4062
fe53c2
fe7932
feaa52
fedf7a
ff1116
ff38f0
ff5366
ff6012
ff6202
ff5f30
ff5f5c
ff6a96
ff87a6
ffba96
0003b0
005f40
00c61a
012ef0
019000
01e122
021d88
0244e6
025bb2
026a7e
027c66
029ce4
02d57a
032ba4
039f76
042b3e
04c436
055c2e
05e3ea
064dda
06907a
06a82e
0697f6
066900
06290c
05e7f8
05b4e8
059b58
05a0f0
05c430
05fc9c
063c2c
0671ee
068d42
06811a
0646d4
05dfe2
0555fc
04b996
041f0c
039b0c
033ec4
03149e
031e4c
03546c
03a7e8
0404b6
045580
04878e
048e1a
04648c
040f10
0399b2
0315fe
0297c2
02316a
01f0ac
01dc1e
01f21c
022914
027136
02b736
02e79a
02f228
02ccb8
027522
01f1da
01510c
00a662
0007d6
ff8a0e
ff3cd4
ff2836
ff4b18
ff9b4c
00074e
007958
00db30
011a36
012abe
010a32
00bf64
00592e
ffeb94
ff8bf8
ff4d04
ff3b42
ff5b0c
ffa80e
00167a
00957c
011284
017c9e
01c73c
01ebe0
01eaa0
01c94e
0191d0
014fec
010f32
00d94e
00b4d6
00a4d8
00a8f0
00bdf0
00dec2
010582
012ca2
014fd2
016cac
018336
0195ee
01a966
01c350
01e942
021f5a
02671a
02be8a
032010
0382fe
03dce6
042374
044e50
0458b0
04423c
040f12
03c6e0
03735e
031e66
02d034
028e02
02597e
0230f6
021044
01f1f2
01d0a0
01a812
017616
013ab8
00f832
00b27a
006ea8
003262
00030e
ffe536
ffdc1c
ffe934
000bfc
0041dc
008654
00d386
0122d6
016dc6
01aec8
01e1e6
02051c
02183a
021c76
0213dc
020094
01e460
01c052
0194c6
0161be
012752
00e610
009f38
0054b8
0008fe
ffbe90
ff779e
ff35be
fef9e8
fec4ba
fe96d2
fe7156
fe5638
fe4838
fe4a86
fe6010
fe8ab8
feca74
ff1cd4
ff7cde
ffe368
004810
00a270
00eb72
011e80
013a1a
014002
0134ae
011e5e
0103e8
00eb80
00d9b0
00d0ca
00d0d0
00d7cc
00e296
00edbc
00f67c
00fb7a
00fd2c
00fde4
010172
010c94
0123fc
014b6a
0184d8
01cfc4
0228ca
0289ae
02e9ec
033fa0
0380c4
03a488
03a4be
037f00
033544
02cdca
02525a
01cefa
01501c
00e0bc
0088aa
004b74
0027f4
0018cc
0015b8
001568
000f84
fffe72
ffe094
ffb8b0
ff8d88
ff6878
ff536e
ff56be
ff773c
ffb4dc
000a42
006d5c
00d0e8
0126b4
016210
017a2a
016bb4
0139a4
00ecda
0092ae
003aae
fff3e8
ffca3c
ffc44a
ffe22e
001d82
006a7e
00b9f4
00fc14
012332
012646
010276
00bba8
005bd6
fff17e
ff8d30
ff3ecc
ff12d6
ff1062
ff37dc
ff830a
ffe60c
005160
00b468
010018
012986
012b96
0107ba
00c58c
007142
001976
ffcc7e
ff95e4
ff7c6e
ff811c
ff9f24
ffcd1e
fffee0
0027ee
003dc0
003980
001916
ffdf6a
ff93aa
ff3ff2
feef6c
feac96
fe7fbe
fe6e02
fe78d4
fe9e1e
fed8fa
ff2290
ff7320
ffc310
000bf0
004934
0078ba
009b00
00b2f2
00c580
00d8d8
00f36e
011ad0
015284
019b36
01f244
0251e4
02b1be
030836
034bf2
037582
0380cc
036df2
034194
030436
02c110
028446
0258e0
024708
0252be
027b3a
02bb12
03092c
035a46
03a2dc
03d908
03f5fc
03f6ea
03dd46
03ae58
03722c
033230
02f798
02c9f6
02ae44
02a632
02b00e
02c700
02e3da
02fe24
030d4a
0309ae
02edbe
02b6c0
026548
01fd52
0185ce
0107d2
008d66
002036
ffc83a
ff8a98
ff68d6
ff6098
ff6c12
ff82ea
ff9ba6
ffad32
ffb056
ffa0c0
ff7db6
ff4a02
ff0b6e
fec9b4
fe8d04
fe5cc4
fe3e5e
fe3486
fe3ef6
fe5a80
fe81b0
feadae
fed748
fef80a
ff0b18
ff0dda
ff0038
fee4a0
febf98
fe9712
fe7166
fe5448
fe43d8
fe41f6
fe4df6
fe64a0
fe80b6
fe9bb6
feaf04
feb4dc
fea926
fe8a02
fe57f8
fe15bc
fdc7a6
fd72de
fd1cae
fcc9d0
fc7e02
fc3bb6
fc03fe
fbd6a4
fbb274
fb9592
fb7de2
fb694a
fb5624
fb4392
fb31a2
fb215c
fb1484
fb0d4c
fb0dde
fb17c8
fb2b74
fb47ee
fb6ae2
fb910c
fbb6ae
fbd856
fbf350
fc0608
fc1020
fc1236
fc0d64
fc02a8
fbf2a0
fbdd64
fbc2dc
fba33a
fb7fa6
fb5ac4
fb38a8
fb1e92
fb11f2
fb174a
fb30ea
fb5e02
fb9a2c
fbde06
fc203a
fc5732
fc7ad2
fc8608
fc77d4
fc5366
fc1f68
fbe488
fbabb0
fb7c3c
fb5aa8
fb480a
fb4228
fb4472
fb4942
fb4b62
fb4758
fb3c1c
fb2b38
fb1858
fb0842
faffd8
fb02fe
fb13e4
fb32c8
fb5e1a
fb92fa
fbcdf0
fc0bb0
fc49a4
fc8628
fcc086
fcf8be
fd2f28
fd6424
fd97d4
fdca00
fdfa30
fe27cc
fe5254
fe7994
fe9dc0
febf76
fedfc4
ff0000
ff21c4
ff46c8
ff70c6
ffa14a
ffd96c
00198e
00610a
00adea
00fcf8
014a08
01908a
01cc4a
01fa4e
0219a8
022bea
023530
023b7c
0245a2
0259ea
027cb4
02af68
02eff6
03390c
0382ec
03c4e8
03f708
04136c
041754
040370
03db84
03a566
0367ba
032882
02ec20
02b4c4
02824c
02529e
02226c
01ee0a
01b268
016d9a
011f24
00c7fc
006a4a
000904
ffa798
ff4986
fef210
fea40e
fe61c6
fe2cd8
fe0626
fdedc6
fde2ee
fde3d6
fdedd6
fdfd8c
fe0f32
fe1ee4
fe291c
fe2b24
fe2392
fe1276
fdf960
fddb1c
fdbb56
fd9e1a
fd8716
fd7900
fd7534
fd7b72
fd8a1c
fd9e8c
fdb5a8
fdcc90
fde112
fdf228
fe002a
fe0ca6
fe1a0a
fe2b16
fe424a
fe615c
fe88d6
feb7f2
feec9c
ff23c2
ff5996
ff8a10
ffb164
ffcc6c
ffd8fa
ffd60c
ffc3e4
ffa3f4
ff7896
ff44be
ff0b7e
fecf90
fe92e6
fe5664
fe19c0
fddbb8
fd9a7a
fd5448
fd0800
fcb5ce
fc5f7e
fc0890
fbb5c6
fb6c8e
fb323c
fb0b26
faf9f4
faff22
fb190c
fb4438
fb7bfa
fbbb1c
fbfcbe
fc3cca
fc7852
fcad8c
fcdbb0
fd02a0
fd22b2
fd3c88
fd5126
fd6216
fd7184
fd823a
fd9772
fdb45e
fddb74
fe0dc8
fe4a62
fe8e20
fed3ec
ff159a
ff4d14
ff75be
ff8d9a
ff960a
ff93c2
ff8e04
ff8d38
ff991e
ffb720
ffe8fa
002c24
007a0c
00c92a
010e9e
014018
0155b6
014b6c
0121a4
00dd26
00863c
002738
ffcaa2
ff7968
ff3970
ff0c9a
fef0a2
fedfba
fed1fa
febf1c
fea076
fe728a
fe3618
fdf042
fda9d0
fd6d7c
fd45c0
fd3a8e
fd4f70
fd8290
fdcce0
fe2348
fe78d2
fec12c
fef32c
ff0a82
ff086c
fef33a
fed4b2
feb7d4
fea67a
fea748
febc72
fee3a0
ff16b8
ff4d7e
ff7f70
ffa5a8
ffbc12
ffc208
ffba20
ffa94c
ff95b0
ff854e
ff7d02
ff7fd2
ff8eac
ffa89a
ffcb14
fff29e
001b52
00417c
0061e8
007a2e
0088c8
008d2c
0087d2
007a36
0066a0
004ff4
00393a
002532
0015d0
000bd8
000676
00031c
fffdba
fff13e
ffd858
ffae82
ff70e8
ff1f0e
febb2a
fe49f6
fdd208
fd5ad0
fceb70
fc89a4
fc38ec
fbfa3e
fbcc3c
fbabc2
fb94de
fb83b0
fb7532
fb6794
fb5a5c
fb4e0e
fb43be
fb3c88
fb395c
fb3ade
fb4192
fb4df6
fb60a2
fb7a1e
fb9a82
fbc0f2
fbeb0a
fc149e
fc3802
fc4eba
fc52cc
fc4018
fc15b4
fbd686
fb8944
fb376e
faeb82
faaeee
fa881c
fa791c
fa7f3a
fa93c4
faad9e
fac364
facd7a
fac77a
fab0cc
fa8c3a
fa5ed8
fa2e80
fa005c
f9d7d6
f9b660
f99bac
f98654
f974a8
f96532
f956de
f94898
f938de
f92536
f90a0a
f8e2f8
f8ab9a
f860b6
f8016a
f78fe6
f711a2
f68ec4
f610e0
f5a144
f54770
f507c0
f4e2f0
f4d648
f4dc88
f4ef18
f5078a
f520b4
f53788
f54b58
f55da4
f571a0
f58b78
f5afb4
f5e278
f62710
f67f58
f6eb50
f768ba
f7f2fc
f88338
f910f8
f99320
fa0156
fa555e
fa8c68
faa7dc
faad62
faa62a
fa9d58
fa9dde
fab048
fad8ee
fb16f0
fb643c
fbb6b6
fc022a
fc3acc
fc57a6
fc548e
fc3318
fbfa52
fbb566
fb7156
fb3a5a
fb1964
fb1240
fb22a8
fb42a0
fb6600
fb7ea6
fb7f26
fb5d66
fb1492
faa640
fa1a32
f97d10
f8de3a
f84d2e
f7d6fc
f78434
f757bc
f74e88
f76088
f78250
f7a776
f7c4e0
f7d2be
f7cdca
f7b7d0
f79722
f7754e
f75d3e
f7592a
f770ba
f7a7a0
f7fce4
f86aea
f8e864
f969d6
f9e36a
fa4ace
fa98f2
facb28
fae394
fae8be
fae492
fae2ac
faee64
fb10e4
fb4f88
fbaaec
fc1ea8
fca1f8
fd2928
fda78c
fe11ae
fe5f4e
fe8cd4
fe9bfe
fe938c
fe7e00
fe6790
fe5bd4
fe6378
fe8288
feb7ac
fefc5c
ff463e
ff893e
ffb9f8
ffd002
ffc79a
ffa25e
ff66e0
ff1f4a
fed74c
fe99da
fe6f08
fe5ac0
fe5c52
fe6f04
fe8b50
fea89a
febefa
fec8a4
fec2c4
fead90
fe8bf2
fe62a6
fe3740
fe0f42
fdef6c
fddb5a
fdd53c
fdddda
fdf496
fe176e
fe4328
fe737a
fea37c
fece4e
feefe8
ff05d8
ff0fce
ff0fc6
ff09d8
ff0378
ff0262
ff0b4a
ff20c6
ff429e
ff6daa
ff9c5a
ffc7b4
ffe896
fff8ec
fff4a2
ffda2a
ffaa82
ff68c8
ff1998
fec254
fe6874
fe1120
fdc0d0
fd7b4c
fd437c
fd1b4e
fd0374
fcfb42
fd0094
fd0fda
fd2468
fd3908
fd48b4
fd4f4c
fd4a5a
fd396e
fd1e14
fcfb74
fcd5a0
fcb0b6
fc8ff6
fc7512
fc5fc2
fc4d9a
fc3a40
fc1fd8
fbf7b8
fbbb3e
fb64e4
faf13a
fa5fd2
f9b3da
f8f460
f82c1c
f76892
f6b8aa
f62ac6
f5caaa
f59f94
f5aafa
f5e816
f64c84
f6c9b2
f74f44
f7cdc2
f83924
f88aaa
f8c1a8
f8e334
f8f8a4
f90d50
f92c00
f95c68
f9a172
f9f86a
fa596c
fab898
fb0842
fb3b70
fb4852
fb2a18
fae220
fa77f2
f9f844
f97318
f8f93e
f899a4
f85ee2
f84d92
f86398
f89896
f8df7e
f928fc
f96654
f98bfc
f993aa
f97d3a
f94e70
f9117e
f8d276
f89ca8
f8782a
f867fe
f86960
f8744e
f87d38
f87734
f856be
f81408
f7aca0
f7243c
f6845e
f5db06
f538d2
f4ae92
f44af4
f418a8
f41d08
f457a4
f4c26c
f552e6
f5fbd4
f6af52
f760ce
f806c4
f89bc6
f91e9e
f991b8
f9f9de
fa5c5c
fabd4e
fb1e38
fb7d68
fbd60c
fc212e
fc5744
fc71fc
fc6dd4
fc4b28
fc0e7e
fbbff4
fb6a18
fb1854
fad522
faa880
fa96d2
faa072
fac1f2
faf4bc
fb3046
fb6b68
fb9dbc
fbc0d2
fbd0fa
fbcd90
fbb8e6
fb97b2
fb7032
fb4902
fb27e6
fb10e6
fb05d2
fb0636
fb0fb8
fb1eb0
fb2f08
fb3cfc
fb45a0
fb472e
fb4106
fb3378
fb1f9a
fb071c
faec4a
fad21e
fabc66
faaf90
fab054
fac2fa
faea70
fb2776
fb7808
fbd73a
fc3dba
fca2fa
fcfeb0
fd4a66
fd82b4
fda7a6
fdbc7a
fdc698
fdcbee
fdd13c
fdd8ba
fde180
fde7bc
fde5bc
fdd56a
fdb1f8
fd7936
fd2c36
fccf44
fc6930
fc022a
fba25e
fb50b4
fb120a
fae8ae
fad44e
fad23e
faddec
faf142
fb0532
fb121c
fb108a
faf9f6
fac9a6
fa7da6
fa1780
f99c80
f91552
f88d0a
f80f82
f7a782
f75ccc
f73294
f726ac
f731b6
f74848
f75cc2
f761a0
f74bb6
f71412
f6b936
f63f58
f5afaa
f516e0
f48348
f4027a
f39f3e
f35fe0
f34544
f34ab4
f366a2
f38c18
f3acc2
f3bb32
f3ad18
f37d0c
f32b94
f2bf34
f24386
f1c750
f15a40
f10a70
f0e21c
f0e5f6
f1148c
f166b2
f1d0d6
f24508
f2b56e
f3167a
f360e0
f3929a
f3af0a
f3be40
f3cb94
f3e384
f41168
f45d48
f4ca1a
f554e4
f5f4bc
f69bee
f739e8
f7bdea
f81a02
f84580
f83eda
f80c50
f7bb3e
f75de4
f70852
f6ccca
f6b862
f6d092
f71236
f77238
f7df9c
f846d0
f89542
f8bcd0
f8b63a
f8824c
f82960
f7b98a
f74402
f6d9ea
f68974
f65bb6
f6538c
f66d56
f6a008
f6df06
f71c66
f74b62
f7626e
f75ce6
f73bce
f705bc
f6c5c2
f68994
f65f3e
f652c6
f66c10
f6ad76
f71358
f794d0
f82554
f8b70a
f93d3a
f9ae8c
fa068a
fa4620
fa7326
fa96e4
fabc14
faecb6
fb3040
fb8a4c
fbfa12
fc7ab4
fd0414
fd8c44
fe08f6
fe711a
febe00
feec4e
fefc3e
fef190
fed306
fea968
fe7e22
fe59ee
fe437e
fe3e6a
fe4ad0
fe6586
fe88e6
feae2c
feceea
fee670
fef2d4
fef532
fef168
feed04
feedf4
fef918
ff1140
ff36a0
ff66d6
ff9d96
ffd5ba
000a52
00378e
005b20
007444
008392
008a90
008b18
0086e6
007f66
0075ba
006ac4
005f5c
005452
004a4c
004196
0039dc
003204
002820
001992
000352
ffe27e
ffb4d6
ff7936
ff2ff4
fedafa
fe7db2
fe1c94
fdbc92
fd6278
fd1204
fccd48
fc9428
fc642e
fc38b0
fc0b78
fbd5da
fb91de
fb3b7a
fad1ac
fa56e8
f9d0e2
f947a6
f8c41a
f84e32
f7eb2c
f79c2c
f75ddc
f72900
f6f3e2
f6b428
f6611a
f5f5b6
f57200
f4db3e
f43b48
f39f06
f31442
f2a750
f26124
f245de
f2541c
f2852a
f2ce0a
f32108
f36fb2
f3acca
f3ce2c
f3ce3e
f3acaa
f36e44
f31c4a
f2c2d6
f26eb2
f22afa
f1ff2c
f1ed88
f1f29e
f205d0
f21b08
f22554
f2199e
f1f0fa
f1aa5c
f14b02
f0dd92
f07044
f0124a
efd0e2
efb52a
efc286
eff646
f0488e
f0adf6
f11982
f17ee2
f1d45c
f213c4
f23b06
f24bd6
f24af0
f23ef2
f22f36
f222a8
f21ee8
f22782
f23d56
f25eb2
f28792
f2b218
f2d772
f2f112
f2f9a4
f2ee2c
f2ceec
f29f8c
f266d2
f22dd8
f1fec8
f1e364
f1e38e
f20400
f2459a
f2a510
f31b32
f39dda
f4211a
f498be
f4f9d2
f53c18
f55b1e
f556f0
f533f8
f4fa56
f4b496
f46df2
f43050
f402b0
f3e812
f3df0c
f3e272
f3eae2
f3f0e0
f3eefc
f3e38e
f3d1ac
f3c0f4
f3bc26
f3cf02
f403be
f460ae
f4e6b0
f59096
f653c6
f7220c
f7ec28
f8a3fe
f93e20
f9b34e
fa016c
fa2b70
fa37c6
fa2f0a
fa1b70
fa07b6
f9fd28
fa02b6
fa1d0e
fa4e00
fa93a6
fae8ce
fb4604
fba2a2
fbf68a
fc3be0
fc6fd6
fc9346
fcaaf6
fcbdf2
fcd394
fcf250
fd1eca
fd5b1c
fda71e
fe013a
fe67a8
fed92a
ff5498
ffd812
00606e
00e7ce
0164f4
01cca2
02147e
0235fc
02313e
020ea8
01def2
01b89a
01b2ac
01dea2
02438a
02db3c
03929c
044d78
04ed10
055804
058108
0569ec
05228c
04c460
046b30
042c3c
040f0c
040b26
040a8c
03efde
039e64
030260
021748
00e93c
ff90c0
fe2b44
fcd34c
fb99b8
fa81d0
f98268
f88b8c
f78e78
f68542
f57762
f47900
f3a5d6
f31908
f2e3fc
f307c0
f373c6
f40a4a
f4a970
f5362e
f5a570
f600e4
f66478
f6f530
f7d430
f9119a
faa2e0
fc60de
fe0f1e
ff69f8
0037ec
005988
ffd32a
fecd8a
fd8bde
fc5a30
fb7972
fb0e56
fb172e
fb6cb4
fbcde4
fbf318
fba202
fabdd6
f94f6c
f78346
f59cda
f3e380
f28fea
f1bede
f16bac
f17416
f1a570
f1cd8c
f1c9c6
f190c0
f1338e
f0d616
f0a254
f0ba3a
f12bb8
f1eb8c
f2d8d4
f3c6f6
f48ac6
f506c6
f5332e
f51f3e
f4eb72
f4bdd6
f4b5b2
f4e204
f53c5e
f5aab2
f6081c
f6305e
f60abc
f59178
f4d386
f3f078
f30fa4
f254da
f1d6f4
f19b3e
f195b0
f1add2
f1c76c
f1cbc0
f1b078
f17a38
f13a2c
f1081c
f0fb42
f1235a
f183c0
f212ce
f2bd9a
f36e6e
f41314
f4a172
f5198e
f584c2
f5f188
f66d1c
f6fe20
f7a230
f84dfc
f8ef9a
f97354
f9c930
f9e948
f9d612
f99b52
f94a52
f8f54a
f8aaf4
f872c6
f84ba6
f82d3c
f80b12
f7d86e
f78bc2
f72152
f69c72
f60680
f56cc2
f4de28
f468f0
f4186c
f3f424
f3fff0
f43c1a
f4a590
f53620
f5e510
f6a84e
f7755e
f84292
f908d0
f9c53c
fa799a
fb2bf8
fbe512
fcad5e
fd89ea
fe7a10
ff7646
00702c
015508
021208
02982c
02df66
02e868
02bc42
0269d6
020214
0193a8
012786
00bfde
00590c
ffebf4
ff71b4
fee718
fe4e66
fdaf40
fd1538
fc8d5c
fc2292
fbdab0
fbb5d8
fbaf6c
fbbfbc
fbdeb4
fc06c4
fc35d6
fc6cac
fcad74
fcf968
fd4ec0
fda7dc
fdfb8a
fe3ec4
fe67dc
fe7164
fe5b8e
fe2c60
fdee24
fdac52
fd6fe8
fd3d2e
fd1240
fce738
fcb10c
fc6598
fbfe7c
fb7b0c
fae144
fa3bf0
f9973e
f8fd8a
f87488
f7fb54
f78b60
f71b48
f6a240
f61bb6
f5897c
f4f38a
f4663a
f3ef1c
f398cc
f36764
f35754
f35e54
f36e22
f37864
f372ac
f35958
f33020
f30030
f2d4b0
f2b704
f2ab80
f2afa8
f2bad6
f2c104
f2b6a0
f29462
f259d8
f20d80
f1bbc2
f1740a
f1444e
f134fc
f147c6
f17838
f1bd3e
f20bc8
f259f0
f2a158
f2dfae
f3156a
f343ba
f36abe
f38810
f39670
f38f3a
f36d2c
f32e9c
f2d68e
f26ce0
f1fcac
f190bc
f12ff0
f0dadc
f08b24
f0350e
efcb64
ef43c8
ee9ada
edd704
ed084e
ec453e
eba60a
eb3ed4
eb1a5a
eb3754
eb8904
ebfab2
ec74ca
ece2a4
ed375c
ed7094
ed95bc
edb4da
edde52
ee201a
ee8176
ef0128
ef9654
f03352
f0c964
f14bca
f1b1d6
f1f864
f221a0
f23264
f22fb4
f21e2a
f201ec
f1deac
f1b894
f1952c
f17b90
f1744e
f187c2
f1bb06
f20e0c
f27b68
f2f8c2
f37872
f3ecfa
f44c3e
f491b4
f4bf50
f4dcac
f4f494
f511ee
f53c52
f575b0
f5ba80
f60378
f6477e
f67e9e
f6a4c2
f6ba8e
f6c482
f6c902
f6cdf0
f6d6b2
f6e32a
f6efd8
f6f79a
f6f6cc
f6edb4
f6e164
f6db6a
f6e7ec
f712a8
f763a4
f7dc6a
f876f2
f92746
f9dec6
fa8f4c
fb2e70
fbb8a0
fc31da
fca376
fd1892
fd9a52
fe2ce2
fecda6
ff733a
000f86
009388
00f2ec
0126fc
013070
01173c
00e874
00b346
008612
006bb2
0069f2
008162
00ae1e
00e964
012b8a
016d6a
01a91a
01dade
0201ae
021ef2
02360e
024bfc
026682
028b0c
02bd52
02fda8
0347e8
039392
03d48c
03fcd0
03ff16
03d1c4
03711e
02e0a0
022ad2
015f00
008dba
ffc5b4
ff1114
fe73a8
fdea9a
fd6e32
fcf528
fc7812
fbf372
fb68fa
fae020
fa64fa
fa0568
f9cde0
f9c71c
f9f4c2
fa54ea
fae048
fb8b1c
fc46b8
fd034e
fdb172
fe4386
feaf26
feee44
feffb4
fee732
feacd2
fe5b7c
fdfe5a
fd9e04
fd3eae
fcdf2e
fc791c
fc0290
fb71a8
fac028
f9ee46
f90434
f81182
f72a6a
f663c2
f5ce4a
f572bc
f55042
f55d3c
f58a0c
f5c546
f60000
f63130
f65738
f676fe
f698c4
f6c434
f6fd30
f741cc
f78a22
f7ca16
f7f47e
f7fe9e
f7e2ce
f7a17c
f74018
f6c6c2
f63dc6
f5ab54
f511e6
f47068
f3c43a
f30bb8
f2481c
f17e66
f0b6fa
effc0e
ef5758
eecf94
ee66fe
ee1b90
ede89c
edc91e
edba1c
edbc38
edd38c
ee0614
ee5950
eecf40
ef6430
f00e40
f0bebc
f16520
f1f348
f260f2
f2ad5c
f2df4c
f3032a
f326dc
f354d2
f390ac
f3d62c
f41a3c
f44d9c
f4611a
f44a8e
f408b4
f3a440
f32e04
f2bb3c
f260e2
f22ed4
f22bf8
f254b2
f29cde
f2f40c
f34a3c
f393c8
f3cc8c
f3f8d4
f4238c
f45a40
f4a8ac
f51524
f59e90
f63c4c
f6e0a2
f77d1e
f806e6
f879b8
f8d936
f93004
f98c8c
f9fca6
fa8984
fb34dc
fbf842
fcc6f8
fd916c
fe4934
fee4be
ff6188
ffc468
001786
0066c6
00bbfa
011c04
018544
01f020
025148
029cc4
02c8f0
02d0bc
02b434
02779e
0221e2
01baac
0148c0
00d116
00570e
ffdda8
ff68a0
fefcfa
fea08a
fe5912
fe2ad2
fe16d2
fe19d2
fe2cde
fe4740
fe60b2
fe7332
fe7c84
fe7ea0
fe7eb0
fe82c0
fe8f52
fea576
fec260
fee066
fef8b6
ff05a0
ff04e8
fef892
fee5c2
fed282
fec38c
feb9de
feb15e
fea1c6
fe812e
fe474c
fdf054
fd7e74
fcf9c0
fc6ee0
fbebc6
fb7b8a
fb23bc
fae3e8
fab668
fa928c
fa7048
fa4b72
fa24fe
fa01d8
f9e872
f9ddd4
f9e318
f9f3f0
fa0774
fa1322
fa0ed8
f9f836
f9d468
f9af7c
f99964
f9a134
f9cf9e
fa22e6
fa8df6
fafaf6
fb5062
fb7798
fb62ee
fb120c
fa9296
f9fcb8
f96ce2
f8fcfc
f8be22
f8b45a
f8d642
f91060
f94a98
f96e8c
f96d68
f942cc
f8f4da
f89204
f82cce
f7d652
f799f8
f77b7c
f776cc
f7818a
f78dac
f78cd8
f77370
f73a94
f6e0cc
f669c4
f5dd6a
f54680
f4b0a8
f4263c
f3ae86
f34c4e
f2fd20
f2b930
f2745c
f22096
f1b132
f11e90
f068ca
ef98f2
eec040
edf506
ed4df6
ecdc8e
eca89a
ecae02
ecdd22
ed1e22
ed56ac
ed70e4
ed6154
ed2a1e
ecda84
ec8b44
ec587a
ec5a78
ec9f74
ed282a
ede81c
eec8fc
efb078
f086b0
f13bb2
f1ca32
f2372c
f28ea0
f2dea2
f3329e
f39002
f3f524
f45a94
f4b686
f500fc
f536a6
f559e4
f571b6
f58718
f5a16a
f5c35a
f5e96c
f60b08
f61da4
f618d6
f5fa3a
f5c7a6
f58f4e
f56510
f55dc0
f58996
f5efb6
f68c12
f75042
f826a6
f8f79e
f9af86
fa43a4
fab432
fb0b7c
fb5abe
fbb522
fc2a48
fcc1ea
fd79da
fe464a
ff1470
ffcf12
00634e
00c484
00eebe
00e734
00ba92
0079b6
0035ec
fffd92
ffd986
ffcbe8
ffd0b2
ffdf70
ffee12
fff410
ffed38
ffdb2e
ffc576
ffb810
ffc0c0
ffeb52
003dfa
00b6e8
014b96
01ea1a
027c7e
02edb4
032eea
033b94
031b68
02e15e
02a790
0288ce
029984
02e1ce
035a74
03ed6c
0479f4
04dc02
04f520
04b42a
0419ba
0338c2
0232b4
012fcc
005588
ffbe04
ff7256
ff6916
ff8998
ffb2ce
ffc442
ffa6aa
ff519c
fecd26
fe2f00
fd9434
fd18da
fcd042
fcbfd8
fcddf4
fd14b0
fd47fe
fd5d00
fd4134
fcef5a
fc7084
fbd910
fb4342
fac876
fa7a7e
fa5f38
fa6f82
fa9994
fac5d0
fadcfc
facdfa
fa91f4
fa2dee
f9b12e
f9313a
f8c486
f87cf0
f863b2
f8776e
f8ac86
f8efca
f92b0c
f94a2a
f93f4a
f905a0
f8a266
f823a8
f79ce4
f72264
f6c4c0
f68d6c
f67ca6
f6898e
f6a434
f6b970
f6b78a
f69296
f64744
f5dbd2
f55ea8
f4e2be
f47af8
f4354a
f4172a
f41c1a
f436b6
f453e2
f45fbc
f44ae0
f40ebc
f3af84
f33b88
f2c7f0
f26bb2
f239ce
f23c66
f2723c
f2ceb4
f33c78
f3a22a
f3e806
f3fcea
f3d9a8
f381cc
f3021c
f26d20
f1d692
f14ee2
f0e030
f08d46
f0523c
f026dc
f00196
efda54
efacb4
ef7908
ef4388
ef1286
eeec7e
eed64a
eed1f2
eede6e
eef8c0
ef1dc0
ef4bac
ef8304
efc6e0
f01c28
f087c0
f10c38
f1a800
f25488
f306a4
f3b02a
f442e0
f4b410
f4ff50
f527fc
f538f6
f5424e
f55538
f57fd4
f5c94a
f62f3e
f6a64e
f71cbc
f77e9e
f7bb46
f7ca28
f7adb4
f7736e
f7310c
f6ff4e
f6f3f0
f71c44
f779d0
f80216
f8a170
f94002
f9c7d0
fa2a2a
fa62d4
fa7836
fa78b4
fa760a
fa8000
fa9fd4
fad616
fb1b74
fb63ac
fba224
fbce88
fbe816
fbf624
fc060c
fc270e
fc6556
fcc5ea
fd446a
fdd362
fe5f7e
fed4ac
ff2398
ff461c
ff414c
ff249a
ff0612
fefcc8
ff1aea
ff6926
ffe46e
007e96
0121b2
01b51e
02230a
025d36
025f6c
022fae
01dc6a
0178ae
01173c
00c682
008e38
006e6e
006080
005984
004d56
003180
ffff4c
ffb4b4
ff545e
fee4b2
fe6e4c
fdfa4a
fd9122
fd39a2
fcf8c6
fcd1f8
fcc70a
fcd840
fd044a
fd4818
fd9e62
fdff86
fe6216
febbd2
ff02ee
ff2f74
ff3cc0
ff2a8a
fefcf4
febba8
fe7084
fe25ae
fde390
fdaf16
fd892a
fd6f10
fd5b88
fd487c
fd30ec
fd121c
fcec24
fcc1c4
fc9756
fc7138
fc5258
fc3b72
fc2aea
fc1d7a
fc0f7c
fbfe7e
fbea80
fbd66a
fbc724
fbc226
fbcbba
fbe524
fc0baa
fc38a6
fc62c8
fc8016
fc8890
fc783c
fc5044
fc16a4
fbd4a8
fb9446
fb5d34
fb327e
fb1194
faf31a
facd1a
fa95e4
fa4724
f9e016
f96664
f8e53e
f86b1e
f8067c
f7c26a
f7a406
f7a964
f7ca36
f7f9f6
f82b30
f8529c
f86958
f86e16
f864b4
f8547e
f845fe
f840b4
f84942
f860a4
f88414
f8adfc
f8d77e
f8fa1e
f910ca
f918aa
f91174
f8fcbe
f8dd2e
f8b60a
f88b0e
f86046
f83a12
f81ce8
f80d06
f80dfc
f821ee
f848a4
f87f00
f8bee6
f8ffa8
f93730
f95b6e
f9641c
f94ce8
f916bc
f8c7ec
f86b96
f8103a
f7c500
f796c4
f78dba
f7abd4
f7ec34
f843ce
f8a36e
f8fb12
f93d4c
f9621e
f968f2
f95932
f940be
f93114
f93bae
f96e36
f9cf76
fa5de4
fb0fdc
fbd582
fc9c18
fd51ec
fde9d6
fe5d64
fead84
fee1cc
ff0654
ff283e
ff526a
ff8b3e
ffd3ce
002824
008064
00d33a
011896
014b7a
016ae2
0179c0
017dee
017e5a
0180fe
018946
01974a
01a850
01b7c8
01c0be
01bf86
01b322
019de6
018510
016f42
016284
016266
016e5c
018114
01915c
019460
01802e
014e4a
00fde6
0094fa
001f2c
ffab68
ff48c6
ff02da
fede9e
fed8e0
fee6fa
fef966
feffc4
feed4c
febc9a
fe71a8
fe1934
fdc5cc
fd8b66
fd7a42
fd9a6e
fde944
fe59b2
fed6e6
ff492a
ff9b9c
ffc0fc
ffb668
ff8394
ff380c
fee65e
fe9ef2
fe6bd8
fe4e38
fe3e78
fe2f18
fe119e
fddb5c
fd88ec
fd1fbe
fcad50
fc43a6
fbf41c
fbcac6
fbcb88
fbf0e0
fc2d46
fc6f4a
fca6c2
fcc8e4
fcd2bc
fcc98e
fcb8fc
fcaf18
fcb7c8
fcd8a2
fd0f12
fd50ae
fd8dba
fdb4f0
fdb7cc
fd8e08
fd3736
fcba42
fc231a
fb7f92
fadc12
fa410a
f9b1c4
f92d46
f8b094
f838ee
f7c55a
f757b0
f6f480
f6a174
f66308
f63aa2
f625c2
f61e3c
f61b9c
f6155e
f60580
f5ea3e
f5c64c
f59fc6
f57e44
f5684e
f560f8
f56674
f5722c
f57a42
f57470
f558c6
f523d4
f4d7e6
f47cc8
f41db2
f3c63c
f37f6a
f34d7e
f32eaa
f31b5a
f3083e
f2e9bc
f2b736
f26d8e
f2109a
f1ab3a
f14da6
f10a16
f0f0de
f10d14
f16274
f1ec10
f29c94
f3607c
f42188
f4ca04
f5481a
f5907c
f59ff6
f57b9e
f52f76
f4cc26
f46472
f40a90
f3cd4a
f3b5cc
f3c69e
f3fbd8
f44c0c
f4a9d6
f50644
f5541a
f58a10
f5a43a
f5a4ec
f59492
f57fe0
f5753e
f58220
f5b082
f604f8
f67df4
f71412
f7bbf8
f868b8
f90e22
f9a2d6
fa21ba
fa89c2
fadd2e
fb2076
fb589a
fb8a0a
fbb828
fbe522
fc126c
fc41d2
fc75e4
fcb1b0
fcf85e
fd4c3a
fdad84
fe1a06
fe8d02
feffc6
ff6b44
ffc9b2
0017d6
00562c
0088ea
00b6a0
00e68a
011f00
0163d0
01b54c
02109a
0270ec
02d126
032da8
038568
03da3a
04305a
048cea
04f3cc
0565fe
05e088
065c82
06d02a
0730a2
077440
079506
07923c
077094
073956
06f894
06baa4
06895c
066a46
065de6
065fc4
06678e
066b8c
06636a
064a52
062024
05e9ce
05b094
058068
0565ae
056a96
059524
05e676
065ae0
06ea7e
078a90
082f5c
08cdc2
095c94
09d5ae
0a365e
0a7f5e
0ab480
0adbbc
0afbf2
0b1be0
0b40f4
0b6e4e
0ba422
0bdfac
0c1bd4
0c5250
0c7d30
0c987c
0ca3a8
0ca1de
0c991e
0c90c8
0c8fa2
0c99a0
0cae66
0cc906
0ce11a
0cece6
0ce3c8
0cc08c
0c8302
0c3080
0bd280
0b7420
0b1ef4
0ad866
0aa044
0a70a6
0a3f5e
0a00b8
09aace
09381a
08a8c0
08029c
075046
069ea4
05f9d0
056a8a
04f4f0
04984c
044f7c
0412a2
03d956
039c78
0356f6
0305e8
02a84a
023e2e
01c80c
014626
00b7f6
001c84
ff7322
febbd6
fdf7dc
fd2a2c
fc570c
fb8306
fab248
f9e80c
f9262c
f86d08
f7bbd6
f7117c
f66ddc
f5d26e
f54274
f4c352
f45c6e
f4162c
f3f852
f40836
f44726
f4b1ac
f53f22
f5e1d8
f68868
f7203c
f79868
f7e446
f7fd6e
f7e4ee
f7a390
f7480e
f6e3d4
f687c0
f640e4
f6155e
f60342
f6016e
f601a4
f5f438
f5cbde
f58086
f511b6
f48780
f3f05a
f35dcc
f2e122
f2875e
f25678
f24cca
f26158
f2863c
f2ad3c
f2caa4
f2d6e4
f2d17c
f2c160
f2b10a
f2ab12
f2b916
f2e15e
f32448
f37bc4
f3dce2
f43a96
f488ce
f4be74
f4d65a
f4cf92
f4acb4
f4724c
f42588
f3cb18
f3668e
f2fa74
f2890a
f21584
f1a52a
f13f70
f0ecda
f0b560
f09e5c
f0a82a
f0ccf8
f101c2
f138ae
f163ec
f17944
f175a8
f15e5c
f13f30
f12722
f12414
f13e00
f1741c
f1bd42
f20b3c
f25014
f2840a
f2a98e
f2cd84
f3037c
f35f00
f3eb60
f4a52c
f57820
f642b6
f6de86
f72c48
f71f8e
f6c58e
f644b6
f5d3fa
f5ab74
f5f24e
f6af22
f7bf92
f8db44
f9a2ec
f9b6aa
f8ce30
f6ce16
f3d470
f0375e
ec75bc
e91ecc
e6b71e
e59fec
e60710
e7e33a
eafc3c
eefba8
f38162
f835d4
fcd550
0133fe
053aa8
08ddf6
0c15da
0ed898
11199e
12cccc
13ed04
1481ee
14a274
1472a0
141c84
13c6be
138c00
137482
1374a0
1371d6
134a20
12dce0
1213e6
10e774
0f5d64
0d8686
0b7868
094512
06f782
04948a
021ba6
ff8900
fcd95a
fa0ce6
f7282c
f4333a
f13736
ee3c74
eb4a3e
e8679a
e59d06
e2f664
e083bc
de58b6
dc89a6
db2662
da3598
d9b186
d98660
d99422
d9b43e
d9c074
d9998a
d92cdc
d87788
d7864a
d671a6
d55812
d4589c
d38dc4
d30914
d2d134
d2e21a
d32e16
d3a0b2
d42202
d498ec
d4eeaa
d512a0
d4fc00
d4aaea
d428d6
d3863a
d2d720
d2307a
d1a424
d13d60
d1007a
d0ebf8
d0fa50
d125ca
d16c46
d1cff8
d25664
d30638
d3e30a
d4e88e
d608d0
d72e34
d83eb8
d92042
d9bf5a
da15c8
da2c36
da1788
d9f46a
d9e0e4
d9f464
da38cc
daa70c
db2870
db9c28
dbde32
dbce6a
db578e
da73c6
d92d2a
d79b0c
d5dd6e
d41774
d269bc
d0ed2a
cfafac
ceb3c0
cdf1b4
cd59be
ccd7a6
cc57b8
cbcb40
cb2c22
ca7f8e
c9d636
c94950
c8f5a8
c8f56e
c959a8
ca24e4
cb483a
cca3d2
ce0c52
cf53a8
d0515e
d0e960
d1115c
d0d228
d043ca
cf869c
cebbe2
cdfe88
cd5d84
ccd9d8
cc68ee
cbf9a6
cb794c
cad872
ca0f92
c92180
c81a98
c70e72
c614ee
c546e8
c4baa8
c4804e
c49ee2
c51330
c5cfd6
c6bdea
c7bef6
c8b0e2
c973ae
c9ef88
ca1950
c9f4fa
c9963e
c91d0e
c8ae06
c86a8a
c86a06
c8b466
c94054
c9f606
cab504
cb5ca8
cbd45c
cc0f96
cc0efc
cbdf26
cb92e2
cb3b96
cae4a0
ca9064
ca37ae
c9cdee
c947d6
c8a05a
c7dc56
c70b88
c64592
c5a47e
c53f70
c52622
c55d7c
c5df3a
c69d1e
c785f8
c8898c
c99b64
cab4e0
cbd52a
ccfee8
ce35d4
cf7cf6
d0d5ce
d2404c
d3ba98
d54136
d6d072
d865ac
d9ff36
db9c3e
dd3cb6
dee14e
e08b5a
e23c24
e3f396
e5b03c
e76f4a
e92bf6
eae020
ec8660
ee1b6e
ef9f82
f11714
f2893c
f3fcc4
f57586
f6f150
f865bc
f9c050
fae8b0
fbc51c
fc40ac
fc50b8
fbf774
fb444c
fa5226
f94362
f83ba2
f759c2
f6b45c
f65812
f6473e
f67c62
f6ee56
f7930a
f860ac
f94ea4
fa561e
fb7200
fc9eb6
fdd9f0
ff22ce
007984
01dce0
0346cc
04a9c0
05efbc
06fb12
07a9e0
07dc8e
077f2e
0692b4
0531a0
038e5e
01ec6a
00937c
ffbeac
ff8c4a
fff486
00c966
01c06a
028418
02ca04
02685a
016348
ffedf6
fe5f56
fd1d94
fc84e8
fcd076
fe0b70
000ea4
028a84
051ac2
075ed4
0910de
0a1436
0a78ca
0a73e4
0a50b0
0a5c8c
0ad474
0bd73c
0d5f66
0f45fe
114caa
132a8c
14995e
156142
156108
14919a
13054c
10e4b6
0e6984
0bd6bc
09700a
07716c
060802
054bf2
053cfc
05c2e6
06b19c
07cfd0
08df94
09a85c
09ff3e
09cb38
0905be
07b906
05fcaa
03f1da
01bfb2
ff900e
fd8dde
fbe374
fab6ce
fa2448
fa397a
faf03c
fc2b94
fdb880
ff53c0
00b418
0196f6
01cbc2
013b46
ffea9a
fdf7aa
fb8f9c
f8e240
f617ac
f34b2a
f08b38
edde64
eb4c56
e8e6b0
e6cca0
e5288e
e42818
e3ef32
e48ada
e5e8a6
e7d5aa
ea0630
ec251a
ede630
ef170c
efa9fa
efb686
ef7048
ef1702
eee338
eef4c2
ef4914
efbab0
f00a1a
efee80
ef28d6
ed93f8
eb2f16
e81f1e
e4a668
e11602
ddbcf0
dad878
d888e0
d6ccb8
d58358
d4757a
d36114
d2060c
d03234
cdca38
cacde6
c75778
c39776
bfce5e
bc43fa
b93c58
b6ed66
b577c0
b4e1e0
b516a8
b5e958
b71de2
b8735e
b9aff8
baab98
bb5680
bbbb84
bbfd64
bc4f40
bce9f8
be01ce
bfbda0
c230ca
c558b0
c91e3c
cd5a78
d1dc32
d66cfe
dad5aa
dee278
e26696
e53eac
e75400
e8a0ca
e9337a
e92fa4
e8ccd8
e8532e
e814ba
e8642e
e98a6a
ebbc3a
ef12c6
f38776
f8f3ba
ff155c
059762
0c1cf4
124c7c
17da4e
1c91e8
205c52
234266
2569e0
270e52
2877c4
29eedc
2baf5a
2ddcc0
307c58
3374d0
36935a
39969a
3c3dd6
3e582e
3fcffe
40afb4
411ecc
4156a4
4191ae
41f95a
429774
434f16
43dfdc
43f2b4
432d8e
414954
3e2532
39d232
34941e
2ed6e0
291b38
23df58
1f8852
1c517c
1a45f2
19449e
190d0c
1951bc
19cb94
1a4942
1ab780
1b2192
1ba9ba
1c7bf2
1dbeec
1f878a
21d164
247e46
275ce2
2a34d6
2cd41e
2f1a5a
310018
3298e2
340f00
359904
376bc4
39ad46
3c6b86
3f9834
430a86
46875c
49cd9e
4ca33a
4ee02e
50750a
516c04
51e48a
520a42
52095c
5203b8
5209ac
52179e
52187e
51ecbc
517418
509766
4f4ef8
4da4ba
4bb282
499c32
478722
4591a6
43cd50
423c08
40d022
3f6fc6
3dfacc
3c50ec
3a5758
37fd24
353e0e
322354
2ec28e
2b3af8
27b1ce
244d4a
212ea6
1e6bde
1c0a8e
19fd98
182690
165b26
146d4c
1234d0
0f98e8
0c9752
0946cc
05d414
027a00
ff7670
fcfe8c
fb3526
fa24f8
f9bf6e
f9e054
fa55da
faeae2
fb703c
fbc34c
fbd1cc
fb9a74
fb2a2c
fa96a0
f9f81e
f9644e
f8e992
f88bf4
f844b6
f80412
f7b410
f73c8c
f68856
f5899a
f43d12
f2abcc
f0eb30
ef1a12
ed5bb2
ebd1ac
ea960c
e9b6b6
e93348
e8fdba
e8fd90
e914d6
e925be
e917c2
e8db6c
e86b8e
e7cbdc
e705c2
e62494
e53230
e43506
e32fb0
e221ba
e10998
dfe6f8
debc6a
dd8fc0
dc69ce
db555a
da5cb4
d986f2
d8d544
d8410a
d7ba6a
d72858
d66b54
d562f4
d3f4e6
d213fe
cfc65a
cd28f8
ca6e30
c7d608
c5a21a
c40782
c3219e
c2e986
c3357a
c3c0a2
c439d2
c4562c
c3e2c8
c2d080
c1370a
bf4eb8
bd61e6
bbba02
ba8e14
b9f732
b9ed64
ba4d6a
bae574
bb84c4
bc095e
bc67a0
bca9ce
bce85a
bd3e58
bdbda8
be66d2
bf273e
bfde4c
c06786
c0a6c6
c092cc
c03ab8
bfc4de
bf671e
bf5afe
bfd164
c0e93c
c2aa86
c5067c
c7dc76
cb0246
ce4d3e
d1991e
d4cc1c
d7d850
dabb48
dd7b4e
e023e8
e2c304
e566a6
e81a2c
eae37a
edc102
f0a886
f386e4
f641e8
f8bc9e
fadd3a
fc9380
fddd4e
fec7ba
ff6c70
ffebe6
00653a
00ee0c
018ca4
023672
02d2f4
0341ec
03632c
031e08
0266ca
0140ac
ffbc2a
fdf306
fc03a2
fa0d1c
f82c92
f67bd6
f510d8
f3fcee
f34bd2
f301ea
f31aae
f38896
f43798
f51170
f60344
f7035e
f814e8
f9473e
fab060
fc63a8
fe67d0
00af56
031594
0562d2
075818
08bfe0
097df0
099a08
094298
08c498
087968
08afa2
099592
0b2aa0
0d3c58
0f7094
115ab0
1296a8
12e366
123496
10b696
0ec43a
0cd17c
0b4fd8
0a93a8
0ac17c
0bc882
0d6b2c
0f52d8
1128a4
12acfa
13c7bc
148cee
15348c
1608a6
174e46
192f5e
1bab96
1e9420
219340
243d9c
262982
27064c
26ae96
25315a
22d03c
1ff2d8
1d1252
1aa166
18f5f2
1838b8
185eaa
192cc6
1a4574
1b3c7e
1bad06
1b4d02
19fb14
17c350
14da0c
118f20
0e3cdc
0b35e4
08b648
06dba6
05a51e
04f98c
04b2d6
04aabc
04c528
04f5b2
053fa0
05b096
06577e
073b56
085508
098d82
0ac0da
0bc4fe
0c7244
0cab36
0c61c2
0b983a
0a5e56
08cb86
06f8d6
04fc2a
02e61e
00c2b6
fe9be2
fc7cd0
fa74b6
f89796
f6fc50
f5b856
f4da82
f466e2
f45492
f48dfa
f4f37a
f5600a
f5af0e
f5c1be
f582d4
f4e81c
f3f25c
f2ac50
f1286e
ef7e30
edc7f0
ec2158
eaa54e
e96b58
e88568
e7fdf4
e7d532
e7ff34
e86428
e8e2ea
e95550
e9960c
e98786
e91a60
e851f2
e745c4
e61ee2
e511a6
e454c6
e41704
e47550
e573fa
e6fc40
e8dea6
ead9e4
eca57a
edfde0
eeafa4
ee9f94
edce82
ec5836
ea6dce
e84c7c
e632b2
e4563a
e2dce8
e1d8ac
e14742
e11534
e12326
e14b6c
e166e6
e1507a
e0e72e
e00f46
deb342
dcc56c
da4200
d73104
d3a79e
cfc7e8
cbbe38
c7bbe6
c3f0ea
c08590
bd958a
bb2e16
b95050
b7f682
b71a7e
b6bbb2
b6e2d8
b7a1d0
b90eee
bb3d7e
be3572
c1eca6
c643d8
cb08ce
cffda4
d4e35c
d98562
ddc350
e196a4
e51384
e863f8
ebbe5e
ef5992
f3618c
f7ee66
fcff4e
027a50
083122
0de9a0
1367e0
187816
1cf652
20d2b4
24114c
26c57e
290a4a
2af958
2ca2d8
2e07e2
2f1968
2fbc24
2fd088
2f3c8e
2df57a
2c06c6
299440
26d694
24130e
21905e
1f8a7c
1e2928
1d7ba8
1d7a12
1e0b40
1f0df0
2062ac
21f2f2
23b3b2
25a2d6
27c140
2a0b36
2c724c
2edb5e
31216a
331cac
34ac78
35c03a
365ce4
369cf2
36aadc
36b6c4
36ea3a
375d92
381124
38ebce
39bf3c
3a5128
3a671e
39d1f2
3876d2
3654ae
338538
3039d6
2cb4f6
2940ce
2624f2
239bf6
21ca42
20b7e2
204f24
2060c8
20ad58
20f2d8
20fc7e
20b0f0
201b0a
1f6a9c
1eebb8
1ef5dc
1fd708
21bf9a
24b3c8
2886f8
2ce2f8
3159e4
357dba
38f7f6
3b9ae6
3d688a
3e8d32
3f4f88
3ffa98
40c826
41d11a
43086c
44413e
453d4a
45bf94
459dc8
44cb2e
435a1a
417488
3f4e80
3d166e
3ae8ac
38ca0c
36aa3e
346c80
31f3fe
2f2f8c
2c2164
28e09c
259438
2269ae
1f8a4e
1d1228
1b0a7e
1968c2
181248
16e2be
15b358
14617a
12d3e6
10fe04
0ee0f0
0c8af4
0a1586
07a1fa
0554c0
034fae
01ab86
007210
ff9aa6
ff0a76
fe98d0
fe171a
fd5ac0
fc4672
fad014
f901fe
f6f6cc
f4d0a4
f2aeb0
f0a48a
eeb642
ecd992
eafc4e
e90e1a
e70a2c
e4fca8
e301d2
e13f26
dfd89a
dee53c
de669a
de466e
de5bca
de769c
de6e26
de2dca
ddbcaa
dd3cf8
dce2d0
dce538
dd6df6
de8c8a
e02fc8
e2281e
e4320a
e60570
e76580
e82caa
e8520c
e7e796
e71238
e5fe94
e4d598
e3b47e
e2a9c0
e1b5fc
e0cfb8
dfe874
def13c
dddd1a
dca1d2
db37e8
d99b4e
d7cd02
d5d57c
d3c70e
d1bf12
cfe3a2
ce5d6a
cd4e7c
ccc886
ccc540
cd23fa
cdadc0
ce1ff0
ce3b4e
cdd3ec
ccdd5e
cb6f7a
c9c25a
c821f6
c6dc10
c62db8
c63582
c6edc2
c8304e
c9c2d8
cb68a4
ccf43e
ce5476
cf9918
d0ee40
d29008
d4b9d0
d7953a
db2d5e
df6a1c
e41456
e8e1c2
ed8564
f1c0b8
f57114
f89698
fb52f6
fde082
008376
0378be
06e61e
0acf02
0f10d4
1367b8
177af0
1aedf4
1d733a
1edc72
1f248c
1e70a8
1d07ee
1b43f2
197c5e
17f302
16c54a
15e644
152300
14307e
12c062
109714
0d9dfc
09ecf4
05c8f0
01982e
fdce3c
fad484
f8f4ee
f84b64
f8c108
fa1208
fbdcaa
fdb5c2
ff3d94
003092
0070e6
000802
ff205a
fdf924
fcd7b6
fbfa52
fb8e88
fbaca6
fc57f2
fd82f2
ff159e
00f3c6
0301b8
052618
0749d0
095728
0b3860
0cd6ea
0e1cb4
0ef760
0f5c5e
0f4c76
0ed686
0e181a
0d3b20
0c7074
0be894
0bcbe4
0c33fc
0d26e6
0e9560
105d1a
124ec4
1435e6
15e126
1729fc
17fa3e
184e5a
183394
17c3a0
171ec4
166584
15b314
151996
14a0fe
1447f0
140612
13ceba
1393be
1347aa
12df22
1251b2
119a74
10b8ce
0fb0e0
0e8b60
0d54a4
0c1a6c
0ae86c
09c466
08aaee
078dca
0654de
04e214
031840
00e38e
fe414e
fb450c
f819b6
f4fda6
f239d8
f015ea
eecb2e
ee7928
ef1e58
f096da
f2a13c
f4e842
f7105c
f8c5d0
f9c8fc
f9f6f4
f94d10
f7e6e4
f5f7aa
f3c0b2
f186dc
ef886e
edf544
ece9be
ec6d04
ec7238
ecdc50
ed8376
ee3b36
eed89e
ef3780
ef3e46
eee018
ee1d1c
ed00e8
eb9fd8
ea13d4
e878ec
e6ea92
e581c0
e4535c
e36eb8
e2dc84
e29dce
e2ab44
e2f4c8
e36202
e3d4a0
e42c56
e44b8a
e41bec
e392c4
e2b3d8
e191ac
e04b4a
df07da
ddf11c
dd2da4
dcdbb0
dd0cfe
ddc430
def3c4
e07ec6
e23ae2
e3f49c
e57522
e6891e
e70820
e6dbaa
e60420
e499b8
e2c906
e0cb5a
dedbb8
dd2aa0
dbd3e4
dad922
da22c2
d9873c
d8d750
d7ebda
d6b18c
d52f9a
d386f6
d1ea8e
d0921c
cfab02
cf4b12
cf698a
cfdfd4
d071d2
d0dbe4
d0e302
d06278
cf5452
cdd2fa
cc1390
ca5b46
c8f284
c818e8
c7fcf4
c8b868
ca5100
ccbc60
cfe606
d3b4a8
d80e0c
dcd93c
e1ff66
e76b92
ed0a12
f2c802
f89284
fe5562
03f956
096250
0e6ede
12f9d8
16dea6
19ffd2
1c4f58
1dd604
1eb6e2
1f2cbe
1f813a
1ffe5e
20dd56
2236dc
23f9d8
25ebb6
27b332
28ebce
293d7e
287256
26846a
239ff8
2018f0
1c568e
18ba4e
1588be
12da9a
109a52
0e8e24
0c6bd0
09f096
06f6e2
0383e6
ffc9a0
fc1cfe
f8e35c
f67c42
f52cee
f5129a
f61ec8
f81da4
fac388
fdbe10
00c486
03a472
06475e
08b160
0af9c0
0d409c
0fa44e
1238d2
1502b4
17f698
1afcdc
1df7aa
20c9fa
235e66
25ac18
27b82e
299382
2b5520
2d1308
2edb2c
30ae5a
327ea6
343230
35aa82
36ce90
37942a
38067e
3847c6
388c78
391014
3a06b6
3b8f30
3da96a
403438
42f3e6
45a040
47f704
49cd32
4b1a54
4bfaec
4ca8ce
4d6ac0
4e7fa2
500ae8
5207b6
544674
567574
583296
5921aa
5901e0
57bc54
55682a
52438e
4ea3e2
4ae0ec
474082
43e7cc
40d518
3de366
3ad67c
376bf6
336cf2
2ebc58
295ec0
237a5a
1d5058
17313a
116ed2
0c4f56
08040c
04a478
022e1a
0088a8
ff8d8e
ff10e0
fee988
fef7a2
ff283e
ff760c
ffe6f2
008746
01642c
0285fc
03ec22
058b46
074e48
0919f8
0ad282
0c612a
0db894
0ed6ce
0fc4d0
10934e
1155dc
121da2
12f4bc
13db30
14c648
15a236
165544
16c430
16d67e
167a54
15a742
145fea
12b22a
10b592
0e8864
0c4bae
0a1ee0
081b04
064e86
04ba96
0352ea
0200ac
00a79a
ff2cae
fd7d2e
fb9458
f97de6
f75462
f53c20
f35b96
f1d272
f0b146
eff48e
ef84ac
ef3a52
eee642
ee5ada
ed7546
ec23ce
ea6802
e8546e
e60684
e39e92
e1384c
dee56c
dcab84
da855c
d86716
d6437c
d410aa
d1cb66
cf77e2
cd2060
cad27a
c89c2c
c68978
c4a37e
c2f0e2
c176cc
c039fc
bf3f68
be8ba8
be2150
bdff22
be1f4c
be7786
befa6a
bf9a46
c04cc4
c10dee
c1e1a2
c2d2c2
c3f018
c547d4
c6e282
c8bed0
cacf9e
ccfd78
cf2b98
d13f70
d328da
d4e94e
d69836
d861f0
da8112
dd3302
e0aa2a
e5002a
ea2c04
effefa
f6297e
fc4770
01f228
06d478
0abc26
0da4ce
0fb91a
11495c
12b97a
146a38
16a2be
197f86
1ceb16
20a206
244186
275cb8
299484
2aabe8
2a93b2
296b52
2776d8
250cd8
228128
20121a
1ddcb6
1bda92
19ea00
17dd7a
158dce
12ea34
1001b4
0d0300
0a3358
07deb6
06453c
058aaa
05ac90
0681d2
07c35c
091b7c
0a38dc
0ae0c2
0afbee
0a9ad6
09f104
09490e
08f38e
0934b4
0a352a
0bf94c
0e60b8
112dc2
1412fa
16c3e6
19050e
1ab788
1bdd7a
1c96b6
1d169a
1d95a0
1e41f4
1f32fe
20630a
21b0d6
22e816
23ceb2
2433e0
23fd2c
232e58
21e9f8
206aa8
1ef6d6
1dd278
1d30f2
1d2a34
1db6b8
1eb232
1fe348
2106cc
21dc4c
223128
21e84e
20fd2c
1f81ca
1d9998
1b7222
193ace
171d4c
15382a
139c3e
124cce
114210
106d6e
0fbe9e
0f2830
0ea232
0e2a94
0dc326
0d6d68
0d252c
0cdbd4
0c7600
0bccd6
0ab352
08ff76
069558
03716e
ffaf24
fb892a
f7529a
f36a02
f02888
edd0c0
ec815c
ec2f02
eca704
ed9a12
eeac92
ef8926
eff078
efc29a
ef00c4
edc7c4
ec451e
eaaab2
e923ea
e7cebc
e6b9e4
e5e766
e550a4
e4eaf0
e4aab8
e4840e
e46928
e448ae
e40d86
e3a122
e2f012
e1efc2
e0a3d2
df20b4
dd8982
dc093e
dac952
d9e7a8
d96eba
d9528a
d973ba
d9a7ec
d9c4fa
d9abb2
d94ef0
d8b55a
d7f5c2
d72ece
d67c9c
d5f010
d58a58
d53dae
d4f316
d49356
d41018
d36a62
d2b3de
d20afe
d193a6
d16e32
d1aef6
d2590c
d35d50
d49e16
d5f626
d74060
d85ede
d93fa6
d9ddcc
da3f74
da7202
da8532
da8698
da7e1e
da6be2
da4868
da0702
d9991c
d8f244
d80c8a
d6ec1c
d5a14a
d44854
d30652
d203c6
d16516
d14214
d19f70
d26bd8
d381b4
d4ad82
d5b802
d671cc
d6bd7c
d69588
d60c44
d54674
d47184
d3b836
d33952
d302fa
d31476
d36552
d3ef5c
d4b83c
d5d736
d77474
d9c148
dceb0e
e10c70
e62142
ec0078
f25ec6
f8da18
ff0b1e
049874
0946ba
0d01e4
0fdda2
120cfc
13d370
1573e2
172220
18f99a
1afb48
1d1322
1f222c
2109d6
22b55a
241ec8
254f02
26598a
275534
285486
296052
2a754c
2b8532
2c7b12
2d4098
2dc33e
2df7c4
2ddb2a
2d716e
2cc394
2bdd00
2ac928
299274
2842aa
26e460
2584be
243464
23079e
22156e
217522
213b20
2175ea
222b76
235726
24e8e8
26c610
28cb96
2ad198
2caf44
2e3eb4
2f6104
3001e6
3019c8
2fae5e
2ed1a8
2d9f8a
2c3a2c
2ac5a2
296338
282d3e
2733c6
267a0e
25f56a
258eb2
2525fa
2497e0
23c400
2293fe
2101fc
1f1cf2
1d0972
1afe1c
193c68
1805d8
178f1a
17f474
193230
1b2328
1d85c6
200738
2252d0
2422b2
254daa
25cf00
25c6c6
257234
251d50
251172
2584b4
268dca
281f3c
2a0a68
2c0974
2dce64
2f1390
2fa96e
2f7f42
2ea4f0
2d45c6
2b9e3a
29ee84
286d50
273dae
2669c4
25e2e0
258724
252b12
24a43a
23d2f6
22a974
212eda
1f7e02
1dc04c
1c2600
1ade48
1a0f9e
19d216
1a2c9c
1b1546
1c741c
1e278a
200964
21f39e
23c460
2560b4
26b57c
27b730
286094
28b0fc
28aa0e
284dd0
279dc0
269ab0
2544f4
239d1e
21a528
1f6170
1cd944
1a16bc
1725bc
141254
10e68e
0da864
0a58ac
06f314
036fe6
ffc72e
fbf516
f7fe3e
f3f326
eff0fa
ec1f80
e8ac14
e5c218
e382ae
e1fd82
e12c46
e0f300
e12536
e18efa
e2006a
e258c0
e28e32
e2b0de
e2e7a2
e36716
e46516
e60b64
e86c42
eb7bfe
ef10ea
f2e92a
f6b5d4
fa28c6
fd01a6
ff17f6
00603a
00eb7a
00e1bc
007874
ffe71e
ff5c9c
fef6f6
febedc
fea7c6
fe942a
fe5cf8
fdda78
fcec62
fb8022
f9949e
f73a0e
f48e60
f1b784
eedcb4
ec205e
e99be2
e75e3e
e56d8e
e3ca4e
e27306
e16762
e0a916
e03a00
e01888
e03b24
e08cb2
e0ebc2
e12d7a
e12458
e0a9c6
dfa8c2
de2676
dc467e
da48a0
d88058
d7480a
d6f144
d7b5c8
d9ad16
dcc7fa
e0d318
e57ff4
ea7228
ef4e3e
f3c7e6
f7ac08
fae5ec
fd7fa4
ff9de4
01783c
034ed2
055f40
07da04
0ad98c
0e5be4
1240cc
164cde
1a31b8
1d9ab6
203c5c
21e38e
228146
222f38
212bec
1fcea8
1e74b2
1d6c12
1ce12a
1cd3da
1d1736
1d5c54
1d45ae
1c7f28
1ad48c
184096
14f11e
113fb6
0d9fd6
0a875a
08572e
07492e
076742
088d38
0a73d8
0cc22e
0f2076
11482e
130e2e
146596
155bf4
1610ce
16aae2
174dae
181256
190416
1a1fdc
1b5740
1c95a2
1dc622
1ed904
1fc788
209594
21512e
220f2a
22e562
23e416
250ffc
265e36
27b39e
28e878
29d0ec
2a48c6
2a3f18
29bec8
28f1d4
281d6c
27961a
27ae70
28a44c
2a9136
2d6174
30d45a
3486c0
380578
3ae38e
3ccf3c
3da0ea
3d60ea
3c433a
3a9a40
38c3de
371618
35cf60
350d5a
34cb36
34e760
352eba
356a24
356aac
351214
345696
334214
31ecd8
3075e2
2efa68
2d8e98
2c38b0
2aeef8
299902
2814ca
263df4
23f5f0
212bc6
1de1cc
1a2fec
164148
124d90
0e8f38
0b3866
08695a
062a60
046b00
0306fc
01d004
00996a
ff42d4
fdbf82
fc17fc
fa65d6
f8cb3e
f768dc
f654b6
f594e0
f51f48
f4de70
f4b982
f49c7e
f47df2
f46092
f44fea
f458c4
f4808a
f4be56
f4f846
f5068e
f4bbee
f3f146
f2915a
f0a154
ee4310
ebb05e
e9302c
e707fe
e56cf4
e477f4
e42092
e4400c
e49ab6
e4edbe
e4fe40
e4a5b6
e3d928
e2a9b2
e13e8c
dfcaa4
de8076
dd8698
dcefc2
dcb84c
dcc934
dcfeea
dd327c
dd42aa
dd1abc
dcb61e
dc1fa8
db6d0e
dab80e
da1778
d998ba
d93bd4
d8f2dc
d8a540
d83522
d785ca
d681c4
d51f3c
d3618e
d1581a
cf1a2a
ccc1da
ca6742
c81d18
c5ef6c
c3e4cc
c20116
c048cc
bec38c
bd7d0a
bc842a
bbe856
bbb570
bbefbc
bc90ec
bd870e
beb612
bffb16
c130c2
c2349c
c2ebb6
c34660
c342c0
c2ede8
c26370
c1cc20
c15b00
c148ce
c1cee0
c32128
c5671c
c8b51c
cd080c
d2431a
d83128
de8aa4
e4fef2
eb3ff8
f10daa
f63f92
faca4c
febfd0
0249a6
059e4a
08f3bc
0c7212
1028ee
140a42
17eb76
1b8d2a
1ea7ac
20f9d8
22578c
22b49e
2229fe
20f3ce
1f6850
1de952
1cd2e2
1c6a18
1ccf3c
1df62e
1fa718
218716
2327b2
241b22
24090e
22bfdc
203f8c
1cbbbc
1893a0
14419e
1045da
0d0f3c
0ae854
09ec20
0a043c
0af0f8
0c5974
0ddf94
0f3396
102394
10a316
10c9a8
10c9be
10e1b0
114b5c
122e8c
1398e4
157c88
17b5f6
1a16e4
1c72d4
1ea9da
20af5a
228b68
245636
262ec4
283020
2a6822
2cd208
2f5674
31d0f4
341940
360e8a
37a15c
38d92a
39d45e
3ac2e8
3bdbce
3d4ff8
3f3e12
41aa50
447bea
47810e
4a7846
4d1d62
4f3794
50a526
516194
518518
513e6e
50c768
505708
501460
500d1a
50319a
5057c2
5042e0
4fafe6
4e63d0
4c3892
492582
45428e
40c598
3bf9d8
373326
32bf9e
2eda04
2b9fb0
290ba6
26f7ec
252562
2348d8
211a8c
1e651e
1b1112
172a7a
12dfb4
0e78d4
0a4972
06a04a
03b83c
01adce
007bb2
ffff34
0002fa
004d52
00add6
01072a
0152b8
019db2
020054
0292b2
036296
046d38
059ecc
06d7e6
07f668
08defe
09846e
09e9ca
0a1f02
0a393c
0a4966
0a540c
0a4dca
0a1db2
09a4ba
08c8c0
077f88
05d67c
03f490
02154e
007e24
ff70de
ff1e6c
ff9ca8
00e246
02c95e
05175a
07888c
09dc6e
0be00a
0d74f0
0e93e2
0f4b50
0fbafa
100db8
1071e2
11119e
120c06
136f64
15357a
174252
196606
1b61d0
1cf0f8
1dd3a0
1dd996
1ceb48
1b0e50
18646a
1524e2
1191a0
0dea46
0a60c0
0711a8
0401b6
01210c
fe52e8
fb76f2
f8718e
f5316a
f1b150
edf662
ea0c24
e60080
e1e18c
ddbdca
d9a658
d5b1fc
d1ff4e
ceb45e
cbfb30
c9fafe
c8cfc8
c88324
c9085c
ca3cb2
cbeccc
cdde32
cfda52
d1b89c
d36548
d4e338
d64958
d7bc66
d96698
db6fba
ddf7a8
e1132c
e4cb66
e91f1c
ee048c
f36a8a
f93916
ff519c
058f3a
0bc878
11d246
17847a
1cbf34
216ff8
259490
293ae8
2c7d9e
2f7d6c
32591c
35257a
37e6e4
3a8e66
3cfb4a
3f007a
406d0a
411674
40e29a
3fcfa2
3df7c4
3b9006
38e1ac
363ec6
33f382
3236fe
311e6c
30954c
305d66
30179c
2f5486
2daa74
2accf0
26a038
214468
1b1562
149e08
0e80b2
0959c8
05a284
039a32
033b4e
043ee8
062d68
087926
0a9c8c
0c34d2
0d1372
0d4276
0cfb3e
0c934c
0c646e
0cb642
0dae9a
0f4c5e
116d20
13db00
165e02
18cbae
1b10ae
1d3206
1f45ec
216704
23a660
2600c0
285a58
2a8246
2c3d3c
2d54bc
2da6a8
2d3084
2c13e4
2a929e
290360
27c13c
2719e4
273e9c
283ba6
29f7a2
2c3a34
2eb8c4
3126e8
33460e
34f0f2
3620ce
36eb8e
377b58
380194
38a888
3986ca
3a9800
3bbc44
3cbdfe
3d5d42
3d5e6e
3c9842
3afe54
38a5a0
35c224
329dec
2f8b8a
2cd678
2ab4ca
293d94
2865a8
2802dc
27d548
279466
26fd14
25ddc6
241ec8
21c500
1eef62
1bcfa4
18a040
15999e
12e8e0
10a986
0ee2e4
0d895a
0c82dc
0bad8c
0ae702
0a12e2
091fd2
0809b2
06d924
05a0c8
047872
037760
02af16
0227c8
01df16
01c956
01d4d8
01ee74
02060e
0211c4
020e82
01fe32
01e41c
01c0a6
018db6
013d5a
00bb76
fff28e
fed28e
fd5740
fb8d00
f991e6
f79268
f5c16a
f44e56
f35ae2
f2f2e4
f3088e
f37618
f404ba
f477b8
f498b8
f442c6
f36976
f21ada
f07b82
eebe12
ed17de
ebb524
eaafb0
ea099c
e9ad5a
e972ca
e9289c
e89f60
e7b438
e6591a
e498ac
e29514
e081fe
de9ada
dd175a
dc20ac
dbc8f8
dc06ca
dcb5e0
dd9ca0
de7586
defa60
deef4c
de2b82
dc9eb6
da51d8
d76376
d400fc
d05e62
ccadda
c9197c
c5bfb4
c2b31a
bffd04
bda168
bba2c6
ba04f0
b8cd8c
b80274
b7a68a
b7b67e
b82644
b8e0a4
b9c958
bac152
bbacca
bc79c2
bd2510
bdbcd4
be5f88
bf378c
c0740c
c240b2
c4bd86
c7f8ec
cbecd4
d07f88
d58812
dad5c0
e03848
e5876c
eaa89a
ef913e
f4456e
f8d36e
fd4cd4
01bf08
062d14
0a8baa
0ec028
12a31a
160598
18b89e
1a951c
1b834c
1b803c
1aa0f6
191268
17154c
14f6e6
130716
118c88
10b91c
10a056
1131c0
12392a
1365cc
145756
14af7c
1424f0
12936c
10055a
0cb49a
090170
056106
024718
000f40
feeb46
feda7e
ffac1e
010c4e
0298ec
03f892
04ee8a
056736
057a96
056416
057282
05f43e
0724d6
09204c
0bde9e
0f37ca
12eee4
16c0c2
1a7212
1dd9ea
20e678
239b94
260c68
285282
2a8532
2cb31e
2edef0
30ff7c
330322
34d530
36632e
37a13c
388ce2
392df6
39956c
39da2e
3a14a6
3a5a1a
3ab868
3b329e
3bbf9e
3c4bbe
3cbd2a
3cfa68
3cf1a2
3c9e6e
3c0ca8
3b570e
3aa0ea
3a0be8
39ad4e
39851a
3979ce
395ae4
38ea24
37ea54
362fc6
33ae54
3080ba
2ce72e
293cca
25e568
2338ea
217074
209a4a
20972e
212230
21e0ae
227706
229cb0
222b38
2124e4
1fb23e
1e1732
1ca2f6
1b9e80
1b3da6
1b95ca
1c9b24
1e2486
1ff482
21c5b4
2356f6
2475d6
2505a6
25025a
247f20
23a14a
2298bc
219704
20c690
20431e
201508
20300e
20757c
20b970
20ca62
207970
1fa196
1e2ca8
1c152c
196556
1633cc
129f46
0eca40
0ad800
06eafa
0323ec
ffa146
fc7e52
f9d180
f7a9ba
f60b28
f4ecc4
f43856
f3cd5a
f38644
f33fbe
f2e02a
f25d82
f1bfa2
f11dea
f098d6
f05144
f05f36
f0ca70
f18726
f2778c
f37164
f44606
f4cb16
f4e186
f47990
f392c4
f238d2
f07f12
ee7c6e
ec486a
e9fa10
e7a8d4
e56db2
e36362
e1a486
e047ec
df5bca
dee1aa
decba6
defcde
df4e28
df9616
dfb21a
df8eca
df2d2a
dea33e
de175c
ddb70c
ddac3e
de13d2
def77a
e04c56
e1f664
e3d024
e5b404
e784de
e933c0
eac19e
ec3cd4
edbb60
ef53b8
f1166c
f30a64
f52ca4
f77318
f9d154
fc3dac
feb50e
013c00
03dca0
06a2ae
099688
0cb84e
0ffd06
134ef2
169112
19a4f0
1c7168
1ee81e
2108e2
22e1b8
248ada
261fcc
27b7a2
295d82
2b0b54
2ca864
2e0c44
2f05ca
2f64dc
2f04ca
2dd566
2be114
294dbc
265836
234b4c
2073f4
1e147e
1c597a
1b5262
1aef80
1b05cc
1b5798
1ba05a
1ba166
1b2d06
1a2dae
18a882
16bb20
14958c
127194
108972
0f0fc0
0e2a2e
0def20
0e65a8
0f87aa
114530
1387d2
16354a
193174
1c5f46
1fa194
22dbc2
25f2e8
28cf9c
2b6052
2d9b3e
2f7fa0
31166e
3271c6
33aac0
34de34
36288e
37a15c
39576a
3b4df8
3d7b2e
3fc8ca
421666
443caa
461194
476d78
48300c
4844e4
47a66c
465efc
4487f6
4246a4
3fc6d8
3d34e6
3ab7b8
386bc4
36600e
349572
33012e
3191e2
3035f8
2ee1a2
2d935c
2c5554
2b3b2c
2a5c70
29cce8
2994a4
29aa50
29f0f4
2a39f8
2a4c24
29ee40
28f2d4
2742ac
24e3d2
21fad8
1ec5a0
1b90b2
18a914
164db0
14a38e
13af04
135372
135a30
137ee6
137e1a
132344
12538e
11129e
0f80b6
0dd2ea
0c4756
0b17da
0a6e5e
0a5cb6
0ad9be
0bc450
0cea68
0e130a
0f090a
0fa490
0fd128
0f8fb2
0ef408
0e1f60
0d38a6
0c646c
0bbde0
0b5278
0b20c4
0b1ab0
0b2a08
0b3654
0b2aba
0afa20
0aa058
0a20dc
098396
08d0d2
080d96
0739a4
064fa0
054766
0419de
02c4b0
014d02
ffc02e
fe31e6
fcb868
fb67b0
fa4d62
f96e62
f8c6e8
f84d00
f7f4aa
f7b448
f787ee
f772a8
f77d68
f7b40a
f820fe
f8c8fa
f9a80e
fab0c8
fbcd3e
fce1cc
fdd0ae
fe7d26
fece34
feb02e
fe15ec
fcf9e4
fb5f96
f954d0
f6f294
f45d1c
f1c1aa
ef51ea
ed3d60
eba9b2
eaab8c
ea4190
ea5324
eab3fc
eb2c00
eb8174
eb83a6
eb1344
ea268c
e8c886
e713c8
e52a64
e32d7e
e1369e
df542e
dd897a
dbd1c8
da2514
d87ce6
d6d794
d5397c
d3ac70
d23df2
d0fd24
cff9a2
cf436a
ceebc6
cf05b6
cfa522
d0dc5c
d2b85a
d53bf0
d85c0a
dbfe32
dffa1c
e41e8e
e838da
ec1d22
efadd6
f2e062
f5bd8a
f85e04
fae462
fd757e
003130
032d18
0671bc
09fa24
0db4da
118588
1546d4
18cc6c
1be570
1e5ff8
200e18
20cc84
2089b6
1f4b7a
1d3170
1a7336
17592c
143082
113d24
0eac7a
0c8c8a
0aca04
093642
0793fe
05a82a
034abe
007342
fd3e18
f9e8b2
f6c58c
f42afc
f260ae
f19070
f1bd70
f2c428
f46274
f645c2
f81be6
f9a296
fab24c
fb42f2
fb69f8
fb529e
fb32ce
fb3f5a
fba19e
fc7092
fdae52
ff49d2
01242e
031806
050118
06c2c6
084d38
099f86
0ac6d0
0bdafa
0cf958
0e3df4
0fbd26
117e9c
137b60
159ede
17cab8
19dc98
1bb4ee
1d3c88
1e67fa
1f387c
1fba14
1fffd2
201f36
202bfa
203572
2045c2
206308
209130
20d384
212cfe
219f86
2229ee
22c55a
2363e6
23f130
2454f8
2477a0
244784
23bde6
22e188
21c658
2089f0
1f4dc0
1e303e
1d46c6
1c9a06
1c25aa
1bdb54
1ba778
1b76a6
1b3a0c
1ae9a6
1a83d2
1a0ae6
1981bc
18e906
183e7e
177e50
16a65e
15ba6c
14c732
13e28c
13280c
12b260
1292cc
12c93a
133f28
13c7c4
142644
141910
13675e
11ef0c
0faed4
0cc9da
09832c
0631ec
033050
00c96e
ff29e2
fe56ac
fe2c98
fe67fc
feb358
feb9b0
fe3848
fd0bea
fb36f2
f8df2e
f6444a
f3b17e
f16e0a
efafe8
ee9376
ee19be
ee2d2e
eeaaa0
ef6bca
f050f4
f1477a
f24b56
f36428
f49f6c
f609a8
f7a8e8
f97a1a
fb720e
fd816e
ff9a04
01b33c
03cc70
05ec0c
081b80
0a60e0
0cb862
0f0fb4
1144b8
132858
148562
1529f8
14f140
13caf6
11bed0
0eeb14
0b7eb8
07b032
03b328
ffafe6
fbbe6a
f7e596
f41eac
f05c16
ec9188
e8bb26
e4e13e
e117e2
dd7b16
da2850
d73730
d4b3ca
d29c4a
d0e236
cf6edc
ce2976
ccfd36
cbdda8
cac7aa
c9bf40
c8cb1e
c7ef96
c72aa2
c672d4
c5b9e4
c4f25e
c4172e
c33264
c260f6
c1d250
c1c2ac
c27126
c41398
c6caca
ca99b4
cf61ea
d4e62e
dad2da
e0caf8
e67770
eb9518
efff76
f3b62a
f6dc1a
f9b082
fc8344
ffa6c8
03616e
07e0e4
0d30c8
1336c2
19b496
205004
269f0c
2c3746
30bdf0
33f5f4
35c9c4
364ed4
35c216
347dc6
32e9c8
3169a0
304bbc
2fbd50
2fc4c0
304432
310304
31bc68
322f74
322d2a
31a146
30950e
2f2b58
2d96d2
2c0dbc
2abe50
29c5e2
292ca0
28e6aa
28d93c
28e27a
28e19c
28bd5c
28680a
27e138
2734b8
267784
25c3aa
253402
24dffe
24d812
2522c8
25bb0e
268fbc
2784b2
2875f0
293cbc
29b652
29cb1e
2974ac
28c11c
27d2c8
26db9c
2614d0
25b542
25e81c
26c568
284e2e
2a6d2a
2cfba0
2fc8d2
32a24e
355b00
37d016
39eb36
3ba21e
3cf4ac
3deac8
3e92f8
3f0144
3f4e70
3f96ce
3ff81a
408ddc
416cbc
429d98
441a40
45ccfa
4792de
494162
4aae1c
4bb6b0
4c46ce
4c5b3a
4c00d8
4b5050
4a679e
496316
4857fe
4751f0
465314
455684
4453b6
4341b2
4218fc
40d3fe
3f6e2e
3de2c8
3c2c4c
3a44fa
382886
35d6d4
3356b0
30b6f8
2e0d72
2b7346
290046
26c5d2
24cac8
2309cc
217284
1fed86
1e61a0
1cb962
1ae78e
18e978
16c6a6
148e04
1251bc
1022ee
0e0de2
0c17de
0a3e66
08780c
06b5da
04e59e
02f476
00d1a4
fe71b8
fbd1a4
f8f93e
f5fcf8
f2fdec
f02728
eda7f4
ebac6e
ea5524
e9afb6
e9b250
ea3b8e
eb17a2
ec09f0
ecd8c8
ed58fc
ed76e0
ed3a1a
ecc300
ec4246
ebed20
ebf0b0
ec680c
ed56d4
eea97e
f03b22
f1ded0
f369b4
f4bb9a
f5c3c4
f680f4
f6fd38
f7470c
f76a34
f76a86
f74184
f6df02
f62cb4
f5139c
f38196
f16dec
eedc10
ebdc10
e888f8
e5056e
e177ce
de065c
dad3e4
d7fc7a
d592f2
d39faa
d2207e
d10a36
d04b38
cfcf3c
cf832e
cf5850
cf45aa
cf4780
cf5d40
cf861e
cfbdd0
cffa62
d02c34
d04096
d026aa
cfd4fa
cf4e68
cea552
cdfb82
cd7e58
cd608c
cdd29a
cefb98
d0f3b8
d3c1aa
d75b00
dba702
e08288
e5c41a
eb3ff0
f0cafa
f63d28
fb7348
00513a
04c442
08c52a
0c596c
0f9230
128904
1559c6
181a7a
1ad390
1d7aa0
1ff1be
220c02
2396ee
246694
246218
238cec
220954
201334
1df43c
1bf362
1a435e
18f56e
17f456
170920
15e90e
144950
11f416
0ed966
0b1786
06f81e
02e2ee
ff48dc
fc8c14
faeb60
fa75fa
fb0a68
fc6052
fe1ace
ffde7a
0165f4
028fba
036242
040592
04b4ba
05ab7a
0714b0
08fe0c
0b53f8
0de6ea
1077aa
12c6d0
14a414
15f90e
16cc60
173d0e
1777d6
17a9f8
17f4e0
186646
18f68e
198d7a
1a0bd8
1a56ca
1a61fc
1a35a6
19ee52
19b66e
19bba6
1a22a8
1afcb8
1c41fc
1dd1da
1f795a
20fe38
222bc6
22dea8
230c64
22c566
2230ae
21824e
20eeb2
209dfa
20a290
20f4aa
21738e
21ec9c
22265c
21ecee
211d0e
1fab82
1da7e2
1b3a10
189b24
160b34
13c66c
11fb66
10c44c
1023bc
1005c6
104460
10ae5a
110f74
11383a
1104a6
1060e8
0f4b80
0dd47c
0c1a42
0a4442
087c52
06e804
05a328
04bc3e
043330
03fa72
03fa94
0417a4
0436d2
04434a
0431a2
0400e8
03b8ce
03655c
0311e6
02c48c
027b46
022b18
01c1aa
012958
004e96
ff257c
fdadbe
fbf430
fa1122
f82412
f64d12
f4a5f6
f33d2a
f212f4
f119d0
f03a06
ef57c4
ee5a1a
ed3148
ebdad6
ea62c0
e8e1dc
e77968
e64cbc
e57b0a
e51a7c
e534c8
e5c60e
e6be3e
e80466
e97abc
eb02ec
ec8204
ede36c
ef1ae8
f0250a
f105f4
f1c702
f2736a
f31486
f3ae3c
f43c76
f4b246
f4fb68
f4ffc0
f4a834
f3e3d2
f2ac7c
f109bc
ef1064
ecdf22
ea9908
e85ebc
e647e4
e45eb8
e29ee8
e0f7e6
df521c
dd95ac
dbb0f4
d99d28
d76068
d50cbe
d2bd10
d090f2
cea88e
cd2142
cc13b8
cb931c
cbacb0
cc66e4
cdbfc4
cfaac2
d20ede
d4c600
d79edc
da6238
dcdb62
dee1ba
e06194
e16244
e2076c
e28c68
e33aae
e45d20
e632fa
e8e4e0
ec7e72
f0ed78
f60688
fb8d8c
014020
06df38
0c3648
111f44
158342
19590c
1ca248
1f688a
21ba92
23aa16
2549b6
26aaae
27da48
28df8e
29b964
2a5eac
2ac054
2acd4c
2a7784
29b940
28985a
27262e
257c28
23b586
21e7b4
201b96
1e49fa
1c5cc8
1a351c
17b4de
14c90e
117272
0dc9d6
09fe3c
064d3c
02f79c
0034c6
fe283a
fcdbe2
fc4068
fc3320
fc87b4
fd1290
fdb1ac
fe5188
feedb6
ff8d10
003ba8
0104a4
01ee4c
02f8b6
041f66
055d6c
06b1f8
08235c
09bf6e
0b994a
0dc48c
104ff8
134102
169112
1a2da8
1dfb72
21da9a
25ab86
295326
2cbdd0
2fe068
32b84c
354a22
37a022
39c8aa
3bd4fc
3dd772
3fe1cc
42031e
444500
46a8aa
492506
4ba672
4e1080
5041d6
521950
537b76
545722
54a7c6
547512
53d052
52cfe6
5189c8
500e7c
4e65f6
4c8edc
4a804a
482db2
458c06
4296d4
3f53e2
3bd498
3834aa
349666
311d6c
2de8b0
2b0cd0
289040
266a7e
24864a
22c680
210d16
1f4238
1d59e0
1b56c0
194964
174bb4
157a3c
13ec80
12ae5c
11bc92
110566
106cf2
0fd498
0f2378
0e4d66
0d5690
0c52e6
0b60a0
0a9fda
0a2988
0a07f2
0a3300
0a9204
0b01d2
0b5dd6
0b89c8
0b7934
0b32a0
0acd50
0a6a34
0a29bc
0a21c2
0a55d0
0ab43e
0b1920
0b5664
0b3eea
0ab1c8
09a2e8
081ece
0648ee
0454ea
027c92
00f528
ffe664
ff64ee
ff7174
fffbae
00e7ba
021494
0361a6
04b1fc
05ed46
06ff18
07d532
085e4e
088a48
084bbc
079ac8
067808
04ee3e
03124a
010076
fed734
fcb0f8
fa9ee4
f8a54a
f6bb10
f4cd06
f2c400
f08c2a
ee1bc2
eb7766
e8b280
e5eb82
e344ae
e0db26
debf32
dcef7a
db5874
d9d870
d84776
d68102
d46d70
d20882
cf636c
cca23e
c9f506
c78e00
c5978c
c42c72
c353fa
c30258
c31d18
c38282
c41246
c4b4b6
c55f08
c6143e
c6e2f2
c7e02e
c92104
cab52a
cca380
cee9ba
d17ece
d4570e
d76900
dab16c
de350e
e1ff24
e61d9c
ea9bf0
ef7db6
f4bad6
fa3e3c
ffe7a2
0590b2
0b1350
104fb2
153102
19af30
1dccae
219140
250350
282164
2addca
2d1df4
2ebdce
2f971a
2f8ad0
2e8a60
2c9e78
29e964
26a3ee
231516
1f8678
1c37cc
19546e
16ed52
14f8a2
135718
11ddd4
106226
0ec464
0cf74a
0b027c
08ffe4
071504
056a2c
042248
035510
030c6c
034532
03f2aa
050314
06635a
080130
09cb5c
0bb0e0
0da024
0f86de
1153ac
12f99c
14743c
15ca94
17101c
18629a
19e418
1bb254
1ddda6
2061e6
2323ba
25f356
289448
2ac91a
2c5ff6
2d3d3c
2d6188
2ce9de
2c09da
2b0144
2a0f30
296600
2922e6
294ad8
29ccde
2a8898
2b5762
2c154a
2ca7d6
2d0188
2d21da
2d12ae
2ce3ce
2ca5fc
2c670c
2c2fb6
2c02ae
2bdd06
2bb75c
2b873e
2b4006
2ad37c
2a323a
294c58
281298
267816
247408
220404
1f2de2
1c00b6
189486
1508f4
11827c
0e26f4
0b195c
0875a0
064d0c
04a434
03726c
02a31e
021958
01b4c8
015722
00e8f8
005d2e
ffb23a
fef0de
fe2862
fd6976
fcc108
fc348c
fbc064
fb5918
faef0c
fa7390
f9dd6c
f92bd2
f866ae
f79c56
f6dcf4
f6353a
f5a9b6
f53474
f4c5e6
f4488c
f3a63a
f2cdae
f1b700
f06556
eee524
ed4844
eba0fc
e9fd84
e8654c
e6d8dc
e55460
e3d3ee
e257dc
e0e7c4
df933a
de6fe0
dd94e8
dd1578
dcfbc6
dd4642
dde76c
dec862
dfcd4a
e0da7e
e1d92a
e2b9fe
e375ce
e40c7a
e482be
e4df44
e527fe
e560c6
e58b14
e5a62a
e5af30
e5a150
e575ca
e523ea
e4a0f6
e3e098
e2d692
e1795c
dfc52a
ddbe82
db743e
d8ffe8
d6836e
d424ea
d20992
d050c8
cf0ffa
ce4ff0
ce0c0a
ce3384
ceac64
cf572a
d01324
d0c2b6
d14eee
d1a9b0
d1ceb6
d1c2fe
d192fa
d14fb8
d10b46
d0d4fc
d0b6d4
d0b464
d0cb7c
d0f698
d130f0
d17b0c
d1de12
d26cce
d34210
d47c34
d6364a
d880ba
db5b8a
deb410
e2666a
e642ec
ea16d6
edb65a
f1056e
f3fd36
f6acc2
f934ae
fbbe82
fe71e6
016a40
04af3a
0831ea
0bcf24
0f5622
1291d2
1552ce
1777c8
18f248
19c706
1a0a6e
19da4e
19566a
189a5c
17b9f0
16c08a
15b30c
1493a2
1365dc
12321e
1106e2
0ff798
0f197a
0e7f3a
0e348e
0e3ae4
0e8840
0f0846
0f9f7c
103002
109f1a
10da84
10dcc0
10af30
1069ae
102f46
102906
107f20
115184
12b16c
149d02
16fe0e
19ac02
1c7182
1f148e
215f9c
2329fe
245e4e
24fdd0
251fb8
24ec1e
2493de
244756
242dbe
245ea4
24def8
25a27e
269042
2788c0
286c9a
2922ce
299cfa
29d8e0
29defa
29bee6
298b04
29542c
29268c
2907f2
28f7c6
28eff0
28e668
28ceb4
289b40
283efc
27aedc
26e308
25d7e0
248f0c
230fe2
2166ba
1fa2da
1dd3ae
1c058a
1a3e98
187ce4
16b6ba
14dd2e
12e022
10b33a
0e52a6
0bc658
092236
068366
040b42
01d938
000528
fe9b7e
fd9c7e
fcfec2
fcb3ec
fcae48
fce5f4
fd5bf0
fe1a76
ff31e6
00b35e
02aa60
0517e4
07efd2
0b19be
0e74c0
11dd54
153392
18601c
1b5644
1e1336
209a5c
22f01a
25147e
26ffc4
28a1c4
29e44a
2aaff0
2af1f0
2aa120
29c0cc
28609a
269934
2486c2
2242b6
1fde8c
1d6108
1ac6fa
180714
1517fa
11f6c0
0eabe0
0b4d9a
07feaa
04e90e
0235ec
0004c8
fe63fa
fd4c2c
fca030
fc31ae
fbc9ec
fb34e4
fa4c36
f8ffb4
f7597e
f57c92
f39df4
f1f9f2
f0c7ac
f02d90
f039a8
f0df26
f1f96a
f353f6
f4b57e
f5ebb6
f6d4b4
f763fc
f7a284
f7a9fc
f79ce2
f79cf6
f7c2d4
f81882
f897e8
f92d56
f9bd54
fa2bdc
fa637a
fa5a24
fa12f8
f99cee
f90f38
f88454
f814fe
f7d402
f7cba2
f7fcee
f860f8
f8eb06
f98b5c
fa31c6
facf7e
fb57e6
fbc068
fc0008
fc0ed4
fbe536
fb7b5a
fac918
f9c6cc
f86f0a
f6c0c0
f4c218
f28372
f02158
edc48e
eba030
e9ed7e
e8e54e
e8b834
e98674
eb59ca
ee2234
f1b6ac
f5da38
fa4494
feaccc
02d3e8
068d3c
09c2e6
0c75c0
0eb93a
10ac1a
126fda
14210c
15d1f4
178820
193d2e
1ae230
1c646a
1db1ea
1ebcae
1f7c16
1fecce
200f64
1fe672
1f752a
1ebe8c
1dc51a
1c8af8
1b1256
195dc4
1770be
155014
13022c
108f6e
0e02b4
0b69a8
08d4ac
0655e4
03ff90
01e1c2
000858
fe7994
fd366c
fc3cc8
fb8b1c
fb2446
fb1256
fb6734
fc39fe
fda114
ffa9fe
025144
057cbc
08fa36
0c83e0
0fca18
12813c
147090
157ec0
15b8aa
155034
14933a
13dc56
138084
13bde0
14af94
1649ae
185d28
1aa2ec
1ccb30
1e8e08
1fb92c
203812
201524
1f7470
1e89d6
1d8d7c
1cb100
1c17f6
1bd45e
1be73c
1c4414
1cd5f0
1d84a0
1e394a
1ee18e
1f70ac
1fdf62
202b28
20556a
206288
2058fc
204076
2020fe
2001f0
1fe8da
1fd8b6
1fd174
1fcffc
1fcebc
1fc6c6
1fb0e0
1f8674
1f41e6
1ede76
1e579c
1da86e
1ccb4a
1bba12
1a6ef8
18e61a
171f68
152096
12f66c
10b514
0e7748
0c5b9c
0a80a6
0900ea
07ef40
0753e0
072ac6
0763fc
07e5ca
089058
094236
09dcd0
0a4862
0a7640
0a6122
0a0be4
097ed4
08c416
07e412
06e2ac
05bde6
046e86
02eaa6
012998
ff27d8
fcea4e
fa7fd0
f80032
f588f0
f3382a
f12708
ef64e2
edf444
eccac8
ebd45c
eaf8f8
ea234c
e946c0
e8638e
e7878c
e6cb52
e64c30
e624b6
e66580
e70ff2
e81400
e951fe
eaa042
ebd2f4
ecc43e
ed5b04
ed8e9a
ed66f8
ecf966
ec6234
ebbd9e
eb2120
ea96e6
ea1c2e
e9a2f4
e91676
e86146
e77382
e64766
e4e344
e358bc
e1c132
e0383e
ded5ac
dda82a
dcb1b2
dbe6d0
db3084
da70cc
d9892a
d86120
d6eb46
d5284a
d32770
d10438
cee1be
cce532
cb305e
c9dd28
c8fa5a
c88a44
c8838a
c8d346
c95f9a
ca0a2e
cab2ae
cb38dc
cb7e96
cb6a78
caeb32
c9fb86
c8a61e
c7081a
c5518a
c3c2d4
c2a6b4
c24904
c2ebba
c4bbc0
c7c828
cbfd96
d12732
d6f548
dd08ba
e30160
e88c06
ed6d9e
f189ac
f4e2f4
f7967e
f9d25a
fbca8c
fdae8c
ffa160
01b506
03ea24
063346
0879dc
0aa3a8
0c9746
0e3f36
0f8b18
106fb2
10e6b4
10ee76
108a5a
0fc338
0ea80e
0d4e16
0bcfb6
0a4a06
08d9aa
07973c
069418
05d860
056300
052b6c
0524a8
05408c
05727a
05b0d6
05f538
063b64
067ffc
06bf4c
06f510
071d28
073504
073d3c
073a3c
0733b6
0732b0
073eb4
075aae
0782da
07ac86
07c87a
07c772
079f8c
07510e
06e924
068192
063ce4
063fd8
06a980
078bc6
08e64e
0aa4be
0ca150
0eab40
109040
1226b0
13565c
141dd8
1493d8
14e40a
1547d8
15fc42
1736c8
191b84
1bb584
1ef308
22a6f0
268f02
2a5e0e
2dc816
308eca
328bda
33b71c
3426dc
340a94
33a0d4
3329f6
32da86
32d07c
330d82
337786
33df9a
340db8
33cebc
330120
319db0
2fb9ac
2d821c
2b316e
29020c
2720e4
25a31a
24816c
239abe
22bcc6
21b084
2047ac
1e6836
1c12f2
19639e
168b0e
13c50c
114c10
0f4d5c
0de02a
0d01b8
0c96b8
0c712e
0c5988
0c194a
0b84c8
0a822e
090d24
073690
0520a6
02f7fa
00eae0
ff2080
fdb150
fca234
fbe31a
fb518a
fabe82
f9f6bc
f8cbf4
f71d60
f4ddb4
f215be
eee2fc
eb7248
e7f7fa
e4a750
e1aace
df1f10
dd110a
db7fb2
da607a
d9a538
d941fc
d93150
d97632
da1b1c
db2ed6
dcbf8c
ded5d6
e17048
e4811c
e7edc8
eb9102
ef3e92
f2c886
f604d8
f8d2d4
fb1f1c
fce56c
fe2ffe
ff14a6
ffafd2
001e5a
007778
00c81c
011084
01449e
014fb8
011ac4
00939a
ffb332
fe815a
fd14f6
fb8fdc
fa174c
f8cb46
f7beb8
f6f260
f6537c
f5bf18
f5095c
f4071c
f29742
f0aa56
ee4652
eb859c
e891be
e59b3c
e2d0c4
e05788
de4600
dca232
db62de
da732c
d9b7ac
d91368
d86c56
d7aebc
d6cf60
d5ccc6
d4af54
d38904
d274b0
d194d8
d11120
d112d8
d1c0e4
d33b40
d59690
d8d896
dcf6c8
e1d6f6
e751d6
ed36f2
f3518c
f96dde
ff5dbc
04fc28
0a2fe8
0eec82
13316c
1707d0
1a7f0e
1da8b2
20941c
234a82
25cbcc
280d20
29f970
2b7474
2c5fc2
2ca13a
2c2980
2af916
29234e
26ce42
242fac
2186e0
1f14c0
1d12ec
1babde
1af50e
1aebfa
1b7698
1c672c
1d82dc
1e89ec
1f4098
1f77be
1f13f2
1e1248
1c8988
1aa78e
18aaf8
16d9bc
1575c0
14b172
14a63c
154efa
1687a4
181290
19a2c8
1ae9d4
1ba670
1bb100
1b0342
19b97e
180cbe
16471e
14b53a
1397d0
13185e
134304
14068e
153a4a
16a7e6
1816c0
1956a4
1a4766
1adbfe
1b1920
1b10ac
1adbaa
1a9460
1a51e0
1a25d4
1a1c5a
1a3d30
1a8d3c
1b0f9a
1bc594
1cad88
1dc10c
1ef358
20308c
215e98
225fec
231796
236dfc
2354fc
22caa8
21d9c2
2097d0
1f2138
1d944c
1c0c68
1a9df4
19544c
1831e2
17324e
164d7e
157b6c
14b77a
14027e
13630a
12e3ce
1290b8
127354
128f90
12e170
135c94
13ed7c
147c1a
14ef80
1531ec
153436
14efb0
14662e
13a010
12a8ea
118b96
104ee6
0ef3b4
0d7562
0bcc58
09f1fc
07e554
05af00
036300
011f94
ff08ce
fd41da
fbe538
fafddc
fa82ee
fa57b0
fa502a
fa395a
f9e362
f92be0
f805f2
f67de4
f4b780
f2e73c
f147e8
f00f10
ef627e
ef514a
efd1ec
f0c562
f1fe36
f34a14
f47b82
f57180
f61b90
f679e4
f699ac
f68f6e
f670c2
f64f06
f6347e
f623c2
f61960
f60e9e
f5fc6a
f5dd62
f5ae9e
f56f36
f51e3c
f4b8a0
f4379e
f39084
f2b5ba
f19952
f03066
ee767e
ec6fa8
ea2934
e7b8f2
e53aec
e2cdf8
e08f6c
de976a
dcf60a
dbb20c
dac8e0
da2ffe
d9d6f2
d9a99a
d99234
d97b10
d94fe8
d8ff0c
d87a76
d7b8f4
d6b72a
d57852
d406ce
d2738e
d0d45a
cf40dc
cdcf12
cc8fd8
cb8bf4
cac2ba
ca2ada
c9b554
c951e4
c8f3f0
c89730
c84296
c8089c
c804e2
c857d8
c920d4
ca7814
cc69e4
cef43c
d2071e
d5875c
d95372
dd4914
e14a0a
e53f26
e91920
eccfc8
f05fae
f3c74c
f70494
fa1376
fcedea
ff8cf8
01eabc
0403e6
05d84c
076a00
08bb4a
09cbd0
0a9654
0b0fe4
0b295e
0ad2e0
0a00e6
08b1e6
06f2f4
04e200
02ac98
008b16
feb894
fd6900
fcbf6e
fcc676
fd6c96
fe8594
ffd142
010644
01deda
0225a2
01c00a
00b42a
ff28f4
fd6094
fbadc2
fa6598
f9d02a
fa1aa0
fb4d6e
fd486e
ffc600
0264fe
04b7d2
065672
06f06a
065bda
049e40
01ecf8
fea596
fb3f0a
f835bc
f5f6c8
f4ce38
f4dbdc
f61024
f831ae
faea62
fdd990
00a6c6
031188
04fb50
066a28
0783a6
088208
09a658
0b2aa0
0d36a4
0fd93a
130706
169e12
1a6ce6
1e3b9a
21d4e2
250d96
27c960
29fce4
2bace0
2ceae0
2dd002
2e76ee
2ef5d0
2f58fe
2f9f78
2fba54
2f8f2c
2efd3c
2de4b0
2c2ee4
29d5a0
26e728
23863c
1fe5aa
1c3fd2
18cc16
15b4a6
130efc
10d8ae
0ef9ba
0d4ba2
0ba40a
09dfd6
07ec42
05cb52
0392ee
0166ec
ff700e
fdd262
fca51e
fbee1c
fba1f4
fba80e
fbe114
fc2e50
fc77cc
fcaf92
fcd130
fcde5e
fcda3e
fcc4e0
fc9872
fc48fe
fbc6fe
fb03ac
f9f5be
f89d4e
f70604
f54642
f37bfa
f1c7d4
f047fc
ef1374
ee3776
edb6f8
ed8c10
edaaac
ee03da
ee88dc
ef2d44
efe7e4
f0b274
f188c4
f267be
f34c82
f43414
f51b7e
f60016
f6dfe0
f7b9fc
f88e36
f95c3e
fa22a2
fade1c
fb8902
fc1b2a
fc8a4c
fccb2e
fcd322
fc9996
fc19dc
fb54b6
fa50c4
f919ae
f7be80
f64f28
f4d946
f364a6
f1f082
f07254
eed678
ed02ee
eadbda
e84952
e53cfa
e1b652
ddc550
d98a54
d5330c
d0f4d4
cd0570
c9935e
c6bf2e
c4970e
c3154c
c221c2
c19608
c143a0
c0fae2
c09178
bfe7b8
beec44
bd9d8c
bc089e
ba4666
b877ee
b6c258
b54ac8
b43300
b39756
b38da8
b42524
b5671c
b7586e
b9fb2a
bd4fbe
c15596
c60af6
cb6c12
d1719a
d80eec
df3064
e6ba2c
ee8814
f66ed4
fe3e38
05c46e
0cd210
133e88
18ebb0
1dc8ac
21d3ba
251a7a
27b7f4
29d0fc
2b8f7c
2d1cbc
2e9b70
302278
31b934
3355d4
34de4a
362c16
371294
376694
3705ec
35de10
33f04e
3152b2
2e2d9c
2ab630
2726a2
23b572
208dae
1dc974
1b6f6e
19739a
17bb8e
162518
148dfe
12db78
110038
0eff80
0cece2
0ae8e4
091ba4
07adfe
06c230
066d88
06b43c
0787f4
08c95a
0a4c54
0bde9c
0d4f20
0e7550
0f3764
0f8e82
0f87fc
0f4356
0eed7a
0eb9be
0ed9d4
0f7648
10a896
1277f0
14d8e8
17b052
1ad8de
1e2a40
218052
24c0b8
27de0a
2ad7ce
2db782
308bce
3362b6
364430
392e54
3c1414
3edec0
4171dc
43b0be
4584ae
46e1aa
47c8a8
4846fa
487344
486814
483d34
48018e
47b732
475214
46b9c4
45cea6
447142
4289f0
400f7e
3d0b48
3999bc
35e704
322874
2e940c
2b5798
289144
264b2a
247ad0
230444
21c010
20831e
1f26b6
1d8ef0
1baebe
198926
172f5e
14bc50
124f2c
10062a
0dfa16
0c3b50
0ad082
09b696
08e1ba
083ec4
07b512
0728a0
067c14
059302
0454b2
02af2c
009a2a
fe196a
fb3dae
f823a8
f4f0f6
f1cf90
eee838
ec5cca
ea43c6
e8a61e
e77f9e
e6c19c
e6579a
e62c96
e62f8c
e655e8
e69bd0
e70298
e78d9c
e83eb0
e91370
ea04ba
eb07da
ec115a
ed1888
ee1a7e
ef1b5c
f024b2
f14172
f27868
f3c6f2
f51d4e
f65dfe
f760bc
f7f92e
f7ffc4
f75a78
f60358
f40b4e
f1982a
eedde6
ec14c6
e96f1a
e710f8
e50b52
e35ba8
e1f032
e0af7c
df80d2
de534a
dd21b2
dbf274
dad3a6
d9d4b8
d8fff2
d855de
d7cc0c
d74f50
d6c926
d6263c
d55ce2
d47126
d37562
d28728
d1c928
d15b68
d153bc
d1b812
d27c10
d38294
d4a27e
d5ad5e
d676fe
d6dca2
d6ca6c
d63e56
d54872
d408ee
d2abfc
d1646a
d065b4
cfde7c
cff48c
d0c212
d254d2
d4af0e
d7c990
db960a
e00122
e4f38e
ea51f4
effbf0
f5cac4
fb9028
01168e
0623f6
0a7f3e
0df778
106be0
11d2f6
123ed0
11dcea
10f126
0fcc6a
0ec054
0e11da
0ded4e
0e5e78
0f4e38
108608
11b948
1292ca
12c402
121364
106788
0dcd48
0a77b4
06b9f8
02fc00
ffab9c
fd2c3e
fbc7b8
fba280
fcb54c
fecd36
0192d2
049778
076696
09988e
0ae380
0b2746
0a7246
08fe10
0723e2
054b48
03d60e
030d52
03136e
03dd7a
053612
06c8e6
08341e
091c30
093e3e
087dba
06ea16
04bb94
024852
fff42c
fe1e84
fd118a
fcf656
fdcfc8
ff7c8a
01bf3a
044abc
06d04c
090c94
0ad1b2
0c0c74
0cc45e
0d1736
0d3176
0d4522
0d8086
0e06d2
0eeb1c
102e54
11c018
138230
154e4a
16fc96
186a22
197dd8
1a2bb8
1a75ce
1a6a94
1a2116
19b3ae
193a50
18c4fe
1857d0
17e968
176468
16ab78
159f1a
142466
122b76
0fb40c
0ccf6e
099f3c
065152
03198c
002a70
fdae1a
fbc05e
fa6b38
f9a66c
f959ba
f96192
f99548
f9cde2
f9ebea
f9db7c
f995fe
f921d4
f8900e
f7f852
f77406
f719a6
f6f8b6
f7171a
f7701a
f7f55a
f89162
f92b0c
f9a970
f9f7d4
fa08b8
f9d7f8
f96b16
f8cfc6
f8193c
f75c40
f6aac0
f60fc8
f58d04
f51a42
f4a718
f41e84
f36bfc
f280ae
f157e0
eff92e
ee782c
ecf15c
eb84b4
ea4ed8
e96284
e8c3dc
e866f8
e831fa
e80236
e7b392
e728a4
e651ac
e530c2
e3da4c
e271ce
e123a6
e01c66
df7fe6
df61fc
dfc252
e08bf4
e19880
e2b64e
e3b08e
e45778
e48788
e42e76
e34de6
e1fae4
e05a4e
de9b14
dcef8e
db86d2
da86da
da081c
da1342
daa138
db9d54
dce926
de6142
dfe260
e14d68
e289e2
e38662
e4379e
e496e0
e4a062
e45252
e3acde
e2b3ba
e1704a
dff35a
de55de
dcb7d4
db3cf2
da0746
d930e4
d8c660
d8c3ca
d91518
d99a70
da2fd0
dab6bc
db1f34
db6e3a
dbbfb2
dc4342
dd3452
deceae
e14224
e4a7b0
e8faa2
ee1708
f3bdf8
f99ea0
ff6264
04b934
09640c
0d3b68
10315a
124f56
13b0ea
147c6c
14db78
14f492
14e6a2
14c672
149df4
146ca6
1428ae
13c03c
131afc
121c10
10a500
0e99ce
0be5f0
08818c
04763e
ffe262
faf9b8
f602e4
f1519a
ed3e00
ea1a48
e827dc
e78dd6
e852b2
ea5a2e
ed6816
f1279e
f53682
f93254
fcc5da
ffb4b0
01e2e2
03574a
043850
04c340
053f80
05f024
0706c6
0899fe
0aa186
0cf894
0f6628
11a9bc
138972
14ded8
159fde
15e234
15d7b6
15c4f6
15f3f8
16a646
1808ec
1a2c92
1d030e
206276
240cf8
27bb6a
2b2898
2e1b96
306f72
3216fa
331c96
339e9e
33c928
33ce36
33dd60
341bbe
349d50
356104
364ff0
374026
37fb4a
384820
37f558
36e3c8
350de4
328ac4
2f8bac
2c540e
292d3a
26585e
2401dc
22386a
20ea7a
1fea9c
1ef9ea
1dd64a
1c4938
1a33f0
179634
148e4e
115286
0e25f4
0b4b8e
08fa2e
075436
066438
061ec6
066834
071cd6
0818d0
093df0
0a767e
0bb528
0cf294
0e29e6
0f55b6
106e5a
1169fe
123e00
12e13a
134e34
1384aa
138972
136536
132250
12ca50
1263fc
11f242
117422
10e5b8
1041de
0f8414
0ea9ca
0db35e
0ca416
0b8146
0a50fa
09189a
07db96
069a64
055260
03fea2
0299b6
011fba
ff90b4
fdf2a6
fc527c
fac3a6
f95df0
f83a42
f76e32
f70768
f707c8
f76354
f8005e
f8ba92
f96824
f9e07a
fa02bc
f9bb52
f906c8
f7f1ea
f696fe
f518f0
f39d26
f2451c
f1295c
f05672
efcbea
ef7d98
ef5688
ef3cde
ef159c
eec7d4
ee3f42
ed6e5c
ec4fac
eae64e
e93d90
e767e8
e57d34
e39832
e1d37a
e04678
df02b2
de11ba
dd741e
dd21a8
dd0b18
dd1c7a
dd3fe2
dd5fd8
dd693e
dd4c4e
dcfce8
dc727c
dba7f0
da9bd2
d950ec
d7cef6
d62322
d46042
d29e20
d0f80e
cf8a8c
ce70a6
cdc188
cd8ebe
cde376
cec556
d0364c
d236a6
d4c65c
d7e56c
db92a0
dfc8e2
e47bc4
e9941a
eeee2e
f45a50
f99fe8
fe8340
02cd3c
065392
08ff9e
0ad2ae
0be65a
0c68b2
0c94cc
0ca8e4
0cdbf2
0d549c
0e2336
0f3f98
108b66
11d834
12f074
13a172
13c4f8
134868
1230aa
109a50
0eb610
0cc25a
0b0336
09b970
091a32
094856
0a500a
0c2532
0ea4ea
1199c4
14c21a
17d808
1a99ec
1cd264
1e5ec4
1f3330
1f5b58
1ef794
1e36ca
1d4dfe
1c6eea
1bbfa4
1b548e
1b2df0
1b398a
1b57c4
1b6382
1b3ae4
1ac72a
1a0236
18f888
17c75c
1696c8
159206
14df12
1497a8
14c48c
155c12
1643fa
175632
186790
194f40
19ed9c
1a31a6
1a1be4
19be40
193920
18b666
1862e6
18672e
18e082
19dafc
1b4e12
1d1bf6
1f1456
20fa4e
228d0e
23919a
23dc52
235872
220c1c
201800
1db294
1b1f56
18a3be
167bca
14d074
13b186
131438
12d6ec
12c8f2
12b484
12691e
11c458
10b77e
0f4914
0d9252
0bb944
09e8fc
08495a
06f77c
06005a
055e7e
04fad8
04b094
0452f0
03b478
02ae80
012828
ff1b84
fc9822
f9c258
f6cee2
f3fb34
f183a4
ef991c
ee57ee
edc1f6
edbd34
ee1776
ee8ed2
eeddc6
eec85a
ee27ca
ecf276
eb3dee
e93a96
e729e0
e55140
e3ec64
e321b0
e2fb44
e365d2
e4356c
e52ec2
e61284
e6a8ea
e6cb04
e667dc
e58502
e43b16
e2af72
e10c82
df7a9c
de1a60
dd0176
dc398c
dbc118
db8d36
db8c38
dba870
dbcac6
dbdd3e
dbcd26
db8cd4
db14dc
da64d0
d98316
d87c2a
d76110
d64500
d53af4
d453b6
d39c6c
d31de2
d2dc7a
d2d8b0
d30fb4
d37c04
d415e4
d4d3ca
d5ab20
d690ec
d77a9a
d85ee4
d9369a
d9fce6
daaeda
db4a24
dbcb66
dc2d00
dc66b6
dc6ea2
dc3b3e
dbc6c4
db124c
da27ca
d919d0
d80122
d6f7fa
d613e6
d55fce
d4d7e8
d4693e
d3f502
d3573e
d26fa8
d12a92
cf879c
cd9cac
cb941c
c9a6b4
c812fa
c713de
c6d8c0
c78086
c91886
cb9e5c
cf0382
d33126
d80aee
dd702c
e33b06
e93f06
ef485c
f51d48
fa8212
ff3f74
032a6e
062b8c
084368
098aee
0a2efa
0a6846
0a712c
0a7b54
0aa7cc
0b0312
0b857e
0c17a0
0c994c
0ce98a
0cedc0
0c96d6
0be3c4
0ae1e4
09ab84
086544
073ae8
065bb6
05f62a
0632a2
072d86
08f150
0b71c2
0e89ce
11fd36
157ed0
18bada
1b63f8
1d4058
1e347a
1e48e6
1da926
1c9bfa
1b75f6
1a894e
1a161c
1a3ea0
1b01ca
1c3cf2
1db452
1f200a
203b18
20d11c
20c846
202566
1f0a22
1dadea
1c5342
1b3ba2
1a9bc2
1a9278
1b233a
1c3516
1d9618
1f02ba
203078
20da10
20cb6c
1feb32
1e4038
1bf1ca
194202
1682b4
1406d0
121318
10d0d2
104548
105048
10b266
11199a
1131c8
10b58e
0f7c12
0d80e4
0ae448
07e41a
04cf62
01f718
ff9fae
fdf63c
fd0af6
fcd1a6
fd2794
fddcc8
febe5e
ff9fc2
006194
00f4fa
015b90
01a49e
01e8e6
0245c4
02d83e
03b86c
04f5e0
0694f8
088d24
0ac896
0d25da
0f7b72
119ce0
1360ca
14a738
155ef4
1588cc
1537a4
148d4a
13b4ac
12da82
1225be
11b174
11899a
11aa94
12037a
127a3a
12f092
1348a0
13686a
133bdc
12b58a
11ceb6
10871e
0ee4c0
0cf3e0
0ac6d6
0874fa
061860
03ca54
019f18
ffa1c0
fdd15e
fc204c
fa7672
f8b652
f6c3f0
f48c1e
f20a8a
ef4ce4
ec7226
e9a5b8
e71788
e4f29e
e3549c
e247ba
e1c0e6
e1a248
e1c1a6
e1f16a
e209ee
e1f150
e1a01e
e1220a
e09282
e01642
dfd33c
dfe894
e06846
e153e6
e29ca0
e42624
e5cbd2
e76746
e8d6f8
ea03d0
eae4c0
eb7fe2
ebe906
ec3dc6
ec9ff8
ed2f8c
ee04d8
ef2bee
f0a1f4
f25516
f426e2
f5f0b8
f789b6
f8cd2a
f9a00e
f9f4be
f9cc58
f93590
f84990
f7278e
f5efd8
f4bf52
f3ac0a
f2c356
f2099c
f17b78
f11020
f0bc64
f0757e
f033b0
eff40c
efb9b8
ef8e4e
ef8184
efa7f2
f01936
f0ed60
f23986
f40c22
f669ce
f94a78
fc9808
002ecc
03dfb0
07745a
0ab4b6
0d6d78
0f7672
10b818
112f0a
10ecb6
10150e
0ed9c0
0d7360
0c1994
0afb84
0a3990
09e14a
09ec38
0a41a8
0abb52
0b2c48
0b68d2
0b4df8
0ac7de
09d5d0
088b72
070ec0
059356
045360
03874c
035d46
03f1da
054ad8
07555c
09e772
0cc4fc
0fa78a
124820
146976
15e0fe
169d62
16a920
1628a6
155410
146d8a
13b5dc
136128
138dc4
143eca
155ba2
16b4c2
180c9c
192334
19c282
19c93c
193196
1812f6
169e40
1515d6
13c28e
12e75c
12b61e
134778
1496f8
1683e2
18d69e
1b49a8
1d948c
1f768c
20bfaa
2156b8
213bb0
208634
1f60c6
1e016c
1ca0f2
1b7204
1a997a
1a2908
1a1d32
1a5eae
1ac70c
1b277a
1b5120
1b1d4a
1a7454
195246
17c850
15fae6
141c68
12656c
110bbe
1039aa
1006ea
107468
116b8e
12c184
143dc2
15a302
16b902
1755fe
17659c
16ec30
16056e
14de8c
13ace0
12a2be
11e4b4
118172
116e60
1189bc
11a1a0
117f00
10f248
0fdec4
0e4224
0c3636
09ec52
07a364
059a8c
04034e
02f6bc
027028
024e48
025a7e
0254be
020136
013490
ffdc3a
fe00b4
fbc21e
f95002
f6de42
f49a5e
f2a354
f105b6
efbc06
eeb2ca
edcecc
ecf3c0
ec09b2
eb0014
e9ce6e
e87374
e6f36c
e55660
e3a73a
e1f3e8
e04db2
dec8da
dd7b1c
dc78a2
dbd010
db8642
db930c
dbe034
dc4bb4
dcac9e
dcda08
dcb2fc
dc2554
db3184
d9ea9a
d8728c
d6f324
d595a8
d47af6
d3b58e
d34714
d321a8
d32c40
d348ac
d35a42
d34b76
d31130
d2abf2
d22664
d19214
d103da
d09062
d04948
d03b58
d06df8
d0e306
d196ee
d28142
d39562
d4c350
d5f918
d724a8
d835a6
d91f78
d9dace
da661a
dac510
daff1a
db1c88
db2378
db153e
daec90
da9d46
da15fa
d9433a
d813ba
d67d56
d48196
d230ca
cfabaa
cd22a2
cad23c
c8fd36
c7e508
c7c166
c8b81a
cad684
ce0ddc
d23308
d7028a
dc27ca
e146f8
e6085c
ea22e0
ed6430
efb59c
f11cdc
f1b884
f1b96a
f15a36
f0d68e
f063a8
f02b1e
f0486e
f0c8ec
f1adb4
f2ee84
f47cae
f645fc
f836b4
fa3b0e
fc4076
fe36d6
001232
01cc40
0365a2
04e60e
065b28
07d596
09649e
0b1170
0cdb22
0eb424
10825e
122262
136d2a
143f6a
14812a
142bc8
134ce2
1205ae
10867a
0f0708
0dbd9c
0cd5e2
0c6988
0c7c38
0cfb64
0dc1c4
0e9e58
0f5d80
0fd232
0fde3c
0f7824
0ead60
0da0b6
0c8564
0b9744
0b112c
0b233e
0beaae
0d6bd6
0f9084
122a30
14f7ec
17af64
1a07be
1bc3fe
1cbbbc
1ce0da
1c40c0
1b0160
195aa2
178d14
15d766
146d3a
137032
12ec3c
12d810
13192a
138a00
1401b0
145bb8
147df0
145c64
13faaa
136a6c
12c796
1233a6
11d064
11bb00
120894
12c41c
13edbe
157bb4
175c68
1978e4
1bb780
1dfe50
2034ca
2244b8
241ab0
25a600
26d856
27a5dc
280566
27f0f4
276676
266874
24fe50
23342c
211a46
1ec3ac
1c44d4
19b238
171f1c
149cae
1239a6
10021c
0dff6e
0c37e0
0aadf8
095f3e
084304
07498a
065bd6
055cde
042c1e
02a974
00b98a
fe4a32
fb55e2
f7e5cc
f4119c
effcce
ebd20a
e7bd62
e3e674
e06b48
dd5d22
dabf8c
d889aa
d6a99a
d50904
d39254
d2353c
d0ea18
cfb37e
ce9dfa
cdbe00
cd2c88
cd0314
cd5790
ce38ba
cfabb2
d1aab0
d42502
d700a8
da1cfe
dd55d8
e086f2
e38f08
e6526c
e8bcc0
eac1d0
ec5d6e
ed92b6
ee6b12
eef4b8
ef413e
ef643c
ef7202
ef7e44
ef9aee
efd6f6
f03d10
f0d29a
f19704
f28388
f38bc6
f49efc
f5a9b6
f697f0
f75752
f7d940
f81466
f805ce
f7b10a
f71f82
f65f1e
f58052
f493ec
f3a8a0
f2c8de
f1f8fa
f13616
f0761a
efa8de
eeba7a
ed967e
ec2bbc
ea6fe6
e8626c
e60e0e
e388cc
e0f248
de70c6
dc2d28
da4ed4
d8f7da
d84230
d83e18
d8f1ca
da5a18
dc6b88
df13a8
e23a46
e5c280
e98bb8
ed7298
f1529e
f50814
f8728c
fb7770
fe0486
0011bc
01a20c
02c2ee
038a4e
041374
047b16
04db44
0547e0
05cc88
066c1e
072208
07e4f0
08aa8a
096bcc
0a28a6
0aea46
0bc34c
0ccd9a
0e260e
0fe65c
121e88
14cf1e
17e5d6
1b3d1e
1e9f62
21cde8
248a14
269f8e
27ed4a
286b96
282daa
275e36
263772
24f866
23d97a
2302b2
228566
225ae2
2267fa
22849c
2285b0
2246f8
21b2dc
20c6ca
1f9382
1e3972
1ce264
1bba26
1ae79c
1a8738
1aa796
1b485a
1c5ad4
1dc3e2
1f5eac
20ffd8
227910
239d0a
2443c4
244f18
23af16
226584
208774
1e3c44
1bb9a0
193cd8
170286
153dec
141174
1389f6
139dbe
142f3c
151314
161820
171004
17d648
185528
188722
18758a
18347e
17ddac
178af8
175212
174174
175f0c
17a852
181398
1891ee
191136
197e72
19c7ce
19de8a
19b89e
195210
18adc6
17d58a
16d94a
15cd24
14c6b4
13d9cc
131520
127f9e
1216f0
11cf8a
11964c
115398
10ef4c
105516
0f7844
0e5664
0cf86e
0b71d4
09ddc6
085ada
070614
05f61a
05376c
04ca3e
04a28a
04aa20
04c49a
04d42c
04be96
04713a
03e39a
031788
02177a
00f34e
ffbc56
fe81b8
fd4e08
fc2654
fb0af0
f9f982
f8efa8
f7ed5a
f6f66e
f612a8
f54c6c
f4ae70
f44146
f40940
f40578
f43032
f4805c
f4ebba
f568f6
f5f0da
f67e32
f70cce
f7979a
f8169a
f87dce
f8bd4e
f8c300
f87d84
f7dfe4
f6e4c6
f59052
f3f04a
f219de
f025f0
ee2cb0
ec41ba
ea7160
e8c024
e72c42
e5b0f2
e44a72
e2f9a2
e1c5e8
e0bd26
dff14c
df740c
df51dc
df8d8e
e01d92
e0ebb2
e1d7b4
e2bc36
e3749a
e3e346
e3f64c
e3a9f2
e3083a
e225e4
e11d60
e00908
defdde
de07d0
dd287a
dc5880
db8af8
dab21c
d9c448
d8c008
d7ae5c
d6a324
d5bb06
d51760
d4d942
d51c26
d5f12e
d75bc6
d9500e
dbb372
de5ede
e122a8
e3cb6e
e6275a
e80b3e
e956de
e9f81e
e9ec9e
e9417e
e8118c
e6822a
e4bef6
e2f514
e14e9e
dfee9e
deee2c
de5ae4
de3716
de7b10
df1792
dff8b4
e108fc
e23412
e368cc
e49aae
e5c2e0
e6e04e
e7f754
e910f4
ea39a8
eb7f9a
ecf05c
ee969c
f0777c
f29044
f4d500
f73058
f984ce
fbafb8
fd8db0
feffa8
ffefbc
005510
003594
ffa578
fec43c
fdb7b4
fca5f6
fbaf84
faeaa2
fa60d0
fa0f62
f9ea80
f9e236
f9e874
f9f68a
fa10d4
fa47de
fab6a6
fb7dfa
fcbdf6
fe8ef6
00fb56
03fb28
07731c
0b3690
0f0cba
12b7ee
15fdd4
18af14
1aad38
1bee06
1c7b84
1c7116
1bf62a
1b3774
1a5ff4
1992ec
18e7e0
1868c2
1812c8
17d964
17aa74
177306
1723b0
16b3a8
162232
15765c
14bd1e
140648
136140
12da00
1276fa
123824
121740
12090e
11ff30
11ea44
11bbca
116790
10e49c
102db8
0f419a
0e22f8
0cd892
0b6d3c
09efca
0872b0
070b1a
05cf6a
04d534
042ee2
03e994
040b66
049298
0575c4
06a50a
080c0e
099448
0b275a
0cb0bc
0e1eda
0f634c
107274
1142e6
11ccca
1209b2
11f4fe
118cac
10d230
0fcb70
0e8342
0d092e
0b7058
09cdda
08369e
06bd04
056efc
0454ae
036ff2
02bcb0
0231f2
01c384
0163e8
01063a
00a018
002aee
ffa4e2
ff1114
fe773a
fde290
fd603c
fcfd52
fcc4a8
fcbce4
fce6ea
fd3cf8
fdb2b4
fe3632
feb1ba
ff0e2e
ff35a2
ff15c6
fea1ec
fdd462
fcaeec
fb3a4c
f98518
f7a1c4
f5a458
f39ff8
f1a4c6
efbe38
edf238
ec4152
eaa7b4
e91ef4
e7a020
e625ae
e4ac98
e33488
e1bf22
e04e4a
dee256
dd787c
dc0a30
da8df8
d8f9a6
d7455e
d56ea6
d37abc
d176fa
cf7720
cd91de
cbdbe6
ca62de
c9298a
c8265e
c744e2
c669e8
c579b8
c45eb4
c30ee2
c18f18
bff2c4
be58a0
bce4e0
bbba7c
baf52a
baa584
bad022
bb6f8c
bc7886
bddf06
bf9a94
c1a8b4
c40c82
c6cbee
c9eb0a
cd6700
d13204
d53184
d93f3c
dd2d30
e0cbc8
e3f0d2
e67e10
e86600
e9ae12
ea6dc8
eacb3e
eaf5d4
eb1fbc
eb7780
ec22aa
ed39f6
eec76e
f0c694
f32620
f5cb28
f8951a
fb61ea
fe1208
008bb8
02bd64
049eb6
063066
077afe
088ca4
09764a
0a48d2
0b1256
0bdc38
0caa24
0d7a20
0e4574
0f0274
0fa6c2
10298a
10857c
10ba1e
10cc52
10c5c0
10b384
10a41c
10a548
10c208
110134
1164f8
11eb64
128fbc
134c74
141d3c
1500aa
15f902
170bb8
183fec
199c24
1b23be
1cd4ee
1ea7be
208e5a
2276ea
244e56
26038e
278a3e
28dc96
29fb86
2aed9e
2bbcce
2c738c
2d1a78
2db6a0
2e4944
2ed0b8
2f4a52
2fb48c
301090
3062ea
30b318
3109f4
316f6e
31e84a
327486
330efe
33ae2a
344632
34cbb0
353636
358248
35b1fc
35cc62
35dba6
35ea8e
360202
362726
365a7e
369836
36d98e
3716d2
37494e
376cba
377f82
37822a
3775ae
3759c4
372b42
36e36a
367856
35dea4
350c06
33fa16
32a8ba
311f7a
2f6d28
2da5dc
2bdfc0
2a2f34
28a320
27423e
260a20
24eff2
23e2fa
22cff0
21a4ce
205400
1ed68a
1d2c78
1b5bf0
196f16
177180
156d9c
136ade
116cde
0f73a4
0d7cbc
0b84d4
09894a
07896e
058744
038762
019054
ffa98a
fdda2c
fc27fc
fa967a
f92698
f7d6f0
f6a462
f58af8
f48702
f395e6
f2b6d2
f1eac2
f1341a
f0959a
f010d2
efa480
ef4b32
eefa92
eea390
ee33cc
ed97e2
ecbe88
eb9bc0
ea2b9c
e873da
e683dc
e472e4
e25ce2
e05e48
de8f8e
dd018e
dbbb46
dab990
d9f0bc
d94fbe
d8c456
d83f08
d7b64a
d72800
d69960
d61502
d5a794
d55c58
d539ea
d5403c
d56818
d5a45e
d5e48c
d6182c
d63212
d62b08
d60302
d5c0c0
d5701a
d51f20
d4db0c
d4ad5c
d499fe
d49edc
d4b4b8
d4d150
d4e9fc
d4f66c
d4f2a4
d4e014
d4c572
d4ad64
d4a44a
d4b5f4
d4eb94
d54a74
d5d3a8
d684ca
d75942
d84bd4
d957da
da79d6
dbaf2a
dcf502
de46b8
df9c66
e0ea00
e21f88
e32a78
e3f85c
e47a38
e4a80a
e48396
e419c4
e3821a
e2dc26
e24b2a
e1f0d4
e1e7c8
e23f78
e2f9b8
e40b12
e55d96
e6d5e8
e8595a
e9d404
eb3d6e
ec9ac8
edfe16
ef8236
f144ba
f35e94
f5dd32
f8bd80
fbea12
ff3ca0
028300
05868e
0814b4
0a06f4
0b48e8
0bdb3c
0bd312
0b5628
0a947a
09c09c
090860
088e92
086738
089676
091234
09c5b4
0a9690
0b6a24
0c2a68
0cc98a
0d43b6
0d9f0e
0de9ae
0e366a
0e98b8
0f209a
0fd748
10bd3e
11c9fa
12eda4
141436
152990
161da2
16e7d4
1788de
180ab2
187e62
18f87c
198caa
1a497e
1b358a
1c4df4
1d871c
1ecee8
20104e
213722
223366
22fb84
238cda
23eae4
241d0a
242be6
241e90
23f87e
23b884
235924
22d214
221a76
212b62
200248
1ea298
1d1620
1b6c38
19b7ce
180c8a
167bae
15114a
13d27e
12bd06
11c860
10e858
101060
0f3714
0e58fc
0d79c6
0ca3a0
0be4b0
0b4b2e
0ae136
0aa924
0a9ba8
0aa81c
0ab75a
0ab05c
0a7dd4
0a133a
097024
08a0e4
07bc38
06de68
062306
059eb4
055a4e
0550c4
056fbc
059b1a
05b258
059658
052e84
046c2c
034b8e
01d280
000db0
fe0d4a
fbe1f4
f99b02
f7460e
f4efa4
f2a4a0
f0733a
ee6b36
ec9cda
eb16b8
e9e2ce
e903ac
e872ba
e81ff6
e7f3a2
e7d198
e79dbe
e7408e
e6aabe
e5d75a
e4cbc6
e395c0
e24810
e0f682
dfb206
de85ca
dd75e8
dc7fb8
db9b68
dabea8
d9df70
d8f67c
d800d2
d70054
d5fb16
d4f9f2
d406ba
d32a50
d26b4a
d1cd18
d14fd6
d0f0ee
d0ac12
d07c52
d05d22
d04b06
d043e0
d046c0
d05398
d06aca
d08cd2
d0b9fc
d0f244
d13580
d1838c
d1dc4a
d23fba
d2adb4
d325b2
d3a69a
d42eb6
d4bbf2
d54c3a
d5ddfe
d670e4
d70620
d7a08e
d84476
d8f706
d9bd94
da9ce2
db9888
dcb2ac
ddec14
df4454
e0ba32
e24bc4
e3f616
e5b480
e77fc8
e94d3e
eb0e2a
ecb040
ee1ef6
ef45f2
f0141a
f07f02
f085aa
f03202
ef9878
eed5a2
ee09f2
ed5462
ecccf6
ec8056
ec6d6e
ec859c
ecafb6
eccd58
ecc16a
ec765c
ebe30a
eb0d2e
ea08ba
e8f466
e7f422
e72ac4
e6b40c
e6a056
e6f2a4
e7a168
e89972
e9c268
eb0392
ec4824
ed8206
eeaae2
efc38c
f0d230
f1dffe
f2f6e2
f41fe2
f56228
f6c2f6
f84616
f9ee76
fbbe80
fdb81a
ffdc46
022a7c
04a024
07388c
09ed68
0cb7ea
0f9236
1278ee
156c40
18700a
1b8b16
1ec544
2224f4
25ac12
295586
2d13ac
30d02a
346d62
37c976
3ac262
3d3aa4
3f1d5c
406188
410b8c
412cb8
40e0b8
404998
3f8ad0
3ec406
3e0c9c
3d70a0
3cefb6
3c7e08
3c0718
3b721a
3aa6c2
3991da
3828d8
366bf4
346620
322b46
2fd520
2d7f38
2b42d6
293398
275d30
25c2ae
245f3a
2327de
220e44
21035a
1ff9b0
1ee730
1dc5fa
1c9452
1b53f8
1a0930
18b9e8
176cf8
1629ce
14f88e
13e254
12f140
123058
11aad6
116ae2
1177d8
11d430
127bb6
13625e
147424
159674
16ab2c
1794a0
183a22
188c34
1887a0
18366e
17ae84
170dfa
167584
160210
15c6da
15c942
15ff5c
1651a6
169f9a
16c64a
16a7a6
1630c4
155dfa
143bcc
12e4a2
117b7c
102516
0f00a4
0e21d4
0d8d40
0d37ee
0d09e4
0ce300
0ca140
0c26d2
0b5f10
0a415e
08d194
071e20
053c1e
0342aa
01460c
ff5418
fd71de
fb9b8e
f9c62e
f7e2be
f5e22c
f3b93e
f163d4
eee6c0
ec4fde
e9b47a
e72e2a
e4d6e8
e2c4e8
e10742
dfa3a0
de95d8
ddd0e2
dd413c
dcd03e
dc6774
dbf3b4
db6734
daba92
d9eca6
d901a2
d8018e
d6f6b2
d5ec3a
d4ed38
d403f8
d33994
d295c4
d21ea6
d1d86e
d1c51e
d1e42c
d2323c
d2a8ec
d33f2a
d3e9b0
d49bfe
d54978
d5e6a6
d66a9e
d6d018
d71650
d74194
d75b66
d771f0
d796ca
d7dd4a
d8583e
d91766
da24f8
db83d0
dd2e5a
df168c
e126fc
e344fc
e55374
e735ec
e8d362
ea18b4
eaf9fe
eb7324
eb878e
eb415a
eab060
e9e912
e9036e
e81a10
e74904
e6ac60
e65e8a
e675e6
e7026a
e80b56
e98da6
eb7b9a
edbdc8
f035ac
f2c178
f540b2
f7989a
f9b7d8
fb98a6
fd40d2
febfe2
002b68
019a54
032046
04c99e
06994e
0888b8
0a89b6
0c8a4a
0e7910
1049bc
11f856
138a82
150ec2
169980
184092
1a161e
1c23f4
1e6874
20d5a6
2352c8
25bff8
27fb82
29e78e
2b6f20
2c896c
2d3af6
2d9430
2daddc
2da430
2d91b6
2d8ace
2d9ad0
2dc34a
2dfd4a
2e3c28
2e711c
2e8e98
2e8ae8
2e6146
2e1186
2d9e9a
2d0cb8
2c5f9e
2b99b2
2abc56
29c940
28c456
27b540
26a81e
25acf2
24d542
2430ac
23c918
239faa
23ab2e
23d8b6
240e6e
243044
242532
23dc38
234fac
228634
219114
20883c
1f84fe
1e9cb8
1ddc6e
1d468c
1cd2c8
1c7062
1c09c2
1b88be
1ada64
19f192
18c830
175ee8
15bbe6
13e93c
11f352
0fe80a
0dd66c
0bceb4
09e25e
082394
06a410
05732c
049ba0
042144
03ff70
042898
048758
050100
057902
05d4b4
05fea8
05e8e0
058d8c
04ee2a
041190
030158
01c754
006bb6
fef47c
fd65cc
fbc360
fa1236
f859ea
f6a516
f500a6
f379c8
f21b2e
f0ea32
efe488
eeff24
ee270c
ed43bc
ec3adc
eaf47c
e95f36
e7730c
e532c4
e2ab50
dff1a4
dd1f8a
da5026
d79cd2
d51ace
d2da3c
d0e606
cf4472
cdf7f4
ccffd0
cc585a
cbfaa8
cbdc46
cbef1c
cc2222
cc62c4
cc9f4c
ccc98c
ccd992
cccf6e
ccb39e
cc95e6
cc8a70
cca5ea
ccf960
cd8e80
ce655a
cf73fa
d0a7ce
d1e8d0
d31d74
d42ea6
d50b02
d5a89e
d60540
d6251c
d61090
d5d16c
d570aa
d4f512
d462f2
d3bcec
d3058a
d240fc
d17660
d0b03c
cffbea
cf67ea
cf016c
ced1ac
cedbc0
cf1b36
cf842c
d004d6
d0885a
d0fa98
d14c08
d17502
d177bc
d1609c
d14494
d13de0
d167b0
d1d968
d2a23c
d3c640
d53d1e
d6f2dc
d8ca4c
daa0fc
dc5394
ddc234
ded41e
df7a4a
dfb0d0
df7f1c
def72a
de3406
dd57a4
dc8840
dbed4e
dbac02
dbe39a
dca9c4
de0780
dff760
e26558
e530e2
e83130
eb3af8
ee26f6
f0d7f8
f33f56
f55ecc
f74744
f914d6
fae882
fce12a
ff14fe
018cc0
0441ee
071fe8
0a07c8
0cd628
0f6978
11a7d4
1382f6
14fa36
161a14
16f9be
17b716
18720c
1947f0
1a4f6e
1b95d8
1d1d96
1ede36
20c5c4
22bb60
24a2c8
266060
27dd22
2909dc
29e134
2a67ea
2aab44
2abde8
2ab388
2a9ca4
2a82be
2a6648
2a3e74
29fb48
29892c
28d56a
27d266
267ac0
24d2d6
22e836
20cf58
1ea06a
1c73b2
1a5e78
1870d0
16b4c6
152ea6
13de0c
12bf6c
11cd64
1101ce
105630
0fc3d0
0f43aa
0ece56
0e5c28
0de5b8
0d64ac
0cd4cc
0c34e4
0b8788
0ad36e
0a231c
0983fa
0904de
08b440
089e3e
08cac4
093c48
09ef48
0adab0
0bf11c
0d22f8
0e60da
0f9dda
10d14c
11f7a4
131228
1425a8
15386c
164ff0
176ec0
189326
19b6d2
1acf9a
1bd0f6
1cae00
1d5b68
1dd10c
1e0ad2
1e08dc
1dceda
1d62f0
1ccc46
1c11b0
1b38c6
1a4540
1938e4
1813d2
16d536
157c1e
140874
127bd8
10da36
0f29f2
0d736e
0bc03a
0a19ba
088790
070e3e
05ae28
04637e
0326fc
01ef68
00b394
ff6c68
fe1686
fcb330
fb4814
f9de12
f87f62
f73584
f60758
f4f802
f4069a
f32ed8
f26a6c
f1b284
f10132
f0525c
efa414
eef640
ee49f6
eda0aa
ecfb80
ec5aec
ebbebe
eb265c
ea9138
e9ff60
e971fc
e8eb9e
e8708a
e806c8
e7b60a
e78758
e78466
e7b682
e8250c
e8d3ac
e9c09c
eae336
ec2b8c
ed831a
eecf06
eff36c
f0d746
f1684a
f19dd2
f17a4c
f10a94
f06370
ef9dac
eed188
ee1292
ed6cc6
ece3a0
ec72fa
ec11c8
ebb58c
eb55f4
eaef64
ea8420
ea1bd0
e9c1d2
e9827c
e9689c
e97b8c
e9be5e
ea3036
eacd7a
eb9172
ec77a0
ed7c3c
ee9bc2
efd196
f1164c
f25e26
f39874
f4b054
f58ef6
f61f2c
f651b0
f62118
f59492
f4c0b0
f3c5e4
f2cc90
f1ff56
f1849a
f17858
f1e75c
f2cce4
f41320
f5968c
f72b6c
f8a4a8
f9db00
fab318
fb21a2
fb2cdc
faeb7a
fa810e
fa18c0
f9df00
f9fb72
fa8bd0
fba03e
fd39b6
ff4a94
01b8e8
04622e
071fde
09cc36
0c468a
0e76ae
104f0c
11cd16
12f86e
13e080
149944
153796
15cdca
1668fa
170fac
17c1de
187a9e
193292
19e32a
1a8986
1b287e
1bc932
1c79e2
1d4b0e
1e4ba2
1f84ba
20f626
229468
2448d2
25f3e6
277192
289ea8
295e94
29a00c
295ff4
28a9fe
2796e2
264886
24e4f0
239108
226c0c
218c66
20fe56
20c436
20d820
212e4a
21b788
226378
232200
23e424
249c78
253f80
25c430
262486
265e68
267456
266da8
2655f2
263b50
262be6
2632d0
265508
268f22
26d4b4
27116e
272c1e
270b30
2699be
25cc2e
24a362
232da8
2184f8
1fcad6
1e22b2
1cabba
1b7b74
1a9a54
1a02e0
19a38c
1962c6
19242c
18cde6
184ccc
1796d2
16ab08
158fd6
144fde
12f690
118d76
101ad8
0ea1ec
0d246e
0ba4c8
0a2846
08b82e
076190
06338a
053c6c
048660
041464
03e084
03dbd0
03f016
040336
03fb4e
03c2ec
034c62
029396
019dfa
0078b0
ff356c
fde6b0
fc9c1a
fb5f98
fa33ea
f914ba
f7f80c
f6d0de
f59204
f43118
f2a898
f0f90e
ef28f8
ed43a2
eb5722
e971ce
e79fd8
e5e94c
e450e4
e2d3c0
e16a36
e00970
dea5b6
dd34ee
dbb106
da19b4
d8756c
d6d12e
d53f36
d3d4be
d2a6d6
d1c710
d14060
d114ba
d13bfa
d1a44c
d2341c
d2cd5a
d3518a
d3a606
d3b78a
d37c9e
d2f66e
d22fd2
d13ae8
d02d86
cf1d92
ce1d86
cd39f2
cc7852
cbd722
cb4f1a
cad54c
ca5d8c
c9dcaa
c94a68
c8a2ac
c7e644
c71af8
c64b32
c5854c
c4da92
c45de8
c42222
c43838
c4ad70
c5897c
c6cd2c
c871a2
ca6872
cc9c88
cef3e6
d1521c
d39aea
d5b4e0
d78b9c
d91168
da3ff0
db1862
dba2cc
dbed0c
dc096e
dc0d20
dc0eac
dc245c
dc62b2
dcdace
dd990e
dea3c4
dffa4a
e1949e
e363ca
e55316
e74a04
e92f0c
eaeacc
ec6b32
eda61e
ee9b44
ef54bc
efe5f8
f0692c
f0fba4
f1b94e
f2b83e
f40502
f5a072
f77f6c
f98ca2
fbac4e
fdc112
ffb11e
016aa2
02e6b0
042a00
054340
064762
074ca0
086552
099ba4
0aeefe
0c53da
0db5e2
0efc00
100dac
10d83c
11532c
118278
1176ac
114a68
111e12
111244
11423a
11befe
128c66
13a054
14e460
16399c
177dc4
1890f8
195afe
19cf22
19ee0e
19c58a
196e00
19066e
18af50
1885c6
189f56
190742
19bd8e
1ab80e
1be4c6
1d2d4a
1e7a6c
1fb788
20d4ea
21c918
229110
232f80
23ab7a
240ed6
2464ae
24b80c
251302
257dec
25ff1e
269a88
27516c
282220
2907dc
29fac4
2af008
2bda7e
2cab82
2d5410
2dc60a
2df5b2
2ddb1a
2d734c
2cc134
2bcdfe
2aa8a0
29647e
281758
26d674
25b378
24b97a
23eaa8
233f5c
22a6b6
2208f2
214b3c
205460
1f1170
1d7944
1b8e54
195e2c
16fe84
1488a4
121426
0fb1f6
0d68dc
0b345e
09066a
06cb32
046e84
01e174
ff1ef4
fc2e2e
f92248
f6175a
f32da4
f083ac
ee30e4
ec41f2
eab73a
e98608
e89bc4
e7e29e
e74648
e6b7c2
e62f8e
e5adcc
e53870
e4d840
e49588
e4754a
e47788
e49728
e4cb38
e5094e
e547fc
e580fc
e5b258
e5de5e
e60a40
e63c1e
e678d2
e6c232
e7165e
e77030
e7c8bc
e81980
e85e92
e8984c
e8cbd8
e90268
e94722
e9a450
ea203e
eabab6
eb6b8e
ec22ea
eccaee
ed4ae6
ed8b4a
ed79b2
ed0c00
ec4254
eb271e
e9cdba
e84f6a
e6c7b6
e55084
e3fec4
e2e018
e1f9c6
e14936
e0c55a
e06118
e00dce
dfbdca
df6624
deffe8
de888e
de0198
dd6fda
dcda6c
dc499e
dbc5ee
db574e
db04bc
dad410
dac9e6
dae9a6
db358a
dbae8e
dc5438
dd2462
de1b08
df320a
e0610e
e19db2
e2dbfa
e40f40
e52b72
e62698
e6fa84
e7a632
e82eda
e8a028
e90b7e
e9862c
ea26ae
eb016e
ec255c
ed9912
ef594a
f158f2
f38308
f5be1e
f7f0de
fa06bc
fbf3f2
fdb7b4
ff5c48
00f49e
029822
045d40
06540c
08822c
0ae0be
0d5cd0
0fda68
12393a
145a48
16250e
178b52
188ae6
192d30
1984d0
19aa26
19b764
19c53e
19e8aa
1a31dc
1aac54
1b5f80
1c4f5c
1d7ca4
1ee484
207fc4
2241e8
2418cc
25ed3e
27a4b4
29243e
2a542e
2b23b2
2b8bc6
2b9090
2b40d4
2ab378
2a03a2
294c30
28a36e
281816
27b030
2769b4
273d12
2720a8
270c56
26fc5e
26f2c4
26f706
27140a
275500
27c1e0
285c66
291e66
29f9b6
2ad9ba
2ba664
2c47b6
2ca98a
2cbe68
2c8168
2bf694
2b2a0c
2a2e30
291924
280230
26ff6c
2623c2
257d94
2515b2
24eefc
25064e
255308
25c7f0
2654a8
26e792
276fb8
27de98
282968
284996
283c6c
2801da
279abe
27075a
264620
2553ae
242ba6
22ca9e
21304c
1f61b2
1d6a0a
1b5a76
194812
1748de
156ffe
13ca68
125c92
1121fe
100ea4
0f11f8
0e1b00
0d1c36
0c0e8c
0af2ac
09d042
08b3c0
07aade
06c124
05fd12
055ed4
04e06e
047798
04186a
03b846
035036
02de38
02653e
01ebce
0179fa
01171c
00c7d0
008cc4
00625e
004142
001f80
fff23a
ffaf42
ff4e8a
fecb28
fe23f0
fd5b68
fc7774
fb8072
fa8026
f98066
f889d2
f7a2a6
f6cde4
f60b10
f5569c
f4aac0
f400d8
f352be
f29be0
f1da00
f10d24
f0372e
ef5ad0
ee7a82
ed97b4
ecb26e
ebc988
eadb44
e9e640
e8ea2c
e7e82c
e6e2b6
e5dce0
e4d968
e3d9b0
e2dd1c
e1e114
e0e184
dfda1a
dec778
dda87a
dc7ec4
db4ea2
da1e26
d8f3cc
d7d510
d6c530
d5c4b2
d4d198
d3e86a
d30598
d226dc
d14c48
d07898
cfb0ee
cefbdc
ce6012
cde32e
cd88f0
cd5310
cd41b4
cd5460
cd8b10
cde70e
ce6b2a
cf1b6c
cffbee
d10f4c
d25512
d3c85e
d55f60
d70bba
d8bbfa
da5de8
dbe15c
dd3b02
de669a
df681e
e04b6c
e12272
e20220
e2fe86
e426c6
e58192
e70aee
e8b3dc
ea63e2
ebfc96
ed5e66
ee6e0c
ef1992
ef5c0e
ef3f50
eedb22
ee5234
edcd16
ed744a
ed6a36
edc618
ee90e8
efc45e
f14c7a
f30b22
f4dd0c
f69f44
f83434
f9877c
fa9034
fb513c
fbd7ee
fc3964
fc8f08
fcf2ee
fd7c76
fe3dbe
ff4228
008dda
021e44
03eb6c
05e98a
080ad0
0a4118
0c7f2c
0eb984
10e67c
12fe0c
14f938
16d170
188022
19feb8
1b46f8
1c5404
1d2382
1db6ee
1e1494
1e47dc
1e60b4
1e71ea
1e8eb8
1ec7d0
1f28a4
1fb55e
206a22
213bda
221a74
22f444
23b9ae
246074
24e59c
254d94
25a276
25f0a2
2642a8
269d66
26fd72
2756a0
2795fe
27a5a6
2771de
26ee12
26189a
24fc28
23ae5a
224bc4
20f252
1fbb0c
1eb500
1de244
1d381a
1ca1dc
1c063a
1b4d7a
1a672e
194e26
1809a0
16aba4
154cd8
1406ee
12eeea
121090
116bd4
10f4de
10965a
10358c
0fb710
0f0368
0e0a90
0cc5f2
0b38ce
096f38
077c24
0576f4
037904
019b62
fff4e2
fe9894
fd947a
fcf09e
fcaea0
fcc99e
fd36c2
fde682
fec64e
ffc2b8
00c98a
01cb84
02bd6a
039858
045930
04ff9c
058cac
0601b0
065f74
06a612
06d532
06ecb8
06ed6a
06d960
06b3ec
068122
0644e2
0601d4
05b884
0566d8
050832
049608
0408ea
0359ba
0282e6
01814c
0054a2
feff6a
fd8664
fbef8e
fa40f0
f87f80
f6ae20
f4cd04
f2d97e
f0ce5e
eea4c4
ec554e
e9d992
e72d8c
e450c4
e14702
de185e
dad09c
d77dfa
d42fb6
d0f47e
cdd91e
cae774
c82608
c59810
c33dde
c11592
bf1bf2
bd4d2e
bba5a2
ba2264
b8c1bc
b7838a
b6695c
b57670
b4af52
b41958
b3b9d0
b3950c
b3adb6
b40458
b49798
b564ec
b669ec
b7a5be
b91a5c
bacd5c
bcc7a4
bf1406
c1bcf6
c4c96e
c839de
cc05a0
d01990
d45834
d89b9a
dcb8d6
e08494
e3d832
e69674
e8af54
ea224c
eafeb6
eb6230
eb7558
eb674a
eb684e
eba482
ec3f00
ed4e22
eed964
f0d8fa
f3372c
f5d370
f886b8
fb2872
fd937c
ffaa74
015ad6
029e80
037b54
040154
044742
0466a4
0477b2
048e14
04b6a4
04f6e0
054dba
05b5b6
062798
069d42
071404
078dce
081136
08a840
095e2c
0a3d08
0b4b48
0c8a24
0df4fc
0f81d6
1122e2
12c8a4
146478
15eadc
17552c
18a28c
19d7fe
1aff7e
1c2692
1d5c6a
1eafba
202ccc
21dbc2
23bf76
25d4de
28133c
2a6d00
2cd142
2f2dc4
317118
338cb6
35769e
372a48
38a8be
39f7ec
3b2120
3c2f28
3d2c5a
3e20c6
3f10fa
3ffd7e
40e302
41bb38
427e1e
43235e
43a3b4
43f9f0
4423a2
442132
43f5aa
43a622
43391c
42b5d2
4223a0
418992
40ee14
4056b8
3fc7e4
3f4472
3ecd2e
3e604c
3df904
3d8f56
3d184e
3c86cc
3bccca
3add30
39adea
3839e8
3682c4
3491aa
327730
304a24
2e2536
2c23ec
2a5f2e
28e9ee
27ce60
270c56
2698e6
265f94
2644c2
26292a
25edee
25787a
24b5c4
239c78
222d9e
2073c8
1e8100
1c6bd0
1a4bd6
183690
163ce2
1469cc
12c23a
1145e0
0ff0d4
0ebd4a
0da532
0ca320
0bb296
0acf76
09f50c
091d28
083f84
0751c8
064886
0518e8
03bac8
022ab0
006b46
fe85cc
fc896e
fa894e
f899e2
f6cda4
f53212
f3cd54
f29d1c
f196e8
f0a9d0
efc144
eec86e
edad94
ec64be
eae926
e93d5a
e769fc
e57b80
e37f80
e18232
df8c96
dda3e8
dbca28
d9ffa8
d8451e
d69d78
d50f06
d3a368
d26644
d16312
d0a260
d02764
cfee42
cfebd4
d00eee
d042e2
d0730e
d08e48
d089e4
d0635c
d02080
cfce1c
cf7d5a
cf4064
cf26e6
cf3b3e
cf805e
cff140
d08172
d11f00
d1b518
d22f46
d27cc0
d2933e
d2711c
d21e74
d1acc4
d13556
d0d664
d0af4c
d0dc60
d172c2
d27d46
d3fa9e
d5dd44
d80d32
da6b28
dcd4d4
df292a
e14c1a
e32934
e4b4b8
e5eb34
e6d006
e76b54
e7c82e
e7f336
e7fa44
e7eca2
e7dbd2
e7dbea
e80322
e86834
e91f8c
ea37c2
ebb61c
ed93ea
efbdbe
f214de
f4732a
f6b0ce
f8aa9a
fa47dc
fb7e72
fc5408
fcdc52
fd3462
fd7c66
fdd0da
fe44fa
fedf58
ff9984
0062b4
0124d0
01ca8c
02454c
029170
02b80e
02cdc0
02ef06
033aea
03cd38
04b964
06074a
07b242
09aabc
0bd9a8
0e250e
1074b2
12b5ec
14ddf2
16ea2a
18ded4
1ac45c
1ca3fa
1e8486
206810
224ab4
2422ee
25e332
277c7e
28e160
2a0898
2aeef2
2b97e8
2c0cf2
2c5ba2
2c92e0
2cbffe
2cebf4
2d1996
2d450a
2d649e
2d6ad2
2d492e
2cf33c
2c6122
2b912c
2a881e
29503a
27f750
268c16
251bc2
23b016
224e4c
20f72a
1fa7fa
1e5c50
1d0ff0
1bc09c
1a6f5e
192112
17de1e
16b164
15a6c8
14c952
142178
13b380
137e60
137b4e
139de8
13d532
140d5a
14320a
14310c
13fcde
138ec2
12e7e6
121152
111a80
1016dc
0f1a7c
0e36a4
0d76f4
0cdf7a
0c6c5c
0c1306
0bc48a
0b70c0
0b0978
0a8504
09dfa8
091bbe
084090
075858
066dd2
058a0c
04b2b6
03e958
032b6c
027320
01b892
00f30e
001a20
ff264a
fe1176
fcd734
fb74e4
f9e9ec
f83810
f663c6
f47470
f27448
f06fde
ee7526
ec9222
ead37a
e94330
e7e792
e6c2de
e5d368
e5144c
e47e5e
e40920
e3ab8a
e35c76
e312a8
e2c4b4
e268d6
e1f4f0
e15f00
e09dee
dfaac8
de81f6
dd2466
db980c
d9e7c6
d82274
d6595c
d49e24
d300ac
d18d10
d04a46
cf3962
ce55da
cd9680
ccef32
cc52e8
cbb5de
cb0f86
ca5bfc
c99ca2
c8d7f4
c81874
c76ae2
c6dc1c
c676ca
c64188
c63dcc
c667e6
c6b7fe
c72412
c7a26c
c82c06
c8be42
c95bb0
ca0b80
cad7a0
cbca48
cceb20
ce3ce6
cfbc2a
d15f8a
d31954
d4da60
d6956a
d84224
d9df3a
db72c6
dd08ee
deb0f8
e0795e
e26b9e
e488c4
e6c77a
e913f0
eb51f4
ed60c8
ef200c
f074de
f14e50
f1a848
f18c76
f11124
f0561e
ef805e
eeb508
ee14b0
edb768
edaa40
edee40
ee7918
ef3710
f00df2
f0e094
f19260
f20a9e
f23734
f20e8e
f190b0
f0c744
efc4b0
eea260
ed7e58
ec787a
ebaf8a
eb3e70
eb3a08
ebaf82
eca3a8
ee12f4
eff254
f23088
f4b7ce
f76fc0
fa3f2c
fd0de4
ffc67e
0257f0
04b6fe
06df38
08d384
0a9df8
0c4f08
0dfbc4
0fbb84
11a51e
13cbea
163d34
18fe40
1c0b3e
1f5764
22cdf8
265456
29cc72
2d17c8
301a3a
32bcc2
34ef80
36ab32
37f1ae
38cd8c
3950c2
399268
39abb8
39b4d6
39c1b4
39df82
3a133e
3a599e
3aa844
3af030
3b20f0
3b2bea
3b071c
3aaecc
3a25e0
3974ee
38a81e
37cc72
36ed00
3610b8
35391a
346228
33839a
3292d8
31858c
305420
2efbcc
2d7fb8
2be8fc
2a459e
28a68a
271ce0
25b73a
247f18
23771c
229a68
21dd48
212f16
207d30
1fb65a
1ece20
1dbf6c
1c8dea
1b45d2
19fa0c
18c0f2
17b04c
16d936
1644e8
15f2b6
15d7fc
15e1ca
15f81e
160206
15e9fe
15a18a
152388
1474c8
13a2f6
12c212
11e8f0
112d8c
10a1b0
10509a
103dc2
1064dc
10baee
113004
11b14e
122b24
128ab4
12bf52
12bb38
127414
11e33e
1105cc
0fdcc0
0e6d12
0cbfc6
0ae1ca
08e390
06d846
04d4b4
02edc2
01369c
ffbeae
fe8fc2
fdac58
fd0e92
fca808
fc6280
fc21d8
fbc6f0
fb335e
fa4d84
f9045a
f75250
f53eaa
f2dd1c
f04b4c
edacc8
eb25cc
e8d5f2
e6d388
e52896
e3d1fc
e2c0ea
e1de3e
e10f2c
e03a36
df4b5a
de36f6
dcfa96
db9bfc
da26a8
d8a8a4
d72f68
d5c592
d471d2
d33726
d21606
d10e1c
d01fde
cf4d84
ce9b02
ce0d22
cda7fa
cd6d78
cd5c1c
cd6eb2
cd9ce4
cddcc4
ce24d8
ce6e0e
ceb558
cefc46
cf488c
cfa2a4
d013d4
d0a402
d15806
d230ac
d32ab6
d43fdc
d56880
d69d70
d7d988
d91a90
da613a
dbb028
dd0a46
de70de
dfe1ee
e15734
e2c658
e42246
e55d88
e66d1c
e74b72
e7fa98
e8857c
e8ff6a
e9822a
ea2aac
eb14e6
ec5780
ee0014
f01096
f27e50
f532ac
f80dba
faea04
fda142
00111c
021f66
03bd5a
04e92e
05ae06
062222
0663ae
0694a0
06d638
0744c2
07f42e
08ee14
0a3132
0bb296
0d5ffa
0f231c
10e54a
1292a4
141c78
157aac
16abb8
17b3a6
189a68
1969ce
1a2bbe
1ae8d4
1ba7da
1c6dd6
1d3ebc
1e1e44
1f10a0
201adc
21429e
228d60
23ff22
25992c
2758d8
29370a
2b2872
2d1ea8
2f0a24
30dc84
328aee
340fb0
356b04
36a286
37bf50
38cb42
39cddc
3ac98e
3bba12
3c945a
3d4832
3dc35c
3df56e
3dd3a6
3d5bb8
3c94e4
3b8ee8
3a5f24
391c78
37dab8
36a6e8
358504
346fe4
335b20
3236aa
30f318
2f85aa
2deb28
2c28f0
2a4c28
286748
268e9e
24d498
2346aa
21eb64
20c1de
1fc26c
1ee06a
1e0c84
1d371a
1c524e
1b5396
1a34b8
18f434
179540
161f7c
149e30
131f70
11b2d2
1067de
0f4c68
0e6abe
0dc850
0d6496
0d38be
0d380a
0d50d4
0d6e40
0d7a22
0d5f08
0d0a0e
0c6c68
0b7c88
0a36de
089e10
06baba
049aaa
024f8c
ffed36
fd878c
fb3042
f8f4da
f6dd02
f4e9ea
f3167a
f158ce
efa452
edec6c
ec271a
ea4f1c
e864f2
e66edc
e47798
e28c46
e0b9f0
df0b3c
dd86b2
dc2e00
dafe42
d9f128
d8fea8
d81eb4
d74a8c
d67d86
d5b510
d4f046
d42f18
d3718e
d2b76e
d2005c
d14c6e
d09d04
cff58c
cf5bc0
ced752
ce70ce
ce2fcc
ce18ee
ce2c12
ce634c
ceb2de
cf0a80
cf57a2
cf8866
cf8ea2
cf626e
cf0392
ce798a
cdd212
cd1e74
cc7040
cbd5f0
cb583c
caf8b8
cab210
ca7996
ca4226
c9ff84
c9a9a0
c93eee
c8c578
c84a4a
c7df38
c797ba
c7850a
c7b2ba
c8241e
c8d34a
c9b1ac
caaa60
cba5b0
cc8d42
cd4ff6
cde50a
ce4d92
ce9450
cecbc0
cf0ad0
cf68bc
cff8f0
d0c7ac
d1d7ce
d32246
d49738
d6208a
d7a568
d90dee
da469c
db42cc
dbfe04
dc7bf0
dcc734
dcef72
dd0700
dd209e
dd4d8e
dd9c38
de1760
dec5da
dfaaa6
e0c52e
e211c6
e38a18
e525d2
e6db46
e8a06e
ea6c1a
ec3704
edfcf2
efbd42
f17b26
f33d00
f50b3e
f6ee8e
f8ee1a
fb0d9c
fd4c30
ffa3ee
020a7a
047262
06cd4c
090e92
0b2d8e
0d278c
0f00aa
10c3b2
1280c8
144b1e
163618
18522e
1aaa52
1d41f4
201434
231436
262eb0
294c18
2c5360
2f2c94
31c2ea
340606
35ea6e
37693e
387f7e
392d50
39755c
395ca4
38eab4
382a0a
37285e
35f65a
34a69e
334bf4
31f6d2
30b2de
2f84c6
2e691c
2d54c4
2c36d2
2afbee
299258
27edee
260b3a
23f0fa
21afba
1f5f5a
1d1b3c
1afdaa
191b7e
1780d2
162f6e
151f30
14403e
137ea6
12c694
120842
113b2a
105f9a
0f7eb0
0ea8c2
0df27a
0d7122
0d36c6
0d4ed4
0dbba6
0e7568
0f6abc
1082aa
119ffe
12a54a
137926
1409e6
14501c
144f8e
141626
13b962
135258
12f936
12c116
12b4ce
12d576
131ad6
13758c
13d284
141ef2
144bf0
145102
142cf4
13e4f8
13824a
130ee8
129256
120f14
11816a
10dffa
101dc4
0f2d50
0e0414
0c9d78
0afc8e
092c1e
073d10
054370
0352e6
017b5c
ffc692
fe372e
fcc976
fb756e
fa31c2
f8f6ba
f7c072
f68fc4
f569b8
f45578
f359a0
f27972
f1b2fa
f0fe90
f05002
ef9930
eecd6c
ede4e0
ecdf0a
ebc3aa
eaa1d0
e98d58
e89b26
e7dd24
e75eb8
e722c6
e72352
e75302
e79ff6
e7f734
e8480e
e88696
e8ad08
e8bbb4
e8b7e4
e8a9f0
e89b14
e89382
e898fc
e8ae24
e8d288
e90348
e93bf6
e977ac
e9b1f6
e9e7b2
ea1796
ea425e
ea6aa4
ea9448
eac396
eafc18
eb3f76
eb8c8c
ebdeec
ec2f2c
ec73be
eca2a6
ecb35a
eca0c8
ec6ac2
ec16a0
ebaec6
eb4122
eadccc
ea8f52
ea6268
ea5a5c
ea7596
eaad92
eaf8be
eb4d0c
eba292
ebf56e
ec46ae
ec9bfc
ecfe0c
ed7618
ee0b14
eebf2a
ef8e36
f06d82
f14d06
f219ea
f2c1f8
f3372c
f372f4
f3783e
f3540a
f31c2a
f2ec52
f2e206
f31802
f3a1f6
f4895c
f5cc0e
f75cb8
f92544
fb0aa0
fcf13c
fec15e
006a8c
01e56c
0333ee
045fe4
057864
068e9e
07b2b4
08f136
0a5188
0bd562
0d7904
0f341e
10fb0c
12c00a
147466
1609a4
17727c
18a3e6
199644
1a4654
1ab61a
1aed2e
1af87e
1ae95c
1ad3bc
1acbec
1ae43e
1b2abc
1ba79c
1c5c60
1d43e4
1e534c
1f7b70
20aabc
21cf08
22d746
23b4e8
245cec
24c8a8
24f65c
24e984
24aac6
24478c
23d0f8
235a5e
22f722
22b86c
22aae2
22d4e6
2335cc
23c61a
24790a
253f0a
260894
26c91c
27790e
2816d6
28a646
292ee0
29b90c
2a4b0a
2ae63a
2b8586
2c1d20
2c9bfc
2cee74
2d01c4
2cc79a
2c38ea
2b576c
2a2d8e
28ccdc
274b38
25bf82
243e40
22d742
21942a
207864
1f8200
1eab5e
1decf6
1d3ef6
1c9a70
1bf9dc
1b5962
1ab6d8
1a11de
196c24
18c9dc
183204
17ae46
174a26
17116a
170dae
1743c8
17b156
184b66
18fe86
19b086
1a43d2
1a9bc6
1aa12c
1a45e8
198740
186de4
170c10
1579e4
13d0e8
122796
108dde
0f0b50
0d9f1c
0c4196
0ae6c8
09816e
080582
066a12
04aa20
02c4a0
00bbec
fe9514
fc5738
fa0b4a
f7bc02
f575cc
f34698
f13d12
ef6768
edd1a4
ec83d8
eb80a2
eac43e
ea44a6
e9f280
e9bafa
e98a18
e94d50
e8f5c6
e879f8
e7d694
e70e7e
e629e8
e534c2
e43ca4
e34e9e
e27516
e1b60c
e11202
e083ba
e0010a
df7c9c
dee872
de38b0
dd663a
dc7070
db5dc2
da3aa0
d91726
d803b0
d70d4e
d63aa4
d58a2c
d4f22a
d4627e
d3c7f4
d3106e
d22ec0
d11d80
cfe022
ce820e
cd1408
cba87a
ca4fb0
c914ca
c7fc20
c7036c
c6238e
c55362
c48acc
c3c52c
c302d6
c24916
c1a0fa
c11540
c0affe
c078da
c07406
c0a25e
c1024e
c1915a
c24da0
c336de
c44e9e
c59790
c71422
c8c49a
caa556
ccad94
cecf28
d0f748
d3104a
d50428
d6bf64
d8340c
d95c22
da3b40
dadefc
db5e12
dbd64e
dc6938
dd3804
de5f4a
dff2e2
e1faba
e47112
e74268
ea4f54
ed6ff2
f078a0
f33f32
f5a002
f78206
f8d978
f9a8c4
f9ffb4
f9f90c
f9b71a
f95fb2
f917fe
f900c0
f9333a
f9bf06
faa8de
fbeaa2
fd7488
ff2f38
00fef6
02c734
046e80
05e1c6
0716de
080d80
08cef4
096be6
09f94a
0a8c96
0b382a
0c08ba
0d03d0
0e27f0
0f6e02
10cb92
123550
13a132
1507c8
166486
17b550
18f986
1a30f6
1b5b3e
1c77a4
1d8560
1e8420
1f746e
205780
212e84
21f96c
22b5c4
235dfe
23e9ac
244ef2
248508
248754
245844
24033e
239cd0
2340c6
230e54
2322f4
239516
246fa2
25af72
274346
290e80
2aedc2
2cbcc0
2e5c00
2fb576
30bf26
317b6a
31f6dc
3244b2
327a4c
32aabe
32e35e
3329d2
337b9e
33cf36
341622
343fb4
343bc4
33fd30
337b9a
32b47e
31ab70
3069bc
2efd54
2d774a
2be9bc
2a65b6
28f8f2
27abd0
267fd4
256ee8
246b94
23624a
223b94
20defe
1f3654
1d30d0
1ac5a0
17f58e
14cb30
1159d4
0dbb1a
0a0be8
0668e8
02eb38
ffa610
fca56c
f9edf8
f77e12
f54fa0
f35a20
f194a6
eff72c
ee7b2e
ed1b8c
ebd414
eaa104
e97ef4
e86b46
e76518
e66e60
e58c9a
e4c89a
e42d42
e3c526
e397aa
e3a64a
e3eae0
e457c0
e4d9cc
e55c50
e5cdbc
e623fa
e65f32
e689d0
e6b58a
e6f5fc
e759f4
e7e57c
e88e28
e93b3c
e9c9e0
ea14ee
e9fe5c
e97832
e88a64
e7540a
e606d4
e4dde0
e4115a
e3ca1c
e417d8
e4ec5c
e61d50
e76c00
e89198
e94d1a
e96ff4
e8e6a2
e7bb72
e6130e
e423dc
e22a38
e05c38
dedfb8
ddc45e
dd02d6
dc80da
dc18dc
dba36c
db0026
da1c82
d8f744
d7a008
d6339a
d4d5fc
d3ab60
d2d1b6
d25bca
d24ec0
d2a22c
d34256
d4144e
d4faa8
d5da62
d69ef0
d73d0a
d7b3c2
d80c0a
d856ac
d8a930
d91a30
d9bd9a
daa148
dbcabc
dd35fe
ded5ec
e0963c
e25eaa
e416e2
e5aa9e
e70d36
e83bf4
e93ed0
ea277c
eb0eb2
ec1050
ed4700
eec7ec
f09f5e
f2ceb2
f54bf4
f80326
fad8d8
fdadac
00621e
02da2e
05007e
06c8a4
083062
093fdc
0a08da
0aa4d2
0b3232
0bd0d4
0c9e34
0db1a2
0f191a
10d710
12e1e4
15251a
17844a
19df5e
1c17a4
1e1484
1fc746
212d06
224e6a
233d44
241090
24df98
25bd44
26b484
27c672
28ea86
2a10d2
2b258c
2c153e
2cd098
2d4f4a
2d9160
2d9f00
2d86be
2d5af4
2d2ecc
2d137e
2d1634
2d3ef6
2d9056
2e07e4
2e9f3e
2f4d26
3006d0
30c0ea
3170b2
320cc0
328dd4
32ef72
333070
335316
335d00
335678
33496e
334018
33437e
3359f2
33860a
33c600
3413a8
346512
34ada0
34df88
34ed64
34cbe8
347342
33e01a
33140c
321580
30eebe
2fac9a
2e5c78
2d0a40
2bbe8a
2a7d62
2945e2
2812c8
26dc18
259956
2443f8
22d988
215cf2
1fd688
1e52ea
1ce0f2
1b8f12
1a6904
1975f4
18b7f4
182c68
17cd60
17937c
17777c
177360
17826a
17a03e
17c782
17f04c
180f32
18155c
17f1d8
1793de
16edba
15f7b0
14b1fe
1325a6
11637a
0f81d8
0d992a
0bc020
0a0856
087bfe
071d0e
05e618
04cc70
03c304
02bd84
01b2dc
009eda
ff8278
fe62fc
fd481e
fc39c0
fb3dc4
fa5672
f981f0
f8ba9a
f7f882
f73376
f6652a
f58b00
f4a70c
f3c022
f2e0c4
f21544
f1696c
f0e63a
f0901a
f06602
f061a0
f07862
f09d5c
f0c346
f0de5e
f0e5b8
f0d3d2
f0a654
f05d44
eff9c8
ef7d00
eee732
ee3770
ed6be8
ec8290
eb7a06
ea5278
e90e36
e7b1da
e64410
e4ccf8
e35558
e1e5a8
e0854c
df39e2
de06ea
dceda8
dbed40
db0308
da2ae6
d95ffa
d89d3c
d7de54
d7204c
d66240
d5a578
d4ed6a
d43f08
d39fce
d31490
d2a03c
d242ea
d1f98c
d1be32
d18920
d15250
d1136e
d0c98a
d07656
d02098
cfd390
cf9d7e
cf8d72
cfb0e0
d0116a
d0b35a
d19510
d2af78
d3f77c
d5600a
d6dc42
d86140
d9e72a
db6954
dce572
de5a38
dfc5cc
e124aa
e27146
e3a482
e4b726
e5a3ca
e668ca
e709b6
e78fa2
e80862
e88462
e913b6
e9c2da
ea9816
eb91e4
eca70c
edc838
eee2f2
efe546
f0c13e
f16fa2
f1f12c
f24e24
f29476
f2d4b8
f31ef2
f37fcc
f3fed2
f49e34
f55bd4
f6335e
f720be
f82252
f93a48
fa6eba
fbc88e
fd5166
ff1114
010b2a
033d2e
059dd4
081d7a
0aa79a
0d2512
0f7eba
119fe0
13787a
14fe9c
162f5a
170eec
17a82e
180b9e
184dcc
18858c
18c9d4
192fa6
19c7ee
1a9dc2
1bb53a
1d0af2
1e9488
2041f0
21ff70
23b800
25577c
26cca0
280a52
290844
29c2e4
2a3af6
2a74b8
2a7720
2a4b1a
29faca
2990e8
2917f0
28992c
281b96
27a2ca
272e3a
26b90a
263ae2
25a9a2
24fbb2
242aa8
2335b6
222306
20ffca
1fdec2
1ed53e
1df742
1d5372
1cefc8
1cc7a8
1ccbea
1ce4c8
1cf568
1ce060
1c8c4c
1be7ac
1aeb5c
199b4e
18058e
163fd4
146434
128d92
10d440
0f4b80
0dffd0
0cf66c
0c2d9e
0b9df0
0b3bc2
0af92e
0ac7e2
0a9aca
0a6762
0a265e
09d3e2
096f2e
08f9f0
087762
07eb78
075a54
06c812
0638fe
05b1f8
0538e4
04d4b4
048d06
04691c
046e62
049eb8
04f716
056eb4
05f756
067e90
06f014
073876
074810
07151a
069cca
05e32c
04f19a
03d476
029874
014828
ffea84
fe8242
fd0e7c
fb8c2a
f9f814
f850a8
f6973c
f4d07c
f303c4
f139c0
ef7a92
edcbd6
ec2f26
eaa168
e91adc
e7901e
e5f3b6
e43854
e252e2
e03c54
ddf300
db7b30
d8deea
d62d1e
d37808
d0d33e
ce51b0
cc038e
c9f4c4
c82bf0
c6aa10
c56b0c
c466de
c3933c
c2e57a
c2545c
c1d980
c1722e
c11f56
c0e4ea
c0c8c6
c0d13e
c103c0
c163c2
c1f208
c2ac7e
c38e78
c49164
c5ad7c
c6da8e
c81090
c94816
ca7aa8
cba308
ccbd9c
cdc8ec
cec62c
cfb9a4
d0aaf6
d1a4d6
d2b422
d3e67e
d54866
d6e2f8
d8ba06
dacabc
dd0b26
df6ac6
e1d45a
e43078
e6688c
e869c6
ea277c
eb9c88
eccb92
edbe0e
ee8276
ef29d2
efc520
f06306
f10e38
f1cca4
f29f6c
f383c0
f4740e
f56998
f65ddc
f74bc8
f83070
f90b6c
f9deb0
faae12
fb7ea2
fc55ec
fd394c
fe2d62
ff35b8
00548c
018ac2
02d7fe
043ac6
05b0c6
073724
08cae6
0a6940
0c1008
0dbe12
0f7398
113256
12fd7a
14d92e
16c9d4
18d2fe
1af64e
1d325e
1f8208
21dc2c
24341e
267ae0
28a0d4
2a980e
2c5682
2dd7f6
2f1f1e
3035e0
312c5c
3216ee
330b7c
341e72
355fda
36d92c
388be0
3a7146
3c7b76
3e9756
40af1c
42ad3c
447ef4
46167a
476c24
487eb0
4952a0
49f0de
4a64d2
4aba56
4afb9e
4b2f94
4b58ca
4b7514
4b7df4
4b69ae
4b2cfc
4abd0e
4a119c
4926b4
47fe0e
469f86
4518ca
437bf2
41dd5c
405120
3ee858
3daefe
3caa70
3bd91a
3b333a
3aac9a
3a36e4
39c420
3948ca
38bd3a
381e06
376b7c
36a868
35d896
34ff62
341eca
33371e
32474a
314d82
304810
2f35f4
2e171c
2cec36
2bb614
2a74fc
292848
27ce58
26651a
24eb12
236084
21c888
202972
1e8c88
1cfcb4
1b84b0
1a2ccc
18f8f2
17e74c
16effe
1605f4
1518ba
1416fe
12f12c
119bae
101056
0e4ec4
0c5bda
0a4072
0807c0
05bdc4
036dfe
0122c6
fee504
fcbc68
faafb6
f8c506
f701b8
f56a20
f400e4
f2c652
f1b7da
f0d00e
f006fc
ef5322
eeaabe
ee054a
ed5ce0
ecaf16
ebfd52
eb4c4e
eaa2f8
ea089c
e9830a
e914b8
e8bbc4
e871ac
e82bfc
e7ddea
e77a9e
e6f7a6
e64f18
e580e6
e4932a
e3912c
e2897e
e18b52
e0a3aa
dfdb1e
df348c
deacfa
de3cae
ddd952
dd7890
dd127e
dca374
dc2cc4
dbb440
db42cc
dae236
da9ae4
da71f2
da6818
da798c
da9ed4
dace46
dafdd2
db24c6
db3d12
db43ee
db39e4
db2248
db025a
dae030
dac1c8
daac48
daa388
daa9e4
dac04a
dae66a
db1b18
db5cc0
dba9ee
dc01bc
dc6432
dcd276
dd4e94
dddb00
de79f8
df2cce
dff34a
e0cb58
e1b124
e29fb2
e391c0
e482ce
e57006
e658b8
e73e3c
e8232a
e90a30
e9f4aa
eae196
ebcd02
ecb068
ed83f2
ee403e
eee086
ef6472
efd150
f0322c
f096ca
f1118e
f1b4bc
f28fc2
f3acc4
f50f30
f6b368
f88f96
fa9562
fcb41a
fedad4
00fa4a
0305f0
04f482
06bfc4
08640a
09df94
0b3236
0c5d40
0d63e6
0e4bb8
0f1d26
0fe376
10ac34
1185e2
127e3c
13a010
14f13a
167138
181880
19d920
1ba054
1d590a
1eeebe
205046
2171f0
224eaa
22e7fe
2344fc
237062
23765e
236252
233d3c
230cc2
22d31e
228fb6
224062
21e2b2
217540
20f890
206f9c
1fdfa8
1f4fce
1ec81a
1e5082
1defd0
1daa94
1d8274
1d75ce
1d7fac
1d983c
1db5ac
1dcd50
1dd4fe
1dc444
1d956e
1d4636
1cd7d8
1c4ec0
1bb1c0
1b08fa
1a5ce0
19b56e
1919a0
188f3a
181af0
17c098
17835c
1765c2
176988
178f34
17d584
183904
18b3ba
193d48
19cb70
1a52d6
1ac814
1b20b8
1b541a
1b5bee
1b3460
1adbf8
1a5348
199c70
18bad0
17b2c8
1689c0
15464e
13f060
129126
1132e0
0fe02e
0ea304
0d835c
0c85d0
0baa76
0aec20
0a405c
099846
08e21c
080b7c
0703c2
05be6a
0434d8
026764
005d4a
fe23b0
fbcbbe
f9683e
f70b4c
f4c436
f29e2c
f09f98
eeca62
ed1cc2
eb9292
ea2690
e8d37a
e794c2
e666f0
e54786
e434b6
e32d1e
e22f68
e13a32
e04c24
df640e
de8130
dda380
dccbd0
dbfc00
db36ec
da806c
d9dd18
d95216
d8e4ae
d899d8
d875cc
d87b72
d8abe2
d90640
d987b6
da2bb8
daec80
dbc3d4
dcab94
dd9e3a
de971e
df9256
e08c7e
e18230
e26fb4
e350ce
e420dc
e4db48
e57c30
e6011a
e66960
e6b666
e6eb60
e70ca0
e71ea0
e72500
e721ac
e7145a
e6fa84
e6cfe2
e68f42
e633ac
e5b95a
e51e8a
e463c0
e38bd4
e29b94
e1991e
e08b40
df78e4
de68aa
dd60b4
dc6682
db7eea
daae00
d9f6d6
d95b2e
d8db38
d87550
d82614
d7e8b4
d7b79c
d78d86
d76660
d74044
d71bea
d6fcde
d6e8f6
d6e76c
d6ffae
d73810
d794d4
d81796
d8bf4a
d988d2
da700e
db7108
dc8916
ddb786
defdf8
e05ffc
e1e23c
e38970
e55936
e75338
e976a2
ebc026
ee2a70
f0aec6
f345b6
f5e78c
f88cb0
fb2d88
fdc272
0043b4
02a9ca
04edf0
070b1c
08ff12
0acb6e
0c7648
0e0a0e
0f9492
112556
12cb48
149260
168192
1899a4
1ad504
1d28ce
1f86c0
21dfa4
2425a4
264e3e
28532a
2a324a
2becbc
2d855a
2eff0a
305b6e
319a40
32b964
33b5c6
348c70
353bb8
35c402
362802
366c50
369692
36ac8a
36b338
36ae68
36a0c8
368c6a
367390
365942
3641b0
3631e8
362f18
363d80
365f5a
36940a
36d7fc
372532
37744c
37be1a
37fd1c
382ea8
385372
386f1e
38873e
38a1be
38c34e
38ee08
3920bc
395724
398ace
39b488
39ce04
39d342
39c362
39a0d2
3970b4
3939ae
3902a6
38d174
38aa04
388e0a
387d40
387608
38763a
387bc6
3884f2
389026
389b60
38a36c
38a33c
3893b4
386be4
38220a
37acf6
3705bc
36294e
351984
33dd6a
328096
3111a0
2f9ffc
2e399e
2ce8ca
2bb26e
2a957a
298b18
2887e4
277dce
265e5c
251cfa
23b0d2
22160a
204e3a
1e602a
1c56c8
1a3f9c
1828ee
161ff0
142f1a
125d00
10abc0
0f191c
0d9f5e
0c36d8
0ad7a6
097b8e
081fa4
06c540
057214
042f4e
0307dc
020628
0131a8
008cc0
001378
ffbb56
ff7464
ff2b5c
fecc7e
fe46b2
fd8e42
fc9eb6
fb7b84
fa2f68
f8caa2
f7606a
f603f8
f4c5ee
f3b234
f2ced6
f21bbc
f19362
f12c0c
f0d952
f08d92
f03b2e
efd59c
ef5220
eea85c
edd2d4
eccf80
eba058
ea4b98
e8dbc0
e75f2c
e5e6e6
e4850a
e34a9a
e24558
e17dcc
e0f610
e0a970
e08d3a
e0926c
e0a826
e0be4e
e0c822
e0be30
e09f4e
e070a0
e03c9a
e01126
dffd62
e00f2e
e05110
e0c882
e1750c
e2501e
e34da8
e45d7a
e56d48
e66ae2
e74676
e7f4b2
e87030
e8ba12
e8d9aa
e8db4e
e8ce7c
e8c3a2
e8c9d0
e8ecfa
e934de
e9a4e0
ea3cb8
eaf9b2
ebd844
ecd582
edeffe
ef2838
f08030
f1faa4
f399e4
f55ec0
f747a4
f95048
fb71a0
fda27e
ffd862
020886
0428f2
063164
081c0e
09e636
0b9080
0d1f02
0e98e4
1007b8
117670
12effe
147dac
1625c2
17ea3c
19c844
1bb82e
1dae4e
1f9c88
217446
232886
24afc0
26052a
272954
2821d6
28f836
29b85c
2a6eca
2b26de
2be956
2cbb5a
2d9e0e
2e8ec2
2f87a2
3080c4
317188
3251fa
331c02
33cc46
3462a0
34e216
35502e
35b3c8
3613b4
36752c
36da7a
37421e
37a6c2
37ffda
384306
3865f0
386032
382d28
37cd34
37461c
36a2b2
35f180
3542e0
34a6da
342b08
33d8f8
33b52c
33bee2
33f090
3440dc
34a40e
350d76
3570ca
35c314
35fb68
361312
36055e
35cf36
356eb2
34e2bc
342ad2
33471a
3238a8
3101fa
2fa76a
2e2f9e
2ca3a4
2b0eaa
297d44
27fc34
26970a
2556a4
244000
235378
228cb2
21e320
214b14
20b70a
20194e
1f6540
1e905c
1d92ce
1c679e
1b0c92
198210
17caec
15ec74
13ee74
11db3e
0fbf50
0da8a4
0ba5a6
09c3d0
080e0a
068b4a
053d82
042146
032e46
025884
019220
00cd5a
fffe86
ff1d60
fe25e4
fd185c
fbf8c8
facdf4
f9a050
f878e0
f76054
f65e64
f57974
f4b64e
f4180e
f3a000
f34d78
f31dba
f30c1a
f31240
f328ba
f347c8
f36828
f383c2
f3962c
f39cb6
f39616
f381e4
f35ffa
f32fd4
f2f04a
f29fac
f23c3a
f1c4e0
f13a22
f09ec0
eff7f4
ef4d20
eea6f8
ee0e22
ed89b8
ed1de4
eccad0
ec8c60
ec5a82
ec2a52
ebefb8
eb9f54
eb3040
ea9d5a
e9e5d8
e90d00
e81926
e7122a
e5ffb8
e4e7ce
e3cdee
e2b2d4
e19512
e0723c
df484c
de170e
dce0f0
dbab34
da7d6a
d9604a
d85c3e
d777ee
d6b74c
d61b50
d5a23c
d54890
d50a56
d4e468
d4d55a
d4ddec
d500f0
d54290
d5a76c
d6337e
d6e968
d7ca1e
d8d4ee
da07ec
db60a8
dcdca8
de79fa
e03758
e2141c
e40ff8
e62a94
e86324
eab816
ed26d0
efaba6
f241a0
f4e276
f78696
fa2530
fcb474
ff2a08
017bec
03a14e
0593ae
074fc0
08d5e2
0a2a1e
0b5366
0c5a50
0d4780
0e220e
0eee30
0fac7a
105a00
10f136
116b60
11c266
11f27e
11fb46
11e03a
11a85e
115d24
1108e6
10b552
106a08
102bb0
0ffbae
0fd880
0fbe84
0fa926
0f940e
0f7c34
0f6094
0f4288
0f25b4
0f0f98
0f06c4
0f11f8
0f3718
0f7a24
0fdc7a
105c6a
10f540
119fd0
12537a
130786
13b49a
145600
14ea72
157458
15f944
1680d6
171328
17b71c
18710e
1941cc
1a267a
1b1920
1c11e0
1d0884
1df604
1ed5c4
1fa662
2069d0
2124d8
21ddfe
229c2a
23653a
243cc2
252362
26169c
27114e
280c8e
290102
29e812
2abd26
2b7e36
2c2bfa
2cc93e
2d59d4
2de11c
2e608c
2ed694
2f3e40
2f8faa
2fc142
2fc9b6
2fa1fa
2f473e
2ebc0a
2e088e
2d3990
2c5e84
2b86d4
2abf20
2a0ed8
2976f2
28f1be
28743a
27f05a
275800
269fc0
25c130
24bc0c
23960e
225970
2112ac
1fcdce
1e93f2
1d6986
1c4dba
1b3b1c
1a2940
190efe
17e4ac
16a606
15533c
13f0e8
12871c
111fc0
0fc482
0e7d26
0d4e3a
0c38c0
0b3a9c
0a4fbe
0973a4
08a2cc
07dbba
071f70
067112
05d50a
054fbc
04e448
049384
045b8a
0437e6
04226c
041474
040840
03fa3a
03e9a6
03d8dc
03ccb0
03cb7a
03db8a
0401ae
043fd4
049426
04f8e2
0564b2
05cbc6
06214c
065900
0668d0
064a12
05fa30
057ad2
04d154
0405d4
0321ea
022f3e
01364e
003d5a
ff47ec
fe56ac
fd67ba
fc7744
fb806a
fa7e3c
f96c92
f848ea
f712ec
f5cca2
f47a70
f322e0
f1ce04
f084d6
ef507c
ee396c
ed46c0
ec7daa
ebe0f6
eb70ee
eb2b6a
eb0c14
eb0ce8
eb26b4
eb51b8
eb8610
ebbc3a
ebed62
ec1388
ec29c2
ec2c40
ec1868
ebecd6
eba97a
eb4f84
eae15e
ea6296
e9d7a0
e945aa
e8b24c
e82344
e79e08
e72776
e6c378
e674c8
e63cba
e61b16
e60e12
e61268
e6238e
e63c30
e656b2
e66df2
e67e22
e6859e
e685be
e68344
e68686
e69af4
e6ce1e
e72e32
e7c812
e8a54e
e9ca6a
eb35a2
ecde7c
eeb676
f0aa8a
f2a57a
f49278
f65fc0
f800a0
f96eac
faa9c4
fbb744
fca054
fd6ff2
fe30f8
feec94
ffa980
006be8
0135d8
020834
02e3a8
03c946
04bacc
05ba5a
06c9b8
07e9ac
09192c
0a5512
0b9836
0cdc22
0e1a18
0f4c2a
106e34
117e7e
127dd2
136f0a
145648
1537c8
1616fe
16f5e0
17d4c2
18b2a2
198dfc
1a65c4
1b3a70
1c0e9c
1ce73e
1dcb32
1ec23a
1fd394
210456
225614
23c5e4
254c32
26dd50
286ad4
29e57c
2b3f34
2c6ce6
2d67e6
2e2e7c
2ec39c
2f2de4
2f7614
2fa548
2fc380
2fd69a
2fe1e4
2fe664
2fe398
2fd86c
2fc40e
2fa690
2f8104
2f5524
2f24aa
2ef094
2eb86c
2e7a0e
2e319a
2dd9d4
2d6cbc
2ce456
2c3b52
2b6d9e
2a78d6
295c94
281abc
26b7b2
253a90
23ad20
221b96
2093de
1f2470
1dda9e
1cc0c0
1bdc7c
1b2d6a
1aacb8
1a4da6
19ff18
19adee
1947be
18bd88
18059e
171cd2
160666
14cb08
137722
1218ca
10bdb6
0f71a4
0e3d56
0d263a
0c2e88
0b55ba
0a990e
09f404
0960c4
08d860
085320
07c8ec
0731e0
0686de
05c244
04e082
03e062
02c30e
018ba0
003e50
fedf8e
fd7314
fbfb34
fa7898
f8ea78
f74f44
f5a5b2
f3edd8
f22a0e
f05f7a
ee9606
ecd7a2
eb2f14
e9a64a
e844c2
e70e18
e60142
e51862
e44996
e38848
e2c72e
e1fa2e
e11842
e01cc0
df07f2
dddef0
dcaac8
db7724
da5098
d94302
d85802
d795ee
d6ff44
d69286
d64a90
d61f5e
d60734
d5f7e8
d5e84c
d5d184
d5b01a
d5848c
d55350
d5241a
d50090
d4f26e
d50188
d531d4
d58220
d5eb8a
d66234
d6d6e0
d73968
d77b96
d793d2
d77f2e
d7423c
d6e898
d68318
d624f4
d5e08e
d5c43c
d5d7d6
d61b8a
d6880a
d71004
d7a294
d82e50
d8a436
d8f9fc
d92b68
d93a86
d92ed0
d91396
d8f5f2
d8e2a6
d8e46e
d90298
d9405c
d99cc2
da1306
da9b68
db2c2a
dbbaae
dc3cba
dca9a8
dcfb82
dd2fb6
dd4790
dd4816
dd396e
dd2598
dd16f6
dd16ae
dd2b32
dd576c
dd9a84
ddf088
de53c0
debe5a
df2c34
df9c32
e010fe
e090d8
e124a0
e1d640
e2aeea
e3b56e
e4ed1c
e65562
e7ea34
e9a516
eb7e92
ed6fac
ef7306
f18584
f3a650
f5d65a
f81774
fa6b54
fcd2b6
ff4ce6
01d790
046ef0
070e48
09b056
0c4fac
0ee6fc
117122
13e90c
1649b2
188e1e
1ab1aa
1cb06a
1e87a6
203634
21bcb4
231d66
245bbe
257b8c
26801c
276b5a
283d38
28f370
2989e0
29fb40
2a4234
2a5a6c
2a418a
29f7ba
297fba
28de70
281a2e
2739b2
26433e
253bf0
24275c
23079c
21ddce
20aaaa
1f6f50
1e2de8
1cea0a
1ba8c8
1a7064
1947b4
183538
173e32
1665ba
15ac2c
150ede
148874
141182
13a1c2
133166
12ba88
123a48
11b186
112508
109cd0
1022e2
0fc1ae
0f8236
0f6a6e
0f7bfc
0fb3a4
100980
1071e4
10deea
11423c
118f06
11bb9c
11c2b6
11a406
116402
110b22
10a46e
103bea
0fdcb0
0f8f60
0f58d0
0f3970
0f2d12
0f2b8a
0f29d2
0f1b86
0ef4aa
0eab6a
0e397e
0d9d22
0cd956
0bf572
0afbfa
09f91c
08f8d6
08050e
072432
065856
059f32
04f2de
044b2e
039f76
02e84e
022126
014918
0062f2
ff7490
fe8596
fd9dde
fcc3ec
fbfbbe
fb4628
faa0ea
fa0756
f9735e
f8deaa
f843a6
f79e1c
f6eb6e
f62a7e
f55b4a
f47e7e
f3951a
f2a056
f1a19c
f09aa8
ef8db2
ee7d60
ed6c8a
ec5df2
eb53c4
ea4f4c
e950f2
e8586e
e7655a
e677ea
e59198
e4b580
e3e85a
e32fe6
e291ee
e21312
e1b5ba
e17940
e159c6
e150bc
e15602
e16174
e16c80
e17374
e17634
e1781a
e17f3e
e1931a
e1bad0
e1fbb8
e2580e
e2ce62
e359c0
e3f294
e48fdc
e52896
e5b512
e62fec
e69662
e6e840
e72744
e75640
e77846
e78fec
e79eea
e7a63e
e7a6aa
e7a152
e79866
e78f9e
e78c32
e79462
e7ae8c
e7e008
e82be0
e891de
e90e0e
e998c6
ea2786
eaae76
eb2230
eb79a6
ebafd8
ebc506
ebbf00
eba8cc
eb919a
eb8b18
eba77c
ebf7a2
ec8922
ed64fe
ee8eac
f003b0
f1bbca
f3a99a
f5bba4
f7ddc0
f9fad0
fbfeb4
fdd7e4
ff7914
00da4c
01f95e
02d998
0382d0
03ffc6
045c4a
04a374
04de38
051290
054384
0571fc
059df8
05c7f6
05f23a
062174
065c8e
06abf0
071802
07a796
085e6c
093c22
0a3bf8
0b555c
0c7d3c
0da7a0
0ec97a
0fda46
10d4f8
11b86a
128716
13465c
13fd72
14b440
157262
163e3e
171c82
180fca
191874
1a348e
1b600c
1c951a
1dcc7a
1efe52
2022ea
213376
222aea
230678
23c5c8
246ac6
24f918
257552
25e41a
26496e
26a846
270262
2758a2
27ab7c
27fb8a
2849ee
28988e
28e9cc
294012
299d2a
2a0196
2a6c06
2ad958
2b44e0
2ba8f6
2bffe2
2c44bc
2c7426
2c8ca0
2c8ea0
2c7c12
2c57b6
2c245a
2be41e
2b9804
2b3ffe
2adb48
2a6906
29e90e
295c90
28c686
282b92
279190
26feb0
267860
260220
259cae
254592
24f74c
24aa14
24550c
23efa2
2372ec
22da9a
22255c
2154b2
206c24
1f700a
1e6434
1d4aec
1c2448
1aee30
19a4fe
18449e
16c9dc
1533c2
138468
11c134
0ff280
0e2292
0c5c28
0aa8de
090fd6
0794bc
06374e
04f3ce
03c3ca
029f62
017eae
005ae2
ff2f32
fdf954
fcb988
fb7214
fa26da
f8dc8c
f79816
f65e16
f53296
f418d8
f31350
f223a2
f14a8e
f087c0
efd9c6
ef3e00
eeb0b4
ee2d3c
edae78
ed2f46
ecab08
ec1e28
eb865e
eae2dc
ea3440
e97c32
e8bd02
e7f92a
e732e0
e66bcc
e5a4e0
e4de3e
e4172e
e34e50
e281a2
e1aea6
e0d28c
dfea78
def3c4
ddec5a
dcd316
dba806
da6c8c
d92348
d7cfc2
d675e6
d5197a
d3bd8a
d26406
d10dd8
cfbb1c
ce6bc8
cd205e
cbda8c
ca9db6
c96efa
c854da
c75686
c67ace
c5c710
c53e4a
c4e0a8
c4ab7e
c499ee
c4a5fc
c4c9ba
c50076
c54794
c59ed8
c6082e
c686e0
c71e7a
c7d194
c8a0cc
c98a32
ca894a
cb97ae
ccae30
cdc620
ceda88
cfe8ec
d0f1ba
d1f7ee
d3007c
d41138
d52fdc
d66134
d7a896
d907c6
da7f2a
dc0e2c
ddb3a8
df6e2e
e13c18
e31b50
e508ee
e700e4
e8fdcc
eaf904
eceb06
eecc16
f09528
f240ba
f3cbb4
f535ee
f68250
f7b690
f8da86
f9f720
fb1540
fc3c98
fd72a2
feb9f2
0011e8
0176e8
02e2c2
044dc6
05afd0
070164
083c96
095d90
0a62c0
0b4ca2
0c1d36
0cd766
0d7e68
0e153c
0e9e72
0f1c1e
0f900c
0ffc06
10621a
10c4aa
112652
1189b0
11f0fe
125dbc
12d070
13488a
13c496
144286
14c020
153b98
15b3fa
1629b2
169ebe
1716c6
1796ee
182554
18c87e
19867e
1a641a
1b6400
1c8630
1dc7c0
1f2324
2090e0
2208b2
2382e4
24f994
26698e
27d2a2
29372c
2a9b0c
2c01fc
2d6e02
2eddfa
304cdc
31b1d4
330150
342ed2
352f20
35fa5c
368d84
36eae4
37198e
37239a
3713c8
36f2f0
36c5ba
368b2e
363c7c
35cdfe
353146
3457e4
33362e
31c5a4
300646
2dfed4
2bbbdc
294dae
26c5e2
2434d0
21a774
1f260e
1cb3a4
1a4e82
17f156
1594d0
133140
10c008
0e3ca2
0ba52c
08fa7e
063fd4
037a68
00b0e6
fdeafc
fb30fc
f88ba0
f603cc
f3a246
f16f7a
ef72f4
edb2ce
ec331a
eaf542
e9f78e
e934ea
e8a516
e83d32
e7f0b6
e7b2c2
e7778a
e735ba
e6e78c
e68b60
e623a2
e5b62a
e54ae6
e4ea58
e49c08
e46526
e447aa
e44210
e44fcc
e46a14
e4893c
e4a5f2
e4ba3c
e4c23a
e4bc4c
e4a8e8
e489ec
e461ee
e43372
e40058
e3c97a
e38e9e
e34e8a
e3075a
e2b706
e25bd6
e1f4ca
e18220
e1058c
e08238
dffc92
df79ba
defeac
de8f56
de2dc2
ddd95c
dd8ebc
dd481c
dcfe28
dca958
dc43a8
dbca06
db3d7c
daa38a
da05a4
d96fa2
d8edba
d88a3e
d84b6e
d83222
d8396c
d85756
d87e96
d8a100
d8b210
d8a900
d8825a
d84042
d7e9dc
d789be
d72bfe
d6dc32
d6a402
d68a60
d69382
d6c166
d714da
d78e5a
d82ea0
d8f6ae
d9e74c
db0014
dc3e86
dd9d56
df1448
e098ce
e21f4a
e39cc4
e5089a
e65df4
e79c88
e8c864
e9e914
eb080c
ec2eb2
ed6498
eeae3c
f00c92
f17d42
f2fbc0
f482b0
f60d46
f79852
f922aa
faacc2
fc37c8
fdc466
ff5190
00dba8
025c84
03cc12
05219e
06557c
0762a2
0847a4
09070c
09a6d8
0a2f0a
0aa7fe
0b18d6
0b863a
0bf1ec
0c5b64
0cc0fc
0d217a
0d7da0
0dd94a
0e3b7a
0ead8e
0f39b6
0fe8d4
10c090
11c1e4
12e88a
142b72
157e3e
16d344
181da2
195330
1a6dac
1b6af0
1c4c5a
1d157a
1dca72
1e6e7a
1f02d8
1f8686
1ff69c
204f52
208d60
20af3c
20b600
20a5c8
208538
205c60
203346
201028
1ff612
1fe41a
1fd568
1fc212
1fa0b6
1f6874
1f12d2
1e9d56
1e0a36
1d6004
1ca87c
1bee90
1b3c2e
1a9836
1a052a
1980a4
19041e
1886a4
17ff0a
17661e
16b87c
15f776
1528c8
14554c
1386d6
12c5b2
12164a
1177a8
10e306
104ca0
0fa5a4
0edeea
0debd4
0cc4e0
0b693e
09df54
0833da
0677f8
04beb6
031a1c
0198c8
004426
ff1fc2
fe296c
fd5a4e
fca882
fc08b0
fb6f8a
fad2ce
fa29c0
f96d4e
f89800
f7a5b8
f693c6
f56132
f40f2e
f2a194
f11f20
ef914a
ee0388
ec8218
eb1858
e9cf28
e8ab86
e7adf2
e6d27a
e611c6
e562aa
e4bc24
e41726
e37006
e2c6d8
e21f18
e17e6e
e0eaf2
e0695e
dffbb2
dfa08a
df5344
df0d08
dec640
de7832
de1e48
ddb6d8
dd431c
dcc670
dc452a
dbc33e
db431e
dac508
da471e
d9c5c8
d93c9e
d8a772
d80304
d74d52
d6859c
d5abd8
d4c002
d3c1ae
d2afea
d18990
d04e14
cefea8
cd9f04
cc3604
cacd78
c97134
c82d56
c70c6a
c6155e
c54a02
c4a692
c42236
c3b08c
c34408
c2d0ac
c24e26
c1b972
c1154a
c0693e
bfbfe2
bf2484
bea0b2
be3a5e
bdf2f6
bdc794
bdb21c
bdab20
bdabfe
bdb090
bdb828
bdc594
bdde14
be07c2
be47c2
bea0a8
bf11b6
bf971c
c02b20
c0c7de
c1695a
c20ef2
c2bc02
c37764
c449c0
c53b1e
c65036
c7885a
c8dc6c
ca3f36
cb9f5c
ccea52
ce0fd4
cf0516
cfc6cc
d059ae
d0c94c
d1255e
d17e40
d1e176
d256ec
d2dfbc
d376a2
d411e0
d4a658
d52ac4
d59a5c
d5f65a
d645ea
d6949e
d6eff8
d76488
d7fb5c
d8b876
d99a74
da9b6e
dbb2c2
dcd754
de019e
df2cf8
e0580c
e1845a
e2b508
e3ed7a
e53032
e67e2e
e7d6f6
e93932
eaa3ac
ec162e
ed922a
ef1ac4
f0b414
f26224
f42792
f6046a
f7f56e
f9f42e
fbf7ce
fdf65a
ffe678
01c0f4
0381dc
052910
06b9f4
083a88
09b1ee
0b26ee
0c9e92
0e1b28
0f9c08
111de0
129b84
140f02
1572ae
16c1ea
17f9b2
19188e
1a1e36
1b0b22
1be01a
1c9dec
1d45a0
1dd8e0
1e5a94
1ecf4e
1f3d5a
1fac3e
202386
20a920
213f7e
21e3f4
228dd6
232eba
23b3f2
240936
241bea
23de76
234aee
22647a
2136fa
1fd50c
1e54c4
1ccbdc
1b4c04
19e056
188c62
174cae
1618f8
14e732
13aeb4
126a8a
111aae
0fc3c8
0e6d96
0d209a
0be3b0
0aba24
09a312
0899f6
07986e
069894
059766
049670
039c42
02b386
01e8c8
014788
00d74e
009970
00880c
0096c0
00b4e0
00d08c
00da4e
00c810
0096f2
004b76
ffeffa
ff91ca
ff3dc2
fefcec
fed222
feb946
fea82e
fe9104
fe658a
fe1a74
fdaa0c
fd153e
fc6328
fb9f02
fad50c
fa0f16
f951b8
f89ab0
f7e0d8
f715c2
f6289c
f50994
f3ad10
f20dec
f02e5c
ee173a
ebd610
e97a7e
e7134e
e4ac30
e24c52
dff628
dda83e
db5ed8
d915a2
d6c952
d478c0
d224f6
cfd0d2
cd8012
cb3648
c8f5fe
c6c080
c49618
c276c4
c06364
be5eb8
bc6e14
ba995c
b8ea58
b76b5e
b62596
b51f3e
b45a1e
b3d2ca
b380c2
b35760
b347c4
b34322
b33d20
b32dd0
b3131c
b2f114
b2d13e
b2c118
b2cfdc
b30c1a
b3816c
b436a8
b52cf2
b65f9c
b7c4e4
b94f6c
baeff2
bc9730
be375e
bfc558
c1391e
c28df2
c3c1fa
c4d5b4
c5cb4e
c6a63e
c76afc
c81ece
c8c7c8
c96cce
ca1544
cac8a0
cb8dd4
cc6a86
cd6266
ce76b2
cfa5f4
d0ec30
d24382
d3a4da
d508ce
d66890
d7be70
d90644
da3d5c
db6254
dc7492
dd7420
de6164
df3d1e
e00896
e0c5e4
e1782a
e223b0
e2cde8
e37d14
e437ae
e50390
e5e530
e6dedc
e7f05a
e916e6
ea4d9a
eb8e3e
ecd24c
ee1408
ef4f54
f08256
f1ad70
f2d2ea
f3f622
f51aa4
f64340
f77164
f8a502
f9dcca
fb1702
fc526e
fd8f56
fed00c
00192c
017122
02df0a
046962
0614a6
07e22a
09cf90
0bd6d8
0def16
100d98
12274a
1431f6
162510
17fa1a
19ac70
1b38b0
1c9c16
1dd404
1eddd6
1fb736
205ee4
20d59c
211f00
214214
21491e
2140d6
2136da
2137f0
214e20
217f3c
21cc08
223028
22a302
231946
2386d0
23e08a
241e26
243b16
2436ba
2413e4
23d7c0
23887a
232be4
22c65c
225a44
21e800
216eaa
20ed0c
2062b0
1fd0e4
1f3b1e
1ea6c2
1e1a4c
1d9bfa
1d3028
1cd7ee
1c9014
1c50c2
1c0e1e
1bb9b6
1b4490
1aa164
19c6b4
18b046
175fc0
15dc50
14315e
126ccc
109cce
0ece1c
0d0a98
0b589a
09baf4
08318a
06ba32
0551da
03f568
02a260
015724
001304
fed614
fda0e6
fc745a
fb5156
fa3898
f92a66
f8261c
f729d8
f63230
f53a2a
f43ba2
f33012
f211d2
f0dd90
ef93b2
ee392e
ecd7ba
eb7cdc
ea3816
e91854
e82924
e77032
e6ebd0
e692a8
e6550a
e61fac
e5df12
e5832e
e50250
e45ad6
e3933e
e2b85a
e1da40
e10886
e04ece
dfb244
df30b6
dec15e
de5784
dde600
dd62e6
dcca8e
dc2104
db71be
dacd58
da460c
d9eb94
d9c77c
d9daa6
da1cd8
da7e3c
daeaa6
db4dd2
db9788
dbbef6
dbc434
dbafca
db903c
db7664
db7160
db8b06
dbc5d6
dc1ccc
dc850c
dcf0ee
dd53b4
dda4ee
dde2ae
de124c
de3f2a
de7834
decc68
df4778
dfef30
e0c244
e1b886
e2c4a2
e3d6c2
e4df60
e5d1e0
e6a648
e759c0
e7ee04
e86828
e8ceee
e92932
e97ce6
e9ce9e
ea2192
ea7824
ead486
eb38e6
eba750
ec2130
eca6f0
ed371e
edcdfa
ee65b8
eef774
ef7c74
efef8a
f04ea4
f09bb8
f0dcb8
f11b02
f161dc
f1bc74
f233d6
f2cd34
f388dc
f461f0
f54f36
f64474
f73442
f8121c
f8d438
f974f0
f9f39a
fa54c0
faa1ac
fae752
fb34d4
fb9982
fc22ce
fcda6c
fdc4ca
fee064
00260a
018a1c
02fe9e
0475b6
05e43a
0743a4
0892cc
09d548
0b11b0
0c4f1a
0d9264
0edc00
102708
116a08
1298ea
13a7da
148e4e
154956
15dc7c
1650f6
16b33a
170fb6
176f80
17d5d4
183efa
18a116
18ee6a
1918c0
1914c2
18dc9a
18715c
17dad4
1725d8
1661de
159e50
14e83c
1448de
13c514
135d7a
130f06
12d3b4
12a30c
12729e
12366a
11e1b0
11682a
10bfc2
0fe288
0ed09e
0d9156
0c3328
0aca2c
096d68
083314
072ce4
066500
05dc42
058a5c
055fc8
054930
05332e
050e1e
04d0a2
047874
0409aa
038ca8
030b3e
028dae
0218c6
01ad16
014732
00e10e
007422
fffb78
ff74d8
fee116
fe43ca
fda1ee
fd003c
fc61c6
fbc708
fb2d84
fa907a
f9e9e8
f933b2
f868b0
f785a4
f68968
f574de
f44aae
f30ee0
f1c686
f0778e
ef287a
ede000
eca490
eb7b7e
ea6810
e96aae
e8802a
e7a18a
e6c49a
e5dd04
e4ddd8
e3bb38
e26bd0
e0e9de
df33c0
dd4bf6
db38aa
d9032e
d6b796
d4644e
d219aa
cfe950
cde534
cc1dd4
ca9ffa
c9727c
c89466
c7fbf4
c79730
c74e0c
c70648
c6a80e
c6226c
c56e90
c4913a
c39996
c29dee
c1b6bc
c0f972
c07402
c02a5c
c01658
c02a02
c053b4
c082c8
c0abb8
c0caae
c0e40e
c102a0
c13420
c1854e
c1fe66
c2a0d0
c366ae
c44470
c52b78
c60d5c
c6df24
c79b34
c841ee
c8d8f2
c96966
c9fd7a
ca9e36
cb51b0
cc19ec
ccf4a4
cddbd8
cec6de
cfab80
d07f3c
d13830
d1cddc
d239e2
d2789e
d289b0
d2704e
d23364
d1dd4e
d17b44
d11c50
d0d008
d0a4ca
d0a5e2
d0d9e6
d14180
d1d6aa
d28cc0
d35196
d40f88
d4b04e
d5204a
d551d2
d53fa6
d4ee9a
d46d7a
d3d328
d33b5e
d2c28a
d28186
d28a18
d2e4de
d39116
d4865c
d5b7ae
d716d8
d897ae
da31f8
dbe196
dda544
df7c54
e1643c
e356d4
e54a2e
e73218
e90328
eab65e
ec4c4c
edce9e
ef4f8c
f0e6f6
f2ad90
f4b760
f70eb6
f9b0f2
fc8df8
ff8aaa
0285d2
055e94
07faa6
0a4b26
0c4f10
0e12e6
0fad8e
113b28
12d72a
1496f2
1685de
18a34e
1ae31c
1d301c
1f6fd2
2186ec
235d50
24e160
260a12
26d798
2752be
278b2c
27952e
2786c8
2774dc
2770c0
27869a
27bc7a
281298
28843a
290954
299890
2a2928
2ab426
2b34fa
2ba964
2c10d8
2c6b40
2cb80e
2cf55e
2d1fb8
2d324e
2d27c6
2cfb18
2ca858
2c2d70
2b8a7c
2ac1fa
29d92e
28d858
27cade
26bf14
25c5a6
24f034
244f4a
23ef9e
23d760
2403e8
246870
24eeba
2579ac
25e982
262124
260b54
259eb2
24dfb0
23dfd6
22ba74
218f78
207d86
1f9c6a
1ef91c
1e9432
1e62c2
1e5166
1e486a
1e2ffe
1df3ec
1d85ec
1cde60
1bfba0
1ae09a
199330
181af6
16807c
14cd0e
130a9e
1143c6
0f831e
0dd22a
0c3828
0ab8ac
0952ae
0800b2
06ba10
057516
0429ba
02d422
01762a
0017ac
fec52e
fd8d44
fc7cf6
fb9c52
faebb6
fa62ac
f9f0a2
f97f8e
f8f7d4
f84490
f75774
f62b8a
f4c630
f335e2
f18f60
efe9d4
ee5a96
ecf152
ebb534
eaa3f2
e9b2a2
e8cffe
e7e7d2
e6e6cc
e5be32
e46682
e2e0c6
e1366c
df77a2
ddb86a
dc0d1a
da869e
d92f8a
d80a8a
d71224
d63a04
d571be
d4a846
d3cf7c
d2df08
d1d61c
d0bb98
cf9cb2
ce8a60
cd95e4
cccdb4
cc3b0a
cbe0e4
cbbc64
cbc670
cbf62a
cc438a
cca930
cd252e
cdb894
ce65ec
cf2eea
d01210
d1096a
d20a66
d3072a
d3f10a
d4bc0a
d56236
d5e5dc
d6523a
d6ba7a
d736e8
d7e098
d8ccb6
da0832
db94ca
dd6802
df6c7c
e18578
e393dc
e57bd8
e729ee
e89682
e9c758
eace90
ebc72c
eccfc6
ee0490
ef79b2
f13778
f3388e
f56af2
f7b3c4
f9f4d0
fc1272
fdf8de
ff9ff6
010c3a
024d14
0378da
04a796
05edae
07579a
08e7a6
0a9644
0c54b4
0e1152
0fbc62
114c0e
12bee8
141c6a
15732c
16d56e
1854c2
19fdc4
1bd4a2
1dd33c
1fe94e
21fe78
23f590
25b112
2717d6
28198e
28b20e
28eaf4
28db52
28a530
2870da
2866b0
28a866
294abe
2a510c
2bab90
2d3916
2ecbf0
303192
313b04
31c4f6
31bde2
3128f4
301cca
2ebef6
2d3d00
2bc496
2a7c5c
297ec6
28d796
288446
2876b4
28991a
28d24e
29099a
29297c
292166
28e660
287322
27c7c6
26e942
25e0b8
24ba54
23841e
224c54
211f88
20071a
1f08a0
1e2612
1d5e9e
1caff4
1c17b4
1b942e
1b2404
1ac4f6
1a7258
1a2386
19cb04
195730
18b4a8
17d1dc
16a312
152598
136164
116872
0f539a
0d3dcc
0b3ebe
09667e
07bad4
063754
04cfee
037508
021868
00b13e
ff3e30
fdc4fa
fc5020
faeb3e
f99e9e
f86c26
f74e36
f63870
f51a46
f3e2c4
f284d0
f0fa82
ef46d0
ed753a
eb97ea
e9c49a
e810a2
e68d26
e5440e
e43642
e35b3e
e2a21e
e1f3d6
e13672
e0512e
df302c
ddc784
dc158c
da238e
d804b6
d5d342
d3ace0
d1ae80
cff03c
ce8232
cd6ade
cca738
cc2c28
cbe924
cbcb38
cbc00e
cbb842
cba8a6
cb8a6c
cb5aa6
cb1956
cac85e
ca6a54
ca0210
c992c4
c92032
c8aee8
c84472
c7e7c8
c7a154
c77a36
c77b52
c7ac6e
c812e8
c8b08a
c9828a
ca8160
cba11e
ccd280
ce04b6
cf278e
d02de2
d10f7a
d1ca4e
d262a4
d2e268
d3578e
d3d1c6
d46028
d50f76
d5e8f6
d6f1cc
d82a9a
d98fa2
db1934
dcbbee
de68ea
e00e7c
e199b2
e2f876
e41c34
e4fd22
e59d2a
e6093a
e65856
e6a8b2
e71ac4
e7cb04
e8cbde
ea2176
ebc020
ed8e8c
ef6b24
f1336e
f2cbb4
f4255c
f54218
f632de
f71352
f802e8
f91d5a
fa7464
fc0c7a
fddd5c
ffd604
01e256
03f152
05f9d4
07fcc2
0a0386
0c1bc0
0e5204
10acec
132a0e
15bdc8
1855de
1ade34
1d4606
1f8414
219888
238c52
256e44
274e76
2939b4
2b362e
2d4256
2f5586
31628e
335acc
3530ec
36da74
38500a
398cc8
3a8d34
3b4ea6
3bcf90
3c10e2
3c1810
3bf0a4
3baca0
3b62d0
3b2b34
3b1a2c
3b3b26
3b8c58
3bfd06
3c6f54
3cbd16
3cbe9a
3c5268
3b647c
39f298
380cfc
35d376
336f94
310cec
2ed152
2cd6ca
2b2818
29c08a
288eac
277908
26642c
253840
23e54e
22659a
20bdc8
1efaf4
1d2f6c
1b6ea4
19c924
18494e
16f1a4
15bc70
149cca
138120
1256d6
110de0
0f9bc2
0dfdbe
0c39ac
0a5d2c
087b74
06aa4c
04fed2
038a6c
025856
016c98
00c428
0055c2
001368
ffec36
ffce18
ffa73c
ff6778
ff01a4
fe6cc0
fda4f0
fcac50
fb8b78
fa5146
f91190
f7e2ca
f6daf2
f60c30
f581d8
f53e48
f539f4
f5640a
f5a50c
f5e294
f60322
f5f1dc
f5a150
f50ce0
f438ea
f3316c
f207a8
f0cf50
ef9bb6
ee7d42
ed7f70
eca79c
ebf492
eb5ede
ead9e2
ea554a
e9bf00
e905ce
e81bbe
e6f82a
e5994c
e404c8
e2472a
e07274
de9bc2
dcd846
db3a56
d9cf20
d89cfc
d7a2f8
d6d976
d633ce
d5a274
d5157c
d47ed6
d3d466
d31122
d2352e
d1451e
d048ee
cf4a8c
ce5426
cd6eb8
cca158
cbf118
cb6186
caf598
cab09c
ca96bc
caacdc
caf77a
cb793c
cc310a
cd1848
ce2204
cf3b74
d04dec
d1423e
d204ea
d289fe
d2d002
d2e14a
d2d282
d2bf74
d2c65c
d302d2
d388fa
d46296
d58de8
d6fedc
d8a1da
da5fd2
dc2284
ddd7de
df744a
e0f382
e25880
e3ac60
e4fc9e
e6596c
e7d3be
e97b08
eb5b2e
ed7a04
efd540
f26196
f50b3c
f7b79e
fa48c8
fca254
feaee0
0064a0
01c820
02ec12
03ee7c
04f3a2
061f44
078dc0
094ebe
0b62a8
0dbb4e
103f6c
12cfd2
154d62
179e54
19b19a
1b8012
1d0b8c
1e5c46
1f7dac
207b80
215ff8
2232f6
22fa40
23ba62
2477b4
253708
25fda0
26d0d4
27b58c
28af52
29bf80
2ae4d8
2c1b4c
2d5bb6
2e9c08
2fcf72
30e6e0
31d21e
3281f2
32eab2
33070e
32dacc
327402
31ea94
315d78
30ee12
30ba5c
30d6f0
314a14
320962
32fb1c
33fa78
34de20
357fe2
35c3fe
359e12
3512f8
3436f0
3328f6
320c4a
3101ca
302264
2f7c0c
2f1124
2eda32
2ec966
2ece9a
2edac6
2ee268
2ede70
2ecb78
2ea87e
2e7574
2e3182
2dda3c
2d6bf4
2ce2ae
2c3b0a
2b7380
2a8d26
298c2e
2877d2
2759d0
263d68
252e56
243788
2361bc
22b28a
222b84
21c9d0
2186aa
215880
21342e
210ed2
20df60
209fba
204d94
1fea3c
1f794a
1eff1e
1e7f94
1dfcc4
1d76a8
1ceb96
1c5930
1bbe02
1b1b42
1a7576
19d410
19406a
18c3a8
18640a
1822a8
17fa00
17dd7e
17bab4
177bb6
170aa6
165592
1551f4
13ff36
1267e2
10a0b8
0ec5c8
0cf66a
0b506c
09eaf6
08d292
0806da
0779e2
07121c
06ae68
062b0e
056732
0449f4
02c63c
00dc3a
fe98c4
fc12ae
f966c8
f6b362
f4140e
f19eae
ef61ec
ed64ac
eba6c6
ea230a
e8d120
e7a702
e69a5e
e5a136
e4b1e6
e3c2f0
e2caea
e1c094
e09b84
df5510
dde940
dc57ba
daa49c
d8d892
d70080
d52ca6
d36f16
d1d9ba
d07bfc
cf6096
ce8c0e
cdfbd8
cda61e
cd7acc
cd65ca
cd51cc
cd2bdc
cce6d6
cc7dcc
cbf53e
cb5b30
cac55c
ca4dc4
ca0ec8
ca1ec6
ca8bf8
cb5952
cc7d58
cde32c
cf6d86
d0fb3e
d26cc4
d3a9c2
d4a5a2
d56288
d5f1fc
d672a0
d70ae8
d7e23a
d91928
dac23c
dcdd00
df5468
e20106
e4af3a
e72850
e93c88
eacc48
ebce9e
ec536c
ec811c
ec8dda
ecb58a
ed2f02
ee22c2
efa44a
f1afdc
f42d30
f6f56a
f9dae4
fcb118
ff5386
01a986
03a730
054ba2
069dfc
07a9e6
087c78
092298
09a96a
0a1f56
0a951c
0b1ea0
0bd258
0cc6c4
0e0f66
0fb950
11c794
14313e
16e1ae
19babc
1c9866
1f558a
21d0cc
23f0e0
25a76a
26f230
27daf2
2875c8
28ddbe
2930e6
298cb4
2a0a44
2abac6
2ba560
2cc64e
2e0f38
2f68fe
30b6d4
31da54
32b7da
333a52
335616
330a24
325fdc
3168c8
303b72
2eefc2
2d9b72
2c4f5a
2b15a8
29f19c
28e09e
27dbe4
26da62
25d2a8
24bcc0
239340
2253d8
20ff26
1f980a
1e2298
1ca320
1b1d30
1992c0
180446
167100
14d75a
13360a
118da2
0fe200
0e3b1e
0ca508
0b2ef2
09e934
08e29a
0825b4
07b6bc
079232
07ac80
07f372
08508c
08abec
08ef8c
0909de
08ef44
089a94
080cd4
074bfc
06618c
055994
0441f8
032a30
022310
013e3e
008d62
0020aa
000428
003ce8
00c6ba
019272
02852a
0379d2
044488
04b776
04a8ce
03f940
02992a
008bd6
fde852
fad78e
f78f64
f44b3e
f14402
eea82e
ec9520
eb12ea
ea13e6
e97756
e90e8a
e8a464
e80588
e70754
e58d68
e38c68
e109c8
de1936
dad868
d76a08
d3f10e
d08d4c
cd58da
ca66a8
c7c2a2
c5722e
c374a2
c1c3c8
c05450
bf160c
bdf4be
bcd99a
bbad8a
ba5c12
b8d696
b71726
b5221e
b30644
b0db68
aebf3c
acd0d2
ab2c12
a9e5c6
a90868
a892b4
a878ec
a8a7a2
a9076c
a98174
aa0446
aa8752
ab0cc4
aba1ac
ac5bfa
ad568c
aeac20
b07204
b2b34c
b56d92
b88fd4
bbfbd2
bf8a20
c31008
c6669a
c971a4
cc24f0
ce8686
d0ae1e
d2c180
d4ee12
d760d6
da3e90
dd9cde
e17d94
e5cd6e
ea6670
ef1544
f3a098
f7d188
fb7be8
fe84b0
00e580
02ad72
03fea2
05088e
06009a
071a2a
087eb2
0a47b6
0c7c0a
0f0fc4
11e720
14dc5a
17c69a
1a8084
1ced8e
1efd44
20abd8
220078
2309e6
23da4c
2483c2
251644
259efc
262900
26bf1e
276d74
284222
294c9a
2a9bc0
2c3b2c
2e3010
3076dc
330280
35bd16
388a24
3b4a18
3dde0c
402ad0
421b7a
43a318
44bd08
456cec
45be92
45c52c
459a06
455af2
4527f4
451fea
455cb4
45eefe
46dae0
481654
498a1c
4b1500
4c915a
4ddbc2
4ed918
4f7ac2
4fc042
4fb5d2
4f704a
4f0766
4e902c
4e18ca
4da672
4d35e6
4cbed2
4c3832
4b9bf4
4ae9c0
4a27e0
49618c
48a36e
47f80a
47641a
46e498
466ef6
45f2f4
455d98
449cdc
43a2d2
4267c6
40eb30
3f334a
3d4bc8
3b4458
392e9e
371c2e
351d6e
3340a4
3190bc
301472
2ecdfc
2dba52
2cd0ca
2c0364
2b3fb2
2a7000
297cba
284e26
26ce6e
24ebbe
229a76
1fd7c6
1cac04
192be8
1578d2
11bf38
0e3252
0b0596
08655c
066ee0
0529a4
048428
0454b0
045e12
0458a2
03fdfe
0314fc
017b2c
ff2a64
fc394c
f8d6ee
f541b8
f1bbea
ee808a
ebbabc
e98074
e7d116
e6982a
e5b33a
e4f8fa
e44046
e365de
e25062
e0f226
df48d8
dd5c16
db3b34
d8fa24
d6ae6c
d46ca2
d245f2
d04642
ce7340
cccc6e
cb4bfc
c9e896
c897f8
c75162
c60f4e
c4cfd2
c39402
c25eba
c13278
c00f60
bef256
bdd56c
bcb11c
bb7eb6
ba3aec
b8e7cc
b78ddc
b63ba4
b503a2
b3f962
b32e58
b2af42
b282f8
b2aaa6
b322fe
b3e686
b4f008
b63c58
b7cae8
b99d72
bbb674
be175a
c0be70
c3a482
c6bb42
c9ed5c
cd2012
d035e4
d31250
d59e70
d7cd8a
d9a102
db2ab0
dc8cbe
ddf6f0
dfa09e
e1bfd4
e47f5e
e7f586
ec1d10
f0d2a4
f5d7ba
fadb54
ff86d6
038c84
06b530
08ea92
0a3b6e
0ad874
0b0a86
0b2490
0b7386
0c307a
0d7776
0f4474
117754
13ddde
164056
186dae
1a4546
1bbbf0
1cdaa0
1db874
1e7210
1f206c
1fd152
2083a2
212898
21a942
21ee62
21e8b6
21983c
211048
20768a
1ffd8e
1fdbe6
2041e2
214f82
230cb0
256572
282b1c
2b1a82
2de58e
303f3c
31e812
32b878
32a758
31cbe4
3059fa
2e99a2
2cdb52
2b6b1c
2a84ae
2a4a96
2ac23c
2bd4b2
2d547e
2f0722
30b088
321dc0
332cf8
33d174
341306
340928
33d322
338f74
335448
332aaa
330d68
32eba8
32ae2c
323e2c
318c46
30954c
2f642c
2e1086
2cba2c
2b8286
2a85be
29d4ea
2972a4
295276
295b82
296d52
2965b8
292650
2898ca
27b1b0
267102
24e084
2310ce
211602
1f04ba
1cefba
1ae6a4
18f5ca
172676
157f0c
140294
12afca
11800a
10667a
0f4fd4
0e2358
0cc55e
0b1b00
090e6a
06937a
03abba
006852
fce994
f95c4a
f5f46e
f2e664
f05ffa
ee81fe
ed5b1e
ece590
ed07de
ed97cc
ee5f1c
ef225e
efa88c
efc1a4
ef4c24
ee3926
ec8e36
ea64a8
e7e668
e548e2
e2c648
e095ce
dee41e
ddcd18
dd57ce
dd7560
de032e
ded002
dfa3a4
e047b4
e0902e
e0615a
dfb308
de9032
dd1302
db5e2a
d9957c
d7d74c
d63798
d4bde4
d365e6
d222cc
d0e41e
cf9aa8
ce3c0e
ccc508
cb3980
c9a27a
c80b0a
c67d78
c5010a
c398d0
c243dc
c0fe74
bfc3b2
be8f42
bd5eb0
bc325a
bb0dba
b9f742
b8f7f4
b81b16
b76df2
b6ffa8
b6e0be
b72208
b7d2f2
b8ffa6
baaee0
bce000
bf8a36
c29cc4
c60036
c9983e
cd4662
d0ecd4
d4712c
d7be56
dac646
dd8316
dff7b6
e22fe8
e4400c
e6443c
e85e12
eab0ee
ed5d38
f07ad2
f413b8
f81fda
fc8374
0110be
058d3e
09ba1e
0d5e10
104edc
1278f2
13e336
14adce
150c1c
153b0e
1575c0
15eae0
16b50c
17d79a
194014
1acc6e
1c53c8
1daf66
1ec264
1f7e7c
1fe48e
20014a
1fe80a
1fac86
1f5d3e
1f0094
1e94f4
1e133c
1d732e
1cb092
1bcef4
1adb58
19eb9e
191b2a
1885d8
1842c8
185fd6
18de36
19b138
1abfbc
1be780
1d01b0
1de7f8
1e79ba
1ea082
1e5302
1d9686
1c7eb2
1b2b84
19c588
1878da
176f6e
16cb9a
16a3aa
16ff0e
17d5b0
19121a
1a9598
1c3d74
1de86a
1f7b58
20e414
2219f8
231c54
23ef86
2499b0
251ff8
25851c
25c9cc
25ee7a
25f5ae
25e630
25cc40
25b926
25c0bc
25f5ca
2665e4
271618
2800fc
2916bc
2a3f76
2b5f60
2c5b54
2d1cf0
2d9576
2dbece
2d9ae4
2d31dc
2c8f34
2bbee4
2acb6c
29bcc6
289834
2760f2
26196e
24c410
23636c
21f9de
208858
1f0d38
1d833c
1be13a
1a1b06
18236c
15ee74
137438
10b3ee
0db606
0a8d12
075536
0431ce
01490c
febef8
fcb066
fb2e22
fa3944
f9c1ba
f9a7ba
f9bf76
f9d60a
f9b80a
f938f8
f839ba
f6acbe
f497f8
f21436
ef49b4
ec6a40
e9aa1e
e73848
e537ae
e3ba6c
e2bf88
e23378
e1f3ae
e1d492
e1a8d2
e14910
e09a92
df93e4
de3e2c
dcb2dc
db1660
d99112
d84738
d75142
d6b6aa
d66cb4
d6586c
d6539e
d63488
d5d682
d5213c
d40dba
d2a80c
d10cea
cf639c
cdd642
cc89e2
cb9750
cb06b0
cacef4
cad854
cb0156
cb25ac
cb25be
caece8
ca756e
c9ca1e
c904ce
c84a66
c7c53a
c79f48
c7fc96
c8f61e
ca963e
ccd7a4
cfa62a
d2e0c4
d65cfe
d9eb8e
dd5cec
e08588
e341c2
e5792c
e72080
e83a56
e8d6a8
e91180
e910d6
e901b6
e9142a
e976c4
ea51bc
ebc1b4
edd33c
f07f9e
f3abe4
f72ada
fac1bc
fe2f66
013542
03a0fa
055480
064af6
069970
066b56
05fa6c
05844e
053f50
055182
05cbb4
06a8a6
07d0c8
0921ee
0a78ba
0bb8e8
0cd2ac
0dc460
0e984c
0f5f2e
1028c0
10fcee
11d86c
12ad42
136620
13ec98
14311c
1431de
13fda8
13b2e6
137b04
1382c6
13f142
14df5e
165238
1839c4
1a734c
1ccefc
1f1800
211d82
22ba44
23d96e
247880
24a65a
247ff4
242b10
23d02a
239510
23987a
23ee68
249e00
25a1dc
26e9fc
285ebc
29e51a
2b63dc
2cc7ce
2e068c
2f1fb4
301bee
3109b6
31f90a
32f6c0
340856
35298c
364cc4
375dfc
384788
38f7d6
3966a4
399824
399d42
399102
3993f2
39c5d6
3a3ee6
3b0a86
3c2528
3d7cb2
3ef362
4064f8
41ad12
42ace0
434f3a
438b32
43646c
42e930
422e88
414bc0
405656
3f5eb0
3e6e0c
3d85f2
3ca164
3bb6f6
3abb5e
39a3d4
3867d2
3701e0
356f60
33afb2
31c2f6
2fa970
2d63ac
2af31e
285bb6
25a64e
22e28a
2026e2
1d8ea6
1b365c
1936fe
17a0a4
1675b6
15a86c
151b70
14a586
1417ae
134528
120b60
10581a
0e2ce4
0b9eb0
08d190
05f1f8
032d02
00a888
fe7d30
fcb3e8
fb45b4
fa1e1c
f91fd6
f82b14
f7233c
f5f374
f49188
f2ff10
f148ba
ef8326
edc682
ec2a10
eabfc2
e99064
e89900
e7cab6
e70c82
e63f0a
e54200
e3f9d0
e254ac
e04e00
ddef62
db4f44
d88d4c
d5ccf0
d32fbc
d0d0c6
cec19e
cd08f8
cba39e
ca871a
c9a492
c8ebbc
c84d9c
c7be90
c73798
c6b748
c642a2
c5e57e
c5b264
c5c16e
c62dac
c710be
c87d74
ca7a72
ccfd88
cfe91e
d30d2a
d62c48
d903f8
db571c
dcf8b8
ddd49c
ddf3c2
dd7b92
dca88c
dbc4ea
db1cb8
daf1d8
db7238
dcb17a
dea744
e131e0
e41c3e
e72676
ea0fa0
ec9f1c
eeabce
f020e4
f0fff6
f15fba
f1677a
f14806
f1338a
f1553c
f1c9cc
f29a6a
f3bc70
f51548
f6817e
f7dd90
f90f06
fa0b32
fad9d2
fb92e0
fc57bc
fd4996
fe7f9e
ffff58
01b954
038baa
054978
06c5aa
07de7a
088668
08c836
08c558
08af1a
08bbb2
091acc
09ebfe
0b3886
0cf24e
0ef894
111f8e
133924
151d3c
16afc4
17e308
18b6f8
19360e
197100
197a82
1963e4
193b3a
190aa4
18d876
18a7ec
187a20
184eea
182578
17fd12
17d60e
17b296
17970a
1789a6
1790fa
17b204
17ee5e
18428c
18a544
1908a2
195d04
199478
19a650
19923c
196144
192434
18efce
18d7da
18ea74
192c9e
199932
1a2256
1ab56c
1b405c
1bb69a
1c1474
1c5fb0
1ca55c
1cf5a0
1d5e7e
1de718
1e8cda
1f432e
1ff5b0
208c6a
20f106
21136a
20ecb0
207fcc
1fd7da
1f0442
1e144c
1d1330
1c0544
1ae6f6
19ae3c
184e02
16ba56
14ecee
12e8c2
10bb72
0e7c26
0c485e
0a3ed4
087964
0706e8
05e6a0
05068a
044544
037708
026cfe
00fd84
ff0c0a
fc8ee6
f9919a
f632a6
f29e3e
ef06ce
eb9c30
e88398
e5d26e
e38ca8
e1a692
e0098c
de9a1a
dd3d7c
dbdeb6
da71b8
d8f3a4
d768e6
d5da86
d452de
d2da90
d176b8
d0284a
ceec72
cdbd9a
cc94d6
cb6b5e
ca3bb0
c901fc
c7bc78
c66bd4
c512e8
c3b5e8
c259b4
c1034e
bfb72a
be78fa
bd4bf8
bc3364
bb3370
ba5250
b99894
b910de
b8c6fe
b8c63c
b9173c
b9be6a
babb70
bc09c8
bda294
bf7f7e
c19dbe
c3fffe
c6ae14
c9b292
cd169a
d0dc8c
d4fb02
d959f8
ddd294
e2322e
e640b6
e9c954
eca31e
eeb882
f00bfc
f0b85a
f0ecd0
f0e604
f0e548
f126f4
f1d9ea
f31988
f4ea6a
f73a1e
f9e1f8
fcacf6
ff5fd2
01c1c8
03a4b6
04ec50
059322
05ac1a
055f96
04e47c
0476b0
044bfc
0489fe
053ec6
065e40
07c53c
0941c8
0a9eb8
0bafd6
0c5c3c
0ca42e
0ca0d2
0c7e58
0c71f0
0cadc2
0d55ac
0e778c
100946
11ec58
13f570
15f678
17c8ea
195568
1a96e6
1b99de
1c7828
1d525e
1e48d8
1f75f2
20e9ee
22a956
24ae32
26ea6e
294a5c
2bb724
2e1974
305b98
326b30
343aba
35c36a
37067a
380d4c
38e844
39acba
3a7122
3b487c
3c3ec0
3d56ce
3e8974
3fc6ba
40f9c0
420d78
42f0d4
4399e4
44072c
443e98
444ae2
44383a
441122
43dc82
439d90
4354fe
4302c4
42a7c4
4246ac
41e36a
41812a
411ff8
40baa0
4045a4
3fb00c
3ee6a4
3dd8b6
3c7cd4
3ad498
38ee72
36e430
34d68c
32e702
313124
2fc4c4
2ea2d4
2dbd5a
2cfa5a
2c3958
2b5a32
2a434a
28e59e
273e68
255642
233d86
21076c
1ec54e
1c837a
1a47cc
181228
15dea2
13a912
1170c4
0f3b2a
0d14be
0b0fdc
094170
07bc7a
068d8c
05b6b6
052cae
04d6b0
049108
043200
03907a
028b52
010faa
ff1ccc
fcc528
fa2b8a
f77d3c
f4e9e6
f29b2c
f0ad78
ef2b56
ee0c06
ed3632
ec85be
ebd35e
eafcc4
e9eb72
e8984e
e70ba6
e55a8c
e3a1a2
e1fe5a
e088c4
df4f14
de5320
dd8a38
dcdfa0
dc393e
db7ccc
da94ae
d973a6
d81718
d6875c
d4d60c
d31b20
d1711e
cff0e2
ceade2
cdb37c
cd0318
cc93d4
cc547c
cc2eb6
cc0aa2
cbd330
cb7af6
caffd8
ca6d02
c9db76
c9709a
c95a6a
c9ca28
caee24
cceb12
cfd586
d3ad10
d8599c
ddaba2
e35f44
e922a0
ee9e3e
f37ee8
f77ffe
fa74b4
fc4e22
fd1d90
fd12ce
fc7632
fb9e6e
fae42e
fa958a
faeae6
fbff08
fdcbe8
002cc0
02e4ae
05a930
082eb8
0a352c
0b921a
0c36f2
0c3298
0bad84
0ae11c
0a0c5c
0967ea
091b5c
093594
09aa32
0a547c
0afef2
0b6e82
0b6efe
0ade38
09b3d8
0804b4
06007a
03e9bc
020a2c
00a5ac
ffeea6
fffd76
00ccb8
023b56
04138e
06154a
0801e2
09a6de
0ae572
0bb602
0c274c
0c597a
0c7684
0ca9d4
0d18d8
0ddd96
0f0404
108a38
12627c
147606
16a896
18dc2c
1af420
1cd77a
1e7344
1fbce4
20b36e
21601a
21d5c2
222f04
228a3a
230454
23b364
24a1b8
25caae
271a76
287116
29a7ea
2a98be
2b253e
2b3c96
2ade16
2a18e8
2908e2
27d0ca
269360
256dac
247328
23abe0
2314a0
22a1b2
224234
21e306
217144
20dc28
2015bc
1f1318
1dccfa
1c40e6
1a71dc
186922
163682
13ef54
11ac08
0f8534
0d8ff8
0bda52
0a68b8
0935ee
083488
075128
0675f2
058eac
048bc8
0363f6
02148c
00a0cc
ff0fe8
fd6ad2
fbbacc
fa08f2
f85df0
f6c224
f53e46
f3dbe2
f2a54e
f1a548
f0e638
f0708e
f048fa
f06f24
f0dc6c
f18306
f24e80
f325ac
f3ecf8
f489d2
f4e6a8
f4f65a
f4b63e
f42f1e
f3744e
f2a086
f1d0ca
f11e7a
f09a48
f048aa
f02074
f00c62
efef90
efabc0
ef27d4
ee5588
ed3502
ebd542
ea51d8
e8cde6
e76d14
e64c7e
e57d30
e5007e
e4c7a4
e4b6c6
e4aa2c
e47c7a
e40d42
e34686
e22014
e0a00c
ded8ce
dce502
dae24e
d8eba4
d71444
d56508
d3dbcc
d26cda
d1069c
cf96fc
ce1110
cc7256
cac6a6
c9299c
c7c576
c6cfa2
c682c8
c71718
c8ba10
cb86e0
cf8050
d48d6e
da79b0
e0f928
e7b00c
ee3c50
f440ca
f9705a
fd9706
009fc8
0296c6
03a6d0
041232
042890
043b7a
0492e6
056392
06c8b2
08c174
0b32e0
0dedaa
10b6d2
135144
158778
1733a8
18456a
18c3a4
18ca4a
1884bc
1825b0
17dd9a
17d122
1811ce
1899e2
194c04
19f73c
1a5f30
1a4712
197d50
17e5ea
158190
126fb6
0eeb56
0b42f8
07ccac
04d866
02a390
014fe8
00debe
01320a
021314
033cd6
046852
0558d4
05e5be
05ffee
05b250
051d9a
04707a
03de18
039462
03b3fa
044b74
055614
06bd94
085ed4
0a1056
0ba90e
0d0656
0e1044
0ebbd8
0f0b24
0f0bb4
0ed3a0
0e7e5a
0e296c
0df0ce
0debac
0e2a34
0eb408
0f8748
1098ec
11d630
1326f6
14712c
159c48
1694ac
174e8c
17c7ac
18071e
181bae
1818d6
1812ea
181b4a
183d2e
187b74
18d056
192eb6
198464
19bd5e
19c72a
19936e
1919c2
185912
1757f6
162418
14d0bc
137464
122614
10fabc
10029e
0f471e
0ec99a
0e82f4
0e63fe
0e5776
0e44be
0e12f4
0dabea
0cfe6a
0bff32
0aa956
08fdee
07031e
04c308
024b84
ffadd8
fcfe7e
fa5522
f7cbce
f57d6a
f38352
f1f246
f0d6de
f032ea
effc4c
f01d9e
f078fa
f0ec10
f1551e
f19828
f1a2a6
f16d2c
f0fb1a
f0585e
ef95a4
eec3e4
edf0ca
ed244a
ec601a
eba0fa
eae142
ea1b9e
e94d32
e87702
e79df0
e6c97c
e601e8
e54e4e
e4b2cc
e42f86
e3c188
e36446
e3130e
e2ca54
e288a0
e24e34
e21bca
e1f0fe
e1caba
e1a244
e16da6
e120f4
e0b060
e012d2
df4430
de46d4
dd23aa
dbe8b8
daa6ae
d96e3c
d84d3c
d74ce4
d6719e
d5bc44
d52c4e
d4c2d8
d485ba
d481a4
d4ca9a
d57b0e
d6b10a
d889e2
db1cc4
de7562
e28faa
e754ee
ec9b5a
f228a8
f7b75c
fcfe14
01b876
05afec
08c284
0ae708
0c2dce
0cbd58
0ccb5a
0c938e
0c4e2a
0c2760
0c39ac
0c8be6
0d1312
0db762
0e5b30
0ee27a
0f3972
0f58ac
0f4674
0f155e
0ee01a
0ec3c6
0eda3a
0f34da
0fd872
10bb24
11c476
12cf9a
13afde
1436fe
143c12
13a26c
125f42
107d20
0e1c4c
0b6fae
08b6c2
0634ba
04265c
02b870
0200f2
01fc10
028d68
0385d4
04aca0
05ca38
06b1de
074932
078c0e
078bf0
076b90
07579c
077dfe
08056e
090706
0a8ab8
0c86bc
0ee1f6
1178ac
14220c
16b56e
190f32
1b14a4
1cb606
1deede
1ec536
1f47fc
1f8c56
1faade
1fbce6
1fd9ec
201556
207ce4
211762
21e434
22dba8
23f018
250fcc
262748
272408
27f72a
28979c
29035e
293fb2
29584e
295cf4
295e3a
296a26
298916
29bb38
29f7a8
2a2dc6
2a4846
2a315c
29d776
2931d6
2843d6
271de0
25dbea
24a1f8
23968a
22dbf2
228a52
22ab42
2337d0
241960
252dae
264c96
274e7a
281248
2881fe
289444
284b18
27b036
26d04c
25b662
246872
22e63c
212ab6
1f2fd6
1cf38e
1a7c54
17dc0e
15304e
129f9a
1053da
0e732e
0d18be
0c4f5c
0c0ef4
0c3d94
0cb3a6
0d429a
0dbc92
0dfb5a
0de584
0d70c8
0ca16e
0b8732
0a388a
08cd96
075bb0
05f25a
0499b0
035278
0217bc
00e0f8
ffa480
fe59b6
fcfaf2
fb86d2
fa00ac
f8704c
f6e112
f56088
f3fc9c
f2c164
f1b70c
f0e030
f03900
efb784
ef4cc2
eee6a0
ee7252
eddeee
ed1f8c
ec2cb8
eb052a
e9ad94
e82f8e
e697e4
e4f4c2
e353e0
e1c0ac
e04324
dedf56
dd956c
dc6290
db42ec
da3488
d93a38
d85e82
d7b55e
d75c3e
d777b0
d82ec0
d9a464
dbeff2
df162e
e3044c
e78df2
ec6fbe
f15610
f5e776
f9d10e
fcd2d0
fec906
ffb196
ffabf0
fef344
fdd41e
fc9f62
fb9cd2
faff84
fade7e
fb32c8
fbdafe
fca3a4
fd5296
fdb338
fda118
fd0f80
fc0c68
fabe46
f95d0e
f827e0
f75990
f71dc8
f788a0
f8924c
fa17fa
fbe14c
fda9a8
ff2b88
002c26
008538
002b1a
ff2e38
fdb7e2
fc030e
fa5236
f8e476
f7ebf2
f786e8
f7bc24
f87be4
f9a442
fb085c
fc7898
fdcb22
fee2e6
ffb400
004522
00adf0
0112aa
019e2c
027ab4
03cabc
05a2de
0805c8
0ae28e
0e1648
11702c
14b7f2
17b546
1a3778
1c1c1c
1d533a
1de076
1dd95a
1d60ec
1ca146
1bc492
1aeec6
1a38b6
19ad4e
194994
18fef8
18b6ee
1857cc
17c9ee
16fbf8
15e5c2
148a1e
12f6fc
1143d6
0f8e8e
0df756
0c9bb4
0b9186
0ae30e
0a8c76
0a7b46
0a904e
0aa41a
0a8d38
0a2746
095994
081bde
067896
048c40
0281ce
008c52
fedf84
fda81c
fd054a
fd0456
fd9f20
febd5e
003862
01e12e
03876e
050030
062b7a
06f82e
0764ec
077e2a
0759e4
0711e0
06bd4a
066b0c
061e28
05cd4c
05659a
04d02e
03f91a
02d62a
016b96
ffcd44
fe1c32
fc8056
fb205a
fa18fa
f9763c
f93046
f92c9c
f94376
f9481c
f9124a
f88676
f79aca
f657e6
f4d564
f3332e
f191ac
f00a48
eeaa3c
ed70cc
ec511e
eb367c
ea09d6
e8b6f4
e7308c
e5725e
e380e0
e16740
df34da
dcfa8a
dac86a
d8ac68
d6b1f2
d4e1c0
d341b8
d1d4b8
d09a18
cf8d36
cea56e
cdd6f2
cd142e
cc4fec
cb7f66
ca9bc2
c9a2c8
c89682
c77bb0
c657d0
c52f4a
c40448
c2d6f8
c1a77a
c078b8
bf53bc
be4aee
bd7bda
bd0e94
bd329e
be19c8
bff196
c2dba8
c6e6d6
cc0a40
d2231e
d8f5aa
e03192
e779e6
ee6f24
f4ba02
fa15fa
fe5988
017a3e
038c7a
04be8e
055036
05873a
05a388
05d4dc
063430
06c1ea
0768f6
080624
087236
088c48
084288
079770
06a258
058b9a
048574
03c2f4
036eb6
03a38e
046814
05ad94
0751f8
09248c
0aecd4
0c725a
0d8416
0dfeb6
0dd16c
0d0048
0ba3c4
09e5f8
07fd42
062522
0495f4
037d34
02f734
030b6a
03ac1e
04b9a6
0608fa
076c2e
08bb4a
09dbd0
0ac616
0b8712
0c3e56
0d18b2
0e48a4
0ffda4
125bac
157498
1943b4
1dac4a
227c22
277132
2c4170
30a40e
345b12
373ba2
393384
3a4b36
3aa422
3a72da
39f658
396d8e
390d42
38f7e0
3938d6
39c41e
3a7a22
3b2f1c
3bb44c
3be138
3b9b66
3adb48
39ad74
382ffc
368cfa
34f30c
338d10
327ad6
31cc20
317df6
317b36
31a012
31bfae
31ab04
313880
304af6
2ed670
2ce212
2a8740
27edb0
2544f4
22bcdc
207e2a
1ea472
1d3a5a
1c3924
1b8b1a
1b107c
1aa5ee
1a2b78
198a2e
18b7b4
17b6ea
1695ea
156a12
144a94
134ae0
1275c6
11caa6
113c90
10b3e2
10121e
0f3766
0e087c
0c7450
0a7822
08216e
058d18
02e404
005536
fe0e90
fc3586
fae11e
fa164e
f9c720
f9d55e
fa184a
fa641a
fa9162
fa837e
fa2cb0
f98f0e
f8ba40
f7c70a
f6d154
f5f20c
f53a0c
f4af38
f44bea
f40076
f3b688
f3556a
f2c6aa
f1f9b6
f0e658
ef8da6
edf9e0
ec3ce4
ea6da6
e8a4d6
e6f954
e57ca4
e4385e
e32ce4
e25196
e1967a
e0e78a
e030e0
df62b0
de7440
dd6594
dc3f0c
db0ec0
d9e46a
d8ccf2
d7ce78
d6e610
d6082e
d523bc
d42734
d306ac
d1c1d0
d0681c
cf1a44
ce0848
cd6c70
cd839e
ce8428
d094cc
d3c57c
d80b16
dd3ebc
e3213c
e9621c
efa948
f5a1d0
fb0442
ff9f00
035aec
063bbc
085c3e
09e704
0b0ca4
0bf9a2
0cce16
0d98b2
0e5602
0ef3c0
0f575e
0f66a2
0f1002
0e50d0
0d3828
0be602
0a8676
094ab6
08613a
07ee88
0807b0
08afa4
09d768
0b603c
0d1fc0
0ee504
107e12
11bcf0
127c46
12a328
1227fa
1111ec
0f78f6
0d83ba
0b6336
094c76
077178
05f9ce
04fca0
047d6e
046ca2
04ab40
051196
0577b2
05be34
05d530
05c02c
059642
057e74
05a8b4
06450a
077aa2
09602c
0bf6dc
0f28e2
12cb7e
16a44c
1a70ba
1deee8
20e634
232eb6
24b5f8
25807a
25a796
255482
24b912
240728
2368ba
22f97c
22c33c
22bdb2
22d1ce
22df66
22c44a
226390
21ab86
209902
1f37ec
1da126
1bf620
1a5b0e
18f0fc
17d0c4
17077e
169488
1669d2
166e02
167fbe
1679ea
1638aa
159e1e
149662
131a3a
11304c
0eec66
0c6d02
09d712
0750ba
04fbc4
02f074
0139ae
ffd39c
feace2
fdaa40
fcac2e
fb9546
fa4fea
f8d26e
f72104
f54ca2
f36f2a
f1a56c
f00850
eea6d4
ed822e
ec8cec
ebad9a
eac446
e9b1c8
e85f0a
e6c326
e4e68e
e2e278
e0dcec
df0208
dd7bb0
dc69a6
dbdbe6
dbd042
dc33da
dce78c
ddc666
deac92
df7d54
e026de
e0a3a4
e0f930
e134e2
e167f8
e1a398
e1f580
e26638
e2f8be
e3aae6
e47602
e54fe0
e62bb0
e6fad6
e7ae44
e83814
e88d7c
e8a8cc
e88b00
e83c4a
e7cb6a
e74b9a
e6d15e
e66ed6
e6305a
e61a34
e62824
e64ed6
e67ea4
e6a71e
e6ba34
e6ae08
e67d78
e6271a
e5aace
e5074e
e4389c
e337bc
e1fc4c
e07fba
dec13e
dcc9fc
dab004
d8975c
d6b092
d534a6
d45f02
d4663c
d57496
d7a120
daeb02
df3772
e452c6
e9f4e2
efc8d0
f57690
faadae
ff2f54
02d622
059a16
078fc2
08e304
09cdc0
0a8c44
0b5176
0c3d5e
0d5810
0e91ce
0fc866
10d0c0
118268
11c250
118a70
10ec9c
101016
0f2a82
0e75f0
0e25fa
0e5e6c
0f2d4e
10890e
1252ec
145cfc
1671ce
185c6a
19ef6e
1b0a26
1b9b36
1ba11e
1b2906
1a4c00
192b34
17ebb0
16b1d8
159cde
14c2ca
142dda
13db66
13bc9a
13b930
13b44c
139268
133f1c
12b224
11f294
11170c
1042de
0fa0d8
0f5c52
0f9a2c
10728e
11eca6
13fca2
1684aa
195836
1c416e
1f079a
21759a
235fba
24a82c
254168
252e5e
2480a2
2354fc
21ce9a
2011cc
1e3ebe
1c6cee
1aa89e
18f24c
17405a
15827e
13a6b4
119e6c
0f6356
0cfac0
0a76ce
07f52a
059b6c
03916e
01faac
00efb8
007906
008c54
010d0c
01cfb0
029fe0
03483a
039ad4
0378ce
02d786
01c1ee
005630
febffc
fd308c
fbd59c
fad170
fa351e
f9fe26
fa17ae
fa5f68
faaccc
fad950
fac80c
fa6b2a
f9c630
f8ecbe
f7fe60
f72028
f67538
f6177a
f611ca
f65cfe
f6e010
f773ae
f7e88c
f80f92
f7c214
f6e8e8
f5810a
f39cd4
f1618e
ef018e
ecb3f0
eaab58
e90d82
e7ed72
e7496e
e70cb4
e7147a
e7376a
e74dc4
e73896
e6e69c
e65608
e5931c
e4b462
e3d54a
e31092
e27b72
e22286
e2088c
e22702
e27004
e2d072
e33272
e38018
e3a608
e3957c
e34620
e2b7d6
e1f3c8
e10c38
e01afa
df3e3e
de940e
de34f6
de2f1a
de8296
df203c
dfeb86
e0bf92
e17608
e1eed6
e216b4
e1eb02
e17a0a
e0df72
e03d16
dfb28c
df5546
df2b0a
df288c
df34d8
df310a
df0256
de9c62
de093c
dd6ccc
dd024a
dd1402
ddeeb0
dfd2e6
e2e760
e72f44
ec8690
f2a570
f929e4
ffa650
05b228
0af93e
0f46e2
128af4
14d81a
165bbe
17524c
17f9a2
188488
19118e
19a724
1a3564
1a9c5e
1ab58a
1a5e6c
1981bc
181d60
164434
141ba2
11d57e
0fa7cc
0dc440
0c5086
0b60fe
0af6c0
0b00c8
0b5ff6
0bece4
0c7e42
0cee92
0d20a8
0d02b0
0c8f14
0bcbe2
0ac8d4
099caa
0861fc
073438
062cd0
0560c8
04ded2
04ade4
04cc42
052fbc
05c704
067c1c
0737b6
07e4ea
08752e
08e3c8
0937de
098430
09e4f2
0a7bfa
0b6b1e
0cce2a
0eb58e
112280
140570
173fa0
1aa72e
1e0cc2
214216
242078
268dba
287e4e
29f4ae
2afe82
2bafe2
2c1d96
2c57d4
2c6660
2c4692
2bec02
2b43ac
2a38bc
28ba26
26bfe4
244eae
2179f0
1e6302
1b35c8
18236e
155c04
13079c
114054
100ec4
0f6900
0f3460
0f49f4
0f7d1e
0fa2c0
0f980a
0f47b8
0eacf0
0dd2d4
0cd14a
0bc796
0ad5d6
0a1694
0999b4
09620a
09657a
098f7a
09c580
09ecb8
09ef66
09c154
096260
08de7c
084b6c
07c4d4
076748
074b0c
077f60
0806f6
08d66c
09d506
0adf72
0bcc62
0c72b0
0cafc8
0c6d9e
0ba71c
0a6a22
08d6b0
071b0a
056d0a
0401b2
0304bc
029106
02abd6
0343ee
043452
054a5c
064e50
070cec
075fc2
07337a
068a66
057b0c
042b36
02c8ae
0180ba
00781e
ffc582
ff6e78
ff679e
ff97c2
ffdd52
0014c2
001ed4
ffe5ba
ff604e
fe92e6
fd8dc0
fc6980
fb4294
fa340c
f952fe
f8ab94
f83f44
f804fe
f7eb78
f7dd02
f7c3ac
f78d6c
f72f2e
f6a602
f5f6a4
f52b84
f45120
f371f8
f29358
f1b330
f0c81c
efc3da
ee9750
ed37bc
eba440
e9ea2e
e826c4
e68688
e541ac
e4956e
e4bbf0
e5e3be
e827dc
eb8a28
eff116
f528e2
fae884
00d988
06a1e6
0bee92
107cec
142180
16cb7c
188468
196b70
19add8
197dd6
190902
187040
17c2fe
16fdfe
160e54
14d7f2
133e14
112c1a
0e9ce8
0b9f10
0854ee
04f0d8
01adce
fec5ce
fc686a
fab322
f9acc8
f944ec
f9573a
f9b216
fa1f10
fa6bd8
fa71f8
fa1c18
f96808
f86598
f732c4
f5f5b6
f4d5dc
f3f5a4
f36d76
f348a6
f384c2
f41318
f4dc0e
f5c3f0
f6b01c
f78bec
f84c52
f8f1c6
f98850
fa25dc
fae6f6
fbea4e
fd4c20
ff2252
01794a
0451d6
07a0f6
0b511c
0f445a
1356fa
176304
1b4394
1ed7a6
22046e
24b74c
26e684
2890f8
29bd04
2a76c0
2acd20
2aceaa
2a86da
29fc2c
292ee8
281994
26b30a
24f170
22cdb6
20474c
1d66aa
1a3e14
16e8c6
13883a
103fc2
0d2fb6
0a70a0
080f90
060caa
045b5e
02e498
018b48
0031fc
fec032
fd2736
fb652e
f985a8
f79fa4
f5d1ac
f43c44
f2fba4
f221d8
f1b288
f1a1a8
f1d4d2
f22750
f2709a
f28be8
f25e9c
f1dd4e
f10e7e
f00940
eef0c2
ededc4
ed26b6
ecb822
ecaf58
ed07c2
edab7e
ee77b0
ef42e4
efe444
f03ac8
f032e4
efc960
ef0ba8
ee1580
ed0c26
ec183e
eb5f8e
eaff12
eb0686
eb7662
ec3fd6
ed46fa
ee66a8
ef75dc
f04dee
f0d082
f0ec02
f09e04
eff366
ef05aa
edf650
ece8da
ebfc48
eb4570
eacb78
ea86da
ea62d8
ea41bc
ea0300
e989a8
e8c1ca
e7a432
e637c0
e4904a
e2cb44
e10aaa
df6f44
de1358
dd063c
dc49ca
dbd20a
db872a
db495a
daf5e4
da6ce0
d9964c
d8660a
d6dde4
d50d1a
d30d58
d0fdb4
cefc84
cd219e
cb79fa
ca05d6
c8ba3a
c785ba
c65776
c526d0
c3fa42
c2eb34
c225e2
c1e4c6
c267c8
c3e8ba
c68f9c
ca68e2
cf5ffc
d53f44
dbb5d0
e26272
e8e1d0
eedcec
f4153c
f86c50
fbe53a
fea002
00d012
02af7a
04717e
0637be
080b3c
09db24
0b8152
0ccb58
0d862c
0d8a08
0cc3de
0b3ae4
091158
068032
03cea6
014730
ff2c84
fdb022
fcec2e
fce16c
fd7944
fe8b70
ffe562
015240
02a270
03b10e
0466f2
04bb62
04b2b6
045ba2
03cbc2
031bf6
026504
01bd3a
0136c0
00de64
00bb12
00cdec
0112d2
0181d2
02113c
02b79c
036dd8
043124
05045a
05f076
0703cc
08503c
09e8ac
0bde50
0e3dda
110d12
1449a0
17e8de
1bd84e
1ffec6
243e64
2876a0
2c86ac
304fc0
33b764
36a93e
391864
3b0022
3c639c
3d4ca4
3dc99c
3dea86
3dbdda
3d4dce
3c9eba
3baf3a
3a7a0e
38f926
372978
350ebc
32b5be
30350a
2dab08
2b3a06
2902d0
271f74
259ed2
2481f2
23bc3a
233646
22d2fe
2275a8
2207a2
217c88
20d3ea
201856
1f5be6
1eb39a
1e31de
1de1da
1dc4b8
1dd10c
1df466
1e16e0
1e1fc0
1df9ca
1d96d2
1cf1c6
1c0eec
1afa6e
19c594
18831a
1743c0
16138a
14f7ae
13edcc
12ecca
11e6ac
10cb86
0f8cf0
0e217e
0c8776
0ac682
08efb4
071bd4
056838
03f264
02d326
0219c2
01c82a
01d1aa
021c08
0282e0
02dcbc
03018a
02d0d4
0236b8
012e9e
ffc374
fe0d26
fc2be2
fa426a
f87096
f6ce8c
f5697e
f442fa
f3524e
f28744
f1cdfe
f11326
f04758
ef6174
ee5fa2
ed476e
ec24b4
eb0786
ea0178
e922de
e8784e
e80828
e7d10a
e7c974
e7e082
e80010
e80fb0
e7f86a
e7a874
e7164c
e6425a
e536d2
e4057e
e2c3dc
e18696
e05cf2
df4d60
de5424
dd647c
dc6c3a
db5974
da2116
d8c4b6
d756ea
d5fc68
d4e9b4
d45d80
d497f2
d5d0b4
d82d74
dbba22
e06474
e5fc32
ec37ec
f2bdbc
f92ec0
ff3370
0486e2
08fed8
0c8f16
0f47b2
114f3c
12d8f4
14190a
1539bc
165330
176716
1861a6
191f5c
1975c4
193dac
185d24
16ceac
14a46e
1206ce
0f2ed6
0c5dda
09d3ca
07c5be
065736
05967e
057c8a
05effc
06cab2
07e022
0903c0
0a0e68
0ae1e4
0b6ad0
0ba106
0b8692
0b25c8
0a8ede
09d536
090d1e
084a00
079c84
071106
06aefe
0678e4
066c7a
068402
06b80a
07012a
0759dc
07c086
0838ea
08cc34
098878
0a7f58
0bc39e
0d6622
0f72a2
11ece6
14ce96
180624
1b773e
1efcf6
226d5c
259dd2
2867f0
2aae26
2c5f10
2d76fe
2dff74
2e0cca
2db9da
2d22d4
2c6004
2b8192
2a8d0c
297d30
284426
26cfc2
250e94
22f52c
20826c
1dc1d6
1acb38
17bffc
14c654
120340
0f950a
0d8ede
0bf668
0ac404
09e592
094322
08c476
0855ce
07eb24
078196
071e36
06cae6
06923a
067b56
0686b6
06acce
06dee8
0709a0
07186c
06f94e
069fd4
0606ee
0530e8
0425ac
02f072
019d04
00353a
febf4e
fd3d66
fbadda
fa0c02
f85174
f6775c
f477ce
f24ede
effba0
ed815e
eae8b8
e84056
e59d04
e318a8
e0d004
dedf5a
dd5e8c
dc5ce0
dbdd96
dbd66e
dc303a
dcc9dc
dd7d4a
de25a6
dea500
dee91e
deee1e
debdb2
de6c02
de127e
ddc9d0
dda41e
dda8ce
ddd2bc
de1156
de4c34
de6880
de4f44
ddf2f0
dd531e
dc7e18
db8f86
daac42
d9fcb6
d9a67c
d9c5f2
da6970
db8f02
dd2484
df09fe
e11632
e31c76
e4f2ac
e676a0
e791ec
e83bc2
e87896
e857b2
e7ef86
e75910
e6aaf6
e5f55e
e53f44
e4857e
e3bc02
e2d138
e1b2de
e053fa
deb2c8
dcdd5c
daf428
d9295e
d7bcc2
d6f442
d7125c
d84ba0
dabce8
de6454
e31ea8
e8aa04
eeadba
f4c630
fa92fc
ffc4c6
042856
07ace4
0a642c
0c7c2e
0e33b8
0fcbf2
117994
1358e2
1566c2
178066
196a00
1adaf0
1b8d4c
1b4da6
1a07ac
17cd32
14d616
117880
0e1b54
0b2540
08ebb8
07a54c
0761ee
080a8a
09682a
0b307e
0d14e4
0ed13c
1037b2
113660
11d6b0
12372c
12814c
12de02
136bce
143860
153eb6
1669fc
179c14
18b5b2
199e12
1a4842
1ab4e4
1af0d0
1b10a6
1b2aa6
1b50fc
1b8dfc
1be2d4
1c4918
1cb682
1d21c2
1d86ce
1de9aa
1e56c4
1ee0da
1f9c56
20999a
21dff2
2369ea
25240e
26eefe
28a460
2a1d22
2b3830
2be06c
2c0fee
2bcfae
2b3446
2a57f2
29532e
2835ac
2701b8
25aad4
241808
2229e2
1fc2d4
1ccfae
194e7e
1551de
11001c
0c8e0c
083682
043048
00a4da
fdaa38
fb40e8
f956c2
f7cd82
f683ac
f55d5c
f44b56
f34e3e
f27584
f1da6c
f19830
f1c3b0
f2649a
f371be
f4d186
f65e1c
f7ec92
f954f2
fa79cc
fb4ce0
fbd054
fc146e
fc3232
fc449c
fc6198
fc948a
fcdb96
fd280e
fd6176
fd6aa6
fd2780
fc820e
fb6e76
f9ed10
f80a0a
f5db8e
f37edc
f114b8
eebdd0
ec97c0
eababe
e9381c
e8197e
e76058
e7063c
e6fdc4
e733f2
e79224
e80094
e868d6
e8b864
e8e2a8
e8e23e
e8b8c8
e86d6a
e80a5e
e799b0
e721e6
e6a376
e617c6
e571d2
e4a040
e39124
e236cc
e08c22
de97b0
dc6cfc
da2b62
d7fa68
d60442
d46fb0
d35a12
d2d2da
d2d96e
d35de6
d4442e
d56942
d6a916
d7e43c
d90442
d9fdbc
dacfaa
db8114
dc1d4c
dcaf62
dd3e14
ddc932
de489e
dead0c
dee28a
ded404
de6f4e
dda910
dc7fd6
dafe6c
d93d22
d76164
d59bee
d425b0
d33b20
d31682
d3e980
d5d6aa
d8ebec
dd1f02
e24c84
e839e6
ee9b22
f51b2e
fb662e
013404
06515a
0aa58a
0e33f4
1118d6
1381c0
15a34a
17ad30
19bf6a
1be2a6
1e056a
1ffe7e
219464
2288e2
22a612
21ca60
1ff0fa
1d3532
19d02a
1610d4
124fa8
0ee09e
0c062c
09e7a2
088cf2
07e046
07b4e0
07d1ee
07fef0
080eda
07e7cc
07867e
06fc9e
066b00
05f8da
05ca9c
05fa30
0691e4
078b2e
08d0ee
0a4462
0bc360
0d2ec2
0e6f6c
0f7904
104a10
10ea16
11666e
11ce7e
12302c
1295ee
13066a
138516
141386
14b382
1568b8
16396e
172e28
185052
19a83e
1b3ae0
1d07de
1f08a2
2130a4
236e9c
25aed4
27ddec
29eb10
2bc940
2d6fb0
2ed8be
2fffea
30df56
316dbe
319d84
315d82
309b4c
2f4688
2d5524
2ac6f0
27a7c8
240fc6
202144
1c04f6
17e51a
13e88e
102eea
0cce96
09d4a0
074678
0524c2
036e4a
022232
0140c4
00cabc
00bf78
011adc
01d354
02d8e2
0415f4
0571d0
06d3e4
0827a2
095fba
0a77ea
0b7496
0c6064
0d488a
0e385c
0f34ea
1039fe
11394c
121bfc
12c620
131b8c
130516
127504
1169ae
0fee0c
0e1818
0c055c
09d650
07aa06
059ab6
03bbe6
021a40
00bcee
ffa7e6
fede38
fe6370
fe3bb8
fe6a96
fef0b2
ffc966
00e8d8
023b4e
03a642
050b64
064cc8
07511e
080774
0868fe
0878dc
084196
07d132
0734ce
0674f8
059370
048b42
03531c
01e122
002f68
fe3fe8
fc1ede
f9e2a4
f7a92e
f593c2
f3c194
f24a8a
f13b98
f0950e
f04b5e
f049da
f07712
f0b994
f0fc62
f131d0
f154a0
f1671a
f170a0
f17a46
f18b64
f1a6bc
f1c8a4
f1e6aa
f1f0b8
f1d33c
f17a1c
f0d3d2
efd45c
ee7794
ecc2ce
eac5ac
e89a1c
e66374
e44cee
e28712
e14450
e0b4ae
e100d6
e24506
e48c90
e7ceda
ebee6c
f0ba74
f5f33c
fb5154
008e6e
056e6c
09c6f8
0d843a
10a99c
134dec
1593ee
17a068
198fac
1b6cd8
1d2cd8
1eae76
1fbfe4
202886
1fb50c
1e43a4
1bcd90
186b88
14543a
0fd4f6
0b45d4
06fb82
0339c8
0029b8
fdd50e
fc276e
faf56c
fa07c0
f927e6
f82b78
f6fc12
f59aa6
f41db6
f2ab2c
f16f84
f0947c
f0393c
f06d54
f12f92
f27010
f414cc
f5ff4a
f8120e
fa34b2
fc55b8
fe6a66
006cc2
025914
042b82
05dedc
076cb2
08cedc
0a01c6
0b06e0
0be656
0caf84
0d77dc
0e584e
0f6986
10bfde
12680e
1464f4
16aefe
193532
1be020
1e958c
213c34
23bee6
260e76
282248
29f72a
2b8d2a
2ce490
2dfb0e
2ec9ce
2f44da
2f5c12
2efd5c
2e17bc
2c9e9e
2a8cb6
27e594
24b5c6
21116c
1d11a2
18d1b8
146c48
0ff96a
0b8e00
073c62
0315b8
ff2b6a
fb9044
f85890
f598c8
f3631e
f1c47e
f0c1ce
f0560c
f07228
f0febc
f1df4e
f2f6ba
f42b74
f56aa6
f6a962
f7e3d8
f91a72
fa4dd0
fb7ab2
fc96f6
fd90aa
fe4fb6
feb9d2
feb7f4
fe3bb6
fd4368
fbdbe8
fa1f58
f830ea
f6367e
f451fc
f29b50
f11ce2
efd364
eeb156
eda4cc
ec9e42
eb9702
ea9546
e9ace0
e8fc08
e8a54e
e8c7b2
e976d0
eab4ea
ec7088
ee8600
f0c486
f2f60a
f4e7e6
f67268
f77d92
f80292
f8098a
f7a454
f6e7de
f5e5fc
f4a91a
f3328c
f17c0c
ef7b90
ed2886
ea80f4
e78d20
e460b0
e118dc
ddd83c
dac134
d7f06a
d57846
d35ebc
d19dfc
d02774
cee844
cdce38
cccc20
cbdc2e
cb0018
ca3f10
c9a252
c93142
c8ee0c
c8d3ba
c8d656
c8e4a4
c8eb08
c8d6f2
c899c0
c82a34
c784b0
c6aa7e
c5a06c
c46dbc
c31be6
c1b768
c051a8
bf02e6
bdeb84
bd33d0
bd0976
bd9a70
bf0e2a
c17e86
c4f1ce
c95748
ce878c
d4490a
da57c8
e06f56
e6550e
ebe024
f0fdb8
f5b00a
fa08f4
fe20f2
020c8e
05d2c0
096686
0ca58a
0f5c50
114f8e
12489e
122282
10d48e
0e7840
0b487c
079a0a
03ced6
0045fc
fd4bfe
fb0e40
f994ce
f8c376
f861fa
f829e4
f7d716
f73758
f63574
f4ddda
f35c08
f1f130
f0e646
f07cf4
f0e284
f2276e
f43d14
f6fa1c
fa23d6
fd7a2e
00c382
03d5ec
069bfe
091438
0b4c32
0d58ee
0f4e6c
11388c
131746
14dee4
167bf6
17d9c8
18e9a6
19a932
1a260c
1a7dfc
1adb2c
1b6d42
1c60b2
1dd63c
1fdc46
226bcc
25695c
28aa2a
2bfc48
2f3000
322096
34ba5e
36fcee
38f878
3ac71a
3c83c4
3e40b0
3fffe6
41afb0
432c22
4445ae
44cb18
449494
438da4
41bb28
3f3bc4
3c42ea
390f66
35dfaa
32e65a
304242
2dfb32
2c0468
2a4396
289abe
26f266
254158
239012
21f768
209afe
1fa0b6
1f2774
1f3fc2
1fe7da
210bb0
2288d4
243520
25e634
2777ea
28d062
29e0ec
2aa462
2b1b72
2b484e
2b2b14
2ac01e
2a00aa
28e552
27699c
258f20
235fb8
20edc2
1e51da
1ba6ec
190596
167fb2
141d60
11dc72
0fb240
0d8fa4
0b663a
092db0
06e7ae
04a140
0271ba
007702
fed02c
fd971a
fcdace
fc9ba6
fcca5c
fd49f0
fdf418
fe9f72
ff260e
ff6b30
ff5ed2
fefea6
fe5414
fd7022
fc65dc
fb44c4
fa148e
f8d2fa
f77462
f5e6da
f41728
f1f68c
ef7fd4
ecba90
e9bbac
e6a31a
e3973c
e0bea6
de39e8
dc1e5c
da7356
d93242
d84986
d7a118
d71fe4
d6b0da
d6465e
d5db8a
d5730c
d5144e
d4c7be
d4936c
d478a6
d4732a
d479c8
d48036
d47976
d459f8
d41902
d3b16c
d321aa
d26bb2
d1950c
d0a7aa
cfb31a
cecdb6
ce1548
cdae64
cdc1f8
ce78ca
cff56e
d24dfc
d586c4
d98f40
de428a
e36b7a
e8cbe8
ee25d4
f344e2
f8060a
fc5b7e
004bde
03ed1a
075bd8
0ab110
0df848
1128f2
142488
16b9f2
18ae0c
19c792
19dbc8
18d91e
16cd9c
13e734
106dae
0cb77a
091b7c
05e2c4
033d20
013b3c
ffcf62
fed488
fe19d0
fd6fda
fcb4f4
fbdd3a
faf4fa
fa1cb4
f9803c
f94b44
f99e26
fa8598
fbf73c
fdd3c4
ffee0c
02154e
041fc4
05f2e8
0787a8
08e9ae
0a31f4
0b7e50
0ce836
0e7d02
1039ae
120b1e
13d2ac
156e34
16c10e
17bc10
186296
18cb5a
191cc4
198568
1a326e
1b45f8
1ccfa6
1ec90e
2116da
238e50
25fe0c
28383e
2a1c04
2b9bb6
2cbeb2
2d9e4c
2e5e80
2f23f8
3009c0
31192c
3245cc
336e6a
34632e
34efa4
34e612
34298e
32b4b0
309b14
2e054e
2b2864
283aca
25696c
22cf82
2072fa
1e4630
1c2e7e
1a0d80
17cb26
155dd0
12ce68
103784
0dbff6
0b9246
09d32e
089992
07e9ee
07b5bc
07df2c
08402c
08b2d6
091924
0961ba
0988fe
09969e
099848
099ae6
09a48c
09b0a8
09af28
098718
091c32
085584
07238a
058424
03838c
0139d6
fec5c4
fc462c
f9d398
f77bbe
f53fe2
f316cc
f0f1ae
eec2a0
ec82c0
ea3694
e7efaa
e5ca7a
e3e902
e26b82
e168d6
e0e87c
e0e01a
e134f2
e1c0e2
e25a4a
e2dcf2
e331ce
e353d2
e3506e
e343c8
e3514a
e39a26
e433c8
e520fe
e64ef6
e796c4
e8c3c2
e99d46
e9f1ac
e9a02e
e89fec
e701f2
e4ee32
e29bf2
e0476a
de26b4
dc607a
db05f0
da11d8
d96c68
d8f2e8
d88114
d7fa76
d7510e
d687f8
d5b1c6
d4eaee
d451b4
d3fdf0
d3faba
d44322
d4c2de
d55a86
d5e64e
d6457c
d66066
d62bee
d5a9e8
d4e6a4
d3f494
d2e7c2
d1d284
d0c414
cfc990
cef0f4
ce4c66
cdf460
ce07e0
cea9d4
cffbf8
d217ee
d50890
d8c542
dd30a2
e21b36
e74a2c
ec80a8
f189a6
f64016
fa93de
fe8a74
023a62
05c31a
0942b8
0ccc14
105f50
13e6f2
1739fc
1a22aa
1c6892
1ddc42
1e61ce
1df7f4
1cba24
1add22
18a6b4
1661ee
1452d2
12abae
118618
10e0ac
10a2ac
10a3fc
10b7ac
10b662
1086e2
10226c
0f9496
0ef6f4
0e69a6
0e0b06
0df04a
0e2142
0e9800
0f4416
100ffc
10e7a0
11be0e
12909e
13669e
144e34
1556d6
168b28
17ebe2
196d2a
1af730
1c6a1e
1da41c
1e884e
1f0548
1f193c
1ed310
1e4ff8
1db5f4
1d2c64
1cd482
1cc320
1cfce8
1d75d6
1e1456
1eb730
1f3d40
1f8d0a
1f9aa8
1f6ac2
1f11b0
1eaf04
1e664a
1e567c
1e91fe
1f190e
1fd7fe
20a9a4
215d9c
21c160
21a9fa
20fc1c
1fb128
1dd804
1b91d8
190b32
16738e
13f502
11ae08
0fae26
0df68c
0c7daa
0b3498
0a0ca0
08fbda
07ff8a
071be4
0659a0
05c2b0
055e8a
052fa2
053296
055f30
05aafc
060c5a
067d2e
06fc3e
078cce
0834b8
08f93a
09db80
0ad590
0bd8f2
0ccf7c
0d9e2a
0e2928
0e58c0
0e1dc4
0d7472
0c6524
0b0260
0964a8
07a502
05d76e
0406aa
02322e
004ee4
fe4aa6
fc122e
f997d4
f6d972
f3e42a
f0d4d8
edd4b6
eb12b2
e8bb3e
e6efd2
e5c03a
e52740
e50b6e
e54414
e5a1bc
e5f78a
e623ea
e61688
e5d22e
e56a2c
e4fbec
e4a646
e4806c
e492fe
e4d482
e52a10
e56c4c
e56f60
e50c3a
e42902
e2bf18
e0dd16
dea496
dc445a
d9f02a
d7d824
d62122
d4df94
d415e2
d3b686
d3a8bc
d3cee8
d40d44
d44f1c
d48976
d4bb38
d4eaf4
d52300
d56d00
d5ce24
d64508
d6c9bc
d74f88
d7c7ee
d8262c
d861de
d8784e
d86c4e
d844dc
d80ad6
d7c71e
d781c0
d74256
d711c0
d6fc5e
d713fc
d77084
d82ea6
d96c38
db42ee
ddc256
e0eaa6
e4a9d6
e8dbf2
ed4ee6
f1c990
f614bc
fa041c
fd7d20
007a98
030bf4
054fe4
076bc6
0981b6
0ba762
0ddf3a
101604
12258c
13dbe2
1505b2
1579aa
152276
1404fe
124188
100f66
0db3bc
0b7534
098f1a
0826c2
074576
06d7e8
06b3c4
06a20a
066bd6
05e704
04ffb2
03bcca
023e7c
00b766
ff61d4
fe73e8
fe1514
fe573e
ff352e
0095c6
025362
04453e
064874
084636
0a362e
0c1ce6
0e06b8
1000d4
12128c
1438ca
1664c6
187df8
1a673a
1c054a
1d451c
1e2032
1e9e16
1ed2a4
1ed94c
1eced0
1ecae8
1edbc2
1f040a
1f3bf2
1f7524
1fa088
1fb44e
1fb084
1fa12c
1f9d12
1fc128
2029ae
20eaa4
22094a
237842
251770
26b828
2824c0
292a22
29a17a
2977e8
28b256
276cbc
25d4c0
242104
2286ac
212f7c
203270
1f908c
1f3638
1f0110
1ec850
1e6656
1dc112
1ccff4
1b9dd8
1a46fe
18f35e
17cf1a
170236
16a9a0
16d27c
1778d4
188958
19e5a8
1b6a66
1cf584
1e6b88
1fbad6
20dc7e
21d2aa
22a53c
235d76
2401fa
2493c6
250cfc
2561a4
258254
255f94
24ed3e
2424e8
230700
219a00
1fe85c
1dfdae
1be3f2
19a1c4
173a94
14b06a
1206b6
0f4558
0c7ade
09bd26
0727dc
04d8a6
02ea08
016e1c
006a50
ffd55a
ff9840
ff9260
ff9f86
ff9ee0
ff794a
ff25a4
fea9f2
fe193e
fd8e9a
fd2640
fcf67e
fd0a02
fd5cc0
fddbe8
fe68e2
fedf10
ff1ae8
ff00ac
fe8186
fd9e1a
fc65e4
faf3d2
f968a2
f7e472
f680a6
f54b84
f4466a
f36700
f29ac8
f1cc7e
f0e9da
efe82a
eec6d2
ed8f3c
ec5258
eb2424
ea165c
e933e4
e87e1a
e7ec92
e76f8a
e6f440
e669f8
e5c662
e50840
e43756
e361d0
e29792
e1e52a
e14f7e
e0d1ce
e05ea6
dfe3f6
df5146
de9e72
ddd124
dcffa8
dc4fc6
dbf154
dc157e
dce4bc
de756c
e0c578
e3b8aa
e71c00
eaadc8
ee28e8
f15128
f3fddc
f6205e
f7c4e2
f90d98
fa291e
fb4672
fc88e6
fdff24
ff9ed6
014640
02c39c
03e07c
046ea4
045334
038db8
02398e
00891c
febc18
fd12e6
fbc216
fae892
fa8af0
fa94e8
fae04e
fb3f7a
fb88e4
fba154
fb822a
fb3a6a
faeaa0
fabc98
fad972
fb6072
fc607e
fdd5d8
ffac60
01c56e
03ff90
063e1e
086ecc
0a8ba4
0c9970
0ea2de
10b210
12ca66
14e454
16ec3a
18c4e0
1a4d0a
1b66d6
1bff16
1c12d0
1bb138
1af9b6
1a165e
1933e8
1878f2
17fe80
17cb28
17d2a2
17f9ba
181da4
181d0e
17e0e0
1762a6
16aeb2
15e1b0
15221c
1496e8
145d68
148116
14f728
159f82
164a86
16c2ea
16d954
166efc
157cf6
141694
1265e8
10a30c
0f0886
0dc732
0cfc70
0cacce
0cc44c
0d1bec
0d8386
0dcd6e
0dd90a
0d9a40
0d1be4
0c7c7e
0be6dc
0b8806
0b84d4
0bf170
0ccd10
0e022e
0f6b6e
10dbca
12281e
132fb4
13e214
1440e4
145d9a
1453ba
144126
143e3c
1457aa
148b64
14c94e
14f732
14f6f8
14ad62
1407e0
13001a
119c5c
0feca0
0e0580
0bfa04
09d650
079c96
05452e
02c18c
0001bc
fcfad0
f9aca0
f6252e
f280b6
eee648
eb812e
e878d6
e5e8e2
e3dbc0
e248e6
e11718
e0229a
df459c
de610a
dd63ee
dc4f60
db35fc
da36dc
d975b6
d91140
d91a68
d98e64
da550a
db4418
dc2686
dcc662
dcf71a
dc9e1a
dbb7d4
da580c
d8a582
d6d1fe
d5102e
d389d2
d25816
d17f9c
d0f13a
d08f18
d0347c
cfbec6
cf1580
ce2fe8
cd16b8
cbe1ca
cab23e
c9aa72
c8e614
c873ea
c852de
c872d0
c8b8fa
c906ca
c9418a
c95896
c948f0
c91d70
c8eb52
c8cc12
c8d63e
c9177c
c99112
ca37c4
caf78a
cbb9f8
cc6db4
cd0cee
cda132
ce4352
cf1716
d043c6
d1eb56
d42202
d6e864
da29b6
ddbefe
e17654
e51c7e
e886f4
eb9bfa
ee56d0
f0c74c
f30ca4
f54cae
f7a9c2
fa3972
fcfe40
ffe5bc
02cb8e
05809a
07d4b8
09a0ac
0ace48
0b5d02
0b622e
0b044c
0a7334
09deae
096d7e
0936ce
093f70
097b04
09d09a
0a21d4
0a52be
0a50a2
0a166a
09ade2
092dc2
08b51a
08655a
085c4e
08af56
09689e
0a8694
0bfd86
0dbaa2
0fa7fe
11b056
13c1de
15cfda
17d308
19c8d2
1bb1e2
1d9084
1f673e
2137e8
230376
24c9fa
268ae8
28456e
29f864
2ba204
2d3f72
2ecc32
3041d4
319816
32c5f0
33c2fa
348980
35188c
35755a
35ab9e
35cc74
35ebf2
361dd4
3671b2
36ef96
3795b8
385840
392364
39df2a
3a7476
3ad1f4
3af00e
3ad2c8
3a88fc
3a291a
39cc1c
3987c6
39695c
397250
3997a6
39c402
39dbd4
39c2f8
39626a
38ac72
379ebe
36423c
34a876
32e74c
311468
2f4180
2d79f6
2bc258
2a19aa
287be2
26e4fc
255374
23c9ce
224e8a
20eab6
1fa7e4
1e8db8
1d9fd6
1cdcc4
1c3e12
1bb956
1b420a
1acbac
1a4baa
19ba74
1913c8
1855d8
17801c
1691ea
158910
146110
13134c
1197aa
0fe60a
0df836
0bcbd6
0963aa
06c84a
04080a
0135ec
fe67ac
fbb36e
f92d20
f6e426
f4e1ae
f32820
f1b36c
f07a64
ef70d4
ee8a1e
edbbba
ecfefe
ec5204
ebb790
eb35e8
ead49e
ea9a60
ea8aee
eaa572
eae3d0
eb3b38
eb9da6
ebfbcc
ec474c
ec7496
ec7c52
ec5c00
ec15b8
ebaf58
eb3128
eaa43c
ea1108
e97e6a
e8f0de
e86a2a
e7e96e
e76b66
e6eac2
e660e6
e5c6fe
e516e6
e44c2e
e364da
e2622c
e148ea
e0213e
def648
ddd514
dccb4c
dbe5b0
db2eec
daae3a
da6668
da5564
da7494
dab960
db166a
db7d54
dbe0c2
dc3688
dc79b0
dcac3c
dcd7e0
dd0d6c
dd62f2
ddf0b0
decd26
e00908
e1abc6
e3b13c
e6093a
e89944
eb40a0
edde10
f0559e
f295c8
f49ad0
f66f50
f829b0
f9e70e
fbc474
fdd790
002892
02aece
0550ce
07e810
0a47e8
0c45f2
0dc26e
0eaeb4
0f107c
0f00da
0ea73e
0e3178
0dca84
0d91e6
0d958e
0dcf6a
0e2748
0e7898
0e9ace
0e6a7c
0dd168
0ccb96
0b68a2
09c948
0819be
0689f2
05456e
046c54
040f02
042d0a
04b758
0594b0
06a79e
07d478
090634
0a3138
0b53d6
0c7478
0d9dde
0eda94
103108
11a08c
132046
14a026
160bb0
174e00
1855f6
1919ca
19990a
19dc6e
19f3be
19f268
19eb6a
19eda6
1a0180
1a284c
1a5d78
1a9954
1ad4a0
1b0b9e
1b3fb8
1b775e
1bbc10
1c1710
1c8dae
1d1e50
1dbf1e
1e5ee0
1ee7ca
1f440c
1f62d6
1f3c4a
1ed37a
1e361e
1d79a6
1cb616
1c006e
1b659a
1ae6fc
1a79a0
1a0878
1978f8
18b0d8
179bfc
163148
14753a
1279dc
105bf8
0e3e4a
0c4382
0a886a
091f6e
080e86
074f58
06d1b4
067fde
0643c4
060bee
05cf26
058e2c
0552fe
052dbc
053056
0569b2
05e100
06929e
076f62
085e48
09403a
09f51a
0a6120
0a7130
0a1d50
096910
0861ac
071a56
05a7be
041bf0
028360
00e40c
ff3e50
fd8f5a
fbd43c
fa0ccc
f83da4
f670ca
f4b4b4
f319a8
f1aea0
f07e52
ef8d3e
eed904
ee593e
ee0170
edc3b6
ed9388
ed6836
ed3e46
ed177a
ecf9aa
ececda
ecf8da
ed2324
ed6d5c
edd484
ee50f2
eed72a
ef594c
efc91a
f019bc
f040fa
f037ee
effb4e
ef8af2
eee8f0
ee18b4
ed1e28
ebfd6e
eabb12
e95cca
e7ea74
e66ec4
e4f784
e3954c
e25a16
e1572e
e09a88
e02c68
e00daa
e0379a
e09d56
e12e92
e1db16
e29628
e35916
e42458
e4feb6
e5f248
e70842
e84478
e9a21a
eb127e
ec7e72
edca10
eeda82
ef9cb0
f00b02
f030ce
f02a8e
f0227a
f049dc
f0d0a2
f1dcbc
f382de
f5c27e
f8859c
fba4a8
feedc8
022e18
053aac
07f794
0a5ba2
0c7012
0e4c56
100eec
11d4b0
13b038
15a3b0
179e66
197e7c
1b164e
1c34a8
1cadf6
1c64d8
1b502c
197d6c
170e9a
143484
112674
0e18c6
0b34a8
089280
0637a8
041842
021c5c
002736
fe1f0e
fbf3fe
f9a41e
f73c80
f4d6da
f294f4
f09aa0
ef07a8
edf2e0
ed679c
ed6570
ede23a
eecdb4
f01566
f1a7e2
f376e0
f577e4
f7a354
f9f294
fc5dfe
fedb70
015db8
03d560
063260
086694
0a67d2
0c313a
0dc394
0f2484
105ca0
1174fa
127504
13612c
143aac
1500b2
15b246
16506c
16e010
176aca
17fe72
18ab26
198030
1a8858
1bc6ac
1d349e
1ec1f2
2056b0
21d6a4
2325f2
242dbc
24e01a
253a38
25442c
250e92
24ae5a
2437a6
23b910
23381c
22af9c
221058
21443e
203336
1ec890
1cf7f4
1ac0fe
1830aa
15603e
127212
0f8c92
0cd49e
0a686e
085bb6
06b5da
057278
0483fe
03d7aa
0359f0
02faa2
02affa
0277a2
0255d4
0252e4
02779c
02c9b6
0348e4
03ed56
04a7ba
056358
06092e
0683a6
06c204
06babc
066c40
05dc38
051564
0424cc
0316d6
01f530
00c5d8
ff8b92
fe476a
fcface
fba98e
fa5b62
f91c10
f7fa42
f70564
f64af0
f5d3e0
f5a2d4
f5b3ae
f5fc9c
f67056
f7010c
f7a350
f8504c
f906a6
f9c9fe
faa0b6
fb90b4
fc9be8
fdbd60
fee7d6
000630
00fe04
01b384
020e00
01fc4a
0177da
0085ec
ff36b0
fda20e
fbe316
fa12e2
f8441c
f68042
f4c740
f3113c
f1520c
ef7da8
ed8c9a
eb7f12
e95e3e
e73b72
e52d4e
e34b66
e1a9a0
e05456
df4dde
de8e84
de0672
dda156
dd4ab0
dcf250
dc8f94
dc22e0
dbb512
db5502
db13a2
daffdc
db22fa
db7eaa
dc0cf6
dcc274
dd91e4
de70a0
df5ad2
e05604
e171a8
e2c516
e46b46
e67d08
e90b2a
ec19a4
ef9d0c
f37ade
f78cde
fba6cc
ff9d4a
034c6a
069c7c
098458
0c0854
0e364a
101fc4
11d3b4
135932
14ac8c
15bf4a
167b42
16c804
169144
15ccc0
147e1e
12b80a
109a06
0e4b8a
0bf570
09bb2a
07b52e
05edc6
0460e2
02fef0
01b1f4
006394
ff031a
fd89ac
fbfc3c
fa6ad6
f8eda2
f7a058
f69d2a
f5f836
f5bc6e
f5ea98
f67a6a
f75d02
f88066
f9d354
fb486c
fcd7ce
fe7f5e
00419e
022356
042906
065488
08a394
0b0f30
0d8c60
100dd6
12860a
14e990
1730f6
19598e
1b6512
1d5862
1f39a4
210e6c
22da54
249e72
26596c
2808a6
29a9ea
2b3d28
2cc55e
2e48a2
2fcee4
315fb8
32ff9c
34ad6c
3660bc
3809b4
3992d0
3ae3e4
3be624
3c8886
3cc320
3c98ca
3c16b8
3b51da
3a62b0
39604a
385ba2
375c5e
365fc6
355a12
3439fe
32ed90
316754
2fa28c
2da5be
2b82fa
29557a
273d3a
255982
23c3ac
228ad6
21b180
212d9a
20eae8
20cf32
20bf32
20a36e
206c06
2012ce
1f9b14
1f0fbc
1e7fee
1dfb20
1d8d72
1d3d06
1d08e6
1ce96c
1cd242
1cb546
1c8566
1c3904
1bcb7e
1b3d68
1a93a2
19d5ac
190b74
183b8c
176a44
169990
15c9aa
14fa2a
142b3c
135e80
1296e4
11d7ce
112398
1079f4
0fd6a4
0f3114
0e7d08
0dac78
0cb280
0b8652
0a25cc
0896e8
06e764
052aa8
03761e
01dce2
006bac
ff25f4
fe04ea
fcf858
fbe9b4
fac0c4
f968c6
f7d4e8
f602ee
f3fbae
f1d10e
ef9a34
ed6e9a
eb60f8
e97b60
e7bd82
e61d62
e48a76
e2f26e
e146a0
df8090
dda4c6
dbc312
d9f3f6
d8540e
d6fe3c
d6058a
d57098
d537e6
d54714
d58106
d5c5fa
d5fa80
d60d8e
d5fc90
d5d452
d5ae48
d5ab0e
d5eb18
d68774
d78c08
d8f4d4
daaebe
dc9bd2
de99f2
e08a7a
e2592c
e400aa
e58b76
e7116c
e8b1fa
ea8c86
ecb8d4
ef40fa
f21e16
f538b0
f86ca6
fb8fc2
fe7940
0108e8
032c4e
04e134
063490
073e7e
081bfe
08e7e2
09b464
0a86e2
0b5664
0c0d14
0c8c5e
0cb340
0c652a
0b900a
0a3080
085376
06146e
0398ba
010900
fe8a26
fc3724
fa1cc2
f83842
f67970
f4c768
f30740
f12312
ef0ffe
ecd1be
ea7b44
e82c5c
e60c9c
e444b4
e2f7ea
e23ecc
e22418
e2a48c
e3b0e6
e531bc
e70c1e
e9261c
eb6a34
edc8da
f0388e
f2b472
f53a16
f7c71e
fa57da
fce6d0
ff6d04
01e2e8
0441c0
06852a
08ac0c
0ab8c8
0cb0a0
0e9a9e
107e24
1261aa
1449ba
163860
182d0a
1a24ba
1c1a9e
1e08a0
1fe7a4
21afba
235852
24d824
262548
2735c4
280038
287ca2
28a582
2878f8
27f992
272eba
26246c
24ea1a
2390b0
222876
20be86
1f5abc
1dfe48
1ca34c
1b3db8
19bd56
1810c8
1628ec
13fbf0
1187ac
0ed2b4
0bebce
08e7cc
05de66
02e6cc
00144e
fd740a
fb0c0e
f8dc20
f6df9c
f51044
f36938
f1e94e
f0942c
ef71ec
ee8d50
edf104
eda4a4
edaa9e
edff08
ee97c6
ef65ee
f05850
f15e62
f26ab4
f3745a
f476fe
f57188
f663ee
f74cba
f82712
f8e9d8
f98814
f9f30c
fa1d1a
f9fca4
f98ebe
f8d872
f7e648
f6ca2a
f5982c
f462ee
f33846
f21f1e
f11718
f01a1c
ef1f68
ee1f60
ed172a
ec0ad0
eb05bc
ea195e
e959fe
e8da46
e8a6ae
e8c1f0
e92318
e9b5c2
ea5cd8
eaf742
eb655a
eb8e40
eb6408
eae5de
ea1f8c
e926e2
e81764
e70cc0
e61d6a
e556b8
e4bb0e
e4423e
e3dc38
e37568
e2fb9a
e26278
e1a694
e0ce72
dfe996
df0d7c
de5176
ddca18
dd8574
dd88ae
ddcf86
de4dfa
def344
dfad8a
e06d7c
e12902
e1dc62
e289d0
e337e0
e3eee4
e4b648
e59268
e6839e
e7866a
e89512
e9a9f6
eac1cc
ebdd3a
ed01a8
ee38cc
ef8eea
f1107c
f2c7ec
f4bb70
f6ebd2
f95466
fbec18
fea73a
0179ca
045944
073dda
0a22c6
0d0582
0fe43a
12bbe8
1586a0
183a86
1ac9ce
1d23be
1f367e
20f1a6
2248e4
23363a
23baf2
23df68
23b190
2342a4
22a410
21e49c
210e1e
202474
1f25b6
1e0bbe
1cce90
1b6728
19d22a
1811f2
162f88
143a4a
124674
106abc
0ebd76
0d519a
0c34c0
0b6de2
0afd2e
0adce6
0b02fa
0b6342
0bf1d2
0ca524
0d7744
0e6602
0f7242
109ea0
11ed8a
135f90
14f1f4
169e08
185968
1a1740
1bc9fc
1d656c
1ee0f6
2038e4
216ea6
228824
238e4c
248b32
258828
268c06
279a32
28b278
29d1be
2af2fc
2c106a
2d2476
2e2a4e
2f1db6
2ffa92
30bc36
315cca
31d55c
321e7c
323168
320930
31a3e2
310342
302c96
2f27a8
2dfd36
2cb4de
2b5318
29d7ee
283ebe
267f1a
248ef8
226598
1ffe5c
1d5b0c
1a8548
178e94
148ea0
11a046
0ede00
0c5e38
0a302a
085a34
06d9b0
05a49e
04ac8c
03e222
0338c8
02a96a
0233ec
01def8
01b632
01c732
021df4
02c174
03b130
04e3f0
06486c
07c756
09469e
0aacd6
0be48e
0cde9c
0d9362
0e0282
0e3188
0e2992
0df4dc
0d9c92
0d275e
0c98e6
0bf214
0b3220
0a57ea
09633c
085586
07325a
05ff7a
04c464
03898e
0257bc
013756
003012
ff48ae
fe86b2
fdee0a
fd8098
fd3db0
fd216a
fd2464
fd3c0e
fd5b56
fd73cc
fd7750
fd59d0
fd12f8
fc9f5a
fc0102
fb3ed8
fa6336
f979f0
f88e2a
f7a87e
f6cd9a
f5fde6
f53628
f47112
f3a900
f2d9b8
f201ca
f12310
f0421e
ef64e6
ee90bc
edc878
ed0b30
ec53c8
eb99ae
ead2a4
e9f546
e8fb8e
e7e4c8
e6b69a
e57ca4
e4470e
e327e2
e22fe4
e16bce
e0e24c
e09348
e07884
e0878c
e0b448
e0f3bc
e13e7c
e19234
e1f1d6
e264ba
e2f4ec
e3acec
e4956e
e5b390
e70822
e88fa0
ea4306
ec193c
ee08d0
f00988
f21556
f428aa
f6420a
f86156
fa866a
fcafe8
feda10
00fe20
03123a
0509c6
06d672
086998
09b5aa
0aafa4
0b500a
0b938a
0b7b26
0b0bca
0a4d94
094a82
080d30
069f6e
050924
034f9e
01758c
ff7b5e
fd604a
fb238a
f8c5ea
f64b1e
f3babe
f120d8
ee8dbc
ec14d0
e9caee
e7c470
e61338
e4c4d8
e3e152
e36a7e
e35c5e
e3ae22
e453e2
e54084
e667ec
e7c066
e94390
eaee92
ecc1a2
eebea8
f0e79c
f33cec
f5bc06
f85e7c
fb1a08
fde132
00a4da
03561c
05e844
085282
0a9128
0ca5f6
0e975a
106f08
1237e4
13fbaa
15c0a8
178800
194cf2
1b0516
1ca1b2
1e11ea
1f457e
202f92
20c8d4
211100
210f08
20d018
20656c
1fe16c
1f548c
1eca7e
1e484e
1dcb8e
1d4afa
1cb866
1c03a0
1b1db0
19fbe2
189a38
16fc60
152d6c
133e38
1142fe
0f5036
0d778c
0bc5be
0a4172
08eb7e
07c016
06b906
05d01e
05013e
044b8e
03b1dc
0339aa
02e98c
02c6f8
02d45a
030fb8
037258
03f180
04804e
051222
059cf0
061b0e
068bd4
06f332
075846
07c316
0839f2
08bf76
09517e
09e91c
0a7bd4
0afdf4
0b654e
0bab7a
0bcf7a
0bd626
0bc934
0bb522
0ba680
0ba742
0bbca6
0be64e
0c1e92
0c5c0e
0c9400
0cbd0e
0cd1ac
0cd190
0cc1f0
0cac42
0c9c14
0c9c54
0cb4ca
0ce81e
0d32fc
0d8c76
0de79e
0e35c8
0e6920
0e76d4
0e58ae
0e0d60
0d9790
0cfc02
0c3fb8
0b65dc
0a6e3e
0954c0
0811f8
069c8c
04eb2c
02f6b6
00bc0e
fe3d36
fb81aa
f895a8
f5889a
f26b24
ef4d30
ec3c68
e94362
e66982
e3b356
e12384
debbea
dc7ebc
da6f0a
d89100
d6e97a
d57d14
d44ef2
d35fe8
d2add2
d2336a
d1e8b8
d1c3d2
d1ba2a
d1c202
d1d3ec
d1ebf2
d20a36
d23326
d26f1c
d2c978
d34f58
d40e1c
d511ea
d66436
d80a90
da05da
dc5202
dee632
e1b56e
e4afe0
e7c440
eae162
edf788
f0f960
f3dc88
f69972
f92ae0
fb8cfa
fdbc0a
ffb342
016bde
02dd3c
03fd62
04c214
05226a
0518a0
04a3a6
03c80a
02902e
010b9c
ff4d64
fd69f8
fb74ce
f97e32
f791ac
f5b59a
f3eba0
f23234
f086da
eee8b8
ed5aae
ebe498
ea93be
e979f4
e8ab72
e83bfa
e83b7c
e8b304
e9a2ba
eb015e
ecbd32
eebe0c
f0e89e
f32226
f553fc
f76e5c
f969aa
fb4630
fd0a9a
fec12c
007458
022bbc
03ea0c
05abf6
076870
09128e
0a9c24
0bf8d2
0d20ca
0e12c6
0ed48e
0f7262
0ffd06
1086ca
11202c
11d50e
12aa94
139e74
14a7d4
15b91e
16c2b0
17b5fa
18888e
193610
19c0f0
1a31c2
1a954a
1af992
1b6ada
1bf0dc
1c8ce2
1d3902
1de8bc
1e8ad0
1f0c04
1f5a38
1f6746
1f2b1a
1ea490
1dd938
1cd424
1ba3f0
1a5860
190036
17a7a4
16577e
151522
13e318
12c208
11b1c4
10b224
0fc3ba
0ee808
0e2132
0d717e
0cdac6
0c5e14
0bfb4a
0bb158
0b7e6e
0b6046
0b543a
0b5766
0b66a8
0b7e42
0b997e
0bb236
0bc0b8
0bbbf4
0b9a24
0b51f2
0adbca
0a3334
095820
084fa0
0723a4
05e21a
049b4a
035fc8
023e3c
01417c
006f5e
ffc85a
ff4852
fee820
fe9fdc
fe6926
fe40e8
fe2818
fe234c
fe394a
fe70f6
fecef4
ff534c
fff7e2
00b036
016a6c
021198
0290b8
02d5c6
02d438
028684
01ee2e
01128c
fffe94
febe00
fd5a5c
fbd910
fa3a4a
f87964
f68eb6
f4724c
f21e8e
ef92da
ecd52a
e9f26c
e6fd44
e40bc0
e13442
de8a52
dc1c30
d9f130
d80978
d65f64
d4e9c0
d39e8a
d275ac
d16b30
d0802a
cfba56
cf22b6
cec32a
cea3a6
cec7e4
cf2dba
cfcc80
d095e6
d17800
d2603c
d33e88
d40856
d4bada
d55bf2
d5f9ee
d6a9e2
d784cc
d8a40a
da1dec
dc027e
de5948
e12004
e44aec
e7c646
eb78dc
ef4714
f31628
f6ceea
fa5fa8
fdbd18
00e212
03ce4c
068424
090630
0b54fe
0d6d8e
0f48cc
10dc3c
121bd4
12fc5c
137628
13877c
133642
12903e
11a9e6
109c06
0f806c
0e6e48
0d76d8
0ca300
0bf290
0b5d4e
0ad5a2
0a4c34
09b40c
090658
0844e2
077ab8
06bb3e
061f40
05c0a0
05b5a8
060cde
06ca3a
07e690
09510a
0af24a
0cb09e
0e749a
102cde
11d08c
135fc2
14e1e6
166264
17ecbe
1988c0
1b37c0
1cf3a4
1eaf9e
205abc
21e38a
233c08
245cd6
25477c
26069e
26ac3c
274e92
280458
28e0c4
29f05c
2b3730
2cb0ae
2e5134
3008a8
31c574
33777e
35127e
368f16
37ea74
392512
3a40ca
3b3e88
3c1c84
3cd572
3d607a
3db226
3dbe2a
3d795c
3cdb82
3be0ae
3a89e6
38dcda
36e2ee
34a7ec
323886
2fa0ec
2cec1a
2a2384
274f04
247534
219c28
1ec9e8
1c0494
19523a
16b8be
143d54
11e3dc
0fae72
0d9d58
0baeea
09dfee
082c46
068fe4
05077e
039166
022e0c
00e020
ffac58
fe98ac
fdab44
fce93e
fc556c
fbef50
fbb270
fb966e
fb8fbe
fb9102
fb8cd2
fb77ce
fb4aa4
fb0372
faa630
fa3c62
f9d3ee
f97d1e
f947f2
f94192
f97212
f9daea
fa7666
fb3876
fc1076
fceb9c
fdb7c4
fe65fa
feec42
ff468c
ff7668
ff8182
ff6f5e
ff46d2
ff0b5e
febb88
fe5098
fdbfa2
fcfb7a
fbf7ac
faab88
f914b2
f73864
f5234c
f2e7da
f09b42
ee51a8
ec1a6c
e9fdae
e7fb54
e60bb4
e421f2
e22f90
e0284c
de0576
dbc7f4
d9789a
d726a8
d4e4e4
d2c59a
d0d6fc
cf2060
cda0f6
cc503a
cb201e
ca0092
c8e334
c7bebe
c6912e
c560be
c43ae6
c331bc
c258a2
c1c092
c174ea
c17964
c1c9c2
c25b1a
c31e80
c40496
c50118
c60df6
c72d56
c86998
c9d390
cb7f7e
cd811a
cfe72c
d2b802
d5ef82
d97ee0
dd4e02
e13ed4
e53178
e90878
ecac90
f00f06
f32a52
f60120
f89be0
fb057e
fd47bc
ff687e
01680c
0340c6
04e858
06521e
0771de
083e6a
08b3e2
08d4e8
08aa3c
08412c
07a954
06f1dc
0626bc
054eee
046bda
037a06
0272e8
014f92
000b8e
fea74c
fd2990
fb9f96
fa1b96
f8b260
f7781e
f67ce6
f5c9f0
f56042
f538c2
f545f4
f576e6
f5baa6
f60384
f64976
f68b56
f6ce88
f71d2e
f78332
f80b10
f8bb06
f9937a
fa8e9c
fba1ac
fcbf62
fddafc
feeafa
ffeb64
00defa
01ced8
02c898
03db96
0515ce
0680cc
081f92
09edb2
0bdfb8
0de4f8
0fea2c
11dc44
13ab10
154b4a
16b764
17ef4a
18f716
19d524
1a8fe2
1b2b98
1ba932
1c061a
1c3ca0
1c453c
1c1856
1bb00c
1b0988
1a25c2
1909b8
17bd9a
164b9a
14be90
132076
117968
0fcf56
0e2606
0c7f4a
0adbd6
093c20
07a0e6
060b84
047e3c
02fc36
018902
00286a
fede0a
fdace6
fc9728
fb9e36
fac2b0
fa04b6
f96444
f8e180
f87cfa
f837f8
f8148e
f8150e
f83b72
f8886c
f8fa5c
f98ca2
fa3784
faf098
fbabc4
fc5ce4
fcf9a2
fd7b56
fde020
fe2b44
fe6432
fe9480
fec556
fefcf4
ff3c88
ff7f12
ffb9e0
ffde50
ffdcaa
ffa7b4
ff37fa
fe8e12
fdb360
fcb90a
fbb564
fac038
f9eea4
f94f34
f8e74e
f8b24e
f8a278
f8a38e
f89ebc
f87ee8
f834a0
f7b912
f70f50
f643ac
f56958
f496a2
f3e072
f3560e
f2fdf4
f2d434
f2ca9e
f2cb3a
f2bc36
f28470
f2101a
f15486
f0520e
ef1432
edafae
ec3ed8
eadcea
e9a198
e89d3a
e7d668
e749a4
e6eb0a
e6a90e
e67040
e62f74
e5db30
e56fa8
e4f16a
e46c7a
e3f1ec
e394a0
e365fe
e37308
e3c236
e452a8
e51cf2
e614d8
e72c10
e8556e
e987dc
eac050
ec02b6
ed5978
eed370
f080d4
f26fd8
f4a954
f72e3c
f9f652
fcf08e
0004d8
031710
060ade
08c77e
0b3abe
0d5ac0
0f262c
10a30c
11dc60
12df06
13b69a
146afa
14feb6
156ee0
15b44e
15c5f4
159b96
15306e
148512
13a022
128d90
115cc4
101dc0
0ede0c
0da644
0c78a0
0b5118
0a271c
08f09c
07a56e
0642bc
04cd5a
035250
01e57a
009e92
ff952a
fedc4c
fe7eee
fe7e36
fed196
ff68fa
003082
0114ec
02078a
030100
0401f0
05119c
063ace
0787f6
08ff1c
0a9ee0
0c5d6a
0e2984
0fed70
119300
130820
1442be
1542e0
1612be
16c4ee
1770b0
182d26
190cc0
1a1998
1b5384
1cb030
1e1d48
1f8402
20cd70
21e6e6
22c4f2
23650e
23cd7e
240b7e
242fd6
244b3c
246b2c
249730
24cfaa
250e74
2548b8
25716e
257c4c
256066
2519c2
24a9a0
2415bc
2366c0
22a5e6
21db14
210b6a
2038aa
1f616e
1e8260
1d9792
1c9dd0
1b93a8
1a79e4
195352
1823f6
16f03e
15bc4e
148b90
1360c0
123e92
112872
102324
0f3504
0e65c4
0dbda2
0d4412
0cfdfc
0cec5c
0d0b34
0d5128
0dafd8
0e153a
0e6d8a
0ea54e
0eaba4
0e741c
0df7b6
0d353e
0c311a
0af426
098a36
080092
066444
04c0b8
031f20
018646
fffaaa
fe7f18
fd1598
fbc024
fa811e
f95bda
f85484
f76f88
f6b0da
f61b3c
f5af5a
f56b3a
f54a00
f543ee
f54ed2
f55eee
f56830
f55f7a
f53bf6
f4f816
f49202
f40b9a
f36a1a
f2b4fc
f1f444
f12ee2
f0691a
efa352
eed9b2
ee049c
ed1a28
ec0fee
eadd00
e97bda
e7eb98
e63062
e452d6
e25e96
e0603c
de6326
dc6fc0
da8a4a
d8b2be
d6e5da
d51e98
d35808
d18f60
cfc568
cdfefc
cc451c
caa424
c92a22
c7e4b2
c6df20
c620dc
c5ac66
c57f3e
c592ac
c5dd26
c653e8
c6ed14
c7a194
c86e60
c9552a
ca5c1a
cb8c8a
ccf11a
ce9374
d07a28
d2a6d4
d51536
d7bb46
da8a4a
dd7070
e05b2e
e339be
e5ff2a
e8a382
eb2428
ed8336
efc5a2
f1f108
f4096a
f60f4c
f7fe76
f9cde2
fb70d6
fcd8c6
fdf7e6
fec3dc
ff3822
ff5738
ff2a84
fec110
fe2d2e
fd8180
fcce0c
fc1de6
fb7624
fad612
fa390a
f99900
f8f14a
f84136
f78dbc
f6e19e
f64c2e
f5df10
f5ab26
f5bd72
f61cda
f6c906
f7baa0
f8e4ce
fa37a6
fba2b2
fd1758
fe8aa8
fff636
0157c2
02b016
040128
054c60
06915a
07cd36
08fa90
0a125e
0b0d74
0be622
0c99ae
0d2992
0d9bdc
0dfae4
0e53ea
0eb52c
0f2baa
0fc142
107b24
11593a
125692
136a92
148b14
15ae96
16ce36
17e722
18fb0e
1a0f88
1b2c44
1c58fa
1d9b26
1ef426
206086
21d834
234f5e
24b840
26056c
272be6
282480
28ec9c
2985f2
29f55c
2a412c
2a6f90
2a8546
2a84dc
2a6e70
2a405e
29f858
29949e
291530
287cb0
27d08a
2718a4
265e86
25ac16
250a00
247e6e
240c2e
23b22e
236ba6
2330fa
22f8c8
22b918
22688c
21ff8e
2178ac
20d07e
200526
1f157e
1dfff8
1cc21c
1b5878
19bf06
17f1ec
15eeb0
13b574
1149e2
0eb36e
0bfcfc
0933e2
06666e
03a21e
00f24a
fe5f2c
fbed96
f99f66
f7748a
f56c46
f38654
f1c3ba
f026f0
eeb378
ed6cee
ec55c0
eb6ddc
eab1b2
ea19e0
e99b66
e928ba
e8b350
e82d76
e78c02
e6c7e6
e5df36
e4d552
e3b25c
e281cc
e15080
e02aa6
df19c4
de22ee
dd45ea
dc7d56
dbbf80
db0002
da3218
d94b04
d843c4
d71a76
d5d2c0
d4752e
d30dd2
d1aa2c
d0571c
cf1ef2
ce0812
cd1498
cc428e
cb8cf8
caed68
ca5db2
c9d954
c95eb0
c8efb6
c89190
c84bbe
c826fc
c82bda
c86128
c8cace
c96966
ca3a20
cb3756
cc59b6
cd99d6
cef1aa
d05db6
d1dd96
d373f6
d525b4
d6f8a2
d8f1a6
db1334
dd5c50
dfc800
e24d78
e4e14c
e77712
ea030c
ec7ba6
eeda34
f11b04
f33ca4
f53e94
f71fbe
f8dd44
fa71c4
fbd554
fcfe90
fde434
fe7f08
fecb9c
fecba0
fe8638
fe0764
fd5e7e
fc9c20
fbd002
fb0714
fa4a1a
f99d5a
f9018e
f8753a
f7f698
f785a4
f725b8
f6de44
f6ba82
f6c82c
f71592
f7af16
f89ce4
f9e126
fb772c
fd53a8
ff65f2
019a06
03dafe
06158c
0839d2
0a3c8a
0c1726
0dc718
0f4c7e
10a8d4
11ddc2
12ec5a
13d4f2
1497b0
15357c
15b0fa
160f3c
1657ee
1694fe
16d1ce
1719aa
177652
17eed8
1886d4
193e38
1a11b2
1afbd4
1bf634
1cfa92
1e03a2
1f0d8c
2015c8
211aba
221af0
231480
240478
24e6ec
25b74c
2670f2
271016
279294
27f832
28427a
28745c
28910e
289ac8
2891d6
287402
283c82
27e494
27651a
26b848
25db7c
24d086
239e2c
224fac
20f358
1f9880
1e4d06
1d1b1a
1c07d2
1b12a0
1a35c0
1967e8
189eca
17d14e
16f986
1615ba
152864
143714
134890
126292
1187d2
10b666
0fe73e
0f0ef0
0e1f7a
0d0aa0
0bc49a
0a465e
088f0e
06a488
0492b6
0269c4
003bc6
fe1a3a
fc1372
fa30f0
f876bc
f6e3d4
f5738c
f41f7a
f2e196
f1b5f2
f09bca
ef9598
eea856
edda14
ed2ff4
ecac64
ec4dde
ec0e5e
ebe3ec
ebc1ce
eb9a52
eb60ca
eb0b4e
ea93f0
e9f92c
e93d84
e86686
e77b88
e6842e
e5872a
e48976
e38de4
e29536
e19e8e
e0a82e
dfb036
deb53a
ddb68c
dcb474
dbb05a
daacc6
d9ad4e
d8b66a
d7cd5e
d6f7e4
d63bd0
d59eb0
d52564
d4d372
d4aab4
d4ab28
d4d2fc
d51eb8
d589f2
d61000
d6ac86
d75c0e
d81c60
d8ec1e
d9ca72
dab6b4
dbafce
dcb3ca
ddc01c
ded1fe
dfe6d6
e0fd32
e215f4
e33500
e4613e
e5a444
e70956
e89bd4
ea6598
ec6d64
eeb5b0
f13be2
f3f86e
f6df90
f9e2ac
fcf20a
fffe9e
02fb42
05dd8e
089e04
0b3746
0da50e
0fe322
11ec34
13b96a
154292
167f06
176706
17f5aa
182ab0
180b8e
17a3c2
170408
164078
156e0c
14a030
13e66c
134ac8
12d16a
12796c
123e86
121b60
120c24
121050
122b62
126470
12c4e4
135648
141fd2
152454
1660e8
17cc8e
19591c
1af506
1c8dca
1e1234
1f7460
20aae8
21b12e
2286a8
232da0
23a996
23fdae
242bca
24343a
24162e
23d09e
2363a6
22d1b2
222036
215800
20849c
1fb306
1eefe6
1e45c8
1dbbd4
1d5518
1d10b2
1ceabc
1cddc8
1ce49e
1cfb84
1d2126
1d56ac
1d9f04
1dfd7c
1e7440
1f0314
1fa69e
205856
210f7a
21c274
22684c
22fa0e
23738e
23d306
241870
24446c
2456c8
244d64
242422
23d560
235b0c
22b070
21d43e
20c9be
1f9902
1e4e52
1cf892
1ba6e8
1a668a
1940da
183a1e
175150
16813c
15c220
150bce
1457e4
13a348
12ee62
123c92
1192da
10f5ba
106712
0fe4c2
0f67d6
0ee4b4
0e4c8a
0d8f8c
0c9f80
0b726a
0a04a8
0859a6
067b7e
04799c
02664e
0053e2
fe5220
fc6c3a
faa778
f90364
f77b0e
f606fe
f49f80
f33ede
f1e2c0
f08c8a
ef40fc
ee0720
ece688
ebe580
eb07b0
ea4d28
e9b240
e93008
e8bd58
e84fc4
e7dc8e
e75966
e6bcf8
e5ff3e
e519cc
e40810
e2c7c2
e1597e
dfc148
de06c2
dc3506
da59e6
d88494
d6c3f2
d524dc
d3b0b8
d26c88
d158c4
d07214
cfb2ba
cf148a
ce9288
ce2a1e
cddb9e
cda9dc
cd98fe
cdacdc
cde776
ce478e
cec80e
cf605a
d0054e
d0aadc
d145e4
d1cdc2
d23d2c
d292a6
d2d02a
d2fa10
d315e8
d32982
d33a32
d34c72
d36462
d3865c
d3b7cc
d3ffd0
d46766
d4f90c
d5bfc0
d6c574
d8115e
d9a662
db81f4
dd9be0
dfe6f6
e25272
e4cc2a
e74304
e9a908
ebf4ac
ee214e
f02e7a
f21e02
f3f1a6
f5a8ac
f73df4
f8a73a
f9d5aa
fab818
fb3e04
fb5b00
fb09b2
fa4dc6
f9344e
f7d256
f64206
f49eaa
f300b2
f17a80
f016ba
eed840
edbbea
ecbb86
ebd134
eafa84
ea3a8c
e99a6a
e92824
e8f420
e90dbc
e97ffa
ea4eca
eb75d8
ece8aa
ee943c
f061ce
f23a1e
f40872
f5bd06
f74e48
f8b8bc
f9fdd2
fb2200
fc2a90
fd1b8c
fdf68c
feba2e
ff62b6
ffeb9c
00516c
00938a
00b596
00c010
00bfd6
00c4a4
00df14
011e46
018d96
023316
030f08
041c66
05528a
06a74a
0810f4
09882c
0b08e8
0c9248
0e25a4
0fc4ea
1170d2
132728
14e21a
169858
183e18
19c6fa
1b280e
1c596c
1d5742
1e21f0
1ebce4
1f2cdc
1f7626
1f9ae4
1f99e8
1f6edc
1f1378
1e8152
1db3fe
1cab14
1b6b6e
19ff58
187588
16df66
154e96
13d2b0
12777a
1143ea
103a28
0f5898
0e9b6e
0dfe2c
0d7cee
0d1554
0cc668
0c8fe2
0c712e
0c6840
0c7068
0c81ec
0c9248
0c9560
0c7ee2
0c4432
0bde00
0b49a8
0a89e4
09a68a
08ab9e
07a79c
06a96c
05be70
04f11c
04480e
03c5e0
0369b8
03305a
031594
031596
032df0
035db2
03a518
040490
047b68
0506e8
05a1b2
064374
06e12e
076e40
07ddac
082398
0836ae
0810ce
07af5e
07133e
06405c
053cec
04109a
02c3ea
015f6c
ffeb2c
fe6e6e
fcef66
fb7328
f9fdc8
f8927a
f733cc
f5e3fa
f4a552
f37a46
f26586
f169ca
f0894c
efc524
ef1cdc
ee8e02
ee142a
eda966
ed471c
ece6d4
ec8316
ec183a
eba4ec
eb29ea
eaa990
ea2704
e9a54e
e92672
e8ab48
e83382
e7be1a
e74a52
e6d894
e66b24
e606b4
e5b2a2
e57848
e56228
e57ab6
e5cafe
e6594e
e72866
e83724
e980d0
eafdf2
eca570
ee6dcc
f04e98
f2413e
f4412e
f64b7e
f85de2
fa7516
fc8b6c
fe97cc
008d42
025b82
03f060
053a18
0629b8
06b57a
06da5a
069cc2
0607d8
052bc4
041b36
02e898
01a3d4
0058b2
ff0e74
fdc894
fc8882
fb4fac
fa21b6
f9060c
f8083e
f7373e
f6a396
f65cca
f66ea8
f6df24
f7acdc
f8cece
fa3578
fbccfc
fd7ffe
ff3ac6
00ede2
028f8c
041bf8
05948a
06fe2a
085efc
09bc0e
0b1756
0c6eb2
0dbbe8
0ef5cc
101220
1107b2
11d06e
126aca
12da5c
1327b8
135f2c
138f16
13c5ea
141042
14777c
15011a
15aef2
167fb4
177010
187bfe
199f8e
1ad792
1c21d6
1d7cc6
1ee6c2
205d8a
21ddac
236206
24e3b2
265a8c
27bdb2
29042a
2a258a
2b1a6c
2bdc94
2c66fa
2cb5cc
2cc656
2c96e4
2c2704
2b77be
2a8be2
296848
2813ee
26978a
24fcf2
234e5e
219588
1fdae2
1e2526
1c7918
1ad9e8
1949f6
17cb80
166156
150f4e
13da1c
12c6a2
11d8ee
111336
1074a2
0ff890
0f9698
0f4314
0ef064
0e90d2
0e18ae
0d8000
0cc3d8
0be6f2
0af15e
09ef32
08ee76
07fcd2
072546
066e70
05d952
056152
04fd46
04a178
04421c
03d5ea
035830
02c9d6
023126
01988c
010c32
009700
003fb4
00067c
ffe3bc
ffc85a
ff9fac
ff527a
fecab8
fdf742
fccea0
fb509a
f98640
f78048
f55414
f31826
f0e090
eebbe6
ecb182
eac138
e8e482
e710e2
e53ae4
e35902
e165f6
df621e
dd53d4
db466a
d94846
d76888
d5b46c
d4352c
d2eece
d1dff0
d1025e
d04c92
cfb39a
cf2d22
ceb146
ce3b9a
cdcb6a
cd6356
cd082a
ccbf44
cc8d2c
cc747e
cc754a
cc8d62
ccb94c
ccf598
cd4044
cd99fe
ce068c
ce8cb2
cf3564
d00a66
d11486
d25a0a
d3dd84
d59d60
d79436
d9b9cc
dc0486
de6ace
e0e434
e36a40
e5f8a8
e88cac
eb2406
edbbb6
f04eb4
f2d510
f543c0
f78cf4
f9a13a
fb7128
fcef48
fe11d0
fed40a
ff36e0
ff40ae
fefbfa
fe75de
fdbbb8
fcd91e
fbd680
fab89e
f9810e
f82f98
f6c478
f54288
f3b108
f21c52
f09578
ef309c
ee0298
ed1df2
ec9058
ec60da
ec8f5a
ed1532
ede716
eef7b4
f03a36
f1a42e
f32e84
f4d560
f6971e
f872a0
fa65b4
fc6be4
fe7de4
0091c0
029c22
049204
066a56
081f84
09b056
0b1fe4
0c74d8
0db84a
0ef41e
10317e
1177b0
12cb58
142e1c
159ef2
171b08
189ef2
1a27b4
1bb3bc
1d436a
1ed8fe
2077d6
22237a
23de62
25a8ac
277f1a
295ada
2b321c
2cf938
2ea460
302964
318136
32a8aa
33a036
346b1e
350dc0
358bc2
35e68a
361c58
362844
36033e
35a5ce
3509d6
342c28
330d92
31b2e4
30241e
2e6aec
2c90ec
2a9e4c
2898da
2683dc
2460d4
2230b2
1ff508
1db12a
1b6a8e
192854
16f236
14cf3e
12c468
10d3b0
0efbd6
0d38ce
0b84ee
09da96
0835b4
069500
04fa56
036a5e
01eb6a
0083d2
ff3860
fe0ae2
fcf96a
fbfe68
fb1180
fa28fc
f93baa
f84294
f73a86
f624d0
f50746
f3eb82
f2dd98
f1ea54
f11d42
f07f12
f01454
efdc9a
efd26e
efebd6
f01b72
f051fe
f08006
f097a0
f08dd0
f05b9a
effe60
ef77da
eecd3a
ee05da
ed299c
ec3f9c
eb4d14
ea5496
e95614
e84f96
e73e46
e61fc8
e4f3b0
e3bc82
e27ff6
e146a4
e01ade
df06f2
de136a
dd4570
dc9db8
dc180a
dbabe2
db4dd6
daf162
da8b26
da12f4
d98552
d8e3cc
d8348c
d7810c
d6d414
d63794
d5b2f2
d549e4
d4fc3c
d4c6b0
d4a48c
d491b4
d48cc2
d4985c
d4bb82
d500c4
d5748c
d622bc
d7141e
d84c4c
d9c87a
db7f6e
dd62f4
df6258
e16d36
e3763a
e574f8
e766c0
e94dfe
eb308e
ed151e
ef0062
f0f2ea
f2e7ca
f4d4c2
f6abb2
f85d30
f9db2e
fb1b9a
fc1a30
fcd8d8
fd5eca
fdb65e
fdea84
fe0412
fe07da
fdf604
fdcaaa
fd7fac
fd0f42
fc76c6
fbb8f2
fadeda
f9f784
f91626
f84f68
f7b658
f7599e
f74184
f76f36
f7dd82
f882bc
f95324
fa4386
fb4b68
fc660a
fd9252
fed1c0
0026b0
019260
031312
04a332
063960
07c99a
09470e
0aa660
0bdfc6
0cf052
0dda5a
0ea4e8
0f5a4c
1005ea
10b208
1165f4
1224ec
12edf0
13bc76
1489ec
154fa0
16084a
16b136
174a96
17d724
185b32
18db6c
195b9a
19dda4
1a6146
1ae458
1b6392
1bdbce
1c4b40
1cb20e
1d1248
1d6f96
1dce26
1e312c
1e999c
1f0558
1f6ecc
1fcd40
201618
203e92
203d92
200d46
1fac38
1f1d66
1e67b6
1d9478
1cad82
1bbb42
1ac358
19c7be
18c6d6
17bc74
16a38e
1577e0
14378e
12e41e
118284
101a26
0eb336
0d54a4
0c026a
0abc72
097e62
084070
06f960
05a0ec
0431f4
02ac4a
0115ac
ff790a
fde4b4
fc67d0
fb0fa0
f9e4ea
f8ea5e
f81c2e
f77120
f6dc9e
f65198
f5c52e
f53114
f494ae
f3f4ea
f35aca
f2d13c
f2626a
f2152c
f1eb64
f1e174
f1eefa
f2088c
f22208
f2310a
f22f06
f21a20
f1f502
f1c5d6
f19480
f1684e
f145f4
f12e62
f11ea8
f11098
f0fc86
f0db3c
f0a7ea
f0618e
f00b66
efac6e
ef4df2
eef9b6
eeb7c6
ee8cb8
ee78d6
ee7836
ee83aa
ee92ac
ee9d9e
ee9f66
ee9668
ee84d0
ee6fac
ee5d38
ee52c4
ee52d0
ee5bbe
ee67a4
ee6d44
ee6228
ee3d4e
edf9e8
ed9972
ed2476
ecaa46
ec3f56
ebfa38
ebf018
ec31a6
ecc888
edb5ee
eef2f2
f07238
f2226e
f3f18c
f5cfd2
f7b21c
f99318
fb7354
fd57d6
ff47e0
014a6e
03639c
0592ac
07d11c
0a12e2
0c47a6
0e5cc2
10402e
11e316
133bd2
144720
150856
158842
15d332
15f696
15fe76
15f370
15d980
15aff0
15723e
151a06
14a116
14039a
1341ca
1260c8
116a6a
106c2e
0f7570
0e957e
0dd9b4
0d4bd2
0cf148
0ccb28
0cd6cc
0d0eb8
0d6bf8
0de750
0e7a0e
0f1e86
0fd02e
108b6a
114d1c
12121a
12d6c2
1396b8
144cda
14f376
1584b6
15fb26
16526e
16879e
169992
168938
16596a
160e7c
15adb8
153ca8
14c04e
143ca2
13b454
1328bc
129a5a
120968
11767c
10e30c
105206
0fc7d6
0f4a10
0edeea
0e8c7a
0e57b2
0e4374
0e503c
0e7c1e
0ec2e0
0f1eb2
0f8906
0ffb86
1070ca
10e4fc
115622
11c3d4
122ed0
129834
1300be
13683c
13cd60
142dce
14865e
14d3e8
151400
15457c
1568d4
15803a
158f08
15990a
15a180
15aa32
15b2d6
15b8f8
15b824
15aa72
15896a
154f0e
14f67e
147c96
13e030
1321d0
124330
1146ca
102f5e
0effa2
0dba26
0c614a
0af74c
097e56
07f884
0667ac
04cd4e
032a74
017f8c
ffcc96
fe119a
fc4f22
fa86d6
f8bbb6
f6f238
f5300c
f37b6c
f1da46
f05156
eee380
ed9144
ec58e2
eb36f2
ea2762
e926a0
e832be
e74c22
e675b2
e5b458
e50e2a
e48932
e42a08
e3f2be
e3e21a
e3f35c
e41eaa
e45a28
e49b44
e4d814
e508da
e528e6
e536f8
e53526
e52862
e51796
e50a78
e50828
e51622
e53752
e56bc2
e5b0cc
e601c2
e658de
e6b062
e703ba
e75036
e79594
e7d5f2
e81526
e8575c
e89fc0
e8ef06
e942a0
e99492
e9dc3c
ea0fd6
ea2662
ea19ea
e9e978
e99a54
e937fa
e8d308
e87eee
e84f0e
e85386
e8969c
e91b22
e9dc46
eaceae
ebe2a2
ed071e
ee2ca0
ef4790
f05188
f1495a
f231be
f30f16
f3e4f0
f4b3cc
f577c0
f62850
f6b970
f71d98
f74830
f73024
f6d1ae
f62f22
f5509c
f44278
f3132a
f1d0e2
f087a0
ef4000
edfece
ecc5a0
eb941a
ea6992
e94668
e82d10
e7227c
e62dc2
e55750
e4a7dc
e42750
e3dbda
e3c940
e3f0d4
e4518a
e4e86e
e5b122
e6a688
e7c330
e901aa
ea5caa
ebcf24
ed5430
eee71a
f0833a
f223e6
f3c488
f560c4
f6f4bc
f87d3e
f9f80c
fb63e6
fcc040
fe0cd8
ff4928
0073f0
018abc
0289e2
036d0a
042fd8
04ceee
054912
05a00a
05d90a
05fc30
061368
0628b8
064482
066c12
06a0c2
06e008
07246e
0766fc
07a118
07ce1a
07ec64
07fd9e
0805ce
0809c2
080d2a
0810fe
081294
080b98
07f34a
07c07a
076b9e
06f118
0652cc
05989a
04cfae
0408ca
0355e2
02c758
026994
024374
0255ca
029be4
030cf0
039e0c
044438
04f604
05ac9c
066420
071b32
07d20e
088962
09413a
09f86c
0aac82
0b5a00
0bfd0c
0c9252
0d179a
0d8c04
0defcc
0e43c8
0e88bc
0ebeac
0ee466
0ef794
0ef514
0ed9b8
0ea322
0e50b4
0de444
0d6232
0cd0c6
0c374e
0b9cf8
0b07aa
0a7af6
09f7f0
097d36
090780
0892d2
081bba
07a062
072124
06a0ac
06236a
05ae84
054696
04ee80
04a646
046ace
043638
0400a8
03c176
0370c8
0308dc
0286f8
01ebb2
013aec
007b10
ffb40e
feee3a
fe3152
fd83be
fcea08
fc66c6
fbfad0
fba5a2
fb65de
fb39bc
fb1f94
fb1630
fb1cd2
fb332e
fb5938
fb8ed2
fbd340
fc24ae
fc7fde
fce030
fd3fc6
fd9828
fde330
fe1c1e
fe40c8
fe5276
fe5612
fe53ce
fe5628
fe6832
fe93c4
fedfd4
ff4f3c
ffe006
008bb2
014872
020aee
02c86a
0378bc
0417c0
04a5c6
05270a
05a256
061f0e
06a2e6
07300c
07c3e6
0856cc
08dcee
0947fc
09898e
099580
096404
08f2be
0844dc
07622e
06558a
052a8a
03eb9a
02a07e
014d92
fff3e4
fe9216
fd25fa
fbae4a
fa2c1c
f8a3be
f71cba
f5a160
f43d9c
f2fd96
f1ec60
f11306
f077c8
f01dda
f005be
f02e06
f093e2
f133e6
f20aac
f31502
f44fea
f5b86e
f74b46
f90480
fadf14
fcd4c4
fede30
00f342
030ba0
051f64
0727c0
091f98
0b03aa
0cd26a
0e8b7a
102f08
11bcfc
133434
149210
15d260
16efce
17e498
18abae
19418a
19a50a
19d7a4
19dd3e
19bbc6
197a68
1920ac
18b5bc
183fd8
17c3f6
1745c2
16c78e
164a90
15ced6
155346
14d56c
1451a8
13c356
132552
1272c0
11a80e
10c3fc
0fc860
0eba5c
0da1f2
0c8914
0b7a54
0a7f24
099e4e
08daec
08342e
07a5fc
072a40
06bade
06536e
05f28c
059a76
0550de
051daa
050910
051994
055212
05b09a
062e54
06c064
0759c8
07eda0
087172
08dedc
093486
0975f8
09aa52
09da50
0a0dfa
0a4a7e
0a90ba
0adcac
0b25f8
0b6160
0b82fc
0b8082
0b531e
0af8ae
0a741c
09cca8
090c4c
083dac
0769de
06966c
05c42c
04ef1a
040f3e
031a3a
020580
00c870
ff5e1e
fdc67a
fc06aa
fa2870
f8389e
f64538
f45b2c
f2848c
f0c774
ef25ca
ed9dc2
ec2ae2
eac7b4
e96f48
e81e8c
e6d508
e59506
e462f0
e34438
e23de0
e1533a
e08534
dfd252
df371a
deaf1e
de3666
ddca92
dd6bac
dd1c74
dce1c6
dcc190
dcc16c
dce52e
dd2de6
dd99ae
de2428
dec7b2
df7ef0
e0468a
e11e40
e20994
e30f72
e43906
e58fd0
e71b8c
e8e046
eadd1c
ed0bb2
ef60b6
f1cd42
f440b2
f6aae0
f8fe46
fb3178
fd3ff0
ff29b6
00f250
029f08
043506
05b748
072536
0879fe
09acc8
0ab1d8
0b7c96
0c01c4
0c397c
0c20b4
0bb9c4
0b0bf8
0a222c
0908cc
07cb88
06735a
050558
038260
01e7cc
003104
fe5986
fc5eda
fa422e
f8093c
f5be4a
f36f54
f12cb8
ef0796
ed102e
eb5480
e9df4e
e8b786
e7e05c
e759bc
e720d2
e730d2
e783d8
e81392
e8d9ec
e9d1a4
eaf67a
ec4522
edbaf4
ef556e
f111bc
f2ec66
f4e144
f6eb90
f9063e
fb2c8c
fd5a72
ff8cfc
01c270
03fa28
063408
086fbc
0aac32
0ce71c
0f1cd0
114872
136496
156bd6
175952
192906
1ad7e0
1c63c8
1dcb7c
1f0e3c
202bb2
212426
21f88a
22aaca
233df8
23b62a
241806
2467ec
24a8f0
24dbb8
24fdf2
250a34
24f866
24bf08
2454ce
23b274
22d452
21bb7c
206de6
1ef5b0
1d5f86
1bb88a
1a0c3a
1862aa
16bf9e
1522b6
138868
11ebda
1048e0
0e9df4
0ced7c
0b3e2a
099a3a
080dc4
06a496
0567da
045c52
03818e
02d20c
024482
01cdba
0162c4
00fade
0090d8
002376
ffb4e2
ff4940
fee4ee
fe8aa4
fe3a2e
fdeffe
fda5ae
fd5316
fcefe6
fc756a
fbdfc2
fb2ec0
fa6606
f98c44
f8a9c4
f7c6d0
f6ea1e
f617a6
f55034
f491aa
f3d7c4
f31d40
f25d2c
f193e6
f0bff4
efe250
eefe32
ee1834
ed3560
ec5a0e
eb88f8
eac2f6
ea0732
e953a0
e8a5e4
e7fc62
e756f0
e6b738
e620b0
e59826
e52280
e4c36c
e47c48
e44b56
e42bae
e41614
e4023c
e3e84e
e3c280
e38e52
e34cf6
e30316
e2b7ba
e272a8
e23aaa
e2142c
e20080
e1fe04
e20952
e21ed2
e23c6e
e2631e
e297ce
e2e366
e351cc
e3f000
e4c9c4
e5e74e
e74b82
e8f2fa
ead41a
ece04a
ef05f6
f1330e
f3577a
f56740
f75bd2
f9344e
faf4b2
fca424
fe4aba
ffef36
019500
033ade
04da8e
066994
07dab6
09202e
0a2dfe
0afbee
0b86ec
0bd16a
0be2be
0bc5ae
0b864c
0b2fcc
0aca92
0a5ae6
09e094
09577a
08b8fa
07fe0c
072156
0620d8
04ff1c
03c35a
0278b0
012cb4
ffed88
fec7c8
fdc4bc
fce94e
fc35c8
fba696
fb35ca
fadcd0
fa95ea
fa5d9c
fa3358
fa1968
fa144a
fa2996
fa5e9e
fab746
fb3540
fbd7d0
fc9c20
fd7e18
fe7946
ff8998
00abd8
01ddc0
031dbc
046a70
05c258
072334
0889d4
09f228
0b5796
0cb574
0e0798
0f4ae0
107d40
119d92
12ab3a
13a5b2
148c28
155d4a
161724
16b74e
173b5c
17a156
17e866
18113e
181e4a
181370
17f592
17c99c
179392
1755b8
170fec
16bf62
165eda
15e75e
155160
149640
13b1c6
12a32c
116d86
101754
0ea99c
0d2e62
0baeea
0a3262
08bcfa
074fc4
05e928
048636
032460
01c2cc
006368
ff0b0c
fdc0b2
fc8c26
fb7438
fa7d26
f9a790
f8f068
f85182
f7c30c
f73d74
f6bb16
f6398e
f5ba50
f54222
f4d764
f4803a
f4408c
f4186c
f4037c
f3f940
f3ee40
f3d5ea
f3a516
f35426
f2e080
f24d56
f1a334
f0ee6e
f03cfa
ef9c08
ef15b0
eeaf34
ee683c
ee3b10
ee1dbc
ee0438
ede2d6
edb0a6
ed6956
ed0e2c
eca5a0
ec3a20
ebd7ea
eb8aa4
eb5b04
eb4d40
eb6036
eb8daa
ebcbac
ec0f0c
ec4dba
ec80e8
eca654
ecc06a
ecd538
ececba
ed0eac
ed405a
ed8330
edd43c
ee2c8e
ee82d0
eecd78
ef0512
ef25d4
ef30a2
ef2ad0
ef1ca4
ef0f84
ef0bd8
ef1754
ef33fe
ef6074
ef9930
efda88
f0230c
f07596
f0da1a
f15d6a
f20f62
f30000
f43c2a
f5cab2
f7aa5e
f9d142
fc2e00
feaaa4
01307e
03ac3c
061128
085ad4
0a8cec
0cb126
0ed3a8
10feda
1337ac
157b06
17bd0e
19eab2
1bed2a
1dae56
1f1d60
20325e
20f02c
2163ea
21a26a
21c410
21dfde
2206f2
224166
228d00
22de40
23236a
2348d2
233d9e
22f7aa
2275b6
21bfbc
20e530
1ff9cc
1f115c
1e3bc8
1d81e2
1ce3e6
1c5a12
1bd6fc
1b4b0c
1aa890
19e716
1905a2
180b2a
170568
160612
151f3a
145fa6
13cfce
13704c
133a20
13208a
131418
130618
12ebb6
12c008
1284c2
124160
120102
11cf8c
11b6bc
11bba4
11dd4c
1214bc
125696
129554
12c3fe
12d884
12cd6e
12a25c
125bc0
120194
119d72
1138a4
10daa2
10880e
104294
100996
0fdb36
0fb55a
0f968c
0f7e66
0f6d40
0f638c
0f611c
0f6434
0f6904
0f69d6
0f5fb6
0f437c
0f0f54
0ec024
0e5652
0dd60e
0d46aa
0cb140
0c1ed6
0b96b0
0b1ce2
0ab180
0a50c6
09f408
09934e
092754
08ab3a
081da0
0780c6
06d9fa
063034
058a34
04ecc2
045950
03cd6c
034334
02b2c2
0213fe
0160b6
009636
ffb63c
fec6d2
fdd152
fce0a0
fbfece
fb3304
fa7fe6
f9e2e6
f9547e
f8c9a4
f835ea
f78d9e
f6c7dc
f5dff0
f4d5d8
f3adde
f26f4c
f122b4
efd018
ee7d52
ed2d20
ebdf1a
ea9098
e93e18
e7e4be
e683cc
e51db8
e3b866
e25ca8
e1151e
dfec60
deeb4e
de17a8
dd7356
dcfc70
dcae0c
dc8186
dc6ff2
dc73ac
dc8964
dcb08a
dceae6
dd3ba2
dda5e4
de2b78
decbc4
df836a
e04c96
e11fce
e1f514
e2c532
e38ae0
e44346
e4ee00
e58c82
e62124
e6ade6
e73372
e7b0ba
e8234c
e8882e
e8dd3c
e922a4
e95c18
e99154
e9cde4
ea200a
ea9698
eb3e94
ec20b8
ed3f8a
ee9676
f01a54
f1bafe
f365fc
f509ca
f698ee
f80c46
f96416
faa798
fbe2aa
fd228c
fe722e
ffd6b0
014ce8
02c8c6
043666
057d2a
0683dc
07353e
0783e2
076ce4
06f898
063904
054696
043bb6
033010
0234c0
015206
008700
ffcb1a
ff1130
fe4b7c
fd6f7a
fc78e2
fb6b22
fa50ec
f93a16
f83890
f75caa
f6b1e2
f63cb0
f5f9cc
f5dee6
f5dcba
f5e228
f5df80
f5c95c
f59a6e
f55418
f4fdce
f4a326
f4515a
f4149e
f3f5d0
f3f906
f41cfe
f45bde
f4ace4
f50674
f56054
f5b584
f60532
f652da
f6a55a
f70566
f77b68
f80d72
f8bdb0
f989a0
fa6a7c
fb568c
fc4316
fd268e
fdfa70
febc76
ff6eca
00173a
00bd8c
016956
021fb2
02e178
03aa82
04720a
052c22
05cbdc
0645c2
069204
06adc4
069b3c
066110
0608a8
059c14
0523f6
04a5f0
042402
039cbc
030c70
026ec6
01c052
00ffbe
002e58
ff4fd2
fe6978
fd812c
fc9c52
fbbf06
faebce
fa2402
f9687c
f8ba72
f81c24
f790f6
f71d0c
f6c492
f68abc
f670d6
f675a2
f69570
f6cac4
f70f94
f75eb6
f7b516
f81290
f87a26
f8f138
f97dfc
fa2598
faea52
fbca44
fcbec6
fdbce4
feb6ae
ff9d60
0063c0
010058
016efa
01b16a
01ceec
01d290
01c8ca
01bd04
01b74c
01bab2
01c4be
01ce1c
01cc46
01b3be
017aae
011b12
009424
ffeafa
ff29dc
fe5e7c
fd9792
fce264
fc488a
fbceae
fb743a
fb33f6
fb0580
fadf74
fab9c6
fa8f82
fa5fe6
fa2e8e
fa025a
f9e3ca
f9dad8
f9ecee
fa1b8c
fa63d8
fabeec
fb231e
fb862a
fbdf42
fc28ca
fc6182
fc8c9a
fcb0b8
fcd64c
fd058e
fd4490
fd95f0
fdf88a
fe680e
fede68
ff55b4
ffca4c
003c4c
00b050
012ef8
01c388
0279b4
035b2e
046d84
05b082
071dee
08aa38
0a4640
0be1d6
0d6e60
0ee126
1034b8
116920
1282c8
138888
1480fc
157002
1654b0
1728a8
17e09c
186e0a
18c1f2
18cfd4
189056
1802f0
172e3e
161ed4
14e4c8
1390a0
123066
10cd7e
0f6b90
0e090a
0ca0f0
0b2d98
09ab84
081b84
0683de
04f028
036fa0
021290
00e774
fff864
ff4968
fed80e
fe9c50
fe8a8a
fe9622
feb406
fedcac
ff0ce6
ff45f4
ff8c74
ffe688
0059c2
00e960
0194ee
0257ca
0329a8
03ffb6
04ce82
058bfc
063160
06bc44
072f12
0790b8
07eb6c
084af8
08baac
094346
09e950
0aac8e
0b882a
0c73ca
0d6538
0e526c
0f3334
100280
10beb6
116960
120614
129918
1325b2
13acf4
142d5e
14a328
1508fa
155940
158f64
15a884
15a3ca
158206
1544de
14edc6
147d4c
13f2b8
134c32
12878a
11a36c
10a082
0f8250
0e4f5a
0d107c
0bcfb2
0a966e
096bf4
085450
074ff0
065c22
057448
049398
03b6a4
02dcb6
02083e
013e76
008606
ffe560
ff611e
fefac4
feb060
fe7ce0
fe5960
fe3ede
fe280c
fe12a8
fe001a
fdf534
fdf924
fe13b0
fe4b1e
fea29a
ff191e
ffa938
0049b8
00ef00
018cd2
02183e
028932
02db7a
030f2a
03284c
032dca
0327ec
031ec4
03188a
031848
031d1a
03222c
031f12
0308be
02d32a
0272fe
01df48
0112fa
000da8
fed38a
fd6ccc
fbe432
fa4532
f89a30
f6eb16
f53c46
f38e8c
f1e008
f02da0
ee74ca
ecb544
eaf25a
e93300
e78160
e5e962
e4768c
e33214
e2213e
e14456
e096d8
e01080
dfa6e0
df4f60
df013e
deb706
de6efe
de2afa
ddef82
ddc26a
dda96e
dda95c
ddc582
ddffda
de59b2
ded486
df72bc
e03830
e12a16
e24e2e
e3a9ac
e53fd4
e710cc
e918b4
eb4f9a
edaa20
f01ab2
f2936c
f507f0
f76ef0
f9c320
fc0338
fe3116
00502e
02636a
046b08
0662e6
084218
09fb56
0b7e92
0cbb74
0da452
0e30aa
0e5ee6
0e34f4
0dbf4c
0d0eb0
0c3510
0b4230
0a40dc
09357a
081e0e
06f3c8
05add8
0444b8
02b510
0101a8
ff3402
fd5b36
fb8992
f9d15e
f841d2
f6e4aa
f5bd2c
f4c894
f3ffe8
f35aa0
f2d180
f26094
f2085c
f1cd92
f1b7be
f1cebc
f21868
f2968c
f345a2
f41cc4
f50f0a
f60d98
f70a10
f7f8f2
f8d33a
f996f0
fa46dc
fae93e
fb85e4
fc2452
fcca32
fd7a64
fe34c8
fef730
ffbe6a
0087bc
01524a
021fb6
02f426
03d596
04ca84
05d854
0701d2
08463c
09a0de
0b0980
0c75c6
0ddabc
0f2e78
1069ae
118886
128a8e
1371f4
144258
14ff18
15aa08
16428a
16c56e
172d8e
17751e
179732
17910a
176318
171144
16a264
161ef8
158f8a
14faf8
14651c
13ce36
133336
128eae
11da7a
11118a
103150
0f3ab6
0e3264
0d1ffc
0c0cac
0b016a
0a0528
091b6a
0843ca
077a68
06b8e0
05f7fa
053184
0461e0
0388f0
02aa1a
01cb88
00f49a
002c38
ff7710
fed646
fe4704
fdc31e
fd4254
fcbc1e
fc299a
fb8710
fad4d8
fa1778
f9569e
f89b78
f7eea4
f7565c
f6d4d4
f66788
f60784
f5aa7e
f544a8
f4caba
f433f6
f37b94
f2a17e
f1aa2e
f09da0
ef85e6
ee6d32
ed5c2e
ec58b4
eb652c
ea8098
e9a75e
e8d48e
e80370
e730c0
e65ba4
e5861c
e4b4a4
e3ed50
e3365e
e2950a
e20c4c
e19c54
e14278
e0f9d4
e0bc80
e084da
e04ece
e018c4
dfe40a
dfb47e
df8fa2
df7b52
df7ca8
df9700
dfcbb4
e01a4a
e0814c
e0ff54
e19448
e24230
e30d76
e3fc70
e5162c
e660dc
e7e024
e993b6
eb768e
ed7f44
efa128
f1cdfe
f3f81a
f61488
f81c9e
fa0e9a
fbed3a
fdbe40
ff8846
015040
031758
04d980
068d22
08241e
098de0
0aba26
0b9be0
0c2bb4
0c697a
0c5c6a
0c11e6
0b9b0c
0b097e
0a6c48
09cd5c
093010
08914e
07e920
072d4e
065482
05592a
043b9c
0302fc
01bc7c
00794e
ff4bac
fe43ce
fd6d4e
fccd76
fc6302
fc2744
fc1044
fc1374
fc285e
fc4a8e
fc7a7a
fcbd28
fd1aa6
fd9bb2
fe473a
ff2028
00241c
014b06
028814
03cb9e
050598
062826
0729d4
0806ee
08c1ba
09618a
09f0f4
0a7b66
0b0a92
0ba462
0c49be
0cf674
0da21c
0e41f8
0ecb56
0f35f6
0f7db8
0fa384
0fad24
0fa416
0f9376
0f85c6
0f82da
0f8e64
0fa77e
0fc91c
0feb5c
10055e
100f2a
10032a
0fdeee
0fa338
0f534c
0ef3b8
0e88f2
0e1640
0d9cf0
0d1c36
0c91b2
0bfa26
0b5282
0a98b6
09cc50
08ee92
080222
070a98
060bea
0509fc
040844
0309b4
0210ec
01204c
003a20
ff6074
fe94ca
fdd770
fd26f6
fc7fd8
fbdc6c
fb3562
fa82d8
f9bde8
f8e22a
f7eefe
f6e84a
f5d694
f4c60c
f3c4b0
f2dfcc
f22194
f18f04
f12696
f0e01c
f0ade2
f07eea
f041d0
efe7e2
ef67a4
eebe76
edf0e8
ed09c6
ec17ea
eb2b58
ea522a
e995e8
e8f9f2
e87b32
e810fc
e7aef0
e747c2
e6d00e
e640b4
e59854
e4dbc8
e4154a
e35296
e2a250
e2113a
e1a80c
e16a00
e15458
e15f20
e17ee2
e1a6dc
e1cb82
e1e4a6
e1ef06
e1ecbe
e1e4a8
e1e0ce
e1ec32
e2107a
e253ee
e2b82a
e339c2
e3d0e8
e472c6
e51376
e5a85c
e629fe
e69532
e6eb72
e7325c
e77258
e7b4e8
e802fe
e863da
e8dc4e
e96ec0
ea1bc6
eae33e
ebc574
ecc3f0
ede1b2
ef22d4
f08ba4
f21f6a
f3df1c
f5c8a4
f7d69e
fa00d2
fc3d62
fe826e
00c7b0
0307d4
054150
07764a
09ab90
0be6fa
0e2d58
108072
12dd90
153ce2
1791ae
19cba2
1bd904
1da91c
1f2ea0
2061c0
214158
21d2d0
22210a
223a6a
222e62
220ad6
21da2a
21a1e6
2162b6
211968
20c0cc
205400
1fd0de
1f399a
1e955e
1defba
1d5702
1cd9a4
1c8380
1c5b82
1c6216
1c90e8
1cdc0e
1d3460
1d8a8a
1dd230
1e0468
1e20fa
1e2e72
1e3886
1e4d6c
1e7a98
1ec9cc
1f3ed4
1fd66e
2086e0
2141c0
21f6a2
22961c
23145a
236b02
2399ca
23a5e6
239840
237b18
23577a
233310
230ed4
22e6f0
22b392
226a96
2201b6
2170a8
20b2ae
1fc7a8
1eb43c
1d8110
1c395c
1ae928
199b7a
1858ca
172646
1605a6
14f562
13f1aa
12f58a
11fc06
1100f0
1001a0
0efd30
0df43a
0ce86e
0bdc00
0ad12a
09c9d2
08c77c
07cb30
06d5b4
05e7ca
050248
042618
03542c
028d4e
01d1e4
0121d4
007c9e
ffe19c
ff506e
fec96c
fe4dcc
fddfa8
fd81bc
fd3692
fcff8e
fcdbf4
fcc844
fcbdcc
fcb334
fc9dac
fc7280
fc28d8
fbbb76
fb29d8
fa787c
f9b04a
f8dd16
f80b6a
f74642
f694f0
f5f9d8
f57226
f4f684
f47caa
f3f978
f3631a
f2b2ce
f1e61a
f0ff12
f0039e
eefc12
edf142
eceaa0
ebecbc
eaf848
ea0a0e
e91b90
e82444
e71b4c
e5f928
e4b972
e35c1e
e1e5f8
e06034
ded75a
dd59ac
dbf548
dab632
d9a4d0
d8c4c6
d8149e
d78e3c
d7284e
d6d83e
d69450
d65586
d61902
d5e084
d5b1fa
d59664
d5980a
d5c07c
d616b6
d69dca
d75454
d834da
d936f2
da50b2
db7860
dca5d2
ddd316
defc7c
e02030
e13d76
e253f0
e36330
e46ab8
e56a7a
e663d0
e75a7e
e8552a
e95d4c
ea7e1c
ebc2e4
ed34c2
eed8a2
f0adac
f2acd6
f4c9ba
f6f4ba
f91dec
fb384e
fd3c7a
ff29ee
0106d8
02de18
04bc0e
06aaae
08add6
0ac0d6
0cd5b6
0ed66a
10a820
122fbe
1356a0
140eb6
1454f4
1431ce
13b75e
12fdca
121e86
112f9e
103fee
0f54e6
0e6a58
0d749a
0c6418
0b29a4
09ba9a
081412
063c28
0441a6
0239ce
003cfc
fe62ac
fcbdde
fb5a54
fa3b6c
f95cac
f8b3a8
f8330c
f7cdc8
f779f8
f732c8
f6f92a
f6d33e
f6ca78
f6e928
f737b8
f7ba60
f86fb8
f9509c
fa5130
fb62d0
fc767c
fd7f22
fe7358
ff4e76
0010a6
00be0a
015d1c
01f4bc
028a56
0320a0
03b730
044ae4
04d6d8
055592
05c22c
06193e
065940
068290
0696f2
0698ce
068a86
066dd4
0643ba
060ca8
05c900
057974
051f3e
04bc0a
045182
03e08c
03688a
02e6f0
025728
01b2fe
00f3b2
001332
ff0db2
fde2e0
fc9682
fb304e
f9bafc
f842b8
f6d32e
f575e8
f4310e
f306c2
f1f578
f0f932
f00d20
ef2d82
ee592a
ed9240
ecde20
ec4476
ebcd86
eb8032
eb6016
eb6c0c
eb9dac
ebe9e0
ec427e
ec9898
ecdf10
ed0cdc
ed1e92
ed170c
ecfeca
ece22c
eccec4
ecd094
ecef74
ed2d60
ed85c8
edee5e
ee58ec
eeb5f6
eef7c6
ef1500
ef0a82
eedbe2
ee929c
ee3c26
ede744
eda140
ed7340
ed60b0
ed66a4
ed7ca2
ed964a
eda5f6
ed9f40
ed794c
ed3056
ecc63c
ec41e6
ebadc6
eb15c2
ea8510
ea0472
e9992a
e9446e
e903e4
e8d2ec
e8ac2e
e88b66
e86ede
e8583e
e84c5c
e8527c
e872ec
e8b540
e91e9e
e9b076
ea67be
eb3d3c
ec269e
ed1814
ee0662
eee8d6
efba8c
f07af4
f12d72
f1d834
f28270
f33296
f3ecee
f4b2e8
f58352
f65b64
f73860
f8195a
f90098
f9f40a
fafc90
fc246a
fd74f6
fef44a
00a36c
027d84
047856
0685f4
089798
0aa0bc
0c99aa
0e80fc
105b76
123254
141032
15fd74
17fcf4
1a09a6
1c1610
1e0d86
1fd72c
215a3e
22827e
2343c0
239c26
23942c
233ca6
22ab24
21f582
212d86
205d9a
1f8742
1ea380
1da534
1c7ce8
1b1d24
197e4e
17a164
1590de
135f9c
112614
0efe80
0d00ac
0b3e46
09c072
088752
078b2e
06bf3e
061542
058134
04fc42
048694
042760
03eb4a
03e180
041818
049890
056524
0677b8
07c246
0930d6
0aaca2
0c1fba
0d786e
0eabc2
0fb6b4
109de0
116bfa
122f1e
12f5b8
13cba8
14b840
15bd50
16d75e
17fef2
192a48
1a4f2e
1b64c0
1c64c4
1d4c14
1e1a56
1ed0f4
1f71e8
1ffe72
207640
20d708
211cb0
2141ee
214122
21155e
20bb60
203242
1f7bbe
1e9bf0
1d98c6
1c7910
1b43a2
19fe64
18adb4
175416
15f23e
148762
1311a2
118ebe
0ffcb8
0e5a70
0ca80e
0ae744
091b40
074898
057536
03a832
01e96c
004134
feb7a8
fd541e
fc1c74
fb1490
fa3dce
f996b6
f91b0c
f8c450
f88ac4
f86696
f8510a
f84566
f84188
f845e0
f854d4
f871a8
f89f34
f8de58
f92d08
f98604
f9e136
fa34e0
fa7736
fa9ff6
faaa14
fa94be
fa637e
fa1d68
f9cbb2
f977be
f92916
f8e404
f8a89a
f872ae
f83ab0
f7f72c
f79eb2
f72998
f69346
f5dacc
f502d8
f410f0
f30c18
f1fb58
f0e454
efca4a
eead9c
ed8c1e
ec61e6
eb2a4c
e9e102
e88326
e7100a
e589a0
e3f47a
e2573a
e0b99c
df2396
dd9c6c
dc29f0
dad028
d99124
d86d4e
d763ec
d673c6
d59bba
d4db42
d43294
d3a28a
d32c42
d2d09c
d28fde
d2696c
d25be8
d26592
d28526
d2bad6
d30918
d37512
d40686
d4c72a
d5c154
d6fe18
d88378
da52e2
dc6834
deb9b8
e13936
e3d5aa
e67d9c
e921b2
ebb6d6
ee377e
f0a3ea
f3014a
f557c2
f7affc
fa1088
fc7ba6
feedda
015db2
03bcc6
05f9ba
0802f8
09c9a0
0b43e4
0c6e82
0d4d00
0de8ba
0e4eba
0e8d10
0eafc0
0ebe48
0eba54
0e9f62
0e63f4
0dfbcc
0d5af2
0c78a2
0b51b2
09ea0a
084ca4
068a5c
04b7a8
02e9aa
01333c
ffa2b2
fe4092
fd0f6e
fc0cc2
fb32c6
fa7a96
f9de4c
f95a9e
f8efaa
f8a0a8
f87316
f86d46
f894c0
f8ecf6
f9765c
fa2e42
fb0f36
fc11f6
fd2ea6
fe5e06
ff9a4e
00dfaa
022c38
037fa8
04da9a
063dc6
07a93a
091bd8
0a9344
0c0c2c
0d82dc
0ef3a4
105b58
11b7b4
130786
144a6e
158080
16a9e2
17c644
18d4aa
19d37a
1ac0a8
1b9a30
1c5e6c
1d0c7a
1da460
1e26ce
1e94c4
1eeef4
1f3518
1f659a
1f7d9e
1f795a
1f54e8
1f0d32
1ea0f6
1e119c
1d6376
1c9d30
1bc6fa
1ae90c
1a0a12
192de6
1854ea
177bec
169d0a
15b146
14b26c
139cf8
127182
113546
0ff19c
0eb286
0d8472
0c71ee
0b8166
0ab3ba
0a03ec
0967fc
08d2f2
083758
078a00
06c456
05e5bc
04f376
03f772
02fe12
021346
013fe8
00879c
ffe7b8
ff578c
fec9e8
fe2fa0
fd7a8a
fca03c
fb9bd2
fa6eea
f92124
f7be80
f65508
f4f210
f39fd4
f263a6
f13d40
f0273e
ef189e
ee06d8
ece818
ebb55c
ea6bdc
e90dae
e7a150
e63062
e4c5d0
e36bd8
e22a38
e104f8
dffbf4
df0b44
de2c54
dd5774
dc8588
dbb184
dad994
d9ff54
d92770
d85894
d799d4
d6f122
d6620a
d5ed1c
d58ffe
d5462e
d50a42
d4d75c
d4aa5e
d482f6
d463b8
d451aa
d452fe
d46d94
d4a572
d4fbca
d56e9a
d5f926
d6952c
d73c9c
d7eb5a
d8a0b2
d96026
da313a
db1e2c
dc320e
dd765c
def0bc
e0a15a
e28252
e48834
e6a3ba
e8c43a
eada82
ecdb62
eec152
f08d04
f2448c
f3f16a
f59dbc
f7511c
f90e48
fad1c0
fc91c2
fe3f9a
ffca5c
0121f2
023a54
030dfa
039f14
03f706
0424a6
043932
0444d4
04536e
046a5a
048794
04a264
04ad6a
0499d6
045aec
03e914
034402
027346
018562
008d8e
ffa084
fed11a
fe2d64
fdbcc8
fd7f58
fd6ee0
fd80ee
fda9a2
fddea2
fe1978
fe58e4
fea106
fefa28
ff6e98
00081c
00cd68
01c040
02dce4
041a84
056ce2
06c686
081b34
0961f0
0a9640
0bb85e
0ccc66
0dd8c4
0ee438
0ff3c0
110956
12234a
133caa
144e82
155172
163f46
171456
17d018
18751c
190840
198f84
1a1094
1a8f70
1b0d8c
1b8960
1bfed0
1c67f2
1cbe32
1cfb5e
1d1a96
1d18d8
1cf51c
1cb008
1c4b80
1bc9e2
1b2d7e
1a782a
19ab32
18c796
17ce82
16c1c2
15a42a
1479b8
134768
1212bc
10e104
0fb6be
0e96e2
0d829a
0c795a
0b7958
0a8028
098b94
089a32
07abca
06c140
05dc1c
04fdd2
042714
035740
028c1a
01c22a
00f57c
0022a2
ff47c6
fe6582
fd7f14
fc99fc
fbbd12
faef22
fa3570
f9926c
f904c6
f88732
f81126
f79830
f711d2
f67512
f5bbf2
f4e410
f3eec4
f2e078
f1bf58
f091ac
ef5c62
ee21f8
ece1f6
eb993a
ea42f2
e8da1c
e75b10
e5c508
e41b06
e26422
e0ab34
defdb8
dd6a0c
dbfda2
dac316
d9c0ac
d8f788
d863b2
d7fcca
d7b770
d78730
d76052
d739a0
d70dc8
d6dbda
d6a6fa
d6755a
d64e90
d639c0
d63c24
d657e6
d68bb6
d6d32a
d727d8
d782cc
d7de18
d83628
d88a7a
d8ddb8
d934d8
d995e8
da06b6
da8b96
db26ae
dbd7f6
dc9dd8
dd7664
de60a0
df5d7a
e0705e
e19ed4
e2ef7e
e46898
e60e4a
e7e134
e9ddc0
ebfc74
ee3308
f07640
f2bc10
f4fd7c
f737ca
f96c8e
fba096
fdd9e2
001d24
026b5e
04c03a
07116e
094f8c
0b681a
0d488a
0ee18e
1029e4
112044
11cbb4
123a46
127e90
12ac58
12d4f4
130452
133f2e
1382ce
13c638
13fcba
141936
141194
13e18a
138c32
131c00
12a134
122f18
11d898
11ad1e
11b5c2
11f3e0
126124
12f120
13943a
143b06
14d986
156986
15ebbc
166734
16e77c
1779b8
182964
18fd80
19f6b2
1b0ed0
1c3a00
1d68fe
1e8c32
1f96a8
208054
214734
21ef1e
22800a
2303cc
238370
2404e6
248998
250e24
258b16
25f6ca
2647a2
26762a
267e86
26612c
262276
25c98a
255eca
24ea16
24715e
23f7bc
237d40
22ff6c
227a1e
21e8d0
2147a2
209414
1fcd52
1ef41c
1e0a3e
1d11f2
1c0d44
1afda6
19e402
18c112
1795fa
1664be
1530d4
13ff3a
12d620
11bc26
10b748
0fcba2
0efa98
0e425e
0d9e3a
0d0752
0c7608
0be3b8
0b4c42
0aaf0c
0a0f3c
09732e
08e306
0866d0
080482
07be48
0791b0
0777c6
07663a
075146
072e2a
06f556
06a40e
063cf8
05c784
054e32
04dbf2
047968
042a84
03ed14
03b87e
037ede
032f2e
02b84c
020c08
0121b8
fff7a8
fe935e
fd0048
fb4d58
f98a4a
f7c4ae
f605a6
f450a4
f2a372
f0f738
ef42a4
ed7c72
eb9dc8
e9a41c
e7922e
e57004
e349f8
e12f16
df2ef2
dd5788
dbb36a
da4884
d9179a
d81ca0
d74fc4
d6a6e2
d61758
d597ee
d5222e
d4b32e
d44be6
d3f07c
d3a70c
d37604
d362a2
d36fb2
d39ce0
d3e6d2
d447e8
d4b984
d5356a
d5b6e8
d63b76
d6c2f0
d74eee
d7e1ac
d87d28
d9224a
d9d0a8
da86ec
db43c6
dc070a
dcd28a
ddaa8e
de9582
df9af2
e0c1f4
e20f7a
e384e4
e51f5e
e6d814
e8a54a
ea7c2c
ec52f4
ee22ac
efe84a
f1a4ce
f35c78
f514f4
f6d36c
f89a88
fa68f4
fc38c4
fe0008
ffb20a
014162
02a1fe
03cb12
04b850
056a66
05e664
06347c
065e2e
066c52
066536
064b58
061d0a
05d4de
056aee
04d6b2
041106
03161a
01e6ce
00895e
ff0926
fd7564
fbdf5e
fa5812
f8ee00
f7aba4
f69690
f5af7e
f4f340
f45c4a
f3e480
f386e0
f340d2
f31294
f2fee4
f30a00
f33852
f38d06
f408fc
f4aa38
f56bfa
f6476e
f734ce
f82c98
f928be
fa2570
fb2132
fc1c82
fd1918
fe18d6
ff1cc6
00245e
012d18
02328a
032ef0
041c02
04f3e2
05b20c
0653fe
06d964
0743d0
07964a
07d4a2
0802a8
08239c
0839d6
084694
084a34
084494
083562
081c78
07f9f8
07ce30
079956
075b34
0712e8
06beac
065c28
05e8c4
056230
04c706
041758
0354da
0282e8
01a630
00c40c
ffe1d2
ff0416
fe2e32
fd61f2
fc9fbe
fbe70a
fb36ca
fa8e1e
f9ece8
f95432
f8c61c
f845ca
f7d6d6
f77c98
f73990
f70eee
f6fc2c
f6ff1e
f7144e
f73792
f764ca
f798b8
f7d15e
f80e58
f850ae
f89a32
f8ec92
f94874
f9aca0
fa158c
fa7d70
fadcfc
fb2c56
fb6472
fb804c
fb7dee
fb5ec0
fb2742
fade24
fa8abe
fa3380
f9dc96
f986f4
f93024
f8d2b4
f8676c
f7e6b2
f74a40
f68e6e
f5b308
f4bb86
f3aec4
f29608
f17b9a
f0697c
ef682e
ee7dcc
edadba
ecf8ee
ec5e46
ebdb5a
eb6d5e
eb11fc
eac7d4
ea8ef4
ea68ac
ea571c
ea5c9e
ea7b22
eab390
eb056a
eb6eba
ebec4e
ec7a30
ed1454
edb73a
ee6046
ef0dfc
efbff6
f0767e
f131fc
f1f2a0
f2b80e
f38158
f44d8c
f51c40
f5ee26
f6c59a
f7a6b6
f896d8
f99bc6
faba6c
fbf58a
fd4c9c
febb7c
003aa0
01c038
034204
04b730
061a2c
0769de
08a9f2
09e1f8
0b1b8c
0c5ff6
0db594
0f1dd0
1093f2
120d26
1379d6
14c81c
15e6ba
16c808
17643e
17ba9a
17d11a
17b308
176e72
171102
16a51e
162f9c
15aec2
151aae
14671e
13861c
126b3a
110ea6
0f6f5e
0d944a
0b8c08
096b4a
074a3c
05415c
03665c
01c992
007456
ff68d0
fea2b4
fe1936
fdc178
fd90dc
fd7f10
fd873c
fda864
fde4b8
fe403e
febf16
ff63be
002dbc
01191e
021ec6
03355c
0452f2
056eae
06823c
078aae
0888d4
0980aa
0a785a
0b76c6
0c8234
0d9eee
0ece8e
100fe6
115f4a
12b74a
1411ac
156824
16b4d2
17f298
191d20
1a30a4
1b29b8
1c054c
1cc090
1d593a
1dcdca
1e1dda
1e4a30
1e54cc
1e4092
1e1098
1dc7ac
1d67d2
1cf1c0
1c64d0
1bbf64
1aff56
1a22ba
1928aa
1811e2
16e102
159a8a
1444a6
12e66c
118718
102d64
0edecc
0d9f42
0c713c
0b5602
0a4e2a
095a44
087b5e
07b336
07044a
06717a
05fd5c
05a962
05753a
055e52
055fd6
057340
05913e
05b2ee
05d300
05eeb8
060622
061bf6
0634be
06555a
068176
06ba5c
06fe00
074722
078e02
07c9cc
07f256
0801d4
07f60a
07d090
079646
074e1a
06ff4a
06af84
066164
061376
05c040
055f40
04e668
044c02
038886
0297d2
0179b6
0031d8
fec6f2
fd419a
fbaaec
fa0b46
f86978
f6ca36
f5303e
f39cbe
f20ffe
f08a0e
ef0b40
ed947a
ec274e
eac5cc
e97248
e82f04
e6fdf8
e5e09e
e4d7ce
e3e3c2
e3044e
e23926
e18210
e0df1e
e050c6
dfd7b0
df7452
df2688
deed2c
dec5b0
deac44
de9c0e
de8fee
de8388
de748c
de63d6
de561e
de5404
de692c
dea2bc
df0d34
dfb222
e09618
e1b77c
e30e88
e48e56
e62710
e7c8d6
e966bc
eaf946
ec7fbc
ee001e
ef8582
f11d72
f2d480
f4b30a
f6baac
f8e500
fb23c8
fd62c6
ff8aaa
0184a8
033dce
04a9c4
05c426
069062
071852
0769dc
0793d2
07a2f4
079f90
078c0e
0764e8
0721a8
06b70a
06199c
05408a
0427e2
02d21a
014880
ff9a98
fddc4c
fc2362
fa84c8
f911e2
f7d682
f6d7be
f613d4
f58316
f519ca
f4ca96
f488e8
f44b0e
f40b9e
f3ca02
f38a2c
f35384
f32f2e
f32642
f3403e
f381ae
f3ebae
f47c00
f52dc8
f5fa82
f6db52
f7ca08
f8c1ea
f9c028
fac402
fbce82
fce1f0
fe0140
ff2f52
006e6e
01bfc6
032336
049702
0617fe
07a1a0
092e42
0ab7a2
0c3786
0da86c
0f061e
104e30
11801a
129d12
13a76c
14a1d4
158e66
166dd4
173ed8
17fdfc
18a5f4
19308a
1997be
19d724
19ed22
19db84
19a784
195928
18fa1a
18941c
182f54
17d10e
177af4
172af8
16dbf6
16872c
162604
15b3be
152eb0
1498d0
13f78e
1352c6
12b340
1220c6
11a08e
1133f6
10d82a
1086a0
103684
0fdea8
0f7788
0efd00
0e6f44
0dd2ea
0d3008
0c9092
0bfe3e
0b8046
0b19ba
0ac896
0a860a
0a47a0
0a012e
09a724
0930a8
08993a
07e15c
070e44
0628b4
053b06
044ee8
036b1e
029238
01c1d8
00f330
001c40
ff31d8
fe29aa
fcfc4c
fba6d8
fa2ba8
f89242
f6e642
f5355e
f38d38
f1f91e
f08064
ef257c
ede5fe
ecbbac
eb9e32
ea8550
e96ad8
e84c3e
e72b30
e60d3a
e4fa7a
e3fb9c
e317a8
e25250
e1ab14
e11d82
e0a294
e032ae
dfc7cc
df5f64
defb42
dea150
de5a30
de2f04
de26e0
de44a8
de85f0
dee34e
df51d0
dfc596
e034aa
e0999e
e0f524
e14e48
e1b12e
e22c9a
e2cee2
e3a2d4
e4ad82
e5ed38
e759fe
e8e744
ea8684
ec2a34
edc85c
ef5c38
f0e6c0
f26dc8
f3fa38
f5956c
f7468e
f9104c
faef84
fcdade
fec3b0
0097fa
0244fa
03ba08
04eb46
05d374
06749a
06d784
0709f4
071bf4
071cb8
0717e6
07135e
070e42
070164
06e104
069f92
0630da
058ce0
04b1e6
03a53a
0272a2
012aa0
ffdfd6
fea434
fd8644
fc8f6c
fbc330
fb1fcc
fa9f8c
fa3ade
f9ea6e
f9a8de
f973e4
f94cd0
f9381c
f93c66
f96116
f9acf4
fa24c6
faca74
fb9cb8
fc9746
fdb36e
fee90c
002f56
017dce
02cd06
041742
0558ac
068f42
07baaa
08dbae
09f3b2
0b042a
0c0e26
0d11f8
0e0f1e
0f0428
0feeba
10cbd2
11981e
12506e
12f256
137c98
13ef88
144d2c
149934
14d866
150fee
15445c
1578a4
15ad0e
15ded6
160830
16212e
16210a
15ffbe
15b7b8
154732
14b0ee
13fc0c
133302
1261d2
1193f0
10d248
1021d0
0f82ec
0ef1d0
0e67c6
0ddcf2
0d4a48
0cab54
0bff36
0b48d2
0a8e14
09d67e
09296e
088c52
08017c
078760
0718ec
06ae5e
063ed8
05c222
053246
048cd0
03d348
030b06
023c50
01710c
00b308
000a38
ff7b40
ff065e
fea732
fe552c
fe04d8
fda99e
fd37b2
fca5ea
fbef2a
fb1320
fa1634
f90094
f7dcac
f6b508
f59268
f47a16
f36d34
f268e0
f16740
f060fa
ef4f2e
ee2d3c
ecfa28
ebb934
ea71a2
e92daa
e7f8d4
e6de26
e5e648
e5163e
e46ebc
e3ec4e
e38822
e33972
e2f724
e2b93e
e27a2e
e23794
e1f27a
e1aec8
e17246
e14368
e12800
e1244a
e13a26
e1690e
e1ae5c
e205da
e26aae
e2d840
e34aee
e3c07c
e43836
e4b292
e530bc
e5b420
e63dec
e6ced0
e76708
e8068c
e8ad92
e95ce2
ea165c
eadcfe
ebb4d0
eca25a
eda9fe
eecf28
f01398
f17700
f2f6f6
f48f5a
f63b0a
f7f4ca
f9b84a
fb82d4
fd539a
ff2b88
010c72
02f7f2
04ee1a
06ec7e
08ed7e
0ae878
0cd298
0ea052
104718
11befc
1303e2
1415dc
14f8ac
15b278
164a1c
16c55e
172788
1770b6
179e16
17ab0a
1792de
1752d0
16eb90
166220
15bfa8
151094
1462d6
13c3ee
133f1e
12dc0a
129e20
1284cc
128c6e
12afd4
12e9a8
1335c8
1391f8
13fe0a
147b90
150d32
15b5c0
167774
175346
184876
195482
1a7336
1b9f14
1cd1de
1e0514
1f3270
205452
216616
22644e
234cae
241e14
24d832
257b26
260710
267bca
26d8bc
271ce8
27473c
2756ee
274be0
2726be
26e906
2694c2
262c32
25b160
2525bc
2489e6
23ddd2
23211c
22538e
2175a8
2088ec
1f8fc6
1e8d2c
1d8426
1c7728
1b67a2
1a55e2
194152
182914
170ce2
15edd8
14ceee
13b50e
12a672
11a9c0
10c4c2
0ffb56
0f4e7c
0ebc1a
0e3f6a
0dd1ee
0d6cc4
0d0a16
0ca63e
0c4050
0bda3a
0b7822
0b1f58
0ad506
0a9cf8
0a788a
0a6628
0a617a
0a640c
0a665a
0a6116
0a4e4a
0a2a54
09f45e
09ae46
095c20
090344
08a8fe
085166
07fe48
07aec0
075f52
070a84
06a9ec
063788
05aef8
050e4e
045682
038b32
02b1da
01d06c
00ec0c
0007ca
ff2406
fe3e46
fd51b6
fc5828
fb4b48
fa25cc
f8e47e
f786da
f60f28
f4820a
f2e5d2
f141c2
ef9d58
edffa0
ec6ed0
eaf036
e98808
e83940
e70594
e5ed92
e4f0c8
e40dde
e34312
e28eb0
e1efa0
e165d0
e0f262
e097a0
e058b6
e038fa
e03b08
e06010
e0a760
e10e1a
e18f6c
e22524
e2c878
e372d8
e41ea6
e4c7e8
e56c84
e60c7c
e6a9b6
e747d4
e7ebc8
e89b60
e95cbc
ea35be
eb2b56
ec40ee
ed77d2
eecf08
f0434a
f1cf8a
f36d98
f51734
f6c70a
f8797a
fa2d02
fbe24e
fd9ba8
ff5c08
0125e4
02fa32
04d78e
06b9c0
0899da
0a6ea6
0c2d6e
0dcb0c
0f3d06
107a8a
117d1e
1240f8
12c510
130ada
1315dc
12eaf4
128f8e
1208d2
115b08
108924
0f94dc
0e7f28
0d48e4
0bf3e2
0a83ac
08fe3a
076c02
05d7cc
044dae
02d9b0
01862a
005a92
ff5a96
fe85d4
fdd860
fd4c00
fcd99e
fc7ab4
fc2a9c
fbe740
fbb148
fb8b84
fb79ec
fb806c
fba1ea
fbdf8e
fc389e
fcaad6
fd32f0
fdcd4e
fe769c
ff2c46
ffec84
00b63c
0188b4
026334
0344b0
042ba8
051646
060290
06ee9e
07d8ae
08befe
099f90
0a77d6
0b444c
0c0046
0ca5fc
0d2f08
0d94f2
0dd204
0de234
0dc3dc
0d7822
0d02e8
0c6a6a
0bb668
0aef12
0a1c24
0943dc
086a72
0791dc
06ba10
05e194
05064a
042650
0340be
02561a
01688a
007b82
ff9336
feb3ea
fde13a
fd1d66
fc692c
fbc3bc
fb2b34
fa9d3c
fa17d4
f99a0e
f9247e
f8b952
f85bfc
f81092
f7daee
f7bdb6
f7b980
f7cc5e
f7f1d8
f82354
f85922
f88bac
f8b4a0
f8d010
f8dd04
f8ddbe
f8d71c
f8cfac
f8ce60
f8d92c
f8f3da
f91f34
f95904
f99ca6
f9e414
fa2942
fa677c
fa9c80
fac8da
faef8e
fb1556
fb3f34
fb70da
fbab66
fbec78
fc2e0a
fc671c
fc8d0a
fc954e
fc774c
fc2de0
fbb84a
fb1a64
fa5c3a
f988e0
f8acd0
f7d444
f709ce
f6552e
f5badc
f53c26
f4d7e0
f48b4e
f4534a
f42d5a
f41862
f41508
f4257a
f44ce6
f48e74
f4ec3a
f56644
f5f9e0
f6a1a2
f755ba
f80cda
f8bd7c
f95f38
f9ec0e
fa6118
fabeee
fb0958
fb4664
fb7d54
fbb554
fbf480
fc3f20
fc97a6
fcff04
fd755e
fdfade
fe9088
ff3880
fff640
00ce1c
01c462
02dc62
04178a
0574ce
06f06e
088458
0a28f8
0bd65a
0d855c
0f30a8
10d55e
1272fa
140ae8
159f84
1732e4
18c578
1a552a
1bdcc8
1d5424
1eb0c0
1fe722
20ec46
21b728
2241c8
2289ce
229090
225a90
21ee70
2153a0
209120
1fac8e
1ea986
1d89b0
1c4d3a
1af3d0
197d96
17ec44
1643dc
148af8
12caa6
110dd4
0f603c
0dcd18
0c5dda
0b18fa
0a014c
0915cc
08521a
07af80
072654
06af90
064638
05e868
0597cc
05596e
0534d4
0532ae
055b50
05b53a
06440e
07081c
07fe70
092166
0a699e
0bcf28
0d4a54
0ed444
10672e
11fe40
13950a
15270e
16af60
182892
198cc0
1ad610
1bff28
1d03ca
1de13e
1e969e
1f24ce
1f8e4c
1fd6e0
200316
2017bc
20198e
200cd0
1ff50a
1fd4d4
1fad9e
1f7f9a
1f49ca
1f0a32
1ebe18
1e627e
1df4b0
1d72b2
1cdba6
1c300a
1b71bc
1aa3be
19c9e6
18e85e
18031c
171d88
163a58
155b74
1481fa
13ae8a
12e16e
121ad0
115ad6
10a1cc
0ff028
0f466a
0ea504
0e0c54
0d7c7a
0cf566
0c76e0
0c00a8
0b9292
0b2cb8
0acfb8
0a7cf6
0a36c8
0a0070
09ddda
09d334
09e468
0a148c
0a652a
0ad5b2
0b62fc
0c0700
0cb8f6
0d6de8
0e19a2
0eaffe
0f264a
0f74b0
0f972c
0f8e28
0f5e46
0f0f82
0eaba0
0e3c26
0dc878
0d546c
0cdfd2
0c66d8
0be39a
0b5028
0aa89e
09ecb2
09204e
084b04
077654
06ab2a
05ef54
0543a2
04a326
0403ec
03591c
0295ca
01b01c
00a3ce
ff7382
fe28a8
fcd216
fb818c
fa48c8
f936ba
f8558a
f7a960
f7304e
f6e312
f6b66e
f69cd4
f68820
f66b04
f63a74
f5ee9c
f583ba
f4fa4c
f456d4
f3a10e
f2e2aa
f22600
f174c2
f0d6f6
f052ae
efec4a
efa746
ef8726
ef903a
efc7ac
f032a6
f0d50c
f1afc0
f2bf4a
f3fb36
f556cc
f6c2d6
f83068
f993b8
fae664
fc2888
fd6052
fe982a
ffdbe4
0135d2
02ac52
0440a8
05ef1e
07b01c
0979ce
0b4190
0cfcdc
0ea15c
102494
117b5c
1299de
137450
1400a4
143898
141bba
13b09c
13047c
122950
1132a8
10322c
0f34b4
0e409e
0d55e0
0c6faa
0b872c
0a9680
099ac8
0894e8
0788ae
067adc
056ee6
04654a
035b28
024b82
0131d0
000cde
fee140
fdba62
fca9c8
fbc48e
fb1fcc
faccb4
fad57e
fb3bc0
fbf89a
fcfe76
fe3ba6
ff9d2e
0110fa
028738
03f2b0
0548be
068116
0795cc
08839a
094a78
09edf6
0a754a
0aea7e
0b58e8
0bcb26
0c493e
0cd778
0d7612
0e21fe
0ed672
0f8e88
104676
10fbba
11ac7c
125618
12f3ba
137db2
13e9d6
142d3a
143eb0
1419b0
13c08e
133d6e
12a164
120202
1175c6
111068
10dfcc
10ea5e
112f0e
11a680
124502
12fcce
13bfae
147fde
153042
15c466
1630ac
166afc
166c1c
163146
15bda0
151b20
145a1a
138f6e
12d1b4
12359a
11caa0
1198da
11a01a
11d890
12349a
12a350
1312e8
1372ba
13b482
13cce2
13b380
1362ec
12d8be
121616
112048
100124
0ec6c0
0d8286
0c473c
0b269e
0a2ebe
096806
08d42c
086e2e
082b54
07fce0
07d232
079aa2
074704
06caa8
061c0e
05354c
0414ac
02bd4a
013776
ff90c4
fddb12
fc2a78
fa9286
f92322
f7e5c4
f6dbae
f5fdea
f53f0c
f48e5e
f3dbb2
f31af8
f2469a
f16002
f06e3a
ef7b2c
ee9066
edb472
ece980
ec2d9a
eb7c82
ead24c
ea2dba
e99192
e9049e
e89014
e83cf0
e810fa
e80c6e
e8290a
e85ad2
e8924a
e8bf58
e8d434
e8c7c0
e89666
e841f6
e7d09c
e74b82
e6bda8
e63316
e5b8bc
e55c78
e52d04
e53934
e58e78
e636d2
e736aa
e88b2c
ea2998
ec0056
edf95c
effd92
f1f868
f3dab6
f59c64
f73c3c
f8be6c
fa29f2
fb85b8
fcd62c
fe1c04
ff5470
007a76
0188ea
027c4c
0353fc
0412ba
04be18
055d4c
05f770
0691fc
072fa0
07cf8c
086d48
09010e
098058
09ded8
0a0f9a
0a0692
09ba66
09267e
084cd4
07372c
05f742
04a56e
035dc4
023c2e
015824
00c0e8
007b28
00807a
00c14c
012898
01a08e
02170a
02810a
02dbf4
032cc8
037d74
03d938
044914
04d162
057104
062262
06dde6
079cfc
085c92
091e70
09e8dc
0ac49c
0bba02
0ccdc6
0dfea8
0f4480
1090fa
11d1da
12f42c
13e7b6
14a1d8
151f2e
1563b2
157978
156e64
155188
1530be
1516d8
150ab8
150f1e
152330
154376
156aec
1593f6
15b92c
15d5bc
15e57a
15e4b4
15cfda
15a36e
155c26
14f774
14744a
13d414
131bd2
1254a8
118bc0
10d114
10354a
0fc6de
0f8f32
0f9014
0fc28e
101786
107a14
10d326
110db2
111a76
10f268
10973a
1011d8
0f6f66
0ebd42
0e05a2
0d4d54
0c936e
0bd2ac
0b03f6
0a214e
092834
081afc
070098
05e330
04cdba
03c9a2
02dcf0
0209a0
014e04
00a5e0
000bb6
ff79d0
feeae8
fe5a30
fdc302
fd209e
fc6e2a
fba732
fac890
f9d192
f8c4a8
f7a79c
f682ca
f55fc6
f44790
f340fa
f24f76
f172d2
f0a812
efeabe
ef366a
ee87e6
eddda4
ed375c
ec9542
ebf70a
eb5b1e
eabeb2
ea1ea0
e978d2
e8cdba
e821a2
e77cf6
e6eb4c
e6798a
e6336c
e62118
e6450a
e69b42
e71992
e7b130
e850de
e8e74a
e96556
e9bfe4
e9f0c8
e9f712
e9d6ec
e99910
e949f4
e8f87a
e8b470
e88cd4
e88dda
e8bf26
e9226a
e9b302
ea66ac
eb2f72
ebfe52
ecc648
ed7ede
ee25e8
eebfd2
ef5652
eff5da
f0aa7e
f17d0e
f27142
f38514
f4b1be
f5edf4
f730dc
f8748e
f9b7de
fafeb6
fc510a
fdb886
ff3da4
00e4c0
02ac04
048aa2
0671aa
084e2e
0a0c52
0b9aa8
0ced5c
0e0056
0ed820
0f8138
100df8
10934c
1124ea
11d16e
129f66
138bb4
148998
1584ba
1664ec
171324
177e7c
17a036
177dd4
1728a0
16bac6
165262
160b6c
15fa0a
162654
168ae2
171664
17aff0
183cec
18a744
18e288
18eea4
18d7b6
18b306
189a0e
18a4c2
18e488
1960b0
1a156c
1af510
1beb34
1ce0f6
1dc16a
1e7d10
1f0bac
1f6c90
1fa552
1fbf6a
1fc558
1fc016
1fb548
1fa656
1f90f0
1f705a
1f3f4a
1ef9c6
1e9ea0
1e3004
1db2fe
1d2dd6
1ca5f2
1c1dbe
1b9348
1affd2
1a5910
1993a0
18a650
178d72
164cfa
14f148
138dc4
1239b8
110bd8
1015e6
0f615a
0eedf4
0eb26a
0e9f36
0ea2a8
0ead02
0eb390
0eb1e6
0ea900
0e9cc0
0e90ba
0e8580
0e7772
0e5f3e
0e3440
0defee
0d910a
0d1d78
0ca1d8
0c2efa
0bd5a4
0ba1cc
0b96c2
0bad80
0bd5ba
0bf982
0c02be
0be09e
0b8bba
0b07b6
0a6206
09ae06
08ffcc
086704
07eb32
078a48
073a02
06eb58
068ede
0618e4
05840c
04d1f8
0409da
0335a4
025eaa
018ad4
00bb12
ffeb50
ff13e2
fe2bae
fd2a84
fc0ade
facace
f96c18
f7f38a
f66802
f4d136
f336fa
f1a0d6
f015f4
ee9d0e
ed3c60
ebf958
ead868
e9dcb0
e907c8
e859a6
e7d08c
e768e8
e71d62
e6e6d6
e6bc72
e6941c
e66354
e620b8
e5c60a
e551f4
e4c940
e436c8
e3aa14
e33480
e2e584
e2c732
e2dbaa
e31c7e
e37c78
e3eb32
e459dc
e4bfb2
e51cb8
e579ae
e5e52e
e66ebc
e72106
e7fd48
e8f966
ea0156
eafbea
ebd1b8
ec7432
ece2b4
ed2c14
ed6c16
edc542
ee589c
ef3d9c
f07c8c
f20ce6
f3d7ba
f5bd94
f79e02
f95e9a
faefaa
fc4d9c
fd7ef4
fe8fd4
ff8cd2
007ef6
0169d0
024bfe
0321c6
03e82e
049faa
054cca
05f6fa
06a57a
075bde
081746
08cd8c
096ef0
09e9b4
0a2f10
0a3774
0a0514
09a3a4
092566
089e46
081e90
07aec2
074de0
06f256
068d6a
060ff0
056f02
04a71c
03bd26
02bd1e
01b6d6
00b9fa
ffd2b2
ff0784
fe58ec
fdc29c
fd3d8c
fcc254
fc4ae8
fbd392
fb5ade
fae140
fa68cc
f9f512
f98b6e
f93344
f8f5c2
f8dcf6
f8f210
f93b18
f9b8b0
fa64a6
fb31f0
fc0e50
fce58a
fda548
fe40c4
feb308
feff6a
ff2fe4
ff51da
ff7212
ff98fe
ffc872
fffb56
00270e
003e90
0035d4
0004e4
ffa9c6
ff2910
fe8d04
fde3a8
fd3c8e
fca66c
fc2d24
fbd856
fbaa84
fba0ae
fbb274
fbd2d8
fbf1a8
fbfd68
fbe5fc
fb9f98
fb2538
fa7a3e
f9aa96
f8c902
f7ebd4
f728b0
f69076
f62c44
f5fc38
f5f866
f6137e
f63e7c
f66c34
f693e6
f6b1e2
f6c68a
f6d40a
f6dbe8
f6dd44
f6d486
f6bca2
f6916e
f6523c
f603b0
f5afe4
f56478
f52f34
f51a26
f5286c
f554c6
f592b0
f5d1ae
f601ce
f6184c
f6129a
f5f712
f5d2ea
f5b616
f5ae3c
f5c26e
f5f106
f62ffa
f67004
f6a14a
f6b850
f6b17a
f6925c
f6682e
f643dc
f63512
f64596
f6764e
f6bea2
f70e9a
f752ca
f77932
f77554
f742de
f6e62c
f66ab2
f5dfd2
f55544
f4d7fe
f47028
f420be
f3e872
f3c364
f3ad34
f3a2c6
f3a314
f3af30
f3c98c
f3f4ea
f43324
f4847c
f4e750
f5582a
f5d256
f650ce
f6cf0e
f749fc
f7c0b4
f834e8
f8aac8
f9287a
f9b50a
fa56fa
fb129e
fbe894
fcd4ee
fdcf22
fecb1e
ffbb44
009318
0149d6
01dc72
024e74
02a952
02fa86
035090
03b7f4
0438c2
04d558
058a8a
065126
07204c
07efec
08bac0
097f18
0a3e82
0afc6e
0bbc2c
0c7ef4
0d42c4
0e0240
0eb59e
0f545c
0fd72c
10397c
107a08
109a96
109ec8
108a7c
10602a
10200c
0fc832
0f55ac
0ec66e
0e1b66
0d5a30
0c8d6e
0bc38e
0b0c52
0a7540
0a0614
09be1a
09934a
097382
0947c6
08f940
08768c
07b86c
06c480
05ad3a
048efc
038afc
02c0cc
024818
022c0a
02698a
02f07a
03a7ac
0472a4
0537ca
05e564
067474
06e8fa
074f72
07b886
083454
08ce6e
098b6a
0a6894
0b5da2
0c5f94
0d63c2
0e623e
0f56f2
104136
11225a
11fbdc
12cdd6
13967c
1452ae
14ff52
159ae0
162678
16a5fc
171ed2
1795e4
180d70
188328
18efc4
194850
1980b4
198ef0
196e42
192118
18b126
182d9e
17a7cc
172f28
16cdc8
16865c
1653ee
162b94
15ff6c
15c21c
1569e4
14f272
145d38
13b064
12f50a
123506
11792a
10c84e
10270c
0f983a
0f1d4c
0eb69a
0e6348
0e20f8
0deb70
0dbc96
0d8d36
0d5676
0d13d8
0cc4fc
0c6ea4
0c1a56
0bd46e
0ba8f4
0b9ff6
0bba5c
0bf028
0c30d8
0c662a
0c78c4
0c55a2
0bf30e
0b53be
0a872a
09a6d8
08d140
08235a
07b294
078860
07a088
07ea74
084d10
08ac34
08ee56
09013e
08dc8e
0881cc
07fa3e
075356
069ab0
05daea
0519b2
04577c
0390d2
02c0c2
01e354
00f776
fffffa
ff0330
fe0978
fd1b06
fc3da8
fb7312
fab810
fa051e
f9501a
f88eac
f7b8ca
f6cadc
f5c69a
f4b2b2
f39938
f2851e
f17f5a
f08c96
efabec
eed72c
ee04a4
ed29f8
ec3f5c
eb4252
ea3722
e9289e
e8262a
e74094
e68666
e600ca
e5b1d6
e594b6
e59f7e
e5c664
e5ff56
e644b2
e696b6
e6fb02
e77a52
e81d10
e8e80c
e9d9fc
eaeaae
ec0c2c
ed2dcc
ee3ff6
ef37c8
f01192
f0d15e
f18152
f22eaa
f2e5e8
f3af5e
f48d02
f57a2e
f66d04
f75948
f833b8
f8f4fc
f99b2e
fa29ce
faa844
fb1f6c
fb96dc
fc12e8
fc93c4
fd15e0
fd9356
fe05e0
fe68aa
feb99a
fef992
ff2bba
ff5432
ff766e
ff93ec
ffab8c
ffb97c
ffb80e
ffa0c8
ff6dcc
ff1b0a
fea734
fe142a
fd66fc
fca7a0
fbe018
fb1b58
fa640a
f9c33a
f93ef0
f8d932
f88f88
f85b68
f83374
f80d9e
f7e17e
f7aa6c
f768be
f72216
f6e050
f6af3c
f699f8
f6a86e
f6ddae
f73796
f7affe
f83eca
f8dc42
f98318
fa313a
fae754
fba710
fc7116
fd4348
fe182a
fee7ec
ffaaa4
005b5a
00fa88
018f52
022688
02cfc0
039908
048a84
05a316
06d786
081488
094334
0a4f14
0b2bbe
0bd8a2
0c61ba
0cdcf0
0d6482
0e105c
0eefcc
100576
11469a
129dbe
13efe0
1522b0
162260
16e532
176c44
17c18a
17f422
1813d2
182d6e
1848e6
186930
188dca
18b504
18ddea
1908d8
1936da
1967f0
19992c
19c37c
19dbde
19d546
19a3bc
193fc2
18a916
17e7a2
170a6a
162436
154738
1480a0
13d556
1340e8
12b720
122790
1181fe
10bab6
0fcd52
0ebd88
0d95c2
0c6430
0b3730
0a1a3c
091404
0825f8
074d5e
068524
05c7b6
05105e
045bd4
03a7d2
02f24a
0238c4
01784c
00ae00
ffd852
fef83e
fe1212
fd2d5a
fc53a0
fb8e54
fae446
fa5788
f9e470
f98214
f92440
f8be64
f846c6
f7b910
f71776
f66a14
f5bcb6
f51b76
f48f36
f41aa2
f3b8c6
f35d8c
f2f80c
f27644
f1c934
f0e888
efd504
ee992a
ed47d6
ebf946
eac718
e9c816
e90cb2
e89ce2
e87780
e8934a
e8e16e
e950d8
e9d176
ea56d4
ead986
eb572a
ebd118
ec4a32
ecc492
ed3fda
edb870
ee2810
ee879c
eed190
ef0442
ef236e
ef382c
ef4f46
ef763e
efb7e2
f01934
f097cc
f12a52
f1c2f6
f25370
f2d176
f33a26
f3939a
f3ebde
f455c2
f4e3f2
f5a3e0
f699d8
f7bf64
f9048c
fa5378
fb95ac
fcb93e
fdb4b0
fe886c
ff3d8a
ffe280
008676
013504
01f33c
02bee6
038ff0
045b72
051752
05bd5a
064cca
06ca1e
073d48
07aedc
08252e
08a24c
09237e
09a238
0a1640
0a781c
0ac346
0af752
0b17b8
0b2a98
0b36ea
0b4280
0b50b0
0b61ac
0b72d6
0b7faa
0b831c
0b78c4
0b5da4
0b307e
0af1b6
0aa31c
0a479a
09e30a
097a2a
091282
08b1fc
085e58
081c4a
07eeb2
07d602
07d022
07d8f6
07eb74
08030c
081cf4
0838e0
0858ee
0880c0
08b41a
08f55a
094454
099e08
09fd36
0a5bf6
0ab57c
0b07aa
0b53c2
0b9e2e
0bed24
0c4686
0cadca
0d226e
0d9fb6
0e1d8e
0e9288
0ef64e
0f43e2
0f7ab2
0f9e72
0fb58c
0fc6a8
0fd600
0fe368
0fe9a4
0fdf66
0fb9aa
0f6ec0
0ef938
0e5996
0d968c
0cbb4e
0bd4a0
0aed72
0a0bf0
092fe2
08532c
076bf8
067000
055830
042348
02d702
017f10
002a40
fee6ae
fdbdd4
fcb1c8
fbbc82
fad148
f9dff8
f8d93c
f7b2c4
f66a4e
f506c2
f396f6
f22eb4
f0e298
efc3e4
eedd44
ee311c
edb9d4
ed6bc0
ed3828
ed1092
ece998
ecbc92
ec87de
ec4e26
ec14e6
ebe2ae
ebbdc4
ebab30
ebae86
ebca08
ebfec0
ec4c84
ecb1ca
ed2b14
edb25c
ee3eee
eec5e4
ef3b58
ef9452
efc8e4
efd616
efbef6
ef8c76
ef4bd6
ef0bfe
eeda76
eec0a2
eec20a
eedbec
ef065a
ef3682
ef61a8
ef7fc8
ef8d7a
ef8c6c
ef8274
ef77b4
ef7430
ef7dc0
ef96a0
efbd22
efec94
f01ec6
f04de4
f07612
f0961e
f0af90
f0c5d4
f0dd0c
f0f8ea
f11bf4
f14772
f17ba4
f1b886
f1fe8c
f24f0c
f2ac2e
f31860
f3956e
f423c4
f4c204
f56d54
f6223e
f6de08
f7a010
f86ab4
f94366
fa31d0
fb3e1e
fc6ee8
fdc738
ff454e
00e250
029340
044af4
05fc80
079d9a
092864
0a9c34
0bfd2a
0d52ca
0ea5ea
0ffe90
116236
12d2c2
144e6e
15d074
175238
18cc98
1a3910
1b928a
1cd58e
1e000c
1f10f4
2007e2
20e4d2
21a834
22531e
22e79e
2368f2
23db52
244368
24a534
2502d0
255b5a
25aa60
25e814
260a74
26070c
25d544
25708c
24d9c6
24179a
233588
2241e0
214af8
205c5e
1f7cbe
1eacf4
1de89a
1d27c4
1c6196
1b8ef6
1aaca8
19bc32
18c35e
17ca96
16dab4
15fade
152f02
147780
13d1ee
133b04
12b0a6
1233a8
11c8a2
11776a
11496a
11470a
117538
11d374
125b3c
1300dc
13b5bc
146b4a
151610
15afe0
1638c8
16b65e
1731ae
17b44a
18457c
18e7ec
1998ae
1a4fb4
1b0186
1ba1c8
1c25be
1c864c
1cc0d4
1cd6f6
1ccd52
1ca9b0
1c711a
1c266a
1bc9c0
1b58ee
1ad084
1a2d60
196e12
1893de
17a316
16a288
159a5e
14927e
139100
1298f4
11a9b8
10bf26
0fd242
0eda94
0dcf9e
0caa62
0b669e
0a03a2
088468
06ef1e
054c2a
03a4ac
020102
006784
fedb9c
fd5d9c
fbeb58
fa8164
f91cca
f7bcb8
f66392
f5173e
f3e04a
f2c82c
f1d6d8
f11058
f0730e
eff750
ef908a
ef2fcc
eec738
ee4d5e
edbf94
ed22b6
ec81ee
ebebde
eb6e9a
eb13f2
eadeb0
eaca00
eacaf2
ead3ee
ead8c6
ead280
eac192
eaadb8
eaa38a
eab06a
eaddd6
eb2dda
eb9946
ec10ac
ec7fce
ecd29a
ecfa60
ecf1f0
ecbf3c
ec7248
ec2194
ebe500
ebd098
ebf084
ec4728
eccdb2
ed76ba
ee31f6
eeefe6
efa480
f04826
f0d722
f1500a
f1b1f6
f1fb44
f229a6
f23b0c
f22f5c
f20a10
f1d2d6
f194ec
f15d02
f13638
f12716
f12f74
f14834
f164f4
f1776a
f17394
f15352
f118c2
f0ce4a
f084ae
f04f5a
f04020
f0636c
f0bdee
f14c4a
f2049c
f2d94c
f3bc50
f4a1fc
f5829c
f65adc
f72af6
f7f528
f8bc24
f981e0
fa471a
fb0b64
fbcd94
fc8c34
fd4598
fdf7a8
fe9f76
ff38f8
ffbf4a
002d74
007fb0
00b4f4
00d002
00d7d4
00d6ec
00d992
00eb3c
0113e2
0155f8
01ad96
021108
0272d8
02c4b2
02fa88
030d10
02fb1a
02c94e
028094
022b84
01d390
017eb4
012e2a
00de50
0087ac
0020d8
ffa0ca
ff00ec
fe3ea0
fd5be4
fc5f24
fb5246
fa4146
f9389e
f843b0
f76b9e
f6b672
f626ce
f5bc2a
f57370
f547f6
f5349a
f534bc
f54508
f5639e
f58fe2
f5c9f4
f6120a
f6680a
f6cb5e
f73b42
f7b762
f84062
f8d832
f981d4
fa4074
fb15fe
fc0196
fcfe8a
fe042a
ff06b8
fff986
00d1a4
018880
021db8
029766
0300aa
0366be
03d546
0452da
04deaa
057038
05f90a
06681a
06adfa
06c0b0
069e22
064c86
05d8c4
05530a
04cada
044b6e
03d998
03737a
03123c
02ad2e
023d1e
01bf1e
0135c6
00a8c6
0022b6
ffae20
ff525c
ff1150
fee696
fec83e
fea912
fe7ba0
fe353e
fdd05e
fd4d96
fcb35a
fc0c96
fb6696
facea0
fa4ffc
f9f26e
f9b9a4
f9a52c
f9b13a
f9d782
fa1074
fa543a
fa9bba
fae16a
fb21ca
fb5bae
fb9006
fbc164
fbf344
fc2942
fc666c
fcacb8
fcfce6
fd56b2
fdb940
fe23ae
fe957c
ff0ea6
ff8f56
00175e
00a5b6
01380c
01ca9e
0258c0
02dda8
035574
03be20
0417f0
046564
04aa5c
04ead8
0529aa
056764
05a1ec
05d500
05fb3e
060fda
061036
05fcfa
05da22
05ae04
057f6e
05537e
052b9c
05048e
04d6bc
0497be
043d0a
03bed2
031a8e
025406
0174e4
008a8c
ffa2d6
fec8a8
fe013e
fd4b04
fc9e74
fbf0ce
fb37ea
fa6e14
f994ba
f8b53c
f7df60
f725ca
f69966
f644be
f628e4
f63c8e
f66de2
f6a676
f6d098
f6dc92
f6c462
f68d2a
f645f8
f6042e
f5de9a
f5e878
f62d8a
f6b056
f76a96
f84fb4
f95056
fa5e14
fb6e36
fc7b02
fd838c
fe8a48
ff9302
00a0f6
01b5be
02d13e
03f264
05183e
0642ee
0773d2
08acca
09eef8
0b393a
0c86f6
0dcff8
0f0930
1026a8
111dc6
11e78a
1281e4
12efe0
133886
1364c8
137d24
1387b0
138716
137a9a
135f4e
1331d6
12f052
129b9e
1237a8
11cac4
115c32
10f26e
109202
103cca
0ff234
0fb01a
0f7408
0f3c36
0f080c
0ed7e2
0eac36
0e84a8
0e5f2e
0e37f4
0e0a16
0dd11e
0d8ad6
0d38e0
0ce18c
0c8f70
0c4fa4
0c2f10
0c3784
0c6d52
0cce32
0d519e
0deae4
0e8c4e
0f2a82
0fbf50
104b28
10d4c0
1166de
120d0a
12cfe6
13b230
14af18
15ba64
16c272
17b382
187ba8
190e3c
19662e
1986ae
197a2a
194fe0
1918ce
18e484
18be8e
18ad00
18b040
18c3e6
18e05e
18fcba
191048
191396
1900d4
18d394
18884e
181bfe
178bf2
16d62c
15fa1a
14f96e
13d8e2
12a060
115a98
1013a0
0ed710
0dae10
0c9d8a
0ba556
0ac042
09e540
090980
0822c6
0729b8
061b6c
04f9ce
03cb0c
0297fe
016a18
00494a
ff3a90
fe3f4e
fd559e
fc794c
fba568
fad5b8
fa07ea
f93c16
f87496
f7b53a
f70252
f65fc2
f5d064
f555ea
f4f140
f4a308
f46c3e
f44e78
f44bb2
f465b0
f49d1c
f4f088
f55bcc
f5d7de
f65b5a
f6dbbe
f74f08
f7ad62
f7f280
f81e42
f8345c
f83b38
f83a4e
f83828
f838b2
f83c24
f83efa
f83ac0
f82798
f7fe26
f7b982
f75866
f6ddb2
f64fc6
f5b718
f51c3c
f485de
f3f744
f36faa
f2ea8c
f26100
f1cbb4
f12530
f06bb4
efa252
eed0e8
ee02f6
ed458e
eca4c0
ec292c
ebd62c
eba916
eb99c8
eb9c42
eba33c
eba2e6
eb9352
eb71f8
eb4210
eb0ba2
ead94e
eab5c4
eaa8e4
eab5cc
ead9fe
eb0df8
eb4716
eb7a3a
eb9ec8
ebb0f2
ebb2e4
ebac62
eba900
ebb554
ebdbe8
ec22bc
ec89ec
ed0bf6
ed9f80
ee3a1c
eed326
ef65f6
eff2a4
f07d46
f10bc6
f1a322
f244ce
f2ed5c
f394b2
f4300c
f4b526
f51d9c
f569a2
f5a100
f5d1ee
f60e16
f66658
f6e6a2
f792ea
f8662c
f953ca
fa4ad8
fb3a6a
fc15dc
fcd7b2
fd8260
fe1ede
feb98c
ff5e78
001614
00e348
01c374
02b028
03a1e8
049306
05817a
066f48
076146
085caa
096472
0a776a
0b8fd0
0ca486
0dabc6
0e9e4c
0f7a02
10430a
1102fe
11c664
1298ee
1381c0
1480c4
158e0e
169b4e
179724
187134
191e0c
1999a0
19e7ca
1a12be
1a27f6
1a346e
1a416a
1a5280
1a656a
1a738a
1a744e
1a6012
1a324e
19eac6
198d46
19205a
18ab7a
183536
17c1d4
1752dc
16e764
167ce6
161052
159efc
1526fc
14a730
141ed8
138d36
12f15a
124a2c
1196ee
10d7da
100e9a
0f3e60
0e6b8c
0d9acc
0ccff0
0c0ce4
0b50e6
0a9892
09de90
091cd0
084e1c
076fa0
0681f2
058946
048ce8
0395e4
02ad34
01d9ce
011f20
007c2e
ffeb8c
ff6432
fedb0c
fe450c
fd992e
fcd22a
fbef7e
faf5a6
f9ed42
f8e192
f7de7c
f6ee7a
f61922
f56232
f4c9a6
f44c7c
f3e618
f391b0
f34b7e
f31146
f2e208
f2bd2c
f2a17c
f28c78
f27a2c
f265dc
f24b5a
f228ae
f1ff4c
f1d482
f1b09e
f19d0a
f1a198
f1c1b6
f1faa8
f24322
f28cd0
f2c73c
f2e3ae
f2d8d2
f2a532
f24fae
f1e5f6
f1792a
f11992
f0d288
f0a7ec
f09586
f09094
f08b18
f077e6
f04e50
f00c6a
efb73c
ef5912
eefe62
eeb248
ee7b88
ee5b4e
ee4d72
ee4a70
ee4a26
ee46ca
ee3ed6
ee3590
ee31dc
ee3c24
ee5b8c
ee939e
eee310
ef43f6
efad82
f0165e
f07762
f0cd84
f11a9e
f164dc
f1b506
f21412
f288ae
f31572
f3b810
f469c4
f520d6
f5d2c2
f67678
f70640
f780b4
f7e8e0
f8456e
f89f22
f8fefc
f96c58
f9eb70
fa7c8e
fb1bf2
fbc29a
fc6798
fd01ce
fd89d6
fdfb82
fe56da
fea01c
fedee2
ff1c74
ff61ae
ffb4ee
001870
0089a2
01019c
0176aa
01dea0
02316c
026b46
028de6
02a04a
02ad48
02c0fa
02e5f8
0322e8
037922
03e4b8
045dd2
04db1c
055472
05c52a
062d16
068ffa
06f3ca
075e02
07d114
084aa4
08c358
09305c
09861e
09bb96
09cd24
09be0c
09980c
0968fa
093f1c
09251e
091eda
0927ea
0934a4
09352c
0919d2
08d78a
086b66
07dbdc
07376e
069134
05fbee
058548
053244
04fdfc
04db1c
04b774
0480cc
0429a4
03ac96
030d84
02585a
019df2
00eff6
005d0a
ffedfc
ffa4d8
ff7dec
ff71ea
ff78bc
ff8bb6
ffa6e0
ffc8dc
fff1b8
002140
0055a6
008b00
00bbec
00e316
00fd34
010a8e
010f9e
011458
012248
0141f2
017832
01c46a
022002
027f7c
02d4b2
0311f0
032ccc
03204c
02edac
029bcc
02357c
01c744
015d1e
0100a4
00b80e
0085f6
0069ac
005fd4
00632e
006d1e
00763e
0076e6
0067da
004322
0004e6
ffac48
ff3bca
feb92a
fe2c66
fd9e40
fd1646
fc9918
fc274e
fbbd42
fb5434
fae42a
fa665c
f9d760
f9388e
f89042
f7e8b8
f74de0
f6caa6
f66652
f622b2
f5fbb4
f5e84a
f5dcb4
f5cd60
f5b1f0
f5878a
f551e4
f51adc
f4f0a6
f4e2f0
f4ffae
f5502e
f5d708
f68f5c
f76d80
f86120
f95810
fa418e
fb10fc
fbbfda
fc4e4a
fcc268
fd265a
fd85de
fdebb2
fe5f94
fee538
ff7c5c
0021ee
00d19a
018768
0240ce
02fcf6
03bc0e
047df2
0540e8
060094
06b620
07593c
07e234
084c3a
089740
08c892
08ea06
0907d4
092d5a
0961cc
09a5da
09f2ea
0a3c3c
0a71dc
0a84b6
0a6a86
0a20b2
09ad3e
091d7a
0882d4
07eea8
076e24
070766
06b89e
067948
063d3c
05f878
05a2c6
053a0e
04c2de
044708
03d2e4
0371fe
032c3c
030434
02f72e
02fe94
031260
032bd8
034784
03661e
038c1e
03c032
040910
046b76
04e8d2
057ef2
0628bc
06df9a
079d2e
085cb8
091bbe
09d9f2
0a983e
0b5788
0c176c
0cd556
0d8c72
0e362a
0ecb7a
0f465a
0fa334
0fe1c6
100564
10145e
1016f0
1015be
101848
102390
103966
10582e
107b7e
109d26
10b696
10c262
10bd66
10a7a2
108436
1058c4
102c28
1004f4
0fe7b6
0fd5b2
0fcc12
0fc434
0fb49c
0f92e8
0f5608
0ef85a
0e7934
0ddd3c
0d2db2
0c7696
0bc42c
0b2068
0a90f2
0a1660
09acb6
094d2c
08f0c0
0892c2
0832c2
07d518
0781e2
0742b4
071fa2
071c5c
073664
0764f8
079ae8
07c9a4
07e4ee
07e610
07cda0
07a32a
0772ea
074a1e
0732c4
07304a
073df0
074fa4
075512
073e12
06ff68
06964e
0609f2
056a4a
04cc8a
044638
03e828
03baaa
03bbd4
03e06c
0416f4
044c16
046f1e
047564
045be8
0426cc
03df2a
039004
03437e
0300d8
02cbd4
02a55a
028cd6
0281a2
0283aa
02934a
02b01c
02d778
030342
0329b2
033e72
0334f2
030358
02a558
021df6
01779a
00c242
00102e
ff71d8
fef240
fe947c
fe5336
fe2216
fdf0e4
fdaf5c
fd50d4
fccee0
fc2a52
fb6a9e
fa9c0a
f9ccf8
f90b5e
f86298
f7da2e
f7755a
f7336a
f71064
f705f8
f70c64
f71b3a
f72a3c
f7324c
f72e4c
f71bf6
f6fc44
f6d366
f6a7e0
f68116
f66544
f6578c
f65684
f65bca
f65cd4
f64cde
f61fa2
f5cc32
f54f10
f4ab46
f3e9e4
f3182e
f244be
f17c44
f0c6e0
f0266e
ef966a
ef0d52
ee7f00
eddfd6
ed2784
ec5326
eb6616
ea697c
e96a80
e877d6
e79edc
e6e92c
e65ab8
e5f116
e5a410
e56732
e52c2c
e4e582
e48920
e41212
e38154
e2dd68
e230fa
e188b4
e0f0fc
e073ea
e01814
dfe020
dfcb70
dfd73c
e00000
e04286
e09c46
e10b08
e18bfa
e21ac4
e2b112
e346ca
e3d34a
e44f54
e4b716
e50bcc
e5542c
e59b9a
e5efd8
e65dd0
e6ee6c
e7a420
e87a08
e964e2
ea55a8
eb3d2e
ec0fb8
ecc7b2
ed6696
edf3e2
ee7a82
ef0538
ef9b5a
f03e90
f0ea42
f194de
f23282
f2b848
f31f1e
f365a8
f39062
f3a830
f3b7e4
f3c972
f3e39c
f408de
f43798
f46b8c
f49fdc
f4d11e
f4fec2
f52b7c
f55ca2
f598bc
f5e5c6
f647b4
f6bf92
f74b8a
f7e7a2
f88f02
f93d2e
f9ef1c
faa39e
fb5b50
fc17f0
fcdba0
fda81a
fe7e1c
ff5d34
0043cc
012f72
021d40
030a38
03f38c
04d6f2
05b2d4
068684
07525c
0817c0
08d8de
099858
0a588a
0b1ae8
0bdf64
0ca432
0d6608
0e20fc
0ed1b8
0f76ba
101164
10a66a
113d5e
11df60
129532
13651a
14511c
155608
166bc4
17869c
189978
19983c
1a7a02
1b3a4a
1bd908
1c5994
1cc0ec
1d13ba
1d54c4
1d844c
1da066
1da644
1d93d0
1d6918
1d28f0
1cd8a2
1c7e8e
1c2056
1bc104
1b600e
1af96a
1a86d4
1a0202
196700
18b60e
17f42e
172a2c
166258
15a562
14f77a
145662
13b95c
1312fa
125488
117220
106676
0f34ee
0de9d4
0c97f4
0b54a6
0a3312
093fd6
087e70
07e8b0
077098
070404
069110
060a42
056960
04b034
03e778
031c1a
025c14
01b360
012a04
00c374
007f1a
00599a
004e4c
00584c
0072d6
0098f0
00c4da
00efb2
01119a
0122b2
011ca0
00fc70
00c412
007abc
002c26
ffe660
ffb6c6
ffa6e4
ffb9e6
ffeb62
002fde
0076c6
00ad8c
00c332
00ab5e
00606e
ffe404
ff3e30
fe7b80
fdaa60
fcd8b6
fc11c8
fb5d20
fabe2a
fa348e
f9bd02
f9525e
f8eeaa
f88c0a
f825a8
f7b85c
f74342
f6c826
f64b82
f5d41c
f56a00
f51526
f4dbca
f4c0f8
f4c388
f4ddea
f506f4
f53394
f5591c
f56f94
f573c0
f56812
f55468
f54486
f545a6
f5639e
f5a642
f60fa6
f69b94
f7406e
f7f13a
f8a064
f94292
f9d11a
fa4b4a
fab65c
fb1c34
fb88f0
fc080a
fca18a
fd57fa
fe2776
ff064e
ffe6c2
00b9ce
017236
020724
0275de
02c222
02f504
031aba
033fce
036e6e
03ac84
03fb0e
0456c0
04b9b2
051d8e
057d82
05d782
062c4e
067e5c
06d008
0721ce
077100
07b796
07ed3e
080978
08061e
07e18e
079fee
074ae4
06efee
069da4
0660ac
06412a
06414e
065d78
068db8
06c84c
070424
073afc
076a2c
07925a
07b608
07d7be
07f866
081664
082dbc
083946
08348a
081d98
07f62e
07c3d0
078eb2
075fca
073e7e
072ed2
07306c
073eda
0752f4
0764f8
076eda
076e0a
076440
075708
074e58
07527a
0769ea
0797b4
07dac8
082e2c
088a38
08e62c
0939ec
097f7a
09b3a6
09d636
09e966
09f0fe
09f156
09ee60
09eb16
09e91c
09e8bc
09e92e
09e8e6
09e606
09de98
09d0ec
09bbbc
099e30
0977d2
094848
090f30
08cbe0
087d56
082242
07b960
0741f2
06bc5a
062a92
059070
04f36a
0459f0
03ca56
03497e
02d9b4
0279e8
0225c0
01d662
0183fc
012794
00bcc6
0042e6
ffbd2e
ff31e0
fea892
fe27f6
fdb3ba
fd4b50
fce9b8
fc86c0
fc1936
fb9986
fb0424
fa5ade
f9a4bc
f8ec84
f83e0c
f7a32a
f72110
f6b6c8
f65d5e
f609ac
f5af4a
f543e6
f4c1de
f429b4
f38194
f2d374
f229fa
f18d5c
f100e8
f08208
f00920
ef8bd4
ef004a
ee604e
edab84
ece7f2
ec20f6
eb64b6
eac0de
ea3f74
e9e4ce
e9af00
e996ea
e99260
e996d8
e99bc4
e99c00
e99614
e98b72
e97f30
e974b8
e96ef6
e97040
e97b08
e992d6
e9bce0
ea001a
ea642a
eaefa0
eba5d2
ec850e
ed85e4
ee9bcc
efb742
f0c8f4
f1c536
f2a6ae
f36fc6
f42a1c
f4e44a
f5ae86
f696c8
f7a5ae
f8dca0
fa35a8
fba4e8
fd1b3a
fe8928
ffe1a0
011ba4
023302
0327de
03fd8a
04b926
05604a
05f81c
0684ec
0709f0
078934
080386
087820
08e47e
094440
09919a
09c626
09dc26
09cffe
09a16e
09542c
08efa2
087dac
0808b8
079994
07358c
06dd68
068d5c
063e48
05e7b0
058212
050910
047cb8
03e1a8
034038
02a28a
021272
019760
0134fc
00eaa0
00b3bc
008926
0062dc
0039fa
000a5e
ffd3a2
ff993a
ff61da
ff3618
ff1ea0
ff2270
ff4540
ff8688
ffe158
004cfc
00be72
012a46
018684
01cc54
01f8ce
020d0e
020d62
01fff2
01eb2c
01d48c
01c002
01affc
01a606
01a3ae
01ab36
01bfc0
01e4e0
021d74
026a50
02c8f4
033306
039ec4
040076
044cac
047aa8
04864c
047112
0441ae
04026c
03beb4
038064
034db2
032802
030c26
02f3c0
02d784
02b154
027e0e
023e30
01f57c
01a9a8
01609e
011f02
00e73c
00b986
0094b2
007796
00623c
0056a0
005898
006cdc
009776
00da1c
013308
019ca0
020e40
027df4
02e2b2
033678
0377d6
03aa4c
03d584
04036c
043dcc
048bda
04f072
056962
05efec
067a34
06fd6e
077012
07cba2
080d9a
08377c
084dd4
0856c4
08584c
0856d4
085450
085006
084710
083550
0816a0
07e7bc
07a70e
0754c8
06f2b6
0683b2
060ae8
058b36
0506b4
047e78
03f296
036262
02ccdc
02311e
018edc
00e6b0
003a5a
ff8cae
fee16e
fe3cd2
fda2e0
fd16c0
fc9a0a
fc2c4e
fbcb12
fb7230
fb1cba
fac604
fa6ab0
fa096c
f9a332
f93ac2
f8d3ca
f871b0
f81676
f7c236
f7732a
f7269e
f6da1a
f68cd6
f6409e
f5f9f2
f5bf34
f59702
f58632
f58e0c
f5ab62
f5d6d8
f60676
f63022
f64c4e
f6581c
f6562a
f64dd0
f648de
f65082
f66a16
f694e8
f6c9b2
f6fbda
f71c70
f71df0
f6f7da
f6a918
f6386e
f5b2f4
f528de
f4a992
f44000
f3f064
f3b7ce
f38d9e
f36638
f33660
f2f5d4
f2a100
f238ea
f1c208
f1424e
f0bf30
f03c78
efbbfa
ef3e7a
eec4fe
ee521e
edea8e
ed94a8
ed56e8
ed35d2
ed3206
ed471c
ed6bd6
ed93c8
edb220
edbcba
edaec4
ed8a44
ed57d4
ed24dc
ed00a4
ecf904
ed176a
ed5f34
edcd56
ee599c
eef8ea
ef9ff6
f045bc
f0e524
f17d8c
f21250
f2a97e
f34a1c
f3fa9e
f4bf88
f59aaa
f68adc
f78c20
f89834
f9a738
fab096
fbabee
fc9216
fd5e02
fe0d84
fea1d2
ff1f70
ff8d8e
fff4da
005de0
00cf58
014c9e
01d4dc
0262f8
02ee6e
036cf8
03d482
041d5c
0443b6
044888
043168
040770
03d586
03a632
0381a8
036c32
036598
036960
037002
0370be
0363d0
03446e
031234
02d1a4
028bb4
024c44
022010
02125a
022ad4
026c64
02d4d2
035daa
03fdde
04abd2
055f64
06132c
06c4ee
07750e
08255a
08d7b0
098cde
0a4442
0afc44
0bb38e
0c6a66
0d23d2
0de5e0
0eb8d6
0fa55e
10b1fe
11e0b4
132d40
148cd0
15ef5e
174268
187480
1978a6
1a48d0
1ae6a6
1b5a9e
1bb14e
1bf804
1c3952
1c7a80
1cba98
1cf336
1d1aa8
1d270c
1d1102
1cd5c4
1c7792
1bfcda
1b6e10
1ad340
1a31d2
198b60
18ddc2
18245c
175a34
167c20
158a56
148910
137fdc
1277e6
1179c4
108b52
0fae3c
0edfb6
0e1956
0d52ec
0c84c2
0ba9b8
0ac0b4
09cd04
08d5b2
07e3e8
070100
063490
058304
04ed00
046fa2
04058c
03a854
0351f2
02fdf8
02aa3c
0256d0
0205ae
01b9e4
0176b4
013edc
011420
00f722
00e78a
00e446
00ebdc
00fcae
01152c
0133dc
01575e
017e5e
01a780
01d154
01fa4c
0220ca
024320
025fa2
0274ce
02816a
0284ba
027ea2
026fd4
0259d4
023ebe
0220ee
020272
01e48a
01c74c
01a974
0188b4
016248
0133ae
00fb58
00b912
006df8
001bec
ffc4b8
ff690e
ff07da
fe9dfc
fe26d2
fd9d5a
fcfdbc
fc46d2
fb7b26
faa11c
f9c21c
f8e8ee
f81f92
f76d50
f6d566
f656bc
f5ecba
f590ec
f53cf4
f4ec58
f49d88
f451cc
f40c54
f3d09a
f3a0da
f37cf6
f3625c
f34cf2
f338c6
f323ee
f30ff6
f3024a
f30366
f31cf4
f35746
f3b716
f43c12
f4e0bc
f59ba8
f661d0
f7292e
f7eafc
f8a4ca
f95846
fa09b0
fabda2
fb76c8
fc348c
fcf2e6
fdab98
fe5860
fef54c
ff82ae
0005b2
00877a
0112e6
01b196
02691c
03390c
041a98
0501d8
05e052
06a832
074f3e
07d0e6
082ec4
086fa0
089d4a
08c1ea
08e57c
090c22
093594
095db4
097e10
098f9a
098c5c
09707e
093ab6
08ec08
08872c
080fea
078a9a
06fc00
066966
05d8c0
05509a
04d7c4
047494
042bee
040030
03f09e
03f942
0413b2
043864
046060
0486f4
04aac6
04ce10
04f5dc
05283a
056a38
05bdb8
061ffc
068934
06ed58
073e26
076dea
077268
074738
06eef6
0672f4
05e176
054aae
04bd72
0443fe
03e1ea
03937c
034ece
030630
02ab82
023388
019890
00db9a
0003de
ff1d04
fe3422
fd54ce
fc8696
fbcbb4
fb213c
fa8082
f9e15a
f93c60
f88cb2
f7d0b8
f709cc
f63b12
f567e8
f492b4
f3bc48
f2e43e
f20a18
f12e96
f054da
ef82a6
eebf90
ee132a
ed82b2
ed0eee
ecb2f2
ec6462
ec1522
ebb658
eb3bfa
ea9fe2
e9e3b4
e910e6
e836ea
e767f0
e6b4f8
e62a4e
e5cd46
e59bc0
e58d98
e5975a
e5adaa
e5c834
e5e362
e6008c
e624a6
e655ce
e698c4
e6eed4
e75518
e7c4e8
e835be
e89f90
e8fd28
e94d90
e99456
e9d864
ea21e2
ea77a4
eadcfa
eb507c
ebcc04
ec4614
ecb404
ed0ca4
ed4a66
ed6ca8
ed77ea
ed74b2
ed6db6
ed6d9c
ed7ce4
eda082
edd960
ee24c6
ee7d78
eedd2c
ef3dec
ef9b1e
eff1fa
f04176
f089bc
f0cb7e
f10756
f13d64
f16d58
f196c2
f1b990
f1d6ae
f1f050
f20a04
f2284e
f24ffc
f28550
f2cb16
f32206
f38884
f3fae6
f4743c
f4ef76
f568c2
f5deb6
f65324
f6cb56
f74f5a
f7e8b2
f8a072
f97d32
fa8168
fbaa70
fcf0a0
fe48b4
ffa5ea
00fcc2
024574
037da0
04a8ae
05ceaa
06f9c6
08333a
098018
0adf24
0c482c
0dad26
0efd0a
10277a
112094
11e3bc
1274ac
12de8c
13312c
137d2a
13d00c
143144
14a0da
15181e
158c08
15f090
163c06
16697c
1679a6
1671e0
1659ee
1638f8
1612f0
15e706
15afb6
15646c
14fc1c
147026
13be84
12eaba
11fd42
1101a4
1003e8
0f0e46
0e276a
0d5234
0c8e78
0bdab6
0b35be
0a9ff2
0a1b6c
09ab08
0950a4
090b60
08d65c
08a8c2
08771e
0835fa
07dcde
0768f8
06de86
064892
05b6dc
053a9a
04e294
04b7e6
04bbfe
04e88a
05312c
0586a2
05da7a
06224a
0659e6
0683c2
06a7be
06d0c0
0709ac
075aa0
07c704
084cce
08e516
098590
0a229a
0ab134
0b28a8
0b8354
0bbede
0bdbc2
0bdcae
0bc5aa
0b9b84
0b634e
0b2222
0adcda
0a97d0
0a5676
0a1ae8
09e576
09b476
098464
095084
0913b8
08c994
086f5e
0804b6
078bc0
0708b2
0680bc
05f8c8
05741a
04f35c
047446
03f22a
036726
02cdda
022328
01678e
009fbc
ffd404
ff0ef4
fe5b1e
fdc0c0
fd43e0
fce350
fc98f6
fc5b6c
fc207c
fbdffe
fb9648
fb458c
faf5ae
fab298
fa896e
fa854a
faac7e
fafef0
fb7624
fc06ca
fca38e
fd4022
fdd402
fe5bd6
fed952
ff51ba
ffcb5e
004b1a
00d268
015eda
01eafe
02706a
02ea36
03571a
03ba60
041b4e
04831a
04f9ee
0583f2
061f1c
06c2a0
076038
07e6fc
08471a
08757e
086e56
0835d6
07d720
076152
06e3f2
066b5e
05fe52
059d24
05429e
04e668
048010
0409c8
038252
02ed60
025282
01bb20
012fde
00b67a
005088
fffb7a
ffb1be
ff6cb4
ff26ca
fedd28
fe9070
fe4480
fdff20
fdc644
fd9e4a
fd888e
fd82fc
fd8886
fd9266
fd99d8
fd99d6
fd905a
fd7ed2
fd69d8
fd5818
fd50cc
fd5a22
fd7814
fdaba4
fdf302
fe4a36
feac3a
ff143e
ff7eae
ffe9cc
0055c4
00c438
013766
01b13e
023282
02ba3e
0345a8
03d06a
045550
04cf18
05392c
05904a
05d2c6
060074
061a4c
0621ee
0618fa
0600ae
05d996
05a3a8
055e8a
050a18
04a6ea
0436bc
03bc8c
033c74
02bb12
023cd2
01c502
015544
00ed3c
008ac2
002aa2
ffc996
ff656e
fefde8
fe9510
fe2eee
fdd07c
fd7e3e
fd3ab6
fd0540
fcd9a0
fcb092
fc8144
fc4350
fbf0c2
fb87ac
fb0aa4
fa8020
f9f0ca
f96512
f8e2fc
f86c64
f7fe9e
f79352
f722ac
f6a5ec
f619fe
f580fe
f4e24c
f44906
f3c15e
f35552
f309f4
f2ddbe
f2c8ce
f2bea8
f2b160
f2951e
f26316
f21b36
f1c400
f168dc
f1171a
f0dad2
f0bc50
f0beb8
f0e040
f11bbc
f16abe
f1c7d0
f22fae
f2a174
f31d94
f3a42e
f43364
f4c660
f55596
f5d834
f64670
f69c0c
f6da28
f707c8
f730bc
f7630a
f7ab96
f812d6
f89a7e
f93cf0
f9ee6a
fa9fe4
fb429c
fbcb9c
fc3620
fc846c
fcbed4
fcf152
fd2878
fd6e72
fdc8f0
fe3860
feb892
ff425a
ffcdb4
0053c0
00d006
0140e6
01a71a
0204b2
025c1e
02af60
02ffda
034e8e
039c9a
03ebac
043e0c
04963a
04f60a
055da8
05cace
06389c
06a010
06f97c
073e2c
076a42
077df8
077dee
07727a
0765e2
076218
076e54
078d58
07bcb0
07f52a
082c6c
085750
086c58
0865c0
084292
08069e
07b93c
07633a
070c7e
06b9f8
066c5e
06200c
05ce12
056e38
04f960
046bbe
03c64a
030f1c
02507a
0196f0
00eec2
006174
fff3e0
ffa56e
ff7072
ff4bb6
ff2c9c
ff0964
fedae8
fe9d8c
fe512c
fdf81c
fd95b6
fd2d06
fcbfca
fc4e5a
fbd838
fb5d36
fade92
fa5fd0
f9e6b4
f97a80
f9226e
f8e3fa
f8c168
f8b904
f8c56e
f8ded2
f8fcc2
f91844
f92d52
f93b7e
f9459a
f95056
f96066
f978d8
f999de
f9c0b4
f9e878
fa0bba
fa2656
fa36d6
fa3f10
fa43b6
fa4aec
fa5a70
fa75c0
fa9ce2
facc3c
fafd8a
fb29aa
fb4ac6
fb5e36
fb6580
fb663a
fb68b0
fb75b4
fb9446
fbc786
fc0db2
fc6064
fcb5fe
fd0410
fd41dc
fd6a90
fd7e64
fd8298
fd8022
fd817c
fd9028
fdb284
fdea7c
fe3550
fe8c84
fee79a
ff3e4a
ff8a3a
ffc85a
fff918
001fb8
0040e4
006102
008298
00a56a
00c636
00df68
00ea58
00e0ee
00bf0e
0083c0
003180
ffcdfa
ff6114
fef392
fe8da2
fe3598
fdef04
fdba6a
fd9586
fd7c0e
fd68c8
fd56c4
fd4260
fd2a06
fd0e68
fcf22c
fcd936
fcc7a2
fcc0b4
fcc610
fcd750
fcf230
fd1348
fd3712
fd5b02
fd7e44
fda1fc
fdc8cc
fdf5d2
fe2b5e
fe69ce
feaef4
fef64a
ff39fc
ff7488
ffa280
ffc406
ffdd32
fff580
0015f2
004690
008bee
00e54c
014c26
01b544
021334
025984
028002
0284f4
026daa
02455c
021a44
01f9f4
01edb0
01f7f2
021390
0234ea
024ca0
024b2c
02247e
01d27e
015610
00b664
fffedc
ff3c4a
fe7a40
fdc11c
fd1538
fc772e
fbe4fe
fb5b54
fad6cc
fa547a
f9d1f6
f94cfe
f8c2fe
f830f0
f793da
f6e9aa
f63280
f571b6
f4ae52
f3f282
f34a32
f2c0dc
f25f30
f22918
f21ca2
f23232
f25dea
f291f8
f2c14a
f2e1fa
f2eef2
f2e878
f2d3b0
f2b912
f2a284
f29966
f2a4fc
f2c9a2
f3087c
f35ff0
f3cc4a
f44890
f4cf38
f55ab6
f5e5d6
f66c14
f6e9dc
f75cde
f7c44a
f820f8
f87556
f8c4fc
f91400
f96600
f9bd40
fa19fa
fa7a16
fad97e
fb3302
fb8188
fbc17a
fbf1c8
fc1496
fc2ee6
fc47b4
fc6650
fc9086
fcc8ec
fd0dc2
fd58d0
fda034
fdd81e
fdf540
fdef36
fdc298
fd7208
fd060e
fc8bae
fc11f6
fba71a
fb55c0
fb231a
fb0e40
fb10f6
fb2182
fb3568
fb4414
fb48f4
fb446c
fb3b7c
fb3640
fb3dca
fb59da
fb8f3a
fbdf10
fc4750
fcc3f4
fd50ac
fdea48
fe8f5e
ff4018
fffd16
00c5e4
0197a4
026c6c
033bc2
03fc3c
04a5d6
05346e
05a998
060d32
066c58
06d6ea
075c26
080742
08dcd8
09d9ce
0af41c
0c1d0c
0d4492
0e5ca4
0f5bce
103e6e
110652
11b8f6
125d18
12f840
138d0e
141a98
149d18
150f5c
156c92
15b1ce
15ded0
15f5c0
15fa30
15efb4
15d880
15b4c0
15829a
153f12
14e768
147a82
13f9e4
1369ee
12d138
123738
11a2aa
1117f8
10985c
1021b8
0faf58
0f3b68
0ec098
0e3bae
0dac6e
0d15cc
0c7d56
